ID,英文名稱,中文名稱,圖片,更新日期
3814505,abacus instruction,珠算教学,,2023-01-17
3814506,ability distribution,能力分布,,2023-01-17
3814507,ability grouping,能力分组,,2023-01-17
3814508,ability identification,能力鉴定,,2023-01-17
3814509,ability level,能力层次；能力水准,,2023-01-17
3814510,abridged scientific literacy instrument,简化式科学素养工具,,2023-01-17
3814511,absolute value,绝对值,,2023-01-17
3814512,abstract intelligence,抽象智力,,2023-01-17
3814513,abstract level,抽象层次,,2023-01-17
3814514,abstract reasoning,抽象推理,,2023-01-17
3814515,academic ability,学业能力；学术能力,,2023-01-17
3814516,academic achievement,学业成就；学术成就,,2023-01-17
3814517,academic aptitude,学业性向；学术性向,,2023-01-17
3814518,academic aspiration,学业抱负；学术抱负,,2023-01-17
3814519,academic enrichment,学业充实法,,2023-01-17
3814520,academic failure,学业失利,,2023-01-17
3814521,academic interest measure,学业兴趣测量,,2023-01-17
3814522,academic performance,学业表现,,2023-01-17
3814523,academic probation,学业预警,,2023-01-17
3814524,academic rank,学术等级；学业等第；学术排名,,2023-01-17
3814525,academic record,学业成绩,,2023-01-17
3814526,academic self concept scale,学业自我概念量表,,2023-01-17
3814527,academic standards,学业标准,,2023-01-17
3814528,academic structure,学术结构,,2023-01-17
3814529,academic talent search program,学术人才发掘计划,,2023-01-17
3814530,academically gifted,学业资优；学术资优,,2023-01-17
3814531,academiccally handicapped,学业障碍,,2023-01-17
3814532,academiccally oriented preschool program,学业导向学前计划,,2023-01-17
3814533,acadmeic ability test,学业能力测验,,2023-01-17
3814534,accelerated course,加速课程,,2023-01-17
3814535,accommodation,调适,,2023-01-17
3814536,accountability,绩效性；绩效责任,,2023-01-17
3814537,accountability based learning environment,绩效本位学习环境,,2023-01-17
3814538,accreditation,认可；认证,,2023-01-17
3814539,acculturation,涵化；濡化,,2023-01-17
3814540,accuracy,准确度,,2023-01-17
3814541,achievement,成就,,2023-01-17
3814542,achievement age,成就年龄,,2023-01-17
3814543,achievement anxiety test,成就焦虑测验,,2023-01-17
3814544,achievement gap,成就落差,,2023-01-17
3814545,achievement motivation inventory,成就动机量表,,2023-01-17
3814546,achievement need,成就需求,,2023-01-17
3814547,achievement quotient,成就商数,,2023-01-17
3814548,achievement rating,成就评定,,2023-01-17
3814549,achievement rating scale,成就评定量表,,2023-01-17
3814550,achievement test,成就测验,,2023-01-17
3814551,acquisition behavior,习得行为,,2023-01-17
3814552,action programs,行动计划,,2023-01-17
3814553,action research,行动研究,,2023-01-17
3814554,active learning,主动学习,,2023-01-17
3814555,activities oriented curriculum,活动导向课程,,2023-01-17
3814556,activities preference questionnaire,活动偏好问卷,,2023-01-17
3814557,activity learning,活动学习,,2023-01-17
3814558,activity level,活动水准,,2023-01-17
3814559,activity record,活动纪录,,2023-01-17
3814560,activity scale,活动量表,,2023-01-17
3814561,activity units,活动单元,,2023-01-17
3814562,adaptability index,适应指标,,2023-01-17
3814563,adaptability test,适应测验,,2023-01-17
3814564,adaptation,适应,,2023-01-17
3814565,adaptation concept,适应概念,,2023-01-17
3814566,adaptation effect,适应效应,,2023-01-17
3814567,adaptation frame,适应架构,,2023-01-17
3814568,adjustment level,适应水准,,2023-01-17
3814569,adjustment problem,适应问题,,2023-01-17
3814570,advance organizers,前导组体,,2023-01-17
3814571,advanced level examination,进阶考试,,2023-01-17
3814572,advanced placement,跳级安置,,2023-01-17
3814573,advanced placement examination,跳级安置考试,,2023-01-17
3814574,advanced placement program,跳级安置计划,,2023-01-17
3814575,advanced placement test,跳级安置测验,,2023-01-17
3814576,adventure education,冒险教育,,2023-01-17
3814577,advisory committee,咨询委员会,,2023-01-17
3814578,advisory council on college chemistry,大学化学咨询委员会,,2023-01-17
3814579,aesthetics,美学,,2023-01-17
3814580,affect adjective checklist,情意形容词检核表,,2023-01-17
3814581,affect concept,情意概念,,2023-01-17
3814582,affection,情意,,2023-01-17
3814583,affective behavior,情意行为,,2023-01-17
3814584,affective cognitive consistency,情意认知一致性,,2023-01-17
3814585,affective development,情意发展,,2023-01-17
3814586,affective domain,情意领域,,2023-01-17
3814587,affective objectives,情意目标,,2023-01-17
3814588,affective sensitivity scale,情意感受量表,,2023-01-17
3814589,affective test,情意测验,,2023-01-17
3814590,affiliated school,附属学校,,2023-01-17
3814591,after school activity,课后活动,,2023-01-17
3814592,after school education,学校课后教育,,2023-01-17
3814593,after school program,课后方案,,2023-01-17
3814594,after school tutoring,课后指导,,2023-01-17
3814595,age discrimination,年龄歧视,,2023-01-17
3814596,age norm,年龄常模,,2023-01-17
3814597,agricultural education,农业教育,,2023-01-17
3814598,agricultural education research,农业教育研究,,2023-01-17
3814599,air pollution control,空气污染管制,,2023-01-17
3814600,A-level physics,(英制)进阶物理,,2023-12-01
3814601,algebra,代数；代数学,,2023-01-17
3814602,algebraic topology,代数拓朴学,,2023-01-17
3814603,algorithm,算则,,2023-01-17
3814604,Allen attitude scale,艾伦态度量表,,2023-01-17
3814605,Allen picture cards,艾伦图片,,2023-01-17
3814606,Allen scale of beliefs,艾伦信念量表,,2023-01-17
3814607,Allen sentence completion test,艾伦句子完成测验,,2023-01-17
3814608,Allison science attitude scale,阿利森科学态度量表,,2023-01-17
3814609,alternative assessment,另类评量,,2023-01-17
3814610,alternative education,另类教育,,2023-01-17
3814611,alternative framework,另有架构,,2023-01-17
3814612,alternative instructional method,另类教学法,,2023-01-17
3814613,alternative learning environment,另类学习环境,,2023-01-17
3814614,ambiguous figure,暧昧图形,,2023-01-17
3814615,ameliorative approach,改善教学法,,2023-01-17
3814616,ameliorative curriculum,改善课程,,2023-01-17
3814617,American Academy of Arts and Sciences,美国文理学院,,2023-01-17
3814618,American Association for the Advancement of Science {=AAAS},美国科学促进会,,2023-01-17
3814619,American Association of Physics Teachers,美国物理教师协会,,2023-01-17
3814620,American Association of Teacher's Organization,美国教师组织协会,,2023-01-17
3814621,American Chemical Society {=ACS},美国化学会,,2023-01-17
3814622,American Council on Education,美国教育委员会,,2023-01-17
3814623,American Council on Educational Psychology,美国教育心理委员会,,2023-01-17
3814624,American Educational Research Association {=AERA},美国教育研究学会,,2023-01-17
3814625,American Federation of Teachers,美国教师联盟,,2023-01-17
3814626,American Institute of physics{=AIP},美国物理联合会,,2023-01-17
3814627,American Mathematical Society,美国数学会,,2023-01-17
3814628,American Physical Society,美国物理学会,,2023-01-17
3814629,American Psychological Association {=APA},美国心理学会,,2023-01-17
3814630,American Psychological Association Publication Manual,美国心理学会论文格式,,2023-01-17
3814631,American school intelligence test,美国学校智力测验,,2023-01-17
3814632,American Society for Testing and Measurements,美国测验与评量学会,,2023-01-17
3814633,American Statistical Association,美国统计学会,,2023-01-17
3814634,analogy,类比；类推,,2023-01-17
3814635,analysis of covarience,共变数分析,,2023-01-17
3814636,analysis of patterns of pupil response,学生反应样式分析,,2023-01-17
3814637,analysis of variance,变异数分析,,2023-01-17
3814638,analytic geometry,解析几何,,2023-01-17
3814639,analytic method,分析法,,2023-01-17
3814640,analytical study of teaching,教学分析研究,,2023-01-17
3814641,anchor effect,定锚效应,,2023-01-17
3814642,anchor test study,定锚测验研究,,2023-01-17
3814643,anecdotal form,轶事纪录表,,2023-01-17
3814644,anecdotal method,轶事法,,2023-01-17
3814645,anomalies,异例,,2023-01-17
3814646,anxiety scale,焦虑量表,,2023-01-17
3814647,anxiety scale questionnaire,焦虑问卷,,2023-01-17
3814648,applied mathematics,应用数学,,2023-01-17
3814649,applied psychology,应用心理学,,2023-01-17
3814650,applied research,应用研究,,2023-01-17
3814651,applied science,应用科学,,2023-01-17
3814652,applied statistics,应用统计学,,2023-01-17
3814653,apprenticeship,师徒制；学徒制,,2023-01-17
3814654,approximation,近似法,,2023-01-17
3814655,approximation to the true mode,真实象数近似法,,2023-01-17
3814656,aptitude,性向,,2023-01-17
3814657,aptitude strategy,性向策略,,2023-01-17
3814658,aptitude test,性向测验,,2023-01-17
3814659,aptitude-treatment interaction,性向处理-交互作用,,2023-01-17
3814660,Arabic numerals,阿拉伯数字,,2023-01-17
3814661,area learning center,地区学习中心,,2023-01-17
3814662,argument,论点,,2023-01-17
3814663,argumentation,论证,,2023-01-17
3814664,Aristotelian philosophy,亚里斯多德哲学,,2023-01-17
3814665,arithmetic,算术,,2023-01-17
3814666,arithmetic concepts inventory,算术概念量表,,2023-01-17
3814667,arithmetic curriculum,算术课程,,2023-01-17
3814668,arithmetic division,算术除法,,2023-01-17
3814669,arithmetic expression,算术式,,2023-01-17
3814670,arithmetic function,算术函数,,2023-01-17
3814671,arithmetic mean,算术平均数,,2023-01-17
3814672,arithmetic series,算术级数；等差级数,,2023-01-17
3814673,arithmetic unit,算术单位；算术单元,,2023-01-17
3814674,artificial intelligence,人工智慧,,2023-01-17
3814675,assertion intensity,肯定强度,,2023-01-17
3814676,assertive behavior,肯定行为,,2023-01-17
3814677,assessment,评量,,2023-01-17
3814678,assessment center,评量中心,,2023-01-17
3814679,assessment of perceptual development,知觉发展评量,,2023-01-17
3814680,assimilation,同化,,2023-01-17
3814681,assimilation illusion,同化错觉,,2023-01-17
3814682,assimilative learning,同化学习,,2023-01-17
3814683,association by contiguity,接近联想,,2023-01-17
3814684,association by contrast,对比联想,,2023-01-17
3814685,association by similarity,类似联想,,2023-01-17
3814686,Association for Science Education,科学教育学会,,2023-01-17
3814687,association test,联想测验,,2023-01-17
3814688,association time,联想时间,,2023-01-17
3814689,associationism,联结论,,2023-01-17
3814690,associative law,结合律,,2023-01-17
3814691,associative learning,联结式学习,,2023-01-17
3814692,associative method of teaching,联想教学法,,2023-01-17
3814693,assumption,假定；假设,,2023-01-17
3814694,asymptote,渐进线,,2023-01-17
3814695,atomic structure,原子结构,,2023-01-17
3814696,atomic theory,原子(学)说；原子(理)论,,2023-01-17
3814697,attitude interest analysis test,态度兴趣分析测验,,2023-01-17
3814698,attitude inventory,态度量表,,2023-01-17
3814699,attitude measure,态度测量,,2023-01-17
3814700,attitude problem questionnaire,态度问题问卷,,2023-01-17
3814701,attitude scale,态度量表,,2023-01-17
3814702,attitude test,态度测验,,2023-01-17
3814703,attitude toward science,对科学的态度,,2023-01-17
3814704,attribute,属性,,2023-01-17
3814705,attribution study,归因研究,,2023-01-17
3814706,attribution theory,归因(学)说；归因(理)论,,2023-01-17
3814707,Ausubel,奥斯贝,,2023-01-17
3814708,autonomy attitudes inventory,自主态度量表,,2023-01-17
3814709,aviation education,航空教育,,2023-01-17
3814710,axiomatic geometry,公理化几何学,,2023-01-17
3814711,axioms,公理,,2023-01-17
3814712,backward association,逆向联想,,2023-01-17
3814713,backward conditioning,逆向制约,,2023-01-17
3814714,base-ten system,十进位系统,,2023-01-17
3814715,basic concept,基本概念,,2023-01-17
3814716,basic skill,基本技能,,2023-01-17
3814717,behavior,行为,,2023-01-17
3814718,behavior change,行为改变,,2023-01-17
3814719,behavior objective,行为目标,,2023-01-17
3814720,behavior pattern,行为组型,,2023-01-17
3814721,behavior preference inventory,行为偏好量表,,2023-01-17
3814722,behavior rating scale,行为评定量尺(表),,2023-01-17
3814723,behavioral objectives,行为目标,,2023-01-17
3814724,behaviorism,行为主义,,2023-01-17
3814725,binary arithmetic,二进位算术,,2023-01-17
3814726,binary number,二进位数,,2023-01-17
3814727,biographical inventories,传记量表,,2023-01-17
3814728,Biological Science Curriculum Study{=BSCS},生物科学课程研究,,2023-01-17
3814729,biology achievement test,生物科成就测验,,2023-01-17
3814730,biology attitude assessment scale,生物科态度量表,,2023-01-17
3814731,biology classroom activities checklist,生物科教室活动检核表,,2023-01-17
3814732,biology laboratory activities checklist,生物实验室活动检核表,,2023-01-17
3814733,biology teacher behavior inventory,生物教师行为量表,,2023-01-17
3814734,Bloom's taxonomy,布鲁姆分类法,,2023-01-17
3814735,brainstorming,脑力激荡(术),,2023-01-17
3814736,Brophy Good dyadic coding system,布古二氏成对编码系统,,2023-01-17
3814737,Brophy Good dyadic interaction system,布古二氏成对互动系统,,2023-01-17
3814738,Brown concept test,布朗概念测验,,2023-01-17
3814739,Brown-Holtzman survey study habits,鲍赫二氏学习习惯调查表,,2023-01-17
3814740,Burnnet reading survey test,柏奈阅读调查测验,,2023-01-17
3814741,Buros personality test and review,布洛斯人格测验及评论,,2023-01-17
3814742,California Achivement Test{=CAT},加州成就测验,,2023-01-17
3814743,capability,能力；才能,,2023-01-17
3814744,capacity,潜能；容量,,2023-01-17
3814745,cardinal number,基数,,2023-01-17
3814746,cardinality principle,基数原则,,2023-01-17
3814747,career awareness,生涯觉知,,2023-01-17
3814748,cartesian coordinates,笛卡儿坐标,,2023-01-17
3814749,cartesian product,笛卡儿乘积；组合型,,2026-05-26
3814750,cartesian product/combination,笛卡儿乘积/组合(型),,2023-01-17
3814751,case,个案,,2023-01-17
3814752,case project,个案专题研究,,2023-01-17
3814753,case record,个案记录,,2023-01-17
3814754,case study,个案研究,,2023-01-17
3814755,catechism,问答教学法,,2023-01-17
3814756,categorial test,类目测验；归类测验,,2023-01-17
3814757,causal law,因果律,,2023-01-17
3814758,causal relation,因果关系,,2023-01-17
3814759,causal theory,因果学说,,2023-01-17
3814760,causality,因果性,,2023-01-17
3814761,ceiling effect,天花板效应,,2023-01-17
3814762,center for cognitive learning,认知学习中心,,2023-01-17
3814763,center for science education,科学教育中心,,2023-01-17
3814764,center for the study of evaluation,评鉴研究中心,,2023-01-17
3814765,central limit theorem,中央极限定理,,2023-01-17
3814766,central tendency,集中趋势,,2023-01-17
3814767,centrifugal force,离心力,,2023-01-17
3814768,centripetal force,向心力,,2023-01-17
3814769,cerebral dominance,大脑支配,,2023-01-17
3814770,cerebration,大脑活动,,2023-01-17
3814771,Certificate of Secondary Education{=CSE},中等教育证书(英),,2023-01-17
3814772,certification,证明,,2023-01-17
3814773,change type,改变型 {数教},,2026-05-26
3814774,characterization,品格化(情意目标之一),,2023-01-17
3814775,characterological theory,品格分析学说(理论),,2023-01-17
3814776,characterology,品格分析学,,2023-01-17
3814777,check list rating scale,检核评定量表,,2023-01-17
3814778,check technique,检核技术,,2023-01-17
3814779,checker,检核员,,2023-01-17
3814780,check-list,检核表,,2023-01-17
3814781,Chemical Bond Approach{=CBA},化学键教材(美国高中化学教科书),,2023-01-17
3814782,Chemical Education Material Study {=CHEM study},美国化学教育教材研究(美国高中化学教材),,2023-01-17
3814783,child centered curriculum,以儿童为中心的课程,,2023-01-17
3814784,chi-square test,卡方检定,,2023-01-17
3814785,choice dilemmas questionnaire,两难困境问卷,,2023-01-17
3814786,citation index,引用索引,,2023-01-17
3814787,civic literacy,公民素养,,2023-01-17
3814788,Clark science interests checklist,克拉克科学兴趣检核表,,2023-01-17
3814789,class attitude,班级态度,,2023-01-17
3814790,class interval,组距,,2023-01-17
3814791,class management,班级经营；教室管理,,2023-01-17
3814792,class norm,教室常规,,2023-01-17
3814793,class organization,班级组织,,2023-01-17
3814794,class rank,班级排名,,2023-01-17
3814795,class size,班级规模,,2023-01-17
3814796,classification assessment test,分类评量测验,,2023-01-17
3814797,classification questionnaire,分类问卷,,2023-01-17
3814798,classification test,分类测验,,2023-01-17
3814799,classroom observation form,教室观察表,,2023-01-17
3814800,classroom observation record,教室观察记录,,2023-01-17
3814801,classroom observation techniques,教室观察技术,,2023-01-17
3814802,classroom research,教室研究,,2023-01-17
3814803,classroom situation questionnaire,教室情境问卷,,2023-01-17
3814804,classroom teacher,级任教师,,2023-01-17
3814805,clinical experience,临床经验,,2023-01-17
3814806,clinical interview,临床晤谈；临床访谈,,2023-01-17
3814807,closed interval,闭区间,,2023-01-17
3814808,cloze comprehension test,克漏字填充理解测验,,2023-01-17
3814809,cloze procedure,填空过程,,2023-01-17
3814810,cluster analysis,集群分析,,2023-01-17
3814811,cluster grouping,集群分组,,2023-01-17
3814812,cluster sampling,集群抽样,,2023-01-17
3814813,coaching,教练指导,,2023-01-17
3814814,code symbol,编码符号,,2023-01-17
3814815,coding,编码,,2023-01-17
3814816,coeducation,男女合校,,2023-01-17
3814817,coefficient of congruence,和谐系数,,2023-01-17
3814818,coefficient of correlation,相关系数,,2023-01-17
3814819,coefficient of orthogonal comparison,正交比较系数,,2023-01-17
3814820,cognition,认知,,2023-01-17
3814821,cognitive activities rating scale,认知活动评定量表,,2023-01-17
3814822,cognitive control,认知控制,,2023-01-17
3814823,cognitive development,认知发展,,2023-01-17
3814824,cognitive development research,认知发展研究,,2023-01-17
3814825,cognitive dissonance theory,认知失调理论,,2023-01-17
3814826,cognitive domain,认知领域,,2023-01-17
3814827,cognitive faculty,认知官能,,2023-01-17
3814828,cognitive measurement,认知测量,,2023-01-17
3814829,cognitive objective,认知目标,,2023-01-17
3814830,cognitive operational structure,认知操作结构,,2023-01-17
3814831,cognitive preference,认知偏好,,2023-01-17
3814832,cognitive processes,认知过程,,2023-01-17
3814833,cognitive style,认知风格,,2023-01-17
3814834,cognitive test,认知测验,,2023-01-17
3814835,cognitively oriented curriculum,认知取向课程,,2023-01-17
3814836,college board scholastic aptitude test,大学委员会学术性向测验,,2023-01-17
3814837,college board science achievement test,大学委员会科学成就测验,,2023-01-17
3814838,College Credits,大学学分数,,2023-01-17
3814839,college enrollment,大学学生数,,2023-01-17
3814840,College entrance examination board{=CEEB},大学入学考试委员会,,2023-01-17
3814841,college entrance examinations,大学入学考试,,2023-01-17
3814842,college of agriculture and natural science,农理学院,,2023-01-17
3814843,college of education,教育学院,,2023-01-17
3814844,college of liberal arts and science,文理学院,,2023-01-17
3814845,college of marine science,海洋学院,,2023-01-17
3814846,college qualification test,大学资格测验,,2023-01-17
3814847,college readiness,大学准备度,,2023-01-17
3814848,college science,大学科学,,2023-01-17
3814849,Coloured Progressive Matrices {=CPM},彩色(瑞文氏)图型测验,,2023-01-17
3814850,combine type,合并型{数教},,2026-05-26
3814851,commision on science education,科学教育委员会,,2023-01-17
3814852,common core state standard  for mathematics{=CCSSM},州际共同核心数学标准,,2023-01-17
3814853,communication,沟通,,2023-01-17
3814854,communication skill,沟通技巧,,2023-01-17
3814855,communication strategy,沟通策略,,2023-01-17
3814856,communication theory,沟通理论,,2023-01-17
3814857,community,群落；群聚；群集；社区,,2023-01-17
3814858,community based instruction,社区本位的教学,,2023-01-17
3814859,community college,社区学院,,2023-01-17
3814860,community education,社区教育,,2023-01-17
3814861,community middle school,社区中学,,2023-01-17
3814862,community resource,社区资源,,2023-01-17
3814863,comparative education,比较教育,,2023-01-17
3814864,compare type,比较型{数教},,2026-05-26
3814865,competence,能力；竞争力,,2023-01-17
3814866,competency based curriculum,能力本位课程,,2023-01-17
3814867,competency based education,能力本位教育,,2023-01-17
3814868,competency based instruction,能力本位教学,,2023-01-17
3814869,competency based teacher education,能力本位师资教育,,2023-01-17
3814870,competency factor,能力因素,,2023-01-17
3814871,componential analysis,成分分析,,2023-01-17
3814872,composite graphic,复合图形,,2023-01-17
3814873,comprehension,理解,,2023-01-17
3814874,comprehensive elementary teacher education,综合小学教师教育,,2023-01-17
3814875,comprehensive examination,综合考试,,2023-01-17
3814876,comprehensive high school,综合中学,,2023-01-17
3814877,comprehensive mathematics inventory,综合数学量表,,2023-01-17
3814878,compulsory education,义务教育,,2023-01-17
3814879,computer aided instruction{=CAI},电脑辅助教学,,2023-01-17
3814880,computer assisted instruction{=CAI},电脑辅助教学,,2023-01-17
3814881,computer literacy,电脑素养,,2023-01-17
3814882,computer simulation,电脑（计算机）模拟,,2026-03-11
3814883,computer-assisted learning{=CAL},电脑辅助学习,,2023-01-17
3814884,concentric curriculum,同心课程,,2023-01-17
3814885,concept,概念,,2023-01-17
3814886,concept development,概念发展,,2023-01-17
3814887,concept image(ry),概念心像,,2023-01-17
3814888,concept learning,概念学习,,2023-01-17
3814889,concept map,概念图,,2023-01-17
3814890,concept mapping,概念构图,,2023-01-17
3814891,concept teaching,概念教学,,2023-01-17
3814892,conceptual knowledge,概念性知识,,2023-01-17
3814893,conceptual scheme,概念架构,,2023-01-17
3814894,conceptual style test,概念型式测验,,2023-01-17
3814895,conceptual tempo,概念动率,,2023-01-17
3814896,Conceptually Oriented Program in Elementary Science{=COPES},概念中心小学课程计划,,2023-01-17
3814897,concrete operation,具体运思期,,2023-01-17
3814898,concurrent validity,同时效度,,2023-01-17
3814899,conditional reasoning index,条件推理指标,,2023-01-17
3814900,conditioned emotional response,制约情绪反应,,2023-01-17
3814901,conditioned response,制约反应,,2023-01-17
3814902,conditioned stimulus,制约刺激,,2023-01-17
3814903,confidence level,信赖水准,,2023-01-17
3814904,confidence testing,可信度考验；信赖度考验,,2023-01-17
3814905,confidence weighting,信心加权计分,,2023-01-17
3814906,connecting mechanism,联结机构,,2023-01-17
3814907,connection,连结,,2023-01-17
3814908,connectionism,联结主义；联接论,,2023-01-17
3814909,connotation,暗示,,2023-01-17
3814910,consciousness,意识,,2023-01-17
3814911,consciousness state,意识状态,,2023-01-17
3814912,conservation,保留概念,,2026-05-26
3814913,conservation (concept),保留概念；守恒,,2023-01-17
3814914,conservation and environmental science,保育与环境科学,,2023-01-17
3814915,conservation education,保育教育,,2023-01-17
3814916,conservation of energy,能量守恒,,2023-01-17
3814917,conservation of identity,可信度考验；信赖度考验,,2023-01-17
3814918,conservation of mass,质量守恒,,2023-01-17
3814919,conservation of nature,自然守恒,,2023-01-17
3814920,conservatism,(生态)保育主义,,2023-01-17
3814921,consistency,一致性，相辅性,,2023-01-17
3814922,construct,建构；构念,,2023-01-17
3814923,construct validation,建构效度考验,,2023-01-17
3814924,construct validity,建构效度；构念效度,,2023-01-17
3814925,constructed response item,建构反应题,,2023-01-17
3814926,construction,建构,,2023-01-17
3814927,construction of test,测验编制,,2023-01-17
3814928,constructivism,建构主义,,2023-01-17
3814929,content analysis,内容分析,,2023-01-17
3814930,context,脉络,,2026-03-11
3814931,context clue,脉络线索,,2023-01-17
3814932,context evaluation,背景评鉴,,2023-01-17
3814933,Context Input Process Product model{=CIPP},CIPP评鉴模式,,2023-01-17
3814934,contextual associative method,上下文联想法,,2023-01-17
3814935,contingencies,偶然性；关联性,,2023-01-17
3814936,contingencies coefficiency,列联系数,,2023-01-17
3814937,contingency management,后果管理,,2023-01-17
3814938,contingency table,列联表,,2023-01-17
3814939,continuous assessment,连续性评量；经常性评量,,2023-01-17
3814940,continuous quantity,连续量,,2023-01-17
3814941,control experiment,控制实验；对照实验,,2023-01-17
3814942,control group,控制组；对照组,,2023-01-17
3814943,convenience sampling,方便抽样；便利抽样,,2023-01-17
3814944,conventional instruction,传统教学,,2023-01-17
3814945,convergence,聚敛；收敛,,2023-01-17
3814946,convergence principle,收敛原则,,2023-01-17
3814947,convergent communication,聚敛沟通,,2023-01-17
3814948,convergent thinking,聚敛思考,,2023-01-17
3814949,cooperative education,合作教育,,2023-01-17
3814950,cooperative learning,合作学习,,2023-01-17
3814951,cooperative program,合作方案,,2023-01-17
3814952,cooperative teaching,合作教学,,2023-01-17
3814953,core course,核心科目,,2023-01-17
3814954,core curriculum,核心课程,,2023-01-17
3814955,core ideas,核心观念,,2023-01-17
3814956,Cornell Critical Thinking Test,康奈尔批判思考测验,,2023-01-17
3814957,correlation,相关,,2023-01-17
3814958,correlation analysis,相关分析,,2023-01-17
3814959,correlation coefficient,相关系数,,2023-01-17
3814960,correlation study,相关性研究,,2023-01-17
3814961,counting-all,全部计数,,2023-01-17
3814962,counting-on method,往上计数,,2023-01-17
3814963,course evaluation,科目评鉴,,2023-01-17
3814964,course objective,科目目标,,2023-01-17
3814965,course organization,科目组织,,2023-01-17
3814966,covariance,共变数；共变量,,2023-01-17
3814967,covariance analysis,共变数分析,,2023-01-17
3814968,creative ability,创造能力,,2023-01-17
3814969,creative productivity,创造(生产)力,,2023-01-17
3814970,creative teaching,创意教学,,2023-01-17
3814971,creative thinking,创意思考,,2023-01-17
3814972,creativity,创造力；创造性,,2023-01-17
3814973,creativity check list,创造力检核表,,2023-01-17
3814974,creativity rating scale,创造力评定量表,,2023-01-17
3814975,creativity teaching,创造力教学,,2023-01-17
3814976,creativity test,创造力测验,,2023-01-17
3814977,credibility,可信度；可靠性,,2023-01-17
3814978,credit course,学分科目,,2023-01-17
3814979,criterion,效标；标准；规准；准则,,2023-01-17
3814980,criterion referenced test,标准参照测验,,2023-01-17
3814981,criterion test,效标测验,,2023-01-17
3814982,criterion-referenced measurement,标准参照测量,,2023-01-17
3814983,criterion-referenced test,标准参照测验,,2023-01-17
3814984,criterion-related validity,效标关联效度,,2023-01-17
3814985,critical thinking,批判性思考,,2023-01-17
3814986,criticism,批判主义,,2023-01-17
3814987,cross-cultural research,跨文化研究；泛文化研究,,2023-01-17
3814988,crosscutting concepts,跨科概念,,2023-01-17
3814989,crossdisciplinary approach,跨领域取向,,2023-01-17
3814990,crossdisciplinary study,跨领域研究,,2023-01-17
3814991,cross-section study,横断研究,,2023-01-17
3814992,Cuisenaire rods,古氏积木,,2023-01-17
3814993,cultural identity,文化认同,,2023-01-17
3814994,culturally relevant education,文化相关教育；文化适切教育,,2023-01-17
3814995,Current Index to Journals in Education{=CIJE},教育类期刊索引【美国教育中心】,,2023-01-17
3814996,curricular activities,课程活动,,2023-01-17
3814997,curricular validity,课程效度,,2023-01-17
3814998,curriculum attitude inventory,课程态度评量表,,2023-01-17
3814999,curriculum consultant,课程顾问,,2023-01-17
3815000,curriculum design,课程设计,,2023-01-17
3815001,curriculum development,课程发展,,2023-01-17
3815002,curriculum dissemination,课程推广,,2023-01-17
3815003,curriculum evaluation,课程评鉴,,2023-01-17
3815004,curriculum guide,课程指引,,2023-01-17
3815005,curriculum implementation,课程实施,,2023-01-17
3815006,curriculum innovation,课程革新,,2023-01-17
3815007,curriculum management,课程管理,,2023-01-17
3815008,curriculum planning,课程计划,,2023-01-17
3815009,curriculum study,课程研究,,2023-01-17
3815010,curriculum theory,课程理论,,2023-01-17
3815011,data analysis,资料分析,,2023-01-17
3815012,data collection,资料搜集,,2023-01-17
3815013,decision making,决策；决定,,2023-01-17
3815014,decision theory,决策理论,,2023-01-17
3815015,decision tree,决策树,,2023-01-17
3815016,declarative knowledge,陈述性知识,,2023-01-17
3815017,decoding,解码,,2023-01-17
3815018,deduction,演绎,,2023-01-17
3815019,deductive method,演绎法,,2023-01-17
3815020,delay conditioning,延宕制约,,2023-01-17
3815021,delay in feedback technique,延宕回馈技术,,2023-01-17
3815022,delay retention effect,延宕保留效应,,2023-01-17
3815023,Delphi method,德怀术；大慧法,,2023-01-17
3815024,demonstration,演示(教学)；示范(实验),,2023-01-17
3815025,demonstration teacher,演示教师,,2023-01-17
3815026,depth perception,深度知觉,,2023-01-17
3815027,descriptive method,描述法；叙述法,,2023-01-17
3815028,descriptive rating scale,描述评定量表；叙述评定量表,,2023-01-17
3815029,descriptive research,描述性研究；叙述性研究,,2023-01-17
3815030,descriptive science,描述科学；叙述科学,,2023-01-17
3815031,Deway theory of experimentalism,杜威实验主义学说,,2023-01-17
3815032,diagnostic developmental method,诊断发展法,,2023-01-17
3815033,diagnostic discrimination test,诊断辨别测验,,2023-01-17
3815034,diagnostic interview,诊断性晤谈,,2023-01-17
3815035,diagnostic teaching,诊断教学,,2023-01-17
3815036,diagraph analysis,作图分析,,2023-01-17
3815037,dialectical reasoning,辩证推理,,2023-01-17
3815038,dialectics,辩证法,,2023-01-17
3815039,dichotomic analysis,二元分析,,2023-01-17
3815040,differentiated instruction,差异化教学,,2023-01-17
3815041,difficulty index,难度指数,,2023-01-17
3815042,direct instruction,直接教学,,2023-01-17
3815043,discovery learning,发现式学习,,2023-01-17
3815044,discovery process,发现式过程,,2023-01-17
3815045,discovery program,发现式学程,,2023-01-17
3815046,discovery teaching,发现式教学,,2023-01-17
3815047,discrete quantity,离散量,,2023-01-17
3815048,discriminant analysis,判别分析,,2023-01-17
3815049,discrimination index,鉴别指数,,2023-01-17
3815050,discrimination learning,辨别学习,,2023-01-17
3815051,discussion method,讨论(教学)法,,2023-01-17
3815052,distance education,远距教育,,2023-01-17
3815053,distance teaching,远距教学,,2023-01-17
3815054,divergent thinking,扩散性思考,,2023-01-17
3815055,domain-referenced test,领域参照测验,,2023-01-17
3815056,dual-code theory,双码理论,,2023-01-17
3815057,dualism,二元论,,2023-01-17
3815058,dyadic obervation system,双观察系统,,2023-01-17
3815059,dynamic approach,动态取向,,2023-01-17
3815060,education course,教育科目,,2023-01-17
3815061,Education Development Center{=EDC},教育发展中心,,2023-01-17
3815062,Education Resources Information Center{=ERIC},教育资源资讯中心,,2023-01-17
3815063,educational demand,教育需求,,2023-01-17
3815064,educational development,教育发展,,2023-01-17
3815065,educational diagnosis,教育诊断,,2023-01-17
3815066,educational environment,教育环境,,2023-01-17
3815067,educational equipment,教育设备,,2023-01-17
3815068,educational evaluation,教育评鉴,,2023-01-17
3815069,educational experiment,教育实验,,2023-01-17
3815070,educational game,教育游戏,,2023-01-17
3815071,Educational Improvement,教育改进,,2023-01-17
3815072,educational indicator,教育指标,,2023-01-17
3815073,educational innovation,教育革新,,2023-01-17
3815074,educational material,教材,,2023-01-17
3815075,educational materials workshop,教材工作坊,,2023-01-17
3815076,educational measurement,教育测量,,2023-01-17
3815077,educational media,教育媒体,,2023-01-17
3815078,educational method,教育方法,,2023-01-17
3815079,educational objectives,教育目标,,2023-01-17
3815080,educational opinion inventory,教育意见量表,,2023-01-17
3815081,educational opportunity,教育机会,,2023-01-17
3815082,educational practice,教育实务；教育实践,,2023-01-17
3815083,educational practicum,教育实习,,2023-01-17
3815084,educational quality,教育品质,,2023-01-17
3815085,educational strategy,教育策略,,2023-01-17
3815086,educational test,教育测验,,2023-01-17
3815087,educational trend,教育趋势,,2023-01-17
3815088,educationally disadvantaged,教育不利者,,2023-01-17
3815089,elementary school mathematics,小学数学,,2023-01-17
3815090,elementary school science,小学科学,,2023-01-17
3815091,Elementary Science Study{=ESS},小学科学研究,,2023-01-17
3815092,empirical research,实征研究,,2023-01-17
3815093,empiricism,经验主义,,2023-01-17
3815094,employment experience,就业经验,,2023-01-17
3815095,enactive representation,动作表征,,2023-01-17
3815096,energy education,能源教育,,2023-01-17
3815097,engineering education,工程教育,,2023-01-17
3815098,environmental education,环境教育,,2026-05-26
3815099,environmental literacy,环境素养,,2026-05-26
3815100,epistemic beliefs,知识认识信念；知识认识观,,2026-05-26
3815101,epistemology,知识认识论,,2026-05-26
3815102,equal group type,等组型{数教},,2026-05-26
3815103,equalize type,平衡型；等化型{数教},,2026-05-26
3815104,equivalency test,等值测验,,2023-01-17
3815105,ERIC database,ERIC资料库,,2023-01-17
3815106,error analysis,误差分析,,2023-01-17
3815107,error of measurement,测量误差,,2023-01-17
3815108,error patterns,错误类型,,2023-01-17
3815109,evaluation criteria,评鉴规准,,2023-01-17
3815110,evaluation method,评鉴方法,,2023-01-17
3815111,evaluation research,评鉴研究,,2023-01-17
3815112,evaluative thinking,评价性思考,,2023-01-17
3815113,evolution,演化,,2023-01-17
3815114,experiential approach,经验取向,,2023-01-17
3815115,experiential learning,体验学习,,2023-01-17
3815116,experiment,实验,,2023-01-17
3815117,experiment station,实验站,,2023-01-17
3815118,experimental group,实验组,,2023-01-17
3815119,experimental measure,实验量度,,2023-01-17
3815120,experimental method,实验法,,2023-01-17
3815121,experimental school,实验学校,,2023-01-17
3815122,experimental teaching,实验教学,,2023-01-17
3815123,experimenter bias effect,实验者偏误效应,,2023-01-17
3815124,exploratory education,探索教育,,2023-01-17
3815125,exploratory report,探索报告,,2023-01-17
3815126,exposition,展览；陈列,,2023-01-17
3815127,extended teacher education program,师资培育延伸学程,,2023-01-17
3815128,extensive quantity,外延量,,2023-01-17
3815129,external validity,外在效度,,2023-01-17
3815130,extracurricular activities,课外活动,,2023-01-17
3815131,extrinsic motivation,外在动机,,2023-01-17
3815132,F ratio,F值,,2023-01-17
3815133,F test,F检定；F考验,,2023-01-17
3815134,facial expression recognition,脸部表情辨识,,2023-01-17
3815135,factor analysis,因素分析,,2023-01-17
3815136,factor structure,因素结构,,2023-01-17
3815137,Federation for Unified Science Education{=FUSE},统合科学教育联盟,,2023-01-17
3815138,feedback system analysis,回馈系统分析,,2023-01-17
3815139,field dependence,场地依赖,,2023-01-17
3815140,field independence,场地独立,,2023-01-17
3815141,field instruction,实地教学,,2023-01-17
3815142,field interview,实地面谈,,2023-01-17
3815143,field observation technique,实地观察技术,,2023-01-17
3815144,field studies,实地研究；田野研究,,2023-01-17
3815145,field teaching,实地教学,,2023-01-17
3815146,field theory,场地论,,2023-01-17
3815147,field trip,野外考察；实地考察；校外教学,,2023-01-17
3815148,flexibility,变通性,,2023-01-17
3815149,fluency,流畅性,,2023-01-17
3815150,folding,折合,,2023-01-17
3815151,formal definition,形式定义,,2023-01-17
3815152,formal education,正规教育,,2023-01-17
3815153,formal instruction,制式教学；正规教学,,2023-01-17
3815154,formal mathematics,形式数学；正规数学,,2023-01-17
3815155,formal operation,形式操作；形式运思,,2023-01-17
3815156,formalism,形式主义,,2023-01-17
3815157,formative assessment,形成性评量,,2023-01-17
3815158,formative evaluation,形成性评鉴,,2023-01-17
3815159,formulate hypotheses,形成假说,,2023-01-17
3815160,function,函数{数教},,2023-01-17
3815161,fundamental concept,基本概念,,2023-01-17
3815162,fundamental principle,基本原理,,2023-01-17
3815163,fundamental skill,基本技能,,2023-01-17
3815164,fused curriculum,融合课程,,2023-01-17
3815165,Gagne (Robert M.),盖聂,,2023-01-17
3815166,Gagne's condition,盖聂(内外)条件,,2023-01-17
3815167,Gagne's taxonomy,盖聂分类法,,2023-01-17
3815168,general biology,普通生物学,,2023-01-17
3815169,general chemistry,普通化学,,2023-01-17
3815170,general education,通识教育,,2023-01-17
3815171,general mathematics,普通数学,,2023-01-17
3815172,general physics,普通物理,,2023-01-17
3815173,general science,一般科学,,2023-01-17
3815174,generalization,通则化{科教}；一般化{数教},,2023-01-17
3815175,generalization concept,类化概念,,2023-01-17
3815176,global evaluation,全球性评鉴；整体评鉴,,2023-01-17
3815177,goal achievement strategy,目标成就策略,,2023-01-17
3815178,goal oriented teaching exercise,目标导向教学练习,,2023-01-17
3815179,grade-point average,计点平均成绩,,2023-01-17
3815180,graduation requirement,毕业要求,,2023-01-17
3815181,group discussion,分组讨论,,2023-01-17
3815182,growth model,成长模型,,2023-01-17
3815183,guidance,指导,,2023-01-17
3815184,halo effect,月晕效应,,2023-01-17
3815185,hands on science,动手做科学,,2023-01-17
3815186,Hawthorne effect,霍桑效应,,2023-01-17
3815187,hermeneutics,诠释学,,2023-01-17
3815188,heterogeneity,异质性,,2023-01-17
3815189,heterogeneous grouping,异质分组,,2023-01-17
3815190,heuristic method,启发法,,2023-01-17
3815191,heuristic teaching,启发式教学,,2023-01-17
3815192,heuristics,启发；捷思法,,2023-01-17
3815193,hierarchical analysis,层级分析；阶层分析,,2023-01-17
3815194,hierarchies of competence,能力阶层,,2023-01-17
3815195,high stakes test,高风险测验,,2023-01-17
3815196,higher-order thinking,高层次思考,,2023-01-17
3815197,historical research,历史研究法,,2023-01-17
3815198,history of science,科学史,,2023-01-17
3815199,holistic approach,全方位取向,,2023-01-17
3815200,holistic evaluation,全方位评鉴,,2023-01-17
3815201,homogeneous distribution,均匀分布,,2023-01-17
3815202,homogeneous grouping,同质分组,,2023-01-17
3815203,horizontal mathmatization,水平数学化,,2023-01-17
3815204,hypothesis,假说,,2023-01-17
3815205,hypothesis testing,假说考验,,2023-01-17
3815206,iconic representation,图像表征,,2023-01-17
3815207,identity,认同,,2023-01-17
3815208,Incidental Science Experience{=ISE},偶发科学经验,,2023-01-17
3815209,independent learning project,独立学习计划,,2023-01-17
3815210,independent study,独立研究,,2023-01-17
3815211,individual instruction,个别教学,,2023-01-17
3815212,individual needs,个别需求,,2023-01-17
3815213,individualized education program,个别化教育方案,,2023-01-17
3815214,individualized instruction,个别化教学,,2023-01-17
3815215,inductive method,归纳法,,2023-01-17
3815216,inference,推论；推理,,2023-01-17
3815217,inference skill,推论技巧，推理技巧,,2023-01-17
3815218,inferential reasoning analysis,推论式推理分析,,2023-01-17
3815219,informal assessment,非制式评量,,2023-01-17
3815220,informal education,非正规教育,,2023-01-17
3815221,informal learning,非正式学习,,2023-01-17
3815222,informal mathematics,非形式数学；非正规数学,,2023-01-17
3815223,information literacy,资讯素养,,2023-01-17
3815224,information seeking,资讯搜寻,,2023-01-17
3815225,innate idea,先天观念,,2023-01-17
3815226,inquiry,探究,,2023-01-17
3815227,inquiry approach,探究取向,,2023-01-17
3815228,inquiry method,探究法,,2023-01-17
3815229,inquiry training,探究训练,,2023-01-17
3815230,inservice education,在职教育,,2023-01-17
3815231,inservice teacher,在职教师,,2023-01-17
3815232,inservice teacher education,教师在职教育,,2023-01-17
3815233,instruction,教学；指导语,,2023-01-17
3815234,instruction module,教学模组,,2023-01-17
3815235,instructional effectiveness,教学成效,,2023-01-17
3815236,instructional innovation,教学创新,,2023-01-17
3815237,instructional leadership,教学领导,,2023-01-17
3815238,instructional media,教学媒体,,2023-01-17
3815239,instructional model,教学模式,,2023-01-17
3815240,instructional module,教学模组,,2023-01-17
3815241,instructional science,教学科学,,2023-01-17
3815242,instructional validation,教学效度,,2023-01-17
3815243,instrument,工具,,2023-01-17
3815244,instrumental understanding,工具性了解{数教},,2023-01-17
3815245,integrated activities,统整活动,,2023-01-17
3815246,integrated curriculum,统整课程,,2023-01-17
3815247,integrated science,统整科学,,2023-01-17
3815248,intellectual development,智能发展,,2023-01-17
3815249,intelligence,智能,,2023-01-17
3815250,intensive quantity,内含量{数教},,2023-01-17
3815251,intentional learning,有意图学习,,2026-05-26
3815252,interaction analysis,互动分析,,2023-01-17
3815253,interaction analysis scale,互动分析量表,,2023-01-17
3815254,interaction attitude index,互动态度指标,,2023-01-17
3815255,interaction check list,互动检核表,,2023-01-17
3815256,interactive system,交互系统,,2023-01-17
3815257,intercorrelation,交互相关,,2023-01-17
3815258,intercultural communication,文化交流,,2023-01-17
3815259,interdisciplinary approach,跨领域取向,,2023-01-17
3815260,interdisciplinary study,跨领域研究,,2023-01-17
3815261,interest scale,兴趣量表,,2023-01-17
3815262,Intermediate Science Curriculum Study {=ISCS},中级科学课程研究(ISCS),,2023-01-17
3815263,Intermediate Science Improvement Study{=ISIS},中级科学改进研究,,2023-01-17
3815264,internal evaluation,内部评鉴,,2023-01-17
3815265,internal validity,内在效度,,2023-01-17
3815266,internal-external control,内外控,,2023-01-17
3815267,international assessment,国际评量,,2023-01-17
3815268,International Association for the Evaluation of Educational Achievement{=IEA},国际教育成就评量学会,,2023-01-17
3815269,international education,国际教育,,2023-01-17
3815270,interval,区间；间隔,,2023-01-17
3815271,interview,晤谈；访谈,,2023-01-17
3815272,interview rating scale,晤谈评定量表,,2023-01-17
3815273,introduction,概论；导论,,2023-01-17
3815274,intuition,直观；直觉,,2023-01-17
3815275,inventory of cognitive skills,认知技能量表,,2023-01-17
3815276,inventory of self appraisal,自我评估量表,,2023-01-17
3815277,item analysis,项目分析；试题分析,,2023-01-17
3815278,item respone theory{=IRT},试题反应理论,,2023-01-17
3815279,item validity,项目效度；题目效度,,2023-01-17
3815280,junior secondary science project,初级中学科学课程计划,,2023-01-17
3815281,knowledge level,知识层次,,2023-01-17
3815282,Krathwohl's taxonomy,柯拉索分类法｛情意领域)｝,,2026-05-26
3815283,Kuder-Richardson reliability coefficient,库李信度系数,,2023-01-17
3815284,laboratory equipment,实验室设备,,2023-01-17
3815285,laboratory notebook,实验纪录簿,,2023-01-17
3815286,laboratory safety,实验室安全,,2023-01-17
3815287,laboratory school,实验学校,,2023-01-17
3815288,language science,语言科学,,2023-01-17
3815289,latin square design,拉丁方格设计,,2023-01-17
3815290,law of association,联结律{数教},,2023-01-17
3815291,Lawrence Hall of Science,劳伦斯科学馆,,2023-01-17
3815292,learner centered instruction,学习者中心教学,,2023-01-17
3815293,learning activities,学习活动,,2023-01-17
3815294,learning by doing,做中学,,2023-01-17
3815295,learning center(classroom),学习中心,,2023-01-17
3815296,learning environment,学习环境,,2023-01-17
3815297,learning experience,学习经验,,2023-01-17
3815298,learning how to learn,学习如何学,,2023-01-17
3815299,learning modalities,学习态式(视、听、动、触),,2023-01-17
3815300,learning modules,学习模组,,2023-01-17
3815301,learning motivation,学习动机,,2023-01-17
3815302,learning problems,学习问题,,2023-01-17
3815303,learning processes,学习过程,,2023-01-17
3815304,learning readiness,学习准备度,,2023-01-17
3815305,learning strategy,学习策略,,2023-01-17
3815306,learning transfer,学习迁移,,2023-01-17
3815307,lecture method,讲述法,,2023-01-17
3815308,lesson study,单元教学研究；课堂研究,,2023-01-17
3815309,liberal education,博雅教育,,2023-01-17
3815310,life science,生命科学,,2023-01-17
3815311,lifelong learning,终身学习,,2023-01-17
3815312,Likert scale,李克特量表,,2023-01-17
3815313,Likert type attitude scale,李克特式态度量表,,2023-01-17
3815314,literacy,素养；读写能力,,2023-01-17
3815315,literature,文献,,2023-01-17
3815316,living curriculum,生活课程,,2023-01-17
3815317,logical reasoning,逻辑推理,,2023-01-17
3815318,logical thinking,逻辑思考,,2023-01-17
3815319,longitudinal research,纵贯研究,,2023-01-17
3815320,longitudinal study,纵贯研究,,2023-01-17
3815321,Lorge-Thorndike intelligence test,罗桑智力测验,,2023-01-17
3815322,lycees,公立中等学校(法国),,2023-01-17
3815323,mail surveys,邮件调查,,2023-01-17
3815324,manipulative materials,操作材料,,2023-01-17
3815325,marine education,海洋教育,,2023-01-17
3815326,marking scale,评分量尺；评分标准,,2023-01-17
3815327,mastery learning,精熟学习,,2023-01-17
3815328,mastery test,精熟测验,,2023-01-17
3815329,mathematical ability,数学能力,,2023-01-17
3815330,mathematics achievement,数学成就,,2023-01-17
3815331,mathematics curriculum,数学课程,,2023-01-17
3815332,mathematics education,数学教育,,2023-01-17
3815333,mathematics instruction,数学教学,,2023-01-17
3815334,mathematics literacy,数学素养,,2023-01-17
3815335,mathematics power,数学力,,2023-01-17
3815336,mathematics skills,数学技能,,2023-01-17
3815337,mathmatization,数学化,,2023-01-17
3815338,meaningful learning,有意义学习,,2023-01-17
3815339,means-ends analysis,手段与目的分析,,2023-01-17
3815340,measurement equipment,测量设备,,2023-01-17
3815341,measurement error,测量误差,,2023-01-17
3815342,measurement instrument,测量工具,,2023-01-17
3815343,measurement techniques,测量技术,,2023-01-17
3815344,media research,媒体研究,,2023-01-17
3815345,memory span test,记忆广度测验,,2023-01-17
3815346,mental image(ry),心像,,2023-01-17
3815347,meta-analysis,后设分析,,2023-01-17
3815348,metacognition,后设认知,,2023-01-17
3815349,methodology,方法论,,2023-01-17
3815350,metric system,公制,,2023-01-17
3815351,micro teaching,微型教学,,2023-01-17
3815352,microcourse,微课程,,2023-01-17
3815353,microexperiment,微型实验,,2023-01-17
3815354,middle school,中学,,2023-01-17
3815355,minicourses,短期课程,,2023-01-17
3815356,minimum competencies,最低能力,,2023-01-17
3815357,minimum competency testing,最低能力测验,,2023-01-17
3815358,misconception,迷思概念,,2023-01-17
3815359,mnemonics,记忆术,,2023-01-17
3815360,model,模型；模式,,2023-01-17
3815361,modeling,建模,,2023-01-17
3815362,modular course,模组课程,,2023-01-17
3815363,modular design,模组设计,,2023-01-17
3815364,motor development,动作发展,,2023-01-17
3815365,multi-choice item,单选题,,2023-01-17
3815366,multidigit subtraction,多位数减法,,2023-01-17
3815367,multi-digit whole numbers,多位数；多位全数,,2026-05-26
3815368,multi-disciplinary approach,多领域取向,,2023-01-17
3815369,multi-disciplinary study,多领域研究,,2023-01-17
3815370,multi-media instruction,多媒体教学,,2023-01-17
3815371,multiple correlation coefficient,多元相关系数；复相关系数,,2023-01-17
3815372,multiple literacies,多元素养,,2023-01-17
3815373,multiple proportion,多重比例,,2023-01-17
3815374,multiple regression analysis,多元回归分析,,2023-01-17
3815375,multiplication change type,乘法改变型,,2026-05-26
3815376,multiplicative type,倍数型,,2026-05-26
3815377,multiunit conceptual structures,多单位数概念结构,,2026-05-26
3815378,multivariate analysis,多变分析；多变量分析,,2023-01-17
3815379,named-value system,位名系统,,2023-01-17
3815380,National Association for Research in Science Teaching{=NARST},国家科学教学研究协会(美),,2023-01-17
3815381,National Council of Teachers of Mathematics{=NCTM},国家数学教师学会(美),,2023-01-17
3815382,National Curriculum Projects,国家课程计划(美),,2023-01-17
3815383,National Science Council{=NSC},国家科学委员会(美),,2023-01-17
3815384,National Science Foundation {=NSF},国家科学基金会(美),,2023-01-17
3815385,National Science Teachers Association{=NSTA},国家科学教师协会(美),,2023-01-17
3815386,natural numbers,自然数,,2023-01-17
3815387,naturalistic observation,自然观察,,2023-01-17
3815388,nature of science,科学本质,,2023-01-17
3815389,New Math,新数学,,2023-12-01
3815390,nondiscriminatory education,无歧视教育,,2023-01-17
3815391,normal distribution,常态分配,,2023-01-17
3815392,normalization,常态化,,2023-01-17
3815393,norm-referenced evaluation,常模参照评鉴,,2023-01-17
3815394,norm-referenced measurement,常模参照测量,,2023-01-17
3815395,norm-referenced test,常模参照测验,,2023-01-17
3815396,Nuffield A-level biological science,奈菲尔高级生物科学(英),,2023-01-17
3815397,Nuffield combined science,奈菲尔统合科学(英),,2023-01-17
3815398,Nuffield Foundation,奈菲尔基金会(英),,2023-01-17
3815399,Nuffield O-level chemistry,奈菲尔普通级化学(英),,2023-01-17
3815400,Nuffield physical science course,奈菲尔物质科学课程(英),,2023-01-17
3815401,Nuffield science project,奈菲尔科学计划(英),,2023-01-17
3815402,null hypothesis,虚无假说,,2023-01-17
3815403,number,数,,2023-01-17
3815404,number concept,数概念,,2023-01-17
3815405,number line,数线,,2023-01-17
3815406,number operation,数运算,,2023-01-17
3815407,number sense,数感,,2023-01-17
3815408,numeral,数字,,2023-01-17
3815409,object permanence,物体恒存,,2023-01-17
3815410,objective,目标；客观,,2023-01-17
3815411,observation research,观察研究,,2023-01-17
3815412,observation schedule,观察时程表,,2023-01-17
3815413,observation skill,观察技能,,2023-01-17
3815414,observational learning,观察学习,,2023-01-17
3815415,observer reliability,观察者信度,,2023-01-17
3815416,off-campus experience,校外经验,,2023-01-17
3815417,online surveys,线上调查,,2023-01-17
3815418,open classroom,开放教室,,2023-01-17
3815419,open education,开放教育,,2023-01-17
3815420,open interval,开区间,,2023-01-17
3815421,open-ended experiment,开放式实验,,2023-01-17
3815422,open-ended opinionnaire,开放式意见表,,2023-01-17
3815423,open-ended questionnaire,开放式问卷,,2023-01-17
3815424,operational definition,操作型定义,,2023-01-17
3815425,operator,算子；算符,,2023-01-17
3815426,opportunity sampling,机会取样,,2023-01-17
3815427,ordinal number,序数,,2023-01-17
3815428,organic curriculum,有机课程,,2023-01-17
3815429,Organization for Economic Cooperation and Development{=OECD},经济合作发展组织(欧洲),,2023-01-17
3815430,outcome based education,成果本位教育,,2023-01-17
3815431,outdoor education,户外教育,,2023-01-17
3815432,outdoor leadership,户外领导,,2023-01-17
3815433,over practice,过度练习,,2023-01-17
3815434,panel discussion,小组专题讨论,,2023-01-17
3815435,paradigm,典范；派典,,2023-01-17
3815436,participant observation,参与观察,,2023-01-17
3815437,partitive division,等分除,,2023-01-17
3815438,partnership teacher,伙伴教师；合作教师,,2023-01-17
3815439,part-whole,部分-全体；部分-整体,,2023-01-17
3815440,pattern,样式,,2023-01-17
3815441,pattern analysis,模式分析；样式分析；组形分析,,2023-01-17
3815442,Pedagogical Content Knowledge{=PCK},学科教学知识,,2023-01-17
3815443,peer evaluation,同侪评鉴,,2023-01-17
3815444,peer rating technique,同侪评定技术,,2023-01-17
3815445,peer teaching,同侪教学,,2023-01-17
3815446,pencil-and-paper test,纸笔测验,,2023-01-17
3815447,percentile,百分位数,,2023-01-17
3815448,percentile rank,百分等级,,2023-01-17
3815449,perceptual preference,知觉偏好,,2023-01-17
3815450,performance [based] assessment,实作本位评量；表现本位评量,,2026-05-26
3815451,performance assessment,实作评量,,2023-01-17
3815452,performance criteria,实作标准,,2023-01-17
3815453,performance evaluation,实作评鉴,,2023-01-17
3815454,performance indicator,实作指标,,2023-01-17
3815455,performance objective,实作目标,,2023-01-17
3815456,performance specification,实作行为细目,,2023-01-17
3815457,performance test,实作测验,,2023-01-17
3815458,performance-based teacher education,表现本位师资教育,,2023-01-17
3815459,personal beliefs inventory,个人信念量表,,2023-01-17
3815460,perspective view,透视图,,2023-01-17
3815461,philosophy of science,科学哲学,,2023-01-17
3815462,Piaget,皮亚杰,,2023-01-17
3815463,place based education,地方本位教育,,2023-01-17
3815464,placement assessment,安置性评量,,2023-01-17
3815465,place-value,位值,,2023-01-17
3815466,portfolio,档案,,2023-01-17
3815467,portfolio assessment,档案评量,,2023-01-17
3815468,practice,实作；练习；实践；实务,,2023-01-17
3815469,practicum,教学实习,,2023-01-17
3815470,principle,原理,,2023-01-17
3815471,prior learning,先前学习,,2023-01-17
3815472,problem based learning,问题本位学习；问题导向学习,,2023-01-17
3815473,problem posing,拟题,,2023-01-17
3815474,problem solving,问题解决{科教}；解题{数教},,2023-01-17
3815475,procedural knowledge,程序性知识,,2023-01-17
3815476,process education,过程教育,,2023-01-17
3815477,professional development,专业发展,,2023-01-17
3815478,professional education,专业教育,,2023-01-17
3815479,programmed instructional material,编序教材,,2023-01-17
3815480,progress monitoring,进展监测,,2023-01-17
3815481,project,计划；专案研究,,2023-01-17
3815482,prompting,提示,,2023-01-17
3815483,protocol analysis,原案分析,,2023-01-17
3815484,purposive sampling,立意抽样,,2023-01-17
3815485,qualitative research,质化研究；质性研究,,2023-01-17
3815486,quantitative research,量化研究,,2023-01-17
3815487,quasi-empiricism,拟经验主义,,2023-01-17
3815488,quasi-experimental design,准实验设计,,2023-01-17
3815489,quasi-experimental research,准实验研究,,2023-01-17
3815490,question-answer interview,问答式晤谈,,2023-01-17
3815491,questioning technique,发问技巧,,2023-01-17
3815492,questionnaire method,问卷法,,2023-01-17
3815493,quota sampling,配额抽样,,2023-01-17
3815494,quotitive division,包含除,,2023-01-17
3815495,radical constructivism,根本建构主义；激进建构主义,,2023-01-17
3815496,random assignment,随机分派,,2023-01-17
3815497,random numbers table,乱数表,,2023-01-17
3815498,random sampling,随机抽样,,2023-01-17
3815499,rating scale,评分量表,,2023-01-17
3815500,raw score,原始分数,,2023-01-17
3815501,readability,可读性,,2023-01-17
3815502,readiness,准备度,,2023-01-17
3815503,reading ability,阅读能力,,2023-01-17
3815504,reading achievement,阅读成就,,2023-01-17
3815505,reading comprehension,阅读理解,,2023-01-17
3815506,reading readiness,阅读准备度,,2023-01-17
3815507,reasoning,推理,,2023-01-17
3815508,reasoning test,推理测验,,2023-01-17
3815509,rebuttal,反驳,,2023-01-17
3815510,reciprocal teaching,相互教学；互惠教学,,2023-01-17
3815511,rectangular area,面积型,,2026-05-26
3815512,rectangular array,阵列型,,2026-05-26
3815513,references,参考书目；参考文献,,2023-01-17
3815514,reflection,反思,,2023-01-17
3815515,reflective abstraction,反思抽象,,2023-01-17
3815516,refutation,反驳,,2023-01-17
3815517,regression,回归,,2023-01-17
3815518,regression analysis,回归分析,,2023-01-17
3815519,regression coefficient,回归系数,,2023-01-17
3815520,regression equation,回归方程式,,2023-01-17
3815521,regression function,回归函数,,2023-01-17
3815522,reinforcement,增强,,2023-01-17
3815523,relational understanding,关系性了解,,2023-01-17
3815524,reliability,信度,,2023-01-17
3815525,reliability analysis,信度分析,,2023-01-17
3815526,reliability coefficient,信度系数,,2023-01-17
3815527,reliability index,信度指标,,2023-01-17
3815528,remedial course,补救课程,,2023-01-17
3815529,remedial instuction,补救教学,,2023-01-17
3815530,remedial program,补救计划,,2023-01-17
3815531,representation,表征,,2023-01-17
3815532,research design,研究设计,,2023-01-17
3815533,research method,研究方法,,2023-01-17
3815534,research methodology,研究方法论,,2023-01-17
3815535,research project,研究专题；研究计划,,2023-01-17
3815536,research proposal,研究计划草案,,2023-01-17
3815537,research review,研究评论,,2023-01-17
3815538,response rate,回应率,,2023-01-17
3815539,retention test,保留测验,,2023-01-17
3815540,retrospective method,回溯法,,2023-01-17
3815541,reversibility,可逆性,,2023-01-17
3815542,role playing,角色扮演,,2023-01-17
3815543,rote learning,机械式学习,,2023-01-17
3815544,rote memory,机械记忆,,2023-01-17
3815545,sample size,样本大小,,2023-01-17
3815546,sample survey,抽样调查,,2023-01-17
3815547,sampling,抽样；取样,,2023-01-17
3815548,sampling bias,抽样偏误,,2023-01-17
3815549,sampling distribution,抽样分布,,2023-01-17
3815550,sampling error,抽样误差,,2023-01-17
3815551,sampling inspection,抽样检查,,2023-01-17
3815552,sampling method,抽样法,,2023-01-17
3815553,sampling plan,抽样计划,,2023-01-17
3815554,sampling theory,抽样理论,,2023-01-17
3815555,sampling unit,抽样单位,,2023-01-17
3815556,scaffolding,鹰架,,2023-01-17
3815557,scale,量表；尺度；量尺,,2023-01-17
3815558,scale analysis,量表分析,,2023-01-17
3815559,scale value,量表值,,2023-01-17
3815560,scaled score,量表分数,,2023-01-17
3815561,scatter diagram,散布图,,2023-01-17
3815562,schema,基模,,2023-01-17
3815563,schemata,基模(复数),,2023-01-17
3815564,scholastic achievement,学业成就,,2023-01-17
3815565,scholastic aptitude,学业性向；学术性向,,2023-01-17
3815566,Scholastic Assessment Test{=SAT},学业评量测验,,2023-01-17
3815567,school effectiveness,学校效能,,2023-01-17
3815568,school entrance age,入学年龄,,2023-01-17
3815569,school readiness,学校准备度,,2023-01-17
3815570,school restructuring,学校再造,,2023-01-17
3815571,science,科学,,2023-01-17
3815572,science achievement,科学成就,,2023-01-17
3815573,science activity,科学活动,,2023-01-17
3815574,science camp,科学营,,2023-01-17
3815575,science career,科学生涯,,2023-01-17
3815576,science center,科学中心,,2023-01-17
3815577,science club,科学社团,,2023-01-17
3815578,science concept learning project,科学概念学习计划,,2023-01-17
3815579,science course improvement project,科学课程改进方案,,2023-01-17
3815580,science curriculum,科学课程,,2023-01-17
3815581,Science Curriculum Improvement Study{=SCIS},科学课程改进研究,,2023-01-17
3815582,science education,科学教育,,2023-01-17
3815583,science education history,科学教育史,,2023-01-17
3815584,science equipment,科学设备,,2023-01-17
3815585,science experiment,科学实验,,2023-01-17
3815586,science fair,科学展览,,2026-03-11
3815587,science fiction,科幻,,2023-01-17
3815588,science history,科学史,,2023-01-17
3815589,science information,科学资讯,,2023-01-17
3815590,science institute,科学研究机构,,2023-01-17
3815591,science instruction,科学教学,,2023-01-17
3815592,science interest,科学兴趣,,2023-01-17
3815593,science laboratory,科学实验室,,2023-01-17
3815594,science material,科学教材；科学材料,,2023-01-17
3815595,science process skill,科学过程技能,,2023-01-17
3815596,science program,科学方案,,2023-01-17
3815597,science project,科学专题研究；科学计划,,2023-01-17
3815598,science supervision,科学视导,,2023-01-17
3815599,science teacher,科学教师,,2023-01-17
3815600,science teaching,科学教学,,2023-01-17
3815601,science teaching center,科学教学中心,,2023-01-17
3815602,science test,科学测验,,2023-01-17
3815603,Science-A Process Approach{=SAPA},科学–过程取向,,2023-01-17
3815604,scientific and technical information,科技资讯,,2023-01-17
3815605,scientific aptitude,科学性向,,2023-01-17
3815606,scientific attitude,科学态度,,2023-01-17
3815607,scientific concept,科学概念,,2023-01-17
3815608,scientific curiosity inventory,科学好奇心量表,,2023-01-17
3815609,scientific enterprise,科学事业,,2023-01-17
3815610,scientific experiment,科学实验,,2023-01-17
3815611,scientific literacy,科学素养,,2023-01-17
3815612,scientific method,科学方法,,2023-01-17
3815613,scientific methodology,科学方法论,,2023-01-17
3815614,scientific principle,科学原理,,2023-01-17
3815615,scientific research,科学研究,,2023-01-17
3815616,scoring rubrics,评分规准,,2023-01-17
3815617,secondary school mathematics,中学数学,,2023-01-17
3815618,secondary school science,中学科学,,2023-01-17
3815619,self awareness,自我觉察,,2023-01-17
3815620,self concept,自我概念,,2023-01-17
3815621,self efficacy,自我效能,,2023-01-17
3815622,self evaluation,自我评鉴,,2023-01-17
3815623,self-report method,自陈法,,2023-01-17
3815624,semi-structured interview,半结构式访谈,,2023-01-17
3815625,sensorimotor skill,感觉动作技能,,2023-01-17
3815626,sensorimotor stage,感觉动作期,,2023-01-17
3815627,sensory experience,感官经验,,2023-01-17
3815628,sequential analysis,序列分析,,2023-01-17
3815629,sequential approach,序列性取向,,2023-01-17
3815630,sequential learning,循序学习,,2023-01-17
3815631,significance,重要性；显著性,,2023-01-17
3815632,significance level,显著水准,,2023-01-17
3815633,significance test,显著性考验,,2023-01-17
3815634,simple random sampling,简单随机抽样,,2023-01-17
3815635,simple regression analysis,简单回归分析,,2023-01-17
3815636,simulation approach,模拟方法，模拟研究途径,,2023-01-17
3815637,simulation experiment,模拟实验,,2023-01-17
3815638,skill development,技能发展,,2023-01-17
3815639,Skinner Box,斯金纳(实验)箱,,2023-01-17
3815640,small group instruction,小组教学,,2023-01-17
3815641,social network analysis,社会网络分析,,2023-01-17
3815642,socioeconomic status,社会经济地位,,2023-01-17
3815643,socioscientific issue,社会性科学议题,,2023-01-17
3815644,soma cube,索玛立方块,,2023-01-17
3815645,space perception,空间知觉,,2023-01-17
3815646,spatial orientation,空间定位,,2023-01-17
3815647,spatial relationship,空间关系,,2023-01-17
3815648,spatial visualization,空间视觉化,,2023-01-17
3815649,special needs student,特殊需求学生,,2023-01-17
3815650,spiral curriculum,螺旋式课程,,2023-01-17
3815651,split-half method,折半法,,2023-01-17
3815652,split-half reliability,折半信度,,2023-01-17
3815653,STEM education,科学–技学–工程–数学教育,,2023-01-17
3815654,structured interviews,结构式访谈,,2023-01-17
3815655,student characteristic,学生特质,,2023-01-17
3815656,student interest,学生兴趣,,2026-03-11
3815657,student journal,学生日志,,2023-01-17
3815658,student poject,学生专题研究,,2023-01-17
3815659,student teacher evaluation,实习教师评鉴,,2023-01-17
3815660,student-centered curriculum,学生为中心的课程,,2023-01-17
3815661,student-centered learning,学生为中心的学习,,2023-01-17
3815662,subordinate concept,下位概念,,2023-01-17
3815663,superordinate concept,上位概念,,2023-01-17
3815664,symbolic representation,符号表征,,2023-01-17
3815665,task analysis,任务分析；工作分析,,2023-01-17
3815666,teacher characteristic,教师特质,,2026-03-11
3815667,teacher competency testing,教师能力检定,,2023-01-17
3815668,teacher demonstration,教师示范,,2023-01-17
3815669,teacher effectiveness,教师效能,,2023-01-17
3815670,teaching aids,教具,,2023-01-17
3815671,teaching guide,教学指引,,2023-01-17
3815672,teaching material,教材,,2023-01-17
3815673,teaching method,教学法,,2023-01-17
3815674,teaching model,教学模式,,2023-01-17
3815675,teaching module,教学模组,,2023-01-17
3815676,technical education,技术教育,,2023-01-17
3815677,technological literacy,技学素养,,2023-01-17
3815678,technology,技学,,2023-01-17
3815679,technology education,技学教育,,2023-01-17
3815680,test difficulty,测验难度,,2023-01-17
3815681,test format,测验格式,,2023-01-17
3815682,test norm,测验常模,,2023-01-17
3815683,test reliability,测验信度,,2023-01-17
3815684,test validity,测验效度,,2023-01-17
3815685,test-retest method,重测法,,2023-01-17
3815686,text analysis,文本分析,,2023-01-17
3815687,textbook,教科书,,2023-01-17
3815688,textbook content,教科书内容,,2023-01-17
3815689,textbook evaluation,教科书评鉴,,2023-01-17
3815690,textbook research,教科书研究,,2023-01-17
3815691,textbook-oriented instruction,教科书取向教学,,2023-01-17
3815692,theory,理论；学说,,2023-01-17
3815693,thinking aloud,放声思考,,2023-01-17
3815694,thinking process,思考过程,,2023-01-17
3815695,thinking skill,思考技能,,2023-01-17
3815696,thought experiment,思考实验,,2023-01-17
3815697,time sampling,时间取样,,2023-01-17
3815698,time series experiment,时间序列实验,,2023-01-17
3815699,Torrance Tests of Creative Thinking{=TTCT},陶伦斯创造思考测验,,2023-01-17
3815700,training objective,训练目标,,2023-01-17
3815701,transcript (written records),逐字稿；转录本,,2023-01-17
3815702,transdisciplinary approach,跨领域取向,,2023-01-17
3815703,transdisciplinary study,跨领域研究,,2023-01-17
3815704,transfer of learning,学习迁移,,2023-01-17
3815705,transfer of training,训练迁移,,2023-01-17
3815706,trial and error method,尝试错误法,,2023-01-17
3815707,tutorial program,教导计划,,2023-01-17
3815708,two-step problem,两步骤问题,,2023-01-17
3815709,type I error,型一错误,,2023-01-17
3815710,type II error,型二错误,,2023-01-17
3815711,unfolding,展开,,2023-01-17
3815712,unit number,单位数,,2023-01-17
3815713,unit of study,学习单元,,2023-01-17
3815714,unit quantity,单位量,,2023-01-17
3815715,"United Nations Educational, Scientific and Cultural Organization{=UNESCO}",联合国教育科学文化组织,,2023-01-17
3815716,validity,效度,,2023-01-17
3815717,validity coefficient,效度系数,,2023-01-17
3815718,validity criterion,效度标准，效标,,2023-01-17
3815719,value,价值,,2023-01-17
3815720,value analysis,价值分析,,2023-01-17
3815721,values clarification,价值澄清,,2023-01-17
3815722,variability,变异性,,2023-01-17
3815723,variable,变项；变因；变数；变量,,2023-01-17
3815724,vertical mathmatization,垂直数学化,,2023-01-17
3815725,vertical thinking,垂直思考,,2023-01-17
3815726,vocational education,职业教育,,2023-01-17
3815727,volunteer training,志工训练,,2023-01-17
3815728,Wechsler Intelligence Scale for Children{=WISE},魏氏儿童智力量表,,2023-01-17
3815729,weighted score,加权分数,,2023-01-17
3815730,whole number,全数；非负整数,,2023-01-17
3815731,word association,字词联想,,2023-01-17
3815732,word problem,文字题,,2023-01-17
3815733,working memory,工作记忆,,2023-01-17
3815734,workplace learning,工作场域学习,,2023-01-17
3815735,worksheet,学习单；工作单；作业单,,2023-01-17
3815736,workshop,工作坊,,2023-01-17
3815737,world view,世界观,,2023-01-17
3815738,zone of proximal development,近侧发展区,,2023-01-17
3815739,z-score,Z 分数,,2023-01-17
8522155,action inquiry,行动研究 ,,2023-01-17
8522156,Action-Process-Object-Schema{=APOS},行动─过程─物件─基模（APOS）,,2023-01-17
8522157,activity theory,活动理论,,2023-01-17
8522158,advanced learning,进阶学习,,2023-01-17
8522159,affective domain teaching,情意领域教学,,2023-01-17
8522160,affective domain teaching object ,情意教学目标,,2023-01-17
8522161,affective response,情意反应,,2023-01-17
8522162,anchored instruction,定锚式教学,,2023-01-17
8522163,anchoring,定锚,,2023-01-17
8522164,Attention-Relevance-Confidence-Satisfaction model(ARCS),ARCS动机模式,,2026-05-26
8522165,argumentation ability,论证能力,,2023-01-17
8522166,argumentation instruction,论证教学,,2023-01-17
8522167,argumentation skills,论证能力,,2023-01-17
8522168,argumentation teaching,论证教学,,2023-01-17
8522169,assessment framework,评量架构 ,,2023-01-17
8522170,assessment instrument,评量工具,,2023-01-17
8522171,assessment literacy,评量素养,,2023-01-17
8522172,assessment tool,评量工具,,2023-01-17
8522173,asynchronous distance learning ,非同步远距教学,,2023-01-17
8522174,asynchronous learning style,非同步学习风格,,2023-01-17
8522175,atomism,原子观，原子论,,2023-01-17
8522176,augmented reality{=AR},扩增实境,,2023-01-17
8522177,authentic science ,真实科学 ,,2023-01-17
8522178,bioethical issues ,生命伦理议题,,2023-01-17
8522179,bioethics education,生命伦理教育 ,,2023-01-17
8522180,blended e-learning,混合式数位学习,,2023-01-17
8522181,blended learning,混合式学习 ,,2023-01-17
8522182,board games,桌游,,2023-01-17
8522183,causal reasoning,因果推理,,2023-01-17
8522184,causal thinking,因果思考,,2023-01-17
8522185,Child Language Data Exchange System{=CHILDES},儿童语料交换系统,,2023-01-17
8522186,children's science ,儿童科学,,2023-01-17
8522187,citation analysis ,引用文献分析,,2023-01-17
8522188,cladistics approach in conceptual evolution,概念演化的支序分类取向 ,,2023-01-17
8522189,classroom practices,课室教学,,2023-01-17
8522190,classroom response system,教室回馈系统,,2023-01-17
8522191,co-citation analysis,引文分析,,2023-01-17
8522192,cognitive apprenticeship,认知师徒制,,2023-01-17
8522193,cognitive characteristics,认知特性 ,,2023-01-17
8522194,cognitive conflict,认知冲突,,2023-01-17
8522195,cognitive demand,认知需求,,2023-01-17
8522196,cognitive engagement,认知投入,,2023-01-17
8522197,cognitive load,认知负荷,,2023-01-17
8522198,cognitive model,认知模式 ,,2023-01-17
8522199,cognitive patterns ,认知类型,,2023-01-17
8522200,cognitive strategy,认知策略,,2023-01-17
8522201,cognitive structure,认知结构 ,,2023-01-17
8522202,collaborative learning,协作学习,,2023-01-17
8522203,collaborative teaching,协同教学,,2023-01-17
8522204,collective argumentation,集体论证,,2023-01-17
8522205,common content knowledge{= CCK},一般内容知识,,2023-01-17
8522206,common factor analysis,共同因素分析 ,,2023-01-17
8522207,communication pattern,沟通模式 ,,2023-01-17
8522208,community of practice,实践社群,,2026-03-11
8522209,competency-based learning,能力本位学习,,2023-01-17
8522210,competency-based web learning,能力本位网路学习 ,,2023-01-17
8522211,comprehension ability,理解能力,,2023-01-17
8522212,Computer Assisted Learning{=CAL},电脑辅助学习 ,,2023-01-17
8522213,Computer Supported Collaborative Learning{=CSCL},电脑支援协作学习,,2023-01-17
8522214,concentration,专注力,,2023-01-17
8522215,concentration model,专注力模式 ,,2023-01-17
8522216,concentration questionnaire,专注力问卷,,2023-01-17
8522217,concept analysis,概念分析,,2023-01-17
8522218,concept cartoon,概念卡通,,2023-01-17
8522219,concept formation,概念形成,,2023-01-17
8522220,concept research,概念研究,,2023-01-17
8522221,conception of mathematics,数学观念；数学概念,,2023-01-17
8522222,conceptual category,概念类型,,2023-01-17
8522223,conceptual change,概念改变 ,,2023-01-17
8522224,conceptual conflict,概念冲突,,2023-01-17
8522225,conceptual development,概念发展,,2023-01-17
8522226,conceptual evolution tree,概念演化树 ,,2023-01-17
8522227,conceptual learning,概念学习,,2023-01-17
8522228,conceptual understanding,概念理解,,2023-01-17
8522229,Concerns-Based Adoption Model{=CBAM},关注本位采用模式,,2023-01-17
8522230,confirmatory factor analysis{=CFA},验证性因素分析,,2023-01-17
8522231,conservative reasoning,保留推理,,2023-01-17
8522232,consistency analysis,一致性分析,,2023-01-17
8522233,constructivist,建构主义者,,2023-01-17
8522234,constructivist approach teaching ,建构取向教学 ,,2023-01-17
8522235,constructivist teaching strategy,建构论教学策略,,2023-01-17
8522236,contextual mathematics problem,脉络化数学问题,,2023-01-17
8522237,controversial issue,争议性议题,,2023-01-17
8522238,cooperative action research,合作行动研究,,2023-01-17
8522239,cooperative learning attitude,合作学习态度,,2023-01-17
8522240,cooperative learning strategy,合作学习策略,,2023-01-17
8522241,creative problem solving,创造性问题解决,,2023-01-17
8522242,creative self-efficacy,创意自我效能,,2023-01-17
8522243,creative tendency,创造力倾向,,2023-01-17
8522244,critical thinking ability,批判思考能力,,2023-01-17
8522245,critical thinking disposition,批判思考倾向 ,,2023-01-17
8522246,critical thinking skill,批判思考技巧,,2023-01-17
8522247,cultural representation,文化表征 ,,2023-01-17
8522248,culturally relevant teaching,文化相关教学,,2023-01-17
8522249,culture-based mathematics modules,文化本位数学模组,,2023-01-17
8522250,culture-situated learning,文化情境学习,,2023-01-17
8522251,curricular benchmark,课程标竿,,2023-01-17
8522252,curriculum framework,课程架构 ,,2023-01-17
8522253,curriculum leadership,课程领导 ,,2023-01-17
8522254,Delphi technique, 德怀术；大慧法,,2023-01-17
8522255,design-based science learning,设计本位科学学习,,2023-01-17
8522256,digital game,数位游戏,,2023-01-17
8522257,digital immigrant,数位移民,,2023-01-17
8522258,digital learning,数位学习,,2023-01-17
8522259,digital media,数位媒体,,2023-01-17
8522260,digital native,数位原民,,2023-01-17
8522261,disciplinary core ideas  {=DCI},学科核心概念,,2023-01-17
8522262,discourse,言谈；论述,,2023-01-17
8522263,discourse analysis,言谈分析；论述分析,,2023-01-17
8522264,distance learning,远距学习 ,,2023-01-17
8522265,documentary analysis,文件分析,,2023-01-17
8522266,earth system education,地球系统教育,,2023-01-17
8522267,earth system science curriculum,地球系统科学课程,,2023-01-17
8522268,Educational Computer  Game,教育数位游戏,,2023-01-17
8522269,effect size,效果量,,2023-01-17
8522270,e-learning,数位学习,,2023-01-17
8522271,elementary mathematics,小学数学,,2023-01-17
8522272,elementary mathematics textbook,小学数学教科书,,2023-01-17
8522273,elementary school ,小学,,2023-01-17
8522274,elementary science,小学科学,,2023-01-17
8522275,elementary science education,小学科学教育,,2023-01-17
8522276,emerging issue,新兴议题,,2023-01-17
8522277,emerging technology,新兴科技 ,,2023-01-17
8522278,energy issue,能源议题,,2023-01-17
8522279,energy literacy,能源素养,,2023-01-17
8522280,energy saving,节能；节约能源,,2023-01-17
8522281,energy saving and carbon reduction,节能减碳,,2023-01-17
8522282,engagement in science learning,参与科学学习,,2023-01-17
8522283,environmental action,环境行动,,2023-01-17
8522284,environmental learning center,环境学习中心,,2023-01-17
8522285,environmental perception,环境觉知,,2023-01-17
8522286,environmental protection,环保 ；环境保护,,2023-01-17
8522287,e-portfolio,数位历程档案,,2023-01-17
8522288,evaluation indicator,评鉴指标,,2023-01-17
8522289,evaluation instrument,评鉴工具,,2023-01-17
8522290,expectation states theory,期望地位理论,,2023-01-17
8522291,explicit teaching,明示教学；显式教学,,2023-01-17
8522292,fishbone diagram,鱼骨图 ,,2023-01-17
8522293,flipped teaching,翻转教学,,2023-01-17
8522294,flow experience,心流经验,,2023-01-17
8522295,game-based learning,游戏本位学习,,2023-01-17
8522296,generalizability,可推论性；通则性,,2023-01-17
8522297,goals of science education,科学教育目标 ,,2023-01-17
8522298,graphic representation,图形表征,,2023-01-17
8522299,greenhouse effect,温室效应,,2023-01-17
8522300,grounded theory,扎根理论,,2023-01-17
8522301,group investigation,团体探讨,,2023-01-17
8522302,guided discovery teaching,引导发现式教学,,2023-01-17
8522303,hands-on,动手做,,2023-01-17
8522304,hierarchical linear model,阶层线性模式 ,,2023-01-17
8522305,hierarchical view,阶层观点,,2023-01-17
8522306,history and  pedagogy of mathematics {=HPM},数学史与数学教育,,2023-01-17
8522307,holistic learning,整体学习,,2023-01-17
8522308,horizon content knowledge {=HCK},水平数学知识,,2023-01-17
8522309,horizon content knowledge {=HCK},水平内容知识,,2023-01-17
8522310,hot cognition,热认知,,2023-01-17
8522311,hypothesis building,建立假说,,2023-01-17
8522312,hypothetical learning trajectory {= HLT},假说性学习轨迹；假设性学习轨迹,,2023-01-17
8522313,implicit teaching,内隐教学；隐式教学,,2023-01-17
8522314,incompatibility hypothesis, 不相容假说,,2023-01-17
8522315,in-depth interview ,深度访谈,,2023-01-17
8522316,indigenous science education,原住民族科学教育,,2023-01-17
8522317,informal reasoning,非制式推理,,2023-01-17
8522318,informal science education,非制式科学教育,,2023-01-17
8522319,innovative teaching,创新教学,,2023-01-17
8522320,inquiry instruction,探究教学,,2023-01-17
8522321,inquiry learning,探究学习,,2023-01-17
8522322,inquiry teaching,探究教学,,2023-01-17
8522323,inquiry-based curriculum,探究本位课程,,2023-01-17
8522324,inquiry-based learning,探究本位学习,,2023-01-17
8522325,inquiry-based teaching,探究本位教学,,2023-01-17
8522326,instructional design ,教学设计 ,,2023-01-17
8522327,instructional management,教学经营,,2023-01-17
8522328,instructional media,教学媒体,,2023-01-17
8522329,instructional method,教学方法 ,,2023-01-17
8522330,instructional module ,教学模组 ,,2023-01-17
8522331,instructional strategy,教学策略,,2023-01-17
8522332,interactive historical vignettes,互动式历史小故事,,2023-01-17
8522333,interactive teaching,互动教学,,2023-01-17
8522334,interdisciplinary education,跨领域教育,,2023-01-17
8522335,International Council of Associations for Science Education  {=ICASE},国际科学教育协会理事会,,2023-01-17
8522336,inter-subject integration,学科间统整 ,,2023-01-17
8522337,intra-subject integration,学科内统整,,2023-01-17
8522338,intrinsic motivation,内在动机,,2023-01-17
8522339,intuitive belief ,直觉信念,,2023-01-17
8522340,inventory development,量表编制,,2023-01-17
8522341,issue analysis,议题分析 ,,2023-01-17
8522342,item bank ,题库,,2023-01-17
8522343,knowledge map,知识地图,,2023-01-17
8522344,knowledge of content and curriculum{=KCC},内容与课程知识,,2023-01-17
8522345,knowledge of content and students {=KCS },内容与学生知识,,2023-01-17
8522346,knowledge of content and teaching{=KCT},内容与教学知识,,2023-01-17
8522347,knowledge representation ,知识表征,,2023-01-17
8522348,knowledge structure,知识结构,,2023-01-17
8522349,language of science ,科学语言,,2023-01-17
8522350,large-scale assessment,大规模评量,,2023-01-17
8522351,learning environment instrument,学习环境量表,,2024-11-26
8522352,learning achievement,学习成就,,2023-01-17
8522353,learning attitude,学习态度,,2023-01-17
8522354,learning effect,学习效果,,2023-01-17
8522355,learning effectiveness,学习成效,,2023-01-17
8522356,learning model,学习模式,,2023-01-17
8522357,learning needs,学习需求,,2023-01-17
8522358,learning opportunity,学习机会,,2023-01-17
8522359,learning outcome,学习成果,,2023-01-17
8522360,learning portfolio,学习历程档案,,2023-01-17
8522361,learning response,学习反应,,2023-01-17
8522362,learning scaffolding,学习鹰架,,2023-01-17
8522363,learning style,学习风格,,2023-01-17
8522364,learning through play,游戏中学习,,2023-01-17
8522365,learning time,学习时间,,2023-01-17
8522366,learning time distribution,学习时间分布 ,,2023-01-17
8522367,legitimate peripheral participation,合法的边缘性参与,,2023-01-17
8522368,logical reasoning ability,逻辑推理能力,,2023-01-17
8522369,longitudinal analysis,纵贯性分析,,2023-01-17
8522370,mathematical conjecture,数学臆测,,2023-01-17
8522371,mathematical knowledge for teaching {=MKT},数学教学知识,,2023-01-17
8522372,mathematical modeling,数学建模,,2023-01-17
8522373,mathematical problem solving,数学解题,,2023-01-17
8522374,mathematical word problem,数学文字题,,2023-01-17
8522375,mathematics discussion,数学讨论,,2023-01-17
8522376,Mathematics in Context {=MiC},脉络数学,,2023-01-17
8522377,mathematics pedagogical content knowledge,数学教学内容知识,,2023-01-17
8522378,mathematics performance,数学表现,,2023-01-17
8522379,mathematics problem-posing,数学布题 ,,2023-01-17
8522380,mathematics self-concept,数学自我概念,,2023-01-17
8522381,mathematics teacher education ,数学师资培育,,2023-01-17
8522382,mathematics teaching knowledge,数学教学知识,,2023-01-17
8522383,mathematics textbook,数学教科书,,2023-01-17
8522384,mathematics understanding ,数学理解,,2023-01-17
8522385,mathematics writing,数学写作,,2023-01-17
8522386,media effect,媒体效应,,2023-01-17
8522387,mental model,心智模式,,2023-01-17
8522388,mental representation,心智表征 ,,2023-01-17
8522389,mental states ,心智状态,,2023-01-17
8522390,metacognitive strategy,后设认知策略,,2023-01-17
8522391,mixed reality{=MR},混合实境,,2023-01-17
8522392,mobile learning,行动学习 ,,2023-01-17
8522393,modeling instruction,建模教学,,2023-01-17
8522394,modeling process,建模历程,,2023-01-17
8522395,moderated mediation model,调节式中介模型,,2023-01-17
8522396,multicultural science education ,多元文化科学教育,,2023-01-17
8522397,multiple analogies,多重类比,,2023-01-17
8522398,multiple assessment ,多元评量 ,,2023-01-17
8522399,multiple instruction ,多元教学,,2023-01-17
8522400,multiple intelligences ,多元智能,,2023-01-17
8522401,multiple representations,多重表征,,2023-01-17
8522402,nanotechnology,奈米科技,,2023-01-17
8522403,narrative research,叙事研究；叙说研究,,2023-01-17
8522404,national sampling,全国抽样,,2023-01-17
8522405,national survey,全国调查,,2023-01-17
8522406,natural science,自然科学,,2023-01-17
8522407,nature of mathematics,数学本质,,2023-01-17
8522408,non-routine mathematical problem,非例行性数学问题,,2023-01-17
8522409,ontology ,本体论,,2023-01-17
8522410,open-inquiry,开放式探究,,2023-01-17
8522411,particle model of matter ,物质的粒子模式,,2023-01-17
8522412,peer assessment,同侪互评,,2023-01-17
8522413,peer coaching,同侪教练,,2023-01-17
8522414,peer interaction,同侪互动,,2023-01-17
8522415,perceived factors,感知因素,,2023-01-17
8522416,practice stakeholder,实务利害关系人,,2023-01-17
8522417,practices,实作；实践；实务,,2023-01-17
8522418,preconception,先前概念{科教}；前置概念{数教},,2023-12-01
8522419,predicate analysis ,述词分析 ,,2023-01-17
8522420,prediction,预测,,2023-01-17
8522421,prediction-observation-explanation{=POE},预测-观察-解释,,2023-01-17
8522422,pre-service teacher,职前教师,,2023-01-17
8522423,prior knowledge,先前知识 ,,2023-01-17
8522424,problem finding,发现问题,,2023-01-17
8522425,problem representation,问题表征,,2023-01-17
8522426,problem solving competence,问题解决能力；解题能力,,2023-01-17
8522427,problem solving performance,问题解决表现；解题表现 ,,2023-01-17
8522428,problem-based learning,问题导向学习；问题本位学习,,2023-01-17
8522429,problem-solving ability,问题解决能力 ,,2023-01-17
8522430,process-oriented teaching,过程导向教学,,2023-01-17
8522431,professional growth,专业成长,,2023-01-17
8522432,competence of mathematics teaching,数学教学知能,,2026-05-26
8522433,professional learning community,专业学习社群,,2023-01-17
8522434,professional standards,专业标准,,2023-01-17
8522435,program evaluation,学程评鉴；方案评鉴,,2023-01-17
8522436,program(me) for international student assessment (PISA),学生能力国际评量计划(PISA),,2026-05-26
8522437,project-based learning,专题本位学习 ,,2023-01-17
8522438,realistic mathematics education {=RME} ,真实数学 教育；现实数学教育,,2023-01-17
8522439,reasoning skills,推理技能,,2023-01-17
8522440,recognition learning,辨识学习,,2023-01-17
8522441,reflective action research,反思行动研究,,2023-01-17
8522442,reflective practice,反思实践,,2023-01-17
8522443,reflective thinking,反思,,2023-01-17
8522444,repeating pattern,重复样式,,2023-01-17
8522445,responsible environmental behavior,负责的环境行为,,2023-01-17
8522446,scaffolding instruction,鹰架教学,,2023-01-17
8522447,scaffolding theory,鹰架理论 ,,2023-01-17
8522448,school environments,学校环境 ,,2023-01-17
8522449,school-based curriculum,校本课程,,2023-01-17
8522450,science and engineering practices {=SEP},科学与工程实作,,2023-01-17
8522451,science argumentation,科学论证 ,,2023-01-17
8522452,science argumentation ability ,科学论证能力,,2023-01-17
8522453,science communication,科学传播,,2023-01-17
8522454,science competency,科学能力,,2023-01-17
8522455,science creativity,科学创造力,,2023-01-17
8522456,science inquiry,科学探究,,2023-01-17
8522457,science inquiry ability,科学探究能力,,2023-01-17
8522458,science knowledge framework,科学知识架构,,2023-01-17
8522459,science learning,科学学习,,2023-01-17
8522460,science learning ecosystem,科学学习生态系统,,2023-01-17
8522461,science learning motivation,科学学习动机,,2023-01-17
8522462,science learning outcome,科学学习成果,,2023-01-17
8522463,science literacy,科学素养,,2023-01-17
8522464,science process skills test,科学过程技能测验,,2023-01-17
8522465,science self-efficacy,科学自我效能,,2023-01-17
8522466,science talented student ,科学资优生,,2023-01-17
8522467,science talks,科学对谈,,2023-01-17
8522468,science teacher education,科学师资培育,,2023-01-17
8522469,science text,科学文本,,2023-01-17
8522470,science textbook ,科学教科书,,2023-01-17
8522471,science writing,科学写作,,2023-01-17
8522472,science writing heuristic {=SWH},启发式科学写作,,2023-01-17
8522473,scientific argumentation,科学论证,,2023-01-17
8522474,scientific creative thinking,科学创造思考 ,,2023-01-17
8522475,scientific creativity ,科学创造力,,2023-01-17
8522476,scientific epistemological views,科学认识观,,2023-01-17
8522477,scientific imagination,科学想像力,,2023-01-17
8522478,scientific reasoning,科学推理 ,,2023-01-17
8522479,scientific thinking ,科学思考,,2023-01-17
8522480,self-directed learning,自主学习,,2023-01-17
8522481,situated cognition,情境认知,,2023-01-17
8522482,situated learning ,情境学习,,2023-01-17
8522483,situational interest,情境兴趣,,2023-01-17
8522484,social constructionism,社会建构论,,2023-01-17
8522485,social constructivism,社会建构主义,,2023-01-17
8522486,socio-economic status,社经地位,,2023-01-17
8522487,sociology of technology,科技社会学,,2023-01-17
8522488,socratic questioning model, 苏格拉底诘问模式 ,,2023-01-17
8522489,specialized content knowledge {=SCK},特殊内容知识,,2023-01-17
8522490,standards of professional knowledge,专业知识标准,,2026-05-26
8522491,structural equation modeling{=SEM}, 结构方程模型；结构方程模式,,2023-01-17
8522492,subject matter knowledge {=SMK},学科内容知识,,2023-01-17
8522493,talent cultivation,人才培育,,2023-01-17
8522494,technology  pedagogical content knowledge (TPCK/TPACK),科技教学内容知识,,2026-05-26
8522495,technology acceptance model,科技接受模式,,2023-01-17
8522496,the nature of science ,科学本质 ,,2023-01-17
8522497,three-tier diagnostic instrument,三阶段诊断工具,,2023-01-17
8522498,Toulmin argument pattern{=TAP},图尔明论证模式,,2023-01-17
8522499,Toulmin's argument pattern (TAP),Toulmin论证模式(TAP ),,2026-05-26
8522500,two-tier diagnostic test,二阶段诊断测验,,2023-01-17
8522501,Vee diagram,V形图 ,,2023-01-17
8522502,video clips,影音片段,,2023-01-17
8522503,virtual experiment,虚拟实验,,2023-01-17
8522504,virtual reality{=VR},虚拟实境,,2023-01-17
21325211,a posteriori analysis,后验分析,,2023-12-01
21325212,a priori analysis,先验分析,,2026-05-26
21325213,abductive-inductive actions,反绎-归纳行动；溯因-归纳行动,,2023-12-01
21325214,abstract mathematics,抽象数学,,2023-12-01
21325215,abstract representation,抽象表征,,2023-12-01
21325216,Abstraction in Context{=AiC},脉络萃取；脉络抽象化,,2023-12-01
21325217,academic context,学术脉络,,2023-12-01
21325218,academic language,学术语言,,2023-12-01
21325219,accountable talk,有据谈话,,2023-12-01
21325220,achievement goal theory,成就目标理论,,2023-12-01
21325221,action education,行动教育,,2023-12-01
21325222,active learning framework,主动学习架构,,2023-12-01
21325223,activity-effect relationship,活动-效果关系,,2023-12-01
21325224,acts of communication,沟通行为,,2023-12-01
21325225,acts of interpretation,解释行为,,2023-12-01
21325226,actual infinity,实无限,,2023-12-01
21325227,additive reasoning,加法推理,,2023-12-01
21325228,adult numeracy,成人算术,,2023-12-01
21325229,advanced mathematical concepts,进阶数学概念,,2023-12-01
21325230,advanced mathematical thinking,进阶数学思考；进阶数学思维,,2023-12-01
21325231,affect structure,情意结构,,2023-12-01
21325232,affective factor,情意因素,,2023-12-01
21325233,affective reaction,情意反应,,2023-12-01
21325234,algebraic activity,代数活动,,2023-12-01
21325235,algebraic and spatial relations,代数和空间关系,,2023-12-01
21325236,algebraic generalization,代数一般化,,2023-12-01
21325237,algebraic reasoning,代数推理,,2023-12-01
21325238,algebraic symbolism,代数符号,,2023-12-01
21325239,algebraic thinking,代数思维；代数思考,,2023-12-01
21325240,algebraisation,代数化,,2023-12-01
21325241,algorithm for multiplication,乘法算则,,2023-12-01
21325242,alternative conception,另有概念,,2023-12-01
21325243,analog object,类比物件,,2023-12-01
21325244,analogical reasoning,类比推理,,2023-12-01
21325245,analogical thinking,类比思维；类比思考,,2023-12-01
21325246,analytical drawing,分析图；解析图,,2023-12-01
21325247,analytical framework,分析架构,,2023-12-01
21325248,anthropological authority,人类学权威,,2023-12-01
21325249,anthropological theory of didactics,人类学教学理论,,2023-12-01
21325250,anxiety,焦虑,,2023-12-01
21325251,appraisal linguistics,评价语言学,,2023-12-01
21325252,argumentation analysis,论证分析,,2023-12-01
21325253,argumentation and proof,论证与证明,,2023-12-01
21325254,argumentation scheme,论证架构,,2023-12-01
21325255,argumentative grammar,论证语法,,2023-12-01
21325256,argument and tool,论点与工具,,2023-12-01
21325257,arithmetic–algebra transition,算术-代数过渡,,2023-12-01
21325258,arithmetico-algebraic thinking,算术-代数思考,,2023-12-01
21325259,assessment criteria,评量规准,,2023-12-01
21325260,at-risk students,高风险学生，悬崖学生,,2023-12-01
21325261,attentional shift,注意力转移,,2023-12-01
21325262,attitude towards mathematics,对数学的态度,,2023-12-01
21325263,authentic investigative tasks,真实性调查任务；真实性探究任务,,2023-12-01
21325264,authentic mathematics,真实数学,,2023-12-01
21325265,authentic situation,真实情境,,2023-12-01
21325266,authority diagram,权限图,,2023-12-01
21325267,autonomous learning,自主学习,,2023-12-01
21325268,axiomatization,公理化,,2023-12-01
21325269,Babylonian mathematics,巴比伦数学,,2023-12-01
21325270,Back and Forth model,来回模型,,2023-12-01
21325271,Bayesian inference,贝氏推论,,2023-12-01
21325272,Bayesian thinking,贝氏思考,,2023-12-01
21325273,beginning mathematics teacher,初任数学教师,,2023-12-01
21325274,belief model,信念模式,,2023-12-01
21325275,belief system,信念系统,,2023-12-01
21325276,beliefs about mathematics teaching and learning,数学教与学的信念,,2023-12-01
21325277,big idea,大概念,,2023-12-01
21325278,California math curriculum,加州数学课程,,2023-12-01
21325279,case analysis,个案分析,,2023-12-01
21325280,case method,案例法、个案法,,2023-12-01
21325281,certainty-based assessment,确定本位评量,,2023-12-01
21325282,Certainty-Based Marking{=CBM},确定本位标记,,2023-12-01
21325283,children's arithmetical thinking,儿童算术思考,,2023-12-01
21325284,children's conception,儿童概念,,2023-12-01
21325285,children's construction,儿童建构,,2023-12-01
21325286,children's informal knowledge,儿童非正式知识,,2023-12-01
21325287,children's mental strategy,儿童心智策略,,2023-12-01
21325288,children's narrative,儿童叙事,,2023-12-01
21325289,children's strategy,儿童策略,,2023-12-01
21325290,classroom climate,课室气氛；教室气氛,,2026-03-11
21325291,classroom culture,课室文化,,2023-12-01
21325292,classroom discourse,课室言语互动；教室言语互动,,2026-03-11
21325293,cognitive complexity,认知复杂度,,2023-12-01
21325294,cognitive duality,认知二元性,,2023-12-01
21325295,cognitive dynamics,认知动力学,,2023-12-01
21325296,cognitive operation,认知运思；认知操作,,2023-12-01
21325297,cognitive paradox,认知悖论,,2023-12-01
21325298,cognitive psychology,认知心理学,,2023-12-01
21325299,cognitive-metacognitive framework,认知-后设认知架构,,2023-12-01
21325300,collaborative inquiry,协同探究,,2023-12-01
21325301,collaborative professional development,协同专业发展,,2023-12-01
21325302,collective knowing,集体知晓力,,2023-12-01
21325303,Common Tasks for Assessment {=CTA},评量的共同任务,,2023-12-01
21325304,computer-based mathematics education,电脑本位数学教育,,2023-12-01
21325305,computerized project-based learning,电脑化专题本位学习,,2023-12-01
21325306,computer-supported collaborative learning,电脑支援协同学习,,2023-12-01
21325307,concept definition,概念定义,,2023-12-01
21325308,concept in action,行动中的概念,,2023-12-01
21325309,concept of action,行动的概念,,2023-12-01
21325310,conceptual metaphor,概念隐喻,,2023-12-01
21325311,conceptualisation,概念化,,2023-12-01
21325312,concrete representation,具体表征,,2023-12-01
21325313,confidence-based assessment,信心本位评量,,2023-12-01
21325314,Confucian heritage culture,儒家传承文化,,2023-12-01
21325315,Confucianism,儒家思想,,2023-12-01
21325316,conjecture-and-proof problems,臆测证明问题,,2023-12-01
21325317,consensus building,建立共识,,2023-12-01
21325318,context-based learning,脉络本位学习；情境本位学习,,2023-12-01
21325319,context-based task,脉络本位任务；情境本位任务,,2023-12-01
21325320,contextual factor,脉络因素；情境因素,,2023-12-01
21325321,contextual knowledge,脉络知识；情境知识,,2023-12-01
21325322,contextual tool,脉络工具；情境工具,,2023-12-01
21325323,contextualisation,脉络化,,2023-12-01
21325324,continuing education for teacher,教师的继续教育,,2023-12-01
21325325,Continuing professional development{=CPD},继续专业发展,,2023-12-01
21325326,conversation analysis,会话分析；交谈分析；会谈分析,,2023-12-01
21325327,cooperating teacher,合作教师,,2023-12-01
21325328,cooperative inquiry,合作探究,,2023-12-01
21325329,coping strategy,因应策略,,2023-12-01
21325330,counterexample,反例,,2023-12-01
21325331,counting system,计数系统,,2023-12-01
21325332,covariational reasoning,共变推理,,2023-12-01
21325333,creativity in mathematics,数学创造力,,2023-12-01
21325334,critical attitude,批判态度,,2023-12-01
21325335,critical discourse analysis,批判话语分析；批判言谈分析；批判论述分析,,2023-12-01
21325336,critical literacy,批判素养,,2023-12-01
21325337,critical postmodern theory,批判的后现代理论,,2023-12-01
21325338,criticalmathematical literacy,批判数学素养,,2023-12-01
21325339,cross-cultural learning,跨文化学习；泛文化学习,,2023-12-01
21325340,cross-cultural thinking,跨文化思考；泛文化思考,,2023-12-01
21325341,cultural - historical activity theory,文化历史活动理论,,2023-12-01
21325342,cultural awareness,文化觉知；文化觉察；文化意识,,2023-12-01
21325343,cultural constructivism,文化建构主义,,2023-12-01
21325344,cultural context,文化脉络,,2023-12-01
21325345,cultural theory of objectification,客观化的文化理论,,2023-12-01
21325346,culturally responsive education,文化回应教育,,2023-12-01
21325347,curricular trajectory,课程轨迹,,2023-12-01
21325348,curriculum ideology,课程意识形态,,2023-12-01
21325349,data interpretation,资料诠释；资料判读,,2023-12-01
21325350,decimal representation,十进制表示法,,2023-12-01
21325351,decontextualizing and recontextualizing theory,去脉络化与再脉络化理论,,2023-12-01
21325352,decontextualizing theory,去脉络化理论,,2023-12-01
21325353,recontextualizing theory,再脉络化理论,,2023-12-01
21325354,deductive reasoning,演绎推理,,2026-03-11
21325355,defining refutation,定义反驳,,2023-12-01
21325356,design-based workshop,设计本位工作坊,,2023-12-01
21325357,developing understanding,发展理解,,2023-12-01
21325358,diagnostic conjecturing task,诊断臆测任务,,2023-12-01
21325359,diagnostic design,诊断设计,,2023-12-01
21325360,diagrammatic reasoning,图解推理,,2023-12-01
21325361,dialectic between old and new ways,新旧方法的辩证,,2023-12-01
21325362,dialogic community,对话社群,,2023-12-01
21325363,didactic education,讲授教育,,2023-12-01
21325364,didactic-mathematical knowledge,讲授数学知识,,2023-12-01
21325365,didactics of mathematics,数学教学法,,2023-12-01
21325366,didactique of mathematics,数学教学法,,2023-12-01
21325367,discourse theory,言谈理论,,2023-12-01
21325368,discursive psychology,论述心理学；话语心理学,,2023-12-01
21325369,discursive-graphic reasoning,论述图形推理,,2023-12-01
21325370,distributed thinking,分布式思维；分散式思维,,2023-12-01
21325371,dual process model,双重历程模式,,2023-12-01
21325372,dual process theory,双重历程理论,,2023-12-01
21325373,dynamic and static transformation,动态与静态转换,,2023-12-01
21325374,Dynamic Geometry Environment{=DGE},动态几何环境,,2023-12-01
21325375,dynamic geometry software,动态几何软体,,2023-12-01
21325376,dynamic mathematical technology,动态数学科技,,2023-12-01
21325377,dynamic representation,动态表征,,2023-12-01
21325378,dynamic visualization,动态视觉化；动态可视化,,2023-12-01
21325379,early algebraic thinking,早期代数思维,,2023-12-01
21325380,emergent constructivism,新兴建构主义,,2023-12-01
21325381,empirical context,经验式脉络,,2023-12-01
21325382,empirical investigation,经验式调查；实证调查,,2023-12-01
21325383,empowerment,增能赋权,,2023-12-01
21325384,enacting research-based task,制定研究本位的任务,,2023-12-01
21325385,enactivism,生成主义,,2023-12-01
21325386,epistemological analysis,认识论分析,,2023-12-01
21325387,epistemological approach,认识论取向,,2023-12-01
21325388,epistemology of mathematics,数学认识论,,2023-12-01
21325389,equitable mathematics instruction,公平数学教学,,2023-12-01
21325390,equity and diversity,公平和多样性,,2023-12-01
21325391,ethical commitment,道德承诺,,2023-12-01
21325392,evolutionary psychology,演化心理学,,2023-12-01
21325393,example and exemplification,案例和例证,,2023-12-01
21325394,expert thinking,专家思维,,2023-12-01
21325395,expert blind spot,专家盲点,,2023-12-01
21325396,exploratory data analysis,探索性资料分析,,2023-12-01
21325397,expressive writing,表达性写作,,2023-12-01
21325398,eye tracking,眼动追踪,,2023-12-01
21325399,fair share,公平分享,,2023-12-01
21325400,far generalization task,远泛化任务,,2023-12-01
21325401,field-based experience,实地经验,,2023-12-01
21325402,figural inference,图形推论,,2023-12-01
21325403,figural reasoning approach,图形推理取向,,2023-12-01
21325404,flexible computation,灵活计算,,2023-12-01
21325405,flexible thinking,灵活思考,,2023-12-01
21325406,focal analysis,焦点分析,,2023-12-01
21325407,focus group interview,焦点团体访谈,,2023-12-01
21325408,folk pedagogy,庶民教育学,,2023-12-01
21325409,formal operational thinking,形式运思思考,,2023-12-01
21325410,formal reasoning,形式推理,,2023-12-01
21325411,formalization,形式化；正式化,,2023-12-01
21325412,Fraction Scheme Theory,分数基模理论,,2023-12-01
21325413,functional unification grammar{=FUG} concept,功能统一文法概念,,2023-12-01
21325414,functional approach graphical representation,功能取向的图形表征,,2023-12-01
21325415,functionalism,功能主义,,2023-12-01
21325416,fuzzy thinking,模糊思考,,2023-12-01
21325417,gender equity,性别平等,,2023-12-01
21325418,generalizing,概括；泛化,,2023-12-01
21325419,generic example,通用例子,,2023-12-01
21325420,geometric representation,几何表现,,2023-12-01
21325421,geometric thinking,几何思考,,2023-12-01
21325422,geometric transformation,几何转换,,2023-12-01
21325423,geometrical modelling,几何建模,,2023-12-01
21325424,goal-based decision-making,目标本位决策,,2023-12-01
21325425,graphical argumentation,图形论证,,2023-12-01
21325426,graphical artefact,图形作品,,2023-12-01
21325427,graphical representation,图形表征,,2023-12-01
21325428,graphics calculator,图形计算器,,2023-12-01
21325429,grounding metaphor,接地气的隐喻；基础隐喻,,2023-12-01
21325430,guided reinvention,引导式重塑,,2023-12-01
21325431,habits of mind,心智习性,,2023-12-01
21325432,hands-on material,动手做材料,,2023-12-01
21325433,Hegel's dialectical ontology,黑格尔辩证本体论,,2023-12-01
21325434,heteroglossic dialogue,异语对话,,2023-12-01
21325435,heuristic ability,启发式能力,,2023-12-01
21325436,heuristics and biases,启发与偏见,,2023-12-01
21325437,hidden curriculum,潜在课程,,2023-12-01
21325438,higher order question,高层次问题,,2023-12-01
21325439,high-stakes examination,高风险考试,,2023-12-01
21325440,historical inquiry,历史学探究,,2023-12-01
21325441,historical parallelism,历史相似性,,2023-12-01
21325442,historical teaching modules,历史教学模组,,2023-12-01
21325443,history and epistemology of mathematics,数学史与认识论,,2023-12-01
21325444,history in mathematics education,数学教育史,,2023-12-01
21325445,history-based intervention,历史本位介入,,2023-12-01
21325446,humanistic research,人文研究,,2023-12-01
21325447,iconic interpretation,图像诠释,,2023-12-01
21325448,identity of concept,概念认同,,2023-12-01
21325449,ideology critique,意识形态批判,,2023-12-01
21325450,image schema,意象基模,,2023-12-01
21325451,implicative analysis,关联分析,,2023-12-01
21325452,implicit learning and understanding,内隐学习和理解,,2023-12-01
21325453,implicit model,内隐模式,,2023-12-01
21325454,indirect addition,间接加法,,2023-12-01
21325455,individual knowing,个人知晓力,,2023-12-01
21325456,individual and institutional knowledge,个体和机构知识,,2023-12-01
21325457,informal conjecture,非正式臆测,,2023-12-01
21325458,Informal Statistical Inference{=ISI},非正式统计推论,,2023-12-01
21325459,informal written arithmetic,非正式书写算术,,2023-12-01
21325460,in-issues and meta-issues,原议题与后设议题,,2023-12-01
21325461,inner contradiction,内在矛盾,,2023-12-01
21325462,inner speech,内在语言；内隐语言,,2023-12-01
21325463,instructional intervention,教学介入,,2026-03-11
21325464,instructional responsibility,教学责任,,2023-12-01
21325465,instructor discourse,教师言谈,,2023-12-01
21325466,intentional analysis,意图分析,,2023-12-01
21325467,intentionality of action,行为的意向性,,2023-12-01
21325468,interaction process analysis,互动过程分析,,2023-12-01
21325469,interaction process,互动过程,,2023-12-01
21325470,interactional discourse analysis,互动言谈分析,,2023-12-01
21325471,interactional teaching strategy,互动教学策略,,2023-12-01
21325472,interactional-epistemic perspective,互动-认识观点,,2023-12-01
21325473,interactive technology,互动科技,,2023-12-01
21325474,internal-theoretical commonality,内部-理论共通性,,2023-12-01
21325475,International Commission on Mathematics Instruction {=ICMI},国际数学教学委员会,,2023-12-01
21325476,international comparison,国际比较,,2023-12-01
21325477,International Mathematical Olympiad{=IMO},国际数学奥林匹亚,,2023-12-01
21325478,International Mathematical Union{=IMU},国际数学联合会,,2023-12-01
21325479,interpreting game,解读游戏,,2023-12-01
21325480,interpreting process,解读过程,,2023-12-01
21325481,interpretive framework,诠释架构,,2023-12-01
21325482,inter-relating theory and practice,相关理论与实践,,2023-12-01
21325483,intersubjectivity,互为主体性,,2023-12-01
21325484,intervention-based study,介入本位研究,,2023-12-01
21325485,interview analysis,晤谈分析；访谈分析,,2023-12-01
21325486,in-the-moment decision,即时决策,,2023-12-01
21325487,intransitivity,非递移性,,2023-12-01
21325488,intuition in mathematics,数学直觉,,2023-12-01
21325489,intuitive conception,直观概念,,2026-03-11
21325490,intuitive knowledge,直观知识,,2023-12-01
21325491,intuitive rule,直观法则,,2023-12-01
21325492,inverse relation between addition and subtraction,加减互逆,,2023-12-01
21325493,Initiate-Response-Evaluate{=IRE} model,提问-回答-评论模式,,2023-12-01
21325494,International Review of Education{=IRE},国际教育评论,,2023-12-01
21325495,justification,辩证,,2023-12-01
21325496,key stage tests,关键阶段考试,,2023-12-01
21325497,knowing,知,,2023-12-01
21325498,knowledge at the mathematical horizon,数学眼界的知识,,2023-12-01
21325499,knowledge fragility,知识脆弱性,,2023-12-01
21325500,knowledge integration,知识整合,,2026-03-11
21325501,knowledge packet,知识包,,2023-12-01
21325502,knowledge resource,知识库,,2023-12-01
21325503,language-as-resource,语言即资源,,2023-12-01
21325504,language-oriented,语言导向,,2023-12-01
21325505,learner difficulty,学习者困难,,2023-12-01
21325506,learner error,学习者错误,,2023-12-01
21325507,learner generated example,学习者生成示例,,2023-12-01
21325508,learner type,学习者类型,,2023-12-01
21325509,learners' creativity,学习者创造力,,2023-12-01
21325510,learnification,学习化,,2023-12-01
21325511,learning conjecture and proof,学习臆测证明,,2023-12-01
21325512,learning through teaching,经由教而学,,2023-12-01
21325513,level of generalization,一般化层次,,2023-12-01
21325514,level of reasoning,推理层次,,2023-12-01
21325515,listening skill,倾听技巧,,2023-12-01
21325516,local and global affect,局部与整体影响,,2023-12-01
21325517,local instruction theory,局部教学理论,,2023-12-01
21325518,long term study,长期研究,,2023-12-01
21325519,longitudinal data,纵向资料,,2023-12-01
21325520,macroanalysis,巨量分析,,2023-12-01
21325521,mapping structure,对应结构；映射结构,,2023-12-01
21325522,materialist dialectical method,唯物辩证法,,2023-12-01
21325523,mathematical aesthetics,数学美学,,2023-12-01
21325524,mathematical argumentation,数学论证,,2023-12-01
21325525,mathematical attitude,数学态度,,2023-12-01
21325526,mathematical behavior,数学行为,,2023-12-01
21325527,mathematical classroom authority,数学课堂权威,,2023-12-01
21325528,mathematical communication and discourse,数学沟通与言谈,,2023-12-01
21325529,mathematical competency,数学能力,,2023-12-01
21325530,mathematical complexity,数学复杂性,,2023-12-01
21325531,mathematical creativity,数学创造力,,2023-12-01
21325532,mathematical culture,数学文化,,2023-12-01
21325533,mathematical digital competency,数学数位能力,,2023-12-01
21325534,mathematical epistemology,数学认识论,,2023-12-01
21325535,mathematical ethnomethodology,数学俗民方法论,,2023-12-01
21325536,mathematical flexibility,数学变通性,,2023-12-01
21325537,mathematical genres,数学类型,,2023-12-01
21325538,mathematical gesture space,数学手势空间,,2023-12-01
21325539,mathematical imagination,数学想像,,2023-12-01
21325540,mathematical language,数学语言,,2023-12-01
21325541,mathematical modelling,数学建模,,2023-12-01
21325542,mathematical norms,数学规范,,2023-12-01
21325543,mathematical praxeology,数学行为学,,2023-12-01
21325544,mathematical processes,数学过程,,2023-12-01
21325545,mathematical proficiency,数学精熟度,,2023-12-01
21325546,mathematical reasoning,数学推理,,2023-12-01
21325547,mathematical representation,数学表征,,2023-12-01
21325548,mathematical self-concept,数学自我概念,,2023-12-01
21325549,mathematical self-knowledge,数学自我知识,,2023-12-01
21325550,mathematical skill,数学技能,,2023-12-01
21325551,mathematical sophistication,数学复杂性,,2023-12-01
21325552,mathematical specificity,数学特殊性,,2023-12-01
21325553,mathematical symbolism,数学符号体系,,2023-12-01
21325554,mathematical task,数学任务,,2023-12-01
21325555,mathematical teaching expertise,数学教学专业知识,,2023-12-01
21325556,mathematical thinking,数学思维；数学思考,,2023-12-01
21325557,mathematical understanding,数学理解,,2023-12-01
21325558,mathematical writing,数学写作,,2023-12-01
21325559,mathematicians as learners,数学家如同学习者,,2023-12-01
21325560,mathematicians as teacher educators,数学家如同师资培育者,,2023-12-01
21325561,mathematicians' pedagogical perspectives,数学家教育观点,,2023-12-01
21325562,mathematicology,数学学,,2023-12-01
21325563,mathematics anxiety,数学焦虑,,2023-12-01
21325564,mathematics at work,职场数学,,2023-12-01
21325565,mathematics community of practice,数学实作社群,,2023-12-01
21325566,mathematics convincement,数学说服力,,2023-12-01
21325567,mathematics norm,数学规范,,2023-12-01
21325568,mathematics reading styles,数学阅读类型；数学阅读风格,,2023-12-01
21325569,mathematics task,数学任务,,2023-12-01
21325570,mathematics teacher cognition,数学教师认知,,2023-12-01
21325571,mathematics teacher educator knowledge,数学师培者知识,,2023-12-01
21325572,mathematics teacher educator learning,数学师培者的学习,,2023-12-01
21325573,mathematics teacher educator-researcher{=MTE-R},数学师培者-研究者,,2023-12-01
21325574,mathematics teacher knowledge for teaching,数学教师教学知识,,2023-12-01
21325575,mathematics teachers attitude,数学教师态度,,2023-12-01
21325576,mathematics teachers belief,数学教师信念,,2023-12-01
21325577,mathematics teachers conception,数学教师概念,,2023-12-01
21325578,Mathematics teaching practices{=MTPs},数学教学实作；数学教学实践,,2023-12-01
21325579,mathematics textbook analysis,数学教科书分析,,2023-12-01
21325580,mathematics textbook content analysis,数学教科书内容分析,,2023-12-01
21325581,mathematics word problems and language proficiency,数学文字题和语言精熟,,2023-12-01
21325582,mathematics-for-teaching,为教学的数学,,2023-12-01
21325583,mathematization,数学化,,2023-12-01
21325584,meaning-making,意义建构,,2023-12-01
21325585,mental arithmetic,心算,,2023-12-01
21325586,mental  calculation,珠心算,,2023-12-01
21325587,mental computation,心智计算,,2023-12-01
21325588,mental schema,心智基模,,2023-12-01
21325589,mental strategy,心智策略,,2023-12-01
21325590,meta-affect,后设影响；元影响,,2023-12-01
21325591,metacognitive tools,后设认知工具,,2023-12-01
21325592,Meta-Didactical Transposition model,后设教学转换模型,,2023-12-01
21325593,metadiscursive rules,后设话语规则,,2023-12-01
21325594,meta-issue,后设议题,,2023-12-01
21325595,meta-mathematics knowledge about proof,有关证明的后设数学知识,,2023-12-01
21325596,metaphor,隐喻,,2023-12-01
21325597,microanalysis,微观分析,,2023-12-01
21325598,microgenetic,微观起源,,2023-12-01
21325599,micro-perception,微观知觉,,2023-12-01
21325600,mindset,心态,,2023-12-01
21325601,mixed methods research,混合研究法,,2023-12-01
21325602,Model eliciting activities{=MEA},引模活动,,2023-12-01
21325603,modelling competence,建模能力,,2023-12-01
21325604,motivation goal theory,动机目标理论,,2023-12-01
21325605,multicultural education,多元文化教育,,2023-12-01
21325606,multiculturalism,多元文化主义,,2023-12-01
21325607,multilingual mathematics classroom,多语数学课室,,2023-12-01
21325608,multilingual teacher education,多语师资教育,,2023-12-01
21325609,multilingualism,多语主义,,2023-12-01
21325610,multi-linked representations,多链结表征,,2023-12-01
21325611,multimedia case study,多媒体个案研究,,2023-12-01
21325612,Multiple-solution task{=MST},多解任务,,2023-12-01
21325613,multiplication fact,乘法事实,,2023-12-01
21325614,naive conception,素朴概念,,2023-12-01
21325615,narrative analysis,叙事分析,,2023-12-01
21325616,narrative approach,叙事取向,,2023-12-01
21325617,near generalization task,近泛化任务，近一般化任务,,2023-12-01
21325618,nested model,巢式模型，巢套模型,,2023-12-01
21325619,nesting and unpacking strategy,巢式和开箱策略,,2023-12-01
21325620,nonexample,非例,,2023-12-01
21325621,non-linguistic communication,非语言沟通,,2023-12-01
21325622,non-routine problems,非例行性问题,,2023-12-01
21325623,novice thinking,生手思维,,2023-12-01
21325624,objectification,客观化,,2023-12-01
21325625,observable learning outcome,可观察的学习成果,,2023-12-01
21325626,one-dimensional reasoning,一维推理,,2023-12-01
21325627,two-dimensional reasoning,二维推理,,2026-05-26
21325628,online discussion,线上讨论,,2023-12-01
21325629,online education,线上教育,,2023-12-01
21325630,online learning environment,线上学习环境,,2023-12-01
21325631,open problem,开放式问题,,2023-12-01
21325632,open-ended problem solving,开放式问题解决,,2023-12-01
21325633,operational conception,操作性概念,,2023-12-01
21325634,operational invariance,运算不变性,,2023-12-01
21325635,operational invariant,运算不变量,,2023-12-01
21325636,opportunity to learn,学习机会,,2023-12-01
21325637,optimization,最佳化,,2023-12-01
21325638,oral performance assessment,口语表现评量,,2023-12-01
21325639,orchestrating  mathematical discussions,策划数学讨论,,2023-12-01
21325640,outside school knowledge,校外知识,,2023-12-01
21325641,participation theory,参与理论,,2023-12-01
21325642,part-part-whole,部分-部分-整体,,2023-12-01
21325643,part-whole relationship,部分整体关系,,2023-12-01
21325644,pattern generalization,样式一般化,,2023-12-01
21325645,pattern structure recognition,样式结构辨识,,2023-12-01
21325646,Pedagogical Content Knowledge and Skill{=PCK&S},教学内容知能,,2023-12-01
21325647,pedagogical reasoning,教学推理,,2023-12-01
21325648,performance goal,表现目标；绩效目标,,2023-12-01
21325649,personal epistemology,个人知识论,,2023-12-01
21325650,phenomenological approach,现象学取向,,2023-12-01
21325651,phenomenological group interview,现象学小组访谈,,2023-12-01
21325652,philosophy in mathematics education,数学教育哲学,,2023-12-01
21325653,posterior analysis,后验分析,,2023-12-01
21325654,postmodern critical theory,后现代批判理论,,2023-12-01
21325655,poststructuralism,后结构主义,,2023-12-01
21325656,potential infinity,潜无限,,2023-12-01
21325657,practice-based material,实作本位材料,,2023-12-01
21325658,practice-based professional development,实作本位专业发展,,2023-12-01
21325659,preservice mathematics teacher education,职前数学教师培育,,2023-12-01
21325660,prior analysis,先验分析,,2023-12-01
21325661,problem transformation,问题转化；问题转换,,2023-12-01
21325662,Problem-Based Curriculum,问题本位课程,,2023-12-01
21325663,procedural flexibility,程序变通性,,2023-12-01
21325664,procedural understanding,程序理解,,2023-12-01
21325665,particularization,特殊化,,2023-12-01
21325666,process of inquiry,探究过程,,2023-12-01
21325667,process reflection,过程反思,,2023-12-01
21325668,professional norm,专业规范,,2023-12-01
21325669,Prospective mathematics teachers {=PMTs},准数学教师,,2023-12-01
21325670,prototypical problems,原型问题,,2023-12-01
21325671,pedagogic discourse,教育言谈,,2023-12-01
21325672,pyramid model,金字塔模型,,2023-12-01
21325673,rationalism,理性主义,,2023-12-01
21325674,reaction time research,反应时间研究,,2023-12-01
21325675,recontextualisation,再脉络化,,2023-12-01
21325676,reflection in practice,实践中反思,,2023-12-01
21325677,reflection on practice,对实践反思,,2023-12-01
21325678,reflection-in-action,行动中反思,,2023-12-01
21325679,reflection-on-action,对行动反思,,2023-12-01
21325680,reflective narrative,反思性叙事,,2023-12-01
21325681,relationship between theory and practice,理论和实践之关系,,2023-12-01
21325682,relevant-involvement methodology,相关介入法,,2023-12-01
21325683,representation system,表征系统,,2023-12-01
21325684,representational transition,表征转变,,2023-12-01
21325685,schematic representation,图示表征,,2023-12-01
21325686,school-based professional development,学校本位专业发展,,2023-12-01
21325687,self regulation,自我调控,,2023-12-01
21325688,self-reflection,自我反思,,2023-12-01
21325689,semantic structure,语意结构,,2023-12-01
21325690,syntactic structure,句法结构,,2023-12-01
21325691,semio-cognitive analysis,符号认知分析,,2023-12-01
21325692,semiotic representation,符号表征,,2023-12-01
21325693,sense-making,感知建构,,2023-12-01
21325694,sensibility,灵敏度,,2023-12-01
21325695,shift of attention,注意力转移,,2023-12-01
21325696,social equity,社会平等,,2023-12-01
21325697,social practice theory,社会实践理论,,2023-12-01
21325698,social representation,社会表征,,2023-12-01
21325699,social turn,社会转向,,2023-12-01
21325700,socio-cognitive conflict,社会认知冲突,,2023-12-01
21325701,socio-constructivism,社会建构主义,,2023-12-01
21325702,sociocultural approach,社会文化取向,,2023-12-01
21325703,socio-emotional orientation,社会情绪导向,,2023-12-01
21325704,socio-epistemological constructivism,社会认识论建构主义,,2023-12-01
21325705,sociomathematical norm,社会数学规范,,2023-12-01
21325706,socio-political practice perspective,社会政治实践观点,,2023-12-01
21325707,spatial ability,空间能力,,2023-12-01
21325708,spatial reasoning,空间推理,,2023-12-01
21325709,spontaneous representation,自发表征,,2023-12-01
21325710,Standards for Mathematical Practice{=SMPs},数学实作标准,,2023-12-01
21325711,statistical literacy,统计素养,,2023-12-01
21325712,statistical reasoning,统计推理,,2023-12-01
21325713,statistical thinking,统计思维,,2023-12-01
21325714,street mathematics,街头数学,,2023-12-01
21325715,structure mapping theory,结构对应理论；结构映射理论,,2023-12-01
21325716,structural thinking,结构性思维,,2023-12-01
21325717,structured problem solving,结构式问题解决,,2023-12-01
21325718,student-centered discourse,学生中心言谈,,2023-12-01
21325719,student-teacher,实习教师,,2023-12-01
21325720,symbolic action,象征动作,,2023-12-01
21325721,symbolic reasoning,符号推理,,2023-12-01
21325722,synergy,协同作用；综效；增效,,2023-12-01
21325723,tacit knowledge,内隐知识；默会知识,,2023-12-01
21325724,task-technique-technology-theory framework,任务-技术-科技-理论 架构,,2023-12-01
21325725,teacher–researcher collaboration,教师-研究者协作,,2023-12-01
21325726,teachers as partners in design,教师即设计伙伴,,2023-12-01
21325727,teachers as stakeholders,教师即利害关系人,,2023-12-01
21325728,teachers knowledge deconstruction,教师知识解构,,2023-12-01
21325729,teacher-student interaction,师生交互作用,,2023-12-01
21325730,teaching as a cultural practice,教学即文化实践,,2023-12-01
21325731,teaching decision,教学决定,,2023-12-01
21325732,teaching for understanding,为理解而教学,,2023-12-01
21325733,teaching intervention,教学介入,,2023-12-01
21325734,teaching triad,教学三元组；教学三联体,,2023-12-01
21325735,tertiary education,第三期教育，第三级教育，中学后教育,,2023-12-01
21325736,Theory of Didactical Situations{=TDS},教学情境理论,,2023-12-01
21325737,theory-practice connection,理论-实务连结,,2023-12-01
21325738,descriptive model,描述模型,,2023-12-01
21325739,Totally Pedagogised Society{=TPS},完全教育化社会,,2023-12-01
21325740,traditional belief,传统信念,,2023-12-01
21325741,traditional curriculum,传统课程,,2023-12-01
21325742,transactional writing,执行性写作,,2023-12-01
21325743,transformative learning theory,转换学习理论；转化学习理论,,2023-12-01
21325744,uncertainty,不确定性,,2026-03-11
21325745,undefined concept,未定义概念,,2023-12-01
21325746,verbal analysis,口语分析,,2023-12-01
21325747,verbal semiotic mediation,语文符号中介,,2023-12-01
21325748,video-based approach,录影本位取向,,2023-12-01
21325749,web-based mathematics instruction,网路本位数学教学,,2023-12-01
21325750,work-based learning,工作本位学习,,2023-12-01
21325751,writing-to-learn,写作学习,,2023-12-01
21325752,Zone of free movement{=ZFM},自由移动区,,2023-12-01
21325753,Zone of promoted action {=ZPA},促进行动区,,2023-12-01
21396277,3‐dimensional learning ,三维学习,,2026-03-11
21396278,5E inquiry‐based learning,5E探究本位学习,,2026-03-11
21396279,abductive argument,溯因论证；反绎论证,,2026-03-11
21396280,abductive reasoning,溯因推理,,2026-03-11
21396281,academic identity,学术认同,,2026-03-11
21396282,academic motivation,学术动机,,2026-03-11
21396283,achievement emotion,成就情绪,,2026-03-11
21396284,achievement goal‐orientation theory,成就目标导向理论,,2026-03-11
21396285,activity emotion,活动情绪,,2026-03-11
21396286,adaptive guidance,适性指导,,2026-03-11
21396287,adaptive instruction,适性教学,,2026-03-11
21396288,affective factors,情意因素,,2026-03-11
21396289,affordance,可供性，可支应性,,2026-03-11
21396290,agentive reasoning,主体推理,,2026-03-11
21396291,alignment,校准；调整,,2026-03-11
21396292,alternate achievement standards,替代成就标准,,2026-03-11
21396293,alternate assessment,替代性评量,,2026-03-11
21396294,alternate science content standards,替代科学内容标准,,2026-03-11
21396295,argument construction,论点建构,,2026-03-11
21396296,argumentation skill,论证技能,,2026-03-11
21396297,argumentative discourse,论证言谈,,2026-03-11
21396298,assessment driven instruction,评量导向教学,,2026-03-11
21396299,attitudes toward science and scientists,对科学和科学家的态度,,2026-03-11
21396300,automated assessment,自动化评量,,2026-03-11
21396301,automated guidance,自动化导引,,2026-03-11
21396302,automated scoring,自动评分,,2026-03-11
21396303,beginning science teacher,初任科学教师,,2026-03-11
21396304,behavioral intention,行为意向（图）,,2026-03-11
21396305,beliefs about knowledge,对知识的信念,,2026-03-11
21396306,bilingual education,双语教育,,2026-03-11
21396307,bilingualism,双语主义；双语,,2026-03-11
21396308,border crossing,跨越边界,,2026-03-11
21396309,boundary object,跨界物件；疆界物件,,2026-03-11
21396310,canonical science,典范科学,,2026-03-11
21396311,capital,资本,,2026-03-11
21396312,carbon cycling,碳循环,,2026-03-11
21396313,case-based instruction,案例本位教学,,2026-03-11
21396314,categorization,分类,,2026-03-11
21396315,causal learning,因果学习,,2026-03-11
21396316,causal mechanism,因果机制,,2026-03-11
21396317,chemistry Olympiad,化学奥林匹亚,,2026-03-11
21396318,choice and engagement,选择与参与,,2026-03-11
21396319,citizen science,公民科学,,2026-03-11
21396320,civic action,公民行动,,2026-03-11
21396321,civic engagement,公民参与,,2026-03-11
21396322,claims,主张；要求,,2026-03-11
21396323,classroom discussion,课室讨论；教室讨论,,2026-03-11
21396324,classroom disturbances,课室干扰；教室干扰,,2026-03-11
21396325,classroom experiences,课室经验；教室经验,,2026-03-11
21396326,classroom interaction,课室互动；教室互动,,2026-03-11
21396327,classroom intervention,课室介入,,2026-03-11
21396328,climate change,气候变迁,,2026-03-11
21396329,climate literacy,气候素养,,2026-03-11
21396330,cluster randomized intervention,集群随机介入,,2026-03-11
21396331,clustering,群聚；群集,,2026-03-11
21396332,coexistence,共存,,2026-03-11
21396333,cognitive activation,认知活化,,2026-03-11
21396334,cognitive biases,认知偏误,,2026-03-11
21396335,cognitive science,认知科学,,2026-03-11
21396336,coherence,融贯性；连贯性,,2026-03-11
21396337,collaboration,统合；合作,,2026-03-11
21396338,collaborative decision making,协同决策,,2026-03-11
21396339,collaborative inquiry learning,协同探究学习,,2026-03-11
21396340,collaborative talk,协同交谈,,2026-03-11
21396341,college attrition,大学流失,,2026-03-11
21396342,college or postsecondary students,大专学生,,2026-03-11
21396343,communication training,沟通训练,,2026-03-11
21396344,comparative case study research,比较个案研究,,2026-03-11
21396345,competence modelling,能力建模,,2026-03-11
21396346,competency beliefs,能力信念,,2026-03-11
21396347,completion problems,完成问题,,2026-03-11
21396348,complex systems,复杂系统,,2026-03-11
21396349,complexity,复杂性,,2026-03-11
21396350,computational modeling,运算建模,,2026-03-11
21396351,Computational Thinking(CT),运算思维,,2026-03-11
21396352,computer modeling,电脑（计算机）建模,,2026-03-11
21396353,computer science,电脑(计算机)科学,,2026-03-11
21396354,Computer-Aided Design(CAD),电脑（计算机）辅助设计,,2026-03-11
21396355,concept diagram,概念图解；概念示意图,,2026-03-11
21396356,conceptual analysis,概念分析,,2026-03-11
21396357,conceptual framework,概念架构,,2026-03-11
21396358,conceptual growth,概念发展,,2026-03-11
21396359,construct map,构念图,,2026-03-11
21396360,construct modeling,构念建模,,2026-03-11
21396361,constructivist pedagogy,建构式教学法,,2026-03-11
21396362,content specialization,内容专业化,,2026-03-11
21396363,context integration,脉络整合,,2026-03-11
21396364,contextualization,脉络化,,2026-03-11
21396365,continuing motivation,连续动机,,2026-03-11
21396366,Control-of-Variables Strategy(CVS),变因控制策略,,2026-03-11
21396367,Control‐Value Theory(CVT),控制-价值理论,,2026-03-11
21396368,cooperative grouping,合作分组,,2026-03-11
21396369,counterspaces,反空间,,2026-03-11
21396370,counterstories,反叙事,,2026-03-11
21396371,critical engineering agency,关键工程机构,,2026-03-11
21396372,critical quantitative intersectionality,批判量化交叉法,,2026-03-11
21396373,critical questions,批判问题；关键问题,,2026-03-11
21396374,critical race theory,批判种族理论,,2026-03-11
21396375,critique,批判；批评；评论,,2026-03-11
21396376,cross-cultural education,跨文化教育,,2026-03-11
21396377,cross‐lagged panel analysis,长期追踪交叉延宕分析,,2026-03-11
21396378,cross‐section,横断面,,2026-03-11
21396379,cross-sectional multilevel modeling,横断面多层次分析方法,,2026-03-11
21396380,cross‐sectional study,横断面研究,,2026-03-11
21396381,cultural capital,文化资本,,2026-03-11
21396382,cultural change,文化变迁,,2026-03-11
21396383,cultural-historical activity theory,文化历史活动理论,,2026-03-11
21396384,culturally relevant pedagogy,文化相关教学法,,2026-03-11
21396385,culturally relevant science,文化相关科学,,2026-03-11
21396386,culturally responsive science,文化回应科学,,2026-03-11
21396387,culturally responsive science teaching,文化回应科学教学,,2026-03-11
21396388,culturally responsive teaching,文化回应教学,,2026-03-11
21396389,curricular material,课程教材,,2026-03-11
21396390,curricular task,课程作业；课程任务,,2026-03-11
21396391,curriculum coherence,课程相关性,,2026-03-11
21396392,curriculum material,课程教材,,2026-03-11
21396393,curriculum model,课程模式,,2026-03-11
21396394,cyber Peer-Led Team Learning(cPLTL),网路同侪领导团队学习,,2026-03-11
21396395,deaf education,聋人教育,,2026-03-11
21396396,death instruction,死亡教学,,2026-03-11
21396397,debating activity,辩论活动,,2026-03-11
21396398,deep learning,深度学习,,2026-03-11
21396399,deep time,深时；深层时间,,2026-03-11
21396400,Delphi study,大慧法；德怀术,,2026-03-11
21396401,democratic education,民主教育,,2026-03-11
21396402,democratic participation,民主参与,,2026-03-11
21396403,design tools,设计工具,,2026-03-11
21396404,Design‐Based Implementation Research(DBIR),设计本位实作研究,,2026-03-11
21396405,design‐based research,设计本位研究,,2026-03-11
21396406,dialog,对话,,2026-03-11
21396407,dialogic teaching,对话式教学,,2026-03-11
21396408,dialogism,对话主义,,2026-03-11
21396409,differential item functioning,差异项目功能,,2026-03-11
21396410,disciplinary engagement,学科参与；学科投入,,2026-03-11
21396411,disciplinary literacy,学科素养,,2026-03-11
21396412,discipline‐based education research,学科本位教育研究,,2026-03-11
21396413,discourse strategy,言谈策略；论述策略,,2026-03-11
21396414,discursive claim,论述主张,,2026-03-11
21396415,diversity,多样性,,2026-03-11
21396416,"diversity, equity, and inclusion(DEI)",多元、公平与包容,,2026-03-11
21396417,document analysis,文件分析,,2026-03-11
21396418,domain‐specific‐knowledge,领域特定知识,,2026-03-11
21396419,drama in science,科学剧,,2026-03-11
21396420,dual language,双语言,,2026-03-11
21396421,dual science study,双科学研究,,2026-03-11
21396422,education for sustainability,永续发展教育,,2026-03-11
21396423,education policy,教育政策,,2026-03-11
21396424,education reform,教育改革,,2026-03-11
21396425,educational intervention,教育介入,,2026-03-11
21396426,educational technology,教育科技；教育工学,,2026-03-11
21396427,educative curriculum,教育课程,,2026-03-11
21396428,educative curriculum material,教育课程教材,,2026-03-11
21396429,electroencephalography(=EEG),脑波图,,2026-03-11
21396430,elementary science specialist,小学科学专家,,2026-03-11
21396431,embodied cognition,体现认知；体感认知,,2026-03-11
21396432,embodied learning,体现学习；体感学习,,2026-03-11
21396433,emergent bilingual learners,新兴双语学习者,,2026-03-11
21396434,emotion management,情绪管理,,2026-03-11
21396435,emotion regulation,情绪调节,,2026-03-11
21396436,emotional energy,情绪能量,,2026-03-11
21396437,empirical activity,经验活动,,2026-03-11
21396438,environmental awareness,环境觉知,,2026-03-11
21396439,environmental factors,环境因素；环境因子,,2026-03-11
21396440,environmental responsibility,环境责任,,2026-03-11
21396441,epistemic agency,知识主体性；认知能动性,,2026-03-11
21396442,epistemic agent,知识主体,,2026-03-11
21396443,epistemic certainty,认识论确定性,,2026-03-11
21396444,epistemic cognition,认识认知；知识认知,,2026-03-11
21396445,epistemic empathy,认识论同理心,,2026-03-11
21396446,epistemic knowledge,认识论知识,,2026-03-11
21396447,epistemic nature,认识论本质,,2026-03-11
21396448,epistemic orientation,认识论导向,,2026-03-11
21396449,epistemic thinking,认识论思维；认识论思考,,2026-03-11
21396450,epistemic tool,认识论工具,,2026-03-11
21396451,epistemic uncertainty,认识论不确定性,,2026-03-11
21396452,epistemic vigilance,认识论警觉；认识论警戒,,2026-03-11
21396453,epistemological awareness,认识论觉知,,2026-03-11
21396454,epistemological beliefs,认识论信念,,2026-03-11
21396455,epistemological development,认识论发展,,2026-03-11
21396456,epistemological frame,认识论框架,,2026-03-11
21396457,epistemological message,认识论讯息,,2026-03-11
21396458,equitable science education,公平科学教育,,2026-03-11
21396459,ethnography,俗民志；民俗志,,2026-03-11
21396460,ethnomethodology,俗民方法论,,2026-03-11
21396461,evidence based argument,证据本位论证,,2026-03-11
21396462,evidence‐based instructional practice,证据本位教学实践,,2026-03-11
21396463,evolution acceptance,演化论接受度,,2026-03-11
21396464,evolutionary theory,演化论；进化论,,2026-03-11
21396465,exemplary case,典范案例,,2026-03-11
21396466,expectancy value theory,期望价值理论,,2026-03-11
21396467,expectancy‐value,期望价值,,2026-03-11
21396468,experimental evaluation,实验评鉴,,2026-03-11
21396469,explanatory model,解释模型,,2026-03-11
21396470,external representation,外在表征,,2026-03-11
21396471,eye movement,眼动,,2026-03-11
21396472,eye tracker,眼动仪,,2026-03-11
21396473,eye‐movement tracking,眼动追踪,,2026-03-11
21396474,face validity,表面效度,,2026-03-11
21396475,family influence,家庭影响,,2026-03-11
21396476,family resemblance,家族相似性,,2026-03-11
21396477,family resemblance conceptualization of NOS,科学本质家族相似性概念化,,2026-03-11
21396478,feelings of belonging,归属感,,2026-03-11
21396479,fieldwork,田野工作；田野调查,,2026-03-11
21396480,figured worlds,形意世界；图形世界,,2026-03-11
21396481,fine-grained constructivism,细致建构主义,,2026-03-11
21396482,formal operational reasoning,形式运思推理,,2026-03-11
21396483,free‐choice learning,自由选择学习,,2026-03-11
21396484,gender‐mathematics  stereotype,数学性别刻板印象,,2026-03-11
21396485,gender‐mathematics and gender‐science stereotype,数理性别刻板印象,,2026-03-11
21396486,gender‐science stereotype,科学性别刻板印象,,2026-03-11
21396487,generalizability theory,通则性理论,,2026-03-11
21396488,generating explanation,生成解释,,2026-03-11
21396489,global carbon cycling,全球碳循环,,2026-03-11
21396490,green energy,绿色能源(绿能),,2026-03-11
21396491,guided play,引导游戏,,2026-03-11
21396492,hands‐on manipulation,动手操作,,2026-03-11
21396493,haptic technology,触觉科技,,2026-03-11
21396494,hierarchical linear modeling,阶层线性模式,,2026-03-11
21396495,history and philosophy of science(HPS),科学史与科学哲学,,2026-03-11
21396496,identity development,认同发展,,2026-03-11
21396497,identity trajectory,认同轨迹,,2026-03-11
21396498,identity‐in‐practice,实践中认同,,2026-03-11
21396499,implicit knowledge,内隐知识,,2026-03-11
21396500,inductive reasoning,归纳推理,,2026-03-11
21396501,informal science learning,非制式科学学习,,2026-03-11
21396502,information visualization,资讯视觉化,,2026-03-11
21396503,inquiry science,探究科学,,2026-03-11
21396504,inquiry skill,探究技能,,2026-03-11
21396505,inquiry‐based,探究本位,,2026-03-11
21396506,inquiry‐based instructional practice,探究本位教学实践,,2026-03-11
21396507,inquiry‐based science teaching,探究本位科学教学,,2026-03-11
21396508,Institutional Review Board( IRB),机构审查委员会,,2026-03-11
21396509,instructional leader,教学领导者,,2026-03-11
21396510,instructional planning,教学计划,,2026-03-11
21396511,instructional practice,教学实践；教学实作；教学实务,,2026-03-11
21396512,instructional quality,教学品质,,2026-03-11
21396513,instructional quality assessment,教学品质评量；教学品质评估,,2026-03-11
21396514,instructional reasoning,教学推理,,2026-03-11
21396515,instructional task,教学任务,,2026-03-11
21396516,instrument development,工具发展,,2026-03-11
21396517,instrumentality,工具化,,2026-03-11
21396518,integrated co-teaching,统整合作教学,,2026-03-11
21396519,integrated instruction,统整教学,,2026-03-11
21396520,integrated knowledge structure,统整知识结构,,2026-03-11
21396521,integrated science and engineering,统整科学和工程,,2026-03-11
21396522,intellectual demand,智能需求,,2026-03-11
21396523,intellectual disability,智能障碍,,2026-03-11
21396524,interactive learning environment,互动学习环境,,2026-03-11
21396525,interactive tabletop,互动式桌面,,2026-03-11
21396526,Interactive‐Constructive‐Active‐Passive framework ( ICAP),互动-建构-主动-被动 架构,,2026-05-26
21396527,interconnected model of teachers' professional growth,教师专业成长互联模式,,2026-03-11
21396528,interdisciplinary,跨领域；跨学科,,2026-03-11
21396529,interdisciplinary assessment,跨领域评量,,2026-03-11
21396530,interdisciplinary competence,跨领域能力,,2026-03-11
21396531,interdisciplinary learning,跨领域学习,,2026-03-11
21396532,interdisciplinary problem solving,跨领域问题解决,,2026-03-11
21396533,interdisciplinary science,跨领域科学,,2026-03-11
21396534,interdisciplinary science inquiry,跨领域科学探究,,2026-03-11
21396535,interdisciplinary understanding,跨领域理解,,2026-03-11
21396536,interest in science,科学兴趣,,2026-03-11
21396537,internet‐specific justification,网路特定辩证,,2026-03-11
21396538,interpretive power,诠释力,,2026-03-11
21396539,intersectionality,交织性,,2026-03-11
21396540,item response theory (IRT),试题反应理论；项目反应理论,,2026-03-11
21396541,knowledge‐in‐use,使用中知识,,2026-03-11
21396542,laboratory science,实验室科学,,2026-03-11
21396543,latent profile analysis,潜在剖面分析,,2026-03-11
21396544,learning approach,学习取向,,2026-03-11
21396545,learning by modelling,建模学习,,2026-03-11
21396546,learning index,学习索引,,2026-03-11
21396547,learning pathway,学习途径,,2026-03-11
21396548,learning product,学习成果,,2026-03-11
21396549,learning progression,学习进程,,2026-03-11
21396550,learning to teach,学习教学,,2026-03-11
21396551,linear mixed‐effects regression,线性混合效应回归,,2026-03-11
21396552,local socioscientific issue,当地社会科学议题,,2026-03-11
21396553,longitudinal growth modeling,纵贯成长建模,,2026-03-11
21396554,long‐term knowledge retention,长期知识保留,,2026-03-11
21396555,long‐term professional development,长期专业发展,,2026-03-11
21396556,low achiever,低成就者,,2026-03-11
21396557,machine learning,机器学习,,2026-03-11
21396558,mantal manipulation,心智操作,,2026-03-11
21396559,materialist dialectics,唯物辩证法,,2026-03-11
21396560,materialistic thinking,唯物思维,,2026-03-11
21396561,math engagement,数学投入,,2026-03-11
21396562,Mathematics and Science Partnerships(MSP),数理伙伴关系,,2026-03-11
21396563,mechanism,机制,,2026-03-11
21396564,mechanistic reasoning,机制推理；机械推理,,2026-03-11
21396565,mediated instruction,中介教学,,2026-03-11
21396566,mediating means,中介方法,,2026-03-11
21396567,medical simulation,医学模拟,,2026-03-11
21396568,mental load,心智负荷,,2026-03-11
21396569,mentoring,导师制；师徒制,,2026-03-11
21396570,metacognitive awareness,后设认知觉察,,2026-03-11
21396571,metamodeling,后设建模；元建模,,2026-03-11
21396572,metasynthesis,后设综合,,2026-03-11
21396573,methodology of analysis,分析方法学,,2026-03-11
21396574,microaggression,微歧视,,2026-03-11
21396575,microethnography,微俗民志；微人种志,,2026-03-11
21396576,minority ethnic student,少数族群学生,,2026-03-11
21396577,misinformation,错误资讯,,2026-03-11
21396578,mixed methods,混合法,,2026-03-11
21396579,mixed‐methods research,混合研究方法,,2026-03-11
21396580,model and modeling,模型和建模,,2026-03-11
21396581,model evaluation criteria,模型评鉴规准,,2026-03-11
21396582,model‐based instruction,模型本位教学,,2026-03-11
21396583,model-based reasoning,模型本位推理,,2026-03-11
21396584,model‐based science instruction,模型本位科学教学,,2026-03-11
21396585,modeling‐based teaching,建模本位教学,,2026-03-11
21396586,moon phases,月相,,2026-03-11
21396587,motivational outcomes,动机结果,,2026-03-11
21396588,multi‐group structural equation modeling,多群组结构方程模型；多群组结构方程模式,,2026-03-11
21396589,multilevel modeling(MLM),多层次模型；多层次模式,,2026-03-11
21396590,multimodal representation,多模态表征,,2026-03-11
21396591,multimodality,多模态性；多峰性,,2026-03-11
21396592,multiple regression and correlation(MRC),多元回归与相关,,2026-03-11
21396593,multivariable regression,多变项回归；多变数回归,,2026-03-11
21396594,nature of scientific inquiry,科学探究本质,,2026-03-11
21396595,Next Generation Science Standards(NGSS),新世代科学标准,,2026-03-11
21396596,non-linear reasoning,非线性推理,,2026-03-11
21396597,observation‐based protocol,观察本位原案,,2026-03-11
21396598,opportunity gaps,机会差距,,2026-03-11
21396599,opportunity structure,机会结构,,2026-03-11
21396600,Opportunity to Learn(OTL),学习机会,,2026-03-11
21396601,ordered multiple-choice items,次序型选择题,,2026-03-11
21396602,ordered‐multiple‐choice items,次序型选择题,,2026-03-11
21396603,out-of-field teaching,专业外教学；非本专业教学,,2026-03-11
21396604,out‐of‐school program,校外计划；校外方案,,2026-03-11
21396605,out‐of‐school‐time programe (OST) ,课外计划；课外方案,,2026-05-26
21396606,parental involvement,父母参与；家长参与,,2026-03-11
21396607,parental support,父母支持,,2026-03-11
21396608,parent-child interaction,亲子互动,,2026-03-11
21396609,participatory methodology,参与式方法论,,2026-03-11
21396610,participatory social capital,参与式社会资本,,2026-03-11
21396611,particulate nature of matte(PNM),物质微粒本质,,2026-03-11
21396612,pedagogical resource,教学资源,,2026-03-11
21396613,pedagogy,教育学；教学法,,2026-03-11
21396614,Peer-Led Team Learning(PLTL),同侪主导式团队学习,,2026-03-11
21396615,performance task,实作任务,,2026-03-11
21396616,persistence,持续性,,2026-03-11
21396617,philosophical inquiry,哲学探究,,2026-03-11
21396618,physical science,物质科学；理化,,2026-03-11
21396619,place‐based learning,地方本位学习,,2026-03-11
21396620,place-based understanding,地方本位理解,,2026-03-11
21396621,plurilingual,多语种,,2026-03-11
21396622,popular science text,科普文本,,2026-03-11
21396623,population thinking,族群思维,,2026-03-11
21396624,primary literature,原始文献,,2026-03-11
21396625,primary science,小学科学,,2026-03-11
21396626,primary science education,小学科学教育,,2026-03-11
21396627,primary teacher,小学教师,,2026-03-11
21396628,probabilistic topic models,机率主题模型,,2026-03-11
21396629,pro‐environmental behavior,友善环境行为,,2026-03-11
21396630,professional identity,专业认同,,2026-03-11
21396631,professional knowledge,专业知识,,2026-03-11
21396632,professional network,专业网络,,2026-03-11
21396633,prospective teacher,准教师；未来教师,,2026-03-11
21396634,purposeful observation,目的性观察,,2026-03-11
21396635,quality of argumentation,论证品质,,2026-03-11
21396636,quasi‐experiment,准实验法,,2026-03-11
21396637,question-asking ability,提问能力,,2026-03-11
21396638,randomized controlled trial,随机对照试验,,2026-03-11
21396639,recognition,再认,,2026-03-11
21396640,reform-oriented curriculum,改革导向课程,,2026-03-11
21396641,reform-oriented teacher education,改革导向师资培育,,2026-03-11
21396642,research apprenticeship,研究师徒制,,2026-03-11
21396643,Research Ethic Committee( REC),研究伦理委员会,,2026-03-11
21396644,research ethics,研究伦理,,2026-03-11
21396645,resiliency,韧性,,2026-03-11
21396646,resilient student,韧性学生,,2026-03-11
21396647,resource‐constrained school,资源受限学校,,2026-03-11
21396648,responsive teaching,回应教学,,2026-03-11
21396649,risk perception,风险觉知,,2026-03-11
21396650,scaffold,鹰架,,2026-03-11
21396651,scale construction,量表建构,,2026-03-11
21396652,science aspirations,科学志向；科学抱负,,2026-03-11
21396653,science capital,科学资本,,2026-03-11
21396654,science career aspiration,科学职业志向；科学职业抱负,,2026-03-11
21396655,science diversity,科学多元性,,2026-03-11
21396656,science engagement,科学投入,,2026-03-11
21396657,science exemplification,科学范例；科学例证,,2026-03-11
21396658,science explanation,科学解释,,2026-03-11
21396659,science fiction film,科幻电影,,2026-03-11
21396660,Science For All,全民科学,,2026-03-11
21396661,science identity,科学认同,,2026-03-11
21396662,science infographic,科学资讯图解,,2026-03-11
21396663,science investigation,科学调查,,2026-03-11
21396664,science knowledge construction,科学知识建构,,2026-03-11
21396665,science museum,科学博物馆,,2026-03-11
21396666,science practice,科学实践；科学实作,,2026-03-11
21396667,science process,科学过程,,2026-03-11
21396668,science professional development,科学专业发展,,2026-03-11
21396669,science read‐alouds,科学朗读,,2026-03-11
21396670,science teacher beliefs,科学教师信念,,2026-03-11
21396671,science trade books,普及版科学图书,,2026-03-11
21396672,science‐as‐practice,科学即实践,,2026-03-11
21396673,science‐related social issues,科学相关社会议题,,2026-03-11
21396674,Science-Technology-Engineering-Arts-Mathematics (STEAM),科学–技学–工程–艺术–数学,,2026-03-11
21396675,Science-Technology-Engineering-Mathematics(STEM),科学–技学–工程–数学,,2026-03-11
21396676,science‐text reading,科学文本阅读,,2026-03-11
21396677,scientific constructs,科学构念,,2026-03-11
21396678,scientific evidence,科学证据,,2026-03-11
21396679,scientific explanation,科学解释,,2026-03-11
21396680,scientific language,科学语言,,2026-03-11
21396681,scientist recognition,科学家认可(肯定)；科学家辨识,,2026-03-11
21396682,seamless learning,无缝学习,,2026-03-11
21396683,selection bias,选择偏误,,2026-03-11
21396684,self‐developed explanation,自我发展解释,,2026-03-11
21396685,self‐efficacy belief,自我效能信念,,2026-03-11
21396686,self‐report instruments,自陈量表,,2026-03-11
21396687,self‐schema,自我基模,,2026-03-11
21396688,semiotics,符号学；语言符号学,,2026-03-11
21396689,shared knowledge,共享知识,,2026-03-11
21396690,sheltered classroom,庇护教室,,2026-03-11
21396691,slowmation,慢动画,,2026-03-11
21396692,small group learning,小组学习,,2026-03-11
21396693,social bonds,社会连结；社会联结；社会键,,2026-03-11
21396694,Social Cognitive Career Theory(SCCT),社会认知生涯理论,,2026-03-11
21396695,social construction,社会建构,,2026-03-11
21396696,social justice,社会正义,,2026-03-11
21396697,social media,社群媒体,,2026-03-11
21396698,social networks,社会网络,,2026-03-11
21396699,social responsibility,社会责任,,2026-03-11
21396700,socially acute questions,社会敏感问题,,2026-03-11
21396701,sociocultural issue,社会文化议题,,2026-03-11
21396702,sociocultural theory,社会文化理论,,2026-03-11
21396703,socio‐ecological approach,社会-生态取向,,2026-03-11
21396704,sociohistorical theory,社会历史理论,,2026-03-11
21396705,sociopolitical consciousness,社会政治意识,,2026-03-11
21396706,socioscientific curriculum materials,社会科学课程教材,,2026-03-11
21396707,socio‐scientific issue,社会性科学议题,,2026-03-11
21396708,Socio-scientific Reasoning (SSR),社会-科学推理,,2026-03-11
21396709,Socioscientific Reasoning(SSR),社会性科学推理,,2026-03-11
21396710,sociotransformative constructivism (sTc),社会转化建构主义,,2026-03-11
21396711,spatial skills,空间技能,,2026-03-11
21396712,spatial thinking,空间思维；空间思考,,2026-03-11
21396713,standardized test,标准化测验,,2026-03-11
21396714,STEM aspiration,STEM抱负,,2026-03-11
21396715,storyline,故事情节,,2026-03-11
21396716,student ability belief,学生能力信念,,2026-03-11
21396717,student achievement,学生成就,,2026-03-11
21396718,student agency,学生能动性,,2026-03-11
21396719,student belief,学生信念,,2026-03-11
21396720,student conception,学生概念,,2026-03-11
21396721,student experience,学生经验,,2026-03-11
21396722,student learning,学生学习,,2026-03-11
21396723,student outcome,学生成果,,2026-03-11
21396724,student personality,学生人格特质,,2026-03-11
21396725,student resource,学生资源,,2026-03-11
21396726,student sense‐making,学生意义建构；学生感知建构,,2026-03-11
21396727,student thinking,学生思考,,2026-03-11
21396728,student‐centered instruction,学生中心教学,,2026-03-11
21396729,students' questions,学生提问,,2026-03-11
21396730,students' understanding,学生理解,,2026-03-11
21396731,students' voice,学生心声,,2026-03-11
21396732,synchronous online learning,同步线上学习,,2026-03-11
21396733,synthesis,综合,,2026-03-11
21396734,systematic review,系统回顾,,2026-03-11
21396735,Systemic Functional Linguistics(SFL),系统功能语言学,,2026-03-11
21396736,systemic reasoning,系统性推理,,2026-03-11
21396737,systems theory,系统理论,,2026-03-11
21396738,systems thinking,系统思考,,2026-03-11
21396739,"TARGET factors｛task, authority, recognition, grouping, evaluation, time｝",TARGET 因素,,2026-03-11
21396740,task orientation,任务取向；工作取向,,2026-03-11
21396741,task‐based framework,任务本位架构,,2026-03-11
21396742,teacher agency,教师能动性,,2026-03-11
21396743,teacher attention,教师关注力,,2026-03-11
21396744,teacher belief,教师信念,,2026-03-11
21396745,teacher certification policy,教师认证政策,,2026-03-11
21396746,teacher change,教师改变,,2026-03-11
21396747,teacher cognition,教师认知,,2026-03-11
21396748,teacher competency,教师能力,,2026-03-11
21396749,teacher content knowledge,教师内容知识,,2026-03-11
21396750,teacher development,教师发展,,2026-03-11
21396751,teacher induction,教师引导,,2026-03-11
21396752,teacher instructional practice,教师教学实践,,2026-03-11
21396753,teacher knowledge,教师知识,,2026-03-11
21396754,teacher learning community,教师学习社群,,2026-03-11
21396755,teacher motivation,教师动机,,2026-03-11
21396756,teacher noticing,教师觉察,,2026-03-11
21396757,teacher practice,教师实践,,2026-03-11
21396758,teacher preparation,教师培育,,2026-03-11
21396759,teacher professional development(teacher PD),教师专业发展,,2026-03-11
21396760,teacher qualification,教师资格,,2026-03-11
21396761,teacher quality,教师品质,,2026-03-11
21396762,teacher science knowledge,教师科学知识,,2026-03-11
21396763,teacher thinking,教师思维,,2026-03-11
21396764,teacher‐directed instructional practices,教师主导教学实践,,2026-03-11
21396765,teachers' professional competence,教师专业能力,,2026-03-11
21396766,teaching identity,教学认同,,2026-03-11
21396767,teaching practice,教学实践,,2026-03-11
21396768,teaching reform,教学改革,,2026-03-11
21396769,teaching resource,教学资源,,2026-03-11
21396770,team learning,团队学习,,2026-03-11
21396771,tertiary science instruction,高等科学教学,,2026-03-11
21396772,text comprehension,文本理解,,2026-03-11
21396773,Thinking Journey,思考之旅,,2026-03-11
21396774,three‐dimensional learning,三维学习,,2026-03-11
21396775,threshold concept,门槛概念,,2026-03-11
21396776,transfer,迁移；转换,,2026-03-11
21396777,transformative experience,转化性体验；转化性经验,,2026-03-11
21396778,tree thinking,树状思维,,2026-03-11
21396779,Uncertainty Management Theory(UMT),不确定管理理论,,2026-03-11
21396780,utilitarianism,效益主义,,2026-03-11
21396781,utility value,效用值,,2026-03-11
21396782,validation,验证,,2026-03-11
21396783,validity evidence,效度验证,,2026-03-11
21396784,variation theory,变异理论,,2026-03-11
21396785,veteran and novice,老手和新手；资深和资浅,,2026-03-11
21396786,visualization tool,视觉化工具,,2026-03-11
21396787,visual‐perceptual skill,视知觉技能,,2026-03-11
21396788,women's issue,女性议题,,2026-03-11
21396789,worldview,世界观,,2026-03-11
21396790,writing to learn,写作学习,,2026-03-11
21403028,combination type,组合型；笛卡儿乘积,,2026-05-26
21403029,epistemological belief,认识论信念,,2026-05-26
21403030,standards of professional competence,专业知能标准,,2026-05-26
