ID,英文名稱,中文名稱,圖片,更新日期
3255226,1-phenyl-3-pyrazolidone,{冲片}菲尼酮1-3号,,2017-08-08
3255227,16-bit graphics,十六位元图形,,2017-08-08
3255228,2010 Healthy People,{美国}2010健康白皮书,,2017-08-08
3255229,20th Century-Fox,二十世纪福斯电影公司,,2017-08-08
3255230,24-bit graphics,二十四位元图形,,2017-08-08
3255231,24-hour newscast,24小时新闻报导,,2017-08-08
3255232,2B film,2B底片,,2017-08-08
3255233,2D computer animation,2D电脑动画,,2017-08-08
3255234,3-D ads,3D广告,,2017-08-08
3255235,35mm camera,35毫米摄影机；35毫米照相机,,2017-08-08
3255236,3D computer animation,3D电脑动画,,2017-08-08
3255237,3D film,3D电影,,2017-08-08
3255238,3GPP {=3rd Generation Partnership Project},第三代行动通讯合作计划,,2017-08-08
3255239,3rd Generation Partnership Project {=3GPP},第三代行动通讯合作计划,,2017-08-08
3255240,60 Minutes,{美国节目}「六十分钟」,,2017-08-08
3255241,8 vestigial-side band modulation system broadcast {=8-VSB},八残波带调变系统广播,,2017-08-08
3255242,8-bit graphics,八位元图形,,2017-08-08
3255243,8-VSB {=8 vestigial-side band modulation system broadcast},八残波带调变系统广播,,2017-08-08
3255244,8mm film,8毫米电影,,2017-08-08
3255245,9.5mm film,9.5毫米电影,,2017-08-08
3255246,A and B editing,ab带剪接,,2017-08-08
3255247,A and B wind,分侧卷片,,2017-08-08
3255248,a flash point,引爆点,,2017-08-08
3255249,a la carte advertising,单选广告,,2017-08-08
3255250,a la carte channel,单选频道,,2017-08-08
3255251,a take,好的镜头,,2017-08-08
3255252,a wind,A卷[绕]片,,2017-08-08
3255253,a-picture,a级片,,2017-08-08
3255254,A. C. Nielsen,Nielsen公司,,2017-08-08
3255255,A/C,交流电源,,2017-08-08
3255256,A/D {=Analog to Digital} converter,类比／数位转换器,,2017-08-08
3255257,AAA {=American Arbitration Association},美国仲裁协会,,2017-08-08
3255258,AAAA {=American Association of Advertising Agencies},美国广告代理商协会,,2017-08-08
3255259,AAC {=advanced audio coding},先进音讯编码,,2017-08-08
3255260,AAF {=American Advertising Federation},美国广告协会,,2017-08-08
3255261,AAL {=ATM adaptation layer},非同步传输模式适应层,,2017-08-08
3255262,AAPC {=American Association of Political Consultants},美国政治咨询协会,,2017-08-08
3255263,AAPOR {=American Association for Public Opinion Research},美国民意研究学会,,2017-08-08
3255264,AB-roll editing,AB卷剪辑,,2017-08-08
3255265,ABA {=Australian Broadcasting Authority},澳洲广播管理局,,2017-08-08
3255266,ABC {=American Broadcasting Company},美国广播公司,,2017-08-08
3255267,ABC {=American Broadcasting Company} News,美国广播公司新闻,,2017-08-08
3255268,ABC {=Audit Bureau of Circulation},发行量稽核局,,2017-08-08
3255269,ABC {=Australian Broadcasting Corporation},澳洲广播公司,,2017-08-08
3255270,ABCN {=Asia Broadcasting and Communications Network},亚洲广播视讯网,,2017-08-08
3255271,abdominal pain,腹痛,,2017-08-08
3255272,aberrant decoding,歧异解码,,2017-08-08
3255273,aberration,逸轨；像差,,2017-08-08
3255274,ABIEN {=Advanced Broadband Integrated e-Service Network},{台湾}先进宽频e化服务网路,,2017-08-08
3255275,abjection,弃却,,2017-08-08
3255276,ABL {=automatic black level control},自动黑阶控制,,2017-08-08
3255277,above-the-line personnel,线上人力,,2017-08-08
3255278,ABR {=Audit Bureau of Rating},收视率稽核组织,,2017-08-08
3255279,abrasion,{底片}刮痕,,2017-08-08
3255280,abrasion mark,{底片}刮痕,,2017-08-08
3255281,abrasion resistance,抗磨性,,2017-08-08
3255282,absence,缺席；不在场；隐缺,,2017-08-08
3255283,absentee ballots,缺席投票；不在籍投票,,2017-08-08
3255284,absentee voting,缺席投票,,2017-08-08
3255285,absolute cost advantage,绝对成本优势,,2017-08-08
3255286,absolute film,绝对电影,,2017-08-08
3255287,absolute temperature,绝对温度,,2017-08-08
3255288,absolutism,绝对主义,,2017-08-08
3255289,absorbed dose,吸收剂量,,2017-08-08
3255290,absorbent,吸附剂,,2017-08-08
3255291,absorption,吸光；吸收,,2017-08-08
3255292,absorption current,电流吸收,,2017-08-08
3255293,absorption maximum,最大吸收；吸收峰,,2017-08-08
3255294,absorption spectrum,吸收光谱,,2017-08-08
3255295,abstinence,停止使用；禁欲,,2017-08-08
3255296,abstract film,抽象电影,,2017-08-08
3255297,ABU {=Asia Pacific Broadcasting Union},亚太广播电视联盟,,2017-08-08
3255298,abundance principle,充裕原则,,2017-08-08
3255299,abuse of process,程序滥用,,2017-08-08
3255300,AC charger/adaptor,交流电充电器／转接器,,2017-08-08
3255301,ACA {=Austrian Communications Authority},奥地利广电局,,2017-08-08
3255302,Academic editing,影艺学院式剪接,,2017-08-08
3255303,Academy aperture,影艺学院片门,,2017-08-08
3255304,Academy awards,奥斯卡金像奖,,2017-08-08
3255305,Academy leader,影艺学院导片,,2017-08-08
3255306,Academy mask,影艺学院遮片,,2017-08-08
3255307,Academy of Motion Picture Arts & Science,美国影艺学院,,2017-08-08
3255308,Academy standards,影艺学院标准,,2017-08-08
3255309,ACC {=automatic chroma control circuit},色度自动调节回路,,2017-08-08
3255310,ACCC {=Australia Competition & Consumer Commission},澳洲竞争与消费者委员会,,2017-08-08
3255311,accelerated montage,加速蒙太奇,,2017-08-08
3255312,accelerator,{显影}促进剂,,2017-08-08
3255313,accenting,增强；口音,,2017-08-08
3255314,acceptability of risk,风险接受度,,2017-08-08
3255315,acceptable daily intake {=ADI},每日可接受摄取量,,2017-08-08
3255316,acceptable risk,可接受风险,,2017-08-08
3255317,acceptable use policy {=AUP},可接受的使用条款,,2017-08-08
3255318,acceptance fee,许可费,,2017-08-08
3255319,access channel,近用频道；进用频道,,2017-08-08
3255320,access charge,接取费用,,2017-08-08
3255321,access directive,{欧盟}接取指令,,2017-08-08
3255322,access fee,接续费,,2017-08-08
3255323,access network,接取网路,,2017-08-08
3255324,access point {=AP},存取点；网路桥接器,,2017-08-08
3255325,access right,近用权；进用权,,2017-08-08
3255326,access service,接续服务,,2017-08-08
3255327,access standard,接取标准,,2017-08-08
3255328,access-related condition,近用相关条件；进用相关条件,,2017-08-08
3255329,accessibility,近用性；进用性；可近用性；可进用性,,2017-08-08
3255330,accessibility to children,儿童近用；儿童进用,,2017-08-08
3255331,accessory,附件；辅助设备,,2017-08-08
3255332,accessory shoe,附件插座槽,,2017-08-08
3255333,accidental sampling,偶遇抽样,,2017-08-08
3255334,accommodation,调和,,2017-08-08
3255335,account,客户,,2017-08-08
3255336,account executive {=AE},业务人员,,2017-08-08
3255337,account hijacking,帐号窃取,,2017-08-08
3255338,account management information system {=AMIS},客户管理资讯系统,,2017-08-08
3255339,account of profits,利润考量,,2017-08-08
3255340,account planning,业务企画,,2017-08-08
3255341,account supervisor,业务督导,,2017-08-08
3255342,accountability,责任,,2017-08-08
3255343,accountability principle,问责原则,,2017-08-08
3255344,accounting information system {=AIS},会计资讯系统,,2017-08-08
3255345,accounting rate,分摊费率,,2017-08-08
3255346,accreditation,认证；审定,,2017-08-08
3255347,accreditation program,认证方案,,2017-08-08
3255348,accredited journalist,特派记者 ,,2017-08-08
3255349,accretion measure,附加测量,,2017-08-08
3255350,acculturation,文化涵化；文化适应；文化同化,,2017-08-08
3255351,accuracy,精确；正确；准确,,2017-08-08
3255352,acetate,醋酸基,,2017-08-08
3255353,acetate film,醋酸盐胶片,,2017-08-08
3255354,acetate-base film,醋酸银基底片,,2017-08-08
3255355,acetic acid,醋酸,,2017-08-08
3255356,acetyl cellulose,醋酸纤维素；乙醯纤维素,,2017-08-08
3255357,achievement motivation theory,成就动机理论,,2017-08-08
3255358,achromat,消色差；消色差透镜,,2017-08-08
3255359,achromatic color,消色；去色,,2017-08-08
3255360,achromatic lens,消色差透镜；消色差镜头,,2017-08-08
3255361,achrony,含混,,2017-08-08
3255362,acid developer,酸性显影液,,2017-08-08
3255363,acid fixer,酸性定影液,,2017-08-08
3255364,acid hardener,酸性固膜液,,2017-08-08
3255365,acid hardening fixer,酸性固膜定影液,,2017-08-08
3255366,acid stop bath,酸性停制液；酸性停显液,,2017-08-08
3255367,acid-processed gelatin,酸性处理胶片；酸性胶,,2017-08-08
3255368,ACLU {=American Civil Liberties Union},美国公民自由联盟,,2017-08-08
3255369,ACMA {=Australian Communications and Media Authority},澳洲通讯及媒体局,,2017-08-08
3255370,acoustics,音响学,,2017-08-08
3255371,ACPA {=Anti-cybersquatting Consumer Protection Act},{美国}反网路抢注消费者保护法,,2017-08-08
3255372,acquired immunodeficiency syndrome {=AIDS},爱滋病；后天免疫缺乏症候群,,2017-08-08
3255373,acquired susceptibility,后天易感性,,2017-08-08
3255374,acquisition and distribution,采购与发行,,2017-08-08
3255375,acquisition television program,外购电视节目,,2017-08-08
3255376,act sequences,{口语}行动历程,,2017-08-08
3255377,ACT {=Action for Children's Television},{美国}儿童电视行动组织,,2017-08-08
3255378,actant,行动者,,2017-08-08
3255379,acteur,演员,,2017-08-08
3255380,acting,表演,,2017-08-08
3255381,actinometer,测光计；光化强度计,,2017-08-08
3255382,action,行动,,2017-08-08
3255383,action advertising,行动广告,,2017-08-08
3255384,action film,动作片,,2017-08-08
3255385,Action for Children's Television {=ACT},{美国}儿童电视行动组织,,2017-08-08
3255386,action network,行动联播网,,2017-08-08
3255387,action plan,行动计划,,2017-08-08
3255388,action program,行动方案,,2017-08-08
3255389,Action Programme to Promote the Development of the European Audio Visual Industry,促进发展欧洲视听工业行动方案,,2017-08-08
3255390,action research,行动研究,,2017-08-08
3255391,action script,动态脚本语言,,2017-08-08
3255392,action stage,行动期,,2017-08-08
3255393,action step,行动阶段,,2017-08-08
3255394,action theory,行动理论,,2017-08-08
3255395,action zone,行动区,,2017-08-08
3255396,action-oriented community diagnosis,行动导向社群诊断,,2017-08-08
3255397,activated sludge process,活性污泥法,,2017-08-08
3255398,activation effect,催化效果,,2017-08-08
3255399,active attribute,主动属性,,2017-08-08
3255400,active audience,主动阅听人,,2017-08-08
3255401,active communicator,主动传播者,,2017-08-08
3255402,active content,动态内容,,2017-08-08
3255403,active gelatin,活性胶片,,2017-08-08
3255404,active listening,积极倾听,,2017-08-08
3255405,active matrix,主动式矩阵,,2017-08-08
3255406,active meter,主动式计数表,,2017-08-08
3255407,active repeater satellite,主动式回复卫星,,2017-08-08
3255408,active voter model,积极投票模式,,2017-08-08
3255409,activism,行动主义,,2017-08-08
3255410,activist-advocate,行动主义倡议者,,2017-08-08
3255411,activities of daily living {=ADL},日常生活活动,,2017-08-08
3255412,actor,演员,,2017-08-08
3255413,acts,行动,,2017-08-08
3255414,actual consumer,实质消费者,,2017-08-08
3255415,actual malice,真实恶意,,2017-08-08
3255416,actual sound,真实声音,,2017-08-08
3255417,actualization,实现,,2017-08-08
3255418,acuitycutance developer,高锐度显影液,,2017-08-08
3255419,acutance,锐度,,2017-08-08
3255420,acutance development,高锐度显影,,2017-08-08
3255421,acute disease,急性病,,2017-08-08
3255422,ad hoc network,临时网路；随建即连网路,,2017-08-08
3255423,ad hoc sample,特定样本,,2017-08-08
3255424,ad hominem attack,人身攻击,,2017-08-08
3255425,ad network,{网页}广告仲介,,2017-08-08
3255426,ad request,{网页}广告点选,,2017-08-08
3255427,ad watch,广告监看,,2017-08-08
3255428,AD {=authorized domain},授权领域,,2017-08-08
3255429,ad-lib,即席演说；即席表演,,2017-08-08
3255430,ad-lib live report,即席现场报导,,2017-08-08
3255431,adaptation,适应；调整；{广告}在地改编,,2017-08-08
3255432,adaptive modulation,可适性调变,,2017-08-08
3255433,adaptor,适应动作；插座；整流器,,2017-08-08
3255434,ADC {=analog-to-digital converter},类比数位转换器,,2017-08-08
3255435,addiction,成瘾,,2017-08-08
3255436,additional protocol,附加协定,,2017-08-08
3255437,additive color,加色法、加色,,2017-08-08
3255438,additive color printer,加色印片机,,2017-08-08
3255439,additive color process,加色法处理,,2017-08-08
3255440,additive complementary color,加层补色,,2017-08-08
3255441,additive mixture,加色混色法,,2017-08-08
3255442,additive primaries,三原色加色,,2017-08-08
3255443,additive printer,加色[法]印片机,,2017-08-08
3255444,additive printing,加色[法]印片,,2017-08-08
3255445,additive process,加色过程,,2017-08-08
3255446,additive task,附加任务,,2017-08-08
3255447,address,位址,,2017-08-08
3255448,address code,位址代码,,2017-08-08
3255449,address translator,位址转换器,,2017-08-08
3255450,addressable,可定址的,,2017-08-08
3255451,addressable converter,定址转换器,,2017-08-08
3255452,addressing,定址,,2017-08-08
3255453,addressing mode,定址模式,,2017-08-08
3255454,addressing space,定址空间；位址空间,,2017-08-08
3255455,ADDS {=Audio Digital Distribution Service},声频数位传送服务,,2017-08-08
3255456,adherography,胶印法,,2017-08-08
3255457,adherometer,附著力测定仪；黏附试验机,,2017-08-08
3255458,ADI {=acceptable daily intake},每日可接受摄取量,,2017-08-08
3255459,ADI {=Area of Dominant Influence},{收视率}主要影响区,,2017-08-08
3255460,adjacency effect,邻近效应,,2017-08-08
3255461,adjacent channel interference,邻频干扰,,2017-08-08
3255462,adjourning stage,终止阶段,,2017-08-08
3255463,adjustable masking frame,可调式遮框,,2017-08-08
3255464,adjustment error,调整误差,,2017-08-08
3255465,adjuvant,佐剂,,2017-08-08
3255466,ADL {=activities of daily living},日常生活活动,,2017-08-08
3255467,administrative charge,行政规费,,2017-08-08
3255468,administrative plan,施政计划,,2017-08-08
3255469,administrative process,行政程序,,2017-08-08
3255470,administrative reform,行政改革,,2017-08-08
3255471,administrative regulation,行政规范,,2017-08-08
3255472,adolescent pregnancy prevention campaign,青少年怀孕防治宣导,,2017-08-08
3255473,adolescent sexuality,青少年性欲、性行为与性发展,,2017-08-08
3255474,adopter category,采用者类别；接受者类别,,2017-08-08
3255475,adoption model,采用模式,,2017-08-08
3255476,ADR {=alternative dispute resolution},替代性争议解决,,2017-08-08
3255477,ADR {=automatic dialogue replacement},自动对话替换,,2017-08-08
3255478,ADSL circuit {=Asymmetrical Digital Subscriber Line circuit},非对称数位用户回路电路,,2017-08-08
3255479,ADSL {=Asymmetrical Digital Subscriber Line},非对称数位用户回路,,2017-08-08
3255480,ADSL {=Asynchronous Digital Subscriber Loop},非对称用户回路,,2017-08-08
3255481,ADTB-T {=Advanced Digital Television Broadcasting System-Terrestrial},先进数位电视广播─地面系统,,2017-08-08
3255482,adult contemporary,{类型电台}成人当代音乐,,2017-08-08
3255483,Adult Learning Satellite Service,{美国}成人教育卫星服务,,2017-08-08
3255484,adult respiratory distress syndrome,成人呼吸窘迫症候群,,2017-08-08
3255485,adurol,阿杜罗显影剂,,2017-08-08
3255486,advanced audio coding {=AAC},先进音讯编码,,2017-08-08
3255487,Advanced Broadband Integrated e-Service Network {=ABIEN},{台湾}先进宽频e化服务网路,,2017-08-08
3255488,advanced digital network {=AND},高阶数位网路,,2017-08-08
3255489,Advanced Digital Television Broadcasting System-Terrestrial {=ADTB-T},先进数位电视广播─地面系统,,2017-08-08
3255490,advanced free phone {=AFP},先进式免付费电话,,2017-08-08
3255491,advanced mobile phone service {=AMPS},先进式行动电话服务,,2017-08-08
3255492,Advanced Research Project Agency Network {=ARPANET},{美国}先进网路研究计划,,2017-08-08
3255493,Advanced Research Project Agency {=ARPA},{美国}尖端研究计划署,,2017-08-08
3255494,Advanced Research Project Agency {=ARPA},{美国}尖端研究计划署,,2017-08-08
3255495,Advanced Research Projects Agency of the Department of Defense Net {=ARPANET},{美国}国防部高级研究计划局网路,,2017-08-08
3255496,Advanced Television System Committee {=ATSC},先进电视系统委员会,,2017-08-08
3255497,Advanced Television Systems Committee-Mobile/Handheld {=ATSC-M/H},{美国}先进电视系统委员会-行动/手持系统,,2017-08-08
3255498,Advanced Television Testing Center,{美国}先进电视测试中心,,2017-08-08
3255499,advanced television {=ATV},先进电视系统,,2017-08-08
3255500,advanced universal service,先进式普及服务,,2017-08-08
3255501,advanced video coding {=AVC},先进视讯编码,,2017-08-08
3255502,adversarial approach,对抗式取径,,2017-08-08
3255503,adverse effect,不良反应；副作用,,2017-08-08
3255504,adverse hearing,对立听证,,2017-08-08
3255505,adverse selection,逆向选择,,2017-08-08
3255506,advertisement,广告,,2017-08-08
3255507,advertiser,广告主,,2017-08-08
3255508,advertising,广告,,2017-08-08
3255509,advertising agency,广告代理商,,2017-08-08
3255510,advertising allowance,广告津贴,,2017-08-08
3255511,advertising impression,广告印象,,2017-08-08
3255512,advertising manager,广告经理,,2017-08-08
3255513,advertising medium,广告媒体,,2017-08-08
3255514,advertising message,广告讯息,,2017-08-08
3255515,advertising plan,广告计划,,2017-08-08
3255516,advertising pyramid,广告金字塔,,2017-08-08
3255517,advertising research,广告研究,,2017-08-08
3255518,Advertising Research Foundation {=ARF},{美国}广告研究基金会,,2017-08-08
3255519,advertising response curve,广告反应曲线,,2017-08-08
3255520,advertising specialty,广告赠品,,2017-08-08
3255521,Advertising Standards Authority {=ASA},{英国}广告标准局,,2017-08-08
3255522,advertising strategy,广告策略,,2017-08-08
3255523,advertising value equivalent,[换算后]同等广告价值,,2017-08-08
3255524,advertorial,编辑式广告；{俗称}广编稿,,2017-08-08
3255525,advice column,顾问专栏,,2017-08-08
3255526,adviser function,顾问功能,,2017-08-08
3255527,advising and evaluating response,建议与评估回应,,2017-08-08
3255528,advisory board,顾问委员会,,2017-08-08
3255529,advisory committee,咨询委员会,,2017-08-08
3255530,Advisory Committee on Advanced Television,{美国}高画质电视咨询委员会,,2017-08-08
3255531,Advisory Committee On Fair Trial and Free Press,公平审判与新闻自由顾问委员会,,2017-08-08
3255532,advoacy journalism,鼓吹式新闻学；倡导式新闻学,,2017-08-08
3255533,advocacy,倡议；鼓吹,,2017-08-08
3255534,advocacy ads,鼓吹式广告；倡议式广告,,2017-08-08
3255535,advocacy advertising,宣导广告,,2017-08-08
3255536,advocacy group,鼓吹团体；倡议团体,,2017-08-08
3255537,advocacy groups,倡议团体,,2017-08-08
3255538,advocacy in public relations,倡议型公关,,2017-08-08
3255539,advocacy journalism,鼓吹式新闻学；倡议式新闻学,,2017-08-08
3255540,advocacy reporting,鼓吹式报导；倡导式报导,,2017-08-08
3255541,AE {=account executive},业务人员,,2017-08-08
3255542,AE {=automatic exposure},自动曝光,,2017-08-08
3255543,AE {=automatic exposure} camera,自动曝光照相机,,2017-08-08
3255544,AEJMCA {=association for Education in Journalism and Mass Communication},{美国}新闻与大众传播教育学会,,2017-08-08
3255545,AEL {=auto exposure lock},自动曝光锁定,,2017-08-08
3255546,ael {=automatic exposure lock},自动曝光锁定,,2017-08-08
3255547,aerial cable,高架电缆,,2017-08-08
3255548,aerial camera,空照摄影机,,2017-08-08
3255549,aerial oxidation,空气氧化,,2017-08-08
3255550,aerial perspective,空间透视,,2017-08-08
3255551,aerial photogrammetry,空照摄影测量,,2017-08-08
3255552,aerial photographic camera,空照摄影机,,2017-08-08
3255553,aerial shot,高空镜头,,2017-08-08
3255554,aerobic digestion,有氧消化,,2017-08-08
3255555,Aeronautical Advisory Station,航空咨询电台,,2017-08-08
3255556,Aerospatiale,法国太空总署,,2017-08-08
3255557,aerotopography,空照摄影测量,,2017-08-08
3255558,AES {=Audio Engineering Society},{欧洲}音响工程协会,,2017-08-08
3255559,aesthetic code,美学符码,,2017-08-08
3255560,aesthetic need,美感需求,,2017-08-08
3255561,aesthetical judgment,审美判断,,2017-08-08
3255562,aesthetical judgment,审美判断,,2017-08-08
3255563,aestheticisation,美学化,,2017-08-08
3255564,aestheticization of everyday life,日常生活美学化,,2017-08-08
3255565,AF {=automatic focusing},自动调焦；自动对焦,,2017-08-08
3255566,AFC {=automatic frequency control},自动频率控制,,2017-08-08
3255567,affair,绯闻 ,,2017-08-08
3255568,affect display,情感表现,,2017-08-08
3255569,affection need,情感需求,,2017-08-08
3255570,affective,情意的,,2017-08-08
3255571,affective dimension,情感面向,,2017-08-08
3255572,affidavit,切结书,,2017-08-08
3255573,affidavit of performance,电视广告播出具结,,2017-08-08
3255574,affiliate,联播；联营；联盟,,2017-08-08
3255575,affiliated station,{联播网}加盟电台,,2017-08-08
3255576,affiliation agreement,加盟协议,,2017-08-08
3255577,affirmative action,肯定行动,,2017-08-08
3255578,Affirmative Action,平权法案,,2017-08-08
3255579,affirmative ads,平权广告,,2017-08-08
3255580,affirmative disclosure,正面揭示,,2017-08-08
3255581,affirmative right,平权,,2017-08-08
3255582,AFL-CIO {=American Federation of Labor and Congress of Industrial Organizations},美国劳工联合会,,2017-08-08
3255583,aflatoxin,黄曲毒素,,2017-08-08
3255584,AFM {=American Federation of Musicians of the United States and Canada},美加音乐家联盟,,2017-08-08
3255585,AFP {=advanced free phone },先进式免付费电话,,2017-08-08
3255586,AFP {=Agence France Presse},法新社,,2017-08-08
3255587,AFP {=L'Agence France-Presse},法新社,,2017-08-08
3255588,African identity,非洲认同；非洲身份,,2017-08-08
3255589,afrocentrism,非洲中心主义,,2017-08-08
3255590,AFT {=automatic fine tuning},自动微调,,2017-08-08
3255591,after image,后像；残影；余像,,2017-08-08
3255592,after-treatment,后续处理,,2017-08-08
3255593,aftermarket,售后市场,,2017-08-08
3255594,AFTRA {=American Federation of Television and Radio Artists},美国广播电视艺术家联盟,,2017-08-08
3255595,AG bulb {=All-glass type bulb},全玻璃闪光灯泡；小型闪光灯泡,,2017-08-08
3255596,AGC {=automatic gain control},自动增益控制,,2017-08-08
3255597,age specific birth rate {=ASBR},育龄妇女年龄别生育率,,2017-08-08
3255598,age-specific fertility rate,年龄别生育率,,2017-08-08
3255599,age-specific mortality rate,年龄别死亡率,,2017-08-08
3255600,ageism,老年歧视；年龄歧视,,2017-08-08
3255601,Agence France Presse {=AFP},法新社,,2017-08-08
3255602,agency,通讯社；代理机构；行动力；代理商；能动性,,2017-08-08
3255603,Agency Havas,{法国}哈瓦斯通讯社,,2017-08-08
3255604,agency of socializaton,社会化机制,,2017-08-08
3255605,agenda,议题,,2017-08-08
3255606,agenda structure,议程结构,,2017-08-08
3255607,agenda-building,议题建构,,2017-08-08
3255608,agenda-building process,议题建构过程,,2017-08-08
3255609,agenda-setting,议题设定,,2017-08-08
3255610,agenda-setting effect,议题设定效应,,2017-08-08
3255611,agenda-setting function,议题设定功能,,2017-08-08
3255612,agenda-setting hypothesis,议题设定假说,,2017-08-08
3255613,Agenda-setting theory,议题设定理论,,2017-08-08
3255614,agent,代理人；行为者；经纪人；能动者,,2017-08-08
3255615,aggregate,聚集体；集合体,,2017-08-08
3255616,aggregate data,群集资料,,2017-08-08
3255617,aggregation of audience,阅听众的集合体,,2017-08-08
3255618,aggressive control measure,积极控制措施,,2017-08-08
3255619,aggressive cue,侵略性暗示；攻击性暗示,,2017-08-08
3255620,aggressive journalism,侵入式新闻手法,,2017-08-08
3255621,agit-prop,政治煽动电影,,2017-08-08
3255622,agonistic striving {=AS},力求掌控,,2017-08-08
3255623,agony aunt,问答专栏；答复读者来函之专栏女作家,,2017-08-08
3255624,agreement,协议,,2017-08-08
3255625,Agreement on Basic Telecommunications,{WTO}基础电信事业协定,,2017-08-08
3255626,agricultural advertising,农业广告,,2017-08-08
3255627,agriculture radio station,{美国}农业电台,,2017-08-08
3255628,AGVA {=American Guild of Variety Artists},美国多元影艺工会,,2017-08-08
3255629,AI {=Amnesty International},国际特赦组织,,2017-08-08
3255630,AI {=artificial intelligence},人工智慧,,2017-08-08
3255631,aided channel repertoire,频道提示；频道简介,,2017-08-08
3255632,AIDS Memorial Quilt,爱滋[纪念]拼布；爱滋[纪念]百衲被；爱滋[纪念]被单,,2017-08-08
3255633,AIDS prevention campaign,爱滋病防治宣导,,2017-08-08
3255634,AIDS Quilt,爱滋[纪念]拼布；爱滋[纪念]百衲被；爱滋[纪念]被单,,2017-08-08
3255635,AIDS {=acquired immunodeficiency syndrome},爱滋病；后天免疫缺乏症候群,,2017-08-08
3255636,AIFF {=Audio Interchage File Format},声音交换档格式,,2017-08-08
3255637,ailment,病痛；疾病,,2017-08-08
3255638,AIPCE {=Alliance of Independent Press Councils of Europe},欧洲独立报业团体联盟,,2017-08-08
3255639,air agitation,充气搅拌,,2017-08-08
3255640,air bell,附著气泡,,2017-08-08
3255641,air brush,气刷,,2017-08-08
3255642,air knife,气动刮刀,,2017-08-08
3255643,air pollution,空气污染,,2017-08-08
3255644,air release valve,放气阀；排气阀,,2017-08-08
3255645,air sickness,晕机,,2017-08-08
3255646,Air-Ground Radiotelephone,陆空无线电话业务,,2017-08-08
3255647,airborne particle,气悬微粒,,2017-08-08
3255648,airbrush effect,喷笔效果,,2017-08-08
3255649,aircheck,现场直播监听；现场直播监看,,2017-08-08
3255650,airdrome control station,飞航管控塔台,,2017-08-08
3255651,AIS {=accounting information system },会计资讯系统,,2017-08-08
3255652,AIS {=alarm indication signal},警告指示信号,,2017-08-08
3255653,aisle display,走道展示,,2017-08-08
3255654,AIVF {=Association of Independent Video and Film Makers},{美国}独立录影带和影片制作人协会,,2017-08-08
3255655,AKM {=apogee kick motor},远地点推送马达,,2017-08-08
3255656,Al-Jazeera,半岛电视台,,2017-08-08
3255657,alarm indication signal {=AIS},警告指示信号,,2017-08-08
3255658,albada finder,阿尔巴达观景器；直视观景器,,2017-08-08
3255659,Album-Oriented Rock {=AOR},{类型电台}摇滚类型,,2017-08-08
3255660,albumen paper,蛋清相纸,,2017-08-08
3255661,albumen print,蛋清印相法,,2017-08-08
3255662,albumen process,{摄影}蛋清法,,2017-08-08
3255663,ALC {=automatic level control},自动平衡控制,,2017-08-08
3255664,ALC {=automatic light compensation},自动光线补偿,,2017-08-08
3255665,alcohol consumption,饮酒量,,2017-08-08
3255666,alcohol use,饮酒,,2017-08-08
3255667,alcoholism,酗酒；酒精成瘾,,2017-08-08
3255668,aleatory technique,即兴技巧,,2017-08-08
3255669,ALI {=American Law Institute},美国法律协会,,2017-08-08
3255670,aliasing,{电脑绘图软体}锯齿状；{数位讯号}失真；杂讯,,2017-08-08
3255671,alien presence,异类的存在,,2017-08-08
3255672,alienation,疏离；异化,,2017-08-08
3255673,alienation device,疏离手法；异化手法,,2017-08-08
3255674,alkaline dry battery,碱性干电池,,2017-08-08
3255675,alkaline fixer,碱性定影液,,2017-08-08
3255676,all weather camera,全天候摄影机,,2017-08-08
3255677,All-Channel Receiver Act,全频道接收者法案,,2017-08-08
3255678,All-glass type bulb {=AG bulb},全玻璃闪光灯泡；小型闪光灯泡,,2017-08-08
3255679,all-purpose public figure,全能性公众人物,,2017-08-08
3255680,all-round developer,通用显影液,,2017-08-08
3255681,allegory,寓言,,2017-08-08
3255682,allergenicity,致过敏性,,2017-08-08
3255683,allergy,过敏,,2017-08-08
3255684,Alliance for Telecommunications Industry Standard {=ATIS},{美国}电信产业标准联盟,,2017-08-08
3255685,Alliance of Independent Press Councils of Europe {=AIPCE},欧洲独立报业团体联盟,,2017-08-08
3255686,allocation,分配,,2017-08-08
3255687,allocative efficiency,分配效率；配置效率,,2017-08-08
3255688,allotment,{频率}指配,,2017-08-08
3255689,alpha channel,色板去背,,2017-08-08
3255690,alpha reliability,α信度,,2017-08-08
3255691,ALT text {=Alternative text},替代文字,,2017-08-08
3255692,alternative dispute resolution {=ADR},替代性争议解决,,2017-08-08
3255693,alternative hypothesis testing,替代假设检定,,2017-08-08
3255694,alternative journalism,另类新闻学,,2017-08-08
3255695,alternative media,另类媒体；非主流媒体,,2017-08-08
3255696,alternative medicine,另类疗法；替代疗法,,2017-08-08
3255697,Alternative text {=ALT text},替代文字,,2017-08-08
3255698,alternative to state regulation,国家管制之另类选择,,2017-08-08
3255699,alternator,交流电发电机,,2017-08-08
3255700,altruism,利他主义,,2017-08-08
3255701,alum fixer,定影液,,2017-08-08
3255702,alum hardener,定影固膜液,,2017-08-08
3255703,alum-hypo toning,海波液,,2017-08-08
3255704,AM {=amptitude modulation},调幅,,2017-08-08
3255705,AMA {=American Media Association},美国媒体协会,,2017-08-08
3255706,AMA {=American Medical Association},美国医学协会,,2017-08-08
3255707,Amateur Radio Operators Qualification Program,{美国}业余电台操作员认证计划,,2017-08-08
3255708,amateur station,业余电台,,2017-08-08
3255709,amber filter,琥珀色滤色片,,2017-08-08
3255710,ambient light,自然光；环境光,,2017-08-08
3255711,ambient sound,现场音；环境音；身历声,,2017-08-08
3255712,ambiguity,含糊；暧昧,,2017-08-08
3255713,ambiguous language,含糊语言,,2017-08-08
3255714,ambivalence,情感两歧；模棱两可；爱恨交织,,2017-08-08
3255715,ambush,拦路采访,,2017-08-08
3255716,ambush marketing,伏击行销,,2017-08-08
3255717,America Responds to AIDS Campaign,美国回应爱滋病宣导,,2017-08-08
3255718,American Advertising Federation {=AAF},美国广告协会,,2017-08-08
3255719,American Arbitration Association {=AAA},美国仲裁协会,,2017-08-08
3255720,American Association for Public Opinion Research {=AAPOR},美国民意研究学会,,2017-08-08
3255721,American Association of Advertising Agencies {=AAAA},美国广告代理商协会,,2017-08-08
3255722,American Association of Political Consultants,美国政治咨询协会,,2017-08-08
3255723,American Association of Political Consultants {=AAPC},美国政治咨询协会,,2017-08-08
3255724,American Association of Teachers of Journalism,美国新闻学教师协会,,2017-08-08
3255725,American Broadcasting Company {=ABC},美国广播公司,,2017-08-08
3255726,American Broadcasting Company {=ABC} News,美国广播公司新闻,,2017-08-08
3255727,American Cancer Society,美国癌症协会,,2017-08-08
3255728,American CDI Association,美国互动光碟协会,,2017-08-08
3255729,American Civil Liberties Union,美国公民自由联盟,,2017-08-08
3255730,American Civil Liberties Union {=ACLU},美国公民自由联盟,,2017-08-08
3255731,American Council on Public Relations,美国公共关系委员会,,2017-08-08
3255732,American Federation of Labor and Congress of Industrial Organizations {=AFL-CIO},美国劳工联合会,,2017-08-08
3255733,American Federation of Musicians,美国乐师联盟,,2017-08-08
3255734,American Federation of Musicians of the United States and Canada {=AFM},美加音乐家联盟,,2017-08-08
3255735,American Federation of Television and Radio Artists {=AFTRA},美国广播电视艺术家联盟,,2017-08-08
3255736,American Film Festival,美国影展,,2017-08-08
3255737,American Film Institute,美国电影学院,,2017-08-08
3255738,American Film Market,美国电影市场展,,2017-08-08
3255739,American Film Market Association,美国电影市场联合会,,2017-08-08
3255740,American Guild of Variety Artists {=AGVA},美国多元影艺工会,,2017-08-08
3255741,American Health Association,美国健康学会,,2017-08-08
3255742,American Law Institute {=ALI},美国法律协会,,2017-08-08
3255743,American Media Association {=AMA},美国媒体协会,,2017-08-08
3255744,American Medical Association {=AMA},美国医学协会,,2017-08-08
3255745,American montage,美国式蒙太奇,,2017-08-08
3255746,American National Standards Institute {=ANSI},美国国家标准协会,,2017-08-08
3255747,American Newspaper Publishers Association {=ANPA},美国报业发行人协会,,2017-08-08
3255748,American pragmatism,美国实用主义,,2017-08-08
3255749,American Press Institute,美国新闻学院,,2017-08-08
3255750,American Public Health Association,美国公共卫生学会,,2017-08-08
3255751,American Public Radio {=APR},美国公共广播网,,2017-08-08
3255752,American Society of Cinematographers {=ASC},美国电影摄影师协会,,2017-08-08
3255753,American Society of Composers,美国作曲家协会,,2017-08-08
3255754,American Society of Newspaper Editors {=ASNE} Statement of Principles,美国报业编辑协会原则,,2017-08-08
3255755,American Society of Newspaper Editors {=ASNE},美洲报业编辑协会,,2017-08-08
3255756,American Standard Code for Information Interchange {=ASCII},美国资讯交换标准码,,2017-08-08
3255757,American Standards Association {=ASA},美国标准协会,,2017-08-08
3255758,American Standards Association {=ASA} speed rating,美国标准协会指数,,2017-08-08
3255759,American Telephone and Telegraph {=AT&T},美国电话电报公司,,2017-08-08
3255760,American Women in Radio and Television,美国妇女广播电视协会,,2017-08-08
3255761,Americanization,美国化,,2017-08-08
3255762,amidol developer,阿米多显影液,,2017-08-08
3255763,AMIS {=account management information system},客户管理资讯系统,,2017-08-08
3255764,ammonia development,氨法显影,,2017-08-08
3255765,ammoniacal emulsion,氨法乳剂,,2017-08-08
3255766,ammonium persulphate reducer,过硫酸铵降减液,,2017-08-08
3255767,amnesia,健忘症,,2017-08-08
3255768,Amnesty International {=AI},国际特赦组织,,2017-08-08
3255769,AMOL {=automated measurement of lineups},{节目}自动计量系统,,2017-08-08
3255770,amorphous material,非晶材料,,2017-08-08
3255771,amorphous selenium,非晶硒,,2017-08-08
3255772,amphetamine,安非他命,,2017-08-08
3255773,amplification model,扩大模式,,2017-08-08
3255774,amplification of risk,风险扩大,,2017-08-08
3255775,AMPS {=advanced mobile phone service},先进式行动电话服务,,2017-08-08
3255776,amptitude modulation {=AM},调幅,,2017-08-08
3255777,ANA {=Association of National Advertisers},美国全国广告主协会,,2017-08-08
3255778,anachrony,错时,,2017-08-08
3255779,anaglyph printing,立体印刷；立体彩像印刷,,2017-08-08
3255780,analepsis,倒叙,,2017-08-08
3255781,analog audio synchronizer,类比音讯同步器,,2017-08-08
3255782,analog camera,类比式摄影机,,2017-08-08
3255783,analog cart system,类比式匣式机,,2017-08-08
3255784,analog cassete,类比式卡带,,2017-08-08
3255785,analog proof,类比校样,,2017-08-08
3255786,analog recording system,类比式录音系统,,2017-08-08
3255787,analog signal,类比讯号,,2017-08-08
3255788,analog signal converter,类比讯号转换器,,2017-08-08
3255789,analog to digital,类比转数位,,2017-08-08
3255790,Analog to Digital {=A/D} converter,类比／数位转换器,,2017-08-08
3255791,analog transmission,类比传输,,2017-08-08
3255792,analog video effect,类比视讯特效,,2017-08-08
3255793,analog videotape recorder,类比式录影机,,2017-08-08
3255794,analog-to-digital converter {=ADC},类比数位转换器,,2017-08-08
3255795,analogue,类比,,2017-08-08
3255796,analogy,类比,,2017-08-08
3255797,analysis of variance {=ANOVA},变异数分析,,2017-08-08
3255798,analytic health care ethics,分析式医疗伦理,,2017-08-08
3255799,analytical,分析性特稿,,2017-08-08
3255800,analytical density,分析密度,,2017-08-08
3255801,analyzing and interpreting response,分析与诠释回应,,2017-08-08
3255802,anamorphic image,变形影像,,2017-08-08
3255803,anamorphic lens,变形镜头,,2017-08-08
3255804,anamorphic process,变形摄影；变形处理,,2017-08-08
3255805,anastigmat,消像散透镜,,2017-08-08
3255806,anastigmat,消像散透镜,,2017-08-08
3255807,anastigmat lens,消像散镜头,,2017-08-08
3255808,anchor,锚点；定锚；主播,,2017-08-08
3255809,anchor voice-over,主播旁白,,2017-08-08
3255810,anchorage,定锚,,2017-08-08
3255811,anchorperson,主播,,2017-08-08
3255812,ancillary and supplementary service,周边与辅助服务,,2017-08-08
3255813,ancillary liability and sanctions,辅助责任及罚则,,2017-08-08
3255814,AND {=advanced digital network},高阶数位网路,,2017-08-08
3255815,androcentrism,男性中心主义,,2017-08-08
3255816,anecdote,趣闻轶事 ,,2017-08-08
3255817,anecdote lead,典故式导言,,2017-08-08
3255818,anesthetic,麻醉剂,,2017-08-08
3255819,angiocardiography,心血管摄影；心导管造影术,,2017-08-08
3255820,angle,摄影角度,,2017-08-08
3255821,angle of gaze,凝视角,,2017-08-08
3255822,angle of incidence,入射角,,2017-08-08
3255823,angle of refraction,折射角,,2017-08-08
3255824,angle of view,视角,,2017-08-08
3255825,angle view finder,视角观景器,,2017-08-08
3255826,aniline printing,苯胺印刷；曲面印刷,,2017-08-08
3255827,animal feed,动物饲料,,2017-08-08
3255828,animal performer,动物演员,,2017-08-08
3255829,animatic,测试用广告影片初剪,,2017-08-08
3255830,animatics,动画脚本,,2017-08-08
3255831,animation,动画,,2017-08-08
3255832,animation camera,动画摄影机,,2017-08-08
3255833,animation disc,动画原盘,,2017-08-08
3255834,animation industry,动画产业,,2017-08-08
3255835,animation stand,动画摄影台,,2017-08-08
3255836,animator,动画师；照本宣科表；依据行事表,,2017-08-08
3255837,animatronics,机械偶,,2017-08-08
3255838,Annecy International Animated Film Festival,{法国}安锡国际动画影展,,2017-08-08
3255839,Annex on Telecommunications,{WTO}电信附则,,2017-08-08
3255840,announcement effect,宣示效果,,2017-08-08
3255841,announcer,播报员,,2017-08-08
3255842,annual,年刊,,2017-08-08
3255843,annual report,年度报告,,2017-08-08
3255844,anomie,失序；失范；反常,,2017-08-08
3255845,anonymity,匿名性,,2017-08-08
3255846,anonymity on the internet,网路匿名,,2017-08-08
3255847,anonymous File Transfer Protocol {=FTP},匿名档案传输协定,,2017-08-08
3255848,anonymous FTP {=File Transfer Protocol},匿名档案传输协定,,2017-08-08
3255849,anonymous political leaflet,匿名政治传单,,2017-08-08
3255850,anonymous remailer,匿名邮件转寄程式,,2017-08-08
3255851,anonymous server,匿名伺服器,,2017-08-08
3255852,ANOVA {=analysis of variance},变异数分析,,2017-08-08
3255853,ANPA {=American Newspaper Publishers Association},美国报业发行人协会,,2017-08-08
3255854,ANR {=audio news release},有声新闻稿,,2017-08-08
3255855,ANSI {=American National Standards Institute},美国国家标准协会,,2017-08-08
3255856,answer print,广告影片定稿；校正拷贝,,2017-08-08
3255857,ant colony optimization,蚁群优化演算法,,2017-08-08
3255858,antagonist,反派角色,,2017-08-08
3255859,antenna,天线,,2017-08-08
3255860,antenna gain,天线增益,,2017-08-08
3255861,anthology,文集；文选,,2017-08-08
3255862,anthrax,炭疽病,,2017-08-08
3255863,anthrax attack,炭疽攻击,,2017-08-08
3255864,anthropomorphic shape,拟人型态,,2017-08-08
3255865,anti abrasion backing layer,抗磨损背层；防刮护膜,,2017-08-08
3255866,anti cross-subsidization,禁止交叉补贴,,2017-08-08
3255867,anti red eye,防红眼,,2017-08-08
3255868,anti-abortion group,反堕胎团体,,2017-08-08
3255869,anti-abrasion coating,防刮护膜,,2017-08-08
3255870,anti-abrasion layer,防刮保护层,,2017-08-08
3255871,anti-alcohol abuse campaign,反酗酒宣导,,2017-08-08
3255872,anti-aliasing,反杂讯；杂讯抑止；{电脑绘图软体}平滑化；{数位讯号}防止失真,,2017-08-08
3255873,anti-bronzing agent,铜锈防止剂,,2017-08-08
3255874,anti-buythrough,反并购；反统购,,2017-08-08
3255875,anti-calcium agent,软水剂,,2017-08-08
3255876,anti-circumvention,反规避条款,,2017-08-08
3255877,anti-competitive coordination,反竞争协调,,2017-08-08
3255878,anti-consumer,反消费者,,2017-08-08
3255879,Anti-cybersquatting Consumer Protection Act {=ACPA},{美国}反网路抢注消费者保护法,,2017-08-08
3255880,anti-drug media campaign,反毒媒体宣导,,2017-08-08
3255881,anti-drug message,反毒讯息,,2017-08-08
3255882,anti-drunk driving campaign,反酒驾宣导,,2017-08-08
3255883,anti-foggant,防雾剂,,2017-08-08
3255884,anti-freezing agent,防冻剂,,2017-08-08
3255885,anti-globalization,反全球化,,2017-08-08
3255886,anti-globalization movement,反全球化运动,,2017-08-08
3255887,anti-halation,防光晕,,2017-08-08
3255888,anti-jamming,反干扰,,2017-08-08
3255889,anti-narrative,反叙事,,2017-08-08
3255890,anti-objectivity,反客观性,,2017-08-08
3255891,anti-oxidizing agent,防氧化剂,,2017-08-08
3255892,anti-sensitization,反增感,,2017-08-08
3255893,anti-sensitizer,反增感剂,,2017-08-08
3255894,anti-smoking campaign,反吸烟宣导,,2017-08-08
3255895,anti-social marketing,反社会行销,,2017-08-08
3255896,anti-socialist,反社会主义者,,2017-08-08
3255897,anti-society sexual action,反社会之性行为,,2017-08-08
3255898,anti-static,抗静电,,2017-08-08
3255899,anti-static agent,抗静电剂,,2017-08-08
3255900,anti-static backing,抗静电背层,,2017-08-08
3255901,anti-swelling agent,防膨胀剂,,2017-08-08
3255902,anti-tobacco campaign,反烟宣导,,2017-08-08
3255903,anti-trafficking rule,限制转手规定,,2017-08-08
3255904,anti-vaccination movement,反疫苗接种运动,,2017-08-08
3255905,anti-vignetting filter,消除黑角滤片,,2017-08-08
3255906,anti-war movement,反战运动,,2017-08-08
3255907,antibiotic,抗生素,,2017-08-08
3255908,antibiotic resistance gene,抗生素抗药基因,,2017-08-08
3255909,antibiotic resistant bacteria,抗生素抗药性细菌,,2017-08-08
3255910,antibody,抗体,,2017-08-08
3255911,anticipation,预述,,2017-08-08
3255912,anticipatory model of crisis management,危机管理的期望模式,,2017-08-08
3255913,anticlimax,反高潮,,2017-08-08
3255914,anticopy device,反盗录设备,,2017-08-08
3255915,anticurl backing,防卷曲背层；防卷曲层,,2017-08-08
3255916,antigen,抗原,,2017-08-08
3255917,antihalation backing,消晕背衬,,2017-08-08
3255918,antihalation backing coating,消晕背衬,,2017-08-08
3255919,antihalation coating,防光晕衬,,2017-08-08
3255920,antirealism,反实在论,,2017-08-08
3255921,antiretroviral medication {=ARV},抗逆转录病毒药物疗法；抗反转录病毒药物疗法,,2017-08-08
3255922,antisocial learning,反社会学习,,2017-08-08
3255923,antitrust law,反托拉斯法；反垄断法,,2017-08-08
3255924,"AOI {=attitude,opinion,interest}",态度、意见、兴趣研究,,2017-08-08
3255925,AOR {=Album-Oriented Rock},{类型电台}专辑导向摇滚,,2017-08-08
3255926,AOR {=album-oriented rock},{类型电台}唱片摇滚乐；专辑摇滚,,2017-08-08
3255927,AP {=access point},存取点；网路桥接器,,2017-08-08
3255928,AP {=associate producer},助理制作人,,2017-08-08
3255929,AP {=Associated Press},美联社,,2017-08-08
3255930,apathetic public,冷漠公众,,2017-08-08
3255931,APBU {=Asia-Pacific Broadcasting Union},亚太广播联盟,,2017-08-08
3255932,APEC Telecommunications and Information Working Group,亚太经合会电信暨资讯工作小组,,2017-08-08
3255933,APEC {=Asia Pacific Economic Cooperation},亚太经济合作会议,,2017-08-08
3255934,aperture,光圈,,2017-08-08
3255935,aperture card,光圈检索对照卡,,2017-08-08
3255936,aperture efficiency,光圈效率,,2017-08-08
3255937,aperture lens,光圈镜头,,2017-08-08
3255938,aperture plate,片窗；光圈板,,2017-08-08
3255939,aperture ratio,光圈比；开口率,,2017-08-08
3255940,aperture stop,光圈档数；光圈指数,,2017-08-08
3255941,aperture-priority automatic exposure camera,光圈优先式自动曝光照相机,,2017-08-08
3255942,API {=application program interface},应用程式介面,,2017-08-08
3255943,aplanat,消球差透镜；齐明镜,,2017-08-08
3255944,APNIC {=Asia-Pacific Network Information Center},亚太网际网路资讯中心,,2017-08-08
3255945,apochromat,消球差与消色差透镜,,2017-08-08
3255946,apogee,{卫星轨道}远地点,,2017-08-08
3255947,apogee kick motor {=AKM},远地点推送马达,,2017-08-08
3255948,apologia,辩护,,2017-08-08
3255949,apology,道歉,,2017-08-08
3255950,appeal,诉求,,2017-08-08
3255951,appeal to authority,权威诉求,,2017-08-08
3255952,appeal to prurient interest,诉诸性欲,,2017-08-08
3255953,appearance by a candidate,候选人曝光,,2017-08-08
3255954,apple box,垫脚箱,,2017-08-08
3255955,applet,小程式,,2017-08-08
3255956,application layer,应用层,,2017-08-08
3255957,application of mark,标志申请,,2017-08-08
3255958,application program interface {=API},应用程式介面,,2017-08-08
3255959,application to register,注册申请,,2017-08-08
3255960,applied research,应用研究,,2017-08-08
3255961,applied science,应用科学,,2017-08-08
3255962,applied social science,应用社会科学,,2017-08-08
3255963,appoint news provider rule,{英国}新闻消息来源规范；新闻提供者规范,,2017-08-08
3255964,approach,研究取径；诉求；接近,,2017-08-08
3255965,appropriate permission,适当许可,,2017-08-08
3255966,APR {=American Public Radio},美国公共广播网,,2017-08-08
3255967,APS {=automatic protection switching},自动保护切换设备,,2017-08-08
3255968,APT {=Asia Pacific Tele-community},亚太电讯联盟,,2017-08-08
3255969,APTV {=Associated Press Telelvision},美联社电视,,2017-08-08
3255970,AQH {=average quarter hour rating},十五分钟收视(听)率,,2017-08-08
3255971,Arab League,阿拉伯联盟,,2017-08-08
3255972,Arab States Broadcasting Union {=ASBU},阿拉伯国家广播联盟,,2017-08-08
3255973,Arabsat,阿拉伯卫星；阿拉伯卫星联盟,,2017-08-08
3255974,arbitrary code,任意符码；武断符码,,2017-08-08
3255975,arbitrary signifier,任意能指；武断能指；任意符号具；武断符号具,,2017-08-08
3255976,arbitrary symbol,任意的／独断的符号,,2017-08-08
3255977,Arbitron diary,{收视调查}Arbitron日志法,,2017-08-08
3255978,arc,{摄影}弧形运动；弧光；电弧,,2017-08-08
3255979,arc lamp,弧光灯,,2017-08-08
3255980,arc shot,弧形运动摄影,,2017-08-08
3255981,arcade game,大型游戏机,,2017-08-08
3255982,archetype,原型,,2017-08-08
3255983,archival research,档案研究,,2017-08-08
3255984,archive,档案[资料库]；典藏,,2017-08-08
3255985,archive programme,纪录片；档案节目,,2017-08-08
3255986,archives,档案室,,2017-08-08
3255987,Area of Dominant Influence {=ADI},{收视率}主要影响区,,2017-08-08
3255988,area probability sampling,区域机率抽样,,2017-08-08
3255989,area stratified sampling,区域分层抽样,,2017-08-08
3255990,areca catechu,槟榔,,2017-08-08
3255991,areometer,液体比重计,,2017-08-08
3255992,Areopagitica,{英国}新闻自由请愿书,,2017-08-08
3255993,ARF {=Advertising Research Foundation},{美国}广告研究基金会,,2017-08-08
3255994,argot,隐语；暗语,,2017-08-08
3255995,argument,论辩,,2017-08-08
3255996,argument from cause,因果论证法,,2017-08-08
3255997,argumentational history,论辩历史,,2017-08-08
3255998,arguments from analogy,类推论证法,,2017-08-08
3255999,arguments from sign,从迹象论证,,2017-08-08
3256000,Ariane rocket,{法国}Ariane火箭,,2017-08-08
3256001,armature,{电脑动画}虚拟角色骨架,,2017-08-08
3256002,aromarama,香味电影,,2017-08-08
3256003,arousal,唤起,,2017-08-08
3256004,ARPA {=Advanced Research Project Agency},{美国}尖端研究计划署,,2017-08-08
3256005,ARPANET {=Advanced Research Project Agency Network},{美国}先进网路研究计划,,2017-08-08
3256006,ARPANET {=Advanced Research Projects Agency of the Department of Defense Net},{美国}国防部高级研究计划局网路,,2017-08-08
3256007,ARPU {=average revenue per user},使用者平均营收贡献值,,2017-08-08
3256008,ARQ {=automatic repeat request},自动要求重送设置,,2017-08-08
3256009,arrested development,抑制显影,,2017-08-08
3256010,arrogance of technical expertise,科技专家知识的傲慢,,2017-08-08
3256011,art direction,美术表现方向；美术设计,,2017-08-08
3256012,art director,美术指导；艺术指导,,2017-08-08
3256013,art house,艺术电影院,,2017-08-08
3256014,art studio,设计工作室；艺术工作室,,2017-08-08
3256015,art theater,艺术电影院,,2017-08-08
3256016,artery,动脉,,2017-08-08
3256017,article,记事；文章,,2017-08-08
3256018,artifact,人造物,,2017-08-08
3256019,artificial intelligence {=AI},人工智慧,,2017-08-08
3256020,artificial light,人工光,,2017-08-08
3256021,ARV {=antiretroviral medication},抗逆转录病毒药物疗法；抗反转录病毒药物疗法,,2017-08-08
3256022,AS {=agonistic striving},力求掌控,,2017-08-08
3256023,ASA {=Advertising Standards Authority},{英国}广告标准局,,2017-08-08
3256024,ASA {=American Standards Association},美国标准协会,,2017-08-08
3256025,ASA {=American Standards Association} speed rating,美国标准协会指数,,2017-08-08
3256026,Asahi Shimbun,{日本}朝日新闻,,2017-08-08
3256027,asbestos,石棉,,2017-08-08
3256028,asbestosis,石绵肺症,,2017-08-08
3256029,ASBR {=age specific birth rate},育龄妇女年龄别生育率,,2017-08-08
3256030,ASBU {=Arab States Broadcasting Union},阿拉伯国家广播联盟,,2017-08-08
3256031,ASC {=American Society of Cinematographers},美国电影摄影师协会,,2017-08-08
3256032,ASC {=automatic sensitivity control},自动感应控制,,2017-08-08
3256033,ASCC {=Australia Standing Committee on Communications},澳大利亚通讯委员会,,2017-08-08
3256034,Ascertainment of Community Need Rule,{美国}社区需求确认规范,,2017-08-08
3256035,ASCII {=American Standard Code for Information Interchange},美国资讯交换标准码,,2017-08-08
3256036,ASD {=autism spectrum disorder},泛自闭症障碍,,2017-08-08
3256037,ASI {=asynchronous serial interface},非同步串流介面,,2017-08-08
3256038,Asia Broadcasting and Communications Network {=ABCN},亚洲广播视讯网,,2017-08-08
3256039,Asia Electronic Union,亚洲电子联盟,,2017-08-08
3256040,Asia Pacific Broadcasting Union {=ABU},亚太广播电视联盟,,2017-08-08
3256041,Asia Pacific Economic Cooperation {=APEC},亚太经济合作会议,,2017-08-08
3256042,Asia Pacific Tele-community {=APT},亚太电讯联盟,,2017-08-08
3256043,Asia-Pacific Broadcasting Union {=APBU},亚太广播联盟,,2017-08-08
3256044,Asia-Pacific Network Information Center {=APNIC},亚太网际网路资讯中心,,2017-08-08
3256045,Asian American Journalism Association,美国亚裔新闻工作者协会,,2017-08-08
3256046,Asian-Pacific Business Network,亚太企业网路,,2017-08-08
3256047,Asiasat,亚洲卫星；亚洲卫星公司,,2017-08-08
3256048,ASIFA {=Association Internationale du Film d'Animation},国际动画协会,,2017-08-08
3256049,AskyB,{欧洲}卫星名；{旧名}Blue Bird,,2017-08-08
3256050,ASNE {=American Society of Newspaper Editors} Statement of Principles,美国报业编辑协会原则,,2017-08-08
3256051,ASNE {=American Society of Newspaper Editors},美洲报业编辑协会,,2017-08-08
3256052,aspect ratio,画面比例；宽高比；纵横比,,2017-08-08
3256053,Asperger syndrome,亚斯伯格症候群,,2017-08-08
3256054,aspherical lens,非球面透镜,,2017-08-08
3256055,assemble,顺片,,2017-08-08
3256056,assemble editing,组合式剪辑,,2017-08-08
3256057,assertiveness,自信；魄力,,2017-08-08
3256058,assessment,评估；估价,,2017-08-08
3256059,assessment of complaints,申诉评估,,2017-08-08
3256060,assignable rights,转让权,,2017-08-08
3256061,assigned variable,指定变项,,2017-08-08
3256062,assignment,指派,,2017-08-08
3256063,assignment desk,编采平台；采访调派桌,,2017-08-08
3256064,assignment editor,采访指派编辑,,2017-08-08
3256065,assimilation,[族群]同化,,2017-08-08
3256066,assimilationist,[族群]同化主义者,,2017-08-08
3256067,assistant account executive,业务助理,,2017-08-08
3256068,assistant animator,助理动画师,,2017-08-08
3256069,assistant chief engineer,助总工程师,,2017-08-08
3256070,assistant director,助理导播,,2017-08-08
3256071,associate director,副导演,,2017-08-08
3256072,associate producer {=AP},助理制作人,,2017-08-08
3256073,associated facilities,相关设施,,2017-08-08
3256074,associated goods and services,周边商品和服务,,2017-08-08
3256075,associated mode,附属模式,,2017-08-08
3256076,Associated Press Telelvision {=APTV},美联社电视,,2017-08-08
3256077,Associated Press {=AP},美联社,,2017-08-08
3256078,associated risk factor,相关风险因子,,2017-08-08
3256079,Association for Education in Journalism and Mass Communication {=AEJMC},{美国}新闻与大众传播教育学会,,2017-08-08
3256080,Association for Television On Demand {=ATVOD},{英国}随选电视协会,,2017-08-08
3256081,Association for Women Journalists,{国际组织}女性记者联合会,,2017-08-08
3256082,Association Internationale du Film d'Animation {=ASIFA},国际动画协会,,2017-08-08
3256083,Association of Independent Video and Film Makers {=AIVF},{美国}独立录影带和影片制作人协会,,2017-08-08
3256084,Association of National Advertisers {=ANA},美国全国广告主协会,,2017-08-08
3256085,associative network,连结网络,,2017-08-08
3256086,associative network model,连结网络模式,,2017-08-08
3256087,assumption,假设 ; 前提,,2017-08-08
3256088,assumption of similarity,相似性假定,,2017-08-08
3256089,asthma,气喘,,2017-08-08
3256090,astigmatism,像散；失焦；散光,,2017-08-08
3256091,astonished lead,惊骇式导言,,2017-08-08
3256092,astronomical photography,天文摄影,,2017-08-08
3256093,astrophotography,天文摄影,,2017-08-08
3256094,asymmetric information,资讯不对称,,2017-08-08
3256095,asymmetrical communication,不对等沟通,,2017-08-08
3256096,Asymmetrical Digital Subscriber Line circuit {=ADSL circuit},非对称数位用户回路电路,,2017-08-08
3256097,Asymmetrical Digital Subscriber Line {=ADSL},非对称数位用户回路,,2017-08-08
3256098,asymmetrical regulation,不对称管制,,2017-08-08
3256099,asynchroneity,非共时性；异步性,,2017-08-08
3256100,asynchronism,音画分立,,2017-08-08
3256101,asynchronous,非同步；异步性,,2017-08-08
3256102,Asynchronous Digital Subscriber Loop {=ADSL},非对称用户回路,,2017-08-08
3256103,asynchronous discussion format,非同步讨论模式,,2017-08-08
3256104,asynchronous serial interface {=ASI},非同步串流介面,,2017-08-08
3256105,asynchronous sound,非同步声,,2017-08-08
3256106,Asynchronous Transfer Mode {=ATM},非同步传输模式,,2017-08-08
3256107,at home abroad,四海为家,,2017-08-08
3256108,AT&T {=American Telephone and Telegraph},美国电话电报公司,,2017-08-08
3256109,at-will employee,自由雇佣；随意雇佣；不受契约约束之员工,,2017-08-08
3256110,atheoretical study,非理论性研究,,2017-08-08
3256111,ATIS {=Alliance for Telecommunications Industry Standard},{美国}电信产业标准联盟,,2017-08-08
3256112,Atlanta Journal - Constitution,{美国}亚特兰大立宪报,,2017-08-08
3256113,ATM adaptation layer {=AAL},非同步传输模式适应层,,2017-08-08
3256114,ATM {=Asynchronous Transfer Mode},非同步传输模式,,2017-08-08
3256115,ATM {=automated teller machine},自动提款机,,2017-08-08
3256116,atmosphere sound,环境音,,2017-08-08
3256117,atmospheric attenuation,大气层衰减量,,2017-08-08
3256118,atmospheric haze,大气霾雾,,2017-08-08
3256119,ATR {=audiotape recorder},音带式录音机,,2017-08-08
3256120,ATSC {=Advanced Television System Committee},先进电视系统委员会,,2017-08-08
3256121,ATSC-M/H {=Advanced Television Systems Committee-Mobile/Handheld},{美国}先进电视系统委员会-行动/手持系统,,2017-08-08
3256122,attachment lens,附加镜头,,2017-08-08
3256123,attachment theory,依恋理论,,2017-08-08
3256124,attack ads,攻击式广告,,2017-08-08
3256125,attack journalism,攻击新闻学,,2017-08-08
3256126,attack speech,攻击言词；攻击演讲,,2017-08-08
3256127,attention step,注意步骤,,2017-08-08
3256128,attention value,注意值,,2017-08-08
3256129,attenuator,衰减器　,,2017-08-08
3256130,attitude accessibility,态度接近性,,2017-08-08
3256131,attitude accessibility model,态度接近性模式；态度可接近模式,,2017-08-08
3256132,attitude change,态度改变,,2017-08-08
3256133,attitude index,态度指标,,2017-08-08
3256134,attitude scale,态度量表,,2017-08-08
3256135,attitude test,态度测试,,2017-08-08
3256136,"attitude,opinion,interest {=AOI}",态度、意见、兴趣研究,,2017-08-08
3256137,attitudinal certainty,态度确定性,,2017-08-08
3256138,attractiveness,吸引力,,2017-08-08
3256139,attributable risk,可归因风险,,2017-08-08
3256140,attributable risk percent,可归因风险百分比,,2017-08-08
3256141,attribute variable,属性变项；特征变数,,2017-08-08
3256142,attribution,出处；归因,,2017-08-08
3256143,attribution theory,归因理论,,2017-08-08
3256144,ATV {=advanced television},先进电视系统,,2017-08-08
3256145,ATVOD {=Association for Television On Demand},{英国}随选电视协会,,2017-08-08
3256146,AUC {=Authentication Center},认证中心,,2017-08-08
3256147,audience,观众；受众；对象；阅听众；阅听人,,2017-08-08
3256148,audience action,阅听众行动,,2017-08-08
3256149,audience adaptation,依对象调适,,2017-08-08
3256150,audience analysis tool,阅听众分析工具,,2017-08-08
3256151,audience attitude,阅听众态度,,2017-08-08
3256152,audience awareness,阅听众知晓度,,2017-08-08
3256153,audience commodity,阅听众商品,,2017-08-08
3256154,audience composition,阅听众组成,,2017-08-08
3256155,audience duplication,阅听众重复计算,,2017-08-08
3256156,audience effect,阅听人效果,,2017-08-08
3256157,audience engagement,阅听人参与,,2017-08-08
3256158,audience flow,阅听众流动,,2017-08-08
3256159,audience flow theory,阅听众流动理论,,2017-08-08
3256160,audience fragmentation,对象／阅听人的分层；阅听众零碎化；阅听人分众化,,2017-08-08
3256161,audience inertia,阅听人惰性,,2017-08-08
3256162,audience objective,阅听众目标,,2017-08-08
3256163,audience polarization,阅听人两极化,,2017-08-08
3256164,audience profile,阅听众轮廓,,2017-08-08
3256165,audience reception,阅听人接收,,2017-08-08
3256166,audience reception analysis,阅听人接收分析,,2017-08-08
3256167,audience research,阅听人研究,,2017-08-08
3256168,audience segmentation,阅听众区隔；受众分层,,2017-08-08
3256169,audience share,听众／观众市占率,,2017-08-08
3256170,audience subgroup,阅听众次群体,,2017-08-08
3256171,audience-as-market,作为市场的阅听众,,2017-08-08
3256172,audience-as-public,作为公众的阅听众,,2017-08-08
3256173,audimeter,{收视率}电子侦计器,,2017-08-08
3256174,audio,声音；音讯,,2017-08-08
3256175,audio coding,音讯编码,,2017-08-08
3256176,audio compression,音讯压缩,,2017-08-08
3256177,audio connector,音讯接头,,2017-08-08
3256178,audio console,控音台,,2017-08-08
3256179,audio console board,音控台,,2017-08-08
3256180,audio control,音讯控制,,2017-08-08
3256181,audio control booth,音控室,,2017-08-08
3256182,audio control system,音控系统,,2017-08-08
3256183,audio cue,音讯提示,,2017-08-08
3256184,Audio Digital Distribution Service {=ADDS},声频数位传送服务,,2017-08-08
3256185,audio dub,过音,,2017-08-08
3256186,audio dubbing,过音,,2017-08-08
3256187,audio engineer,音讯工程师,,2017-08-08
3256188,Audio Engineering Society {=AES},{欧洲}音响工程协会,,2017-08-08
3256189,audio head,音讯磁头,,2017-08-08
3256190,Audio Interchage File Format {=AIFF},声音交换档格式,,2017-08-08
3256191,audio man,音控师,,2017-08-08
3256192,audio mixer,混音器；混音师,,2017-08-08
3256193,audio monitor,监听器,,2017-08-08
3256194,audio news release {=ANR},有声新闻稿,,2017-08-08
3256195,audio patchboard,音讯接线面板,,2017-08-08
3256196,audio post production,音讯后制,,2017-08-08
3256197,audio postproduction room,音讯后制室,,2017-08-08
3256198,audio signal,音讯；声音讯号,,2017-08-08
3256199,audio subcarrier,音频副载波,,2017-08-08
3256200,audio technician,音控技师,,2017-08-08
3256201,audio track,音轨,,2017-08-08
3256202,Audio Video Interleave {=AVI},影音格式,,2017-08-08
3256203,audio video standard {=AVS},音讯视讯标准,,2017-08-08
3256204,Audio Visual Media Services Without Frontiers Directive,{欧盟}无国界影音媒体服务指令,,2017-08-08
3256205,audio-CD,数位音乐光碟,,2017-08-08
3256206,audio-recording system,录音系统,,2017-08-08
3256207,audio-visual communication,视听传播,,2017-08-08
3256208,audio-visual industries,影音产业；视听产业,,2017-08-08
3256209,audio/video synchronization,影音同步,,2017-08-08
3256210,audion,三极真空管,,2017-08-08
3256211,audiotape recorder {=ATR},音带式录音机,,2017-08-08
3256212,audiotext advertising,语音资讯广告,,2017-08-08
3256213,audiovisual materials,影音素材；视听材料,,2017-08-08
3256214,audiovisual media services directive,影音媒体服务指令,,2017-08-08
3256215,audiovisual space,视听空间,,2017-08-08
3256216,audiovisual works,影音作品；视听作品,,2017-08-08
3256217,audit,{发行量}稽核,,2017-08-08
3256218,Audit Bureau of Circulation {=ABC},发行量稽核局,,2017-08-08
3256219,Audit Bureau of Rating {=ABR},收视率稽核组织,,2017-08-08
3256220,audition,试镜,,2017-08-08
3256221,augmentation model of community involvement,社区参与增进模式,,2017-08-08
3256222,AUP {=Acceptable Use Policy},可接受使用条款,,2017-08-08
3256223,aura,氛围；灵光,,2017-08-08
3256224,Australia Competition & Consumer Commission {=ACCC},澳洲竞争与消费者委员会,,2017-08-08
3256225,Australia Standing Committee on Communications {=ASCC},澳大利亚通讯委员会,,2017-08-08
3256226,Australia's Optus,澳洲卫星组织,,2017-08-08
3256227,Australian Broadcasting Authority {=ABA},澳洲广播管理局,,2017-08-08
3256228,Australian Broadcasting Corporation {=ABC},澳洲广播公司,,2017-08-08
3256229,Australian Broadcasting Tribunal,澳洲广播电视法庭,,2017-08-08
3256230,Australian Communications and Media Authority {=ACMA},澳洲通讯及媒体局,,2017-08-08
3256231,Austrian Communications Authority {=ACA},奥地利广电局,,2017-08-08
3256232,auteur theory,作者论,,2017-08-08
3256233,Authentication Center {=AUC},认证中心,,2017-08-08
3256234,authenticity,真实性；本真,,2017-08-08
3256235,author,作者,,2017-08-08
3256236,authorial audience,作者心目中的读者,,2017-08-08
3256237,authorisation directive,{欧盟}许可指令,,2017-08-08
3256238,authoritarian,极权主义者,,2017-08-08
3256239,authoritarian regime,威权主义政权,,2017-08-08
3256240,authoritarian state,极权国家,,2017-08-08
3256241,authoritarian state power,极权国家权力,,2017-08-08
3256242,authoritarian theory,威权理论,,2017-08-08
3256243,authoritarianism,独裁主义,,2017-08-08
3256244,authoritative argument,权威式论证,,2017-08-08
3256245,authoritative model,权威模式,,2017-08-08
3256246,authority,权威,,2017-08-08
3256247,authorized domain {=AD},授权领域,,2017-08-08
3256248,authorship,出处,,2017-08-08
3256249,authortitarian press system,威权报业系统,,2017-08-08
3256250,autism,自闭症,,2017-08-08
3256251,autism spectrum disorder {=ASD},泛自闭症障碍,,2017-08-08
3256252,autism-vaccine controversy {=AVC},自闭症─疫苗争议,,2017-08-08
3256253,auto composition,自动构图,,2017-08-08
3256254,auto exposure,自动曝光,,2017-08-08
3256255,auto exposure lock {=AEL},自动曝光锁定,,2017-08-08
3256256,auto film advance,自动卷片,,2017-08-08
3256257,auto film advanced,自动上片,,2017-08-08
3256258,auto focusing,自动对焦,,2017-08-08
3256259,auto iris,自动光圈,,2017-08-08
3256260,auto key tracking,主调自动追踪系统,,2017-08-08
3256261,auto loading,自动装片,,2017-08-08
3256262,auto rewind,自动退片,,2017-08-08
3256263,auto strobe,自动闪光灯,,2017-08-08
3256264,auto-focus,自动对焦,,2017-08-08
3256265,auto-loading,自动装片,,2017-08-08
3256266,auto-paster,{印刷}自动接纸装置,,2017-08-08
3256267,autobiographical material,自传式素材,,2017-08-08
3256268,autobiographical message,自传体讯息,,2017-08-08
3256269,autochrome process,自动彩屏法,,2017-08-08
3256270,autodiegetic,自主描写,,2017-08-08
3256271,autofocus enlarger,自动聚焦放大机；自动调焦放大机,,2017-08-08
3256272,automated industrial production,自动化工业生产,,2017-08-08
3256273,automated interviewing,自动访问[装置],,2017-08-08
3256274,automated measurement of lineups {=AMOL},{节目}自动计量系统,,2017-08-08
3256275,automated teller machine {=ATM},自动提款机,,2017-08-08
3256276,automatic aperture control device,自动光圈调控装置,,2017-08-08
3256277,automatic black balance control,自动黑平衡,,2017-08-08
3256278,automatic black level control {=ABL},自动黑阶控制,,2017-08-08
3256279,automatic chroma control circuit {=ACC},色度自动调节回路,,2017-08-08
3256280,automatic developing machine,自动冲片机,,2017-08-08
3256281,automatic dialogue replacement {=ADR},自动对话替换,,2017-08-08
3256282,automatic exposure lock {=ael},自动曝光锁定,,2017-08-08
3256283,automatic exposure unit,自动曝光装置,,2017-08-08
3256284,automatic exposure {=AE},自动曝光,,2017-08-08
3256285,automatic exposure {=AE} camera,自动曝光照相机,,2017-08-08
3256286,automatic filmwind stop,自动卷片停止钮,,2017-08-08
3256287,automatic fine tuning {=AFT},自动微调,,2017-08-08
3256288,automatic focusing {=AF},自动调焦；自动对焦,,2017-08-08
3256289,automatic frequency control {=AFC},自动频率控制,,2017-08-08
3256290,automatic gain control {=AGC},自动增益控制,,2017-08-08
3256291,automatic level control {=ALC},自动平衡控制,,2017-08-08
3256292,automatic light compensation {=ALC},自动光线补偿,,2017-08-08
3256293,automatic moisture shutdown,湿度失衡自我保护装置,,2017-08-08
3256294,automatic printing machine,自动印片机,,2017-08-08
3256295,automatic protection switching {=APS},自动保护切换设备,,2017-08-08
3256296,automatic repeat request {=ARQ},自动要求重送设置,,2017-08-08
3256297,automatic replenishment,{显影液}自动补充,,2017-08-08
3256298,automatic sensitivity control {=ASC},自动感应控制,,2017-08-08
3256299,automatic white balance control,自动白平衡,,2017-08-08
3256300,autonomous power,自治权限,,2017-08-08
3256301,autonomy,自主[性]；自主权,,2017-08-08
3256302,autonomy-togetherness dialectic,自主与群体的论证,,2017-08-08
3256303,autoradiography,自动放射照像术,,2017-08-08
3256304,autotracing,自动描绘,,2017-08-08
3256305,auxiliary agent of developer,显影辅助剂,,2017-08-08
3256306,auxiliary equiptment,辅助设备,,2017-08-08
3256307,auxiliary exposure,辅助曝光,,2017-08-08
3256308,auxiliary headline,副标题,,2017-08-08
3256309,auxiliary lens,辅助镜头,,2017-08-08
3256310,availability bias,可得性偏差,,2017-08-08
3256311,availability heuristic,{心理}可得性简易原则,,2017-08-08
3256312,availability sampling,方便抽样,,2017-08-08
3256313,available light,自然光；可用光,,2017-08-08
3256314,avant-garde,前卫,,2017-08-08
3256315,avant-grade high culture,前卫高雅文化,,2017-08-08
3256316,avatar,化身；虚拟化身；阿凡达；天神下凡,,2017-08-08
3256317,AVC {=advanced video coding},先进视讯编码,,2017-08-08
3256318,AVC {=autism-vaccine controversy},自闭症─疫苗争议,,2017-08-08
3256319,average gradient,平均梯度；平均浓度,,2017-08-08
3256320,average minutes,平均分钟数,,2017-08-08
3256321,average power,平均功率,,2017-08-08
3256322,average quarter hour rating {=AQH},十五分钟收视(听)率,,2017-08-08
3256323,average quarter-hour persons,平均每十五分钟人数,,2017-08-08
3256324,average revenue per user {=ARPU},使用者平均营收贡献值,,2017-08-08
3256325,average years of life lost {=AYLL},平均生命年数损失,,2017-08-08
3256326,averaged light measuring,平均测光,,2017-08-08
3256327,aversive racism,规避性种族主义,,2017-08-08
3256328,aversive racist,规避性种族主义者,,2017-08-08
3256329,AVI {=Audio Video Interleave},影音格式,,2017-08-08
3256330,avian influenza,禽流感；禽鸟流行性感冒,,2017-08-08
3256331,avoiding stage,回避阶段,,2017-08-08
3256332,avoiding strategy,回避策略；闪躲策略,,2017-08-08
3256333,AVS {=audio video standard},音讯视讯标准,,2017-08-08
3256334,aware public,知晓公众,,2017-08-08
3256335,awareness,知晓,,2017-08-08
3256336,awareness message,知晓讯息,,2017-08-08
3256337,axial code,主轴分类码,,2017-08-08
3256338,axial coding,主轴编码,,2017-08-08
3256339,axiology,价值论,,2017-08-08
3256340,AYLL {=average years of life lost},平均生命年数损失,,2017-08-08
3256341,ayurveda,{梵文}阿育吠陀；印度传统医学,,2017-08-08
3256342,B wind,B卷[绕]片,,2017-08-08
3256343,B-H curve,磁性材料特性曲线,,2017-08-08
3256344,B-ISDN {=Broadband Integrated Services Digital Network},宽频整合服务数位网路,,2017-08-08
3256345,B-picture,B级片,,2017-08-08
3256346,baby drop,小布景,,2017-08-08
3256347,baby legs,小型脚架,,2017-08-08
3256348,baby spot,小型聚光灯,,2017-08-08
3256349,baby tripod,低脚架,,2017-08-08
3256350,back alley news,小道消息 ,,2017-08-08
3256351,back face dry,背面干燥法,,2017-08-08
3256352,back focus,后焦点；背焦,,2017-08-08
3256353,back focus distance,后焦距；后像距,,2017-08-08
3256354,back grounding,新闻背景,,2017-08-08
3256355,back issue,过期刊物,,2017-08-08
3256356,back light,{打光}背光,,2017-08-08
3256357,back light compensation,逆光补偿,,2017-08-08
3256358,back light compensator {=BLC},背光补偿,,2017-08-08
3256359,back lighting,背光,,2017-08-08
3256360,back lot,露天片厂,,2017-08-08
3256361,back number,过期杂志,,2017-08-08
3256362,back projection,背面放映／背投影,,2017-08-08
3256363,backbone,{线缆}主干,,2017-08-08
3256364,background,背景,,2017-08-08
3256365,background artist,背景艺术家,,2017-08-08
3256366,background bus,背景排灯,,2017-08-08
3256367,background light,{打光}背景光,,2017-08-08
3256368,background material,背景题材；背景素材,,2017-08-08
3256369,background music,背景音乐,,2017-08-08
3256370,background noise,环境噪音,,2017-08-08
3256371,background projection,后投射；后投影,,2017-08-08
3256372,backgrounding,新闻背景；背景剪报,,2017-08-08
3256373,backhaul,后继网路；回程传输,,2017-08-08
3256374,backing,立论依据；支持；上胶,,2017-08-08
3256375,backing paper,胶卷背纸,,2017-08-08
3256376,backing up recordings,备份录音,,2017-08-08
3256377,backlash effect,反踢效应,,2017-08-08
3256378,backpack journalist,背包记者,,2017-08-08
3256379,backstage musical,后台歌舞片,,2017-08-08
3256380,backwards compatibility,向下相容,,2017-08-08
3256381,bacteria,细菌,,2017-08-08
3256382,bad faith intent,恶意意图,,2017-08-08
3256383,badge,记号,,2017-08-08
3256384,baffle,隔音墙；羽形挡光板,,2017-08-08
3256385,BAK {=bill and keep},{网路互连费用}无须拆帐；互不结算,,2017-08-08
3256386,balance of power,权力平衡,,2017-08-08
3256387,balance theory,平衡理论,,2017-08-08
3256388,balanced microphone,平衡式麦克风,,2017-08-08
3256389,balanced presentation,平衡呈现,,2017-08-08
3256390,balanced report,平衡报导,,2017-08-08
3256391,balancing test,平衡测试,,2017-08-08
3256392,ballet films,芭蕾影片,,2017-08-08
3256393,ballistic photography,弹道摄影,,2017-08-08
3256394,ban lifting,禁令解除,,2017-08-08
3256395,band absorption filter,光频吸收滤光片,,2017-08-08
3256396,band allocation,频谱指配,,2017-08-08
3256397,band allotment,频谱分配,,2017-08-08
3256398,band conduction,光频导引,,2017-08-08
3256399,band gap,频带间隙,,2017-08-08
3256400,band manager,频段管理者,,2017-08-08
3256401,band segmentation,频率分割；波段分割,,2017-08-08
3256402,band segmented transmission orthogonal frequency division multiplexing {=BST-OFDM},波段传输正交分频多工,,2017-08-08
3256403,band theory,固体能带论,,2017-08-08
3256404,band transmission filter,光频通滤片,,2017-08-08
3256405,bandwagon effect,乐队花车效果,,2017-08-08
3256406,bandwagon psychology,花车心理效应,,2017-08-08
3256407,bandwidth,频宽,,2017-08-08
3256408,bandwidth allocation,频宽指配,,2017-08-08
3256409,bandwidth compression,频宽压缩,,2017-08-08
3256410,bandwidth of signal,讯号频宽,,2017-08-08
3256411,bandwidth resale service,频宽转售服务,,2017-08-08
3256412,Banff Television Festival,{加拿大}Banff电视展,,2017-08-08
3256413,banner,通栏标题；横幅广告,,2017-08-08
3256414,banner ads,横幅广告,,2017-08-08
3256415,banner headline,头条新闻,,2017-08-08
3256416,banner survey,{网路}横幅广告调查,,2017-08-08
3256417,bar light,条灯,,2017-08-08
3256418,bar sheet,{动画}线条表,,2017-08-08
3256419,BARB {=Broadcasters' Audience Research Board},广电阅听人研究委员会,,2017-08-08
3256420,barcode,条码,,2017-08-08
3256421,bard,吟唱诗人,,2017-08-08
3256422,bardic,吟游,,2017-08-08
3256423,bardic function,吟唱功能,,2017-08-08
3256424,barium sulphate,硫酸钡,,2017-08-08
3256425,barn door,遮光板,,2017-08-08
3256426,barney,软式隔音罩,,2017-08-08
3256427,barrel distortion,桶形失真,,2017-08-08
3256428,barrier layer,阻挡层,,2017-08-08
3256429,barter,交换时段；广告交换,,2017-08-08
3256430,barter deal,{节目或广告}易货交换,,2017-08-08
3256431,barter syndication,资料供应组织,,2017-08-08
3256432,baryta,硫酸钡；重土,,2017-08-08
3256433,baryta layer,硫酸钡层,,2017-08-08
3256434,baryta paper,硫酸钡纸,,2017-08-08
3256435,BAS {=behavioral approach system},行为取径系统,,2017-08-08
3256436,base,片基,,2017-08-08
3256437,base art,基本底图,,2017-08-08
3256438,base density,片基密度；片基浓度,,2017-08-08
3256439,base length,基线长度,,2017-08-08
3256440,base rate,基本费率,,2017-08-08
3256441,base station controller {=BSC},基地台控制器,,2017-08-08
3256442,base structure,下层结构,,2017-08-08
3256443,baseband,基频,,2017-08-08
3256444,baseband modem,基频数据机,,2017-08-08
3256445,baseband signal,基频讯号,,2017-08-08
3256446,baselight,{打光}基础光,,2017-08-08
3256447,baseline,基线；底线,,2017-08-08
3256448,baseline study,指标性研究,,2017-08-08
3256449,basher,手灯,,2017-08-08
3256450,basic research,基础研究,,2017-08-08
3256451,basic tier,{有线电视分级付费}基本级,,2017-08-08
3256452,batch process,批次处理,,2017-08-08
3256453,battery check,电池检测,,2017-08-08
3256454,battery holder,电池盒；电池座,,2017-08-08
3256455,battery-belt,弹带电池,,2017-08-08
3256456,battlefield reporting,战地报导,,2017-08-08
3256457,baud rate,波特率；符号速率,,2017-08-08
3256458,bayonet cap,卡榫灯座,,2017-08-08
3256459,bayonet mount,卡榫固定架,,2017-08-08
3256460,BBB {=Better Business Bureau},优质企业机构,,2017-08-08
3256461,BBC {=British Broadcasting Corporation},英国广播公司,,2017-08-08
3256462,BBS {=Bulletin Board System},电子布告栏系统,,2017-08-08
3256463,BDI {=brand development index},品牌发展指标,,2017-08-08
3256464,beacon,无线电信标,,2017-08-08
3256465,beam-edge,电波边缘,,2017-08-08
3256466,bean bag mount,脚架固定袋,,2017-08-08
3256467,bear-trap,空头陷阱,,2017-08-08
3256468,beat,节拍；采访路线,,2017-08-08
3256469,beat frequency,节奏频率,,2017-08-08
3256470,beat reporter,跑线记者；路线记者,,2017-08-08
3256471,beautification,美化,,2017-08-08
3256472,beautiful music,{类型电台}美声音乐,,2017-08-08
3256473,Becquerel effect,Becquerel效应,,2017-08-08
3256474,bed,配乐,,2017-08-08
3256475,beef consumption,牛肉消费,,2017-08-08
3256476,beef export,牛肉出口,,2017-08-08
3256477,beef import,牛肉进口,,2017-08-08
3256478,beef industry,牛肉产业,,2017-08-08
3256479,beef on the bone,带骨牛肉,,2017-08-08
3256480,Beer’s law,Beer定律,,2017-08-08
3256481,before and after design,实验前后设计,,2017-08-08
3256482,before the lens shutter,镜前快门,,2017-08-08
3256483,behavior change,行为改变,,2017-08-08
3256484,behavior change model,行为改变模式,,2017-08-08
3256485,behavior intention,行为意图,,2017-08-08
3256486,behavior modification,行为修正；行为调整,,2017-08-08
3256487,behavior regulation,行为管制,,2017-08-08
3256488,behavior-attitude link,行为态度连结,,2017-08-08
3256489,behavioral approach system {=BAS},行为取径系统,,2017-08-08
3256490,behavioral definition,行为定义,,2017-08-08
3256491,behavioral dimension,行为面向,,2017-08-08
3256492,behavioral ecological model {=BEM},行为生态模式,,2017-08-08
3256493,behavioral goal,行为目标,,2017-08-08
3256494,behavioral inhibition system {=BIS},行为抑制系统,,2017-08-08
3256495,behavioral inoculation,行为免疫,,2017-08-08
3256496,behavioral intention,行为意图,,2017-08-08
3256497,behavioral model of health services use,医疗服务使用的行为模式,,2017-08-08
3256498,behavioral observation,行为观察,,2017-08-08
3256499,behavioral relationship,行为关系,,2017-08-08
3256500,behavioral school,行为学派,,2017-08-08
3256501,behavioral science measure,行为科学测量,,2017-08-08
3256502,behaviorism,行为主义；行为论,,2017-08-08
3256503,behavioristic segmentation,行为特性区隔,,2017-08-08
3256504,behind the lens shutter,镜后快门,,2017-08-08
3256505,Belasco tendency,Belasco风格,,2017-08-08
3256506,belief,信念,,2017-08-08
3256507,belief in the group's own morality,团体自身的道德信念,,2017-08-08
3256508,belief system,信念系统,,2017-08-08
3256509,belletristic approach,文学的取径,,2017-08-08
3256510,BEM {=behavioral ecological model},行为生态模式,,2017-08-08
3256511,bench trial,独立审判,,2017-08-08
3256512,benchmark criteria,基准标准；标竿,,2017-08-08
3256513,benchmark rate,标准费率；基准费率,,2017-08-08
3256514,benchmark spectrum quality,频谱品质指标,,2017-08-08
3256515,benchmark study,基准研究,,2017-08-08
3256516,benchmarking,定基,,2017-08-08
3256517,benefit appeal,利益诉求,,2017-08-08
3256518,benefit headline,强调利益的标题,,2017-08-08
3256519,benefit segmentation,利益特性区隔,,2017-08-08
3256520,benshi,辩士,,2017-08-08
3256521,BER {=bit error rate},误码率,,2017-08-08
3256522,Berlin Film Festival,柏林影展,,2017-08-08
3256523,Berlin International Film Festival,柏林国际影展,,2017-08-08
3256524,Berne Convention,伯恩公约,,2017-08-08
3256525,Bertelsmann AG,{德国}贝塔斯曼集团,,2017-08-08
3256526,best boy,灯光助理；场务助理,,2017-08-08
3256527,best practice,最佳范例,,2017-08-08
3256528,best practice model,最佳实务模式；最佳实践模式,,2017-08-08
3256529,best-fit line,最适线,,2017-08-08
3256530,betacam,一体型摄影机,,2017-08-08
3256531,betacam SP system,SP盒式录影机,,2017-08-08
3256532,betel nut,槟榔；槟榔子,,2017-08-08
3256533,betel quid,槟榔；槟榔块,,2017-08-08
3256534,Better Business Bureau {=BBB},优质企业机构,,2017-08-08
3256535,between the lens shutter,镜间快门,,2017-08-08
3256536,BFI {=British Film Institute},英国电影学院,,2017-08-08
3256537,bi-directional microphone,双向式麦克风　,,2017-08-08
3256538,bi-media journalism,双媒介新闻学,,2017-08-08
3256539,bias of communication,传播偏见,,2017-08-08
3256540,bias of technology,科技的偏见,,2017-08-08
3256541,biaxial crystal,双轴晶体,,2017-08-08
3256542,biaxial stretching,双轴延展,,2017-08-08
3256543,bichromated albumin,重铬酸盐蛋白,,2017-08-08
3256544,bichromated colloid printing,重铬酸盐胶体印刷,,2017-08-08
3256545,bichromated gelatin,重铬酸盐凝胶,,2017-08-08
3256546,biculturalism,双元文化主义,,2017-08-08
3256547,bicycle system,跑带；跑片,,2017-08-08
3256548,bicycling,跑片,,2017-08-08
3256549,bidding for license,执照竞标,,2017-08-08
3256550,big band,大乐团,,2017-08-08
3256551,big band era,大乐团时代,,2017-08-08
3256552,big idea,大创意,,2017-08-08
3256553,big news,大新闻,,2017-08-08
3256554,big remote,大型转播车,,2017-08-08
3256555,bigotry,偏执狂,,2017-08-08
3256556,Bildschirmtext,Bilds系统,,2017-08-08
3256557,bill and keep {=BAK},{网路互连费用}无须拆帐；互不结算,,2017-08-08
3256558,bill of exchange,汇票,,2017-08-08
3256559,billboard,告示牌；看板招牌；排行榜,,2017-08-08
3256560,billing management system for pager {=BMS/PAGER},呼叫器帐务管理系统,,2017-08-08
3256561,billing management systen for mobile telephone {=BMS/MOBILE},行动电话帐务管理系统,,2017-08-08
3256562,bimonthly,双月刊,,2017-08-08
3256563,bin,挂片桶,,2017-08-08
3256564,binarism,二元对立,,2017-08-08
3256565,binary classification,二元分类,,2017-08-08
3256566,binary distinction,二元区分法,,2017-08-08
3256567,binary model,二元模式,,2017-08-08
3256568,binary opposition,二元对立,,2017-08-08
3256569,binding material,黏接剂,,2017-08-08
3256570,binge drinking,酗酒狂欢,,2017-08-08
3256571,binomial variable,二元变项,,2017-08-08
3256572,biochemical oxygene demand {=BOD},生化需氧量,,2017-08-08
3256573,bioengineered microbial threat,生物工程微生物威胁,,2017-08-08
3256574,biofeedback,生理回馈；生物回馈,,2017-08-08
3256575,biographical film,传记电影,,2017-08-08
3256576,biographical method,传记法,,2017-08-08
3256577,biological clock,生理时钟,,2017-08-08
3256578,biological diversity,生物多样性,,2017-08-08
3256579,biological monitoring,生物侦测,,2017-08-08
3256580,biological reductionism,生理还原论；生理化约论,,2017-08-08
3256581,biological time orientation,生理时间导向,,2017-08-08
3256582,biologically effective dose,生物有效剂量,,2017-08-08
3256583,biomedical model,生物医学模式,,2017-08-08
3256584,biopsychological model,生物心理模式,,2017-08-08
3256585,biosocial resonation,生物社会的共振,,2017-08-08
3256586,biotechnology,生物科技,,2017-08-08
3256587,biotechnology film,生物科技影片,,2017-08-08
3256588,bioterrorism,生物恐怖主义,,2017-08-08
3256589,bipack process,双底彩色法,,2017-08-08
3256590,bipolar approach,两极取向,,2017-08-08
3256591,bipolar relation,两极相关,,2017-08-08
3256592,bipolar violation {=BPV},双极违反,,2017-08-08
3256593,Bird,卫星之俗称,,2017-08-08
3256594,bird flu,禽流感,,2017-08-08
3256595,bird shot,鸟瞰镜头,,2017-08-08
3256596,bird’s-eye-view photography,鸟瞰摄影,,2017-08-08
3256597,birth cohort,出生世代,,2017-08-08
3256598,birth control pill,避孕药丸,,2017-08-08
3256599,birth defect,先天缺陷,,2017-08-08
3256600,birth-death ratio,生死比,,2017-08-08
3256601,BIS {=behavioral inhibition system},行为抑制系统,,2017-08-08
3256602,bisymmetry,双对称性,,2017-08-08
3256603,bit,位元,,2017-08-08
3256604,bit block transfer {=bitblt},位元块传送,,2017-08-08
3256605,bit error rate {=BER},误码率,,2017-08-08
3256606,bit part,小配角,,2017-08-08
3256607,bit rate,位元率,,2017-08-08
3256608,bit speed,位元速度,,2017-08-08
3256609,bit transparency,位元透明度,,2017-08-08
3256610,bit-oriented protocol,位元导向通信协定,,2017-08-08
3256611,bit-sliced arithmetic coding {=BSAC},位元片段演算编码,,2017-08-08
3256612,bitblt {=bit block transfer},位元块传送,,2017-08-08
3256613,bitmap,点阵图,,2017-08-08
3256614,bitmap {=BMP},点阵图,,2017-08-08
3256615,bitstream,位元流,,2017-08-08
3256616,bivariate analysis,双变项分析,,2017-08-08
3256617,bivariate relationship,双变项关系,,2017-08-08
3256618,bizarre,奇特性,,2017-08-08
3256619,black and white positive emulsion,黑白正片乳剂,,2017-08-08
3256620,black and white positive film,黑白正片,,2017-08-08
3256621,Black Atlantic,黑色大西洋,,2017-08-08
3256622,black comedy,黑色喜剧,,2017-08-08
3256623,black feminine community,黑人女性社群,,2017-08-08
3256624,black feminism,黑人女性主义,,2017-08-08
3256625,black feminist,黑人女性主义者,,2017-08-08
3256626,black feminist text,黑人女性主义文本,,2017-08-08
3256627,black foot disease,乌脚病,,2017-08-08
3256628,black identity,黑人认同；黑人身份,,2017-08-08
3256629,black level,黑阶,,2017-08-08
3256630,Black Maria,{爱迪生}黑玛莉亚摄影棚,,2017-08-08
3256631,black masculinity,黑人阳刚特质；黑人男性气质,,2017-08-08
3256632,black propaganda,黑色宣传,,2017-08-08
3256633,black public relations,黑色公关,,2017-08-08
3256634,black rhythm,黑人音乐,,2017-08-08
3256635,black study,黑人研究,,2017-08-08
3256636,black writing model,黑人书写模式,,2017-08-08
3256637,black-and-white film,黑白片,,2017-08-08
3256638,blackening,涂碳粉；调暗,,2017-08-08
3256639,blacklist,黑名单,,2017-08-08
3256640,blackness,黑人特质,,2017-08-08
3256641,blank,开天窗 ,,2017-08-08
3256642,blanket license,概括授权,,2017-08-08
3256643,blanking peak signal,电平峰值讯号,,2017-08-08
3256644,blaxploitation film,黑人剥削电影,,2017-08-08
3256645,BLC {=back light compensator},背光补偿,,2017-08-08
3256646,bleach,漂白,,2017-08-08
3256647,bleach-fix,漂白定影,,2017-08-08
3256648,bleach-fix bath,漂白定影液,,2017-08-08
3256649,bleach-out process,漂白法；褪色法,,2017-08-08
3256650,bleaching agent,漂白剂,,2017-08-08
3256651,bleaching solution,漂白液,,2017-08-08
3256652,bleed,{平面设计}出血稿,,2017-08-08
3256653,bleeding,渗色；{编辑}出血；{电脑绘图}混合色,,2017-08-08
3256654,bleep,删除不雅字眼；{广电}消音,,2017-08-08
3256655,blimp,隔音罩；防风罩,,2017-08-08
3256656,blind-bidding,{电影}盲目投标,,2017-08-08
3256657,blinds,遮罩,,2017-08-08
3256658,blink,闪烁,,2017-08-08
3256659,blinking,密集刊播；讯号闪烁；闪光,,2017-08-08
3256660,block ciphers,区块加密,,2017-08-08
3256661,block copy,区块复制,,2017-08-08
3256662,block down converter,降频转换器,,2017-08-08
3256663,block graphics,块状图,,2017-08-08
3256664,block plate,雕刻凸版,,2017-08-08
3256665,block tariff,区段费率,,2017-08-08
3256666,block variable,集区变项；区块变项,,2017-08-08
3256667,block-booking,整批购买；捆绑销售,,2017-08-08
3256668,blockbuster,超级强片,,2017-08-08
3256669,blocked out time,限制时段,,2017-08-08
3256670,blocking,场景图；场景计划；布局；{节目编排}区块策略；表演区,,2017-08-08
3256671,blocking electrode,阻断性电极,,2017-08-08
3256672,blocking plan,场景图,,2017-08-08
3256673,blocking rehearsal,走位演练,,2017-08-08
3256674,blog,部落格；博客,,2017-08-08
3256675,blogger,部落客,,2017-08-08
3256676,blood pressure,血压,,2017-08-08
3256677,blood sugar,血糖,,2017-08-08
3256678,Bloomberg,{美国}彭博社,,2017-08-08
3256679,bloop,消音片,,2017-08-08
3256680,blow-up,放大,,2017-08-08
3256681,blow-up printing,放大印片,,2017-08-08
3256682,blue book,蓝皮书,,2017-08-08
3256683,blue coating,蓝衣镜膜,,2017-08-08
3256684,blue filter,蓝色滤光镜,,2017-08-08
3256685,blue screen,蓝幕,,2017-08-08
3256686,blue screen process,蓝幕遮片合成,,2017-08-08
3256687,bluetooth,蓝芽；蓝牙,,2017-08-08
3256688,blur,{影像}模糊,,2017-08-08
3256689,BM-SC {=broadcasting multicasting service center},广播／群播服务中心,,2017-08-08
3256690,BMA {=British Medical Association},{英国}英国医学协会,,2017-08-08
3256691,BMCO {=broadcast mobile convergence},广电与行动汇流,,2017-08-08
3256692,BMI {=body mass index},身体质量指数,,2017-08-08
3256693,BMP {=bitmap},点阵图,,2017-08-08
3256694,BMS/MOBILE {=billing management systen for mobile telephone},行动电话帐务管理系统,,2017-08-08
3256695,BMS/PAGER {=billing management system for pager},呼叫器帐务管理系统,,2017-08-08
3256696,BNC connector,同轴电缆BNC接头,,2017-08-08
3256697,BOD {=biochemical oxygene demand},生化需氧量,,2017-08-08
3256698,body,{文章}主体,,2017-08-08
3256699,body copy,{广告文案}主体,,2017-08-08
3256700,body fat,体脂肪,,2017-08-08
3256701,body image,身体形象,,2017-08-08
3256702,body make-up artist,身体化妆师,,2017-08-08
3256703,body mass index{=BMI},身体质量指数,,2017-08-08
3256704,body territory,{文章}主体部份,,2017-08-08
3256705,body type,{文章}主体类型,,2017-08-08
3256706,Bogota Declaration,波哥大宣言,,2017-08-08
3256707,boil,压缩[篇幅] ,,2017-08-08
3256708,boldface,粗体字,,2017-08-08
3256709,bolierplate,制式字句,,2017-08-08
3256710,bolstering strategy,支撑策略；加固策略,,2017-08-08
3256711,bomb,票房惨败,,2017-08-08
3256712,bona fide health care group,合法医疗照护团体,,2017-08-08
3256713,bonding,结合；束缚,,2017-08-08
3256714,bone mineral density,骨质密度,,2017-08-08
3256715,Bonn Declaration,{欧盟}波昂宣言,,2017-08-08
3256716,book review,书评,,2017-08-08
3256717,booking,预约；预约购片,,2017-08-08
3256718,booklet,手册；小册,,2017-08-08
3256719,Boolean search,Boolean搜寻,,2017-08-08
3256720,boom,吊杆,,2017-08-08
3256721,boom man,吊杆式麦克风操作员,,2017-08-08
3256722,boom mic,吊杆式麦克风,,2017-08-08
3256723,boom movement,吊杆式麦克风操作,,2017-08-08
3256724,boomerang effect,回飞棒效应；回力棒效应,,2017-08-08
3256725,booster,增压器；增感剂,,2017-08-08
3256726,boosterism,溢美式新闻报导；吹捧式新闻报导,,2017-08-08
3256727,booth,展场摊位；位；亭,,2017-08-08
3256728,borderless gender,性别无疆界,,2017-08-08
3256729,boresight,瞄准线,,2017-08-08
3256730,Boston Globe,{美国}波士顿环球报,,2017-08-08
3256731,bottleneck,瓶颈,,2017-08-08
3256732,bottom-up marketing,由下而上行销,,2017-08-08
3256733,botulinum toxin,肉毒杆菌素,,2017-08-08
3256734,botulism,肉毒杆菌中毒,,2017-08-08
3256735,bounce effect,{声音}折回效果；{打光}折射效果,,2017-08-08
3256736,bounceback card,回响卡,,2017-08-08
3256737,boundary spanner,跨界者；跨界协调者,,2017-08-08
3256738,boundary spanning,跨界沟通,,2017-08-08
3256739,bourgeoisie,资产阶级,,2017-08-08
3256740,Bourgeoisie journalism,资产阶级新闻学；中产阶级新闻学,,2017-08-08
3256741,bovine offal,牛杂,,2017-08-08
3256742,bovine spongiform encephalopathy {=BSE},牛海绵状脑病变；狂牛症,,2017-08-08
3256743,bovine spongiform encephalopathy {=BSE} crisis,狂牛症危机,,2017-08-08
3256744,bovine spongiform encephalopathy {=BSE} epidemic,狂牛症疫情,,2017-08-08
3256745,box news,加框新闻；花絮,,2017-08-08
3256746,box office,票房,,2017-08-08
3256747,box wipe,方框转场,,2017-08-08
3256748,boycott,杯葛；抵制　,,2017-08-08
3256749,BPV {=bipolar violation},双极违反,,2017-08-08
3256750,Braille edition,点字版,,2017-08-08
3256751,brain tumor,脑肿瘤,,2017-08-08
3256752,brainstorming,脑力激荡,,2017-08-08
3256753,brand,品牌,,2017-08-08
3256754,brand awareness advertising,品牌知名度广告,,2017-08-08
3256755,brand development index {=BDI},品牌发展指标,,2017-08-08
3256756,brand equity,品牌权益；品牌资产,,2017-08-08
3256757,brand interest,品牌利益,,2017-08-08
3256758,brand loyalty,品牌忠诚度,,2017-08-08
3256759,brand manager,品牌经理,,2017-08-08
3256760,branding,品牌化,,2017-08-08
3256761,breach of contract,违约；毁约,,2017-08-08
3256762,breadth,广度,,2017-08-08
3256763,break point,极限,,2017-08-08
3256764,breakdown,分镜,,2017-08-08
3256765,breaking news,插播新闻；突发新闻,,2017-08-08
3256766,breast implant,隆乳,,2017-08-08
3256767,breast milk,母乳,,2017-08-08
3256768,breast self-examination,乳房自我检查,,2017-08-08
3256769,breast sonography,乳房超音波检查,,2017-08-08
3256770,breastfeeding campaign,哺喂母乳宣导,,2017-08-08
3256771,bridge,桥接；桥接器；跨越；构连,,2017-08-08
3256772,bridging shot,衔接镜头,,2017-08-08
3256773,brief,简讯；短讯 ,,2017-08-08
3256774,brightness,亮度,,2017-08-08
3256775,brightness control,亮度控制,,2017-08-08
3256776,Brighton school,Brighton学派,,2017-08-08
3256777,brite,谈天报导；花絮,,2017-08-08
3256778,British Asianness,英国亚裔特质,,2017-08-08
3256779,British Board of Film Classification,英国电影分级委员会,,2017-08-08
3256780,British Broadcasting Corporation {=BBC},英国广播公司,,2017-08-08
3256781,British Film Institute {=BFI},英国电影学院,,2017-08-08
3256782,British Medical Association {=BMA},{英国}英国医学协会,,2017-08-08
3256783,British Royal Commission on the Press,英国皇家报业委员会,,2017-08-08
3256784,British Satellite Broadcasting {=BSB},英国卫星广播公司,,2017-08-08
3256785,British Sky Broadcasting,英国天空广播公司,,2017-08-08
3256786,Britishness,英国特质,,2017-08-08
3256787,broad appeal,广泛诉求,,2017-08-08
3256788,broad light,漫光灯；泛光灯,,2017-08-08
3256789,broad network access,随处网路存取,,2017-08-08
3256790,broadband,宽频,,2017-08-08
3256791,broadband communications system,宽频传输系统　,,2017-08-08
3256792,Broadband Data Improvement Act,{美国}宽频资料改善法,,2017-08-08
3256793,Broadband Integrated Services Digital Network {=B-ISDN},宽频整合服务数位网路,,2017-08-08
3256794,broadband network,宽频网路　,,2017-08-08
3256795,broadband service,宽频服务,,2017-08-08
3256796,broadband service providers {=BSP},宽频服务商,,2017-08-08
3256797,broadband services forum {=BSF},宽频服务论坛,,2017-08-08
3256798,Broadband Speeds Code,{英国}宽频速率法规,,2017-08-08
3256799,Broadband Strategy for Sweden,瑞典宽频策略,,2017-08-08
3256800,broadband transmission,宽频传输,,2017-08-08
3256801,broadcast,广播；广播电视,,2017-08-08
3256802,broadcast address,广播位址,,2017-08-08
3256803,broadcast advertisers report,广电媒体广告主报告,,2017-08-08
3256804,broadcast journalism,广电新闻学,,2017-08-08
3256805,broadcast media,广电媒体,,2017-08-08
3256806,broadcast mobile convergence {=BMCO},广电与行动汇流,,2017-08-08
3256807,broadcast news,广电新闻,,2017-08-08
3256808,broadcast regulation,广电规范,,2017-08-08
3256809,broadcast script,广电稿,,2017-08-08
3256810,broadcast signal carriage,无线广播讯号载送,,2017-08-08
3256811,broadcast standard,广电标准,,2017-08-08
3256812,broadcast TV,无线电视；地面电视,,2017-08-08
3256813,broadcast TV streaming server cluster,广播电视串流伺服器群,,2017-08-08
3256814,broadcaster,广播电视从业人员；播音员,,2017-08-08
3256815,Broadcasters' Audience Research Board {=BARB},广电阅听人研究委员会,,2017-08-08
3256816,broadcasting,无线广播电视,,2017-08-08
3256817,Broadcasting Code,{英国}广播电视管理规则；广电规范,,2017-08-08
3256818,broadcasting multicasting service center {=BM-SC},广播／群播服务中心,,2017-08-08
3256819,Broadcasting Rating Council,{美国}收视(听)率委员会,,2017-08-08
3256820,broadcasting satellite service {=BSS},广播卫星服务,,2017-08-08
3256821,broadcasting satellite {=BS},广播卫星,,2017-08-08
3256822,Broadcasting Standards Commission,{英国}广播标准委员会,,2017-08-08
3256823,Broadcasting Standards Council,{英国}广电标准委员会,,2017-08-08
3256824,broadsheet,全开报,,2017-08-08
3256825,broadside,巨幅传单,,2017-08-08
3256826,brochure,广告手册；宣传手册,,2017-08-08
3256827,broker party,掮客型政党,,2017-08-08
3256828,bromochloride emulsion,溴氯化银乳剂,,2017-08-08
3256829,browse,浏览,,2017-08-08
3256830,browse-wrap agreement,浏览包裹契约；浏览包裹协议,,2017-08-08
3256831,browser,浏览器,,2017-08-08
3256832,brute,布鲁特灯,,2017-08-08
3256833,BS {=broadcasting satellite},广播卫星,,2017-08-08
3256834,BS {=burst duration},突送区间,,2017-08-08
3256835,BSAC {=bit-sliced arithmetic coding},位元片段演算编码,,2017-08-08
3256836,BSB {=British Satellite Broadcasting},英国卫星广播公司,,2017-08-08
3256837,BSC {=base station controller},基地台控制器,,2017-08-08
3256838,BSE {=bovine spongiform encephalopathy},牛海绵状脑病变；狂牛症,,2017-08-08
3256839,BSE {=bovine spongiform encephalopathy} crisis,狂牛症危机,,2017-08-08
3256840,BSE {=bovine spongiform encephalopathy} epidemic,狂牛症疫情,,2017-08-08
3256841,BSF {=broadband services forum},宽频服务论坛,,2017-08-08
3256842,BSP {=broadband service providers},宽频服务商,,2017-08-08
3256843,BSS {=broadcasting satellite service},广播卫星服务,,2017-08-08
3256844,BST-OFDM {=band segmented transmission orthogonal frequency division multiplexing},波段传输正交分频多工,,2017-08-08
3256845,BTV {=Business Television},{加拿大}企业电视网,,2017-08-08
3256846,buddy film,哥儿们电影,,2017-08-08
3256847,buddy list,好友名单,,2017-08-08
3256848,budget,预算,,2017-08-08
3256849,budget buildup method,预算编列法,,2017-08-08
3256850,buffering effect,缓冲效果,,2017-08-08
3256851,bug mic,微型麦克风；{俗称}小蜜蜂,,2017-08-08
3256852,built environment,建构的环境,,2017-08-08
3256853,bulimia,暴食症,,2017-08-08
3256854,bulk discount,量购折扣,,2017-08-08
3256855,bulldog edition,晨版,,2017-08-08
3256856,bullet theory,魔弹理论；子弹理论,,2017-08-08
3256857,bulletin,新闻简讯,,2017-08-08
3256858,bulletin board,布告栏,,2017-08-08
3256859,Bulletin Board System {=BBS},电子布告栏系统,,2017-08-08
3256860,bulletin structure,布告栏结构,,2017-08-08
3256861,bump mapping,凹凸贴图,,2017-08-08
3256862,bumper,减震器,,2017-08-08
3256863,bumper sticker,汽车保险杆贴纸,,2017-08-08
3256864,bureau chief,办公室主任；支局长；分社长,,2017-08-08
3256865,bureaucracy,科层组织；官僚组织,,2017-08-08
3256866,bureaucratic organization,科层化组织,,2017-08-08
3256867,bureaucratization,科层化；官僚化,,2017-08-08
3256868,burnout,耗尽；精疲力竭；过劳,,2017-08-08
3256869,Burson-Marsteller,博雅公关公司,,2017-08-08
3256870,burst duration {=BS},突送区间,,2017-08-08
3256871,bursting,满档,,2017-08-08
3256872,bus structure,汇流排架构；{俗称}巴士型架构,,2017-08-08
3256873,bus-o-rama,公车车身广告,,2017-08-08
3256874,business advertising,商业广告,,2017-08-08
3256875,business ethics,商业伦理,,2017-08-08
3256876,business factor,商业因素,,2017-08-08
3256877,business magazine,商业杂志,,2017-08-08
3256878,business market,商业市场,,2017-08-08
3256879,business model,商业模式,,2017-08-08
3256880,business reply mail,商业回函,,2017-08-08
3256881,Business Television {=BTV},{加拿大}企业电视网,,2017-08-08
3256882,business wholesale line rental,商用批发线路出租,,2017-08-08
3256883,business-to-business advertising,企业对企业广告,,2017-08-08
3256884,business-to-business agency,企业对企业之广告代理商,,2017-08-08
3256885,bust shot,胸上镜头,,2017-08-08
3256886,butt splicer,剪接器,,2017-08-08
3256887,butterfly,折叠式柔光纱,,2017-08-08
3256888,butterfly ballot,蝴蝶选票,,2017-08-08
3256889,butterfly lighting,蝴蝶光,,2017-08-08
3256890,button,{网路广告}按钮,,2017-08-08
3256891,buy through,联买,,2017-08-08
3256892,buyback allowance,旧换新补贴,,2017-08-08
3256893,buyout,收购,,2017-08-08
3256894,buzz,流言,,2017-08-08
3256895,buzz group,讨论团体,,2017-08-08
3256896,buzz track,蜂音声带,,2017-08-08
3256897,byline,署名,,2017-08-08
3256898,bystander effect,旁观者效应,,2017-08-08
3256899,bystanders' journalism,局外者新闻,,2017-08-08
3256900,byte,位元组,,2017-08-08
3256901,C-clamp,{灯光}C型夹,,2017-08-08
3256902,C/I {=carrier to interference ratio},载波干扰比,,2017-08-08
3256903,C/N {=carrier to noise ratio},载波杂讯比,,2017-08-08
3256904,CA {=certifacation authorities},认证机构,,2017-08-08
3256905,CA {=certification authority},认证中心,,2017-08-08
3256906,CA {=conditional access system},条件接取系统,,2017-08-08
3256907,CA {=conditional access},条件接取,,2017-08-08
3256908,cable,线缆,,2017-08-08
3256909,cable access,有线电视进用；有线电视近用,,2017-08-08
3256910,cable antenna relay service,有线电视中继服务,,2017-08-08
3256911,cable broadcast,有线广播电视,,2017-08-08
3256912,cable capital investment,有线电视资本投资,,2017-08-08
3256913,Cable Communication Act,{美国}线缆通讯法案,,2017-08-08
3256914,Cable Communication Policy Act of 1984,{美国}1984年有线传播政策法案,,2017-08-08
3256915,cable expenses,有线电视成本支出,,2017-08-08
3256916,cable horizontal ownership rule,有线电视水平经营规范,,2017-08-08
3256917,Cable in the Classroom,{美国}有线电视教学[基金会],,2017-08-08
3256918,cable jurisdiction,有线广播电视管辖权,,2017-08-08
3256919,Cable Labs {=cable television laboratories},{美国}有线电视实验室,,2017-08-08
3256920,cable modem,线缆数据机,,2017-08-08
3256921,Cable News Network {=CNN},{美国}有线电视新闻网,,2017-08-08
3256922,cable pole attachment,缆线附挂,,2017-08-08
3256923,cable programming service tier {=CPST},有线电视节目服务层级,,2017-08-08
3256924,cable programming service {=CPS},有线电视节目服务,,2017-08-08
3256925,cable puller,{摄影机}拉缆员,,2017-08-08
3256926,Cable Radio and Television Act,{美国}有线广播电视法,,2017-08-08
3256927,cable regulation,有线广播电视规范,,2017-08-08
3256928,cable revenue,有线电视收益,,2017-08-08
3256929,Cable Service Bureau,{美国}有线电视服务局,,2017-08-08
3256930,cable system,有线电视系统,,2017-08-08
3256931,cable technology,有线电视科技,,2017-08-08
3256932,cable television,有线电视,,2017-08-08
3256933,Cable Television Association {=CTA},{英国}有线电视协会,,2017-08-08
3256934,Cable Television Consumer Protection and Competition Act of 1992,{美国}1992年有线电视消费者保护及竞争法,,2017-08-08
3256935,cable television laboratories {=Cable Labs},{美国}有线电视实验室,,2017-08-08
3256936,Cable Television Report and Order,{美国}有线电视公告与法规,,2017-08-08
3256937,cable television system,有线电视系统,,2017-08-08
3256938,cable television {=CATV},有线电视；社区共同天线　,,2017-08-08
3256939,cable TV,有线电视；社区共同天线　,,2017-08-08
3256940,cable TV system,有线电视系统,,2017-08-08
3256941,cache,快取,,2017-08-08
3256942,cached link,暂存连接,,2017-08-08
3256943,cadre party,干部型政党,,2017-08-08
3256944,CAIP {=Canadian Association of Internet Providers},{加拿大}网路供应商协会,,2017-08-08
3256945,CALEA {=Communications Assistance for Law Enforcement Act},{美国}执法机关通讯协助法,,2017-08-08
3256946,calibration,校正；校准,,2017-08-08
3256947,call forwarding,来电转接,,2017-08-08
3256948,call letter,{电台}台呼,,2017-08-08
3256949,call routing,呼叫路由,,2017-08-08
3256950,call-identifying information,电话认证资料,,2017-08-08
3256951,call-in,叩应,,2017-08-08
3256952,call-in program,叩应节目,,2017-08-08
3256953,callback,回拨,,2017-08-08
3256954,callback strategy,电话回拨策略,,2017-08-08
3256955,called number identification {=CNI},来电显示,,2017-08-08
3256956,calling card service,电话卡业务,,2017-08-08
3256957,calling party pays-principle,呼叫方付费原则,,2017-08-08
3256958,CAM {=complementary and alternative medicine},补充与另类疗法,,2017-08-08
3256959,camcorder,一体型摄录影机,,2017-08-08
3256960,cameo,客串演出,,2017-08-08
3256961,cameo light,{打光}上方投落式灯光,,2017-08-08
3256962,camera,摄影机,,2017-08-08
3256963,camera angle,镜头角度,,2017-08-08
3256964,camera assistant,摄影助理,,2017-08-08
3256965,camera axis,摄影机轴线,,2017-08-08
3256966,camera control unit {=CCU},摄影机控制器,,2017-08-08
3256967,camera crane,摄影机起降架,,2017-08-08
3256968,camera eye,摄影眼,,2017-08-08
3256969,camera light,架设于摄影机上之灯光,,2017-08-08
3256970,camera log,摄影纪录,,2017-08-08
3256971,camera man,摄影师,,2017-08-08
3256972,camera mounting equipment,摄影机架接设备,,2017-08-08
3256973,camera movement,摄影机运动,,2017-08-08
3256974,camera obscura,暗箱,,2017-08-08
3256975,camera operator,摄影机操作员；摄影师,,2017-08-08
3256976,camera rehearsal,彩排,,2017-08-08
3256977,camera set-35mm film,35毫米摄影机组,,2017-08-08
3256978,camera speed,摄影速度,,2017-08-08
3256979,camera-ready art,照相完稿,,2017-08-08
3256980,camera-stylo,摄影机钢笔论,,2017-08-08
3256981,camera-to-object distance,景深,,2017-08-08
3256982,camera/bars selection switch,画面／色条选择钮,,2017-08-08
3256983,campaign,宣传活动；竞选宣传活动,,2017-08-08
3256984,campaign advertising,竞选广告；宣传广告,,2017-08-08
3256985,campaign communication,竞选传播,,2017-08-08
3256986,campaign coverage,竞选报导；竞选新闻,,2017-08-08
3256987,campaign debate consultant,竞选辩论顾问,,2017-08-08
3256988,campaign design,宣传活动设计,,2017-08-08
3256989,campaign evaluation,宣导评量；宣导评核,,2017-08-08
3256990,campaign exposure,宣导接触,,2017-08-08
3256991,campaign factor,竞选因素,,2017-08-08
3256992,Campaign for Press and Broadcasting Freedom {=CPBF},{英国}报业及广电媒体自由运动联盟,,2017-08-08
3256993,campaign fundraising,选举募款,,2017-08-08
3256994,campaign issue,竞选议题,,2017-08-08
3256995,campaign management,宣传管理；竞选传播管理,,2017-08-08
3256996,campaign manager,宣传管理者；竞选传播管理者；竞选总干事；竞选幕僚长,,2017-08-08
3256997,Campaign of Truth,{美国}揭发真相运动,,2017-08-08
3256998,campaign plan,竞选计划,,2017-08-08
3256999,campaign rally,选举造势大会,,2017-08-08
3257000,campaign rhetoric,竞选修辞,,2017-08-08
3257001,campaign speech,竞选演说,,2017-08-08
3257002,campaign strategy,宣导策略；竞选策略,,2017-08-08
3257003,campaign study,宣传研究；竞选传播研究,,2017-08-08
3257004,campaign summary,宣传活动摘要,,2017-08-08
3257005,campaign survey,宣传调查,,2017-08-08
3257006,campaigning accountability,竞选问责,,2017-08-08
3257007,can,片罐,,2017-08-08
3257008,Canadian Association of Internet Providers {=CAIP},{加拿大}网路供应商协会,,2017-08-08
3257009,Canadian Broadcasting Corporation {=CBC},加拿大广播公司,,2017-08-08
3257010,Canadian Journalists for Free Expression,加拿大支持言论自由记者组织,,2017-08-08
3257011,Canadian Radio Broadcasting Commission,加拿大广播委员会,,2017-08-08
3257012,Canadian Radio-television and Telecommunication Commision {=CRTC},加拿大广电暨电讯委员会,,2017-08-08
3257013,Canadian Radio-Television Commission {=CRTC},加拿大广播电视委员会,,2017-08-08
3257014,Canadian Standards Association,加拿大标准协会,,2017-08-08
3257015,canalization,定型化,,2017-08-08
3257016,Cancer Informaton Service {=CIS},{美国}癌症资讯服务计划,,2017-08-08
3257017,cancer risk,致癌风险,,2017-08-08
3257018,cancer screening,癌症筛检,,2017-08-08
3257019,candid camera,隐藏式摄影；偷拍,,2017-08-08
3257020,candidate image,候选人形象,,2017-08-08
3257021,candidate image formation model,候选人形象塑造模式,,2017-08-08
3257022,candidate personality,候选人人格特质,,2017-08-08
3257023,candidate-centered campaign,候选人为主的竞选,,2017-08-08
3257024,candidate-personal crisis,候选人个人危机,,2017-08-08
3257025,canned drama,罐装剧,,2017-08-08
3257026,Cannes Film Festival,坎城影展,,2017-08-08
3257027,cannon of journalism,报业信条,,2017-08-08
3257028,canonical correlation analysis,典型相关分析,,2017-08-08
3257029,Canons of Journalism,新闻信条；新闻守则；报业信条,,2017-08-08
3257030,canting effect,画面倾斜效果,,2017-08-08
3257031,canvass,助选；拉票；争取支持；拜票,,2017-08-08
3257032,canvasser,助选员；抬轿者,,2017-08-08
3257033,CAP {=carrierless AM/PM},无载波振幅调相技术,,2017-08-08
3257034,CAP {=community advisory panel},社区咨询委员会,,2017-08-08
3257035,capacitor microphone,电容式麦克风,,2017-08-08
3257036,capacity,容量,,2017-08-08
3257037,capacity building,能力建构；能量建构,,2017-08-08
3257038,capital-intensive development strategy,资本密集发展策略,,2017-08-08
3257039,capitalism,资本主义,,2017-08-08
3257040,capitalist society,资本主义社会,,2017-08-08
3257041,capstan,{录音／录影机}定速杆,,2017-08-08
3257042,caption,图片说明；字幕,,2017-08-08
3257043,capture,画面转档；撷取,,2017-08-08
3257044,car sickness,晕车,,2017-08-08
3257045,car-end poster,车尾海报,,2017-08-08
3257046,carbon microphone,碳晶式麦克风,,2017-08-08
3257047,carbon monoxide poisoning,一氧化碳中毒,,2017-08-08
3257048,carbon-arc lamp,碳精弧形灯,,2017-08-08
3257049,carbro process,碳溴印相法；三色碳溴法,,2017-08-08
3257050,carcinogenicity,致癌性,,2017-08-08
3257051,card stacking,洗牌[法],,2017-08-08
3257052,cardiac examination,心脏检查,,2017-08-08
3257053,cardinal function,主要功能,,2017-08-08
3257054,cardiogenic sudden death,心因性猝死,,2017-08-08
3257055,cardioid microphone,心脏形收音之麦克风,,2017-08-08
3257056,cardiovascular disease,心血管疾病,,2017-08-08
3257057,care of the self,自我照护；关注自我,,2017-08-08
3257058,Caribbean Broadcasting Union {=CBU},加勒比海广电联盟,,2017-08-08
3257059,caricature,讽刺漫画,,2017-08-08
3257060,Carnegie Commission on Educational Television {=CCET},{美国}卡内基教育电视委员会,,2017-08-08
3257061,carnivalesque,嘉年华,,2017-08-08
3257062,carrier,{频道}经营者,,2017-08-08
3257063,carrier current,载波电流,,2017-08-08
3257064,carrier price list,电信业者费率表,,2017-08-08
3257065,carrier sense multiple access {=CSMA},载波感知多重存取,,2017-08-08
3257066,carrier spacing {=CS},载波间隔,,2017-08-08
3257067,carrier to interference ratio {=C/I},载波干扰比,,2017-08-08
3257068,carrier to noise ratio {=C/N},载波杂讯比,,2017-08-08
3257069,carrier wave,载波,,2017-08-08
3257070,carrierless AM/PM {=CAP},无载波振幅调相技术,,2017-08-08
3257071,carry,刊登,,2017-08-08
3257072,cart system,匣式带系统,,2017-08-08
3257073,cartel party,寡头垄断型政党；卡特尔型政党,,2017-08-08
3257074,cartel-like agreement,企业联合协定,,2017-08-08
3257075,Cartesian dualism,笛卡尔二元论；心物二元论,,2017-08-08
3257076,Cartesian paradigm,笛卡儿典范,,2017-08-08
3257077,cartoon,卡通片,,2017-08-08
3257078,CAS {=conditional access system},条件接取系统,,2017-08-08
3257079,CAS {=customer authorization system},用户授权系统,,2017-08-08
3257080,cascade effect,瀑布效应,,2017-08-08
3257081,case citation,判例引用,,2017-08-08
3257082,case law,判例法,,2017-08-08
3257083,case management of long-term care,长期照护的个案管理,,2017-08-08
3257084,case method,个案方法,,2017-08-08
3257085,case mortality rate,病例死亡率,,2017-08-08
3257086,case report,病例报告；个案报告,,2017-08-08
3257087,case study,个案研究,,2017-08-08
3257088,case study technique,个案研究法,,2017-08-08
3257089,case-cohort study,病例世代研究,,2017-08-08
3257090,case-control study,病例对照研究；个案对照研究,,2017-08-08
3257091,case-fatality rate,个案致死率；病例致死率,,2017-08-08
3257092,cassette,卡式片盒,,2017-08-08
3257093,cassette adaptor,卡式录音带转换器,,2017-08-08
3257094,cassette tape system,卡带系统,,2017-08-08
3257095,cast,演职员表；{俗称}卡司,,2017-08-08
3257096,casting,试镜；选角,,2017-08-08
3257097,casting brief,演员角色说明,,2017-08-08
3257098,casting director,选角指导,,2017-08-08
3257099,castration anxiety,阉割焦虑,,2017-08-08
3257100,castration complex,阉割情结,,2017-08-08
3257101,catalog,型录,,2017-08-08
3257102,catalyses,催化功能,,2017-08-08
3257103,cataract,白内障,,2017-08-08
3257104,catch-all party,囊括型政党；全民政党,,2017-08-08
3257105,catchword,宣传标语,,2017-08-08
3257106,categorical data,分类资料；类别资料,,2017-08-08
3257107,categorical scale,类别标尺；类别尺度,,2017-08-08
3257108,categorical variable,类别变项,,2017-08-08
3257109,categorization,分类,,2017-08-08
3257110,category,类别,,2017-08-08
3257111,category development index {=CDI},类别发展指标,,2017-08-08
3257112,category rating scale,类别评定量表,,2017-08-08
3257113,category scale,类别标尺；类别尺度,,2017-08-08
3257114,catharsis,宣泄；升华,,2017-08-08
3257115,cathode-ray tube {=CRT},阴极射线管；映像管；画面监视器,,2017-08-08
3257116,CATI {=Computer Assisted Telephone Interviewing},电脑辅助电话访问,,2017-08-08
3257117,CATV broadcast system,有线电视播放系统,,2017-08-08
3257118,CATV {=cable television},有线电视；社区共同天线　,,2017-08-08
3257119,catwalk,棚顶鹰架,,2017-08-08
3257120,causal,因果的,,2017-08-08
3257121,causal association,因果关联,,2017-08-08
3257122,causal assumption,因果假定；因果假设,,2017-08-08
3257123,causal attribution,因果归因,,2017-08-08
3257124,causal explanation,因果解释,,2017-08-08
3257125,causal influence,因果影响,,2017-08-08
3257126,causal mechanism,因果机制,,2017-08-08
3257127,causal model,因果模式,,2017-08-08
3257128,causal network,因果网络,,2017-08-08
3257129,causal order,因果顺序组织法,,2017-08-08
3257130,causal path,因果路径,,2017-08-08
3257131,causal relationship,因果关系,,2017-08-08
3257132,causal study,因果研究,,2017-08-08
3257133,causality,因果关系；因果性,,2017-08-08
3257134,causation fallacy,因果谬误,,2017-08-08
3257135,cause and effect relationship,因果关系,,2017-08-08
3257136,cause of action,诉讼事由；诉因,,2017-08-08
3257137,cause-effect law,因果法则,,2017-08-08
3257138,cause-effect linkage,因果链结,,2017-08-08
3257139,cause-effect question,因果问题,,2017-08-08
3257140,cause-related marketing,善因行销,,2017-08-08
3257141,cause-related marketing {=CRM},善因行销；公益行销,,2017-08-08
3257142,cause-specific death rate,死因别死亡率,,2017-08-08
3257143,CAV {=constant angular velocity},等角速度,,2017-08-08
3257144,CB {=citizen's band} radio,民用无线电频段,,2017-08-08
3257145,CB {=citizens band radio service},民用无线电服务；{俗称}火腿族,,2017-08-08
3257146,CBC {=Canadian Broadcasting Corporation},加拿大广播公司,,2017-08-08
3257147,CBC {=communication-behavior change model},传播行为改变模式,,2017-08-08
3257148,CBPM {=community-based prevention marketing},社区预防行销；社区防治行销,,2017-08-08
3257149,CBR {=constant bit rate},固定位元速率,,2017-08-08
3257150,CBS {=Columbia Broadcasting System},{美国}哥伦比亚电视广播公司,,2017-08-08
3257151,CBU {=Caribbean Broadcasting Union},加勒比海广电联盟,,2017-08-08
3257152,CC Filters,补色滤片,,2017-08-08
3257153,CCC {=clear channel capability},净通路能力,,2017-08-08
3257154,CCCS {=Centre for Contemporary Culture Studies},{英国}当代文化研究中心,,2017-08-08
3257155,CCD {=charge-coupled device},电荷藕合器,,2017-08-08
3257156,CCET {=Carnegie Commission on Educational Television},{美国}卡内基教育电视委员会,,2017-08-08
3257157,CCIR {=International Radio Consultative Committee},国际广播咨询委员会,,2017-08-08
3257158,CCITT {=Consultative Committee on International Telegraphy and Telephony},国际电报暨电话咨询委员会,,2017-08-08
3257159,CCPT {=Chinese Character Paging Terminal},中文无线电呼叫系统终端机,,2017-08-08
3257160,CCRA {=Common Criteria Recognition Arrangement},共同准则承认协定组织,,2017-08-08
3257161,ccTLD {=country code top level domain},顶级国码网域名称；网址末端国码,,2017-08-08
3257162,CCTV {=closed circuit television},闭路电视,,2017-08-08
3257163,CCU {=camera control unit},摄影机控制器,,2017-08-08
3257164,CD Extra,多重区段光碟格式,,2017-08-08
3257165,CD Plus,多重区段光碟格式,,2017-08-08
3257166,CD {=compact disc},光碟,,2017-08-08
3257167,CD-I {=Compact Disc Interactive},互动式光碟,,2017-08-08
3257168,CD-R {=compact disc-recorder},可录式光碟,,2017-08-08
3257169,CD-ROM,光碟唯读记忆体,,2017-08-08
3257170,CD-ROM extended architecture {=CD-ROM XA},唯读光碟扩充架构,,2017-08-08
3257171,CD-ROM XA {=CD-ROM extended architecture},唯读光碟扩充架构,,2017-08-08
3257172,CD-ROM {=compact disc read-only memory},唯读光碟,,2017-08-08
3257173,CDA {=Communication Decency Act},{美国}传播内容端正法,,2017-08-08
3257174,CDA {=critical discourse analysis},批判话语分析；批判论述分析,,2017-08-08
3257175,CDC {=Centers for Disease Control and Prevention },{美国}疾病管制与预防中心,,2017-08-08
3257176,CDDI {=copper distributed data interface},铜缆分散式数据介面,,2017-08-08
3257177,CDDM {=creative dimensional direct mailing},创意面向的直接信函,,2017-08-08
3257178,CDI {=category development index},类别发展指标,,2017-08-08
3257179,CDPD {=cellular digital packet data},行动数据资料封包,,2017-08-08
3257180,CEA {=Consumer Electronics Association},{美国}消费电子产品协会,,2017-08-08
3257181,CEA {=cost-effectiveness analysis},成本效益分析,,2017-08-08
3257182,cease-and-desist order,禁制命令,,2017-08-08
3257183,ceasure,停顿,,2017-08-08
3257184,CEC {=Central Executive Committee},中央执行委员会,,2017-08-08
3257185,ceiling effect,上限效果；天花板效应,,2017-08-08
3257186,cel,透明片,,2017-08-08
3257187,celebrity,名人,,2017-08-08
3257188,celebrity candidate,名人候选人,,2017-08-08
3257189,celebrity endorsement,名人背书,,2017-08-08
3257190,celebrity politics,名人政治学,,2017-08-08
3257191,celebrity spokesperson,名人发言人,,2017-08-08
3257192,cell multimedia broadcast {=CMB},蜂巢式多媒体广播,,2017-08-08
3257193,cell phone,手机,,2017-08-08
3257194,cellphone video {=CV},手机视讯；手机影像,,2017-08-08
3257195,cellular data communication system,蜂巢式数据通讯系统,,2017-08-08
3257196,cellular digital packet data {=CDPD},行动数据资料封包,,2017-08-08
3257197,cellular mobile telephone service,手机服务；蜂巢式行动电话服务,,2017-08-08
3257198,cellular technology,蜂巢式行动科技,,2017-08-08
3257199,cellular telephone,行动电话,,2017-08-08
3257200,celluloid,赛璐珞；透明片,,2017-08-08
3257201,cellulose triacetate,三乙酸纤维素；赛璐珞甘油,,2017-08-08
3257202,CEMA {=Consumer Electronics Manufacturers Association},{美国}消费性电子制造商协会,,2017-08-08
3257203,cement,胶水,,2017-08-08
3257204,cement splice,黏胶接片,,2017-08-08
3257205,CENELEC {=European Committee for Electro-technical Standardization},欧洲电子技术标准委员会,,2017-08-08
3257206,censor,审查[新闻稿件]；新闻审查,,2017-08-08
3257207,censorship,检查[制度],,2017-08-08
3257208,Censorship Act 1996,{澳洲}1996审查法,,2017-08-08
3257209,censorship power,审查权,,2017-08-08
3257210,censorware,内容控制软体,,2017-08-08
3257211,census block,普查区段,,2017-08-08
3257212,census tract,普查地段,,2017-08-08
3257213,census tract data,普查地段资料,,2017-08-08
3257214,"Center for War, Peace, and the News Media",战争、和平及新闻媒体中心,,2017-08-08
3257215,center of influence,影响中心,,2017-08-08
3257216,Centers for Disease Control and Prevention {=CDC},{美国}疾病管制与预防中心,,2017-08-08
3257217,central category,核心类别,,2017-08-08
3257218,central column,三脚架的中心柱,,2017-08-08
3257219,central cue,中央线索,,2017-08-08
3257220,Central Executive Committee {=CEC},中央执行委员会,,2017-08-08
3257221,central limit theorem,中央极限定理,,2017-08-08
3257222,central message processing,中央[路径]讯息处理,,2017-08-08
3257223,Central News Agency {=CNA},中央通讯社,,2017-08-08
3257224,central processing route,中央处理路径,,2017-08-08
3257225,central processing unit {=CPU},中央处理器,,2017-08-08
3257226,central resolution,中心解析度,,2017-08-08
3257227,central route,中央路径,,2017-08-08
3257228,central route of persuasion,中央路径式说服,,2017-08-08
3257229,central-location intercept interview,定点拦截访谈,,2017-08-08
3257230,centralization,集中化；中心化；集权化,,2017-08-08
3257231,centralized advertising department,中央集权制的广告部门,,2017-08-08
3257232,centralized campaign management,集中式竞选宣传管理,,2017-08-08
3257233,centralized operation and maintenance {=COM},集中式维运,,2017-08-08
3257234,Centre for Contemporary Culture Studies {=CCCS},{英国}当代文化研究中心,,2017-08-08
3257235,centre spread,半页式的画报,,2017-08-08
3257236,centrex,集中式数位交换机,,2017-08-08
3257237,centrifugal force,离心力,,2017-08-08
3257238,centripetal force,向心力,,2017-08-08
3257239,cents-off promotion,减价式促销,,2017-08-08
3257240,CERC {=crisis and emergency risk communication},危机和紧急风险传播,,2017-08-08
3257241,cerebral hemorrhage,脑出血,,2017-08-08
3257242,cerebral palsy,脑性麻痺,,2017-08-08
3257243,ceremonial,仪式性,,2017-08-08
3257244,certainty,确定性,,2017-08-08
3257245,certification,认证,,2017-08-08
3257246,certification authority {=CA},认证中心,,2017-08-08
3257247,Certification Practice Statement {=CPS},{电子签章法}凭证实务作业基准,,2017-08-08
3257248,cervical cancer,子宫颈癌,,2017-08-08
3257249,cervical screening,子宫颈癌筛检,,2017-08-08
3257250,cervical smear,子宫颈抹片,,2017-08-08
3257251,cervix,子宫颈,,2017-08-08
3257252,CES {=Coast Earth Station},{海事卫星}海岸地球台,,2017-08-08
3257253,CET {=cognitive evaluation theory},认知评价理论,,2017-08-08
3257254,CFA {=confirmatory factor analysis},验证性因素分析,,2017-08-08
3257255,CFR {=Code of Federal Regulations},美国联邦法规,,2017-08-08
3257256,CG {=character generator},字幕机,,2017-08-08
3257257,CGA {=Color Graphics Adaptor},彩色显示卡,,2017-08-08
3257258,CGI {=computer generated imagery},电脑合成影像；电脑影像特效,,2017-08-08
3257259,CGM {=consumer generated message},消费者提供内容,,2017-08-08
3257260,chain broadcasting,联播网,,2017-08-08
3257261,chain of command,指挥链,,2017-08-08
3257262,chambara film,武士片,,2017-08-08
3257263,chance ratio,机会比率,,2017-08-08
3257264,chance response tendency,机会反应趋势,,2017-08-08
3257265,change agent,改变策动者；变革推动者,,2017-08-08
3257266,change-over,换机放映,,2017-08-08
3257267,changing bag,暗袋,,2017-08-08
3257268,channel,通道；传播管道；频道,,2017-08-08
3257269,Channel 4,{英国}第四频道,,2017-08-08
3257270,channel capacity,频道容量,,2017-08-08
3257271,channel coding,频道编码,,2017-08-08
3257272,channel compensation,频道补偿,,2017-08-08
3257273,channel effect,管道效应；频道效果,,2017-08-08
3257274,channel encoder,通道编码器,,2017-08-08
3257275,channel lease,频道租借,,2017-08-08
3257276,channel loyalty,频道忠诚度,,2017-08-08
3257277,channel of distribution,物流通路,,2017-08-08
3257278,channel operator,频道经营者,,2017-08-08
3257279,channel repertoire {=CR},频道剧目；习惯收视频道数,,2017-08-08
3257280,channel service unit {=CSU},通道服务单位,,2017-08-08
3257281,channel surfing,频道搜寻,,2017-08-08
3257282,chaos,混沌,,2017-08-08
3257283,character,角色；人物；性格,,2017-08-08
3257284,character generator {=CG},字幕机,,2017-08-08
3257285,character mode,字元模式,,2017-08-08
3257286,character role,性格演员,,2017-08-08
3257287,character-bound narrator,限定角色的叙述者,,2017-08-08
3257288,character-effect,角色效应,,2017-08-08
3257289,character-generated slate,字幕机盘,,2017-08-08
3257290,characteristic curve,特性曲线,,2017-08-08
3257291,charge-coupled device {=CCD},电荷藕合器,,2017-08-08
3257292,charitable giving,慈善捐赠,,2017-08-08
3257293,chart,排行榜,,2017-08-08
3257294,charter,特许；发给,,2017-08-08
3257295,chase,追逐戏,,2017-08-08
3257296,chat room,聊天室；讨论室,,2017-08-08
3257297,chauvinism,沙文主义,,2017-08-08
3257298,cheap edition,廉价版本,,2017-08-08
3257299,cheat,借位,,2017-08-08
3257300,check and balance,制衡,,2017-08-08
3257301,checkbook journalism,有偿新闻学；业配新闻；支票新闻学,,2017-08-08
3257302,checkerboard method,棋盘式方法,,2017-08-08
3257303,cheerleading news report,啦啦队式新闻报导,,2017-08-08
3257304,chemical splice,化学接片,,2017-08-08
3257305,chemiluminescence,化学发光,,2017-08-08
3257306,Chernobyl accident,车诺比事件,,2017-08-08
3257307,CHESS Program {=Comprehensive Health Enhancement Support System},{美国}全面提升健康的支持系统,,2017-08-08
3257308,chest pain,胸痛,,2017-08-08
3257309,chi-square statistic,卡方统计,,2017-08-08
3257310,chi-square test,卡方检定,,2017-08-08
3257311,chiaroscuro lighting,对比性灯光,,2017-08-08
3257312,Chicago School,芝加哥学派,,2017-08-08
3257313,Chicago Tribune,{美国}《芝加哥论坛报》,,2017-08-08
3257314,chich mark,卷片刮痕,,2017-08-08
3257315,chicken pox,水痘,,2017-08-08
3257316,chief editorial writer,总主笔,,2017-08-08
3257317,chief engineer,总工程师,,2017-08-08
3257318,chief press secretary,新闻主任秘书,,2017-08-08
3257319,child audience,儿童阅听众,,2017-08-08
3257320,Child Online Protection Act,{美国}儿童线上保护法,,2017-08-08
3257321,child pornography,儿童色情,,2017-08-08
3257322,Child Pornography Protection Act,{美国}儿童色情保护法,,2017-08-08
3257323,Child rule,Child定则,,2017-08-08
3257324,child star,童星,,2017-08-08
3257325,Child's On-Line Privacy Protection Act,{美国}儿童网路隐私保护法,,2017-08-08
3257326,childhood obesity,儿童肥胖,,2017-08-08
3257327,Childnet International,国际儿童网路组织,,2017-08-08
3257328,children's television program,儿童电视节目,,2017-08-08
3257329,chilling effect,寒蝉效应,,2017-08-08
3257330,China Mobile Multimedia Broadcasting {=CMMB},中国移动多媒体广播,,2017-08-08
3257331,China National Public Data Network{=CNPAN},中国国家公用数据网,,2017-08-08
3257332,china pencil,剪接笔,,2017-08-08
3257333,China Post,《中国邮报》,,2017-08-08
3257334,Chinese Character Paging Terminal {=CCPT},中文无线电呼叫系统终端机,,2017-08-08
3257335,chip,晶片,,2017-08-08
3257336,chlorhydroquinone,氯氢醌显影剂,,2017-08-08
3257337,chloride emulsion,氯化银乳剂,,2017-08-08
3257338,chloride paper,氯化银相纸,,2017-08-08
3257339,chlorobromide emulsion,氯溴化银乳剂,,2017-08-08
3257340,chlorobromide paper,氯溴化银相纸,,2017-08-08
3257341,choice model,选择模式,,2017-08-08
3257342,cholesteric liquid crystal,胆固醇液晶,,2017-08-08
3257343,chopsocky,{成本低廉的}功夫片,,2017-08-08
3257344,CHR {=contemporary hit radio},{类型电台}当代热门广播,,2017-08-08
3257345,Christian Science Monitor,基督教科学箴言报,,2017-08-08
3257346,chroma level,色度位准,,2017-08-08
3257347,chromalin proof,四色分色稿,,2017-08-08
3257348,chromate gelatin,铬酸盐明胶,,2017-08-08
3257349,chromatic aberration,色差,,2017-08-08
3257350,chromatic color,彩色,,2017-08-08
3257351,chromatic sensitivity,感色敏感度,,2017-08-08
3257352,chromaticity,色度；色品,,2017-08-08
3257353,chromaticity coordinates,色度座标,,2017-08-08
3257354,chromaticity diagram,色度图；色品图,,2017-08-08
3257355,chrome alum,铬矾,,2017-08-08
3257356,chrome alum hardener,铬矾坚膜液,,2017-08-08
3257357,chrominance,色度；色度键,,2017-08-08
3257358,chrominance channel,色度讯号轨,,2017-08-08
3257359,chromium intensificatier,铬盐加厚剂,,2017-08-08
3257360,chromoscope,彩色显像管,,2017-08-08
3257361,chronemics,时间学,,2017-08-08
3257362,chronic accessibility,习惯近用性,,2017-08-08
3257363,chronic daily intake,长期每日摄取量,,2017-08-08
3257364,chronic disease,慢性疾病,,2017-08-08
3257365,chronic hazard,慢性危害,,2017-08-08
3257366,chronic illness,慢性病,,2017-08-08
3257367,chronic know-nothing,后知后觉者,,2017-08-08
3257368,chronically accessible,依时序渐进,,2017-08-08
3257369,chronological deviation,时间序列偏离,,2017-08-08
3257370,chronological order,时间顺序；时间序列,,2017-08-08
3257371,chronology,时间顺序；时间序列；年表,,2017-08-08
3257372,chronophotography,定时摄影；计时摄影,,2017-08-08
3257373,ChungHwa Telecom,中华电信,,2017-08-08
3257374,ChungHwa Telecom Company,中华电信公司,,2017-08-08
3257375,CI {=contrast index},反差指数,,2017-08-08
3257376,CI {=corporate identity},企业识别,,2017-08-08
3257377,CIIP {=Critical Information Infrastructure Protection},{欧盟}重要资讯基础设施保护计划　,,2017-08-08
3257378,cinch mark,拉痕,,2017-08-08
3257379,cine-structuralism,电影结构主义,,2017-08-08
3257380,cineaste,电影人,,2017-08-08
3257381,Cinecitta,{义大利}电影城,,2017-08-08
3257382,cinema,电影,,2017-08-08
3257383,cinema advertising,电影院广告,,2017-08-08
3257384,cinema camera,电影摄影机,,2017-08-08
3257385,Cinema Guild,{美国}电影公司,,2017-08-08
3257386,cinema nôvo,{巴西}新电影,,2017-08-08
3257387,cinema verite,真实电影,,2017-08-08
3257388,cinemascope,{电影}新艺拉玛体,,2017-08-08
3257389,cinematheque francaise,法国电影图书馆,,2017-08-08
3257390,cinematic,电影感,,2017-08-08
3257391,cinematic time and space,电影的时空,,2017-08-08
3257392,cinematographer,摄影师,,2017-08-08
3257393,cinematography,电影摄影,,2017-08-08
3257394,cinemicrophotography,显微电影摄影,,2017-08-08
3257395,cinemobile,摄影车,,2017-08-08
3257396,cineorama,圆景电影,,2017-08-08
3257397,cinerama,新艺拉玛系统宽银幕电影；全景电影,,2017-08-08
3257398,cinex printer,调光印片机,,2017-08-08
3257399,cinex strip,调光毛片,,2017-08-08
3257400,circarama,环幕电影,,2017-08-08
3257401,circle of confusion,模糊光圈,,2017-08-08
3257402,circle wipe,圆形外拨,,2017-08-08
3257403,circuit,{电影}院线,,2017-08-08
3257404,circuit of communication,传播回路；传播循环,,2017-08-08
3257405,circuit switching,电路交换,,2017-08-08
3257406,circuit theater,院线戏院,,2017-08-08
3257407,circular flash,圆形闪光灯,,2017-08-08
3257408,circular polarization,圆极化,,2017-08-08
3257409,circularly polarized wave,圆极波,,2017-08-08
3257410,circulation,发行量,,2017-08-08
3257411,circulation audit,发行量稽核,,2017-08-08
3257412,circumscribing stage,疏远的阶段,,2017-08-08
3257413,circumstantial lead,背景式导言,,2017-08-08
3257414,circus make-up,马戏团式版面,,2017-08-08
3257415,CIS {=Cancer Informaton Service},{美国}癌症资讯服务计划,,2017-08-08
3257416,citationality,引证性,,2017-08-08
3257417,citizen,公民；市民,,2017-08-08
3257418,citizen competence,公民能力,,2017-08-08
3257419,citizen conference,公民会议,,2017-08-08
3257420,citizen engagement mechanism,公民参与机制；公民审议机制,,2017-08-08
3257421,citizen involvement,公民涉入,,2017-08-08
3257422,citizen journalism,公民新闻学,,2017-08-08
3257423,citizen journalist,公民记者,,2017-08-08
3257424,citizen juries,公民陪审团,,2017-08-08
3257425,citizen jury,公民陪审团,,2017-08-08
3257426,citizen reporter,公民记者,,2017-08-08
3257427,citizen's band {=CB} radio,民用无线电频段,,2017-08-08
3257428,citizen-driven model,公民驱力模式,,2017-08-08
3257429,citizens band radio service {=CB},民用无线电服务；{俗称}火腿族,,2017-08-08
3257430,citizenship,市民；公民身分；公民资格,,2017-08-08
3257431,city news,市政新闻,,2017-08-08
3257432,city symphony,{电影}城市交响曲,,2017-08-08
3257433,civic capacity,公民能力,,2017-08-08
3257434,civic culture,公民文化,,2017-08-08
3257435,civic disengagement,公民不参与；公民离散,,2017-08-08
3257436,civic engagement,公民参与,,2017-08-08
3257437,civic journalism,公民新闻学；公共新闻学,,2017-08-08
3257438,civic journalism movement,公民新闻运动,,2017-08-08
3257439,civic participation,公民参与,,2017-08-08
3257440,civic science,公民科学,,2017-08-08
3257441,civic sector,公民部门,,2017-08-08
3257442,civic virtues,公民道德,,2017-08-08
3257443,civil disobedience,公民不服从；不合作主义,,2017-08-08
3257444,civil liberties,自由民权,,2017-08-08
3257445,civil liberty,自由民权；公民自由,,2017-08-08
3257446,civil penalty provision,民事处罚规定,,2017-08-08
3257447,civil right,民事权利,,2017-08-08
3257448,civil rights,公民权；民权,,2017-08-08
3257449,civil rights movement,民权运动,,2017-08-08
3257450,civil servant,文官,,2017-08-08
3257451,civil service,公部门服务,,2017-08-08
3257452,civil service neutrality,行政中立,,2017-08-08
3257453,civil society,市民社会；公民社会,,2017-08-08
3257454,civil society theory,庶民社会理论；市民社会理论,,2017-08-08
3257455,CJD {=Creutzfeldt-Jakob Disease},库贾氏病,,2017-08-08
3257456,claim,主张；索赔,,2017-08-08
3257457,clapboard,拍板,,2017-08-08
3257458,clapper board,拍板,,2017-08-08
3257459,clapstick,拍板,,2017-08-08
3257460,Clark belt,{卫星}克拉克带,,2017-08-08
3257461,class,阶级,,2017-08-08
3257462,class allegiance,阶级忠诚,,2017-08-08
3257463,class consciousness,阶级意识,,2017-08-08
3257464,class dealignment,阶级解体,,2017-08-08
3257465,class domination,阶级宰制,,2017-08-08
3257466,class ideology,阶级意识形态,,2017-08-08
3257467,class oppression,阶级压迫,,2017-08-08
3257468,class struggle,阶级斗争,,2017-08-08
3257469,classic music,{类型电台}古典音乐,,2017-08-08
3257470,classical approach,古典取径,,2017-08-08
3257471,classical CJD {=Creutzfeldt-Jakob Disease},传统式库贾氏病,,2017-08-08
3257472,classical conditioning,古典制约,,2017-08-08
3257473,classical Creutzfeldt-Jakob Disease {=CJD},传统式库贾氏病,,2017-08-08
3257474,classical management,古典管理,,2017-08-08
3257475,classical narratology,经典叙事学；古典叙事学,,2017-08-08
3257476,classical period,古典时期,,2017-08-08
3257477,classical school,古典学派,,2017-08-08
3257478,classical theory,古典理论,,2017-08-08
3257479,classification,分类,,2017-08-08
3257480,classification of death,死因分类,,2017-08-08
3257481,classification of disease and injury,疾病伤害分类,,2017-08-08
3257482,classified ads,分类广告,,2017-08-08
3257483,classified ads web site,分类广告网站,,2017-08-08
3257484,classified display ads,大篇幅分类广告,,2017-08-08
3257485,claw,{电影放映机}抓片爪,,2017-08-08
3257486,clay animation,黏土动画,,2017-08-08
3257487,Clayden effect,Clayden效应,,2017-08-08
3257488,claymation,黏土动画,,2017-08-08
3257489,cleaner,清洁剂,,2017-08-08
3257490,clear bulb,透明灯泡；无色灯泡,,2017-08-08
3257491,clear channel capability {=CCC},净通路能力,,2017-08-08
3257492,clear negative,透明负片； 无底色负片,,2017-08-08
3257493,clear photoflood lamp,透明散光灯；透明溢光灯,,2017-08-08
3257494,clearance,审查许可；清仓,,2017-08-08
3257495,cleared spectrum,完整频段,,2017-08-08
3257496,clearing time,结算时间,,2017-08-08
3257497,CLEC {=competitive local exchange carrier},{美国}地区电信竞争业者,,2017-08-08
3257498,click rate,点击率,,2017-08-08
3257499,click-through,点击,,2017-08-08
3257500,click-wrap agreement,按键同意契约,,2017-08-08
3257501,client,客户,,2017-08-08
3257502,clientelism,侍从主义,,2017-08-08
3257503,cliff effect,{数位通讯}崩溃效应；临界效应,,2017-08-08
3257504,cliff hanging,吊胃口；故布疑阵,,2017-08-08
3257505,climate,氛围；情境,,2017-08-08
3257506,climate of opinion,意见气候,,2017-08-08
3257507,climax,高潮,,2017-08-08
3257508,clinic informatics,临床资讯学,,2017-08-08
3257509,clinical interview,临床访谈,,2017-08-08
3257510,clinical model,临床模式,,2017-08-08
3257511,clinical photography,临床摄影,,2017-08-08
3257512,clinical research,临床研究,,2017-08-08
3257513,clinical trial,临床试验,,2017-08-08
3257514,clip,{电影}片段,,2017-08-08
3257515,clip art,图库；镶嵌艺术；美工图案,,2017-08-08
3257516,clip control,影片片段控制,,2017-08-08
3257517,clip light,夹灯,,2017-08-08
3257518,clipping,剪报；剪贴,,2017-08-08
3257519,clipping path,剪贴轨迹,,2017-08-08
3257520,clique,派系,,2017-08-08
3257521,clique journalism,派阀新闻学,,2017-08-08
3257522,clone,模仿剧；复制,,2017-08-08
3257523,cloning,复制,,2017-08-08
3257524,close,{广告影片}结尾,,2017-08-08
3257525,close shot {=CS},近景,,2017-08-08
3257526,close user group {=CUG},群内通信,,2017-08-08
3257527,close-captioned,隐藏式字幕,,2017-08-08
3257528,close-end diaries,{调查法}封闭式日志,,2017-08-08
3257529,close-in comparison,近端比较,,2017-08-08
3257530,close-up,特写,,2017-08-08
3257531,close-up lens,近焦镜头；特写镜头,,2017-08-08
3257532,close-up {=CU},{镜头}特写,,2017-08-08
3257533,closed circuit television {=CCTV},闭路电视,,2017-08-08
3257534,closed judicial proceeding,不公开审理,,2017-08-08
3257535,closed-captioning,字幕显示,,2017-08-08
3257536,closed-ended question,封闭式问题,,2017-08-08
3257537,closed-ended questionnaire,封闭式问卷,,2017-08-08
3257538,closed-ended questionnaire design,封闭式问卷设计,,2017-08-08
3257539,closing date,截止日,,2017-08-08
3257540,closure,画面缩小消逝效果,,2017-08-08
3257541,cloud provider,云端供应商,,2017-08-08
3257542,CLT {=Compagnic Luxembourgeoisede Telediffusion},卢森堡电讯公司,,2017-08-08
3257543,cluster method,丛集法；群集法,,2017-08-08
3257544,cluster sampling,丛集抽样；群集抽样,,2017-08-08
3257545,clustering,群聚；资料分群,,2017-08-08
3257546,clutter test,影片测试,,2017-08-08
3257547,CLV {=constant linear velocity},等线速度,,2017-08-08
3257548,CMB {=cell multimedia broadcast},蜂巢式多媒体广播,,2017-08-08
3257549,CMC {=computer mediated communication},电脑中介传播,,2017-08-08
3257550,CMIP {=Common Management Information Protocol},通用管理资讯协议,,2017-08-08
3257551,CMM {=Coordinated Management of Meaning} theory,意义协调理论,,2017-08-08
3257552,CMMB {=China Mobile Multimedia Broadcasting},中国移动多媒体广播,,2017-08-08
3257553,CMRS {=commercial mobile radio service},商业行动无线服务,,2017-08-08
3257554,CMYK printing,四色印刷,,2017-08-08
3257555,CNA {=Central News Agency},中央通讯社,,2017-08-08
3257556,CNBC {=Consumer News and Business Channel},{美国全国广播公司}财经频道,,2017-08-08
3257557,CNI {=called number identification},来电显示,,2017-08-08
3257558,CNN {=Cable News Network},{美国}有线电视新闻网,,2017-08-08
3257559,CNPAN{=China National Public Data Network},中国国家公用数据网,,2017-08-08
3257560,co-creational perspective,共创观点,,2017-08-08
3257561,co-cultures,共文化,,2017-08-08
3257562,co-finance,联合投资,,2017-08-08
3257563,co-observation,共同观察,,2017-08-08
3257564,co-opt,收编,,2017-08-08
3257565,co-orientation model,共向模式,,2017-08-08
3257566,co-orientation theory,共向理论,,2017-08-08
3257567,co-payment,部分负担,,2017-08-08
3257568,co-production,合制,,2017-08-08
3257569,coalition,联合；联盟,,2017-08-08
3257570,coalition journalism,联合新闻学,,2017-08-08
3257571,coalition politics,结盟政治,,2017-08-08
3257572,Coast Earth Station {=CES},{海事卫星}海岸地球台,,2017-08-08
3257573,coat-tailing,拉裙角,,2017-08-08
3257574,coated paper copier {=CPC},涂层纸复印机,,2017-08-08
3257575,coating,镀膜；涂布,,2017-08-08
3257576,coating aid,涂布助剂,,2017-08-08
3257577,coating hopper,涂布嘴,,2017-08-08
3257578,coating streak,涂布条痕,,2017-08-08
3257579,coaxial cable,同轴电缆,,2017-08-08
3257580,cochannel interference,同频干扰,,2017-08-08
3257581,code,符码,,2017-08-08
3257582,code division mutiple access,分码多工撷取,,2017-08-08
3257583,code note,编码笔记,,2017-08-08
3257584,code number,音画同步号码；代码,,2017-08-08
3257585,code of conduct,行为准则,,2017-08-08
3257586,code of conduct,行为准则,,2017-08-08
3257587,Code of Ethics,伦理守则,,2017-08-08
3257588,Code of Ethics and Professional Conduct,伦理和专业行为守则,,2017-08-08
3257589,Code of Federal Regulations {=CFR},美国联邦法规,,2017-08-08
3257590,code of practice,实践准则,,2017-08-08
3257591,code orthogonal frequency division multiplexing {=COFDM},多频数位调变技术,,2017-08-08
3257592,code switching,符码转换,,2017-08-08
3257593,codebook,编码簿,,2017-08-08
3257594,coder,编码员,,2017-08-08
3257595,coding,编码,,2017-08-08
3257596,coding in digitization,数位编码,,2017-08-08
3257597,coding procedure,编码程序,,2017-08-08
3257598,coding reliability,编码信度,,2017-08-08
3257599,coefficient of alpha,α系数,,2017-08-08
3257600,coefficient of equivalence,等值系数,,2017-08-08
3257601,coefficient of internal consistency,内部一致性系数,,2017-08-08
3257602,coefficient of observer agreement,观察者的同意系数,,2017-08-08
3257603,coefficient of reproducibility,复制系数,,2017-08-08
3257604,coefficient of stability,稳定系数,,2017-08-08
3257605,coercion dilemma,强制的困境,,2017-08-08
3257606,coercive power,强制权,,2017-08-08
3257607,COFDM {=code orthogonal frequency division multiplexing},多频数位调变技术,,2017-08-08
3257608,cognition,认知,,2017-08-08
3257609,cognitive,认知的,,2017-08-08
3257610,cognitive bias,认知偏见,,2017-08-08
3257611,cognitive complexity,认知复杂度,,2017-08-08
3257612,cognitive consistency,认知一致性,,2017-08-08
3257613,cognitive cue,认知线索,,2017-08-08
3257614,cognitive custom,认知习惯,,2017-08-08
3257615,cognitive dimension,认知面向,,2017-08-08
3257616,cognitive dissonance,认知失调；认知失谐,,2017-08-08
3257617,cognitive dissonance theory,认知失调理论；认知失谐理论,,2017-08-08
3257618,cognitive domain,认知领域,,2017-08-08
3257619,cognitive evaluation theory {=CET},认知评价理论,,2017-08-08
3257620,cognitive frame of reference,认知参考架构,,2017-08-08
3257621,cognitive involvement theory,认知涉入理论,,2017-08-08
3257622,cognitive knowledge network,认知网路,,2017-08-08
3257623,cognitive linguistics,认知语言学,,2017-08-08
3257624,cognitive map,认知图,,2017-08-08
3257625,cognitive mapping,认知图绘,,2017-08-08
3257626,cognitive model,认知模式,,2017-08-08
3257627,cognitive narratology,认知叙事学,,2017-08-08
3257628,cognitive processing model,认知处理模式,,2017-08-08
3257629,cognitive psychology,认知心理学,,2017-08-08
3257630,cognitive response perspective,认知反应观点,,2017-08-08
3257631,cognitive response theory,认知反应理论,,2017-08-08
3257632,cognitive restructuring,认知重构,,2017-08-08
3257633,cognitive schema,认知基模,,2017-08-08
3257634,cognitive science,认知科学,,2017-08-08
3257635,cognitive short-cut,认知捷径,,2017-08-08
3257636,cognitive structure,认知结构,,2017-08-08
3257637,cognitive study,认知研究,,2017-08-08
3257638,cognitive test,认知测验,,2017-08-08
3257639,cognitive theory,认知理论,,2017-08-08
3257640,cognitive therapy,认知治疗,,2017-08-08
3257641,cognitive-affective influence,认知情意影响,,2017-08-08
3257642,cognitive-neoassociationistic model,认知新连结模式,,2017-08-08
3257643,coherence,一致性；连贯性,,2017-08-08
3257644,coherer phenomena,检波现象,,2017-08-08
3257645,coherer voltage,检波电压,,2017-08-08
3257646,cohesion,凝聚力；内聚力,,2017-08-08
3257647,cohesive energy density,内聚能量密度,,2017-08-08
3257648,cohort,世代；科伙,,2017-08-08
3257649,cohort design,世代设计；科伙设计,,2017-08-08
3257650,cohort effect,世代效果；科伙效果,,2017-08-08
3257651,cohort life table,世代生命表,,2017-08-08
3257652,cohort study,世代研究；科伙研究,,2017-08-08
3257653,coincidence rangefinder,重叠测距器,,2017-08-08
3257654,cold color,冷色；寒色,,2017-08-08
3257655,cold mirror,冷反光镜,,2017-08-08
3257656,cold open,直接开头,,2017-08-08
3257657,cold tone developer,冷调显影液,,2017-08-08
3257658,cold type system,冷排系统,,2017-08-08
3257659,Cold War,冷战,,2017-08-08
3257660,collaboration,协同合作,,2017-08-08
3257661,collaboration strategy,合作策略,,2017-08-08
3257662,collaborative inquiry,协同探索,,2017-08-08
3257663,collaborative news production,合制新闻,,2017-08-08
3257664,collaborative research,协同研究,,2017-08-08
3257665,collage film,拼接影片,,2017-08-08
3257666,collapse model of corporate image,企业形象的堆叠模式,,2017-08-08
3257667,collapsible mount type,{摄影}折叠式,,2017-08-08
3257668,collateral sales material,附属销售材料,,2017-08-08
3257669,collection limitation principle,限制搜集原则,,2017-08-08
3257670,collective action,集体行动,,2017-08-08
3257671,collective agenda-building,集体式议题建构,,2017-08-08
3257672,collective ban,集体禁令,,2017-08-08
3257673,collective behavior,集体行为,,2017-08-08
3257674,collective consciousness,集体意识,,2017-08-08
3257675,collective decision making,集体决策,,2017-08-08
3257676,collective efficacy,集体效能,,2017-08-08
3257677,collective frame,集体框架,,2017-08-08
3257678,collective identity,集体认同,,2017-08-08
3257679,collective interest,集体利益,,2017-08-08
3257680,collective memory,集体记忆,,2017-08-08
3257681,collective opinion,集体意见,,2017-08-08
3257682,collective opposition,集体对抗,,2017-08-08
3257683,collective rationalization,集体合理化,,2017-08-08
3257684,collective symbol,集体符号,,2017-08-08
3257685,collectivism,集体主义,,2017-08-08
3257686,collectivity,集体性,,2017-08-08
3257687,college newspaper,校园报纸,,2017-08-08
3257688,collimated light,小口径光源,,2017-08-08
3257689,collimator,视准仪；准直仪,,2017-08-08
3257690,collocation,机房共构,,2017-08-08
3257691,collodion,胶棉；珂罗酊,,2017-08-08
3257692,collodion dry plate,胶棉干版；珂罗酊干版,,2017-08-08
3257693,collodion process,胶棉湿版法,,2017-08-08
3257694,colloidal silver,胶体银；胶态银,,2017-08-08
3257695,colltype process,珂罗版印刷法,,2017-08-08
3257696,colon,大肠,,2017-08-08
3257697,colonial government,殖民政府,,2017-08-08
3257698,colonialism,殖民主义,,2017-08-08
3257699,colonized other,被殖民的他者,,2017-08-08
3257700,colonized subject,被殖民的主体；被殖民者,,2017-08-08
3257701,colonizing domination,殖民宰制,,2017-08-08
3257702,colonscopy,大肠镜检查,,2017-08-08
3257703,color,色彩,,2017-08-08
3257704,color analyzer,色彩分析器,,2017-08-08
3257705,color background control,背景色彩控制,,2017-08-08
3257706,color balance,色彩平衡,,2017-08-08
3257707,color balancing filter,色差平衡滤镜,,2017-08-08
3257708,color bar,色条,,2017-08-08
3257709,color bar generator,色条产生器,,2017-08-08
3257710,color center,彩色中心,,2017-08-08
3257711,color chart,色板,,2017-08-08
3257712,color chart adjustment,色标校正表,,2017-08-08
3257713,color cinematography,彩色摄影,,2017-08-08
3257714,color compensating filter,彩色补偿滤光片；彩色补偿滤光镜,,2017-08-08
3257715,color constancy,彩色一致性,,2017-08-08
3257716,color contrast,彩色反差；色彩对比,,2017-08-08
3257717,color correction,调色,,2017-08-08
3257718,color correction filter,彩色校正滤光镜；调色滤光镜,,2017-08-08
3257719,color corrector,色差修正器,,2017-08-08
3257720,color density,彩色密度,,2017-08-08
3257721,color depth,色彩浓度,,2017-08-08
3257722,color developing agent,彩色显影剂,,2017-08-08
3257723,color development,彩色显影,,2017-08-08
3257724,color difference,色差,,2017-08-08
3257725,color duplicate,彩色负片翻印,,2017-08-08
3257726,color equation,色彩方程式,,2017-08-08
3257727,color failure,色彩失效,,2017-08-08
3257728,color film,彩色片,,2017-08-08
3257729,color filter,彩色滤色片；彩色滤光片,,2017-08-08
3257730,color filter wheel,滤色片转盘,,2017-08-08
3257731,color gamut,色域；颜色范围,,2017-08-08
3257732,color gel,滤色片,,2017-08-08
3257733,color glass filter,色玻璃滤光镜；色玻璃滤光片,,2017-08-08
3257734,color graphics adaptor {=CGA},彩色显示卡,,2017-08-08
3257735,color internegative,彩色中间负片；彩色中间底片,,2017-08-08
3257736,color key,套色,,2017-08-08
3257737,color matching,色彩匹配,,2017-08-08
3257738,color motion picture,彩色电影,,2017-08-08
3257739,color negative,彩色底片,,2017-08-08
3257740,color negative film,彩色负片,,2017-08-08
3257741,color palette,色版,,2017-08-08
3257742,color paper,彩色相纸,,2017-08-08
3257743,color photography,彩色摄影；彩色照相,,2017-08-08
3257744,color positive,彩色正片,,2017-08-08
3257745,color positive film,彩色正片,,2017-08-08
3257746,color print,彩色照片；彩色拷贝,,2017-08-08
3257747,color print film,彩色拷贝片,,2017-08-08
3257748,color printer,彩色印片机；彩色印表机,,2017-08-08
3257749,color proof,彩色打样,,2017-08-08
3257750,color purification,色彩纯度,,2017-08-08
3257751,color radiography,彩色放射摄影,,2017-08-08
3257752,color rendering,显色,,2017-08-08
3257753,color reproduction,彩色复制,,2017-08-08
3257754,color reversal film,彩色反转片,,2017-08-08
3257755,color reversal material,彩色反转材料,,2017-08-08
3257756,color saturation,色彩饱和度,,2017-08-08
3257757,color scanner,彩色扫描器；电子分色器,,2017-08-08
3257758,color sensation,色感,,2017-08-08
3257759,color sensitivity,色彩感度,,2017-08-08
3257760,color sensitized emulsion,色感乳剂,,2017-08-08
3257761,color sensitizer,色感剂,,2017-08-08
3257762,color separation,分色,,2017-08-08
3257763,color separation negative,分色负片,,2017-08-08
3257764,color slide,彩色幻灯片,,2017-08-08
3257765,color solid,色彩立体感,,2017-08-08
3257766,color specification,色彩规格,,2017-08-08
3257767,color strip,{夹在杂志中发送之}化妆品样品；色带,,2017-08-08
3257768,color temperature,色温,,2017-08-08
3257769,color temperature amber {=CTA},琥珀色色温校正片,,2017-08-08
3257770,color temperature blue {=CTB},蓝色色温校正片,,2017-08-08
3257771,color temperature conversion filter,色温变换滤光镜,,2017-08-08
3257772,color temperature meter,色温表,,2017-08-08
3257773,color temperature orange {=CTO},橘色色温校正片,,2017-08-08
3257774,color test,色彩测试,,2017-08-08
3257775,color tolerance,色彩宽容度,,2017-08-08
3257776,color video monitor {=CVM},彩色监视器,,2017-08-08
3257777,color-blind emulsion,无感色乳剂；色盲乳剂,,2017-08-08
3257778,colored coupler,彩色耦合剂；彩色成色剂,,2017-08-08
3257779,colored mask,彩色遮片；彩色遮版,,2017-08-08
3257780,colorimeter,色度计,,2017-08-08
3257781,colorimetric density,色度密度,,2017-08-08
3257782,colorimetry,色度学,,2017-08-08
3257783,coloring,著色；染色,,2017-08-08
3257784,colorless coupler,无色耦合剂；无色成色剂,,2017-08-08
3257785,colorsensitive emulsion,感色乳剂,,2017-08-08
3257786,colour piece,新闻特稿,,2017-08-08
3257787,colour story,生动报导,,2017-08-08
3257788,COLTRAM {=the Committee on Local TV Audience Measurement},{美国}地方电视收视率调查委员会,,2017-08-08
3257789,Columbia Broadcasting System {=CBS},{美国}哥伦比亚[电视]广播公司,,2017-08-08
3257790,Columbia Journalism Review,{美国}《哥伦比亚新闻评论》,,2017-08-08
3257791,Columbia Pictures,哥伦比亚电影公司,,2017-08-08
3257792,column,专栏；栏目 ,,2017-08-08
3257793,column-type enlarger,立柱式放大机,,2017-08-08
3257794,columnist,专栏作家,,2017-08-08
3257795,COM {=centralized operation and maintenance},集中式维运,,2017-08-08
3257796,COMBI {=communication-for-behavioral impact},行为改变的沟通,,2017-08-08
3257797,combination offer,特惠组合,,2017-08-08
3257798,combination print,叠放印相；合成印相,,2017-08-08
3257799,combination printing,叠放印相法；合成印相法,,2017-08-08
3257800,combination rate,{刊播}组合特价,,2017-08-08
3257801,combination strategy,组合策略,,2017-08-08
3257802,combinatorial bidding,{频率指配机制}组合式投标,,2017-08-08
3257803,combined developing and fixing,显定合一；显影与定影合一,,2017-08-08
3257804,comedy,喜剧,,2017-08-08
3257805,comet tail,{光点}残影；{俗称}彗星尾,,2017-08-08
3257806,comic,漫画,,2017-08-08
3257807,command authority,指挥权,,2017-08-08
3257808,command headline,命令式标题,,2017-08-08
3257809,command-and-control model,命令控制模式,,2017-08-08
3257810,command-and-control operation,指挥控制运作,,2017-08-08
3257811,commedia dellarte,即兴喜剧,,2017-08-08
3257812,comment,评论,,2017-08-08
3257813,commentary,新闻评论,,2017-08-08
3257814,commentator,新闻评论家,,2017-08-08
3257815,commercial broadcast,商业广电,,2017-08-08
3257816,commercial clutter,广告泛滥,,2017-08-08
3257817,commercial film,商业电影,,2017-08-08
3257818,commercial mobile radio service {=CMRS},商业行动无线服务,,2017-08-08
3257819,commercial photography,商业摄影,,2017-08-08
3257820,commercial pressure,商业压力,,2017-08-08
3257821,commercial television,商业电视,,2017-08-08
3257822,commercialism,重商主义,,2017-08-08
3257823,commercialization,商业化,,2017-08-08
3257824,Commission of Communication Regulation {=ComReg},{爱尔兰}传播管理委员会,,2017-08-08
3257825,Commission on Presidential Debate,总统辩论委员会,,2017-08-08
3257826,Commission on the Freedom of the Press,{英国}新闻自由委员会,,2017-08-08
3257827,commissioned works,委托作品,,2017-08-08
3257828,commissioning,交付使用；委制,,2017-08-08
3257829,COMMIT {=community intervention trial for smoking cessation},社区介入的戒烟试验,,2017-08-08
3257830,commitment,承诺,,2017-08-08
3257831,commitment/trust theory,承诺／信任理论,,2017-08-08
3257832,Committee for Interministerial Information,{法国}部长新闻委员会,,2017-08-08
3257833,Committee of Examination,{英国}出版检查委员会,,2017-08-08
3257834,Committee of Printing,{英国}出版委员会,,2017-08-08
3257835,Committee on Advanced Television Service,{美国}先进电视服务委员会,,2017-08-08
3257836,Committee on Combating Anti-SPAM,防制垃圾邮件委员会,,2017-08-08
3257837,Committee on Nationwide TV Audience Measurement {=CONTAM},{美国}全国电视观众调查委员会,,2017-08-08
3257838,Committee on Public Information,{美国}公共资讯委员会,,2017-08-08
3257839,Committee on the Peaceful Uses of Outer Space {=Copuos},和平使用外太空委员会,,2017-08-08
3257840,Committee to Protect Journalists {=CPJ},保护记者委员会,,2017-08-08
3257841,commmonality of interest,利益的共同性,,2017-08-08
3257842,commodification,商品化,,2017-08-08
3257843,commodification of information,资讯商品化,,2017-08-08
3257844,commodity,商品；消费品,,2017-08-08
3257845,commodity racism,商品种族主义,,2017-08-08
3257846,commodity rating,商品收视率,,2017-08-08
3257847,common carrier,电信服务；共同承载；公用事业,,2017-08-08
3257848,common cold,普通感冒,,2017-08-08
3257849,common conduit,共同管道,,2017-08-08
3257850,Common Criteria Recognition Arrangement {=CCRA},共同准则承认协定组织,,2017-08-08
3257851,common disease,常见疾病,,2017-08-08
3257852,common factor,常见因素；共同因素,,2017-08-08
3257853,common good,共同利益,,2017-08-08
3257854,common interest theory,共同利益理论,,2017-08-08
3257855,common law,判例法；普通法,,2017-08-08
3257856,Common Management Information Protocol {=CMIP},通用管理资讯协议,,2017-08-08
3257857,common model,共用模式,,2017-08-08
3257858,common platform,共用平台；共同传输平台,,2017-08-08
3257859,commonly encountered disease,常见疾病,,2017-08-08
3257860,commonwealth,共同福祉,,2017-08-08
3257861,commonwealth ombudsman,{英国}公众利益监察人,,2017-08-08
3257862,communality,共同性,,2017-08-08
3257863,communicable disease,传染病,,2017-08-08
3257864,communication,传播；沟通,,2017-08-08
3257865,communication accommodation theory,传播调节理论；传播适应理论,,2017-08-08
3257866,Communication Act,{美国}传播法案,,2017-08-08
3257867,communication audit,传播稽核,,2017-08-08
3257868,communication cable,通讯传输缆线,,2017-08-08
3257869,communication campaign,传播活动,,2017-08-08
3257870,communication competence,传播能力；沟通能力,,2017-08-08
3257871,Communication Decency Act {=CDA},{美国}传播内容端正法,,2017-08-08
3257872,communication director,沟通总监,,2017-08-08
3257873,communication education,传播教育,,2017-08-08
3257874,communication element,传播要素,,2017-08-08
3257875,communication failure,传播失灵；通讯失败,,2017-08-08
3257876,communication goal,沟通目标,,2017-08-08
3257877,communication indecency,不雅传播内容,,2017-08-08
3257878,communication infrastructure,通讯基础建设,,2017-08-08
3257879,communication journal,传播期刊,,2017-08-08
3257880,communication liaison role,沟通桥梁角色,,2017-08-08
3257881,communication management,传播管理,,2017-08-08
3257882,communication manager,沟通经理,,2017-08-08
3257883,communication media,传播媒体,,2017-08-08
3257884,communication mix,传播组合,,2017-08-08
3257885,communication model,传播模式,,2017-08-08
3257886,communication network,沟通网络；传播网络,,2017-08-08
3257887,communication operator,通讯营运商,,2017-08-08
3257888,communication rights,传播权,,2017-08-08
3257889,Communication Satellite Act,{美国}卫星传播法案,,2017-08-08
3257890,Communication Satellite Corporation {=Comsat},{美国}通讯卫星公司,,2017-08-08
3257891,communication satellite {=CS},通信卫星；通讯卫星,,2017-08-08
3257892,communication strategy,传播策略,,2017-08-08
3257893,communication technology,传播科技,,2017-08-08
3257894,communication theory,传播理论,,2017-08-08
3257895,communication to the public by wire,对公众之有线传播,,2017-08-08
3257896,communication to the public of the performance,对公众之公开演出,,2017-08-08
3257897,communication to the public of the recitation,对公众之公开口述,,2017-08-08
3257898,communication-behavior change model {=CBC},传播行为改变模式,,2017-08-08
3257899,communication-for-behavioral impact {=COMBI},行为改变的沟通,,2017-08-08
3257900,communication-persuasion matrix,传播说服矩阵,,2017-08-08
3257901,Communications Act,{英美}通讯传播法,,2017-08-08
3257902,Communications Act 2003,{英国}2003年通讯传播法,,2017-08-08
3257903,Communications Act of 1934,{美国}1934年通讯传播法,,2017-08-08
3257904,Communications Assistance for Law Enforcement Act {=CALEA},{美国}执法机关通讯协助法,,2017-08-08
3257905,Communications Bill,{英国}通讯传播法,,2017-08-08
3257906,communications policy,传播政策,,2017-08-08
3257907,communications regulatory system,通讯传播监理制度,,2017-08-08
3257908,communications rights,通讯传播权,,2017-08-08
3257909,communicative ability,沟通能力,,2017-08-08
3257910,communicative action,沟通行动；传播行动,,2017-08-08
3257911,communicative distortion,沟通扭曲,,2017-08-08
3257912,communique,公报；官报,,2017-08-08
3257913,communism,共产主义,,2017-08-08
3257914,Communist Party,共产党,,2017-08-08
3257915,communitarianism,社群主义；社区主义,,2017-08-08
3257916,community,社区；社群；共同体,,2017-08-08
3257917,community access,社区近用；社区进用,,2017-08-08
3257918,community advisory panel {=CAP},社区咨询委员会,,2017-08-08
3257919,community antenna TV system,社区共同天线系统,,2017-08-08
3257920,community campaign,社区竞选,,2017-08-08
3257921,community cloud,社群云端,,2017-08-08
3257922,community coalition action theory,社区结盟行动理论；社区联合行动理论,,2017-08-08
3257923,community competence,社区能力；社区应变能力,,2017-08-08
3257924,community consciousness,社群意识；社区意识,,2017-08-08
3257925,community development,社区发展,,2017-08-08
3257926,community empowerment,社区赋权；社区培力；社区增能,,2017-08-08
3257927,Community general export authorization,欧盟一般输出授权,,2017-08-08
3257928,community health risk management,社区健康风险管理,,2017-08-08
3257929,community information network,社群资讯网路,,2017-08-08
3257930,community intervention,社区介入,,2017-08-08
3257931,community intervention trial for smoking cessation {=COMMIT},社区介入的戒烟试验,,2017-08-08
3257932,community involvement,社区参与；社群参与,,2017-08-08
3257933,community involvement model,社群参与模式,,2017-08-08
3257934,community journalism,社区新闻学,,2017-08-08
3257935,community leader,社区领袖；社群领袖,,2017-08-08
3257936,community media,社群媒介,,2017-08-08
3257937,community newspaper,社区报,,2017-08-08
3257938,community outreach movement,社区外展运动,,2017-08-08
3257939,community participation,社区参与,,2017-08-08
3257940,Community Radio Association {=CRA},社区广播协会,,2017-08-08
3257941,community rate,社区率,,2017-08-08
3257942,community rehabilitation,社区重建,,2017-08-08
3257943,community relation,社区关系；社群关系,,2017-08-08
3257944,community standard,社区标准,,2017-08-08
3257945,community study,社区研究,,2017-08-08
3257946,Community Trade-mark,欧洲共同体商标,,2017-08-08
3257947,community trial,社区试验,,2017-08-08
3257948,community-based coalition,社区结盟,,2017-08-08
3257949,community-based health intervention,社区健康介入,,2017-08-08
3257950,community-based partnership,社区伙伴关系,,2017-08-08
3257951,community-based prevention marketing {=CBPM},社区预防行销；社区防治行销,,2017-08-08
3257952,community-based work,社区工作,,2017-08-08
3257953,community-level health problem,社区层级的健康问题,,2017-08-08
3257954,community-oriented approach,社区导向取径,,2017-08-08
3257955,commutation test,换码测验,,2017-08-08
3257956,comorbidity,共生病症；合并症,,2017-08-08
3257957,compact camera,轻便相机；小型相机,,2017-08-08
3257958,Compact Disc Interactive {=CD-I},互动式光碟,,2017-08-08
3257959,compact disc read-only memory {=CD-ROM},唯读光碟,,2017-08-08
3257960,compact disc {=CD},光碟,,2017-08-08
3257961,compact disc-recorder {=CD-R},可录式光碟,,2017-08-08
3257962,Compagnic Luxembourgeoisede Telediffusion {=CLT},卢森堡电讯公司,,2017-08-08
3257963,company conventions and dealer meeting,公司与经销商大会,,2017-08-08
3257964,comparative advantage,相对优势,,2017-08-08
3257965,comparative advertising,比较式广告,,2017-08-08
3257966,comparative analysis,比较分析,,2017-08-08
3257967,comparative hearing,比较听证,,2017-08-08
3257968,comparative journalism,比较新闻学,,2017-08-08
3257969,comparative method,比较法,,2017-08-08
3257970,comparative research,比较研究,,2017-08-08
3257971,comparative risk,比较风险,,2017-08-08
3257972,compassionate conservatism,富同情心的保守主义,,2017-08-08
3257973,compatibility,相容性,,2017-08-08
3257974,compelling arbitration,强制仲裁,,2017-08-08
3257975,compensating developer,补偿显影液,,2017-08-08
3257976,competition,竞争,,2017-08-08
3257977,competition and deregulation,竞争与去管制,,2017-08-08
3257978,competition commission,竞争委员会,,2017-08-08
3257979,competition law,竞争法,,2017-08-08
3257980,competition threshold,竞争门槛,,2017-08-08
3257981,competitive advantage,竞争优势,,2017-08-08
3257982,competitive bidding,竞标,,2017-08-08
3257983,competitive law defense,竞争法辩护,,2017-08-08
3257984,competitive local exchange carrier {=CLEC},{美国}地区电信竞争业者,,2017-08-08
3257985,competitive symmetry,竞争性对称,,2017-08-08
3257986,compilation,汇编,,2017-08-08
3257987,compilation film,组合影片,,2017-08-08
3257988,compiled list,汇整名单,,2017-08-08
3257989,complementary and alternative medicine {=CAM},补充与另类疗法,,2017-08-08
3257990,complementary color,补色；互补色,,2017-08-08
3257991,complementary colors,互补色,,2017-08-08
3257992,complementary pattern,互补型态,,2017-08-08
3257993,complementary wavelength,互补色波长,,2017-08-08
3257994,complementing,补充,,2017-08-08
3257995,complete count census,全数普查,,2017-08-08
3257996,complete life table,完全生命表,,2017-08-08
3257997,complete works,全集,,2017-08-08
3257998,complex response process {=CRP},复杂反应过程,,2017-08-08
3257999,complex system,复杂系统,,2017-08-08
3258000,complexity,复杂性,,2017-08-08
3258001,complexity editing,复合剪辑,,2017-08-08
3258002,complexity theory,复杂性理论,,2017-08-08
3258003,compliance,顺从,,2017-08-08
3258004,compliance-gaining tactic,顺从手段；顺从战术,,2017-08-08
3258005,complication,并发症,,2017-08-08
3258006,component color switcher,分色处理器；分色控制台,,2017-08-08
3258007,component color system,彩色分色系统,,2017-08-08
3258008,component variable,成分变项,,2017-08-08
3258009,component video signal,分色影像讯号,,2017-08-08
3258010,component video-recording,分色录影,,2017-08-08
3258011,composite color,混合彩色,,2017-08-08
3258012,composite color switcher,合成处理器；合成控制台,,2017-08-08
3258013,composite color system,彩色合成系统,,2017-08-08
3258014,composite print,合成拷贝,,2017-08-08
3258015,composite signal,合成讯号,,2017-08-08
3258016,composite variable,复合变项；组合变项,,2017-08-08
3258017,composite video signal,合成影像讯号,,2017-08-08
3258018,composition,排版；构图；作曲；合成,,2017-08-08
3258019,composition in depth,多层次构图,,2017-08-08
3258020,compositor,排版工人,,2017-08-08
3258021,compound lens,复合镜头,,2017-08-08
3258022,comprehensibility,可了解性,,2017-08-08
3258023,Comprehensive Health Enhancement Support System {=CHESS Program},{美国}全面提升健康的支持系统,,2017-08-08
3258024,comprehensive lead,理解式导言,,2017-08-08
3258025,Comprehensive Plans for Wireless Internet Activation,{韩国}无线网路活化计划,,2017-08-08
3258026,compressed video,压缩影像,,2017-08-08
3258027,compressed voice,压缩语音,,2017-08-08
3258028,compression of digital data,数据压缩,,2017-08-08
3258029,compromise,妥协,,2017-08-08
3258030,compromising,妥协,,2017-08-08
3258031,compulsory immunization,强制免疫；强制预防注射；强制预防接种,,2017-08-08
3258032,compulsory license,强制授权,,2017-08-08
3258033,computer abuse,电脑侵权,,2017-08-08
3258034,computer and cyber law,电脑网路法,,2017-08-08
3258035,computer animation,电脑动画,,2017-08-08
3258036,computer assisted data collection,电脑辅助资料搜集,,2017-08-08
3258037,Computer Assisted Telephone Interviewing {=CATI},电脑辅助电话访问,,2017-08-08
3258038,computer crime,电脑犯罪,,2017-08-08
3258039,computer forensics,电脑鉴识,,2017-08-08
3258040,computer game,电脑游戏,,2017-08-08
3258041,computer games industry,电脑游戏产业,,2017-08-08
3258042,computer generated imagery {=CGI},电脑合成影像；电脑影像特效,,2017-08-08
3258043,computer graphics,电脑绘图,,2017-08-08
3258044,computer imaging,影像电脑化,,2017-08-08
3258045,computer mediated communication {=CMC},电脑中介传播,,2017-08-08
3258046,computer misuse act,电脑不当使用法案,,2017-08-08
3258047,computer network,电脑网路,,2017-08-08
3258048,computer networks policy,电脑网路政策,,2017-08-08
3258049,computer networks regulation,电脑网路管制,,2017-08-08
3258050,computer telephony intergration {=CTI},电脑电话整合系统,,2017-08-08
3258051,computer trepasser,电脑入侵者,,2017-08-08
3258052,computer-assisted audio,电脑辅助音讯,,2017-08-08
3258053,computer-assisted investigative reporting,电脑辅助调查报导,,2017-08-08
3258054,computer-assisted patching,电脑辅助配线,,2017-08-08
3258055,computer-assisted reporting,电脑辅助报导,,2017-08-08
3258056,computer-mediated communication,电脑中介传播,,2017-08-08
3258057,computer-mediated communication {=CMC},电脑中介传播,,2017-08-08
3258058,computer-mediated community,电脑中介传播社群,,2017-08-08
3258059,computer-mediated identity,电脑中介身分,,2017-08-08
3258060,computer-mediated-political-communication,电脑中介政治传播,,2017-08-08
3258061,computer-related crime,电脑相关犯罪,,2017-08-08
3258062,computer-related forgery,电脑相关伪造,,2017-08-08
3258063,computer-related fraud,电脑相关诈欺,,2017-08-08
3258064,computers convergence with television,电脑与电视的汇流,,2017-08-08
3258065,ComReg {=Commission of Communication Regulation},{爱尔兰}传播管理委员会,,2017-08-08
3258066,Comsat {=Communication Satellite Corporation},{美国}通讯卫星公司,,2017-08-08
3258067,conative function,行为功能,,2017-08-08
3258068,concave lens,凹透镜,,2017-08-08
3258069,concave ring,凹透环,,2017-08-08
3258070,conceivable risk,可想到的风险,,2017-08-08
3258071,concentrated liquid developer,浓缩显影液,,2017-08-08
3258072,concentrated prepared liquid chemical,浓缩处理剂,,2017-08-08
3258073,concentrated solution,浓缩液,,2017-08-08
3258074,concentration,{所有权}集中,,2017-08-08
3258075,concentration of ownership,所有权集中[度],,2017-08-08
3258076,concept,概念,,2017-08-08
3258077,concept development,概念发展,,2017-08-08
3258078,concept testing,概念测试,,2017-08-08
3258079,conceptual definition,概念性定义,,2017-08-08
3258080,conceptual framework,概念架构,,2017-08-08
3258081,conceptual language,概念性语言,,2017-08-08
3258082,conceptual model,概念模式,,2017-08-08
3258083,conceptual montage,概念蒙太奇,,2017-08-08
3258084,conceptual network,概念网络,,2017-08-08
3258085,conceptual ordering,概念排序,,2017-08-08
3258086,conceptualization,概念化,,2017-08-08
3258087,concerned minority,受关切的少数,,2017-08-08
3258088,concerned public,关心的公众；感兴趣的公众,,2017-08-08
3258089,conclusion,结论,,2017-08-08
3258090,concrete other,具体的他者,,2017-08-08
3258091,concurrent design,同时设计；共时设计,,2017-08-08
3258092,concurrent validity,同时效度；共时效度,,2017-08-08
3258093,concurring authority,共同授权,,2017-08-08
3258094,condenser lens,聚光透镜,,2017-08-08
3258095,condenser microphone,电容式麦克风,,2017-08-08
3258096,condenser-diffuser type enlarger,聚光漫射式放大机,,2017-08-08
3258097,condenser-type enlarger,聚光式放大机,,2017-08-08
3258098,condition,条件,,2017-08-08
3258099,conditional access system,条件式接取系统,,2017-08-08
3258100,conditional access system {=CAS},条件接取系统,,2017-08-08
3258101,conditional access system {=CA},条件接取系统,,2017-08-08
3258102,conditional access {=CA},条件接取,,2017-08-08
3258103,conditional matrix,条件矩阵,,2017-08-08
3258104,conditional variable,条件变项,,2017-08-08
3258105,conditioned response,制约反应,,2017-08-08
3258106,conditioning bias,{收视调查}情境误差,,2017-08-08
3258107,conditioning theory,制约学习理论,,2017-08-08
3258108,condom policy,保险套政策,,2017-08-08
3258109,condom use,保险套使用,,2017-08-08
3258110,condom use negotiation,保险套使用的协商,,2017-08-08
3258111,conduction band,传导带,,2017-08-08
3258112,conductivity,电导率,,2017-08-08
3258113,conference call,多方通话,,2017-08-08
3258114,confidential news source,保密的新闻来源,,2017-08-08
3258115,confidentiality,保密；机密性,,2017-08-08
3258116,confirmation bias,确认偏差；查证偏差,,2017-08-08
3258117,confirmation stage,确认阶段,,2017-08-08
3258118,confirmatory factor analysis {=CFA},验证性因素分析,,2017-08-08
3258119,confirmed case,确认病例,,2017-08-08
3258120,conflict,冲突,,2017-08-08
3258121,conflict approach,冲突取径,,2017-08-08
3258122,conflict avoidance,冲突回避,,2017-08-08
3258123,conflict avoidance strategy,冲突回避策略,,2017-08-08
3258124,conflict management,冲突管理,,2017-08-08
3258125,conflict media trigger,引发冲突的媒体[讯息]刺激,,2017-08-08
3258126,conflict of interest,利益冲突,,2017-08-08
3258127,conflict of law,法律冲突,,2017-08-08
3258128,conflict paradigm,冲突典范,,2017-08-08
3258129,conflict phase,冲突阶段,,2017-08-08
3258130,conflict positioning,冲突定位,,2017-08-08
3258131,conflict resolution technique,冲突解决技术,,2017-08-08
3258132,conflict theory,冲突理论,,2017-08-08
3258133,conflicting interest,利益冲突,,2017-08-08
3258134,conflicting value,价值冲突,,2017-08-08
3258135,confounder,干扰因子,,2017-08-08
3258136,confounding bias,干扰偏差,,2017-08-08
3258137,confounding effect,干扰作用；混淆效应,,2017-08-08
3258138,confounding factor,干扰因素,,2017-08-08
3258139,confounding variable,混淆变项,,2017-08-08
3258140,confrontation,对抗；对峙,,2017-08-08
3258141,Confucian philosophy,儒家思想,,2017-08-08
3258142,confusingly similar,混淆性相似,,2017-08-08
3258143,congenital heart disease,先天性心脏病,,2017-08-08
3258144,congenital rubella syndrome,先天性德国麻疹症候群,,2017-08-08
3258145,congestion control,壅塞控制；流量控制,,2017-08-08
3258146,congressional election,国会议员选举,,2017-08-08
3258147,congruence,一致性,,2017-08-08
3258148,congruity theory,合谐理论,,2017-08-08
3258149,conjugate,共轭；结合,,2017-08-08
3258150,Connect America Fund,{网路}连结美国基金,,2017-08-08
3258151,connected line identification,连接线路身分显示,,2017-08-08
3258152,connection-oriented,连接导向传输,,2017-08-08
3258153,connectionless service,非连线服务,,2017-08-08
3258154,connectionless network protocol,无连接网路协议；无连线协议,,2017-08-08
3258155,connector,接头；接点,,2017-08-08
3258156,connotation,隐含义；内涵义,,2017-08-08
3258157,consciousness,意识,,2017-08-08
3258158,consciousness industry,意识产业；意识工业,,2017-08-08
3258159,consciousness raising,意识唤起；意识提升,,2017-08-08
3258160,Conseil Superieurde L'Audiovisuel {=CSA},{法国}最高视听委员会,,2017-08-08
3258161,consensual validation,交感校准,,2017-08-08
3258162,consensus,共识,,2017-08-08
3258163,consensus conference,公民共识会议,,2017-08-08
3258164,consensus democracy,共识民主,,2017-08-08
3258165,consensus narrative,共识叙事,,2017-08-08
3258166,consensus report,共识报告,,2017-08-08
3258167,consent,共识；同意,,2017-08-08
3258168,consent agreement,同意协议,,2017-08-08
3258169,consent decree,同意命令；赞成裁决书,,2017-08-08
3258170,consent to use,同意使用,,2017-08-08
3258171,consequence,结果；后果,,2017-08-08
3258172,consequent condition,后果条件,,2017-08-08
3258173,consequential matrix,结果矩阵,,2017-08-08
3258174,consequentialism,结果主义；效果论,,2017-08-08
3258175,Conservative Party,保守党,,2017-08-08
3258176,conservative party,保守政党,,2017-08-08
3258177,consistency,一致性,,2017-08-08
3258178,consistency effect,一致效应,,2017-08-08
3258179,consistency theory,一致性理论,,2017-08-08
3258180,consonance,共鸣；和谐；一致,,2017-08-08
3258181,consortium,联盟,,2017-08-08
3258182,conspiracy,阴谋；共谋；谋反,,2017-08-08
3258183,constant angular velocity {=CAV},等角速度,,2017-08-08
3258184,constant bias,常误；常差；固定误差,,2017-08-08
3258185,constant bit rate {=CBR},固定位元速率,,2017-08-08
3258186,constant comparison,经常性比较,,2017-08-08
3258187,constant linear velocity {=CLV},等线速度,,2017-08-08
3258188,constipation,便秘,,2017-08-08
3258189,constituency,选民；选区,,2017-08-08
3258190,constituency campaign,选区竞选活动,,2017-08-08
3258191,constitutional law,宪法律令；宪法,,2017-08-08
3258192,constitutive definition,构成定义,,2017-08-08
3258193,constitutive model of communication,传播组构模式；传播构成模式,,2017-08-08
3258194,constitutive view of health intervention program,健康介入计划组构观点；健康介入计划构成观点,,2017-08-08
3258195,constraint,限制,,2017-08-08
3258196,construct,构念；建构,,2017-08-08
3258197,construct validity,建构效度,,2017-08-08
3258198,constructed reality,被建构的真实,,2017-08-08
3258199,constructionism,建构主义,,2017-08-08
3258200,constructive reality,建构真实,,2017-08-08
3258201,constructive thinking,建设性思考,,2017-08-08
3258202,constructivism,建构主义,,2017-08-08
3258203,consultant,顾问,,2017-08-08
3258204,Consultative Committee on International Telegraphy and Telephony {=CCITT},国际电报暨电话咨询委员会,,2017-08-08
3258205,consultative model,咨询模式,,2017-08-08
3258206,consumer,消费者,,2017-08-08
3258207,consumer activism,消费者行动主义,,2017-08-08
3258208,consumer advertising,消费者广告,,2017-08-08
3258209,consumer advocacy,消费权益倡议,,2017-08-08
3258210,consumer advocate,消费权益倡议者,,2017-08-08
3258211,consumer behavior,消费者行为,,2017-08-08
3258212,consumer bill,消费者权利法案,,2017-08-08
3258213,consumer boycott,消费者杯葛,,2017-08-08
3258214,consumer camcorder,家用一体式摄录影机,,2017-08-08
3258215,consumer credit,消费者信贷,,2017-08-08
3258216,consumer decision-making process,消费者决策过程,,2017-08-08
3258217,consumer electronics,消费性电子产品,,2017-08-08
3258218,Consumer Electronics Association {=CEA},{美国}消费电子产品协会,,2017-08-08
3258219,Consumer Electronics Manufacturers Association {=CEMA},{美国}消费性电子制造商协会,,2017-08-08
3258220,consumer generated message {=CGM},消费者提供内容,,2017-08-08
3258221,Consumer Information Bureau,{美国}消费者资讯局,,2017-08-08
3258222,consumer information network,消费者资讯系统,,2017-08-08
3258223,consumer Integrated Receiver Decorder {=IRD},用户端解码器,,2017-08-08
3258224,consumer IRD {=Integrated Receiver Decorder},用户端解码器,,2017-08-08
3258225,consumer magazine,消费者杂志,,2017-08-08
3258226,consumer market,消费者市场,,2017-08-08
3258227,Consumer News and Business Channel {=CNBC},{美国全国广播公司}财经频道,,2017-08-08
3258228,Consumer Panel,{英国}消费者委员会,,2017-08-08
3258229,consumer premises equipment {=CPE},用户端设备,,2017-08-08
3258230,consumer price index {=CPI},用户价格[费率]索引,,2017-08-08
3258231,consumer reeducation,消费者再教育,,2017-08-08
3258232,consumer representation,消费者再现,,2017-08-08
3258233,consumer research,消费者研究,,2017-08-08
3258234,consumer sales promotion,消费者促销,,2017-08-08
3258235,consumer sovereignty,消费者主权,,2017-08-08
3258236,consumer-centric,以消费者为中心,,2017-08-08
3258237,consumer-citizen disjunction,消费者─公民分离,,2017-08-08
3258238,consumer-relations-based model,顾客关系导向模式,,2017-08-08
3258239,consumerism,消费主义,,2017-08-08
3258240,consumerization,个人化,,2017-08-08
3258241,consumption,消费,,2017-08-08
3258242,consumption ideology,消费意识型态,,2017-08-08
3258243,contact group,接触群,,2017-08-08
3258244,contact point,接触点,,2017-08-08
3258245,contact print,接触式印片,,2017-08-08
3258246,contact printing,接触印片,,2017-08-08
3258247,contact screen,触控萤幕；接触网版,,2017-08-08
3258248,contagion theory,传染理论,,2017-08-08
3258249,Contagious Disease Act,传染病法,,2017-08-08
3258250,CONTAM {=Committee on Nationwide TV Audience Measurement},{美国}全国电视观众调查委员会,,2017-08-08
3258251,contaminated blood,被污染的血液,,2017-08-08
3258252,contaminated feed,被污染的饲料,,2017-08-08
3258253,contamination,污染,,2017-08-08
3258254,contemplation,思考；思考期,,2017-08-08
3258255,contemporary hit radio {=CHR},{类型电台}当代热门广播,,2017-08-08
3258256,contempt of court,藐视法庭,,2017-08-08
3258257,Contempt of Court Act,{英国}藐视法庭法,,2017-08-08
3258258,content,内容,,2017-08-08
3258259,content aggregator,内容整合业者,,2017-08-08
3258260,content analysis,内容分析[法],,2017-08-08
3258261,Content Board,{英国}内容监督委员会,,2017-08-08
3258262,content convergence,内容汇流,,2017-08-08
3258263,content creation,内容创造,,2017-08-08
3258264,content creator,内容创造者,,2017-08-08
3258265,content diversity,内容多样性,,2017-08-08
3258266,content layer,内容层,,2017-08-08
3258267,content neutral,内容中立,,2017-08-08
3258268,content regulation,内容管制,,2017-08-08
3258269,Content Sanction Committee,{英国}内容裁罚委员会,,2017-08-08
3258270,Content Sanctions Committee,{英国}内容审查委员会,,2017-08-08
3258271,content validity,内容效度,,2017-08-08
3258272,content-related offences,与内容相关之侵害,,2017-08-08
3258273,contest,竞赛式促销,,2017-08-08
3258274,context,情境[脉络]；语境,,2017-08-08
3258275,context constituent,脉络组成要素,,2017-08-08
3258276,contextual approach,情境取径,,2017-08-08
3258277,contextual discourse,情境话语；情境论述,,2017-08-08
3258278,contextual effect,情境效应,,2017-08-08
3258279,contextual factor,情境因素；语境因素,,2017-08-08
3258280,contextual influence,脉络影响；情境影响,,2017-08-08
3258281,contextualist narratology,情境主义叙事学；语境主义叙事学,,2017-08-08
3258282,contextualized interpretation,情境解释；语境解释,,2017-08-08
3258283,contextualized meaning,情境意涵；语境意义,,2017-08-08
3258284,contextualized-consequential model,情境因果模式；语境因果模式,,2017-08-08
3258285,contiguous layers,相邻层,,2017-08-08
3258286,continence,大小便控制,,2017-08-08
3258287,Continental Press Service,{美国}大陆新闻社,,2017-08-08
3258288,contingency,偶发事件；权变,,2017-08-08
3258289,contingency question,列联问题,,2017-08-08
3258290,contingency theory,权变理论,,2017-08-08
3258291,contingent compensation,权变性奖酬,,2017-08-08
3258292,contingent personal identity,依情况而定的个人认同,,2017-08-08
3258293,continued story,连载小说；连载故事 ,,2017-08-08
3258294,continuing coverage,系列报导；持续报导,,2017-08-08
3258295,continuing model of evaluation,持续性的评估模式,,2017-08-08
3258296,continuity,分镜脚本；连戏；持续性；连续性,,2017-08-08
3258297,continuity clerk,场记,,2017-08-08
3258298,continuity sheet,场记表；套片顺序表,,2017-08-08
3258299,continuity strategy,{广告}媒体排程策略,,2017-08-08
3258300,continuity writer,分镜脚本作者,,2017-08-08
3258301,continuous autofocus,连续自动对焦,,2017-08-08
3258302,continuous contact printer,连续式接触印片机,,2017-08-08
3258303,continuous film {=loop},循环片,,2017-08-08
3258304,continuous printer,连续式印片机,,2017-08-08
3258305,continuous procession,连续冲洗法,,2017-08-08
3258306,continuous quality improvement {=CQI},持续性品质改善,,2017-08-08
3258307,continuous schedule,连续媒体排程,,2017-08-08
3258308,continuous tone,黑白灰阶；{电脑绘图}连续色调,,2017-08-08
3258309,continuous tone negative,连续色调负片,,2017-08-08
3258310,continuous variable,连续变项,,2017-08-08
3258311,continuous-action lighting,连续动作打灯,,2017-08-08
3258312,continuum,续谱；连续谱,,2017-08-08
3258313,contraception,避孕,,2017-08-08
3258314,contraceptive,避孕剂；避孕器,,2017-08-08
3258315,contract,契约；合约,,2017-08-08
3258316,contract infringement,契约侵权,,2017-08-08
3258317,contract rate,合约特价,,2017-08-08
3258318,contradicting,反驳,,2017-08-08
3258319,contrast,反差；对比,,2017-08-08
3258320,contrast developer,反差显影液,,2017-08-08
3258321,contrast effect,对比效果；对比效应,,2017-08-08
3258322,contrast filter,反差滤光镜；反差滤光片,,2017-08-08
3258323,contrast index {=CI},反差指数,,2017-08-08
3258324,contrast range,反差；对比范围,,2017-08-08
3258325,contrast ratio,对比率,,2017-08-08
3258326,contrasted group,对比组,,2017-08-08
3258327,contributing editor,特约编辑 ,,2017-08-08
3258328,contribution,{报刊}稿件；投稿,,2017-08-08
3258329,contribution margin,边际贡献,,2017-08-08
3258330,contributor,投稿人 ,,2017-08-08
3258331,contributors column,投稿者专栏,,2017-08-08
3258332,contributory cause,辅助因子,,2017-08-08
3258333,contributory infringement,辅助侵权：协助侵权,,2017-08-08
3258334,contrivance,公式化情节,,2017-08-08
3258335,control,控制,,2017-08-08
3258336,control dilemma,控制困境,,2017-08-08
3258337,control function,控制功能,,2017-08-08
3258338,control group,控制组,,2017-08-08
3258339,control mutuality,相互控制,,2017-08-08
3258340,control need,控制需求,,2017-08-08
3258341,control revolution,控制革命,,2017-08-08
3258342,control room,控制室；副控室,,2017-08-08
3258343,control room automation system,控制室自动化系统,,2017-08-08
3258344,control strip,控制带；控制用感光带,,2017-08-08
3258345,control technology,控制科技,,2017-08-08
3258346,control track,{录影系统}控制轨,,2017-08-08
3258347,control variable,控制变项,,2017-08-08
3258348,controlled circulation,限量发行之邮寄刊物,,2017-08-08
3258349,controlled condition,控制情境,,2017-08-08
3258350,controlled drug,管制药品,,2017-08-08
3258351,controlled study,对照研究,,2017-08-08
3258352,convenience sampling,便利抽样,,2017-08-08
3258353,convention,传统；规范；成规；大会；集会,,2017-08-08
3258354,Convention on Transfrontier,{欧盟}跨界电视公约,,2017-08-08
3258355,convention speech,集会演说,,2017-08-08
3258356,conventional gravure,普通照相凹版；实用照相凹版,,2017-08-08
3258357,conventional sign,惯用记号,,2017-08-08
3258358,conventional symbol,惯用符号,,2017-08-08
3258359,convergence,会合；聚合；汇流,,2017-08-08
3258360,convergent validity,聚合效度,,2017-08-08
3258361,conversation,交谈,,2017-08-08
3258362,conversation analysis,会话分析[法],,2017-08-08
3258363,conversation axis,对话轴线,,2017-08-08
3258364,conversation service,通话服务,,2017-08-08
3258365,conversational maxim,交谈准则,,2017-08-08
3258366,conversion lens,转换镜头；变换镜头,,2017-08-08
3258367,converter,转换器；变换器,,2017-08-08
3258368,convex lens,凸透镜,,2017-08-08
3258369,conveyance charge,传输费用,,2017-08-08
3258370,convolution interleaving,交织编码；回旋交错,,2017-08-08
3258371,convulsion,抽搐,,2017-08-08
3258372,cookie,{灯光}有图形之遮光叶片；{电脑防灌票俗称}饼干,,2017-08-08
3258373,cookie pattern,{灯光}图形叶片,,2017-08-08
3258374,cookie projection,{灯光}图形叶片投射,,2017-08-08
3258375,cool light,冷光灯,,2017-08-08
3258376,cool medium,冷媒介,,2017-08-08
3258377,coolcard ad,酷卡广告,,2017-08-08
3258378,cooperative environment,合作环境,,2017-08-08
3258379,cooperative news gathering,协作新闻采集,,2017-08-08
3258380,cooperative principle,合作原则,,2017-08-08
3258381,cooperative strategy,合作策略,,2017-08-08
3258382,cooperative {=co-op} advertising,合作广告,,2017-08-08
3258383,cooptation,收编,,2017-08-08
3258384,Coordinated Management of Meaning {=CMM} theory,意义协调理论,,2017-08-08
3258385,coordination network,协调网路,,2017-08-08
3258386,coordination polymer,配位聚合物,,2017-08-08
3258387,coping capacity,适应能力,,2017-08-08
3258388,coping demand,适应需求,,2017-08-08
3258389,coping strategy,因应策略,,2017-08-08
3258390,copper distributed data interface {=CDDI},铜缆分散式数据介面,,2017-08-08
3258391,copper intensifier,铜增强剂,,2017-08-08
3258392,copper pair,铜绞线,,2017-08-08
3258393,copper toning,铜调色法,,2017-08-08
3258394,copter mount,高空摄影机座,,2017-08-08
3258395,Copuos {=Committee on the Peaceful Uses of Outer Space},和平使用外太空委员会,,2017-08-08
3258396,copy,文案,,2017-08-08
3258397,copy desk,编辑台,,2017-08-08
3258398,copy editor,文字编辑 ,,2017-08-08
3258399,copy guard,防盗录装置,,2017-08-08
3258400,copy point,文案重点,,2017-08-08
3258401,copy proof,清样,,2017-08-08
3258402,copy-protection software,防拷贝软体,,2017-08-08
3258403,copycast,文案版面预览,,2017-08-08
3258404,copycat,模仿；抄袭；{俗称}文抄公,,2017-08-08
3258405,copying,印片；复印；复制；翻拍,,2017-08-08
3258406,copyright,版权；著作权,,2017-08-08
3258407,copyright clearance,著作权声明,,2017-08-08
3258408,copyright infringement,版权侵害,,2017-08-08
3258409,copyright law,版权法；著作权法,,2017-08-08
3258410,copyright protection,著作权保护,,2017-08-08
3258411,copyright royalty,著作权利金,,2017-08-08
3258412,Copyright Royalty Tribunal,{英国}著作权版税裁决所,,2017-08-08
3258413,copyright tribunal,著作权审议庭,,2017-08-08
3258414,"Copyright, Designs and Patents Act 1998",{英国}1998年著作权、设计及专利法,,2017-08-08
3258415,copytesting,文案测试,,2017-08-08
3258416,copywriter,文案人员,,2017-08-08
3258417,cordless communication,无线通讯,,2017-08-08
3258418,cordless phone {=CP},无线电话,,2017-08-08
3258419,cordless telephone generation 2 {=CT-2},第二代低功率无线电话；{俗称}二哥大,,2017-08-08
3258420,core,{影片}片心；片轴,,2017-08-08
3258421,core belief,核心信念,,2017-08-08
3258422,core film,{影片}片心；片轴,,2017-08-08
3258423,core sector,核心部门,,2017-08-08
3258424,core self,核心自我,,2017-08-08
3258425,core value,核心价值,,2017-08-08
3258426,corner resolution,边缘解析度,,2017-08-08
3258427,corona charge,电晕充电,,2017-08-08
3258428,corona current,电晕电流,,2017-08-08
3258429,corona discharge,电晕放电,,2017-08-08
3258430,corona discharger,电晕放电器,,2017-08-08
3258431,corona voltage,电晕电压,,2017-08-08
3258432,corona wire,电晕金属丝,,2017-08-08
3258433,coronary heart disease,冠状动脉心脏病,,2017-08-08
3258434,corporate advertising,企业广告,,2017-08-08
3258435,corporate body,法人团体,,2017-08-08
3258436,corporate communication,企业沟通,,2017-08-08
3258437,corporate culture,企业文化,,2017-08-08
3258438,corporate identity advertising,企业识别广告,,2017-08-08
3258439,corporate identity system,企业识别系统,,2017-08-08
3258440,corporate identity {=CI},企业识别,,2017-08-08
3258441,corporate image,企业形象,,2017-08-08
3258442,corporate impression management,企业印象管理,,2017-08-08
3258443,corporate journalism,企业新闻,,2017-08-08
3258444,corporate objective,企业目标,,2017-08-08
3258445,corporate philanthropy,企业公益,,2017-08-08
3258446,corporate power,企业力,,2017-08-08
3258447,corporate public relations,企业公共关系,,2017-08-08
3258448,corporate relation,企业关系,,2017-08-08
3258449,corporate responsibility,企业责任,,2017-08-08
3258450,corporate social responsibility {=CSR},企业社会责任,,2017-08-08
3258451,corporate speech,企业演说,,2017-08-08
3258452,corporate TV,企业电视,,2017-08-08
3258453,corporate underwriting,企业赞助,,2017-08-08
3258454,corporate video,企业影片；企业影带,,2017-08-08
3258455,corporation,股份公司；社团法人,,2017-08-08
3258456,Corporation for Public Broadcasting {=CPB},{美国}公共广播协会,,2017-08-08
3258457,corporatism,社团主义；合作主义,,2017-08-08
3258458,corpus,资料体；词料库；语料库,,2017-08-08
3258459,correct exposure,正确曝光,,2017-08-08
3258460,correction,更正[启事] ,,2017-08-08
3258461,corrective advertising,更正广告,,2017-08-08
3258462,correlation,相关,,2017-08-08
3258463,correlation design,相关设计,,2017-08-08
3258464,correlation study,相关研究,,2017-08-08
3258465,correlational matrix,相关[系数]矩阵,,2017-08-08
3258466,correlational question,相关问题,,2017-08-08
3258467,correspondence column,特派员专栏 ,,2017-08-08
3258468,correspondent,特派记者；驻外记者 ,,2017-08-08
3258469,corrosive sublimate,{印刷}升汞,,2017-08-08
3258470,corruption,贪腐,,2017-08-08
3258471,cosmetician,化妆师,,2017-08-08
3258472,cosmopolite,世界观；世界公民,,2017-08-08
3258473,cosmopoliteness,都会性；都市性,,2017-08-08
3258474,cost,成本；价格,,2017-08-08
3258475,cost assessment,成本评估,,2017-08-08
3258476,cost disparity,成本差异,,2017-08-08
3258477,cost of failure,错误成本,,2017-08-08
3258478,cost of the barriers,障碍成本,,2017-08-08
3258479,cost structure,成本结构,,2017-08-08
3258480,cost-benefit analysis,成本收益分析；成本利润分析,,2017-08-08
3258481,cost-consequence analysis,成本结果分析,,2017-08-08
3258482,cost-effectiveness analysis,成本效益分析,,2017-08-08
3258483,cost-effectiveness analysis {=CEA},成本效益分析,,2017-08-08
3258484,cost-of-service regulation,服务成本管制,,2017-08-08
3258485,cost-offset analysis,成本冲销分析,,2017-08-08
3258486,cost-per-mill thousand {=CPM},{广告}每千人成本,,2017-08-08
3258487,cost-per-mill {=CPM},{广告}每千人成本,,2017-08-08
3258488,costume,戏服,,2017-08-08
3258489,costume designer,服装设计师,,2017-08-08
3258490,costume film,古装片,,2017-08-08
3258491,costume man,服装师,,2017-08-08
3258492,costumer,服装师,,2017-08-08
3258493,counsel connect,法律顾问连线,,2017-08-08
3258494,counseling,咨询,,2017-08-08
3258495,counseling role,咨商角色,,2017-08-08
3258496,counter programming,反向策略；区隔策略,,2017-08-08
3258497,counter-espionage,反情报工作,,2017-08-08
3258498,counter-hegemony,反霸权,,2017-08-08
3258499,counterattack strategy,反击策略,,2017-08-08
3258500,counterplot,对立情节,,2017-08-08
3258501,counterpoint,音画对位,,2017-08-08
3258502,counterstatement,反驳声明,,2017-08-08
3258503,countervailing buying power,议价能力,,2017-08-08
3258504,counterweight battery,平衡电池,,2017-08-08
3258505,country code top level domain {=ccTLD},顶级国码网域名称；网址末端国码,,2017-08-08
3258506,country music,{类型电台}乡村音乐,,2017-08-08
3258507,coupled exposure meter,联动曝光表；耦合曝光表,,2017-08-08
3258508,coupled range finder,联动测距器；耦合测距器,,2017-08-08
3258509,coupled range finder camera,联动测距相机；耦合测距相机,,2017-08-08
3258510,coupled rangefinder,叠影对焦器,,2017-08-08
3258511,coupled rangefinder camera,叠影对焦相机,,2017-08-08
3258512,coupler,偶合剂；成色剂,,2017-08-08
3258513,coupler in emulsion type,内耦式,,2017-08-08
3258514,coupler in emulsion type color film,内耦式彩色胶片,,2017-08-08
3258515,coupon,折价券,,2017-08-08
3258516,Courier,{通信卫星}使用者号,,2017-08-08
3258517,Court of First Instance,{欧盟}初审法院,,2017-08-08
3258518,cover,封面,,2017-08-08
3258519,cover date,封面出版日期,,2017-08-08
3258520,cover girl,封面女郎 ,,2017-08-08
3258521,cover paper,封面纸,,2017-08-08
3258522,cover position,封面版位,,2017-08-08
3258523,cover shot,涵盖镜头,,2017-08-08
3258524,cover story,封面报导,,2017-08-08
3258525,cover-up,掩盖；隐藏,,2017-08-08
3258526,coverage,无线电波涵盖范围,,2017-08-08
3258527,coverage,报导,,2017-08-08
3258528,coverage bias,{抽样}涵盖偏差,,2017-08-08
3258529,coverage error,{抽样}涵盖误差,,2017-08-08
3258530,covering letter,说明函,,2017-08-08
3258531,covert coverage,隐性采访；秘密采访；化身报导,,2017-08-08
3258532,covert news,秘密新闻,,2017-08-08
3258533,covert observation,隐蔽观察,,2017-08-08
3258534,covert research method,隐蔽研究法,,2017-08-08
3258535,covert role,隐藏性角色,,2017-08-08
3258536,CP {=cordless phone},无线电话,,2017-08-08
3258537,CPB {=Corporation for Public Broadcasting},{美国}公共广播协会,,2017-08-08
3258538,CPBF {=Campaign for Press and Broadcasting Freedom},{英国}报业及广电媒体自由运动联盟,,2017-08-08
3258539,CPC {=coated paper copier},涂层纸复印机,,2017-08-08
3258540,CPE {=consumer premises equipment},用户端设备,,2017-08-08
3258541,CPI {=consumer price index},用户价格[费率]索引,,2017-08-08
3258542,CPJ {=Committee to Protect Journalists},保护记者委员会,,2017-08-08
3258543,CPM {=cost-per-mill thousand},{广告}每千人成本,,2017-08-08
3258544,CPM {=cost-per-mill},{广告}每千人成本,,2017-08-08
3258545,CPS {=cable programming service},有线电视节目服务,,2017-08-08
3258546,CPS {=Certification Practice Statement},{电子签章法}凭证实务作业基准,,2017-08-08
3258547,CPST {=cable programming service tier},有线电视节目服务层级,,2017-08-08
3258548,CPU {=central processing unit},中央处理器,,2017-08-08
3258549,CQI {=continuous quality improvement},持续性品质改善,,2017-08-08
3258550,CR {=channel repertoire},频道剧目；习惯收视频道数,,2017-08-08
3258551,CRA {=Community Radio Association},社区广播协会,,2017-08-08
3258552,crab dolly,移动悬臂,,2017-08-08
3258553,crab steering position,{摄影机}定位横移,,2017-08-08
3258554,crabbing,{摄影机}横移,,2017-08-08
3258555,cracker,网路破坏者,,2017-08-08
3258556,Craigslist,Craigs分类广告网站,,2017-08-08
3258557,Cramer's V,Cramer V[检定],,2017-08-08
3258558,cramps,痉挛,,2017-08-08
3258559,crane,升降机,,2017-08-08
3258560,crane movement,升降机运动,,2017-08-08
3258561,crane shot,升降镜头；升降摄影,,2017-08-08
3258562,crank handle,{脚架}曲柄把手,,2017-08-08
3258563,creative activity,创意活动,,2017-08-08
3258564,creative boutique,创意设计工作室,,2017-08-08
3258565,creative brief,创意策略单,,2017-08-08
3258566,creative department,创意部,,2017-08-08
3258567,creative dimensional direct mailing {=CDDM},创意面向的直接信函,,2017-08-08
3258568,creative director,创意总监,,2017-08-08
3258569,creative industries strategy,创意产业策略,,2017-08-08
3258570,creative interviewing,原创采访,,2017-08-08
3258571,creative media,创意媒体,,2017-08-08
3258572,creative mix,创意组合,,2017-08-08
3258573,creative process,创意流程,,2017-08-08
3258574,creative pyramid,创意金字塔,,2017-08-08
3258575,creative strategy,创意策略,,2017-08-08
3258576,creativity,创造力,,2017-08-08
3258577,credibility,可信度,,2017-08-08
3258578,credits,演职员表,,2017-08-08
3258579,creole,混合语；混血儿,,2017-08-08
3258580,creolization,混语化；克里奥耳化,,2017-08-08
3258581,Creutzfeldt-Jakob Disease {=CJD},库贾氏病,,2017-08-08
3258582,crew,工作人员,,2017-08-08
3258583,crew call,现场通告；工作人员招募,,2017-08-08
3258584,crime news,犯罪新闻,,2017-08-08
3258585,crime report,犯罪报导,,2017-08-08
3258586,criminal liability,刑事责任,,2017-08-08
3258587,criminal offence,刑事犯罪,,2017-08-08
3258588,criminalization,罪犯化,,2017-08-08
3258589,crimnal law,刑法,,2017-08-08
3258590,CRIS {=The Communication Rights in the Information Society},{英国}资讯社会传播权组织,,2017-08-08
3258591,crisis and emergency risk communication {=CERC},危机和紧急风险传播,,2017-08-08
3258592,crisis audit,危机检核,,2017-08-08
3258593,crisis communication,危机传播；危机沟通,,2017-08-08
3258594,crisis handling,危机处理,,2017-08-08
3258595,crisis journalism,危机新闻学,,2017-08-08
3258596,crisis management,危机管理,,2017-08-08
3258597,crisis marketing,危机行销,,2017-08-08
3258598,crisis news,危机新闻,,2017-08-08
3258599,crisis response,危机反应,,2017-08-08
3258600,crisis response strategy,危机反应策略,,2017-08-08
3258601,crisis situation,危机情境,,2017-08-08
3258602,criteria selection,筛选准则,,2017-08-08
3258603,criterion group,效标组,,2017-08-08
3258604,criterion validity,效标效度,,2017-08-08
3258605,criterion variable,效标变项,,2017-08-08
3258606,criterion-related validity,效标关联效度,,2017-08-08
3258607,critical communication theory,批判传播理论,,2017-08-08
3258608,critical discourse analysis {=CDA},批判论述分析；批判话语分析,,2017-08-08
3258609,critical focus,临界焦距,,2017-08-08
3258610,critical incident,关键事件,,2017-08-08
3258611,Critical Information Infrastructure Protection {=CIIP},{欧盟}重要资讯基础设施保护计划　,,2017-08-08
3258612,critical journalism,批判新闻学,,2017-08-08
3258613,critical mass,关键多数；关键大众,,2017-08-08
3258614,critical perspective,批判观点,,2017-08-08
3258615,critical qualitative research,质性批判研究,,2017-08-08
3258616,critical race theory {=CRT},批判种族理论,,2017-08-08
3258617,critical rationality,批判理性,,2017-08-08
3258618,critical social marketing,批判社会行销,,2017-08-08
3258619,critical spectatorship,批判的观视,,2017-08-08
3258620,critical theorist,批判理论者,,2017-08-08
3258621,critical theory,批判理论,,2017-08-08
3258622,critical/cultural paradigm,批判／文化典范,,2017-08-08
3258623,criticism,批判,,2017-08-08
3258624,critique,批判；批评,,2017-08-08
3258625,CRM {=cause-related marketing},善因行销；公益行销,,2017-08-08
3258626,CRM {=customer relationship management},顾客关系管理,,2017-08-08
3258627,cromalin proof,校样,,2017-08-08
3258628,Cronbach's alpha formula,Cronbach α公式,,2017-08-08
3258629,crop,剪辑[图片]；照片裁切；修图,,2017-08-08
3258630,cross connecting cabinet,交接箱,,2017-08-08
3258631,cross cultural,跨文化的,,2017-08-08
3258632,cross filter,十字滤光镜,,2017-08-08
3258633,cross in,入镜,,2017-08-08
3258634,cross light,交叉打光；斜面侧光,,2017-08-08
3258635,cross line screen,线框屏,,2017-08-08
3258636,cross out,出镜,,2017-08-08
3258637,cross ownership,跨媒体所有权；交叉所有权,,2017-08-08
3258638,cross screen,十字镜,,2017-08-08
3258639,cross subsidy,交叉补贴　,,2017-08-08
3258640,cross tabulation,列联表；交叉列表,,2017-08-08
3258641,cross talk,串音,,2017-08-08
3258642,cross validation,复核,,2017-08-08
3258643,cross-channel promotion,跨频道促销,,2017-08-08
3258644,cross-connect point,交接点,,2017-08-08
3258645,cross-cultural studies,跨文化研究；异文化研究,,2017-08-08
3258646,cross-fade,交叉淡入／出,,2017-08-08
3258647,cross-keying,交叉嵌入,,2017-08-08
3258648,cross-lagged correlation,时差交叉相关,,2017-08-08
3258649,cross-licensing agreement,交换授权协议,,2017-08-08
3258650,cross-media ownership,跨媒体所有权,,2017-08-08
3258651,cross-ownership rule,{美国}跨业所有权规范,,2017-08-08
3258652,cross-ownership rules,{美国}跨业所有权规范,,2017-08-08
3258653,cross-plot,简明支配表,,2017-08-08
3258654,cross-polarization,交叉极化,,2017-08-08
3258655,cross-reading,跨界阅读,,2017-08-08
3258656,cross-sectional design,横断研究设计,,2017-08-08
3258657,cross-sectional research,横断研究,,2017-08-08
3258658,cross-shot {=X/S},交叉摄影,,2017-08-08
3258659,cross-site scripting {=XSS},跨站攻击程式,,2017-08-08
3258660,cross-subsidy,交叉补贴,,2017-08-08
3258661,cross-talk,串音,,2017-08-08
3258662,cross-validating,交叉效度,,2017-08-08
3258663,crosscultural communication,跨文化传播,,2017-08-08
3258664,crosscutting,交叉剪接,,2017-08-08
3258665,crossing the species barrier,跨越物种障碍,,2017-08-08
3258666,crossover viewing,跨界观看,,2017-08-08
3258667,crosstab,交叉列表；列联表,,2017-08-08
3258668,crowding,群聚,,2017-08-08
3258669,Crown Copyright,{英国}皇家版权,,2017-08-08
3258670,CRP {=complex response process},复杂反应过程,,2017-08-08
3258671,CRT {=cathode-ray tube},阴极射线管；映像管；画面监视器,,2017-08-08
3258672,CRT {=critical race theory},批判种族理论,,2017-08-08
3258673,CRTC {=Canadian Radio-television and Telecommunication Commision},加拿大广电暨电讯委员会,,2017-08-08
3258674,CRTC {=Canadian Radio-television Commission},加拿大广播电视委员会,,2017-08-08
3258675,crude birth rate,粗出生率,,2017-08-08
3258676,crude death rate,粗死亡率,,2017-08-08
3258677,crusade,锲而不舍的宣传攻势,,2017-08-08
3258678,cryptography,密码学,,2017-08-08
3258679,crystal mic,晶体麦克风,,2017-08-08
3258680,crystal motor,石英锁控马达,,2017-08-08
3258681,crystal oscillation,晶体震荡,,2017-08-08
3258682,crystal sync system,石英锁控录音系统,,2017-08-08
3258683,CS {=carrier spacing},载波间隔,,2017-08-08
3258684,CS {=close shot},近景,,2017-08-08
3258685,CS {=communication satellite},通信卫星；通讯卫星,,2017-08-08
3258686,CSA {=Conseil Superieurde L'Audiovisuel},{法国}最高视听委员会,,2017-08-08
3258687,CSE {=custom search engine},客制化搜寻引擎,,2017-08-08
3258688,CSMA {=carrier sense multiple access},载波感知多重存取,,2017-08-08
3258689,CSR {=corporate social responsibility},企业社会责任,,2017-08-08
3258690,CSU {=channel service unit},通道服务单位,,2017-08-08
3258691,CT-2 {=cordless telephone generation 2},第二代低功率无线电话；{俗称}二哥大,,2017-08-08
3258692,CTA {=Cable Television Association},{英国}有线电视协会,,2017-08-08
3258693,CTA {=color temperature amber},琥珀色色温校正片,,2017-08-08
3258694,CTB {=color temperature blue},蓝色色温校正片,,2017-08-08
3258695,CTI {=computer telephony intergration},电脑电话整合系统,,2017-08-08
3258696,CTO {=color temperature orange},橘色色温校正片,,2017-08-08
3258697,CU {=close-up},{镜头}特写,,2017-08-08
3258698,CU {=close-up} shot,特写镜头,,2017-08-08
3258699,cub reporter,菜鸟记者,,2017-08-08
3258700,cube spin effect,立方体旋转特效,,2017-08-08
3258701,cucaloris,阴影模板,,2017-08-08
3258702,cucalorus,{灯光}图形叶片,,2017-08-08
3258703,cue,提示讯号；线索,,2017-08-08
3258704,cue card,提词卡；提示卡,,2017-08-08
3258705,cue mark,剪接记号；换片记号,,2017-08-08
3258706,cue sheet,演出顺序表,,2017-08-08
3258707,cue tone,{录音}提示音讯,,2017-08-08
3258708,cues-filtered-out perspective,去线索观点,,2017-08-08
3258709,CUG {=close user group},群内通信,,2017-08-08
3258710,culpability,罪责,,2017-08-08
3258711,culpability dilemma,罪责困境,,2017-08-08
3258712,cult movie,次文化电影,,2017-08-08
3258713,cultivation,涵化,,2017-08-08
3258714,cultivation process,涵化过程,,2017-08-08
3258715,cultivation study,涵化研究,,2017-08-08
3258716,cultivation theory,涵化理论,,2017-08-08
3258717,cultural acceptability,文化接受性,,2017-08-08
3258718,cultural access group,文化近用团体；文化进用团体,,2017-08-08
3258719,cultural and creative industry,文化创意产业,,2017-08-08
3258720,cultural bias,文化偏差,,2017-08-08
3258721,cultural capital,文化资本,,2017-08-08
3258722,cultural chaos,文化混沌,,2017-08-08
3258723,cultural citizenship,文化公民权,,2017-08-08
3258724,cultural construct,文化构念,,2017-08-08
3258725,cultural context,文化情境；文化脉络,,2017-08-08
3258726,cultural contingency,文化偶然性；文化权变,,2017-08-08
3258727,cultural discount,文化折扣,,2017-08-08
3258728,cultural display,文化展现,,2017-08-08
3258729,cultural display rule,文化展现规则,,2017-08-08
3258730,cultural distance,文化距离,,2017-08-08
3258731,cultural diversity,文化多样性,,2017-08-08
3258732,cultural domination model,文化宰制模式,,2017-08-08
3258733,cultural elite,文化菁英,,2017-08-08
3258734,cultural empowerment model,文化赋权模式；文化培力模式；文化增能模式,,2017-08-08
3258735,cultural health problem,文化健康问题,,2017-08-08
3258736,cultural hybridity,文化混杂,,2017-08-08
3258737,cultural hybridization,文化混杂化,,2017-08-08
3258738,cultural identity,文化认同,,2017-08-08
3258739,cultural imperialism,文化帝国主义,,2017-08-08
3258740,cultural indicator project,文化指标计划,,2017-08-08
3258741,cultural industry,文化工业；文化产业,,2017-08-08
3258742,cultural institution,文化机构,,2017-08-08
3258743,cultural integrator,文化整合者,,2017-08-08
3258744,cultural interpretation model,文化诠释模式,,2017-08-08
3258745,cultural juxtaposing,文化并置,,2017-08-08
3258746,cultural level,文化层次,,2017-08-08
3258747,cultural matrix,文化母体,,2017-08-08
3258748,cultural negotiation,文化协商,,2017-08-08
3258749,cultural organization,文化组织,,2017-08-08
3258750,cultural paradigm of risk,风险的文化典范,,2017-08-08
3258751,cultural pattern,文化模式；文化型态,,2017-08-08
3258752,Cultural Policy Review Committee,{加拿大}文化政策评估委员会,,2017-08-08
3258753,cultural production,文化产制,,2017-08-08
3258754,cultural protectionism,文化保护主义,,2017-08-08
3258755,cultural reality,文化真实,,2017-08-08
3258756,cultural reproduction,文化再制,,2017-08-08
3258757,cultural rights,文化权,,2017-08-08
3258758,cultural schemata,文化基模组,,2017-08-08
3258759,cultural sensibility,文化可感知性,,2017-08-08
3258760,cultural sensitivity,文化敏锐度；文化敏感度,,2017-08-08
3258761,cultural sovereignty,文化自主权,,2017-08-08
3258762,cultural standard,文化标准,,2017-08-08
3258763,cultural standardization,文化标准化,,2017-08-08
3258764,cultural study,文化研究,,2017-08-08
3258765,cultural study perspective,文化研究观点,,2017-08-08
3258766,cultural theory,文化理论,,2017-08-08
3258767,cultural time orientation,文化时间导向,,2017-08-08
3258768,cultural topoi,文化惯用语,,2017-08-08
3258769,cultural tradition,文化传统,,2017-08-08
3258770,cultural transfer of theory,理论的文化转换；理论的文化移转,,2017-08-08
3258771,cultural transmission,文化转移,,2017-08-08
3258772,cultural universal,文化普同,,2017-08-08
3258773,cultural-level rule,文化层次规则,,2017-08-08
3258774,culturalism,文化主义,,2017-08-08
3258775,culture,文化,,2017-08-08
3258776,culture and creative industry,文化创意产业,,2017-08-08
3258777,culture shock,文化震撼,,2017-08-08
3258778,cume persons,累积阅听人数,,2017-08-08
3258779,cume rating,累积阅听率,,2017-08-08
3258780,cumulative percentage,累积百分比,,2017-08-08
3258781,cumulative rating,累积收视听率,,2017-08-08
3258782,cumulative scaling,累积量表,,2017-08-08
3258783,curiosity need,好奇的需求,,2017-08-08
3258784,currency,时近性,,2017-08-08
3258785,current customer,既有顾客,,2017-08-08
3258786,curtain,布幕,,2017-08-08
3258787,curvilinear relationship,曲线关系,,2017-08-08
3258788,custom search engine {=CSE},客制化搜寻引擎,,2017-08-08
3258789,customer,顾客,,2017-08-08
3258790,customer authorization system {=CAS},用户授权系统,,2017-08-08
3258791,customer base,消费者基础,,2017-08-08
3258792,customer lifetime value,顾客终生价值,,2017-08-08
3258793,customer premise equipment,用户端设备,,2017-08-08
3258794,customer proprietary network information,客户专属网路资讯,,2017-08-08
3258795,customer relation,顾客关系,,2017-08-08
3258796,customer relationship management {=CRM},顾客关系管理,,2017-08-08
3258797,customized function,客制化功能,,2017-08-08
3258798,cut,{新闻}插图；删减[字数]；{影视}动作停止；镜头切换 ；画面；镜头,,2017-08-08
3258799,cut away,{画面}跳离镜头,,2017-08-08
3258800,cut away shot,{画面}跳离镜头,,2017-08-08
3258801,cut in,插入；切入,,2017-08-08
3258802,cut line,图说；照片说明,,2017-08-08
3258803,cut number,镜头编号,,2017-08-08
3258804,cut out,跳出；切出,,2017-08-08
3258805,cut sheet,分镜表,,2017-08-08
3258806,cut throat,割喉战；恶性竞争,,2017-08-08
3258807,cut-off score,临界分数,,2017-08-08
3258808,cuts-only editing system,卡接剪辑法,,2017-08-08
3258809,cutter,裁刀,,2017-08-08
3258810,cutting,剪接；剪辑；编辑,,2017-08-08
3258811,cutting curve,分割线,,2017-08-08
3258812,cutting outline,剪接大纲,,2017-08-08
3258813,cutting point,分割点,,2017-08-08
3258814,cutting room,剪接室,,2017-08-08
3258815,CV {=cellphone video},手机视讯；手机影像,,2017-08-08
3258816,CVM {=color video monitor},彩色监视器,,2017-08-08
3258817,cyan,靛青[色],,2017-08-08
3258818,cyan coupler,靛青耦合剂；靛青成色剂,,2017-08-08
3258819,cyanine dye,靛青染料,,2017-08-08
3258820,cyber addictive personality syndrome,网路成瘾症候群,,2017-08-08
3258821,cyber art,网路艺术,,2017-08-08
3258822,cyber cash,网路现金,,2017-08-08
3258823,cyber crime,网路犯罪,,2017-08-08
3258824,cyber democracy,网路民主,,2017-08-08
3258825,cyber forensics,资通安全鉴识,,2017-08-08
3258826,cyber health,网路医疗,,2017-08-08
3258827,cyber journalism,网路新闻学,,2017-08-08
3258828,cyber law,网路法,,2017-08-08
3258829,cyber media,网路媒体,,2017-08-08
3258830,cyber porn,网路色情,,2017-08-08
3258831,cyber security,网路安全,,2017-08-08
3258832,cyber shark,网路侵权者,,2017-08-08
3258833,cyber space,网路空间,,2017-08-08
3258834,cyber squatter,网路蟑螂；网路掮客,,2017-08-08
3258835,cyberage narratology,网路叙事学,,2017-08-08
3258836,cyberbully,网路霸凌,,2017-08-08
3258837,cyberbullying,网路霸凌,,2017-08-08
3258838,cybercrime,网路犯罪,,2017-08-08
3258839,Cybercrime Convention,{欧盟}网路犯罪公约,,2017-08-08
3258840,cyberdemocracy,网路民主,,2017-08-08
3258841,cyberloafing,逛网路,,2017-08-08
3258842,cybernetics,模控论；模控学,,2017-08-08
3258843,cyberporn,网路色情,,2017-08-08
3258844,Cyberport,{香港}数码港,,2017-08-08
3258845,cyberprise,网路企业,,2017-08-08
3258846,cyberpunk,网路科幻小说,,2017-08-08
3258847,cyberspace,网际空间,,2017-08-08
3258848,Cyberspace Law Institute,{美国}网路空间法律协会,,2017-08-08
3258849,cybersquatting,网路蟑螂,,2017-08-08
3258850,cyberwar,网路战争,,2017-08-08
3258851,cyborg,赛伯人；数码人,,2017-08-08
3258852,cybrary,网路图书馆,,2017-08-08
3258853,cyc light,天幕灯,,2017-08-08
3258854,cyc {=cyclorama},天幕,,2017-08-08
3258855,cycle,循环动作,,2017-08-08
3258856,cyclic fluctuation,周期循环,,2017-08-08
3258857,cyclorama {=cyc},天幕,,2017-08-08
3258858,cynicism,犬儒主义；愤世嫉俗,,2017-08-08
3258859,D mount,D型镜头接座,,2017-08-08
3258860,D&P {=developing and printing},影片冲印,,2017-08-08
3258861,D-1 component digital VTR,D-1规格数位合成录影机,,2017-08-08
3258862,D-1 videotape recorder system,D-1规格数位录影带系统,,2017-08-08
3258863,D-2 component digital VTR,D-2规格数位合成录影机,,2017-08-08
3258864,D-2 videotape recorder system,D-2规格数位录影带系统,,2017-08-08
3258865,D-3 videotape recorder system,D-3规格数位录影带系统,,2017-08-08
3258866,D-5 videotape recorder system,D-5规格数位录影带系统,,2017-08-08
3258867,D-7/DVCPRO videotape recorder system,D-7/DVCPRO规格数位录影带系统,,2017-08-08
3258868,D-9/Digital-S videotape recorder system,D-9/Digital-S规格数位录影带系统,,2017-08-08
3258869,DAB {=digital audio braodcasting},数位广播,,2017-08-08
3258870,DAB-IP {=digital audio broadcasting-internet protocol},数位音讯广播-网际网路协定,,2017-08-08
3258871,Dadaism,达达主义,,2017-08-08
3258872,Daguerreotype,{达盖尔}银板照相法,,2017-08-08
3258873,dailies {=rushes},毛片,,2017-08-08
3258874,daily,日报,,2017-08-08
3258875,Daily Mail,{英国}每日邮报,,2017-08-08
3258876,Daily Mirror,{英国}每日镜报,,2017-08-08
3258877,daily newspaper,日报,,2017-08-08
3258878,daily planning,日常规划,,2017-08-08
3258879,Daily Telegraph,{英国}每日电讯报,,2017-08-08
3258880,Daily Universal Register,{英国}每日环球纪事报,,2017-08-08
3258881,dairy herd,乳牛群,,2017-08-08
3258882,DALY {=disability-adjusted life year},失能调整后生命年；失能调整后存活年,,2017-08-08
3258883,damage control,损害控制,,2017-08-08
3258884,damage to reputation,名誉损害；声誉受损,,2017-08-08
3258885,danger control process,危险控制过程,,2017-08-08
3258886,Danish Film Institute,丹麦电影学会,,2017-08-08
3258887,DAR {=digital audiotape recorder},磁带式数位录音机,,2017-08-08
3258888,dark bag,暗袋；换片袋,,2017-08-08
3258889,dark decay,暗衰减,,2017-08-08
3258890,dark fiber,未启用的光纤束,,2017-08-08
3258891,dark reaction,暗反应,,2017-08-08
3258892,dark room,暗房,,2017-08-08
3258893,darkroom timer,暗房计时器,,2017-08-08
3258894,DAROTS {=disconnection and reconnection of telephone system},电话停／复话作业系统,,2017-08-08
3258895,DARS {=digital audio radio service},数位音讯服务,,2017-08-08
3258896,Darwinian principle,达尔文原则,,2017-08-08
3258897,Darwinianism,达尔文学说；达尔文主义；进化论,,2017-08-08
3258898,DASA {=Deutsche Aerospace},德国太空总署,,2017-08-08
3258899,DAT cassette,数位卡带系统,,2017-08-08
3258900,DAT {=digital audio tape},数位卡带,,2017-08-08
3258901,data,资料,,2017-08-08
3258902,data access,资料存取,,2017-08-08
3258903,data analysis,资料分析,,2017-08-08
3258904,data archive,资料档案；资料典藏,,2017-08-08
3258905,data capture,资料撷取,,2017-08-08
3258906,data circuit terminating equipment {=DCT},数据电路终端设备,,2017-08-08
3258907,data cleaning,资料清理,,2017-08-08
3258908,data collection,资料搜集,,2017-08-08
3258909,data compression,数据压缩,,2017-08-08
3258910,data diddling,资料窜改,,2017-08-08
3258911,data editing,资料编辑,,2017-08-08
3258912,data encryption algorithm,资料加密演算法,,2017-08-08
3258913,data encryption standard {=DES},资料加密标准；数据加密标准,,2017-08-08
3258914,data entry,资料键入,,2017-08-08
3258915,data file,资料档案,,2017-08-08
3258916,data interference,资料干扰,,2017-08-08
3258917,data interpretation,资料诠释,,2017-08-08
3258918,data leakage,资料外泄,,2017-08-08
3258919,data link layer,数据链路层,,2017-08-08
3258920,data loss,资料遗失,,2017-08-08
3258921,data management,资料管理,,2017-08-08
3258922,data matrix,资料矩阵,,2017-08-08
3258923,data mining,资料探勘,,2017-08-08
3258924,data over cable service interface specification {=DOCSIS},缆线数据服务介面规格,,2017-08-08
3258925,data processing,资料处理,,2017-08-08
3258926,data protection,资料保护,,2017-08-08
3258927,Data Protection Act of 1984,{英国}1984年个人资料保护法,,2017-08-08
3258928,Data Protection Act {=DPA},{英国}资料保护法,,2017-08-08
3258929,data protection convention,{欧盟}资料保护公约,,2017-08-08
3258930,Data Protection Directive,{欧盟}资料保护指令,,2017-08-08
3258931,data quality,资料品质,,2017-08-08
3258932,data rate,资料传输速率,,2017-08-08
3258933,data retrieval,资料撷取,,2017-08-08
3258934,data segregation,资料的隔离,,2017-08-08
3258935,data structure,资料结构,,2017-08-08
3258936,data terminal equipment {=DTE},数据终端设备,,2017-08-08
3258937,data transcription,资料转译,,2017-08-08
3258938,data transfer,数据转换,,2017-08-08
3258939,data transfer rate,资料传输速率,,2017-08-08
3258940,data transformation,资料转换,,2017-08-08
3258941,data voice service {=DVS},数据语音服务,,2017-08-08
3258942,data-based decision making,资料决策,,2017-08-08
3258943,databank,资料库,,2017-08-08
3258944,database,资料库,,2017-08-08
3258945,database information retrieval,资料库资讯检索,,2017-08-08
3258946,Database Investment and Intellectual Property Antipiracy Act of 1996,{美国}1996年资料库投资及反盗版法,,2017-08-08
3258947,database journalism,资料库新闻学,,2017-08-08
3258948,database marketing,资料库行销,,2017-08-08
3258949,database organization,资料库组织,,2017-08-08
3258950,database retrieval,资料库撷取,,2017-08-08
3258951,dateline,稿源,,2017-08-08
3258952,DATS {=digital audio transmission service},数位声频传输服务,,2017-08-08
3258953,DAW {=digital audio workstation},数位音讯工作站,,2017-08-08
3258954,day-for-night photography,日光夜景,,2017-08-08
3258955,daybook journalism,日志式新闻学,,2017-08-08
3258956,daylight,日光,,2017-08-08
3258957,daylight filter,日光滤镜,,2017-08-08
3258958,daylight loading tank,日光型装片罐,,2017-08-08
3258959,daylight speed,日光式感光,,2017-08-08
3258960,daylight synchro,日光同步,,2017-08-08
3258961,daylight synchronized flash,日光型同步闪光灯,,2017-08-08
3258962,daylight type color film,日光彩色片,,2017-08-08
3258963,daytime,日间时段,,2017-08-08
3258964,daytime-only station,日间电台,,2017-08-08
3258965,DBS {=direct broadcast satellite},直播卫星,,2017-08-08
3258966,DCC {=digital compact cassette recorder},数位卡式录音机,,2017-08-08
3258967,DCE {=distributed computing environment},分散式计算环境,,2017-08-08
3258968,"DCMS {=Department for Culture, Media and Sport}",{英国}文化、媒体及体育部,,2017-08-08
3258969,DCS {=digital communication system},数位式通讯系统,,2017-08-08
3258970,DCT {=discrete cosine transform},离散余弦转换技术,,2017-08-08
3258971,DCT {data circuit terminating equipment},数据电路终端设备,,2017-08-08
3258972,DDCS {=dial-up data communication service},拨接式数据通讯服务,,2017-08-08
3258973,DDS {=digital data system},数位数据系统,,2017-08-08
3258974,De luxe color,特丽七彩,,2017-08-08
3258975,de-aestheticisation,去美学化,,2017-08-08
3258976,de-ideologization,去意识形态化,,2017-08-08
3258977,de-politicization,去政治化,,2017-08-08
3258978,dead point,{液晶面板}坏点,,2017-08-08
3258979,dead zone,通讯死角,,2017-08-08
3258980,dead-line,截稿期限；截稿时间,,2017-08-08
3258981,deadline,截稿期限；截稿时间,,2017-08-08
3258982,deadline setting,设定期限,,2017-08-08
3258983,deadly disease,致命疾病,,2017-08-08
3258984,dealignment,解体；削弱,,2017-08-08
3258985,death ratio,死亡比,,2017-08-08
3258986,death statistics,死因统计,,2017-08-08
3258987,debate,辩论,,2017-08-08
3258988,debug test,除错试验,,2017-08-08
3258989,decency lobby,正当游说,,2017-08-08
3258990,decentralization,去中心化,,2017-08-08
3258991,decentralized system,分权系统；分散系统,,2017-08-08
3258992,decentring,去中心,,2017-08-08
3258993,deceptive advertising,欺骗式广告,,2017-08-08
3258994,decibel,分贝,,2017-08-08
3258995,decimation filter,降频滤波器,,2017-08-08
3258996,decision maker,决策者,,2017-08-08
3258997,decision making,决策,,2017-08-08
3258998,decision-making process,决策过程,,2017-08-08
3258999,decisional balance,决定平衡,,2017-08-08
3259000,declaration of candidacy,参选声明；竞选宣言,,2017-08-08
3259001,declaration of intent,意向声明,,2017-08-08
3259002,declaration of principle,原则声明,,2017-08-08
3259003,declaration of principles,原则声明,,2017-08-08
3259004,Declaration on Privacy Protection on Global Network,全球网路隐私权保护宣言,,2017-08-08
3259005,decline stage,{生命周期}衰退期,,2017-08-08
3259006,declining uptake,减少的摄取量,,2017-08-08
3259007,decode,解码,,2017-08-08
3259008,decoder,解码器,,2017-08-08
3259009,decoding,解码,,2017-08-08
3259010,decoding compressed data,压缩数据解码,,2017-08-08
3259011,deconstruction,解构,,2017-08-08
3259012,deconstructionism,解构主义,,2017-08-08
3259013,decontextualization,解语境[化]；去语境[化]；去脉络[化],,2017-08-08
3259014,decriminalization,除罪化,,2017-08-08
3259015,decryption,解密,,2017-08-08
3259016,DECT {=Digital European Cordless Telephone},欧规数位无线电话系统,,2017-08-08
3259017,dedicated flash,专用闪光灯,,2017-08-08
3259018,deduction,演绎,,2017-08-08
3259019,deductive analysis,演绎分析,,2017-08-08
3259020,deductive code,演绎分类码,,2017-08-08
3259021,deductive coding,演绎编码,,2017-08-08
3259022,deductive explanation,演绎解释,,2017-08-08
3259023,deductive method,演绎法,,2017-08-08
3259024,deductive reasoning,演绎推论,,2017-08-08
3259025,deductive research,演绎研究,,2017-08-08
3259026,deemphasis,{讯号}调降,,2017-08-08
3259027,deep pocket effect,深口袋效应,,2017-08-08
3259028,deep throat,深喉咙,,2017-08-08
3259029,deep web,深度网路,,2017-08-08
3259030,deep-focus cinematography,深焦摄影,,2017-08-08
3259031,defamation,诽谤,,2017-08-08
3259032,Defamation Act,{美国}诽谤法；妨害名誉法,,2017-08-08
3259033,defamation law,诽谤法,,2017-08-08
3259034,defamatory words,诽谤性言词,,2017-08-08
3259035,defamiliarization,去熟悉化；陌异化；陌生化,,2017-08-08
3259036,defence to prosecution,侦查抗辩,,2017-08-08
3259037,defense,防御；防卫,,2017-08-08
3259038,defense mechanism,防卫机制,,2017-08-08
3259039,defense satellite communication system {=DSCS},国防通讯卫星系统,,2017-08-08
3259040,defensive climate,防御性气氛,,2017-08-08
3259041,definition,定义；清晰度,,2017-08-08
3259042,definitional power,定义权,,2017-08-08
3259043,deflection coil,偏向线圈,,2017-08-08
3259044,defocus,失焦,,2017-08-08
3259045,defocus effect,失焦效果,,2017-08-08
3259046,defocus transition,失焦转场,,2017-08-08
3259047,defraud,诈欺,,2017-08-08
3259048,degausser,消磁器,,2017-08-08
3259049,degenerative arthritis,退化性关节炎,,2017-08-08
3259050,degradation,{电路}衰减,,2017-08-08
3259051,degree of crystallinity,结晶度,,2017-08-08
3259052,degree of freedom,自由度,,2017-08-08
3259053,degree of transfer of information,资讯转移程度,,2017-08-08
3259054,degree of uncertainty,不确定度,,2017-08-08
3259055,deintensifying,减弱,,2017-08-08
3259056,deixis,指示词；指示语,,2017-08-08
3259057,delay effect,延迟效果,,2017-08-08
3259058,delayed auditory feedback device,声音延宕回馈装置,,2017-08-08
3259059,delayed broadcast,延时播送,,2017-08-08
3259060,delayed notification,延后通知,,2017-08-08
3259061,deliberative democracy,审议式民主；协商式民主,,2017-08-08
3259062,deliberative democratic theory,审议式民主理论,,2017-08-08
3259063,deliberative model of personal responsibility,个人责任的审议模式,,2017-08-08
3259064,deliberative office,新闻审查室,,2017-08-08
3259065,deliberative poll,审议式民调,,2017-08-08
3259066,deliberative report,审议式新闻报导,,2017-08-08
3259067,deliberative reporting,审议式新闻报导,,2017-08-08
3259068,deliberative vote,审议式投票,,2017-08-08
3259069,delivery,演说技巧,,2017-08-08
3259070,delivery of intervention,介入的实施,,2017-08-08
3259071,delivery up of copy,交付副本,,2017-08-08
3259072,Delphi group method,德菲团体法,,2017-08-08
3259073,Delphi method,德菲法,,2017-08-08
3259074,Delphi technique,德菲法,,2017-08-08
3259075,delrama,{变形镜头}透镜,,2017-08-08
3259076,deluxe edition,豪华版,,2017-08-08
3259077,demagogues,煽动者,,2017-08-08
3259078,demand creation,需求创造,,2017-08-08
3259079,demarketing,逆行销；反行销,,2017-08-08
3259080,demassification,去大众化；分众化,,2017-08-08
3259081,demassified,分众；小众,,2017-08-08
3259082,dementia,失智症,,2017-08-08
3259083,democratic deliberation,民主式审议；民主式协商,,2017-08-08
3259084,democratic society,民主社会,,2017-08-08
3259085,democratic transition,民主转型,,2017-08-08
3259086,democratic-participant media theory,民主参与式媒体理论,,2017-08-08
3259087,democratization,民主化,,2017-08-08
3259088,demodulation,解调变,,2017-08-08
3259089,demographic analysis,人口变项分析,,2017-08-08
3259090,demographic data,人口资料；人口统计资料,,2017-08-08
3259091,demographic edition,依人口特性区分的版本,,2017-08-08
3259092,demographics,人口统计变项,,2017-08-08
3259093,demography,人口学,,2017-08-08
3259094,demonstration,示范,,2017-08-08
3259095,dengue fever,登革热,,2017-08-08
3259096,denial of service {=DoS},阻断服务,,2017-08-08
3259097,denial strategy,否认策略,,2017-08-08
3259098,denominational party,宗教性政党,,2017-08-08
3259099,denotation,明示义；外衍,,2017-08-08
3259100,denouement,结局,,2017-08-08
3259101,densitometer,密度计；浓度计,,2017-08-08
3259102,densitometry,密度测试仪,,2017-08-08
3259103,density,密度,,2017-08-08
3259104,density failure,密度失效,,2017-08-08
3259105,density scale,密度范围；密度阶度,,2017-08-08
3259106,"Department for Culture, Media and Sport {=DCMS}",{英国}文化、媒体及体育部,,2017-08-08
3259107,Department of Communication Information Technology and Art,{澳洲}通讯资讯技术暨艺术部,,2017-08-08
3259108,dependence,依药性；药物依赖；依赖,,2017-08-08
3259109,dependency theory,依赖理论；依附理论,,2017-08-08
3259110,dependent variable,依变项,,2017-08-08
3259111,depersonalization,去个人化,,2017-08-08
3259112,depersonalization tactic,去个人化战术,,2017-08-08
3259113,depriving dilemma,剥夺困境,,2017-08-08
3259114,depth development,强化显影,,2017-08-08
3259115,depth of field,景深,,2017-08-08
3259116,depth of focus,焦深,,2017-08-08
3259117,deregulation,解除管制；去管制；松绑,,2017-08-08
3259118,derivative rights,衍生权,,2017-08-08
3259119,derivative work rights,作品衍生权,,2017-08-08
3259120,DES {=data encryption standard},资料加密标准；数据加密标准,,2017-08-08
3259121,DES {=digital encryption system},数位加密系统,,2017-08-08
3259122,description,描述,,2017-08-08
3259123,descriptive function,描述功能,,2017-08-08
3259124,descriptive question,描述性问题,,2017-08-08
3259125,descriptive study,描述性研究,,2017-08-08
3259126,descriptive theory,描述性理论,,2017-08-08
3259127,descriptive video service,{视障}口述影像服务,,2017-08-08
3259128,descriptive writing,描述式写作,,2017-08-08
3259129,desensitization,去敏感,,2017-08-08
3259130,desensitizer,减感剂,,2017-08-08
3259131,desensitizing dye,减感染料,,2017-08-08
3259132,design,设计,,2017-08-08
3259133,designated body,指定团体,,2017-08-08
3259134,designated driver,指定驾驶人,,2017-08-08
3259135,designated market area {=DMA},指定市场区域,,2017-08-08
3259136,desilvering,脱银,,2017-08-08
3259137,desilvering bath,脱银液,,2017-08-08
3259138,desirability,可欲性,,2017-08-08
3259139,desire,欲望,,2017-08-08
3259140,desired behavior,期望行为,,2017-08-08
3259141,desk microphone,桌上型麦克风,,2017-08-08
3259142,deskman,编辑助理,,2017-08-08
3259143,destination,目的,,2017-08-08
3259144,destroyed cattle,被扑杀牛只,,2017-08-08
3259145,detail shot,细节镜头,,2017-08-08
3259146,detection of error,侦错,,2017-08-08
3259147,detective film,侦探片,,2017-08-08
3259148,detector,示波器；检波器；感应器,,2017-08-08
3259149,deterioration of goods,变质商品,,2017-08-08
3259150,determinant,决定因素,,2017-08-08
3259151,determination,决定[论],,2017-08-08
3259152,determining condition,决定条件,,2017-08-08
3259153,determinism,决定论[主义],,2017-08-08
3259154,deterministic assumption,决定论假设,,2017-08-08
3259155,deterritorialization,去地域化,,2017-08-08
3259156,Deutsche Aerospace {=DASA},德国太空总署,,2017-08-08
3259157,developer,{冲片}显影液；开发者,,2017-08-08
3259158,developer additive,显影添加剂,,2017-08-08
3259159,developer for low temperature,低温显影液,,2017-08-08
3259160,developing,{冲片}显影,,2017-08-08
3259161,developing agent,显影剂,,2017-08-08
3259162,developing and printing {=D&P},影片冲印,,2017-08-08
3259163,developing capacity,显影能力,,2017-08-08
3259164,developing country,开发中国家；发展中国家,,2017-08-08
3259165,developing drum,显影滚筒,,2017-08-08
3259166,developing frame,显影框,,2017-08-08
3259167,developing hanger,显影架,,2017-08-08
3259168,developing kit,显影套组；显影箱,,2017-08-08
3259169,developing nucleus,显影粒,,2017-08-08
3259170,developing paper,显影纸；印相纸,,2017-08-08
3259171,developing speed,显影速度,,2017-08-08
3259172,developing stain,显影污染,,2017-08-08
3259173,developing tank,显影槽,,2017-08-08
3259174,development accelerator,显影加速剂；显影促进剂,,2017-08-08
3259175,development after desensitizing,减感显影法,,2017-08-08
3259176,development by hand,手工显影,,2017-08-08
3259177,development center,{暗房}显影中心,,2017-08-08
3259178,development effect,显影效应,,2017-08-08
3259179,development factor,显影系数；显影因素,,2017-08-08
3259180,development for high emulsion speed,增感显影,,2017-08-08
3259181,development inhibitor-releasing coupler,显影抑制释放剂,,2017-08-08
3259182,development journalism,发展新闻学,,2017-08-08
3259183,development latitude,显影宽容度,,2017-08-08
3259184,development media theory,国家发展媒体理论,,2017-08-08
3259185,development press model,发展报业模式,,2017-08-08
3259186,development restrainer,显影抑制剂,,2017-08-08
3259187,development retarder,显影舒缓剂,,2017-08-08
3259188,development stage,{客户与广告代理}蜜月期；发展阶段,,2017-08-08
3259189,development time,显影时间,,2017-08-08
3259190,developmental approach,发展取径,,2017-08-08
3259191,developmental selling,{广告}发展式销售；专案销售,,2017-08-08
3259192,deviant case sampling,偏差个案抽样法,,2017-08-08
3259193,deviant response style,偏差反应方式,,2017-08-08
3259194,deviation,歧异；偏离,,2017-08-08
3259195,deviation score,离差分数,,2017-08-08
3259196,device convergence,设备汇流,,2017-08-08
3259197,device copy,舞文弄墨式文案,,2017-08-08
3259198,devil term,负面论述,,2017-08-08
3259199,DFB-LD {=distributing feedback laser diode},分散式回馈镭射二极体,,2017-08-08
3259200,diabetes,糖尿病,,2017-08-08
3259201,diachronic,历时[分析]；历时的,,2017-08-08
3259202,diachronic public relations,历时性公共关系,,2017-08-08
3259203,diagnostic evaluation,诊断式评量,,2017-08-08
3259204,diagonal action,斜线运动,,2017-08-08
3259205,diagonal matrix,对角矩阵,,2017-08-08
3259206,diagonal splicing,斜角剪片,,2017-08-08
3259207,diagram,图表,,2017-08-08
3259208,diagramming,绘制图表,,2017-08-08
3259209,dial-a-porn,色情电话,,2017-08-08
3259210,dial-up data communication service {=DDCS},拨接式数据通讯服务,,2017-08-08
3259211,dialect,方言,,2017-08-08
3259212,dialectic,辩证法,,2017-08-08
3259213,dialectical,辩证的,,2017-08-08
3259214,dialectical emphasis,辩证重点,,2017-08-08
3259215,dialectical film,辩证电影,,2017-08-08
3259216,dialectical relationship,辩证关系,,2017-08-08
3259217,dialectics,辩证,,2017-08-08
3259218,dialogic inquiry,对话探索,,2017-08-08
3259219,dialogic model of public relation,公共关系对话模式,,2017-08-08
3259220,dialogic theory,对话理论,,2017-08-08
3259221,dialogical ethnography,对话民族志；对谈民族志,,2017-08-08
3259222,dialogism,对话；对话主义,,2017-08-08
3259223,dialogue,对白；对话,,2017-08-08
3259224,dialogue copy,对话式文案,,2017-08-08
3259225,dialogue director,对白指导,,2017-08-08
3259226,dialogue track,对白声轨,,2017-08-08
3259227,dialogue writer,对白编剧,,2017-08-08
3259228,dialup line,拨号线路,,2017-08-08
3259229,diamond,{新闻}焦点式写作；钻石型写作,,2017-08-08
3259230,diaphragm,光圈；片门,,2017-08-08
3259231,diaries,{调查法}日记法,,2017-08-08
3259232,diarrhea,腹泻,,2017-08-08
3259233,diary column,日记体专栏,,2017-08-08
3259234,diary fatigue,{调查法}日志疲乏,,2017-08-08
3259235,diaspora,离散,,2017-08-08
3259236,diaspora aesthetics,离散美学,,2017-08-08
3259237,diaspora space,离散空间；流离空间；漂泊空间；飘浪空间,,2017-08-08
3259238,DiBEG {=Digital Broadcasting Expert Group},{日本}数位广电推动组织,,2017-08-08
3259239,dichotomous data,二分资料；二元资料,,2017-08-08
3259240,dichotomous thinking,二分思考；二元思考,,2017-08-08
3259241,dichotomous variable,二分变项；二元变项,,2017-08-08
3259242,dichroic filter,分光滤镜,,2017-08-08
3259243,dichroic fog,双色灰雾,,2017-08-08
3259244,dichroic interference mirror,双色性透镜,,2017-08-08
3259245,diegesis,描写,,2017-08-08
3259246,diegetic narrative,描写叙事,,2017-08-08
3259247,dietary guideline,饮食指南,,2017-08-08
3259248,dietary intake,饮食摄取,,2017-08-08
3259249,dietary risk,饮食风险,,2017-08-08
3259250,dietary supplement,膳食补充剂；膳食补充品,,2017-08-08
3259251,dietary survey,饮食调查,,2017-08-08
3259252,difference,差异,,2017-08-08
3259253,difference feminism,差异女性主义,,2017-08-08
3259254,difference strategy,差异策略,,2017-08-08
3259255,difference-between-mean test,均差检定,,2017-08-08
3259256,differential focusing,局部入焦,,2017-08-08
3259257,differential prediction,差异预测,,2017-08-08
3259258,differential validity,区分效度,,2017-08-08
3259259,differentially-encoded quadrature phase-shift keying {=DQPSK},差分四相位移键；差异编码四分正交相移键,,2017-08-08
3259260,differentiation,差异化,,2017-08-08
3259261,differentiation strategy,差异化策略,,2017-08-08
3259262,diffraction,{光波、声波}绕射,,2017-08-08
3259263,diffraction gain,绕射增益,,2017-08-08
3259264,diffuse density,散射亮度；散射密度,,2017-08-08
3259265,diffused light,散射光,,2017-08-08
3259266,diffuser,柔光器；散射器,,2017-08-08
3259267,diffuser tent,散射幕,,2017-08-08
3259268,diffusion,传布；扩散；{光波、声波}散射；散布,,2017-08-08
3259269,diffusion coupler,扩散性成色剂,,2017-08-08
3259270,diffusion filter,柔光滤镜,,2017-08-08
3259271,diffusion model,扩散模式,,2017-08-08
3259272,diffusion network,扩散网络,,2017-08-08
3259273,diffusion of innovations,创新传布；创新传播,,2017-08-08
3259274,diffusion of responsibility,责任分散,,2017-08-08
3259275,diffusion of responsibility effect,责任分散效应,,2017-08-08
3259276,diffusion process plate,扩散转印版,,2017-08-08
3259277,diffusion theory,传布理论；扩散理论,,2017-08-08
3259278,diffusion transfer process,扩散转印法,,2017-08-08
3259279,diffusion transfer reversal {=DTR} process,扩散转印反转法,,2017-08-08
3259280,diffusion type enlarger,散光式放大机；散射式放大机,,2017-08-08
3259281,dig,深入采访；追踪[新闻线索]；挖新闻,,2017-08-08
3259282,digest,文摘,,2017-08-08
3259283,digestive tract,消化道,,2017-08-08
3259284,digi-cipher,{Motorola}数位视讯分发系统,,2017-08-08
3259285,DigiTAG {=Digital Terrestrial Television Action Group},{欧盟}数位无线电视推动小组,,2017-08-08
3259286,digital,数位的,,2017-08-08
3259287,digital archive,数位典藏,,2017-08-08
3259288,digital artifact,数位作品,,2017-08-08
3259289,digital audio braodcasting {=DAB},数位广播,,2017-08-08
3259290,digital audio broadcasting-internet protocol {=DAB-IP},数位音讯广播-网际网路协定,,2017-08-08
3259291,digital audio console,数位音控系统；数位音控台,,2017-08-08
3259292,digital audio editing,数位音讯剪接,,2017-08-08
3259293,digital audio radio service {=DARS},数位音讯服务,,2017-08-08
3259294,digital audio tape {=DAT},数位卡带,,2017-08-08
3259295,digital audio transmission service {=DATS},数位声频传输服务,,2017-08-08
3259296,digital audio workstation {=DAW},数位音讯工作站,,2017-08-08
3259297,digital audiotape recorder {=DAR},磁带式数位录音机,,2017-08-08
3259298,digital battery,数位电池,,2017-08-08
3259299,digital cable transmission,数位有线传输,,2017-08-08
3259300,digital camcorder,数位摄录影机,,2017-08-08
3259301,digital camera,数位摄影机,,2017-08-08
3259302,digital cart system,数位匣式带系统,,2017-08-08
3259303,digital cash,数位现金；数位钱币,,2017-08-08
3259304,digital circuit multiplication equipment,数位电路倍增设备,,2017-08-08
3259305,digital communication,数位传播,,2017-08-08
3259306,digital communication system {=DCS},数位式通讯系统,,2017-08-08
3259307,digital community network,数位社群网路,,2017-08-08
3259308,digital compact cassette recorder {=DCC},数位卡式录音机,,2017-08-08
3259309,digital compression,数位压缩,,2017-08-08
3259310,digital content regulation,数位内容管制,,2017-08-08
3259311,digital data system {=DDS},数位数据系统,,2017-08-08
3259312,digital democracy,数位民主,,2017-08-08
3259313,digital dimmer,数位调光器,,2017-08-08
3259314,digital divide,数位落差,,2017-08-08
3259315,digital dividend,数位红利,,2017-08-08
3259316,digital dividend review,数位红利检视,,2017-08-08
3259317,digital editing system,数位剪辑系统,,2017-08-08
3259318,digital encryption system {=DES},数位加密系统,,2017-08-08
3259319,Digital European Cordless Telephone {=DECT},欧规数位无线电话系统,,2017-08-08
3259320,digital family,数位家庭,,2017-08-08
3259321,digital film,数位电影；数位影片,,2017-08-08
3259322,digital footprint,数位足迹,,2017-08-08
3259323,digital freedom network,数位自由网路,,2017-08-08
3259324,digital graphic artist,数位绘图师,,2017-08-08
3259325,digital imaging,影像数位化,,2017-08-08
3259326,digital immigrant,数位移民,,2017-08-08
3259327,digital interactive media,数位互动媒体,,2017-08-08
3259328,digital intermediate,数位中间制作,,2017-08-08
3259329,digital journalism,数位新闻学,,2017-08-08
3259330,digital learning,数位学习,,2017-08-08
3259331,digital library,数位图书馆,,2017-08-08
3259332,digital line concentrator {=DLC},数位用户集线机,,2017-08-08
3259333,digital literacy,数位素养,,2017-08-08
3259334,digital loop carrier {=DLC},数位回路载波器,,2017-08-08
3259335,digital media,数位媒体,,2017-08-08
3259336,digital microwave {=DM},数位微波,,2017-08-08
3259337,Digital Millennium Copyright Act,{美国}数位千禧年著作权法,,2017-08-08
3259338,Digital Millennium Copyright Act of 1998,{美国}1998年数位千禧年著作权法,,2017-08-08
3259339,digital mix effect {=DME},数位合成效果,,2017-08-08
3259340,digital multimedia broadcast {=DMB},数位多媒体广播,,2017-08-08
3259341,digital multimedia broadcast-satellite {=DMB-S},数位多媒体广播-卫星系统,,2017-08-08
3259342,digital multimedia broadcast-terrestrial {=DMB-T},数位多媒体广播-地面系统,,2017-08-08
3259343,digital music express {=DMX},数位音乐快递,,2017-08-08
3259344,digital native,数位原民,,2017-08-08
3259345,digital production effect {=DPE},数位制作效果,,2017-08-08
3259346,digital proof,数位校样,,2017-08-08
3259347,digital public teletext service,数位公共电传服务,,2017-08-08
3259348,digital ready,准数位,,2017-08-08
3259349,digital recording,数位录影／音,,2017-08-08
3259350,digital recording system,数位录影／音系统,,2017-08-08
3259351,digital rendering,数位运算,,2017-08-08
3259352,digital rights management {=DRM},数位版权管理,,2017-08-08
3259353,digital satellite system {=DSS},数位卫星系统,,2017-08-08
3259354,digital satellite transmission,数位卫星传输,,2017-08-08
3259355,digital selective calling {=DSC},数位选择呼叫,,2017-08-08
3259356,digital service,数位服务,,2017-08-08
3259357,digital signal,数位讯号,,2017-08-08
3259358,digital signal at the nth level {=DSn},第n位阶数位讯号,,2017-08-08
3259359,digital signal converter,数位讯号转换器,,2017-08-08
3259360,digital signal process {=DSP},数位讯号处理,,2017-08-08
3259361,digital signal processor {=DSP},数位讯号处理器,,2017-08-08
3259362,digital signature,数位签章,,2017-08-08
3259363,digital skill,数位技能,,2017-08-08
3259364,digital sophistication index,数位熟稔指数；数位专精指数,,2017-08-08
3259365,digital speech interpolation {=DSI},数位语音插空系统,,2017-08-08
3259366,digital storage,数位储存,,2017-08-08
3259367,digital storytelling,数位叙事；数位说故事,,2017-08-08
3259368,digital subscriber line {=DSL},数位订户专线,,2017-08-08
3259369,Digital Subscriber Loop Forum {=DSL Forum},数位用户回路论坛,,2017-08-08
3259370,digital switcher,数位控制器；数位交换机,,2017-08-08
3259371,digital switching system {=DSS},数位交换系统,,2017-08-08
3259372,digital switchover,数位转换；数位切换,,2017-08-08
3259373,Digital Switchover of Public Service Programme,{英国}公共服务数位转换计划,,2017-08-08
3259374,digital tape recording system {=DTRS},数位录音带录音系统,,2017-08-08
3259375,digital techology,数位科技,,2017-08-08
3259376,Digital Telephony and Communications Privacy Improvement Act,{美国}数位电话与通讯隐私促进法,,2017-08-08
3259377,digital television,数位电视,,2017-08-08
3259378,Digital Television Action Plan,{英国}数位电视行动计划,,2017-08-08
3259379,digital television additional services,数位电视附加服务,,2017-08-08
3259380,digital television programmed services,{英国}数位电视节目服务,,2017-08-08
3259381,Digital Television Project structure,{英国}数位电视计划组织,,2017-08-08
3259382,digital television {=DTV},数位电视,,2017-08-08
3259383,digital terrestrial television {=DTT},数位地面电视,,2017-08-08
3259384,digital terrestrial transmission,数位地面传输,,2017-08-08
3259385,digital terrestrial TV broadcasting {=DTTB},数位地面电视广播系统,,2017-08-08
3259386,digital transmission,数位传输,,2017-08-08
3259387,Digital TV special temporary authority {=DTV-STA},数位电视临时使用许可证,,2017-08-08
3259388,digital versatile broadcasting {=DVB},{欧洲}数位多功广播电视,,2017-08-08
3259389,digital versatile disc {=DVD},数位多功光碟,,2017-08-08
3259390,digital versatile disc-read/write {=DVD-RW},可读写数位多功光碟,,2017-08-08
3259391,Digital Video Broadcasting Project {=DVB Project},{欧盟}数位视讯广播组织,,2017-08-08
3259392,Digital Video Broadcasting {=DVB},数位视讯广播,,2017-08-08
3259393,Digital Video Broadcasting-Cable {=DVB-C},数位视讯广播-有线系统,,2017-08-08
3259394,Digital Video Broadcasting-Common Interface {=DVB-CI},数位视讯广播-共同介面,,2017-08-08
3259395,Digital Video Broadcasting-Content Protection & Copy Management {=DVB-CPCM},数位视讯广播-内容保护与复制管理,,2017-08-08
3259396,Digital Video Broadcasting-Handheld {=DVB-H},数位视讯广播-手持系统,,2017-08-08
3259397,Digital Video Broadcasting-Internet Protocol Infrastructure {=DVB-IPI},数位视讯广播-网际网路协定基础建设,,2017-08-08
3259398,Digital Video Broadcasting-Multimedia Home Platform {=DVB-MHP},数位视讯广播-多媒体家用平台,,2017-08-08
3259399,Digital Video Broadcasting-Network Independent Protocol {=DVB-NIP},数位视讯广播-网路独立通讯协定,,2017-08-08
3259400,Digital Video Broadcasting-Return Channel Cable {=DVB-RCC},数位视讯广播-有线电视回传通道,,2017-08-08
3259401,Digital Video Broadcasting-Return Channel Satellite {=DVB-RCS},数位视讯广播-卫星回传通道,,2017-08-08
3259402,Digital Video Broadcasting-Return Channel Terrestrial {=DVB-RCT},数位视讯广播-地面电视回传通道,,2017-08-08
3259403,Digital Video Broadcasting-Satellite Services to Handhelds {=DVB-SH},数位视讯广播-卫星服务手持系统,,2017-08-08
3259404,Digital Video Broadcasting-Satellite {=DVB-S},数位视讯广播-卫星系统,,2017-08-08
3259405,Digital Video Broadcasting-Second Generation Satellite {=DVB-S2},数位视讯广播-二代卫星系统,,2017-08-08
3259406,Digital Video Broadcasting-Second Generation Terrestrial {=DVB-T2},数位视讯广播-二代地面电视系统,,2017-08-08
3259407,Digital Video Broadcasting-Terrestrial {=DVB-T},数位视讯广播-地面电视系统,,2017-08-08
3259408,digital video compression,数位视讯压缩,,2017-08-08
3259409,digital video disc {=DVD},数位影音光碟,,2017-08-08
3259410,digital video effect {=DVE},数位影像特效,,2017-08-08
3259411,digital video effector {=DVE},数位影像特效器,,2017-08-08
3259412,digital video recorder,数位录影机,,2017-08-08
3259413,digital video switcher,数位影像控制器,,2017-08-08
3259414,digital videotape recorder,数位影带录影机,,2017-08-08
3259415,digital videotape recording,数位影带录影,,2017-08-08
3259416,digital watermark,数位浮水印,,2017-08-08
3259417,digital works,数位著作,,2017-08-08
3259418,digital zoom,数位促镜；数位变焦,,2017-08-08
3259419,digitalization,数位化,,2017-08-08
3259420,digitization,电子化,,2017-08-08
3259421,digitized works,数位化著作,,2017-08-08
3259422,dillusion,妄想,,2017-08-08
3259423,diluted developer,稀释显影液,,2017-08-08
3259424,dimension,面向,,2017-08-08
3259425,dimensionalization,面向化,,2017-08-08
3259426,dimmer,调光器,,2017-08-08
3259427,DIN speed rating,{德国标准局}底片感光指数,,2017-08-08
3259428,diochroic filter mirror,双色滤色镜,,2017-08-08
3259429,diode,二极真空管,,2017-08-08
3259430,diopter,屈光度；折光度,,2017-08-08
3259431,diopter lens,加倍镜,,2017-08-08
3259432,diorama,透景,,2017-08-08
3259433,dioxin,戴奥辛,,2017-08-08
3259434,dioxin-like chemical,戴奥辛类化学物质,,2017-08-08
3259435,diphtheria,白喉,,2017-08-08
3259436,"diphtheria, tetanus and pertussis vaccine {=DTP vaccine}",白喉、破伤风、百日咳三合一疫苗,,2017-08-08
3259437,diplexer,双工器,,2017-08-08
3259438,direct appeal lead,直接诉求式导言,,2017-08-08
3259439,direct behavioral observation,直接行为观察,,2017-08-08
3259440,direct broadcast satellite {=DBS},直播卫星,,2017-08-08
3259441,direct broadcast television,直播电视,,2017-08-08
3259442,direct cause,直接病因,,2017-08-08
3259443,direct cinema,直接电影,,2017-08-08
3259444,direct communication,直接传播,,2017-08-08
3259445,direct contributing factor,直接促成因素；直接促成因子,,2017-08-08
3259446,direct control,直接控制,,2017-08-08
3259447,direct distribution,直销系统,,2017-08-08
3259448,direct effects assumption,直接效果假设,,2017-08-08
3259449,direct entry terminal devices,直接输入终端机装置,,2017-08-08
3259450,direct mail fund-raising,邮件募款,,2017-08-08
3259451,direct mail {=DM},{广告}直接邮件,,2017-08-08
3259452,direct marketing,直效行销,,2017-08-08
3259453,direct marketing area {=DMA},直效行销区域,,2017-08-08
3259454,direct marketing {=DM},直效行销,,2017-08-08
3259455,direct media campaign,直接媒体宣导,,2017-08-08
3259456,direct PC,接收直播卫星之电脑,,2017-08-08
3259457,direct photography,直接摄影,,2017-08-08
3259458,direct positive emulsion,直接正片乳剂,,2017-08-08
3259459,direct questioning,直接询问法,,2017-08-08
3259460,direct quotation,直接引述,,2017-08-08
3259461,direct sales,直销方式,,2017-08-08
3259462,direct selling,直销,,2017-08-08
3259463,direct sound,直接声音,,2017-08-08
3259464,direct to consumer {=DTC} advertising,直接诉求消费者的广告,,2017-08-08
3259465,direct to home {=DTH},{卫星讯号}直播到府,,2017-08-08
3259466,Direct TV,{美国}直播卫星电视公司,,2017-08-08
3259467,direct wave,直射波,,2017-08-08
3259468,direct-action headline,直接诉求式标题,,2017-08-08
3259469,direct-effect model,直接效应模式,,2017-08-08
3259470,direct-mail advertising,直接信函广告,,2017-08-08
3259471,direct-response advertising,直接反应式广告,,2017-08-08
3259472,direct-vision view finder,直视式观景器,,2017-08-08
3259473,directing,导演／导播,,2017-08-08
3259474,Direction on Privacy and Electronic Communications,{欧盟}隐私与电子通讯指令,,2017-08-08
3259475,directional,指向性,,2017-08-08
3259476,directional light,直射式灯光；指向式灯光,,2017-08-08
3259477,directional microphone,指向麦克风,,2017-08-08
3259478,Directive of the European Commission,{欧洲}委员会指令,,2017-08-08
3259479,Directive on Privacy and Electronic Communications,{欧盟}隐私及电子通讯指令,,2017-08-08
3259480,directivity,指向性,,2017-08-08
3259481,director,导演；导播；总监,,2017-08-08
3259482,director of photography {=DP},摄影指导,,2017-08-08
3259483,director of public affairs,公共事务总监,,2017-08-08
3259484,directory assistance,查号服务,,2017-08-08
3259485,disability,失能；不便,,2017-08-08
3259486,disability-adjusted life year {=DALY},失能调整后生命年；失能调整后存活年,,2017-08-08
3259487,disaggregation of audience,阅听众的拆解；分众,,2017-08-08
3259488,disaster film,灾难片,,2017-08-08
3259489,disaster news,灾难新闻,,2017-08-08
3259490,Disc Operation System {=DOS},磁碟作业系统,,2017-08-08
3259491,disc-based video recorder,碟片式录影机,,2017-08-08
3259492,disc-jockey {=DJ},广播节目主持人,,2017-08-08
3259493,discharge lamp,放电式灯泡,,2017-08-08
3259494,discipline modernity,规训现代性,,2017-08-08
3259495,disclaimer,免责声明,,2017-08-08
3259496,discoloration,褪色；变色,,2017-08-08
3259497,disconfirmation,不确认,,2017-08-08
3259498,disconnection and reconnection of telephone system {=DAROTS},电话停／复话作业系统,,2017-08-08
3259499,discourse,论述；论域；话语；言说,,2017-08-08
3259500,discourse analysis,话语分析；论述分析；言说分析,,2017-08-08
3259501,discourse formation,话语形构；论述形构,,2017-08-08
3259502,discourse function,论述功能；话语功能；言说功能,,2017-08-08
3259503,discourse grammar,论述语法；话语语法；言说语法,,2017-08-08
3259504,discourse structure,论述结构；话语结构；言说结构,,2017-08-08
3259505,discrete cosine transform {=DCT},离散余弦转换技术,,2017-08-08
3259506,discriminant validity,区别效度；区辨效度；辨别效度,,2017-08-08
3259507,discriminate sampling,区辨性抽样,,2017-08-08
3259508,discriminating function,区别功能；区辨功能；辨别功能,,2017-08-08
3259509,discrimination,歧视,,2017-08-08
3259510,discriminative stimulus,区辨刺激；辨别刺激,,2017-08-08
3259511,discursive action,论述行动,,2017-08-08
3259512,discursive construction,话语建构；论述建构,,2017-08-08
3259513,discursive formation,论述形构；论域形构；话语形构,,2017-08-08
3259514,discursive hegemony,论述霸权；话语霸权,,2017-08-08
3259515,discursive practice,论述实践；话语实践,,2017-08-08
3259516,discursive process,论述过程,,2017-08-08
3259517,discursive psychology,论述心理学；话语心理学,,2017-08-08
3259518,discussion list,讨论名单,,2017-08-08
3259519,disease,疾病,,2017-08-08
3259520,disease chronicity trend,疾病慢性趋势,,2017-08-08
3259521,disease natural history,疾病自然史,,2017-08-08
3259522,disease outbreak,疾病爆发,,2017-08-08
3259523,disease prevalence,疾病盛行,,2017-08-08
3259524,disease prevention,疾病预防；疾病防治,,2017-08-08
3259525,disease-causing agent,致病原,,2017-08-08
3259526,disembodiment,去形体化；去具体化,,2017-08-08
3259527,disengagement,不参与；脱离,,2017-08-08
3259528,disequilibrium,失调；失衡,,2017-08-08
3259529,dish,碟型天线,,2017-08-08
3259530,dish developing,盘式显影,,2017-08-08
3259531,disinformation,造谣；假资讯；负面资讯,,2017-08-08
3259532,disinhibition,解除抑制,,2017-08-08
3259533,disinhibitory effect,解除抑制效应,,2017-08-08
3259534,disintegration,解体,,2017-08-08
3259535,disintermediation,去中介,,2017-08-08
3259536,disk jockey {=DJ},音乐节目主持人,,2017-08-08
3259537,dispatch,新闻稿,,2017-08-08
3259538,dispersion,色散；离散,,2017-08-08
3259539,displacement applications,{频段}转换申请,,2017-08-08
3259540,displacement of responsibility,责任转移,,2017-08-08
3259541,display advertising,完整呈现的广告{非分类广告},,2017-08-08
3259542,display allowance,卖场陈列补贴,,2017-08-08
3259543,display type,标题字体；粗大字体,,2017-08-08
3259544,disproportionate allocation sample,非比例分配样本,,2017-08-08
3259545,disproportionate stratified sampling,非比例分层抽样,,2017-08-08
3259546,dissemination,散布；散播,,2017-08-08
3259547,dissemination channel,散布管道,,2017-08-08
3259548,dissipated striving {=DS},消极；缺乏目标,,2017-08-08
3259549,dissociation constant,离解系数；电离系数,,2017-08-08
3259550,dissolve,溶接,,2017-08-08
3259551,dissolved oxygen {=DO},溶氧,,2017-08-08
3259552,dissonance,失谐,,2017-08-08
3259553,distance learning,远距教学；隔空教学,,2017-08-08
3259554,distinction,区别；秀异,,2017-08-08
3259555,distorted perception,认知扭曲,,2017-08-08
3259556,distortion,扭曲；失真,,2017-08-08
3259557,distraction dilemma,分心困境,,2017-08-08
3259558,distributed computing environment {=DCE},分散式计算环境,,2017-08-08
3259559,distributing feedback laser diode {=DFB-LD},分散式回馈镭射二极体,,2017-08-08
3259560,distribution,发行,,2017-08-08
3259561,distribution cable,分配线；分配电缆,,2017-08-08
3259562,distribution channel,配销通路,,2017-08-08
3259563,distribution element,配销要素,,2017-08-08
3259564,distribution objective,配销目标,,2017-08-08
3259565,distribution rights,配销权；经销权,,2017-08-08
3259566,distributive mechanism,分配机制,,2017-08-08
3259567,dithering,{电脑绘图}不连续色调混色,,2017-08-08
3259568,dithering down,递减色彩,,2017-08-08
3259569,diverging lens,凹透镜；散光透镜,,2017-08-08
3259570,diversity,多元；多样[性],,2017-08-08
3259571,diversity management,多元化管理,,2017-08-08
3259572,diversity reception,分集接收,,2017-08-08
3259573,diverting,转卖；倒货{购买促销区物品转卖至非促销区},,2017-08-08
3259574,DJ {=disk jockey},音乐节目主持人；广播节目主持人,,2017-08-08
3259575,DLC {=digital line concentrator},数位用户集线机,,2017-08-08
3259576,DLC {=digital loop carrier},数位回路载波器,,2017-08-08
3259577,DLL {=dynamic link library},动态连结程式库,,2017-08-08
3259578,DM {=digital microwave},数位微波,,2017-08-08
3259579,DM {=direct mail},{广告}直接邮件,,2017-08-08
3259580,DM {=direct marketing},直效行销,,2017-08-08
3259581,DMA {=designated market area},指定市场区域,,2017-08-08
3259582,DMA {=direct marketing area},直效行销区域,,2017-08-08
3259583,DMB {=digital multimedia broadcast},数位多媒体广播,,2017-08-08
3259584,DMB-S {=digital multimedia broadcast-satellite},数位多媒体广播-卫星系统,,2017-08-08
3259585,DMB-T {=digital multimedia broadcast-terrestrial},数位多媒体广播-地面系统,,2017-08-08
3259586,DME {=digital mix effect},数位合成效果,,2017-08-08
3259587,DMX {=digital music express},数位音乐快递,,2017-08-08
3259588,DNS {=domain name service},网域名称服务,,2017-08-08
3259589,DNS {=domain name system},网域名称系统,,2017-08-08
3259590,DO {=dissolved oxygen},溶氧,,2017-08-08
3259591,do-not-call registry,拒听电话登记,,2017-08-08
3259592,DOCSIS {=data over cable service interface specification},缆线数据服务介面规格,,2017-08-08
3259593,docudrama,纪录剧情片,,2017-08-08
3259594,document photography,文件翻拍,,2017-08-08
3259595,document-copying film,文件翻拍片,,2017-08-08
3259596,document-copying paper,文件翻拍相纸,,2017-08-08
3259597,documentary,纪录片,,2017-08-08
3259598,documentary method,档案文件法,,2017-08-08
3259599,documentary research,档案文件研究,,2017-08-08
3259600,documentation,档案文件处理,,2017-08-08
3259601,documentory analysis,档案文件分析,,2017-08-08
3259602,dodging,局部遮光,,2017-08-08
3259603,dogmatism,教条主义；独断论；武断,,2017-08-08
3259604,Dolby Digital,数位杜比,,2017-08-08
3259605,Dolby sound,杜比音响,,2017-08-08
3259606,Dolby surround sound,杜比环场音效,,2017-08-08
3259607,Dolby system,杜比音响系统,,2017-08-08
3259608,dollar-value evaluation approach,现金折算值评估法,,2017-08-08
3259609,dolly,{脚架}推轨,,2017-08-08
3259610,dolly in,{摄影机}直线推进,,2017-08-08
3259611,dolly out,{摄影机}直线拉出,,2017-08-08
3259612,dolly shot,推拉镜头,,2017-08-08
3259613,domain,{网路}网域；领域,,2017-08-08
3259614,domain name,网域名称,,2017-08-08
3259615,domain name service {=DNS},网域名称服务,,2017-08-08
3259616,domain name system {=DNS},网域名称系统,,2017-08-08
3259617,domain-name holder,网域名称持有者,,2017-08-08
3259618,domainism,网域主义,,2017-08-08
3259619,domestic satellite,本国卫星,,2017-08-08
3259620,domestic satellite communication service {=DOMSAT},国内卫星通信业务,,2017-08-08
3259621,domestic sphere,家庭领域,,2017-08-08
3259622,domestic violence,家庭暴力,,2017-08-08
3259623,domesticity,家务性,,2017-08-08
3259624,dominance,宰制；主控；优势；强势,,2017-08-08
3259625,dominant,宰制的；主控的；优势的；强势的,,2017-08-08
3259626,dominant carrier,{有线系统}主导营运商；{电信}市场主导者,,2017-08-08
3259627,dominant coalition,{组织}主流派系；强势联盟,,2017-08-08
3259628,dominant discourse,宰制论述,,2017-08-08
3259629,dominant group,宰制团体；优势团体；主控团体,,2017-08-08
3259630,dominant ideology,宰制意识型态；优势意识型态；主控意识型态,,2017-08-08
3259631,dominant interest,宰制利益；优势利益；主控利益,,2017-08-08
3259632,dominant market player,市场主导者,,2017-08-08
3259633,dominant reading,宰制式解读；主控式解读,,2017-08-08
3259634,dominant wave-length,主波长,,2017-08-08
3259635,dominant-hegemonic position,优势霸权位置；宰制霸权位置；主控霸权位置,,2017-08-08
3259636,domination,宰制；主控,,2017-08-08
3259637,DOMSAT {=domestic satellite communication service},国内卫星通信业务,,2017-08-08
3259638,door in the face effect,门面效应,,2017-08-08
3259639,door-to-door canvass,挨家挨户拜票,,2017-08-08
3259640,Doordarshan,印度国营电视机构,,2017-08-08
3259641,doorstepping,守候采访,,2017-08-08
3259642,dope sheet,动作律表,,2017-08-08
3259643,dopester's column,内幕专栏,,2017-08-08
3259644,Doppler effect,杜卜勒效应,,2017-08-08
3259645,DOS {=Disc Operation System},磁碟作业系统,,2017-08-08
3259646,dose,{讯息}接收量；剂量,,2017-08-08
3259647,dose-response,剂量反应,,2017-08-08
3259648,dose-response relationship,剂量反应关系,,2017-08-08
3259649,dot,网点,,2017-08-08
3259650,dot etching,网点腐蚀,,2017-08-08
3259651,dot formation,网点形成,,2017-08-08
3259652,dot generator,网点产生器,,2017-08-08
3259653,dots per inch {=DPI},每吋光点数；解析度,,2017-08-08
3259654,double,替身,,2017-08-08
3259655,double 8,复式 8 毫米电影,,2017-08-08
3259656,double action model of internal news flow,内部新闻流通之双重行动模式,,2017-08-08
3259657,double billing,重复收费,,2017-08-08
3259658,double bind,双重束缚,,2017-08-08
3259659,double blind trial,{实验者与受试者}双盲测试,,2017-08-08
3259660,double color temperature,双色温,,2017-08-08
3259661,double consciousness,双重意识,,2017-08-08
3259662,double context,双重情境,,2017-08-08
3259663,double corona charging,双电晕充电,,2017-08-08
3259664,double diffuse density,双重漫射密度,,2017-08-08
3259665,double exposure,双重曝光,,2017-08-08
3259666,double features,两片同映,,2017-08-08
3259667,double impairment effect,双减效应；双重伤害,,2017-08-08
3259668,double plate holder,双面干版暗盒,,2017-08-08
3259669,double ring zoom,双环式变焦镜头,,2017-08-08
3259670,double side band suppressed carrier amplitude modulation {=DSB-SC-AM},双旁波带抑制载波调幅,,2017-08-08
3259671,double system,双系统,,2017-08-08
3259672,double system recording,双系统录音,,2017-08-08
3259673,double toning,双重调色,,2017-08-08
3259674,double-barreled question,双管的问题,,2017-08-08
3259675,double-coated film,双涂层胶片,,2017-08-08
3259676,double-page spread,跨页广告,,2017-08-08
3259677,doubleness,双重性,,2017-08-08
3259678,doublespeak,暧昧混淆的语言,,2017-08-08
3259679,dove prism,鸽尾型棱镜,,2017-08-08
3259680,Dow Jones News,道琼通讯社,,2017-08-08
3259681,down converter,{卫星}降频转频器,,2017-08-08
3259682,down shot,俯拍；俯照,,2017-08-08
3259683,Down syndrome,唐氏症,,2017-08-08
3259684,down-link,卫星下链,,2017-08-08
3259685,down-link earth station,下链地面站,,2017-08-08
3259686,downlink site,{卫星}下链点,,2017-08-08
3259687,download,下载,,2017-08-08
3259688,downloading file,档案下载,,2017-08-08
3259689,downsizing,缩减开支,,2017-08-08
3259690,downstream,{线缆}讯号下送,,2017-08-08
3259691,downward flow,下行流向,,2017-08-08
3259692,DP {=director of photography},摄影指导,,2017-08-08
3259693,DPA {=Data Protection Act},{英国}资料保护法,,2017-08-08
3259694,DPE {=digital production effect},数位制作效果,,2017-08-08
3259695,DPI {=dots per inch},每吋光点数；解析度,,2017-08-08
3259696,DQPSK {=differentially-encoded quadrature phase-shift keying},差分四相位移键；差异编码四分正交相移键,,2017-08-08
3259697,Draft Governing Commercial Electronic Mail Abuse Act,滥发商业电子邮件管理条例；垃圾邮件管理条例,,2017-08-08
3259698,drag,扮装；变装；易装,,2017-08-08
3259699,drama,戏剧,,2017-08-08
3259700,drama script,戏剧剧本,,2017-08-08
3259701,dramatic structure,戏剧结构,,2017-08-08
3259702,dramatic work,戏剧作品,,2017-08-08
3259703,dramatism,戏剧论,,2017-08-08
3259704,dramatistic pentad,戏剧五因[理论],,2017-08-08
3259705,dramaturgical study,戏剧理论研究,,2017-08-08
3259706,dramedy,情节喜剧,,2017-08-08
3259707,drawing program,绘图程式,,2017-08-08
3259708,dread factor,恐惧因素,,2017-08-08
3259709,dream balloon,幻想圈,,2017-08-08
3259710,dream mode,梦幻模式；理想模式,,2017-08-08
3259711,dress rehearsal,彩排,,2017-08-08
3259712,dressing room,更衣室；化妆间,,2017-08-08
3259713,drift velocity,漂移速率,,2017-08-08
3259714,drive time,{上下班}开车时段,,2017-08-08
3259715,drive-in theater,露天汽车电影院,,2017-08-08
3259716,DRM {=digital rights management},数位版权管理,,2017-08-08
3259717,drop line,家户用线缆,,2017-08-08
3259718,drop-in commercial,插入式广告,,2017-08-08
3259719,drug,药物,,2017-08-08
3259720,drug abuse,药物滥用,,2017-08-08
3259721,drug poisoning,药物中毒,,2017-08-08
3259722,drug resistance,抗药性,,2017-08-08
3259723,drug use,药物使用,,2017-08-08
3259724,drunk-driving,酒醉开车,,2017-08-08
3259725,dry offset,干胶印,,2017-08-08
3259726,dry plate,干版,,2017-08-08
3259727,dry run,现场排演；干排,,2017-08-08
3259728,dry run rehearsal,干排,,2017-08-08
3259729,drying equipment,干燥设备,,2017-08-08
3259730,drying mark,干燥斑痕,,2017-08-08
3259731,DS {=dissipated striving},消极；缺乏目标,,2017-08-08
3259732,DSB-SC-AM {=double side band suppressed carrier amplitude modulation},双旁波带抑制载波调幅,,2017-08-08
3259733,DSC {=digital selective calling},数位选择呼叫,,2017-08-08
3259734,DSCS {=defense satellite communication system},国防通讯卫星系统,,2017-08-08
3259735,DSI {=digital speech interpolation},数位语音插空系统,,2017-08-08
3259736,DSL Forum {=Digital Subscriber Loop Forum},数位用户回路论坛,,2017-08-08
3259737,DSL {=digital subscriber line},数位订户专线,,2017-08-08
3259738,DSn {=digital signal at the nth level},第n位阶数位讯号,,2017-08-08
3259739,DSP {=digital signal processor},数位讯号处理器,,2017-08-08
3259740,DSP {=digital signal process},数位讯号处理,,2017-08-08
3259741,DSS {=digital satellite system},数位卫星系统,,2017-08-08
3259742,DSS {=digital switching system},数位交换系统,,2017-08-08
3259743,DTC {=direct to consumer}advertising,直接诉求消费者的广告,,2017-08-08
3259744,DTE {=data terminal equipment},数据终端设备,,2017-08-08
3259745,DTH {=direct to home},{卫星讯号}直播到府,,2017-08-08
3259746,"DTP vaccine {=diphtheria, tetanus and pertussis vaccine}",白喉、破伤风、百日咳三合一疫苗,,2017-08-08
3259747,DTR {=diffusion transfer reversal} process,扩散转印反转法,,2017-08-08
3259748,DTRS {=digital tape recording system},数位录音带录音系统,,2017-08-08
3259749,DTT {=digital terrestrial television},数位地面电视,,2017-08-08
3259750,DTTB {=digital terrestrial TV broadcasting},数位地面电视广播系统,,2017-08-08
3259751,DTV {=digital television},数位电视,,2017-08-08
3259752,DTV-STA {=Digital TV special temporary authority},数位电视临时使用许可证,,2017-08-08
3259753,dual channels,双频道,,2017-08-08
3259754,dual criminality,双重犯罪,,2017-08-08
3259755,dual discourse,二元论述；二元话语,,2017-08-08
3259756,dual homing hub,双宿集线器,,2017-08-08
3259757,dual polarization,双极化　,,2017-08-08
3259758,dual responsibility,双重责任,,2017-08-08
3259759,dual spectrum system,双光谱体系,,2017-08-08
3259760,dualism,二元论；二元主义,,2017-08-08
3259761,dualist environment,二元化环境,,2017-08-08
3259762,duality of structure,结构双元性,,2017-08-08
3259763,dub,广播广告播出带,,2017-08-08
3259764,dubbing,{影视}混音；复制；过带；配音,,2017-08-08
3259765,due process,正当程序；必要程序,,2017-08-08
3259766,dull-finish paper,无光纸,,2017-08-08
3259767,dummy,立体模型；版面；虚构[数据],,2017-08-08
3259768,dummy coding,虚拟编码,,2017-08-08
3259769,dummy filter,空白滤光片,,2017-08-08
3259770,dummy regression,虚拟回归,,2017-08-08
3259771,dummy variable,拟似变项,,2017-08-08
3259772,Dunning process,Dunning合成法,,2017-08-08
3259773,dupe,电视广告播出带,,2017-08-08
3259774,dupe negative,翻转片,,2017-08-08
3259775,duplicate film,复制胶片,,2017-08-08
3259776,duplicate medication,重复用药,,2017-08-08
3259777,duplicate negative,翻拍负片,,2017-08-08
3259778,duplicate plate,复制凸版,,2017-08-08
3259779,duplicate positive,翻拍正片,,2017-08-08
3259780,duplicating,复制,,2017-08-08
3259781,duplication,翻拍；复制,,2017-08-08
3259782,duplicator,翻拍器,,2017-08-08
3259783,duration of flash,闪光持续时间,,2017-08-08
3259784,durative anachrony,持续错时,,2017-08-08
3259785,dust mite,尘螨,,2017-08-08
3259786,Dutch Film Production Board,荷兰电影制片局,,2017-08-08
3259787,dutch-angle shot,斜角镜头,,2017-08-08
3259788,DV VTR system,数位录影带系统,,2017-08-08
3259789,DVB Project {=Digital Video Broadcasting Project},{欧盟}数位视讯广播组织,,2017-08-08
3259790,DVB {=digital versatile broadcasting},{欧洲}数位多功广播电视,,2017-08-08
3259791,DVB {=Digital Video Broadcasting},数位视讯广播,,2017-08-08
3259792,DVB-C {=Digital Video Broadcasting-Cable},数位视讯广播-有线系统,,2017-08-08
3259793,DVB-C2 {=DVB-Second Generation Cable},数位视讯广播-二代有线系统,,2017-08-08
3259794,DVB-CI {=Digital Video Broadcasting-Common Interface},数位视讯广播-共同介面,,2017-08-08
3259795,DVB-CPCM {=Digital Video Broadcasting-Content Protection & Copy Management},数位视讯广播-内容保护与复制管理,,2017-08-08
3259796,DVB-H {=Digital Video Broadcasting-Handheld},数位视讯广播-手持系统,,2017-08-08
3259797,DVB-IPI {=Digital Video Broadcasting-Internet Protocol Infrastructure},数位视讯广播-网际网路协定基础建设,,2017-08-08
3259798,DVB-MHP {=Digital Video Broadcasting-Multimedia Home Platform},数位视讯广播-多媒体家用平台,,2017-08-08
3259799,DVB-NIP {=Digital Video Broadcasting-Network Independent Protocol},数位视讯广播-网路独立通讯协定,,2017-08-08
3259800,DVB-RCC {=Digital Video Broadcasting-Return Channel Cable},数位视讯广播-有线电视回传通道,,2017-08-08
3259801,DVB-RCS {=Digital Video Broadcasting-Return Channel Satellite},数位视讯广播-卫星回传通道,,2017-08-08
3259802,DVB-RCT {=Digital Video Broadcasting-Return Channel Terrestrial},数位视讯广播-地面电视回传通道,,2017-08-08
3259803,DVB-S {=Digital Video Broadcasting-Satellite},数位视讯广播-卫星系统,,2017-08-08
3259804,DVB-S2 {=Digital Video Broadcasting-Second Generation Satellite},数位视讯广播-二代卫星系统,,2017-08-08
3259805,DVB-Second Generation Cable {=DVB-C2},数位视讯广播-二代有线系统,,2017-08-08
3259806,DVB-SH {=Digital Video Broadcasting-Satellite Services to Handhelds},数位视讯广播-卫星服务手持系统,,2017-08-08
3259807,DVB-T {=Digital Video Broadcasting-Terrestrial},数位视讯广播-地面电视系统,,2017-08-08
3259808,DVB-T2 {=Digital Video Broadcasting-Second Generation Terrestrial},数位视讯广播-二代地面电视系统,,2017-08-08
3259809,DVcam,数位摄影机,,2017-08-08
3259810,DVD {=digital versatile disc},数位多功光碟,,2017-08-08
3259811,DVD {=digital video disc},数位影音光碟,,2017-08-08
3259812,DVD-RW {=digital versatile disc-read/write},可读写数位多功光碟,,2017-08-08
3259813,DVE {=digital video effector},数位影像特效器,,2017-08-08
3259814,DVE {=digital video effect},数位影像特效,,2017-08-08
3259815,DVS {=data voice service},数据语音服务,,2017-08-08
3259816,dyadic communication,二人间传播,,2017-08-08
3259817,dyadic phase,人际互动阶段,,2017-08-08
3259818,dye backing,染料背层,,2017-08-08
3259819,dye developer,染料显影剂,,2017-08-08
3259820,dye toning,染料调色,,2017-08-08
3259821,dye transfer process,染料转印法,,2017-08-08
3259822,dying experience,濒死经验,,2017-08-08
3259823,dynamic agenda-building process,动态议题建构过程,,2017-08-08
3259824,dynamic bandwidth allocation,动态频宽配置,,2017-08-08
3259825,dynamic cutting,动感剪接,,2017-08-08
3259826,dynamic equilibrium,动态平衡,,2017-08-08
3259827,dynamic frame,动态景框,,2017-08-08
3259828,dynamic link library {=DLL},动态连结程式库,,2017-08-08
3259829,dynamic mic,动能式麦克风,,2017-08-08
3259830,dynamic NAT {=dynamic Network Address Translation},动态网路位置转换,,2017-08-08
3259831,dynamic Network Address Translation {=dynamic NAT},动态网路位置转换,,2017-08-08
3259832,dynamic range,动态范围,,2017-08-08
3259833,dynamic scattering mode,动态散射模式,,2017-08-08
3259834,dysfunction,负功能；失能,,2017-08-08
3259835,dysfunction power,负功能力量,,2017-08-08
3259836,dystopian,反乌托邦,,2017-08-08
3259837,e-art,电子艺术,,2017-08-08
3259838,e-book,电子书,,2017-08-08
3259839,e-book reader,电子书阅读器,,2017-08-08
3259840,e-campaign,网路宣传；网路竞选,,2017-08-08
3259841,e-commerce,电子商务,,2017-08-08
3259842,e-democracy,网路民主；电子民主,,2017-08-08
3259843,e-democracy {=electronic democracy},电子民主；网路民主,,2017-08-08
3259844,e-effect,网路效应,,2017-08-08
3259845,e-government,电子政府,,2017-08-08
3259846,E-kit,电子新闻资料袋,,2017-08-08
3259847,E-mail,电子邮件,,2017-08-08
3259848,e-mail management guideline,电子邮件管理原则,,2017-08-08
3259849,e-mail record keeping system,电子邮件保存系统,,2017-08-08
3259850,e-news service,电子新闻服务,,2017-08-08
3259851,e-politics,电子政治；网路政治,,2017-08-08
3259852,e-representation,网路再现；电子再现,,2017-08-08
3259853,e-Taiwan,数位台湾,,2017-08-08
3259854,e-zine,电子杂志,,2017-08-08
3259855,E.N.P.D. {=equivalent neutral printing density},等效中性印片密度,,2017-08-08
3259856,Ealing studio,{英国}Ealing片厂,,2017-08-08
3259857,EAN {=emergency alert notification},紧急警示通知,,2017-08-08
3259858,ear,报耳,,2017-08-08
3259859,early adopter,早期采用者,,2017-08-08
3259860,Early Bird,晨鸟卫星,,2017-08-08
3259861,early decider,早期决定者,,2017-08-08
3259862,early fringe,傍晚时段；前黄金时段,,2017-08-08
3259863,early majority,早期多数,,2017-08-08
3259864,early voting,期前投票,,2017-08-08
3259865,early window,早期窗口,,2017-08-08
3259866,earned media,无偿媒体,,2017-08-08
3259867,earned rate,{电视广告}增量播出折扣,,2017-08-08
3259868,earphone,耳机,,2017-08-08
3259869,earphone jack,耳机插座,,2017-08-08
3259870,earth coverage beam,{卫星}地面涵盖波束,,2017-08-08
3259871,earth segment,{卫星}地面分区；地球表面分区,,2017-08-08
3259872,earth station,卫星地面电台,,2017-08-08
3259873,Earth Summit,地球高峰会,,2017-08-08
3259874,easel,定位版,,2017-08-08
3259875,easel mask,定位版压尺,,2017-08-08
3259876,Eastman color,Eastman彩色底片,,2017-08-08
3259877,easy loading,快速装片,,2017-08-08
3259878,eating disorder,饮食失调,,2017-08-08
3259879,EAVE {=European Audiovisual Entrepreneurs},欧洲视听产业企业家组织,,2017-08-08
3259880,EBA {=elimination by aspect},逐步消去模式；排除法,,2017-08-08
3259881,Eberhard effect,Eberhard效应；邻接效应,,2017-08-08
3259882,EBM {=evidence-based medicine},实证医学,,2017-08-08
3259883,Ebonics,黑人英语,,2017-08-08
3259884,EBS {=Educational Broadcasting Services Trust},{英国}教育广播服务信托基金,,2017-08-08
3259885,EBS {=Emergency Broadcast System},{美国}紧急广播系统,,2017-08-08
3259886,EBU {=European Broadcasting Union},欧洲广播联盟,,2017-08-08
3259887,eburneum process,仿象牙印相法,,2017-08-08
3259888,EC Directive Concerning the Pursuit of Television Broadcasting Activities,欧盟电视活动研究指令,,2017-08-08
3259889,EC {=European Community},欧洲共同体,,2017-08-08
3259890,ECFA {=Economic Cooperation Framework Agreement},两岸经济合作架构协议,,2017-08-08
3259891,echo chamber,回声装置,,2017-08-08
3259892,echo effect,回音效果,,2017-08-08
3259893,echo machine,回音器,,2017-08-08
3259894,echocardiogram,心脏超音波检查,,2017-08-08
3259895,ECHR {=European Convention on Human Rights},欧洲人权公约,,2017-08-08
3259896,ECM {=entitlement control message},授权控制讯息,,2017-08-08
3259897,eco system {=ecological system},生态系统,,2017-08-08
3259898,ecofeminism,生态女性主义,,2017-08-08
3259899,ecological fallacy,生态谬误,,2017-08-08
3259900,ecological model,生态模式,,2017-08-08
3259901,Ecological Party,{俄}生态党,,2017-08-08
3259902,ecological system perspective,生态系统观点,,2017-08-08
3259903,ecological system {=eco system},生态系统,,2017-08-08
3259904,economic base,经济基础,,2017-08-08
3259905,Economic Cooperation Framework Agreement {=ECFA},两岸经济合作架构协议,,2017-08-08
3259906,economic growth,经济成长,,2017-08-08
3259907,economic incentive principle,经济诱因原则,,2017-08-08
3259908,economic issue,经济议题,,2017-08-08
3259909,economic scarcity,经济稀少性,,2017-08-08
3259910,economic wealth,经济财富,,2017-08-08
3259911,economic well-being and performance,经济福祉与绩效,,2017-08-08
3259912,economics of information,资讯经济学,,2017-08-08
3259913,economics of lobbying,游说经济学,,2017-08-08
3259914,Economist,{英国}经济学人,,2017-08-08
3259915,economy liberalization,经济自由化,,2017-08-08
3259916,ECPA {=Electronic Communication Privacy Act},{美国}电子通讯隐私法,,2017-08-08
3259917,ECPT {=European Conference of Post and Telecommunication Administration},欧洲邮电主管会议,,2017-08-08
3259918,ECS {=electronic communications service},电子通讯服务,,2017-08-08
3259919,ECS {=European Communication Satellite},欧洲通讯卫星,,2017-08-08
3259920,ecstasy,摇头丸,,2017-08-08
3259921,ectomorph,瘦长型,,2017-08-08
3259922,ECU {=extreme close-up},大特写,,2017-08-08
3259923,ED {=extra low despersion},超低色散,,2017-08-08
3259924,Edelman Worldwide,爱德曼国际公关公司,,2017-08-08
3259925,edge effect,{静电摄影}边缘效应,,2017-08-08
3259926,edge fogging,片边漏光,,2017-08-08
3259927,edge guide,指幅校正器,,2017-08-08
3259928,edge number,片边号码　,,2017-08-08
3259929,EDI {=Electronic Data Interchange},电子资料交换,,2017-08-08
3259930,EDI {=Electronic Data Interchange} service,电子数据交换服务,,2017-08-08
3259931,Edinburgh International Film Festival,爱丁堡国际影展,,2017-08-08
3259932,edit controller,剪辑控制器,,2017-08-08
3259933,edit decision list {=EDL},剪辑清单；剪接参照表,,2017-08-08
3259934,edit master tape,剪辑母带,,2017-08-08
3259935,edit point,剪辑点,,2017-08-08
3259936,edit-in-camera,摄影机剪辑,,2017-08-08
3259937,editing,编辑,,2017-08-08
3259938,editing control unit,剪辑控制器,,2017-08-08
3259939,editing machine,剪接机,,2017-08-08
3259940,edition,版本,,2017-08-08
3259941,editor,剪辑师；编辑,,2017-08-08
3259942,editor's note,编者按,,2017-08-08
3259943,editor-in-chief,总编辑；总主笔,,2017-08-08
3259944,editorial,社论,,2017-08-08
3259945,editorial autonomy,编辑自主,,2017-08-08
3259946,editorial cartoon,时事漫画；评论式漫画,,2017-08-08
3259947,editorial change,编缉修改,,2017-08-08
3259948,editorial control,编辑控制；编审控制,,2017-08-08
3259949,editorial coverage,专题报导,,2017-08-08
3259950,editorial department,编辑部,,2017-08-08
3259951,editorial endorsement,社论推荐；社论背书,,2017-08-08
3259952,editorial independence,编辑独立,,2017-08-08
3259953,editorial note,短评,,2017-08-08
3259954,editorial office,编辑部,,2017-08-08
3259955,editorial page,言论版,,2017-08-08
3259956,editorial policy,编辑方针,,2017-08-08
3259957,editorial staff,编辑人员,,2017-08-08
3259958,editorial vigour,编辑活力,,2017-08-08
3259959,editorializing,夹议夹叙,,2017-08-08
3259960,EDL {=edit decision list},剪辑清单；剪接参照表,,2017-08-08
3259961,edscopic camera,内视镜照相机,,2017-08-08
3259962,EDTV {=enhanced definition television},高解析电视,,2017-08-08
3259963,education strategy,教育策略,,2017-08-08
3259964,Educational Broadcasting Services Trust {=EBS},{英国}教育广播服务信托基金,,2017-08-08
3259965,Educational Broadcasting Trust,{伦敦}教育广播电视基金会,,2017-08-08
3259966,educational entertainment,教育式娱乐；寓教于乐,,2017-08-08
3259967,educational fallout,教育散播,,2017-08-08
3259968,educational film,教育影片,,2017-08-08
3259969,educational television {=ETV},教育电视,,2017-08-08
3259970,educational use,教育用途,,2017-08-08
3259971,EEA {=European Economic Area},欧洲经济区,,2017-08-08
3259972,EFA {=exploratory factor analysis},探索性因素分析,,2017-08-08
3259973,EFD {=essential facilities doctrine},基础设施原则；枢纽设施原则,,2017-08-08
3259974,effect,效果,,2017-08-08
3259975,effect light,效果光,,2017-08-08
3259976,effect of universal suffrage,普选效果,,2017-08-08
3259977,effect of use on market,市场使用之影响,,2017-08-08
3259978,effect research,效果研究,,2017-08-08
3259979,effect size,效果大小,,2017-08-08
3259980,effect-to-cause model,果因模式,,2017-08-08
3259981,effective aperture,有效孔径,,2017-08-08
3259982,effective base length,有效基线长度,,2017-08-08
3259983,effective competition,有效竞争,,2017-08-08
3259984,effective exposure,有效曝光,,2017-08-08
3259985,effective frequency,有效频率,,2017-08-08
3259986,effective isotropic radiated power {=EIRP},有效等向覆盖功率,,2017-08-08
3259987,effective noise bandwidth,有效杂讯频宽,,2017-08-08
3259988,effective propaganda,有效宣传,,2017-08-08
3259989,effective question,有效问题,,2017-08-08
3259990,effective radiated power {=ERP},有效辐射功率,,2017-08-08
3259991,effective reach,有效到达；有效触达,,2017-08-08
3259992,effects buses,效果钮排,,2017-08-08
3259993,effects of ionosphere,电离场效应,,2017-08-08
3259994,effects theory,效果论,,2017-08-08
3259995,effects track,音效声带,,2017-08-08
3259996,effects-based planning,以效能为基础的计划,,2017-08-08
3259997,efficacy,功效；效能；效力,,2017-08-08
3259998,efficacy belief,效能信念,,2017-08-08
3259999,efficiency expectation,效能期望,,2017-08-08
3260000,EFMS {=European Forum for Member States},欧洲成员国论坛,,2017-08-08
3260001,EFP {=electronic field production},外景节目制作,,2017-08-08
3260002,EFP {=electronic field production} cameras,外景多机作业摄影机,,2017-08-08
3260003,EFTA {=European Free Trade Association},欧洲自由贸易联盟,,2017-08-08
3260004,egalitarianism,平等主义,,2017-08-08
3260005,egalitarism,平等主义,,2017-08-08
3260006,EGC {=enhanced group call},进阶群呼,,2017-08-08
3260007,ego,自我,,2017-08-08
3260008,ego development,自我发展,,2017-08-08
3260009,ego-defensive theory,自我防卫理论,,2017-08-08
3260010,ego-involvement,自我介入；自我涉入,,2017-08-08
3260011,egocentrism,自我中心；利己主义,,2017-08-08
3260012,egress traffic,出口资料流,,2017-08-08
3260013,EI {=exposure index},曝光指数,,2017-08-08
3260014,EIA {=Electronic Industries Association},电子工业协会,,2017-08-08
3260015,eight-track audio recorder,八轨录音机,,2017-08-08
3260016,EIR {=Equipment Identity Register},设备识别器,,2017-08-08
3260017,EIRP {=effective isotropic radiated power},有效等向覆盖功率,,2017-08-08
3260018,EKG {=electrocardiogram},心电图,,2017-08-08
3260019,Ektachrome,{柯达}艾特康彩色底片,,2017-08-08
3260020,El Niño,圣婴现象,,2017-08-08
3260021,elaborated code,精致符码,,2017-08-08
3260022,elaboration likelihood model,推敲可能性模式；深思可能性模式；思考可能性模式,,2017-08-08
3260023,elaboration likelihood model {=ELM},深思可能性模式；推敲可能性模式,,2017-08-08
3260024,elastic price,弹性价格,,2017-08-08
3260025,elasticity of demand,需求弹性,,2017-08-08
3260026,election campaign,选举活动,,2017-08-08
3260027,election coverage,选擧新闻,,2017-08-08
3260028,election law,选举法,,2017-08-08
3260029,election-campaign communication,竞选传播,,2017-08-08
3260030,electioneering,选举活动,,2017-08-08
3260031,electoral accountability,选举问责；选举课责；选举归责,,2017-08-08
3260032,electoral advertising,选举广告,,2017-08-08
3260033,electoral coalition,竞选联盟,,2017-08-08
3260034,electoral constituency,选民；选区,,2017-08-08
3260035,electoral democracy,选举民主,,2017-08-08
3260036,electoral office,选举办公室,,2017-08-08
3260037,electoral process,选举过程,,2017-08-08
3260038,electoral professionalism,选举专业,,2017-08-08
3260039,electoral stability,选民稳定性,,2017-08-08
3260040,electoral system,选举制度,,2017-08-08
3260041,electoral triangle model,选举三角模式,,2017-08-08
3260042,electoral verdict,选举投票结果,,2017-08-08
3260043,electoral volatility,选民流动性；选民变动性,,2017-08-08
3260044,electoralism,选举主义；选举至上主义,,2017-08-08
3260045,electorate behaviour,选举行为,,2017-08-08
3260046,electret,驻极电介体,,2017-08-08
3260047,electric charge,电荷,,2017-08-08
3260048,electric eye,电眼,,2017-08-08
3260049,electrical discharge recording paper,放电记录纸,,2017-08-08
3260050,electrical noise,电子杂讯,,2017-08-08
3260051,electrician,电工,,2017-08-08
3260052,electricity,电力,,2017-08-08
3260053,electro stencil master paper,电子油印蜡纸,,2017-08-08
3260054,electro-conductive paint,导电涂料,,2017-08-08
3260055,electro-print-marking,电子打印装置,,2017-08-08
3260056,electrocardiogram {=EKG},心电图,,2017-08-08
3260057,electrofax,电子摄影,,2017-08-08
3260058,electrographic printing,电子照相印刷,,2017-08-08
3260059,electrography,电子照相法,,2017-08-08
3260060,electroluminescence,电子场致发光,,2017-08-08
3260061,electrolytic electrography,电子照相,,2017-08-08
3260062,electrolytic photography,电解照相,,2017-08-08
3260063,electrolytic recording,电解记录,,2017-08-08
3260064,electrolytic recording paper,电解记录纸,,2017-08-08
3260065,electromagnetic force,电磁力,,2017-08-08
3260066,electromagnetic hypersensitivity,电磁波超敏感性,,2017-08-08
3260067,electromagnetic interference {=EMI},电磁干扰,,2017-08-08
3260068,electromagnetic spectrum,电磁波频谱,,2017-08-08
3260069,electromagnetic wave,电磁波,,2017-08-08
3260070,electromagnetism,电磁效应,,2017-08-08
3260071,electron avalanche current,电子雪崩电流,,2017-08-08
3260072,electron avalanche effect,电子雪崩效应,,2017-08-08
3260073,electron beam,电子束,,2017-08-08
3260074,electron gun,电子枪,,2017-08-08
3260075,electron micrography,电子显微摄影,,2017-08-08
3260076,electron microscope,电子显微镜,,2017-08-08
3260077,electron trap,电子捕集器,,2017-08-08
3260078,electron tube,电子管,,2017-08-08
3260079,electron-diffraction photography,电子衍射摄影,,2017-08-08
3260080,electron-sensitive emulsion,电子感光乳剂,,2017-08-08
3260081,electronic blackboard,电子看板,,2017-08-08
3260082,electronic bricolage,电子拼贴,,2017-08-08
3260083,electronic charisma,电子[媒体]魅力,,2017-08-08
3260084,Electronic Communication Privacy Act {=ECPA},{美国}电子通讯隐私法,,2017-08-08
3260085,Electronic Communications Privacy Act of 1986,{美国}一九八六年电子通讯隐私法案,,2017-08-08
3260086,electronic communications service {=ECS},电子通讯服务,,2017-08-08
3260087,electronic conduction,电子传导,,2017-08-08
3260088,electronic coupon,电子折价券,,2017-08-08
3260089,electronic couponing,电子折价优惠活动,,2017-08-08
3260090,Electronic Data Interchange {=EDI},电子资料交换,,2017-08-08
3260091,Electronic Data Interchange {=EDI} service,电子数据交换服务,,2017-08-08
3260092,electronic democracy {=e-democracy},电子民主；网路民主,,2017-08-08
3260093,electronic editor,电子剪辑机,,2017-08-08
3260094,electronic engraver,电子凸版,,2017-08-08
3260095,electronic error,电子错误,,2017-08-08
3260096,electronic field production {=EFP},外景节目制作,,2017-08-08
3260097,electronic field production {=EFP} cameras,外景多机作业摄影机,,2017-08-08
3260098,electronic flash,电子闪光；电子闪光灯,,2017-08-08
3260099,electronic flash equipment,电子闪光装置,,2017-08-08
3260100,Electronic Freedom of Information Act,{美国}电子资讯自由法,,2017-08-08
3260101,Electronic Frontiers Australia,{网路}澳洲电子先锋,,2017-08-08
3260102,electronic guide,电子节目选单,,2017-08-08
3260103,electronic imperialism,电子帝国主义,,2017-08-08
3260104,Electronic Industries Association {=EIA},电子工业协会,,2017-08-08
3260105,electronic integration effect,电子整合效果,,2017-08-08
3260106,electronic intelligence,电子情报,,2017-08-08
3260107,electronic island,电子岛屿,,2017-08-08
3260108,electronic mail,电子邮件,,2017-08-08
3260109,electronic market,电子市场,,2017-08-08
3260110,electronic media,电子媒体；广电媒体,,2017-08-08
3260111,electronic media rating,电子媒体收视调查,,2017-08-08
3260112,Electronic Media Rating Council {=EMRC},{美国}电子媒介收视听率委员会,,2017-08-08
3260113,Electronic Message System {=EMS},电子讯息系统,,2017-08-08
3260114,electronic navigator,电子浏览器,,2017-08-08
3260115,electronic network,电子网路,,2017-08-08
3260116,electronic news gathering {=ENG},电子摄影机；电子新闻采访,,2017-08-08
3260117,Electronic News Gathering {=ENG} coordinator,电子新闻摄影机协调员,,2017-08-08
3260118,electronic paper display,电子纸显示器,,2017-08-08
3260119,Electronic Privacy Information Center {=EPIC},{美国}电子隐私资讯中心,,2017-08-08
3260120,electronic production,广电媒体广告制作,,2017-08-08
3260121,electronic program guide,电子节目表,,2017-08-08
3260122,electronic record,电子纪录,,2017-08-08
3260123,electronic recording,电子纪录,,2017-08-08
3260124,electronic republic,电子共和国,,2017-08-08
3260125,electronic serial number {=ESN},电子序号；{俗称}序号,,2017-08-08
3260126,electronic shutter,电子快门,,2017-08-08
3260127,electronic sign,电子看板,,2017-08-08
3260128,electronic tablet,电子板,,2017-08-08
3260129,electronic text,电子文本,,2017-08-08
3260130,electronic town meeting {=ETM},电子镇民会议,,2017-08-08
3260131,electronic video recording,电子录影,,2017-08-08
3260132,electronic viewfinder,电子式观景窗,,2017-08-08
3260133,electronic wire service,电子通讯服务,,2017-08-08
3260134,electronics,电子设备；电子学,,2017-08-08
3260135,electrooptic effect,光电效应,,2017-08-08
3260136,electrophoresis,电泳,,2017-08-08
3260137,electrophoretic display,电泳动显示器,,2017-08-08
3260138,electrophotographyic paper,电子摄影感光纸,,2017-08-08
3260139,electrophotographyic photoreceptor,电子摄影感光体,,2017-08-08
3260140,electrophotograpy,电子摄影；电子照相,,2017-08-08
3260141,electrostatic capacity,电容；静电容量,,2017-08-08
3260142,electrostatic induction,静电感应,,2017-08-08
3260143,electrostatic latent image,静电潜影,,2017-08-08
3260144,electrostatic photography,静电摄影,,2017-08-08
3260145,electrostatic printing,静电印刷,,2017-08-08
3260146,electrostatic printing tube,静电印像管,,2017-08-08
3260147,electrostatic recording,静电记录,,2017-08-08
3260148,electrostatic recording paper,静电记录纸,,2017-08-08
3260149,electrostatic screen printing,静电丝网印刷,,2017-08-08
3260150,electrostatic transfer,静电转印,,2017-08-08
3260151,electrothermography,电热摄影法,,2017-08-08
3260152,elevation,升高拍摄,,2017-08-08
3260153,elevation angle,仰角,,2017-08-08
3260154,elevation-over-azimuth,{天线}仰角对位,,2017-08-08
3260155,eligibility,适格性；合格性,,2017-08-08
3260156,eligible person,合格当事人,,2017-08-08
3260157,elimination by aspect {=EBA},逐步消去模式；排除法,,2017-08-08
3260158,elite culture,菁英文化,,2017-08-08
3260159,elite group,菁英团体,,2017-08-08
3260160,elite international paper,菁英国际报纸,,2017-08-08
3260161,elite model,菁英模式,,2017-08-08
3260162,elite party,菁英政党,,2017-08-08
3260163,elite pluralism,菁英多元主义,,2017-08-08
3260164,elite press,菁英报刊,,2017-08-08
3260165,elitism,菁英主义,,2017-08-08
3260166,elitist theory,菁英理论,,2017-08-08
3260167,ELIZA program,ELIZA程式,,2017-08-08
3260168,ellipse tool,椭圆工具,,2017-08-08
3260169,ellipsis,省略；删略,,2017-08-08
3260170,ellipsoidal spotlight,椭圆形聚光灯,,2017-08-08
3260171,elliptical orbit,{太空}椭圆轨道,,2017-08-08
3260172,ELM {=elaboration likelihood model},深思可能性模式；推敲可能性模式,,2017-08-08
3260173,elocutionary approach,演说术的取径,,2017-08-08
3260174,elongation,影像延伸变形,,2017-08-08
3260175,EM {=expectation maximization},最大期望法,,2017-08-08
3260176,email marketing,电子邮件行销,,2017-08-08
3260177,emancipation,解放,,2017-08-08
3260178,emancipatory knowledge,解放知识,,2017-08-08
3260179,emancipatory project,解放方案,,2017-08-08
3260180,embedded behavior model,嵌入式行为模式,,2017-08-08
3260181,embedded war correspondent,随军记者,,2017-08-08
3260182,emblem,象征符号,,2017-08-08
3260183,embodiment,形体化；具体化,,2017-08-08
3260184,embossing,压纹印花；浮雕,,2017-08-08
3260185,emergence,浮现；兴起,,2017-08-08
3260186,emergence phase,浮现阶段,,2017-08-08
3260187,emergency alert notification {=EAN},紧急警示通知,,2017-08-08
3260188,Emergency Broadcast System {=EBS},{美国}紧急广播系统,,2017-08-08
3260189,emergency petition,紧急请愿　,,2017-08-08
3260190,emergency response,紧急应变,,2017-08-08
3260191,emergent,新兴的；浮出的,,2017-08-08
3260192,emergent design,浮现式设计；逐渐显现的设计,,2017-08-08
3260193,emerging infectious disease,新兴传染疾病,,2017-08-08
3260194,EMI {=electromagnetic interference},电磁干扰,,2017-08-08
3260195,emission spectrum,发射光谱,,2017-08-08
3260196,emission theory,发射理论,,2017-08-08
3260197,EMM {=entitlement management message},授权管理讯息,,2017-08-08
3260198,EMMA {=Exceptional Merit in Media Awards},{美国}媒体特殊贡献奖；艾玛奖,,2017-08-08
3260199,Emmy Awards,{美国}艾美奖,,2017-08-08
3260200,emotion,情绪；情感,,2017-08-08
3260201,emotional appeal,感性诉求；诉诸情绪,,2017-08-08
3260202,emotional autonomy,情感自主,,2017-08-08
3260203,emotional benefit appeal,情感利益诉求,,2017-08-08
3260204,emotional experience,情绪经验,,2017-08-08
3260205,emotional investment,情感投入；情感投资,,2017-08-08
3260206,emotive function,情感功能；情绪功能,,2017-08-08
3260207,empathy,同理心；移情,,2017-08-08
3260208,empirical method,经验方法；实征方法,,2021-03-26
3260209,empirical research method,实征研究方法,,2021-03-26
3260210,empirically testable proposition,可经验性检验的命题,,2017-08-08
3260211,empiricism,经验主义,,2017-08-08
3260212,emplotment,情节设计；情节安排,,2017-08-08
3260213,employee relation,员工关系,,2017-08-08
3260214,empowerment,赋权；培力；增能；给力,,2017-08-08
3260215,empowerment strategy,赋权策略；培力策略；增能策略,,2017-08-08
3260216,EMRC {=Electronic Media Rating Council},{美国}电子媒介收视听率委员会,,2017-08-08
3260217,EMS {=Electronic Message System},电子讯息系统,,2017-08-08
3260218,emulsification,乳化,,2017-08-08
3260219,emulsion,胶膜,,2017-08-08
3260220,emulsion layer,胶膜层,,2017-08-08
3260221,emulsion number,胶膜号码,,2017-08-08
3260222,emulsion speed,胶膜速率,,2017-08-08
3260223,enacting organization,行动型组织,,2017-08-08
3260224,enactment perspective,能动观点；行动落实观点,,2017-08-08
3260225,enactment-based model,能动基础模式,,2017-08-08
3260226,enantiotropic,{液晶材料}对映性,,2017-08-08
3260227,encapsulated postscript file {=EPS},压缩描述语言档案格式,,2017-08-08
3260228,encapsulation,封装,,2017-08-08
3260229,encipher,加密,,2017-08-08
3260230,encode,编码；制码,,2017-08-08
3260231,encoded channel,锁码频道,,2017-08-08
3260232,encoder,编码器,,2017-08-08
3260233,encoding,编码；制码,,2017-08-08
3260234,encoding in digitization,数位编码,,2017-08-08
3260235,encryption,加密　,,2017-08-08
3260236,encryption key,加密钥匙,,2017-08-08
3260237,end to end,端点对端点,,2017-08-08
3260238,end-of-life care,临终照护；安宁照护,,2017-08-08
3260239,end-of-life decision,临终决定,,2017-08-08
3260240,end-of-life discussion campaign,临终讨论的宣导,,2017-08-08
3260241,end-of-tape warning,片尾提示,,2017-08-08
3260242,endemic,地方性的流行病,,2017-08-08
3260243,endemic disease,地方性的流行病,,2017-08-08
3260244,endomorph,矮胖型,,2017-08-08
3260245,endorsement,背书；推荐；见证式广告,,2017-08-08
3260246,endorsement speech,站台演说；推荐演说,,2017-08-08
3260247,endorser,背书者；推荐者,,2017-08-08
3260248,endoscope,内视镜,,2017-08-08
3260249,endurance test,容忍测试,,2017-08-08
3260250,energy band,能量带,,2017-08-08
3260251,energy dispersal waveform,能量扩散波形,,2017-08-08
3260252,energy gap,能量间隙,,2017-08-08
3260253,energy transfer,能量转移,,2017-08-08
3260254,enforceable approach,可强制措施,,2017-08-08
3260255,enforcement,强制执行；执法,,2017-08-08
3260256,Enforcement Bureau,执法局,,2017-08-08
3260257,enforcement of provisions,法律执行,,2017-08-08
3260258,enforcement strategy,执行策略；强制策略,,2017-08-08
3260259,enfranchisement,授权,,2017-08-08
3260260,ENG {=electronic news gathering},电子摄影机；电子新闻采访,,2017-08-08
3260261,ENG {=Electronic News Gathering} coordinator,电子新闻摄影机协调员,,2017-08-08
3260262,engagement and mobilization of people,人民参与和动员,,2017-08-08
3260263,engineering of consent,共识的营造,,2017-08-08
3260264,enhanced definition television {=EDTV},高解析电视,,2017-08-08
3260265,enhanced group call {=EGC},进阶群呼,,2017-08-08
3260266,enhanced service,加值服务,,2017-08-08
3260267,enhanced underwriting,{美国}强效式赞助,,2017-08-08
3260268,enlargement,放大,,2017-08-08
3260269,enlarger,放大机,,2017-08-08
3260270,enlarging apparatus,放大装置,,2017-08-08
3260271,enlarging easel,放大机定位板,,2017-08-08
3260272,enlarging paper,放大纸,,2017-08-08
3260273,enlarging photometer,放大测光表；放大光度计,,2017-08-08
3260274,enlightenment,启蒙,,2017-08-08
3260275,enterovirus,肠病毒,,2017-08-08
3260276,enterprise story,{新闻}企画报导；企画采访,,2017-08-08
3260277,entertainment,娱乐,,2017-08-08
3260278,Entertainment and Sports Programming Network {=ESPN},{美国}娱乐运动电视网,,2017-08-08
3260279,entertainment innovation,娱乐创新,,2017-08-08
3260280,entertainment value,娱乐价值,,2017-08-08
3260281,entitlement control message {=ECM},授权控制讯息,,2017-08-08
3260282,entitlement management message {=EMM},授权管理讯息,,2017-08-08
3260283,entrails,内脏,,2017-08-08
3260284,entrance pupil,入射瞳孔,,2017-08-08
3260285,entrapreneurship,企业家精神,,2017-08-08
3260286,entropy,熵{内部变化程度的量},,2017-08-08
3260287,entry and search of premises,处所进入及搜查,,2017-08-08
3260288,entry barrier,进入障碍,,2017-08-08
3260289,entry-level technique,入门技术,,2017-08-08
3260290,environment health measure,环境健康措施；环境卫生措施,,2017-08-08
3260291,environment reevaluation,环境再评价,,2017-08-08
3260292,environment sound recording,环境音收录,,2017-08-08
3260293,environmental advocacy group,环保倡议团体,,2017-08-08
3260294,environmental communication,环境沟通,,2017-08-08
3260295,environmental constituency,环保拥护者,,2017-08-08
3260296,environmental group,环保团体,,2017-08-08
3260297,environmental hazard,环境危害,,2017-08-08
3260298,environmental health,环境健康；环境卫生,,2017-08-08
3260299,environmental issue,环境议题,,2017-08-08
3260300,Environmental Protection Agency {=EPA},环境保护署,,2017-08-08
3260301,environmental reevaluation,环境再评价,,2017-08-08
3260302,environmental relation,环境关系,,2017-08-08
3260303,environmental scanning,环境监测,,2017-08-08
3260304,EOD {=Every Other Day},隔日出刊,,2017-08-08
3260305,EPA {=Environmental Protection Agency},环境保护署,,2017-08-08
3260306,epic,史诗,,2017-08-08
3260307,EPIC {=Electronic Privacy Information Center},{美国}电子隐私资讯中心,,2017-08-08
3260308,epidemic,地区流行疫情,,2017-08-08
3260309,epidemic disease,流行病,,2017-08-08
3260310,epidemiological research,流行病学研究,,2017-08-08
3260311,epidemiology,流行病学,,2017-08-08
3260312,epilepsy,癫痫,,2017-08-08
3260313,episcope,实物投影机,,2017-08-08
3260314,episode,情节；章节,,2017-08-08
3260315,episode film,分段式电影,,2017-08-08
3260316,episodic narrative,事件叙事；情节叙事,,2017-08-08
3260317,episodic news frame,情节式新闻框架,,2017-08-08
3260318,episteme,知识体系,,2017-08-08
3260319,epistemological perspective,认识论观点,,2017-08-08
3260320,epistemology,认识论；知识论,,2017-08-08
3260321,EPON {=Ethernet Passive Optical Network},被动式光纤乙太网路,,2017-08-08
3260322,EPPM {=extended parallel process model},平行过程延伸模式,,2017-08-08
3260323,EPS {=encapsulated postscript file},压缩描述语言档案格式,,2017-08-08
3260324,EPSEM {=equal probability of selection method sample},随机抽取样本,,2017-08-08
3260325,eqalitarianism,等同原则,,2017-08-08
3260326,equal liberties,平等自由权,,2017-08-08
3260327,Equal Opportunities Commission,平等机会委员会,,2017-08-08
3260328,equal opportunity,平等机会,,2017-08-08
3260329,equal opportunity rule,机会均等原则,,2017-08-08
3260330,equal probability of selection method sample {=EPSEM},随机抽取样本,,2017-08-08
3260331,equal respect,同等尊重,,2017-08-08
3260332,equal time,均等时间；等时,,2017-08-08
3260333,equal time doctrine,等时原则,,2017-08-08
3260334,equal time provision,等时条款,,2017-08-08
3260335,equal time rule,等时规范,,2017-08-08
3260336,equal time rules,等时原则,,2017-08-08
3260337,equal-appearing,均等出现,,2017-08-08
3260338,equality,平等,,2017-08-08
3260339,equality theory of aging,老人平等照护理论,,2017-08-08
3260340,equalization,等化,,2017-08-08
3260341,equalizer,等化器,,2017-08-08
3260342,equilibrium,均势；均衡,,2017-08-08
3260343,equilibrium democracy,平衡型民主,,2017-08-08
3260344,Equipment Identity Register {=EIR},设备识别器,,2017-08-08
3260345,equipment rental,器材出租,,2017-08-08
3260346,equipment-based service,设备导向服务,,2017-08-08
3260347,equity,公平；均等,,2017-08-08
3260348,equity feminism,平等女性主义,,2017-08-08
3260349,equity law,衡平法,,2017-08-08
3260350,equivalent focal length,等效焦距,,2017-08-08
3260351,equivalent market opportunity,均等的市场机会,,2017-08-08
3260352,equivalent neutral density,等效中性密度,,2017-08-08
3260353,equivalent neutral printing density {=E.N.P.D.},等效中性印片密度,,2017-08-08
3260354,equivalent noise temperature,等效杂讯温度,,2017-08-08
3260355,equivalent-form method,复本法,,2017-08-08
3260356,eradication,根除,,2017-08-08
3260357,erase head,消磁头,,2017-08-08
3260358,erbium laser,铒雷射,,2017-08-08
3260359,erotic non-obscene material,非淫秽性资料,,2017-08-08
3260360,eroticism,色情；情色,,2017-08-08
3260361,ERP {=effective radiated power},有效辐射功率,,2017-08-08
3260362,error control,错误控制,,2017-08-08
3260363,error correction code,错误修正码,,2017-08-08
3260364,error criterion,误差效标,,2017-08-08
3260365,error estimate,误差估计,,2017-08-08
3260366,error of bias,偏误,,2017-08-08
3260367,error of measurement,测量误差,,2017-08-08
3260368,error of prediction,预测误差,,2017-08-08
3260369,error-free second,无误码秒,,2017-08-08
3260370,errored second {=ES},误码秒,,2017-08-08
3260371,erythrosine,食用红色7号；赤藓红； 四碘萤光红,,2017-08-08
3260372,ES {=errored second},误码秒,,2017-08-08
3260373,ESA {=European Space Agency},欧洲太空总署,,2017-08-08
3260374,escapism,逃避主义,,2017-08-08
3260375,escrow agent,托管代理人；交易仲介,,2017-08-08
3260376,ESF {=extended superframe},延伸超码框,,2017-08-08
3260377,ESN {=electronic serial number},电子序号；{俗称}序号,,2017-08-08
3260378,Espace Video {=EVE},{欧洲}太空视讯组织,,2017-08-08
3260379,ESPN {=Entertainment and Sports Programming Network},{美国}娱乐运动电视网,,2017-08-08
3260380,Esquire,{杂志名}绅士,,2017-08-08
3260381,essay column,短文专栏,,2017-08-08
3260382,essential area,主画面区；指标区,,2017-08-08
3260383,essential facilities doctrine {=EFD},基础设施原则；枢纽设施原则,,2017-08-08
3260384,essential facility,枢纽设施,,2017-08-08
3260385,essentialism,本质主义；实在论,,2017-08-08
3260386,essentialist,本质论的；本质论者,,2017-08-08
3260387,established shot,建构镜头,,2017-08-08
3260388,estimating reliability,估计信度,,2017-08-08
3260389,estimation model,估计模式,,2017-08-08
3260390,ethernet,乙太网路,,2017-08-08
3260391,Ethernet Passive Optical Network {=EPON},被动式光纤乙太网路,,2017-08-08
3260392,ethical advertising,道德广告,,2017-08-08
3260393,ethical code,伦理规范,,2017-08-08
3260394,ethical consideration,伦理考量,,2017-08-08
3260395,ethical dilemma,伦理困境,,2017-08-08
3260396,ethical guideline,伦理守则,,2017-08-08
3260397,ethical issue,伦理议题,,2017-08-08
3260398,ethical judgment,道德判断,,2017-08-08
3260399,ethical standard,伦理标准,,2017-08-08
3260400,ethical value,伦理价值,,2017-08-08
3260401,ethics,伦理道德,,2017-08-08
3260402,ethics of care,关怀伦理；照护伦理,,2017-08-08
3260403,ethnic,族群的；族裔的,,2017-08-08
3260404,ethnic absolutism,种族绝对主义；族群绝对主义,,2017-08-08
3260405,ethnic cleansing,种族净化；族群净化,,2017-08-08
3260406,ethnic conflict,族群冲突,,2017-08-08
3260407,ethnic difference,族群差异,,2017-08-08
3260408,ethnic identity,族群认同,,2017-08-08
3260409,ethnic media,族群媒体,,2017-08-08
3260410,ethnic minority,少数民族；弱势民族,,2017-08-08
3260411,ethnic news,族群新闻,,2017-08-08
3260412,ethnic social communication,族群社会沟通,,2017-08-08
3260413,ethnic solidarity,族群团结,,2017-08-08
3260414,ethnic stereotype,族群刻板形象,,2017-08-08
3260415,ethnicity,种族性；族群性,,2017-08-08
3260416,ethnocentric approach,族群中心主义取向,,2017-08-08
3260417,ethnocentrism,民族优越感；族群中心主义,,2017-08-08
3260418,ethnocultural interpretation of disease,疾病的民族文化诠释,,2017-08-08
3260419,ethnographer,民族志学者,,2017-08-08
3260420,ethnographic film,民族志电影；人类学电影,,2017-08-08
3260421,ethnographic interview,民族志访谈法,,2017-08-08
3260422,ethnography,俗民学；民族志学,,2017-08-08
3260423,ethnography of communication,传播民族志,,2017-08-08
3260424,ethnology,人种学；民族学,,2017-08-08
3260425,ethnomethodology,俗民研究法；民族志研究法,,2017-08-08
3260426,ethnoscape,族裔景观,,2017-08-08
3260427,ETM {=electronic town meeting},电子镇民会议,,2017-08-08
3260428,ETSI {=European Telecommunication Standard Institute},欧洲电信标准协会,,2017-08-08
3260429,ETSI {=European Telecommunications Standards Institute},欧洲电信标准协会,,2017-08-08
3260430,ETV {=educational television},教育电视,,2017-08-08
3260431,EU clear preference,{欧盟}优先顺序,,2017-08-08
3260432,EU Data Protection Directive,{欧盟}个人资料保护指令,,2017-08-08
3260433,EU Regulatory Framework 2003,欧盟2003年通讯法,,2017-08-08
3260434,EU Telecoms Reform,欧盟电信改革,,2017-08-08
3260435,EU {=European Union},欧洲联盟,,2017-08-08
3260436,EU {=expected utility},预期效用,,2017-08-08
3260437,EU {=expected utility} theory,预期效用理论,,2017-08-08
3260438,eugenics,优生学,,2017-08-08
3260439,euphemism,婉转语法,,2017-08-08
3260440,Euro DOCSIS {=European data over cable service interface specification},欧洲缆线数据服务介面规格,,2017-08-08
3260441,Eurobarometer survey,欧洲趋势调查,,2017-08-08
3260442,Eurocentric,欧洲中心论的,,2017-08-08
3260443,Eurocentric bias,欧洲中心论偏见,,2017-08-08
3260444,eurocentrism,欧洲中心主义,,2017-08-08
3260445,Euromedia Research Group,欧洲媒介研究群,,2017-08-08
3260446,Europe-wide Network of Trusted Third Party Services,欧洲网路公正第三人服务,,2017-08-08
3260447,European Association for Animation Films,欧洲动画协会,,2017-08-08
3260448,European Audiovisual Entrepreneurs {=EAVE},欧洲视听产业企业家组织,,2017-08-08
3260449,European Broadcasting Union,欧洲广播联盟,,2017-08-08
3260450,European Broadcasting Union {=EBU},欧洲广播联盟,,2017-08-08
3260451,European Commission,欧盟执行委员会；欧洲委员会,,2017-08-08
3260452,European Committee for Electro-technical Standardization {=CENELEC},欧洲电子技术标准委员会,,2017-08-08
3260453,European Communication Satellite {=ECS},欧洲通讯卫星,,2017-08-08
3260454,European Community Law,欧体法；欧盟法,,2017-08-08
3260455,European Community {=EC},欧洲共同体,,2017-08-08
3260456,European Conference of Post and Telecommunication Administration {=ECPT},欧洲邮电主管会议,,2017-08-08
3260457,European Constitution,欧盟宪法,,2017-08-08
3260458,European Convention on Human Rights {=ECHR},欧洲人权公约,,2017-08-08
3260459,European Council,欧洲理事会,,2017-08-08
3260460,European Court of Justice,欧洲法院,,2017-08-08
3260461,European data over cable service interface specification {=Euro DOCSIS},欧洲缆线数据服务介面规格,,2017-08-08
3260462,European Economic Area {=EEA},欧洲经济区,,2017-08-08
3260463,European Forum for Member States {=EFMS},欧洲成员国论坛,,2017-08-08
3260464,European Free Trade Association {=EFTA},欧洲自由贸易联盟,,2017-08-08
3260465,European Journalism Centre,{荷兰}欧洲新闻记者中心,,2017-08-08
3260466,European Parliament,欧盟议会；欧洲议会,,2017-08-08
3260467,European Parliamentary election,欧盟议会选举,,2017-08-08
3260468,European Script Fund,欧洲剧本基金,,2017-08-08
3260469,European Space Agency {=ESA},欧洲太空总署,,2017-08-08
3260470,European Telecommunication Satellite Organization {=Eutelsat},欧洲通讯卫星组织,,2017-08-08
3260471,European Telecommunication Standard Institute {=ETSI},欧洲电信标准协会,,2017-08-08
3260472,European Telecommunications Standards Institute {=ETSI},欧洲电信标准协会,,2017-08-08
3260473,European Union clear preference,欧盟优先顺序,,2017-08-08
3260474,European Union Data Protection Directive,欧盟资料保护指令,,2017-08-08
3260475,European Union {=EU},欧洲联盟,,2017-08-08
3260476,Eurovision,欧盟卫视,,2017-08-08
3260477,Eutelsat {=European Telecommunication Satellite Organization},欧洲通讯卫星组织,,2017-08-08
3260478,evaluation,评估﹔评价,,2017-08-08
3260479,evaluation climate,评估氛围,,2017-08-08
3260480,evaluation model,评估模式,,2017-08-08
3260481,evaluation of alternatives,{购买前}可能性评估,,2017-08-08
3260482,evaluation of health campaign effectiveness,健康宣导成效评估；健康宣导成效评价,,2017-08-08
3260483,evaluation process,评估过程,,2017-08-08
3260484,evaluation research,评估研究,,2017-08-08
3260485,evaluation tradition,评估传统,,2017-08-08
3260486,evaluative criteria,评估标准,,2017-08-08
3260487,evaluative reporting,评估报导,,2017-08-08
3260488,EVE {=Espace Video},{欧洲}太空视讯组织,,2017-08-08
3260489,even-keeled strategy,平稳策略；稳扎稳打策略,,2017-08-08
3260490,evening edition,晚版,,2017-08-08
3260491,evening graphic,晚画报,,2017-08-08
3260492,evening paper,晚报,,2017-08-08
3260493,event,事件,,2017-08-08
3260494,event marketing,事件行销,,2017-08-08
3260495,event sampling,事件抽样,,2017-08-08
3260496,Every Other Day {=EOD},隔日出刊,,2017-08-08
3260497,everyday life,日常生活,,2017-08-08
3260498,everyday practice,日常生活实践,,2017-08-08
3260499,everyday racism,日常生活的族群歧视；日常生活的种族主义,,2017-08-08
3260500,evidence message,实证讯息,,2017-08-08
3260501,evidence-based decision making,依据证据的决策,,2017-08-08
3260502,evidence-based medicine {=EBM},实证医学,,2017-08-08
3260503,ex post facto design,事后回溯设计,,2017-08-08
3260504,ex post facto experiment,事后回溯实验,,2017-08-08
3260505,ex post facto fallacy,事后回溯谬误,,2017-08-08
3260506,ex post facto research,事后回溯研究,,2017-08-08
3260507,ex-member,前成员,,2017-08-08
3260508,exabyte,艾位元组,,2017-08-08
3260509,exahertz,艾赫兹,,2017-08-08
3260510,excellence theory,卓越理论,,2017-08-08
3260511,Exceptional Merit in Media Awards {=EMMA},{美国}媒体特殊贡献奖；艾玛奖,,2017-08-08
3260512,exchange,交易；交换,,2017-08-08
3260513,exchange building,交换机大楼,,2017-08-08
3260514,exchange theory,交换理论；交易理论,,2017-08-08
3260515,exchange value,交换价值,,2017-08-08
3260516,exchangeable image file format {=EXIF},可交换影像档,,2017-08-08
3260517,excimer,准分子,,2017-08-08
3260518,excitation transfer theory,兴奋转移理论,,2017-08-08
3260519,exciter lamp,激励灯,,2017-08-08
3260520,exclusive,{新闻}独家,,2017-08-08
3260521,exclusive distribution,独家物流系统,,2017-08-08
3260522,exclusive distribution agreement,独家经销协议,,2017-08-08
3260523,exclusive license,独家授权,,2017-08-08
3260524,exclusive news,独家新闻,,2017-08-08
3260525,exclusive recording contract,独家录制合约,,2017-08-08
3260526,exclusive right,独家授权；专利权,,2017-08-08
3260527,exclusive rules,专属规定,,2017-08-08
3260528,exclusive trade-mark license,独家贸易商标授权,,2017-08-08
3260529,exclusive use model,排他使用模式,,2017-08-08
3260530,exclusive window,独家窗口；独家代理,,2017-08-08
3260531,exclusivity,独家授权,,2017-08-08
3260532,executive producer,执行制作人,,2017-08-08
3260533,exemplar,范例,,2017-08-08
3260534,exempted video work,豁免影视作品,,2017-08-08
3260535,exemption,豁免,,2017-08-08
3260536,exercising EKG {=exercising electrocardiogram},动态心电图,,2017-08-08
3260537,exercising electrocardiogram {=exercising EKG },动态心电图,,2017-08-08
3260538,exhaustion of rights,权利耗尽,,2017-08-08
3260539,exhaustiveness,穷尽,,2017-08-08
3260540,exhibit,展示；陈列,,2017-08-08
3260541,exhibition,上演；展演；展示；展览,,2017-08-08
3260542,exhibitive media,展示性媒体,,2017-08-08
3260543,exhibitor,放映商,,2017-08-08
3260544,EXIF {=exchangeable image file format},可交换影像档,,2017-08-08
3260545,exile,放逐,,2017-08-08
3260546,existing light,可用光,,2017-08-08
3260547,exit cone,{卫星}出口锥体,,2017-08-08
3260548,exit poll,{选举}出口民调,,2017-08-08
3260549,exit polling,{投票所}出口民调,,2017-08-08
3260550,exit pupil,出口瞳孔,,2017-08-08
3260551,exoticism,异国情调；异国风味,,2017-08-08
3260552,exoticization,异国情调化,,2017-08-08
3260553,expanded cinema,多面向电影,,2017-08-08
3260554,expanded system,延展系统,,2017-08-08
3260555,expectancy,期望,,2017-08-08
3260556,expectancy theory,期望理论,,2017-08-08
3260557,expectancy value model,期望价值模式,,2017-08-08
3260558,expectancy-value rational-choice model,期望价值理性选择模式,,2017-08-08
3260559,expectancy-value theory,期望价值理论,,2017-08-08
3260560,expectation maximization {=EM},最大期望法,,2017-08-08
3260561,expected count,期望值,,2017-08-08
3260562,expected frequency,期望频数,,2017-08-08
3260563,expected utility {=EU},预期效用,,2017-08-08
3260564,expected utility {=EU} theory,预期效用理论,,2017-08-08
3260565,expendable rocket,{发射载具}抛弃型火箭,,2017-08-08
3260566,experiential inquiry,经验探索,,2017-08-08
3260567,experiential learning theory,经验学习理论,,2017-08-08
3260568,experimental casual model,实验因果模式,,2017-08-08
3260569,experimental control,实验控制,,2017-08-08
3260570,experimental film,实验电影,,2017-08-08
3260571,experimental group,实验组,,2017-08-08
3260572,experimental logic,实验逻辑,,2017-08-08
3260573,experimental manipulation,实验操弄,,2017-08-08
3260574,experimental method,实验法,,2017-08-08
3260575,experimental mortality,受试者流失,,2017-08-08
3260576,experimental realism,实验唯实论,,2017-08-08
3260577,experimental research,实验研究,,2017-08-08
3260578,experimental study,实验法,,2017-08-08
3260579,experimental validity,实验效度,,2017-08-08
3260580,experimental variance,实验变异,,2017-08-08
3260581,experimentalism,实验主义,,2017-08-08
3260582,experimentalist methodology,实验主义方法论,,2017-08-08
3260583,experimentation,实验[法],,2017-08-08
3260584,experimenter bias,实验者的偏差,,2017-08-08
3260585,experimenting stage,实验阶段,,2017-08-08
3260586,expert claim,专家主张；专家宣称,,2017-08-08
3260587,expert error,专家错误,,2017-08-08
3260588,expert opinion,专家意见,,2017-08-08
3260589,expert power,专家权,,2017-08-08
3260590,expert research,专家研究,,2017-08-08
3260591,expert review,专家检视,,2017-08-08
3260592,expert risk assessment,专家风险评估,,2017-08-08
3260593,expert system,专家系统,,2017-08-08
3260594,expert-source,专家消息来源,,2017-08-08
3260595,expertise,专长,,2017-08-08
3260596,expertness,专业度,,2017-08-08
3260597,explanation,解释,,2017-08-08
3260598,explanatory function,解释的功能,,2017-08-08
3260599,explanatory power,解释力,,2017-08-08
3260600,exploitation,剥削；促销手段,,2017-08-08
3260601,exploitation film,剥削电影,,2017-08-08
3260602,exploratory analysis,探索分析,,2017-08-08
3260603,exploratory factor analysis {=EFA},探索性因素分析,,2017-08-08
3260604,exploratory research,初探性研究,,2017-08-08
3260605,exploratory study,探索性研究,,2017-08-08
3260606,explorer role,创意探索角色,,2017-08-08
3260607,explosion effect,爆炸效应,,2017-08-08
3260608,expose,揭丑新闻；新闻曝光,,2017-08-08
3260609,exposure,曝光；接触,,2017-08-08
3260610,exposure control,曝光控制,,2017-08-08
3260611,exposure density,曝光密度,,2017-08-08
3260612,exposure diversity,接触多样性,,2017-08-08
3260613,exposure dose,暴露剂量,,2017-08-08
3260614,exposure effect,曝光效应,,2017-08-08
3260615,exposure factor,曝光因素,,2017-08-08
3260616,exposure index {=EI},曝光指数,,2017-08-08
3260617,exposure measurement,暴露测量,,2017-08-08
3260618,exposure measurement at open aperture,开放测光,,2017-08-08
3260619,exposure measurement at shooting aperture,摄影曝光测量,,2017-08-08
3260620,exposure memory,曝光记忆,,2017-08-08
3260621,exposure meter,测光表,,2017-08-08
3260622,exposure of three color separation,三色分解摄影,,2017-08-08
3260623,exposure range,曝光范围,,2017-08-08
3260624,exposure scale,曝光刻度,,2017-08-08
3260625,exposure sheet,测光表单,,2017-08-08
3260626,exposure time,曝光时间,,2017-08-08
3260627,exposure value,曝光值；{广告}接触值,,2017-08-08
3260628,express consent,明示同意；明确同意,,2017-08-08
3260629,expression,表达,,2017-08-08
3260630,expressionism,表现主义,,2017-08-08
3260631,expressionistic sound,表现主义音效,,2017-08-08
3260632,expressive conduct,表意行为,,2017-08-08
3260633,expressive montage,表现蒙太奇,,2017-08-08
3260634,extemporaneous speaking,即席演说,,2017-08-08
3260635,extended case method,延伸个案法,,2017-08-08
3260636,extended parallel process model {=EPPM},平行过程延伸模式,,2017-08-08
3260637,extended superframe {=ESF},延伸超码框,,2017-08-08
3260638,extensible markup language {=XML},可延伸标示语言,,2017-08-08
3260639,extension,副档名,,2017-08-08
3260640,extension bellows,镜头延伸,,2017-08-08
3260641,extension bellows factor,镜头延伸系数,,2017-08-08
3260642,extension cord,延长线,,2017-08-08
3260643,extension ring,外接环,,2017-08-08
3260644,exterior,外景,,2017-08-08
3260645,external affair,外部事务,,2017-08-08
3260646,external attribution,外在归因；外部归因,,2017-08-08
3260647,external criterion,外在效标,,2017-08-08
3260648,external database,外部资料库,,2017-08-08
3260649,external dose,体外剂量,,2017-08-08
3260650,external efficacy,外在效能；外部效能,,2017-08-08
3260651,external invalidity,外在无效度,,2017-08-08
3260652,external metering,外测光,,2017-08-08
3260653,external photoelectric effect,外光电效应,,2017-08-08
3260654,external pluralism,外在多元主义,,2017-08-08
3260655,external reflector spotlight,外部反射式聚光灯,,2017-08-08
3260656,external rhythm,外在节奏,,2017-08-08
3260657,external sync,外部同步,,2017-08-08
3260658,external validation,外部校准,,2017-08-08
3260659,external validity,外在效度,,2017-08-08
3260660,externality,外在性,,2017-08-08
3260661,externalizer,脸部表情外显者,,2017-08-08
3260662,externally regulated behavior,外部调节行为；外部控制行为,,2017-08-08
3260663,externally-created party,外造政党,,2017-08-08
3260664,extra,临时演员,,2017-08-08
3260665,extra low despersion {=ED},超低色散,,2017-08-08
3260666,extra news,号外,,2017-08-08
3260667,extra printing,加印,,2017-08-08
3260668,extra statutory validity,附加法定效力,,2017-08-08
3260669,extra wide angle lens,超广角镜头,,2017-08-08
3260670,extra-closeup tight shot,超特写镜头,,2017-08-08
3260671,extraneous variable,干扰变项；外扰变项,,2017-08-08
3260672,extraneous variance,干扰变异量；外扰变异量,,2017-08-08
3260673,extranet,外部网路,,2017-08-08
3260674,extrapolation,推断；外推法,,2017-08-08
3260675,extreme,极端值,,2017-08-08
3260676,extreme close-up {=ECU},大特写,,2017-08-08
3260677,extreme long shot,大远景,,2017-08-08
3260678,extremities,四肢,,2017-08-08
3260679,extrinsic,外在的,,2017-08-08
3260680,extrinsic semiconductor,异质半导体,,2017-08-08
3260681,extruding,{电脑绘图}挤凸,,2017-08-08
3260682,eye contact tactic,眼神接触策略；眼神交会战术,,2017-08-08
3260683,eye cup,取景遮光罩；眼罩,,2017-08-08
3260684,eye level view shot,平视拍摄,,2017-08-08
3260685,eye light,眼光灯,,2017-08-08
3260686,eye line,视线,,2017-08-08
3260687,eye piece,目镜,,2017-08-08
3260688,eye shadow,眼影,,2017-08-08
3260689,eye-account,目击报导,,2017-08-08
3260690,eye-floaters,飞蚊症,,2017-08-08
3260691,eye-level shot,平角度镜头；水平镜头,,2017-08-08
3260692,eyepiece,目镜,,2017-08-08
3260693,eyewitness accounts,目击者说法,,2017-08-08
3260694,eyewitness news,见证式新闻,,2017-08-08
3260695,eyewitness reporting,见证式报导,,2017-08-08
3260696,F distribution,F分布,,2017-08-08
3260697,F ratio,F值,,2017-08-08
3260698,f-number,光圈值,,2017-08-08
3260699,f-stop,{光圈}f值,,2017-08-08
3260700,f-stop control,光圈控制,,2017-08-08
3260701,fabricating news,捏造新闻,,2017-08-08
3260702,fabrication,组构,,2017-08-08
3260703,fabula,素材,,2017-08-08
3260704,face validity,表面效度,,2017-08-08
3260705,face value,表面价值,,2017-08-08
3260706,face-to-face canvass,面对面拉票,,2017-08-08
3260707,face-to-face communication,面对面沟通,,2017-08-08
3260708,face-to-face engagement,面对面参与,,2017-08-08
3260709,face-to-face engagement marketing,面对面参与行销,,2017-08-08
3260710,face-to-face interview,面对面访谈,,2017-08-08
3260711,face-to-face opportunity,面对面机会,,2017-08-08
3260712,facial display,脸部表情,,2017-08-08
3260713,facilitation strategy,促进策略,,2017-08-08
3260714,facilitator role,促进者角色,,2017-08-08
3260715,facilities-based competition,设施型竞争,,2017-08-08
3260716,facilities-free competition,非设施型竞争,,2017-08-08
3260717,facility base carriers,基础电信服务业者； 第一类电信事业,,2017-08-08
3260718,facsimile,传真,,2017-08-08
3260719,fact sheet,背景说明资料；基本资料,,2017-08-08
3260720,fact-based thinking,事实根据思维,,2017-08-08
3260721,facticity,事实性,,2017-08-08
3260722,factor coefficient,因素系数,,2017-08-08
3260723,factor score,因素值,,2017-08-08
3260724,factor variance,因素变异量,,2017-08-08
3260725,factor-analysis model,因素分析模式,,2017-08-08
3260726,factoria development,分段显影,,2017-08-08
3260727,factorial axis,因素轴,,2017-08-08
3260728,factorial development,系数显影,,2017-08-08
3260729,factual journalism,据实性报导；写实报导,,2017-08-08
3260730,fade in,淡入,,2017-08-08
3260731,fade margin,衰减边限,,2017-08-08
3260732,fade out,淡出,,2017-08-08
3260733,fadeometer,褪色计；褪色剂,,2017-08-08
3260734,fader,图像淡变器；音量控制器,,2017-08-08
3260735,fair comment,公正评论,,2017-08-08
3260736,fair comment and criticism,公正评论和批评,,2017-08-08
3260737,fair dealing,公平交易,,2017-08-08
3260738,Fair Trade Act,公平交易法,,2017-08-08
3260739,fair use,合理使用,,2017-08-08
3260740,FAIR {=Fairness and Accuracy in Reporting},{美国}公平与正确报导组织,,2017-08-08
3260741,Fairness and Accuracy in Reporting {=FAIR},{美国}公平与正确报导组织,,2017-08-08
3260742,Fairness Committee,{英国}公平报导委员会,,2017-08-08
3260743,fairness doctrine,公平原则,,2017-08-08
3260744,Fairness Doctrine,{法案}公平原则,,2017-08-08
3260745,fairness doctrine,公平原则,,2017-08-08
3260746,fake color,假冒色,,2017-08-08
3260747,fallacy,谬误,,2017-08-08
3260748,fallibilism,错误难免,,2017-08-08
3260749,fallible score,不可避免错误的数值,,2017-08-08
3260750,falloff,{灯光}明暗衰落,,2017-08-08
3260751,false analogy,错误类推,,2017-08-08
3260752,false color film,伪色彩胶片,,2017-08-08
3260753,false consciousness,虚假意识,,2017-08-08
3260754,false consensus,虚假共识；错误共识,,2017-08-08
3260755,false indication of certification,不实认证标志,,2017-08-08
3260756,false negative,伪阴性[反应]；消极的错误,,2017-08-08
3260757,false positive,伪阳性[反应]；积极的错误,,2017-08-08
3260758,false statement,不实陈述,,2017-08-08
3260759,false trade description,不实商品说明,,2017-08-08
3260760,falsification,证误,,2017-08-08
3260761,familia aggregation,家庭聚集,,2017-08-08
3260762,familiarity,熟悉,,2017-08-08
3260763,family brand,家族品牌,,2017-08-08
3260764,family channels,频道家族,,2017-08-08
3260765,family communication,家庭沟通,,2017-08-08
3260766,family planning,家庭计划,,2017-08-08
3260767,family value,家庭价值,,2017-08-08
3260768,family violence,家庭暴力,,2017-08-08
3260769,family-based association test {=FBAT},家族关联检定,,2017-08-08
3260770,family-level health problem,家庭层次的健康问题,,2017-08-08
3260771,Famous Players,{美国}明星电影公司,,2017-08-08
3260772,fandom,迷现象,,2017-08-08
3260773,fantasy film,幻想片,,2017-08-08
3260774,far-out comparison,远端比较,,2017-08-08
3260775,Faraday effect,法拉第效应,,2017-08-08
3260776,farm advertising,农业广告,,2017-08-08
3260777,farm publication,农业出版品,,2017-08-08
3260778,Farmer’s reducer,Farmer还原剂,,2017-08-08
3260779,fascism,法西斯主义,,2017-08-08
3260780,fashion journalism,时尚新闻学,,2017-08-08
3260781,fashion photography,时装摄影,,2017-08-08
3260782,fast falloff,{灯光}快速衰落,,2017-08-08
3260783,fast lens,强光透镜；快速镜头,,2017-08-08
3260784,fast motion,快动作,,2017-08-08
3260785,fast panning,快速摇摄,,2017-08-08
3260786,fast-drying ink,快干墨,,2017-08-08
3260787,fatal incident,致命事件,,2017-08-08
3260788,fatalist,宿命论者,,2017-08-08
3260789,fatality,[疾病等]致命,,2017-08-08
3260790,fatality ratio,致死率,,2017-08-08
3260791,fatty liver disease {=FLD},脂肪肝,,2017-08-08
3260792,favicon {=favorite icon},我的最爱小图示；网址前小图示,,2017-08-08
3260793,favorite icon {=favicon},我的最爱小图示；网址前小图示,,2017-08-08
3260794,fax,传真,,2017-08-08
3260795,faxed photo,传真照片,,2017-08-08
3260796,FBAT {=family-based association test},家族关联检定,,2017-08-08
3260797,FCA {=Fundamental Communication Act},传播基本法,,2017-08-08
3260798,FCC {=Federal Communications Commission},{美国}联邦传播委员会；联邦通讯传播委员会,,2017-08-08
3260799,FD {=floor director},现场指导　,,2017-08-08
3260800,FDA {=Food and Drug Administration},{美国}食品暨药物管理局,,2017-08-08
3260801,FDDI {=fiber distributed data interface},光纤分布式资讯介面,,2017-08-08
3260802,FDM {=frequency division multiplexing},分频多工技术,,2017-08-08
3260803,FDMA {=Frequency Division Multiple Acess System},频率区隔多频道接取系统,,2017-08-08
3260804,FDMA {=frequency division multiplexing access},分频多工位址,,2017-08-08
3260805,fear appeal,恐惧诉求,,2017-08-08
3260806,fear control process,恐惧控制过程,,2017-08-08
3260807,fear-as-acquired drive model,恐惧产生的驱动模式,,2017-08-08
3260808,feasibility,可行性；可能性；获利性,,2017-08-08
3260809,feathering,羽化,,2017-08-08
3260810,feature article,产品属性文献,,2017-08-08
3260811,feature film,剧情片,,2017-08-08
3260812,feature story,特写；重点采访,,2017-08-08
3260813,feature syndicates,联合专栏供稿系统,,2017-08-08
3260814,featured news,重点采访,,2017-08-08
3260815,features,特写版；特写,,2017-08-08
3260816,FEC {=Federal Election Commission},联邦选举委员会,,2017-08-08
3260817,FEC {=forward error correction},前导错误校正,,2017-08-08
3260818,FECA {=Federal Election Campaign Act},联邦竞选法,,2017-08-08
3260819,federal campaign,联邦竞选；联邦宣传,,2017-08-08
3260820,Federal Communication Act,联邦通信法,,2017-08-08
3260821,Federal Communication Court,{奥地利}联邦传播法庭,,2017-08-08
3260822,Federal Communications Commission {=FCC},{美国}联邦传播委员会；联邦通讯传播委员会,,2017-08-08
3260823,Federal Election Campaign Act {=FECA},联邦竞选法,,2017-08-08
3260824,Federal Election Commission,{美国}联邦选举委员会,,2017-08-08
3260825,Federal Election Commission {=FEC},联邦选举委员会,,2017-08-08
3260826,Federal Information Processing Standard {=FIPS},{美国}联邦资讯处理标准,,2017-08-08
3260827,Federal Interagency Media Committee,{美国}联邦跨部会媒体委员会,,2017-08-08
3260828,Federal Internet Exchange {=FIX},{美国}联邦政府网际网路交换点,,2017-08-08
3260829,federal law,联邦法,,2017-08-08
3260830,Federal Radio Act 1927,{美国}1927年广播法,,2017-08-08
3260831,Federal Radio Commission,{美国}联邦广播委员会,,2017-08-08
3260832,Federal Radio Commission {=FRC},美国联邦广播委员会,,2017-08-08
3260833,Federal Register,{美国}联邦公报,,2017-08-08
3260834,Federal Trade Commission {=FTC},{美国}联邦商业委员会,,2017-08-08
3260835,Federal Trademark Dilution Act of 1995,{美国}1995年联邦商标淡化法,,2017-08-08
3260836,Federal Wireless Ship Act 1910,{美国}1910年船舶无线法,,2017-08-08
3260837,federalism,联邦主义,,2017-08-08
3260838,Federation of African Film Makers,非洲电影制片人同盟,,2017-08-08
3260839,fee model,收费模式,,2017-08-08
3260840,fee-commission combination,月费佣金合并,,2017-08-08
3260841,fee-commission method,月费佣金计费法,,2017-08-08
3260842,feed forward,前馈,,2017-08-08
3260843,feed horn,馈源喇叭,,2017-08-08
3260844,feed reel,供片盘,,2017-08-08
3260845,feed spool,供片盘,,2017-08-08
3260846,feedback,回馈,,2017-08-08
3260847,feedback system,回馈系统,,2017-08-08
3260848,feeder,{卫星}馈电器,,2017-08-08
3260849,feeder cable,{有线电视}供电电缆,,2017-08-08
3260850,feeder cable network,{有线电视}供电电缆网路,,2017-08-08
3260851,feeder line,{有线电视}家户馈线　,,2017-08-08
3260852,feedhorn,{卫星}单极偏焦馈源,,2017-08-08
3260853,female other,女性他者,,2017-08-08
3260854,femininity,女性特质；阴性特质,,2017-08-08
3260855,feminism,女性主义,,2017-08-08
3260856,feminism movie theory,女性主义电影理论,,2017-08-08
3260857,feminist,女性主义者,,2017-08-08
3260858,feminist conversation analysis,女性主义对话分析,,2017-08-08
3260859,feminist critical discourse analysis,女性主义批判论述分析；女性主义批判话语分析；女性主义批判言说分析,,2017-08-08
3260860,feminist narratology,女性主义叙事学,,2017-08-08
3260861,feminist standpoint theory,女性主义立场理论,,2017-08-08
3260862,feminist standpoint theory {=FST},女性主义观点论,,2017-08-08
3260863,feminization,女性化；阴柔化,,2017-08-08
3260864,femme fatale,蛇蝎美人,,2017-08-08
3260865,ferric salt reducer,铁盐减薄液,,2017-08-08
3260866,ferroelectric crystal,铁电晶体,,2017-08-08
3260867,ferrotype,铁板照相法；光面照相,,2017-08-08
3260868,fertility level,生育水准,,2017-08-08
3260869,Festival of Sports Film,运动影片展,,2017-08-08
3260870,fetal mortality ratio,胎儿死亡率,,2017-08-08
3260871,fetish,拜物；物化,,2017-08-08
3260872,fetishism,物化主义；拜物主义,,2017-08-08
3260873,fetishistic language,物化语言,,2017-08-08
3260874,fetishization process,物化过程,,2017-08-08
3260875,FG {=focus group},焦点团体,,2017-08-08
3260876,FGD {=focus group discussion},焦点团体讨论,,2017-08-08
3260877,FGI {=focus group interviewing},焦点团体访谈,,2017-08-08
3260878,fiber,光纤,,2017-08-08
3260879,fiber distributed data interface {=FDDI},光纤分布式资讯介面,,2017-08-08
3260880,fiber optic cable,光纤电缆,,2017-08-08
3260881,fiber to home {=FTH},光纤到户,,2017-08-08
3260882,fiber to the building {=FTTB},光纤到大楼,,2017-08-08
3260883,fiber to the curb {=FTTC},光纤到近邻,,2017-08-08
3260884,fiber to the home {=FTTH},光纤到府,,2017-08-08
3260885,fiber to the radio port {=FTTRP},光纤到无线电端口,,2017-08-08
3260886,fiber-in-the-loop {=FITL},光纤用户回路,,2017-08-08
3260887,FICORA {=Finnish Communications Regulatory Authority},芬兰通讯传播管理局,,2017-08-08
3260888,fictionality,虚构性,,2017-08-08
3260889,fictionalization,虚构,,2017-08-08
3260890,fiducial mark,框标,,2017-08-08
3260891,fiducial slide,基准定位片,,2017-08-08
3260892,field,田野；场域；{扫描线}图场,,2017-08-08
3260893,field camera,外景摄影机,,2017-08-08
3260894,field curvature,图场扭曲,,2017-08-08
3260895,field dynamics,田野动力学,,2017-08-08
3260896,field effect,电场效应,,2017-08-08
3260897,field effect transistor,场效电晶体,,2017-08-08
3260898,field flattener,图场矫正片,,2017-08-08
3260899,field guide,画面框,,2017-08-08
3260900,field lighting,现场光,,2017-08-08
3260901,field log,外景场记表,,2017-08-08
3260902,field method,田野法,,2017-08-08
3260903,field monitoring,实地监看,,2017-08-08
3260904,field note,田野札记；田野笔记,,2017-08-08
3260905,field observation,实地观察,,2017-08-08
3260906,field of view,视角,,2017-08-08
3260907,field operation,室外操作,,2017-08-08
3260908,field performance,图场测试,,2017-08-08
3260909,field producer,外景制作人,,2017-08-08
3260910,field research,田野研究；田野调查,,2017-08-08
3260911,field size,画面框,,2017-08-08
3260912,field study,田野研究；田野调查,,2017-08-08
3260913,field survey,实地访查,,2017-08-08
3260914,field testing,实地试验,,2017-08-08
3260915,FIF {=fractal image format},不规则影像格式,,2017-08-08
3260916,fight words doctrine,挑衅性言论原则,,2017-08-08
3260917,filament,灯丝,,2017-08-08
3260918,file,发送消息；发稿,,2017-08-08
3260919,File eXchange Protocol {=FXP},档案交换协定,,2017-08-08
3260920,file extension,副档名,,2017-08-08
3260921,file transfer access and management {=FTAM},档案传输与管理　,,2017-08-08
3260922,file transfer protocol {=FTP},档案传输协定,,2017-08-08
3260923,file transfer protocol {=FTP} server,档案传输协定伺服器,,2017-08-08
3260924,filibuster,阻扰议事,,2017-08-08
3260925,fill light,补光；补光灯,,2017-08-08
3260926,fill-in light,辅助光；副光,,2017-08-08
3260927,filler,补白；短片,,2017-08-08
3260928,film,胶卷；电影,,2017-08-08
3260929,film analyser,胶片判读仪；胶片分析仪,,2017-08-08
3260930,film base,片基,,2017-08-08
3260931,film can,片盒,,2017-08-08
3260932,film cement,接片粘合剂,,2017-08-08
3260933,film censorship,电检制度,,2017-08-08
3260934,film chain,影片转换机,,2017-08-08
3260935,film festival,影展,,2017-08-08
3260936,film gate,片门,,2017-08-08
3260937,film holder,片盒,,2017-08-08
3260938,film identification code,影片识别码,,2017-08-08
3260939,film jacket,片夹,,2017-08-08
3260940,film library,电影图书馆,,2017-08-08
3260941,film loader,装片器,,2017-08-08
3260942,film magazine,片盒,,2017-08-08
3260943,film noir,黑色电影,,2017-08-08
3260944,film perforation,片孔,,2017-08-08
3260945,film resistance,表面电阻；薄膜电阻,,2017-08-08
3260946,film scanner,影片扫描器,,2017-08-08
3260947,film speed,底片感光度,,2017-08-08
3260948,film stock,底片,,2017-08-08
3260949,film strip,胶卷,,2017-08-08
3260950,film take up chamber,上片夹,,2017-08-08
3260951,film theory,电影理论,,2017-08-08
3260952,film unsharpness,影片模糊度,,2017-08-08
3260953,film wiper,胶片刮水器,,2017-08-08
3260954,film-style shooting,电影式单机拍摄,,2017-08-08
3260955,filmic,具电影感的,,2017-08-08
3260956,filmmaker,电影工作者,,2017-08-08
3260957,filmography,电影作品年表,,2017-08-08
3260958,filmology,电影学,,2017-08-08
3260959,filmpack,胶片包,,2017-08-08
3260960,filter,滤色镜；滤色片,,2017-08-08
3260961,filter effect,滤镜效果,,2017-08-08
3260962,filter factor,滤镜系数,,2017-08-08
3260963,filter holder,滤镜座,,2017-08-08
3260964,filter layer,滤色片层,,2017-08-08
3260965,filter turrets,滤镜圆盘,,2017-08-08
3260966,filter wheel,滤色片环,,2017-08-08
3260967,filtering theory,过滤理论,,2017-08-08
3260968,final cut,{剪辑}最终版；定剪,,2017-08-08
3260969,final link rule,最后连结规范,,2017-08-08
3260970,final mile,{有线电视}最后哩程,,2017-08-08
3260971,financial and investor relations,财务与投资人关系,,2017-08-08
3260972,find-something-similar method,比拟法,,2017-08-08
3260973,fine cut,细剪,,2017-08-08
3260974,fine grain,微粒,,2017-08-08
3260975,fine grain developer,幼微粒显影液,,2017-08-08
3260976,fine grain development,幼微粒显影,,2017-08-08
3260977,fine grain emulsion,幼微粒乳剂,,2017-08-08
3260978,fine structure,精细结构,,2017-08-08
3260979,fine-grain film,微粒底片,,2017-08-08
3260980,finger-print photography,指纹摄影,,2017-08-08
3260981,Finnish Communications Regulatory Authority {=FICORA},芬兰通讯传播管理局,,2017-08-08
3260982,FIPS {=Federal Information Processing Standard},{美国}联邦资讯处理标准,,2017-08-08
3260983,fire effect,火焰特效,,2017-08-08
3260984,fireside chats,炉边谈话,,2017-08-08
3260985,First Amendment,{美国宪法}第一修正案,,2017-08-08
3260986,First Amendment model,第一修正案模式,,2017-08-08
3260987,first edition,初版,,2017-08-08
3260988,First National,{美国}第一国家电影公司,,2017-08-08
3260989,first print,首刷；一刷,,2017-08-08
3260990,first run,首映；首播；首轮,,2017-08-08
3260991,first sale doctrine,第一次销售原则,,2017-08-08
3260992,first side-lobe amplitude,第一旁波振辐,,2017-08-08
3260993,first trail print,第一次试印拷贝,,2017-08-08
3260994,first-level effect,初阶效果,,2017-08-08
3260995,first-mover advantage,先占优势,,2017-08-08
3260996,first-run show,首播节目；新播节目,,2017-08-08
3260997,first-run syndication,首播节目,,2017-08-08
3260998,first-wave feminism,第一波女性主义,,2017-08-08
3260999,FISA {=Foreign Intelligence Surveillance Act},{美国}外国情报监控法,,2017-08-08
3261000,fish pole,麦克风钓杆,,2017-08-08
3261001,fish-eye lens,鱼眼镜头,,2017-08-08
3261002,Fisher's exact probability test,Fisher正确机率检定,,2017-08-08
3261003,Fisher's exact test,Fisher正确[概率]检定,,2017-08-08
3261004,Fisher's four-phase model,Fisher四阶段模式,,2017-08-08
3261005,fishpole microphone,钓杆式麦克风,,2017-08-08
3261006,FITL {=fiber-in-the-loop},光纤用户回路,,2017-08-08
3261007,fitting response,合适的回应,,2017-08-08
3261008,"five ""W's"" of news",新闻五要素,,2017-08-08
3261009,FIX {=Federal Internet Exchange},{美国}联邦政府网际网路交换点,,2017-08-08
3261010,fixation,定影,,2017-08-08
3261011,fixed camera,固定摄影机,,2017-08-08
3261012,fixed cost,固定成本,,2017-08-08
3261013,fixed focus camera,定焦照相机,,2017-08-08
3261014,fixed focus enlarger,定焦放大机,,2017-08-08
3261015,fixed mask,定位框,,2017-08-08
3261016,fixed network,固定网路；固网,,2017-08-08
3261017,fixed placement,定点置入[广告],,2017-08-08
3261018,fixed rate,不二价,,2017-08-08
3261019,fixed satellite service {=FSS},固定卫星服务,,2017-08-08
3261020,fixed shot,固定镜头,,2017-08-08
3261021,fixed telecommunication network service {=FTNS},固定通信网路服务；固网,,2017-08-08
3261022,fixed termination rate,{英国}固网批发价格,,2017-08-08
3261023,fixed-effect model,固定效果模式,,2017-08-08
3261024,fixed-focus lens,定焦镜头,,2017-08-08
3261025,fixed-focus mark,定焦标记,,2017-08-08
3261026,fixer,定影液,,2017-08-08
3261027,fixing,定影过程,,2017-08-08
3261028,fixing agent,定影剂,,2017-08-08
3261029,fixing aids,定影辅助剂,,2017-08-08
3261030,fixing bath {=Hypo},定影液；海波,,2017-08-08
3261031,fixing mark,固定标记,,2017-08-08
3261032,fixing speed,定影速度,,2017-08-08
3261033,fixing stain,定影染色,,2017-08-08
3261034,flack,推销员,,2017-08-08
3261035,flag,报头；{灯光}遮光叶片,,2017-08-08
3261036,flange,镜头接环,,2017-08-08
3261037,flange back,后焦环,,2017-08-08
3261038,flange focal distance,后焦距,,2017-08-08
3261039,flange focus,后焦焦点,,2017-08-08
3261040,flanking strategy,侧翼攻击策略,,2017-08-08
3261041,flare,光斑,,2017-08-08
3261042,flare factor,流光因数,,2017-08-08
3261043,flash bulb,闪光灯泡,,2017-08-08
3261044,flash cube,闪光灯,,2017-08-08
3261045,flash duration,闪光时间,,2017-08-08
3261046,flash exposure,闪光曝光,,2017-08-08
3261047,flash exposure guide number,闪光曝光指数,,2017-08-08
3261048,flash exposure type,闪光曝光类型,,2017-08-08
3261049,flash gun,闪光枪,,2017-08-08
3261050,flash light source,闪光源,,2017-08-08
3261051,flash meter,闪光曝光表,,2017-08-08
3261052,flash pan,快速平摇,,2017-08-08
3261053,flash powder,闪光粉,,2017-08-08
3261054,flash range,闪光范围,,2017-08-08
3261055,flash strobe,频闪闪光,,2017-08-08
3261056,flash synchronization,同步闪光,,2017-08-08
3261057,flash test bulb,闪光测试灯泡,,2017-08-08
3261058,flash tester,闪光测试仪,,2017-08-08
3261059,flash tube,闪光灯管,,2017-08-08
3261060,flash-back,倒叙,,2017-08-08
3261061,flash-forward,前叙,,2017-08-08
3261062,flash-news,大新闻,,2017-08-08
3261063,flashing,闪光；闪光增感,,2017-08-08
3261064,flashmatic,自动闪光；连动闪光,,2017-08-08
3261065,flat,过网胶片,,2017-08-08
3261066,flat lighting,泛光打法,,2017-08-08
3261067,flat negative,平调底片；软调底片,,2017-08-08
3261068,flat pricing,平价策略,,2017-08-08
3261069,flat rate,均一价,,2017-08-08
3261070,flat response,{音响}平坦效应,,2017-08-08
3261071,flat screen,平面萤幕,,2017-08-08
3261072,flat-panel display,平面显示器,,2017-08-08
3261073,flattening reducer,软调减薄液,,2017-08-08
3261074,FLD {=fatty liver disease},脂肪肝,,2017-08-08
3261075,Fleet Street,{英国}舰队街,,2017-08-08
3261076,flexible service,变通服务,,2017-08-08
3261077,flexo printing,柔版印刷,,2017-08-08
3261078,flexographic printing,柔版印刷,,2017-08-08
3261079,flexography,柔版印刷术,,2017-08-08
3261080,flicker,闪烁灯,,2017-08-08
3261081,flint glass,铅玻璃,,2017-08-08
3261082,flip book,翻页书,,2017-08-08
3261083,flip flop,翻转；选台,,2017-08-08
3261084,flip-flop ads,跷跷板广告,,2017-08-08
3261085,flip-flop switching,开关切换,,2017-08-08
3261086,floating element,浮动镜片,,2017-08-08
3261087,floating system,浮动对焦系统,,2017-08-08
3261088,floating voter,游离选民；浮动选民,,2017-08-08
3261089,flood light,泛光灯,,2017-08-08
3261090,floor director {=FD},现场指导　,,2017-08-08
3261091,floor effect,地板效应,,2017-08-08
3261092,floor man,现场作业人员　,,2017-08-08
3261093,floor manager,现场管理,,2017-08-08
3261094,floor person,现场作业人员　,,2017-08-08
3261095,floor plan,场景图,,2017-08-08
3261096,floor plan pattern,场景模式,,2017-08-08
3261097,floor stand,落地脚架,,2017-08-08
3261098,floor treatment,场景处理,,2017-08-08
3261099,flow,{网路}沉浸；心流；流动；流,,2017-08-08
3261100,flow camera,平移式相机,,2017-08-08
3261101,flow control,流量控制,,2017-08-08
3261102,flow focus,流动聚焦,,2017-08-08
3261103,flow of news,新闻流通,,2017-08-08
3261104,flow plan,流程计划,,2017-08-08
3261105,flow-of-life film,生活化影片,,2017-08-08
3261106,flu,流感；流行性感冒,,2017-08-08
3261107,flu vaccine,流感疫苗,,2017-08-08
3261108,fluorescence,萤光,,2017-08-08
3261109,fluorescence photography,萤光摄影,,2017-08-08
3261110,fluorescent intensifying screen,萤光增感屏,,2017-08-08
3261111,fluorescent lamp,萤光灯,,2017-08-08
3261112,fluorescent light,萤光灯,,2017-08-08
3261113,fluorescent screen,萤光板；萤光幕,,2017-08-08
3261114,fluorography,萤光摄影,,2017-08-08
3261115,flux density,辐射流密度,,2017-08-08
3261116,fly off showroom floors,销售一空,,2017-08-08
3261117,FM {=frequency modulation},调频；调频广播,,2017-08-08
3261118,focal length,焦距；焦深,,2017-08-08
3261119,focal plane,聚焦平面；聚焦板,,2017-08-08
3261120,focal plane shutter,焦点平面快门,,2017-08-08
3261121,focal point,焦点,,2017-08-08
3261122,focalization,聚焦,,2017-08-08
3261123,focalized object,聚焦对象,,2017-08-08
3261124,focus,聚焦,,2017-08-08
3261125,focus and zoom motor,聚焦与促镜马达,,2017-08-08
3261126,focus control,聚焦控制,,2017-08-08
3261127,focus extension,对焦延伸,,2017-08-08
3261128,focus group discussion,焦点团体讨论,,2017-08-08
3261129,focus group discussion {=FGD},焦点团体讨论,,2017-08-08
3261130,focus group interview,焦点团体访谈,,2017-08-08
3261131,focus group interview {=FGI},焦点团体访谈,,2017-08-08
3261132,focus group study,焦点团体研究,,2017-08-08
3261133,focus group {=FG},焦点团体,,2017-08-08
3261134,focus point,聚焦点,,2017-08-08
3261135,focus prediction,焦点预测,,2017-08-08
3261136,focus puller,调焦员,,2017-08-08
3261137,focus ring,聚焦环,,2017-08-08
3261138,focus strategy,焦点策略,,2017-08-08
3261139,focus tracking,跟焦,,2017-08-08
3261140,focused interview,焦点访谈,,2017-08-08
3261141,focusing adaptor,对焦附加器,,2017-08-08
3261142,focusing cloth,对焦遮光布,,2017-08-08
3261143,focusing hood,对焦遮光罩,,2017-08-08
3261144,focusing magnifier,对焦放大镜,,2017-08-08
3261145,focusing mount,对焦接环,,2017-08-08
3261146,focusing range,对焦范围,,2017-08-08
3261147,focusing ring,对焦环,,2017-08-08
3261148,focusing scale,对焦刻度,,2017-08-08
3261149,focusing screen,对焦屏,,2017-08-08
3261150,focusing slide,对焦定位片,,2017-08-08
3261151,focusing travel,移动对焦,,2017-08-08
3261152,fog,雾化,,2017-08-08
3261153,fog effect,雾化效果,,2017-08-08
3261154,fog filter,雾镜,,2017-08-08
3261155,fog restrainer,灰雾抑制剂,,2017-08-08
3261156,foldback,返送监听,,2017-08-08
3261157,foley,动作音效,,2017-08-08
3261158,foley stage,{录音间}动作舞台,,2017-08-08
3261159,foleyt {=sound effect},音效,,2017-08-08
3261160,folio,对开本,,2017-08-08
3261161,folk healing,民俗医疗,,2017-08-08
3261162,folk medicine,民俗医学,,2017-08-08
3261163,folk remedy,民俗疗法,,2017-08-08
3261164,follow,后续报导,,2017-08-08
3261165,follow focus,跟焦,,2017-08-08
3261166,follow panning,水平跟拍,,2017-08-08
3261167,follow shot,跟镜；追踪摄影,,2017-08-08
3261168,follow up questionnaire,追踪问卷,,2017-08-08
3261169,follow-up,追踪,,2017-08-08
3261170,follow-up {=folo},追踪报导,,2017-08-08
3261171,folo {=follow-up},追踪报导,,2017-08-08
3261172,font,字型,,2017-08-08
3261173,food additive,食品添加物,,2017-08-08
3261174,food advertising,食品广告,,2017-08-08
3261175,Food and Drug Administration {=FDA},{美国}食品暨药物管理局,,2017-08-08
3261176,food bargain,食品交易,,2017-08-08
3261177,food chain,食物链,,2017-08-08
3261178,food irradiation,食品辐照,,2017-08-08
3261179,food labelling,食品标签,,2017-08-08
3261180,food poisoning,食物中毒,,2017-08-08
3261181,food policy,食品政策,,2017-08-08
3261182,food processing,食品加工处理,,2017-08-08
3261183,food risk,食品风险,,2017-08-08
3261184,food safety,食品安全,,2017-08-08
3261185,foodborne disease,饮食疾病,,2017-08-08
3261186,foot light,脚灯；底光,,2017-08-08
3261187,foot print,{卫星讯号}涵盖区；卫星足迹,,2017-08-08
3261188,foot-and-mouth disease,口蹄疫,,2017-08-08
3261189,foot-candle {=fc},呎烛光,,2017-08-08
3261190,foot-lambert,朗伯呎,,2017-08-08
3261191,footage,资料带；库存影片,,2017-08-08
3261192,footage counter,计呎数,,2017-08-08
3261193,footage number,底片号码；片边号码,,2017-08-08
3261194,forbear,节制,,2017-08-08
3261195,forbearance,节制权力之行使,,2017-08-08
3261196,forbidden band,禁制带,,2017-08-08
3261197,force majeure,不可抗力,,2017-08-08
3261198,force-process,强制显影,,2017-08-08
3261199,forced development,强制显影,,2017-08-08
3261200,forced listening,强迫收听,,2017-08-08
3261201,forcing,强迫,,2017-08-08
3261202,Fordism,福特主义,,2017-08-08
3261203,foregin news,国际新闻,,2017-08-08
3261204,foreground,前景,,2017-08-08
3261205,foregrounding,前景；前台,,2017-08-08
3261206,foreigh news desk,国外新闻部,,2017-08-08
3261207,foreign correspondent,特派员；特派记者；驻外记者,,2017-08-08
3261208,Foreign Intelligence Surveillance Act {=FISA},{美国}外国情报监控法,,2017-08-08
3261209,foreign investment,外资　,,2017-08-08
3261210,foreign journalist,外国记者,,2017-08-08
3261211,foreign judgement,外来判决,,2017-08-08
3261212,foreign media,外国媒体,,2017-08-08
3261213,foreign ownership,外籍所有权,,2017-08-08
3261214,foreign policy,外交政策,,2017-08-08
3261215,foreign version,外国版,,2017-08-08
3261216,forensic photography,法医摄影学,,2017-08-08
3261217,forfeiture,没收；充公,,2017-08-08
3261218,forgery,伪造品,,2017-08-08
3261219,form as content,形式即内容；做为内容的形式,,2017-08-08
3261220,formal balance,对称画面,,2017-08-08
3261221,formal channel of communication,正式的沟通管道,,2017-08-08
3261222,formal criticism,形式批评,,2017-08-08
3261223,formal research,正式研究,,2017-08-08
3261224,formaldehyde,甲醛,,2017-08-08
3261225,formalin hardener,甲醛坚膜液；福马林坚膜液,,2017-08-08
3261226,formalism,形式主义,,2017-08-08
3261227,formalist,形式主义者,,2017-08-08
3261228,formalist-structuralism,形式结构主义,,2017-08-08
3261229,format,格式；格式化；类型；类型化,,2017-08-08
3261230,formative evaluation,形成性评估；初始评估,,2017-08-08
3261231,formative photography,造型摄影,,2017-08-08
3261232,formative research,形成性研究,,2017-08-08
3261233,forming stage,形成阶段,,2017-08-08
3261234,formula film,公式化电影,,2017-08-08
3261235,fortnightly,双周刊,,2017-08-08
3261236,Fortune,{美国}财星杂志,,2017-08-08
3261237,forum,论坛,,2017-08-08
3261238,forum analysis,论坛分析,,2017-08-08
3261239,forward buying,视折扣时机订货,,2017-08-08
3261240,forward error correction {=FEC},前导错误校正,,2017-08-08
3261241,forward feed,前馈,,2017-08-08
3261242,forward focal point,前聚焦点,,2017-08-08
3261243,forward lock,转发锁定,,2017-08-08
3261244,forward-looking methodology,前瞻性的方法论,,2017-08-08
3261245,foundation light,基本光,,2017-08-08
3261246,foundation makeup,底妆,,2017-08-08
3261247,foundational narrative,基础叙事,,2017-08-08
3261248,foundationalism,基础论,,2017-08-08
3261249,"four Ps {=product, price, place & promotion}",行销四P,,2017-08-08
3261250,four theories of the press,报业四种理论,,2017-08-08
3261251,four-color process,四色印刷程序,,2017-08-08
3261252,fourth estate,第四阶级；第四权,,2017-08-08
3261253,Fox Children's Network,{美国}福斯儿童网,,2017-08-08
3261254,Fox Film Corporation,福斯电影公司,,2017-08-08
3261255,Fox News,{美国}福斯新闻,,2017-08-08
3261256,FPLMTS {=future public land mobile telecommunication system},未来公用地域行动电信系统,,2017-08-08
3261257,FPS {=frames per second},每秒播放格数,,2017-08-08
3261258,FPTV {=full power television},全功率电视台,,2017-08-08
3261259,FQDN {=fully qualified domain name},完整网域名称,,2017-08-08
3261260,fractal image format {=FIF},不规则影像格式,,2017-08-08
3261261,fractional T1 data service unit {=FT1DSU},T1线缆数据服务器,,2017-08-08
3261262,fracture,骨折,,2017-08-08
3261263,fractured identity,碎裂认同；碎裂身份,,2017-08-08
3261264,fragmentation,零碎；断裂,,2017-08-08
3261265,fragrance strip,杂志夹页香水样本,,2017-08-08
3261266,frame,架构；框架；画面；画格；景框,,2017-08-08
3261267,frame analysis,框架分析,,2017-08-08
3261268,frame buffer,视框缓冲器,,2017-08-08
3261269,frame counter,片格计数器；画幅计数器,,2017-08-08
3261270,frame linking,视框连结,,2017-08-08
3261271,frame number,片幅序号,,2017-08-08
3261272,frame of reference,参考架构；参考框架,,2017-08-08
3261273,frame rate,画面速率；画面更新率,,2017-08-08
3261274,frame relay,视框传送,,2017-08-08
3261275,frame-by-frame,逐格,,2017-08-08
3261276,frame-in,入镜,,2017-08-08
3261277,frame-out,出镜,,2017-08-08
3261278,frames per second {=FPS},秒格数,,2017-08-08
3261279,framestore synchronizer,动态会聚同步器,,2017-08-08
3261280,framework directive,{欧盟}架构指令,,2017-08-08
3261281,framing,框架作用；取景,,2017-08-08
3261282,framing effect,框架作用；框架效果,,2017-08-08
3261283,framing error,取景偏差,,2017-08-08
3261284,framing method,框架方法,,2017-08-08
3261285,framing shot,框架构图,,2017-08-08
3261286,framing theory,框架理论,,2017-08-08
3261287,franchise,特许；特许加盟,,2017-08-08
3261288,franchise agreement,特许协议,,2017-08-08
3261289,franchise fee,特许费用,,2017-08-08
3261290,franchise renewal,换照,,2017-08-08
3261291,franchised program,独家授权节目,,2017-08-08
3261292,franchising practice,特许经销,,2017-08-08
3261293,Frankfurt School,法兰克福学派,,2017-08-08
3261294,FRC {=Federal Radio Commission},美国联邦广播委员会,,2017-08-08
3261295,free cinema,{英国}自由电影,,2017-08-08
3261296,free code,自由程式码,,2017-08-08
3261297,free flow of information,资讯自由流通,,2017-08-08
3261298,free market,自由市场,,2017-08-08
3261299,free market of ideas,意见自由市场,,2017-08-08
3261300,free market place of ideas and opinion,意见自由市场,,2017-08-08
3261301,free marketplace of ideas,观念自由市场,,2017-08-08
3261302,free media,自由媒体；免费媒体；无偿媒体,,2017-08-08
3261303,free morpheme,独立语素,,2017-08-08
3261304,free movement of goods,货物自由流通,,2017-08-08
3261305,free movement of services,服务的自由流通,,2017-08-08
3261306,free newspaper,免费报纸,,2017-08-08
3261307,free radical,自由基,,2017-08-08
3261308,Free Software Foundation {=FSF},自由软体基金会,,2017-08-08
3261309,free speech right,言论自由权,,2017-08-08
3261310,free-distribution newspaper,免费赠阅报,,2017-08-08
3261311,free-riding,搭便车,,2017-08-08
3261312,free-standing inserts {=FSIs},随报附送折价券,,2017-08-08
3261313,free-to-air {=FTA},免费收视,,2017-08-08
3261314,freebie,免费招待；赠品,,2017-08-08
3261315,Freedom Forum,{美国}自由论坛,,2017-08-08
3261316,Freedom House,{媒体监督团体}自由之家,,2017-08-08
3261317,freedom of communication,传播自由,,2017-08-08
3261318,freedom of exchange,交换自由,,2017-08-08
3261319,freedom of express,表意自由,,2017-08-08
3261320,freedom of expression,表意自由；言论自由；表达自由,,2017-08-08
3261321,freedom of information,资讯自由,,2017-08-08
3261322,Freedom of Information Act,资讯自由法案,,2017-08-08
3261323,freedom of press,新闻自由,,2017-08-08
3261324,freedom of radio and television,广电自由,,2017-08-08
3261325,freedom of speech,言论自由,,2017-08-08
3261326,freedom of the press,新闻自由；出版自由,,2017-08-08
3261327,freelance journalist,独立记者；自由投稿记者,,2017-08-08
3261328,freelance photography,自由投稿摄影,,2017-08-08
3261329,freelance writer,自由作家；自由撰稿人,,2017-08-08
3261330,freelancer,自由撰稿人；自由执业者,,2017-08-08
3261331,freenet,免费网路,,2017-08-08
3261332,freeware,免费软体,,2017-08-08
3261333,freeze frame,定格,,2017-08-08
3261334,French New Wave,法国新浪潮电影,,2017-08-08
3261335,frequency,频率；频数,,2017-08-08
3261336,frequency agile,频率自动调变,,2017-08-08
3261337,frequency allocation,频率核配,,2017-08-08
3261338,frequency analysis,次数分析；频数分析,,2017-08-08
3261339,frequency coordinator,频率协调器,,2017-08-08
3261340,frequency deviation,频率偏差,,2017-08-08
3261341,frequency discount,次数折扣,,2017-08-08
3261342,Frequency Division Multiple Acess System {=FDMA},频率区隔多频道接取系统,,2017-08-08
3261343,frequency division multiplex,分频多工接续,,2017-08-08
3261344,frequency division multiplexing access {=FDMA},分频多工位址,,2017-08-08
3261345,frequency division multiplexing {=FDM},分频多工技术,,2017-08-08
3261346,frequency filter,频率滤波器,,2017-08-08
3261347,frequency modulation {=FM},调频；调频广播,,2017-08-08
3261348,frequency response,频率响应,,2017-08-08
3261349,frequency reuse,频率再利用,,2017-08-08
3261350,frequency shift,频率转移,,2017-08-08
3261351,frequency synthesizer,频率合成器,,2017-08-08
3261352,frequency tabulation,次数列表；频数列表,,2017-08-08
3261353,frequency-selective fading,频率选择衰落,,2017-08-08
3261354,Fresnel lens,{灯光}Fresnel镜头,,2017-08-08
3261355,Fresnel spotlight,Fresnel聚光灯,,2017-08-08
3261356,fright factor,恐惧因素,,2017-08-08
3261357,fright reaction,惊吓反应,,2017-08-08
3261358,fright response,恐惧回应,,2017-08-08
3261359,fringe effect,边际效应,,2017-08-08
3261360,fringe group,边缘团体,,2017-08-08
3261361,fringe time,边缘时段,,2017-08-08
3261362,front element focusing,{变焦镜头}前群对焦,,2017-08-08
3261363,front focal plane,前焦面板,,2017-08-08
3261364,front focal point,前聚焦点,,2017-08-08
3261365,front focus,前焦,,2017-08-08
3261366,front group,先导团体,,2017-08-08
3261367,front illumination,正面打光,,2017-08-08
3261368,front interchangeable lens,前片可互换式镜头,,2017-08-08
3261369,front lens,前组透镜,,2017-08-08
3261370,front lighting,正面打光,,2017-08-08
3261371,front page,头版；第一版,,2017-08-08
3261372,front projection,前投影,,2017-08-08
3261373,front-end,前端,,2017-08-08
3261374,frost image,雾化影像,,2017-08-08
3261375,frosted gel,凝胶,,2017-08-08
3261376,FSAA {=full scene anti-alias},全景反锯齿,,2017-08-08
3261377,FSF {=Free Software Foundation},自由软体基金会,,2017-08-08
3261378,FSIs {=free-standing inserts},随报附送折价券,,2017-08-08
3261379,FSN {=full service network},全方位服务网,,2017-08-08
3261380,FSS {=fixed satellite service},固定卫星服务,,2017-08-08
3261381,FST {=feminist standpoint theory},女性主义观点论,,2017-08-08
3261382,FT1DSU {=fractional T1 data service unit},T1线缆数据服务器,,2017-08-08
3261383,FTA {=free-to-air},免费收视,,2017-08-08
3261384,FTAM {=file transfer access and management},档案传输与管理　,,2017-08-08
3261385,FTC {=Federal Trade Commission},{美国}联邦商业委员会,,2017-08-08
3261386,FTH {=fiber to home},光纤到户,,2017-08-08
3261387,FTNS {=fixed telecommunication network service},固定通信网路服务；固网,,2017-08-08
3261388,FTP {=file transfer protocol},档案传输协定,,2017-08-08
3261389,FTP {=file transfer protocol} server,档案传输协定伺服器,,2017-08-08
3261390,FTTB {=fiber to the building},光纤到大楼,,2017-08-08
3261391,FTTC {=fiber to the curb},光纤到近邻,,2017-08-08
3261392,FTTH {=fiber to the home},光纤到府,,2017-08-08
3261393,FTTRP {=fiber to the radio port},光纤到无线电端口,,2017-08-08
3261394,full allocated cost,完全归属成本,,2017-08-08
3261395,full factorial experimental design,全因素实验设计,,2017-08-08
3261396,full member,正式会员,,2017-08-08
3261397,full motion,动态,,2017-08-08
3261398,full out,不缩排；满版,,2017-08-08
3261399,full position,最佳版面位置；醒目位置,,2017-08-08
3261400,full power television {=FPTV},全功率电视台,,2017-08-08
3261401,full radiator,全辐射器,,2017-08-08
3261402,full scene anti-alias {=FSAA},全景反锯齿,,2017-08-08
3261403,full service network {=FSN},全方位服务网,,2017-08-08
3261404,full shot,全景；全身景,,2017-08-08
3261405,full-service advertising agency,综合广告代理商,,2017-08-08
3261406,full-showing,{每部公车均出现}公车全包广告,,2017-08-08
3261407,fully qualified domain name {=FQDN},完整网域名称,,2017-08-08
3261408,fully scripted documentary,完整剧本纪录片,,2017-08-08
3261409,fully scripted show,完整剧本节目,,2017-08-08
3261410,function analysis,功能分析,,2017-08-08
3261411,function separation,功能性分离,,2017-08-08
3261412,functional descriptive material,功能性描述素材,,2017-08-08
3261413,functional disease,功能疾病,,2017-08-08
3261414,functional medicine,功能医学,,2017-08-08
3261415,functional reorganization,功能重整,,2017-08-08
3261416,functional separation,{网路}功能分离,,2017-08-08
3261417,functionalism,功能论；功能主义,,2017-08-08
3261418,functionalist approach,功能论取径,,2017-08-08
3261419,functions of fundamental rights,基本权功能,,2017-08-08
3261420,fund raising,募款,,2017-08-08
3261421,Fundamental Communication Act {=FCA},传播基本法,,2017-08-08
3261422,fundamental right in communication,传播基本权,,2017-08-08
3261423,fundamental right in telecommunication,通讯基本权,,2017-08-08
3261424,fundamental supply,基本供应,,2017-08-08
3261425,funding system,基金体系； 财务体系,,2017-08-08
3261426,fundraising event,募款活动,,2017-08-08
3261427,fundraising party,募款餐会,,2017-08-08
3261428,funnelling question,漏斗式问题,,2017-08-08
3261429,fur brush development,毛刷显影,,2017-08-08
3261430,future public land mobile telecommunication system {=FPLMTS},未来公用地域行动电信系统,,2017-08-08
3261431,futurism,未来主义,,2017-08-08
3261432,fuzzy logic,模糊逻辑,,2017-08-08
3261433,FXP {=File eXchange Protocol},档案交换协定,,2017-08-08
3261434,GA HDTV {=Grand Alliance HDTV},{美国}高画质电视联盟,,2017-08-08
3261435,gadget bag,相机袋；工具袋；置物袋,,2017-08-08
3261436,gaffer,灯光指导,,2017-08-08
3261437,gag order,禁制令,,2017-08-08
3261438,gagman,笑料编剧,,2017-08-08
3261439,gain,{光学}增益　　,,2017-08-08
3261440,gain control,{光学}增益控制,,2017-08-08
3261441,galilean finder,伽利略式取景器,,2017-08-08
3261442,gall,胆汁,,2017-08-08
3261443,gallbladder,胆囊,,2017-08-08
3261444,Gallup Index,盖洛普指数,,2017-08-08
3261445,Gallup Poll,盖洛普民调[公司],,2017-08-08
3261446,game console,游戏机,,2017-08-08
3261447,game coverage,选战新闻报导,,2017-08-08
3261448,game design,游戏设计,,2017-08-08
3261449,game play,电玩,,2017-08-08
3261450,game show,竞赛节目,,2017-08-08
3261451,game theory,赛局理论；博弈理论；游戏理论,,2017-08-08
3261452,gamma,伽玛值,,2017-08-08
3261453,gamma radiography,伽玛摄影,,2017-08-08
3261454,gamma ray,伽玛射线,,2017-08-08
3261455,gamma value,伽玛值,,2017-08-08
3261456,gangster film,警匪片,,2017-08-08
3261457,gap,缺口；差距,,2017-08-08
3261458,gap filler,{电波}补隙站；填补器,,2017-08-08
3261459,garnishment,{法律}扣押债务人财产的通知；扣押令；传票,,2017-08-08
3261460,gaslight paper,相纸；氯化银相纸,,2017-08-08
3261461,gastro camera,胃镜照相机,,2017-08-08
3261462,gastro esophageal reflux disease {=GERD},胃食道逆流症,,2017-08-08
3261463,gate,{摄影机}片门,,2017-08-08
3261464,gatefold,杂志扉页广告,,2017-08-08
3261465,gatekeeper,守门人,,2017-08-08
3261466,gatekeeping,守门,,2017-08-08
3261467,gatewatching,看门,,2017-08-08
3261468,gateway,讯号闸门,,2017-08-08
3261469,gateway drug,入门药,,2017-08-08
3261470,gateway GPRS support node {=GGSN},通用封包无线服务闸道节点,,2017-08-08
3261471,gateway theory,入门理论,,2017-08-08
3261472,GATS {=General Agreement on Trade in Service},服务贸易总协定,,2017-08-08
3261473,gauge,影片规格,,2017-08-08
3261474,gauss type lens,高斯镜头,,2017-08-08
3261475,Gaussian channel model,高斯通道模式,,2017-08-08
3261476,gauze attachment,纱罩,,2017-08-08
3261477,gay,男同志,,2017-08-08
3261478,gay and lesbian press,同志报刊,,2017-08-08
3261479,gay plague,同志瘟疫,,2017-08-08
3261480,gay-related infectious disease {=GRID},与男同性恋相关的传染病,,2017-08-08
3261481,gaze,注视；凝视,,2017-08-08
3261482,GCR {=ghost-cancellation reference},鬼影消去参考,,2017-08-08
3261483,GCSS {=group communication support system},团体沟通支援系统,,2017-08-08
3261484,GDSS {=group decision support system},团体决策支援系统,,2017-08-08
3261485,GEL {=gelatin filter},滤色片,,2017-08-08
3261486,gelatin filter {=GEL},滤色片,,2017-08-08
3261487,gelation,凝胶作用,,2017-08-08
3261488,gelation point,胶凝点,,2017-08-08
3261489,gelification,凝胶作用,,2017-08-08
3261490,gender,性别,,2017-08-08
3261491,gender bias,性别偏见,,2017-08-08
3261492,gender discourse,性别论述；性别话语；性别论域,,2017-08-08
3261493,gender identity,性别认同,,2017-08-08
3261494,gender issue,性别议题,,2017-08-08
3261495,gender neutral,性别中立,,2017-08-08
3261496,gender politics,性别政治,,2017-08-08
3261497,gender stereotype,性别刻板形象；性别刻板印象,,2017-08-08
3261498,gender switch,性别转换,,2017-08-08
3261499,gendered difference,性别差异,,2017-08-08
3261500,gendered discourse,性别话语；性别论述,,2017-08-08
3261501,gene signature,基因印记,,2017-08-08
3261502,genealogy,系谱学,,2017-08-08
3261503,general access,普遍近用,,2017-08-08
3261504,general accessibility,普遍进用；普遍近用,,2017-08-08
3261505,General Agreement on Trade in Service {=GATS},服务贸易总协定,,2017-08-08
3261506,general assignment,一般路线,,2017-08-08
3261507,general authorisation,一般授权制；一般许可制,,2017-08-08
3261508,general condition,一般条件,,2017-08-08
3261509,general consumer agency,一般消费性产品广告代理,,2017-08-08
3261510,general duty,普遍义务,,2017-08-08
3261511,general election,普选；大选,,2017-08-08
3261512,general election campaign,普选活动,,2017-08-08
3261513,general fertility rate {=GFR},一般生育率,,2017-08-08
3261514,General Intra-Community Licenses,{欧体}内部一般授权,,2017-08-08
3261515,general national license,一般国家授权,,2017-08-08
3261516,general news column,一般消息栏,,2017-08-08
3261517,general newspaper,综合性报纸,,2017-08-08
3261518,general order,一般命令,,2017-08-08
3261519,general packet radio service {=GPRS},通用封包无线服务,,2017-08-08
3261520,General Public License {=GPL},{公众}许可证；授权证,,2017-08-08
3261521,general susceptibility,一般易感受性,,2017-08-08
3261522,general weakness,全身无力,,2017-08-08
3261523,generalizability,通则性；概化；类推性；推论力,,2017-08-08
3261524,generalization,通则化；概化；类推；推论,,2017-08-08
3261525,generalized least square method,标准化最小平方法,,2017-08-08
3261526,generalized mandates,法律授予权；一般授权,,2017-08-08
3261527,generation life table,世代生命表,,2017-08-08
3261528,generation or cohort rate,世代率,,2017-08-08
3261529,generic top level domain name {=gTLD},属性型顶级网域名称,,2017-08-08
3261530,genetic determinism,基因决定论,,2017-08-08
3261531,genetic determinist,基因决定论者,,2017-08-08
3261532,genetic engineering,基因工程,,2017-08-08
3261533,genetic epidemiology,遗传流行病学,,2017-08-08
3261534,genetic factor,遗传因素,,2017-08-08
3261535,genetic health,优生保健,,2017-08-08
3261536,genetic modification,基因改造,,2017-08-08
3261537,genetic relativism,基因相对论,,2017-08-08
3261538,genetic susceptibility,遗传易感受性,,2017-08-08
3261539,genetically engineered crops,基因工程作物,,2017-08-08
3261540,genetically modified food {=GM food},基因改造食品,,2017-08-08
3261541,genlock,同步锁定,,2017-08-08
3261542,genohype,基因科技的夸张报导,,2017-08-08
3261543,genome,基因体；基因组,,2017-08-08
3261544,genome project,基因体计划,,2017-08-08
3261545,genotype,基因型,,2017-08-08
3261546,genre,类型；文类；类型电影,,2017-08-08
3261547,genuine goods,真货,,2017-08-08
3261548,GEO {=Geosynchronous Earth Orbit},{卫星}同步轨道,,2017-08-08
3261549,geodemographic segmentation,地理及人口特性区隔,,2017-08-08
3261550,geodemographic system,地理人口[统计]系统,,2017-08-08
3261551,geographic edition,地区版杂志,,2017-08-08
3261552,geographic segmentation,地理特性区隔,,2017-08-08
3261553,geographical location,地理位置,,2017-08-08
3261554,geography markup language {=GML},地理标记语言,,2017-08-08
3261555,geometric distortion,{广角镜}几何变形,,2017-08-08
3261556,geostationary orbit,同步轨道,,2017-08-08
3261557,geostationary satellite,同步卫星,,2017-08-08
3261558,Geosynchronous Earth Orbit {=GEO},{卫星}同步轨道,,2017-08-08
3261559,GERD {=gastro esophageal reflux disease},胃食道逆流症,,2017-08-08
3261560,germ theory,细菌[致病]论,,2017-08-08
3261561,German Federal Network Agency,德国联邦网路管理局,,2017-08-08
3261562,Gestalt,完形心理学,,2017-08-08
3261563,gestalt psychology,完形心理学,,2017-08-08
3261564,gestational diabetes,妊娠糖尿病,,2017-08-08
3261565,get out the vote {=GOTV},拉票,,2017-08-08
3261566,get out the vote {=GOTV} activity,拉票活动,,2017-08-08
3261567,GFR {=general fertility rate},一般生育率,,2017-08-08
3261568,GGSN {=gateway GPRS support node},通用封包无线服务闸道节点,,2017-08-08
3261569,GHG {=greenhouse gas},温室气体,,2017-08-08
3261570,ghost image,重像；鬼影,,2017-08-08
3261571,ghost site,鬼影网站；幽灵网站；不再维护的网站,,2017-08-08
3261572,ghost writer,影子作者；捉刀；代笔,,2017-08-08
3261573,ghost-cancellation reference {=GCR},鬼影消去参考,,2017-08-08
3261574,ghosting,鬼影；双重影像,,2017-08-08
3261575,ghostwriting,代写；捉刀,,2017-08-08
3261576,GHz {=Giga Hertz},吉赫,,2017-08-08
3261577,giant enlargement,巨幅放大,,2017-08-08
3261578,GICS {=government information and communication service},政府资讯通讯服务,,2017-08-08
3261579,Giga Hertz {=GHz},吉赫,,2017-08-08
3261580,gigabit point of presence {=GigaPoP},十亿位元桥接点,,2017-08-08
3261581,gigabyte,秭位元组；十亿位元组,,2017-08-08
3261582,GigaPoP {=gigabit point of presence},十亿位元桥接点,,2017-08-08
3261583,GII {=global information infrastructure},全球资讯基础建设,,2017-08-08
3261584,GILC {=Global Internet Liberty Campaign},全球网路自由化运动,,2017-08-08
3261585,Gilder's law,Gilder定律,,2017-08-08
3261586,GIN {=Government Information Network},政府资讯网路,,2017-08-08
3261587,GIO {=Government Information Office},行政院新闻局,,2017-08-08
3261588,giraffe boom microphone,小型吊杆式麦克风,,2017-08-08
3261589,GIS {=government information service},政府资讯服务,,2017-08-08
3261590,GISS {=group information support system},团体资讯支援系统,,2017-08-08
3261591,glacial acetic acid,冰醋酸,,2017-08-08
3261592,glamour photography,美感摄影,,2017-08-08
3261593,gland,腺体,,2017-08-08
3261594,glare,眩光,,2017-08-08
3261595,Glasgow University Media Group,{英国}Glasgow大学媒体研究团队,,2017-08-08
3261596,glass bead screen,珠光银幕,,2017-08-08
3261597,glass ceiling,玻璃天花板效应,,2017-08-08
3261598,glass picture,玻璃相片,,2017-08-08
3261599,glass shot,玻璃接景法,,2017-08-08
3261600,glass transition temperature,玻璃化温度,,2017-08-08
3261601,glaucoma,青光眼,,2017-08-08
3261602,glazer,上光机,,2017-08-08
3261603,glittering generality,粉饰法,,2017-08-08
3261604,global activism,全球行动主义,,2017-08-08
3261605,global advertising,全球广告,,2017-08-08
3261606,global beam,{卫星}地球波束,,2017-08-08
3261607,global budget,总额预算,,2017-08-08
3261608,global budget payment system,总额预算支付制度,,2017-08-08
3261609,global civil society,全球市民社会,,2017-08-08
3261610,global communication,全球传播,,2017-08-08
3261611,global communication dominance,全球传播宰制,,2017-08-08
3261612,global community,全球共同体,,2017-08-08
3261613,global computer network regulation,全球电脑网路规范,,2017-08-08
3261614,global conflict,全球冲突,,2017-08-08
3261615,global connectivity,全球互连[性],,2017-08-08
3261616,global cooperation,全球合作,,2017-08-08
3261617,global corporation,全球公司,,2017-08-08
3261618,global diaspora,全球离散；全球流离；全球飘浪,,2017-08-08
3261619,global health,全球健康；全球卫生,,2017-08-08
3261620,global information infrastructure {=GII},全球资讯基础建设,,2017-08-08
3261621,global information society,全球资讯社会,,2017-08-08
3261622,Global Internet Liberty Campaign {=GILC},全球网路自由化运动,,2017-08-08
3261623,global issue,全球议题,,2017-08-08
3261624,global journalism,全球新闻学；全球报导,,2017-08-08
3261625,global maritime distress and safety system {=GMDSS},全球海上遇险与安全系统,,2017-08-08
3261626,global market,全球市场,,2017-08-08
3261627,global marketing,全球行销,,2017-08-08
3261628,global media flow,全球媒介流通,,2017-08-08
3261629,global mobile personal communications system,全球个人行动通讯系统,,2017-08-08
3261630,Global Mobile Suppliers Association {=GSA},全球行动通信业者协会,,2017-08-08
3261631,global politics,全球政治,,2017-08-08
3261632,global positioning system {=GPS},全球定位系统,,2017-08-08
3261633,global public,全球公众,,2017-08-08
3261634,global public goods,全球公共财,,2017-08-08
3261635,global public sphere,全球公共领域,,2017-08-08
3261636,global relation,全球关系,,2017-08-08
3261637,global station,卫星地面站,,2017-08-08
3261638,Global System for Mobile Communication {=GSM},数位行动电话系统,,2017-08-08
3261639,Global System for Mobile Communication {=GSM} base station,数位行动电话系统基地台,,2017-08-08
3261640,global system for mobile communications {=GSM},全球行动通讯系统,,2017-08-08
3261641,global villiage,地球村,,2017-08-08
3261642,global warming,全球暖化,,2017-08-08
3261643,globalism,全球主义,,2017-08-08
3261644,globalization,全球化,,2017-08-08
3261645,Globe and Mail,{加拿大}环球邮报,,2017-08-08
3261646,glocalization,全球在地化,,2017-08-08
3261647,glog,图像式部落格,,2017-08-08
3261648,glossy,亮面,,2017-08-08
3261649,glossy paper,亮面相纸,,2017-08-08
3261650,glow-and-flow principle,声光画面论,,2017-08-08
3261651,GM food {=genetically modified food},基因改造食品,,2017-08-08
3261652,GMDSS {=global maritime distress and safety system},全球海上遇险与安全系统,,2017-08-08
3261653,GML {=geography markup language},地理标记语言,,2017-08-08
3261654,GMP {=good manufacturing practice},优良药品制造规范,,2017-08-08
3261655,GN {=guide number},闪光灯指数,,2017-08-08
3261656,goal,目标,,2017-08-08
3261657,goal compatibility,目标一致性,,2017-08-08
3261658,goal-seeking,寻求目标,,2017-08-08
3261659,goal-setting theory,目标设定理论,,2017-08-08
3261660,gobo,{灯光}图案片；遮光板,,2017-08-08
3261661,Golden Bell Awards,金钟奖,,2017-08-08
3261662,Golden Horse Awards,金马奖,,2017-08-08
3261663,Golden Horse Film Festival,金马影展,,2017-08-08
3261664,golden rule,黄金定律,,2017-08-08
3261665,gonorrhea,淋病,,2017-08-08
3261666,gonzo journalism,狂论新闻学；怪论新闻学,,2017-08-08
3261667,good manufacturing practice {=GMP},优良药品制造规范,,2017-08-08
3261668,good news comes on crutches,好事不出门,,2017-08-08
3261669,goods,货物,,2017-08-08
3261670,GOP {=Grand Old Party},{美国}共和党,,2017-08-08
3261671,Gopher,{网路}小地鼠系统,,2017-08-08
3261672,Gopherspace,{网路}小地鼠空间,,2017-08-08
3261673,gossip column,八卦专栏；杂谈专栏,,2017-08-08
3261674,gossip journalism,八卦新闻,,2017-08-08
3261675,Gosteleradio,俄罗斯国家广播电视委员会,,2017-08-08
3261676,GOTV {=get out the vote},拉票,,2017-08-08
3261677,GOTV {=get out the vote} activity,拉票活动,,2017-08-08
3261678,governance structure,治理结构,,2017-08-08
3261679,governing coalition,执政联盟,,2017-08-08
3261680,government communication network,政府通讯网络,,2017-08-08
3261681,government control,政府管制,,2017-08-08
3261682,government direction,政令,,2017-08-08
3261683,government failure,政府失灵,,2017-08-08
3261684,government information and communication service {=GICS},政府资讯通讯服务,,2017-08-08
3261685,Government Information Network {=GIN},政府资讯网路,,2017-08-08
3261686,Government Information Office {=GIO},行政院新闻局,,2017-08-08
3261687,government information service {=GIS},政府资讯服务,,2017-08-08
3261688,government intervention,政府介入,,2017-08-08
3261689,government market,政府市场,,2017-08-08
3261690,government organ,官报,,2017-08-08
3261691,government public relations,政府公关,,2017-08-08
3261692,government relation,政府关系,,2017-08-08
3261693,government relation specialist,政府关系专家,,2017-08-08
3261694,governmentality,治理性,,2017-08-08
3261695,governor,州长；统治者；管理者,,2017-08-08
3261696,GPL {=General Public License},{公众}许可证；授权证,,2017-08-08
3261697,GPRS {=general packet radio service},通用封包无线服务,,2017-08-08
3261698,GPS {=global positioning system},全球定位系统,,2017-08-08
3261699,GPSS {=group performance support system},团体表现支援系统,,2017-08-08
3261700,GPU {=graphics processing unit},图像处理器,,2017-08-08
3261701,gradation,调光层次,,2017-08-08
3261702,gradient fill,梯度填色,,2017-08-08
3261703,grading,配光；电影分级,,2017-08-08
3261704,graduated fill,渐层填色,,2017-08-08
3261705,graduated filter,渐变滤镜；渐层滤镜,,2017-08-08
3261706,grain,颗粒,,2017-08-08
3261707,graininess,颗粒；微粒,,2017-08-08
3261708,Grand Alliance HDTV {=GA HDTV},{美国}高画质电视联盟,,2017-08-08
3261709,grand jury,大陪审团,,2017-08-08
3261710,grand narrative,巨型叙事,,2017-08-08
3261711,Grand Old Party {=GOP},{美国}共和党,,2017-08-08
3261712,grand strategy,大策略,,2017-08-08
3261713,grapevine,小道消息,,2017-08-08
3261714,graphic artist,绘图师,,2017-08-08
3261715,graphic equipment,绘图设备,,2017-08-08
3261716,graphic generator,图形产生器；绘图器,,2017-08-08
3261717,graphic user world,图形使用者世界,,2017-08-08
3261718,graphical user interface {=GUI},图形使用介面,,2017-08-08
3261719,graphics accelerator,图形加速器,,2017-08-08
3261720,graphics mode,图像模式,,2017-08-08
3261721,graphics processing unit {=GPU},图像处理器,,2017-08-08
3261722,grassroot coalition,草根结盟,,2017-08-08
3261723,grassroot lobbying,草根游说,,2017-08-08
3261724,grassroot organization,草根组织,,2017-08-08
3261725,grassroots lobby,草根游说；基层游说,,2017-08-08
3261726,grassroots news service,草根新闻服务,,2017-08-08
3261727,grassroots party,草根党；基层党,,2017-08-08
3261728,grassroots press,草根报,,2017-08-08
3261729,grasstops lobby,草顶游说；高层游说,,2017-08-08
3261730,graticule,标线；网格,,2017-08-08
3261731,grave-dressing phase,{关系}告别阶段,,2017-08-08
3261732,gray card,灰阶卡,,2017-08-08
3261733,gray scale,灰阶,,2017-08-08
3261734,gray scale chart,灰阶校正图,,2017-08-08
3261735,gray scaling,灰阶,,2017-08-08
3261736,great narrative,大叙事,,2017-08-08
3261737,Great Society,{社会福利计划}大社会,,2017-08-08
3261738,green book,绿皮书,,2017-08-08
3261739,Green Book on the Security of Information Systems,{欧盟}资讯安全系统绿皮书,,2017-08-08
3261740,green horn,新手；菜鸟,,2017-08-08
3261741,green party,绿党,,2017-08-08
3261742,greenfield,绿地；待开发区,,2017-08-08
3261743,greenhouse effect,温室效应,,2017-08-08
3261744,greenhouse gas {=GHG},温室气体,,2017-08-08
3261745,greenwashing,假环保；漂绿,,2017-08-08
3261746,Gregorian antenna,葛里高式天线,,2017-08-08
3261747,Gregux antenna,葛瑞凯式天线,,2017-08-08
3261748,grid,底格,,2017-08-08
3261749,grid computing,网格运算,,2017-08-08
3261750,GRID {=gay-related infectious disease},与男同性恋相关的传染病,,2017-08-08
3261751,Gridiron Club,{美国}华府记者俱乐部,,2017-08-08
3261752,grinding,磨片,,2017-08-08
3261753,grip,场务；剧务,,2017-08-08
3261754,gross impression,总印象度,,2017-08-08
3261755,gross rating point {=GRP},毛收视听率,,2017-08-08
3261756,gross rating points {=GRP},总收视[听]率,,2017-08-08
3261757,gross reproduction rate,粗生育率,,2017-08-08
3261758,ground glass,磨砂玻璃；毛玻璃,,2017-08-08
3261759,ground glass screen,毛玻璃屏幕,,2017-08-08
3261760,ground noise,杂音,,2017-08-08
3261761,ground row light,脚灯,,2017-08-08
3261762,ground station,地面电台；基地台,,2017-08-08
3261763,ground transportation,地面传输,,2017-08-08
3261764,ground wave,地波；地表波,,2017-08-08
3261765,grounded theory,扎根理论,,2017-08-08
3261766,group climate,团体气候,,2017-08-08
3261767,group coherence,团体一致性,,2017-08-08
3261768,group cohesiveness,团体凝聚力,,2017-08-08
3261769,group communication,团体传播,,2017-08-08
3261770,group communication support system {=GCSS},团体沟通支援系统,,2017-08-08
3261771,group consciousness,群体意识,,2017-08-08
3261772,group decision support system {=GDSS},团体决策支援系统,,2017-08-08
3261773,group dynamics,团体动力学,,2017-08-08
3261774,group dynamics theory,团体动力学理论,,2017-08-08
3261775,group exemption,集体豁免,,2017-08-08
3261776,group external support system {=GXSS},团体外部支援系统,,2017-08-08
3261777,group identification,群体认同,,2017-08-08
3261778,group information support system {=GISS},团体资讯支援系统,,2017-08-08
3261779,group interaction,团体互动,,2017-08-08
3261780,group interview,团体访谈,,2017-08-08
3261781,group model,团体模式,,2017-08-08
3261782,group performance support system {=GPSS},团体表现支援系统,,2017-08-08
3261783,group sampling,团体抽样,,2017-08-08
3261784,group shot,群体镜头,,2017-08-08
3261785,group socialization,团体社会化,,2017-08-08
3261786,group synergy,团体综效,,2017-08-08
3261787,group system,{广告组织}团队系统,,2017-08-08
3261788,group think,团体思考；团体迷思,,2017-08-08
3261789,growth hormone,生长激素,,2017-08-08
3261790,growth promoter,生长促进物,,2017-08-08
3261791,growth stage,成长期,,2017-08-08
3261792,growth strategy,成长策略,,2017-08-08
3261793,GRP {=gross rating points},总收视[听]率,,2017-08-08
3261794,GRP {=gross rating point},毛收视听率,,2017-08-08
3261795,GSA {=Global Mobile Suppliers Association},全球行动通信业者协会,,2017-08-08
3261796,GSM {=global system for mobile communications},全球行动通讯系统,,2017-08-08
3261797,GSM {=Global System for Mobile Communication},数位行动电话系统,,2017-08-08
3261798,GSM {=Global System for Mobile Communication} base station,数位行动电话系统基地台,,2017-08-08
3261799,gTLD {=generic top level domain name},属性型顶级网域名称,,2017-08-08
3261800,guaranteed circulation,保证发行量,,2017-08-08
3261801,guard band,保护频宽,,2017-08-08
3261802,guard interval,保护间隔,,2017-08-08
3261803,guard interval length,保护间隔长度,,2017-08-08
3261804,Guardian,{英国}卫报,,2017-08-08
3261805,gubernatorial election,州长选举,,2017-08-08
3261806,GUI {=graphical user interface},图形使用介面,,2017-08-08
3261807,guide number {=GN},闪光灯指数,,2017-08-08
3261808,Gulf War,波斯湾战争,,2017-08-08
3261809,gun camera,{军事}射靶纪录相机,,2017-08-08
3261810,Gutmann scale,Gutmann量表,,2017-08-08
3261811,gutter,中缝,,2017-08-08
3261812,GXSS {=group external support system},团体外部支援系统,,2017-08-08
3261813,gyroscopic effect,螺旋效果,,2017-08-08
3261814,H&D curve,H&D特性曲线,,2017-08-08
3261815,H1N1 flu,H1N1流感,,2017-08-08
3261816,H1N1 influenza,H1N1流感,,2017-08-08
3261817,H1N1 influenza virus,H1N1流感病毒,,2017-08-08
3261818,habitual behavior,习惯行为,,2017-08-08
3261819,habitual use,习惯使用,,2017-08-08
3261820,hacker,骇客,,2017-08-08
3261821,hacktivism,骇客入侵,,2017-08-08
3261822,Hakka audience,客家阅听人,,2017-08-08
3261823,Hakka TV,客家电视台,,2017-08-08
3261824,halation,光晕,,2017-08-08
3261825,half and half diffusion screen,半截柔光滤镜,,2017-08-08
3261826,half brightness effect,半亮效应,,2017-08-08
3261827,half plate,半片,,2017-08-08
3261828,half power beam width,半功率波束宽度,,2017-08-08
3261829,half tone,半色调； 半音调,,2017-08-08
3261830,half trade half cash,半买半送,,2017-08-08
3261831,half-duplex,半双工,,2017-08-08
3261832,half-duplex transmission,半双工传输,,2017-08-08
3261833,half-frame camera,半格相机,,2017-08-08
3261834,half-time,半衰期,,2017-08-08
3261835,halftone,灰调；半色调,,2017-08-08
3261836,halftone plate,网版,,2017-08-08
3261837,halftone screen,{印刷制版}灰网；网版幕,,2017-08-08
3261838,halide,卤素灯,,2017-08-08
3261839,hall of mirrors effect,镜室效应,,2017-08-08
3261840,hallucinatory resemblance,幻象式逼真,,2017-08-08
3261841,hallucinogen,幻觉剂,,2017-08-08
3261842,halo effect,月晕效应；光环效应,,2017-08-08
3261843,ham,业余无线电玩家；火腿族,,2017-08-08
3261844,HAM band,业余无线电波段；{俗称}火腿波段,,2017-08-08
3261845,hammocking,{节目编排}吊床策略,,2017-08-08
3261846,hand microphone,手持式麦克风,,2017-08-08
3261847,hand property,手持式道具,,2017-08-08
3261848,hand-held camera,手持式相机,,2017-08-08
3261849,handbill,传单,,2017-08-08
3261850,handbook,手册,,2017-08-08
3261851,handheld camera,手持摄影机,,2017-08-08
3261852,handheld lighting,手持打灯,,2017-08-08
3261853,handheld shotgun mic,手持枪型麦克风,,2017-08-08
3261854,handheld spotlight,手持聚光灯,,2017-08-08
3261855,handoff,{基地台}讯号交替,,2017-08-08
3261856,hanging indent,{印刷}第二行后缩排,,2017-08-08
3261857,hanging microphone,悬挂式麦克风,,2017-08-08
3261858,haptics,触觉学,,2017-08-08
3261859,harbour time,限制级时段,,2017-08-08
3261860,hard copy,纸本,,2017-08-08
3261861,hard disk VTR system,硬碟录影机,,2017-08-08
3261862,hard drive {=HD},硬碟,,2017-08-08
3261863,hard key,硬调打光,,2017-08-08
3261864,hard light,硬光,,2017-08-08
3261865,hard news,硬性新闻,,2017-08-08
3261866,hard paper,高反差相纸,,2017-08-08
3261867,hard-sell commercial,硬销式广告,,2017-08-08
3261868,hardener,硬化剂,,2017-08-08
3261869,hardening,硬化,,2017-08-08
3261870,hardening agent,硬化液,,2017-08-08
3261871,hardening bath,硬化液,,2017-08-08
3261872,hardening fixer,硬化定影液,,2017-08-08
3261873,hardening solution,硬化液,,2017-08-08
3261874,hardwall cyc,墙面天幕,,2017-08-08
3261875,hardwall flat,墙面天幕,,2017-08-08
3261876,hardware,硬体,,2017-08-08
3261877,harm reduction,减害,,2017-08-08
3261878,harm reduction approach,减害取径,,2017-08-08
3261879,harm reduction dilemma,减害困境,,2017-08-08
3261880,harmful drinker,具危害性饮酒者,,2017-08-08
3261881,harmful material,有害资讯,,2017-08-08
3261882,harmful materials,有害之资讯,,2017-08-08
3261883,harmonisation of law,法律调和,,2017-08-08
3261884,Harper's,{美国}哈泼杂志,,2017-08-08
3261885,Harvard Alcohol Project for Designated Driver,{美国}哈佛大学的指定驾驶反酗酒计划,,2017-08-08
3261886,harvesting strategy,收获策略,,2017-08-08
3261887,hasty generalization,草率归纳,,2017-08-08
3261888,hate speech,仇恨语言；仇恨言论,,2017-08-08
3261889,Hawthorne effect,霍桑效应,,2017-08-08
3261890,Hawthorne study,霍桑研究,,2017-08-08
3261891,Hays Office,Hays办公室,,2017-08-08
3261892,hazard,危险,,2017-08-08
3261893,hazard index,危害指数,,2017-08-08
3261894,hazardous waste,有害废弃物,,2017-08-08
3261895,haze,雾化,,2017-08-08
3261896,haze cut filter,去雾化滤镜,,2017-08-08
3261897,haze filter,雾化滤镜,,2017-08-08
3261898,HBM {=health belief model},健康信念模式,,2017-08-08
3261899,HBO {=Home Box Office},HBO频道；HBO公司,,2017-08-08
3261900,HCI {=Hughes Communication Inc.},{美国}Hughes卫星公司,,2017-08-08
3261901,HCI {=human-computer interaction},人机互动,,2017-08-08
3261902,HD {=hard drive},硬碟,,2017-08-08
3261903,HD-MAC {=HD-Multiplexed Analogue Components},高画质-多重类比元件,,2017-08-08
3261904,HD-Multiplexed Analogue Components {=HD-MAC},高画质-多重类比元件,,2017-08-08
3261905,HDL {=high-density lipoprotein} cholesterol,高密度脂蛋白胆固醇,,2017-08-08
3261906,HDLC {=high level data link control},高阶数据链路控制,,2017-08-08
3261907,HDR {=Hybrid Digital Radio},混合式数位广播,,2017-08-08
3261908,HDSL {=high speed digital subscriber line},高速数位用户专线,,2017-08-08
3261909,HDTV {=high definition television},高画质电视　,,2017-08-08
3261910,HEAAC {=high-efficiency advanced audio coding},高效能进阶音讯编码,,2017-08-08
3261911,head,标题,,2017-08-08
3261912,head assembly,录影磁头群,,2017-08-08
3261913,head drum,磁鼓,,2017-08-08
3261914,head end,{有线电视}头端,,2017-08-08
3261915,head platform,头端平台,,2017-08-08
3261916,head start,潜能开发,,2017-08-08
3261917,head to head,{节目编排}针锋相对策略；对打策略,,2017-08-08
3261918,head-on/tail-away,转身过场,,2017-08-08
3261919,header,标题,,2017-08-08
3261920,headline,头条新闻；新闻标题；内容提要,,2017-08-08
3261921,headline news,头条新闻,,2017-08-08
3261922,headroom,头顶空间,,2017-08-08
3261923,headset microphone,耳机式麦克风,,2017-08-08
3261924,healing,疗愈,,2017-08-08
3261925,health action process approach,健康行动过程取径,,2017-08-08
3261926,health advocacy group,健康倡导团体；健康鼓吹团体,,2017-08-08
3261927,health and social outcomes construct,健康和社会结果构念,,2017-08-08
3261928,health and well-being,健康和福祉,,2017-08-08
3261929,health and well-being construct,健康和福祉构念,,2017-08-08
3261930,health as a value dilemma,视健康为价值的困境,,2017-08-08
3261931,health as expanded consciousness,视健康为意识扩展,,2017-08-08
3261932,health belief model {=HBM},健康信念模式,,2017-08-08
3261933,health campaign,健康宣导,,2017-08-08
3261934,health care,健康照护；医疗照护,,2017-08-08
3261935,health care delivery,健康照护服务；医疗照护服务,,2017-08-08
3261936,health care industry,医疗产业,,2017-08-08
3261937,health care network,医疗网；医疗照护网,,2017-08-08
3261938,health care quality,医疗品质,,2017-08-08
3261939,health care system,健康照护制度；医疗制度；医疗体系,,2017-08-08
3261940,health care worker,医护人员,,2017-08-08
3261941,health claim,健康宣称,,2017-08-08
3261942,health communication,健康传播,,2017-08-08
3261943,health communication campaign,健康传播宣导,,2017-08-08
3261944,Health Communication for Child Survival projects {=HEALTHCOM},{联合国儿童基金会}拯救儿童健康传播计划,,2017-08-08
3261945,Health Communication for Child Survival {=HEALTHCOM},{联合国儿童基金会}拯救儿童健康传播[计划],,2017-08-08
3261946,health communication intervention,健康传播介入,,2017-08-08
3261947,health counseling,健康咨商,,2017-08-08
3261948,health crisis,健康危机,,2017-08-08
3261949,health education,健康教育；卫生教育,,2017-08-08
3261950,health education program,健康教育计划；卫生教育计划,,2017-08-08
3261951,health food,{台湾}健康食品；保健食品,,2017-08-08
3261952,health inequality,健康不均等,,2017-08-08
3261953,health information,健康资讯,,2017-08-08
3261954,health infrastructure,卫生基础建设；健康基础建设,,2017-08-08
3261955,health lifestyle,健康生活型态,,2017-08-08
3261956,health literacy,健康素养；健康知能,,2017-08-08
3261957,health maintenance organization {=HMO},{美国}健康维护组织,,2017-08-08
3261958,health narrative,健康叙事,,2017-08-08
3261959,health outcome,健康结果,,2017-08-08
3261960,health professional,医疗专业人员；健康专业人员,,2017-08-08
3261961,health promoter,健康促进者,,2017-08-08
3261962,health promoting hospital,健康促进医院,,2017-08-08
3261963,health promoting school,健康促进学校,,2017-08-08
3261964,health promotion,健康促进,,2017-08-08
3261965,health promotion campaign,健康促进宣导,,2017-08-08
3261966,Health Protection Agency {=HPA},{英国}健康防护局,,2017-08-08
3261967,health rights,健康权,,2017-08-08
3261968,health risk,健康风险,,2017-08-08
3261969,health risk assessment,健康风险评估,,2017-08-08
3261970,health risk communication,健康风险传播；健康风险沟通,,2017-08-08
3261971,health screening,健康筛检,,2017-08-08
3261972,health-care policy,健康照护政策,,2017-08-08
3261973,health-care provider,健康照护提供者；医疗照护提供者,,2017-08-08
3261974,Health-for-All,{世界卫生组织}全民健康[计划],,2017-08-08
3261975,health-protective action,健康保护行动,,2017-08-08
3261976,healthcare organization crisis management,医疗机构的危机管理,,2017-08-08
3261977,HEALTHCOM {=Health Communication for Child Survival projects},{联合国儿童基金会}拯救儿童健康传播计划,,2017-08-08
3261978,HEALTHCOM {=Health Communication for Child Survival},{联合国儿童基金会}拯救儿童健康传播[计划],,2017-08-08
3261979,hearing,听力；听证会,,2017-08-08
3261980,hearing loss,听力损失,,2017-08-08
3261981,hearsay,小道消息；传闻；谣传,,2017-08-08
3261982,Hearst Corporation,{美国}赫斯特集团,,2017-08-08
3261983,Hearst Entertainment,{美国}赫斯特娱乐公司,,2017-08-08
3261984,heart disease,心脏病,,2017-08-08
3261985,heart disease prevention program,心脏病预防计划,,2017-08-08
3261986,heat absorbing filter,吸热滤镜,,2017-08-08
3261987,heat cramp,热痉挛,,2017-08-08
3261988,heavy,{报纸}全开；坏蛋,,2017-08-08
3261989,heavy user,重度使用者,,2017-08-08
3261990,heavy viewer,{电视}重度观赏者,,2017-08-08
3261991,hedonism,享乐主义,,2017-08-08
3261992,hegemonic,霸权的；支配权的；争霸的；优势的,,2017-08-08
3261993,hegemonic framework,霸权框架,,2017-08-08
3261994,hegemonic model,霸权模式,,2017-08-08
3261995,hegemonic relationship,霸权关系,,2017-08-08
3261996,hegemony,霸权；支配权；争霸；优势,,2017-08-08
3261997,height-adjustment lock,高度调整钮,,2017-08-08
3261998,helical mount,倾斜式接环,,2017-08-08
3261999,helical scan,倾斜式扫描　,,2017-08-08
3262000,helical scanning record,倾斜式扫描录影,,2017-08-08
3262001,heliotype,胶版,,2017-08-08
3262002,helping force,助力,,2017-08-08
3262003,helping interview,辅助采访,,2017-08-08
3262004,helping relationship,协助关系,,2017-08-08
3262005,hemophilia,血友病,,2017-08-08
3262006,HEO {=highly earth orbit},高轨道卫星,,2017-08-08
3262007,HepA {=hepatitis A vaccine},A型肝炎疫苗,,2017-08-08
3262008,hepatitis,肝炎,,2017-08-08
3262009,hepatitis A,A型肝炎,,2017-08-08
3262010,hepatitis A vaccine {=HepA},A型肝炎疫苗,,2017-08-08
3262011,hepatitis B,B型肝炎,,2017-08-08
3262012,hepatitis B vaccine {=HepB},B型肝炎疫苗,,2017-08-08
3262013,hepatitis C,C型肝炎,,2017-08-08
3262014,hepatitis D,D型肝炎,,2017-08-08
3262015,HepB {=hepatitis B vaccine },B型肝炎疫苗,,2017-08-08
3262016,herd immunity,群体免疫,,2017-08-08
3262017,heredity,遗传,,2017-08-08
3262018,heresy,传闻,,2017-08-08
3262019,Herfindahl-Hirschman Index {=HHI},赫芬达尔－赫希曼指数,,2017-08-08
3262020,heritability,遗传率,,2017-08-08
3262021,hermeneutics,诠释学,,2017-08-08
3262022,Hertz {=Hz},赫兹,,2017-08-08
3262023,heteroclynes,{频率输出}超外差,,2017-08-08
3262024,heterodiegetic narrative,剧外人物叙事,,2017-08-08
3262025,heteroglossia,众声喧哗；复调,,2017-08-08
3262026,heterophily,异质性,,2017-08-08
3262027,heterosexuality,异性恋,,2017-08-08
3262028,heuristic,启发的,,2017-08-08
3262029,heuristic approach,启发式取向,,2017-08-08
3262030,heuristic processing,启发式处理；直觉式处理,,2017-08-08
3262031,heuristic processing model,启发式处理模式；直觉式处理模式,,2017-08-08
3262032,heuristic value,启发式价值,,2017-08-08
3262033,HFC {=hybrid fiber coaxial},光纤同轴混合电缆,,2017-08-08
3262034,HHI {=Herfindahl-Hirschman Index},赫芬达尔－赫希曼指数,,2017-08-08
3262035,Hi-Fax service,高速传真服务,,2017-08-08
3262036,Hi-Fi {=high fidelity},高传真,,2017-08-08
3262037,hidden agenda,隐藏的意图,,2017-08-08
3262038,hidden argument,隐性论点,,2017-08-08
3262039,hidden difference,隐藏差异,,2017-08-08
3262040,hidden hazard,隐性危险；隐性危害,,2017-08-08
3262041,hidden microphone,隐藏式麦克风,,2017-08-08
3262042,hierarchical approach,阶层取向,,2017-08-08
3262043,hierarchical mainframe form,阶层主架构型态,,2017-08-08
3262044,hierarchical model,阶层模式,,2017-08-08
3262045,hierarchical modulation,阶层式调变,,2017-08-08
3262046,hierarchical regression,阶层回归,,2017-08-08
3262047,hierarchist,阶级论者,,2017-08-08
3262048,hierarchy,阶层,,2017-08-08
3262049,hierarchy of credibility,可信度阶层,,2017-08-08
3262050,hierarchy of effect,效果阶层,,2017-08-08
3262051,hierarchy of evidence,证据级数高低,,2017-08-08
3262052,hierarchy of needs,需求层次；需求阶层,,2017-08-08
3262053,high angle shot,高角度镜头；俯角镜头,,2017-08-08
3262054,High Audiovisual Council,{法国}最高视听委员会,,2017-08-08
3262055,high authoritarian,高度权威主义者,,2017-08-08
3262056,high band,高频,,2017-08-08
3262057,High Broadcasting Council,{法国}最高广播事业评议会,,2017-08-08
3262058,high contrast,高反差,,2017-08-08
3262059,high contrast developer,高反差显影液,,2017-08-08
3262060,high cut filter,高频过滤器,,2017-08-08
3262061,high cut switch,高频切出开关；高切开关,,2017-08-08
3262062,high definition television {=HDTV},高画质电视　,,2017-08-08
3262063,high energy color,高能色彩,,2017-08-08
3262064,high eye point,高视点,,2017-08-08
3262065,high fidelity {=Hi-Fi},高传真,,2017-08-08
3262066,high grain screen,高效萤幕,,2017-08-08
3262067,high hat,{脚架}香炉脚,,2017-08-08
3262068,high impedance microphone,高阻抗麦克风,,2017-08-08
3262069,high key,明调；高调；高音调；高调打光；明调打光,,2017-08-08
3262070,high level data link control {=HDLC},高阶数据链路控制,,2017-08-08
3262071,high power amplifier {=HPA},高功率放大器,,2017-08-08
3262072,high power satellite,高功率卫星,,2017-08-08
3262073,high resolution level,高解析度,,2017-08-08
3262074,high speed camera,高速摄影机,,2017-08-08
3262075,high speed development,高速显影；增感显影,,2017-08-08
3262076,high speed digital subscriber line {=HDSL},高速数位用户专线,,2017-08-08
3262077,high speed downlink packet access {=HSDPA},高速下行封包接取,,2017-08-08
3262078,high speed film,高感度底片,,2017-08-08
3262079,high speed packet access {=HSPA},高速封包接取,,2017-08-08
3262080,high speed switched data network {=HSDN},高速数据交换网路,,2017-08-08
3262081,high speed uplink packet access {=HSUPA},高速上行封包接取,,2017-08-08
3262082,high tone,高色调；高音调；高频,,2017-08-08
3262083,high transmission capacity,高传输能量,,2017-08-08
3262084,high-context culture,高情境文化,,2017-08-08
3262085,high-density lipoprotein {=HDL} cholesterol,高密度脂蛋白胆固醇,,2017-08-08
3262086,high-efficiency advanced audio coding {=HEAAC},高效能进阶音讯编码,,2017-08-08
3262087,high-profile risk,备受瞩目的风险,,2017-08-08
3262088,highlight,高亮度；重点提示,,2017-08-08
3262089,highly directional antenna,高度定向天线,,2017-08-08
3262090,highly earth orbit {=HEO},高轨道卫星,,2017-08-08
3262091,hippies,嬉皮,,2017-08-08
3262092,Hippocratic oath,医师誓言,,2017-08-08
3262093,HIS {=human interest story},人情趣味报导,,2017-08-08
3262094,Hispasat,西班牙卫星组织,,2017-08-08
3262095,historical,历史的,,2017-08-08
3262096,historical agent,历史主体；历史行为者,,2017-08-08
3262097,historical consciousness,历史意识,,2017-08-08
3262098,historical cost,历史成本,,2017-08-08
3262099,historical document,历史档案文件,,2017-08-08
3262100,historical method,历史法,,2017-08-08
3262101,historical narrative,历史叙事,,2017-08-08
3262102,historical research,历史研究,,2017-08-08
3262103,historical study,历史研究,,2017-08-08
3262104,historicity,历史质；历史性,,2017-08-08
3262105,historigraphical analytical method,历史分析方法,,2017-08-08
3262106,historiography,历史学,,2017-08-08
3262107,hit,点击,,2017-08-08
3262108,HIV prevention campaign,爱滋防治宣导,,2017-08-08
3262109,HIV {=Human Immunodeficiency Virus},爱滋病毒；人类后天免疫力缺乏病毒,,2017-08-08
3262110,HIV/AIDS campaign,爱滋[防治]宣导,,2017-08-08
3262111,HKIX {=HongKong Internet Exchange},香港网路交换中心,,2017-08-08
3262112,HMI {=Hydragyrum Medium Arc-length Iodide},{外景用}强光灯,,2017-08-08
3262113,HMO {=health maintenance organization},{美国}健康维护组织,,2017-08-08
3262114,hobby column,嗜好专栏,,2017-08-08
3262115,hobnoblery journalism,套交情新闻学,,2017-08-08
3262116,hodge podge column,杂烩专栏,,2017-08-08
3262117,holistic conception of health,整体健康概念,,2017-08-08
3262118,holistic health,整体健康,,2017-08-08
3262119,Hollywood,好莱坞,,2017-08-08
3262120,Hollywood Ten,好莱坞十君子,,2017-08-08
3262121,hologram,全像术,,2017-08-08
3262122,holography,全像摄影,,2017-08-08
3262123,home area network,家用区域网路,,2017-08-08
3262124,Home Box Office {=HBO},HBO频道；HBO公司,,2017-08-08
3262125,home care,居家照护,,2017-08-08
3262126,home from home,异乡为故乡；他乡为故乡,,2017-08-08
3262127,home news,国内新闻,,2017-08-08
3262128,home news desk,国内新闻部,,2017-08-08
3262129,home page,首页,,2017-08-08
3262130,home satellite dish {=HSD},家庭式卫星接收碟,,2017-08-08
3262131,home shopping service,宅购服务,,2017-08-08
3262132,home storage unit,{收视调查}家户寄存单位,,2017-08-08
3262133,homemade video clip,自制短片,,2017-08-08
3262134,homeopathic medicine,顺势疗法,,2017-08-08
3262135,homeostasis,平衡；稳定性；恒定性,,2017-08-08
3262136,homeostatic model,均衡模式,,2017-08-08
3262137,homesats,家用卫星装置,,2017-08-08
3262138,homodiegetic,剧中人物描写,,2017-08-08
3262139,homodiegetic narrative,剧中人物叙事,,2017-08-08
3262140,homogeneity analysis,同质性分析,,2017-08-08
3262141,homogeneity of variance,变异数同质性,,2017-08-08
3262142,homogeneous network environment,同质性网路环境,,2017-08-08
3262143,homogeneous product,同质性产品,,2017-08-08
3262144,homogenization,均质化,,2017-08-08
3262145,homophily,同质性,,2017-08-08
3262146,honeycomb metering,蜂巢式测光,,2017-08-08
3262147,honeytrap,仙人跳；桃色陷阱,,2017-08-08
3262148,HongKong Internet Exchange {=HKIX},香港网路交换中心,,2017-08-08
3262149,hook,陷阱式广告促销花招,,2017-08-08
3262150,Hooperatings,胡博视听率,,2017-08-08
3262151,horizontal blanking,水平遮幕,,2017-08-08
3262152,horizontal communication,水平沟通,,2017-08-08
3262153,horizontal concentration,水平集中,,2017-08-08
3262154,horizontal cooperative advertising,平行合作广告,,2017-08-08
3262155,horizontal detail,水平解析度,,2017-08-08
3262156,horizontal flow,水平流向；水平流动,,2017-08-08
3262157,horizontal integration,水平整合,,2017-08-08
3262158,horizontal phase,水平相位,,2017-08-08
3262159,horizontal polarized mode,{电波波束}水平极化,,2017-08-08
3262160,horizontal publication,跨业出版品,,2017-08-08
3262161,horizontal relationship,平行关系,,2017-08-08
3262162,horizontal resolution,水平解析度,,2017-08-08
3262163,horizontal retrace,水平回扫,,2017-08-08
3262164,horizontal wipe,水平外拨,,2017-08-08
3262165,horror film,恐怖片,,2017-08-08
3262166,horse race coverage,赛马式报导,,2017-08-08
3262167,horse race poll,赛马式民调,,2017-08-08
3262168,horse-racing polling,赛马式民调,,2017-08-08
3262169,horse-racing report,赛马式报导,,2017-08-08
3262170,hospice,安宁疗护机构,,2017-08-08
3262171,hospice care,安宁疗护,,2017-08-08
3262172,hospice palloative care,安宁缓和医疗,,2017-08-08
3262173,hospital public relation,医院公共关系,,2017-08-08
3262174,hostile media effect,敌意媒体效应,,2017-08-08
3262175,hot news,热门新闻,,2017-08-08
3262176,hot splice,热接片法,,2017-08-08
3262177,hot-patching,热修补,,2017-08-08
3262178,hot-standby protection,暖机保护,,2017-08-08
3262179,hotline,热线,,2017-08-08
3262180,hotspot,热点,,2017-08-08
3262181,house drop,住户引进线,,2017-08-08
3262182,House Energy and Commerce Committee,{美国}众议院能源与商务委员会,,2017-08-08
3262183,house list,家户寄送名单,,2017-08-08
3262184,house number,家户数,,2017-08-08
3262185,House of Commons,{英国}下议院,,2017-08-08
3262186,House of Lords,{英国}上议院,,2017-08-08
3262187,house organ,机构刊物,,2017-08-08
3262188,house sync genlock,视讯锁定同步功能,,2017-08-08
3262189,household diary,家户收视日记,,2017-08-08
3262190,household meter,家户收视纪录器,,2017-08-08
3262191,household ranking,家户收视排行,,2017-08-08
3262192,household storage unit,家户寄存单位,,2017-08-08
3262193,household using TV {=HUT},家户开机率,,2017-08-08
3262194,households reached,家户接触[率]；家户触达[率],,2017-08-08
3262195,households using radio {=HUR},家户数{收听广播之家庭数量},,2017-08-08
3262196,households using television {=HUT},家户数{收看电视之家庭数量}；开机率,,2017-08-08
3262197,households-using-radio rating,家户广播收听率,,2017-08-08
3262198,households-using-television rating,家户电视收视率,,2017-08-08
3262199,HPA {=Health Protection Agency},{英国}健康防护局,,2017-08-08
3262200,HPA {=high power amplifier},高功率放大器,,2017-08-08
3262201,HPV {=human papillomavirus},人类乳突病毒,,2017-08-08
3262202,HPV {=human papillomavirus} vaccine,人类乳突病毒疫苗,,2017-08-08
3262203,HSD {=home satellite dish},家庭式卫星接收碟,,2017-08-08
3262204,HSDN {=high speed switched data network},高速数据交换网路,,2017-08-08
3262205,HSDPA {=high speed downlink packet access},高速下行封包接取,,2017-08-08
3262206,HSPA {=high speed packet access},高速封包接取,,2017-08-08
3262207,HSUPA {=high speed uplink packet access},高速上行封包接取,,2017-08-08
3262208,hub,设备集中点；集线器,,2017-08-08
3262209,hue,色相,,2017-08-08
3262210,Hughes Communication Inc. {=HCI},{美国}Hughes卫星公司,,2017-08-08
3262211,human capital,人力资本,,2017-08-08
3262212,human gene,人类基因,,2017-08-08
3262213,Human Immunodeficiency Virus {=HIV},爱滋病毒；人类后天免疫力缺乏病毒,,2017-08-08
3262214,human intelligence,人类智慧,,2017-08-08
3262215,human interest story {=HIS},人情趣味报导,,2017-08-08
3262216,human papillomavirus {=HPV},人类乳突病毒,,2017-08-08
3262217,human papillomavirus {=HPV} vaccine,人类乳突病毒疫苗,,2017-08-08
3262218,Human Rights Act,{英国}人权法案；人权法,,2017-08-08
3262219,human right[s],人权,,2017-08-08
3262220,human subject,人类受测者,,2017-08-08
3262221,human-computer interaction {=HCI},人机互动,,2017-08-08
3262222,humanist ideology,人道主义意识形态,,2017-08-08
3262223,humanistic study,人文研究,,2017-08-08
3262224,humidity,湿度,,2017-08-08
3262225,humour column,幽默专栏,,2017-08-08
3262226,HUR {=households using radio},家户数{收听广播之家庭数量},,2017-08-08
3262227,Hurter & Driffield curve,H&D特性曲线,,2017-08-08
3262228,HUT {=household using TV},家户开机率,,2017-08-08
3262229,HUT {=households using television},家户数{收看电视之家庭数量}；开机率,,2017-08-08
3262230,hybrid cloud,混合云端,,2017-08-08
3262231,Hybrid Digital Radio {=HDR},混合式数位广播,,2017-08-08
3262232,hybrid fiber coaxial {=HFC},光纤同轴混合电缆,,2017-08-08
3262233,hybrid library,混合型图书馆,,2017-08-08
3262234,hybrid literacy,混合型识读能力,,2017-08-08
3262235,hybrid satellite,多频式卫星,,2017-08-08
3262236,hybridity,混杂；混种,,2017-08-08
3262237,hybridization,杂交；混拼；混搭,,2017-08-08
3262238,Hydragyrum Medium Arc-length Iodide {=HMI},{外景用}强光灯,,2017-08-08
3262239,hydrazine gas,联氨气体,,2017-08-08
3262240,hydrazine propellant tanks,联氨推进燃料槽,,2017-08-08
3262241,hydrometer,液压比重计,,2017-08-08
3262242,hyper directional mic,超指向麦克风,,2017-08-08
3262243,hyper-mastery,超支配；过度支配,,2017-08-08
3262244,hypercardioid pickup pattern,心脏形收音模式,,2017-08-08
3262245,hypercompetition,超级竞争,,2017-08-08
3262246,hyperfocal,超焦距,,2017-08-08
3262247,hypermedia,超媒体,,2017-08-08
3262248,hypernarrative,超叙事,,2017-08-08
3262249,hyperreality,超真实；过度真实,,2017-08-08
3262250,hyperspace,超空间,,2017-08-08
3262251,hypertension,高血压,,2017-08-08
3262252,hypertext,超文本,,2017-08-08
3262253,hypertext reference link,超文本参考连结,,2017-08-08
3262254,hyping,{收视率}刺激手法；天花乱坠宣传,,2017-08-08
3262255,Hypo {=fixing bath},定影液；海波,,2017-08-08
3262256,hypo-alum toning,海波液,,2017-08-08
3262257,hypodermic model,皮下注射[效果]模式；万能[效果]模式,,2017-08-08
3262258,hypodermic needle,皮下注射针头,,2017-08-08
3262259,hypodermic needle model,{效果}皮下注射模式,,2017-08-08
3262260,hypodermic needle theory,皮下注射理论,,2017-08-08
3262261,hypomnesia,记忆减退,,2017-08-08
3262262,hypotension,低血压,,2017-08-08
3262263,hypothesis question,假设问题,,2017-08-08
3262264,hypothetico-deduction,假设性演绎,,2017-08-08
3262265,hypothetico-deductive,假设演绎,,2017-08-08
3262266,hypothetico-deductive theory,假设演绎式理论,,2017-08-08
3262267,hypothetico-deductivism,假设性演绎主义,,2017-08-08
3262268,hypothetico-inductive,假设归纳,,2017-08-08
3262269,hysteria,歇斯底里,,2017-08-08
3262270,Hz {=Hertz},赫兹,,2017-08-08
3262271,i-Taiwan,智慧台湾计划,,2017-08-08
3262272,IaaS {=Infrastructure as a Service},基础建设即服务；作为服务的基础建设,,2017-08-08
3262273,IAB {=Isreal Broadcasting Authority},以色列广播电视局,,2017-08-08
3262274,IABC {=International Association of Business Communicators},国际企业传播者协会,,2017-08-08
3262275,IAD {=integrated access device},整合近用设施,,2017-08-08
3262276,IADL {=instrumental activities of daily living},工具性日常活动,,2017-08-08
3262277,IAHC {=International Ad Hoc Committee},国际网域名称分配特设委员会,,2017-08-08
3262278,IAMCR {=International Association for Mass Communication Research},国际大众传播学会,,2017-08-08
3262279,IAMCR {=International Association for Media and Communication Research},国际媒体与传播研究学会,,2017-08-08
3262280,IANA {=Internet Assigned Numbers Authority},{美国}网际网路名称指配组织,,2017-08-08
3262281,IARU {=International Amateur Radio Union},国际业余无线电联盟,,2017-08-08
3262282,IATN {=Inter-American Telecommunications Network},泛美电信网路,,2017-08-08
3262283,iatrogenic disease,医源病,,2017-08-08
3262284,iatrogenic side effect,医源性副作用,,2017-08-08
3262285,IBA {=Independent Broadcasting Authority},{英国}独立广播管理局,,2017-08-08
3262286,IBC {=International Broadcasting Conference},国际广播电视会议,,2017-08-08
3262287,IBEW {=international brotherhood of electrical workers},国际电子从业人员联盟,,2017-08-08
3262288,IBOC {=in-band on channel},{美规}数位广播规格,,2017-08-08
3262289,IBSC {=Intelsat business service carrier},国际商务载波,,2017-08-08
3262290,IC {=information consumer},资讯消费者,,2017-08-08
3262291,IC {=integrated circuit},积体电路,,2017-08-08
3262292,ICA {=International Communication Association},{美国}国际传播学会,,2017-08-08
3262293,ICANN {=Internet Corporation for Assigned Names and Numbers},网路名称与号码分配组织；网址注册中心,,2017-08-08
3262294,"ICCP {=The Information, Computer and Communication Policy}",资讯电脑与传播政策,,2017-08-08
3262295,ICD {=international classification of diseases},国际疾病分类,,2017-08-08
3262296,ICNIRP {=International Commission on Non-Ionizing Radiation Protection},国际非游离辐射防护委员会,,2017-08-08
3262297,icon,肖像；图像；图标,,2017-08-08
3262298,iconic,肖像的；图像的,,2017-08-08
3262299,iconography,肖像学,,2017-08-08
3262300,iconoscope,光电摄像管；光电管；映像管,,2017-08-08
3262301,ICP {=internet content provider},网路内容供应商,,2017-08-08
3262302,ICT {=Information and Communication Technology},资讯传播科技,,2017-08-08
3262303,ICWS {=internet call waiting service},网路来电等待服务,,2017-08-08
3262304,IDA {=Infocom Development Authority},{新加坡}资讯通讯发展局,,2017-08-08
3262305,IDC {=International Data Corporation},{日本}国际数据资讯公司,,2017-08-08
3262306,IDD {=international direct dialing},国际直拨电话,,2017-08-08
3262307,idea,观念；构想；创意,,2017-08-08
3262308,ideal body weight,理想体重,,2017-08-08
3262309,ideal norm,理想的规范,,2017-08-08
3262310,ideal speech situation,理想言说情境；理想语境,,2017-08-08
3262311,ideal type,理想型,,2017-08-08
3262312,ideas,创意构想,,2017-08-08
3262313,ideational meaning,认知意义,,2017-08-08
3262314,identifiable victim factor,可识别的受害人因素,,2017-08-08
3262315,identification,同一化；认同；身份；识别,,2017-08-08
3262316,identification annoucement,台呼,,2017-08-08
3262317,identity,身份；认同；同一,,2017-08-08
3262318,identity crisis,认同危机,,2017-08-08
3262319,identity politics,认同政治；身份政治,,2017-08-08
3262320,identity project,认同方案,,2017-08-08
3262321,ideographic,表意的,,2017-08-08
3262322,ideographic writing,表意的书写,,2017-08-08
3262323,ideological assumption,意识形态假设,,2017-08-08
3262324,ideological bias,意识形态偏差,,2017-08-08
3262325,ideological captive,意识形态俘虏,,2017-08-08
3262326,ideological method,意识形态方法,,2017-08-08
3262327,ideological representation,意识形态再现,,2017-08-08
3262328,ideological research,意识形态研究,,2017-08-08
3262329,ideological square,意识形态矩阵,,2017-08-08
3262330,ideological state apparatus {=ISA},意识形态国家机器,,2017-08-08
3262331,ideological system,意识形态系统,,2017-08-08
3262332,ideology,意识形态,,2017-08-08
3262333,ideology of individualism,个人主义的意识形态,,2017-08-08
3262334,ideology of otherness,他者化的意识形态,,2017-08-08
3262335,ideology schema,意识型态基模,,2017-08-08
3262336,idiographic,个殊性的；个别化取向,,2017-08-08
3262337,idiopathy,{医学}自发病,,2017-08-08
3262338,idiosyncrasy,习性；特征；癖好；特异性；特性,,2017-08-08
3262339,idiosyncratic figure,特异的人物,,2017-08-08
3262340,IDM {=interactive domain model},互动领域模式,,2017-08-08
3262341,IDN {=integrated digital network},整合数位网路,,2017-08-08
3262342,IDU {=intravenous drug user},静脉注射药瘾者,,2017-08-08
3262343,IEC {=International Electrotechnical Commission},国际电子技术委员会,,2017-08-08
3262344,IEEE {=Institute of Electrical and Electronics Engineer},电子电机工程师协会,,2017-08-08
3262345,IETF {=Internet Engineering Task Force},网路工程任务小组,,2017-08-08
3262346,IF amplifier,中频放大器,,2017-08-08
3262347,IF {=internal focus},内对焦系统,,2017-08-08
3262348,IFB {=interruptible foldback broadcasting},可插入无线节目返送系统,,2017-08-08
3262349,IFB {=interruptible foldback intercom system},插话式内部通话系统,,2017-08-08
3262350,IFRB {=International Frequency Registration Board},国际频率注册委员会,,2017-08-08
3262351,IGF {=Internet Governance Forum},网路治理论坛,,2017-08-08
3262352,IGMP {=internet group management protocol},网际网路群组管理协定,,2017-08-08
3262353,ignition spark,火星塞,,2017-08-08
3262354,IGS {=interactive graphic system},互动图像系统,,2017-08-08
3262355,IIC {=International Institute of Communications},{英国}国际通讯协会,,2017-08-08
3262356,IIN {=international information network},全球资讯网路,,2017-08-08
3262357,IIS {=Internet Information Service},网路资讯服务,,2017-08-08
3262358,ILI {=influenza-like illness},类流感,,2017-08-08
3262359,ill will,恶意,,2017-08-08
3262360,ill-informed,资讯不足,,2017-08-08
3262361,illegal access,非法进用,,2017-08-08
3262362,illegal interception,非法截取,,2017-08-08
3262363,illegal openness,{卫星}非法开放型,,2017-08-08
3262364,illicit recording,非法录音,,2017-08-08
3262365,illiteracy,文盲；不识字,,2017-08-08
3262366,illness,生病；身体不适,,2017-08-08
3262367,illness behavior,身体不适的行为,,2017-08-08
3262368,illness narrative,生病叙事,,2017-08-08
3262369,illocutionary act,表意言辞行动,,2017-08-08
3262370,illumination,照明；流明；启迪,,2017-08-08
3262371,illumination angle,照明角度,,2017-08-08
3262372,illuminator,照明器；灯具,,2017-08-08
3262373,illusion of invulnerability,自认无懈可击的错觉；不易受伤害的错觉,,2017-08-08
3262374,illusion of knowledge,知识的幻觉,,2017-08-08
3262375,illusion of unanimity,一致性错觉；团结一致的假象,,2017-08-08
3262376,illustration software,插画软体,,2017-08-08
3262377,illustrator,解说者；解说动作；插图画家,,2017-08-08
3262378,ILR {=Independent Local Radio},{英国}地方独立电台,,2017-08-08
3262379,IMA {=Interactive Multimedia Association},{美国}互动多媒体协会,,2017-08-08
3262380,image,意象；形象；影像；映像,,2017-08-08
3262381,image advertising,形象广告,,2017-08-08
3262382,image control,影像控制,,2017-08-08
3262383,image creation,影像创制,,2017-08-08
3262384,image cultivation,形象培养,,2017-08-08
3262385,image dissector,影像分割器,,2017-08-08
3262386,image enhancer,影像强化器,,2017-08-08
3262387,image generator,影像产生器,,2017-08-08
3262388,image management,形象管理,,2017-08-08
3262389,image manipulating,影像操控　,,2017-08-08
3262390,Image MAXimum {=IMAX},超大萤幕电影,,2017-08-08
3262391,image orientation,影像定位,,2017-08-08
3262392,image orthicon tube,正析像管,,2017-08-08
3262393,image projection strategy,形象投射策略,,2017-08-08
3262394,image restoration,{公关}形象修复,,2017-08-08
3262395,image sensor,影像感应器,,2017-08-08
3262396,image shaping,形象塑造,,2017-08-08
3262397,image stabilization,影像稳定,,2017-08-08
3262398,image strategy,形象策略,,2017-08-08
3262399,image theory,映像原理,,2017-08-08
3262400,image viewer,影像浏览器,,2017-08-08
3262401,image-building,形象建构,,2017-08-08
3262402,imagery transfer,意象转移,,2017-08-08
3262403,imaginary line,假想线,,2017-08-08
3262404,imagined community,想像社群,,2017-08-08
3262405,imaging device,成像设备,,2017-08-08
3262406,imagist film,意象派电影,,2017-08-08
3262407,IMAX {=Image MAXimum},超大萤幕电影,,2017-08-08
3262408,IMB {=information-motivation-behavioral} skills model,资讯─动机─行为技能模式,,2017-08-08
3262409,IMC {=integrated marketing communication},整合行销传播,,2017-08-08
3262410,immediate determinant,立即决定因子,,2017-08-08
3262411,immediate language,直接的语言,,2017-08-08
3262412,immune neglect,免疫力的轻忽,,2017-08-08
3262413,immune system,免疫系统,,2017-08-08
3262414,immune system disease,免疫系统疾病,,2017-08-08
3262415,immunity gap,免疫力[产生的]空窗期,,2017-08-08
3262416,immunization,预防注射；预防接种,,2017-08-08
3262417,immunization policy,免疫政策；接种政策,,2017-08-08
3262418,immunization program,免疫计划；接种计划,,2017-08-08
3262419,immunology,免疫学,,2017-08-08
3262420,impact evaluation,效应评估,,2017-08-08
3262421,impact model,影响模式,,2017-08-08
3262422,impact objective,冲击性目标,,2017-08-08
3262423,impairment standard,损害标准,,2017-08-08
3262424,impartiality,公正,,2017-08-08
3262425,impartiality principle,中立原则,,2017-08-08
3262426,impedance,阻抗,,2017-08-08
3262427,imperative regulation,强制管制,,2017-08-08
3262428,imperialism,帝国主义,,2017-08-08
3262429,impervious response,无动于衷的回应,,2017-08-08
3262430,implementation evaluation,执行评估,,2017-08-08
3262431,implementation stage,实施阶段,,2017-08-08
3262432,implied audience,隐含阅听人,,2017-08-08
3262433,implied author,隐含作者,,2017-08-08
3262434,implied consumer,潜在消费者,,2017-08-08
3262435,implied reader,隐含读者,,2017-08-08
3262436,implosion,内爆,,2017-08-08
3262437,impression construction,印象建构,,2017-08-08
3262438,impression management,印象管理,,2017-08-08
3262439,impression motivation,印象动机,,2017-08-08
3262440,impressionism,印象主义,,2017-08-08
3262441,imprint,发行页,,2017-08-08
3262442,impromptu speaking,即兴演说,,2017-08-08
3262443,improvisation,即兴表演,,2017-08-08
3262444,impulse noise,脉冲杂讯,,2017-08-08
3262445,IMS {=information management system},资讯管理系统,,2017-08-08
3262446,IMS{=internet protocol multimedia subsystem},网际网路协定多媒体子系统,,2017-08-08
3262447,IMT-2000 {=International Mobile Telecommunication-2000},国际行动通讯 2000,,2017-08-08
3262448,in cash,现金支付,,2017-08-08
3262449,in kind,以货代款,,2017-08-08
3262450,in the can,杀青,,2017-08-08
3262451,IN {=intelligent network},智慧型网路,,2017-08-08
3262452,in-band on channel {=IBOC},{美规}数位广播规格,,2017-08-08
3262453,in-camera editing,镜头内剪接,,2017-08-08
3262454,in-depth deliberation,深度审议,,2017-08-08
3262455,in-depth interview,深度访谈,,2017-08-08
3262456,in-depth reporting,深度报导,,2017-08-08
3262457,in-house agency,企业直营广告公司,,2017-08-08
3262458,in-store sampling,店内发送样品,,2017-08-08
3262459,inactivated polio vaccine {=IPV},注射式小儿麻痺疫苗；不活化小儿麻痺疫苗,,2017-08-08
3262460,inactivated vaccine,不活化疫苗；死病毒疫苗,,2017-08-08
3262461,inadvertent harm,无意的伤害,,2017-08-08
3262462,inaugural address,就职演说,,2017-08-08
3262463,incandescent lamp,白炽灯泡,,2017-08-08
3262464,incandescent light,白炽灯,,2017-08-08
3262465,incentive based regulation,诱因管制,,2017-08-08
3262466,incentive strategy,激励策略,,2017-08-08
3262467,incentive system,奖励制度,,2017-08-08
3262468,incest,乱伦,,2017-08-08
3262469,inch per second {=IPS},秒吋数,,2017-08-08
3262470,incidence,疾病发生率,,2017-08-08
3262471,incidence rate,发生率,,2017-08-08
3262472,incident exposure meter,入射式曝光表；直射式曝光表,,2017-08-08
3262473,incident light,入射光；直射光,,2017-08-08
3262474,incidental burden,临时性负担,,2017-08-08
3262475,incidental inclusion,附带列入,,2017-08-08
3262476,inclined orbit,{卫星}倾斜轨道,,2017-08-08
3262477,inclusion,纳入,,2017-08-08
3262478,inclusion need,合群需求,,2017-08-08
3262479,incoherent response,不一致的回应；不连贯的回应,,2017-08-08
3262480,incoming only,仅供输入,,2017-08-08
3262481,incommensurability,不可共量性,,2017-08-08
3262482,incompatibility standard,不相容之标准,,2017-08-08
3262483,incongruous response,不协调的回应,,2017-08-08
3262484,incorporation,收编,,2017-08-08
3262485,incremental cost,边际成本,,2017-08-08
3262486,incubation period,潜伏期,,2017-08-08
3262487,incumbent,现任者；在职者；执政者；在位者,,2017-08-08
3262488,incumbent advantage,执政优势,,2017-08-08
3262489,incumbent positioning,执政定位；现任者[竞选]定位,,2017-08-08
3262490,incurable disease,无法治愈的疾病；绝症,,2017-08-08
3262491,indecency,低俗；猥亵,,2017-08-08
3262492,indecency transmission,不雅资讯传输,,2017-08-08
3262493,indecent display,不雅展示,,2017-08-08
3262494,indecent material,不雅资讯,,2017-08-08
3262495,indecent program,不雅节目；低俗节目,,2017-08-08
3262496,indecent video,不雅影片,,2017-08-08
3262497,indent,首行缩排,,2017-08-08
3262498,Independent Broadcasting Authority {=IBA},{英国}独立广播管理局,,2017-08-08
3262499,independent candidate,独立候选人,,2017-08-08
3262500,independent filmmaker,独立制片,,2017-08-08
3262501,Independent Local Radio {=ILR},{英国}地方独立电台,,2017-08-08
3262502,independent media,独立媒体,,2017-08-08
3262503,independent party,独立政党,,2017-08-08
3262504,independent production,独立制作,,2017-08-08
3262505,independent production house,独立制作公司,,2017-08-08
3262506,Independent Program Producer Association {=IPPA},独立制作人协会,,2017-08-08
3262507,independent regulatory agency,独立管制机构；独立管制机关,,2017-08-08
3262508,independent regulatory agency {=IRA},独立管制机关,,2017-08-08
3262509,independent research company,独立研究公司,,2017-08-08
3262510,independent shopping guide,独立购物指南,,2017-08-08
3262511,Independent Telegraphic Convention {=ITC},国际电信公约,,2017-08-08
3262512,Independent Television Authority {=ITA},{英国}独立电视管理局,,2017-08-08
3262513,Independent Television Commission {=ITC},{英国}独立电视委员会,,2017-08-08
3262514,Independent Television News,{英国}独立新闻网,,2017-08-08
3262515,Independent Television News {=ITN},{英国}独立电视新闻台,,2017-08-08
3262516,Independent Television {=ITV},{英国}独立电视网,,2017-08-08
3262517,Independent TV,{英国}独立电视公司,,2017-08-08
3262518,independent variable,自变项,,2017-08-08
3262519,independent voter,独立选民,,2017-08-08
3262520,index,指标；指示符号；索引,,2017-08-08
3262521,index of reliability,信度指数,,2017-08-08
3262522,index of subjective meaning,主观意义指标,,2017-08-08
3262523,index of validity,效度指数,,2017-08-08
3262524,index vector,指数向量；指数象限,,2017-08-08
3262525,indexical,指标的,,2017-08-08
3262526,indexicality,索引；指标性,,2017-08-08
3262527,India Telecom Commission,印度电信委员会,,2017-08-08
3262528,indicator,指标,,2017-08-08
3262529,indicator for the information society,资讯社会指标,,2017-08-08
3262530,indigenous sound,现场声；原声,,2017-08-08
3262531,indigenous tradition,原住民传统,,2017-08-08
3262532,indirect cause,间接病因,,2017-08-08
3262533,indirect contributing factor,间接促成因素；间接促成因子,,2017-08-08
3262534,indirect discourse,间接论述；间接话语,,2017-08-08
3262535,indirect effect,间接效果；间接效应,,2017-08-08
3262536,indirect effect model,间接效应模式,,2017-08-08
3262537,indirect quotation,间接引述,,2017-08-08
3262538,indirect relief printing,间接凸版印刷,,2017-08-08
3262539,indirect suggestion,间接建议,,2017-08-08
3262540,individual,个人,,2017-08-08
3262541,individual attribute,个人属性；个人特质,,2017-08-08
3262542,individual brand,个别品牌,,2017-08-08
3262543,individual license variation,个别许可变更,,2017-08-08
3262544,individual participation principle,个人参与原则,,2017-08-08
3262545,individual telephone,个人电话,,2017-08-08
3262546,individual trait,个人特质,,2017-08-08
3262547,individual-level health problem,个人层次的健康问题,,2017-08-08
3262548,individual-level process model,个人层次过程模式,,2017-08-08
3262549,individual-using-radio rating,个人广播收听率,,2017-08-08
3262550,individual-using-television rating,个人电视收视率,,2017-08-08
3262551,individualism,个人主义,,2017-08-08
3262552,individuality,个体性,,2017-08-08
3262553,indoor light,室内光,,2017-08-08
3262554,induction,归纳,,2017-08-08
3262555,induction period,诱导期,,2017-08-08
3262556,inductive analysis,归纳分析,,2017-08-08
3262557,inductive assumption,归纳前提,,2017-08-08
3262558,inductive code,归纳分类码,,2017-08-08
3262559,inductive coding,归纳编码,,2017-08-08
3262560,inductive data analysis,归纳资料分析,,2017-08-08
3262561,inductive method,归纳法,,2017-08-08
3262562,inductive reasoning,归纳推论,,2017-08-08
3262563,industrial advertising,产业广告,,2017-08-08
3262564,industrial and commercial video,工商影片,,2017-08-08
3262565,industrial collecting principle,{智财权}辛勤搜集原则,,2017-08-08
3262566,industrial espionage,产业间谍,,2017-08-08
3262567,industrial film,工业影片,,2017-08-08
3262568,industrial market,产业市场,,2017-08-08
3262569,industrial revolution,工业革命,,2017-08-08
3262570,Industry & Technology Information Services {=ITIS},产业技术资讯服务计划,,2017-08-08
3262571,industry analysis,工业分析；产业分析,,2017-08-08
3262572,industry code,业者自律规范,,2017-08-08
3262573,industry guide,产业指南,,2017-08-08
3262574,inequality,不均等,,2017-08-08
3262575,inequitable distribution factor,分配不均因素,,2017-08-08
3262576,infant feeding,婴儿哺喂,,2017-08-08
3262577,infant mortality rate,婴儿死亡率,,2017-08-08
3262578,infantile paralysis,小儿麻痺症,,2017-08-08
3262579,infection,感染,,2017-08-08
3262580,infectious agent,传染原,,2017-08-08
3262581,infectious disease,传染病,,2017-08-08
3262582,inference,推理；推论,,2017-08-08
3262583,inferred consent,推定同意,,2017-08-08
3262584,infertility,不孕症,,2017-08-08
3262585,inflammable film,易燃性胶片,,2017-08-08
3262586,inflammation,发炎,,2017-08-08
3262587,inflated self-esteem,自大；自我膨胀,,2017-08-08
3262588,inflow,[自别台]流入,,2017-08-08
3262589,influence peddling,影响力操弄,,2017-08-08
3262590,influenza,流行性感冒；流感,,2017-08-08
3262591,influenza vaccine,流行性感冒疫苗；流感疫苗,,2017-08-08
3262592,influenza-like illness{=ILI},类流感,,2017-08-08
3262593,Infocom Development Authority {=IDA},{新加坡}资讯通讯发展局,,2017-08-08
3262594,infographics,图解资讯,,2017-08-08
3262595,infomercial,资讯式广告；资讯商业化节目,,2017-08-08
3262596,informal channel of communication,非正式沟通管道,,2017-08-08
3262597,informal interview,非正式访谈,,2017-08-08
3262598,informal research,非正式研究,,2017-08-08
3262599,informant,消息来源；线民,,2017-08-08
3262600,informatics,资讯学,,2017-08-08
3262601,information,资讯,,2017-08-08
3262602,Information and Communication Services Act,{德国}资讯与通讯服务法,,2017-08-08
3262603,Information and Communication Technology {=ICT},资讯传播科技,,2017-08-08
3262604,information asymmetry,资讯不对等；资讯不对称,,2017-08-08
3262605,information bit,资讯元,,2017-08-08
3262606,information broker,资讯中介者；资讯掮客,,2017-08-08
3262607,information communication,资讯通讯；资讯传播,,2017-08-08
3262608,information communication technology,资通讯科技；资讯传播科技,,2017-08-08
3262609,information consumer {=IC},资讯消费者,,2017-08-08
3262610,information credibility,资讯可信度,,2017-08-08
3262611,information density in graphics,图像资讯密度,,2017-08-08
3262612,information dissemination,资讯散播,,2017-08-08
3262613,information economy,资讯经济,,2017-08-08
3262614,information film,资讯影片,,2017-08-08
3262615,information flow,资讯流,,2017-08-08
3262616,information gap,资讯差距；资讯沟,,2017-08-08
3262617,information gathering technology,资讯搜集技术,,2017-08-08
3262618,information governance in the cloud,云端资讯管理,,2017-08-08
3262619,information highway,资讯高速公路,,2017-08-08
3262620,information inequity,资讯不平等,,2017-08-08
3262621,information integration theory,资讯整合理论,,2017-08-08
3262622,information interpretation,资讯诠释；信息诠释,,2017-08-08
3262623,information law,资讯法,,2017-08-08
3262624,information layer model,资讯层模组,,2017-08-08
3262625,information management program,资讯管理计划,,2017-08-08
3262626,information management system {=IMS},资讯管理系统,,2017-08-08
3262627,information monopoly,资讯独占,,2017-08-08
3262628,information network,资讯网路,,2017-08-08
3262629,information network security,资讯网路安全,,2017-08-08
3262630,information offer,资讯提供,,2017-08-08
3262631,information packaging technology,资讯包裹技术,,2017-08-08
3262632,information poor,资讯匮乏；资讯贫穷,,2017-08-08
3262633,information privacy,资讯隐私,,2017-08-08
3262634,information processing,资讯处理,,2017-08-08
3262635,information processing approach,资讯处理取向,,2017-08-08
3262636,information provider {=IP},资讯供应者,,2017-08-08
3262637,information provision approach,资讯供应取径,,2017-08-08
3262638,information revelation,资讯揭露,,2017-08-08
3262639,information revolution,资讯革命,,2017-08-08
3262640,information sector,资讯部门,,2017-08-08
3262641,information security,资讯安全,,2017-08-08
3262642,information service,资讯服务,,2017-08-08
3262643,information society,资讯社会,,2017-08-08
3262644,information source characteristic,资讯来源特质,,2017-08-08
3262645,information sovereignty,资讯主权,,2017-08-08
3262646,information sponsor,资讯赞助者,,2017-08-08
3262647,information subsidy,资讯津贴,,2017-08-08
3262648,information superhighway,资讯高速公路,,2017-08-08
3262649,Information Technology Advisory Panel {=ITAP},资讯技术咨询委员会,,2017-08-08
3262650,Information Technology Agreement {=ITA},资讯技术协定,,2017-08-08
3262651,Information technology {=IT} productivity paradox,资讯科技生产力悖论；资讯科技生产力逆说,,2017-08-08
3262652,information terrorism,资讯恐怖主义,,2017-08-08
3262653,information utility theory,资讯效用理论,,2017-08-08
3262654,information worker,资讯工作者,,2017-08-08
3262655,information-motivation-behavioral {=IMB} skills model,资讯─动机─行为技能模式,,2017-08-08
3262656,information-processing capability,资讯处理能力,,2017-08-08
3262657,information-processing strategy,资讯处理策略,,2017-08-08
3262658,information-seeking,资讯搜寻,,2017-08-08
3262659,information-seeking pattern,资讯搜寻模式,,2017-08-08
3262660,information-sharing function,资讯共享功能,,2017-08-08
3262661,informational literacy,资讯素养,,2017-08-08
3262662,informed consent,知情同意,,2017-08-08
3262663,informed reporting,充分报导,,2017-08-08
3262664,informing policy,告知政策,,2017-08-08
3262665,infortainment,资讯娱乐[节目],,2017-08-08
3262666,infotainment,资讯娱乐；娱乐性新闻节目,,2017-08-08
3262667,infrared,红外线,,2017-08-08
3262668,Infrared Data Association {=IrDA},红外线数据协会,,2017-08-08
3262669,infrared focus,红外线对焦,,2017-08-08
3262670,infrared photography,红外线摄影,,2017-08-08
3262671,infrastructure,基础建设；基础结构,,2017-08-08
3262672,Infrastructure as a Service {=IaaS},基础建设即服务；作为服务的基础建设,,2017-08-08
3262673,infringement of copyright,违反著作权,,2017-08-08
3262674,infringing copy,侵犯著作权复制品,,2017-08-08
3262675,ingénue,清纯玉女,,2017-08-08
3262676,ingress traffic,入口资料流,,2017-08-08
3262677,inheritance,遗传,,2017-08-08
3262678,inhibitor,抑制剂；抗化剂,,2017-08-08
3262679,initial interest confusion,最初利益混淆,,2017-08-08
3262680,initiating stage,起始阶段,,2017-08-08
3262681,injection,注射,,2017-08-08
3262682,injunction,禁制令；强制令,,2017-08-08
3262683,inking,描边,,2017-08-08
3262684,Inmarsat {=International Maritime Satellite},国际海事卫星组织,,2017-08-08
3262685,Inmarsat {=International Maritime Satellite} communication service,国际海事卫星通信服务,,2017-08-08
3262686,inner code rate,内编码率,,2017-08-08
3262687,inner element focusing,{变焦镜头}中群对焦,,2017-08-08
3262688,innocent dissemination,无心散播,,2017-08-08
3262689,innoculation theory,预防注射理论；预防接种理论,,2017-08-08
3262690,innovation diffusion theory,创新传布理论,,2017-08-08
3262691,innovation-decision process,创新决策过程,,2017-08-08
3262692,innovation-development process,创新发展过程,,2017-08-08
3262693,innovativeness,创新性,,2017-08-08
3262694,innovator,创新者,,2017-08-08
3262695,inoculation,思想灌输；预防接种,,2017-08-08
3262696,inoculation ads,事先预防广告,,2017-08-08
3262697,inoculation strategy,事先预防策略,,2017-08-08
3262698,input distortion,输入失真,,2017-08-08
3262699,input field,输入栏位,,2017-08-08
3262700,input objective,输入目标,,2017-08-08
3262701,input-process-output model {=IPO},输入─处理─输出模式,,2017-08-08
3262702,input-process-output-outcome model {=IPOO},输入─处理─输出─结果模式,,2017-08-08
3262703,inquiry page,查询用网页,,2017-08-08
3262704,inquiry test,询问测试,,2017-08-08
3262705,INS {=International News Service},{美国}国际新闻社,,2017-08-08
3262706,Insat {=The Indian National Satellite},印度国家卫星,,2017-08-08
3262707,insert,插稿；插补；插播；夹页广告；嵌入,,2017-08-08
3262708,insert edit,嵌入剪辑,,2017-08-08
3262709,insert editing,嵌入式剪辑,,2017-08-08
3262710,insert shot,嵌入镜头,,2017-08-08
3262711,insertion order,刊登版位,,2017-08-08
3262712,inside card,车厢内广告,,2017-08-08
3262713,inside edition,内幕新闻,,2017-08-08
3262714,inside story,内幕消息,,2017-08-08
3262715,insider view,局内人观点,,2017-08-08
3262716,insitiutional advertising,企业广告,,2017-08-08
3262717,insomnia,失眠,,2017-08-08
3262718,installation and removal of local telephone service,市话装机、移机及拆机服务,,2017-08-08
3262719,instant journalism,即时新闻,,2017-08-08
3262720,instant messaging,即时讯息；即时通,,2017-08-08
3262721,instant replay,立即重播,,2017-08-08
3262722,instantaneous editing,{导播台}即时编辑,,2017-08-08
3262723,instantaneous-audience rating,即时阅听率,,2017-08-08
3262724,instigation theory,激发理论,,2017-08-08
3262725,Institute of Electrical and Electronics Engineer {=IEEE},电子电机工程师协会,,2017-08-08
3262726,institution,机构；体制,,2017-08-08
3262727,institutional autonomy,机构自主权,,2017-08-08
3262728,institutional change,制度变迁；机构变迁,,2017-08-08
3262729,institutional journalism,制度化报业,,2017-08-08
3262730,institutional sphere,制度场域,,2017-08-08
3262731,instructional television {=ITV},教学电视,,2017-08-08
3262732,instructional TV fix service {=ITFS},教学电视固定传输服务,,2017-08-08
3262733,instrument design,工具设计,,2017-08-08
3262734,instrumental action,工具性行动,,2017-08-08
3262735,instrumental activities of daily living{=IADL},工具性日常活动,,2017-08-08
3262736,instrumental conditioning,工具性制约,,2017-08-08
3262737,instrumental learning perspective,工具性学习观点,,2017-08-08
3262738,instrumental model of personal responsibility,个人责任工具模式,,2017-08-08
3262739,instrumental rationality,工具理性,,2017-08-08
3262740,instrumental value,工具价值,,2017-08-08
3262741,instrumentality,手段；工具,,2017-08-08
3262742,insurance take,备用镜头,,2017-08-08
3262743,insured,被保险人,,2017-08-08
3262744,insurer,保险人,,2017-08-08
3262745,integrated access device {=IAD},整合近用设施,,2017-08-08
3262746,integrated circuit {=IC},积体电路,,2017-08-08
3262747,integrated communication,整合传播,,2017-08-08
3262748,integrated digital network {=IDN},整合数位网路,,2017-08-08
3262749,integrated marketing communication {=IMC},整合行销传播,,2017-08-08
3262750,integrated program,整合型计划,,2017-08-08
3262751,integrated public relations media model,整合公关媒体模式,,2017-08-08
3262752,integrated receiver decoder {=IRD},整合接收解码器,,2017-08-08
3262753,integrated receiver decorder {=IRD},收讯解码器,,2017-08-08
3262754,integrated receiver device {=IRD},整合接收装置,,2017-08-08
3262755,integrated service digital broadcasting {=ISDB},整合服务数位广播,,2017-08-08
3262756,integrated service digital network {=ISDN},整合服务数位网路,,2017-08-08
3262757,integrated services digital broadcasting-satellite {=ISDB-S},整合服务数位广播－卫星系统,,2017-08-08
3262758,integrated special service network {=ISSN},整合式网路服务,,2017-08-08
3262759,integrated theory framework,整合理论架构,,2017-08-08
3262760,integration,整合,,2017-08-08
3262761,integrationist,整合者,,2017-08-08
3262762,integrative health model,整合健康模式,,2017-08-08
3262763,integrative health theory,整合健康理论,,2017-08-08
3262764,integrative medicine,整合医学,,2017-08-08
3262765,intellectual creation,智慧创作,,2017-08-08
3262766,intellectual disability,智能障碍,,2017-08-08
3262767,intellectual property,智慧财产,,2017-08-08
3262768,intellectual property right,智慧财产权,,2017-08-08
3262769,intelligent network {=IN},智慧型网路,,2017-08-08
3262770,intelligent tag,智慧标签,,2017-08-08
3262771,intelligent tag radar,智慧标签雷达,,2017-08-08
3262772,intelligibility,可理解性,,2017-08-08
3262773,Intelsat business service carrier {=IBSC},国际商务载波,,2017-08-08
3262774,Intelsat {=International Telecommunication Satellite Organization},国际电信卫星组织,,2017-08-08
3262775,Intelsat-1,国际电讯卫星一号,,2017-08-08
3262776,intended effect,预期效果,,2017-08-08
3262777,intensification effect,增强效果；强化效果,,2017-08-08
3262778,intensifying,加强；强度,,2017-08-08
3262779,intensifying stage,强化期,,2017-08-08
3262780,intensity of illumination,照明强度；流明度,,2017-08-08
3262781,intensive distribution,密集配销,,2017-08-08
3262782,intensive interview,密集访问,,2017-08-08
3262783,intensive reporting,密集报导,,2017-08-08
3262784,intention,意图,,2017-08-08
3262785,intentional spill over,{卫星}蓄意溢波,,2017-08-08
3262786,intentional stance,刻意立场,,2017-08-08
3262787,intentionality,意向性；意图性,,2017-08-08
3262788,Inter American Press Association,美洲新闻协会,,2017-08-08
3262789,inter quartile range,四分位距,,2017-08-08
3262790,inter symbol interference {=ISI},符际干扰,,2017-08-08
3262791,Inter-American Telecommunications Network {=IATN},泛美电信网路,,2017-08-08
3262792,interact,互动,,2017-08-08
3262793,interaction,互动,,2017-08-08
3262794,interaction cue,互动线索,,2017-08-08
3262795,interaction effect,{统计}交互作用；交互效果,,2017-08-08
3262796,interaction management,互动管理,,2017-08-08
3262797,interaction territory,互动领域,,2017-08-08
3262798,interactive,互动的,,2017-08-08
3262799,interactive agent,互动代理人,,2017-08-08
3262800,interactive communication,互动传播,,2017-08-08
3262801,interactive compact disc viewer,互动光碟播放器,,2017-08-08
3262802,interactive domain model {=IDM},互动领域模式,,2017-08-08
3262803,interactive graphic system {=IGS},互动图像系统,,2017-08-08
3262804,interactive media,互动媒体,,2017-08-08
3262805,Interactive Multimedia Association {=IMA},{美国}互动多媒体协会,,2017-08-08
3262806,interactive multimedia works,互动多媒体作品,,2017-08-08
3262807,Interactive Program Guide {=IPG},互动节目表,,2017-08-08
3262808,interactive research,互动研究,,2017-08-08
3262809,interactive rhetoric strategy,互动修辞策略,,2017-08-08
3262810,interactive television {=iTV},互动电视,,2017-08-08
3262811,interactive transmission,互动式传输,,2017-08-08
3262812,interactive TV,互动电视,,2017-08-08
3262813,interactive video,互动影音,,2017-08-08
3262814,interactive video on demand {=IVOD},互动随选视讯,,2017-08-08
3262815,interactive videodisc {=IVD},互动式影碟,,2017-08-08
3262816,interactive voice response,互动式语音回应,,2017-08-08
3262817,interactive voice response {=IVR},互动式语音答询,,2017-08-08
3262818,interactivity,互动性,,2017-08-08
3262819,intercept,截听；拦截,,2017-08-08
3262820,intercoder reliability,编码员[间]信度,,2017-08-08
3262821,intercom system,内部通话系统,,2017-08-08
3262822,interconnect industry,接续产业,,2017-08-08
3262823,interconnection,互连,,2017-08-08
3262824,interconnection charge,互连费,,2017-08-08
3262825,intercorrelation matrix,相关矩阵,,2017-08-08
3262826,intercultural communication,文化间传播,,2017-08-08
3262827,intercultural identity,跨文化认同,,2017-08-08
3262828,intercutting,间隔剪接,,2017-08-08
3262829,interdependency theory,互赖理论,,2017-08-08
3262830,interdisciplinary,跨领域的,,2017-08-08
3262831,interdisciplinary research,跨领域研究,,2017-08-08
3262832,interdisciplinary science,跨领域科学,,2017-08-08
3262833,interdiscursivity,交互话语[性]；互语性；交互论述,,2017-08-08
3262834,interest,利益；兴趣,,2017-08-08
3262835,interest group,利益团体,,2017-08-08
3262836,interest group model,利益团体模式,,2017-08-08
3262837,interest group politics,利益团体政治学,,2017-08-08
3262838,interested persons and parties,利益关系人或团体,,2017-08-08
3262839,interface,介面,,2017-08-08
3262840,interference,讯号干扰,,2017-08-08
3262841,interference susceptibility,干扰感应度,,2017-08-08
3262842,interference visibility,干扰可见度,,2017-08-08
3262843,intergrated services digital broadcasting-terrestrial {=ISDB-T},整合服务数位广播－地面系统,,2017-08-08
3262844,interim agreement,临时协议,,2017-08-08
3262845,interim standard,暂时性标准,,2017-08-08
3262846,interior,内在的；内景,,2017-08-08
3262847,interior paragraph,文案段落,,2017-08-08
3262848,interiority,内在性,,2017-08-08
3262849,interlace,间插式；交错式,,2017-08-08
3262850,interlaced scanning,间插扫描；交错扫描,,2017-08-08
3262851,interlaced scanning system,间插扫描系统；交错扫描系统,,2017-08-08
3262852,interleaved spectrum,间隔频谱,,2017-08-08
3262853,interlock,同步锁定,,2017-08-08
3262854,intermedia agenda-setting,媒体间议题设定,,2017-08-08
3262855,intermediary,媒介[物]；中介[物],,2017-08-08
3262856,intermediate,中介,,2017-08-08
3262857,intermediate frequency,中频,,2017-08-08
3262858,Interministerial Information,{法国}部会间新闻委员会,,2017-08-08
3262859,intermittent,周期性；间歇性,,2017-08-08
3262860,intermittent movement,间歇运动,,2017-08-08
3262861,intermodulation,调变,,2017-08-08
3262862,internal attribution,内在归因,,2017-08-08
3262863,internal communication,内部沟通,,2017-08-08
3262864,internal consistency,内部一致性,,2017-08-08
3262865,internal consistency reliablity,内部一致性信度,,2017-08-08
3262866,internal efficacy,内在效能；内部效能,,2017-08-08
3262867,internal focus {=IF},内对焦系统,,2017-08-08
3262868,internal focusing,内调焦；内对焦,,2017-08-08
3262869,internal homogeneity,内部同质性,,2017-08-08
3262870,internal invalidity,无内部效度,,2017-08-08
3262871,internal key,内部嵌入,,2017-08-08
3262872,internal locus of control,内在控制,,2017-08-08
3262873,internal logic,内在逻辑,,2017-08-08
3262874,internal marketing,内部行销,,2017-08-08
3262875,internal monologue,内在独白,,2017-08-08
3262876,internal political efficacy,内在政治效能；内部政治效能,,2017-08-08
3262877,internal public relation,内部公共关系,,2017-08-08
3262878,internal reflector spotlight,内建反射式聚光灯,,2017-08-08
3262879,internal resistance,内阻抗,,2017-08-08
3262880,internal rhythm,内在节奏,,2017-08-08
3262881,internal stakeholder,内部利害关系人,,2017-08-08
3262882,internal summary,小结,,2017-08-08
3262883,internal validity,内部效度,,2017-08-08
3262884,internalization,内化,,2017-08-08
3262885,internalizer,脸部表情内敛者,,2017-08-08
3262886,internally-created party,内造政党,,2017-08-08
3262887,International Ad Hoc Committee {=IAHC},国际网域名称分配特设委员会,,2017-08-08
3262888,international advertising,国际广告,,2017-08-08
3262889,international agency,国际代理商；国际广告公司,,2017-08-08
3262890,International Amateur Radio Union {=IARU},国际业余无线电联盟,,2017-08-08
3262891,International Animated Film Association,国际动画协会,,2017-08-08
3262892,International Association for Mass Communication Research {=IAMCR},国际大众传播学会,,2017-08-08
3262893,International Association for Media and Communication Research {=IAMCR},国际媒体与传播研究学会,,2017-08-08
3262894,International Association of Business Communicators {=IABC},国际企业传播者协会,,2017-08-08
3262895,International Association of Independent Producers,国际独立制片人协会,,2017-08-08
3262896,international audience,国际阅听众,,2017-08-08
3262897,international brand,国际品牌,,2017-08-08
3262898,International Broadcasting Conference {=IBC},国际广播电视会议,,2017-08-08
3262899,international brotherhood of electrical workers {=IBEW},国际电子从业人员联盟,,2017-08-08
3262900,International Center for Journalists,{美国}国际记者中心,,2017-08-08
3262901,international classification of disease codes,国际疾病分类码,,2017-08-08
3262902,international classification of diseases {=ICD},国际疾病分类,,2017-08-08
3262903,International Commission on Non-Ionizing Radiation Protection {=ICNIRP},国际非游离辐射防护委员会,,2017-08-08
3262904,international communication,国际传播,,2017-08-08
3262905,International Communication Association {=ICA},{美国}国际传播学会,,2017-08-08
3262906,international corporate public relation,国际企业公共关系,,2017-08-08
3262907,International Covenant on Civil and Political Rights,公民与政治权利国际公约,,2017-08-08
3262908,International Data Corporation {=IDC},{日本}国际数据资讯公司,,2017-08-08
3262909,international direct dialing {=IDD},国际直拨电话,,2017-08-08
3262910,International Documentary Association,国际纪录片协会,,2017-08-08
3262911,International Educational TV Festival,国际教育电视展,,2017-08-08
3262912,International Electrotechnical Commission {=IEC},国际电子技术委员会,,2017-08-08
3262913,international facsimile service,国际传真服务,,2017-08-08
3262914,International Federation of Environmental Journalists,国际环保记者联合会,,2017-08-08
3262915,International Federation of Journalists,国际记者联合会,,2017-08-08
3262916,International Film and Television Festival of New York,纽约国际电影电视节,,2017-08-08
3262917,international flow,国际流动,,2017-08-08
3262918,International Frequency Registration Board {=IFRB},国际频率注册委员会,,2017-08-08
3262919,international government public relations,国际政府公共关系,,2017-08-08
3262920,international health,国际卫生；国际健康,,2017-08-08
3262921,International Herald Tribune,{美国}国际前锋论坛报,,2017-08-08
3262922,international image cultivation,国际形象涵化,,2017-08-08
3262923,International Information Administration,{美国}国际新闻署,,2017-08-08
3262924,international information network {=IIN},全球资讯网路,,2017-08-08
3262925,International Institute of Communications {=IIC},{英国}国际通讯协会,,2017-08-08
3262926,international leased circuit service,国际出租线路服务,,2017-08-08
3262927,International Maritime Satellite Act,国际海事卫星法,,2017-08-08
3262928,International Maritime Satellite {=Inmarsat},国际海事卫星组织,,2017-08-08
3262929,International Maritime Satellite {=Inmarsat} communication service,国际海事卫星通信服务,,2017-08-08
3262930,international market,国际市场,,2017-08-08
3262931,international media,国际媒体,,2017-08-08
3262932,International Mobile Satellite Organization,国际行动卫星组织,,2017-08-08
3262933,International Mobile Telecommunication-2000 {=IMT-2000},国际行动通讯 2000,,2017-08-08
3262934,international negotiation,国际协商,,2017-08-08
3262935,international news,国际新闻,,2017-08-08
3262936,International News Photos,{美国}国际新闻图片供应社,,2017-08-08
3262937,International News Service {=INS},{美国}国际新闻社,,2017-08-08
3262938,international organization,国际组织,,2017-08-08
3262939,international organization for standardization {=ISO},国际标准化组织,,2017-08-08
3262940,International Organization of Space Communications {=Intersputnik},国际太空通讯组织,,2017-08-08
3262941,international packet exchange {=IPX},国际封包交换,,2017-08-08
3262942,International Political Science Association {=IPSA},国际政治学会,,2017-08-08
3262943,International Press Association {=IPA},{美国}国际新闻协会,,2017-08-08
3262944,International Press Institute {=IPI},国际新闻学会,,2017-08-08
3262945,international protection,国际保护,,2017-08-08
3262946,international public relations,国际公共关系,,2017-08-08
3262947,International Public Relations Association {=IPRA},国际公共关系协会,,2017-08-08
3262948,international public telegram service,国际电报服务,,2017-08-08
3262949,international publics,国际公众　,,2017-08-08
3262950,International Radio Advisory Committee,国际无线电咨询委员会,,2017-08-08
3262951,International Radio Consultative Committee {=CCIR},国际广播咨询委员会,,2017-08-08
3262952,International Radio Regulations,国际无线电规则,,2017-08-08
3262953,international satellite,国际卫星,,2017-08-08
3262954,International Satellite Directory,{刊物}国际卫星指南,,2017-08-08
3262955,international simple resale {=ISR},国际单纯语音转售,,2017-08-08
3262956,international submarine cable license,国际海缆执照,,2017-08-08
3262957,International Telecom Development Co. {=ITDC},国际电讯开发公司,,2017-08-08
3262958,International Telecommunication Satellite Organization {=Intelsat},国际电信卫星组织,,2017-08-08
3262959,International Telecommunication Union {=ITU},国际电信通讯联盟,,2017-08-08
3262960,International Telegraph Union,国际电报联盟,,2017-08-08
3262961,International Telephone and Telegraph Corporation {=ITTC},{美国}国际电话电信公司,,2017-08-08
3262962,international telephone service,国际电话服务,,2017-08-08
3262963,International Television Association {=ITVA},国际电视协会,,2017-08-08
3262964,international telex service,国际电传服务,,2017-08-08
3262965,International TV Film Festival of Monte Carlo,蒙地卡罗国际电视电影展,,2017-08-08
3262966,international videoconference service,国际视讯会议服务,,2017-08-08
3262967,International Visual Communications Association {=IVCA},国际视觉传播协会,,2017-08-08
3262968,internaut,网路漫游者；网路太空人,,2017-08-08
3262969,internesia,网路内容失忆症,,2017-08-08
3262970,internet,网际网路,,2017-08-08
3262971,internet access,网路进用；网路近用,,2017-08-08
3262972,internet addiction,网路成瘾,,2017-08-08
3262973,Internet Assigned Numbers Authority {=IANA},网路通讯协定注册中心,,2017-08-08
3262974,internet call waiting service {=ICWS},网路来电等待服务,,2017-08-08
3262975,internet campaign,网路竞选；网路宣传,,2017-08-08
3262976,internet content guidelines,网路内容守则,,2017-08-08
3262977,internet content provider {=ICP},网路内容供应商,,2017-08-08
3262978,Internet Corporation for Assigned Names and Numbers {=ICANN},网际网路指定名称与位址管理机构；网路名称与号码分配组织；网址注册中心,,2017-08-08
3262979,Internet Engineering Task Force {=IETF},网路工程任务小组,,2017-08-08
3262980,Internet Freedom Act of 2009,{美国}2009年网路自由法案,,2017-08-08
3262981,Internet Governance Forum {=IGF},网路治理论坛,,2017-08-08
3262982,internet group management protocol {=IGMP},网际网路群组管理协定,,2017-08-08
3262983,Internet Information Service {=IIS},网路资讯服务,,2017-08-08
3262984,internet journalism,网路新闻学,,2017-08-08
3262985,internet law,网路法,,2017-08-08
3262986,Internet Network Information Center {=InterNIC},网路资讯中心；网际网路资讯中心,,2017-08-08
3262987,Internet of Things {=IOT},物联网,,2017-08-08
3262988,internet peering bandwidth,网际网路互连频宽,,2017-08-08
3262989,internet politics,网路政治,,2017-08-08
3262990,internet protocol detail record organization {=IPDR},网路协定细目纪录组织,,2017-08-08
3262991,internet protocol multimedia subsystem{=IMS},网际网路协定多媒体子系统,,2017-08-08
3262992,internet protocol television {=IPTV},网路电视,,2017-08-08
3262993,internet protocol version 6 {=IPv6},网际网路协定第六版,,2017-08-08
3262994,internet protocol video on demand {=IP VoD}server cluster,网路协定随选视讯伺服器群组,,2017-08-08
3262995,internet protocol {=IP},网际网路协定,,2017-08-08
3262996,internet relay chat,网路聊天,,2017-08-08
3262997,internet relay chat room,网路聊天室,,2017-08-08
3262998,internet research,网路研究,,2017-08-08
3262999,Internet Research Task Force {=IRTF},网路研究任务小组,,2017-08-08
3263000,Internet Service Protocol {=ISP},网路服务通讯协定,,2017-08-08
3263001,internet service provider,网路服务提供者,,2017-08-08
3263002,internet service provider {=ISP},网际网路服务供应者,,2017-08-08
3263003,Internet Society {=ISOC},网际网路协会,,2017-08-08
3263004,Internet Streaming Media Alliance {=ISMA},网路串流媒体联盟,,2017-08-08
3263005,internet television,网路电视,,2017-08-08
3263006,internet use,网路使用,,2017-08-08
3263007,Internet Watch Foundation {=IWF},{英国}网路观察基金会,,2017-08-08
3263008,Internews,{美国}互联新闻,,2017-08-08
3263009,InterNIC {=Internet Network Information Center},网路资讯中心；网际网路资讯中心,,2017-08-08
3263010,interobserver reliability,观察者[间]信度,,2017-08-08
3263011,interoffice transmission facilities,局间传输设备,,2017-08-08
3263012,interoperability,可互通性；{号码}可携式,,2017-08-08
3263013,interoperation,可互操作性,,2017-08-08
3263014,interpellation,召唤,,2017-08-08
3263015,interpersonal communication,人际传播；人际沟通,,2017-08-08
3263016,interpersonal influence,人际影响,,2017-08-08
3263017,interpersonal needs,人际需求,,2017-08-08
3263018,interpersonal relationship,人际关系,,2017-08-08
3263019,interpretant,解释义,,2017-08-08
3263020,interpretative news,解释性新闻,,2017-08-08
3263021,interpretative report,解释性报导,,2017-08-08
3263022,interpretive community,诠释社群,,2017-08-08
3263023,interpretive paradigm,诠释学典范,,2017-08-08
3263024,interpretive repertoire,诠释资源库,,2017-08-08
3263025,interrater reliability,评分员[间]内在信度,,2017-08-08
3263026,interrupted time series design,时间序列中断设计,,2017-08-08
3263027,interruptible feedback,可插入式音频回馈系统,,2017-08-08
3263028,interruptible foldback broadcasting {=IFB},可插入无线节目返送系统,,2017-08-08
3263029,interruptible foldback intercom system {=IFB},插话式内部通话系统,,2017-08-08
3263030,Intersputnik {=International Organization of Space Communications},国际太空通讯组织,,2017-08-08
3263031,Interstate Broadcasting Act,{德国}邦际广电法,,2017-08-08
3263032,interstate information service,{美国}跨州资讯服务,,2017-08-08
3263033,intersubjectivity,互为主体性；交互主体性,,2017-08-08
3263034,intertext,交互文本,,2017-08-08
3263035,intertextual,互文的；交互文本的,,2017-08-08
3263036,intertextual dialogue,交互文本对话；互文本对话,,2017-08-08
3263037,intertextuality,互文性,,2017-08-08
3263038,interval,等距,,2017-08-08
3263039,interval measure,等距测量,,2017-08-08
3263040,interval sampling,等距抽样,,2017-08-08
3263041,interval scale,等距标尺；等距尺度,,2017-08-08
3263042,interval shooting,间隔摄影；定时摄影,,2017-08-08
3263043,interval variable,等距变项,,2017-08-08
3263044,intervalometer,变速器,,2017-08-08
3263045,intervening variable,中介变数；中介变项,,2017-08-08
3263046,intervention,介入,,2017-08-08
3263047,intervention design,介入设计,,2017-08-08
3263048,intervention framework,介入架构,,2017-08-08
3263049,intervention mix,介入组合,,2017-08-08
3263050,intervention objective,介入目标,,2017-08-08
3263051,intervention planner,介入规划者,,2017-08-08
3263052,intervention targeting,以介入为目标,,2017-08-08
3263053,interventionist,介入主义者,,2017-08-08
3263054,interview,访谈,,2017-08-08
3263055,interview set,访问景,,2017-08-08
3263056,interview transcript,访谈逐字稿,,2017-08-08
3263057,interviewee,受访者,,2017-08-08
3263058,interviewer,访谈者,,2017-08-08
3263059,interviewer effect,访问者效应；访员效应,,2017-08-08
3263060,interviewing,访谈,,2017-08-08
3263061,intra-corporation communication service,企业内部通传服务,,2017-08-08
3263062,intra-party democracy,党内民主,,2017-08-08
3263063,intra-uterine device {=IUD},子宫避孕器,,2017-08-08
3263064,intranet,内部网路,,2017-08-08
3263065,intrapersonal communication,自身传播；内在传播,,2017-08-08
3263066,intravenous drug user {=IDU},静脉注射药瘾者,,2017-08-08
3263067,intrinsic,内在的,,2017-08-08
3263068,intrinsic factor,内在因素,,2017-08-08
3263069,intrinsic validity index,本质内在效度指标,,2017-08-08
3263070,intrinsically regulated behavior,内部调节行为；内部控制行为,,2017-08-08
3263071,intro,导言,,2017-08-08
3263072,introduction,前言；绪论,,2017-08-08
3263073,introductory phase,{产品生命周期}导入期,,2017-08-08
3263074,intrusion upon seclusion,侵犯隐私,,2017-08-08
3263075,invasion of privacy,隐私侵犯,,2017-08-08
3263076,invention,{演说}提出证据,,2017-08-08
3263077,inventory,{广告}提供客户时间；清单；盘点清单,,2017-08-08
3263078,inverse relationship,逆相关,,2017-08-08
3263079,inverse square law,逆平方定律,,2017-08-08
3263080,inverted pyramid,倒宝塔式；倒金字塔式,,2017-08-08
3263081,inverted pyramid approach,倒金字塔模式,,2017-08-08
3263082,inverted-funnel interview,倒宝塔式采访,,2017-08-08
3263083,investigation support,调查支援,,2017-08-08
3263084,investigative interview,调查式采访,,2017-08-08
3263085,investigative report,调查报导,,2017-08-08
3263086,Investigative Reporters and Editors {=IRE},{美国}调查新闻记者与编辑组织,,2017-08-08
3263087,investigatory function,调查功能,,2017-08-08
3263088,investment,投资,,2017-08-08
3263089,investor relation,投资人关系,,2017-08-08
3263090,invisible cutting,无接缝剪接,,2017-08-08
3263091,invisible infringement,无形侵害,,2017-08-08
3263092,invisible splice,无接缝接片,,2017-08-08
3263093,invisible web,隐形网路,,2017-08-08
3263094,invocation model of personal responsibility,个人责任祈愿模式,,2017-08-08
3263095,involuntariness factor,非自愿性因素,,2017-08-08
3263096,involuntary attention,非自主注意；无意的注意,,2017-08-08
3263097,involuntary risk,非自愿性风险,,2017-08-08
3263098,involvement,涉入；参与,,2017-08-08
3263099,ionizing radiation,游离性辐射,,2017-08-08
3263100,IOT {=Internet of Things},物联网,,2017-08-08
3263101,IP address,网路位址；网址,,2017-08-08
3263102,IP blocking,网址阻挡,,2017-08-08
3263103,IP multicast,多点群播,,2017-08-08
3263104,IP number,网路序号,,2017-08-08
3263105,IP peering,网路互连,,2017-08-08
3263106,IP spoofing,网站转址攻击；网址造假,,2017-08-08
3263107,IP switching,网路数据交换,,2017-08-08
3263108,IP VoD {=internet protocol video on demand}server cluster,网路协定随选视讯伺服器群组,,2017-08-08
3263109,IP {=information provider},资讯供应者,,2017-08-08
3263110,IP {=internet protocol},网际网路协定,,2017-08-08
3263111,IPA {=International Press Association},{美国}国际新闻协会,,2017-08-08
3263112,IPDR {=internet protocol detail record organization},网路协定细目纪录组织,,2017-08-08
3263113,IPG {=Interactive Program Guide},互动节目表,,2017-08-08
3263114,IPI {=International Press Institute},国际新闻学会,,2017-08-08
3263115,IPO {=input-process-output model},输入─处理─输出模式,,2017-08-08
3263116,IPOO {=input-process-output-outcome model},输入─处理─输出─结果模式,,2017-08-08
3263117,IPPA {=Independent Program Producer Association},独立制作人协会,,2017-08-08
3263118,IPRA {=International Public Relations Association},国际公共关系协会,,2017-08-08
3263119,IPS {=inch per second},秒吋数,,2017-08-08
3263120,IPSA {=International Political Science Association},国际政治学会,,2017-08-08
3263121,ipsative approach,自比性研究,,2017-08-08
3263122,ipsative score,自比分数,,2017-08-08
3263123,IPTV global standards initiative {=IPTV-GSI},网路电视－全球初始标准,,2017-08-08
3263124,IPTV terminal function {=ITF},网路电视终端功能,,2017-08-08
3263125,IPTV {=internet protocol television},网路电视,,2017-08-08
3263126,IPTV-GSI {=IPTV global standards initiative},网路电视－全球初始标准,,2017-08-08
3263127,IPV {=inactivated polio vaccine},注射式小儿麻痺疫苗；不活化小儿麻痺疫苗,,2017-08-08
3263128,IPv6 {=internet protocol version 6},网际网路协定第六版,,2017-08-08
3263129,IPX {=international packet exchange},国际封包交换,,2017-08-08
3263130,IRA {=independent regulatory agency},独立管制机关,,2017-08-08
3263131,IRD {=integrated receiver decoder},整合接收解码器,,2017-08-08
3263132,IRD {=integrated receiver decorder},收讯解码器,,2017-08-08
3263133,IRD {=integrated receiver device},整合接收装置,,2017-08-08
3263134,IrDA {=Infrared Data Association},红外线数据协会,,2017-08-08
3263135,IRE {=Investigative Reporters and Editors},{美国}调查新闻记者与编辑组织,,2017-08-08
3263136,iridium system,{Motorola全球行动通讯}铱计划,,2017-08-08
3263137,iris,光圈,,2017-08-08
3263138,iris diaphragm,光圈板,,2017-08-08
3263139,irony,反讽,,2017-08-08
3263140,irrelevant response,不相关的回应,,2017-08-08
3263141,irreversibility factor,不可逆转的因素,,2017-08-08
3263142,IRTF {=Internet Research Task Force},网路研究任务小组,,2017-08-08
3263143,ISA {=ideological state apparatus},意识形态国家机器,,2017-08-08
3263144,ISDB {=integrated service digital broadcasting},整合服务数位广播,,2017-08-08
3263145,ISDB-S {=integrated services digital broadcasting-satellite},整合服务数位广播－卫星系统,,2017-08-08
3263146,ISDB-T {=intergrated services digital broadcasting-terrestrial},整合服务数位广播－地面系统,,2017-08-08
3263147,ISDN user part {=ISUP},数位网路整合服务之用户端,,2017-08-08
3263148,ISDN {=integrated service digital network},整合服务数位网路,,2017-08-08
3263149,ISI {=inter symbol interference},符际干扰,,2017-08-08
3263150,Iskra,{俄国}火星报,,2017-08-08
3263151,island half,夹在文字中间的半页广告,,2017-08-08
3263152,ISMA {=Internet Streaming Media Alliance},网路串流媒体联盟,,2017-08-08
3263153,ISO {=international organization for standardization},国际标准化组织,,2017-08-08
3263154,ISOC {=Internet Society},网际网路协会,,2017-08-08
3263155,isochrony,等时,,2017-08-08
3263156,isolate,隔离；孤立者,,2017-08-08
3263157,isolated camera,单机独立录影,,2017-08-08
3263158,isometric,{动画}等角；等距；等体积,,2017-08-08
3263159,isomorphism,同形；同构,,2017-08-08
3263160,isopanchromatic,等全色,,2017-08-08
3263161,isopanchromatic film,等全色胶片,,2017-08-08
3263162,isotropic radiation,等向辐射,,2017-08-08
3263163,ISP {=Internet Service Protocol},网路服务通讯协定,,2017-08-08
3263164,ISP {=internet service provider},网际网路服务供应者,,2017-08-08
3263165,ISR {=international simple resale},国际单纯语音转售,,2017-08-08
3263166,Isreal Broadcasting Authority {=IAB},以色列广播电视局,,2017-08-08
3263167,ISSN {=integrated special service network},整合式网路服务,,2017-08-08
3263168,issue,议题；期；发行,,2017-08-08
3263169,issue advertising,议题广告,,2017-08-08
3263170,issue advocacy,议题倡议,,2017-08-08
3263171,issue advocacy advertising,议题倡议广告,,2017-08-08
3263172,issue analysis,议题分析,,2017-08-08
3263173,issue awareness,议题知晓,,2017-08-08
3263174,issue coverage,议题报导,,2017-08-08
3263175,issue development,议题发展,,2017-08-08
3263176,issue group,议题团体,,2017-08-08
3263177,issue identification,议题界定,,2017-08-08
3263178,issue management,议题管理,,2017-08-08
3263179,issue negotiation,议题协商,,2017-08-08
3263180,issue perception,议题认知,,2017-08-08
3263181,issue placement,议题置入,,2017-08-08
3263182,issue salience,议题显著性,,2017-08-08
3263183,issue sponsor,议题发起人；议题倡导者,,2017-08-08
3263184,issue tracking,议题追踪,,2017-08-08
3263185,issue-attack ads,议题攻击广告,,2017-08-08
3263186,issue-centered program,以议题为中心的方案,,2017-08-08
3263187,issue-image dichotomy,议题形象二分,,2017-08-08
3263188,issue-image positioning,议题形象定位,,2017-08-08
3263189,issues-oriented website,议题导向网站,,2017-08-08
3263190,ISUP {=ISDN user part},数位网路整合服务之用户端,,2017-08-08
3263191,IT {=Information technology} productivity paradox,资讯科技生产力悖论；资讯科技生产力逆说,,2017-08-08
3263192,ITA {=Independent Television Authority},{英国}独立电视管理局,,2017-08-08
3263193,ITA {=Information Technology Agreement},资讯技术协定,,2017-08-08
3263194,ITAP {=Information Technology Advisory Panel},资讯技术咨询委员会,,2017-08-08
3263195,ITC {=Independent Telegraphic Convention},国际电信公约,,2017-08-08
3263196,ITC {=Independent Television Commission},{英国}独立电视委员会,,2017-08-08
3263197,itchy skin,皮肤痒,,2017-08-08
3263198,ITDC {=International Telecom Development Co.},国际电讯开发公司,,2017-08-08
3263199,item analysis,项目分析；题项分析,,2017-08-08
3263200,item discrimination,项目鉴别度；题项鉴别度,,2017-08-08
3263201,item discrimination index,项目鉴别度指数；题项鉴别度指数,,2017-08-08
3263202,item score variance,项目分数变异量；题项分数变异量,,2017-08-08
3263203,iterative journalism,周而复始的新闻,,2017-08-08
3263204,ITF {=IPTV terminal function},网路电视终端功能,,2017-08-08
3263205,ITFS {=instructional TV fix service},教学电视固定传输服务,,2017-08-08
3263206,ITIS {=Industry & Technology Information Services},产业技术资讯服务计划,,2017-08-08
3263207,ITN {=Independent Television News},{英国}独立电视新闻台,,2017-08-08
3263208,ITTC {=International Telephone and Telegraph Corporation},{美国}国际电话电信公司,,2017-08-08
3263209,ITU {=International Telecommunication Union},国际电信通讯联盟,,2017-08-08
3263210,ITU-R {=ITU-Radio Communication Sector},国际电信联合会－无线通讯组,,2017-08-08
3263211,ITU-Radio Communication Sector {=ITU-R},国际电信联合会－无线通讯组,,2017-08-08
3263212,ITU-T {=ITU-Telecommunication Sector},国际电信联合会－电信组,,2017-08-08
3263213,ITU-Telecommunication Sector {=ITU-T},国际电信联合会－电信组,,2017-08-08
3263214,ITV {=Independent Television},{英国}独立电视网,,2017-08-08
3263215,ITV {=instructional television},教学电视,,2017-08-08
3263216,iTV {=interactive television},互动电视,,2017-08-08
3263217,ITVA {=International Television Association},国际电视协会,,2017-08-08
3263218,IUD {=intra-uterine device},子宫避孕器,,2017-08-08
3263219,IVCA {=International Visual Communications Association},国际视觉传播协会,,2017-08-08
3263220,IVD {=interactive videodisc},互动式影碟,,2017-08-08
3263221,IVOD {=interactive video on demand},互动随选视讯,,2017-08-08
3263222,IVR {=interactive voice response},互动式语音答询,,2017-08-08
3263223,IWF {=Internet Watch Foundation},{英国}网路观察基金会,,2017-08-08
3263224,Izvestia,{俄国}消息报,,2017-08-08
3263225,jaggies,锯齿,,2017-08-08
3263226,jam,搅片,,2017-08-08
3263227,jamming,干扰,,2017-08-08
3263228,Japan Newspaper Publishers and Editors Association,日本新闻协会,,2017-08-08
3263229,Japan Times,日本时报,,2017-08-08
3263230,Japanese Satellite Broadcasting {=JSB},日本卫星公司,,2017-08-08
3263231,jargon,术语；行话,,2017-08-08
3263232,java,爪哇程式语言,,2017-08-08
3263233,jazz journalism,爵士新闻；煽情丑闻新闻,,2017-08-08
3263234,JCSC {=The Japan Communication Satellite CO.},日本通信卫星公司,,2017-08-08
3263235,jelly,灯纸,,2017-08-08
3263236,JET TV,{日本}直播卫星电视公司,,2017-08-08
3263237,jib arms,悬臂,,2017-08-08
3263238,JICRAR {=Joint Industry Committee for Radio Audience Research},{英国}广播听众研究联合会,,2017-08-08
3263239,Jiji Press,{日本}时事新闻社,,2017-08-08
3263240,Jim Crow journalism,抹黑新闻学,,2017-08-08
3263241,jing column,歌体专栏,,2017-08-08
3263242,jingle,短歌；广告短曲,,2017-08-08
3263243,JISO {=The Japanese International Satellite Organizstion},日本国际卫星组织,,2017-08-08
3263244,jitter,{画面}抖动,,2017-08-08
3263245,job autonomy,工作自主权,,2017-08-08
3263246,job satisfaction,工作满意度,,2017-08-08
3263247,jog,旋杆；旋钮,,2017-08-08
3263248,joint authorship,合著；共同作者,,2017-08-08
3263249,Joint Industry Committee for Radio Audience Research {=JICRAR},{英国}广播听众研究联合会,,2017-08-08
3263250,joint photographic experts group {=JPEG},联合图像专家小组,,2017-08-08
3263251,Joint Technical Commission {=JTC},{国际}联合技术委员会,,2017-08-08
3263252,joint use telephone,合用电话,,2017-08-08
3263253,Journal de France,法国新闻报,,2017-08-08
3263254,Journal of Commerce,{美国}商情报,,2017-08-08
3263255,journalese,报章体,,2017-08-08
3263256,journalism,新闻学；新闻业；报导,,2017-08-08
3263257,journalism ethics,新闻伦理,,2017-08-08
3263258,journalism of fact,事实新闻学,,2017-08-08
3263259,journalism of information,资讯新闻学,,2017-08-08
3263260,journalism of opinion,意见新闻学,,2017-08-08
3263261,journalist,新闻记者,,2017-08-08
3263262,journalistic autonomy,新闻自主[权],,2017-08-08
3263263,journalistic ethics,新闻伦理,,2017-08-08
3263264,journalistic storytelling,新闻式的故事叙述,,2017-08-08
3263265,journalistic style,{写作}新闻报导式风格,,2017-08-08
3263266,JPEG compression,JPEG压缩档,,2017-08-08
3263267,JPEG {=joint photographic experts group},联合图像专家小组,,2017-08-08
3263268,JSB {=Japanese Satellite Broadcasting},日本卫星公司,,2017-08-08
3263269,JTC {=Joint Technical Commission},{国际}联合技术委员会,,2017-08-08
3263270,judge role,{广告}决策角色,,2017-08-08
3263271,judicial debate,法庭辩论,,2017-08-08
3263272,judicial decree,司法命令,,2017-08-08
3263273,judicial instruction,司法指导原则,,2017-08-08
3263274,judicial jurisdiction,司法管辖,,2017-08-08
3263275,judicial reversal of rulings,撤销判决,,2017-08-08
3263276,judicial review,司法审查,,2017-08-08
3263277,juicer,照明师,,2017-08-08
3263278,jump cut,跳接,,2017-08-08
3263279,jump line,跳页,,2017-08-08
3263280,junior,中型聚光灯,,2017-08-08
3263281,jurisdiction,管辖权；司法管辖,,2017-08-08
3263282,jurisprudence of technology,科技法学,,2017-08-08
3263283,jury,陪审团,,2017-08-08
3263284,justification,合理化,,2017-08-08
3263285,juxtaposition,并列；并置,,2017-08-08
3263286,Ka band,{卫星}Ka波段,,2017-08-08
3263287,"KABP {=knowledge, attitude, belief, and practice} survey",知识、态度、信念和实行调查,,2017-08-08
3263288,kabuki,歌舞伎,,2017-08-08
3263289,kaleidoscope model,万花筒模式,,2017-08-08
3263290,kammerspiel film,室内剧电影,,2017-08-08
3263291,Kanner's syndrome,肯纳症,,2017-08-08
3263292,"KAP {=knowledge, attitude and practice} survey",知识、态度与行为调查,,2017-08-08
3263293,"KAP {=knowledge, attitude, and practice}",知识、态度和实行,,2017-08-08
3263294,KBC {=Korean Broadcasting Commission},韩国放送委员会,,2017-08-08
3263295,KCC {=Korea Communication Commission},韩国传播委员会,,2017-08-08
3263296,KDD {=Kokusai Denshin Denwa},{日本}国际电信电话公司,,2017-08-08
3263297,Kelvin degree,色温值,,2017-08-08
3263298,Kelvin scale,色温阶,,2017-08-08
3263299,Kennedy Journalism Awards,甘迺迪新闻奖,,2017-08-08
3263300,Kerner Commission,Kerner委员会,,2017-08-08
3263301,Kerner Commission report,Kerner委员会报告,,2017-08-08
3263302,kerning,字距调整,,2017-08-08
3263303,ketamine,K他命,,2017-08-08
3263304,Ketchum,Ketchum公关公司,,2017-08-08
3263305,key,嵌入；影调,,2017-08-08
3263306,key bus,嵌入钮,,2017-08-08
3263307,key capture utility,关键捕捉设备,,2017-08-08
3263308,key effect,去背特效；镶嵌效果,,2017-08-08
3263309,key escrow,金钥托管,,2017-08-08
3263310,key grip,场务领班,,2017-08-08
3263311,key informant,讯息的关键提供者；消息灵通人士,,2017-08-08
3263312,key level control,嵌入讯号强度控制　,,2017-08-08
3263313,key light,主灯,,2017-08-08
3263314,key management and authorization server {=KMAS},金钥管理与授权伺服器,,2017-08-08
3263315,key number,片边号码　,,2017-08-08
3263316,key recovery,金钥回复,,2017-08-08
3263317,key-to-back-light ratio,主灯与背灯亮度比,,2017-08-08
3263318,key-to-fill-light ratio,主灯与补灯亮度比,,2017-08-08
3263319,keyboard,键盘,,2017-08-08
3263320,keycode reader,序号读码器,,2017-08-08
3263321,keyhole journalism,偷窥新闻学,,2017-08-08
3263322,keying,嵌像,,2017-08-08
3263323,keynote address,基调演讲；基本政策演讲,,2017-08-08
3263324,keynote speaker,主题演讲者,,2017-08-08
3263325,keynote speech,主题演讲,,2017-08-08
3263326,keys,原画,,2017-08-08
3263327,Keystone,Keystone电影公司,,2017-08-08
3263328,keyword,关键字,,2017-08-08
3263329,keyword stuffing,关键字堆积,,2017-08-08
3263330,kHz {=kiloHertz},千赫,,2021-06-21
3263331,kicker,引题；标题前之副标；肩题；脚灯,,2017-08-08
3263332,kidney,肾脏,,2017-08-08
3263333,kidney stone,肾结石,,2017-08-08
3263334,kill,退稿,,2017-08-08
3263335,killer application,杀手级应用,,2017-08-08
3263336,killer packet,杀手封包,,2017-08-08
3263337,kilobyte,千位元组,,2017-08-08
3263338,kiloHertz {=kHz},千赫,,2021-06-21
3263339,kinescope,映像管,,2017-08-08
3263340,kinescope recording,映像管录影,,2017-08-08
3263341,kinestasis,静照组合,,2017-08-08
3263342,Kino-glaz,电影眼,,2017-08-08
3263343,Kino-pravda,电影真理报,,2017-08-08
3263344,Kinopanorama,俄式环幕电影,,2017-08-08
3263345,kiosk,报摊；资讯站；互动多媒体资讯站,,2017-08-08
3263346,Kirch Group,{德国}Kirch集团,,2017-08-08
3263347,kiss-and-tell,泄漏秘密；透露消息,,2017-08-08
3263348,klystron,调速管,,2017-08-08
3263349,KMAS {=key management and authorization server},金钥管理与授权伺服器,,2017-08-08
3263350,knee shot,膝上景,,2017-08-08
3263351,Knight-Ridder,{美国}Knight-Ridder新闻集团,,2017-08-08
3263352,knocking copy,负面报导,,2017-08-08
3263353,knowledge economy,知识经济,,2017-08-08
3263354,knowledge management,知识管理,,2017-08-08
3263355,knowledge network,知识网络,,2017-08-08
3263356,knowledge space,知识空间,,2017-08-08
3263357,"knowledge, attitude and practice {=KAP} survey",知识、态度与行为调查,,2017-08-08
3263358,"knowledge, attitude, and practice {=KAP}",知识、态度和实行,,2017-08-08
3263359,"knowledge, attitude, belief, and practice {=KABP} survey",知识、态度、信念和实行调查,,2017-08-08
3263360,Kodakchrome,Kodak彩色底片,,2017-08-08
3263361,Kokusai Denshin Denwa {=KDD},{日本}国际电信电话公司,,2017-08-08
3263362,Korea Communication Commission {=KCC},韩国传播委员会,,2017-08-08
3263363,Korea Telecom,南韩电信；韩国电信,,2017-08-08
3263364,Korean Broadcasting Commission {=KBC},韩国放送委员会,,2017-08-08
3263365,Ku band,{卫星}Ku波段,,2017-08-08
3263366,Kuder-Richardson reliability,库李信度,,2017-08-08
3263367,Kyodo Tsushin,{日本}共同通信社,,2017-08-08
3263368,Kyoto Protocol,京都议定书,,2017-08-08
3263369,L'Agence France-Presse {=AFP},法新社,,2017-08-08
3263370,labeling,标签化；标示,,2017-08-08
3263371,labeling dilemma,标签困境,,2017-08-08
3263372,labeling theory,标签理论,,2017-08-08
3263373,labor force,劳动力,,2017-08-08
3263374,labor market mobility,劳动市场流动性,,2017-08-08
3263375,labor relation,劳工关系,,2017-08-08
3263376,labor-intensive,劳力密集；劳工密集,,2017-08-08
3263377,laboratory,实验室,,2017-08-08
3263378,laboratory experiment,实验室实验,,2017-08-08
3263379,laboratory film,测试片,,2017-08-08
3263380,Labour Party,{英国}工党,,2017-08-08
3263381,LACNIC {=Latin American and Caribbean Internet Addresses Registry},拉丁美洲网域名称注册管理机构,,2017-08-08
3263382,ladder of abstraction,抽象阶梯,,2017-08-08
3263383,ladder of citizen participation,公民参与阶梯,,2017-08-08
3263384,ladder of investment,阶段性投资；投资阶梯,,2017-08-08
3263385,lagged relationship,时差关系,,2017-08-08
3263386,lagged variable,时差变项,,2017-08-08
3263387,Laissez-faire,放任主义,,2017-08-08
3263388,LAMA {=local automatic message accounting},本地自动讯息计费,,2017-08-08
3263389,lamp,灯具,,2017-08-08
3263390,LAN {=local area network},区域网路,,2017-08-08
3263391,Land Earth Station {=LES},{卫星传播}地面站；地球站,,2017-08-08
3263392,Land Mobile and Microwave Division,{美国}陆上行动电台暨微波处,,2017-08-08
3263393,land mobile-satellite service {=LMSS},地面行动卫星服务,,2017-08-08
3263394,landing page,登陆页面,,2017-08-08
3263395,landslide effect,一面倒效应,,2017-08-08
3263396,language,语言,,2017-08-08
3263397,langue,语言；语言系统,,2017-08-08
3263398,lantern slide,幻灯片,,2017-08-08
3263399,lap dissolve,层次溶接,,2017-08-08
3263400,laptop digital editing system,笔记型数位剪辑系统,,2017-08-08
3263401,large scale integration {=LSI},大型积体电路,,2017-08-08
3263402,laser diode {=LD},雷射二极体 ；雷射唱片,,2017-08-08
3263403,laser disc {=LD},雷射光碟,,2017-08-08
3263404,laser video disc,镭射光碟,,2017-08-08
3263405,last-birthday,{户中选样}上次过生日者,,2017-08-08
3263406,last-minute swing,最后一分钟跟进,,2017-08-08
3263407,late afternoon fringe,傍晚时段,,2017-08-08
3263408,late fringe,夜间时段；后黄金时段,,2017-08-08
3263409,latent code,隐性分类码,,2017-08-08
3263410,latent content,隐性内容,,2017-08-08
3263411,latent effect,潜在作用,,2017-08-08
3263412,latent function,潜在功能；隐性功能,,2017-08-08
3263413,latent image,潜影,,2017-08-08
3263414,latent image edge numbering,潜影边码,,2017-08-08
3263415,latent variable analysis,隐性变项分析,,2017-08-08
3263416,Latin American and Caribbean Internet Addresses Registry {=LACNIC},拉丁美洲网域名称注册管理机构,,2017-08-08
3263417,latitude,宽容度,,2017-08-08
3263418,launch phase,{卫星}发射阶段,,2017-08-08
3263419,launch vehicle,发射载具,,2017-08-08
3263420,lavaliere microphones,吊挂式麦克风,,2017-08-08
3263421,law of comparative judgement,比较判断法则,,2017-08-08
3263422,law of inertia of large numbers,大数惰性法则,,2017-08-08
3263423,law of merchant,商事法,,2017-08-08
3263424,law of nation,内国法,,2017-08-08
3263425,law of permanence of small numbers,少数恒少法则；小数恒存法则,,2017-08-08
3263426,law of prior entry,优先进入原则,,2017-08-08
3263427,law of statistical regularity,统计常性法则,,2017-08-08
3263428,law of technology,科技法律；科法,,2017-08-08
3263429,law of treaties,条约法,,2017-08-08
3263430,lay caregiver,常民照顾者,,2017-08-08
3263431,lay expertise,常民专长,,2017-08-08
3263432,lay perception,常民感知,,2017-08-08
3263433,layer-crossing regulation,越级管制,,2017-08-08
3263434,layout,{新闻}版面编排；版面设计；版面；{广电}动画美术设计,,2017-08-08
3263435,lazy processor,漫不经心者,,2017-08-08
3263436,LBS {=location-based service},行动定位服务,,2017-08-08
3263437,LCD {=liquid crystal display},液晶显示器,,2017-08-08
3263438,LD {=laser diode},雷射二极体 ；雷射唱片,,2017-08-08
3263439,LD {=laser disc},雷射光碟,,2017-08-08
3263440,LD {=lighting director},灯光指导,,2017-08-08
3263441,LDA {=linguistic discourse analysis},语言学话语分析；语言学言说分析,,2017-08-08
3263442,LDAP {=Lightweight Directory Access Protocol},轻量级目录存取协定,,2017-08-08
3263443,LDCS {=leased data circuit service},出租数据回路服务,,2017-08-08
3263444,LDPC {=low density parity check},低密度同位元检查,,2017-08-08
3263445,lead,导言,,2017-08-08
3263446,lead battery,铅电池,,2017-08-08
3263447,lead room,前置空间,,2017-08-08
3263448,lead space,前置空间,,2017-08-08
3263449,lead-in,{广电新闻}导言；导入策略,,2017-08-08
3263450,lead-in paragraph,导言段落,,2017-08-08
3263451,leader,导带,,2017-08-08
3263452,leader emergence,领袖浮现,,2017-08-08
3263453,leader number,导带编码,,2017-08-08
3263454,leaderless group discussion {=LGDs},无人领导的团体讨论,,2017-08-08
3263455,leadership,领导力,,2017-08-08
3263456,leading question,诱导式问题,,2017-08-08
3263457,League of Women Voters,妇女选民联盟,,2017-08-08
3263458,leakage cue,泄漏线索,,2017-08-08
3263459,learning community,学习社群,,2017-08-08
3263460,learning culture,学习文化,,2017-08-08
3263461,lease rate,租用费率,,2017-08-08
3263462,leased access,出租频道,,2017-08-08
3263463,leased data circuit service {=LDCS},出租数据回路服务,,2017-08-08
3263464,leased line,出租专线,,2017-08-08
3263465,leased line information mediation system {=LIMS},出租数据电路系统,,2017-08-08
3263466,leased satellite network service,卫星网路出租业务,,2017-08-08
3263467,leased transponder service,卫星转频器出租业务,,2017-08-08
3263468,least objectionable program {=LOP},可接受的节目,,2017-08-08
3263469,least offensive theory {=LOT},低度冒犯理论,,2017-08-08
3263470,least-developed country,低度开发国家,,2017-08-08
3263471,least-squares technique,最小平方法,,2017-08-08
3263472,LEC {=local exchange carrier},市话业务经营者,,2017-08-08
3263473,LED VU meter,液晶式音量值表,,2017-08-08
3263474,LED {=light emitting diode},发光二极体,,2017-08-08
3263475,legal brief,案例摘要,,2017-08-08
3263476,legal contingency,法律偶变性；法律权变,,2017-08-08
3263477,legal issue,法律议题,,2017-08-08
3263478,legal jurisdiction,法律管辖权；法律管辖区,,2017-08-08
3263479,legal stance,法律立场,,2017-08-08
3263480,legendary character,传奇人物,,2017-08-08
3263481,Legion of Decency,道德审查会,,2017-08-08
3263482,legionellosis,退伍军人病,,2017-08-08
3263483,Legislative Council,{香港}立法会,,2017-08-08
3263484,legislative review,法律审查,,2017-08-08
3263485,legislative veto,立法否决权,,2017-08-08
3263486,legitimacy,合法[性]；正当[性],,2017-08-08
3263487,legitimacy of news source,新闻消息来源合法性,,2017-08-08
3263488,legitimate controversy,合法争议；合理争议,,2017-08-08
3263489,legitimate power,合法权,,2017-08-08
3263490,legitimated ban,合法禁令,,2017-08-08
3263491,legitimation,合法化,,2017-08-08
3263492,legitimization,合法化；正当化,,2017-08-08
3263493,Leipziger Zeitung,{德国}莱比锡新闻报,,2017-08-08
3263494,lens,镜头,,2017-08-08
3263495,lens adapter,镜头接环,,2017-08-08
3263496,lens cap,镜头盖,,2017-08-08
3263497,lens coating,镜膜,,2017-08-08
3263498,lens extender,镜头接写环,,2017-08-08
3263499,lens speed,镜头速度,,2017-08-08
3263500,lens system,镜头系统,,2017-08-08
3263501,lensman,摄影记者,,2017-08-08
3263502,LEO {=Low Earth Orbit Satellite},低轨道卫星,,2017-08-08
3263503,leprosy,汉生病；{旧称}痲疯病；癞病,,2017-08-08
3263504,LES {=Land Earth Station},{卫星传播}地面站；地球站,,2017-08-08
3263505,lesbian,女同性恋；女同志,,2017-08-08
3263506,letter of credit,信用状,,2017-08-08
3263507,letter to the editor,读者投书,,2017-08-08
3263508,letterpress,活版印刷,,2017-08-08
3263509,letters to the editor,读者投书栏,,2017-08-08
3263510,leukaemia,白血病,,2017-08-08
3263511,leukemia,白血病,,2017-08-08
3263512,level,音量,,2017-08-08
3263513,level of analysis,分析层次,,2017-08-08
3263514,level of measurement,测量层次,,2017-08-08
3263515,level of narration,叙述层次,,2017-08-08
3263516,level of significance,显著水准；显著程度,,2017-08-08
3263517,level of transparency,透明程度,,2017-08-08
3263518,leveling ball,定位球,,2017-08-08
3263519,leveling effect,平准效应,,2017-08-08
3263520,lexical,辞汇的；字典的,,2017-08-08
3263521,lexicon,辞汇；字典；词汇；语汇,,2017-08-08
3263522,LF {=low frequency},低频,,2017-08-08
3263523,LGDs {=leaderless group discussion},无人领导的团体讨论,,2017-08-08
3263524,liability issue,责任议题,,2017-08-08
3263525,liaison,联络者；中间人,,2017-08-08
3263526,libel,诽谤[罪],,2017-08-08
3263527,liberal corporatism,自由统合主义,,2017-08-08
3263528,liberal feminism,自由女性主义；自由主义女性主义,,2017-08-08
3263529,liberal model,自由主义模式,,2017-08-08
3263530,liberal pluralism,自由多元主义,,2017-08-08
3263531,liberalism,自由主义,,2017-08-08
3263532,liberalization,自由化,,2017-08-08
3263533,libertarian theory,自由思想理论；放任主义理论,,2017-08-08
3263534,libidinal economy,欲望经济,,2017-08-08
3263535,libido,本能欲望；力必多,,2017-08-08
3263536,library footage,资料片,,2017-08-08
3263537,Library of Congress,国会图书馆,,2017-08-08
3263538,licence-exempt,免执照,,2017-08-08
3263539,licensable,可取得证照,,2017-08-08
3263540,license,执照,,2017-08-08
3263541,license converting,执照换发,,2017-08-08
3263542,licensed band,有照频段；合法频道,,2017-08-08
3263543,licensed brand,授权品牌,,2017-08-08
3263544,licensee's discretion,持照者裁量,,2017-08-08
3263545,licensee's warranty,持照者保证,,2017-08-08
3263546,licensing,授证,,2017-08-08
3263547,licensing power,发照权,,2017-08-08
3263548,licensing process,特许制；许可制,,2017-08-08
3263549,licensing scheme,授权机制,,2017-08-08
3263550,licensor's warranty,发照者保证,,2017-08-08
3263551,life course approach,生命历程取径,,2017-08-08
3263552,life expectancy,平均寿命；平均余命,,2017-08-08
3263553,life history,生命史,,2017-08-08
3263554,life history research,生命史研究,,2017-08-08
3263555,life narrative,生活叙事,,2017-08-08
3263556,life script,生活脚本,,2017-08-08
3263557,life story,生活故事,,2017-08-08
3263558,life style,生活方式；生活风格,,2017-08-08
3263559,life table,生命表,,2017-08-08
3263560,life world,生活世界,,2017-08-08
3263561,life-at-all-costs perspective,不惜代价挽救生命的观点,,2017-08-08
3263562,life-chances,生活机会,,2017-08-08
3263563,lifestyle hazard,生活方式的危险,,2017-08-08
3263564,lifestyle journalism,生活型态报导,,2017-08-08
3263565,lifestyle-based model of health promotion,生活方式健康促进模式,,2017-08-08
3263566,lifetime customer value {=LTCV},顾客终身价值,,2017-08-08
3263567,lifetime risk,终生罹病风险,,2017-08-08
3263568,lifeworld organization,日常生活组织,,2017-08-08
3263569,light box,灯箱,,2017-08-08
3263570,light emitting diode {=LED},发光二极体,,2017-08-08
3263571,light handed regulation,低度管制,,2017-08-08
3263572,light meter,测光表,,2017-08-08
3263573,light plot,灯光图,,2017-08-08
3263574,light source,光源,,2017-08-08
3263575,light touch regulation,轻度管制,,2017-08-08
3263576,lightbox,灯箱,,2017-08-08
3263577,lighting,打光,,2017-08-08
3263578,lighting bar,灯光组,,2017-08-08
3263579,lighting control,灯控,,2017-08-08
3263580,lighting control equipment,灯控设备,,2017-08-08
3263581,lighting crew,灯光人员,,2017-08-08
3263582,lighting dimmer,调光器,,2017-08-08
3263583,lighting director {=LD},灯光指导,,2017-08-08
3263584,lighting effect,灯光效果,,2017-08-08
3263585,lighting equipment,灯光设备,,2017-08-08
3263586,lighting instrument,灯具,,2017-08-08
3263587,lighting kit,灯组附件,,2017-08-08
3263588,lighting man,灯光师,,2017-08-08
3263589,lighting patch board,灯光接线盘,,2017-08-08
3263590,lighting pole,灯光柱,,2017-08-08
3263591,lighting ratio,亮度比,,2017-08-08
3263592,Lightweight Directory Access Protocol {=LDAP},轻量级目录存取协定,,2017-08-08
3263593,likelihood of confusion,混淆可能性；{法律}混淆之虞,,2017-08-08
3263594,likelihood ratio,概率比,,2017-08-08
3263595,Likert scale,Likert量表,,2017-08-08
3263596,liking,好感,,2017-08-08
3263597,limbo,空背景,,2017-08-08
3263598,limited cognitive resource,有限认知资源,,2017-08-08
3263599,limited effect,有限效果,,2017-08-08
3263600,limited effects model,有限效果模式,,2017-08-08
3263601,limited effects perspective,有限效果观点,,2017-08-08
3263602,limited-effect model,有限效果模式,,2017-08-08
3263603,limited-effect theory,有限效果理论,,2017-08-08
3263604,limiter,限制器,,2017-08-08
3263605,LIMS {=leased line information mediation system},出租数据电路系统,,2017-08-08
3263606,linage,按行数计酬,,2017-08-08
3263607,line art,线画图,,2017-08-08
3263608,line arts,黑白线稿,,2017-08-08
3263609,line code,线路编码,,2017-08-08
3263610,line film,高反差胶片,,2017-08-08
3263611,line graph,折线图,,2017-08-08
3263612,line loopback,线路环回,,2017-08-08
3263613,line monitor,主监视器,,2017-08-08
3263614,line of conversation and action,对话与动作轴线,,2017-08-08
3263615,line of the day,本日报导大纲,,2017-08-08
3263616,line plate,高反差版,,2017-08-08
3263617,line producer,主制作人,,2017-08-08
3263618,line test,铅笔稿样片,,2017-08-08
3263619,line test trunk {=LTT},用户回路测试中继器,,2017-08-08
3263620,line-by-line analysis,逐行分析,,2017-08-08
3263621,line-of-sight,视线,,2017-08-08
3263622,line-out,输出,,2017-08-08
3263623,linear audiovisual media service,线性影音媒体服务,,2017-08-08
3263624,linear causal model,线性因果模式,,2017-08-08
3263625,linear editing,线性剪辑,,2017-08-08
3263626,linear learning,线性学习,,2017-08-08
3263627,linear logic,线性逻辑,,2017-08-08
3263628,linear perspective,线性观点,,2017-08-08
3263629,linear polarization,线性极化,,2017-08-08
3263630,linear regression equation,线性回归方程式,,2017-08-08
3263631,linear relation,线性关系,,2017-08-08
3263632,linear story,线性报导,,2017-08-08
3263633,Linear Structure Relation {=LISREL},线性结构关系,,2017-08-08
3263634,Linear Structure Relation {=LISREL} equation model,线性结构关系方程模式,,2017-08-08
3263635,Linear Structure Relation {=LISREL} program,线性结构关系程式,,2017-08-08
3263636,linear tape counter,影带线性读码,,2017-08-08
3263637,linear video recording,线性录影,,2017-08-08
3263638,lineup meeting,编辑会议,,2017-08-08
3263639,linguistic competence,语言能力,,2017-08-08
3263640,linguistic determinism,语言决定论,,2017-08-08
3263641,linguistic discourse analysis {=LDA},语言学话语分析；语言学言说分析,,2017-08-08
3263642,linguistic relativity,语言相对论,,2017-08-08
3263643,linguistic semiotics,语义符号学,,2017-08-08
3263644,linguistic turn,语言转向；向语言转,,2017-08-08
3263645,linguistics,语言学,,2017-08-08
3263646,link,连结,,2017-08-08
3263647,link layer,链结层,,2017-08-08
3263648,linked pair method,{统计}联对法,,2017-08-08
3263649,lip sync,对嘴,,2017-08-08
3263650,lip sync,对嘴,,2017-08-08
3263651,liquid crystal,液晶,,2017-08-08
3263652,liquid crystal display {=LCD},液晶显示器,,2017-08-08
3263653,LISREL {=Linear Structure Relation},线性结构关系,,2017-08-08
3263654,LISREL {=Linear Structure Relation} equation model,线性结构关系方程模式,,2017-08-08
3263655,LISREL {=Linear Structure Relation} program,线性结构关系程式,,2017-08-08
3263656,list broker,邮寄名单仲介,,2017-08-08
3263657,listening,聆听；倾听,,2017-08-08
3263658,listening motivation,收听动机,,2017-08-08
3263659,listing,一览表,,2017-08-08
3263660,listservs,电子邮件自动化分散系统,,2017-08-08
3263661,literacy,识读；素养,,2017-08-08
3263662,literal,新闻重点列表,,2017-08-08
3263663,literal element,著作要素,,2017-08-08
3263664,literality,文学性,,2017-08-08
3263665,literary criticism,文艺评论,,2017-08-08
3263666,literary definition,文义性定义,,2017-08-08
3263667,literary narrative,文学叙事,,2017-08-08
3263668,literary null hypothesis,文义性虚无假设,,2017-08-08
3263669,literary study,文献分析,,2017-08-08
3263670,literary works,文学作品；艺文作品,,2017-08-08
3263671,literature,文献；文学,,2017-08-08
3263672,literature review,文献回顾；文献探讨,,2017-08-08
3263673,litigant,诉讼当事人,,2017-08-08
3263674,live action,现场演出,,2017-08-08
3263675,live mixing,现场混音,,2017-08-08
3263676,live news,现场报导,,2017-08-08
3263677,live report,现场报导,,2017-08-08
3263678,live transmission,现场传输,,2017-08-08
3263679,live-action,现场演出,,2017-08-08
3263680,liver cancer,肝癌,,2017-08-08
3263681,liver cirrhosis,肝硬化,,2017-08-08
3263682,liver function,肝功能,,2017-08-08
3263683,LLC {=logical link control},逻辑连接控制,,2017-08-08
3263684,LMSS {=land mobile-satellite service},地面行动卫星服务,,2017-08-08
3263685,LNA {=low noise amplifier},低杂讯强波器,,2017-08-08
3263686,loading,装片；上片；下载,,2017-08-08
3263687,loading spool,遮光片盒,,2017-08-08
3263688,lobby system,游说系统,,2017-08-08
3263689,lobbying,游说,,2017-08-08
3263690,lobbyist,游说者,,2017-08-08
3263691,local access channel,地区近用频道；地区进用频道,,2017-08-08
3263692,local advertising,地方广告；在地广告,,2017-08-08
3263693,local agency,地方广告公司；地方广告代理,,2017-08-08
3263694,local and tandem switching capability,市话与串联交换载量,,2017-08-08
3263695,local area network {=LAN},区域网路,,2017-08-08
3263696,local automatic message accounting {=LAMA},本地自动讯息计费,,2017-08-08
3263697,local channel,地区频道；在地频道,,2017-08-08
3263698,local database,本地资料库,,2017-08-08
3263699,local decision making,地方决策；在地决策,,2017-08-08
3263700,local exchange carrier {=LEC},市话业务经营者,,2017-08-08
3263701,local government,地方政府,,2017-08-08
3263702,local identity,地方认同,,2017-08-08
3263703,local laws,地方法,,2017-08-08
3263704,local loop,本地回路,,2017-08-08
3263705,local market monopoly,地方市场独占,,2017-08-08
3263706,local newspaper,地方报,,2017-08-08
3263707,local origination,地方自制节目,,2017-08-08
3263708,local oscillator,本体震荡器,,2017-08-08
3263709,local ownership,本地所有权；国内所有权,,2017-08-08
3263710,local political communication,地方政治传播,,2017-08-08
3263711,local print media,地方平面媒体,,2017-08-08
3263712,local radio,地方电台,,2017-08-08
3263713,local radio multiplex licence,地区无线广播多频道执照,,2017-08-08
3263714,local rating,地方收视率,,2017-08-08
3263715,local subscriber loop,本地订户回路,,2017-08-08
3263716,local switch,本地交换机,,2017-08-08
3263717,local telephone service,市内电话,,2017-08-08
3263718,local television,地方电视,,2017-08-08
3263719,local trading area,地方商业区,,2017-08-08
3263720,locality development model,地方发展模式,,2017-08-08
3263721,localization,在地化；本土化,,2017-08-08
3263722,localized outbreak,局部疫情爆发,,2017-08-08
3263723,location,外景；实景,,2017-08-08
3263724,location construction,外搭景,,2017-08-08
3263725,location data,位址资讯,,2017-08-08
3263726,location rental,场景出租,,2017-08-08
3263727,location scouting,勘景,,2017-08-08
3263728,location shooting,实景拍摄,,2017-08-08
3263729,location site,外景区,,2017-08-08
3263730,location sketches,场景图,,2017-08-08
3263731,location survey,勘景,,2017-08-08
3263732,"location, simulated with chroma-key effect",用去色嵌入法模拟现场,,2017-08-08
3263733,location-based service {=LBS},行动定位服务,,2017-08-08
3263734,lockbox,锁码装置,,2017-08-08
3263735,lockup time,时间锁定,,2017-08-08
3263736,locus of benefit,利益点,,2017-08-08
3263737,locus of change,变化点,,2017-08-08
3263738,locus of evaluation,评估点,,2017-08-08
3263739,locus of outcome,结果点,,2017-08-08
3263740,locus of problem,问题点,,2017-08-08
3263741,locus of solution,解决点,,2017-08-08
3263742,log,工作日志,,2017-08-08
3263743,logic model,逻辑模式,,2017-08-08
3263744,logical empiricism,逻辑经验主义；逻辑实征主义,,2021-03-26
3263745,logical link control {=LLC},逻辑连接控制,,2017-08-08
3263746,logical network layer,逻辑网络层,,2017-08-08
3263747,logical positivism,逻辑实证主义；逻辑实证论,,2017-08-08
3263748,logical positivist,逻辑经验主义者；逻辑实证主义者,,2017-08-08
3263749,logical reasoning,逻辑论据；逻辑推理,,2017-08-08
3263750,logical validity,逻辑效度,,2017-08-08
3263751,login,登录；登入,,2017-08-08
3263752,logo,标志,,2017-08-08
3263753,logocentrism,逻各斯中心主义,,2017-08-08
3263754,logos,逻辑论据；逻辑诉求：逻格斯；道,,2017-08-08
3263755,logotype,商标；标准字,,2017-08-08
3263756,London Action Plan,伦敦行动方案,,2017-08-08
3263757,London Times,{英国}伦敦时报,,2017-08-08
3263758,long distance service,长途电信服务,,2017-08-08
3263759,long form,详细格式,,2017-08-08
3263760,long playing {=LP},长时间录影,,2017-08-08
3263761,long shot {=LS},远景,,2017-08-08
3263762,long take,长拍镜头,,2017-08-08
3263763,long wave,长波,,2017-08-08
3263764,long-distance microphone,远距收音麦克风,,2017-08-08
3263765,long-term care,长期照护,,2017-08-08
3263766,long-term macro argument,长期宏观论点,,2017-08-08
3263767,longitudinal approach,纵贯研究法；长期纵贯研究法,,2017-08-08
3263768,longitudinal design,纵贯研究设计；长期纵贯研究设计,,2017-08-08
3263769,longitudinal research,纵贯研究；长期纵贯研究,,2017-08-08
3263770,longitudinal study,纵贯研究；长期纵贯研究,,2017-08-08
3263771,looking-glass self,镜中自我,,2017-08-08
3263772,loop test translator,回路测试转继器,,2017-08-08
3263773,loop {=continuous film},循环片,,2017-08-08
3263774,loopback address,回送位址,,2017-08-08
3263775,LOP {=least objectionable program},可接受的节目,,2017-08-08
3263776,Los Angeles Times,{美国}洛杉矶时报,,2017-08-08
3263777,loss compression,有损压缩,,2017-08-08
3263778,lossless compression,无损压缩,,2017-08-08
3263779,lossy,失真压缩；损耗,,2017-08-08
3263780,lot,景片；制片厂,,2017-08-08
3263781,LOT {=least offensive theory},低度冒犯理论,,2017-08-08
3263782,loudspeaker,音箱,,2017-08-08
3263783,love and belongingness needs,爱与归属的需求,,2017-08-08
3263784,low birth weight,出生体重不足,,2017-08-08
3263785,low contrast negative,低反差底片,,2017-08-08
3263786,low cut switch,低频切出开关；低切开关,,2017-08-08
3263787,low density parity check {=LDPC},低密度同位元检查,,2017-08-08
3263788,Low Earth Orbit Satellite {=LEO},低轨道卫星,,2017-08-08
3263789,low frequency {=LF},低频,,2017-08-08
3263790,low key,暗调；低调；低音调；低调打光；暗调打光,,2017-08-08
3263791,low noise amplifier {=LNA},低杂讯强波器,,2017-08-08
3263792,low power consumption,低电力消费,,2017-08-08
3263793,low power satellite,低功率卫星,,2017-08-08
3263794,low power television,低功率电视,,2017-08-08
3263795,low power television {=LPTV},低功率电视台,,2017-08-08
3263796,low power TV {=LPTV},低功率电视,,2017-08-08
3263797,low regulation,低度管制,,2017-08-08
3263798,low tone,低色调；低音调；低频,,2017-08-08
3263799,low-angle shot,低角度镜头；仰角镜头,,2017-08-08
3263800,low-context culture,低情境文化,,2017-08-08
3263801,low-energy color,低能色彩,,2017-08-08
3263802,low-impedance microphone,低阻抗麦克风,,2017-08-08
3263803,low-information rationality,低资讯理性,,2017-08-08
3263804,low-key lighting,低调光,,2017-08-08
3263805,low-level tilt,低角度抬镜,,2017-08-08
3263806,low-noise blockdownconverter,低杂讯降频器,,2017-08-08
3263807,low-power,低功率,,2017-08-08
3263808,lowest common denominator,最小公分母,,2017-08-08
3263809,LP {=long playing},长时间录影,,2017-08-08
3263810,LPTV {=low power television},低功率电视台,,2017-08-08
3263811,LPTV {=low power TV},低功率电视,,2017-08-08
3263812,LS {=long shot},远景,,2017-08-08
3263813,LSI {=large scale integration},大型积体电路,,2017-08-08
3263814,LTCV {=lifetime customer value},顾客终身价值,,2017-08-08
3263815,LTT {=line test trunk},用户回路测试中继器,,2017-08-08
3263816,lumen,流明,,2017-08-08
3263817,luminance,光照度；亮度,,2017-08-08
3263818,luminance channel,亮度轨,,2017-08-08
3263819,luminance keying,亮度去背,,2017-08-08
3263820,luminance signal,亮度讯号,,2017-08-08
3263821,luminant,发光体,,2017-08-08
3263822,luminary,灯具,,2017-08-08
3263823,lung cancer,肺癌,,2017-08-08
3263824,lux,勒克斯{灯光亮度之测量单位},,2017-08-08
3263825,lymph,淋巴；淋巴液,,2017-08-08
3263826,lymph gland,淋巴腺,,2017-08-08
3263827,lymph node,淋巴结,,2017-08-08
3263828,M class flash bulb,M型闪光灯泡,,2017-08-08
3263829,m-Dihydroxybenzene,雷琐酚；间苯二酚,,2017-08-08
3263830,m-learning {=mobile learning},行动学习,,2017-08-08
3263831,m-Taiwan,行动台湾计划,,2017-08-08
3263832,M/E {=mix/effects} bus,效果钮排,,2017-08-08
3263833,Mac Paper,速食式报纸,,2017-08-08
3263834,MAC {=medium access control},媒介存取控制,,2017-08-08
3263835,MAC {=multiplexed analog components},多工类比元件,,2017-08-08
3263836,Macguffin,Macguffin{故弄玄虚}母题,,2017-08-08
3263837,macro condition,巨观条件；宏观条件,,2017-08-08
3263838,macro consequence,巨观结果；宏观结果,,2017-08-08
3263839,macro contingency,巨观权变,,2017-08-08
3263840,macro structure,巨观结构；宏观结构,,2017-08-08
3263841,mad cow disease,狂牛症,,2017-08-08
3263842,MADD {=Mothers Against Drunk Driving},{美国}母亲反酒驾组织,,2017-08-08
3263843,MAFF {=Ministry of Agriculture Fisheries and Food},{英国}农业、渔业与粮食部,,2017-08-08
3263844,magazine,杂志；{电影}片盒,,2017-08-08
3263845,magazine interview,杂志访谈,,2017-08-08
3263846,Magazine Publishers Association {=MPA},{美国}杂志发行人协会,,2017-08-08
3263847,magic bullet,魔弹,,2017-08-08
3263848,magic bullet theory,魔弹理论；子弹理论,,2017-08-08
3263849,magic lantern,魔术灯,,2017-08-08
3263850,magirama,神奇拉玛体,,2017-08-08
3263851,magnetic channel,磁学声轨,,2017-08-08
3263852,magnetic character reader,磁性字元阅读机,,2017-08-08
3263853,magnetic domain,磁域,,2017-08-08
3263854,magnetic effect,磁效应,,2017-08-08
3263855,magnetic field,磁场,,2017-08-08
3263856,magnetic induction,磁感应,,2017-08-08
3263857,magnetic north,磁北,,2017-08-08
3263858,magnetic recording material,磁性记录材料,,2017-08-08
3263859,magnetic sound recording system,磁性录音系统,,2017-08-08
3263860,magnetic sound system,磁学声轨系统,,2017-08-08
3263861,magnetic sound track,磁性声带,,2017-08-08
3263862,magnetic striping,磁声带,,2017-08-08
3263863,magnetic substance,磁性物质,,2017-08-08
3263864,magnetic susceptibility,磁化率,,2017-08-08
3263865,magnetic tape,磁带,,2017-08-08
3263866,magnetization,磁化；磁化强度,,2017-08-08
3263867,magnetization curve,磁化曲线,,2017-08-08
3263868,magneto thermography,磁热感复印法,,2017-08-08
3263869,magneto-optical effect,磁光效应,,2017-08-08
3263870,magnetography,磁摄影术；磁性印相法,,2017-08-08
3263871,magnetostrictive effect,磁效伸缩效应,,2017-08-08
3263872,magnification,放大率；摄影放大倍数,,2017-08-08
3263873,magnification of finder,取景器放大,,2017-08-08
3263874,magnification of image,影像放大,,2017-08-08
3263875,magnifier,放大器,,2017-08-08
3263876,magnifying glass,放大镜,,2017-08-08
3263877,magnitude estimation,量质估计；大小估计,,2017-08-08
3263878,mail survey,邮寄问卷调查,,2017-08-08
3263879,mail-response list,邮寄回应名单,,2017-08-08
3263880,mailing list,邮寄名单,,2017-08-08
3263881,main carrier,主载波,,2017-08-08
3263882,main distribution frame,主配线架构,,2017-08-08
3263883,main distribution frame {=MDF},主配线架构,,2017-08-08
3263884,main exposure,主曝光,,2017-08-08
3263885,main feature,A级片,,2017-08-08
3263886,main headline,主标题,,2017-08-08
3263887,main light,主光,,2017-08-08
3263888,main lobe,{天线方向图}主波瓣,,2017-08-08
3263889,main reflector,主反射器,,2017-08-08
3263890,main title,片头字幕,,2017-08-08
3263891,mainframe computing,电脑主机运算,,2017-08-08
3263892,mainstream,主流,,2017-08-08
3263893,mainstream journalism,主流新闻学,,2017-08-08
3263894,mainstream media,主流媒体,,2017-08-08
3263895,mainstreaming,主流,,2017-08-08
3263896,maintenance,维持期,,2017-08-08
3263897,maintenance engineer,维修工程师,,2017-08-08
3263898,maintenance role,维系角色,,2017-08-08
3263899,maintenance stage,维持阶段；维持期,,2017-08-08
3263900,maintenance treatment,维持治疗,,2017-08-08
3263901,major media voices,主要媒体发声,,2017-08-08
3263902,majority rule,多数决；多数统治,,2017-08-08
3263903,makegoods,{广电广告}补档,,2017-08-08
3263904,makeup,版面设计；化妆,,2017-08-08
3263905,makeup and dressing room,化妆室,,2017-08-08
3263906,makeup artist,化妆师,,2017-08-08
3263907,making available,对公众提供,,2017-08-08
3263908,malaria,疟疾,,2017-08-08
3263909,Malaysia CMC {=Communications and Multimedia Commission},{马来西亚}通讯与多媒体委员会,,2017-08-08
3263910,Malaysia Communications and Multimedia Act 1998,{马来西亚}1998年通讯与多媒体法,,2017-08-08
3263911,Malaysia Communications and Multimedia Commission {=CMC},{马来西亚}通讯与多媒体委员会,,2017-08-08
3263912,male gaze,男性凝视,,2017-08-08
3263913,male hysteria,男性歇斯底里,,2017-08-08
3263914,male-dominated frame,男性宰制框架；男性主控框架,,2017-08-08
3263915,mall-intercept interview,卖场内调查,,2017-08-08
3263916,malnutrition,营养不良,,2017-08-08
3263917,Maltese cross,Maltese齿轮,,2017-08-08
3263918,MAM {=media assets management},媒体资产管理,,2017-08-08
3263919,mammography,乳房摄影检查,,2017-08-08
3263920,mammography program,乳房摄影检查计划,,2017-08-08
3263921,man of the year,年度新闻人物；年度风云人物,,2017-08-08
3263922,MAN {=metropolitan area network},都会区网路,,2017-08-08
3263923,management account supervisor,业务管理督导,,2017-08-08
3263924,management by objectives {=MBO},目标管理,,2017-08-08
3263925,management paradigm,管理典范,,2017-08-08
3263926,management supervisor,业务管理督导,,2017-08-08
3263927,management theory,管理理论,,2017-08-08
3263928,managerial function,管理功能,,2017-08-08
3263929,managerial role,管理角色,,2017-08-08
3263930,managing editor,编辑主任,,2017-08-08
3263931,mandated sharing,强制分享,,2017-08-08
3263932,mandatories,{广告内容}强制要件,,2017-08-08
3263933,mandatory administrative proceeding,强制行政程序,,2017-08-08
3263934,manifest behavior,外显行为,,2017-08-08
3263935,manifest content,显性内容,,2017-08-08
3263936,manifest function,显性功能,,2017-08-08
3263937,Manifesto of the Seventh Art,第七艺术宣言,,2017-08-08
3263938,manipulate,操控,,2017-08-08
3263939,manipulated variable,操弄变项,,2017-08-08
3263940,manipulation,操控；操弄,,2017-08-08
3263941,manner maxim,态度原则,,2017-08-08
3263942,manner restriction,行为限制,,2017-08-08
3263943,manner rule,行为规范,,2017-08-08
3263944,manual,手册,,2017-08-08
3263945,manual focusing ring,手动对焦环,,2017-08-08
3263946,manual iris,手动光圈,,2017-08-08
3263947,manual level control,手动控制,,2017-08-08
3263948,manufacture of consent,共识制造,,2017-08-08
3263949,manufacturing consent,制造共识,,2017-08-08
3263950,manuscript speaking,照稿演说,,2017-08-08
3263951,mapping,对应关系,,2017-08-08
3263952,maquette,模型,,2017-08-08
3263953,margin of error,误差边际,,2017-08-08
3263954,margin squeeze,利润挤压,,2017-08-08
3263955,marginal constituency,边缘选区,,2017-08-08
3263956,marginal cost,边际成本,,2017-08-08
3263957,marginal cost {=MC},边际成本,,2017-08-08
3263958,marginal error,边际误差,,2017-08-08
3263959,marginal group,边缘团体；弱势团体,,2017-08-08
3263960,marginal member,边缘成员,,2017-08-08
3263961,marginal note,旁注,,2017-08-08
3263962,marginal row,边缘列,,2017-08-08
3263963,marginalization,边缘化,,2017-08-08
3263964,marginalized group,边缘化群体；边缘化族群,,2017-08-08
3263965,maritime safety information {=MSI},海事安全资讯,,2017-08-08
3263966,market,市场,,2017-08-08
3263967,market competition,市场竞争,,2017-08-08
3263968,market ecology,市场生态学,,2017-08-08
3263969,market economics,市场经济学,,2017-08-08
3263970,market failure,市场失灵,,2017-08-08
3263971,market mechanism,市场机制,,2017-08-08
3263972,market model,市场模式,,2017-08-08
3263973,market prep corporate advertising,市场预备之企业广告,,2017-08-08
3263974,market segmentation,市场区隔,,2017-08-08
3263975,market share,市[场]占[有]率,,2017-08-08
3263976,market-driven journalism,市场导向新闻学,,2017-08-08
3263977,market-oriented journalism,市场导向新闻学,,2017-08-08
3263978,marketer,行销者,,2017-08-08
3263979,marketing,行销,,2017-08-08
3263980,marketing channel,行销通路,,2017-08-08
3263981,marketing communication,行销传播,,2017-08-08
3263982,marketing concept,行销概念,,2017-08-08
3263983,marketing imperialism,行销帝国主义,,2017-08-08
3263984,marketing information system {=MIS},行销资讯系统,,2017-08-08
3263985,marketing mix,行销组合,,2017-08-08
3263986,marketing myopia,行销短视症,,2017-08-08
3263987,marketing objective,行销目标,,2017-08-08
3263988,marketing plan,行销计划,,2017-08-08
3263989,marketing practice,行销实务,,2017-08-08
3263990,marketing public relations {=MPR},行销公共关系,,2017-08-08
3263991,marketing research,行销研究,,2017-08-08
3263992,marketing strategy,行销策略,,2017-08-08
3263993,marketing style,行销风格；行销型态,,2017-08-08
3263994,marketization,市场化,,2017-08-08
3263995,marketplace of ideas,意见市场；创意市场,,2017-08-08
3263996,marketplace-level health problem,俗民健康问题；市场层次健康问题,,2017-08-08
3263997,markup,附加佣金；标记,,2017-08-08
3263998,markup language,标记语言；标志语言,,2017-08-08
3263999,marquee,透光看板,,2017-08-08
3264000,marriage cohort,婚姻世代,,2017-08-08
3264001,martial law,戒严法；军事法,,2017-08-08
3264002,Marxism,马克斯主义,,2017-08-08
3264003,Marxist critical theory,马克思主义批判理论,,2017-08-08
3264004,Marxist discourse,马克思主义论述；马克思主义话语,,2017-08-08
3264005,Marxist feminism,马克斯女性主义,,2017-08-08
3264006,Marxist framework,马克思主义架构,,2017-08-08
3264007,Marxist theory,马克思主义,,2017-08-08
3264008,masculine subject,男性主体,,2017-08-08
3264009,masculinity,阳刚特质；男性气质；男性化；男性特质,,2017-08-08
3264010,mask,遮片；遮罩,,2017-08-08
3264011,mask negative,遮光负片,,2017-08-08
3264012,masking,遮光法；蒙罩法,,2017-08-08
3264013,masking film,遮光软片；蒙片,,2017-08-08
3264014,Maslow's hierarchy,Maslow需求阶层,,2017-08-08
3264015,Maslow's needs hierarchy,马斯洛需求阶层,,2017-08-08
3264016,masquerade,乔装采访,,2017-08-08
3264017,mass,大众,,2017-08-08
3264018,mass appeal program,大众诉求节目,,2017-08-08
3264019,mass audience,阅听大众,,2017-08-08
3264020,mass communication,大众传播,,2017-08-08
3264021,mass communication education,大众传播教育,,2017-08-08
3264022,mass immunization,群体免疫,,2017-08-08
3264023,mass media,大众媒体；大众媒介,,2017-08-08
3264024,Mass Media Bureau,{美国}大众媒体局,,2017-08-08
3264025,mass media effect,大众媒介效果；大众媒体效果,,2017-08-08
3264026,mass media monitoring,大众媒体监测,,2017-08-08
3264027,mass newspaper,大众报,,2017-08-08
3264028,mass opinion,大众意见,,2017-08-08
3264029,mass party,大众政党,,2017-08-08
3264030,mass perspective,大众观点,,2017-08-08
3264031,mass persuasion campaign,大众说服宣导,,2017-08-08
3264032,mass production,大量产制,,2017-08-08
3264033,mass society,大众社会,,2017-08-08
3264034,mass society theory,大众社会理论,,2017-08-08
3264035,mass-action principle,大规模行动原则,,2017-08-08
3264036,mass-membership party,大众政党,,2017-08-08
3264037,massively multiplayer online role play game {=MMORPG},多人线上角色扮演游戏,,2017-08-08
3264038,mass ,大众,,2017-08-08
3264039,master,原片；母带,,2017-08-08
3264040,master control room,主控室,,2017-08-08
3264041,master disc,母片,,2017-08-08
3264042,master lens,主镜头,,2017-08-08
3264043,master narrative,大叙事；主轴叙事,,2017-08-08
3264044,master of ceremony {=MC},主持人,,2017-08-08
3264045,master positive,主拷贝,,2017-08-08
3264046,master shot,主镜头,,2017-08-08
3264047,master symbol,主导符号,,2017-08-08
3264048,master tape,母带,,2017-08-08
3264049,master-slave synchronization,主从式同步,,2017-08-08
3264050,masthead,报头,,2017-08-08
3264051,match line,基准线,,2017-08-08
3264052,matched sample design,配对样本设计,,2017-08-08
3264053,matched-pair method,配对法,,2017-08-08
3264054,matching effect,配对效果,,2017-08-08
3264055,matching method,配对法,,2017-08-08
3264056,material,材料；素材,,2017-08-08
3264057,material gathered through an intrusion,侵入式资料搜集,,2017-08-08
3264058,materialist theory,唯物主义的理论；唯物论,,2017-08-08
3264059,materiality,物质性,,2017-08-08
3264060,maternal mortality rate,孕产妇死亡率,,2017-08-08
3264061,mathematical model,数学模式,,2017-08-08
3264062,matrix,{印刷}铜模；铸模;矩阵,,2017-08-08
3264063,matrix film,浮雕片；颜色过滤片,,2017-08-08
3264064,matrix metering,矩阵式测光,,2017-08-08
3264065,matrix mode,矩阵模式,,2017-08-08
3264066,matrix questions,矩阵题组,,2017-08-08
3264067,matt,无光泽；无光,,2017-08-08
3264068,matt paper,无光纸,,2017-08-08
3264069,matte,遮片,,2017-08-08
3264070,matte box,遮片盒,,2017-08-08
3264071,mature market,成熟市场,,2017-08-08
3264072,maturity,成熟；成熟期,,2017-08-08
3264073,maturity stage,成熟期,,2017-08-08
3264074,maverick scientist,异见科学家,,2017-08-08
3264075,maverick theory,异见理论,,2017-08-08
3264076,maximum likelihood,最大近似[法],,2017-08-08
3264077,maximum likelihood solution,最大近似解,,2017-08-08
3264078,MBMS {=multimedia broadcast multicast service},多媒体广播多点服务,,2017-08-08
3264079,MBO {=management by objectives},目标管理,,2017-08-08
3264080,MBONE {=multicast backbone network},多向广播骨干网路,,2017-08-08
3264081,MBS {=mobile base station},行动电话基地台,,2017-08-08
3264082,MC {=marginal cost},边际成本,,2017-08-08
3264083,MC {=master of ceremony},主持人,,2017-08-08
3264084,McCarthyism,麦卡锡主义,,2017-08-08
3264085,MCGA {=Multi-Color Graphics Array},多色图形阵列,,2017-08-08
3264086,"MCI {=Microwave Communications of American, Incorporated}",美国微波通讯公司,,2017-08-08
3264087,MCS {=meter candle second},每秒烛光照度,,2017-08-08
3264088,MDA {=Media Development Authority},{新加坡}媒体发展局,,2017-08-08
3264089,MDF {=main distribution frame},主配线架构,,2017-08-08
3264090,MDMA {=methylenedioxymethamphetamine},快乐丸,,2017-08-08
3264091,MDS {=multipoint distribution system},{微波}多点传送系统,,2017-08-08
3264092,MDU {=multi-dwelling unit},集合住宅单位,,2017-08-08
3264093,mean interitem correlation,题项内的平均分相关,,2017-08-08
3264094,mean noon sunlight,平均昼光,,2017-08-08
3264095,mean world hypothesis,险恶世界假设,,2017-08-08
3264096,meaning,意义,,2017-08-08
3264097,meaning system,意义系统,,2017-08-08
3264098,meaning-making perspective,意义产制观点,,2017-08-08
3264099,measles,麻疹,,2017-08-08
3264100,"measles, mumps and rubella vaccine {=MMR vaccine}",麻疹、腮腺炎、德国麻疹三合一疫苗,,2017-08-08
3264101,measured service,计量服务,,2017-08-08
3264102,measurement,测量,,2017-08-08
3264103,measurement instrument,测量工具,,2017-08-08
3264104,measurement scale,测量标尺；测量尺度,,2017-08-08
3264105,measurement theory,测量理论,,2017-08-08
3264106,measurement tool,测量工具,,2017-08-08
3264107,measures of association,关联性量数,,2017-08-08
3264108,measures of central tendency,集中趋势量数,,2017-08-08
3264109,meat eater,肉食者,,2017-08-08
3264110,meat processing industry,肉品加工业,,2017-08-08
3264111,mechanical,{广告}完稿,,2017-08-08
3264112,mechanical housing,{卫星}机械框架,,2017-08-08
3264113,mechanically-recovered meat {=MRM},机械去骨的肉,,2017-08-08
3264114,mechanics,{广告媒体组合}技巧,,2017-08-08
3264115,media,媒体；媒介,,2017-08-08
3264116,media access,媒体近用；媒体进用,,2017-08-08
3264117,media access control layer,媒介接取控制层,,2017-08-08
3264118,media advisory,媒体咨询顾问,,2017-08-08
3264119,media advocacy,媒体倡议；媒体倡导,,2017-08-08
3264120,media advocacy strategy,媒体倡议策略；媒体倡导策略,,2017-08-08
3264121,media agenda-building process,媒体议题建构过程,,2017-08-08
3264122,media assets management {=MAM},媒体资产管理,,2017-08-08
3264123,media association,媒体协会,,2017-08-08
3264124,media attention,媒体关注,,2017-08-08
3264125,media authority,媒体主管机关,,2017-08-08
3264126,media bias,媒体偏差；媒体偏见,,2017-08-08
3264127,media buyer,媒体购买者,,2017-08-08
3264128,media campaign for health promotion,健康促进媒体宣导,,2017-08-08
3264129,media choice,媒介选择,,2017-08-08
3264130,media classes,媒体分类,,2017-08-08
3264131,media commission,媒体佣金,,2017-08-08
3264132,media conglomerate,媒体集团,,2017-08-08
3264133,media consultant,媒体顾问,,2017-08-08
3264134,media consultant,媒体顾问,,2017-08-08
3264135,media consumption,媒体消费,,2017-08-08
3264136,media context,媒体脉络,,2017-08-08
3264137,media coverage,媒体报导,,2017-08-08
3264138,media credibility,媒介可信度,,2017-08-08
3264139,media cultivation effect,媒体涵化效果,,2017-08-08
3264140,media dependency,媒介依赖,,2017-08-08
3264141,media dependency theory,媒介依赖理论,,2017-08-08
3264142,Media Development Authority {=MDA},{新加坡}媒体发展局,,2017-08-08
3264143,media discourse,媒体话语；媒体论述,,2017-08-08
3264144,media education,媒体教育,,2017-08-08
3264145,media effect,媒介影响,,2017-08-08
3264146,media effect model,媒介效果模式,,2017-08-08
3264147,media effects research,媒介效果研究；媒体效果研究,,2017-08-08
3264148,media environment,媒体环境,,2017-08-08
3264149,media ethic code,媒体伦理准则,,2017-08-08
3264150,media event,媒体事件,,2017-08-08
3264151,media exposure,媒体接触,,2017-08-08
3264152,media fodder,媒体喂食,,2017-08-08
3264153,media forward link only {=MediaFLO},媒体前向链路技术,,2017-08-08
3264154,media frame,媒体框架；媒介框架,,2017-08-08
3264155,media function,媒体功能,,2017-08-08
3264156,media globalization,媒介全球化,,2017-08-08
3264157,media imperialism,媒介帝国主义,,2017-08-08
3264158,media impression,媒体印象,,2017-08-08
3264159,media industry,媒体产业,,2017-08-08
3264160,Media Institute for Southern Africa {=MISA},南非洲媒体协会,,2017-08-08
3264161,media interview,媒体访谈,,2017-08-08
3264162,media kit,媒体资料袋；媒体资料盒,,2017-08-08
3264163,media literacy,媒体素养；媒体识读,,2017-08-08
3264164,media logic,媒介逻辑；媒体逻辑,,2017-08-08
3264165,media mix,媒体组合,,2017-08-08
3264166,media monopoly,媒体垄断,,2017-08-08
3264167,media myth and reality,媒体迷思与真实,,2017-08-08
3264168,media ownership,媒体所有权,,2017-08-08
3264169,media package,媒体套组,,2017-08-08
3264170,media participation,媒体参与,,2017-08-08
3264171,media performance,媒体绩效；媒介表现,,2017-08-08
3264172,media placement,媒体置入[行销],,2017-08-08
3264173,media planning,媒体企画,,2017-08-08
3264174,media political bias,媒体政治偏见,,2017-08-08
3264175,media politics,媒介政治[学],,2017-08-08
3264176,media priming effect,媒体触发效应；媒体评断臧否效应；媒体立即联想效应,,2017-08-08
3264177,media reach,媒体触达,,2017-08-08
3264178,media relation,媒体关系,,2017-08-08
3264179,media relationship,媒体关系,,2017-08-08
3264180,media representation,媒体再现,,2017-08-08
3264181,media representation of innovation,创新媒介再现,,2017-08-08
3264182,media research,媒体研究,,2017-08-08
3264183,media role,媒体角色,,2017-08-08
3264184,media routine,媒体常规,,2017-08-08
3264185,media sphere,媒体场域,,2017-08-08
3264186,media spin,媒体顾问；媒体策士,,2017-08-08
3264187,media strategy,媒体策略,,2017-08-08
3264188,media study,媒体研究,,2017-08-08
3264189,media subclass,媒体细分类,,2017-08-08
3264190,media subsidy,媒体补贴,,2017-08-08
3264191,media tour,媒体参观旅行,,2017-08-08
3264192,media training,媒体训练,,2017-08-08
3264193,media trial,媒体审判,,2017-08-08
3264194,media trigger,媒体触发物；引起媒体反应的刺激物,,2017-08-08
3264195,media unit,媒体计算单位,,2017-08-08
3264196,media use,媒介使用,,2017-08-08
3264197,media vehicle,媒体载具,,2017-08-08
3264198,media watch,媒体观察；媒体监督,,2017-08-08
3264199,media-buying,媒体购买,,2017-08-08
3264200,media-buying service,媒体购买服务,,2017-08-08
3264201,media-centered democracy,媒体中心民主,,2017-08-08
3264202,media-sponsored event,媒体赞助活动,,2017-08-08
3264203,MediaFLO {=media forward link only},媒体前向链路技术,,2017-08-08
3264204,"Mediamark Research, Inc. {=MRI}",{美国}媒体指标研究公司,,2017-08-08
3264205,median value,中位数值,,2017-08-08
3264206,median voter,中间选民,,2017-08-08
3264207,mediascape,媒介景观,,2017-08-08
3264208,mediated content,中介式内容,,2017-08-08
3264209,mediated interaction,中介式互动,,2017-08-08
3264210,mediated reality,[媒体]中介真实,,2017-08-08
3264211,mediation,中介；调解,,2017-08-08
3264212,mediation theory,中介理论,,2017-08-08
3264213,Medicaid,{美国}低收入户医疗救助保险,,2017-08-08
3264214,medical catastrophe,医疗灾难,,2017-08-08
3264215,medical community,医疗社群,,2017-08-08
3264216,medical device,医疗器材,,2017-08-08
3264217,medical diagnostic radiography,医用射线诊断照相法,,2017-08-08
3264218,medical disclosure,医疗揭露,,2017-08-08
3264219,medical dispute,医疗纠纷,,2017-08-08
3264220,medical encounter,医疗接触,,2017-08-08
3264221,medical error,医疗错误,,2017-08-08
3264222,medical gaze,医学凝视,,2017-08-08
3264223,medical informatics,医疗资讯学,,2017-08-08
3264224,medical journalism,医药新闻,,2017-08-08
3264225,medical malpractice,医疗不当执业,,2017-08-08
3264226,medical mistake,医疗错误,,2017-08-08
3264227,medical professional,医疗专业人士,,2017-08-08
3264228,medical radiography,医用X光摄影,,2017-08-08
3264229,medical terminology,医疗辞汇；医疗术语,,2017-08-08
3264230,medical X-ray film,医用X光片,,2017-08-08
3264231,medicalization,医疗化,,2017-08-08
3264232,medicalization of life,生活医疗化,,2017-08-08
3264233,Medicare,{美国}老人医疗照护保险,,2017-08-08
3264234,medium,媒体 ；媒介；中介,,2017-08-08
3264235,medium access control {=MAC},媒介存取控制,,2017-08-08
3264236,medium close shot,中近景,,2017-08-08
3264237,medium contrast,中等反差,,2017-08-08
3264238,medium cut filter,中频过滤器,,2017-08-08
3264239,medium long shot,中远景,,2017-08-08
3264240,medium shot,中景,,2017-08-08
3264241,medium tone,中间色调；中间音调,,2017-08-08
3264242,medium wave,中波,,2017-08-08
3264243,medium weight paper,中厚纸,,2017-08-08
3264244,medium-power,中功率,,2017-08-08
3264245,Medium-Power Satellite,中功率卫星,,2017-08-08
3264246,mega-media,大媒体,,2017-08-08
3264247,megabyte,百万位元组,,2021-06-22
3264248,megahertz,百万赫,,2017-08-08
3264249,Megahertz {=MHz},百万赫,,2017-08-08
3264250,megamedia trend,大媒体潮,,2017-08-08
3264251,megapixel,百万像素；百万画素,,2017-08-08
3264252,melodrama,通俗剧,,2017-08-08
3264253,member check,受访者过滤；受访者确认,,2017-08-08
3264254,members of parliament,国会议员,,2017-08-08
3264255,membership organization,会员制组织,,2017-08-08
3264256,memorandum opinion and order {=MO&O},意见与命令备忘录,,2017-08-08
3264257,memorial volume,纪念刊,,2017-08-08
3264258,memory,记忆；记忆体,,2017-08-08
3264259,memory color,记忆色,,2017-08-08
3264260,memory effect,记忆效应,,2017-08-08
3264261,MENA {=Middle East News Agency},中东新闻社,,2017-08-08
3264262,menopause,停经；更年期,,2017-08-08
3264263,mental files,心智记忆,,2017-08-08
3264264,mental health,心理健康；心理卫生,,2017-08-08
3264265,mental health promotion,心理健康促进,,2017-08-08
3264266,mental illness,精神疾病,,2017-08-08
3264267,mental model,心智模式,,2017-08-08
3264268,mental set,心智,,2017-08-08
3264269,mentality,神智状态,,2017-08-08
3264270,mentor,良师；导师,,2017-08-08
3264271,mephistophelean journalism,邪恶新闻报导,,2017-08-08
3264272,merchandise,商品化；商品,,2017-08-08
3264273,merchantilism,重商主义,,2017-08-08
3264274,mercuric chloride,{印刷}升汞,,2017-08-08
3264275,mercury battery,水银电池,,2017-08-08
3264276,mercury intensifier,汞增强,,2017-08-08
3264277,mercury vapor lamp,水银灯,,2017-08-08
3264278,merger regulation,结合管制；并购管制,,2017-08-08
3264279,meridional image surface,子午像面,,2017-08-08
3264280,meridional ray,子午光线,,2017-08-08
3264281,meridional resolving power,子午分辨力；经向旋转力,,2017-08-08
3264282,merocyanine dye,花青染料,,2017-08-08
3264283,MES {=mobile earth station},移动式地面站,,2017-08-08
3264284,message,讯息,,2017-08-08
3264285,message board,讯息留言板,,2017-08-08
3264286,message exposure,讯息曝露,,2017-08-08
3264287,message filtering,讯息过滤,,2017-08-08
3264288,message framing,讯息框架,,2017-08-08
3264289,message movie,讯息电影,,2017-08-08
3264290,message strategy,讯息策略,,2017-08-08
3264291,message transfer system {=MTS},讯息转送系统,,2017-08-08
3264292,message weight,讯息比重,,2017-08-08
3264293,message-distribution objective,讯息传送目标,,2017-08-08
3264294,meta analysis,后设分析；综核分析,,2017-08-08
3264295,meta cognitive process,后设认知过程；元认知过程,,2017-08-08
3264296,meta communication,后设传播；元传播,,2017-08-08
3264297,meta contingency,后设权变性；后设偶变性,,2017-08-08
3264298,meta-analysis,后设分析；综核分析,,2017-08-08
3264299,meta-language,后设语言；元语言,,2017-08-08
3264300,meta-narrative,后设叙事；元叙事,,2017-08-08
3264301,meta-theoretical analysis,后设理论分析；综核理论分析,,2017-08-08
3264302,metabolic syndrome,代谢症候群,,2017-08-08
3264303,metabolism,新陈代谢,,2017-08-08
3264304,metacognition,后设认知；元认知,,2017-08-08
3264305,metacognition knowledge,后设认知知识；元认知知识,,2017-08-08
3264306,metadata,后设资料；综核资料；元资料,,2017-08-08
3264307,metafunction,后设功能；元功能,,2017-08-08
3264308,metal focal plane shutter,钢片快门,,2017-08-08
3264309,metal toning,金属调色法,,2017-08-08
3264310,metalingual function,后设语言功能；元语言功能,,2017-08-08
3264311,metallic toning,金属调色法,,2017-08-08
3264312,metamerism,条件配色,,2017-08-08
3264313,metaphor,比喻；隐喻,,2017-08-08
3264314,metaphysics,形上学,,2017-08-08
3264315,metatheory,后设理论,,2017-08-08
3264316,Metcalfe's law,Metcalfe定律,,2017-08-08
3264317,meter candle second {=MCS},每秒烛光照度,,2017-08-08
3264318,metered manual,手动测光,,2017-08-08
3264319,methadone,美沙冬；美沙酮,,2017-08-08
3264320,method acting,方法派演技,,2017-08-08
3264321,method actor,方法派演员,,2017-08-08
3264322,method of authority,权威法,,2017-08-08
3264323,method of average error,均误法,,2017-08-08
3264324,method of bisection,二分法,,2017-08-08
3264325,method of cumulative scale,累积法,,2017-08-08
3264326,method of data collection,资料搜集法,,2017-08-08
3264327,method of equal-appearing intervals,等距法,,2017-08-08
3264328,method of interval estimation,区间估计法,,2017-08-08
3264329,method of paired comparisons,配对比较法,,2017-08-08
3264330,method of rank order,排序法；等第顺序法；次第排列法,,2017-08-08
3264331,method of rating scale,评定量表法,,2017-08-08
3264332,method of semantic differential,语意差异分析法,,2017-08-08
3264333,methodological discourse,方法学论述,,2017-08-08
3264334,methodology,方法论,,2017-08-08
3264335,methylenedioxymethamphetamine {=MDMA},快乐丸,,2017-08-08
3264336,metol,米吐尔显影剂,,2017-08-08
3264337,metonymy,转喻,,2017-08-08
3264338,metrical operation,计量操作,,2017-08-08
3264339,Metro-Goldwyn-Mayer {=MGM},米高梅电影公司,,2017-08-08
3264340,metropolitan area network {=MAN},都会区网路,,2017-08-08
3264341,metropolitan statistical area {=MSA},大都会统计区域,,2017-08-08
3264342,metteur-en-scene,场面配置者,,2017-08-08
3264343,MF class flash bulb,MF级闪光灯泡,,2017-08-08
3264344,MFJ {=modification of final judgement},最后判决之修正,,2017-08-08
3264345,MFN {=multiple frequency network},多频网,,2017-08-08
3264346,MGM {=Metro-Goldwyn-Mayer},米高梅电影公司,,2017-08-08
3264347,MHP {=multimedia home platform},家用多媒体平台,,2017-08-08
3264348,MHz {=Megahertz},百万赫,,2017-08-08
3264349,miasma theory,瘴疠[致病]论,,2017-08-08
3264350,MIC {=Ministry of Information and Communication},{韩国}情报通信部,,2017-08-08
3264351,Michigan Model,密西根模式,,2017-08-08
3264352,Mickey mousing,卡通音效,,2017-08-08
3264353,micro analysis,微观分析,,2017-08-08
3264354,micro camera,微型照相机；微型摄影机,,2017-08-08
3264355,micro cinematography,显微摄影,,2017-08-08
3264356,micro condition,微观条件,,2017-08-08
3264357,micro consequence,微观结果,,2017-08-08
3264358,micro dia prism,微棱锥；微棱镜,,2017-08-08
3264359,micro dispersion process,微扩散过程,,2017-08-08
3264360,micro lens,微距镜头,,2017-08-08
3264361,micro society,微观社会,,2017-08-08
3264362,micro split image,微分割图像,,2017-08-08
3264363,micro structure,微观结构,,2017-08-08
3264364,micro-moment time-line interview,微刻时序访谈法,,2017-08-08
3264365,micro-social marketing plan,微观社会行销规划,,2017-08-08
3264366,microbiological risk,微生物的风险,,2017-08-08
3264367,microcapsules electrophoretic,微胶囊电泳,,2017-08-08
3264368,microdensitometer,微浓度计,,2017-08-08
3264369,microfiche,微缩胶片,,2017-08-08
3264370,microfilm,微缩胶片,,2017-08-08
3264371,micrographic,微缩摄影术,,2017-08-08
3264372,microphone boom,麦克风架,,2017-08-08
3264373,microphotography,微缩摄影,,2017-08-08
3264374,microphotometer,微光测光器,,2017-08-08
3264375,microradiography,显微射线摄影,,2017-08-08
3264376,microsite,附属网页,,2017-08-08
3264377,microstructure,微结构,,2017-08-08
3264378,"Microwave Communications of American, Incorporated {=MCI}",美国微波通讯公司,,2017-08-08
3264379,mid-market,中间路线市场,,2017-08-08
3264380,mid-shot,中景,,2017-08-08
3264381,mid-term election,期中选举,,2017-08-08
3264382,midband,中频波段,,2017-08-08
3264383,middle class,中产阶级,,2017-08-08
3264384,Middle East News Agency {=MENA},中东新闻社,,2017-08-08
3264385,Middle of the Road {=MOR},混合式乐风电台,,2017-08-08
3264386,middle range theory,中程理论,,2017-08-08
3264387,middle tone,中间色调,,2017-08-08
3264388,Mifepristone,美服培酮；事后避孕丸,,2017-08-08
3264389,military censorship,军方新闻检查,,2017-08-08
3264390,Military Communication Satellite,军事通信卫星,,2017-08-08
3264391,military metaphor,军事隐喻,,2017-08-08
3264392,millimeter,毫米,,2017-08-08
3264393,milliwatt,毫瓦,,2017-08-08
3264394,mime,默剧；模拟演出,,2017-08-08
3264395,mimeograph,油印机,,2017-08-08
3264396,mimesis,模仿；拟态,,2017-08-08
3264397,mimetic form,模仿形式,,2017-08-08
3264398,mimetic isomorphism,模仿同形化,,2017-08-08
3264399,mimicry,模仿；拟仿,,2017-08-08
3264400,MIMO {=multi-input multi-output},多重输入输出,,2017-08-08
3264401,MIN {=mobile identification number},行动电话机识别码；{俗称}内码,,2017-08-08
3264402,mind-body dualism,身心二元论,,2017-08-08
3264403,mini-framework,迷你架构,,2017-08-08
3264404,mini-theory,迷你理论,,2017-08-08
3264405,miniature,模型；缩影,,2017-08-08
3264406,miniature set,模型布景；小型布景,,2017-08-08
3264407,miniaturization,缩影；缩小化,,2017-08-08
3264408,minibrute,小布鲁特灯,,2017-08-08
3264409,minicomputer traffic system,迷你电脑流量管制系统,,2017-08-08
3264410,minimal cinema,最低限电影,,2017-08-08
3264411,minimal effect,最小效果,,2017-08-08
3264412,minimal marginal reproducibility {=MMR},最小边际复制值,,2017-08-08
3264413,minimization procedure,最小化程序,,2017-08-08
3264414,minimum intensity of exposure,最低暴露强度,,2017-08-08
3264415,minimum residual factor analysis,最小残余因素分析,,2017-08-08
3264416,minimum useful density,最小有效密度,,2017-08-08
3264417,minimum useful gradient,最小有效梯度,,2017-08-08
3264418,minimum-contact,最低关联,,2017-08-08
3264419,minisite,附属网页,,2017-08-08
3264420,ministerial responsibility,部会责任,,2017-08-08
3264421,Ministry of Agriculture Fisheries and Food {=MAFF},{英国}农业、渔业与粮食部,,2017-08-08
3264422,Ministry of Information and Communication {=MIC},{韩国}情报通信部,,2017-08-08
3264423,Ministry of Press and Propaganda,{义大利}新闻宣传部,,2017-08-08
3264424,minority,少数；少数民族；弱势[团体],,2017-08-08
3264425,minority applicant,少数族群申请者,,2017-08-08
3264426,minority audience,少数族群阅听众,,2017-08-08
3264427,minority channel,少数族群频道,,2017-08-08
3264428,minority group,少数团体,,2017-08-08
3264429,mirage,幻影；倒影,,2017-08-08
3264430,mirage lens,复影镜,,2017-08-08
3264431,Mirror,{英国}镜报,,2017-08-08
3264432,mirror box,反光镜箱；镜箱,,2017-08-08
3264433,mirror lens,反射镜；反光镜,,2017-08-08
3264434,mirror lock lever,反光镜锁紧杆,,2017-08-08
3264435,mirror meter,反光测光仪,,2017-08-08
3264436,mirror phase,镜像阶段,,2017-08-08
3264437,mirror reflex type enlarger,镜面反射式放大机,,2017-08-08
3264438,mirror shutter,反射式快门,,2017-08-08
3264439,mirror theory,镜像理论,,2017-08-08
3264440,mirror-up device,反光镜上升器,,2017-08-08
3264441,MIS {=marketing information system},行销资讯系统,,2017-08-08
3264442,MISA {=Media Institute for Southern Africa},南非洲媒体协会,,2017-08-08
3264443,misappropriation,盗用；不当挪用,,2017-08-08
3264444,misappropriation of personality,盗用名誉；滥用人格,,2017-08-08
3264445,miscarriage,流产,,2017-08-08
3264446,miscegenation,种族混合；异族通婚,,2017-08-08
3264447,mise-en-scene,场面调度,,2017-08-08
3264448,misinterpretation,误读,,2017-08-08
3264449,misogyny,{心理}厌恶女人,,2017-08-08
3264450,misrepresentation,错误再现,,2017-08-08
3264451,misrepresentation of health information,健康资讯的错误再现,,2017-08-08
3264452,mission,任务；使命,,2017-08-08
3264453,missionary party,使命型政党,,2017-08-08
3264454,mistranscription,错译；误译；误抄,,2017-08-08
3264455,misuse of device,设备误用,,2017-08-08
3264456,mix/effects {=M/E} bus,效果钮排,,2017-08-08
3264457,mixed crystal,混合晶体,,2017-08-08
3264458,mixed grain emulsion,混合颗粒乳剂,,2017-08-08
3264459,mixed interlock,电视广告合成样片；俗称B拷,,2017-08-08
3264460,mixed liquid crystal,混合液晶,,2017-08-08
3264461,mixed methods,混合法,,2017-08-08
3264462,mixed packet emulsion,混合包囊乳剂,,2017-08-08
3264463,mixed-effect model,混合效果模式,,2017-08-08
3264464,mixed-media approach,组合媒体方式,,2017-08-08
3264465,mixed-motives model,混合动机模式,,2017-08-08
3264466,mixing,混音,,2017-08-08
3264467,MJW {=Mobile Journalist's Workstation},行动记者工作站,,2017-08-08
3264468,MMDS {=multi-channel multi-distribution system},多频道多点无线传输系统,,2017-08-08
3264469,MMORPG {=massively multiplayer online role play game},多人线上角色扮演游戏,,2017-08-08
3264470,"MMR vaccine {=measles, mumps and rubella vaccine}",麻疹、腮腺炎、德国麻疹三合一疫苗,,2017-08-08
3264471,MMR {=minimal marginal reproducibility},最小边际复制值,,2017-08-08
3264472,mnemonic device,唤起记忆之技巧,,2017-08-08
3264473,MNO {=mobile network operator},行动网路营运商,,2017-08-08
3264474,MO&O {=memorandum opinion and order},意见与命令备忘录,,2017-08-08
3264475,mobile base station {=MBS},行动电话基地台,,2017-08-08
3264476,mobile billboard,动态看板,,2017-08-08
3264477,mobile broadcasting network,行动广播网,,2017-08-08
3264478,mobile communications service,行动电信服务业,,2017-08-08
3264479,mobile computing,行动计算,,2017-08-08
3264480,mobile digital video broadcasting,行动数位视讯广播,,2017-08-08
3264481,mobile earth station {=MES},移动式地面站,,2017-08-08
3264482,mobile identification number {=MIN},行动电话机识别码；{俗称}内码,,2017-08-08
3264483,Mobile Journalist's Workstation {=MJW},行动记者工作站,,2017-08-08
3264484,mobile learning {=m-learning},行动学习,,2017-08-08
3264485,mobile marketing,行动行销,,2017-08-08
3264486,mobile network operator {=MNO},行动网路营运商,,2017-08-08
3264487,mobile phone short message service,行动电话简讯服务,,2017-08-08
3264488,mobile phone special service-call forwarding,行动电话特别服务─指定转接,,2017-08-08
3264489,mobile phone special service-call waiting,行动电话特别服务─话中插拨,,2017-08-08
3264490,mobile technology,行动科技,,2017-08-08
3264491,mobile telephone exchange {=MTX},行动电话交换机,,2017-08-08
3264492,mobile television,行动电视,,2017-08-08
3264493,mobile terminal,行动通讯终端机,,2017-08-08
3264494,mobile video streaming,行动视讯串流,,2017-08-08
3264495,mobility fund,行动基金,,2017-08-08
3264496,mobilization,动员,,2017-08-08
3264497,mobilization model of community involvement,社区参与动员模式,,2017-08-08
3264498,moblog,行动部落格,,2017-08-08
3264499,MoCap {=motion capture system},动作撷取系统,,2017-08-08
3264500,mock-up,样版；局部模型,,2017-08-08
3264501,mocking ads,嘲笑型广告,,2017-08-08
3264502,MOD {=movie on demand},电影随选服务,,2017-08-08
3264503,MOD {=multimedia on demand} service,多媒体随选服务,,2017-08-08
3264504,MOD {=music on demand},音乐随选服务,,2017-08-08
3264505,mode of discourse,论述模式,,2017-08-08
3264506,model,模型；模式,,2017-08-08
3264507,model category,典型类目,,2017-08-08
3264508,Model law on Electronic Commerce,{联合国贸法会}电子商务模范法,,2017-08-08
3264509,Model law on Electronic Signatures,{联合国贸法会}电子签章模范法,,2017-08-08
3264510,model of collaborative interpretation,合作诠释模式；协同诠释模式,,2017-08-08
3264511,model of public relations,公关模式,,2017-08-08
3264512,model of third world development,第三世界发展模式,,2017-08-08
3264513,model rule,模范法则,,2017-08-08
3264514,model sheet,造型设计,,2017-08-08
3264515,model shot,模型镜头,,2017-08-08
3264516,modeling,效法；模式化,,2017-08-08
3264517,modeling light,轮廓光,,2017-08-08
3264518,modem {=modulator-demodulator},数据机,,2017-08-08
3264519,moderator,主持人,,2017-08-08
3264520,modern medicine,现代医学；西医,,2017-08-08
3264521,modern racism,现代种族主义,,2017-08-08
3264522,modernism,现代主义,,2017-08-08
3264523,modernity,现代性,,2017-08-08
3264524,modernization,现代化,,2017-08-08
3264525,modernization of election campaign,竞选现代化,,2017-08-08
3264526,modesty,适度；谦逊,,2017-08-08
3264527,modification of final judgement,最终判决修正,,2017-08-08
3264528,modification of final judgement {=MFJ},最后判决之修正,,2017-08-08
3264529,modular,块状组版,,2017-08-08
3264530,modular design,模组化设计,,2017-08-08
3264531,modulation transfer function,反差函数,,2017-08-08
3264532,modulator-demodulator {=modem},数据机,,2017-08-08
3264533,mogul,电影大亨,,2017-08-08
3264534,moire,龟纹；波纹,,2017-08-08
3264535,moire effect,波纹效应,,2017-08-08
3264536,moisture sorption equilibrium,吸湿平衡,,2017-08-08
3264537,molecular extinction coefficient,分子消光系数；分子吸光系数,,2017-08-08
3264538,momentum,动量；动力；要素,,2017-08-08
3264539,monetary policy,货币政策,,2017-08-08
3264540,monitor,监视器,,2017-08-08
3264541,monitoring and modification,监测和修正,,2017-08-08
3264542,monobath,显定合一液,,2017-08-08
3264543,monochromatic light,单色光,,2017-08-08
3264544,monochromatic radiation,单色辐射,,2017-08-08
3264545,monochrome,单色,,2017-08-08
3264546,monochrome photography,黑白摄影,,2017-08-08
3264547,monochromic,单一时间观,,2017-08-08
3264548,Monogram,Monogram电影公司,,2017-08-08
3264549,monologism,独语主义；独白主义,,2017-08-08
3264550,monologue,独白,,2017-08-08
3264551,monologue copy,独白式文案,,2017-08-08
3264552,monomolecular layer,单分子层,,2017-08-08
3264553,monopack,多感光层底片,,2017-08-08
3264554,monopack film,多层彩色片,,2017-08-08
3264555,monopole,棚顶灯架,,2017-08-08
3264556,monopoly,独占；垄断,,2017-08-08
3264557,montage,蒙太奇,,2017-08-08
3264558,montage of attraction,吸引力蒙太奇,,2017-08-08
3264559,montage of collision,冲击蒙太奇,,2017-08-08
3264560,montage photography,合成摄影,,2017-08-08
3264561,monthly,月刊,,2017-08-08
3264562,monthly churn,每月异动率,,2017-08-08
3264563,mood music,情调音乐,,2017-08-08
3264564,moonlighting,兼职,,2017-08-08
3264565,MOR {=Middle of the Road},混合式乐风电台,,2017-08-08
3264566,moral appeal,道德诉求,,2017-08-08
3264567,moral community,道德社群,,2017-08-08
3264568,moral conflict,道德冲突,,2017-08-08
3264569,moral conversation,道德对话,,2017-08-08
3264570,moral conviction,道德信念,,2017-08-08
3264571,moral decision making,道德决策,,2017-08-08
3264572,moral domain,道德范围,,2017-08-08
3264573,moral hazard,道德危机,,2017-08-08
3264574,moral issue,道德议题,,2017-08-08
3264575,moral panic,道德恐慌,,2017-08-08
3264576,moral responsibility,道德责任,,2017-08-08
3264577,moral rights,道德权,,2017-08-08
3264578,moral standard,道德标准,,2017-08-08
3264579,moralization of disease,疾病道德化,,2017-08-08
3264580,morbidity,发病；发病率,,2017-08-08
3264581,mordant dye,媒染染料,,2017-08-08
3264582,mordant toning,媒染调色,,2017-08-08
3264583,mordanting bath,媒染液,,2017-08-08
3264584,morgue,[报刊]资料室；档案室,,2017-08-08
3264585,morning edition,晨报,,2017-08-08
3264586,morning paper,晨报,,2017-08-08
3264587,morph,变形,,2017-08-08
3264588,morpheme,语素,,2017-08-08
3264589,morphing,变形,,2017-08-08
3264590,morphology,形态学,,2017-08-08
3264591,Morse code,摩斯电码,,2017-08-08
3264592,mortality rate,死亡率,,2017-08-08
3264593,mortality statistics,死亡率统计,,2017-08-08
3264594,mosaic,马赛克；镶嵌,,2017-08-08
3264595,Mosaic,马赛克[浏览器],,2017-08-08
3264596,mosaic logic,拼贴逻辑；{俗称}马赛克逻辑,,2017-08-08
3264597,mosaic screen plate,马赛克筛版,,2017-08-08
3264598,mosaic screen process,马赛克筛版法；彩屏法,,2017-08-08
3264599,Moscow Film Festival,莫斯科影展,,2017-08-08
3264600,mother-to-child transmission,母婴垂直感染,,2017-08-08
3264601,motherhood,母性；母职,,2017-08-08
3264602,Mothers Against Drunk Driving {=MADD},{美国}母亲反酒驾组织,,2017-08-08
3264603,motif,母题,,2017-08-08
3264604,motion analysis camera,超高速摄影机,,2017-08-08
3264605,motion capture system {=MoCap},动作撷取系统,,2017-08-08
3264606,motion picture,电影,,2017-08-08
3264607,Motion Picture Association of America,美国电影协会,,2017-08-08
3264608,motion prediction,动态预测,,2017-08-08
3264609,motion-picture camera,电影摄影机,,2017-08-08
3264610,motivated sequence,激励顺序,,2017-08-08
3264611,motivation,动机,,2017-08-08
3264612,motivation research,动机研究,,2017-08-08
3264613,motivation to comply,顺从动机,,2017-08-08
3264614,motivation value,{媒体}动机价值,,2017-08-08
3264615,motivational appeal,动机诉求,,2017-08-08
3264616,motive,动机,,2017-08-08
3264617,motor,马达,,2017-08-08
3264618,motor drive,马达驱动；电机驱动,,2017-08-08
3264619,motor-driven camera,马达驱动照相机；电动照相机,,2017-08-08
3264620,mottle,杂色；斑点,,2017-08-08
3264621,mount,片框；装配；转接环；榫头,,2017-08-08
3264622,mountain film,登山片,,2017-08-08
3264623,mountain sickness,登山病；高山症,,2017-08-08
3264624,mounting,裱贴；装配,,2017-08-08
3264625,movie blog,电影部落格,,2017-08-08
3264626,movie on demand {=MOD},电影随选服务,,2017-08-08
3264627,moving of telephone,电话移机,,2017-08-08
3264628,moving picture experts group {=MPEG},视讯压缩规格,,2017-08-08
3264629,moving shot,运动镜头,,2017-08-08
3264630,Moviola,摩维拉剪接机,,2017-08-08
3264631,MPA {=Magazine Publishers Association},{美国}杂志发行人协会,,2017-08-08
3264632,MPC {=multimedia PC},多媒体个人电脑,,2017-08-08
3264633,MPE {=multi-protocol encapsulation},多重协定封装,,2017-08-08
3264634,MPEG {=moving picture experts group},视讯压缩规格,,2017-08-08
3264635,MPR {=marketing public relations},行销公共关系,,2017-08-08
3264636,MQ developer,MQ显影液,,2017-08-08
3264637,"MRI {=Mediamark Research, Inc.}",{美国}媒体指标研究公司,,2017-08-08
3264638,MRM {=mechanically-recovered meat},机械去骨的肉,,2017-08-08
3264639,MSA {=metropolitan statistical area},大都会统计区域,,2017-08-08
3264640,MSI {=maritime safety information},海事安全资讯,,2017-08-08
3264641,MSO {=multiple system operator},{有线电视}多系统经营者,,2017-08-08
3264642,MTML {=multitheoretical multilevel} model,多重理论多重层次模型,,2017-08-08
3264643,MTS {=message transfer system},讯息转送系统,,2017-08-08
3264644,MTS {=multi-channel television sound},电视多声道系统,,2017-08-08
3264645,MTX {=mobile telephone exchange},行动电话交换机,,2017-08-08
3264646,muckraker,丑闻揭发者；扒粪者；揭弊者,,2017-08-08
3264647,muckraking,扒粪,,2017-08-08
3264648,muckraking journalism,丑闻揭发新闻学；扒粪新闻学,,2017-08-08
3264649,mud-slinging,抹黑；中伤；毁谤,,2017-08-08
3264650,MUDs {=multi-user dungeons},多人城堡游戏；多人网路游戏；{俗称}泥巴,,2017-08-08
3264651,mudslinging,揭发隐私,,2017-08-08
3264652,multi coating,多层膜,,2017-08-08
3264653,multi mask film,多层胶膜片,,2017-08-08
3264654,multi method approach,多元方法取向,,2017-08-08
3264655,multi spot metering,多点测光,,2017-08-08
3264656,multi-beam antenna,多波束天线,,2017-08-08
3264657,multi-channel campaign,多管道推广；多管道推广活动,,2017-08-08
3264658,multi-channel multi-distribution system {=MMDS},多频道多点无线传输系统,,2017-08-08
3264659,multi-channel television sound {=MTS},电视多声道系统,,2017-08-08
3264660,multi-color graphics array {=MCGA},多色图形阵列,,2017-08-08
3264661,multi-discursive,多重论述的；多重话语的,,2017-08-08
3264662,multi-dwelling unit {=MDU},集合住宅单位,,2017-08-08
3264663,multi-input multi-output {=MIMO},多重输入输出,,2017-08-08
3264664,multi-methods,多元方法,,2017-08-08
3264665,multi-path effect,多重路径效应,,2017-08-08
3264666,multi-path reflection,多重路径反射,,2017-08-08
3264667,multi-perspective journalism,多元观点新闻学,,2017-08-08
3264668,multi-protocol encapsulation {=MPE},多重协定封装,,2017-08-08
3264669,multi-service platform,多重服务平台,,2017-08-08
3264670,multi-user dungeons {=MUDs},多人城堡游戏；多人网路游戏；{俗称}泥巴,,2017-08-08
3264671,multiaccentuality,多重诠释；多重重音,,2017-08-08
3264672,multicam,多机作业,,2017-08-08
3264673,multicast address,群播位址,,2017-08-08
3264674,multicast backbone network {=MBONE},多向广播骨干网路,,2017-08-08
3264675,multicast distribution protocols,群播协定,,2017-08-08
3264676,multicast distribution trees,群播树状结构,,2017-08-08
3264677,multicast forwarding technique,群播转送技术,,2017-08-08
3264678,multichannel video programming distributor {=MVPD},多频视讯节目供应商,,2017-08-08
3264679,multicolor printing,多色印刷,,2017-08-08
3264680,multicultural,多元文化的,,2017-08-08
3264681,multicultural relation,多元文化关系,,2017-08-08
3264682,multiculturalism,多元文化论,,2017-08-08
3264683,multidirectional communication,多方向传播,,2017-08-08
3264684,multifactorial etiology,多因子病因学,,2017-08-08
3264685,multifactorial inheritance,多重因素遗传,,2017-08-08
3264686,multihead printer,多轨印片机,,2017-08-08
3264687,multilayer film,多感光层底片,,2017-08-08
3264688,multilinguism,多语言性,,2017-08-08
3264689,multimedia,多媒体,,2017-08-08
3264690,multimedia broadcast multicast service {=MBMS},多媒体广播多点服务,,2017-08-08
3264691,multimedia home platform {=MHP},家用多媒体平台,,2017-08-08
3264692,multimedia journalism,多媒体新闻学,,2017-08-08
3264693,multimedia narration,多媒体叙述,,2017-08-08
3264694,multimedia on demand {=MOD} service,多媒体随选服务,,2017-08-08
3264695,multimedia PC {=MPC},多媒体个人电脑,,2017-08-08
3264696,multimedia presentation,多媒体呈现；多媒体提案,,2017-08-08
3264697,multimethod research,多元方法研究,,2017-08-08
3264698,multimodality,多模态性,,2017-08-08
3264699,multinational corporation,跨国企业,,2017-08-08
3264700,multiparadigmatic,多元典范的,,2017-08-08
3264701,multipath reflections,多路径反射,,2017-08-08
3264702,multiplane,多层次摄影平台,,2017-08-08
3264703,multiple causation,多元致病论；多种因果性,,2017-08-08
3264704,multiple dwelling units,多单元住户,,2017-08-08
3264705,multiple exposure,多次曝光；多重曝光,,2017-08-08
3264706,multiple frequency network {=MFN},多频网,,2017-08-08
3264707,multiple identities,多重认同；多重身份,,2017-08-08
3264708,multiple plane,多层背景,,2017-08-08
3264709,multiple response,复选,,2017-08-08
3264710,multiple runs,局部重复曝光,,2017-08-08
3264711,multiple sub-nyquist sampling encoding {=MUSE},{日本}高画质电视类比压缩技术,,2017-08-08
3264712,multiple system operator {=MSO},{有线电视}多系统经营者,,2017-08-08
3264713,multiple time-series design,多重时间序列设计,,2017-08-08
3264714,multiple-cohort sequential analysis,多重世代序列分析,,2017-08-08
3264715,multiple-edition paper,多版本报纸,,2017-08-08
3264716,multiple-image shot,多影像镜头,,2017-08-08
3264717,multiple-sequence model,多重序列模式,,2017-08-08
3264718,multiple-step flow model,多层级传播模式,,2017-08-08
3264719,multiplexed analog components {=MAC},多工类比元件,,2017-08-08
3264720,multiplexing,多工,,2017-08-08
3264721,multipoint distribution system {=MDS},{微波}多点传送系统,,2017-08-08
3264722,multisample analysis,多重样本分析,,2017-08-08
3264723,multiscreen projection,多银幕放映,,2017-08-08
3264724,multistage random sampling,多阶段随机抽样,,2017-08-08
3264725,multistage sampling procedure,多阶段抽样程序,,2017-08-08
3264726,multitheoretical multilevel {=MTML} model,多重理论多重层次模型,,2017-08-08
3264727,multitrack audio recorder,多轨录音机,,2017-08-08
3264728,multivariate data,多变量数据,,2017-08-08
3264729,multivariate factor analysis,多变量因素分析,,2017-08-08
3264730,multivariate linear model,多变量线型模式,,2017-08-08
3264731,multivariate relationship,多变量关系,,2017-08-08
3264732,mumps,腮腺炎,,2017-08-08
3264733,Munsell system,Munsell色标系统,,2017-08-08
3264734,Munsell value function,Munsell明度函数,,2017-08-08
3264735,mural,景片,,2017-08-08
3264736,MUSE {=multiple sub-nyquist sampling encoding},{日本}高画质电视类比压缩技术,,2017-08-08
3264737,music and effects track,音乐音效声轨,,2017-08-08
3264738,music censorship,音乐审查,,2017-08-08
3264739,music mixer,混音师；成音师,,2017-08-08
3264740,music on demand {=MOD},音乐随选服务,,2017-08-08
3264741,music track,音乐轨道,,2017-08-08
3264742,musical commercial,音乐广告,,2017-08-08
3264743,musical film,音乐歌舞片,,2017-08-08
3264744,musical works,音乐作品,,2017-08-08
3264745,must,必刊文,,2017-08-08
3264746,must carrier,{有线电视}必载频道,,2017-08-08
3264747,mutability premise,易变性前提,,2017-08-08
3264748,mutation,变种；突变,,2017-08-08
3264749,mutual agreement,共同协议；相互同意,,2017-08-08
3264750,Mutual Broadcasting Company,{美国}互联广播公司,,2017-08-08
3264751,mutual conditioning,交互制约,,2017-08-08
3264752,mutual exclusivity,互斥性,,2017-08-08
3264753,mutual values,共有价值；共享价值,,2017-08-08
3264754,MVPD {=multichannel video programming distributor},多频视讯节目供应商,,2017-08-08
3264755,Myodesopsia,飞蚊症,,2017-08-08
3264756,myopia,近视,,2017-08-08
3264757,mystification,神秘化,,2017-08-08
3264758,myth,迷思；神话,,2017-08-08
3264759,myth chain,迷思链,,2017-08-08
3264760,myth of assimilation,同化迷思,,2017-08-08
3264761,myth of difference,差异迷思,,2017-08-08
3264762,myth of marginality,边缘化迷思,,2017-08-08
3264763,myth of puritan ethnic,清教徒伦理迷思,,2017-08-08
3264764,myth of racial tolerance,种族包容迷思,,2017-08-08
3264765,myth-making,迷思建构；迷思打造,,2017-08-08
3264766,mythification,神话化；神秘化,,2017-08-08
3264767,N-Gen {=network generation},网路世代,,2017-08-08
3264768,N-step theory,N级传播理论,,2017-08-08
3264769,NAB {=National Association of Broadcaster},{美国}国家广播协会,,2017-08-08
3264770,NAFTA {=North American Free Trade Agreement},北美自由贸易协定,,2017-08-08
3264771,NAJ {=National Association of Journalists},{英国}全国新闻记者协会,,2017-08-08
3264772,namespace,名称空间,,2017-08-08
3264773,naming,命名,,2017-08-08
3264774,Nantes Festival of the Three Continents,{法国}南特影展,,2017-08-08
3264775,narcissism,自恋；自我陶醉,,2017-08-08
3264776,narcotic,麻醉药品,,2017-08-08
3264777,narcotization,麻醉作用,,2017-08-08
3264778,narcotizing dysfunction,麻痺负功能,,2017-08-08
3264779,narratee,受述者,,2017-08-08
3264780,narration,解说；叙述；旁白；讲述；叙述行为；讲述行为,,2017-08-08
3264781,narrative,叙事,,2017-08-08
3264782,narrative analysis,叙事分析；叙说分析,,2017-08-08
3264783,narrative communication,叙事沟通,,2017-08-08
3264784,narrative copy,叙事文案,,2017-08-08
3264785,narrative discourse,叙事论述；叙事话语,,2017-08-08
3264786,narrative ethics,叙事伦理,,2017-08-08
3264787,narrative genre,叙事文类,,2017-08-08
3264788,narrative imagination,叙事想像,,2017-08-08
3264789,narrative interview,叙事访谈,,2017-08-08
3264790,narrative message,叙事讯息,,2017-08-08
3264791,narrative montage,叙事蒙太奇,,2017-08-08
3264792,narrative organization,叙事组织,,2017-08-08
3264793,narrative process,叙事过程,,2017-08-08
3264794,narrative rationality,叙事理性,,2017-08-08
3264795,narrative schema,叙事基模,,2017-08-08
3264796,narrative situation,叙事情境,,2017-08-08
3264797,narrative structure,叙事结构,,2017-08-08
3264798,narrative system,叙事系统,,2017-08-08
3264799,narrative technique,叙事技巧,,2017-08-08
3264800,narrative theory,叙事理论,,2017-08-08
3264801,narrative therapy,叙事治疗,,2017-08-08
3264802,narrative turn,叙事转向；向叙事转,,2017-08-08
3264803,narrativity,叙事性,,2017-08-08
3264804,narratology,叙事学,,2017-08-08
3264805,narrator,讲述者；叙述者；叙事者；旁白者,,2017-08-08
3264806,narrow angle lens,窄角镜头,,2017-08-08
3264807,narrow band,窄频,,2017-08-08
3264808,narrow-gauge film,窄规格底片,,2017-08-08
3264809,narrow-guage film cinematograph,窄规格电影摄影,,2017-08-08
3264810,narrowband,窄频,,2017-08-08
3264811,narrowcasting,窄播,,2017-08-08
3264812,NASA {=National Aeronautics and Space Administration},{美国}国家航空暨太空总署；太空总署,,2017-08-08
3264813,NAT {=network address translation},网路转址,,2017-08-08
3264814,nation-state,国族国家；民族国家,,2017-08-08
3264815,National Academy of Sciences,{美国}国家科学院,,2017-08-08
3264816,national advertiser,全国性广告主,,2017-08-08
3264817,national advertising,全国性广告,,2017-08-08
3264818,National Aerial Photography Program,{美国}国家空中摄影计划,,2017-08-08
3264819,National Aeronautics and Space Act,{美国}航空暨太空法案,,2017-08-08
3264820,National Aeronautics and Space Administration {=NASA},{美国}国家航空暨太空总署；太空总署,,2017-08-08
3264821,national agency,全国性广告代理商,,2017-08-08
3264822,National Association Broadcaster Code Review Board,{美国}全国广播电视道德评议会,,2017-08-08
3264823,National Association of Black Journalists,{美国}黑人新闻工作者协会,,2017-08-08
3264824,National Association of Broadcaster {=NAB},{美国}国家广播协会,,2017-08-08
3264825,National Association of Hispanic Journalists,{美国}西班牙裔新闻工作者协会,,2017-08-08
3264826,National Association of Journalists {=NAJ},{英国}全国新闻记者协会,,2017-08-08
3264827,National Black Media Coalition,{美国}全国黑人媒体联盟,,2017-08-08
3264828,National Board of Review,{美国}电影评议会,,2017-08-08
3264829,national brand,全国性品牌,,2017-08-08
3264830,National Broadband Plan,{美国}国家宽频计划,,2017-08-08
3264831,national campaign,全国竞选活动；全国宣传活动,,2017-08-08
3264832,National Cancer Institute {=NCI},{美国}国家癌症研究院,,2017-08-08
3264833,National Capital Press Club,{美国}首府记者俱乐部,,2017-08-08
3264834,National Center for Business Reporting,全国商务报导中心,,2017-08-08
3264835,National Commission on the Causes and Prevention of Violence,{美国}暴力肇因暨防治委员会,,2017-08-08
3264836,National Communications Commission Organization Act,国家通讯传播委员会组织法,,2017-08-08
3264837,National Council for the Training of Journalists {=NCTJ},{英国}记者训练国家协会,,2017-08-08
3264838,national development,国家发展,,2017-08-08
3264839,National Enquirer,{美国}国家询问报,,2017-08-08
3264840,National Film Board,{加拿大}电影局,,2017-08-08
3264841,National Film Board of Canada,加拿大国家电影局,,2017-08-08
3264842,National Geographic Channel,{美国}国家地理频道,,2017-08-08
3264843,National Geographic Magazine,{美国}国家地理杂志,,2017-08-08
3264844,national health insurance,全民健康保险；全民健保,,2017-08-08
3264845,National Health Service {=NHS},{英国}国民保健制度,,2017-08-08
3264846,national identity,国家认同；国族认同,,2017-08-08
3264847,national image,国家形象,,2017-08-08
3264848,National Information and Communications Initiative Committee {=NICI},行政院国家资讯通信发展推动小组,,2017-08-08
3264849,National Information Infrastructure {=NII},国家资讯基础建设,,2017-08-08
3264850,National Information Society Agency {=NIA},{南韩}国家资讯社会局,,2017-08-08
3264851,National Institute of Mental Health {=NIMH},{美国}国家心理卫生研究院,,2017-08-08
3264852,National Institutes of Health {=NIH},{美国}国家卫生研究院,,2017-08-08
3264853,national magazine,全国性杂志,,2017-08-08
3264854,National News Council,国家新闻评议会；国家新闻委员会,,2017-08-08
3264855,National Newspaper Syndicate,{美国}国家新闻供应社,,2017-08-08
3264856,National Opinion Research Center {=NORC},{芝加哥大学}全国民意研究中心,,2017-08-08
3264857,National Press Club,{美国}新闻记者俱乐部,,2017-08-08
3264858,national press club,全国记者俱乐部,,2017-08-08
3264859,National Press Photographers Association,国家摄影记者协会,,2017-08-08
3264860,National Public Radio {=NPR},{美国}公共广播电台,,2017-08-08
3264861,national rate,{报纸广告}全国版费用,,2017-08-08
3264862,National Readership Survey {=NRS},{英国}全国读者调查组织,,2017-08-08
3264863,National Science Foundation Network {=NSFnet},国家科学基金会网路,,2017-08-08
3264864,National Science Foundation {=NSF},{美国}国家科学基金会,,2017-08-08
3264865,National Telecommunications and Information Administration {=NTIA},{美国}国家通讯与资讯局,,2017-08-08
3264866,National Telecommunications and Information Administration {=NTIA},{美国}国家通讯与资讯局,,2017-08-08
3264867,National Television Systems Committee {=NTSC},{美国}国家电视系统委员会,,2017-08-08
3264868,National Union of Journalists {=NUJ},{美国}全国新闻记者工会,,2017-08-08
3264869,nationality,国族性；民族性；国籍,,2017-08-08
3264870,Native American Journalists Association,{美国}原住民新闻工作者协会,,2017-08-08
3264871,natural attitude,自然态度,,2017-08-08
3264872,natural disaster,天然灾害,,2017-08-08
3264873,natural drying,自然干燥,,2017-08-08
3264874,natural increase rate,自然增加率,,2017-08-08
3264875,natural light,自然光,,2017-08-08
3264876,natural monopoly,自然独占,,2017-08-08
3264877,natural wipe,自然划接,,2017-08-08
3264878,naturalism,自然主义,,2017-08-08
3264879,naturalizing,自然化,,2017-08-08
3264880,nature,自然；本质,,2017-08-08
3264881,nature of story,故事本质；新闻本质,,2017-08-08
3264882,naturopathic medicine,自然疗法,,2017-08-08
3264883,Nazism,纳粹主义,,2017-08-08
3264884,NCC Policy Framework for Fostering Multiculturalism and Respect for the Rights and Interests of the Disadvantaged,国家通讯传播委员会促进多元文化及尊重弱势权益政策纲领,,2017-08-08
3264885,NCI {=National Cancer Institute},{美国}国家癌症研究院,,2017-08-08
3264886,NCP {=Network Control Protocol},网路控制协定,,2017-08-08
3264887,NCTJ {=National Council for the Training of Journalists},{英国}记者训练国家协会,,2017-08-08
3264888,near video on demand {=NVOD},准随选视讯,,2017-08-08
3264889,Near VOD {=NVOD},近似随选视讯,,2017-08-08
3264890,near-line storage,近线储存,,2017-08-08
3264891,necessary standard,必要标准,,2017-08-08
3264892,Nederlandse Omroep Stichting {=NOS},荷兰公共电视台,,2017-08-08
3264893,need for confidentiality,保密需要,,2017-08-08
3264894,need step,需求步骤,,2017-08-08
3264895,need-satisfying objective,{消费者}需求满足目标,,2017-08-08
3264896,needs,{消费者}需求,,2017-08-08
3264897,needs assessment,需求评估,,2017-08-08
3264898,nega color film,彩色负片,,2017-08-08
3264899,negative,负片；负面的；{检验结果}阴性,,2017-08-08
3264900,negative advertising,负面广告,,2017-08-08
3264901,negative attack speech,负面攻击演说,,2017-08-08
3264902,negative campaign,负面宣传；负面竞选,,2017-08-08
3264903,negative campaigning,负面竞选；攻击型选战,,2017-08-08
3264904,negative carrier,底片夹；底片架,,2017-08-08
3264905,negative case analysis,负面案例分析,,2017-08-08
3264906,negative cover,底片保存袋,,2017-08-08
3264907,negative cutting,底片剪接,,2017-08-08
3264908,negative definition,否定定义,,2017-08-08
3264909,negative development,底片显影；负片显影,,2017-08-08
3264910,negative emulsion,底片乳剂；负片乳剂,,2017-08-08
3264911,negative film,底片；负片,,2017-08-08
3264912,negative image,负像,,2017-08-08
3264913,negative information,负面资讯,,2017-08-08
3264914,negative mask,负像遮片,,2017-08-08
3264915,negative number,底片号码,,2017-08-08
3264916,negative photo mask,负片摄影遮光罩；负光罩,,2017-08-08
3264917,negative political advertising,负面政治广告,,2017-08-08
3264918,negative reinforcer,负面增强物,,2017-08-08
3264919,negative relationship,负相关,,2017-08-08
3264920,negative reporting,负面报导,,2017-08-08
3264921,negative role,负面角色,,2017-08-08
3264922,negativity,否定性,,2017-08-08
3264923,negotiated meaning,协商意义,,2017-08-08
3264924,negotiated position,协商[阅读]位置,,2017-08-08
3264925,negotiated reading,协商解读；协商阅读,,2017-08-08
3264926,negotiation,协商；谈判,,2017-08-08
3264927,negotiation of risk,风险协商,,2017-08-08
3264928,neighboring right,邻接权,,2017-08-08
3264929,Nelson gold toner,Nelson 金色碳粉,,2017-08-08
3264930,nematic liquid crystal,向列液晶,,2017-08-08
3264931,neo-corporatism,新统合主义,,2017-08-08
3264932,neo-elitism,新菁英主义,,2017-08-08
3264933,neo-feudalism,新封建主义,,2017-08-08
3264934,neo-liberalism,新自由主义,,2017-08-08
3264935,neo-Marxism,新马克思主义,,2017-08-08
3264936,neo-Marxist postcolonialism criticism,新马[克思]主义后殖民批判,,2017-08-08
3264937,neo-realism,{义大利}新写实主义,,2017-08-08
3264938,neonatal death,新生儿死亡,,2017-08-08
3264939,neonatal mortality rate,新生儿死亡率,,2017-08-08
3264940,nested segmentation,巢穴区隔法,,2017-08-08
3264941,net literacy,网路素养,,2017-08-08
3264942,net neutrality,网路中立,,2017-08-08
3264943,net relations,网络关系,,2017-08-08
3264944,net reproduction rate,净生育率,,2017-08-08
3264945,netiquette,网路礼节,,2017-08-08
3264946,netizenship,网民；网路公民,,2017-08-08
3264947,Netscape browser,网景浏览器,,2017-08-08
3264948,netwar,网路战争,,2017-08-08
3264949,network,网路；网络,,2017-08-08
3264950,network address translation {=NAT},网路转址,,2017-08-08
3264951,network analysis,网络分析；网路分析,,2017-08-08
3264952,network approach,网络取向,,2017-08-08
3264953,Network Control Protocol {=NCP},网路控制协定,,2017-08-08
3264954,network diagram,网络图,,2017-08-08
3264955,network effect,网路效应,,2017-08-08
3264956,network externality,网路外部性,,2017-08-08
3264957,network feed,网路传送,,2017-08-08
3264958,network for television/video,电视／视讯网路,,2017-08-08
3264959,network generation {=N-Gen},网路世代,,2017-08-08
3264960,network governance paradigm,网路管理范式,,2017-08-08
3264961,network ID,网路识别码,,2017-08-08
3264962,Network Information Center {=NIC},网路资讯中心,,2017-08-08
3264963,network marketing,网路行销,,2017-08-08
3264964,network metaphor,网络隐喻；网路隐喻,,2017-08-08
3264965,network neutrality,网路中立性,,2017-08-08
3264966,Network News Transport Protocol {=NNTP},网路新闻传送协定,,2017-08-08
3264967,Network Operation Center {=NOC},网路作业中心,,2017-08-08
3264968,network organization,网络组织；网路组织,,2017-08-08
3264969,network positioning,网路定位；网络定位,,2017-08-08
3264970,network society,网络社会；网路社会,,2017-08-08
3264971,network time protocol {=NTP},网路时间协定,,2017-08-08
3264972,networked community,网路社群；网络社群,,2017-08-08
3264973,networked journalism,网络式新闻学；参与式新闻学,,2017-08-08
3264974,networks,网络,,2017-08-08
3264975,networks for data,资料网络,,2017-08-08
3264976,neurosis,精神官能症,,2017-08-08
3264977,neutral color,中性色,,2017-08-08
3264978,neutral reportage,中立报导,,2017-08-08
3264979,neutral-density filter,中性滤镜,,2017-08-08
3264980,neutrality,中立；漠不关心的态度,,2017-08-08
3264981,neutrality principle,中立原则,,2017-08-08
3264982,neutralization,中立化；中和,,2017-08-08
3264983,neutralizer,中和液；调和液,,2017-08-08
3264984,neutralizing,中立化；中性化,,2017-08-08
3264985,neutron radiography,中子射线摄影术,,2017-08-08
3264986,New American Cinema Group,美国新电影集团,,2017-08-08
3264987,new edition,新版,,2017-08-08
3264988,new entrant,新进业者,,2017-08-08
3264989,new feminism,新女性主义,,2017-08-08
3264990,new German cinema,德国新电影,,2017-08-08
3264991,new ghetto aesthetic,新贫民窟美学,,2017-08-08
3264992,new journalism,新新闻学,,2017-08-08
3264993,New Journalism,新新闻学,,2017-08-08
3264994,new left,新左派,,2017-08-08
3264995,new left film criticism,新左派电影批判理论,,2017-08-08
3264996,new media,新媒体；新媒介,,2017-08-08
3264997,new media industry,新媒介产业,,2017-08-08
3264998,new media research methodology,新媒介研究方法论,,2017-08-08
3264999,new media studies,新媒介研究,,2017-08-08
3265000,new variant CJD {=nvCJD },新型库贾氏病；新变种库贾氏病,,2017-08-08
3265001,New Wave,新浪潮,,2017-08-08
3265002,new world information and communication order {=NWICO},新世界资讯秩序,,2017-08-08
3265003,New York Film Festival,{美国}纽约影展,,2017-08-08
3265004,New Yorker,{美国}纽约客,,2017-08-08
3265005,news,新闻,,2017-08-08
3265006,news aesthetics,新闻美学,,2017-08-08
3265007,news agency,新闻通讯社；通讯社,,2017-08-08
3265008,news agenda,新闻议题,,2017-08-08
3265009,news alert,即时新闻通知,,2017-08-08
3265010,news anchor,新闻主播,,2017-08-08
3265011,news beat,采访路线,,2017-08-08
3265012,news bias,新闻偏见,,2017-08-08
3265013,news blackout,新闻封锁,,2017-08-08
3265014,news body,新闻正文,,2017-08-08
3265015,news boy,报童,,2017-08-08
3265016,news break,[新闻]插播广告,,2017-08-08
3265017,news breaks,插播新闻,,2017-08-08
3265018,news briefing,新闻简报,,2017-08-08
3265019,news bulletin,新闻公告,,2017-08-08
3265020,news channel,新闻频道,,2017-08-08
3265021,news clue,新闻线索,,2017-08-08
3265022,news conference,新闻记者会；记者会,,2017-08-08
3265023,news consumption,新闻消费,,2017-08-08
3265024,News Corporations,{跨国}新闻集团,,2017-08-08
3265025,news coverage,新闻报导,,2017-08-08
3265026,news database,新闻资料库,,2017-08-08
3265027,news desk,编辑台,,2017-08-08
3265028,news director,新闻部主任；新闻部经理,,2017-08-08
3265029,news discourse,新闻论述；新闻话语,,2017-08-08
3265030,news distortion,新闻扭曲,,2017-08-08
3265031,news editor,新闻编辑,,2017-08-08
3265032,news evaluation,新闻评价,,2017-08-08
3265033,news event,新闻事件,,2017-08-08
3265034,news fasting,新闻斋戒日,,2017-08-08
3265035,news feature,特写新闻；花絮；新闻特写,,2017-08-08
3265036,news feed,供应新闻；喂新闻,,2017-08-08
3265037,news feeds,{公关}喂新闻；新闻传输,,2017-08-08
3265038,news flash,快讯,,2017-08-08
3265039,news flow,新闻流程；新闻流通；新闻流,,2017-08-08
3265040,news frame,新闻框架,,2017-08-08
3265041,news grid,{版面}新闻区块,,2017-08-08
3265042,news hole,新闻版面,,2017-08-08
3265043,news hunger,新闻饥渴,,2017-08-08
3265044,news image,新闻影像,,2017-08-08
3265045,news imperialism,新闻帝国主义,,2017-08-08
3265046,news interpretation,新闻解释,,2017-08-08
3265047,news interview,新闻采访,,2017-08-08
3265048,news judgement,新闻判断,,2017-08-08
3265049,news magazine,新闻杂志,,2017-08-08
3265050,news management,新闻处理,,2017-08-08
3265051,news media,新闻媒体,,2017-08-08
3265052,news net,新闻网,,2017-08-08
3265053,news objectivity,新闻客观性,,2017-08-08
3265054,news on demand,随选新闻,,2017-08-08
3265055,news organization,新闻组织,,2017-08-08
3265056,news outlet,新闻出处,,2017-08-08
3265057,news peg,新闻线索；新闻素材；新闻题材,,2017-08-08
3265058,news perspective,新闻观点,,2017-08-08
3265059,news photograph,新闻照片,,2017-08-08
3265060,news photography,新闻摄影,,2017-08-08
3265061,news presenter,新闻主播；新闻播报员,,2017-08-08
3265062,news process,新闻处理,,2017-08-08
3265063,news production,新闻产制,,2017-08-08
3265064,news professional,新闻专业；新闻从业人员,,2017-08-08
3265065,news program,新闻节目,,2017-08-08
3265066,news release,新闻发布；新闻稿,,2017-08-08
3265067,news reporting,新闻报导,,2017-08-08
3265068,news representation,新闻再现,,2017-08-08
3265069,news rhetoric,新闻修辞,,2017-08-08
3265070,news routine,新闻常规,,2017-08-08
3265071,news rundown,新闻播报顺序,,2017-08-08
3265072,news schema,新闻基模,,2017-08-08
3265073,news selection,新闻选择,,2017-08-08
3265074,news sequence model,新闻段落模式,,2017-08-08
3265075,news service,新闻服务社,,2017-08-08
3265076,news source,消息来源；新闻来源,,2017-08-08
3265077,news standard,新闻标准,,2017-08-08
3265078,news style,新闻风格,,2017-08-08
3265079,news supervision by public opinion,受舆论监督的新闻,,2017-08-08
3265080,news text,新闻文本；新闻本文,,2017-08-08
3265081,news value,新闻价值,,2017-08-08
3265082,news visibility,新闻能见度,,2017-08-08
3265083,news-feature interview,新闻特写采访,,2017-08-08
3265084,news/information headline,新闻／资讯式标题,,2017-08-08
3265085,newsgathering,新闻采访,,2017-08-08
3265086,newsgathering process,新闻采访过程,,2017-08-08
3265087,newsgroup,新闻群组,,2017-08-08
3265088,newsletter,新闻信,,2017-08-08
3265089,newspaper editorial endorsement,报纸社论背书,,2017-08-08
3265090,newsreel,新闻片,,2017-08-08
3265091,newsworthiness,新闻价值,,2017-08-08
3265092,Newton ring,牛顿环,,2017-08-08
3265093,Newton type view finder,牛顿式取景器,,2017-08-08
3265094,next generation broadband,次世代宽频,,2017-08-08
3265095,Next Generation Internet Protocol {=NGIP},次世代网际网路协定,,2017-08-08
3265096,next generation national broadband network,{新加坡}次世代国家宽频网路,,2017-08-08
3265097,next generation network {=NGN},次世代网路,,2017-08-08
3265098,Next Generation Wireless Disclosure Act,{美国}次世代无线网路揭露法案,,2017-08-08
3265099,next-birthday,{户中选样}下次过生日者,,2017-08-08
3265100,NGIP {=Next Generation Internet Protocol},次世代网际网路协定,,2017-08-08
3265101,NGN {=next generation network},次世代网路,,2017-08-08
3265102,NGO {=nongovernmental organization},非政府组织,,2017-08-08
3265103,NHK {=Nippon Hoso Kyokai},日本放送协会,,2017-08-08
3265104,NHS {=National Health Service},{英国}国民保健制度,,2017-08-08
3265105,NIA {=National Information Society Agency},{南韩}国家资讯社会局,,2017-08-08
3265106,NIC {=Network Information Center},网路资讯中心,,2017-08-08
3265107,niche audience,利基阅听众,,2017-08-08
3265108,niche interest,利基利益,,2017-08-08
3265109,niche programming,利基节目策略,,2017-08-08
3265110,NICI {=National Information and Communications Initiative Committee},行政院国家资讯通信发展推动小组,,2017-08-08
3265111,nickel toning,镍调色,,2017-08-08
3265112,nickel-cadmium battery,镍镉电池,,2017-08-08
3265113,Nickelodeon,尼可国际儿童频道,,2017-08-08
3265114,nickelodeon,五分钱戏院,,2017-08-08
3265115,Nielson Station Index Area {=NSI},Nielson电台指数区域,,2017-08-08
3265116,night effect,夜景效果,,2017-08-08
3265117,night time-only station,夜间电台,,2017-08-08
3265118,NIH {=National Institutes of Health},{美国}国家卫生研究院,,2017-08-08
3265119,NII {=National Information Infrastructure},国家资讯基础建设,,2017-08-08
3265120,NIMH {=National Institute of Mental Health},{美国}国家心理卫生研究院,,2017-08-08
3265121,Nippon Hoso Kyokai {=NHK},日本放送协会,,2017-08-08
3265122,Nippon Telegraph Telephone {=NTT},日本电报电话公司,,2017-08-08
3265123,Nippon Television Network {=NTV},日本电视网,,2017-08-08
3265124,nitrate film,硝酸盐影片,,2017-08-08
3265125,nitrogen gas agitation,氮气搅拌,,2017-08-08
3265126,NNTP {=Network News Transport Protocol},网路新闻传送协定,,2017-08-08
3265127,no blocking,禁止封锁,,2017-08-08
3265128,no selecting,{户中选样}任意成人法,,2017-08-08
3265129,no-finder photo,无取景器摄影,,2017-08-08
3265130,NOC {=Network Operation Center},网路作业中心,,2017-08-08
3265131,nodal point,节点；结点,,2017-08-08
3265132,noddy shot,{运镜}点头回应镜头,,2017-08-08
3265133,node browser,节点浏览器,,2017-08-08
3265134,noh,{日本}能剧,,2017-08-08
3265135,NOI {=Notice of Inquiry},意见咨询公告,,2017-08-08
3265136,noise,噪音；杂音；杂讯,,2017-08-08
3265137,noise figure,杂讯指数,,2017-08-08
3265138,noise improvement factor,杂讯改善因素,,2017-08-08
3265139,noise temperature,杂讯温度,,2017-08-08
3265140,noise weighting,杂讯加权,,2017-08-08
3265141,nomadic aesthetics,游牧美学,,2017-08-08
3265142,nominal measure,名目测量,,2017-08-08
3265143,nominal scale,名目标尺；名目尺度,,2017-08-08
3265144,nominal variable,名目变项,,2017-08-08
3265145,nominalism,唯名主义,,2017-08-08
3265146,nominalization,名物化,,2017-08-08
3265147,nominating convention,提名大会,,2017-08-08
3265148,nomination speech,提名演说,,2017-08-08
3265149,nomothetic,律则的；律法的；整体化取向,,2017-08-08
3265150,non-application of provisions,不适用规定,,2017-08-08
3265151,non-broadcasting,非广播式,,2017-08-08
3265152,non-camera film,非摄影电影,,2017-08-08
3265153,non-directional microphone,全向麦克风,,2017-08-08
3265154,non-discrimination,无差别待遇,,2017-08-08
3265155,non-discriminatory,无差别待遇,,2017-08-08
3265156,non-discriminatory rate,无差别费率,,2017-08-08
3265157,non-equivalent control design,不对等的控制设计,,2017-08-08
3265158,non-equivalent control group,不对等的控制组,,2017-08-08
3265159,non-experimental research,非实验研究,,2017-08-08
3265160,non-facility base carriers,非基础电信服务提供者；第二类电信事业,,2017-08-08
3265161,non-flammable film,不燃性胶片,,2017-08-08
3265162,non-functional descriptive material,非功能性描述素材,,2017-08-08
3265163,non-intrusive design,非侵入性设计,,2017-08-08
3265164,non-linear audiovisual media service,非线性影音媒体服务,,2017-08-08
3265165,non-linear distortion,非线性失真,,2017-08-08
3265166,non-linear editing,非线性剪辑,,2017-08-08
3265167,non-linear genetic effect,非线性遗传效应,,2017-08-08
3265168,non-literal element,非著作要素,,2017-08-08
3265169,non-maleficence,不伤害[原则],,2017-08-08
3265170,non-parametric test,无母数检定；非参数检定,,2017-08-08
3265171,non-participant observation,非参与观察,,2017-08-08
3265172,non-partisan,非党派；无党派,,2017-08-08
3265173,non-perforated film,无孔胶片,,2017-08-08
3265174,non-probability based sampling,非机率抽样；非随机抽样,,2017-08-08
3265175,non-probability sample,非机率样本；非随机样本,,2017-08-08
3265176,non-probability sampling,非随机抽样,,2017-08-08
3265177,non-public,非公众,,2017-08-08
3265178,non-qualifying person,资格不符者,,2017-08-08
3265179,non-recursive model,非回溯模式,,2017-08-08
3265180,non-response bias,无回应偏差,,2017-08-08
3265181,non-rival,无竞争性,,2017-08-08
3265182,non-verbal communication,非语文传播,,2017-08-08
3265183,non-Western perspective,非西方观点,,2017-08-08
3265184,noncommercial advertising,非商业性广告,,2017-08-08
3265185,noncompliance,不遵从医嘱,,2017-08-08
3265186,noncord contact shoe,无导线接点,,2017-08-08
3265187,noncoverage error,{抽样}未涵盖误差,,2017-08-08
3265188,nondiffusion,非扩散性,,2017-08-08
3265189,nondiffusion coupler,非扩散性成色剂,,2017-08-08
3265190,nonempiricist,非经验主义者；非经验主义的,,2017-08-08
3265191,nonfiction entertainment,非虚构娱乐,,2017-08-08
3265192,nonfiction film,非剧情片,,2017-08-08
3265193,nongovernmental organization {=NGO},非政府组织,,2017-08-08
3265194,nonionizing radiation,非游离性辐射,,2017-08-08
3265195,nonlinear,非线性,,2017-08-08
3265196,nonpersonal communication,非人际传播,,2017-08-08
3265197,nonpersonal influence,非人际影响,,2017-08-08
3265198,nonpersonal selling,非人际销售,,2017-08-08
3265199,nonproduct advertising,非产品广告,,2017-08-08
3265200,nonproduct factor,{影响消费者购买}非产品性因素,,2017-08-08
3265201,nonprofit,非营利,,2017-08-08
3265202,nonprofit organization {=NPO},非营利组织,,2017-08-08
3265203,nonpromotional strategy,非促销策略,,2017-08-08
3265204,nonsilverphotography,非银盐照相,,2017-08-08
3265205,nonslip tripod feet,防滑三脚架基部,,2017-08-08
3265206,nonsync sound,非同步声音,,2017-08-08
3265207,nontheatrical film,非戏院电影,,2017-08-08
3265208,nonverbal,非语文,,2017-08-08
3265209,nonverbal interaction,非语文互动,,2017-08-08
3265210,NORC {=National Opinion Research Center},{芝加哥大学}全国民意研究中心,,2017-08-08
3265211,norm,规范,,2017-08-08
3265212,normal contrast,正常反差,,2017-08-08
3265213,normal distribution curve,常态分布曲线,,2017-08-08
3265214,normal lens,标准镜头,,2017-08-08
3265215,normalization,规范化；常态化,,2017-08-08
3265216,normative,规范的；标准的,,2017-08-08
3265217,normative approach,规范理论取径,,2017-08-08
3265218,normative behavior,规范行为,,2017-08-08
3265219,normative belief,规范信念,,2017-08-08
3265220,normative communication theory,规范性传播理论,,2017-08-08
3265221,normative theory,规范理论,,2017-08-08
3265222,normative-level health problem,规范层次的健康问题,,2017-08-08
3265223,norming stage,规范阶段,,2017-08-08
3265224,North American Free Trade Agreement {=NAFTA},北美自由贸易协定,,2017-08-08
3265225,NOS {=Nederlandse Omroep Stichting},荷兰公共电视台,,2017-08-08
