ID,英文名稱,中文名稱,圖片,備註,更新日期
13,ripple grass;Plantago,车前草,,,2012-11-26
45,rimose;rimous,有许多裂纹的(如树皮),,,2012-11-26
296,Rhodea japonica Roth,万年青,,,2012-11-26
304,Rhizopus tritici Satio,番薯腐败病菌之一,,,2012-11-26
361,Rhizoctonia oryzae Hara,假稻热病菌之一,,,2012-11-26
480,Rhacoimitrium canescens(Timm)Brid,砂藓,,,2012-11-26
23063,resin sac; resin cyst,树脂囊,,,2012-11-26
23145,replica surface,印影表面,,,2012-11-26
23187,renascent,多年生草木,,,2012-11-26
23191,remnase;rennin;rennet,凝乳酶,,,2012-11-26
23206,relaxation spectrum,缓和顺序,,,2012-11-26
23249,rejoint,再接合,,,2012-11-26
23450,recognition marks,识别标识,,,2012-11-26
23556,Rauia bandaiensis(Broth et Par)Broth,硬羽藓,,,2012-11-26
23573,rate of elongation,伸长速度;伸长率,,,2012-11-26
23663,ramulus,副枝,,,2012-11-26
23696,raising seedling in pot,盆植苗,,,2012-11-26
23701,rain-hating plants;ombrophobes;ombrophobous plants,嫌雨植物,,,2012-11-26
127267,rock vegetation,岩生植被;岩生植物群落(生态),,,2012-11-26
127268,Roccellaceae,海石蕊科,,,2012-11-26
127269,Roccella leucophaea,白海石蕊,,,2012-11-26
127270,Roccella tinctoria D.C.,海石蕊,,,2012-11-26
127271,Roccella,海石蕊属(地衣),,,2012-11-26
127272,Roborowskia,疆菫属(罂粟科),,,2012-11-26
127273,robust coffee;Coffee robusta Lind.,大叶珈琲树,,,2012-11-26
127274,robinoside;robinin,刺槐苷,,,2012-11-26
127275,Robinson，J.T.,洛并生,,,2012-11-26
127276,robinose,刺槐糖,,,2012-11-26
127277,robinin,刺槐苷,,,2012-11-26
127278,Robiniinae,洋槐亚族,,,2012-11-26
127279,Robinia;locust,洋槐属;刺槐属(豆科),,,2012-11-26
127280,Robinia viscosa Vent;clammy locust,黏毛刺槐,,,2012-11-26
127282,Robinia pseudoaceacia L.;black acacia;false acacia;black locust;yellow locust,洋槐;刺槐,,,2012-11-26
133741,radionitrogen,放射性氮,,,2012-11-26
133742,radion,放射粒,,,2012-11-26
133743,radiomutation,放射突变,,,2012-11-26
133744,radiomimetics,类似放射作用的物质,,,2012-11-26
133745,radiomimetic(Dustin 1947),类似放射作用的物质,,,2012-11-26
133746,radiomimetic substance,类似放射作用的物质,,,2012-11-26
133747,radiomicrometer,微量辐射计,,,2012-11-26
133748,radiometry,放射测定法;放射定量术,,,2012-11-26
133749,radiometer,辐射计,,,2012-11-26
133750,radioisotope,放射同位素,,,2012-11-26
133751,radioimmunity assay,放射免疫检定法,,,2012-11-26
133752,radiograph,放射摄影,,,2012-11-26
133753,radiogen,放射质,,,2012-11-26
133754,radiobiology,放射生物学,,,2012-11-26
133755,radioautography,放射自动显影术;放射物质迹像法,,,2012-11-26
133756,radioautograph,放射自显影;放射物质迹像图,,,2012-11-26
133757,radioassay,放射性分析,,,2012-11-26
133758,radioactivity,放射性;放射现象,,,2012-11-26
133759,radioactive wave,放射性波,,,2012-11-26
133760,radioactive tracing,放射性追踪,,,2012-11-26
133761,radioactive substance,放射性物质,,,2012-11-26
133762,radioactive isotope,放射性同位元素,,,2012-11-26
133763,radioactive equilibrium,放射性平衡,,,2012-11-26
133764,radioactive element,放射性元素,,,2012-11-26
133765,radioactive dating,放射定年,,,2012-11-26
133766,radioactive clocks,放射能计时器;原子钟,,,2012-11-26
133767,radioactive carbon; 14C,放射性碳,,,2012-11-26
133768,radioactive calcium,放射性钙,,,2012-11-26
133769,radioactive,放射性的,,,2012-11-26
133770,radioaction,辐射;放射,,,2012-11-26
152512,radio frequency,放射频率,,,2012-11-26
152513,radiculose;radiclosus,被有小根的,,,2012-11-26
152514,radicular,幼根的;小根的,,,2012-11-26
159646,radicula radicle,幼根;种根,,,2012-11-26
159647,radicle;1.radicula;2.rootlet,1.幼根;种根2.细根,,,2012-11-26
159648,radicites,化石根,,,2012-11-26
159649,radiciolous,根内寄生的,,,2012-11-26
159650,radiciflorus,根上生花的,,,2012-11-26
159651,radicellose,有假根的,,,2012-11-26
159652,radicel;radicella,小根,,,2012-11-26
159653,radicate,根生的,,,2012-11-26
159654,radicantia,根著型,,,2012-11-26
159655,radicans;radicant,生根的,,,2012-11-26
159656,radical leaf,根出弃,,,2012-11-26
159657,radical bud,根出芽,,,2012-11-26
159658,radical,根生的;地下茎生的,,,2012-11-26
159659,radiation threshold,辐射限界,,,2012-11-26
159660,radiation susceptibility,放射感受性,,,2012-11-26
159661,radiation sickness,辐射病,,,2012-11-26
159662,radiation loss,辐射损失,,,2012-11-26
159663,radiation injury,放射伤害,,,2012-11-26
159664,radiation induced lethal,放射诱发致死,,,2012-11-26
159665,radiation genetics,放射遗传学,,,2012-11-26
159666,radiation effects,放射效应,,,2012-11-26
159667,radiation constant,辐射常数,,,2012-11-26
159668,radiation dose,放射剂量,,,2012-11-26
159669,radiation,辐射;放射,,,2012-11-26
159670,radiate capitulum,辐射头状花,,,2012-11-26
159671,radiate,辐射的;有舌状花的,,,2012-11-26
159672,radiant heat,辐射热,,,2012-11-26
159673,radiant energy,辐射能,,,2012-11-26
159674,radiant,自中轴分叉的;自中心辐射分出的,,,2012-11-26
159675,radial wall,径间壁,,,2012-11-26
159676,radial vascular bundle;radial bundle,辐射状维管束,,,2012-11-26
159677,radial type,辐射式,,,2012-11-26
159678,radial symmetry,辐射对称,,,2012-11-26
159679,radial strand,辐射束,,,2012-11-26
159680,radial section;edge grain,透心径间切面;径断面;放射面,,,2012-11-26
159681,radial porous wood,放射状孔材,,,2012-11-26
159682,radial pit,放射纹孔,,,2012-11-26
159683,radial movement,放射运动,,,2012-11-26
159684,radial chromatography;circular chromatography,圆形层析法,,,2012-11-26
159685,radial bundle;radial vascular bundle,放射状维管束,,,2012-11-26
159686,radial arrangement,放射状排列,,,2012-11-26
159687,radial,放射状的,,,2012-11-26
159688,radial area,径域,,,2012-11-26
159689,Radermachera,菜豆树属,,,2012-11-26
159690,raciaol character;racial characteristics,种族性状,,,2012-11-26
159691,racial diversity,种族歧异性,,,2012-11-26
159692,rachitasterol;vitamin D,抗佝偻素;维生素丁,,,2012-11-26
159693,rachis,穗轴;叶轴;中轴,,,2012-11-26
159694,rachilla(rhachilla),小穗轴,,,2012-11-26
159695,rachidial phase,茎叶期,,,2012-11-26
159696,racemulose,有小总状花的,,,2012-11-26
159697,racemule,小总状花序,,,2012-11-26
159698,racemose;racemous,总状花序的;总状的,,,2012-11-26
159699,racemose inflorescence,总状花序,,,2012-11-26
159700,racemose brancking,总状分枝式,,,2012-11-26
159701,racemization,消旋作用,,,2012-11-26
159702,racemiferous,有总状花的,,,2012-11-26
159703,racemism,不旋光的,,,2012-11-26
159704,racemic,不旋光的,,,2012-11-26
159705,racemic acid dl-tartaric acid,消旋酒石酸;dl酒石酸,,,2012-11-26
159706,racemic,1.串状花的;2.消旋的,,,2012-11-26
159707,raceme-cyme,总状聚繖花序,,,2012-11-26
159708,raceme redbud;Cercis racemosa Oliv.,垂丝紫荆,,,2012-11-26
159709,raceme,总状花序;串状花序,,,2012-11-26
159710,racemation,串状,,,2012-11-26
159711,racemase,自D-或L-异性体形成D-L-异性体等量的混合物酵素,,,2012-11-26
159712,Racelopodopsis,小叶水苔属,,,2012-11-26
159713,race-circle,族圈,,,2012-11-26
159714,race mixture;miscegenation,混血,,,2012-11-26
159715,race amelioration,品种改良,,,2012-11-26
159716,race allomorphosis,异系统异个体间的相对生长,,,2012-11-26
159717,race,小种;(同种内)族,,,2012-11-26
159718,Rabl-orientation,Rabl定向;后期的染色体持次一有丝分裂前期的定向,,,2012-11-26
159719,Rabenshorstia cephalotaxi Sawada,灰粗榧淡赤褐病菌,,,2012-11-26
159720,rabbit-ear iris;Iris laevigata Fisch,燕子花;杜若,,,2012-11-26
159721,R;regression coefficeint,回归系数,,,2012-11-26
159722,r unit,X射线量单位,,,2012-11-26
159723,r;Correlation coefficient,相关系数,,,2012-11-26
159724,R tgen-equivalent-physical;(Rep),物理仑琴当量;仑琴人受等值,,,2012-11-26
159725,R factor; drug resistance,抗性因子;抗药性质体,,,2012-11-26
159726,R enzyme;isoamylase;amylo-α1.6-glcosidase,R-酵素,,,2012-11-26
159727,R acid;2-naphthol-3.6-disulfonic acid,R酸;萘酚[2]二矿酸[3.6],,,2012-11-26
159728,Quisqualis;Rangoon-Creeper,使君子属(使君子科),,,2012-11-26
159729,Quisqualis indica L.var villosa Clarke,四川使君子;使君子(Makino),,,2012-11-26
159730,Quisqualis indica L.,使君子(开宝本草);留求子(南方草木状);印度使君子(Makino),,,2012-11-26
159731,Quirl malva;Malva verticillata L.,冬葵,,,2012-11-26
159732,quintuplet,五生子,,,2012-11-26
159733,quinquepartite,五分的,,,2012-11-26
159734,quinquefoliolate,有五小叶的,,,2012-11-26
159735,quinquefid,五裂的,,,2012-11-26
159736,quinquefoliate,五叶的,,,2012-11-26
159737,quinquefarious,五纵裂的,,,2012-11-26
159738,quinol; hydroquinone quinone,对苯二酚;二茎苯;奎宁酚;苯二酮;1，4环己二烯二酮,,,2012-11-26
159739,quinoa;Chenopodium quinoa,美国野藜(于),,,2012-11-26
159740,quinine,奎宁(奎宁【生+佥】),,,2012-11-26
159741,quinic acid,金鸡纳酸;1，2，4，5-四羟基环己甲酸,,,2012-11-26
159742,quincuncial,交互覆瓦状褶襞,,,2012-11-26
159743,quince;Cydonia oblonga Miller,榅桲,,,2012-11-26
159744,quinate,五小叶的,,,2012-11-26
159745,quina-quina,规那,,,2012-11-26
159746,quinamine,金鸡纳胺,,,2012-11-26
159747,quinalizarin,1，2，5，8-甲羟基葱醌,,,2012-11-26
159748,Quillaja saponaria Molina;Soap-bark tree,石碱木,,,2012-11-26
159749,Quillaja,石碱木属(蔷薇科),,,2012-11-26
159750,quill wrot;Isoetes,水韭,,,2012-11-26
159751,Quiinaceae,魁伊那科(双),,,2012-11-26
159752,quiescent stage,静止期,,,2012-11-26
159753,quiescent center,静止中心,,,2012-11-26
159754,quiescence,休止;静止,,,2012-11-26
159755,quickly avaiable,速效性的,,,2012-11-26
159756,quicklime,生石灰,,,2012-11-26
159757,quick acting manure,速效性肥料,,,2012-11-26
159758,Quetelet's curve,夸特来(Quetelet)[氏]曲线,,,2012-11-26
159759,Quercus;oak,栎树属(壳斗科),,,2012-11-26
159760,Quercus variabilis Bl;Chinese cork oak,栓皮栎;软木栎;粗皮栎;白麻栎;,,,2012-11-26
159761,Quercus suber L.;Cork oak,栓皮栎,,,2012-11-26
159762,Quercus stewardiane A.Camus,黔椆,,,2012-11-26
159763,Quercus spathulata Seem,匙叶栎;铁橡树;刺青刚,,,2012-11-26
159764,Quercus shottkayana Rehd et Wils;Cyclobalanopsis glancoides Schottky,滇椆;拟槠,,,2012-11-26
159765,Quercus senescens Hand-Mazz,灰背栎;灰背高山栎,,,2012-11-26
159766,Quercus semicaprifolia Smith,高山栎,,,2012-11-26
159767,Quercus rex Hemsl;Cycolbalanopsis rex(Hemsl)Shottky,大果稠;大果青刚,,,2012-11-26
159768,Quercus pseudose-micarpifolia A.Camus,光叶山栎,,,2012-11-26
159769,Quercus philly-raeoides A.Gray,鸟岗栎;石湳柴,,,2012-11-26
159770,Quercus pannosa Hand-Mazz,黄背栎,,,2012-11-26
159771,Quercus pachyloma Seem;Cycolbalanopsis pachyloma(Seem)Shottky,青稠,,,2012-11-26
159772,Quercus oxylon Miq;Cycolbalanopsis oxylon(Miq)Oerst,曼稠;曼青岗;短槠树,,,2012-11-26
159773,Quercus nubium Hand-Mazz;Cyclobalanopsis nubium(Hand-Mazz)Chun,云山稠;红稠;亮叶栎;杨梅粟,,,2012-11-26
159774,Quercus myrsinaefolia Bl,青稠;苦槠;青栲;细叶青栎;面槠(新牧),,,2012-11-26
159775,Quercus morii Hay;Cyclobalanpsis morii(Hay)Schottky,台湾稠;赤柯,,,2012-11-26
159776,Quercus monimotricha Hand-Mazz,矮山栎,,,2012-11-26
159777,Quercus mongolica Fisch,蒙古栎;小叶槲树;蒙古槲柞;柞树,,,2012-11-26
159778,Quercus liaotungensis Koidz,辽东栎;紫树;青岗柳;小叶青岗,,,2012-11-26
159779,Quercus lamellosa Smith;Cyclobalanopsis lamellosa(Smith)Oerst,薄片稠,,,2012-11-26
159780,Quercus kerri Crarb,平脉稠,,,2012-11-26
159781,Quercus infectoria Olivie,没食子栎,,,2012-11-26
159782,Quercus jenseniana Hand-Mazz,大叶稠;大叶青乐栎,,,2012-11-26
159783,Quercus hui Chun;Cyclobalanopris hui (Chun)Chun,雷公稠;苦槌树;槟榔稠;雷公果,,,2012-11-26
159784,Quercus helferiana A.DC;Cyclobalanopsis helferiana(A.DC)Oerst,毛枝稠;毛枝滇青岗,,,2012-11-26
159785,Quercus griffithii Hook f. et Thoms,大叶栎,,,2012-11-26
159786,Quercus glauca Thunb,铁稠;青刚栎;青栲;铁栎;校𪴙(台湾),,,2012-11-26
159787,Quercus glandulifera Bl;Q.serrata Thunb,枹栎;枹树;青岗树;柞木;枹(纲目),,,2012-11-26
159788,Quercus glandalifera var brevipetiolata Nakai,短柄枹栎,,,2012-11-26
159789,Quercus gilva Bl;Cyclobalanopsis gilva (Bl)Oerst,赤皮稠;赤皮,,,2012-11-26
159790,Quercus gilliana Rehd et Wils,川西栎,,,2012-11-26
159791,Quercus franchetii Skan,锥连栎,,,2012-11-26
159792,Quercus flauryi Hick et A Camus;Cyclobalanapsis Fleuryi(Hick et A.Camus)Chun,饭甑椆 ;金钟饭甑子;饭甑树,,,2012-11-26
159793,Quercus fabri Hance,白栎;白反栎;青刚树,,,2012-11-26
159794,Quercus engleriana Seem,巴东栎;小叶青刚,,,2012-11-26
159795,Quercus dentate Thunb;Daimyo oak,炸栎;槲树;橡树;青岗,,,2012-11-26
159796,Quercus delavayi Franch;Cyclobalanopsis delavayi(Franch)Shottky,黄稠;黄栎,,,2012-11-26
159797,Quercus cocciferoides Hand-Mazz,铁橡栎,,,2012-11-26
159798,Quercus chenii Nakai,小叶栎,,,2012-11-26
159799,Quercus championii Benth;Cyclobalanopsis championii Oerst,岭南稠;岭南青刚栎,,,2012-11-26
159800,Quercus blakei Skan;Cyclobalanopsis blakei(Skan)Schottky,栎子椆;小叶岭楣;栎子树,,,2012-11-26
159801,Quercus bella Chun et Chiang;Cyclobalanopsis bella(Chun et Chiang)Chun,槟榔椆;美栎;宜都子,,,2012-11-26
159802,Quercus baronii Skan,橿子栎;黄疆子;栀子树;橿子树,,,2012-11-26
159803,Quercus bambusaefolia Hance;Cyclobalanopsis bambusaefolia (hance)Chun,竹叶椆 ;竹叶栎,,,2012-11-26
159804,Quercus aqustinii Skan.;Cyclobalanopsis angustinii(Skan)Schottky,扫巴椆;扫巴栎,,,2012-11-26
159805,Quercus aquifolioides Rehd.et Wils,巴郎栎,,,2012-11-26
159806,Quercus aliena var.acuteserrata Maxim.,锐齿槲栎,,,2012-11-26
159807,Quercus aliena Bl.,槲栎;细皮青刚;软脚栎;大叶枥柴,,,2012-11-26
159808,Quercus acutissima Carr; low-level oak,麻栎;青刚; 橡树; 栎树,,,2012-11-26
159809,Quercus acuta Thunb.;Japanese evergreen oak,林栎;血槠,,,2012-11-26
159810,quercitrin,槲皮,,,2012-11-26
159811,quercite，quercitol,槲皮醇;环己壬醇,,,2012-11-26
159812,quercitanin,槲皮鞣素,,,2012-11-26
159813,quercin,槲皮素,,,2012-11-26
159814,Quercifilix zeylanica,地耳蕨,,,2012-11-26
159815,Quercifilix,地耳蕨属(三叉蕨科),,,2012-11-26
159816,quercetin,槲皮素;槲黄素,,,2012-11-26
159817,Queensland nut;Australian nut;Macadamia nut;Macadamia ternifolia F.Muell,昆士兰龙眼;澳洲胡桃,,,2012-11-26
159818,Queensland arrowroot;Canna edulis Ker.,食用美人蕉,,,2012-11-26
159819,quebrachamine,白坚木胺,,,2012-11-26
159820,queen stock;gilli flower;stock;Matthiola,紫罗兰,,,2012-11-26
159821,quaternary hybrid,四原杂种;四祖杂种,,,2012-11-26
159822,Quaternary period,第四纪,,,2012-11-26
159823,quaternary,第四,,,2012-11-26
159824,Quaternary,第四纪,,,2012-11-26
159825,Quassia Family;Simarubaceae,苦木科,,,2012-11-26
159826,Quassia;Quassia,苦木属,,,2012-11-26
159827,quassin,苦木素,,,2012-11-26
159828,quasi-static,准静态的,,,2012-11-26
159829,quasi-organism,准生物,,,2012-11-26
159830,quasi-normals,拟正常型,,,2012-11-26
159831,quasidipolid(Hsu 1957),拟二倍体,,,2012-11-26
159832,quasi-continuous variation,拟连续变异,,,2012-11-26
159833,quasi-continuous character(Grunberg 1952),似连续性状,,,2012-11-26
159834,quasibivalent (Qstergren & Vigfusson 1953),拟二价体,,,2012-11-26
159835,quartile deviation,四分位差,,,2012-11-26
159836,quartet; tetrad,四分孢子;四分体; 四体,,,2012-11-26
159837,quarternate arrangement,四叶轮生,,,2012-11-26
159838,quarantine,检疫,,,2012-11-26
159839,quantum yield of photosynthesis,光合成的量子数量,,,2012-11-26
159840,quantum theory of gene,基因量子论,,,2012-11-26
159841,quantum requirement,量子需要量,,,2012-11-26
159842,quantum of light,光量子,,,2012-11-26
159843,quantum evolution(Simpson 1944),量子式演化,,,2012-11-26
159844,quantum efficiency,量子效率,,,2012-11-26
159845,quantum,量子,,,2012-11-26
159846,quantitative variation,数量[的]变异,,,2012-11-26
159847,quantitative relation,量的关系,,,2012-11-26
159848,quantitative inheritance theory,数量遗传说,,,2012-11-26
159849,quantitative inheritance,数量遗传,,,2012-11-26
159850,quantitative gene;quantitative factor,数量遗传学,,,2012-11-26
159851,quantitative character,数量性状,,,2012-11-26
159852,quantimeter,X线量计,,,2012-11-26
159853,quantasome(park & Pon 1961),量子换能粒体,,,2012-11-26
159854,Quamoclit;star-glory,茑萝属(旋花科),,,2012-11-26
159855,Quamoclit pennata Bojer;cypress vine,茑萝,,,2012-11-26
159856,Quamoclit lobata House,墨西哥茑萝,,,2012-11-26
159857,Quamoclit coccinea Moench.;scarlet ipomoea;star ipomoea,朱衣茑萝,,,2012-11-26
159858,Quamoclit cardinalis Hort; cardinal climber,羽衣茑萝,,,2012-11-26
159859,Quamoclit angulata Bojer,圆叶茑萝,,,2012-11-26
159860,qualitative relation,质的关系,,,2012-11-26
159861,qualitative character,质的性状,,,2012-11-26
159862,quadruplex(Blakeslee，Belling & Farnham 1923),四重显性基因(多倍体),,,2012-11-26
159863,quadruplet,四联组(遗传密码),,,2012-11-26
159864,quadruple diploid,四重二倍体,,,2012-11-26
159865,quadrivalvate,有四瓣的,,,2012-11-26
159866,quadrivalent,四价体;四价染色体,,,2012-11-26
159867,quadripolar spindle,四极纺锤体,,,2012-11-26
159868,quadriplex,四重式,,,2012-11-26
159869,quadripinnate,有四羽的;有四羽叶的,,,2012-11-26
159870,quadripartite stucture,四分构造,,,2012-11-26
159871,quadrinomial nomenclature,四名法,,,2012-11-26
159872,quadrilocular anther,四室药,,,2012-11-26
159873,quadrifoliate,四叶的,,,2012-11-26
159874,quadrifid,四裂的,,,2012-11-26
159875,quadricapsular,四蒴的;四囊的,,,2012-11-26
159876,quadrat method,方框法,,,2012-11-26
159877,quadrat,方框,,,2012-11-26
159878,Qo2,(呼吸中)氧[的]消费量,,,2012-11-26
159879,Q-enzyme,Q酵素,,,2012-11-26
159880,Qco2,(呼吸中)CO2 [的]吐出量,,,2012-11-26
159881,Q10,温度系数,,,2012-11-26
159882,Pyxis;pyxidium,盖果;盖裂果,,,2012-11-26
159883,Pyxine,黑星属(地衣),,,2012-11-26
159884,pyxidium;pyxis,盖果;盖裂果,,,2012-11-26
159885,Pythium ultimum Trow,番薯白腐病菌之一;红松、黑松、赤松苗立枯病菌之一,,,2012-11-26
159886,Pythium splendens Braun,【牛+龙】牛儿草茎腐病菌之一,,,2012-11-26
159887,Pythium spinsoum Sawada,番薯白腐病菌之一;百甘草立枯病菌;金鱼草苗腐病菌,,,2012-11-26
159888,Pythium paddicum Hirane,红花三叶草、白花三叶草、瑞典三叶草、紫云英褐色雪腐病菌之一,,,2012-11-26
159889,Pythium oryzae Ito et Tokunaga,稻苗腐败病菌,,,2012-11-26
159890,Pythium meqalacanthum de Bary,亚麻烧病菌,,,2012-11-26
159891,Pythium iwayamai Ito,麦类褐色雪腐病菌,,,2012-11-26
159892,Pythium megalacanthum deBary var.Callistephi Tasugi et Shiino,翠菊立枯病菌,,,2012-11-26
159893,Pythium debaryanum Hesse,豌豆苗立枯病菌,,,2012-11-26
159894,Pythium debaryanum Hesse var.Pelargonii Braun,【牛+龙】牛儿草茎腐病菌之一,,,2012-11-26
159895,Pythium cucurbitacearum Takimoto,胡瓜苗立枯病菌之一,,,2012-11-26
159896,Pythium complectens Braun,【牛+龙】牛儿草茎枯病菌,,,2012-11-26
159897,Pythium arrhenomanes Drechsler,玉蜀黍根腐病菌,,,2012-11-26
159898,Pythium aphanid-ermatum(Edson)Fitzpatrick,菜豆绵腐病菌;南瓜类绵腐病菌,,,2012-11-26
159899,Pythium afertile Kanouse et Humphery,莲腐败病菌之一,,,2012-11-26
159900,Pythium,草苗立枯病菌属,,,2012-11-26
159901,Pythiacystis citrophthora Smith;Phytophthora citrophthora(R.E.Smith)et E.H.Smith)Leonian,柑橘褐色腐败病菌,,,2012-11-26
159902,pythiaceae,草苗立枯病菌科,,,2012-11-26
159903,pyruvic phosphokinase,焦葡萄酸燐酸激,,,2012-11-26
159904,pyruvic oxidase,焦葡萄酸氧化酶,,,2012-11-26
159905,pyruvic carbpxylase,焦葡萄酸脱羰酶,,,2012-11-26
159906,pyruvate,丙酮酸盐;焦葡萄酸盐,,,2012-11-26
159907,pyruvic acid,焦葡萄酸;α-丙酮酸(乙醯甲酸),,,2019-03-12
159908,Pyrus;pear,梨属(蔷薇科),,,2012-11-26
159909,Pyrus xerophila Yu,木梨;酸梨;野梨;棠梨,,,2012-11-26
159910,Pyrus ussuriensis var.ovoidea Rehd.,香水梨(河水遵化),,,2012-11-26
159911,Pyrus ussuriensis Maxim.,秋子梨;花盖梨(东三省);沙果梨;酸梨,,,2012-11-26
159912,Pyrus sylvestris Mill.;P.communis L.;P.malus L.,西洋梨,,,2012-11-26
159913,Pyrus spectabilis Ait.,贴梗海棠(群芳谱),,,2012-11-26
159914,Pyrus sinkiangensis Yu,新疆梨,,,2012-11-26
159915,Pyrus sinensis Lindl.var.culta Makino,梨(别录);玉乳(本草纲目);快果;果宗;密父,,,2012-11-26
159916,Pyrus serrulata Rehd.,麻梨;麻梨子黄皮梨,,,2012-11-26
159917,Pyrus serotina Rehd.;sand pear,沙梨,,,2012-11-26
159918,Pyrus phrifolia(Burm.f.)Nakai,沙李,,,2012-11-26
159919,Pyrus phaeocarpa Rehd.,杜梨(陈嵘),,,2012-11-26
159920,Pyrus pashia Buch.-Ham.ex D.Don,川梨(陈嵘)棠梨刺,,,2012-11-26
159921,Pyrus lindleyi Rehd.,岭南梨(陈嵘),,,2012-11-26
159922,Pyrus kawakamii Hayata;evergreen pear,台湾野梨,,,2012-11-26
159923,Pyrus communis L.;P.sylvestris Mill.;P.malus L.;pear;common pear;occidental pear;pear-tree;wild pear,西洋梨,,,2012-11-26
159924,Pyrus calleryana Dcne.,豆梨(湖南岳州);鹿梨(图经);罗;阳檖(尔雅);鼠李;赤罗(毛苌注);树梨(毛苌注);山梨(毛苌注),,,2012-11-26
159925,Pyrus bretschneider Rehd.,白桂木;罐梨;白梨,,,2012-11-26
159926,Pyrus betluaefolia Bunge,杜梨;棠梨(图考),,,2012-11-26
159927,Pyrus autumnalis Koidz.,鹿梨(日本),,,2012-11-26
159928,Pyrrosia;felt-fern,石苇属(蕨),,,2012-11-26
159929,Pyrrosia transmorrisonensis Ching,玉山石苇,,,2012-11-26
159930,Pyrrosia tonkinensis(Christ) Ching,越南石苇,,,2012-11-26
159931,Pyrrosia subfurfuracea(Hook.)Ching,绒毛石苇,,,2012-11-26
159932,Pyrrosia sinensis Wu,华檀梨,,,2012-11-26
159933,Pyrrosia sheareri(Bak.)Ching;Polypodium sheareri Bak.,卢山石苇;大石苇;光板石苇,,,2012-11-26
159934,Pyrrosia polydactyois Ching,枫叶石苇,,,2012-11-26
159935,Pyrrosia petiolosa(Christ)Ching;Polypodium petiolosum Christ et Baroni,有柄石苇;石苇(本经别录),,,2012-11-26
159936,Pyrrosia pekinensis(C.Chr.)Ching;Cyclophorus pekinensis C.Chr.;P.davidrii(Gies)Ching,北平石苇;小石苇,,,2012-11-26
159937,Pyrrosia mollis var mollissima(Christ)Ching,大叶石苇,,,2012-11-26
159938,Pyrrosia mollis (Kze.)Ching,柔软石苇,,,2012-11-26
159939,Pyrrosia matsudai Tagawa,松田氏石苇,,,2012-11-26
159940,Pyrrosia martinii(Christ)Ching,短圆石苇,,,2012-11-26
159941,Pyrrosia lingua(Thunb.)Farw.;P.chinensis Mirbel;Acrostichum lingua Thunb.;Cyclophorus ligua Desv.,石苇;石剑箬;小石苇;金背茶匙,,,2012-11-26
159942,Pyrrosia linearifolia Ching. Var.heterolepis Tagawa,台湾线叶石苇,,,2012-11-26
159943,Pyrrosia linearifolia Ching,线叶石苇,,,2012-11-26
159944,Pyrrosia gralla(Gies)Ching,西南石苇(中药志);石苇(云南),,,2012-11-26
159945,Pyrrosia edulis A.DC.,檀梨;油葫芦,,,2012-11-26
159946,Pyrrosia drakeana(Franch.)Ching;Polypodium drankeanum Franch,毡毛石苇,,,2012-11-26
159947,Pyrrosia davidii (Gies)Ching;P.pekinensis(C.Chr.)Ching,北平石苇,,,2012-11-26
159948,Pyrrosia assimilis (Bak.)Ching,相似石苇,,,2012-11-26
159949,Pyrrosia adnascens(Sas.)Ching,贴生石苇;石头蛇,,,2012-11-26
159950,Pyrrosia,檀梨属(檀香科),,,2012-11-26
159952,pyrroline,二氢吡咯,,,2012-11-26
159953,Pyrrophyta;Dinoflagellates and Cryptomon-ads.;fire algae,黄褐藻门,,,2012-11-26
159954,pyrrole ring,吡咯核,,,2012-11-26
159955,pyrrolidine,吡咯啶;四氢吡咯,,,2012-11-26
159956,pyrrole,吡咯;一氮二烯伍圜,,,2012-11-26
159957,pyrotartaric acid,焦酒石酸,,,2012-11-26
159958,pyroracemic acid;pyruvic acid,焦葡萄酸;乙醯甲酸;α-丙酮酸,,,2019-03-12
159959,pyroporphyrin,焦性吡咯紫质,,,2012-11-26
159960,pyrophosphorylase,焦磷酸化酶,,,2012-11-26
159961,pyrophosphorolysis,焦磷酸化分解,,,2012-11-26
159962,pyrophosphoric acid,焦磷酸,,,2012-11-26
159963,pyrophosphatase,焦磷酸酶,,,2012-11-26
159964,pyrone,二氧二烯陆圜,,,2012-11-26
159965,pyromucic acid;αfuroic acid,糖酸;α-呋喃甲酸,,,2012-11-26
159966,Pyrolaceae;pyrola family,鹿蹄草科,,,2012-11-26
159967,Pyrola rotundifolia L.,鹿蹄草(图考;中药志);圆叶鹿蹄草;冬绿;破血丹,,,2012-11-26
159968,pyrola family;Pyrolaceae,鹿蹄草科,,,2012-11-26
159969,Pyrola,鹿蹄草属,,,2012-11-26
159970,pyrogallotannin,邻苯三酚鞣质,,,2012-11-26
159971,pyrogallophthalein;gallein,五倍子酚酞,,,2012-11-26
159972,pyrogallol,五倍子酚;1，2，3三羟基苯;焦性没食子酚,,,2012-11-26
159973,pyrogallic acid;pyrogallol,焦性没食子酸;焦性没食子酚,,,2012-11-26
159974,pyrogallate,焦倍酸盐,,,2012-11-26
159975,Pyrocystis noctiluca Murray,夜光藻,,,2012-11-26
159976,Pyrocystis,夜光藻属,,,2012-11-26
159977,Pyrocysteae,夜光藻亚科,,,2012-11-26
159978,pyroclavine,焦麦角碱,,,2012-11-26
159979,pyrocatechol,儿茶酚;邻(苯)二酚,,,2012-11-26
159980,pyrocatechin catechol,焦性儿茶素;焦性儿茶酚,,,2012-11-26
159981,pyrocatechin,茶素,,,2012-11-26
159982,pyrocalciferol,焦钙化醇,,,2012-11-26
159983,pyritization,黄铁矿化,,,2012-11-26
159984,pyrimidine base,嘧啶,,,2012-11-26
159985,pyrimidine,嘧啶 (二氮三烯陆圜),,,2012-11-26
159986,pyriform pear-shaped,洋梨形,,,2012-11-26
159987,pyridoxine;aderminVitamin B6,吡哆醇;维生素乙六,,,2012-11-26
159988,pyridoxal phosphate,磷酸 吡哆醛,,,2012-11-26
159989,pyridine enzyme,吡啶酵素,,,2012-11-26
159990,pyridine,吡啶(一氮三烯陆圜),,,2012-11-26
159991,Pyrethrum;Chrysanthemum cinerariefolium Bocc.,除虫菊属,,,2012-11-26
159992,pyrethrine,除虫菊素(精),,,2012-11-26
159993,Pyrenulaceae,实苔科,,,2012-11-26
159994,Pyrenula,实苔属(地衣),,,2012-11-26
159995,Pyrenopsis,球藻地衣属,,,2012-11-26
159996,Pyrenopsidaceae,斑藻地衣科,,,2012-11-26
159997,Pyrenophora teres (Died)Drechsler,大麦网斑病菌,,,2012-11-26
159998,pyrenophora japonica Ito et Kuribayashi,大麦煤纹病菌,,,2012-11-26
159999,Pyrenophora graninea(Rabh)Ito et Kurib.,大麦斑叶病菌,,,2012-11-26
160000,Pyrenophora avenae (Eid) Ito et Kurib.,燕麦叶枯病菌,,,2012-11-26
160001,Pyrenopeziza medicaginis Fuckel; Pseudopeziza jonesii Nannfeldf,苜蓿黄斑病菌,,,2012-11-26
160002,Pyrenomycetineae,核菌亚目,,,2012-11-26
160003,pyrenolichenes,核菌地衣,,,2012-11-26
160004,Pyrenomycetes,核菌类,,,2012-11-26
160005,pyrenoid(Schmitz 1882),(叶绿体中的)淀粉核;核状体,,,2012-11-26
160006,Pyrenochaeta oryzae Shirai,稻黄枝病菌,,,2012-11-26
160007,Pyrenocarpineae,核菌地衣亚目,,,2012-11-26
160008,Pyrenocarpeae,核菌地衣目,,,2012-11-26
160009,pyrenocarp,核果状果实,,,2012-11-26
160010,pyrenin,核仁素,,,2012-11-26
160011,pyrene,焦油脑;蒎;苯甲菲,,,2012-11-26
160012,pyrene;pyrena;pyrenarium;nucula;nucule;nutlet,小坚果,,,2012-11-26
160013,Pyrenastrum,星座苔属(地衣),,,2012-11-26
160014,Pyrenarium;pyrene;pyrena;nutlet;nucule;nucula,小坚果,,,2012-11-26
160015,Pyrenaria,核果茶属(山茶科),,,2012-11-26
160016,Pyrenacantha volublis Wight,刺核藤,,,2012-11-26
160017,Pyrenaceae;Verbenaceae;verbena family,马鞭草科,,,2012-11-26
160018,Pyrenacantha,刺核藤属(茶茱萸科),,,2012-11-26
160019,Pyramidula,塔形藓属(于),,,2012-11-26
160020,pyranose ring,吡喃糖环,,,2012-11-26
160021,pyramid-shaped;pyramidal,锥形的,,,2012-11-26
160022,pyramid training,圆锥形整枝,,,2012-11-26
160023,pyramidal pyramid-shaped,锥形的,,,2012-11-26
160024,pyramid of numbers,数塔(个体数锥形体),,,2012-11-26
160025,pyraconitine,次乌头【生+佥】,,,2012-11-26
160026,Pyracantha rogersiana Bean,华南火棘,,,2012-11-26
160027,Pyracantha koizumii Rehder,台东火棘,,,2012-11-26
160028,Pyracantha fortuneana(Maxim.)L.,火棘;火把果;救兵粮;救军粮,,,2012-11-26
160029,Pyracantha firethorn,火棘属(蔷薇科),,,2012-11-26
160030,Pyracantha crenulata(D.Don)Roem,细圆齿火棘;华山火棘,,,2012-11-26
160031,Pyracantha coccinea M. Roem; firethorn; everlasting firethorn,火棘,,,2012-11-26
160032,Pyracantha atalantioides(Hance)Stapf,全缘火棘,,,2012-11-26
160033,Pyracantha angustifolia Schneider;narrowleaf firethorn,狭叶肖木瓜,,,2012-11-26
160034,Pylaisiopsis speciosa(Wils.) Broth pyocyanin,拟金灰藓,,,2012-11-26
160035,Pylaisia,金灰藓属,,,2012-11-26
160036,Pygeum topengii Merr.,臀果木,,,2012-11-26
160037,Pygeum,臀果木属(蔷薇科),,,2012-11-26
160038,pycnoxylic,致密木质的,,,2012-11-26
160039,pycnotic,核凝缩的,,,2012-11-26
160040,Pycnostelma chinensis Bge.;P.paniculatum (Bge)K.Schum.,徐长卿(本经),,,2012-11-26
160041,Pycnospore;pycnidiospore,粉胞子,,,2012-11-26
160042,Pycnospora lutescens(Poir.)Schinal.,密子豆,,,2012-11-26
160043,Pycnospora,密子豆属(豆科),,,2012-11-26
160044,pycnosis，pyknosis,核凝缩;浓集作用,,,2012-11-26
160045,Pycnolejeunea,粉胞子菌属,,,2012-11-26
160046,pycnium,柄胞子器,,,2012-11-26
160047,pycniospore,1.(小麦锈病菌的)粉胞子2.精子体,,,2012-11-26
160048,pycnidium,粉胞子器;分生子壳,,,2012-11-26
160049,pycnidiospore;pycnospore,粉胞子;精胞子,,,2012-11-26
160050,pycnidiophore,粉胞子梗,,,2012-11-26
160051,pycnial stage,柄胞子期,,,2012-11-26
160052,Pycnarrhena,密花藤属(防己科),,,2012-11-26
160053,p-xylohydroquinone,对--茬氢醌,,,2012-11-26
160054,p-xylic acid;isoxylic acid,对--茬(甲)酸;2，5-二甲基苯甲酸,,,2012-11-26
160055,Putridae Epixylophytia,腐木群落,,,2012-11-26
160056,putrid,腐败,,,2012-11-26
160057,putrefy,腐败,,,2012-11-26
160058,putrefactious bacteris,腐败细菌,,,2012-11-26
160059,putrefaction,腐败,,,2012-11-26
160060,putchock;Chinese iris;Iris japonica Thunb.,蝴蝶花,,,2012-11-26
160061,putamen,1.壳果的壳2.核果的核,,,2012-11-26
160062,pusule,(涡鞭毛藻类的)食胞,,,2012-11-26
160063,pustular;pustulate,有疱状小隆起的,,,2012-11-26
160064,pussy willow;Salix discolor Muhl,水杨柳,,,2012-11-26
160065,puss grass;Setaria viridis Beauv,狗尾草,,,2012-11-26
160066,Pusaetha scandens L.,象豆、榼藤子(开宝本草),,,2012-11-26
160067,purslane;Portulaca oleracea L.,马齿苋,,,2012-11-26
160068,purslane family;Portulacaceae,马齿苋科,,,2012-11-26
160069,purpuroxanthin,1，3-二羟基醌,,,2012-11-26
160070,purpurin,1，1，4一三羟基葱醌;茜草紫,,,2012-11-26
160071,Purpurascentia,真藓属真藓亚属叶状枝、叶状茎(扁茎)组中的一群,,,2012-11-26
160072,purple willow;purple osier;Salix purpurea L.,杞柳,,,2012-11-26
160073,purple osier;purple willow;Salix purpurea L.,杞柳,,,2012-11-26
160074,purple grandilla;Passiflora,西番莲果;时计果;紫百香果,,,2012-11-26
160075,purple coneflower;Echinacea purpurea Moench;Rudbeckia purpurea L.,紫花金光菊;紫花松琅菊(熊),,,2012-11-26
160076,purple bauhinia;Bauhinia purpurea L.,洋紫荆,,,2012-11-26
160077,purple bacteria;Photobacteriineae,红色细菌;紫色细菌,,,2012-11-26
160078,puromycin,抑制多胜体形成的抗生素,,,2012-11-26
160079,purity of gamete,配子纯度;配子纯粹度,,,2012-11-26
160080,purity of variety,品种纯度,,,2012-11-26
160081,purity,精选度;清洁度;纯度,,,2012-11-26
160082,purine nuclease6(1)-purinone;hypoxanthine,嘌呤核苷酸酶6(1)嘌呤酮,,,2012-11-26
160083,purine,嘌呤,,,2012-11-26
160084,purine base,嘌呤碱,,,2012-11-26
160085,purinase,嘌呤酶,,,2012-11-26
160086,purging croton Croton tiglium L,巴豆,,,2012-11-26
160087,purging buckthorn;common buckthorn;Rhamnus cathartica L.,药鼠李,,,2012-11-26
160088,pure-clonic form,纯营养系,,,2012-11-26
160089,pure-variety breeding,纯品种育种,,,2012-11-26
160090,pure vegetation;pure community,纯粹群集,,,2012-11-26
160091,pure line theory,纯系说,,,2012-11-26
160092,pure line separation,纯系分离,,,2012-11-26
160093,pure line selection,纯系选择;纯系选拔,,,2012-11-26
160094,pure line isolation,纯系隔离,,,2012-11-26
160095,pure line breeding,纯系育种,,,2012-11-26
160096,pure line (Johannsen 1903),纯系,,,2012-11-26
160097,pure forest,单纯林;单一树种林,,,2012-11-26
160098,pure culture,纯粹培养;纯培养,,,2012-11-26
160099,pure community;pure vegetation,纯粹群集;单纯群集,,,2012-11-26
160100,pure breed,纯种,,,2012-11-26
160101,pure breeding,纯种交配,,,2012-11-26
160102,pure botany,纯正植物学,,,2012-11-26
160103,punicine;pelletierine,石榴根皮【生+佥】,,,2012-11-26
160104,pure,纯粹的;未污染的,,,2012-11-26
160105,puniceus,紫赤色,,,2012-11-26
160106,Punicaceae;pomegranate family,安石榴科,,,2012-11-26
160107,Punica;pomegranate,石榴属(石榴科),,,2012-11-26
160108,Punica nana L.,海石榴,,,2012-11-26
160109,Punica granatum var.pleniflora Hayne,重瓣红石榴,,,2012-11-26
160110,Punica granatum var.pendula Hort,重杖石榴,,,2012-11-26
160111,Punica granatum var.nana Pers.,月季石榴,,,2012-11-26
160112,Punica granatum var.multiplex Sweet,重瓣白石榴,,,2012-11-26
160113,Punica granatum var.legrellei Vanh-oute,玛瑙石榴(图改),,,2012-11-26
160114,Punica granatum var.flavescens Sweet,黄石榴,,,2012-11-26
160115,Punica granatum var.albescens DC.,白石榴,,,2012-11-26
160116,Punica granatum L.;pomegranate;common pomegranate,安石榴(名医别录);番花榴(群芳谱);石榴(群芳谱);若榴;丹若;金罂;天浆(酉阳杂俎),,,2012-11-26
160117,pungency,辣味,,,2012-11-26
160118,pungent,锐尖的,,,2012-11-26
160119,punctum vegetationis,生长点,,,2012-11-26
160120,punctiform,油点状,,,2012-11-26
160121,puncticulate;minutely punctate,有细油点的,,,2012-11-26
160122,punctated tissue,有腺组织,,,2012-11-26
160123,punctate,有油点的,,,2012-11-26
160124,Punctaria,幅藻属(褐藻),,,2012-11-26
160125,Puccinia dispersa Eriksson et.E.Henning,黑麦赤锈病菌,,,2012-11-26
160126,Puccinia corticioides Berkeley et Broome;Stereostratum(B.et B.)Magnus,竹类赤衣病菌;竹蓐(食疗);竹肉(拾遗);竹菰(纲目);竹蕈(纲目),,,2012-11-26
160127,Puccinia coronata Corda,燕麦冠锈病菌;牛毛草冠锈病菌之一;黑麦草冠锈病菌之一;白毛茅冠锈病菌,,,2012-11-26
160128,Puccinia chrysanthemi Roze,菊黑锈病菌,,,2012-11-26
160129,Puccinia carthami Corda,红蓝花锈病菌,,,2012-11-26
160130,Puccinia bullata;Hare Thekospora pseudo-cerasi Hiratsuka.f.,樱桃锈病菌,,,2012-11-26
160131,Puccinia bromina Eriksson;P.recondita Roberge,雀麦赤锈病菌,,,2012-11-26
160132,Puccinia brivocornis S.Ito;P.coronata Corda,燕麦、牛毛草、黑麦草、白毛茅冠锈病菌,,,2012-11-26
160133,Puccinia belamcandal Dietel,身杆锈病菌,,,2012-11-26
160134,Puccinia asparagi de Candslle,芦荀锈病菌,,,2012-11-26
160135,Puccinia aspargi-lucidi Dietel,芦荀锈病菌,,,2012-11-26
160136,Puccinia argentate Winter;P.noli-tangeris Corda,凤仙花锈病菌,,,2012-11-26
160137,Puccinia arenariae(Schumacher)Winter,石竹类黑叶涩病菌,,,2012-11-26
160138,Puccinia anomala rostrup;P.hordei Otth,大麦小锈病菌,,,2012-11-26
160139,Puccinia angelica;Thekospora pseudo-cerasi Hiratsakaf,樱桃锈病菌,,,2012-11-26
160140,Puccinia alliivora Hara;P.allii(DC.)Rudolphi,葱锈病菌,,,2012-11-26
160141,Puccinia allii-japonici Dietel;P.alli(DC.)Rudolphi,葱类锈病菌,,,2012-11-26
160142,Puccinia allii (DC.)Rudorphi,葱类锈病菌,,,2012-11-26
160143,Puccinia agrostidis plowright,小糠草锈病菌,,,2012-11-26
160144,Puccinia abutili Berk et Br;rust of flowering maple,风铃草锈病菌,,,2012-11-26
160145,Puccinia,锈病菌属,,,2012-11-26
160146,pubescent,有短软毛的,,,2012-11-26
160147,pubescence,叶、茎有毛的状态,,,2012-11-26
160148,puberulous,有细毛的,,,2012-11-26
160149,puberty,开花期,,,2012-11-26
160150,puberulent,有细毛的,,,2012-11-26
160151,puberal,开花期的,,,2012-11-26
160152,Ptylinogen,唾液淀粉酶原,,,2012-11-26
160153,Ptychomniaceae,棱蒴藓科,,,2012-11-26
160154,Ptychomitrium(Mitt.)Jaeg.,中华缩叶藓,,,2012-11-26
160155,Ptychomitrium wilsoni Sull et Lesq.,威氏缩叶藓,,,2012-11-26
160156,Ptychomitrium tortula (Harv.)Jaeg;P.lineariflium Reim et Sak,狭叶缩叶藓,,,2012-11-26
160157,Ptychomitrium polyphyllum(Dicks)Furnr;P.linearifolium Reim et Sak,多叶缩叶藓,,,2012-11-26
160158,Ptychomitrium mairei(Ther)Chen;P.linearifolium Reim et Sak,狭叶缩叶藓,,,2012-11-26
160159,Ptychomitrium linearifolium Reim et Sak,狭叶缩叶藓,,,2012-11-26
160160,Ptychomitrium formosicum Broth,台湾缩叶藓,,,2012-11-26
160161,Ptychomitrium fanriei Besch,东西缩叶藓,,,2012-11-26
160162,Ptychomitrium dentatum(Mitt.)Jaeg.,齿边缩叶藓,,,2012-11-26
160163,Ptychomitrium,缩叶藓属,,,2012-11-26
160164,Ptychomitrieae,缩叶藓群,,,2012-11-26
160165,Ptychodium,毛褶藓属,,,2012-11-26
160166,Ptychanthus striatus (Lehm.et Lindb.)Nees,皱萼苔,,,2012-11-26
160167,Ptychanthus,皱萼苔属,,,2012-11-26
160168,Ptychanthoideae,皱蒴苔亚科,,,2012-11-26
160169,ptyalin,唾液淀粉酶,,,2014-01-22
160170,P-toluidine;2-aminotoluene,对甲苯胺;对-~52_3~胺,,,2012-11-26
160171,Ptilotrichum cretaceum(Harms)Ledeb.;P.elongatum DC.,燥原荠,,,2012-11-26
160172,Ptilotrichum,燥原荠属(十字花科),,,2012-11-26
160173,Ptiloteae,红桧藻亚科,,,2012-11-26
160174,Ptilota,红桧藻属(红),,,2012-11-26
160175,Ptilopteris maximowiczii Hance,岩穴蕨,,,2012-11-26
160176,Ptilopteris,岩穴蕨属,,,2012-11-26
160177,Ptilium crista-castrensis(L.)De-Not,毛梳藓,,,2012-11-26
160178,Ptilium,毛梳藓属,,,2012-11-26
160179,Ptilidium pulcherrinum(Web.)Hamp.,毛叶苔,,,2012-11-26
160180,Ptilidium ciliare(L.)Hampe,毛叶苔,,,2012-11-26
160181,Ptilidium,毛叶苔属(毛叶苔科),,,2012-11-26
160182,Ptilidiinae,毛叶苔亚群,,,2012-11-26
160183,Ptilidioideae,毛叶苔亚科,,,2012-11-26
160184,Ptilidiaceae,毛叶苔科,,,2012-11-26
160185,Pteroxygonum giraldii Dammer et Diels,翼蓼,,,2012-11-26
160186,Pteroxygonum filiforme(Timm.)Hedw.,捩丝藓,,,2012-11-26
160187,Pteroxygonum,捩丝藓属,,,2012-11-26
160188,Pteroxygonum,盐土藓属(丛藓科),,,2012-11-26
160189,Pteroxygonum,翼蓼属(蓼科),,,2012-11-26
160190,Pterostyrax psilophyllus Diels,鄂西白辛树(陈嵘),,,2012-11-26
160191,Pterostyrax microcarpa Diels,广西白辛树(陈嵘),,,2012-11-26
160192,Pterostyrax leveillei Chun,裂叶白辛树(陈嵘),,,2012-11-26
160193,Pterostyrax hispida Sieb.et Zucc.; epaulette tree,白辛树(救荒本草),,,2012-11-26
160194,Pterostyrax corymbosa Sieb.et Zucc.,小叶白辛树(陈嵘),,,2012-11-26
160195,Pterostyrax benzoin Dryand;gum benzoin,安息香(唐本草);辟邪树(新本草纲目);柮贝罗香(梵),,,2012-11-26
160196,Pterostyrax,白辛树属(野茉莉科),,,2012-11-26
160197,Pterospermum niveumVidal,台湾翅子树,,,2012-11-26
160198,Pterospermum lauceaefolium Roxb.,翅子树,,,2012-11-26
160199,Pterospermum heterphyllum Hance,翻白叶树;番弓长麻;半枫荷米纸,,,2012-11-26
160200,Pterospermum diversifolium Bl.,翅子树(陈嵘),,,2012-11-26
160201,Pterospermum,翅子树属(梧桐科),,,2012-11-26
160202,pterospermous,有具翅种子的,,,2012-11-26
160203,Pterosiphonia,羽草属(红),,,2012-11-26
160204,Pteropsid,蕨类,,,2012-11-26
160205,Pteropsida,真蕨亚门,,,2012-11-26
160206,Pterophyta;Pteropsida;Filicopsida;Filicinae,蕨类植物门,,,2012-11-26
160207,Pterolobium punctatum Hemsl.,老虎刺,,,2012-11-26
160208,Pterolobium,老虎刺属(豆科),,,2012-11-26
160209,Pterogonium,鸡脚苔属(苔),,,2012-11-26
160210,Pteroceltis tatarinowii Maxim.,青檀(河南);檀树;翼朴,,,2012-11-26
160211,Pteroceltis,青檀属(榆科),,,2012-11-26
160212,Pterocarya;wingnut,枫杨属(胡桃科),,,2012-11-26
160213,pterocaulous,有具翅茎的,,,2012-11-26
160214,Pterocarya stenoptera DC.;Chinese wingunt,枫杨(江苏);枫柳(纲目);水麻柳;蜈蚣柳,,,2012-11-26
160215,Pterocarya rhoifoia Sieb.et Zucc.;Japanese wignut,水胡桃(青岛);日本枫杨,,,2012-11-26
160216,Pterocarya macroptera Batal.,甘肃枫杨,,,2012-11-26
160217,Pterocarya paliurus Batal.;Cyclocarya rhoifolia(Batal.)IIjinskaja,青钱柳(陈嵘),,,2012-11-26
160218,Pterocarya insignis Rehd.et Wils.,华西枫杨;瓦山水胡桃,,,2012-11-26
160219,Pterocarya fraxinifolia Spach;Caucasian wingnut,高加索枫杨,,,2012-11-26
160220,Pterocarya hupehensis Skan;Hupeh wing-nut,湖北枫杨;山柳树,,,2012-11-26
160221,Pterocarya delavayi Franch.,云南枫杨;水核桃,,,2012-11-26
160222,Pterocarpus vidalianus Rolfe;Philippine padauk,菲律宾紫檀,,,2012-11-26
160223,Pterocarpus santalinus L.;sandalwood padauk;red sanders,紫檀(古今注),,,2012-11-26
160224,Pterocarpus marsupium Roxb.;Bengal padauk,花榈木;吉维紫檀,,,2012-11-26
160225,Pterocarpus macrocarpus Kurz;Bruma padauk,缅甸紫檀(于),,,2012-11-26
160226,Pterocarpus indicus Willd.;Burmacoast padauk;Burmese rose-wood,紫檀;榈木;花榈木;青龙木;蔷薇木(陈嵘),,,2012-11-26
160227,Pterocarpus echinatus Pers.,菲律宾红木,,,2012-11-26
160228,Pterocarpus dalbergisoides Roxb.,安达曼紫檀,,,2012-11-26
160229,Pterocarpus Andaman redwood,紫檀属(豆科),,,2012-11-26
160230,pterocarpous,有翅果的,,,2012-11-26
160231,Pterocarpinae,紫檀亚族(豆科),,,2012-11-26
160232,Pterobyum arbuscula Mitt.,树形蕨藓,,,2012-11-26
160233,Pterobryum,蕨苔属(蕨苔科),,,2018-09-16
160234,Pterobryopsis,拟蕨藓属,,,2012-11-26
160235,Pterobryeae,蕨藓群,,,2012-11-26
160236,Pterobryaceae,蕨藓科,,,2012-11-26
160237,Pternopetalum vulgare(Dunn) Hand.-Mazz.;Cryptotaeniopsis vulgaris Dimm,囊瓣芹,,,2012-11-26
160238,Pternopetalum tanakae(Franch.et Savat)Hand.-Mazz.Cryptotaeniopsis tanakae(F.et S.)Boiss,条叶囊瓣芹,,,2012-11-26
160239,Pternopetalum,瓣芹属(繖形花科),,,2012-11-26
160240,Pternandra,翼药花属(野牡丹科),,,2012-11-26
160241,Pteris wallichiana Ag.,西南凤尾蕨;瓦氏凤尾蕨,,,2012-11-26
160242,Pteris vittata L.,蜈蚣草;长叶甘草蕨,,,2012-11-26
160243,Pteris venusta Kunze,爪哇凤尾蕨,,,2012-11-26
160244,Pteris tripartita Sw.,三脚凤尾蕨,,,2012-11-26
160245,Pteris tokioi Masam.,铃木氏凤尾蕨,,,2012-11-26
160246,Pteris setuloso-costulata Hay.,有刺凤尾蕨,,,2012-11-26
160247,Pteris serrulata L.,凤尾蕨(图改),,,2012-11-26
160248,Pteris semipinnata L.,半边羽裂凤尾蕨,,,2012-11-26
160249,Pteris scabristipes Tagawa,红柄凤尾蕨,,,2012-11-26
160250,Pteris multifida Poir.,井口边草;凤尾草,,,2012-11-26
160251,Pteris nervosa Thunb.;P.cretica Auct non L.,凤尾蕨,,,2012-11-26
160252,Pteris longipinna Hay.,长叶凤尾蕨,,,2012-11-26
160253,Pteris longipes Don,蓬莱凤尾蕨,,,2012-11-26
160254,Pteris longifolia L.,蜈蚣草(图改),,,2012-11-26
160255,Pteris linearis Poir.,三角脉凤尾蕨,,,2012-11-26
160256,Pteris laeta Wall.,粗糙叶凤尾蕨,,,2012-11-26
160257,Pteris kidoi Kurata,城户氏凤尾蕨,,,2012-11-26
160258,Pteris inaequalis Mettenius,金缘凤尾蕨(中国蕨谱),,,2012-11-26
160259,Pteris inaequalis Bak.,中华凤尾蕨,,,2012-11-26
160260,Pteris henryi Christ,狭叶凤尾蕨,,,2012-11-26
160261,Pteris grevilleana Wall.,翅柄凤尾蕨,,,2012-11-26
160262,Pteris formosana Bak.,台湾凤尾蕨,,,2012-11-26
160263,Pteris fauriei Hieron,金钗凤尾蕨;福氏凤尾蕨,,,2012-11-26
160264,Pteris excelsa Gaud.,溪边凤尾蕨,,,2012-11-26
160265,Pteris ensiformis Burm.,剑叶凤尾蕨;井边茜;三叉草,,,2012-11-26
160266,Pteris dissififolia Bak.,大半边旗,,,2012-11-26
160267,Pteris dispar Kuntze,削齿凤尾蕨,,,2012-11-26
160268,Pteris deltodon Bak.,岩凤尾蕨,,,2012-11-26
160269,Pteris dactylina Hook.,掌凤尾蕨,,,2012-11-26
160270,Pteris cretica L.var.laeta C.Chr.et Tard-Blot,阔叶凤尾蕨,,,2012-11-26
160271,Pteris cretica L.,大叶凤尾蕨,,,2012-11-26
160272,Pteris crentica Auct non L.P.nervosa Thunb.,凤尾蕨,,,2012-11-26
160273,Pteris cadieri Christ,二形凤尾蕨,,,2012-11-26
160274,Pteris biaurita L.,狭眼凤尾蕨;弧脉凤尾蕨,,,2012-11-26
160275,Pteris bella Tagawa,长柄凤尾蕨,,,2012-11-26
160276,Pteris aspericaulis Wall.,紫轴凤尾蕨,,,2012-11-26
160277,Pteris aspericaulis var.tricolor Moore,三角凤尾蕨,,,2012-11-26
160278,Pteris angustipinna Tagawa,细叶凤尾蕨,,,2012-11-26
160279,pteris actinopteroides Christ,猪鬣凤尾蕨;猪毛草,,,2012-11-26
160280,Pteris,凤尾蕨属(凤尾蕨科),,,2012-11-26
160281,Pteridrys cnemidaria(Christ)C.Chr.et Ching,云南牙蕨,,,2012-11-26
160282,Pteridrys aurtralis Ching,刚毛芽蕨,,,2012-11-26
160283,Pteridrys,牙蕨属(三叉蕨科),,,2012-11-26
160284,Pteridospermae,种子蕨纲,,,2012-11-26
160285,Pteridophytina,蕨类植物亚门,,,2012-11-26
160286,pteridophytes;Pteridophyta,蕨类植物,,,2012-11-26
160287,pteridophyte coefficient,蕨类系类,,,2012-11-26
160288,Pteridophyta;pteridophytes,蕨类植物门,,,2012-11-26
160289,Pteridophyllum racemosum Sieb.et Zucc.,筬叶草(日本)(罂栗科),,,2012-11-26
160290,pteridology,蕨类植物学,,,2012-11-26
160291,Pteridium; female fern,凤尾蕨属(凤尾蕨科),,,2012-11-26
160292,Pteridium rebolutum(Bl.)Nakai,毛蕨;饭蕨,,,2012-11-26
160293,Pteridium aquilinum Kuhn var.wightianum Tyron,峦大蕨,,,2012-11-26
160294,Pteridium aquaticum Kuhn.var，latiusculum Und.;brachen;brake,蕨;如意菜;狼萁,,,2012-11-26
160295,Pteridium aquaticum Kuhn,蕨(拾遗),,,2012-11-26
160296,Pteridinae,凤尾蕨族,,,2012-11-26
160297,Pterideae,凤尾蕨亚科,,,2012-11-26
160298,Pteridaceae,凤尾蕨科,,,2012-11-26
160299,Ptelea,榆橘属(芸香科),,,2012-11-26
160300,Ptchomitriaceae,缩叶藓科,,,2012-11-26
160301,PTC;phenylthiocar-bamide,苯硫脲,,,2012-11-26
160302,Psycotria rubra Poir.,九节木(广东),,,2012-11-26
160303,psychrophytes,寒地植物,,,2012-11-26
160304,psychrophilic organisms,嗜冷生物,,,2012-11-26
160305,psychrometer,干湿计;干湿球湿度计,,,2012-11-26
160306,psychrokling,屈寒性,,,2012-11-26
160307,psychric,凉土群落,,,2012-11-26
160308,Psychotria,九节木属(茜草科),,,2012-11-26
160309,psychological isolation,心里上的隔离,,,2012-11-26
160310,psorosis,柑橘树干大枝上由病毒引皮的凹孔病,,,2012-11-26
160311,Psoraleinae,补肆脂亚族(豆科),,,2012-11-26
160312,Psoralea corylifolia L.,补骨脂(开宝本草),,,2012-11-26
160313,Psoralea,补骨脂属(豆科),,,2012-11-26
160314,Psophocarpus,四棱豆属(豆科),,,2012-11-26
160315,Psiolnemateae,无毛藻亚目(蓝),,,2012-11-26
160316,Psilotum,松叶兰属;松叶蕨属,,,2012-11-26
160317,Psilotum nudum Griseb.,松叶蕨;松叶兰(日本),,,2012-11-26
160318,Psilotrichum,林地苋属(苋科),,,2012-11-26
160319,Psilotopsida;Psilotinae,松叶蕨纲,,,2012-11-26
160320,Psilotineae,松叶蕨亚目,,,2012-11-26
160321,Psilotales,松叶蕨目,,,2012-11-26
160322,Psilotaceae,松叶蕨科,,,2012-11-26
160323,psilostachyus,裸穗状花的,,,2012-11-26
160324,Psilospora chamaecyparidis Sawada,花柏叶背黑点病菌,,,2012-11-26
160325,Psilopsida,裸蕨(亚门),,,2012-11-26
160326,Psilophytopsida;Psilopaida;Psilophyinate,古生松叶蕨纲;裸蕨纲,,,2012-11-26
160327,Psilophyton princeps Daws,松叶木,,,2012-11-26
160328,Psilophyton,古裸蕨属(化石);松叶木属,,,2012-11-26
160329,Psilophyte;Psilophyta,裸蕨植物;松叶蕨类,,,2012-11-26
160330,Psilophytales;Psilopsida;Psilophylopsida(纲);Psilophytes(英、法),裸蕨科;松叶蕨目,,,2012-11-26
160331,Psilophytaceae,裸蕨科;松叶蕨科,,,2012-11-26
160332,Psilophyta;Psilopsida;whish ferns,裸蕨门;松叶蕨门,,,2012-11-26
160333,Psilopeganum,山麻黄属(芸香科),,,2012-11-26
160334,psilochotrine,番杏碱,,,2012-11-26
160335,Psilocybe,素伞蕈属,,,2012-11-26
160336,psilocybine,素伞蕈碱,,,2012-11-26
160337,Psidium;guava,番石榴属(桃金娘科),,,2012-11-26
160338,psilate,平滑的,,,2012-11-26
160339,psilocauline,裸茎,,,2012-11-26
160340,Psidium littorale Raddii;strawberry guava;cattey guava Chinese guava,草莓番石榴,,,2012-11-26
160341,Psidium guajava L.;common guava;jambu biji;jambu batu,番石榴;秋果(图考),,,2012-11-26
160342,Psidium friedrishthal-inum Niedenzn;Costa Rica guava,哥斯达黎加番石榴,,,2012-11-26
160343,Psidium cattleianum Sabine;strawberry guava;cattley guava,照叶番石榴,,,2012-11-26
160344,Psidium araca Raddi;Brazilian guava,巴西番石榴,,,2012-11-26
160345,pseudozygadenine,假棋盘花碱,,,2012-11-26
160346,pseudozoagloea,假菌胶团,,,2012-11-26
160347,pseudowild-type(Mitchell，Pittenger & Mitchell 1952),假野生型,,,2012-11-26
160348,pseudovacuole;gas vacuole,假液胞;假空胞,,,2012-11-26
160349,pseudotype,假模式标本,,,2012-11-26
160350,Pseudotsuga;Hongcone-fir,黄杉属,,,2012-11-26
160351,Pseudotsuga wilsoniana Hayata;Formosan Douglas fir,台湾黄杉(陈嵘),,,2012-11-26
160352,Pseudotsuga taxifolia Brit.;Douglas fir;Douglas spruce;Oregon pine;P.menziesii(Mirb.)Franco,花旗松,,,2012-11-26
160353,Pseudotsuga sinensis Dode;Chinese Douglas fir,黄杉(陈嵘);华帝杉,,,2012-11-26
160354,Pseudotsuga menziesii(Mirb.)Franco;P.taxifolia,花旗松,,,2012-11-26
160355,Pseudotsuga gausseni Flous,华东黄杉,,,2012-11-26
160356,Pseudotsuga forrestii Craib.;Forrest Douglas Fir,澜沧黄杉;福氏黄杉;湄公黄杉(陈嵘),,,2012-11-26
160357,pseudotropine,拟颠茄素,,,2012-11-26
160358,Pseudotriquetra,真藓属;真藓亚属;真藓群中的一群,,,2012-11-26
160359,pseudotransverse division,假性横分裂,,,2012-11-26
160360,Pseudoterminal bud,假顶芽,,,2012-11-26
160361,Pseudotaxus chienii(Cheng)Cheng,白豆杉,,,2012-11-26
160362,Pseudotaxus,白豆杉属(红豆杉科),,,2012-11-26
160363,Pseudosymblepharis subduriuscula(C.Mull.)Chen,硬叶拟合睫藓,,,2012-11-26
160364,Pseudosymblepharis papillosula(Card et Ther)Broth,拟合睫藓,,,2012-11-26
160365,Pseudosymblepharis angustata(Mitt.)Hilp,狭叶拟合睫藓,,,2012-11-26
160366,Pseudosymblepharis,拟合睫藓属(丛藓科),,,2012-11-26
160367,Pseudosymblepharietum-Frullanosum,拟合睫藓属-耳叶苔群落,,,2012-11-26
160368,Pseudostreblus indica Bur,假鹊肾树,,,2012-11-26
160369,Pseudostreblus,假鹊肾树属(桑科),,,2012-11-26
160370,pseudostoma,假子座,,,2012-11-26
160371,Pseudostellaria sylvatica(Maxim.)Pax ex Pax et Hoffm.,狭叶假繁缕,,,2012-11-26
160372,Pseudostellaria rhaphanorrhiza(Hemsl.)Pax;P.heterophylla(Miq.)Pax ex Pax et Hoffm.,异叶假繁缕太子参;孩儿参(药材学),,,2012-11-26
160373,Pseudostellaria maximowicziana(Franch.et Savat.)Pax ex Pax et Hoffm,假繁缕,,,2012-11-26
160374,Pseudostellaria heterophylla(Miq.)Pax ex Pax et Hoffm,异叶假繁数;孩儿参;太子参,,,2012-11-26
160375,Pseudostellaria heterantha(Maxim.)Pax ex Paxet Hoffm.,异花假繁缕,,,2012-11-26
160376,Pseudostellaria davidii(Franch.)Pax ex Pax et Hoffim.,蔓性假繁缕,,,2012-11-26
160377,Pseudostellaria,假繁缕属(石竹科),,,2012-11-26
160378,pseudostele,假中柱,,,2012-11-26
160379,Pseudosporochnaceae,无叶枝蕨科,,,2012-11-26
160380,Pseudospiridentopsis horrida(Mitt.)Fleisch,拟木毛藓,,,2012-11-26
160381,Pseudospiridentopsis,拟木毛藓属,,,2012-11-26
160382,Pseudosphaeriaceae,假球壳菌科(球壳菌目),,,2012-11-26
160383,pseudospermium,种子状果实,,,2012-11-26
160384,pseudoseta,假蒴柄,,,2012-11-26
160385,pseudosessile,假无柄的,,,2012-11-26
160386,pseudoseptum,假隔膜,,,2012-11-26
160387,pseudoselectivity(Sadlmayr 1956),假选择性,,,2012-11-26
160388,Pseudosedum,假景天属(景天科),,,2012-11-26
160389,pseudosatellite(Battaglia 1956),假随体(染色体),,,2012-11-26
160390,Pseudosasafras,假檫木属(檫木属),,,2012-11-26
160391,Pseudosasafras laxiflora(Hemsl.)Nakai;Sasafras tsumu Hemsl.,檫木;檫树;南树;樟木;黄楸树,,,2012-11-26
160392,Pseudosasa usawai Makino et Nemoto,色箨矢竹;矢竹仔,,,2012-11-26
160393,Pseudosasa Japonica(S. et Z.)Makino,日本矢竹;矢竹;箭竹;,,,2012-11-26
160394,Pseudosasa,箭竹属,,,2012-11-26
160395,pseudoreduction,假减数,,,2012-11-26
160396,Pseudopterobryum tenuicuspus Broth,柔枝滇蕨苔,,,2018-09-16
160397,Pseudopterobryum,滇蕨苔属,,,2018-09-16
160398,Pseudopopulus,蝴蝶树类(忍冬科),,,2012-11-26
160399,pseudo-polyploid(Battaglia 1956),假多倍体,,,2012-11-26
160400,pseudopolyembryony(Lebegue 1952),假多胚性,,,2012-11-26
160401,Pseudopohlia yuinnanensis Herz,云南拟丝瓜藓,,,2012-11-26
160402,Pseudopohlia bulbifera Williams,菲律宾拟丝瓜藓(模式种),,,2012-11-26
160403,pseudopodium;pseudopod,伪足;假藓柄,,,2012-11-26
160404,Pseudopohlia,拟丝瓜藓属,,,2012-11-26
160405,pseudopodispore,伪足孢子,,,2012-11-26
160406,pseudopod;pseudopodium,伪足;假柄,,,2012-11-26
160407,pseudopodial movement,伪足运动,,,2012-11-26
160408,pseudoploidy due to differential polynemy,由于分化的多丝性引致的假多倍性,,,2012-11-26
160409,Pseudoplea trifolii Rostrup,红花三叶草、白花三叶草、瑞典三叶草、草莓三叶草、地中海三叶草、草木樨类、翘摇百脉根、苜蓿黑点病菌,,,2012-11-26
160410,pseudoplasmolysis,假质离,,,2012-11-26
160411,pseudoplankton,假浮游性生物;偶然性浮游生物,,,2012-11-26
160412,Pseudophaegopteris pyrrhorachis var.hirtirachis(C.Chr.)Ching,密毛紫柄蕨,,,2012-11-26
160413,Pseudophaegopteris pyrrhorachis var.glabrate(Clarke)Ching,光叶紫柄蕨,,,2012-11-26
160414,Pseudophaegopteris pyrrhorachis (Kze，)Ching;Thelypteris brunea(Wall.)Ching;,紫柄蕨,,,2012-11-26
160415,Pseudophaegopteris,紫柄蕨属(金星蕨科),,,2012-11-26
160416,Pseudopeziza trifolii(Bivona-Banardi) Fuckel,红花三叶草、白花三叶草、瑞典三叶草褐斑病菌,,,2012-11-26
160417,Pseudopeziza ribis Klebahn; Gloeosporium ribis Mont et Desm,木梅类炭疽类菌,,,2012-11-26
160418,Pseudopeziza medicaginis(Libert)Sacc.,苜宿疣状斑点病菌,,,2012-11-26
160419,Pseudopeziza jonesii Nannfeldt,苜宿黄斑病菌,,,2012-11-26
160420,Pseudopeziza,红花三叶草斑点病菌(囊),,,2012-11-26
160421,Pseudoperonospora momordicae Sawada;P.cubensis(B. et C.) Rostowzew,苦瓜白粉病菌,,,2012-11-26
160422,Pseudoperonospora luffae Sawada;P.cubensis(Barkeley et Caurtis) Rostowzew,丝瓜白粉病菌,,,2012-11-26
160423,Pseudoperonospora humuli(Miyabe et Takahashi) Wilson,啤酒花藤白病菌,,,2012-11-26
160424,Pseudoperonospora cubensis(Berk et Curt)Rostowzew,瓜类露菌病菌;胡瓜、甜瓜、越瓜、西瓜、南瓜类、丝瓜、扁蒲、冬瓜、苦瓜白粉病菌,,,2012-11-26
160425,Pseudoperonospora celtidis(Waite)G.w.Wilson,朴树白粉病菌,,,2012-11-26
160426,Pseudoperonospora cannabina(Otth)Curzi,大麻白粉病菌,,,2012-11-26
160427,pseudoperithecium,假子囊腔,,,2012-11-26
160428,pseudoperidia,拟护膜,,,2012-11-26
160429,pseudoperianth,(若干苔类的)假花被,,,2012-11-26
160430,pseudopelletierine,拟石榴根皮检,,,2012-11-26
160431,pseudoparphyllia,假鳞毛;茎上分枝处的鳞毛,,,2012-11-26
160432,pseudoparenchyma,假薄壁组织,,,2012-11-26
160433,pseudoparasitism,拟似寄生,,,2012-11-26
160434,pseudoparaphysis;paraphysoid,伪侧丝;拟副丝,,,2012-11-26
160435,pseudooverdominance,假超显性,,,2012-11-26
160436,Pseudoobryum,提灯苔属(拟真苔组),,,2018-09-16
160437,pseudonucleolus,假核仁,,,2012-11-26
160438,pseudonuclein,假核蛋白,,,2012-11-26
160439,Pseudonephelium,肖韶子属(无患子科),,,2012-11-26
160440,pseudomycorrhiza,假菌根,,,2012-11-26
160441,pseudomultivalent,假多价染色体,,,2012-11-26
160442,pseudomonothallic(Ahmad 1954),假单丝的;同一菌丝中含有遗传上不同的核的,,,2012-11-26
160443,pseudomonosomic(Hiorth 1948),假单染色体的;缺少一染色体的中节部分而保留染色体主要部分的,,,2012-11-26
160444,Pseudomonilia,假串珠菌属,,,2012-11-26
160445,pseudomonecious,假雌雄同株的;极小的雄植物生长在雌植物上的,,,2012-11-26
160446,Pseudomonas zingiberi Uyeda,姜腐败病菌之一,,,2012-11-26
160447,Pseudomonas woodsii(E.F.Smith)Stapp,石竹类斑点细菌病菌,,,2012-11-26
160448,Pseudomonas viciae Uyeda,蚕豆叶烧病菌,,,2012-11-26
160449,Pseudomonas tumefaciens Smith et Townsedn;Agrobacterium tumefaciens (S. et T.)Conn.,茶根瘤病菌;糖萝菔根头癌肿病菌;柿、苹果、梨、桃、樱桃、葡萄、无花果、粟类、根头癌肿病菌,,,2012-11-26
160450,Pseudomonas tonelliana(Ferraris) Burkholder,夹竹桃瘤病菌,,,2012-11-26
160451,Pseudomonas tomato (Okabe) Alstatt,番茄斑叶细菌病菌,,,2012-11-26
160452,Pseudomonas theae Okabe et Goto,茶赤烧病菌,,,2012-11-26
160453,Pseudomonas tabaci(Wolf et Foster) Stevens,烟草野火病菌,,,2012-11-26
160454,Pseudomonas syringae van Hall,黄蜀葵斑点细菌病菌;洋葱春腐病菌;红花三叶草;白花三叶草;唐人稗、月季丁香、高梁类斑点细菌病菌,,,2012-11-26
160455,Pseudomonas striafaciaus(Ell)Starr et Burkholder,麦类黑节病菌,,,2012-11-26
160456,Pseudomonas stizolobii(Wolf) Stapp,三叶草类坏溃斑点病菌,,,2012-11-26
160457,Pseudomonas spongiosa(Aderhold et Ruhland) Braun,樱类烧炬茧𫇭f菌,,,2012-11-26
160458,Pseudomonas solanacearum E.T.Smith,马铃薯青枯病菌;番茄青枯病菌;萝菔青枯病菌;草莓青枯病菌;大豆草立枯病菌;胡麻青枯病菌;香蕉青枯病菌;菜豆青枯病菌;落花生青枯病菌;亚麻青枯病菌;洋麻青枯病菌;篦麻青枯病菌,,,2012-11-26
160459,Pseudomonas setariae(Okake)Savu-lescu;Xanthomonas Panici (Wlliot) Bergrey et al.,粟褐条病菌,,,2012-11-26
160460,Pseudomonas sesami Malkoff,胡麻斑点病菌,,,2012-11-26
160461,Pseudomonas savastoni (E.F.Smith)var.nerii C.O.Smith;P.tonelliana(Ferraris)Burk-holder,夹竹桃瘤病菌,,,2012-11-26
160462,Pseudomonas savastanoi(Smith)Stevens,齐敦果(洋橄榄)癌肿病菌,,,2012-11-26
160463,Pseudomonas pycyaneum,绿脓菌,,,2012-11-26
160464,Pseudomonas prunicola Wormold;P.syringe van Hall,李新梢萎凋细菌病菌,,,2012-11-26
160465,Pseudomonas pruni(E.F.Smith);Xanthomonas pruni(E.F.Smith);Xanthomonas pruni(E.F.Smith)Dowson,樱类黑斑病菌;桃杏穿孔细菌病菌;李黑斑病菌,,,2012-11-26
160466,Pseudomonas primulae(Ark et Gardner)Starr et Burkholder,报春花斑叶细菌病菌,,,2012-11-26
160467,Pseudomonas pisi Sackett.,豌豆茎枯病菌,,,2012-11-26
160468,Pseudomonas phormicola Takimoto,新西兰麻(麻黄兰)细菌病菌,,,2012-11-26
160469,Pseudomonas phaseolicola(Burkholder)Dowson,菜豆晕枝病菌;葛斑点细菌病菌,,,2012-11-26
160470,Pseudomonas phaseoli var.sojensis(Hedges)Starr et Burkholder,大豆叶烧病菌,,,2012-11-26
160471,Pseudomonas phaseoli var.fuscans(Burkholder)Starr.et Burkhol-der,矼豆斑点细菌病菌,,,2012-11-26
160472,Pseudomonas phaseoli Simth;Xanthomonas phaseoli(Smith)Dowson,菜豆、赤豆叶烧病菌,,,2012-11-26
160473,Pseudomonas petasitis (Takimoto) Savulescu,欵冬斑点细菌病菌,,,2012-11-26
160474,Pseudomonas papulans Rose;p.syringe van Hall,苹果水泡细菌病菌,,,2012-11-26
160475,Pseudomonas papaveris (Takinoto) Mukoo,罂粟腐败病菌,,,2012-11-26
160476,Pseudomonas panicimiliacei (Ikata et Yamanchi)Bergrey et al; Xanthomonas panici (Elliott) Savulescu et al.,黍条斑细菌病菌,,,2012-11-26
160477,Pseudomonas panacis(Nakata et Takimoto)Dowson,药用人参饴色软化病菌,,,2012-11-26
160478,Pseudomonas oryzae Uyeda et Ishiyama;Xanthomonas oryzae (U.et I.) Dowson,稻白叶枝病菌,,,2012-11-26
160479,Pseudomonas nectarophila(Doidge)Rosen et Bleecker,西洋梨花腐细菌,,,2012-11-26
160480,Pseudomonas morsprunorum Wormald,李溃疡细菌病菌,,,2012-11-26
160481,Pseudomonas mori(Boy et Lamb.)Stevens,桑萎缩病菌,,,2012-11-26
160482,Pseudomonas melophthora Allen et Riker,苹果实腐细菌病菌,,,2012-11-26
160483,Pseudomonas medicaginis Sackett,苜蓿茎枝细菌病菌,,,2012-11-26
160484,Pseudomonas maunblancii Foex.et Lansade)Savulescu,香蕉黑腐细菌病菌,,,2012-11-26
160485,Pseudomonas marginata(McCulloch)Stapp,菖蒲、郁金香首腐病菌,,,2012-11-26
160486,Pseudomonas marginalis(Brown)Stevens,豌豆茎腐细菌病菌之一;西瓜萎凋细菌病菌;白菜腐败病菌;薤春腐败病菌;野蜀葵斑点细菌病菌;姜芽腐败病菌;莴苣缘枝病菌,,,2012-11-26
160487,Pseudomonas maculicola(McCulloch)Stevens,萝菔黑斑病菌;甘蓝黑斑病菌;白菜黑斑病菌;油菜黑斑病菌;烟草白点病菌,,,2012-11-26
160488,Pseudomonas lacurymans(E.F.Smith et Bryan)Carsner,胡瓜斑点细菌病菌;西瓜斑点细菌病菌之一;瓜类斑点细菌病菌,,,2012-11-26
160489,Pseudomonas koraiensis Uyeda,药用人参软化病菌,,,2012-11-26
160490,Pseudomonas juglandis Pierce;Xanthomonas juglandis(Pierce)xanthomonas juglandis(Pierce)Dowson,胡桃褐色腐败病菌,,,2012-11-26
160491,Pseudomonas itoana Tochinai;Xanthomonas itoana(Tochinai)Dowson,黑蚀米菌,,,2012-11-26
160492,Pseudomonas iridis Hall;Erwinia aroideae(Townsend)Holland,鸢尾类软腐病菌,,,2012-11-26
160493,Pseudomonas iridicola(Takimoto)Stapp,鸢尾类斑点细菌病菌,,,2012-11-26
160494,Pseudomonas ilicis Ogawa,细叶冬青( 黐木)枝枯细菌病菌,,,2012-11-26
160495,Pseudomonas hordei(Goto et Nakanishi)Okabe et Goto,大麦穗烧病菌,,,2012-11-26
160496,Pseudomonas hibisci (Nakata et Takim)Stapp.;P.syringae van Hall,黄蜀葵斑点细菌病菌,,,2012-11-26
160497,Pseudomonas helianthi(Kawamura)Burkholder,向日葵斑点细菌病菌,,,2012-11-26
160498,Pseudomonas glycines Nakano;Xanthomonas plaseoli var.sojensis(hedges)Starr et Burk-tholder,大豆叶烧病菌,,,2012-11-26
160499,Pseudomonas glycinea Coerp.var.japonica(Takim)Savulescu,大豆细菌性斑点病菌,,,2012-11-26
160500,Pseudomonas gladioli (Severini)Elliott,剑兰软腐细菌病菌,,,2012-11-26
160501,Pseudomonas gardeniae (Burkholder et Pirone)Dowson,栀子斑点细菌病菌,,,2012-11-26
160502,Pseudomonas erodii Lewis,【牛+龙】牛儿草斑叶细菌病菌,,,2012-11-26
160503,Pseudomonas eriobotryae(Takim)Downson,枇杷癌肿病菌,,,2012-11-26
160504,Pseudomonas destructans Potter;Erwinia aroideae(Townsend)Holland,萝菔、芜菁软腐病菌,,,2012-11-26
160505,Pseudomonas delphinii(E.F.Smith)Staev,翠雀儿斑点细菌病菌,,,2012-11-26
160506,Pseudomonas coronafaciens(Elliott) Staev var.atropurpurea(Redpy et Godkin) Stapp,雀麦、牛毛草、毒麦晕枯病菌,,,2012-11-26
160507,Pseudomonas coronafaciens (Elliott)Stevens,大麦、燕麦晕枯病菌,,,2012-11-26
160508,Pseudomonas conjaci (Uyeda) Burkholder,蒟蒻叶枯病菌,,,2012-11-26
160509,Pseudomonas colocasiae Takimoto,芋类斑点病菌,,,2012-11-26
160510,Pseudomonas citri(Hasse)Bergery;Xanthomonas citri(Hasse)dowson,柑橘溃疡病菌,,,2012-11-26
160511,Pseudomonas cichorii (Swingle) Stapp,荷兰芹菜斑点细菌病菌;向日葵、白花三叶草、莴苣叶炬茧𫇭f菌,,,2012-11-26
160512,Pseudomonas cerasus Griffin,樱桃树脂病菌,,,2012-11-26
160513,Pseudomonas celebensis Gaumann ;Xanthomonas celebensis(Gaumann) Dowson,香蕉血脉病菌,,,2012-11-26
160514,Pseudomonas castaneae (Kawam.) Savulescu,粟树芽枯病菌,,,2012-11-26
160515,Pseudomonas caryophylli Burkholeer,石竹类萎凋细菌病菌,,,2012-11-26
160516,Pseudomonas carotae Kendrick;Xanthomonas carotae (Krndrick)Dowson,胡萝菔斑点细菌病菌,,,2012-11-26
160517,Pseudomonas cannae (Bryan) Stapp.,美人蕉芽腐细菌病菌,,,2012-11-26
160518,Pseudomonas cannabis(Watanabe)Mukoo,大麻细菌病菌,,,2012-11-26
160519,Pseudomonas campestris(Pammel)E.F.Smith,芸薹(油菜)黑腐病菌;萝菔青枯病菌;白菜黑腐病菌;甘蓝黑腐病菌,,,2012-11-26
160520,Pseudomonas calendulae (Takimoto) Dowson,金盏花芽枯细菌病菌,,,2012-11-26
160521,Pseudomonas barkeri(Berridge)Dowson,西洋梨花枯细菌病菌,,,2012-11-26
160522,Pseudomonas aucubicola G.Trapp,桃叶珊瑚坏疸斑点病菌,,,2012-11-26
160523,Pseudomonas astragali(Takim)Savulescu,紫云英黑斑病菌,,,2012-11-26
160524,Pseudomonas aptata(Brown et Jamieson)Stevens;Bacterium aptatum Brown et Jamieson;bacterial leafspot of sugar beet,菾菜斑点细菌病菌;金莲花斑点细菌病菌,,,2012-11-26
160525,Pseudomonas apii Tagger,荷兰芹菜叶炬茧𫇭f菌;蝎尾形聚繖花序草细菌病菌,,,2012-11-26
160526,Pseudomonas angulata (Fromme et Murray) Holland,烟草角点病菌,,,2012-11-26
160527,Pseudomonas andropogonis (E.F.Smith) Stapp.; Bacterium andropogoni E.F. Smith; bacterial stripe disease of kaoliang,高梁条斑细菌病菌;白花三叶草黑点细菌病菌;玉米草高果类条斑细菌病菌,,,2012-11-26
160528,Pseudomonas ananas Serrano,凤梨黑腐病菌,,,2012-11-26
160529,Pseudomonas aeruginosa;Bacillus pyocyaneus,绿浓杆菌,,,2012-11-26
160530,Pseudomonas aceris(Ark) Burkholder,枫树斑叶细菌病菌,,,2012-11-26
160531,Pseudomonas,假单胞菌属;帚形单胞菌属,,,2012-11-26
160532,Pseudomonadaceae,假单胞菌科,,,2012-11-26
160533,pseudomixis,假融合;假受精生殖;营养细胞核融合,,,2012-11-26
160534,Pseudolitsea,假木姜子属(樟科),,,2012-11-26
160535,pseudolinkage,假连锁,,,2012-11-26
160536,Pseudoleucolpesis,(提灯藓属)无边组,,,2012-11-26
160537,Pseudoleskeopsis,麻藓属,,,2012-11-26
160538,Pseudolarix kaempferi Gord.,金钱松;金松,,,2012-11-26
160539,Pseudolarix ambabilis Rehd.;P.kaempferi Gord.;golden larch,金钱松(浙江),,,2012-11-26
160540,Pseudolarix,金钱松属(松科),,,2012-11-26
160541,pseudoisochromosome(caldeott & Smith 1952),假同臂染色体,,,2012-11-26
160542,pseudohypertrophy,脂肪性假肥大,,,2012-11-26
160543,pseudohyoscyamine,拟星陀罗,,,2012-11-26
160544,Pseudohyophila,假湿地藓属,,,2012-11-26
160545,pseudohomeotypic(Gustafsson 1938),假同型核分裂,,,2012-11-26
160546,pseudoheterosis(Dobzhansky 1952); luxuriance,假杂种优势,,,2012-11-26
160547,pseudohermap-hroditism,假雌雄同体现象,,,2012-11-26
160548,pseudoheredity,假遗传,,,2012-11-26
160549,pseudohaploid (Katayama 1935，Ivanov 1938),假单倍体,,,2012-11-26
160550,pseudogonochoristic;pseudohermap-hroditic,假两性体的;假雌雄同体的,,,2012-11-26
160551,pseudogamy(Focke 1881);gynogenesis,假配合;假受精,,,2012-11-26
160552,pseudo-fibers;false fibrous materials,假纤维,,,2012-11-26
160553,pseudofertility(East & Park 1917);pseudocompatibility,假亲和性;拟可孕性,,,2012-11-26
160554,pseudoexogenous adaptation,假外因适应,,,2012-11-26
160555,Pseudoephemerum,假天命藓属(异毛藓亚科),,,2012-11-26
160556,pseudoembryo sac,假胚囊,,,2012-11-26
160557,pseudoembryo,假胚,,,2012-11-26
160558,pseudoelator,假弹丝,,,2012-11-26
160559,Pseudodrynaria coronans Wall.Ching,崖姜蕨,,,2012-11-26
160560,Pseudodrynania,崖姜蕨属(水龙骨科),,,2012-11-26
160561,pseudodominant,假显性的,,,2012-11-26
160562,pseudodominance,假显性,,,2012-11-26
160563,Pseudodistichium,澳洲南极拟对叶藓属,,,2012-11-26
160564,Pseudodicosia laricis Sawada,落叶松叶黑星病菌,,,2012-11-26
160565,Pseudocystopteris subtriangnlaris (Hook，)Ching,三角叶假冷蕨,,,2012-11-26
160566,Pseudocystopteris spinulosa(Maxim.)Ching;Athyrium spinulosum Milde,假冷蕨,,,2012-11-26
160567,Pseudocystopteris atkinsonii(Bedd.)Ching;Athyrium atkinsonii Bedd.,大叶假冷蕨,,,2012-11-26
160568,Pseudocystopteris,假冷蕨属(蹄盖蕨类),,,2012-11-26
160569,pseudocyst,拟胞囊,,,2012-11-26
160570,Pseudocydonia sinensis Schneid.;Chaenomeles sinensis Koehne,榠樝,,,2012-11-26
160571,Pseudocyclosorus xylodes(Kze.)Ching,假毛蕨,,,2012-11-26
160572,Pseudocyclosorus subochthodes(Ching)Ching,普通假毛蕨,,,2012-11-26
160573,Pseudocyclosorus falcilobus(Hook.)Ching,镰形假毛蕨,,,2012-11-26
160574,Pseudocyclosorus esquirolii(Christ)Ching,西南假毛蕨,,,2012-11-26
160575,Pseudocyclosorus,假毛蕨属(金星蕨科),,,2012-11-26
160576,Pseudocrossidium,南美扭口藓属(于),,,2012-11-26
160577,pseudoconiceine,乙种毒芹【生+佥】,,,2012-11-26
160578,pseudoconhydrine,羟基毒芹【生+佥】,,,2012-11-26
160579,pseudocompatibility;pseudofertility,拟亲和性,,,2012-11-26
160580,pseudocolony,假群体,,,2012-11-26
160581,pseudocolloid,类似胶体,,,2012-11-26
160582,pseudocleistogamy,假闭花受精,,,2012-11-26
160583,pseudochromatin,类似染色质,,,2012-11-26
160584,Pseudochorisodontium,(曲尾藓属)缺齿尾藓亚属,,,2012-11-26
160585,pseudocerasus,樱花类(李属),,,2012-11-26
160586,pseudochiasma(Levan & Tjio 1948),假交叉,,,2012-11-26
160587,pseudocarp;pseudocarpous fruit,假果,,,2012-11-26
160588,pseudocapilitium,假细毛体,,,2012-11-26
160589,Pseudocampylopus,(曲柄藓属)拟曲柄藓亚属,,,2012-11-26
160590,pseudobulb,假鳞茎,,,2012-11-26
160591,pseudocambium,假形成层,,,2012-11-26
160592,pseudobridge(Resende 1943),假染色体桥,,,2012-11-26
160593,Pseudoborniopsida,四叶珊瑚蕨纲,,,2012-11-26
160594,Pseudoborniaceae,四叶珊瑚蕨科,,,2012-11-26
160595,pseudoblepharoplast,假生毛体,,,2012-11-26
160596,pseudoblastopore,假原口,,,2012-11-26
160597,pseudobivalent(Levan 1937 ),拟二价染色体,,,2012-11-26
160598,Pseudobarbella levieri(Ren et Gard)Nog,南亚拟悬藓,,,2012-11-26
160599,Pseudobarbella,拟悬藓属,,,2012-11-26
160600,pseudoauxin,拟生长素,,,2012-11-26
160601,pseudoapospory,拟无孢子生殖,,,2012-11-26
160602,pseudoapomorphy,推定的子孙性状,,,2012-11-26
160603,pseudo-apogamy(Farmer & Digby 1907),拟无配生殖,,,2012-11-26
160604,pseudo-annual ring,假年轮,,,2012-11-26
160605,pseudoangiocarpous,子实层先闭后裸的,,,2012-11-26
160606,pseudoaneuploid(Rieger 1963),假非整倍数体;假性异元体,,,2012-11-26
160607,pseudoamitosis(Haecker 1910),拟无丝分裂,,,2012-11-26
160608,pseudoallelism,拟对偶基因性,,,2012-11-26
160609,pseudoallele(morga Bridges & Sturevant 1938 Lewis 1948),拟对偶基因,,,2012-11-26
160610,pseudo agglutination,拟似凝集,,,2012-11-26
160611,Pseudixus,[包括在Kor-thalsella(粟寄生属)中],,,2012-11-26
160612,Pseudatrichum spinosissimum Reim,拟仙鹤藓,,,2012-11-26
160613,pseudanthium,假花,,,2012-11-26
160614,pseudanthium theory,假花说,,,2012-11-26
160615,pseudaconitine;acetylveratryl pseudaconine,拟鸟头,,,2012-11-26
160616,Psaronius,根蕨属(化石),,,2012-11-26
160617,psammous,沙的;沙质的,,,2012-11-26
160618,Psammosilene tunicoide W.C.Wu et C.Y.Wu,金铁锁;昆明沙参;独钉子,,,2012-11-26
160619,Psammosilene,金铁锁属(石竹科),,,2012-11-26
160620,psammosere,海滨演替系列,,,2012-11-26
160621,psammophytes,砂生植物,,,2012-11-26
160622,psammophilous,喜欢沙的;在有沙处生长的,,,2012-11-26
160623,psammophiles,适合于砂的植物,,,2012-11-26
160624,psammon,砂生生物群落;，砂生群落,,,2012-11-26
160625,psammic,海滨的,,,2012-11-26
160626,psamathium,海滨群落,,,2012-11-26
160627,Psalliota;Agaricus,苦菇属;腹蕈属,,,2012-11-26
160628,prypyne,丙炔;甲基乙炔,,,2012-11-26
160629,Psalliota campestris (L.)Fr.;Agaricus campestris L.,草菇;腹蕈,,,2012-11-26
160630,prussiate;cyanide,氰化物,,,2012-11-26
160631,Prunus yedoensis Mats.;Yoshino cherrt,日本樱花;樱(日本),,,2012-11-26
160632,Prussian blue;ferric ferrocyanide,普鲁士蓝;低铁氰化铁,,,2012-11-26
160633,Prunus triloba var.petzoldii Bailey,重瓣榆叶梅(陈嵘),,,2012-11-26
160634,Prunus triloba var.normalis Rehd.,单瓣榆叶梅(陈嵘),,,2012-11-26
160635,Prunus triloba Lindl.;flowering plum;flowering almond,榆叶梅(畿辅旧志),,,2012-11-26
160636,Prunus triflora Roxb.var.,牛心李;尖李(日本),,,2012-11-26
160637,Prunus tomentosa Thunb.;Ceresus tomentosa(Thunb.)Wall.,朱桃(名医别录);山樱桃(名医别录);麦樱;英豆;李桃,,,2012-11-26
160638,Prunus tenella Batsch;P.nana stokes;Russian almond,俄国苦杏,,,2012-11-26
160639,Prunus subhirtella Miq.var.autumnalis Makino,十月樱(日本);四季樱(日本),,,2012-11-26
160640,Prunus subhirtella Miq.,日本早樱(于),,,2012-11-26
160641,Prunus subcordata Benth.;pacific plum,大洋李,,,2012-11-26
160642,Prunus Ssiori Fr.Schm.,苦桃(H.C)(G);苦桃子(HN),,,2012-11-26
160643,Prunus spinulosa S.et Z.,橉木(W),,,2012-11-26
160644,Prunus spinosa L.;Sloe;blackthorn,黑刺李,,,2012-11-26
160645,Prunus simonii Carr.;apricot plum,杏李(通称);红李(河北习见树木图说),,,2012-11-26
160646,Prunus sibirica L.;Siberian apricot,西伯利亚杏(陈嵘);蒙古杏,,,2012-11-26
160647,Prunus serrulata var.spontanea Wils.,山樱花(陈嵘),,,2012-11-26
160648,Prunus serrulata var.sachalinensis Mak.,日本山樱(陈嵘),,,2012-11-26
160649,Prunus serrulata var.pubescens Wils.,毛樱花(陈嵘),,,2012-11-26
160650,Prunus serrulata var.alboplena Schneid.,重瓣白樱花(陈嵘),,,2012-11-26
160651,Prunus serrulata Lindl.f.spiralis;Japanese flowering cherry,涡樱花,,,2012-11-26
160652,Prunus serrulata Lindl.;oriental cherry,樱花(通称);山樱桃(浙江图考),,,2012-11-26
160653,Prunus serotina Ehrh.;American cherry;black cherry;wild black cherry;rum cherry,黑樱桃,,,2012-11-26
160654,Prunus salicina var.pubipes Bailey,毛梗李(陈嵘),,,2012-11-26
160655,Prunus salicina Lindl.;Chinese plum,李(名医别录);嘉庆子(韦述西京记),,,2012-11-26
160656,Prunus pumila L.;sand cherrt,沙樱(于),,,2012-11-26
160657,Prunus pseudocerasus Lindl.;P.pacuiflora Bunge,樱桃(广志);楔;荆桃(尔雅);莺桃(本草纲目),,,2012-11-26
160658,Prunus pilosiuscula Koehne,西南樱桃,,,2012-11-26
160659,Prunus phaeosticta(Hance)Maxim.,腺叶野樱,,,2012-11-26
160660,Prunus persica(L.)Batsch;peach;Persica vulgaris Mill.,桃;毛桃;白桃,,,2012-11-26
160661,Prunus persica Batsch var.vulgaris Maxim.,二色桃(群芳谱);人面桃(群芳谱);千叶桃(群芳谱);十月桃(群芳谱),,,2012-11-26
160662,Prunus persica Batsch var.versicolor Voss,撒金碧桃,,,2012-11-26
160663,Prunus persica Batsch var.scleropersica Voss,黏核光桃,,,2012-11-26
160664,Prunus persica Batsch var.scleronucipersica Rehd.,黏核光桃(陈嵘),,,2012-11-26
160665,Prunus persica Batsch var.rubro-plena Schneid.,红花碧桃,,,2012-11-26
160666,Prunus persica Batsch var.pyramidalis Dipp.,塔型碧桃(陈嵘),,,2012-11-26
160667,Prunus persica Batsch var.pendula Dipp.,垂枝碧桃(陈嵘),,,2012-11-26
160668,Prunus persica Batsch var.magnifica Schneid,绯桃(群芳谱),,,2012-11-26
160669,Prunus persica Batsch var.duplex Rehd.,碧桃(群芳谱),,,2012-11-26
160670,Prunus persica Batsch var.dianthiflora Dipp.,千瓣花桃(群芳谱),,,2012-11-26
160671,Prunus persica Batsch var.denda Mak.,寿星桃(汝南圃史),,,2012-11-26
160672,Prunus persica Batsch var.camelliaeflora Dipp.,绛桃(群芳谱),,,2012-11-26
160673,Prunus persica Batsch var.atropurpurea Schneid.,紫叶桃花,,,2012-11-26
160674,Prunus persica Batsch var.albo-plena Schneid.,千瓣白桃(群芳谱),,,2012-11-26
160675,Prunus persica Batsch var.alba Schneid.,单瓣白桃(群芳谱),,,2012-11-26
160676,Prunus persica Batsch var. aganopersica Voss,离核毛桃(陈嵘),,,2012-11-26
160677,Prunus persica Batsch var，aganoucipersica Rehd.,离核光桃(陈嵘),,,2012-11-26
160678,Prunus pauciflora Bunge;Chinese cherry,中国樱桃,,,2012-11-26
160679,Prunus padus L.;European bird cherry,稠梨;夜合;稠李,,,2012-11-26
160680,Prunus nipponica Matsum.,高岭樱(日本),,,2012-11-26
160681,Prunus mume(Sieb.)Sieb.et Zucc.;Japanese apricot;mei-hwa,梅(诗经)千枝梅;酸梅;红梅花;橑(周礼),,,2012-11-26
160682,Prunus mume var.viridicalyx Makino,绿萼梅(花镜),,,2012-11-26
160683,Prunus mume var.laciniata Maxim.,早梅(群芳谱);消梅(牧野Makino),,,2012-11-26
160684,Prunus mume var.goethartiana Koehne,毛梅(陈嵘),,,2012-11-26
160685,Prunus mume var.cryptopetala Mak.,细梅(陈嵘),,,2012-11-26
160686,Prunus mume var.bungo Mak.,杏梅(花镜);丰后梅(日本),,,2012-11-26
160687,Prunus mume var.alplandii Rehd.,红梅(花镜),,,2012-11-26
160688,Prunus mume var.albo-plena Bailey,冰梅(花镜),,,2012-11-26
160689,Prunus mume Sieb.et Zucc.var.tonsa Rehd.,光梅(陈嵘),,,2012-11-26
160690,Prunus mume Sieb.et Zucc.var.pleiocarpa Maxim.,品字梅(花镜);八房梅(日本),,,2012-11-26
160691,prunus mume sieb.et Zucc.var.pendula Nichols.,照水梅(花镜),,,2012-11-26
160692,Prunus mume Sieb.et Zucc.var.alba Rehd.,白梅(陈嵘),,,2012-11-26
160693,Prunus mira Koehne,光核桃(陈嵘),,,2012-11-26
160694,Prunus maximowiczii Rupr.,黑樱桃(陈嵘),,,2012-11-26
160695,Prunus maritima Marsh.;beach plum,海岸李,,,2012-11-26
160696,Prunus mandshurica Koehne;Manchurian aprioct,辽杏(陈嵘),,,2012-11-26
160697,Prunus macrophylla,大叶樱,,,2012-11-26
160698,Prunus maackii Rupr.;Manchurian bird cherry,山桃稠李;斑叶稠梨,,,2012-11-26
160699,Prunus lauro-cerasus L.;common cherry laurel,月桂樱; 山桃,,,2012-11-26
160700,Prunus lannesiana wils.,日本晚樱(陈嵘),,,2012-11-26
160701,Prunus lannesiana var.hatazakura Wils.,绯红晚樱(陈嵘),,,2012-11-26
160702,Prunus lannesiana var.allida Wils.,白花晚樱(陈嵘),,,2012-11-26
160703,Prunus japonica var.engleri Koehne,北郁李(陈嵘),,,2012-11-26
160704,Prunus japonica var，kerii Koehne,南郁李(陈嵘);穿心梅花(植物名实图考),,,2012-11-26
160705,Prunus japonica Thunb.var multiplex Makino,多叶郁李,,,2012-11-26
160706,Prunus japonica Thunb.;Japanese bush cherry;dwarf flowering cherry,郁李(本草经);车下李,,,2012-11-26
160707,Prunus itosakura Sieb.var.ascendens Makino,江户彼岸樱(日本),,,2012-11-26
160708,Prunus itosakura Sieb.;P.pendula Makino,垂枝樱(于),,,2012-11-26
160709,Prunus ilicifolia Walp.;holly-leaved cherry;islay,冬青叶樱树,,,2012-11-26
160710,Prunus humilis Bge.,欧李(盛京通志);欧梨(异域录);乌拉李(盛京通志);酸丁(热河志),,,2012-11-26
160711,Prunus hirtipes Hemsl.,野樱桃(H.N);毛樱桃(H.C),,,2012-11-26
160712,Prunus grayana Maxim,灰叶稠梨,,,2012-11-26
160713,Prunus glandulosa Thunb.;flowering almond.,麦李,,,2012-11-26
160714,Prunus donarium Sieb var.spontanea subvar.pubescens Makino,毛山樱(日本),,,2012-11-26
160715,Prunus donarium Sieb var..spontanea Makino,山樱(日本),,,2012-11-26
160716,Prunus donarium Sidb.;P.lannesiana Wils.,特丹樱(日本),,,2012-11-26
160717,Prunus domestica L.;common or European plum,西洋李(于);欧洲李,,,2012-11-26
160718,Prunus dielsiana Schneid,尾叶樱(陈嵘),,,2012-11-26
160719,Prunus dictyoneura Diels,毛叶欧李,,,2012-11-26
160720,Prunus dehiscens Koehne,四川扁桃(陈嵘),,,2012-11-26
160721,Prunus davidiana var.rubra Bean,红花山毛桃(陈嵘),,,2012-11-26
160722,Prunus davidiana var.potaninii Rehd.,光叶山毛桃(陈嵘),,,2012-11-26
160723,Prunus davidiana var.alba Bean,白花山毛桃(陈嵘),,,2012-11-26
160724,Prunus davidiana (Carr.)Franch.;david peach;Perroca davidiana Cerr.,山桃;野桃;花桃;山毛桃;褫桃(尔雅，陈嵘),,,2012-11-26
160725,Prunus dasycarpa Ehrh.;purple apricot,紫杏(于),,,2012-11-26
160726,Prunus compressa Bean.;flat peach;saucer peach,蟠桃(江浙);扁桃(于),,,2012-11-26
160727,Prunus communis var.variegata Schneid.,彩叶巴旦李,,,2012-11-26
160728,Prunus communis var.roseo-plena Schneid.,粉红巴旦李,,,2012-11-26
160729,Prunus communis var.purpurea Schneid，,紫花巴旦杏,,,2012-11-26
160730,Prunus communis var.pendula Schneid.,垂枝巴旦杏,,,2012-11-26
160731,Prunus communis var.fragilis Schneid.,软壳甜巴旦杏,,,2012-11-26
160732,Prunus communis var.dulcis Schneid.,甜味巴旦杏,,,2012-11-26
160733,Prunus communis var.amara Schneid.,苦味巴旦杏,,,2012-11-26
160734,Prunus communis var，albo-plena Schneid.,白花巴旦杏,,,2012-11-26
160735,Prunus communis Arcang.;almond;bodan(波斯);P. amygudalus Batsch,婆淡树(酉阳杂俎);巴旦杏;八担杏(授时通考),,,2012-11-26
160736,Prunus cerasus L.;sour cherry,欧洲酸樱桃,,,2012-11-26
160737,Prunus cerasoides D.Don,云南欧李,,,2012-11-26
160738,Prunus cerasifera Ehrh.;cherry plum;Myrobalam plum,樱杏(于),,,2012-11-26
160739,Prunus avium L.;Marrard;sweet cherry,欧洲甜樱桃(陈嵘),,,2012-11-26
160740,Prunus campanulata Maxim.;Taiwan cherry,福建山樱花(陈嵘);山樱桃(台),,,2012-11-26
160741,Prunus armeniaca var.pendula Jacq.,垂枝杏(陈嵘),,,2012-11-26
160742,Prunus armeniaca var，variegata Schneid.,斑叶杏(陈嵘),,,2012-11-26
160743,Prunus armeniaca l.var，ansu Maxim.;P. anzu Komarov;wild apricot,山杏(别录);苦杏,,,2012-11-26
160744,Prunus apetala Franch.et Sav.,丁香樱(日本),,,2012-11-26
160745,Prunus armeniaca L.; common apricot,杏(山海经);杏子;甜杏,,,2012-11-26
160746,Prunus amygdalus Baill almond,草扁桃;巴旦可(本草纲目);扁桃(日本);八担杏(饮膳正要),,,2012-11-26
160747,Prunus,李属(蔷薇科),,,2012-11-26
160748,Prunoideae,(李亚科),,,2012-11-26
160749,Prunophora,李亚属(李属),,,2012-11-26
160750,pruning training,整枝;剪定,,,2012-11-26
160751,prunin,野桦素,,,2012-11-26
160752,Prunella asiatica Nakai;P vulgaris L.(Makino),夏枯草,,,2012-11-26
160753,pruinose(pruinous),表面上有花的;覆有白粉的,,,2012-11-26
160754,pruinescence,粉被,,,2012-11-26
160755,prozymogen granule,原 酶原粒,,,2012-11-26
160756,proximal-distal interlocking,近中央部与末端部互锁,,,2012-11-26
160757,proximal(Navashin 1912),最近中节的,,,2012-11-26
160758,proximal interlocking,近中央部互锁,,,2012-11-26
160759,provocative background,诱发性背景,,,2012-11-26
160760,proximal centriole,近侧中心区,,,2012-11-26
160761,proximal end,近中节末端,,,2012-11-26
160762,provocation method,诱发性试验法,,,2012-11-26
160763,provisional regeneration,临时再生,,,2012-11-26
160764,provitamin,原维生素(维生素的前驱物质),,,2012-11-26
160765,provirus,原始病毒;与寄主染色体同调增殖的病毒,,,2012-11-26
160766,province index fossil,地区指标化石,,,2012-11-26
160767,province,(植物地理分布单位的)地方,,,2012-11-26
160768,provenance,种源地,,,2012-11-26
160769,provascular tissue;procambium,前形成层;原始形成层,,,2012-11-26
160770,provascular strand,原维管束带,,,2012-11-26
160771,prounosus,紫红色,,,2012-11-26
160772,protrypsin,原胰蛋白,,,2012-11-26
160773,protozygote,原合子;具有显性性状同型合子,,,2012-11-26
160774,protoxylem cavity;protoxylar lacuna,先成木质部腔,,,2012-11-26
160775,protoxylem,先成木质部,,,2012-11-26
160776,protoxylar lacuna;protoxylem cavity,先成木质部腔,,,2012-11-26
160777,protoveratrine,藜芦【生+佥】,,,2012-11-26
160778,prototype,原型,,,2012-11-26
160779,prototropy,原始营养型,,,2012-11-26
160780,prototrophic(Ryan & Lederberg 1946),自己营养的,,,2012-11-26
160781,prototroph,原始营养系统;自养系统,,,2012-11-26
160782,protostele,原生中心柱,,,2012-11-26
160783,protospore,原生胞子(孢),,,2012-11-26
160784,protosome;genosome,基因主体,,,2012-11-26
160785,Protopteridium,初生蕨属,,,2012-11-26
160786,Protopteridales,初生蕨目,,,2012-11-26
160787,Protopteridaceae,初生蕨科,,,2012-11-26
160788,protoproteose,原脁;原蛋白【月+示】,,,2012-11-26
160789,protoporphyrin,原紫质;原卟,,,2012-11-26
160790,protoplast(Hanstein 1880),原生质体,,,2012-11-26
160791,protoplasmics,原生质学,,,2012-11-26
160792,protoplasmic streaming,原生质流动,,,2012-11-26
160793,protoplasmic rotation,原生质旋转运动,,,2012-11-26
160794,protoplasmic reticulum,原生质网,,,2012-11-26
160795,protoplasmic movement,原生质运动,,,2012-11-26
160796,protoplasmic model,原生质模型,,,2012-11-26
160797,protoplasmic membrane,原生质膜,,,2012-11-26
160798,protoplasmic hysteresis,原生质迟延作用,,,2012-11-26
160799,protoplasmic fiber,原生质丝,,,2012-11-26
160800,protoplasmic cortex,皮质原生质,,,2012-11-26
160801,protoplasmic cyclosis,原生质环流,,,2012-11-26
160802,protoplasmic connection;plasmodesma,原生质连络;原生质丝,,,2012-11-26
160803,protoplasmic bridge,原生质桥,,,2012-11-26
160804,protoplasm(Purkinje 1840，Mohl 1846),原生质,,,2012-11-26
160805,protoplasmic astrocyte,原生质星状细胞,,,2012-11-26
160806,protoplasm theory;plasma doctrine,原生质说,,,2012-11-26
160807,protoplasm circulation,原生质循环运动,,,2012-11-26
160808,protopine,紫菫,,,2012-11-26
160809,protophyte,原生植物(细菌与病毒),,,2012-11-26
160810,protophyll,原生叶,,,2012-11-26
160811,protophloem,先成筛管部;先皮韧皮部,,,2012-11-26
160812,protoperithecium,原子囊腔,,,2012-11-26
160813,protopectinase,原果胶酶,,,2012-11-26
160814,protopectin,原果胶质,,,2012-11-26
160815,proton,质子,,,2012-11-26
160816,protonema(pl.protonemata),原丝体;原丝,,,2012-11-26
160817,Protomycetales,原菌目(子囊类);黄鹌菜膨肿病菌目,,,2012-11-26
160818,Protomycetaceae,黄鹌菜膨胀病菌科,,,2012-11-26
160819,Protomyces macrosporus Unger.,胡萝菔肿胀病菌,,,2012-11-26
160820,Protomyces,黄鹌菜膨胀病菌属,,,2012-11-26
160821,Protomastigeles,单口鞭毛藻目,,,2012-11-26
160822,Protolepidodendron,古鳞蕨属,,,2012-11-26
160823,Protolepidodend-rales,古鳞蕨目,,,2012-11-26
160824,Protolepidodend-raceae,古鳞蕨科,,,2012-11-26
160825,protokaryotic(Chatton 1925);protocaryotic;prokaryotic,原核生物的,,,2012-11-26
160826,protokaryon;protocaryon;,原核,,,2012-11-26
160827,Protohyeniaceae,原生珊瑚蕨科,,,2012-11-26
160828,protogyny,雌蕊先成熟;雌性器官先成熟,,,2012-11-26
160829,protogynous hermaphrodite,雌性先熟雌雄同体(花),,,2012-11-26
160830,protogynous flower;proterogynous flower,雌蕊先熟花,,,2012-11-26
160831,protogenesis,出芽生殖,,,2012-11-26
160832,protogene,始原基因,,,2012-11-26
160833,protogametophyte,前配子体,,,2012-11-26
160834,Protodiscineae,原盘菌亚目(囊),,,2012-11-26
160835,protoderm,前表皮;原皮,,,2012-11-26
160836,Protodiscales,原盘菌目(子囊菌类),,,2012-11-26
160837,protocrocin,番红花原,,,2012-11-26
160838,protocorm; mycorhizome,兰菌共生体,,,2012-11-26
160839,protoconidium,原生分生孢子,,,2012-11-26
160840,Protococcus viridis Ag.,原球藻,,,2012-11-26
160841,Protococcales,原球藻目(绿),,,2012-11-26
160842,Protococcaeae,原球藻科(绿),,,2012-11-26
160843,protochlorophyll,原叶绿素,,,2012-11-26
160844,protochromonema,原染色丝,,,2012-11-26
160845,protocaryotic;procaryotic;protokaryotic;prokaryotic,原核的,,,2012-11-26
160846,protocaryon,原生核,,,2012-11-26
160847,Protocaliciineae,粉霉亚目(囊),,,2012-11-26
160848,Protocaliciaceae,粉霉科(囊),,,2012-11-26
160849,Protocalamites,原始芦木属,,,2012-11-26
160850,Protocalamariaceae,原始芦木科,,,2012-11-26
160851,protobroch,前网期,,,2012-11-26
160852,protoblast,原胚胞,,,2012-11-26
160853,protobasidium;probasidium,原生担子器,,,2012-11-26
160854,Protobasidiomy-cetes,原担子菌目;异节担子菌目,,,2012-11-26
160855,Protoascineae,原子囊菌亚目,,,2012-11-26
160856,Protium,马蹄果属(橄榄科),,,2012-11-26
160857,protistology,原生生物学,,,2012-11-26
160858,Protista,原生生物界,,,2012-11-26
160859,protist,原生生物,,,2012-11-26
160860,prothetely,先成现象,,,2012-11-26
160861,prothallium(prothallus),原叶体,,,2012-11-26
160862,prothallial tube,原叶体管,,,2012-11-26
160863,prothallial nucleus,原叶体核,,,2012-11-26
160864,prothallial cell,原叶体细胞,,,2012-11-26
160865,proteus bacilli;Bacillus proteus vulgaris Miq.,腐败杆菌,,,2012-11-26
160866,Proteus,变形杆菌属,,,2012-11-26
160867,proterogyny,雌蕊先熟性,,,2012-11-26
160868,proterogynous flower;protogynous flower,雌蕊先熟花,,,2012-11-26
160869,proterandrous dichogamy,雄性器官先成熟,,,2012-11-26
160870,proterminal,自末端开始的,,,2012-11-26
160871,proteosome,生物体中沉淀,,,2012-11-26
160872,proteose;albumose,朊;蛋白【月+示】;分解蛋白质,,,2012-11-26
160873,proteopexy,蛋白固定,,,2012-11-26
160874,proteopeptic，proteopexic,蛋白质固定的,,,2012-11-26
160875,proteometabolism,蛋白质代谢,,,2012-11-26
160876,proteolytic enzyme;proteolytic ferment;protease,朊水解酶;蛋白质水解酵素,,,2012-11-26
160877,proteolytic,分解蛋白的,,,2012-11-26
160878,proteolysin,蛋白溶素,,,2012-11-26
160879,proteolysis,朊水解;蛋白质水解,,,2012-11-26
160880,proteolipid;lipoprotein,脂蛋白质;脂蛋白,,,2012-11-26
160881,proteolipid,蛋白脂类,,,2012-11-26
160882,protelomere(Lima-de-Faria & Sarvella 1958),原末端著丝点,,,2012-11-26
160883,proteinogen,蛋白质原,,,2012-11-26
160884,proteinchrome,朊色素;朊质;蛋白色质;蛋白色素,,,2012-11-26
160885,proteinase,朊酶 ;蛋白质酶;蛋白质[分解]酵素,,,2012-11-26
160886,protein(Berzelius),蛋白质;朊,,,2012-11-26
160887,protein synthesis,蛋白质合成,,,2012-11-26
160888,protein seed,蛋白质种子,,,2012-11-26
160889,protein residual,剩余蛋白质,,,2012-11-26
160890,protein quotient,蛋白商数,,,2012-11-26
160891,protein molecules,蛋白质分子,,,2012-11-26
160892,protein moiety;apoenzyme,酵素的蛋白质部分,,,2012-11-26
160893,protein metabolism,蛋白质代谢作用,,,2012-11-26
160894,protein grain,蛋白质粒,,,2012-11-26
160895,protein cycle,蛋白质轮回,,,2012-11-26
160896,protein crystalloid,蛋白质似晶体,,,2012-11-26
160897,proteid;protein,蛋白质;复蛋白质,,,2012-11-26
160898,protective tissue,保护组织,,,2012-11-26
160899,protective sheath,保护鞘,,,2012-11-26
160900,protective leaf,保护叶,,,2012-11-26
160901,protective inhibition,保护性抑制,,,2012-11-26
160902,protective enzyme,防御酵素,,,2012-11-26
160903,protective coloration,保护色,,,2012-11-26
160904,protective colloid,保护胶体,,,2012-11-26
160905,protective aerial root,保护性气根,,,2012-11-26
160906,protective adaptation,保护性适应,,,2012-11-26
160907,protection,保护,,,2012-11-26
160908,protecting substance against radiation,防幅射线物质,,,2012-11-26
160909,protecting sheath,保护鞘,,,2012-11-26
160910,protecting organ,保护器官,,,2012-11-26
160911,protecting leaf,保护叶,,,2012-11-26
160912,protease;proteolytic enzyme,朊酶;蛋白[质]酶,,,2012-11-26
160913,protean,1.变化的、有许多方式与形状的2.衍生(的)蛋白质，(蛋白质受各种作用后衍生的蛋白质,,,2012-11-26
160914,Proteales,山龙眼目;山龙眼群,,,2012-11-26
160915,Proteaceae;protea family,山龙眼科,,,2012-11-26
160916,protea family;Proteaceae,山龙眼科,,,2012-11-26
160917,protandry,雄蕊先熟性,,,2012-11-26
160918,protandrous(Hildebrand 1867),雄蕊先熟,,,2012-11-26
160919,protamine,1.鱼精蛋白;2.原胺类,,,2012-11-26
160920,protaminase,鱼精蛋白,,,2012-11-26
160921,prosuspensor cell,原胚柄细胞,,,2012-11-26
160922,prosuspensor,前悬柄;原胚柄,,,2012-11-26
160923,prostrate stem;procumbent stem,匍匐茎;平伏茎,,,2012-11-26
160924,prostrate,匍匐的;伏(在)地(上)的,,,2012-11-26
160925,prosthetic group,(酵素的)辅成基;(酵素中的)非蛋白质(的)部份,,,2012-11-26
160926,prosporangium,原胞子囊,,,2012-11-26
160927,prosphaerosome,原圆球体,,,2012-11-26
160928,prosperity,旺盛,,,2012-11-26
160929,prospective significane,预定意义,,,2012-11-26
160930,prospective adaptation,前适应,,,2012-11-26
160931,prosorus,前胞子囊群,,,2012-11-26
160932,prosoplectenchyma,纤维菌丝组织,,,2012-11-26
160933,Prosopis,牧豆树属(豆科),,,2012-11-26
160934,proso millet;broom-corn millet;hog millet;Panicum miliaceum L.,黍,,,2012-11-26
160935,prosenchymatous cell,梭形形细胞,,,2012-11-26
160936,prosenchyma,梭形组织,,,2012-11-26
160937,prosenchymatous,梭形组织形的,,,2012-11-26
160938,Prosaptia urceolaris (Hay.)Cop.,台湾穴子蕨；穴子蕨（中国高等植物形图鉴）,,,2012-11-26
160939,Prosaptia kanashiroi Nakai,金城氏穴子蕨,,,2012-11-26
160940,Prosaptia contigua Pr.,穴子蕨,,,2012-11-26
160941,Prosaptia,穴子蕨属（禾叶蕨科）,,,2012-11-26
160942,Prorocentraceae,原虫藻科（涡鞭）,,,2012-11-26
160943,proreduplication (Hsu & Moorhead 1956),前期[再]重复,,,2012-11-26
160944,propylene,丙烯;甲基乙烯,,,2012-11-26
160945,propylamine,丙胺,,,2012-11-26
160946,propyl aldehyde,丙醛,,,2012-11-26
160947,propyl alcohol,丙醇;乙基甲醇;初油醇,,,2012-11-26
160948,propositus;proband,原发病患;(遗传性病患的最初出现者),,,2012-11-26
160949,proportional counter,正比计数器,,,2012-11-26
160950,proportion,比率;比例,,,2012-11-26
160951,propolar cell,前极细胞,,,2012-11-26
160952,proply,丙烷基;丙基,,,2012-11-26
160953,proplastid(Stugger 1950),原色素体;原质体,,,2012-11-26
160954,propiontril,丙腈~,,,2012-11-26
160955,propionic acid fermentation,丙酸发酵;初油酸发酵,,,2012-11-26
160956,propionic acid,丙酸;甲基乙酸,,,2012-11-26
160957,propione;3-pentanone,戊酮-[3];二乙酮,,,2012-11-26
160958,propionaphthane,萘丙酮,,,2012-11-26
160959,propionaldehyde,丙醛,,,2012-11-26
160960,propion;diethyl ketone,二乙基酮,,,2012-11-26
160961,propiolic alcohol,丙炔醇;乙炔甲醇,,,2012-11-26
160962,propiolic acid,丙炔酸,,,2012-11-26
160963,propiolaldehyde,丙炔醛,,,2012-11-26
160964,propioin,二乙基酮醇,,,2012-11-26
160965,Propioibacterium,初油酸细菌属,,,2012-11-26
160966,propine;propynel,丙炔;甲基乙炔,,,2012-11-26
160967,Prophyta,原生植物门,,,2012-11-26
160968,prophyll;prophyllum,前出叶;小苞;首叶,,,2012-11-26
160969,prophase poison(D'Amato 1948),前期毒素,,,2012-11-26
160970,prophase (Strasburger 1884),(核分裂的)前期,,,2012-11-26
160971,prophage subsitution,原噬菌体置换,,,2012-11-26
160972,prophage(Lwoff & Gutman 1950),原噬菌体,,,2012-11-26
160973,prophage site,原噬菌体位置,,,2012-11-26
160974,prophage mediated conversion,原噬菌体介入[的]变型,,,2012-11-26
160975,prophage interference,原噬菌体干扰,,,2012-11-26
160976,prophage induction (Lwoff 1953),原噬菌体诱导,,,2012-11-26
160977,property,特性,,,2012-11-26
160978,proper time of harvesting,收获适期,,,2012-11-26
160979,propeptone;hemialbumose,前【月+柬】;前消化蛋白;半蛋白糖,,,2012-11-26
160980,propepsin;pepsinogen,胃液素原,,,2012-11-26
160981,propenyl;glyceryl,丙烯基;甘油基,,,2012-11-26
160982,propenoic acid;acryic acid,丙烯基;乙烯乙酸,,,2012-11-26
160983,propene,丙烯;甲基乙烯,,,2012-11-26
160984,propanic acid;propionic acid,丙酸;甲基乙酸,,,2012-11-26
160985,propane,丙烷;二甲代甲烷,,,2012-11-26
160986,propanamide,丙醯胺,,,2012-11-26
160987,propanal,丙醛,,,2012-11-26
160988,propagulum,若干藻类的类殖体,,,2012-11-26
160989,propagule,繁殖体,,,2012-11-26
160990,propagula;propagule,繁殖体(地衣),,,2012-11-26
160991,propagatory chromatin,生殖染色质,,,2012-11-26
160992,propagative reproduction,传播生殖,,,2012-11-26
160993,propagative organ,繁殖器官,,,2012-11-26
160994,propagation coefficient,繁殖系数,,,2012-11-26
160995,propagation by grafting,嫁接繁殖,,,2012-11-26
160996,propagating body,繁殖体,,,2012-11-26
160997,propagation,增殖;繁殖,,,2012-11-26
160998,propaerial root,支持气根,,,2012-11-26
160999,propaculum,匍匐茎;匍匐枝,,,2012-11-26
161000,prop root,支持根,,,2012-11-26
161001,prop hydrotropism,向湿性,,,2012-11-26
161002,proofreading,改正过程(由不正确选择核 苷酸或胺基酸醯基搬运核粒核酸(aminoacyltRNA)转变为选正确分子的过程,,,2012-11-26
161003,pronucleus(van Beneden 1875),前核;雌雄二核结合前的核,,,2012-11-26
161004,promycelium,前菌丝体,,,2012-11-26
161005,promotor(Jacob.Wollman & Monod 1964),引导子（位于DNA上与核糖核酸酶结合进行遗传转录）,,,2019-08-26
161006,promotor,有促进作用的物质,,,2012-11-26
161007,promotion,促进作用,,,2012-11-26
161008,promoting germination;sprout promotion,发芽促进,,,2012-11-26
161009,promorphology,基本形态学,,,2012-11-26
161010,promitosis,前有丝分裂,,,2012-11-26
161011,promitochondria,原粒线体,,,2012-11-26
161012,prominent,凸出的,,,2012-11-26
161013,prometatropy,专异花授粉,,,2012-11-26
161014,prometaphase(Lawrence 1931),前中期,,,2012-11-26
161015,prometaphase movement,(染色体之)前中期移动,,,2012-11-26
161016,promeristem;primordia meristem,原始分生组织,,,2012-11-26
161017,prolipase,脂肪酶原,,,2012-11-26
161018,proline oxidase,脯胺酸氧化酶,,,2012-11-26
161019,proline,吡咯啶甲酸-[2];2-四氢吡咯甲酸;脯氨酸,,,2012-11-26
161020,prolinase,脯胺酸酶,,,2012-11-26
161021,prolification;proliferation,增生,,,2012-11-26
161022,prolification;multiplication,增殖,,,2012-11-26
161023,prolificary;fecundity,多产性,,,2012-11-26
161024,prolific branch,结果枝,,,2012-11-26
161025,prolific,结果甚多的;有很多后裔的,,,2012-11-26
161026,proliferous,由芽、珠芽、吸芽或其他营养性构造繁殖的,,,2012-11-26
161027,proliferation;prolification,增生,,,2012-11-26
161028,proliferation rate multiplication rate,增殖速度,,,2012-11-26
161029,proliferate,增殖,,,2012-11-26
161030,prolidase;prolinase,脯胺酸酶,,,2012-11-26
161031,proles,地理群,,,2012-11-26
161032,prolate spheroidal,长圆球形,,,2012-11-26
161033,prolate,长球形,,,2012-11-26
161034,prolamin;alcohol-solcble proteins,蛋壳蛋白类;醇溶性蛋白类,,,2012-11-26
161035,prolamellar body(Hodge McLean & Mercer 1956),原片层体,,,2012-11-26
161036,prokinase,激酶原,,,2012-11-26
161037,prokaryote (Dougherty 1957),原核,,,2012-11-26
161038,prokaryoctye;prokaryote,原核细胞,,,2012-11-26
161039,prohibitive inhibition,超限抑制,,,2012-11-26
161040,progressive translocation;cyclical translocation,顺次易位,,,2012-11-26
161041,progressive succession,进行性递变,,,2012-11-26
161042,progressive species,渐进种，前进种,,,2012-11-26
161043,progressive selection(Schmalhausen 1914);directional selection;Linear selectio;dynamic selection,前进性选择;偏向淘汰,,,2012-11-26
161044,progressive mutartion,进步的突变,,,2012-11-26
161045,progressive method,直接(染色)法,,,2012-11-26
161046,progressive heredity,渐进遗传,,,2012-11-26
161047,progressive evolution,渐进演化;进化,,,2012-11-26
161048,progressive efficiency;Lindeman's ratio,累进效率,,,2012-11-26
161049,progressive double crossing-over(Weinstein 1936),渐进双交叉,,,2012-11-26
161050,progressive differentiation,渐进分化,,,2012-11-26
161051,progressive deviation,渐进偏差;前进偏差,,,2012-11-26
161052,progressive development,渐进发育;前进发育,,,2012-11-26
161053,progressive area,渐进分布图,,,2012-11-26
161054,progression,进展状态,,,2012-11-26
161055,programme evlution,标识演化,,,2012-11-26
161056,progeny test,后裔检定,,,2012-11-26
161057,progeny study,后裔调查,,,2012-11-26
161058,progeny selection,后裔选种;后裔选拔,,,2012-11-26
161059,progeny,后裔,,,2012-11-26
161060,progenitor,祖先,,,2012-11-26
161061,progamic sex determination,受精前的决定,,,2012-11-26
161062,progamic division,受精前分裂,,,2012-11-26
161063,progamic (Haecker 1902),卵受精前或减数分裂前,,,2012-11-26
161064,progametangium,原配子囊,,,2012-11-26
161065,profundal region;profundal,深底带,,,2012-11-26
161066,profundal community,深底花素,,,2012-11-26
161067,proflorigen,前成花素,,,2012-11-26
161068,profile,侧形,,,2012-11-26
161069,proferment;zymogen,酵素原; 酶原,,,2012-11-26
161070,proenzyme;zymogen;enzyme precursor,酵素原; 酶原,,,2012-11-26
161071,proembryonal cell,原胚细胞,,,2012-11-26
161072,proembryo,前胚;原芽体,,,2012-11-26
161073,productivity,生产力,,,2012-11-26
161074,productive structure,生产构造,,,2012-11-26
161075,production,生产;产品,,,2012-11-26
161076,production diagram,生产图解,,,2012-11-26
161077,product ratio method,乘积比法,,,2012-11-26
161078,product of metabolism,代谢产物,,,2012-11-26
161079,producer,生产者,,,2012-11-26
161080,product method,积算法;乘积法,,,2012-11-26
161081,produ wood,花榈木,,,2012-11-26
161082,prodigiosin,红色杆菌红素;灵菌红素,,,2012-11-26
161083,procuticle;procuticule; procuticula,原角皮;原角质层,,,2012-11-26
161084,procumbent;prostrate,匍匐的;平伏的,,,2012-11-26
161085,Procumbent ray cell,横列芒髓细胞,,,2012-11-26
161086,proculiform,杯形,,,2012-11-26
161087,Procris laevigata Bl.,藤麻,,,2012-11-26
161088,Procris,藤麻属(荨麻科),,,2012-11-26
161089,procline,前倾型,,,2012-11-26
161090,proclimax,原始安定群落,,,2012-11-26
161091,prochymosin,凝乳酶原,,,2012-11-26
161092,prochromosome stage,前染色体期,,,2012-11-26
161093,prochromosome (Rosenbery 1904),前染色体,,,2012-11-26
161094,prochromocentric heterochromatin,前染色体中心的异染色体,,,2012-11-26
161095,procession,先进;先行,,,2012-11-26
161096,processus,齿条;突起,,,2012-11-26
161097,process,突起;(藓类的)内蒴齿,,,2012-11-26
161098,procentriole(Granick & Gibor 1967),原中心粒,,,2012-11-26
161099,procaryotic type,原核型,,,2012-11-26
161100,procellular,前细胞的,,,2012-11-26
161101,procaryotic cell,原核细胞,,,2012-11-26
161102,Procaryota;procaryote,原核类,,,2012-11-26
161103,procaryon,原核;前核,,,2012-11-26
161104,procarp;carpogonium,(红藻的)前果体;果卵胞,,,2012-11-26
161105,procarboxypeptidase,碳氧 肽酶原,,,2012-11-26
161106,procambium;provascular tissue,原始形成层,,,2012-11-26
161107,procambial strand,原始形成层束,,,2012-11-26
161108,Proboscidea jussieui Steud.,角胡麻(日本),,,2012-11-26
161109,Proboscidea,角胡麻属(角胡麻科),,,2012-11-26
161110,probasidium,原担子器,,,2012-11-26
161111,proband method,求取遗传病患者分离比的方法,,,2012-11-26
161112,proband,原发病患;(人体遗传之遗传性病患的最初出现者),,,2012-11-26
161113,probable error,或差;中央机差,,,2012-11-26
161114,probability integral,机率积分,,,2012-11-26
161115,probable deviation,中央偏差,,,2012-11-26
161116,probability function,机率函数,,,2012-11-26
161117,probability density,机率密度,,,2012-11-26
161118,probability curve,机率曲线,,,2012-11-26
161119,probability,机率,,,2012-11-26
161120,Proaraucaria,古南洋杉属,,,2012-11-26
161121,proanthostrobilus,被子植物假定祖先的花,,,2012-11-26
161122,proanthesis,先期开花,,,2012-11-26
161123,proandry,雄性先熟,,,2012-11-26
161124,proandrous hermaphrodite,雄性先熟雌雄同体,,,2012-11-26
161125,proactinomycin,原放射菌素,,,2012-11-26
161126,Proactinomyces,原放射菌属,,,2012-11-26
161127,proacrosome,前顶体,,,2012-11-26
161128,proacrosomic granules,前顶体颗粒群,,,2012-11-26
161129,privet;Ligustrum,女贞,,,2012-11-26
161130,Pristimera indica(Willd.)A.C.Sm,扁蒴藤,,,2012-11-26
161131,Pristimera,扁蒴果属(翅子藤科),,,2012-11-26
161132,prismatic crystal,棱状结晶体,,,2012-11-26
161133,prismenchyma,棱状组织,,,2012-11-26
161134,prismatic,有棱柱的,,,2012-11-26
161135,prisere,首先迁入系列;原生过度群落,,,2012-11-26
161136,Priotropis cytisoides Wight et.Arn.,黄雀儿,,,2012-11-26
161137,Priotropis,黄雀儿属(豆科),,,2012-11-26
161138,priority,优先权,,,2012-11-26
161139,Prionolobus,早羽藓属,,,2012-11-26
161140,Prionodontaceae,毛藓科,,,2012-11-26
161141,Prionitis,扁线红藻属,,,2012-11-26
161142,Prionidium setschwanicum(Broth)Hilp.,锯齿藓;四川锯齿藓,,,2012-11-26
161143,Prionidium erosodenticulatum(C.Mull.)Chen,粗锯齿藓,,,2012-11-26
161144,Prionidium,锯齿藓属,,,2012-11-26
161145,Prinsepia utilis Royle,扁核木;青刺尖;阿那斯;狗奶子,,,2012-11-26
161146,Prinsepia uniflora Batal.,蕤核;扁核木;马茹;茹茹,,,2012-11-26
161147,Prinsepia sinensis Oliv.,辽宁扁核木(陈嵘),,,2012-11-26
161148,Prinsepia,扁核木属;蕤核属(蔷薇科),,,2012-11-26
161149,Pringleela sinensis Broth,中华并列藓,,,2012-11-26
161150,Pringleela pleuridioides Card,墨西哥并列藓(模式种),,,2012-11-26
161151,Pringleela,并列藓属,,,2012-11-26
161152,principle of limiting factor,限制因子作用原理,,,2012-11-26
161153,principle of exclusivity,排他法则,,,2012-11-26
161154,principle of continuity,连续性原理,,,2012-11-26
161155,Principales;Palmales,棕榈目,,,2012-11-26
161156,principal vein,主脉,,,2012-11-26
161157,principal focus,主焦点,,,2012-11-26
161158,principal facal distance,主焦点距离,,,2012-11-26
161159,principal axis,主轴,,,2012-11-26
161160,princes-feather;Polygonum orientale L.var.pilosum Meisn.,荭草;天蓼,,,2012-11-26
161161,Primulales,报春花目,,,2012-11-26
161162,Primulaceae;primrose family;primula family,报春花科,,,2012-11-26
161163,Primula veris L.cowslip,黄花九轮草,,,2012-11-26
161164,Primula sinensis Lindl.;Chinese primrose,藏报春(图考);年景花(四川),,,2012-11-26
161165,Primula sieboldi Morr.;Japanese primrose,樱草(日本),,,2012-11-26
161166,Primula polyantha Hort.;polyanthus,西洋樱草,,,2012-11-26
161167,Primula obcomca Hance,四季樱草(中国中部植物),,,2012-11-26
161168,Primula malacoides Franch.;fairy primrose,报春花(图考),,,2012-11-26
161169,Primula japonica A.Gray,七重草(日本);九轮车(日本),,,2012-11-26
161170,Primula cortusoides L.,翠兰花(东北),,,2012-11-26
161171,primrose;primula malacoides Franch.;fairy primrose,报春花(植物名实图考),,,2012-11-26
161172,primrose family;primulaceae,报春花科,,,2012-11-26
161173,primospore,细胞状孢子,,,2012-11-26
161174,primordium;primordia(多数); anlage,(器官的)原基,,,2012-11-26
161175,primordial utricle,原始胞果;原始椭圆囊,,,2012-11-26
161176,primordial plant,原始植物,,,2012-11-26
161177,primordial meristem,原始分生组织,,,2012-11-26
161178,primordial leaf,原始叶;雏叶,,,2012-11-26
161179,primordial germ cell,原生殖细胞,,,2012-11-26
161180,primordial,原始的;初生的,,,2012-11-26
161181,primordia:(single，primodium),原基;原体,,,2012-11-26
161182,Primofilicopsida;Primofilices,初生蕨纲,,,2012-11-26
161183,Primofilices;Primofilicopsida,初生蕨纲,,,2012-11-26
161184,primocane,木莓类的初年茎,,,2012-11-26
161185,primitive trophic stage,原始营养期,,,2012-11-26
161186,primitive germ cell,原生殖细胞,,,2012-11-26
161187,primitive,原始的;未分化的,,,2012-11-26
161188,primine,外珠被,,,2012-11-26
161189,primeval forest;virgin forest,原始林;天然林,,,2012-11-26
161190,primer,引发物质,,,2012-11-26
161191,prime type (Blakeslee 1928),(染色体的)原型，主型,,,2012-11-26
161192,primary zoospore,初生游胞子,,,2012-11-26
161193,primary zoosporangium,初生游胞子囊,,,2012-11-26
161194,primary xylem,原生木质部,,,2012-11-26
161195,primary wood,原生木材,,,2012-11-26
161196,primary wall;primary cell wall,初生细胞壁;初生壁,,,2012-11-26
161197,primary vein,一次(叶)脉,,,2012-11-26
161198,primary vascular bundle,原生维管束,,,2012-11-26
161199,primary trisomy (Belling 1927),初级三染色体性,,,2012-11-26
161200,primary trisomic,初级三染色体的,,,2012-11-26
161201,primary tissue,原生组织,,,2012-11-26
161202,primary thickening growth,原生肥厚生长,,,2012-11-26
161203,primary suspensor,初生胚柄,,,2012-11-26
161204,primary succession,第一次递变;第一次消长,,,2012-11-26
161205,primary structure,原生构造,,,2012-11-26
161206,primary sporogonium,初级孢子原细胞,,,2012-11-26
161207,primary sporocyte,初生孢子母细胞,,,2012-11-26
161208,primary sporogenous cell,初级孢原细胞,,,2012-11-26
161209,primary sporidium,初生芽孢子,,,2012-11-26
161210,primary spermatogonium,初级精原细胞,,,2012-11-26
161211,primary spermatocyte,初级精母细胞,,,2012-11-26
161212,primary sexual character,第一性征;原始性征,,,2012-11-26
161213,primary sexual cell,原始性细胞,,,2012-11-26
161214,primary sex ratio,原始性比率,,,2012-11-26
161215,primary sex organ,原始性器官；基本生殖器官,,,2012-11-26
161216,primary sex difference,基本性差别,,,2012-11-26
161217,primary sex characteristic,主要性征,,,2012-11-26
161218,primary seed,原生种子,,,2012-11-26
161219,primary root,初生根;原始根,,,2012-11-26
161220,primary response,(免疫系统对于给予的抗原的)原初反应,,,2012-11-26
161221,primary ray;primary medullary ray,原生芒髓;初生髓线,,,2012-11-26
161222,primary protein structure,蛋白质基本构造,,,2012-11-26
161223,primary plant body,原生植物体,,,2012-11-26
161224,primary pit-field,初生膜孔域,,,2012-11-26
161225,primary pinocytosis vacuole,初生胞饮液胞,,,2012-11-26
161226,primary pigment cell,初生色素细胞,,,2012-11-26
161227,primary phloem,原生韧皮部,,,2012-11-26
161228,primary permanent tissue,初生永久组织;原生永久组织,,,2012-11-26
161229,primary parietal cell,初生周缘细胞,,,2012-11-26
161230,primary oocyte;primary ovocyte,初生的卵母细胞;初级卵母细胞,,,2012-11-26
161231,primary oogonium;primary ovogonium,初生卵原细胞;初级卵原细胞,,,2012-11-26
161232,primary non-disjunction,第一次联合染色体不分离,,,2012-11-26
161233,primary neck cell,初生颈细胞,,,2012-11-26
161234,primary mutant,初生突变体,,,2012-11-26
161235,primary monosomic,初级单染色体;正规染色体数中缺少一染色体的,,,2012-11-26
161236,primary microsporocyte,第一小孢子母细胞,,,2012-11-26
161237,primary meristem,原生分生组织,,,2012-11-26
161238,primary membrane,初生膜,,,2012-11-26
161239,primary megasporocyte,第一大孢子母细胞,,,2012-11-26
161240,primary medullary ray,初生髓线;原生芒髓,,,2012-11-26
161241,primary leaf,第一本叶;首叶,,,2012-11-26
161242,primary intergradation,初期变型,,,2012-11-26
161243,primary infection,初次侵染,,,2012-11-26
161244,primary hypha,初生菌丝,,,2012-11-26
161245,primary haustorium,初生吸器,,,2012-11-26
161246,primary growth in thickness,原生大生长,,,2012-11-26
161247,primary gonocyte,初生性原细胞,,,2012-11-26
161248,primary genes,主要基因,,,2012-11-26
161249,primary fundamental tissue,原生基本组织,,,2012-11-26
161250,primary endosperm,前胚乳,,,2012-11-26
161251,primary embryo sac nucleus,[第]一次胚囊核,,,2012-11-26
161252,primary effects of gene,基因的基本效应,,,2012-11-26
161253,primary cycle,主循环;始原循环,,,2012-11-26
161254,primary cuticula,原始角皮,,,2012-11-26
161255,primary culture,初次培养,,,2012-11-26
161256,primary ctye,初生性母细胞,,,2012-11-26
161257,primary cortex,原生皮层,,,2012-11-26
161258,primary cork tissue,原生木栓组织,,,2012-11-26
161259,primary cork cambium,原生木栓形成层,,,2012-11-26
161260,primary constriction,主缢痕,,,2012-11-26
161261,primary community,原始群落,,,2012-11-26
161262,primary colony,原始聚落,,,2012-11-26
161263,primary center,(植物起源的)原始中心,,,2012-11-26
161264,primary cells,自细胞生物体上取下供培育南毕的细胞,,,2012-11-26
161265,primary cell wall,初生细胞壁,,,2012-11-26
161266,primary cell membrane,初生细胞,,,2012-11-26
161267,primary bark,原生树皮,,,2012-11-26
161268,primary and secondary non-disjunction (Bridge 1916),初起[的]与继起[的]染色体不分离,,,2012-11-26
161269,primary absorption,初吸收,,,2012-11-26
161270,Priestley，Joseph,卜利士力,,,2012-11-26
161271,pride of india;China berry;China tree;Melia azedarach L.,楝树,,,2012-11-26
161272,prickly-seeded spinach (Spinage;)Spinaceae oleracea L.,菠【艹+陵】;菠菜,,,2012-11-26
161273,prickly pear;Opuntia monacancha Haw.,仙人掌,,,2012-11-26
161274,prickle cypress;Taiwan juniper;Juniperus formosans Hayata,刺柏,,,2012-11-26
161275,prickle,刺;针,,,2012-11-26
161276,previous generation,前代,,,2012-11-26
161277,prevernal aspect,早春季相,,,2012-11-26
161278,prevernal,早春,,,2012-11-26
161279,preventive medicine,预防医药,,,2012-11-26
161280,prevention,预防,,,2012-11-26
161281,preventitious bud;resting bud;dormant bud;latent bud,休眠芽,,,2012-11-26
161282,prevalence,优势,,,2012-11-26
161283,presynthesis interphase,合成前间期,,,2012-11-26
161284,presynapsis,联会前;(同型染色体)前联会;前接合,,,2012-11-26
161285,pressure-flow hypothesis,压流说,,,2012-11-26
161286,pressure tester,果实硬度计,,,2012-11-26
161287,pressed yeast,压榨酵母,,,2012-11-26
161288,presplit aberration,(染色体)纵裂前畸变,,,2012-11-26
161289,preservation of stock,植株保存,,,2012-11-26
161290,preservation of food,食物保存,,,2012-11-26
161291,presentation time,刺激限界时间,,,2012-11-26
161292,presence and absence hypothesis,(基因)在不在说;存缺假设,,,2012-11-26
161293,presence,常存度;出现率,,,2012-11-26
161294,pre-reduction(Korshelt & Heider 1903),前减数分裂,,,2012-11-26
161295,preprophase inhibitor(D'Amato 1954),先前期抑制因子,,,2012-11-26
161296,prepotency,优位性;优势遗传,,,2012-11-26
161297,prepollen,原花粉,,,2012-11-26
161298,preplanting treatment,种植前处理,,,2012-11-26
161299,pre-phanerogam,前显花植物,,,2012-11-26
161300,prepattern,前定型式,,,2012-11-26
161301,preparation,玻璃片标本,,,2012-11-26
161302,prenuclear body,前核仁体,,,2012-11-26
161303,premutation,突变前期;由诱变原引致的遗傅物质的变化,,,2012-11-26
161304,Premna microphylla Turcz.,臭黄荆(三川雅安);腐婢(本草经),,,2012-11-26
161305,Premna integrifolia L.,臭娘子(享利氏中国植物名录),,,2012-11-26
161306,Premna,臭娘子属(马鞭草科)腐婢属,,,2012-11-26
161307,premitotic nucleus,有丝分裂前核,,,2012-11-26
161308,premetaphase stretch(White 1941),中期前中节定向,,,2012-11-26
161309,premetaphase stage,前中期阶段,,,2012-11-26
161310,premetaphase,前中期,,,2012-11-26
161311,premeiotic mitosis,成熟前有丝分裂,,,2012-11-26
161312,premeiosis,前减数分裂,,,2012-11-26
161313,prematurity,早熟性,,,2012-11-26
161314,premature seeding;premature bolting,早期抽苔,,,2012-11-26
161315,premature lysis,早熟溶菌现象,,,2012-11-26
161316,premature hurting,未熟破裂,,,2012-11-26
161317,premature bolting,早期抽苔,,,2012-11-26
161318,prelininary yield test,初级产量试验,,,2012-11-26
161319,preliminary vegetative approachment,预先营养[性]接近,,,2012-11-26
161320,preliminary screening test,初级淘汰试验;初级筛选,,,2012-11-26
161321,preleptonema stage,细丝期前,,,2012-11-26
161322,preleptonema,前细丝,,,2012-11-26
161323,preinduction,先期诱导,,,2012-11-26
161324,prehistoric naturalized plant;archaeophyte,史前归化植物,,,2012-11-26
161325,preglacial,冰河期前,,,2012-11-26
161326,preharvest drop,采前落果;后期落果,,,2012-11-26
161327,preformationist,先成说者;前成说者,,,2012-11-26
161328,preformation theory,先成(学)说;前成说,,,2012-11-26
161329,prefloration,花先现象;花前现象,,,2012-11-26
161330,preferential temperature,适宜温度,,,2012-11-26
161331,preferment,酵素原; 酶原,,,2012-11-26
161332,preferential species,适宜种,,,2012-11-26
161333,preferential segregation(Rhodes 1942),偏向分离;染色体或染色体片段上的基因不作降机的分离,,,2012-11-26
161334,preferential pairing,偏向配对,,,2012-11-26
161335,preferential fertilization;selective fertilization,选择受精,,,2012-11-26
161336,predormancy;summer dormancy,前休眠;夏休眠,,,2012-11-26
161337,predominant,优势的;主要的,,,2012-11-26
161338,predivision (Darlington 1937),前分裂,,,2012-11-26
161339,predifferentiation stage,前分化期,,,2012-11-26
161340,predetermination(Kuhn 1927),前决定,,,2012-11-26
161341,predefinitive spermatogonia,先定的精子器,,,2012-11-26
161342,precursor,先驱物质;前身,,,2012-11-26
161343,precocity theory (Darlington 1930),早熟的;较正常者，提早成熟或结果,,,2012-11-26
161344,precocious polymitosis;disconcordant polymitosis,不调和(的)多次有丝分裂,,,2012-11-26
161345,precocious germination,早发性萌芽,,,2012-11-26
161346,precocious division,过早分裂,,,2012-11-26
161347,precocious development,早熟发育,,,2012-11-26
161348,precocious,早熟的;较正常者，提早成熟或结果,,,2012-11-26
161349,preclimax,(植物群落)极感前相,,,2012-11-26
161350,precipitometer,沉降计,,,2012-11-26
161351,precipition,沉降素,,,2012-11-26
161352,precipitinogen,沉降素原,,,2012-11-26
161353,precipithin reaction,沉淀素反应,,,2012-11-26
161354,precipitation reaction,沉降反应,,,2012-11-26
161355,precipitation membrane,沉淀膜,,,2012-11-26
161356,precipitation coefficient,沉降系数;沉淀系数,,,2012-11-26
161357,preceding crop,前作,,,2012-11-26
161358,Precambrian period,前寒武纪,,,2012-11-26
161359,prebacillary,细菌感染前的,,,2012-11-26
161360,preadaptive phase,适应前阶段,,,2012-11-26
161361,Pratella,吊钟蕈属(担),,,2012-11-26
161362,preadaptation;prospective adaptation,预先适应,,,2012-11-26
161363,prasinous,草绿色,,,2012-11-26
161364,Prasiola,溪菜属(绿),,,2012-11-26
161365,prairie community,大草原群落,,,2012-11-26
161366,prairie,(北美中西部的)大草原,,,2012-11-26
161367,p-phenylenediamine,对一苯二胺；对胺基苯胺；对二胺基苯,,,2012-11-26
161368,P-particle (Sonneborn 1959),P粒子,,,2012-11-26
161369,P-P factor pellagre-preventative factor;niacin,癞皮病预防因子;烟【生+佥】酸,,,2012-11-26
161370,power transformer,电力变压器,,,2012-11-26
161371,powdery scab,粉痂病,,,2012-11-26
161372,powdery mildew;mildew,白粉病,,,2012-11-26
161373,powdery mildew of tomato;Erysiphe cichor-acearum de Candolle,番茄白粉病,,,2012-11-26
161374,powdery mildew of of eggplant;Erysiphe cichor-acearum de Candolle;Sphaerotheca fuliginea(Schlechtendal) pollacci,茄子白粉病;茄子白涩病,,,2012-11-26
161375,powdery mildew of jute;Sphaerotheca fuliginea(Schlechtendal)Sawada[Microsp-heara polygoni(de Candolle)Sawada],黄麻白粉病,,,2012-11-26
161376,powdery mildew of cucumber;Sphaerotheca faliginea(Schlechtendla)Pollacci,胡瓜白粉病,,,2012-11-26
161377,powdered sugar,粉糖,,,2012-11-26
161378,Pouzolzia indica Guad.,雾水葛(H.M),,,2012-11-26
161379,Pouzolzia sanguinea(Bl.)Merr,红雾水葛;青白麻叶;籽藤;大黏药,,,2012-11-26
161380,Pouzolzia elegans Wedd.,雅致雾水葛,,,2012-11-26
161381,Pouzolzia hirta Hassk.;Memorialis hirta (Bl.)Wedd.,糯米团儿(H.C)(D),,,2012-11-26
161382,Pouzolzia,雾水葛属(荨麻科),,,2012-11-26
161383,Pouteria,山榄属,,,2012-11-26
161384,Pouchet，F.A,蒲歌(人名),,,2012-11-26
161385,Pottsia pubescens Tsang,毛夹竹桃,,,2012-11-26
161386,Pottioideae,丛藓亚科,,,2012-11-26
161387,Pottiinales,丛藓亚目,,,2012-11-26
161388,potting,钵植,,,2012-11-26
161389,Pottiales,丛藓目,,,2012-11-26
161390,Pottieae,丛藓群,,,2012-11-26
161391,Pottiaceae,丛藓科,,,2012-11-26
161392,Pottia truncatula(Wdb.et Mohr.)Lindb.,丛藓,,,2012-11-26
161393,Pottia,丛藓属,,,2012-11-26
161394,Pottia intermedia (Turn)F(u)rnr,大丛藓,,,2012-11-26
161395,potometer;potetometer,蒸散计,,,2012-11-26
161396,Pothos aurea,黄金葛,,,2012-11-26
161397,potetometer;potometer,蒸散计;吸水计,,,2012-11-26
161398,Potentiometer,电位计,,,2012-11-26
161399,Potentilla;cinquefoil;five finger;potential,委陵菜属;翻白草属(蔷薇科),,,2012-11-26
161400,Potentilla wallichiana Del.;P.kleiniana Wight et Arn.,蛇含(本草经);紫背龙牙(本草纲目),,,2012-11-26
161401,Potentilla viscosa Donn,腺毛委陵菜,,,2012-11-26
161402,Potentilla temata Makino,三叶翻白草,,,2012-11-26
161403,Potentilla tanacetifolia Willd.,菊叶委陵菜,,,2012-11-26
161404,Potentilla supina L.,朝天委陵菜;仰卧委陵菜(中药志);旱莲草(中药志),,,2012-11-26
161405,Potentilla sishanensis Bunge,西山委陵菜,,,2012-11-26
161406,Potentilla saundersiana Royle,钉柱委陵菜,,,2012-11-26
161407,Potentilla reptens L.,匍匐委陵菜;决麻(甘肃),,,2012-11-26
161408,Potentilla parvifolia Fisch.;Dasiphora parvifolia (Fisch.)Juz.,小叶金老梅,,,2012-11-26
161409,Potentilla paradoxa Nutt.;P.supina L.,朝天委陵菜;仰卧委陵菜(中药志);旱莲草(中药志),,,2012-11-26
161410,Potentilla nivea L.,雪白委陵菜,,,2012-11-26
161411,Potentilla multifida L.,翻白草(CH)(HC),,,2012-11-26
161412,Potentilla multicaulis Bunge,多茎委陵菜,,,2012-11-26
161413,Potentilla leuconota D.Don,银叶委陵菜,,,2012-11-26
161414,Potentilla kleiniana Wight et Arn.,蛇含委陵菜;蛇含;五瓜龙,,,2012-11-26
161415,Potentilla griffithii Hook.f.var.velutina Card.,长柔毛委陵菜;翻白菜,,,2012-11-26
161416,Potentilla fulgens Wall.,西南委陵菜,,,2012-11-26
161417,Potentilla freyniana Borum.,三叶委陵菜,,,2012-11-26
161418,Potentilla fragarioided L.,莓叶委陵菜,,,2012-11-26
161419,Potentilla eriocarpa Wall.,绵毛果委陵菜,,,2012-11-26
161420,Potentilla discolor Bunge,翻白草 (救荒)；土菜(日本),,,2012-11-26
161421,Potentilla cryptotaeniae Maxim.,狼牙委陵菜(P.),,,2012-11-26
161422,Potentilla chinensis Ser.,委陵菜(菜荒);河原紫胡(日本),,,2012-11-26
161423,Potentilla bifurca L.,三裂叶委陵菜,,,2012-11-26
161424,Potentilla centigrana Maxim.;P.centigrana var.mandshurica Maxim.,蛇莓委陵菜,,,2012-11-26
161425,Potentilla arbuschla D.Don;Dasiphora fruticosa (L.)Rydb.,金露梅;金蜡梅,,,2012-11-26
161426,Potentilla anserina L.,鹅绒委陵菜;莲叶花(东北);人参果;蕨麻;藩(翻)白花(甘肃),,,2012-11-26
161427,Potentilla ancistrifolia Bunge;P.dickinisii Franch.,钩叶委陵菜,,,2012-11-26
161428,Potentilla ambigua Carm.,楔叶委陵菜,,,2012-11-26
161429,Potentilla acanlis L.,星毛委陵菜,,,2012-11-26
161430,potentiality,潜能;可能性,,,2012-11-26
161431,potentialities of development,发育潜能;发育可能性,,,2012-11-26
161432,potential variability,潜在变异性,,,2012-11-26
161433,potential soil productivity,潜在地力,,,2012-11-26
161434,potential germ cells,原始生殖细胞,,,2012-11-26
161435,potential genetic variability,潜在[的]遗传变异性,,,2012-11-26
161436,potential evolutionary value,潜在演化值,,,2012-11-26
161437,potential energy,位能;势能,,,2012-11-26
161438,potential drop,位降,,,2012-11-26
161439,potential difference,电位差;势能差,,,2012-11-26
161440,potential break,潜在断裂,,,2012-11-26
161441,potential,电位,,,2012-11-26
161442,Potentalla flagellaris Willd.,匍枝委陵菜;鸡儿头苗,,,2012-11-26
161443,potency of gene,基因位能;基因效价,,,2012-11-26
161444,potency,位能，势能,,,2012-11-26
161445,potence ratio,优势比,,,2012-11-26
161446,Potence,(杂种)优势,,,2012-11-26
161447,potato;Irish potato;white potato;Solanum tuberosum L.,马铃薯;(俗)洋芋;山药蛋,,,2012-11-26
161448,potato witche(.s)broom virus，Hungerford & Dana,马铃薯丛性萎缩病毒;蕃茄萎黄病毒;红花、白花、瑞典三叶草丛枝病毒,,,2012-11-26
161449,potato wilding or semi-wilding virus，Anon;potato witche(.s)broom virus，Hungerford and Dana,马铃薯丛性萎缩病毒,,,2012-11-26
161450,potato virus Y，,马铃薯病毒Y 烟草病毒Y;蕃茄病毒Y,,,2012-11-26
161451,potato virus X.Smith,马铃薯病毒X;烟草病毒X;蕃茄病毒X,,,2012-11-26
161452,potato virus G，clinch;potato aucuba mosaic viruss，Quanjer,马铃薯黄斑纹病毒,,,2012-11-26
161453,potato vein-banding virus，Valleau & Johnson;potato virus Y，Smith,马铃薯斑纹病毒Y,,,2012-11-26
161454,potato streak virus，Murphy;potato virus Y，Smith,马铃薯病毒Y,,,2012-11-26
161455,potato plug,斜面马铃薯培养基,,,2012-11-26
161456,potato simple mosaic virus，Murphy;potato virus X，Smith,马铃薯病毒X,,,2012-11-26
161457,potato phloem necrosis virus，Quanjer;potato leaf rollvirus，Apple,马铃薯卷叶病毒,,,2012-11-26
161458,potato mottle virus，J.Johnson;potato virus X，Smith,马铃薯斑病毒X,,,2012-11-26
161459,potato leaf-roll virus，Appel,马铃薯叶卷病毒,,,2012-11-26
161460,potato leaf drop steak virus，Murphy;potato virus Y，Smith,马铃薯病毒Y,,,2012-11-26
161461,potato blight;Phytophthora infestans,马铃薯疫病,,,2012-11-26
161462,potato interveinal mosaic virus，Quanjer;potato aucuba Loughnane and Clinch,马铃薯黄斑病毒,,,2012-11-26
161463,potato aucuba mosaic virus，Quanjer,马铃薯黄斑纹病毒,,,2012-11-26
161464,potato agar,马铃薯洋菜培养基,,,2012-11-26
161465,Potato acropetal necrosis virus，Quanjer;potato virus Y.Smith,马铃薯斑纹病毒Y,,,2012-11-26
161466,potassium plants,嗜钾植物,,,2012-11-26
161467,potassium deficiency,缺钾症,,,2012-11-26
161468,potash;potassium carbonate,碳酸钾,,,2012-11-26
161469,Potaninia,三瓣蔷薇属(蔷薇科),,,2012-11-26
161470,potamoplankton,河川浮游生物,,,2012-11-26
161471,Potamogetonaceae;pond weed family,眼子菜科,,,2012-11-26
161472,Potamogeton pusillus L.,丝柳藻(日本),,,2012-11-26
161473,Potamogeton polygonifolius Pourr.,眼子菜(救荒本草),,,2012-11-26
161474,Potamogeton pectinatus L.,水豆儿(救荒本草),,,2012-11-26
161475,Potamogeton oxyphyllus Miq.,马藻,,,2012-11-26
161476,Potamogeton nipponicus Makino,小笹叶藻(于),,,2012-11-26
161477,Potamogeton malaianus Miq.,笹叶藻(日本),,,2012-11-26
161478,Potamogeton franchetii A.Benn et Baag,眼子菜,,,2012-11-26
161479,Potamogeton cristatus Reg.et Maack.,小叶眼子菜,,,2012-11-26
161480,Potamogeton crispus L.,马藻(拾遗);菹草(江苏植物名录);鱼蘘草(图考),,,2012-11-26
161481,Potamogeton,眼子菜属,,,2012-11-26
161482,pot marigold;Calendula officinalis L.,金盏花;金盏菊,,,2012-11-26
161483,pot culture,盆植,,,2012-11-26
161485,postsplit aberration,裂后畸变;(染色体)裂开后变异,,,2012-11-26
161486,post-season culture,迟植,,,2012-11-26
161487,post-reduction(Korschelt & Heider 1903),后减数,,,2012-11-26
161488,postmicrosomal supernatant,不含微粒体的上澄液,,,2012-11-26
161489,postical,(茎或叶的)后面的;腹面的,,,2012-11-26
161490,post-flowering development,花后增大;花后发育,,,2012-11-26
161491,postfloration;post floral phenomena,花后现象,,,2012-11-26
161492,postfloral phenomena;postfloration,花后现象,,,2012-11-26
161493,posterior,后;向后,,,2012-11-26
161494,post-emergence treatment,萌芽处理,,,2012-11-26
161495,postembryonic period,胚后期,,,2012-11-26
161496,postembryonal development,胚后期发育,,,2012-11-26
161497,postembryonic adaptation,胚后期适应,,,2012-11-26
161498,postamoplankton,河川浮游生物,,,2012-11-26
161499,post-adaptation,后生适应,,,2012-11-26
161500,post mitotic cell,有丝分裂后细胞,,,2012-11-26
161501,post dormancy,后休眠,,,2012-11-26
161502,post division(Darlington 1937),后分裂,,,2012-11-26
161503,positive tropism,向性,,,2012-11-26
161504,post climax,极盛后期,,,2012-11-26
161505,positive traumatropism,正伤性,,,2012-11-26
161506,positive traumataxis,趋伤性,,,2012-11-26
161507,positive thermotaxis,趋热性,,,2012-11-26
161508,positive taxis,正趋性,,,2012-11-26
161509,positive rheotropism,向流性,,,2012-11-26
161510,positive skewness,正偏倚,,,2012-11-26
161511,positive rheotaxis,趋流性,,,2012-11-26
161512,positive reaction,正反应,,,2012-11-26
161513,positive plasmolysis place,正质离部位,,,2012-11-26
161514,positive pressure,正压,,,2012-11-26
161515,positive plagiogeotropism,正斜向地性,,,2012-11-26
161516,positive phototaxis,趋光性,,,2012-11-26
161517,positive phototropism,向光性,,,2012-11-26
161518,positive interference,正干扰,,,2012-11-26
161519,positive orthogeotropism,正直向地性,,,2012-11-26
161520,positive induction,正的诱导,,,2012-11-26
161521,positive hydrotropism,向水性,,,2012-11-26
161522,positive hydrotaxis,趋水性,,,2012-11-26
161523,positive heteropycnosis,正的异常凝缩,,,2012-11-26
161524,positive heliotropism,向日性,,,2012-11-26
161525,positive haptotropism,向触性,,,2012-11-26
161526,positive geotropism,向地性,,,2012-11-26
161527,positive geotaxis,趋地性,,,2012-11-26
161528,positive galvanotaxis,趋电性,,,2012-11-26
161529,positive electropism,向电性,,,2012-11-26
161530,positive control,正[的]控制,,,2012-11-26
161531,positive diageotropism,正横向地性,,,2012-11-26
161532,positive chemotropism,向化性,,,2012-11-26
161533,positive chemotaxis,趋化性,,,2012-11-26
161534,positive charge,正电荷,,,2012-11-26
161535,positive birefring-ence,正复折射,,,2012-11-26
161536,positive allometry;tachyauxesis,优生长,,,2012-11-26
161537,positive aerotropism,向气性,,,2012-11-26
161538,positive aerotaxis,趋气性,,,2012-11-26
161539,positive,正的,,,2012-11-26
161540,positional sterile,部位性不孕,,,2012-11-26
161541,positional bud dormancy,部位性芽休眠,,,2012-11-26
161542,position pseudoallele(Lewis 1951),位置近似对偶基因,,,2012-11-26
161543,position of tiller,分蘗节位,,,2012-11-26
161544,position effect(Sturtevant 1925),位置效应,,,2012-11-26
161545,Portulacaceae;purslane family,马齿苋科,,,2012-11-26
161546,Portulaca;purslane,马齿苋属;半支莲属,,,2012-11-26
161547,Portulaca oleracea L.var.sativa DC.,独耳草,,,2012-11-26
161548,Portulaca oleracea L.;kitchen-garden purslane;pusley,马蛇子菜;马齿菜;五行草(图经);马齿苋(蜀本草),,,2012-11-26
161549,Portulaca marginta H.B. et K.,大叶半支莲,,,2012-11-26
161550,Portulaca grandiflora Hook.;rose-moss;large-flowered purslane;sun plant,大马齿苋;草杜鹃;半支莲;松叶牡丹(日本),,,2012-11-26
161551,port-orforcedar;Lawson false-cypress;Chamaecyparis lawsoniana Parl.,罗生氏扁柏,,,2012-11-26
161552,portogynous (Hildebrand 1867)(proterogynous)dichogamy,雌性器官先成熟,,,2012-11-26
161553,portia tree;bhendi tree;rose wood;Thespesia populnea Solander,截萼黄槿;印度槿葵,,,2012-11-26
161554,porricidal dehiscence,孔缘裂开,,,2012-11-26
161555,porrect,(仙人掌刺之)水平伸出,,,2012-11-26
161556,porphyrin,吡咯紫质,,,2012-11-26
161557,Porphyridium cruentum Naegeli,血藻,,,2012-11-26
161558,Porphyridium,血藻属(红),,,2012-11-26
161559,porphyran,金属化四联吡咯环,,,2012-11-26
161560,Porphyra tenera Kjellm,紫菜(食疗本草),,,2012-11-26
161561,Porphyra suborbiculata Kjellm,圆叶紫菜,,,2012-11-26
161562,Porphyra seriata Kjellm,笹叶紫菜,,,2012-11-26
161563,Porphyra,紫菜属(红),,,2012-11-26
161564,porphin,四联吡咯环,,,2012-11-26
161565,porous wood,有孔材,,,2012-11-26
161566,porous vessel,穿孔导管,,,2012-11-26
161567,porous dihiscent anther,孔裂药,,,2012-11-26
161568,porous dehiscence,孔裂,,,2012-11-26
161569,porous channel,(细胞膜上的)孔道,,,2012-11-26
161570,porous capsule,有孔蒴,,,2012-11-26
161571,Porotrichum,硬枝藓属,,,2012-11-26
161572,porosity,(土壤)孔隙率,,,2012-11-26
161573,porosity,有孔的,,,2012-11-26
161574,porose(porous),有孔的,,,2012-11-26
161575,pororate grain,重孔粒(花粉),,,2012-11-26
161576,porometer,气孔开度计,,,2012-11-26
161577,porogamy,珠孔授精,,,2012-11-26
161578,Porodictyon,(网藓属)花网藓亚属,,,2012-11-26
161579,porocyte,小孔细胞,,,2012-11-26
161580,porina,胆八树苔(地衣),,,2012-11-26
161581,poriform,孔形,,,2012-11-26
161582,poriferous,多孔的,,,2012-11-26
161583,Poria cocos(Schw.)Wolf.;P.hoelen Rumph;Pachyma cocos Fr.;Indian bread,茯苓(本经)(担，帽菌类);杜茯苓;伏灵;不死面;松&#33156;;伏兔; 野苓(湖南，湖北),,,2012-11-26
161584,Porellaceae,光萼苔科,,,2012-11-26
161585,Porella platyphylla(L.)Lindb.,光萼苔,,,2012-11-26
161586,Porella perrottetiana(Mont.) Trev.,毛边光萼苔,,,2012-11-26
161587,Porella,光萼苔属(光萼苔科),,,2012-11-26
161588,pore;aperture,孔隙;壁孔;孔口,,,2012-11-26
161589,pore of nuclear membrane,核膜孔,,,2012-11-26
161590,pore fungus;Polyporaceae and Boletaceae,多孔菌,,,2012-11-26
161591,porcelain filter,瓷泸器,,,2012-11-26
161592,porate grain,孔粒(花粉),,,2012-11-26
161593,Porate,有孔的,,,2012-11-26
161594,Porana paniculata,飞蛾藤(旋花科),,,2012-11-26
161595,poral dehiscence,孔裂;孔口裂开,,,2012-11-26
161596,Populus yunnanensis Dode,云南白杨;滇杨,,,2012-11-26
161597,Populus wilsonii Schneid.,椅杨,,,2012-11-26
161598,Populus tremula var.davidiana Schneid.;P.davidiana Dode,山杨,,,2012-11-26
161599,Populus tremula L,扶栘(本草拾遗);栘杨(古今注),,,2012-11-26
161600,Populus tomentosa Carr.;Chinese White poplar,毛白杨;响杨,,,2012-11-26
161601,Populus szechuanica Schneid.,川杨,,,2012-11-26
161602,Populus suaveolens Fisch.,西白利亚白杨,,,2012-11-26
161603,Populus srechuanica var.tibetica Schneid.,高山杨,,,2012-11-26
161604,Populus simonii var.vastigiata Schneid.,塔杨,,,2012-11-26
161605,Populus simonii var.pendula Schneid,垂杨,,,2012-11-26
161606,Populus simonii Carr.,小叶杨;南京白杨,,,2012-11-26
161607,Populus sieboldie Miq.;Japanese Aspen,日本白杨,,,2012-11-26
161608,Populus rotundifolia var.duclouxiana Gombocz,清溪杨,,,2012-11-26
161609,Populus pyramidalis Borkh;P.nigra L.var.italica koehne;lombardy poplar,美国杨,,,2012-11-26
161610,Populus purdomii Rehd.,冬瓜杨,,,2012-11-26
161611,Populus nigra var.italica Koehne;P.pyramidalis Salisb.,钻天杨;美国杨;笔杨,,,2012-11-26
161612,Populus nigra L.;black poplar,黑杨,,,2012-11-26
161613,Populus maximowiczii A.Hery;Japan poplar,辽杨;臭梧桐;白杨(唐本),,,2012-11-26
161614,Populus laurifolia Ledeb.;bitter popular,苦杨,,,2012-11-26
161615,Populus lasiocarpa Oliv.;P.fargesii Franch.,河北杨;椵杨;串杨 大叶杨,,,2012-11-26
161616,Populus hopeieneis Hu et Chow,胡杨,,,2012-11-26
161617,Populus diversifolia Schrenk;P.euphratica Oliv.,胡杨;胡桐,,,2012-11-26
161618,Populus deltoides Marsh.;cottonwood,宽叶白杨,,,2012-11-26
161619,Populus davidiana Dode;P.tremula L.var.davidiana(Dode)Schneid.,山杨,,,2012-11-26
161620,Populus cathyana Rehd.,青杨(救荒);小叶杨(图考),,,2012-11-26
161621,Populus canadensis Moench.,加拿大杨,,,2012-11-26
161622,Populus alba L.;white poplar;silver-leaved poplar,银白杨,,,2012-11-26
161623,Populus adenopoda Maxim.;Chinese aspen;white poplar;abele,响叶杨,,,2012-11-26
161624,Populus abele;aspen;poplar;cotton wood,杨树属(杨柳科),,,2012-11-26
161625,populin,白杨苷;白杨素;苯甲醯柳苷,,,2012-11-26
161626,population(Johannsen 1903),族群;集团,,,2012-11-26
161627,population systems,族群系统,,,2012-11-26
161628,population size;breeding size,族群大小,,,2012-11-26
161629,population pressure,族群压力,,,2012-11-26
161630,population pattern of association,族群联合型,,,2012-11-26
161631,population intensity,族群强度,,,2012-11-26
161632,population integration,族群综合;族群自己完成性,,,2012-11-26
161633,population growth,族群成长,,,2012-11-26
161634,population gradation,族群等级,,,2012-11-26
161635,population genetics,族群遗传学,,,2012-11-26
161636,population fluctuation,族群变动,,,2012-11-26
161637,population explosion,族群暴增,,,2012-11-26
161638,population equilibrium;genetic equilibrium,族群平衡,,,2012-11-26
161639,population ecology,族群生态学,,,2012-11-26
161640,population dynamics,族群动态 ,,,2012-11-26
161641,population depression,族群减退,,,2012-11-26
161642,population density,族群密度,,,2012-11-26
161643,population curve,族群曲线,,,2012-11-26
161644,population count,族群计数,,,2012-11-26
161645,population contraction,族群衰退,,,2012-11-26
161646,population cage,族群饲育笼,,,2012-11-26
161647,population analysis,族群分析,,,2012-11-26
161648,population,族群波动;族群大小周期[性][的]婆动,,,2012-11-26
161649,poptic cell,胃酶细胞,,,2012-11-26
161650,poppy;Papaver,罂粟,,,2012-11-26
161651,poppy seed oil,罂粟油,,,2012-11-26
161652,poppy family;Papaveraceae,罂粟科,,,2012-11-26
161653,Popowia pisocarpa Endl.,嘉陵花(蒋英),,,2012-11-26
161654,Popowia,嘉陵花属(番荔枝科),,,2012-11-26
161655,poplar;Populus,杨树,,,2012-11-26
161656,pop corn;Zea mays L. var.everta Bailey;Zea everta Sturt,爆粒种玉蜀黍,,,2012-11-26
161657,poongaoil pongamia;Pongamia pinnata Merr.,水黄皮,,,2012-11-26
161658,Pontederiaceae;Pickerel-weed family,雨久花科;凤眼莲科,,,2012-11-26
161659,ponkan;Chinese honey;wanurco;Citrus poonensis Tanaka,冇柑;椪柑,,,2012-11-26
161660,Pongamia pinnata(L.)Merr;poongaoil pongamia,水黄皮,,,2012-11-26
161661,Pongamia,水黄皮属(豆科),,,2012-11-26
161662,pondweed,眼子菜及一切水中杂草,,,2012-11-26
161663,pond-apple;monkey-apple;Annona glabra L.,圆滑番荔枝,,,2012-11-26
161664,pond weed family;Potamogetonaceae,眼子菜科,,,2012-11-26
161665,pond scums;Spirogyra nitida Link,水绵,,,2012-11-26
161666,pond lily;water lily;water nymph;Nymphaea,水莲;睡莲,,,2012-11-26
161667,pond cypress;Taxodium ascendens Brongn.,池柏,,,2012-11-26
161668,Poncirus trifoliata Raf.trifoliate orange,枸橘(纲目);枳壳,,,2012-11-26
161669,pomology,果树园艺学,,,2012-11-26
161670,Pomoideae,梨亚科(蔷薇科),,,2012-11-26
161671,pomoea dasysperma Jacp.,五爪龙(H.M.),,,2012-11-26
161672,pomiferous,有仁果的,,,2012-11-26
161673,Pometia pinnata Forst;Fiji longan;kasai;Asam kawany,番龙眼;台东龙眼,,,2012-11-26
161674,Pometia,番龙眼属(无患子科),,,2012-11-26
161675,pomegranate family;Punicaceae,安石榴科,,,2012-11-26
161676,pomegranate;delima;punica granatum L.,安石榴;石榴,,,2012-11-26
161677,pome(pomum),梨果;仁果,,,2012-11-26
161678,pomaceous,梨果的;仁果的,,,2012-11-26
161679,Polyzonieae,栉箭藻亚科(红),,,2012-11-26
161680,polyvinyl chloride;PVC,聚氯乙烯,,,2012-11-26
161681,polyvalent serum,多价免疫血清,,,2012-11-26
161682,polyvalent chromosomes;plurivalent chromosomes,多价染色体,,,2012-11-26
161683,polyvalent antibody,多价抗体,,,2012-11-26
161684,polyuronide hemicellulose,多脲亚纤维素,,,2012-11-26
161685,polytypism,多型性,,,2012-11-26
161686,polytypic(Mayr 1942),多型的;有一个以上亚种的,,,2012-11-26
161687,polytypic species,多型种,,,2012-11-26
161688,polytypic evolution,多型的演化,,,2012-11-26
161689,polytropic,(病毒之)可侵入数种组织的,,,2012-11-26
161690,Polytrichum;fair-cup moss,土马騣属;金发藓,,,2012-11-26
161691,Polytrichum strictum Banks,直叶金发藓,,,2012-11-26
161692,Polytrichum piliferum C.Mull,毛尖金发藓,,,2012-11-26
161693,Polytrichum juniperinum Willd.,桧叶大金发藓,,,2012-11-26
161694,Polytrichum formosum Hedw.,拟大金发藓,,,2012-11-26
161695,Polytrichum commune Hedw.,大金发藓;土马騣(嘉祐本草);杉藓(日本),,,2012-11-26
161696,Polytrichum alpinum L.,高山金发藓,,,2012-11-26
161697,Polytrichiidae,金发藓类,,,2012-11-26
161698,Polytrichaceae,1.金发藓科2.土马騣科3.杉藓科(日本),,,2012-11-26
161699,polytopic(Mayr 1963),异地同型(分隔甚远而具有同一表现型的生物群),,,2012-11-26
161700,polytopic subspecies,异地同型亚种,,,2012-11-26
161701,polytomous branching,多轴分枝,,,2012-11-26
161702,polytocous,年年结果的,,,2012-11-26
161703,Polythrinicium trifolii Schmidt;cymadothea trifolii(Persoon)Woef,红花、白花、瑞典三叶草、紫花三叶草煤点病菌,,,2012-11-26
161704,polythalmous gall,多室瘿,,,2012-11-26
161705,Polythrinicium,连香树斑叶病菌属(不),,,2012-11-26
161706,polythalmic fruit,复果;聚花果,,,2012-11-26
161707,polythalmic,多雌花同苞的,,,2012-11-26
161708,polyteny(Koltzoff 1934),多丝性,,,2012-11-26
161709,polytenization,多丝化,,,2012-11-26
161710,polytenic pairing,多丝对合;多丝联会,,,2012-11-26
161711,polytenic (Koltzoff 1934),多丝的,,,2012-11-26
161712,polytene nucleus,多丝核,,,2012-11-26
161713,polytene chromosome;polytenic chromosome,多丝染色体,,,2012-11-26
161714,polytaxic,多趋性,,,2012-11-26
161715,polysymmetry,多面对称的,,,2012-11-26
161716,polysymmetrical,多面对称的,,,2012-11-26
161717,polystylous,多花柱的,,,2012-11-26
161718,Polystigma rubrum Persoon,李叶肿病菌,,,2012-11-26
161719,Polystigma ochraceum(Wahlenbery)Sacc.,灰叶稠梨红点病菌,,,2012-11-26
161720,Polystigma,李叶肿病菌属(囊),,,2012-11-26
161721,Polystictus polyzonus Persoon;Coriolus polyzonus(Persoon)Imazeki,樱类瓦蕈病菌,,,2012-11-26
161722,Polystictus,瓦蕈属(担),,,2012-11-26
161723,Polystichum tsus-simense J. Sm.,对马耳蕨,,,2012-11-26
161724,Polystichum tripteron(Kze.) Presl,三叉耳蕨;蛇舌蕨,,,2012-11-26
161725,Polystichum thomsoni Bedd.,尾叶耳蕨,,,2012-11-26
161726,Polystichum subobliquum Tagawa,知本耳蕨,,,2012-11-26
161727,Polystichum subauriculatum Tagawa,拟韩氏耳蕨,,,2012-11-26
161728,Polystichum stenophyllum Christ var.abbreviatum Tagawa,芽胞小耳蕨,,,2012-11-26
161729,Polystichum stenophyllum Christ,芽胞耳蕨,,,2012-11-26
161730,Polystichum squarrosum(.F)ee,多鳞耳蕨,,,2012-11-26
161731,Polystichum spinescens Tagawa,刺耳蕨,,,2012-11-26
161732,Polystichum rectipinnum Hay.,直叶耳蕨,,,2012-11-26
161733,Polystichum pseudo-stenophyllum Tagawa,玉山小耳蕨,,,2012-11-26
161734,Polystichum prescottianum Morre,南湖耳蕨,,,2012-11-26
161735,Polystichum piceoaceum Tagawa,黑鳞耳蕨,,,2012-11-26
161736,Polystichum parvipinnulum Tagawa,尖叶耳蕨,,,2012-11-26
161737,Polystichum omeiense C.Chr,峨嵋耳蕨;草苓子,,,2012-11-26
161738,Polystichum nepalense C.Chr,软骨耳蕨,,,2012-11-26
161739,Polystichum neolobatum Nakai var.brevipinnum Tagawa,全缘耳蕨,,,2012-11-26
161740,Polystichum neolobatum Nakai,草叶耳蕨;新裂耳蕨,,,2012-11-26
161741,Polystichum morii Hay.,玉山耳蕨,,,2012-11-26
161742,Polystichum makinoi Tagawa,黑鳞耳蕨;黑鳞大耳蕨,,,2012-11-26
161743,Polystichum lepidocarlon J.Sm.,鞭叶耳蕨,,,2012-11-26
161744,Polystichum lachenensse Bedd.,高山耳蕨,,,2012-11-26
161745,Polystichum kodamae Tagawa,儿玉氏耳蕨,,,2012-11-26
161746,Polystichum horridipinnum diels,针叶耳蕨,,,2012-11-26
161747,Polystichum hecatopterum Diels,芒齿耳蕨,,,2012-11-26
161748,Polystichum hancockii(Hance)Diels,小三叶耳蕨;韩氏耳蕨,,,2012-11-26
161749,Polystichum gladiipinnum,关山耳蕨,,,2012-11-26
161750,Polystichum fukuyamae tagawa,福山氏耳蕨,,,2012-11-26
161751,Polystichum fortunei Nakai,贯众,,,2012-11-26
161752,Polystichum formosanum Rosenst，Tagawa,台湾耳蕨,,,2012-11-26
161753,Polystichum falcatum Diels,大耳蕨;海滨桫椤,,,2012-11-26
161754,Polystichum falcatipinum Hay.,镰叶耳蕨,,,2012-11-26
161755,Polystichum eximium C.Chr.,阿里山耳蕨,,,2012-11-26
161756,Polystichum discretum(Don)Diels,线鳞耳蕨,,,2012-11-26
161757,Polystichum deltodon(Bak.)Diels,对生耳蕨,,,2012-11-26
161758,Polystichum deltodon Diels var.pseudo-deltodon Tagawa,拟三角耳蕨,,,2012-11-26
161759,Polystichum craspedosarum(Maxim.)Diels,鞭叶耳蕨,,,2012-11-26
161760,Polystichum carvifolium C.Chr.,圆锥耳蕨,,,2012-11-26
161761,Polystichum C.Chr.var.subbipinnatum Tagawa,蓬莱耳蕨,,,2012-11-26
161762,Polystichum biaristatum Moore,三尖耳蕨,,,2012-11-26
161763,Polystichum aucleatum Schott.,细叶耳蕨,,,2012-11-26
161764,Polystichum alcicorne (Bak.)Diels,角状耳蕨,,,2012-11-26
161765,Polystichum acutidens Christ,尖齿耳蕨;台东耳蕨,,,2012-11-26
161766,Polystichum aculeatum Schott.var.japonicum Christ,毛蕨(名医类案),,,2012-11-26
161767,Polystichum,耳蕨属(鳞毛蕨科),,,2012-11-26
161768,Polystichopsispseudo-aristata Tagawa,小叶复叶耳蕨,,,2012-11-26
161769,polystichous,排列成许多条或许多行的,,,2012-11-26
161770,Polystichopsis subrflexipinna Shieh,拟倒生复叶耳蕨,,,2012-11-26
161771,Polystichopsis quardripinnata Shieh,毛苞复叶耳蕨,,,2012-11-26
161772,Polystichopsis nigrospinosa Shieh,黑刺复叶耳蕨,,,2012-11-26
161773,Polystichopsis hasseltii Ching,琉球复叶耳蕨,,,2012-11-26
161774,Polystichopsis festina Shieh,台湾两面复叶耳蕨,,,2012-11-26
161775,Polystichopsis dimorphylla Shieh,异叶复叶耳蕨,,,2012-11-26
161776,Polystichopsis diffracta Shieh,倒生复叶耳蕨,,,2012-11-26
161777,Polystichopsis cavalerii Tagawa,柯氏复叶耳蕨,,,2012-11-26
161778,Polystichopsis aristata Holtt.,细叶复叶耳蕨,,,2012-11-26
161779,Polystichopsis amabilis Tagawa,大复叶耳蕨,,,2012-11-26
161780,Polystichopsis amabilis Tagaea Var.yakushim-ensis Tagawa,屋久岛复叶耳蕨,,,2012-11-26
161781,Polystichopsis,复叶耳蕨属,,,2012-11-26
161782,polystele,多条中心柱,,,2012-11-26
161783,polyspory,多孢子现象,,,2012-11-26
161784,polystachyous,﹝有许﹞多穗的,,,2012-11-26
161785,polysporous,多孢子的,,,2012-11-26
161786,polyspore(Renner，1916)gonospore,减数无性胞子,,,2012-11-26
161787,Polyspora lini Lafferty,亚麻褐变病菌,,,2012-11-26
161788,polysporangium,多孢子囊,,,2012-11-26
161789,Polyspora Gordonia,大头茶属(山茶科),,,2012-11-26
161790,Polyspora chrysandra(Cowan)Hu,云南山枇花,,,2012-11-26
161791,Polyspora balansae(Pitard.)Hu,海南大头茶,,,2012-11-26
161792,Polyspora axillaris(Roxb.)Sweet,大头茶,,,2012-11-26
161793,polyspindle,多纺锤体,,,2012-11-26
161794,Polysphondylium,珠灰霉属(黏),,,2012-11-26
161795,polyspermy,多精受精;多精入卵,,,2012-11-26
161796,polyspermia,产生过多的精子,,,2012-11-26
161797,Polysomy,多染色体性,,,2012-11-26
161798,polysomic(Blakeslee 1921),多染色体的,,,2012-11-26
161799,polysomic inheritance,多染色体遗传,,,2012-11-26
161800,polysomaty,体细胞多倍体化,,,2012-11-26
161801,polysome(Warner，Rich & Hall. 1962);polyribosome,复核糖体;多核糖体,,,2012-11-26
161802,polysomatic(Lauglet 1927),杂倍体(组织或个体细胞中并列著有二位性与多倍性的细胞),,,2012-11-26
161803,polysiphonous type,多管型,,,2012-11-26
161804,polysiphonous,多管的,,,2012-11-26
161805,Polysiphonieae,丝藻亚科(红),,,2012-11-26
161806,Polysiphonia,红丝藻属(红),,,2012-11-26
161807,Polysiphondylium violaceum Brefeld,紫圆灰菌(黏),,,2012-11-26
161808,Polysiphondylium,圆灰菌属(黏),,,2012-11-26
161809,polysepalous,有多数萼片的,,,2012-11-26
161810,polysepalous calyx,多片萼,,,2012-11-26
161811,Polyscias,福禄桐属,,,2012-11-26
161812,Polysaccharide;polyose,多糖类,,,2012-11-26
161813,polyribosome(Warner Rich & Hall 1962); polyose,多核糖体,,,2012-11-26
161814,Polyporus umbellatus Fr.,猪苓(本经)(担，帽菌类),,,2012-11-26
161815,Polyporus schweinitzii Fries;Phaeolus schwein-itzii(Fries)Patouillard,落叶松腐心病菌,,,2012-11-26
161816,Polyporus officinalis Fries;Larch ageric,落叶松蕈(担，帽菌类),,,2012-11-26
161817,Polyporus igniarius Fries,葡萄猝死病菌,,,2012-11-26
161818,Polyporus frondosus Fr.,舞蕈,,,2012-11-26
161819,Polyporus cinnabarinus Fries;Trametes cinnab-arina(Jacquin)Fries,樱类朱蕈病菌,,,2012-11-26
161820,Polyporus caudicinus Schroter;Laetiporus Sulphreus(Fries)Bondarzew et Singer,梨干心腐病菌,,,2012-11-26
161821,Polyporus,多孔蕈属;落叶松蕈属,,,2012-11-26
161822,polyporous,多孔的,,,2012-11-26
161823,polyporoid,似多孔菌的,,,2012-11-26
161824,Polyporeae,多孔菌亚科;猢狲座蕈亚科,,,2012-11-26
161825,Polyporaceae,多孔菌科(菌蕈目);猢狲座蕈科,,,2012-11-26
161826,polypolid species,多倍体种,,,2012-11-26
161827,Polypodium virginianum L.,东北水龙骨,,,2012-11-26
161828,Polypodium transpiananense Yamam.,疎毛水龙骨,,,2012-11-26
161829,Polypodium thunbergianum Makino,瓦苇,,,2012-11-26
161830,Polypodium raishaense Ros.,大叶水龙骨,,,2012-11-26
161831,Polypodium pseudoamoenum Ching;P.amoenum var.chinense(Christ)Ching,假友水龙骨,,,2012-11-26
161832,Polypodium nipponicum Mett.,水龙骨;石蚕;石豇豆;青石莲,,,2012-11-26
161833,polypodium microrhizoma Clarke,栗柄水龙骨,,,2012-11-26
161834,Polypodium lingua Sw.,石苇(本草纲目);石兰(本草纲目);石皮(名医别录),,,2012-11-26
161835,Polypodium L.,欧亚水龙骨,,,2012-11-26
161836,Polypodium hastatum Thunb.,鹅掌金星草;鹅脚草(蕨);七星草(本草纲目),,,2012-11-26
161837,Polypodium formosanum Bak.,台湾水龙骨,,,2012-11-26
161838,Polypodium eusatum Thunb.,水石苇,,,2012-11-26
161839,Polypodium deilsianum C.Chr.,川水龙骨,,,2012-11-26
161840,Polypodium argutum Wall.,尖齿水龙骨,,,2012-11-26
161841,Polypodium anoenum var.pilosa Clarke,柔毛水龙骨,,,2012-11-26
161842,Polypodium amoenum Wall.,友水龙骨;阿里山水龙骨,,,2012-11-26
161843,Polypodium amoenum var.duclouxii(Christ)Ching,红杆水龙骨,,,2012-11-26
161844,Polypodium,水龙骨属;瓦苇属,,,2012-11-26
161845,Polypodiinae,瓦苇族,,,2012-11-26
161846,Polypodiopsis,(凤尾藓属)多枝凤尾藓亚属,,,2012-11-26
161847,Polypodieae,瓦苇亚族,,,2012-11-26
161848,polypodial branching,多轴分枝,,,2012-11-26
161849,Polypodiaceae,水龙骨科;瓦苇科,,,2012-11-26
161850,polyploidy berrding,多倍体育种法,,,2012-11-26
161851,polyploidy,多倍性;倍数性,,,2012-11-26
161852,polyploidization,(染色体)多倍体化,,,2012-11-26
161853,polyploid(Winkler 1916),(染色体)多倍体;多元体,,,2012-11-26
161854,polyploid series,多倍体系列,,,2012-11-26
161855,polyploid plant,多倍体植物,,,2012-11-26
161856,polyploid perse,多倍体自身,,,2012-11-26
161857,polyploid level,多倍体级,,,2012-11-26
161858,polyploid complex,多倍体复合群,,,2012-11-26
161859,polyploid agent,多倍体诱变物质,,,2012-11-26
161860,polyplastic,多塑性的,,,2012-11-26
161861,polyplanetism,多次游泳性,,,2012-11-26
161862,polyphyllous,多叶的,,,2012-11-26
161863,polyphyletic;polygenetic,多源的,,,2012-11-26
161864,polyphyletic evolution,多源演化,,,2012-11-26
161865,polyphylesis,多源发生,,,2012-11-26
161866,polyphosphoric acid;metaphosphoric acid,多磷酸;偏磷酸,,,2012-11-26
161867,polypheny(Haecker 1925);pleiotropy,多效性;表现多型,,,2012-11-26
161868,polyphenolase,多酚酶,,,2012-11-26
161869,polyphenol oxidase,多酚氧化醇,,,2012-11-26
161870,polyphasy,多相性,,,2012-11-26
161871,polyphasic disperse phase,多相分散态,,,2012-11-26
161872,polyphasic,多相的,,,2012-11-26
161873,polypetaly,多瓣性,,,2012-11-26
161874,polypetalous flower,多瓣花,,,2012-11-26
161875,polypetalous,多瓣的,,,2012-11-26
161876,Polypetalae,多瓣类,,,2012-11-26
161877,polypeptide chain,多肽链;多胜链,,,2022-05-26
161878,polypeptide,多肽 ;多胜 ,,,2012-11-26
161879,polypeptidase,多肽酶 :多胜酶,,,2012-11-26
161880,polyparasitism,多寄生性,,,2012-11-26
161881,polyoxybiotic,多氧性的,,,2012-11-26
161882,polyovulation,多排卵,,,2012-11-26
161883,Polyosma cambodiana Gagnep.,多香木,,,2012-11-26
161884,Polyosma,多香木属(虎耳草科),,,2012-11-26
161885,polyose;polysaccharide,多糖类,,,2012-11-26
161886,Polyopess,多叉红藻,,,2012-11-26
161887,polyoicous,雌雄杂株,,,2012-11-26
161888,polynucleotide phosphorylase,多核苷酸磷酸,,,2012-11-26
161889,polynucleotide ligase(Weiss & Richardson 1967),多核苷酸联系,,,2012-11-26
161890,polynucleotide,多核 苷酸,,,2012-11-26
161891,polynucleotidase,多核苷酸酶,,,2012-11-26
161892,polynucleolar,多核仁的,,,2012-11-26
161893,polynucleate,多核的,,,2012-11-26
161894,polynuclear leucocyte,多核白血球,,,2012-11-26
161895,polynomials,多项式,,,2012-11-26
161896,polynomial distribution,多项分布,,,2012-11-26
161897,polynemic,(染色体)多丝的,,,2012-11-26
161898,polynomial curves,多项式曲线,,,2012-11-26
161899,polymyxin,多黏根菌素(在Bacillus polymyxa培养液中发现的抗菌性多钛类有A~E等),,,2012-11-26
161900,polymorphoonuclear cell,多型核细胞,,,2012-11-26
161901,polymorphonuclear leucocyte,多型核白血球,,,2012-11-26
161902,polymorphism,多型性;多型现象,,,2012-11-26
161903,polymorphic species,多型种,,,2012-11-26
161904,polymorphic nucleus,多型核,,,2012-11-26
161905,polymorphic leaf,多型叶,,,2012-11-26
161906,polymodal curve,多顶曲线,,,2012-11-26
161907,polymorphic colony,多型聚落,,,2012-11-26
161908,polymitosis(Beadle 1933),多次有丝分裂;重复无性分裂,,,2012-11-26
161909,polymery;polymeric gene;polygene;multiple gene,等效异位基因,,,2012-11-26
161910,polymerous,多数的;多出的,,,2012-11-26
161911,Polymerodon,玻利维亚异毛藓属(于),,,2012-11-26
161912,polymerization,聚合作用,,,2012-11-26
161913,polymerism,聚合性,,,2012-11-26
161914,polymeric gene(Nillson-Ehle 1908)multiple genes;polygene;polymery,等效异位基因;多基因;复基因,,,2012-11-26
161915,polymerase,聚合物酶;重合体酶,,,2012-11-26
161916,polymer,聚合物;聚合体;多重体,,,2012-11-26
161917,polykinetic;polycentric,(染色体)复著丝点的;多中节的,,,2012-11-26
161918,polykaryotic,多核细胞的,,,2012-11-26
161919,polykaryon,多核体,,,2012-11-26
161920,Polykaryocytosis,多核细胞形成,,,2012-11-26
161921,polykaryoctye,多核细胞,,,2012-11-26
161922,polyinfertion,多种菌感染;混合感染,,,2012-11-26
161923,polyhybrid(de Vries 1900),多对基因杂种;多性状杂种,,,2012-11-26
161924,polyhybrid ratio,多对基因杂种分离比,,,2012-11-26
161925,polyhexose;polysaccharides,多糖类,,,2012-11-26
161926,polyhedral disease,多角体病,,,2012-11-26
161927,polyhedral body,多角体,,,2012-11-26
161928,polyhedral cell,多角细胞,,,2012-11-26
161929,polyhaploid(Katayama 1935),多倍单元体,,,2012-11-26
161930,polyhalinous,多盐的,,,2012-11-26
161931,polygyny,一雄多雌(一个雄性前核与二或二个以上的雌性前核相结合),,,2012-11-26
161932,polygrynous,多雌的,,,2012-11-26
161933,polygraph,多种波动描写器,,,2012-11-26
161934,Polygonum;bistort;kontweed;Joint Weed;Smart weed;fleece flower,蓼属,,,2012-11-26
161935,Polygonum viviparum L.,珠芽蓼;山高梁;零余子;珍珠菜,,,2012-11-26
161936,Polygonum viscosum Buch.-Ham.,黏毛蓼;香蓼(日本),,,2012-11-26
161937,Polygonum virginianum L.,金线草,,,2012-11-26
161938,Polygonum tinclorium Ait.;Persicaria tinctorium Lour.;Chinese indigo,蓝(本经，纲目);蓼蓝,,,2012-11-26
161939,Polygonum thynbergii S.et Z.,战叶蓼;沟荞麦(日本),,,2012-11-26
161940,Polygonum tenuicaule Biss.et Moore,紫参(本经);马行(别录);牡蒙;童肠;众戎;五鸟花(纲目),,,2012-11-26
161941,Polygonum sufftuum Maxim.,支柱蓼;九年造,,,2012-11-26
161942,Polygonum sphaerostachyum Meisn.,圆穗蓼,,,2012-11-26
161943,Polygonum sieboldii Meisn.,箭叶蓼,,,2012-11-26
161944,Polygonum sibiricum Maxim.,西伯利亚蓼；剪刀股,,,2012-11-26
161945,Polygonum senticosum (Meisn.)Franch.et Savat.,刺蓼,,,2012-11-26
161946,Polygonum sachalinense Fr.Schm,大虎杖；库页岛虎杖,,,2012-11-26
161947,Polygonum runcinatum Buch.-Ham.,赤胫散;散红丹,,,2012-11-26
161948,Polygonum persicaria L.,马蓼(本草纲目);春蓼(日本),,,2012-11-26
161949,Polygonum Reynoutria Makino,虎杖(别录);蛇尔草(拾遗),,,2012-11-26
161950,Polygonum perfoliatum L.,杠板归;刺犁头;蛇倒退,,,2012-11-26
161951,Polygonum paleaceum Wall.,草血褐,,,2012-11-26
161952,Polygonum orientale L.var.pilosum Meisn.;princes-feather,(诗经);红草(毛经);红蓼;龙古(尔 雅);马蓼(陆疏);水荭(本经),,,2012-11-26
161953,Polygonum orientale L.,荭草;天蓼(别录);游龙,,,2012-11-26
161954,Polygonum orientale L.,荭蓼;东方蓼,,,2012-11-26
161955,Polygonum officinale All.;P.japonicum Moll.et Dence.,萎蕤,,,2012-11-26
161956,Polygonum nodosum Perl.;Persicaria nodosa Opiz,大犬蓼(日本),,,2012-11-26
161957,Polygonum nepalense Meisn.,尼尔蓼;野荞麦草,,,2012-11-26
161958,Polygonum multiflorum Thunb.,何首乌(开宝);夜交藤;赤葛;九真藤(纲目);马肝石(本草纲目);红内消(本草纲目);地精(药材学);多花蓼,,,2012-11-26
161959,Polygonum mandshuricum Skv.,普通蓼(中药志),,,2012-11-26
161960,Polygonum maackianum Regel,长戟叶蓼,,,2012-11-26
161961,Polygonum lapathifolium L. var.salicifolium Sibthorp;Fructus Polygoni Salicifolii,柳叶蓼;水红花;水红蓼(药材学),,,2012-11-26
161962,Polygonum lapathifolium L.,酸模叶蓼;旱苗蓼,,,2012-11-26
161963,Polygonum japonicum meisn.,蚕尔草(本草拾遗),,,2012-11-26
161964,Polygonum hydropiper L.var.laetevirens Makion,青蓼,,,2012-11-26
161965,Polygonum hydropiper L.var.maxino-wiczii Mak.,细叶蓼,,,2012-11-26
161966,Polygonum hydropiper L.forma aguatiarm Makino;P.flaccidum Roxb.,水蓼(唐本);辣蓼,,,2012-11-26
161967,Polygonum hydropiper L.f.purpurascens Mak.,红蓼,,,2012-11-26
161968,Polygonum hydropiper L.,蓼(本草经),,,2012-11-26
161969,Polygonum heterophylum L. P.aviculare L.var.vegetum Ledeb.,异叶蓼(中药志),,,2012-11-26
161970,Polygonum giganteum Dietr.var.thunbergii Maxim.,重楼;黄精(别录);鸡格;龙衔(广雅);垂珠;马箭,,,2012-11-26
161971,Polygonum filiforme Thunb.,毛蓼(拾遗),,,2012-11-26
161972,Polygonum divarcatum L.,叉分蓼,,,2012-11-26
161973,Polygonum dissitiflorum Hemsl.,稀花蓼,,,2012-11-26
161974,Polygonum cuspidatum S.et Z.,川筋龙;酸汤杆;花斑竹根;虎杖;酸杖(本草纲目);黄药子;活血丹;紫金龙;斑杖(药材学),,,2012-11-26
161975,Polygonum convoluvlus L.,卷茎蓼;荞麦葛(日本),,,2012-11-26
161976,Polygonum conspicuum Nakai;Persicaria conspieua Nakai,蚕尔草,,,2012-11-26
161977,Polygonum chinensis L.var. thunber-gianum Meisn.;Fagopyrum cymosum Meisn.,赤地利(唐本),,,2012-11-26
161978,Polygonum chinensis L.,火炭母;黄鳝藤;晕药,,,2012-11-26
161979,Polygonum chinense L. var. umbellatum Makino,水炭母草(图经),,,2012-11-26
161980,Polygonum caespitosum Bl.,丛枝蓼,,,2012-11-26
161981,Polygonum bungeanum Turcz.,柳叶刺蓼,,,2012-11-26
161982,Polygonum blumei Meisn.,犬蓼(日本),,,2012-11-26
161983,Polygonum bistorta L.;,紫参;蚤休(本经);秦参;紫河草(图经本草);重楼~【牛+龙】3~(唐本草);刀剪药;草河(王一仁编饮片新参),,,2012-11-26
161984,Polygonum barbatum L.,毛蓼,,,2012-11-26
161985,Polygonum avicular L.;Swine gras,萹蓄(本经);猪牙草;萹竹牙(东北);鸟蓼;扁竹;姝子草(湖南);扁竹(湖南永顺);大铁马鞭(江西都昌);地蓼(陕西);牛鞭草(苏北),,,2012-11-26
161986,Polygonum amphibium L.,水陆两生蓼,,,2012-11-26
161987,Polygonideae,蓼亚科,,,2012-11-26
161988,Polygoneae,蓼族,,,2012-11-26
161989,Polygonatum;Solomons-seal,黄精属;萎蕤属(百合科),,,2012-11-26
161990,Polygonatum officinale Alloiomi;P.japonicum Morr.et Decne.,萎蕤(本草经);玉竹(别录),,,2012-11-26
161991,Polygonatum japonicum Morr，et Decne.;P.officinale Alloioni,萎蕤(本草经);玉竹(别录),,,2012-11-26
161992,Polygonatum falcatum A.Gray;p.sibiricum Redoute,黄精(别录),,,2012-11-26
161993,polygonal graph,多角形图;多边形图,,,2012-11-26
161994,Polygonales,蓼目,,,2012-11-26
161995,polygonal,多角科;多边型,,,2012-11-26
161996,Polygonaceae;buckwheat family;knotweed family;rhubarb family,蓼科,,,2012-11-26
161997,polyglutamic acid,多基 麸 酸,,,2012-11-26
161998,polygeny,多基因性，微效基因型,,,2012-11-26
161999,polygenome hybrid,多染色体组杂种,,,2012-11-26
162000,polygenism,多元发生说,,,2012-11-26
162001,polygenic system,微效基因系统,,,2012-11-26
162002,polygenic lethality(Hadorn 1955),多基因致死型,,,2012-11-26
162003,polygenic inheritance,微效基因遗传,,,2012-11-26
162004,polygenic combination,微效基因组合;多基因组合,,,2012-11-26
162005,polygenic character,微效基因性状,,,2012-11-26
162006,polygenic balance,微效基因均衡,,,2012-11-26
162007,polygenetic;polyphyletic,多元起源的;多源的,,,2012-11-26
162008,polygene(Plate 1913，Mather 1941),微效基因;多基因,,,2012-11-26
162009,polygene theory,微效基因说,,,2012-11-26
162010,polygamy,多配性(一雄多雌);两性花单性花同株,,,2012-11-26
162011,polygamous flower,杂性花,,,2012-11-26
162012,polygamous,有两性花与单性花的;有雌花、雄花与两性花,,,2012-11-26
162013,polygamodioecious,单性杂性的,,,2012-11-26
162014,Polygamia,雌雄杂株门,,,2012-11-26
162015,polygalacturonic acid,多元乳糖醛酸,,,2012-11-26
162016,Polygalaceae;milkwort family,远志科,,,2012-11-26
162017,Polygala;milkwort,远志属(远志科),,,2012-11-26
162018,polygala wattersii Hance,长毛远志,,,2012-11-26
162019,Polygala tenuifolia Willd.,远志(本草经);棘菀,,,2012-11-26
162020,Polygala telephioides Willd.,小花远志,,,2012-11-26
162021,Polygala tatarinowii Rgeal,小扁豆,,,2012-11-26
162022,Polygala sibirica L.,西伯利亚远志(中药志);金锁匙;神砂草,,,2012-11-26
162023,Polygala Senega L.,北美远志,,,2012-11-26
162024,Polygala persicar-ifolia DC.,蓼叶远志,,,2012-11-26
162025,Polygala japonica Houtt.,似金瓜子;远志瓜子金(中药志),,,2012-11-26
162026,Polygala furcata Royle,叉枝远志,,,2012-11-26
162027,Polygala hybrida DC.,新疆远志,,,2012-11-26
162028,Polygala fallas Hemsl.,假黄花远志,,,2012-11-26
162029,Polygala caudata Rehd.et Wils.,尾叶远志,,,2012-11-26
162030,Polygala chinensis L.,金不换;金牛草;坡白草,,,2012-11-26
162031,Polygala arillata Buch.-Ham.,黄花远志,,,2012-11-26
162032,polyfertilization,混精授精,,,2012-11-26
162033,polyfatherhood,多父授精;多父性,,,2012-11-26
162034,polyergistic(Waddington 1955),由二个或二个以上基因系统竞争控制[的]性状,,,2012-11-26
162035,Polyenergid(Sachs 1892),(可行多次分裂的)多核细胞,,,2012-11-26
162036,polyembryonous,多胚性的,,,2012-11-26
162037,polyembryony(Braun 1859),多胚性,,,2019-08-26
162038,polydirectional mutation,多向突变,,,2012-11-26
162039,polydactyly,多指(趾)症,,,2012-11-26
162040,polycycly,多环形,,,2012-11-26
162041,polycyclic type,(肥大生长的)多环性,,,2012-11-26
162042,polycyclic stele,多环中心柱,,,2012-11-26
162043,polycyclic flower,多环花,,,2012-11-26
162044,polycyclic,多环性;多周期性,,,2012-11-26
162045,polycross test,多交检定,,,2012-11-26
162046,polycross seed,多交种子,,,2012-11-26
162047,polycross,多系交配;多交,,,2012-11-26
162048,polycotyledonous,多子叶的,,,2012-11-26
162049,polycotyledones,多子叶植物,,,2012-11-26
162050,polyclimax theory,多安定相说;多极相说,,,2012-11-26
162051,polycistrooonic transcript,多作用子转录;多顺反子转录,,,2012-11-26
162052,polycistronic,多作用子的;多顺反子的;多肽链遗传讯息,,,2012-11-26
162053,polychromatism,多色现象,,,2012-11-26
162054,polychromatic,多色的,,,2012-11-26
162055,polychromasia,多染性,,,2012-11-26
162056,polychlamydeous chimaera,多层周缘嵌合体,,,2012-11-26
162057,polycentric(Darlington 1937)chromosome,多中节染色体,,,2012-11-26
162058,polycellular gland,多细胞腺,,,2012-11-26
162059,Polycaulous,多茎的;多轴的,,,2012-11-26
162060,Polycarpous,一年数次结果实的,,,2012-11-26
162061,Polycarpon indicum(Retz)Merr.,多荚草,,,2012-11-26
162062,Polycarpon,多荚草属(石竹科),,,2012-11-26
162063,polycarpic plant;pollacanthic plant,一年多次结果植物,,,2012-11-26
162064,polycarpellary pistil,多心皮雌蕊,,,2012-11-26
162065,polycarpellary ovary,多心皮子房,,,2012-11-26
162066,polycarpellary,多心皮的,,,2012-11-26
162067,Polycarpaea corymbosa(L.)Lam.,白鼓钉;满天星草,,,2012-11-26
162068,Polycarpaea,白鼓钉属(石竹科),,,2012-11-26
162069,polycambial,多形成层的,,,2012-11-26
162070,Polybotrya,葡萄囊蕨属,,,2012-11-26
162071,polyblast,多元细胞,,,2012-11-26
162072,polybasic (Darling-ton&Janaki Ammal 1945),多基数多倍数,,,2012-11-26
162073,polyastral type,多星型,,,2012-11-26
162074,polyase;polysaccharase,多糖,,,2012-11-26
162075,polyarch xylem,多芒木质部,,,2012-11-26
162076,polyarch spindle,多极纺锤体,,,2012-11-26
162077,polyarch,多原型;多弧型,,,2012-11-26
162078,polyanthus;Primula polyantha Hort.,西洋报春花,,,2012-11-26
162079,polyanthocarpium;syncarp;multiple fruit,多花果,,,2012-11-26
162080,polyandry,1.多雄蕊性2.在卵细胞中有一个以上的雄性前核,,,2012-11-26
162081,polyandrous,多雄蕊的,,,2012-11-26
162082,Polyandria,多雄蕊门,,,2012-11-26
162083,Polyalthia suberosa Thwaits,鸡爪树(海南),,,2012-11-26
162084,Polyalthia rumphii Merr.,大花暗罗(陈嵘),,,2012-11-26
162085,Polyalthia oligogyna Merr.,陵水暗罗(蒋英),,,2012-11-26
162086,Polyalthia laui Merr.,海南暗罗(陈嵘),,,2012-11-26
162087,Polyalthia cerasoides(Roxb.)Benth.et Hook.f.ex Bedd.,细基丸;老人皮,,,2012-11-26
162088,polyallel crossing;diallel crossing,全互交,,,2012-11-26
162089,Polyalthia,暗罗属(番荔枝科),,,2012-11-26
162090,polyadelphous stamen,多体雄蕊,,,2012-11-26
162091,Polyadelphia,多体雄蕊门,,,2012-11-26
162092,polyad,多子体;多粉体,,,2012-11-26
162093,polyacrylamide gel electrophoresis,多丙烯醯胺凝胶电泳,,,2012-11-26
162094,poly A0 f eucaryotic mRNA,真核多A传讯核糖核酸,,,2012-11-26
162095,Polosphaera oxycanthae(DC.)de Bary.; P.tridactyla(Wallroth)de Bary,桃、李、樱桃白涩病菌,,,2012-11-26
162096,pollution,污染作用,,,2012-11-26
162097,polocyte;polar body;polar globule,极体;极细胞,,,2012-11-26
162098,pollinizer,授粉植物;授粉树,,,2012-11-26
162099,pollinodium;antheridium,精胞,,,2012-11-26
162100,pollinium(pl.pollinia);pollen mass,花粉块,,,2012-11-26
162101,polliniferous,具有或产生花粉的,,,2012-11-26
162102,pollination,传粉作用;授粉,,,2012-11-26
162103,pollination drop,传粉滴;授粉液,,,2012-11-26
162104,pollination medium,传粉媒介,,,2012-11-26
162105,pollinarium,花粉团,,,2012-11-26
162106,pollicate,有曲刺的,,,2012-11-26
162107,Pollia japonica Thunb(鸭跖草科),杜若(本草经);土杏(博物志);蘅薇香(广群芳谱),,,2012-11-26
162108,pollenosis,花粉病,,,2012-11-26
162109,pollen-mother-cell;PMC;microsporocyte;microspore-mother-cell,花粉母细胞,,,2012-11-26
162110,pollen tube competition,花粉管竞争,,,2012-11-26
162111,pollen tube nucleus,花粉管核,,,2012-11-26
162112,pollen tube cell,花粉管细胞,,,2012-11-26
162113,pollen tube,花粉管,,,2012-11-26
162114,pollen tetrad,花粉四分子,,,2012-11-26
162115,pollen tetrahedron,四角锥形花粉,,,2012-11-26
162116,pollen stratigraphy,(地层或湖底)沉积花粉[之]层次研究,,,2012-11-26
162117,pollen sterility,花粉不孕性,,,2012-11-26
162118,pollen spectrum,花粉谱,,,2012-11-26
162119,pollen segregation,花粉分离,,,2012-11-26
162120,pollen sac; theca,花粉囊;药囊,,,2012-11-26
162121,pollen restoration,花粉机能恢复,,,2012-11-26
162122,pollen plate,花粉板,,,2012-11-26
162123,pollen parent,花粉亲体;雄亲,,,2012-11-26
162124,pollen mixture,混合花粉,,,2012-11-26
162125,pollen mass,花粉块,,,2012-11-26
162126,pollen lethal,花粉致死,,,2012-11-26
162127,pollen hormone,花粉激素,,,2012-11-26
162128,pollen grain mitosis,花粉粒有丝分裂,,,2012-11-26
162129,pollen grain,花粉粒,,,2012-11-26
162130,pollen flower,花粉花;雄花,,,2012-11-26
162131,pollen embryo sac,花粉胚囊,,,2012-11-26
162132,pollen diagram,花粉分布图,,,2012-11-26
162133,pollen chamber,花粉室;花粉腔,,,2012-11-26
162134,pollen basket,花粉篮;花粉槽,,,2012-11-26
162135,pollen analysis,花粉分析,,,2012-11-26
162136,pollen abortion,花粉退化,,,2012-11-26
162137,pollen,花粉,,,2012-11-26
162138,Pollacia elegans Servazzi;Venturia pipulina (Vuillenin)Fabric,杨类春季荷叶病菌,,,2012-11-26
162139,pollacanthic plant;polycarpic plant,一年多次结果 植物,,,2012-11-26
162140,Polla,(提灯藓属)双齿组,,,2012-11-26
162141,Polish wheat;Triticum polonicum L.,波兰小麦,,,2012-11-26
162142,Poliothyrsis sinensis Oliv.,山拐枣 ,,,2012-11-26
162143,Poliothyrsis,山拐枣属(大风子科),,,2012-11-26
162144,Poliotelium hyalospora(Sawaea)Mains,相思树锈病菌,,,2012-11-26
162145,polioplasm,颗粒质,,,2012-11-26
162146,polinose,被有花粉的,,,2012-11-26
162147,Polianthes; tuberose,晚香玉属 (石蒜科),,,2012-11-26
162148,Polianthes; tuberosa L.; tuberose,晚香玉;月下香;夜来香,,,2012-11-26
162149,Poliaeformia,真藓属真藓亚属,,,2012-11-26
162150,Polemonium,花荵属,,,2012-11-26
162151,Polemonium coeruleum L.,花荵 (日本),,,2012-11-26
162152,Polemoniaceae;phlox family;phloxwarts,花荵目,,,2012-11-26
162153,pole plate,极板,,,2012-11-26
162154,pole spindle,纺锤体极,,,2012-11-26
162155,pole plasm,极原生质,,,2012-11-26
162156,pole nucleus;polar nucleus,极核,,,2012-11-26
162157,pole cell,极细胞,,,2012-11-26
162158,pole beans;Phaseolus vulgaris L.,蔓性菜豆,,,2012-11-26
162159,Polatiaceae,灰莉科,,,2012-11-26
162160,pole,极,,,2012-11-26
162161,polaron(Lissouba &Rizet 1960),极子;[小段染色体或DAN内由于基因转换有]极性[的发生]基因重组,,,2012-11-26
162162,polaron hybrid DNA model(Whitehouse 1963),极子杂种去氧核糖核酸模型,,,2012-11-26
162163,polarogram,偏光谱,,,2012-11-26
162164,polarography,偏光谱分析,,,2012-11-26
162165,polarized state,极化状态,,,2012-11-26
162166,polarized segregation,电极化分离,,,2012-11-26
162167,polarized membrane,极化膜,,,2012-11-26
162168,polarized light,偏极化光;偏光,,,2012-11-26
162169,polarization potential,极化电位,,,2012-11-26
162170,polarization microscope,偏光显微镜,,,2012-11-26
162171,polarization,极光,,,2012-11-26
162172,polarity(Franklin & Luria 1961，Jacob &Luria 1961，Jacob &Monod 1961),极性(因操纵子内基因突变而引致构造基因所控制的酵素 作用降低及酵素合成减少),,,2012-11-26
162173,polarity mutation(Franklin & Luria 1961， Jacob & Monod 1961); polar mutation,极性突变（基因突变影响同一操纵子内末端若干基因之功能）,,,2019-08-26
162174,polarity gradient,极性渐差度,,,2012-11-26
162175,polarity,极性,,,2012-11-26
162176,polariscopic analysis,旋光分析法,,,2012-11-26
162177,polarimetry,旋光测定法,,,2012-11-26
162178,polar zone,极带,,,2012-11-26
162179,polarimeter,旋光计,,,2012-11-26
162180,polar view,极面观,,,2012-11-26
162181,polar tubules,极微管,,,2012-11-26
162182,polar transport,极性运转;极部运输,,,2012-11-26
162183,polar repulsions,极性扺抗;同极相斥,,,2012-11-26
162184,polar spore,端极孢子,,,2012-11-26
162185,polar subsidiary cell,极副卫细胞,,,2012-11-26
162186,polar rays,(由中心粒放射出的)极射线,,,2012-11-26
162187,polar plate;pole plate,极板,,,2012-11-26
162188,polar radiation,极幅射,,,2012-11-26
162189,polar plasm;pole plasm,极质,,,2012-11-26
162190,polar organization,极性构成,,,2012-11-26
162191,polar nucleus;ploar nuclei(pl.)pole nucleus,极核,,,2012-11-26
162192,polar mutation;polarity mutation,(操纵子)极性突变,,,2012-11-26
162193,polar movement,向极移动,,,2012-11-26
162194,polar granule,极粒 ,,,2012-11-26
162195,polar globulk;polar body;polocyte,极体,,,2012-11-26
162196,polar fusion nucleus,并合极核,,,2012-11-26
162197,polar furrow,极沟,,,2012-11-26
162198,polar filament,极丝,,,2012-11-26
162199,polar encircling cell,环极细胞,,,2012-11-26
162200,polar field,极区,,,2012-11-26
162201,polar corpuscle,极球,,,2012-11-26
162202,polar division,极体分裂,,,2012-11-26
162203,polar cell,极细胞,,,2012-11-26
162204,polar capsule,极囊,,,2012-11-26
162205,polar cap stage,极帽期,,,2012-11-26
162206,polar cap,极帽,,,2012-11-26
162207,polar axis,极轴,,,2012-11-26
162208,polar body(Robin 1862):polocyte;polar globule,极体,,,2012-11-26
162209,polar area,极面,,,2012-11-26
162210,Polanisia trachysperma Torr.et Gray;Cleome graveolens Rafln.,三叶风蝶草,,,2012-11-26
162211,Polanisia icosandra(L.)Wight et Arn.;Cleome Viscosa L.;Polanisia viscosa L.,黄花菜;野油菜(白花菜科),,,2012-11-26
162212,poky,(红霉的)呼吸酵素突变,,,2012-11-26
162213,pokeweed;pokeberry;phytolacca,商陆,,,2012-11-26
162214,Poke-weed family;Phytolaceaceae,商陆科,,,2012-11-26
162215,pokeberry;pokewwd;phytolacca,商陆,,,2012-11-26
162216,poium,低草地群落,,,2012-11-26
162217,Poisson distribution,卜瓦松氏分布,,,2012-11-26
162218,Poison-wood,1.一种漆树2.大戟科植物的一种,,,2012-11-26
162219,poison-tree,1.澳洲产的一种毒树2.毒漆树(Poison-sumac),,,2012-11-26
162220,poisonous plants,有毒植物,,,2012-11-26
162221,poisonous fungi,毒菌,,,2012-11-26
162222,poison-ivy;poisonous-oak;Rhus orientalis Schneid.;Rhus Ambigua Lav.,野葛,,,2012-11-26
162223,poison sumac;Rhus vernix,毒漆树,,,2012-11-26
162224,poison oak;poison ivy;Rhus toxicodendron;Rhus orientalis Schneid,野葛,,,2012-11-26
162225,poison nut;nux vomica,马钱子,,,2012-11-26
162226,poison hemlock;Conium maculatum,毒胡萝卜,,,2012-11-26
162227,poison cell,毒细胞,,,2012-11-26
162228,point stickness,(姊姊染色分体)局部黏著,,,2012-11-26
162229,point of spindle;spindle fiber attachment,纺锤丝附著点,,,2012-11-26
162230,point mutation (Bridges 1923),点突变; 基因突变,,,2012-11-26
162231,point error(La Cour& Rutishauser 1954),染色体加位局部的失败(拟交叉),,,2012-11-26
162232,poinsettia;lobster-flower;Euphorbia pulch-erima Willd.,猩猩木;耶诞红;一品红,,,2012-11-26
162233,Poinciana,肖凤凰木属,,,2012-11-26
162234,Poilaniella,王蕊王属(大戟科),,,2012-11-26
162235,poikilothermous,变温的,,,2012-11-26
162236,poikilosmotic,变渗透压的,,,2012-11-26
162237,poikiloploid(Levy 1920)mixoploid,(染色体)混数体,,,2012-11-26
162238,pohotobiological process,光生物过程,,,2012-11-26
162239,Pohlia yiinnanensis(Besch)Chen,云南丝瓜藓,,,2012-11-26
162240,Pohlia timmioides Broth,狭叶丝瓜藓,,,2012-11-26
162241,Pohlia subflexuosa Broth,扭叶丝瓜藓,,,2012-11-26
162242,Pohlia subcompactula (Chen)Chen,拟密叶丝瓜藓,,,2012-11-26
162243,Pohlia Scabridnes Jacg.,疣齿丝瓜藓,,,2012-11-26
162244,Pohlia saprophile Broth,腐生丝瓜藓,,,2012-11-26
162245,Pohlia pygmaea (Broth)Chen,矮生丝瓜藓,,,2012-11-26
162246,Pohlia propagulifera Broth,芽苞丝瓜藓,,,2012-11-26
162247,Pohlia polymorpha Hopp.et Hornsch,多态丝瓜藓,,,2012-11-26
162248,Pohlia oedoneura(C.mull.)Chen,陕西丝瓜藓,,,2012-11-26
162249,Pohlia nutans(Schreb)Lindb.,黄丝瓜藓,,,2012-11-26
162250,Pohlia Memicaulon (C.Mull.)Chen,纤枝丝瓜藓,,,2012-11-26
162251,Pohlia Leticuspus(Broth)Chen,粗枝丝瓜藓,,,2012-11-26
162252,Pohlia graciliformis(Card.et Ther)Chen,细枝丝瓜藓,,,2012-11-26
162253,Pohlia Elongata Hedw.,长蒴丝瓜藓,,,2012-11-26
162254,Pohlia cruda(L.)Lindb.,丝瓜藓,,,2012-11-26
162255,Pohlia commutata(Schimp)Lindb.,林地丝瓜藓,,,2012-11-26
162256,Pohlia ciliifera Broth,毛尖丝瓜藓,,,2012-11-26
162257,Pohlia campactula(C.Mull.)Chen,密叶丝瓜藓,,,2012-11-26
162258,Pohlia cavalieri(Ther)Chen,贵州丝瓜藓,,,2012-11-26
162259,Pohlia atrothecia (C.Mull.Chen),红蒴丝瓜藓,,,2012-11-26
162260,Pohlia acuminata Hopp et Hornsch,尖叶丝瓜藓,,,2012-11-26
162261,Pohlia,丝瓜藓属(真藓科),,,2012-11-26
162262,Pogostemon Patchouli Pelletir;P.cablin(Blanco)Benth.,排香草;广藿香(药材学),,,2012-11-26
162263,Pogostemon cablin(Blanco)Benth.,广藿香(中药志)(薄荷科),,,2012-11-26
162264,Pogonia urnigerum(L.)Palis.,疣朱兰,,,2012-11-26
162265,Pogonia tortipes(Wils.)Jacg.,卷叶朱兰,,,2012-11-26
162266,Pogonia thomsonii Mitt.,汤氏朱兰,,,2012-11-26
162267,Pogonia submicrostomum Broth,红帽朱兰,,,2012-11-26
162268,Pogonia Spinulosum Mitt.,苞叶朱兰,,,2012-11-26
162269,Pogonia semilamellatum(Hook.)Chen,皱叶朱兰,,,2012-11-26
162270,Pogonia setschwanicum Broth,四川朱兰,,,2012-11-26
162271,Pogonia perichaetiale(Mont.)Jacg.minor Makino,全缘朱兰,,,2012-11-26
162272,Pogonia nudiusculum Mitt.,川西朱兰,,,2012-11-26
162273,Pogonia minor Makino;P.japonica Reichb.f.var.,小朱鹭兰(日本);小朱兰,,,2012-11-26
162274,Pogonia microstomum(P.Br.)Brid.,小口朱兰,,,2012-11-26
162275,Pogonia macrophyllum Bryol.jav.,大叶朱兰,,,2012-11-26
162276,Pogonia macrocarpum Broth,大果朱兰,,,2012-11-26
162277,Pogonia longicollum Chen,长瓶朱兰,,,2012-11-26
162278,Pogonia japonica Reichb.fil.,朱鹭兰(日本),,,2012-11-26
162279,Pogonatum urnigerum(Hedw)P.Beauv.,疣金发藓,,,2012-11-26
162280,Pogonatum microctemon(R.Br)Brid.,小口金发藓,,,2012-11-26
162281,Pogonatum spinulosum Mitt.,苞叶金发藓,,,2012-11-26
162282,Pogonatum macrophyllum,大叶金发藓,,,2012-11-26
162283,Pogonatum inflexum(Lindb.),东亚金发藓,,,2012-11-26
162284,Pogonatum hetero-proliferum Hor,台湾金发藓;台湾土马,,,2012-11-26
162285,Pogonatum grandifolium(Lindb.)Jaeg.,东北金发藓,,,2012-11-26
162286,Pogonatum fastigiatum Mitt.,多枝金发藓,,,2012-11-26
162287,Pogonatum capillare(Rich.)Brid,细叶金发藓,,,2012-11-26
162288,Pogonatum aplinum Hedw.,高山金发藓,,,2012-11-26
162289,Pogonatetum,小金发藓群落,,,2012-11-26
162290,Pogonatum,小金发藓属,,,2012-11-26
162291,poecilogony,幼异老同现象,,,2012-11-26
162292,podus,基足,,,2012-11-26
162293,podsolization,灰白土壤形成,,,2012-11-26
162294,podsol soil;ash soil;podzol,灰白土壤,,,2012-11-26
162295,podsol,灰色土壤,,,2012-11-26
162296,Podostemun,川苔草属,,,2012-11-26
162297,Podostemonaceae;river weed family;podostemds,草科,,,2012-11-26
162298,Podostemales,河苔草科;川苔草科,,,2012-11-26
162299,Podosporium,桃叶珊瑚斑叶病菌属,,,2012-11-26
162300,Podostemaceae;Podostemonaceae,河苔草科;川苔草科,,,2012-11-26
162301,Podosphaera tridactyla (Wallroth)de Bary,桃、李、樱桃白粉病菌;樱类白粉病菌,,,2012-11-26
162302,Podosphaera spiralis Miyabe,榆类白涩(粉)类菌之一,,,2012-11-26
162303,Podosphaera leucotricha(Ell.et Ev.)Salmon,苹果白涩病菌 ,,,2012-11-26
162304,Podosphaera,苹果白涩病菌属,,,2012-11-26
162305,podosperm,种子柄,,,2012-11-26
162306,Podophyllum versipelle Hance,鬼垂(本经;纲目);九臼;八角盘(纲目);马公毒公(本经),,,2012-11-26
162307,Podophyllum emodi Wall.var. chinense Sprague,鬼臼,,,2012-11-26
162308,Podophyllum emodi Wall.,西藏鬼臼,,,2012-11-26
162309,Podophyllum,鬼臼属(小檗科),,,2012-11-26
162310,Podocarpus wallichiana C.presl,大叶竹柏,,,2012-11-26
162311,Podocarpus taiwenensis D(u)mmer;P.koshunensis Kanehira,窄叶竹柏;恒春竹柏,,,2012-11-26
162312,Podocarpus neriifolia D.Don;thitmin;prince of woods;oleander-leaved podocarp,百日青;璎珞松,,,2012-11-26
162313,Podocarpus nagi(Thunb.)Zolle et Moritz;Japanese Podocarpus,竹柏;山杉,,,2012-11-26
162314,Podocarpus macrophyllus(thunb.)D.Don; large leaf podocarpus;yew podocarpus,土杉,,,2012-11-26
162315,Podocarpus macrophyllus var maki(Sieb.)Endl.,短叶土杉;槙(日本),,,2012-11-26
162316,Podocarpus javanicus Merr.;P.imbricatus Bl.,鸡毛松;岭南罗汉松,,,2012-11-26
162317,Podocarpus imbricatus Bl.;P.javanicus Merr.,鸡毛松,,,2012-11-26
162318,Podocarpus forrestii Craib & Smith,大理罗汉松,,,2012-11-26
162319,Podocarpus formosensis Dummer;Hengchun Nagi,恒春竹柏,,,2012-11-26
162320,Podocarpus chinensis Wall.,罗汉松(物理小识);金钱松(汪莲仕采药书),,,2012-11-26
162321,Podocarpus,罗汉松属;竹柏属(紫杉科),,,2012-11-26
162322,podocarpus,有柄果实,,,2012-11-26
162323,Podocarpaceae,竹柏科;罗汉松科,,,2012-11-26
162324,Podocarpineae,竹柏亚科(竹柏科),,,2012-11-26
162325,podetium(pl.podetia),子器柄,,,2012-11-26
162326,pod-corn;Zea mays L.var.tunicata St.Hil.;Zea tunicata Sturt,有稃种玉蜀黍,,,2012-11-26
162327,Podalyrieae,黄花木族(于)(豆科),,,2012-11-26
162328,pod setting,结荚,,,2012-11-26
162329,pod fern; Ceratopteris,水蕨,,,2012-11-26
162330,pod pepper;guinea pepper;red cluster pepper;Capsicum annuun L.var.fascicu-latum Irish.;Capsicum flutescens L.,朝天椒,,,2012-11-26
162331,pod,荚果;豆荚,,,2012-11-26
162332,poculiform,杯形,,,2012-11-26
162333,pock-wood;Guajacum officinale L.,愈伤木,,,2012-11-26
162334,pocket leaf,袋状叶,,,2012-11-26
162335,Poales;Grumiflorae;Graminales,颖花目,,,2012-11-26
162336,poad,牧草植物,,,2012-11-26
162337,Poaceae;Graminae;grass family,禾本科;黍草科,,,2012-11-26
162338,Poa;bluegrass,早熟禾属(禾本科);黍草属,,,2012-11-26
162339,Poa pratensis L.,长叶草(日本),,,2012-11-26
162340,Poa annua L.,早熟禾;维帷子(日本),,,2012-11-26
162341,pneumotachograph,呼吸速度描记器,,,2012-11-26
162342,pneumonia,肺炎,,,2012-11-26
162343,pneumograph,呼吸描记器,,,2012-11-26
162344,pneumogram,呼吸描记图,,,2012-11-26
162345,pneumococcus;Diplococcus penunoniae,肺炎球菌,,,2012-11-26
162346,pneumatogram,呼吸描记图,,,2012-11-26
162347,pneumatic system;aerenchyma,通气组织,,,2012-11-26
162348,pneumathodium,气孔;呼吸根,,,2012-11-26
162349,p-menthene,薄荷烷；由薄荷油中取出的无色油状物,,,2012-11-26
162350,PNA;pentose-nucleic acid,五碳糖核酸;核糖核酸,,,2012-11-26
162351,pneumathode,排气组织,,,2012-11-26
162352,plytogeography,植物地理学,,,2012-11-26
162353,Plyscomitrium pyriforme(L.)Brid,欧洲立碗藓(模式种),,,2012-11-26
162354,pluviisilvae,热带乔木降雨林,,,2012-11-26
162355,pluviilignosa;tropical rain forest,热带降雨林,,,2012-11-26
162356,pluviifruticeta,热带灌木降雨林,,,2012-11-26
162357,plus modifiers,递增变更基因,,,2012-11-26
162358,plus minus variation;fluctuation,增减变异,,,2012-11-26
162359,plus gene,相加基因,,,2012-11-26
162360,plurivalent chromosomes;polyvalent chromosomes,多价染色体,,,2012-11-26
162361,pluripotent,分化多能的,,,2012-11-26
162362,pluriseriate,多列的,,,2012-11-26
162363,pluripotency,多能性,,,2012-11-26
162364,plurilocular sporangium,复(室)胞子囊,,,2012-11-26
162365,plurilocular,有多室的,,,2012-11-26
162366,plurilocular gametangium,复室配子囊,,,2012-11-26
162367,pluriflorous,有许多花的,,,2012-11-26
162368,pluricentric mitosis; multipolar mitosis,多极有丝分极,,,2012-11-26
162369,plural fertilization,多受精,,,2012-11-26
162370,pluricellular,多细胞,,,2012-11-26
162371,plune,1.含有高糖量的西洋李2.整枝,,,2012-11-26
162372,plumule,幼芽;胚芽,,,2012-11-26
162373,plum-yew;Cephalotaxus harringtonia (Knight)K.Koch Var. nana(Nakai)Rehder,粗榧,,,2012-11-26
162374,plumular meristem,幼芽分生组织,,,2012-11-26
162375,plum-poppy;tree celandine;Macleaya cordata R.Br.,博落回,,,2012-11-26
162376,plumous stigma,羽毛状柱头,,,2012-11-26
162377,plumose(plumous),羽毛状的,,,2012-11-26
162378,Plummy,多李的;李的,,,2012-11-26
162379,Plumeria;frangipani(英);plumeria(美);temple tree;pagoda tree,鸡蛋花属(夹竹桃科);印度素馨属;缅栀子属,,,2012-11-26
162380,Plumeria rubra L.; P.rubra L.var.acutifolia Bailey;P.acuminata Ait.;P.acutifolia Poir.; P.rubraf acut-ifolia Woodson,鸡蛋花(广州 );缅栀;印度素馨(植典),,,2012-11-26
162381,Plumeria rubra L.; nosegay frangipani,印度素馨;番仔花(台湾),,,2012-11-26
162382,Plumeria alba L.;white frangipani,白花印度素馨,,,2012-11-26
162383,Plumeria lutea Ruiz et Pav.,大轮印度素馨,,,2012-11-26
162384,plumcot,梅杏杂种,,,2012-11-26
162385,plumbeous,铅色;深灰色,,,2012-11-26
162386,Plumbago zeylanica L.,钖兰茉莉;乌面马,,,2012-11-26
162387,plumbago type,蓝雪型;玉从蓉型,,,2012-11-26
162388,Plumbaginales,石从蓉目;蓝雪目,,,2012-11-26
162389,Plumbaginaceae;leadwort family,蓝雪科;石从蓉科,,,2012-11-26
162390,Plukenetiinae,粗毛藤亚族(大戟科),,,2012-11-26
162391,plum; Prunus domestica L.,李;西洋李,,,2012-11-26
162392,Pluchea indica Lam.,阔苞菊(植物学名词审查本),,,2012-11-26
162393,Pluchea,阔苞菊属(菊科),,,2012-11-26
162394,plow-share,犁头,,,2012-11-26
162395,Plowhightia morbosa Sacc.,桃，李癌肿病菌,,,2012-11-26
162396,plow-furrow,犁沟,,,2012-11-26
162397,plot-inbreeding method,同区交配法 ,,,2012-11-26
162398,ploidy;polyploidy,(染色体)倍数性;多元性,,,2012-11-26
162399,Plocamium,鲜新世;上新世,,,2012-11-26
162400,Plocamieae,鲜新世;上新世,,,2012-11-26
162401,Pliny,普林尼,,,2012-11-26
162402,Pliocene epoch,鲜新世;上新世,,,2012-11-26
162403,plicae,纵褶,,,2012-11-26
162404,plicate;folded,折襞状的，折裥,,,2012-11-26
162405,plexus,叶脉网,,,2012-11-26
162406,pleuston and benthon,净生植物群,,,2012-11-26
162407,pleuston,大形大浮游植物群系;藻群体,,,2012-11-26
162408,Pleurozium schreberi(Willd.)Mitt.,赤茎藓,,,2012-11-26
162409,Pleuroziopsis,拟水藓属(于),,,2012-11-26
162410,Pleurozioideae,拟水藓亚科,,,2012-11-26
162411,Pleuroziaceae,紫叶苔科,,,2012-11-26
162412,Pleurozia gigantoides Horik.,拟大紫叶苔,,,2012-11-26
162413,Pleuroweisieae,厕立藓亚科,,,2012-11-26
162414,Pleuroweisia schliephackei Limpr.,侧立藓 ,,,2012-11-26
162415,Pleuroweisia,侧立藓属,,,2012-11-26
162416,Pleurotus ostreatus(Jacq.ex Fr.)Kummer;oyster mushroom,蚝菇;天花蕈(日用本草),,,2012-11-26
162417,Pleurotaenium,钗藻属(接),,,2012-11-26
162418,Pleurostylia opposita(Wall.) Alst.,盾柱 ,,,2012-11-26
162419,Pleurostylia,盾柱属(卫矛科),,,2012-11-26
162420,Pleurospermum franchetianum Hemsl,异繖棱子芹,,,2012-11-26
162421,Pleurospermum cantschaticum Hoffm,棱子芹 ,,,2012-11-26
162422,Pleurosoriopsis makinoi(Maxim.)Fomin,睫毛蕨 ,,,2012-11-26
162423,Pleurospermum,棱子芹属(繖形花科),,,2012-11-26
162424,Pleurosoriopsis,睫毛蕨属,,,2012-11-26
162425,Pleurosigma,弯杼形矽藻属,,,2012-11-26
162426,pleuropus,褶叶藓属,,,2012-11-26
162427,Pleuropterus multiflorum Turcz.,何首乌(蓼科),,,2012-11-26
162428,Pleurophascaceae,侧球藓科,,,2012-11-26
162429,Pleuronema thujopsidis Sawda,罗汉柏轴枯病菌,,,2012-11-26
162430,pleuromitosis,侧式有丝分裂,,,2012-11-26
162431,pleuromitic(Oguma 1942),著丝点分散的,,,2012-11-26
162432,Pleuromeiales,顶穗鳞木目(蕨),,,2012-11-26
162433,Pleuromeiaceae,顶穗鳞木科(蕨),,,2012-11-26
162434,Pleuromeia,顶穗鳞木属(蕨),,,2012-11-26
162435,Pleuromanes Pallidum Pr.,毛叶蕨 ,,,2012-11-26
162436,Pleuromanes,毛叶蕨属(膜蕨科),,,2012-11-26
162437,pleurolocular,多室的,,,2012-11-26
162438,pleurogenous,侧生的,,,2012-11-26
162439,Pleurococcus vulgaris maneghini,助球藻;侧球藻,,,2012-11-26
162440,Pleurococcaceae,助球藻科(绿),,,2012-11-26
162441,Pleurochacte squarrosa(Brid.)Lindb.,侧出藓 ,,,2012-11-26
162442,Pleurochacte,侧出藓属,,,2012-11-26
162443,Pleurocarpous,腋果的;侧蒴的,,,2012-11-26
162444,Pleurocarpi diplolepideae,侧蒴(腋果)双齿亚类,,,2012-11-26
162445,Pleurocarpi,腋果藓目,,,2012-11-26
162446,pleuristichous,数列生的,,,2012-11-26
162447,Pleuridium tenue(Wils.)Mitt.,纤叶丛毛藓,,,2012-11-26
162448,Pleuridium subulatum (Huds.)Rabenh.,丛毛藓,,,2012-11-26
162449,Pleuridium julaceum Besch.,细丛毛藓,,,2012-11-26
162450,Pleuridium,丛毛藓属,,,2012-11-26
162451,pleurenchyma,水组织,,,2012-11-26
162452,plethysmothallus,无性叶状体,,,2012-11-26
162453,plesiotype,近似型;近似模式标本,,,2012-11-26
162454,plesiobiosis,异种并栖,,,2012-11-26
162455,Pleruronaema cryptomeriae Sawada;Wegelina cryptomeriae Sawada,柳杉轴枯病菌,,,2012-11-26
162456,plerome,原中心柱,,,2012-11-26
162457,Pleosporaceae,多子菌科(囊),,,2012-11-26
162458,Pleospora trichostoma (Fires)Winter;Pyrenophora graminea S.Ito et Kuribayashi,大麦斑叶病菌,,,2012-11-26
162459,Pleospora papaveracea (de Notaris)Sacc.,罂粟叶枯病菌,,,2012-11-26
162460,Pleospora herbarum(Persoon)Rabenhorst,葱叶枯病菌,,,2012-11-26
162461,Pleospora batumensis Naumov,柑橘叶枯病菌,,,2012-11-26
162462,Pleosphaerulina subtulatae Tsukamoto et Katsuki,草夹竹桃斑纹病菌,,,2012-11-26
162463,Pleosphaerulina americana(Ellis et Everhart)Hara,大豆灰斑病菌,,,2012-11-26
162464,Pleosphaeria trichostoma(Fries)Winter;Pyrenophora graminea S.Ito et Kuribayashi,大麦斑叶病菌,,,2012-11-26
162465,Pleonemia winitii Holttum,黄腺羽蕨,,,2012-11-26
162466,Pleonemia,黄腺羽蕨属,,,2012-11-26
162467,pleomorphism,多形性;多态性,,,2012-11-26
162468,pleomorphic,(若千细菌与丝状菌之)多形性;多态性,,,2012-11-26
162469,plenthymography,体积摸记法,,,2012-11-26
162470,Plenasium banksifolium Pr.,粗齿革叶紫萁,,,2012-11-26
162471,Pleistocene epoch,更新世,,,2012-11-26
162472,Plenasium,革叶紫萁属,,,2012-11-26
162473,pleiotropism;pleiotropy,(基因)多效性,,,2012-11-26
162474,pleiotropy(Plate 1910);pleiotropism;polypheny,(基因)多效性,,,2012-11-26
162475,pleiotropic,多效性的,,,2012-11-26
162476,pleiotropic gene,多效性基因,,,2012-11-26
162477,pleiotaxy,花中器官的轮数增多,,,2012-11-26
162478,pleiomery,增数性,,,2012-11-26
162479,pleiomerous,数目增加的花中器官(例如花瓣;萼片);数较正常者为增加的,,,2012-11-26
162480,pleiocycly,增轮性,,,2012-11-26
162481,pleiocyclic plant,多年生一巡植物,,,2012-11-26
162482,pleiochasium,多岐聚繖花序,,,2012-11-26
162483,Pleiochaeta setosa(Kirchn)Hughes,羽扁豆褐斑病菌,,,2012-11-26
162484,Pleioblastus niitakayamensis Ohki;Yushania niitakay-amensis(Ohki)Keng,玉山矢竹,,,2012-11-26
162485,Pleioblastus hindsii Nakai,邢氏苦竹,,,2012-11-26
162486,Pleioblastus,苦竹属,,,2012-11-26
162487,Pleioblastus amams (Keng)Keng f.,苦竹(竹，本草经),,,2012-11-26
162488,pleiade,相关性状群,,,2012-11-26
162489,Plectranthus rugosus Makino,延命草(薄),,,2012-11-26
162490,plectostele,背腹中心柱,,,2012-11-26
162491,plectonemic coiling()Sparrow Huskins et Wilson 1941);plectonemic spiral,相缠螺旋,,,2012-11-26
162492,Plectomycetes,原始囊子菌类,,,2012-11-26
162493,Plectomyces;Laboulbeniales,虫生子囊菌类,,,2012-11-26
162494,plectenchyma;fungal tissue,菌丝组织,,,2012-11-26
162495,Plectascineae,曲菌亚目(囊),,,2012-11-26
162496,Platytheca,宽药花属,,,2012-11-26
162497,platyspermic,有翼种子的,,,2012-11-26
162498,Platyspermae,扁平状种子类,,,2012-11-26
162499,platyphyllous,有阔叶的,,,2012-11-26
162500,Platyneurum,南极曲尾藓属(于),,,2012-11-26
162501,Platyhypnidium rusciforme(Neck)Fleisch,平灰藓,,,2012-11-26
162502,Platygloeeae,桑膏药病菌亚科,,,2012-11-26
162503,Platycrater serrata Makino,梅花甘茶(日本),,,2012-11-26
162504,Platycrater arguta S. et Z.,蛛网萼;盾儿花,,,2012-11-26
162505,Platycrater,蛛网萼属(虎耳草科),,,2012-11-26
162506,Platycodon grandiflorum DC.;Chinese bellflower,桔梗(本草经),,,2012-11-26
162507,Platycodon,桔梗属,,,2012-11-26
162508,Platycerium,美萼蕨属,,,2012-11-26
162509,Platyceriinae,美萼蕨族,,,2012-11-26
162510,Platycarya strobilacea Sieb.et Zucc.,化香树(图考);花龙树;栲香;山麻柳;櫰香(纲目);必栗香,,,2012-11-26
162511,Platycarya longipes Wu,圆果化香树,,,2012-11-26
162512,Platycarya,化香树属(胡桃科),,,2012-11-26
162513,platinum wire method,白金线法,,,2012-11-26
162514,platinum loop,白金耳,,,2012-11-26
162515,platinum needle,白金针,,,2012-11-26
162516,plating;plate culture,平板培养,,,2012-11-26
162517,Platea hainanensis Howard,海南肖榄,,,2012-11-26
162518,Platea,肖榄属(茶非萸科),,,2012-11-26
162519,Plate;lamina,薄片,,,2012-11-26
162520,plate meristem,板状分生组织,,,2012-11-26
162521,plate culture;plating,平板培养,,,2012-11-26
162522,plate count,培养基平面(细菌聚落)计数,,,2012-11-26
162523,plate collenchyma,板状厚角组织,,,2012-11-26
162524,Platanus orientalis var.digitata Janko,掌叶法国梧桐(陈嵘),,,2012-11-26
162525,Platanus orientalis var.cuneata Loud.,楔叶法国梧桐,,,2012-11-26
162526,Platanus orientalis L.;oriental plane-tree;eastern plane;plane tree,法国梧桐,,,2012-11-26
162527,Platanus occidentalis L.;button wood,美国梧桐,,,2012-11-26
162528,Platanus acerifolia(Ait.)Willd.;London plane-tree,悬铃木;英国梧桐(陈嵘),,,2012-11-26
162529,Platanus,悬铃木属;筿悬木(属),,,2012-11-26
162530,Platanoidea,扁果类(枫科),,,2012-11-26
162531,Platanaceae;plane tree family,悬铃木科;法国梧桐科,,,2012-11-26
162532,plastotype,塑型;塑模标本,,,2012-11-26
162533,plastosome (Meves 1908); chondriosome; mitochondria; plastochondria,粒线体,,,2012-11-26
162534,plastoquinone,质体醌,,,2012-11-26
162535,plastomere,粒线体区;精子核外部分,,,2012-11-26
162536,plastome(Steen 1911),原质体系,,,2012-11-26
162537,plastom(Renner 1929，1934),质体遗传讯息,,,2012-11-26
162538,plastom mutation,质体突变,,,2012-11-26
162539,plastogene(Imai 1937),质体基因;色素体基因,,,2012-11-26
162540,plastogamy;plasmogamy;cytogamy,细胞质融合;质体接合,,,2012-11-26
162541,plastodesma,质间丝,,,2012-11-26
162542,plastodeme;,环境表现型族群,,,2012-11-26
162543,plastocont,杆状体,,,2012-11-26
162544,plastochronic changes,叶间期变化,,,2012-11-26
162545,plastochrone,叶间期,,,2012-11-26
162546,plastochondria;chondriosome;mitochondria;plastosome,粒线体,,,2012-11-26
162547,plastin,网素,,,2012-11-26
162548,plastidotype,质体基因型;质体遗传型,,,2012-11-26
162549,plastidome(Dangeard 1920),细胞质体的总称,,,2012-11-26
162554,plastic substance,可塑物质,,,2012-11-26
162555,plasticity,可塑性;成形性,,,2012-11-26
162556,plastic phenomena,形成现象,,,2012-11-26
162557,plastic extension,可塑[性][的]扩张,,,2012-11-26
162558,plastic,可塑的;可改变的,,,2012-11-26
162559,plast(Belar 1928),细胞中分化而能自己增殖的胞器,,,2012-11-26
162560,plasome,(假说的单位)超分子[的]生活单位,,,2012-11-26
162561,plasmotype(Imai1936，Jollos 1939),原生体型；染色体外遗传基因的总和,,,2012-11-26
162562,plasmotropic(Waddington 1962),胚胎诱导,,,2012-11-26
162563,plasmotomy,多核原生质体[之]分割,,,2012-11-26
162564,plasmosphere,中心周球,,,2012-11-26
162565,plasmosome (Ogata 1883);nucleolus,真核仁,,,2012-11-26
162566,plasmorrhysis,原生质收缩,,,2012-11-26
162567,plasmoptysis,细胞质逸出,,,2012-11-26
162568,Plasmopara viticola(Berk et Curt)Berlese et Toni,葡萄露菌病菌,,,2012-11-26
162569,Plasmopara skvortzovii Miura,青麻根头癌肿病菌,,,2012-11-26
162570,Plasmopara pygmae(Unger)Schroter,鹅掌草露菌病菌,,,2012-11-26
162571,Plasmopara nivea(Unger)Schroter,野蜀葵防风露菌病菌,,,2012-11-26
162572,Plasmopara halstedii(Farlow)Berlese et de Tome,向日葵露菌病菌,,,2012-11-26
162573,plasmon-sensitive(Renner & Kupper 1921),在特定细胞中才能发挥作用的染色体外遗传基因,,,2012-11-26
162574,plasmon(Renner 1929)(V.Wettstein 1924);cytoplasmon(Renner 1929),染色体外[之]遗传基因；细胞质基因,,,2012-11-26
162575,plasmon segregation,染色体外遗传基因[之]分离,,,2012-11-26
162576,plasmon mutation; plasmon alteration (Marquardt 1952),染色体外遗传基因[之]突变,,,2012-11-26
162577,plasmometry,原生质容积测定法,,,2012-11-26
162578,plasmolyzabiliy,质离性;原生质分离性,,,2012-11-26
162579,plasmolyticum,质离液,,,2012-11-26
162580,plasmolytic,质离的,,,2012-11-26
162581,plasmolysis degree,质离度,,,2012-11-26
162582,plasmolysis-permeability,质离透过性,,,2012-11-26
162583,plasmolysis-time,质离时间,,,2012-11-26
162584,plasmolysis,质离现象;壁质分离,,,2012-11-26
162585,plasmology,原生质学,,,2012-11-26
162586,plasmogamy;cytogamy;plastogamy,细胞质融合;原生质融合，细胞质接合,,,2012-11-26
162587,plasmodium;coenocyte;syncytium,变形菌体;多核原生质体,,,2012-11-26
162588,Plasmodiophorales,根瘤病菌目,,,2012-11-26
162589,Plasmodiophora mori Yendo,桑黏菌病菌(黏菌),,,2012-11-26
162590,Plasmodiophoraceae,根瘤病菌科(黏菌),,,2012-11-26
162591,Plasmodiophora,甘蓝根瘤病菌属(黏),,,2012-11-26
162592,Plasmodiophora brassicae Woronin,十字花科植物根瘤病菌,,,2012-11-26
162593,plasmodiocarp,(黏菌的)蟠曲子囊体,,,2012-11-26
162594,plasmodieresis,细胞质分裂,,,2012-11-26
162595,plasmodesma(pl.plasmodesmata)(Strasburger 1882)'cytoplasmic filament;protoplasmic connection,胞间连丝;细胞间丝,,,2012-11-26
162596,plasmodermal blepharoplast,原生质膜毛基体,,,2012-11-26
162597,plasminogen,血浆纤维溶酶原,,,2022-07-11
162598,plasmin;fibrinogen,血浆纤维溶素,,,2012-11-26
162599,plasmid(Lederberg 1952);plane(V.Wettstein 1928);plasmagene(Winkler 1924),细胞质基因;额外遗传质;环状核酸,,,2012-11-26
162600,plasmic membrane,原生质膜，细胞膜,,,2012-11-26
162601,plasmic envelope,细胞质被膜,,,2012-11-26
162602,plasmatrypsinogen,原生质胰蛋白酵素原,,,2012-11-26
162603,plasmatorrhexis,原生质破裂,,,2012-11-26
162604,plasmatomy,原生质裂断,,,2012-11-26
162605,plasmatolysis,原生质溶化,,,2012-11-26
162606,plasmatogamy,原金质接合,,,2012-11-26
162607,plasmatic inheritance;cytoplasmatic inheritance,细胞质遗传,,,2012-11-26
162608,plasmatic cork,原生质塞,,,2012-11-26
162609,plasmatic,原生质的;细胞质的,,,2012-11-26
162610,plasmase,纤维蛋白酶,,,2012-11-26
162611,plasmalemmasome(Edwards & Stevens 1963): mesosome,(细菌)细胞质内膜;中质体,,,2012-11-26
162612,plasmal reaction,脂肪酸反应,,,2012-11-26
162613,plasmal,脂肪酸醛,,,2012-11-26
162614,plasmaisogamous(Michaelis 1955),双亲等量细胞质合子(合子的细胞质来自两亲;两亲来的细胞质是相等),,,2012-11-26
162615,plasmaheterogamous(Michaelis 1955),双亲细胞质合子(合子的细胞质来自两亲),,,2012-11-26
162616,plasmagynogamous(Michaelis 1955),母体细胞质合子(合子的细胞质完全来自母体),,,2012-11-26
162617,plasmagene (Winkler 1924)plane(V.Wettstein 1928):plasmid (Lederberg 1952),细胞质基因,,,2012-11-26
162618,plasmablasts,造浆细胞;β淋巴细胞与浆细胞(Plasma cell)的中间阶段,,,2012-11-26
162619,plasma;protoplasm,原生质;血浆,,,2012-11-26
162620,plasma theory,原生质说,,,2012-11-26
162621,plasma sol,原生质胶溶体,,,2012-11-26
162622,plasma membrane;cytoplasmic membrane,原生质膜;细胞质膜;质膜,,,2012-11-26
162623,plasma lemma(Seifriz 1928)'plasma membrane,原生质膜;细胞质膜;质膜,,,2012-11-26
162624,plasma gel sheet,原生质凝胶层,,,2012-11-26
162625,plasma gel sheath,原生质凝胶鞘,,,2012-11-26
162626,plasma gel,原生质胶凝体,,,2012-11-26
162627,plasma cell;plasmacyte,浆细胞,,,2012-11-26
162628,plasma albumin,原生质的蛋白质,,,2012-11-26
162629,plaque type mutant,溶菌斑型突变体,,,2012-11-26
162630,plaque count,溶菌斑计数,,,2012-11-26
162631,plaque,溶菌斑,,,2012-11-26
162632,planting trowel,移植镘,,,2012-11-26
162633,planting system,栽植方式,,,2012-11-26
162634,planting density,栽植密度,,,2012-11-26
162635,planting distance,栽植距离,,,2012-11-26
162636,planter,栽培者;种植者,,,2012-11-26
162637,planted area,种植面积,,,2012-11-26
162638,plantation,企业栽培,,,2012-11-26
162639,plantain-lily;Hosta;Funkia,玉簪花,,,2012-11-26
162640,Plantain;1.Plantago;2.Musa paradisiaca L.,1.车前草2.香蕉,,,2012-11-26
162641,Plantago;rib grass;rib wort plantain;plantain,车前草属,,,2012-11-26
162642,Plantago maritina Lmk.;sea plantain,海岸车前草,,,2012-11-26
162643,Plantago major L.var.asiatica Decne.; P.asiatica L.,车前(本草经),,,2012-11-26
162644,Plantago lanceolata L.,婆婆丁花(东北),,,2012-11-26
162645,Plantago japonica Franch.et Sav.,日本车前草,,,2012-11-26
162646,plantago family;Plantagiaceae,车前草科,,,2012-11-26
162647,Plantago coronopus L.; buc(.k)s horn plantain,芹叶车前草,,,2012-11-26
162648,Plantago asiatica L.; P.major L.var.asiatica Decne.,车前(本草经),,,2012-11-26
162649,Plantago arenaria Walls. et Kit.,细叶车前草,,,2012-11-26
162650,Plantago alpina L. alpine plantain,高山车前草,,,2012-11-26
162651,Plantaginales,车前草目,,,2012-11-26
162652,Plantagiaceae;plantago family,车前草科,,,2012-11-26
162653,plant zone;vegetation zone,植物带,,,2012-11-26
162654,plant virus,植物病毒,,,2012-11-26
162655,plant unit(p.u),植物单位,,,2012-11-26
162656,plant thremmatology,植物育种学,,,2012-11-26
162657,plant teratology,植物畸形学,,,2012-11-26
162658,plant taxonomy,植物分类学,,,2012-11-26
162659,plant succession,植物递变,,,2012-11-26
162660,plant sociology,植物群落学,,,2012-11-26
162661,plant society,植物群落;植物社会,,,2012-11-26
162662,plant regulator,植物调节素;植物生长素,,,2012-11-26
162663,plant regulation,植物调节,,,2012-11-26
162664,plant quarantine,植物检疫,,,2012-11-26
162665,plant protection,植物保护,,,2012-11-26
162666,plant poison,植物毒 ,,,2012-11-26
162667,plant plankton,浮游植物,,,2012-11-26
162668,plant physiology,植物生理学,,,2012-11-26
162669,plant pathology,植物病理学,,,2012-11-26
162670,plant organorgaphy,植物器官学,,,2012-11-26
162671,plant morphology,植物形态学,,,2012-11-26
162672,plant kingdom,植物界,,,2012-11-26
162673,plant hormone,植物激素,,,2012-11-26
162674,plant indicator;indicator plant,指标植物,,,2012-11-26
162675,plant histology,植物组织学,,,2012-11-26
162676,plant gum,植物胶,,,2012-11-26
162677,plant growth substance,植物生长物质,,,2012-11-26
162678,plant growth retarding chemicals; growth retardant,植物生长抑制物质,,,2012-11-26
162679,plant growth hormone;phytohormones,植物生长激素,,,2012-11-26
162680,plant growth,植物生长,,,2012-11-26
162681,plant geography;phytogeography,植物地理学,,,2012-11-26
162682,plant genetics,植物遗传学,,,2012-11-26
162683,plant gall,植物虫瘿,,,2012-11-26
162684,plant formation,植物群系,,,2012-11-26
162685,plant embryology,植物胚胎学,,,2012-11-26
162686,plant ecology,植物生态学,,,2012-11-26
162687,plant disease,植物病害,,,2012-11-26
162688,plant cytotaxonomy,植物细胞分类学,,,2012-11-26
162689,plant cytology,植物细胞学,,,2012-11-26
162690,plant community,植物群落,,,2012-11-26
162691,plant coloration,植物著色,,,2012-11-26
162692,plant climate,植物气候,,,2012-11-26
162693,plant breeding,植物育种,,,2012-11-26
162694,plant biochemistry,植物生化学,,,2012-11-26
162695,plant autoecology,植物个体生态学,,,2012-11-26
162696,plant association,植物丛,,,2012-11-26
162697,plant anatomy,植物解剖学,,,2012-11-26
162698,plant alkaloid,植物碱,,,2012-11-26
162699,plant,植物,,,2012-11-26
162700,planozygote,游动合子,,,2012-11-26
162701,planospore;zoospore;swarm spore,游胞子;游孢子,,,2012-11-26
162702,planosome,(染色体不分离而产生的)过剩染色体,,,2012-11-26
162703,planogamete,游动配子,,,2012-11-26
162704,planocyte,游走细胞,,,2012-11-26
162705,plano-concave,平凹的,,,2012-11-26
162706,plano-convex,平凸形,,,2012-11-26
162707,Planktoniella,伞形矽藻属,,,2012-11-26
162708,plankton pulse,浮游生物消长,,,2012-11-26
162709,planktology,浮游生物学,,,2012-11-26
162710,plankton,浮游生物,,,2012-11-26
162711,plankton net,浮游生物采集网,,,2012-11-26
162712,plankter,浮游生物[中的]个体,,,2012-11-26
162713,planker,耙,,,2012-11-26
162714,plank clod mashers,镇压碎土器,,,2012-11-26
162715,planimeter,面积计 ,,,2012-11-26
162716,planetism,游泳性,,,2012-11-26
162717,planeleaf alangium;Alangium platan-ifolium Harms,八角枫,,,2012-11-26
162718,plane(V.Wettstein 1928);plasmagene(Winkler 1920)(Lederberg 1952),细胞质基因,,,2012-11-26
162719,plane tree;Platanus,筿悬木;法国梧桐;悬铃木,,,2012-11-26
162720,plane,扁平的;面,,,2012-11-26
162721,planation,扁平化,,,2012-11-26
162722,planate,扁平;平面的,,,2012-11-26
162723,plakea,鞭毛藻类(例如 Volvox)8细胞期[的]状态;子球,,,2012-11-26
162724,plaiting fibers,编组用纤维,,,2012-11-26
162725,plague bacillus,鼠疫菌,,,2012-11-26
162726,plagiotropy,倾斜向性,,,2012-11-26
162727,plagiotropous phyllotaxis,斜生叶序,,,2012-11-26
162728,plagiotropism,向倾斜性,,,2012-11-26
162729,plagiotropic,倾斜向性的,,,2012-11-26
162730,Plagiothecium neckeroideum B.S.G,扁平棉藓,,,2012-11-26
162731,Plagiothecium,棉藓属,,,2012-11-26
162732,Plagiothecieae,棉藓亚科,,,2012-11-26
162733,plagiosere,倾斜地演替系列,,,2012-11-26
162734,Plagiopus,平珠藓属(苔),,,2012-11-26
162735,Plagiopus oederi (Gunn)Limpr.,平珠藓,,,2012-11-26
162736,plagiophototropism,倾斜向光性,,,2012-11-26
162737,Plagiopetatum esquirolii(Levl.)Rehd.,偏瓣花 ,,,2012-11-26
162738,Plagiopetatum,偏瓣花属(野牡丹科),,,2012-11-26
162739,Plagiogyriva dunnii Copel.,倒叶瘤足蕨,,,2012-11-26
162740,Plagiogyriv adnata Bedd.,瘤足蕨,,,2012-11-26
162741,Plagiogyriaceae,瘤足蕨科,,,2012-11-26
162742,Plagiogyria tenuifolia Copel.,华南瘤足蕨,,,2012-11-26
162743,Plagiogyria stenoptera Diels,耳形瘤足蕨,,,2012-11-26
162744,Plagiogyria japonica Nakai,华东瘤足蕨,,,2012-11-26
162745,Plagiogyria media Ching,粉背瘤足蕨,,,2012-11-26
162746,Plagiogyria formosana Nakai,台湾瘤足蕨,,,2012-11-26
162747,Plagiogyria euphlebia Mett.,中华瘤足蕨,,,2012-11-26
162748,Plagiogyria distinctissima Ching,镰叶瘤足蕨,,,2012-11-26
162749,Plagiogyria,瘤足蕨属(瘤足蕨科),,,2012-11-26
162750,Plagiogheciaceae,棉藓科,,,2012-11-26
162751,plagioclimax,倾斜地安定群落,,,2012-11-26
162752,plagiogeotropism,倾斜向地性,,,2012-11-26
162753,Plagiochilaceae,羽苔科,,,2012-11-26
162754,Plagiochilion,对羽苔属(羽苔科),,,2012-11-26
162755,Plagiochila ovalifolia Mitt.,圆叶羽苔,,,2012-11-26
162756,Plagiochila nagasakiensis Steph.,长崎羽苔,,,2012-11-26
162757,Plagiochila asplenioides(L.)Dumotier,大羽苔,,,2012-11-26
162758,Plagiochila,羽苔属,,,2012-11-26
162759,Plagiobryum giraldii(C.Mull.)Par.,饨叶平蒴苔,,,2018-09-16
162760,Plagiobryum zieri (Dicks.)Lindb.,平蒴苔,,,2018-09-16
162761,Plagiobryum demissum (Hopp.et Hornsch)Lindb.,尖叶平蒴苔,,,2018-09-16
162762,Plagiobryum,平蒴苔属,,,2018-09-16
162763,placoid sacle,楯鳞,,,2012-11-26
162764,placental transmission,胎盘透过,,,2012-11-26
162765,placentate,有胎座的,,,2012-11-26
162766,Placentation,胎座式,,,2012-11-26
162767,placental cell;fused cell,愈合细胞,,,2012-11-26
162768,placental bundle,胎座维管束,,,2012-11-26
162769,placenta,胎座,,,2012-11-26
162770,place of origin,原产地,,,2012-11-26
162771,Pityrogramma sulphurea Link Jamaica gold fern,西印度群岛金粉叶蕨,,,2012-11-26
162772,Pityrogramma calomelanos (L.)Link;silver fern,粉叶蕨,,,2012-11-26
162773,Pityrogramma argentea Mett.;silver fern,银粉叶蕨,,,2012-11-26
162774,Pityrogramma,粉叶蕨属(裸子蕨科),,,2012-11-26
162775,Pitya cupressi(Batsch)Rehd.,龙柏枝枯病菌;罗汉柏杜松赤粒枝枯病菌,,,2012-11-26
162776,Pitttosporum glabratum Lindl.,光叶海桐,,,2012-11-26
162777,Pittosporum;brisbane;Queensland laurel,海桐属,,,2012-11-26
162778,Pittosporum undulatum Vent.;moch orange,岛屿海桐,,,2012-11-26
162779,Pittosporum truncatum Pritz,菱叶海桐;山子仁,,,2012-11-26
162780,Pittosporum trigonocarpum Levl.,棱果海桐,,,2012-11-26
162781,Pittosporum tobira (Thunb)Ait.Japanese pitosporum,海桐花(秘传花镜),,,2012-11-26
162782,Pittosporum tenuifolium Banks et Soland.;Tawhiwhi Kohuhu,黑叶海桐,,,2012-11-26
162783,Pittosporum sahnianum Gowda,崖花海桐;崖花子;海金子,,,2012-11-26
162784,Pittosporum heterophyllum Franch.,异叶海桐;细杉树;鸡获骨头,,,2012-11-26
162785,Pittosporum formosanum Hay.,台湾海桐,,,2012-11-26
162786,Pittosporum floribundum Wight et Arn.,云南海桐(陈嵘),,,2012-11-26
162787,Pittosporum eugenioides A.Chnn.;tarata;lemon wood,柠檬海桐(子),,,2012-11-26
162788,Pittosporum daphniphylloides Hay.,大叶海桐,,,2012-11-26
162789,Pittosporum crassifolium A.Cunn.;karo;thick-leaved pittosporun,厚叶海桐,,,2012-11-26
162790,Pittosporum brevicalyx(Oliv.)Gagnep.,短萼海桐,,,2012-11-26
162791,Pittosporaceae;pittosporads;pittosporum family,海桐科,,,2012-11-26
162792,pitting,细胞壁[上的]孔[的]排列[与]分布,,,2012-11-26
162793,pitted tracheae pitted vessel,孔纹导管,,,2012-11-26
162794,pitted secondary wall,有导孔(的)次生细胞壁,,,2012-11-26
162795,pitted cell,导孔细胞,,,2012-11-26
162796,pitted perforation,孔纹,,,2012-11-26
162797,pitted,有孔的,,,2012-11-26
162798,Pithecellobium(Pithecollobium),围涎树属;金龟树属(豆科),,,2012-11-26
162799,Pithecellobium lucidum Benth.,亮叶围涎树,,,2012-11-26
162800,Pithecellobium dulce (Roxb.)Benth.;Mimosa dulcis Roxb.;monkey's ear ring.; Manklls tamarind; guaymochi; haumachil;madras thorn,牛蹄豆,,,2012-11-26
162801,Pithecellobium clypearia Benth,围涎树;猴耳环;鸡三树,,,2012-11-26
162802,pith;medulla,髓,,,2012-11-26
162803,pith ray;medullary ray,放射髓组织;髓线;芒状髓,,,2012-11-26
162804,pith paper plant;Tetrapanax papyriferous K.Koch,蓪草;通脱木,,,2012-11-26
162805,pith fleck,髓斑,,,2012-11-26
162806,pitchy,黑褐色,,,2012-11-26
162807,pitcher plant;Sarracenia purpurea L.,瓶子草,,,2012-11-26
162808,pitcher,囊状叶;瓶状叶,,,2012-11-26
162809,pitch pine; Pinus rigida Mill.,刚叶松,,,2012-11-26
162810,pitch,1.(若千松柏类的)树脂状排出物2.沥青;(木材蒸馏黑色脓厚液中的)黑[色][残]渣3.(双螺旋构造一转中的)碱对数,,,2012-11-26
162811,pita,龙舌兰纤维,,,2012-11-26
162812,pit pairs,导孔对,,,2012-11-26
162813,pit membrane,导孔膜,,,2012-11-26
162814,pit field,导孔区,,,2012-11-26
162815,pit connection,导孔连络丝,,,2012-11-26
162816,pit chamber,导孔室,,,2012-11-26
162817,pit cannal,导孔沟;穴道,,,2012-11-26
162818,pit caity,导孔腔;穴腔,,,2012-11-26
162819,pit border,导孔缘;穴缘,,,2012-11-26
162820,pit aperture,导孔口;穴口,,,2012-11-26
162821,pit annulus,导孔环;穴环,,,2012-11-26
162822,pit,孔;壁孔;膜孔;(核果的)核;导孔,,,2012-11-26
162823,Pisum;pea,豌豆属(豆科),,,2012-11-26
162824,Pisum sativum L.var.arvense Poir;field pea,红花豌豆,,,2012-11-26
162825,Pisum sativum L.; garden pea,豌豆;荷兰豆(台湾府志);国豆(邺中记);毕豆(唐书),,,2012-11-26
162826,pistillum,雌蕊,,,2012-11-26
162827,pistillode,退化雌蕊,,,2012-11-26
162828,pistillidium,雌器,,,2012-11-26
162829,pistillate plant,母本植物;雌株,,,2012-11-26
162830,pistillate inflorescence,雌花序,,,2012-11-26
162831,pistillate,雌蕊的,,,2012-11-26
162832,pistillate flower,雌蕊花;雌花,,,2012-11-26
162833,pistil(Clusius 1610 Tournefort 1700);gynoecium,雌蕊;大蕊,,,2012-11-26
162834,pistilar chord,花柱道,,,2012-11-26
162835,Pistia;water lettuce;tropical duckweed,牡丹浮萍属,,,2012-11-26
162836,Pistia stratiotes L.;water lettuce,牡丹浮萍,,,2012-11-26
162837,pistazinus,褐黄绿色,,,2012-11-26
162838,Pistacia;pistachio,黄连木属;楷属,,,2012-11-26
162839,Pistacia weinmann-ifolia J.Poiss.,清香木;香叶树;细叶楷木(四川德昌),,,2012-11-26
162840,Pistacia vera L.;pistachio nut,阿月浑子(拾遗),,,2012-11-26
162841,Pistacia terebinthus L.,笃耨香(本草纲目),,,2012-11-26
162842,Pistacia lentiscus L.,乳香(名医别录),,,2012-11-26
162843,Pistacia klinjuk Stocks,熏陆香(名医别录),,,2012-11-26
162844,Pistacia chinensis Bunge;Chinese pistache,黄连木(图考)楷;烂心木(台湾),,,2012-11-26
162845,Pisonia aculeata L.,腺果藤,,,2012-11-26
162846,Pisonia,腺果藤属(紫茉莉科),,,2012-11-26
162847,pisiform,豌豆形,,,2012-11-26
162848,Pirolaceae,鹿蹄草科,,,2012-11-26
162849,Pirola uniflora L.,一花鹿蹄草,,,2012-11-26
162850,Pirola japonica Sieb.,鹿蹄草,,,2012-11-26
162851,Pirola japonica Sieb,鹿蹄草,,,2012-11-26
162852,Piricularia zingiberi Nishikado,姜热病菌;茗荷病菌,,,2012-11-26
162853,Piricularia setariae Nishikado,粟热病菌,,,2012-11-26
162854,Piricularia panici Hara,黍热病菌,,,2012-11-26
162855,Piricularia oryzae Cavara,稻热病菌;牛毛草热病菌,,,2012-11-26
162856,Piricularia grisea(Cooke)Sacc.;P.setariae Nisikado,粟热病菌,,,2012-11-26
162857,Pipturus,落尾木属(荨麻科),,,2012-11-26
162858,Piptocephalis,分枝霉属,,,2012-11-26
162859,Piptocephalidaceae,分枝霉科(藻菌),,,2012-11-26
162860,Piptanthus mongolicus Maxim.;Ammopiptanthus mongolicus (Maxim.)Cheng f.,沙冬青,,,2012-11-26
162861,Piptanthus laburnifolius (D.Don)Stapf;Thermopsis laburnifolius D.Don,金链叶黄花木,,,2012-11-26
162862,Piptanthus concolor Harrow,黄花木,,,2012-11-26
162863,Piptanthus,黄花木属(豆科),,,2012-11-26
162864,Piptadenieae,榼藤子族(豆科),,,2012-11-26
162865,pipewort family;Eriocaulaceae,壳精草科,,,2012-11-26
162866,piperylene,戊二烯,,,2012-11-26
162867,piperonylic acid;3，4-methylenedioxy benzoic acid,向日花香酸;3，4亚甲二氧基苯甲酸,,,2012-11-26
162868,piperonyl alcohol,向日花香醇;3，4-亚甲二氧基苯甲醇,,,2012-11-26
162869,piperonal,向日花香醛;儿茶醛甲烯醚,,,2012-11-26
162870,piperolidine,δ--乙种毒芹【生+佥】 ;八氢吡咯【口+哥】吡,,,2012-11-26
162871,piperine,胡椒【生+佥】,,,2012-11-26
162872,piperidine,一氮陆圜;六氢吡啶,,,2012-11-26
162873,piperidic acid;r-aminobutyric acid,r-胺基(代)丁酸,,,2012-11-26
162875,piperic acid;2，4-pentadienoic acid,胡椒酸,,,2012-11-26
162876,piperazine;diethylene-diaruine,1，4-二氮陆圜;二次乙基二胺;六氢吡【口+井】,,,2012-11-26
162877,Piperales,胡椒目,,,2012-11-26
162878,piperad type,胡椒型,,,2012-11-26
162879,Piperaceae;pepper family,胡椒科,,,2012-11-26
162880,Piper;pepper,胡椒属,,,2012-11-26
162881,Piper wallichii(Miq.)Hand.-Mazz.var.hupehense(C.DC.)Hand.-Mazz.;P.aurantiacum Wall.var.hupehense C.DC.,石南藤(中药志),,,2012-11-26
162882,Piper sarmentosum Roxb.,假蒟,,,2012-11-26
162883,Piper puberulum (Benth.) Maxim;,毛蒟,,,2012-11-26
162884,Piper nigrum L.;black pepper;common pepper,胡椒(唐本草),,,2012-11-26
162885,Piper methysticum Forst;Java pepper,爪哇胡椒,,,2012-11-26
162886,Piper longum L.,荜拨(开宝),,,2012-11-26
162887,Piper hancei Maxim.,山蒟(中药志); 海南藤,,,2012-11-26
162888,Piper hainanensis Hemsl.,海南蒟,,,2012-11-26
162889,Piper futokadzura Sieb.et Zucc.;P.kadura (Cheisy)Ohwi;Japanese pepper,细叶青蒌藤,,,2012-11-26
162890,Piper cubeba L.fil.;Cubeb,毕灯茄(开宝本草),,,2012-11-26
162891,Piper clusii DC.,非洲胡椒,,,2012-11-26
162892,Piper betle L.;betel pepper,蒌叶;蒌子;蒟酱(唐本草);蒟酱荖叶;荖叶(俗);土荜茇(食疗本草);扶留;扶留藤;浮留,,,2012-11-26
162893,Piper aurantiacum Wall.,南藤(开宝本草),,,2012-11-26
162894,Pionnotes,野茱莉玟点病菌属(不),,,2012-11-26
162895,pioneer species,光驱种,,,2012-11-26
162896,pioneer plant,前驱植物,,,2012-11-26
162897,Pinus;pine,松属,,,2012-11-26
162898,Pinus yunnanensis Franch.,云南松;长毛松;青松;飞松,,,2012-11-26
162899,Pinus wangii Huet Cheng,毛枝五针松,,,2012-11-26
162900,Pinus thunbergii Parl.;Japanese black pine;black pine,黑松;日本黑松,,,2012-11-26
162901,Pinus taiwanensis Hayata;Taiwan red pine;P.hwangshanensis Hsia,台湾二叶松;黄山松,,,2012-11-26
162902,Pinus taeda L.;loblolly pine;old field pine;rosemary pine;torch pine,火炬松,,,2012-11-26
162903,Pinus tabulaeformis Carr.;Chinese pine,三内松;红松;短叶;红皮松(河北);短叶马尾松;东北黑松;黑皮油松;辽东赤松,,,2012-11-26
162904,Pinus tabulaeformis Carr. Var.densata Rehd.,西康油松,,,2012-11-26
162905,Pinus sylvestris L.;Scots pine;Scotch fir;deal wood;wild pine,欧洲赤松,,,2012-11-26
162906,Pinus sylvestris L. var. mongolica Litvin,獐子松(中药志),,,2012-11-26
162907,Pinus strobus L.;white pine;wegmouth pine,美国东部白松,,,2012-11-26
162908,Pinus sinensis Mayr;P.tabulaeformis;Chinese pine,松(别录上品);短叶松,,,2012-11-26
162909,Pinus sibirica(Loud.)Mayr,西伯利亚红松,,,2012-11-26
162910,Pinus rigida Mill.;pitch pine;black Norway pine;hard pine;long-leaved pine,刚叶松,,,2012-11-26
162911,Pinus radiata D.Don;monterey pine,加利福尼亚松,,,2012-11-26
162912,Pinus pumila Reg.;dwarf Siberian pine;dwarf stone pine,偃松,,,2012-11-26
162913,Pinus pinea L.;stone pine;umbrella pine,伞形松,,,2012-11-26
162914,Pinus pinaster Ait.;cluster pine;maritine pine,海岸松,,,2012-11-26
162915,Pinus penzeliana Hand.-mazz.,海南松,,,2012-11-26
162916,Pinus pentaphylla Mayr;Japanese white pine,日本白松,,,2012-11-26
162917,Pinus pentaphylla Mayer var.himekomatsu Mak.;Japanese white pine;Japanese strobus pine,五叶松,,,2012-11-26
162918,Pinus palustris Mull.;longleaf pine;true pitch pine;Florida longleaf pine,大王松,,,2012-11-26
162919,Pinus nigra Arnold;Austrian pine;black plne,黑松,,,2012-11-26
162920,Pinus mungo Turra;mountain pine,山松,,,2012-11-26
162921,Pinus morrisonicola Hay.;Taiwan short-leaf pine,台湾五叶松,,,2012-11-26
162922,Pinus massoniana Lamb.;Chinese red pine,马尾松;青松;山松(广东);枞柏(福建),,,2012-11-26
162923,Pinus luchuensis Mayer;Luchu pine,琉球松,,,2012-11-26
162924,Pinus longifolia Roxb.;chir pine,三叶松,,,2012-11-26
162925,Pinus kwangtungensis Chun,华南五针松;广东松,,,2012-11-26
162926,Pinus koraiensis Sieb.et Zucc.;Korean Pine,红松;果松;海松;高丽松;新罗松,,,2012-11-26
162927,Pinus griffithii M.Clelland;Himalayan pine;blue pine;Bhotan pine,乔松,,,2012-11-26
162928,Pinus formosana Hay.,台湾赤松,,,2012-11-26
162929,Pinus fenzeliana Hand.-Mazz.,海南五针松;海南松;粤松,,,2012-11-26
162930,Pinus excelas Wall.;Himalayan Pine;Blue pine;Bhotan pine P.griffithii McClelland,乔松,,,2012-11-26
162931,Pinus elliottii Engel.;Slash pine; swamp pine,湿地松,,,2012-11-26
162932,Pinus echinata Mill.; short-leaf pine,芒刺松,,,2012-11-26
162933,Pinus densiflora S.et Z.;Japanese red pine,赤松;辽东赤松;短叶赤松,,,2012-11-26
162934,Pinus densata Mast.,高山松,,,2012-11-26
162935,Pinus canariensis C. Smith;Canary pine,加拿利松,,,2012-11-26
162936,Pinus bungeana Zucc.;lace-bark pine,白皮松; 白果松; 蛇皮松; 虎皮松,,,2012-11-26
162937,Pinus armandi var.mastersiana Hay.,台湾华山松,,,2012-11-26
162938,Pinus armandi Franch.;Armand's pine,华山松;白松;青松;五须松;油松,,,2012-11-26
162939,pinon;nut pine;Pinus parryana,坚果松,,,2012-11-26
162940,Pins funebris Kom.,中国赤松;油杉,,,2012-11-26
162941,pinol;4.7.7-trimethyl-6-oxabicyclo(3，2，1)oct-z ene,松脑;环氧一烯@;68-环氧一对一盖烯-[1],,,2012-11-26
162942,pinocytotic vesicle,胞饮胞,,,2012-11-26
162943,pinocytosis vacuole,胞饮液泡；胞饮液胞 {= pinocytotic vacuole},,,2016-07-25
162944,pinocytosis(Lewis 1931),胞饮[现象]:胞饮作用,,,2012-11-26
162945,pinocytotic microvesicle,胞饮小胞,,,2012-11-26
162946,pinocyte,饮胞,,,2012-11-26
162947,pinocytosis channel,胞饮通道,,,2012-11-26
162948,pinnule,羽状小叶,,,2012-11-26
162949,pinninervate,有羽状脉的,,,2012-11-26
162950,pinniform,羽状,,,2012-11-26
162951,pinnatodentate,羽状锯齿裂的,,,2012-11-26
162952,pinnatopectinate,羽状梳齿裂的,,,2012-11-26
162953,pinnatisect,羽状全裂的,,,2012-11-26
162954,pinnatiparted;pinnatipartite,羽状深裂的,,,2012-11-26
162955,pinnatilobed,羽状圆裂的,,,2012-11-26
162956,Pinnaticosta,提灯藓属羽助组,,,2012-11-26
162957,pinnatifid,羽状粉裂的,,,2012-11-26
162958,pinnately veined,羽状叶脉的,,,2012-11-26
162959,pinnately trifoliate,有羽状三小叶的,,,2012-11-26
162960,pinnately compound leaf,羽状复叶,,,2014-12-29
162961,pinnate venation,羽状脉,,,2012-11-26
162962,Pinnatella,羽藓属,,,2012-11-26
162963,pinnate vein,羽状脉,,,2012-11-26
162964,pinnate,羽状的,,,2012-11-26
162965,pinna rachis,羽轴,,,2012-11-26
162966,pinna,羽片;小叶片,,,2012-11-26
162967,pink; Dianthus,石竹,,,2012-11-26
162968,pinkshower senna;Cassia grandis L.,红花铁刀木,,,2012-11-26
162969,pink family;Caryophyllaceae,石竹科,,,2012-11-26
162970,pink coloring of rice grains; Epicoccum neglectum Desmazies,红变米,,,2012-11-26
162971,Pinguicula vulgaris L.var.maeroceras Herder,捕虫菫,,,2012-11-26
162972,Pinguicula ramasa Miyoshi,岐梗捕虫菫;庚申草(日本),,,2012-11-26
162973,ping-pong;Sterculia nobilis R.Br,苹婆,,,2012-11-26
162974,pine-wool,松叶纤维,,,2012-11-26
162975,pine-wood,松材,,,2012-11-26
162976,pinetum,1.松树园2.松树,,,2012-11-26
162977,pinery,1.松林2.凤梨栽培温室,,,2012-11-26
162978,pinenchyma,板状细胞组织,,,2012-11-26
162979,Pinellia tripartita Schott.,大半夏(天南星科),,,2012-11-26
162980,Pinellia trenata Breit.f.angustata Makino,细叶半夏;紫花半夏,,,2012-11-26
162981,Pinellia ternata Breit.;P.tuberiferu Tenore,半夏(本草经);羊服半夏(浙江);地茨茹(广西),,,2012-11-26
162982,pineapple;Ananas comosus Merr.,凤梨,,,2012-11-26
162983,pineapple family;Bromeliaceae,凤梨科,,,2012-11-26
162984,pine;Pinus,松,,,2012-11-26
162985,pine tree,松树,,,2012-11-26
162986,pine family;Pinaceae,松科,,,2012-11-26
162987,Pincirus,枸橘属(芸香科),,,2012-11-26
162988,Pinching;topping,摘心,,,2012-11-26
162989,pinaolone,二甲基丁烷峒,,,2012-11-26
162990,Pinanga,山槟榔属(棕榈科),,,2012-11-26
162991,Pinanga baviensis Becc.,山槟榔(海南),,,2012-11-26
162992,pinany:betel nut,槟榔子,,,2012-11-26
162993,pinakenchyma,砖壁状组织,,,2012-11-26
162994,pinaceous,松科的;松树的,,,2012-11-26
162995,Pinaceae;pine family,松科,,,2012-11-26
162996,pina,凤梨酒,,,2012-11-26
162997,pimpon;Sterculia nobilis R.Br.;ping-pong,苹婆;凤果,,,2012-11-26
162998,Pimpinella thellungiana Wolff,缺刻叶茴芹,,,2012-11-26
162999,Pimpinella dunnii Boiss.;tongoloa dunnii(Boiss.)Wolff,红花芹,,,2012-11-26
163000,Pimpinella diveraifolia DC,异叶茴芹;八月白;鹅脚板;苦爹菜,,,2012-11-26
163001,Pimpinella coriacea(Franch.)Boiss.,革命茴芹,,,2012-11-26
163002,Pimpinella candollena Wight et Arn.,杏叶防风;山当妇;免耳防风革风茴芹,,,2012-11-26
163003,Pimpinella calycina Maxim.,山芹,,,2012-11-26
163004,Pimpinella brachycarpa (Kom.)Nakai;Spuriopimpinella brachycarpa brachycarpa(Kom.)Kitagawa,短果茴芹,,,2012-11-26
163005,Pimpinella astibaefolia Hay,落新妇叶茴芹,,,2012-11-26
163006,Pimpinella argnta Diels,尖齿茴芹,,,2012-11-26
163007,Pimpinella,茴芹属(香芹科),,,2012-11-26
163008,pimiento;Spanish paprika;Capsicum frutescens L.(C. annuum L.),西班牙辣椒,,,2012-11-26
163009,pimento Pimenta officinalis,1.众香的干而未熟的果实2.众香树,,,2012-11-26
163010,pimelic acid,庚二酸,,,2012-11-26
163011,Pimenta racemosa Kastel,众香(桃金娘科),,,2012-11-26
163012,Pilotrichopsis dentata(Mitt.)Besch.,毛枝藓,,,2012-11-26
163013,pilus(pl，pipi)(Brinton，Buzzel & Lauffer1954);fimbria,毛状物,,,2012-11-26
163014,Pilotrichopsis,毛枝藓属,,,2012-11-26
163015,pilotrichopsietum,毛枝藓群落,,,2012-11-26
163016,pilosulose,有小疎柔毛的,,,2012-11-26
163017,pilosity,细被毛,,,2012-11-26
163018,pilose;pilous,有细软毛的,,,2012-11-26
163019,pilose pappus,丝状冠毛,,,2012-11-26
163020,Pilophoron,冠苔属(地衣),,,2012-11-26
163021,Pilopogon,南美树生曲柄藓属(于),,,2012-11-26
163022,pilocarpine,毛果芸香【生+佥】,,,2012-11-26
163023,pilocarpidine(d),乙种毛果芸香,,,2012-11-26
163024,Pilobolus,马粪菌属,,,2012-11-26
163025,Piloboleae,马粪霉亚科,,,2012-11-26
163026,Pilobolaceae,马粪菌科(藻菌),,,2012-11-26
163027,pillar,柱;囊轴;朔轴,,,2012-11-26
163028,piliform,毛状,,,2012-11-26
163029,piliferous，piligerous,被毛的;有芒的,,,2012-11-26
163030,piliferous layer,根毛层,,,2012-11-26
163031,pilgrim's gourd;Lagenaria leucantha Rosby.var.gourda Makino,葫芦,,,2012-11-26
163032,pileus,菌伞;菌帽,,,2012-11-26
163033,pileous,有毛的;多毛的,,,2012-11-26
163034,Pileostegis viburnoides Hook.f.et Thomas,冠盖藤；青棉花,,,2019-03-11
163035,Pileostegia tomentella Hand.-Mazz.,星毛冠盖藤,,,2012-11-26
163036,pileorhize,根帽,,,2012-11-26
163037,Pileostegia,冠盖藤属(虎耳草科),,,2012-11-26
163038,Pileolaria shiraiana(Dietel et Sydow)S.Ito,山漆锈病菌,,,2012-11-26
163039,pileolus,小帽;小齿盖,,,2012-11-26
163040,pileate,有菌盖的,,,2012-11-26
163041,Pilea plataniflora C.H.Wight,西南冷水花,,,2012-11-26
163042,Pilea swingelei Merr.,三角形冷水花,,,2012-11-26
163043,Pilea peploides(Gaud.)Hook.et Arn,矮冷水花,,,2012-11-26
163044,Pilea peltat Hance,盾叶冷水花,,,2012-11-26
163045,Pilea mongolica Wedd.,透茎冷水花,,,2012-11-26
163046,Pilea notata C.H.Wight,冷水花,,,2012-11-26
163047,Pilea martinii Levl.Hand-Mazz,大叶冷水花,,,2012-11-26
163048,Pilea fasciata Franch,粗齿冷水花,,,2012-11-26
163049,Pilea crassifolia Hance,厚叶冷水花,,,2012-11-26
163050,pilea,冷水花属(荨麻科),,,2012-11-26
163051,Pilea cavaleriei Levl.,冷缘冷水花,,,2012-11-26
163052,pignut; Carya glabra,1.山核桃果实2.山核桃树,,,2012-11-26
163053,pignut palm;bottle palm;Mascarena lagenicaulis L.H.Bailey,酒瓶椰子,,,2012-11-26
163054,pigmentolysine,色素溶素,,,2012-11-26
163055,pigmentolysis,色素溶解,,,2012-11-26
163056,pigmentation,著色;色素产生,,,2012-11-26
163057,pigmentary color,色素的,,,2012-11-26
163058,pigment zone;pigment band,色素带,,,2012-11-26
163059,pigmentary,色素的,,,2012-11-26
163060,pigment tissue,色素组织,,,2012-11-26
163061,pigment granule,色素粒,,,2012-11-26
163062,pigment layer,色素层,,,2012-11-26
163063,pigment cell,色素细胞,,,2012-11-26
163064,pig weed;goosefoot;chenopodium,藜,,,2012-11-26
163065,pigeon pea;Cajanus,树豆;木豆;米豆(树豆属),,,2012-11-26
163066,pigment,色素,,,2012-11-26
163067,Pieris japonica D.Don,梫木(本草拾遗);马醉木(日本),,,2012-11-26
163068,Pieris formosa Don,兴山马醉木(陈嵘),,,2012-11-26
163069,Pieris floribunda Benth.et Hook,美国马醉木(陈嵘),,,2012-11-26
163070,pieris,梫木属;马醉木属(杜鹃花科),,,2012-11-26
163071,piebald,有斑点的,,,2012-11-26
163072,picrotoxin,印度防己毒,,,2012-11-26
163073,picronigrosin,苦(味)酸苯胺黑色素,,,2012-11-26
163074,picroformal,苦味酸蚁醛,,,2012-11-26
163075,picrocrosin,番红花苦,,,2012-11-26
163076,picroconitine; benzaconine,苦(味)鸟头 【生+佥】 ;苯甲醯水解鸟头,,,2012-11-26
163077,picrocarmine,苦洋红,,,2012-11-26
163078,Picris hieracioides L.var.japonica Regel; P.japonica Thunb.,毛莲菜,,,2012-11-26
163079,picris divaricata Bent,云南毛莲菜(中药志),,,2012-11-26
163080,picric acid,苦(味)酸,,,2012-11-26
163081,picrate,苦(味)酸盐,,,2012-11-26
163082,Picrasma quassioides(D.Don)Benn.,苦木;木樗子;苦栋树,,,2012-11-26
163083,picrasma ailanthoides Planch.;P.quassioides Benn.,黄栋木;苦树(日本),,,2012-11-26
163084,picrarrhiza kurroa Royle,胡黄莲(开宝本草);胡莲,,,2012-11-26
163085,Picrasma,苦木属;黄栋木属(苦木科),,,2012-11-26
163086,picotee;carnation,香石竹;康乃馨,,,2012-11-26
163087,pickling,腌渍,,,2012-11-26
163088,pickled cabbage; Brassica chinensis L.,菘;青菜;白菜,,,2012-11-26
163089,pickerel-weed family;Pontederiaceae,两久花科;凤眼莲科,,,2012-11-26
163090,picine,蓝黑色,,,2012-11-26
163091,piceous,沥青色的,,,2012-11-26
163092,piceoside,云杉苷,,,2012-11-26
163093,picene,【艹+匹】,,,2012-11-26
163094,Picea wilsonii Masters,青杆;魏氏云杉,,,2012-11-26
163095,Picea skiangensis Cheng,西康云杉,,,2012-11-26
163096,Picea shreukiana Fishch. Et Mey,云岭杉,,,2012-11-26
163097,Picea shreukiana Fisch.et Mey.var.tianshanica(Rupr.)Cheng et Fu;Picea tianshanica Rupr.,天山云杉,,,2012-11-26
163098,Picea purpurea Mast.,紫果云杉,,,2012-11-26
163099,Picea obovata Ledeb.; Siberian Spruce,西伯利亚云杉;沙松,,,2012-11-26
163100,Picea neoveitchii Mast,大果青杆、魏氏云杉,,,2012-11-26
163101,Picea microsperma(Lindl.)Carr.,鱼鳞松 ,,,2012-11-26
163102,Picea morrisonicola Hay.;Morrison spruce,台湾云杉,,,2012-11-26
163103,Picea meyeri Rehd. et Wils.,白杆;毛枝云杉,,,2012-11-26
163104,Picea likiangensis(Franch.)Pritz.,丽江云杉,,,2012-11-26
163105,Picea jezoensis Carr.; yeddo spruce,日本鱼鳞松(于),,,2012-11-26
163106,Picea koraiensis Nak.;Picea obovata Ledeb.;Siberian spruce,红皮云杉;红皮臭;虎尾松;沙松,,,2012-11-26
163107,Picea crassifolia Kom,青海云杉,,,2012-11-26
163108,Picea complantata Mast.,油麦吊杉,,,2012-11-26
163109,Picea brachytyla Pritz.,麦吊杉;垂枝云杉,,,2012-11-26
163110,Picea balfouriana Rehd. Et Wils.,川西云杉;康藏云杉,,,2012-11-26
163111,Picea aurantiaca Mast.,白皮云杉,,,2012-11-26
163112,Picea asperata Mast.;Dragon spuce,云杉,,,2012-11-26
163113,Picea,云杉属(松料),,,2012-11-26
163114,phytoxylin,植物纤维胶,,,2012-11-26
163115,piazine;pyrazine,吡【口+井】,,,2012-11-26
163116,phytotrone,控制生长条件植物培养室;人工气候室,,,2012-11-26
163117,phytotoxin,植物毒素,,,2012-11-26
163118,phytotomy.; plant anatomy; plant histology,植物解剖学;植物组织学,,,2012-11-26
163119,phytosterolin,植物脂醇,,,2012-11-26
163120,phytosterin，phytosterd,植物硬脂醇,,,2012-11-26
163121,phytosociology,植物社会学,,,2012-11-26
163122,Phytosarcodina;Myxothallophyta;Myxomycetes,变形菌门;黏菌门,,,2012-11-26
163123,Phytoprecipitin,植物沉淀素,,,2012-11-26
163124,phytoplasm,植物原生质,,,2012-11-26
163125,phytoplankton,浮游植物,,,2012-11-26
163126,phytoplankter,浮游植物个体,,,2012-11-26
163127,phytophysiology,植物生理学,,,2012-11-26
163128,Phytophthora terrestris Sherbakoff:Phytophthora Parasitica Dastur,柑橘裾腐病菌,,,2012-11-26
163129,Phytophthora syringae Klebahn,紫丁香枝枯病菌,,,2012-11-26
163130,phytophthora rot of eggplant; Phytophthora parasitica Dastur;Phytophthora Melongenae Sawada,茄子疫病,,,2012-11-26
163131,phytophthora rot of cucumber;,胡瓜疫病,,,2012-11-26
163132,Phytophthora parasitica var.nicotianae(Brede de Haan)Tucker,烟草疫病菌,,,2012-11-26
163133,Phytophthora parasitica Dastur;Phytophthora melonis Katuda,胡瓜疫病,,,2012-11-26
163134,Phytophthora parasitica Dast,胡麻、黄蜀葵、篦麻疫病菌;柑橘裾腐病菌之一,,,2012-11-26
163135,Phytophthora paeoniae Cooperet Porter,牡丹芍药疫病菌,,,2012-11-26
163136,Phytophthora omnivorus de Bary,枫类苗疫病菌之一,,,2012-11-26
163137,Phytophthora nicotianae DeHaan,蚕豆疫病菌;烟草疫病菌,,,2012-11-26
163138,Phytophthora melonis Katsura;P.parasitica Dastur,胡瓜疫病菌,,,2012-11-26
163139,Phytophthora Melongenae Sawada:P.parasitica Dastur,茄绵疫病菌,,,2012-11-26
163140,Phytophthora macrospora (Sacc.)Ito et Tanada,稻、大麦、小麦、燕麦、玉蜀黍黄化萎缩病菌;小糠草类黄化萎缩病菌;柳条芦黄化萎缩病菌,,,2012-11-26
163141,Phytophthora infestans(Mont)de Bary,马铃薯腐疫(病)菌;茄、番茄疫(病)菌,,,2012-11-26
163142,Phytophthora fragariae Hickman,草莓根腐病菌,,,2012-11-26
163143,Phytophthora formosana Sawada,篦麻叶疫病菌,,,2012-11-26
163144,Phytophthora fagopyri Takimoto,荞麦疫病菌,,,2012-11-26
163145,Phytophthora fagi Hartig,苗立枯病菌,,,2012-11-26
163146,Phytophthora erythroseptica Pcthybridge,洋芋红腐病菌,,,2012-11-26
163147,Phytophthora dreshsleri Tucker,洋芋腐败病菌;西瓜疫病菌,,,2012-11-26
163148,Phytophthora cyperi(Ideta)Ito,七岛兰鳖甲病菌,,,2012-11-26
163149,Phytophthora colocasiae Raciborski,芋疫病菌,,,2012-11-26
163150,Phytophthora citrophthara(R.E. et E.H. Smith)Leonian,柑橘类褐色腐败病菌;无花果疫病菌,,,2012-11-26
163151,Phytophthora citricola Sawada;Ph，cactorm(Lebert et Cohn)Schr(o)ter,柑橘疫病菌,,,2012-11-26
163152,Phytophthora cinnamomi rands,粟墨水病菌之一;松类小叶病,,,2012-11-26
163153,phytophthora carica(Hara)Hori:P.citrophthora(R.E.Smith et E. H. Smith)Leonian,无花果疫病菌,,,2012-11-26
163154,Phytophthora capsici Leonian,番椒; 南瓜类疫病菌;胡瓜、番茄灰色疫病菌;西瓜、茄褐色腐败病菌,,,2012-11-26
163155,Phytophthora canavaliae Hare,刀豆疫病菌,,,2012-11-26
163156,Phytophthora cambivora(Petri)Buisman,粟墨水病菌之一,,,2012-11-26
163157,Phytophthora cactorum(Leb.et Cohn)Schroter,苹果疫病菌;药用人参胴枯病菌;草莓疫病菌;百合疫病菌之一,,,2012-11-26
163158,Phytophthora bochmeriae Sawada,苎麻疫病菌,,,2012-11-26
163159,phytophthora blight of pepper;Phytophthora capsici Leonian,辣椒疫病,,,2012-11-26
163161,Phytophthora,疫(病)菌属,,,2012-11-26
163162,Phytophthora allii Sawada;Phytophthora parasitica Dastur,葱疫病菌,,,2012-11-26
163163,phytophily,适合植物性,,,2012-11-26
163164,phytophilous,喜植物的,,,2012-11-26
163165,phytophenology,植物气候学,,,2012-11-26
163166,phytophagous,食植物的,,,2012-11-26
163167,phytopharmacology,植物药理学,,,2012-11-26
163168,phytopathy,植物疾病,,,2012-11-26
163169,phytopathology; plant pathology,植物病理学,,,2012-11-26
163170,phytopathogenic,植学性病原的,,,2012-11-26
163171,phytoparasite,植物性寄生物;寄生菌,,,2012-11-26
163172,phytopaleontology,古植物学;化石植物学,,,2012-11-26
163173,phytonomy,植物发生学,,,2012-11-26
163174,phytonic theory;phytonism;phyton theorie,植物繁殖体学说,,,2012-11-26
163175,phyton,植物繁殖体,,,2012-11-26
163176,Phytomyxa,豆类根瘤病菌属,,,2012-11-26
163177,Phytomonas syringae var.populans Smith;Pseudomonas syringae var.popoular Smith,苹果水泡细菌病菌,,,2012-11-26
163178,Phytomonas medicaginis (Sackett) Bergey var phaseolicola Burkholdder,葛斑点细菌病菌,,,2012-11-26
163179,phytomonas lespedezae Ayers;Xanthomonas lespedezae(Ayers Lefebvre et Johnson),鸡眼草萎凋细菌病菌,,,2012-11-26
163180,Phytomonas citri(Hasse)Bergey.;Xanthomonas citri (Hasse)Dowpson,柑橘溃疡病菌,,,2012-11-26
163181,Phytomonas ananas serrano;Pseudomonas ananas Serrano,凤梨黑腐病菌,,,2012-11-26
163182,phytomimesis,隐(蔽的)植物拟态,,,2012-11-26
163183,phytometer method,植物计量法,,,2012-11-26
163184,phytomastigophora,有毛藻类(鞭),,,2012-11-26
163185,phytometer,植物计,,,2012-11-26
163186,phytology;botany,植物学,,,2012-11-26
163187,phytologist,植物学者,,,2012-11-26
163188,phytologic(al),植物学的,,,2012-11-26
163189,Phytoloacca esculenta Houtte; P.acinosa Roxb.var.kamepferi Makino,商陆(本草经);抱母鸡(镇江);长不老(南京),,,2012-11-26
163190,phytolithology,植物化石学,,,2012-11-26
163191,phytolithlolgist,植物化石学者,,,2012-11-26
163192,phytolith,植物化石,,,2012-11-26
163193,phytolaccotoxin,商陆毒素,,,2012-11-26
163194,Phytolaccaceae;pokeweed family;phytolaccad,商陆科,,,2012-11-26
163195,phytolacca;pokeweed;pokeberry,商陆属(商陆科),,,2012-11-26
163196,phytolacca acinosa Roxb.;P. esculenta Van Houtte,商陆;当陆;山萝卜;牛萝菔,,,2012-11-26
163197,phytol,叶绿醇;叶色醇,,,2012-11-26
163198,phytokinins,植物激素,,,2012-11-26
163199,phytoid,植物状的,,,2012-11-26
163200,phytohaemoto agglutinin(PHA),植物性凝血素,,,2012-11-26
163201,phytogroup;plant group,植物群,,,2012-11-26
163202,phytograph,植物群落图解,,,2012-11-26
163203,phytoglobulin,植物球蛋白,,,2012-11-26
163204,phytogenetics;plant genetics,植物遗传学,,,2012-11-26
163205,phytogenetic，phytogenic，phytogenous,植物性的;植物起源的,,,2012-11-26
163206,phytogenesis,植物发生,,,2012-11-26
163207,phytofloagellate,植物性有鞭毛类,,,2012-11-26
163208,phytoedaphone,土壤表层下微小植物群落,,,2012-11-26
163209,phytoecology;plant ecology,植物生态学,,,2012-11-26
163210,phytoecological geography,植学生态地理学,,,2012-11-26
163211,phytodemic,植物流行病,,,2012-11-26
163212,phytocommunity,植物群落,,,2012-11-26
163213,phytocoenosium,植物群落,,,2012-11-26
163214,phytocoenosis;phytocoenose,全层群落,,,2012-11-26
163215,phytocoenose;phytocoenosis,全层群落,,,2012-11-26
163216,phytocoenology,植物群落学,,,2012-11-26
163217,phytochrome,植物色素;植物光敏素,,,2012-11-26
163218,phytochlorin,植物绿质,,,2012-11-26
163219,phytochlolesterol,植物性胆脂醇,,,2012-11-26
163220,phytochemistry,植学化学,,,2012-11-26
163221,phytocecidium,植学瘿,,,2012-11-26
163222,phytobiology,植物生物学;植物生活史学,,,2012-11-26
163223,phytobenthos,底生植物,,,2012-11-26
163224,phytobiocenose,植物群落,,,2012-11-26
163225,Phytoaeron,空中微生植物,,,2012-11-26
163226,Phytin,纤维糖磷酸盐,,,2012-11-26
163227,Phytidium rugosum(Ehrh.)Kindl.,垂枝藓,,,2012-11-26
163228,phytic acid,六磷酸肌醇,,,2012-11-26
163229,Phyteuma japonicum Miq.;Asyneuma japonicum Briquet,四手沙参,,,2012-11-26
163230,Phytelephas macrocarpa Ruiz et Pav,小象牙椰子,,,2012-11-26
163231,Phytelephas macrocarpa Ruiz & Pav. Carozo nut,大象牙椰子,,,2012-11-26
163232,Phytelephas,象牙椰子属,,,2012-11-26
163233,phytase,纤维糖磷酸盐脢,,,2012-11-26
163234,phytalbumose,植物蛋白䏡,,,2012-11-26
163235,phytalbumin,植物蛋白素,,,2012-11-26
163236,physostigmine;eserine,毒扁豆属;毒扁豆【生佥】,,,2012-11-26
163237,Physostigma venenosum Balfour,毒扁豆(药材学),,,2012-11-26
163238,Physostigma,加刺拔儿豆属;毒扁豆属(豆科),,,2012-11-26
163239,Physostegia Virginiana Benth,花虎尾(日本)(薄荷科),,,2012-11-26
163240,Physospermopsis delavayi(Franch.)Wolff,拟囊果芹,,,2012-11-26
163241,Physospermopsis,似囊果芹属(繖形花科),,,2012-11-26
163242,Physoderma zeae-maydis Shaw,玉蜀黍茎叶斑点病菌,,,2012-11-26
163243,Physoderma maydis Miyabe; P.zeae-maydis Shaw,玉米草斑点病菌,,,2012-11-26
163244,Physocarpus amurensis(Mixim).Maxim,风箱果 ,,,2012-11-26
163245,Physocarpus,风箱果属(蔷薇科),,,2012-11-26
163246,physiology,生理学,,,2012-11-26
163247,physiopathology,生理病理学;病态生理学,,,2012-11-26
163248,physiologically basic salt,生理(的)碱性盐,,,2012-11-26
163249,physiologically acidic salt,生理(的)酸性盐,,,2012-11-26
163250,physiological zero,生理零点,,,2012-11-26
163251,physiological strain,生理品系,,,2012-11-26
163252,physiological squecology,生理群落生态学,,,2012-11-26
163253,physiological species; physiologic species,生理种,,,2012-11-26
163254,physiological speciation,生理物种分化;生理的系统分化,,,2012-11-26
163255,physiological specialization,生理性专一化,,,2012-11-26
163256,physiological salt (saline) solution,生理食盐水,,,2012-11-26
163257,physiological saline,生理(的)盐类溶液,,,2012-11-26
163258,physiological regeneration,生理(的)再生,,,2012-11-26
163259,physiological property,生理特性,,,2012-11-26
163260,physiological race,生理小种,,,2012-11-26
163261,physiological reaction,生理反应,,,2012-11-26
163262,physiological process,生理过程,,,2012-11-26
163263,physiological plant anatomy,植物生理解剖学,,,2012-11-26
163264,physiological phenomenon,生理现象,,,2012-11-26
163265,physiological optimum,生理最适度,,,2012-11-26
163266,physiological mutant,生理(的)突变体,,,2012-11-26
163267,physiological movement,生理运动,,,2012-11-26
163268,physiological life history,生理生活史,,,2012-11-26
163269,physiological lethal gene,生理(的)致死基因,,,2012-11-26
163270,physiological lag,生理(的)迟延,,,2012-11-26
163271,physiological homeostasis(Cannon 1932),生理(的)恒常性;;生理(的)自动调整,,,2012-11-26
163272,physiological heat of combustion,生理(的)燃烧热,,,2012-11-26
163273,physiological gradient,生理渐差度,,,2012-11-26
163274,physiological function,生理机能,,,2012-11-26
163275,physiological genetics,生理遗传学,,,2012-11-26
163276,physiological fruit drop; physiological dropping,生理(的)落果,,,2012-11-26
163277,physiological form; physiological race; physiological strain,生理小种,,,2012-11-26
163278,physiological environment,生理环境,,,2012-11-26
163279,physiological ecology,生理(的)生态学,,,2012-11-26
163280,physiological dryness; physiological drought,生理(的)干旱,,,2012-11-26
163281,physiological dropping; physiological fruit drop,生理(的)落果,,,2012-11-26
163282,physiological dominance,生理(的)优势,,,2012-11-26
163283,physiological disease,生理病,,,2012-11-26
163284,physiological differentiation,生理(的)背腹性,,,2012-11-26
163285,physiological combustion,生理燃烧值,,,2012-11-26
163286,physiological chemistry,生理化学,,,2012-11-26
163287,physiological character,生理性状,,,2012-11-26
163288,physiological biogeography,生物生理地理(学),,,2012-11-26
163289,Physiological balanced solution,生理均冲溶液,,,2012-11-26
163290,physiological anatomy,生理解剖学,,,2012-11-26
163291,physiological alkalinity,生理碱性,,,2012-11-26
163292,physiological acidity,生理(的)酸度,,,2012-11-26
163293,Physiologic time,生理时间,,,2012-11-26
163294,physiologic species; physiological species,生理种,,,2012-11-26
163295,physiologic race,生理小种,,,2012-11-26
163296,physiologic polyspermy,生理的多精受精,,,2012-11-26
163297,physiologic equilibrium, 生理平衡,,,2012-11-26
163298,physiologic accomodation,地理(性)调节,,,2012-11-26
163299,Physiographic formation,地形群系,,,2012-11-26
163300,Physiographic factor,地形因素,,,2012-11-26
163301,physiographic ecology,地形生态学,,,2012-11-26
163302,physiographic climax,地形最安定群落,,,2012-11-26
163303,physiographic barrier,地形障碍,,,2012-11-26
163304,Physioggrspy,地形学;地文学,,,2012-11-26
163305,physiognomy,相观;植物群外观,,,2012-11-26
163306,physiogenesis(Waddington 1957),生理发生,,,2012-11-26
163307,physiochemistry,生理化学 ,,,2012-11-26
163308,physiochemical,生理化学的,,,2012-11-26
163309,physical resistance,物理性抵抗,,,2012-11-26
163310,physical environment,物理环境,,,2012-11-26
163311,physical ecology,物理生态学,,,2012-11-26
163312,physical drought,物理性干旱,,,2012-11-26
163313,Physical barrier,天然限制;天然障碍,,,2012-11-26
163314,Physcomitrium systyloides C. Mull.,尖喙立碗藓,,,2012-11-26
163315,Physcomitrium subeurystomum Card,拟红朔立碗藓,,,2012-11-26
163316,Physcomitrium sphaericum(Hedw.)Brid,球朔立碗藓,,,2012-11-26
163317,Physcomitrium repandum(Goriff)Mitt,匍出立碗藓,,,2012-11-26
163318,Physcomitrium limbatulum Broth et Par,黄边立碗藓,,,2012-11-26
163319,Physcomitrium japonicum(Hedw.)Mitt.,日本立碗藓,,,2012-11-26
163320,Physcomitrium immersum Sull,隐朔立碗藓,,,2012-11-26
163321,Physcomitrium courtoisi Broth et Par,江岸立碗藓,,,2012-11-26
163322,Physcomitrium,红朔立碗藓,,,2012-11-26
163323,Physcomitrellopsis,非洲拟葫芦藓属,,,2012-11-26
163324,Physcomitrium,立碗藓属,,,2012-11-26
163325,Physcomitrella,中欧葫芦藓属(于),,,2012-11-26
163326,Physciaceae,蜈蚣地衣科,,,2012-11-26
163327,Physcia,蜈蚣苔属(地衣),,,2012-11-26
163328,Physarum gyrosum Rostafinski,番薯灰色黏菌病菌,,,2012-11-26
163329,Physarum cinereum(Bstsch)Persoon,菾菜灰霉病菌;西瓜、胡瓜、茄、蕃茄变形菌病菌之一,,,2012-11-26
163330,Physarum,纽状灰霉属,,,2012-11-26
163331,Physaraceae,纽状灰菌科(黏),,,2012-11-26
163332,Physalospora tucumanensis Spegazzini,甘蔗赤腐病菌,,,2012-11-26
163333,Physalospora salicina Hara;Glomerella miyabeana(Fukui)von Arx,柳类炭疽病菌,,,2012-11-26
163334,Physalospora piricola Nose,梨轮纹病或粗皮病菌;苹果粗皮病菌,,,2012-11-26
163335,Physalospora paulowniae Ito et Kobayashi;Guignardia paulowniae(Ito et Kobayashi)Yamamoto et Ito,泡桐枝枯病菌,,,2012-11-26
163336,Physalospora miyabeana Fukushi Glomerella miyabeana(Fukushi),柳类炭疽病菌,,,2012-11-26
163337,Physalospora obtusa(Schw.)Cooke,苹果枝枯病菌,,,2012-11-26
163338,Physalospora miyabeana Fukushi,杞柳炭疽病菌,,,2012-11-26
163339,Physalospora macrospora Feltgen,枫类粗皮病菌,,,2012-11-26
163340,Physalospora laricina Sawada;Guignardia laricina (Sawada)Yamamoto et K. Ito,落叶松梢枯病菌,,,2012-11-26
163341,Physalospora japonica Togashi,山茶斑点病菌,,,2012-11-26
163342,Physalospora kaki Hara,柿缩叶病菌,,,2012-11-26
163343,Physalospora cydoniae Arnaud;Physalospora obtusa(Schweinitz)Cooke,苹果黑腐病菌,,,2012-11-26
163344,Physalospora cryptomeriae Hara,柳杉褐色叶枯病菌,,,2012-11-26
163345,Physalospora baccae Cavara,葡萄果串枝病菌,,,2012-11-26
163346,Physalospora acaciae Ito et Shibukawa;Glomerella cingulata(Stone-man)Spanlwding et Schrenk,栲皮树类炭疽病菌,,,2012-11-26
163347,Physalis;ground cherry; husk-tomato;winter cherry.,酸浆属(蓼科),,,2012-11-26
163348,Physalis pruinosa Kailey.;strawberry tomato;dwarf capegooseberry,食用酸浆,,,2012-11-26
163349,Physalis angulata L.;ground cherry,苦蘵,,,2012-11-26
163350,Physalis chamaesarachoides Makino,山酸浆(于),,,2012-11-26
163351,Physalis alkekengi L.var.francheti Makino forma monstrifera Mak.,璎珞酸浆,,,2012-11-26
163352,Physalis alkekengi L.var.francheti Makino forma bunyardii Makino;Chinese latern plant,酸浆(本草经);灯笼草;挂金钟,,,2012-11-26
163353,Physalis alkekengi L.;alkekengi;winter cherry.;stawberry tomato,洋种酸浆,,,2012-11-26
163354,Phymatotrichum omnivorum(Shear)Dugger,桑根腐病菌,,,2012-11-26
163355,Phymatopsis veitchii(Bak)H.Ito,日本圆形叶基假密网蕨(于),,,2012-11-26
163356,Phymatopsis tenuipes Ching,细柄假密网蕨,,,2012-11-26
163357,Phymatopsis shensiensis(Christ)Ching,陕西假密网蕨,,,2012-11-26
163358,Phymatopsis rhynchophylla(Hook)J.Sm.,喙叶假密网蕨,,,2012-11-26
163359,Phymatopsis oxyloba(Wall.)Presl,尖裂假密网蕨,,,2012-11-26
163360,Phymatopsis majoensis (C.Chr.) Cching,宽底假密网蕨,,,2012-11-26
163361,Phymatopsis griffithiana(Hook.)J.Sm.,大果假密网蕨,,,2012-11-26
163362,Phymatopsis hastata(Thunb.)Kitagawa,金鸡脚;鸭掌金星草,,,2012-11-26
163363,Phymatopsis conjucta Ching,交连假密网蕨,,,2012-11-26
163364,Phymatodes scolopendria (Burm.f.)Ching,密网蕨,,,2012-11-26
163365,Phymatopsis albopes(C.Chr.et Ching)Ching,灰鳞假密网蕨,,,2012-11-26
163366,Phymatodes lucida (Roxb.)Ching,光亮密网蕨,,,2012-11-26
163367,Phymatodes hastata(Thunb.)Ching;Phymatopsis hastata(Thunb.)Kitagawa,金鸡脚;鸭掌金星草;鸭脚草,,,2012-11-26
163368,phylum;(pl.phyla),门,,,2012-11-26
163369,Phymatodes,密网蕨属(水龙骨科),,,2012-11-26
163370,phylogeny (Haeckel1866);genealogy.;phylogenetic biology;phylogenesis,系统发生; 种系发生史,,,2012-11-26
163371,phylogenetic tree,系统树,,,2012-11-26
163372,phylogenetic system,系统分类式,,,2012-11-26
163373,phylogenetic morphology,系统形态学,,,2012-11-26
163374,phylogenetic lines,系统发育系,,,2012-11-26
163375,phylogenetic histology,系统组织学,,,2012-11-26
163376,phylogenetic degeneration,系统发育退化,,,2012-11-26
163377,phylogenetic classification,系统分类,,,2012-11-26
163378,phylogenetic chart,系统发生图,,,2012-11-26
163379,phylogenetic character,系统性状,,,2012-11-26
163380,phylogenetic botany,植物系统学,,,2012-11-26
163381,phylogenetic biology;genealogy;phylogeny,生物系统学,,,2012-11-26
163382,phylogenetic anatomy,系统解剖学,,,2012-11-26
163383,phylogenesis;phylogeny,系统发生,,,2012-11-26
163384,phyllotaxy;phyllotaxis;leaf arrangement,叶序,,,2012-11-26
163385,phyllotaxis phyllotaxy; leaf arrangement,叶序,,,2012-11-26
163386,Phyllostictae Phormi Schroter,新西兰兰病菌(无病名记载),,,2012-11-26
163387,Phyllosticta zingiberi Hori,姜白星病菌,,,2012-11-26
163388,Phyllosticta yanagawana Togashi,玉簪斑纹病菌,,,2012-11-26
163389,Phyllosticta Zallbruckneri B(a)umler,捕虫瞿麦斑点病菌,,,2012-11-26
163390,Phyllosticta wistariicola Sawada,藤斑点病菌,,,2012-11-26
163391,Phyllosticta ulmicola Sacc.,榆类斑叶病菌,,,2012-11-26
163392,Phyllosticta tokutaroi Speg.,蓼蓝褐斑病菌,,,2012-11-26
163393,Phyllosticta thujopsidis Sawada,罗汉柏叶枯病菌,,,2012-11-26
163394,Phyllosticta take Miycke et Hara,竹类缘枯病菌,,,2012-11-26
163395,Phyllosticta theaefolia Hara,茶树白星病菌,,,2012-11-26
163396,Phyllosticta straminella non Bresadola;Phyllosticta sp.,大麻白斑病菌,,,2012-11-26
163397,Phyllosticta Solitaria Ellis et Everhart,苹果褐纹病菌,,,2012-11-26
163398,Phyllosticta Sojaecola Mass;Pleosphaerulina sojaecola(Mass)Miura,大豆灰星病菌,,,2012-11-26
163399,Phyllosticta rosarum Passerini;Spheceloma rosarum(Passerini)Jenkins,蔷薇炭疽病菌,,,2012-11-26
163400,Phyllosticta Shiraiana Sydow,青刚极类白星病菌,,,2012-11-26
163401,Phyllosticta puerariicola sawada,葛多角圆纹病菌,,,2012-11-26
163402,Phyllosticta ricini Rosturp,蓖麻斑点病菌,,,2012-11-26
163403,Phyllosticta prunicola Sacc.,梨斑点病菌之一;桃斑点病菌;李斑点病菌;,,,2012-11-26
163404,Phyllosticta Prill et Delac,苹果灰色斑点病菌,,,2012-11-26
163405,Phyllosticta ploygonorum Sacc.,荞麦斑点病菌,,,2012-11-26
163406,Phyllosticta populorum Sacc.et Roume,杨类轮斑病菌,,,2012-11-26
163407,Phyllosticta Pirina Sacc.,苹果灰色斑点病菌:梨斑点病菌之一,,,2012-11-26
163408,Phyllosticta Pilispora Speschnew,葡萄角斑病菌,,,2012-11-26
163409,Phyllosticta piricola,梨斑点病菌之一,,,2012-11-26
163410,Phyllosticta phaseolorum Sacc.;pP.phaseolina Sacc,豇豆褐纹病菌;菜豆褐纹病菌,,,2012-11-26
163411,Phyllosticta phaseoli Sacc.;P.phaseolina Sacc.,菜豆斑点病菌,,,2012-11-26
163412,Phyllosticta phaseolina Saccardo,菜豆斑点病菌;赤豆褐纹病菌;豇豆褐纹病菌,,,2012-11-26
163413,Phyllosticta petasitidis Ellis et Everhart,欸冬黑斑病菌;汇吾褐斑点病菌,,,2012-11-26
163414,Phyllosticta persiae Sacc.,桃穿孔病菌之一,,,2012-11-26
163415,Phyllosticta papaveri Nakata,罂粟褐变病菌,,,2012-11-26
163416,Phyllosticta panax Nakata et Takinoto,药用人参蛇眼病菌,,,2012-11-26
163417,Phyllosticta nicotiniae Ellis et Everhart,烟草斑点病菌,,,2012-11-26
163418,Phyllosticta Mume Hera,梅圆星病菌,,,2012-11-26
163419,Phyllosticta Microspora Fukui;P.zahlbruckneriB(a)umler,捕虫瞿麦斑点病菌,,,2012-11-26
163420,Phyllosticta maximi Ellis et Everhart;Venturia rhodod-endri Tengwall,杜鹃花斑点病菌,,,2012-11-26
163421,Phyllosticta maculiformis Sacc.;Mycosphaerella maculiformis(Persoon)Schroter,柳类、榛类、椈、栎类、枫类、椴类、栗类、斑纹病菌,,,2012-11-26
163422,Phyllosticta lycopersici Peck,番茄斑点病菌,,,2012-11-26
163423,Phyllosticta Lilicola Sacc.,百合斑点病菌,,,2012-11-26
163424,Phyllosticta lespcdezae Togashi,胡枝斑点病菌,,,2012-11-26
163425,Phyllosticta laricis Sawada;Mycosphaerella larci-leptolepis K Ito et K.Sato,落叶松落叶病菌,,,2012-11-26
163426,Phyllosticta lappae Sacc.,牛蒡黑斑病菌,,,2012-11-26
163427,Phyllosticta lactucaecola Hara et Ogawa,莴苣裾腐病菌,,,2012-11-26
163428,Phyllosticta Kuwaecola Hara,桑轮纹病菌,,,2012-11-26
163429,Phyllosticta kobus P.Henn,辛夷斑点病菌,,,2012-11-26
163430,Phyllosticta hydrangeae Ellis et Everhart,草绣球斑点病菌,,,2012-11-26
163431,Phyllosticta Humuli Sacc.et Speg.,啤酒花植物白斑病菌,,,2012-11-26
163432,Phyllosticta Herbarum Westendorp,梅斑点病菌之一,,,2012-11-26
163433,Phyllosticta gossypina Ellis et Martius,棉褐斑病菌,,,2012-11-26
163434,Phyllosticta Glumarum(Ellis et Tracy)Miyake:Phoma glumarum Ellis et Tracy,稻壳枯病菌,,,2012-11-26
163435,Phyllosticta fragaricola Desm.et Roberge,草莓轮纹病菌,,,2012-11-26
163436,Phyllosticta erratica Ellis et Everhart,柑橘大圆星病菌;梨斑点病菌之一,,,2012-11-26
163437,Phyllosticta dahliaecola Brunaud,大理菊暗纹病菌,,,2012-11-26
163438,Phyllosticta Dioscoreae Cooke,薯蓣褐斑病菌,,,2012-11-26
163439,Phyllosticta eriobotryae Thumen,枇杷褐斑病菌,,,2012-11-26
163440,Phyllosticta cynarae Westendorp,菊芋白斑病菌,,,2012-11-26
163441,Phyllosticta cyclaminis Brunaud,一品冠斑叶病菌,,,2012-11-26
163442,Phyllosticta curvispora Hori,柑橘圆星病菌之一,,,2012-11-26
163443,Phyllosticta cryptomeriae Kawamura:Phoma cryptom-eriae Kawamura,柳杉叶枯病菌,,,2012-11-26
163444,Phyllosticta Corchori Sawada,黄麻斑点病菌,,,2012-11-26
163445,Phyllosticta cookei Hara,厚朴斑点病菌,,,2012-11-26
163446,Phyllosticta conjac Hara,蒟蒻斑点病菌,,,2012-11-26
163447,Phyllosticta cirticola,柑橘圆星病菌之一,,,2012-11-26
163448,Phyllosticta chenopodii Sacc.,菠菜斑纹病菌,,,2012-11-26
163449,Phyllosticta chrysanthemi,茼蒿斑叶病菌;菊黑点病菌,,,2012-11-26
163450,Phyllosticta broussonetiae Hori,楮疮痂病菌,,,2012-11-26
163451,Phyllosticta calystegiae Sacc.,牵牛斑点病菌,,,2012-11-26
163452,Phyllosticta boehmeriae Fukui,苎麻黑斑病菌,,,2012-11-26
163453,Phyllosticta Beltrami Hori,柑橘圆星病菌之一,,,2012-11-26
163454,Phyllosticta batatas (Thum)Cooke,番薯斑点病菌,,,2012-11-26
163455,Phyllosticta aucubae Hara,桃叶珊瑚褐斑病菌,,,2012-11-26
163456,Phyllosticta asteris Bresadola,雏菊圆星病菌,,,2012-11-26
163457,Phyllosticta aspidistraeae Oudemans,叶兰圆星病菌,,,2012-11-26
163458,Phyllosticta araliae Sacc.et Berl.,土当归褐纹病菌,,,2012-11-26
163459,Phyllosticta antirrhini Sydow,金鱼草 叶枯病菌,,,2012-11-26
163460,Phyllosticta ambrosiodis thuman f.santonensis Brun,土荆芥枝枯病菌,,,2012-11-26
163461,Phyllosticta ambrosiodis Thuman,土荆芥斑点病菌,,,2012-11-26
163462,Phyllosticta allantospora Ellis et Everhart,赤杨类斑点病菌,,,2012-11-26
163463,Phyllosticta alcides Sacc.,杨类小褐斑病菌,,,2012-11-26
163464,Phyllosticta acanthopanacis Sydow; Mycosphaerella acantopanacis Sydow,刺楸褐斑病菌,,,2012-11-26
163465,Phyllosticta abutilonis P.Henn,青麻褐纹病菌,,,2012-11-26
163466,Phyllosticta,茄斑叶病菌属(不),,,2012-11-26
163467,Phyllostachys reticulata var.aurea Makino,布袋竹;人面竹;佛眼竹,,,2012-11-26
163468,Phyllostachys reticulata Koch,刚竹;苦竹;真竹,,,2012-11-26
163469,Phyllostachys reticulata f.kashirodake Makino,白竹 ;皮白竹(日本),,,2012-11-26
163470,Phyllostachys pubescens Mazel var.heterocycla;Houzeau de Lehaie,龟甲竹;人面竹;鬼面竹;龟纹竹,,,2012-11-26
163471,Phyllostachys pubescens Mazel et hide Lehaie,孟宗竹;毛竹;江南竹;猫儿竹;猫头竹;茅茹竹;南竹,,,2012-11-26
163472,Phyllostachys pubescens Mazel cv.Tao KiangLin; Kiang's mung-dzung bamboo,江氏孟宗竹,,,2012-11-26
163473,Phyllostachys Puberula Munro;P.nigra Munro. var.henonis Stapf,淡竹(本草纲目),,,2012-11-26
163474,Phyllostachys nuda Mc Clure,裸箨竹,,,2012-11-26
163475,Phyllostachys nigra var.henonis (Miff)Staph. et Rendle,淡竹(中药志);杜圆竹(苏州);水竹;金竹;甘竹; 光若竹;平竹; 钓鱼竹; 白夹竹; 斑真竹(广西),,,2012-11-26
163476,Phyllostachys nigra Munro;black bamboo,紫竹;乌竹仔(台);胡麻竹,,,2012-11-26
163477,Phyllostachys nigra f.boryana Makino,斑竹;云纹竹,,,2012-11-26
163478,Phyllostachys makinoi Hayata; Makino bamboo,桂竹,,,2012-11-26
163479,Phyllostachys lithophila Hayata;thill bamboo,石竹;轿杠竹,,,2012-11-26
163480,Phyllostachys formosana Hayata; Formosan bamboo,台湾人面竹,,,2012-11-26
163481,Phyllostachys Edulis Riv.; maso bamboo;P.pubescens Mazel,毛竹;孟宗竹,,,2012-11-26
163482,Phyllostachys congesta Rendle,水竹,,,2012-11-26
163483,Phyllostachys aurea Riv.;yellow bamboo;P.banbusoides S.et Z.var.aurea Mak.; fishpole bamnoo,布袋竹:台湾人面竹;虎山竹;姜竹;鼓搥竹;黄竹;多般竹,,,2012-11-26
163484,Phyllostachys aurea bambusoides S.et.Z.;Japanese timber bamboo,刚竹;光竹; 台竹;鬼角竹;日本苦竹,,,2012-11-26
163485,Phyllostachys aurea bambusoides S.et Z.cv castillon Mc Clure,金丝竹;青黄竹;黄金间碧玉竹,,,2012-11-26
163486,Phyllostachys,毛竹翠（禾本科）；孟宗竹属,,,2012-11-26
163487,phyllopyrrol,叶吡咯,,,2012-11-26
163488,Phylloprina,叶状藻衣属（地衣）,,,2012-11-26
163489,phyllopodium,叶轴,,,2012-11-26
163490,phylloporphyrin,叶紫质,,,2012-11-26
163491,phyllomophore,担叶体,,,2012-11-26
163492,phyllome,叶器官,,,2012-11-26
163493,Phyllomahaleb,黑樱桃类（李属）,,,2012-11-26
163494,phylloidy,叶化,,,2012-11-26
163495,phylloerythrin,叶红质,,,2012-11-26
163496,Phyllogoniaceae,带藓科,,,2012-11-26
163497,phylloid,叶状,,,2012-11-26
163498,phylloid-trusses,叶状枝束,,,2012-11-26
163499,phyllody,变叶病,,,2012-11-26
163500,phyllodium; phyllode,假叶；叶状柄,,,2012-11-26
163501,phyllode; phyllodium,假叶；叶状柄,,,2012-11-26
163502,Phylloderma,溪藻属（绿）,,,2012-11-26
163503,Phyllocoptrata oleivorus Ashmead,柑橘象皮病菌,,,2012-11-26
163504,phyllocyanin,叶青质,,,2012-11-26
163505,phylloclade,叶状茎；叶状枝,,,2012-11-26
163506,phyllocladium,假叶枝,,,2012-11-26
163507,phyllochlorin,叶绿素蛋白,,,2012-11-26
163508,Phyllochlamys,酒饼树属（桑科）,,,2012-11-26
163509,phyllocaline,叶生长激素,,,2012-11-26
163510,phylliform,叶形,,,2012-11-26
163511,phyllins,叶绿素衍生物,,,2012-11-26
163512,Phyllitis delavayi (Franch) C. Chr.; Schaffneria delavayi (Franch.) Tard.-Blot.,水鳖蕨,,,2012-11-26
163513,phyllidium; bothridium,（藓类的）叶,,,2012-11-26
163514,phyllid,叶状藓类；扁的侧叶,,,2012-11-26
163515,phyllary,（菊科植物总苞的）苞片,,,2012-11-26
163516,Phyllanthus urinaria L.,叶下珠（图考）,,,2012-11-26
163517,Phyllanthus reticulatus Poir.,白仔（台湾）,,,2012-11-26
163518,Phyllanthus matsumuae Hay.,密柑草,,,2012-11-26
163519,Phyllanthus hainanensis Merr.,海南油甘（陈嵘）,,,2012-11-26
163520,Phyllanthus glaucus Wall.,青灰叶下珠,,,2012-11-26
163521,Phyllanthus emblica L.; emblic; myrobalan; oil orange,余甘子（唐本草）油柑子；庵摩勒（唐本草）,,,2012-11-26
163522,Phyllanthus acidus Skeels; West Indian goose-berry; otaheitr goose-berry.; jimbling,西印度醋栗,,,2012-11-26
163523,Phyllanthus,油柑属；余甘子属；叶下珠属（大戟科）,,,2012-11-26
163524,Phyllanthoideae,油柑亚科,,,2012-11-26
163525,Phyllanthinae,油柑亚族,,,2012-11-26
163526,Phyllantheae,油柑族（大戟科）,,,2012-11-26
163527,Phyllagathis cavaleiei (Levl. et Vant.) Guillaum; Allomorphia cavaleirei Levl. et Vant.,锦草香,,,2012-11-26
163528,Phyllagathis,锦香草属（野牡丹科）,,,2012-11-26
163529,Phyllactinia quercus ((.M)erat) Homma,粟类叶背白粉病菌；枹栎叶背白粉病菌之一,,,2012-11-26
163530,Phyllactinia pyri-serotinae Sawada; P. pyri (Cas-tagne) Homma,梨白粉病菌,,,2012-11-26
163531,Phyllactinia pyri (Castagne) Homma,梨白粉病菌,,,2012-11-26
163532,Phyllactinia kakicola Sawada; P. corylea (Persoon) Karsten,柿白粉病菌,,,2012-11-26
163533,Phyllactinia moricola (Henn) Homma,桑叶背白粉病菌,,,2012-11-26
163534,Phyllactinia imperialia Miyabe,泡桐白粉病菌,,,2012-11-26
163535,Phyllactinia fraxini (DC.) Homma,辛夷叶背白粉病菌；水蜡树白粉病菌之一；粟类白粉病菌之一；桦木类白粉病菌之一；赤扬白粉病菌之一,,,2012-11-26
163536,Phyllactinia corylea (Persoon) Karsten; P. moricola (P. Henn) Homma,楮叶背白粉病菌,,,2012-11-26
163537,Phyllactinia corylca (Persoon) Karsten,金螫鷏限I白粉病菌；榛类叶背白粉病菌；桃叶背白粉病菌,,,2012-11-26
163538,Phyllactinia actinidiae-latifoliae Saw.; powdery mildew of A. latifoliae,广东狝猴桃白粉病菌,,,2012-11-26
163539,Phyllactinia actinidiae-formosane Sawada; powdery mildew of Formosan actinida,台湾狝猴桃白粉病菌,,,2012-11-26
163540,Phyllachora tetrasperma Swada,竹类胡麻黑脂病菌,,,2012-11-26
163541,Phyllachora shiraiana Sydow,竹类黑脂病菌之一,,,2012-11-26
163542,Phyllachora poae-pratensis Sawada,早熟禾类黑点病菌,,,2012-11-26
163543,Phyllachora poae (Fuckel) Sacc.,早熟禾类病菌（无病名记载）,,,2012-11-26
163544,Phyllachora Phyllostachydis Hara,竹类黑脂病菌之一,,,2012-11-26
163545,Phyllachora graminis (Persoon) Fuckel,鸭茅黑点病菌,,,2012-11-26
163546,Phyllachora bromi Fuckel,雀稗病菌（病名记载）,,,2012-11-26
163547,Phyllachora,矢竹斑叶病菌属（囊）,,,2012-11-26
163548,phylla,叶片,,,2012-11-26
163549,phylktioplankton,保卫浮游生物,,,2012-11-26
163550,phyletic line; line,系统,,,2012-11-26
163551,phyletic evolution,系统演化,,,2012-11-26
163552,phyletic endogenous correlation,系统的内在性相关,,,2012-11-26
163553,phylembryogene-tical,系统胚胎发育的,,,2012-11-26
163554,phylembryogenesis,系统胚胎发育,,,2012-11-26
163555,phylaxin,防御素,,,2012-11-26
163556,phylaxis,防御作用,,,2012-11-26
163557,Phylacium,苞护豆属（豆科）,,,2012-11-26
163558,Phylachora Phalaridis Orton,草芦黑点病菌,,,2012-11-26
163559,p-hydroxy cinnamic acid,羟桂皮酸,,,2012-11-26
163560,phycoxanthin,藻黄素,,,2012-11-26
163561,phycoporphyrin,藻紫素,,,2012-11-26
163562,phycopyrrhin,藻红褐素,,,2012-11-26
163563,Phycophyta,藻类门,,,2012-11-26
163564,phycophaein,藻褐素,,,2012-11-26
163565,Phycomycetes,藻菌类；藻菌门,,,2012-11-26
163566,Phycomyces blakesleeana,勃氏须霉,,,2012-11-26
163567,Phycomyces,须霉属（藻菌）,,,2012-11-26
163568,phycology; algology,藻类学,,,2012-11-26
163569,Phycolichenes,藻菌地衣亚纲；藻菌地衣类,,,2012-11-26
163570,phycoerythrin,藻红素,,,2012-11-26
163571,phycocyanobilin,藻青素色素基,,,2012-11-26
163572,phycocyan; phycocyanin,藻青素,,,2012-11-26
163573,phycocolloid,藻胶（褐藻细胞壁中的成分如algin fu-coidin等）,,,2012-11-26
163574,phycochrysin,蓝金黄素,,,2012-11-26
163575,phycochrome,蓝色素,,,2012-11-26
163576,Phycochromaceae; Cyanophyceae; Schizophyceae,蓝藻类；蓝绿藻类,,,2012-11-26
163577,phycobiont,地衣中的藻类,,,2012-11-26
163578,phycobilin,（与藻蓝素、藻红素连在一处的）无金属色素；藻胆素,,,2012-11-26
163579,Phycobacteriaceae,丝状细菌科；线菌科,,,2012-11-26
163580,phycitol; i-erythritol,赤丝藻醇；丁四醇,,,2012-11-26
163581,Phyatopsis,假密网属(水龙骨科),,,2012-11-26
163582,phyad; life form,生活形,,,2012-11-26
163583,Phtheirospermum chinense Bge.,土荆芥（植物名实图考）；松蒿（Shingking),,,2012-11-26
163584,phthalyl alcohol,苯二甲醇；邻一茬二醇,,,2012-11-26
163585,phthalic acid,苯二甲酸,,,2012-11-26
163586,phthalin,还原酜,,,2012-11-26
163587,phthalein,酜,,,2012-11-26
163588,phthalate,苯二甲酸盐,,,2012-11-26
163589,phthalaldehyde,苯二甲酸,,,2012-11-26
163590,Phrymaceae; lopseed family,透骨草科,,,2012-11-26
163591,Phryma leptostachya L,透骨草（本草纲目拾遗）；蝇毒草（日本）,,,2012-11-26
163592,Phryma,透骨草属,,,2012-11-26
163593,phreatophyte,深根（到达水床）植物,,,2019-03-11
163594,Phragmothyrium semiarundinariae Hino et Hidaka,泪斑竹菌,,,2012-11-26
163595,Phragmothyrium hennings Hino et Hidaka,向日斑竹菌,,,2012-11-26
163596,Phragmothyrium bambusifolium Miyake et Hara; Mycosphaerella bambusifolia Miyake et Hara,竹类斑点病菌,,,2012-11-26
163597,Phragmothyrium bambusicolum (P. Henn et Shirai) Hino,竹类圈纹病菌,,,2012-11-26
163598,Phragmothyriella thujopsidis Sawada,罗汉柏黑点病菌之一,,,2012-11-26
163599,Phragmosporeae,多室孢子亚科（不）,,,2012-11-26
163600,phragmospore,多室孢子,,,2012-11-26
163601,phragmosome (Porter & Machado 1960),成膜粒,,,2012-11-26
163602,phragmoplast (Errera 1888),隔膜形成体,,,2012-11-26
163603,Phragmocarpella sasae Sydow,竹类黑脂病菌之一,,,2012-11-26
163604,Phragmocapnias laricis Tochinai et K. Yamamoto,落叶松煤病菌,,,2012-11-26
163605,Phragmites karka Trin.,西湖芦（日本）,,,2012-11-26
163606,Phragmites communis (L.) Trin.,芦（本草经）；芦苇（名医别录）；蒹（诗经）；葭（诗经）,,,2012-11-26
163607,Phragmidium subcorticinum (Schrank) Winter; P. mucronatum (Persoon) Schlect,玫瑰锈病菌,,,2012-11-26
163608,Phragmidium okianum Hara,木莓黑锈病菌,,,2012-11-26
163609,Phragmidium mucronatum (Persoon) Schlect,玫瑰锈病菌,,,2012-11-26
163610,Phragmidium,玫瑰锈病菌属,,,2012-11-26
163611,Phragmidieae,玫瑰锈病菌亚科,,,2012-11-26
163612,Phragmidiothrix,三股菌属,,,2012-11-26
163613,phototropism,向光性,,,2012-11-26
163614,phototrophic,光营养的,,,2012-11-26
163615,phototroph,以光为营养者,,,2012-11-26
163616,phototaxis,趋光性,,,2012-11-26
163617,phototactic,趋光性的,,,2012-11-26
163618,photosynthetic unit,光合单位,,,2012-11-26
163619,photosynthetic tissue,光合组织,,,2012-11-26
163620,photosynthetic system,光合系统,,,2012-11-26
163621,photosynthetic surface,光合面,,,2012-11-26
163622,photosynthetic quotient,光合商数,,,2012-11-26
163623,photosynthetic phosphorylation,光合磷酸化作用,,,2012-11-26
163624,photosynthetic parenchyma,光合薄壁组织,,,2012-11-26
163625,photosynthetic bacteria,光合成细胞,,,2012-11-26
163626,photosynthesis of a community,群落光合作用,,,2012-11-26
163627,photosynthesis,光合作用,,,2012-11-26
163628,photosynthate,光化成物,,,2012-11-26
163629,photostage; photophase,要光期,,,2012-11-26
163630,photostable,光安定的；不因曝光而变化的,,,2012-11-26
163631,photosensitive,光敏感的,,,2012-11-26
163632,photosensitisation,光敏感作用,,,2012-11-26
163633,photoscopy,检影法,,,2012-11-26
163634,photoscope,检影屏；萤光屏,,,2012-11-26
163635,photoreversibility,光逆转性,,,2012-11-26
163636,photoreversal; photoreactivation,光回复；光再活〔性〕化,,,2012-11-26
163637,photorespiration,光呼吸,,,2012-11-26
163638,photoreduction,光还原,,,2012-11-26
163639,photorecovery; photoreactivation,光恢复；光再活〔性〕化,,,2012-11-26
163640,photoreceptor; photoreceptive organ,受光器官；感光体,,,2012-11-26
163641,photoreceptor cell,感光细胞,,,2012-11-26
163642,photoreceptive organ; photoreceptor,受光器官,,,2012-11-26
163643,photoreactivation (Kelner 1949); photorecovery,光恢复；光再活〔性〕化,,,2012-11-26
163644,photoreaction,光反应,,,2012-11-26
163645,photoprotection (Latarjet & Gray 1954),光保护,,,2012-11-26
163646,photophoe,嫌光的,,,2012-11-26
163647,photophobism,避光性,,,2012-11-26
163648,photophic; photophilous,喜光的,,,2012-11-26
163649,photophase,植物发育成光相（期）,,,2012-11-26
163650,photoperiodism,光周〔期〕性,,,2012-11-26
163651,photoperiodicity,光周〔期〕性,,,2012-11-26
163652,photoperiodical perception,光周〔期〕感受,,,2012-11-26
163653,photoperiodic treatment,光周〔期〕处理,,,2012-11-26
163654,photoperiodic stimulus,光周〔期〕刺激,,,2012-11-26
163655,photoperiodic response,光周〔期〕反应,,,2012-11-26
163656,photoperiodic reaction,光周〔期〕反应；光周作用,,,2012-11-26
163657,photoperiodic induction,光周〔期〕诱导,,,2012-11-26
163658,photoperiod,光周〔期〕,,,2012-11-26
163659,photopathy,忘光性；光源病,,,2012-11-26
163660,photooxidation,光氧化作用,,,2012-11-26
163661,photoorganotrophic,光有机营养,,,2012-11-26
163662,photonic,光激性的,,,2012-11-26
163663,photonasty,倾光性,,,2012-11-26
163664,photon,光子,,,2012-11-26
163665,photomus,光激性的,,,2012-11-26
163666,photomultiplier,光增量管,,,2012-11-26
163667,photomorphogenesis,光形态形成,,,2012-11-26
163668,photomicroscope,照相显微镜,,,2012-11-26
163669,photomorphism; photomorphosis,光对于形态的作用,,,2012-11-26
163670,photomicrography; microphotography,显微镜照相术,,,2012-11-26
163671,photomicrograph,显微镜照相,,,2012-11-26
163672,photometry,光度测定法,,,2012-11-26
163673,photometer,光度计,,,2012-11-26
163674,photolyte,光分解形成物质,,,2012-11-26
163675,photolysis,光分解作用,,,2012-11-26
163676,photolepsy; light income,受光量,,,2012-11-26
163677,photokinesis,光活动性,,,2012-11-26
163678,photoinductive cycle,光周诱导次数,,,2012-11-26
163679,photoinactivation,光不活〔性〕化作用,,,2012-11-26
163680,photohormone,光合激素,,,2012-11-26
163681,photographic spectroscope,照相分光镜,,,2012-11-26
163682,photographic record,照片记录法,,,2012-11-26
163683,photogent,发光现象,,,2012-11-26
163684,photogenic tissue,发光组织,,,2012-11-26
163685,photogenic plants,发光植物,,,2012-11-26
163686,photogenic organ,发光器,,,2012-11-26
163687,photogenic fungi; luminous fungi,发光菌,,,2012-11-26
163688,photogenic bacteria; luminescent bacteria,发光细菌,,,2012-11-26
163689,photogenetic,发光的,,,2012-11-26
163690,photogen,（菌的）发光源,,,2012-11-26
163691,photofluoroscope,萤光镜,,,2012-11-26
163692,photofluorography,萤光摄影术,,,2012-11-26
163693,photoepinasty,光上偏生长,,,2012-11-26
163694,photoelectrometer,光电比色计,,,2012-11-26
163695,photoelectric emission,光电放散,,,2012-11-26
163696,photoelectric colorimeter,光电比色计,,,2012-11-26
163697,photoelectric,光电性,,,2012-11-26
163698,photoeffect,光效果,,,2012-11-26
163699,photoeceptor structure,受光器构造,,,2012-11-26
163700,photodynamic effect,光动力效果；光照活化作用,,,2012-11-26
163701,photocycle,光周,,,2012-11-26
163702,photocontrol,光控制,,,2012-11-26
163703,photoconduction,光电传导,,,2012-11-26
163704,photochemistry,光化学,,,2012-11-26
163705,photochemical reaction,光化学反应,,,2012-11-26
163706,photochemical process,光化学过程,,,2012-11-26
163707,photochemical induction,光化学诱导,,,2012-11-26
163708,photobiotic,光下生活的,,,2012-11-26
163709,photocatalyst; photocatalyzer,光触媒剂,,,2012-11-26
163710,photobiology,光生物学,,,2012-11-26
163711,photobacterium,发光菌,,,2012-11-26
163712,photoautrophism,光独立营养,,,2012-11-26
163713,photoactive reaction,光作用反应,,,2012-11-26
163714,photoactivation,光活〔性〕化作用,,,2012-11-26
163715,photo reactivity,光回复能,,,2012-11-26
163716,Photinia villosa var. sinica Rehd. et wills.,卢山石楠（陈嵘）,,,2012-11-26
163717,Photinia villosa (Thunb.) DC.,毛叶石楠（陈嵘）,,,2012-11-26
163718,Photinia taiwanensis Hayata,台湾石楠（1911）,,,2012-11-26
163719,Photinia serrulata Lindl.; folium photiniae,石楠（本草经．广群芳谱）；千年红；扇骨木,,,2012-11-26
163720,Photinia schneideriana Rehd.,绒毛石楠,,,2012-11-26
163721,Photinia prunifolia (Hook. et Arn.) Lindl.,桃叶石楠；石斑木,,,2012-11-26
163722,Photinia parvifolia (Pritz) Schneid.,小叶石楠；牛筋子；牛李子；山经子,,,2012-11-26
163723,Photinia nitakayamensis Hayata,细叶石楠,,,2012-11-26
163724,Photinia lucida (Dcne.) schneid.,台湾石楠（1906）,,,2012-11-26
163725,Photinia lasiogyna (Franch.) Schneid.,倒卵叶石楠,,,2012-11-26
163726,Photinia integrifolia Lindl.,全缘石楠；蓝靛树,,,2012-11-26
163727,Photinia impressivena Hay.,陷石楠；青凿木,,,2012-11-26
163728,Photinia hirsuta Hand.-Mazz.,褐毛石楠,,,2012-11-26
163729,Photinia glomerata rehd.,球花石楠,,,2012-11-26
163730,Photinia glabra (Thunb.) Maxim.,光叶石楠；扇骨木（植典）,,,2012-11-26
163731,Photinia davidsoniae Rehd. et Wils.,椤木石楠；椤木（浙江）；满院春（章）,,,2012-11-26
163732,Photinia crassifolia L&eacute;vl.,厚叶石楠,,,2012-11-26
163733,Photinia benthamiana Hance,闽粤石楠,,,2012-11-26
163734,Photinia beauverdiana Schneid.,中华石楠,,,2012-11-26
163735,Photinia,石楠属（蔷薇科）扇骨木属（植典）,,,2012-11-26
163736,photic zone,透光带,,,2012-11-26
163737,photic hyposensi-tiveness,感光迟钝性,,,2012-11-26
163738,photic hypersensi-tiveness,感光过敏性,,,2012-11-26
163739,photautoxidation,光自动氧化,,,2012-11-26
163740,photelometer; photolometer; photometer,光电比色计,,,2012-11-26
163741,phosphotriose isomerase,磷酸三碳糖互变酵素；磷酸三碳糖互变酶,,,2012-11-26
163742,phosphotransferase,磷酸酶,,,2012-11-26
163743,phosphotransace-tylase,磷酸乙基酶,,,2012-11-26
163744,phosphothreonine,磷酸苏胺酸,,,2012-11-26
163745,phospho-sugars,磷糖类,,,2012-11-26
163746,phosphoserine,磷丝胺酸,,,2012-11-26
163747,phosphoryl,磷氧基,,,2012-11-26
163748,phosphorylation,加磷氧基作用,,,2012-11-26
163749,phosphorus cycle,磷环,,,2012-11-26
163750,phosphorus,磷,,,2012-11-26
163751,phosphorous deficiency,缺磷症,,,2012-11-26
163752,phosphorous acid,亚磷酸盐,,,2012-11-26
163753,phosphoric manure,磷肥,,,2012-11-26
163754,phosphorolysis,加磷酸分解,,,2012-11-26
163755,phosphoric acid,磷酸,,,2012-11-26
163756,phosphoric (acid) ester,磷酸酯,,,2012-11-26
163757,phosphoribosyl pyrophosphate,焦磷酸核糖,,,2012-11-26
163758,phosphoribomutase,磷酸核酮糖酶,,,2012-11-26
163759,phosphorescence,磷光,,,2012-11-26
163760,phosphorescent,发磷光的,,,2012-11-26
163761,phosphopyruvic acid,磷焦葡萄酸；磷碧丙酸,,,2012-11-26
163762,phosphoprotein; phosphoproteid,磷蛋白质,,,2012-11-26
163763,phosphoprotein phosphatase,磷蛋白质磷酸水解酶,,,2012-11-26
163764,phosphoproteid; phosphoprotein,磷蛋白质,,,2012-11-26
163765,phosphopentose isomerase,磷酸五碳糖同质异体互变酶,,,2012-11-26
163766,phosphonuclease,核磷酸酯；核酸酶,,,2012-11-26
163767,phosphomannose isomerase,磷酸甘露糖同质异构体互变酶,,,2012-11-26
163768,phosphomannoes-terase,磷酸甘露糖酯酶,,,2012-11-26
163769,phospholipid; phosphatide,磷脂,,,2012-11-26
163770,phospholipase,磷脂酶,,,2012-11-26
163771,phosphoinositide,磷酸肌醇,,,2012-11-26
163772,phosphohexoisom-erase,磷酸六碳糖异构体互变酶,,,2012-11-26
163773,phosphoglycrides,磷酸甘油酸化合物,,,2012-11-26
163774,phosphoglyceric mutase,磷酸甘油酸变位酶,,,2012-11-26
163775,phosphoglucose isomerase,磷酸葡萄糖同质异构体互变酶,,,2012-11-26
163776,phosphoglucoprotein,磷酸葡萄糖蛋白,,,2012-11-26
163777,phosphoglucomutase,葡萄糖磷酸变位酶,,,2012-11-26
163778,phosphogalactose isomerase,磷酸半孔糖同质异构体互变酶,,,2012-11-26
163779,phospho-esterase; phosphatase,磷酸酯酶,,,2012-11-26
163780,phospho-enol-pyruvic acid; PEP,磷烯醇丙醇酸,,,2012-11-26
163781,phosphodiesterase,正磷酸二酯体酶,,,2012-11-26
163782,phosphodiester,正磷酸二酯体,,,2012-11-26
163783,phosphocreatine,磷肌胺酸,,,2012-11-26
163784,phosphoarginine,磷鲑卵酸,,,2012-11-26
163785,phosphoamidase,磷酸醯胺酶,,,2012-11-26
163786,phosphite,亚磷酸盐,,,2012-11-26
163787,phosphine,膦,,,2012-11-26
163788,phosphatidic acid,磷脂酸,,,2012-11-26
163789,phosphatide; phospholipid,磷脂质,,,2012-11-26
163790,phosphatidase,磷脂质酶,,,2012-11-26
163791,phosphatic,磷酸盐的,,,2012-11-26
163792,phosphate-sugar chain,磷酸盐糖键,,,2012-11-26
163793,phosphate ion,磷酸〔根〕离子,,,2012-11-26
163794,phosphate bond,磷酸键,,,2012-11-26
163795,phosphate,磷酸化合物；磷酸盐,,,2012-11-26
163796,phosphatase,磷酸盐酶,,,2012-11-26
163797,phorone,果树根皮酮,,,2012-11-26
163798,phorocyte,担细胞,,,2012-11-26
163799,Phormium tenax Forst; New Zealand hemp,纽西兰麻、麻黄兰,,,2012-11-26
163800,Phorcys cryptomeriae Uyeda et Shirai,柳杉污点病菌,,,2012-11-26
163801,Phorcys,杉斑点病菌属（囊）,,,2012-11-26
163802,phoplankton,透光层浮游生物,,,2012-11-26
163803,Phomopsis vexans (Sacc et Syd.),茄褐纹病菌,,,2012-11-26
163804,Phomopsis truncicola Miura;,苹果胴枯病菌,,,2012-11-26
163805,Phomopsis theae Hara; Neopeckia rhodosticha (Berkeley et Broome) Sacc.,茶树萌芽病菌,,,2012-11-26
163806,Phomopsis pseudotsugae M. Wolson; Phacidiopycnis pseudotsugae M. Wilson Hahn,花旗松胴枯病菌；落叶松胴枯病菌,,,2012-11-26
163807,Phomopsis occulta Traverso; Diaporthe conorum (Desm) Niessl,冷杉类、杜松、落叶松、美国东部白松、柳杉胴枯病菌,,,2012-11-26
163808,Phomopsis juniperovora Hahn; phomopsis blight; Ceder blight; juniper blight,龙柏胴枯病菌,,,2012-11-26
163809,Phomopsis fukushii Endo et Tanaka,梨胴枯病菌,,,2012-11-26
163810,Phomopsis cryptomeriae Kitajma et Kamei; Diqporthe conorum (Desm) Niessl,柳杉枝枯病菌,,,2012-11-26
163811,Phomopsis citri Fawcett; Diaporthe citri (Fawcett) Wolf,柑橘黑点病菌,,,2012-11-26
163812,Phomopsis cinerescens (Sacc.) Traverso,无花果胴枯病菌,,,2012-11-26
163813,Phomopsis cephalotaxi Sawada,三尖杉枝枯病菌,,,2012-11-26
163814,Phomopsis ailanthi (Sacc.) Traverso,樗树胴枯病菌,,,2012-11-26
163815,Phomopsis aceris-palmatis Nishikado et Miyawaki,枫类枝枯病菌,,,2012-11-26
163816,Phomal loti Cooke,柿枝枯病菌,,,2012-11-26
163817,Phomachora betulae Sawada,桦木枝枯病菌,,,2012-11-26
163818,Phoma yano-kubotae Kitajima; Mycosphaerella larici-leptolepis K.Ito et Sato,落叶松落叶病菌,,,2012-11-26
163819,Phoma wasabie Yokogi,山仑菜黑斑病菌,,,2012-11-26
163820,Phoma thujopsidis Sawada,罗汉柏枝枯病菌之一,,,2012-11-26
163821,Phoma subcircinata Ellis et Everhart,拉玛豆荚烧病菌,,,2012-11-26
163822,Phoma seasami Saw.,胡麻立枯病菌,,,2012-11-26
163823,Phoma pilospora Sawada,罗汉柏黑点病菌之一,,,2012-11-26
163824,Phoma persicae Sacc.,桃尖枯病菌,,,2012-11-26
163825,Phoma panacis Nakata et Takimoto,药用人参胴枯病菌,,,2012-11-26
163826,Phoma panacicola Nakata et Takimoto,药用人参干燥性黑腐病菌,,,2012-11-26
163827,Phoma okura Cooke,黄秋葵斑点病菌,,,2012-11-26
163828,Phoma oryzae Hori; Phaeosphaeria oryzae Miyake,稻叶枯病菌,,,2012-11-26
163829,Phoma nelumbii Cooke et Massee,莲斑点病菌,,,2012-11-26
163830,Phoma mume Hara,梅实斑点病菌,,,2012-11-26
163831,Phoma morifolia Berlese,桑角斑点病菌,,,2012-11-26
163832,Phoma macrostylospora Sawada,苋菜斑点病菌,,,2012-11-26
163833,Phoma lingam (Tode) Desmazieres,甘蓝根枯病菌；油菜根枯病菌,,,2012-11-26
163834,Phoma lycopersici Sacc.,番茄斑点病菌,,,2012-11-26
163835,Phoma kakivora Hara,柿黑点病菌,,,2012-11-26
163836,Phoma imperiales Sacc et roume; Diaporthe eres Nitschke,泡桐枝枯病菌,,,2012-11-26
163837,Phoma herbarum Weston,大麻茎枯病菌,,,2012-11-26
163838,Phoma hasegawae Ogawa,扁柏裾腐病菌,,,2012-11-26
163839,Phoma glumarum Ellis et Tracy,稻肿根病菌,,,2012-11-26
163840,Phoma erysiphoides Ellis,番茄实腐病菌；辣椒轮纹病菌,,,2012-11-26
163841,Phoma destructiva (Plowright) Jamiesen,番茄实腐病菌；辣椒轮纹病菌,,,2012-11-26
163842,Phoma dauci Arx,胡萝菔褐斑病菌,,,2012-11-26
163843,Phoma cyclamenae Halsted; Phyllostica cyclaminis Brunand,一品冠斑叶病菌,,,2012-11-26
163844,Phoma cryptomeriae Kawamura,落叶松赤枯病菌；柳杉苖赤枯病，赤枯病菌,,,2012-11-26
163845,Phoma citricarpa McAlpine var mikan Hara,柑橘类黑斑病菌,,,2012-11-26
163846,Phoma camelliae Cooke,茶树心枯病菌,,,2012-11-26
163847,Phoma citricarpa Mc Alpine,柑橘类黑星病菌,,,2012-11-26
163848,Phoma betae Ellis Frank; Diaporthe batatatis Harter et Field,番薯干腐病菌,,,2012-11-26
163849,Phoma batae Fries; (2) Mycosphaerella talifica Prillieux et Dclacroix,1.糖萝菔蛇眼病菌2.糖萝菔腐败病菌,,,2012-11-26
163850,Phoma asparagi Sacc.,芦笋茎炫f菌,,,2012-11-26
163851,Phoma asanguinolenta Grove; Phoma dauci Arx,胡萝菔褐斑病菌,,,2012-11-26
163852,Phoma araliae var. micropora Watanabe,土当归萎缩性火伤病菌,,,2012-11-26
163853,Phoma apiiela Klebahn,塘蒿（洋芹菜）根腐病菌,,,2012-11-26
163854,Phoma abutilonis Nakata et Takimato; Macrophoma abuntilonis Nakata et Takinoto,青麻胴枯病菌,,,2012-11-26
163855,Phoma abietina Hartig,冷杉类斑点病菌,,,2012-11-26
163856,Phoma,桑胴枯病菌属（不）,,,2012-11-26
163857,Pholiota squarrosa Fr.,杉菌（图经本草）,,,2012-11-26
163858,Pholiota,锷蕈属（担）,,,2012-11-26
163859,phoglycerald-ehyde; PGAL,磷酸甘油醛,,,2012-11-26
163860,Phoenix roebelinii (.O)Brien; pygamy phoenix,罗比亲王椰子,,,2012-11-26
163861,Phoenix hanceana Naudin var. formosana Becc.; Phoenix formosana (Bacc.) Masam.; Formosan date palm,台湾海枣；桄榔,,,2012-11-26
163862,Phoenix formosana (Bacc.) Masam.; Phoenix hanceana Naudin var. formosana Beccari; Formasan date palm,台湾海枣；桄榔,,,2012-11-26
163863,Phoenix date palm,椰枣属；海枣属（棕榈科）,,,2012-11-26
163864,Phoenix dactylifera L.; date palm; edible palm,无漏子（本草拾遗）；海枣；波斯枣；椰枣（棕榈科）,,,2012-11-26
163865,Phoenix canariensis Hort.; canary date,加拿列海枣,,,2012-11-26
163866,Phoebe taiwaniana Hay.,台楠,,,2012-11-26
163867,Phoebe sheareri (Hemsl.) Gamble,紫楠（陈嵘）；紫金楠；金心楠；金丝楠,,,2012-11-26
163868,Phoebe neurantha Gamble,白楠（四川）,,,2012-11-26
163869,Phoebe nanmu (Oliv.) Gamble; nanmu phoebe,楠木；槙楠；雅楠（陈嵘）,,,2012-11-26
163870,Phoebe kwangsiensis H. Liou,桂楠,,,2012-11-26
163871,Phoebe hainanensis Merr.,茶槁楠；茶膏树；长叶楠（陈嵘）；海南楠木,,,2012-11-26
163872,Phoebe faberi (Hemsl.) Chun,竹叶楠（陈嵘）,,,2012-11-26
163873,Phoebe angustifolia Meisn.,沼楠（陈嵘）,,,2012-11-26
163874,Phoebe chinensis Chun,山楠（四川）；楠木,,,2012-11-26
163875,phocenic acid; valerianic acid,缬草酸,,,2012-11-26
163876,Phoebe,楠木属；雅楠属（樟科）,,,2012-11-26
163877,phobotaxis,惊动性,,,2012-11-26
163878,Phlyctaenia linicola Speg; Mycosphaerella linorum (Wollen-weber) Garcia Rada,亚麻褐纹病菌,,,2012-11-26
163879,Phlox paniculata L.; garden phlox,草夹竹桃,,,2012-11-26
163880,phlox family; Polemoniaceae,花荵科,,,2012-11-26
163881,Phlox drummondii Hook.; Drummond's phlox,福禄考；桔梗石竹（日）,,,2012-11-26
163882,phlorone,根皮,,,2012-11-26
163883,phloroglucinol,苯三酚-〔1，3，5〕,,,2012-11-26
163884,phlorhizin; phlorizin; phloridzin,根皮酯,,,2012-11-26
163885,phloretin; phloretic acid; phlorogucinol,根皮素；根皮酸苯三酚一酯,,,2012-11-26
163886,phloretic acid,根皮酸；σ，β-二氢化对一薰草酸；对一羟基氢化桂皮酸,,,2012-11-26
163887,phlord,根皮酚，乙基酚,,,2012-11-26
163888,phlogiston theory,燃素学说,,,2012-11-26
163889,phloeotracheide,韧皮寄生管胞,,,2012-11-26
163890,Phloeospora,皮胞菌属,,,2012-11-26
163891,phloeoderma,韧皮；筛皮,,,2012-11-26
163892,phloem; sieve-portion,韧皮部,,,2012-11-26
163893,phloem ray,韧皮髓线,,,2012-11-26
163894,phloem parenchyma cell; phloem parenchy-matous cell,韧皮部薄壁细胞,,,2012-11-26
163895,phloem parenchyma,韧皮部薄壁组织,,,2012-11-26
163896,phloem mother cell,韧皮母细胞,,,2012-11-26
163897,phloem island,韧皮岛,,,2012-11-26
163898,phloem fiber,韧皮部纤维,,,2012-11-26
163899,phlobaphene,树皮棕色质,,,2012-11-26
163900,Phleum pratense L.; Timothy,绢丝草；牛草,,,2012-11-26
163901,Phlebochiton,脉果漆属（漆树科）,,,2012-11-26
163902,Philydrum,田葱属,,,2012-11-26
163903,Philydraceae,田葱科（卢）,,,2012-11-26
163904,Philoxerus,安旱草属（苋科）,,,2012-11-26
163905,Philonotis vitrea Herz et Nog,硬叶泽藓,,,2012-11-26
163906,Philonotis socia Mitt,细叶泽藓,,,2012-11-26
163907,Philonotis turneriana (Schwaegr) Mitt.,东亚泽藓,,,2012-11-26
163908,Philonotis setschuanica (C.M(u)ll.) Par.,四川泽藓,,,2012-11-26
206382,Philonotis roylei (Hook.f.) Mitt.,狭叶泽藓,,,2012-11-26
206383,Philonotis revoluta Bryol Jav.,卷叶泽藓,,,2012-11-26
206385,Philonotis radicalis (Palis) Brid,多根泽藓,,,2012-11-26
206386,Philonotis palustris Mitt.,沼地泽藓,,,2012-11-26
206389,Philonotis lancofolia Mitt.,毛叶泽藓,,,2012-11-26
206392,Philonotis imbricatula Mitt.,密叶泽藓,,,2012-11-26
206394,Philonotis glomerata (Wils.) Mitt.,纯叶泽藓,,,2012-11-26
206396,Philonotis fontana (L.) Brid;,泽藓,,,2012-11-26
206399,Philonotis falcata (Hook) Mitt.,偏叶泽藓,,,2012-11-26
206401,Philonotis appresifolia Dixon,贴叶泽藓,,,2012-11-26
206403,Philonotis,泽藓属,,,2012-11-26
206405,philonotietum,泽藓群落,,,2012-11-26
206409,Philodendron imbe,羽衣葛,,,2012-11-26
206410,Philodendron erubescens,里芋葛（天南星科）,,,2012-11-26
206412,Philippine padauk; Pterocarpus vidalianus Rolfe,菲律宾紫檀,,,2012-11-26
206416,Philibertiella,南美牛毛藓亚科中的一属（于）,,,2012-11-26
206417,Philadelphus; mock orang,山梅花属（虎耳草科）,,,2012-11-26
206420,Philadelphus tenuifolius Rupr. et Maxim.,堇叶山梅花（陈嵘）,,,2012-11-26
206423,Philadelphus subcanus Koehne,河南山梅花（陈嵘）,,,2012-11-26
206425,Philadelphus sericanthus Koehne,建德山梅花（陈嵘）,,,2012-11-26
206428,Philadelphus schrenkii var. mandsuricus (Maxim.) Kitagawa,毛盘山梅花,,,2012-11-26
206430,Philadelphus schrenkii Rupr.,东北山梅花,,,2012-11-26
206431,Philadelphus purpurascens (Koehne) Rehd.,紫萼山梅花,,,2012-11-26
206434,Philadelphus pekinensis var. dasycalyx Rehd.,毛萼太平花,,,2012-11-26
206436,Philadelphus pekinensis Rupr.,太平花（北京）；白花结；太平瑞圣花（群芳谱）,,,2012-11-26
206439,Philadelphus lewisii Pursh.,北美山梅花之一,,,2012-11-26
206441,Philadelphus incanus Koehne,山梅花（图考）,,,2012-11-26
206444,Philadelphus hybridus Hort.,杂种山梅花,,,2012-11-26
206446,Philadelphus grandiflorus Willd.,大花山梅花,,,2012-11-26
206448,Philadelphus floridus Beadle; beadle mock orange,北美山梅花之一,,,2012-11-26
206450,Philadelphus delavayi L. Henry,云南山梅花（陈嵘）,,,2012-11-26
206452,Philadelphus coronarius L. sweet mock orange; mock orange; syringa,欧洲山梅花,,,2012-11-26
206455,Philadelphus caucasicus Kodhne,高加索山梅花,,,2012-11-26
206457,Philadelphaceae,山梅花科,,,2012-11-26
206458,phialopore,子球孔,,,2012-11-26
206459,pheumatometry,呼吸量测定法,,,2012-11-26
206461,pheron,酶蛋白,,,2012-11-26
206464,pherase; transfering enzyme,转移酶,,,2012-11-26
206466,phenylthiourea,苯〔基〕硫尿,,,2012-11-26
206467,pheophytin,脱镁叶绿素,,,2012-11-26
206470,phenylpyruvic acid,苯丙醇酸,,,2012-11-26
206472,phenylpropyl cinnamate,桂皮酸苯乙醇,,,2012-11-26
206473,phenylalanine,苯〔基〕丙胺酸,,,2012-11-26
206476,phenyl thio carbamide; P.T.C.,苯〔基〕异硫脲,,,2012-11-26
206480,phenyl ethylene,苯乙烯,,,2012-11-26
206481,phenyl hydrazone,苯【月+宗】,,,2012-11-26
206482,phenyl ethyl alcohol,苯乙醇,,,2012-11-26
206483,phenyl acetic acid,苯〔基〕乙酸,,,2012-11-26
206486,phenyl,苯基,,,2012-11-26
206490,phenoxy acid,苯氧酸,,,2012-11-26
206491,phenoxy acetic acid,苯氧乙酸,,,2012-11-26
206494,phenoxy,苯氧基,,,2012-11-26
206495,phenotypical sex determination,表现型的性决定,,,2012-11-26
206498,phenotypic variance,表现型变方,,,2012-11-26
206499,phenotypic variation,表现型变异,,,2012-11-26
206501,phenotypic value,表现型值,,,2012-11-26
206503,phenotypic stability (Lewis 1954),表现型稳定性,,,2012-11-26
206504,phenotypic ratio,表现型比率,,,2012-11-26
206506,phenotypic plasticity,表现型可塑性,,,2012-11-26
206509,phenotypic mixing (Novick & Szilard 1951， ershey， Roesel， Chase & Forman 1951),表现型混合,,,2012-11-26
206511,phenotypic lag; phenomic lag,表现型迟延,,,2012-11-26
206512,phenotypic intersex,表现型间性,,,2012-11-26
206515,phenotypic flexbility (Thoday 1953),表现型伸缩性,,,2012-11-26
206518,phenotypic expression,表现型表现,,,2012-11-26
206520,phenotypic deviant,表现型偏差体,,,2012-11-26
206521,phenotypic diversity,表现型多样性,,,2012-11-26
206524,phenotypic delay,表现迟延,,,2012-11-26
206526,phenotypic combination,表现型组合,,,2012-11-26
206527,phenotypic correlation,表现型相关,,,2012-11-26
206529,phenotypic assortative mating',表现型选配,,,2012-11-26
206531,phenotypic (or enviromental) sex determination (Brugeff 1915),表现型的（或由于环境的）性决定,,,2012-11-26
206534,phenotype (Johannsen 1909),表现型；表型,,,2012-11-26
206536,phenomic lag (Davis 1949),表现迟滞,,,2012-11-26
206537,phenon,外表同型种；具有不同染色体组不能交配的种,,,2012-11-26
206539,phenolsulfonic acid; aseptol,酚磺酸,,,2012-11-26
206541,phenolsulfatase,硫酸酚酯酶,,,2012-11-26
206543,phenolphthalein,酚酜,,,2012-11-26
206545,phenoloxidase,酚氧化酶；石炭酸氧化酵素,,,2012-11-26
206546,phenololipid,酚酯质,,,2012-11-26
206549,phenology,季节学；生物季节学；花历学,,,2012-11-26
206551,phenological phase,季节相,,,2012-11-26
206553,phenological isolation,季节性隔离,,,2012-11-26
206555,phenolic compounds,酚类化合物,,,2012-11-26
206556,phenolate,酚化物,,,2012-11-26
206558,phenolase,酚酶,,,2012-11-26
206561,phenol coefficient,酚系数；石炭酸系数,,,2012-11-26
206564,phenol,1.酚2.石炭酸3.羟基苯,,,2012-11-26
206565,phenogroup,表型个体群,,,2012-11-26
206567,phenogram,表现图,,,2012-11-26
206569,phenogenetics (Haecker 1918); developmental genetics,表现型遗传学；发生遗传学,,,2012-11-26
206572,phenogenetic correlation,表现型遗传相关,,,2012-11-26
206573,phenogenesis (Fischer 1939),表现型形成,,,2012-11-26
206575,phenogen,同型体,,,2012-11-26
206577,phenodeviate,表现偏差型,,,2012-11-26
206579,phenodeviant (Lerner 1954),表现型偏差个体,,,2012-11-26
206581,phenodeme;,表现型族群,,,2012-11-26
206584,phenocritic (Haecker 1918),（个体发育过程中的）表现型差别起点,,,2012-11-26
206587,phenocopy (Goldschmidt 1935),拟表型,,,2012-11-26
206589,phenocontour,等季节现象,,,2012-11-26
206590,phenocline,表现型定向渐变,,,2012-11-26
206593,phenidin; acetophenctidin,乙醯氧乙苯胺,,,2012-11-26
206594,phenic acid; carbolic acid,酚；石炭酸,,,2012-11-26
206596,phenetidin,对氧乙苯胺,,,2012-11-26
206598,phenetics,表现学,,,2012-11-26
206602,phenethylamine,苯乙胺,,,2012-11-26
206604,phenethyl alcohol,苯乙醇；【艹+六】甲醇,,,2012-11-26
206605,phene; benzene,苯,,,2012-11-26
206607,phene (Johannsen 1909),遗传控制的表现型；性状,,,2012-11-26
206610,phenate; salt of phenic acid,酚盐；石炭酸盐,,,2012-11-26
206612,phenanthrene,菲，菲类,,,2012-11-26
206617,Phellopterus littoralis Benth.; Glehnia littralis F. Schmidt,珊瑚菜，北沙参；辽沙秘；莱阳沙参（香芹科）,,,2012-11-26
206619,phellophilous,适岩地的,,,2012-11-26
206622,Phellomyces citri Hara; Sclerotium citricolum Hara,柑橘黑玉病菌,,,2012-11-26
206624,phelloid cell,似木栓细胞,,,2012-11-26
206626,phellogen; cork cambium; cork meristem,木栓形成层；栓皮形成层,,,2012-11-26
206629,phelloderm; green layer,栓皮层；绿皮层,,,2012-11-26
206631,Phellodendron; cork tree,黄檗属（芸香科）,,,2012-11-26
206634,Phellodendron wilsonii Hayata et Kanehira,台湾黄檗,,,2012-11-26
206637,Phellodendron sachalinense Sarg.,川黄檗（陈嵘）,,,2012-11-26
206639,Phellodendron japonicum Maxim.,大叶黄檗（日本）,,,2012-11-26
206642,Phellodendron chinense Schneid.,黄皮树（湖北，四川）；黄栢（湖北，四川，云南）；小黄莲树（湖北）,,,2012-11-26
206645,Phellodendron chinense f. yunnanense Huang,云南黄皮树,,,2012-11-26
206647,Phellodendron chinense f. omeiense Huang,峨眉黄皮树,,,2012-11-26
206649,Phellodendron chinense f. glabrinsalum (Schueid.) Hsiao (comb. nov.),秃叶黄皮树,,,2012-11-26
206650,Phellodendron chinense f. falcatum Huang,镰刀黄皮树,,,2012-11-26
206654,Phellodendron amurense Rupr.; amur cork tree,黄檗（别录），中药志）；檗木（本草经）；檀桓（本草拾遗）,,,2012-11-26
206656,Phellodendron amurense Rupr. var. sachalinense Fr. Schn.; saghalien cork tree,阔叶黄檗,,,2012-11-26
206659,Phellodendron amurense Rupr. var. japonicum Ohwi,大叶黄檗,,,2012-11-26
206660,Phellinus igniarius (L.)Q(.u)elet,枫类干腐病菌,,,2012-11-26
206662,Phellinus hartigii (Allescher et Schnabl.) Imazeki,冷杉类沟腐病菌,,,2012-11-26
206664,phellem; cork tissue,木栓组织,,,2012-11-26
206667,Phegopteris polypodioides (.F)ee,卯果蕨,,,2012-11-26
206669,Phegopteris levingei (Charke) Tagawa; Thelypteris levingei (Clarke) Ching,星毛卵果蕨,,,2012-11-26
206673,Phegopteris decursive-pinnata (.F)ee,延羽卵果蕨；延羽针毛蕨,,,2012-11-26
206675,Phegopteris,卵果蕨属,,,2012-11-26
206676,Phcomyces nitens Kuntze et Schmidt,须霉属（藻菌）,,,2012-11-26
206679,phcoerythrobilin,藻红素色素基,,,2012-11-26
206681,Phasseolus viridissimus Tenor; P. mungo L.; P. radiatus L. var. typicus Prain; green or golden gram; mung bean,绿豆,,,2012-11-26
206685,phasin， phasine,植物（使红血球凝集的）凝集素,,,2012-11-26
206686,phasing,相,,,2012-11-26
206688,phasic theory,阶段性理论,,,2012-11-26
206689,phasic heterogeneity,阶段异质性,,,2012-11-26
206691,phasic development,阶段发育,,,2012-11-26
206694,phasic change,阶段改变,,,2012-11-26
206695,phase-shift mutation; reading-frame mutation,密码顺位转移突变,,,2012-11-26
206700,Phaseolus vulgaris L.; beans（总称）field beans（用豆）；garden beans（用荚）；kidney bean; French bean; common bean（美国）,菜豆（纲目）；云篇【艹+徧】豆（图考）；四季豆；豆角,,,2012-11-26
206701,Phaseolus vulgaris L. varhumilis Alef.,直立菜豆（于）,,,2012-11-26
206703,Phaseolus trilobatus Schreb.,野蔓赤小豆（日本）,,,2012-11-26
206705,Phaseolus radiatus L. var. typicus Prain; mung bean; Phaseolus aureus Roxb.; Phaseolus mungo L.; green gram; golden gram; Oregon pea,绿眼；菉豆（纲目）,,,2012-11-26
206708,Phaseolus pendulus Makino; Azukia umbellat Ohwi,【虫解】眼；直立赤豆（日本）,,,2012-11-26
206711,Phaseolus mungo L.; mung bean; P. radiatus var. typicus,绿豆,,,2012-11-26
206714,Phaseolus minimus Roxb.,山绿豆；贼小豆,,,2012-11-26
206717,Phaseolus lunatus var. marcrocarpus Bentham; P. limensis Macf.; Lima bean,利玛豆；莱豆（Lima地名）,,,2012-11-26
206720,Phaseolus lunatus L.; sieva bean,钾豆；棉豆；香豆；雪豆；葵豆,,,2012-11-26
206722,Phaseolus limensis Macf.; Lima bean; P. lunatus L. var. macrocarpus Benth.,拉马豆；莱豆,,,2012-11-26
206728,Phaseolus coccineus L.; P. multiforus Lam.; Lipusa multifora Alef.; multiflora bean; scarlet rnnner bean,多花菜豆；红花菜豆；苛包豆；龙爪豆,,,2012-11-26
206729,Phaseolus calcalatus Roxb.,赤小豆；赤豆（本经）；小赤豆（通尔）,,,2012-11-26
206735,Phaseolus angularis W.F. Wigth; Ph. radiatus L. var.pendulus Fr. et Sav.; Dolichos angularis Willdenow; adzuki bean; small red bean,赤小豆；赤豆（本经）；小赤豆（通尔）,,,2012-11-26
206737,Phaseolus,菜豆属（豆科）,,,2012-11-26
206739,phaseolunatin,菜豆苷,,,2012-11-26
206743,Phaseolinae,菜豆亚族（豆科）,,,2012-11-26
206744,phaseolin,菜豆蛋白,,,2012-11-26
206745,Phaseoleae,菜豆族（豆科）,,,2012-11-26
206747,phase variaion,位相变异,,,2012-11-26
206750,phase specificity,（基因作用）位相专一性,,,2012-11-26
206752,phase response curve,相反应曲线,,,2012-11-26
206753,phase ratio,位相比,,,2012-11-26
206755,phase plate,位相板,,,2012-11-26
206756,phase of shortening,缩短期,,,2012-11-26
206758,phase of relaxation,舒展相,,,2012-11-26
206760,phase of equality,均等相,,,2012-11-26
206761,phase microscopy,位相镜检术,,,2012-11-26
206763,phase delay,位相迟延,,,2012-11-26
206765,phase contrast microscope,位相差显微镜,,,2012-11-26
206766,phase advance,位相前进,,,2012-11-26
206769,Phascum cuspidatum Schreb.,球藓,,,2012-11-26
206770,Phascum,球藓属,,,2012-11-26
206772,Phasconica,拟球藓属,,,2012-11-26
206774,pharmacy,药学的；药物,,,2012-11-26
206776,pharmacology,药理学,,,2012-11-26
206778,pharmacogenetics,药物反应遗传学,,,2012-11-26
206781,pharmaceutical,药学的；药物,,,2012-11-26
206785,Pharbitis purpurea Roth; common morning glory; tall morning glory,圆叶牵牛,,,2012-11-26
206786,Pharbitis nil Chois.; morning glory,牵牛子；牵牛花,,,2012-11-26
206789,phaneropore,显型气孔,,,2012-11-26
206793,phaneroplasm,分散质（Emul-sion theory中的)分散相,,,2012-11-26
206795,phanerophytes; phanerophyta,挻空植物；地上植物,,,2012-11-26
206798,phanerophyta; Phanerophytes,挻空植物,,,2012-11-26
206800,Phanerophlebiopsis,点蕨属（鳞毛蕨科）,,,2012-11-26
206801,phanerogarus,显花植物,,,2012-11-26
206804,phanerogamous,显花的,,,2012-11-26
206806,phanerogamic xylem,显花植物木质部,,,2012-11-26
206809,Phanerogamia,显花植物,,,2012-11-26
206810,phanerogamic wood,显花植物木材,,,2012-11-26
206811,Phanerogamae; Phanerogams; Embryophyta Siphonogama,显花植物门；种子植物门,,,2012-11-26
206813,phanerogam; Spermatophyta,显花植物；种子植物,,,2012-11-26
206814,Phallineae,鳖蕈亚目,,,2012-11-26
206816,phallin,鳖蕈素,,,2012-11-26
206818,Phallales,鳖蕈目,,,2012-11-26
206819,Phallaceae,鳖蕈科,,,2012-11-26
206822,Phalaris arundinacea Lo; reed canary-grass,【艹鹝】【艹缓】（尔雅）（Br.）；柳条芦；草芦（日本）,,,2012-11-26
206823,phalanx phalanges,雄蕊束,,,2012-11-26
206827,Phakospora vitis Th(u)men; P. ampelopsidis Dietel et Sydow,爬山虎锈病菌,,,2012-11-26
206828,Phakospora zizyphi-vulgaris Dietel,枣锈病菌,,,2012-11-26
206830,Phakospora sojae Sawada; Phakospora pachyrhizi Sydow,大豆锈病菌；葛锈病菌,,,2012-11-26
206833,Phakospora pachyrhizi Sydow; Phakospora sojae Sawada; Uromyces sojae (P. Hann) Sydow,大豆锈病菌；葛锈病菌,,,2012-11-26
206835,Phakospora nishidana S. Ito,无花果锈病菌,,,2012-11-26
206837,Phakospora gossypii (Arthur) Hirat-suka,棉锈病菌,,,2012-11-26
206840,Phakospora fici Nishida; Phakosopra nishidana S. Ito,无花果锈病菌,,,2012-11-26
206842,Phakospora artemisiae Hiratsuka,菊褐锈病菌,,,2012-11-26
206843,Phakospora ampelopsidis Dietel et Sydow,葡萄锈病菌；爬山虎（地锦）锈病菌,,,2012-11-26
206845,Phakospora,野葡萄锈病菌属,,,2012-11-26
206847,phagosome (Strauss 1958),吞噬小体,,,2012-11-26
206849,phagolysosome; lysophagosome; telolysome,吞噬体与溶酶体的结合体,,,2012-11-26
206851,phagolysis,吞菌体崩解,,,2012-11-26
206852,phagocytosis,吞噬作用,,,2012-11-26
206854,phagocyte,吞噬细胞,,,2012-11-26
206855,phagocaryosis， phagokaryosis,噬菌体噬食细胞核作用,,,2012-11-26
206857,phage; bacterial virus; bacteriophage,噬菌体（细菌病毒）,,,2012-11-26
206860,phage typing,噬菌体型类别法,,,2012-11-26
206861,phage heterozy-gosity,噬菌体异型接合率,,,2012-11-26
206863,phage exclusion (Streisinger & Weigle 1956),噬菌体排出之基因,,,2012-11-26
206865,phage cross,噬菌体交配,,,2012-11-26
206868,Phaeosporeae,褐子目（褐）,,,2012-11-26
206869,phage conversion,噬菌变型,,,2012-11-26
206871,phaeospore,暗色孢子,,,2012-11-26
206873,Phaeosporae,褐子族（担）,,,2012-11-26
206875,Phaeospora nashi Hara,梨白星病菌,,,2012-11-26
206878,Phaeospora bambusae Miyake et Hara,竹类褐斑病菌,,,2012-11-26
206880,Phaeosphaeria oryzae Miyake,（稻）叶枯病菌,,,2012-11-26
206882,Phaeosphaerella japonica Shirai et Hara,紫荆褐斑病菌,,,2012-11-26
206883,Phaeosphaerella gardeniae (Cooke) Hara,栀子斑点病菌,,,2012-11-26
206886,Phaeosclerotinia nipponica Hori,苹果念珠病菌,,,2012-11-26
206887,Phaeosaccardinula penzigi (Sacc.) Yamamoto,柑橘类煤病菌之一,,,2012-11-26
206893,Phaeosaccardinula javanica (Zimm.) Yamamoto,柑橘煤病菌之一,,,2012-11-26
206895,phaeoplast,叶褐体,,,2012-11-26
206896,Phaeosaccardinula citrivora (Hara) Hara; P. javanica (Zimmermann) Yamamoto,柑橘类煤病菌,,,2012-11-26
206897,Phaeophyta,褐藻〔植物〕门,,,2012-11-26
206899,phaeophyll,叶褐素,,,2012-11-26
206901,Phaeophyceae; brown algae,褐藻门,,,2012-11-26
206904,Phaeolous schweinitzii (Fries) Palouill-ard; P. schweinitzii (Fries) Karsten,落叶松腐心病菌之一松类腐心菌之一,,,2012-11-26
206905,Phaeoisariopsis vitis (L&eacute;v) Sawada,葡萄褐斑病菌,,,2012-11-26
206907,Phaeoisariopsis pruni-grayanae Sawada,灰叶稠梨角斑病菌,,,2012-11-26
206909,Phaeoisariopsis griseda (Sacc.) Ferraris,菜豆角斑病菌,,,2012-11-26
383753,Phaeographis,黑子文字苔属（地衣）,,,2012-11-26
383754,Phaeodon,香蕈属,,,2012-11-26
383755,Phaeococcus,褐球藻属,,,2012-11-26
383756,phaeochrome cell; chromaffine cell; chromophile cell,亲铬细胞,,,2012-11-26
383757,phaenology,花历学,,,2012-11-26
383758,phaenogenetics,表型遗传学,,,2012-11-26
383759,Phaenerophyta succulenta,多肉地上植物,,,2012-11-26
383760,Phaenerophyta scandentia,藤本地上植物,,,2012-11-26
383761,Phaenerophyta herbaceae,草本地上植物,,,2012-11-26
383762,Phaeanthus,亮花木属（番荔枝科）,,,2012-11-26
383763,Phacus,梨形鞭毛藻属,,,2012-11-26
383764,Phacidiopycnis pseudotsugae (M. Wilson) Hahn,花旗松荷叶病菌；荷叶松胴枯病菌,,,2012-11-26
383765,Phacidiineae,黑脂病菌亚目,,,2012-11-26
383766,Phacidieae,枫树黑脂病菌亚科,,,2012-11-26
383767,Phacidiales,黑点菌目,,,2012-11-26
383768,Phacidiaceae,黑点菌科（黑点菌目）；黑脂菌科,,,2012-11-26
383769,Phacelocarpus,雉尾藻属（红）,,,2012-11-26
383770,Phacelocarpeae,雉尾藻亚科（红）,,,2012-11-26
383771,Phacellaria,鳞叶寄生木属（檀香科）,,,2012-11-26
383772,Phacelia whitlevia Gray; California blue bell,加州蓝钟穗花,,,2012-11-26
383773,Phacelia tanacaete-folia Benth.,钟穗花属（杜赓生）,,,2012-11-26
383774,Phacelia congesta Hook.,立幌菊草,,,2012-11-26
383775,Phacelia campanularia Gray,南加州钟穗花,,,2012-11-26
383776,Phacelia,钟穗花属（杜赓生）,,,2012-11-26
383777,PHA; phytohemato-agglutinin,植物凝血素,,,2012-11-26
383778,pH value,【离巠】标值；酸度,,,2012-11-26
383779,pH sensitive mutant,酸度敏感突变体,,,2012-11-26
383780,pH scale,【离巠】标尺度（氢离子浓度尺度）,,,2012-11-26
428412,pH meter,【离巠】标计（氢离子浓度测定计）,,,2012-11-26
428413,PGA; pteroylglutamic acid; folic acid,叶酸,,,2012-11-26
428414,pH,【离巠】（音灵）标（氢离子浓度符号）,,,2012-11-26
428415,PGA; phosphoglyceric acid,磷酸甘油酸,,,2012-11-26
428416,Pfeffer coefficient; economic coefficient,菲佛而系数；利用系数,,,2012-11-26
428417,Pezizineae,椀菌亚目,,,2012-11-26
428418,Pezizales; cup fungi; Discomycetes,椀菌目（子囊菌类）,,,2012-11-26
428419,Peziza,椀菌属,,,2012-11-26
428420,Pezizaceae,椀菌科（椀菌目）,,,2012-11-26
428421,peyote; mescal buttons,仙人掌（Lopho-phora)花柱顶端,,,2012-11-26
428422,Peyssonnelia,石皮属（红）,,,2012-11-26
428423,pexinogen,凝乳原,,,2012-11-26
428424,peucinous,树脂的；松脂的,,,2012-11-26
428425,pexin,凝乳,,,2012-11-26
428426,peucine,树脂；松脂,,,2012-11-26
428427,Peucedanum terebinthaceum (Fisch.) Fisch. et Turcz.,石防风,,,2012-11-26
428428,Peucedanum rigidum Bunge; Ferula borealis Kuan,硬阿魏；沙茴香,,,2012-11-26
428429,Peucedanum praeruptorum Dunn; radix peucedane,白花前胡；鸡脚前胡（采药材学）；官前胡,,,2012-11-26
428430,Peucedanum medicum Dunn,华中前胡,,,2012-11-26
428431,Peucedanum japonicum Thunb.,防葵（本草经）；房苑；利盖；利茹；牡丹防风（日本）,,,2012-11-26
428432,Peucedanum decursivum (Miq.) Maxim.; Angelica decursiva Fr. et Sav.,前胡；土当归,,,2012-11-26
428433,Peucedanum,前胡属（繖形花科）；土当归属,,,2012-11-26
428434,Petuosavia,无叶莲属（百合科）,,,2012-11-26
428435,peucedanin,前胡素；主人草素,,,2012-11-26
428436,Petunia; petunia,矮牵牛属（茄科）,,,2012-11-26
428437,Petunia violacea Lindl.; violet-flowered petunia,紫花矮牵牛,,,2012-11-26
428438,Petunia hybrida Vilm.; common garden petunia,矮牵牛,,,2012-11-26
428439,Pe-Tsai (Bailey); Brassica pekinensis Rupr.,山东白菜；黄芽菜；茭菜,,,2012-11-26
428440,Petrosimonia,叉毛蓬属（藜科）,,,2012-11-26
428441,Petroselinum sativum Hoffm; parsley; Apium petroselinum L.,旱芹菜；荷兰水芹；洋芹；洋芫荽,,,2012-11-26
428442,Petrophytia,石生群落,,,2012-11-26
428443,petrophytes,石生植物,,,2012-11-26
428444,petrophilous,生长在石上或有石区域的,,,2012-11-26
428445,petroleum ether,石油醚,,,2012-11-26
428446,petrified tree,石化树,,,2012-11-26
428447,petrified forest,石化森林,,,2012-11-26
428448,petrification,石化,,,2012-11-26
428449,petri-derserta,岩质荒原,,,2012-11-26
428450,petricolous,生长在石中、石上，或石间的,,,2012-11-26
428451,petite yeast,小型聚落酵母,,,2012-11-26
428452,petite mutant,小型聚落突变体,,,2012-11-26
428453,petite colony,小型菌聚落,,,2012-11-26
428454,petiolus,腹柄,,,2012-11-26
428455,petiolule,小叶柄,,,2012-11-26
428456,petiole,叶柄,,,2012-11-26
428457,petiolar,生在叶柄上的,,,2012-11-26
428458,Petasites japonicus Miquel,日本款冬（菊）,,,2012-11-26
428459,petalous,有花瓣的,,,2012-11-26
428460,petaloidy,花瓣化,,,2012-11-26
428461,petaloid,似花瓣的,,,2012-11-26
428462,petal bundle,花瓣维管束,,,2012-11-26
428463,petal,花瓣,,,2012-11-26
428464,pesudoplasmodium,假原菌体,,,2012-11-26
428465,pesudomeiosis(Battaglia 1945),假减数分裂,,,2012-11-26
428466,pestalozzia theae Sawada,茶树轮斑病菌,,,2012-11-26
428467,Pestalozzia theae Saw.; Pestalotia theae Saw.,茶轮斑病菌；柿轮纹叶枯病菌,,,2012-11-26
428468,Pestalozzia,胡枝子斑叶病菌属,,,2012-11-26
428469,Pestalotia virsicolor Speg.,薯蓣叶枯病菌,,,2012-11-26
428470,Pestalotia uvicola Speg.,葡萄大丛洵病菌,,,2012-11-26
428471,Pestalotia traverseta Sacc.,苹果赤枯病菌,,,2012-11-26
428472,Pestalotia thujae Sawada,侧柏黑汁叶枯病菌,,,2012-11-26
428473,Pestalotia thjopridis Sawada,罗汉柏黑汁赤枯病菌之一,,,2012-11-26
428474,Pestalotia theae Saw.,茶轮斑病菌；柿轮纹叶枯病菌,,,2012-11-26
428475,Pestalotia staticeae Tsukamoto et Katsuki,石松（Statice)病菌（无病记载）,,,2012-11-26
428476,Pestalotia shiraiana P. Henn.,柳杉苖赤枝病菌，赤枯病菌之一，薄叶赤枯病菌之一；水杉枯病菌；罗汉柏赤枯病菌,,,2012-11-26
428477,Pestalotia querci-dentae Sawada,枹栎黑汁叶枯病菌,,,2012-11-26
428478,Pestalotia populi-nigrae Sawada et K. Ito,白杨类枝枯病菌,,,2012-11-26
428479,Pestalotia plamarum Cooke,茶云纹病菌；柳子叶枯病菌,,,2012-11-26
428480,Pestalotia paeonicola Tsukamoto et Hino,牡丹芍药枝枯病菌,,,2012-11-26
428481,Pestalotia malicola Hori,榠栌褐斑病菌；苹果火星病菌,,,2012-11-26
428482,Pestalotia lariciola Sawada,薄叶松赤枯病菌之一,,,2012-11-26
428483,Pestalotia kawakamii saw.,水稻褐斑病菌,,,2012-11-26
428484,Pestalotia guepini Desm.,茶褐色叶枯病菌；茶梅褐色叶枯病菌；杜鹃花叶枯病菌,,,2012-11-26
428485,Pestalotia gracilis Klebahn,卫矛灰斑病菌,,,2012-11-26
428486,Pestalotia gossypii Hori,棉斑纹病菌,,,2012-11-26
428487,Pestalotia ginkgo Hori,银杏叶枯病菌,,,2012-11-26
428488,Pestalotia funerea f.euronimi-japonici Th(u)men; P. gracilis Klebahn,卫矛灰斑病菌,,,2012-11-26
428489,Pestalotia funerea Desmanzieres,枇杷灰斑病菌；悬铃木褐斑病菌；扁柏赤枯病菌,,,2012-11-26
428490,Pestalotia disseminata Th(u)men,桉类叶枯病菌,,,2012-11-26
428491,Pestalotia diospyri Sydow,柿叶枯病菌,,,2012-11-26
428492,Pestalotia cryptomeriaeeola Sawada,柳彬苖赤枯病菌；赤枯病菌之一,,,2012-11-26
428493,Pestalotia chamaecyparis Sawada,扁柏赤枯病菌；花柏黑汁赤枝病菌,,,2012-11-26
428494,Pestalotia cephalotaxi Sawada,三尖杉（粗榧）黑点病菌,,,2012-11-26
428495,Pestalotia aucubae Hara,桃叶珊瑚斑点病菌,,,2012-11-26
428496,Pestalotia aomoriensis P. Henn.,柳杉叶赤杏病菌之一,,,2012-11-26
428497,Pestalotia aceris P. Henn.,枫树叶枯病菌,,,2012-11-26
428498,pest bacillus; Bacterium pestis Kitasato et Yersin,鼠疫菌,,,2012-11-26
428499,pest,害虫；为害生物,,,2012-11-26
428500,pessimum,（生物生活的）最低限度的适合状态,,,2012-11-26
428501,pessian insect Powder,红花除虫菊粉,,,2012-11-26
428502,peruvin; cinnamic alcohol,桂醇,,,2012-11-26
428503,Peruvian bark,秘鲁树皮秘鲁金鸡纳树皮,,,2012-11-26
428504,Peruvian balsam,秘鲁香胶,,,2012-11-26
428505,Perunia axillaris Bsp.; large white petunia,百花矮牵牛,,,2012-11-26
428506,perulate,有鳞片的,,,2012-11-26
428507,perulate,（叶芽之）有鳞片的,,,2012-11-26
428508,Perularia fascens Lindl.,竹叶兰,,,2012-11-26
428509,perula,1.叶芽鳞片2.兰花蕊柱基部突出部,,,2012-11-26
428510,Pertya scandens Sch. Bip.,狭叶彗菊,,,2012-11-26
428511,Pertya ovata Maxim.,蔧菊,,,2012-11-26
428512,pertusate,有顶乳的,,,2012-11-26
428513,Pertusariaceae,鸡皮藓科（地衣）,,,2012-11-26
428514,Pertusariaceae,疣苔科（地衣）,,,2012-11-26
428515,Pertusaria,疣苔属（地衣）,,,2012-11-26
428516,perthophytes,杀生菌,,,2012-11-26
428517,Persoz， Jean F.,贝索兹,,,2012-11-26
428518,personate corolla,假面状花冠,,,2012-11-26
428519,personate,假面状的,,,2012-11-26
428520,persisting modification; dauermodifica-tion,持久变形,,,2012-11-26
428521,persistent sheath,宿存鞘,,,2012-11-26
428522,persister,微生物经抗生素或其他有毒物质作用而生存者及其后裔,,,2012-11-26
428523,persistent leaf,宿存叶,,,2012-11-26
428524,persistent form,持久型,,,2012-11-26
428525,persistent existence,持续生存,,,2012-11-26
428526,persistent,残存的；宿存的,,,2012-11-26
428527,persistence,残存率,,,2012-11-26
428528,persistence of types,型的永续性,,,2012-11-26
428529,persio; cudbear,地衣红质,,,2012-11-26
428530,persimon; Diospyros,柿,,,2012-11-26
428531,persicinus,桃红色,,,2012-11-26
428532,Persica vulgaris Mill.; Prunus persica (L.) Bratsch.,桃；毛桃；白桃,,,2012-11-26
428533,Persica davidiana Carr.; Prunus davidiana (Carr.) Franch.,山桃；野桃；花桃,,,2012-11-26
428534,Persian walnut;Juglans regia L.,胡桃；波斯胡桃,,,2012-11-26
428535,Perseae,酪梨亚科,,,2012-11-26
428536,Persea americana Mill. var. drymi-folia Blake; Mexican avocado,墨西哥酪梨,,,2012-11-26
428537,Persea americana Mill. avocado; avocado pear; alligato-pear; butter fruit,鳄梨；酪梨；油梨,,,2012-11-26
428538,Persea,鳄梨属、酪梨属（樟科）,,,2012-11-26
428539,Perrottetia arisanensis Hay.,台湾核子木,,,2012-11-26
428540,Perrottetia,核子木属（卫矛科）,,,2012-11-26
428541,perrole nucleus,吡咯核,,,2012-11-26
428542,perquadrate,加大取样方框,,,2012-11-26
428543,perpetuation (Tsuchida Nonoyama & Ikeda 1966),病毒在细菌中持续繁殖；永续性,,,2012-11-26
428544,perpendicular,垂直的,,,2012-11-26
428545,perpetual parthenogenesis,永久〔性〕单性生殖,,,2012-11-26
428546,peroxisome (de Duve 1965),过氧化微粒体,,,2012-11-26
428548,peroxidase,过氧化物酶,,,2012-11-26
428549,peroxidasis,过氧化酶作用,,,2012-11-26
428550,Peronosporineae,头子菌亚目；露菌亚目（藻菌类）,,,2012-11-26
428551,Perottetia racemosa (Oliv.) Loes.,核子木属（卫矛科）,,,2012-11-26
428552,Peronosporales,露菌目（卵菌族）,,,2012-11-26
428553,Peronosporaceae,露菌科；露菌病菌科（露菌目）,,,2012-11-26
428554,Peronospora violae de Bary,堇、三色堇露菌病菌,,,2012-11-26
428555,Peronospora viciae-sativae Gaumann,翘摇露菌病菌之一,,,2012-11-26
428556,Peronospora viciae (Berkeley) de Bary,蚕豆露菌病菌,,,2012-11-26
428557,Peronospora trifoliorum De Bary,红花三叶草露菌病菌,,,2012-11-26
428558,Peronospora spinaciae (Grev) Lawbert,菠菜露菌病菌,,,2012-11-26
428559,Peronospora sparsa Berkeley,蔷薇露菌病菌之一蔷薇露菌病菌,,,2012-11-26
428560,Peronospora sepium G(a)umann,翘摇露菌病菌之一,,,2012-11-26
428561,Peronospora schleideni Ung; P. destructor (Berkeley) Caspary,葱萎黄病菌；洋葱、葱、大头葱露菌病菌,,,2012-11-26
428562,Peronospora schachfii Fuckel,甜菜露菌病菌,,,2012-11-26
428563,Peronospora pisi Sydow,豌豆露菌病菌,,,2012-11-26
428564,Peronospora parasitica (Person) Fries P. brassicae G(a)umann,油菜露菌病菌,,,2012-11-26
428565,Peronospora mesenbryanthemi Verw(o)rd,松叶菊露菌病菌,,,2012-11-26
428566,Peronospora lotorum Sydow,百脉根露菌病菌,,,2012-11-26
428567,Peronospora machurica (Naoum) Sydow,大豆露菌病菌,,,2012-11-26
428568,Peronospora javanica Palm; Sclerospora maydis (Racibor-ski) Butler,玉蜀黍露菌病菌,,,2012-11-26
428569,Peronospora hyoscyami de Bary,烟草露菌病菌,,,2012-11-26
428570,Peronospora fagopyri Tanaka; P. ducometi Siemasjko et Janowoki,荞麦露菌病菌,,,2012-11-26
428571,Peronospora ducometi Tanaka,荞麦露菌病菌,,,2012-11-26
428572,Peronospora destructor (Berkeley) Caspary,洋葱露菌病菌,,,2012-11-26
428573,Peronospora copparidis Sawada,西洋风蝶草露菌病菌,,,2012-11-26
428574,Peronospora brassicae G&auml;um,油菜、萝菔、白菜、甘蓝、芜青类露菌病菌,,,2012-11-26
428575,Peronospora arborescens (Berk) De Bary,罂粟露菌病菌,,,2012-11-26
428576,Peronospora alliariae wasabi G(a)umann,山芥菜露菌病菌,,,2012-11-26
428577,Peronospora,墓卜露菌病菌属,,,2012-11-26
428578,Peronospora aestivalis Sydow,苜蓿露菌病菌,,,2012-11-26
428579,Peronoplasmopara actinostemmae Saw; downy mildew of actinostemma,合子草露菌病菌,,,2012-11-26
428580,Peronoplasmopara cubensis (Berkeley et Curtis); clinton; Pseudoperonospora cubensis (Berkeley et Curtis) Rostow-zew,扁蒲及冬瓜露菌病菌,,,2012-11-26
428581,permissive vs nonpermissive cells,（溶菌感染）可容许对不可容许的细胞,,,2012-11-26
428582,permissible dose,容许剂量,,,2012-11-26
428583,Permian period,二叠纪,,,2014-07-07
428584,permeate,透过；通过,,,2012-11-26
428585,permease,透过酶,,,2012-11-26
428586,permeable membrane,可透〔性〕膜,,,2012-11-26
428587,permeability constant,透过性常数,,,2012-11-26
428588,permeability coefficient,透过系数,,,2012-11-26
428589,permeability barrier,透过性障壁,,,2012-11-26
428590,permeability,透过性,,,2012-11-26
428591,permanent wilting point,永久〔性〕凋萎点,,,2012-11-26
428592,permanent wilting,永久〔性〕凋萎,,,2012-11-26
428593,permanent univalent chromosome; hereditary univalent chromosome,遗传〔性的〕单价染色体,,,2012-11-26
428594,permanent tissue,永久组织,,,2012-11-26
428595,permanent quadrat method,永久方框法；永久性标准采区调查法,,,2012-11-26
428596,permanent preparation,（显微镜观察用）永久性标本,,,2012-11-26
428597,permanent plankton; holoplankton,终生浮游生物,,,2012-11-26
428598,permanent modification,永久〔性〕变形,,,2012-11-26
428599,permanent layer transect,永久〔性〕层状横贯取样法,,,2012-11-26
428600,permanent hybrid,永久杂种,,,2012-11-26
428601,permanent heterozygote; permanent hybrid,永久〔性〕异型合子,,,2012-11-26
428602,permanent heterozygosity,永久异型接合性,,,2012-11-26
428603,permanent flower; everlasting flower,永久花；不凋花,,,2012-11-26
428604,permanent cell,永久〔性〕细胞,,,2012-11-26
428605,permanent callus,永久〔性〕愈伤组织,,,2012-11-26
428606,Perkin， W.H.,贝金,,,2012-11-26
428607,Perizales,椀菌目（子囊菌类）,,,2012-11-26
428608,perixylic,环木质部的,,,2012-11-26
428609,perivitelline space,卵周空隙,,,2012-11-26
428610,periwinkle; Vinca,长春花（夹竹桃科）,,,2012-11-26
428611,perivasal,环管的,,,2012-11-26
428612,perivacuolar chondriosome,胞周粒线体,,,2012-11-26
428613,peritrichous,（细菌之）全面有鞭毛的,,,2012-11-26
428614,peritrichal cilium,周生纤毛,,,2012-11-26
428615,perithecium,被子器；子囊腔,,,2012-11-26
428616,peristromium,（叶绿体周围的）收缩〔性的〕鞘,,,2012-11-26
428617,peristomium; peristome,蒴齿,,,2012-11-26
428618,peristomate,有蒴齿的,,,2012-11-26
428619,peristome,蒴齿,,,2012-11-26
428620,peristomal teeth,蒴齿片,,,2012-11-26
428621,peristerion; Verbena officinalis L.,马鞭草,,,2012-11-26
428622,Peristeria; dove orchid; holy ghost orchid,鸠柱兰属,,,2012-11-26
428623,Peristeria pendula HK.,下垂鸠柱兰,,,2012-11-26
428624,Peristeria elata HK.; dove flower; dove orchid; holy ghost orchid,鸠柱兰,,,2012-11-26
428625,Peristeria cerina Lindl.,蜡花鸠柱兰,,,2012-11-26
428626,Peristeria aspersa Rolfe,委内瑞拉鸠柱兰,,,2012-11-26
428627,peristalsis,蠕动,,,2012-11-26
428628,perisporium,周壁,,,2012-11-26
428629,Perisporineae,煤病菌亚目,,,2012-11-26
428630,Perisporiales,被子囊菌目（子囊菌类）,,,2012-11-26
428631,Perisporiaceae,被子囊菌科；煤病菌科（被子囊菌目）,,,2012-11-26
428632,perispore,周壁孢子；（藻类的）孢子母细胞,,,2012-11-26
428633,perisporangiate,环生孢子囊的,,,2012-11-26
428634,perisphere,中心周球,,,2012-11-26
428635,perisarc,围鞘,,,2012-11-26
428636,perisperm,外胚乳,,,2012-11-26
428637,periporate,周围有孔的,,,2012-11-26
428638,Periploca sepium Bge,杠柳（中药志）；狭叶萝摩；北五加皮（中药志）羊奶藤（辽宁）；羊桃梢（山西）,,,2012-11-26
428639,periplast; periplasm,若干藻类的外膜,,,2012-11-26
428640,Periploca graeca L.,长果杠柳（药材学）（杠柳科）,,,2012-11-26
428641,periplasmodium,蕨类孢子囊胞壁上发达的多核构造,,,2012-11-26
428642,periplasm (Rattenbury & Serra 1952),（染色体，纺锤体）周边细胞质,,,2012-11-26
428643,periphyton,附著在沈水植物上的生物,,,2012-11-26
428644,periphyte,在个体表面生长的植物（指细菌）,,,2012-11-26
428645,periphysis (pl.) periphyses,（被子器，粉孢子器，柄孢子器等内面密生的）毛状小体；缘丝,,,2012-11-26
428646,periphery,周围；周边,,,2012-11-26
428647,peripheral meristem,周边分生组织,,,2012-11-26
428648,peripheral,周围的；形成周边的；离开中心的；向表面的,,,2012-11-26
428649,periolate,有叶柄的,,,2012-11-26
428650,periodism,周期现象,,,2012-11-26
428651,periodicity,周期性,,,2012-11-26
428652,periodical,周期的,,,2012-11-26
428653,periodic selection,周期性选择,,,2012-11-26
428654,periodic plankton,周期性浮游生物,,,2012-11-26
428655,periodic acid Schiff reaction; PAS reaction,过碘酸反应,,,2012-11-26
428656,period of spiralization,螺旋期,,,2012-11-26
428657,period of relexation,舒展期,,,2012-11-26
428658,period of gymnosperms,祼子植物时代,,,2012-11-26
428659,period of growth,生长期,,,2012-11-26
428660,period of destruction,破坏期,,,2012-11-26
428661,period of contraction,收缩期,,,2012-11-26
428662,period,周期,,,2012-11-26
428663,perinuclear cisterna (Waston 1955); nuclear envelope; nuclear membrance,核膜,,,2012-11-26
428664,perinuclear,核周的,,,2012-11-26
428665,perinous,周壁的,,,2012-11-26
428666,perinium,孢子周壁,,,2012-11-26
428667,perimeter arc,视野计弧,,,2012-11-26
428668,perimeter,视野计,,,2012-11-26
428669,perimeristem,周边分生组织,,,2012-11-26
428670,perimedullary zone,环髓带,,,2012-11-26
428671,perimedullary phloem,环髓靭皮部,,,2012-11-26
428672,perimedullary,环髓的,,,2012-11-26
428673,Perilla reptans Maxim,铃香薷（日本）,,,2012-11-26
428674,Perilla ocimoides L.; perilla Perilla reptans Maxim,荏；苏麻；苏子,,,2012-11-26
428676,Perilla frutescens Britton var. japonica Hara; P. ocimoides L. var. typica Makino,荏（别录）；白苏（图考）,,,2012-11-26
428677,Perilla frutescens Britton var. crispa Decaisne f. viride-crispa Mak.,青皱紫苏,,,2012-11-26
428678,Perilla frutescens Britton var. acuta Kudo; perilla; perille; Perilla nankinensis Dcne.,紫苏；苏,,,2012-11-26
428679,Perilla frutascens Britton var. hirtella Makino et Nemoto,虎尾紫苏,,,2012-11-26
428680,Perilla citriodora Nakai,柠檬紫苏,,,2012-11-26
428681,Perilla,紫苏属（薄荷科）,,,2012-11-26
428682,perikaryon,核周质,,,2012-11-26
428683,perigyny,子房周位,,,2012-11-26
428684,perigynous,子房周位的,,,2012-11-26
428685,perigynous flower,子房周位花,,,2012-11-26
428686,perigynium,1.（藓的）茎或叶状体的包围藏卵器的管状扩张部2.（莎草科的）果壸,,,2012-11-26
428687,perigonium; perigonial bracts,1.苔藓类的藏精器周围的叶2.被子植物的花被,,,2012-11-26
428688,perigonial leaf,雄花叶,,,2012-11-26
428689,perigone,花盖,,,2012-11-26
428690,periginous ovary; perigynous ovary,中位子房；周位子房；半下位子房,,,2012-11-26
428691,peri-enzyme; surface enzyme,表面酵素；表面酶,,,2012-11-26
428692,perienchyma,周边组织,,,2012-11-26
428693,peridium,1.黏菌孢子囊的硬壳2.子壳；丝状菌子实体的外壁,,,2012-11-26
428694,peridiolum; peridiole,小皮子；若干担子菌产生胞子的构造,,,2012-11-26
428695,peridiole; peridiolum,小皮子；若干担子菌产生胞子的构造,,,2012-11-26
428696,Peridinium divergens Ehreub,虫藻,,,2012-11-26
428697,Peridinium,虫藻属,,,2012-11-26
428698,Peridiniales; Dinoflagellatae,虫藻目；涡鞭藻目,,,2012-11-26
428699,Peridiniaceae,虫藻科（涡鞭）,,,2012-11-26
428700,Peridineae; Dinoflagellatae,虫藻类,,,2012-11-26
428701,peridermium,泡状锈子器,,,2012-11-26
428702,periderm,栓皮；周皮层,,,2012-11-26
428703,pericyclic fiber,周鞘纤维,,,2012-11-26
428704,pericycle,周鞘；轴幕,,,2012-11-26
428705,Periclymenum,忍冬亚属（忍冬科）,,,2012-11-26
428706,periclinal wall,平周壁,,,2012-11-26
428707,periclinal division,平周壁分裂,,,2012-11-26
428708,periclinal chimera,周边嵌合体,,,2012-11-26
428709,perichromosomal,染色体周缘的,,,2012-11-26
428710,periclinal (Baur 1909),与周缘平行的,,,2012-11-26
428711,perichaetium; perichaetial bracts; perigynous bracts,（藓类性器官周围的）花叶周苞,,,2012-11-26
428712,perichaetial leaf,雌花叶,,,2012-11-26
428713,pericentric inversion; transcentric inversion; eucentric inversion; transkinetic inversion; symmetrical inversion,含有中节在内的倒位,,,2012-11-26
428714,pericentric,含有中节的,,,2012-11-26
428715,pericentral axis,周心管,,,2012-11-26
428716,pericentral cell,周心细胞,,,2012-11-26
428717,pericaulome theory,周茎部原理,,,2012-11-26
428718,pericellular net,细胞周网,,,2012-11-26
428719,pericaulome,茎周部,,,2012-11-26
428720,pericarp; flesh（园）；sarcocarp（植）,1.果壁2.红藻果胞子体周围的壸状构造；果肉（园）；果壁（植形）；果皮,,,2012-11-26
428721,Pericampylus glaucus Merr.,细圆藤；青风藤,,,2012-11-26
428722,Pericampylus,细圆藤属（防己科）,,,2012-11-26
428723,pericambium,周边形成层,,,2012-11-26
428724,periblem initial,皮层原始原细胞,,,2012-11-26
428725,periblem,皮层源,,,2012-11-26
428726,perianth segment; perianth lobe; tepal,花被片,,,2012-11-26
428727,perianth lobe; tepal; perianth segment,花被片,,,2012-11-26
428728,perianth,花被,,,2012-11-26
428729,pergammentaceous,似羊皮纸的,,,2012-11-26
428730,Pergamena uniflora Fimet,一叶兰,,,2012-11-26
428731,pergamenous,羊皮纸状的,,,2012-11-26
428732,perfusion apparaatus,灌注器,,,2012-11-26
428733,perfusion,灌注法,,,2012-11-26
428734,perfusate,灌注液,,,2012-11-26
428735,perforation rim,穿孔边缘,,,2012-11-26
428736,perforation,穿孔,,,2012-11-26
428737,perforation plate,孔板,,,2012-11-26
428738,perforating fiber,穿孔纤维,,,2012-11-26
428739,perforated ray cell,有孔射出髓细胞,,,2012-11-26
428740,perforated dictyostele,有孔网状中心柱,,,2012-11-26
428741,perforated cell drain-pipe cell,贯通细胞,,,2012-11-26
428742,perforated,有孔的,,,2012-11-26
428743,Perforaria,有孔疣苔属（地衣）,,,2012-11-26
428744,perfoliate leaf,抱茎叶；贯生叶,,,2012-11-26
428745,perfoliate,叶抱茎,,,2012-11-26
428746,perfect stage,完全期；有性阶段,,,2012-11-26
428747,perfect peristome,完全蒴齿；双层蒴齿,,,2012-11-26
428750,perfect flower,完全花；两性花,,,2012-11-26
428751,perfect annulus,完全环带,,,2012-11-26
428752,perfect,完全的；具有雌蕊雄蕊的,,,2012-11-26
428753,perennial root,多年生根,,,2012-11-26
428755,perennial plants; perennials,多年生植物,,,2012-11-26
428756,perennial herb,宿根草,,,2012-11-26
428757,perennial crop,多年生作物,,,2012-11-26
428758,perennial,多年的；多年生的,,,2012-11-26
428759,perennation,多年生化,,,2012-11-26
428760,peregrinus,广布种,,,2012-11-26
428761,perdominant,常优种,,,2012-11-26
428762,Pereella,小蕨藓属,,,2012-11-26
428763,percurrent,中肋至顶的,,,2012-11-26
428764,percolation,浸透,,,2012-11-26
428765,percnosome,深染粒,,,2012-11-26
428766,perception,感受,,,2012-11-26
428767,perceptibility,感受性度,,,2012-11-26
428768,percent solution,百分溶液,,,2012-11-26
428769,Peranemataceae,方钟鞭毛科,,,2012-11-26
428770,Peranemaceae,球盖蕨科,,,2012-11-26
428771,Peranema cyatheoides Don,球盖蕨,,,2012-11-26
428772,Peragallia,二角矽藻属,,,2012-11-26
428773,Peranema,球盖蕨属,,,2012-11-26
428774,Peracarpa carnosa Hook. fil. et Thoms. var. circaeoides Makino,谷桔梗（日本）,,,2012-11-26
428775,peptone,蛋白【月+柬】；【月+柬】,,,2012-11-26
428776,peptolytic,分解【月+柬】的,,,2012-11-26
428777,peptogenic peptogenous,产生【月+柬】的；产生胃液素的,,,2012-11-26
428778,peptizing agent,溶胶剂,,,2012-11-26
428779,peptization,解胶作用,,,2012-11-26
428780,peptidolytic,分解肽的,,,2012-11-26
428781,peptide chain,肽链,,,2022-05-26
428782,peptide linkage; peptide bond,肽联,,,2012-11-26
428783,peptide bond; peptide linkage,肽键,,,2012-11-26
428784,peptide,肽,,,2012-11-26
428785,peptidase,肽酶,,,2012-11-26
428786,pepsinogen,胃液素原；胃蛋白酶原,,,2012-11-26
428787,pepsinase,酸蛋白酶,,,2012-11-26
428788,pepsin inhibitor,胃液素抑制者,,,2012-11-26
428789,pepsin,胃蛋白酶,,,2012-11-26
428790,pepperwort; water-clover; Marsilea,苹,,,2012-11-26
428791,peppermint; Mentha peperita L.,西洋薄荷,,,2012-11-26
428792,pepperbush family; Clethraceae,山柳科,,,2012-11-26
428793,pepper family; Piperaceae,胡椒科,,,2012-11-26
428794,pepper,胡椒,,,2012-11-26
428795,peponium; pepo,瓠果,,,2012-11-26
428796,Peplis,荸艾属（千屈菜科）,,,2012-11-26
428797,Peperomia reflexa (L.f.) A. Dietr.,豆瓣绿属（胡椒科）,,,2012-11-26
428798,Peperomia pellucida (L.) Kunth,草胡椒,,,2012-11-26
428799,Peperomia,豆瓣绿属（胡椒科）,,,2012-11-26
428800,Peperomia dindygulensis Miq,石蝉草,,,2012-11-26
428801,PEPA; phospho-enol-pyruvic acid,磷烯醇丙酮酸,,,2012-11-26
428802,peop; peponium,瓠果；葫芦科的果实；瓜的种子,,,2012-11-26
428803,peony; Paeonia,芍药,,,2012-11-26
428804,peonin,芍药素；副蔷薇红醯胺,,,2012-11-26
428805,P-enzyme,P酵素,,,2012-11-26
428806,pentoside,戊糖苷,,,2012-11-26
428807,penylketonuria,苯酮尿〔症〕,,,2012-11-26
428808,pentosidase,戊糖苷酶,,,2012-11-26
428809,pentose phosphate pathway,燐酸丕碳糖途径,,,2012-11-26
428810,pentose pentasaccharide,五碳糖；戊糖,,,2012-11-26
428811,pentose nucleotide,戊糖核苷酸,,,2012-11-26
428812,pentosazon,戊糖脎,,,2012-11-26
428813,pentose nucleic acid,五碳糖核酸,,,2012-11-26
428814,pentosan,聚戊糖；失水戊糖,,,2012-11-26
428815,pentine; pentyne,戊炔-〔2〕；甲乙基乙炔,,,2012-11-26
428816,Penthorum chinensis Pursh,扯根菜（中药志）；泽兰（贵州）,,,2012-11-26
428817,Penthorum,扯根菜属（虎耳草科）,,,2012-11-26
428818,Penthoroideae,扯根菜亚科（虎耳草科）,,,2019-08-26
428819,Penthorum,扯根菜属（虎耳草科）,,,2012-11-26
428820,pentene; amylene,戊烯,,,2012-11-26
428821,Pentathymelaea,五出瑞香属（瑞香科）,,,2012-11-26
428822,pentasomic,五（相同）染色体的,,,2012-11-26
428823,pentasepalous,有五萼片的,,,2012-11-26
428824,pentasaccharide; pentose,五碳糖类,,,2012-11-26
428825,pentarch,五原型的；五弧的,,,2012-11-26
428826,pentaploidy,五倍性,,,2012-11-26
428827,pentaploid,五倍体；五元体,,,2012-11-26
428828,pentaphyllus,五叶的,,,2012-11-26
428829,Pentaphylax,五列木属,,,2012-11-26
428830,Pentaphylax euryoides Gardn. et Champ.,五列木,,,2012-11-26
428831,Pentaphylaceae,五列木科,,,2012-11-26
428832,Pentapetes phoenicea L.,午时花（阳春县志）金钱花；夜落金钱（秘传花镜）,,,2012-11-26
428833,Pentapetes,午时花属（梧桐科）,,,2012-11-26
428834,pentapetalous,有五花瓣的,,,2012-11-26
428835,Pentapanax leschenaultii (Wight et Arn) Seem.,五叶树参属（五加科）,,,2012-11-26
428836,Pentapanax henryi var， hwanshan-ensis Cheng,黄山五叶参,,,2012-11-26
428837,Pentapanax henryi Harms,圆锥五叶参；大麻漆；马肠子树,,,2012-11-26
428838,Pentapanax,五叶树参属（五加科）,,,2012-11-26
428839,pentanol,戊醇-〔1〕；丁基甲醇,,,2012-11-26
428840,pentanoic acid valeric acid,戊酸；缬草酸,,,2012-11-26
428841,pentane,戊烷,,,2012-11-26
428842,pentandrous,有五雄蕊的,,,2012-11-26
428843,Pentandria,五雄蕊门,,,2012-11-26
428844,pentanamide; valeramide,戊醯胺,,,2012-11-26
428845,pentanal; valeraldehyde,戊醛,,,2012-11-26
428846,pentamethylene; cyclopentane,环戊烷,,,2012-11-26
428847,pentamerous flower,五数花,,,2012-11-26
428848,pentamerous,五数的或几个五数的,,,2012-11-26
428849,pentagynous,五雌蕊的,,,2012-11-26
428850,pentaglucose,五碳糖；戊糖,,,2012-11-26
428851,pentadelphous stamen,五体雄蕊,,,2012-11-26
428852,pentadecylamine(n),十五胺（n）,,,2012-11-26
428853,pentadecane,十五烷,,,2012-11-26
428854,pentacyclic flower,五轮花,,,2012-11-26
428855,pentadecanal,十五醛,,,2012-11-26
428856,pentacyclic,1.五原子环的2.五轮的,,,2012-11-26
428857,pentacosall,二十五烷 ,,,2012-11-26
428858,Pentacme siamensis Kurz.; white Lauan,白柳安属（龙脑香科）,,,2012-11-26
428859,Pentacme,白柳安属（龙脑香科）,,,2012-11-26
428860,pentachlorophenol,五氯酚,,,2012-11-26
428861,Pennisetum typhoideum L. Rich.; pearl millet; Egyptian millet; cat-tail millet; Duckan; P. glaucum (L.) B. Br.; P. alopecurides; P. americanum; Penicillaria spicata Willd.; Panicum spicatum,唐人稗（日本）；御翩]G）,,,2012-11-26
428862,Pennisetum japonicum Trin,【艹戾】草（图考）,,,2012-11-26
428863,Pennisetum purpurascens Makino,狼尾草,,,2012-11-26
428864,Pennisetum glaucum (L.) R. Br.; pearl millet,唐人稗,,,2012-11-26
428865,Pennisetum cenchroides rich.,螺螺儿草（H.C)(G)；来八兜（H.C.),,,2012-11-26
428866,Pennatae,羽状矽藻类,,,2012-11-26
428867,penninerved,羽状脉的,,,2012-11-26
428868,Pennales,羽状矽藻目,,,2012-11-26
428869,Peniophora,枹蕈属（担）,,,2012-11-26
428870,Penicillum roseum Link,柑橘红腐病菌,,,2012-11-26
428871,penicilloic acie,青霉素酸,,,2012-11-26
428872,Penicillium toxicarium Miyake,黄变米病菌,,,2012-11-26
428873,Penicillium spinulosam,棘状青霉,,,2012-11-26
428874,Penicillium sclerotigenum Yamamoto,薯蓣青霉病菌,,,2012-11-26
428875,Penicillium patulum,开放青霉,,,2012-11-26
428876,Penicillium notatum,青霉,,,2012-11-26
428877,Penicillium italicum Wehmer,柑橘类青霉病菌,,,2012-11-26
428878,Penicillium glaucum Link; blue mold,蓝色青霉,,,2012-11-26
428879,Penicillium gladioli Mc Culloch. et Thom,唐菖蒲青霉病菌,,,2012-11-26
428880,Penicillium frutigenum Takeuchi,柑橘青绿霉病菌,,,2012-11-26
428881,Penicillium expansum Link,番薯青霉病菌；苹果青霉病菌,,,2012-11-26
428882,Penicillium digitatum Saccardo,柑橘类绿霉病菌,,,2012-11-26
428883,Penicillium cyclopium Westendrop,玉杯花青霉病菌,,,2012-11-26
428884,Penicillium crustaceum,甲壳状青霉,,,2012-11-26
428885,Penicillium crocicola Yamamoto,郁金香青霉病菌,,,2012-11-26
428886,Penicillium corymbiferum Westen drop,玉杯花绿霉病菌,,,2012-11-26
428887,Penicillium commune Thom.,青霉米菌,,,2012-11-26
428888,Penicillium brevicauli,短茎青霉,,,2012-11-26
428889,Penicillium,青霉〔菌〕属,,,2012-11-26
428890,penicillin screening method,青霉素选择法,,,2012-11-26
428891,penicillinase,青霉素酶,,,2012-11-26
428892,penicillin,青霉素；盘尼西林,,,2012-11-26
428893,penicillate,末端有丛毛的,,,2012-11-26
428894,penicillic acid,青霉酸,,,2012-11-26
428895,peneumascope,呼吸运动描记器,,,2012-11-26
428896,penetration,穿入；穿通,,,2012-11-26
428897,penetrant,贯通刺胞,,,2012-11-26
428898,penetrance (Voigt 1926),基因表现度（％）,,,2012-11-26
428899,pendular movement,摇摆运动,,,2012-11-26
428900,pendulous; cermous; pendent; suspended,下垂的,,,2012-11-26
428901,pendant,悬垂的,,,2012-11-26
428902,pendent,下垂的,,,2012-11-26
428903,penatin,青霉氧科,,,2012-11-26
428904,pen,叶中的肋,,,2012-11-26
428905,Penaeaceae,本乃耳科,,,2012-11-26
428906,Pemphis acidula Forst,水芫华（陈嵘）,,,2012-11-26
428907,Pemphis,水芝花属（千屈菜科，紫薇科）,,,2012-11-26
428908,Pelvetia,石毛属（褐）,,,2012-11-26
428909,Peltophorum pterocarpum (D.C.) Baker,双翼豆,,,2012-11-26
428910,Peltophorum,双翼豆属（豆科）,,,2012-11-26
428911,Peltigeraceae,地卷属（地衣）,,,2012-11-26
428912,Peltigeraceae,爪苔科（地衣）,,,2012-11-26
428913,peltate leaf,盾状叶,,,2012-11-26
428914,peltate hair; scaly hair,鳞毛,,,2012-11-26
428915,peltate,盾形的,,,2012-11-26
428916,pelory; peloria,对称复现,,,2012-11-26
428917,pelorisation,多对称面化,,,2012-11-26
428918,peloria; pelory,多对称面的；对称复现,,,2012-11-26
428919,pelochthium,泥滩群落,,,2012-11-26
428920,pellucid dot,油点,,,2012-11-26
428921,pellotine,已种仙人掌【生+佥】,,,2012-11-26
428922,pellucid,近于透明的,,,2012-11-26
428923,Pellionia tsoongii Merr.,长柄赤车,,,2012-11-26
428924,Pellionia viridis C.H. Wright,绿赤车,,,2012-11-26
428925,Pellionia scabra Benth.,蔓赤车,,,2012-11-26
428926,Pellionia radicans (S. et Z.) Wedd,赤车,,,2012-11-26
428927,Pellionia,赤车属（荨麻科）,,,2012-11-26
428928,Pellicularia saskii (Shirai) S.Ito,稻，粟，玉蜀黍纹枯病菌；大豆，茶，薄荷大粒白绢病菌；樟丛枝病菌,,,2012-11-26
428929,Pellicularia rolfsii (Sacc) West; southern blight of flowering maple,风铃草白绢病菌,,,2012-11-26
428930,Pellicularia rolfoii (Sacc) West; southern blight of agave,琼麻白绢病菌,,,2012-11-26
428931,Pellicularia koleroga Cooke,银杏绢丝病菌,,,2012-11-26
428932,Pellicularia filamentosa (Patonillard) Rogow,马铃薯黑痣病菌；胡麻穿孔叶枯病菌；药用人参立枯病菌；篦麻苖立枯病菌；草地黄茎腐病菌；蚕豆；碗豆茎腐病菌；棉，烟草腰折病菌；糖萝菔根腐病菌；黄麻苖枯病菌；洋麻立枯病菌,,,2012-11-26
428933,pellicle,（绿虫藻的）外膜,,,2012-11-26
428934,Pelliaceae,溪苔科,,,2012-11-26
428935,Pellia fabbroniana Raddi,花叶溪苔,,,2012-11-26
428936,Pellia epiphylla Dum,溪苔；水地钱,,,2012-11-26
428937,Pellia calycina N. et E.,细叶溪苔,,,2012-11-26
428938,Pellia,溪苔属；水地钱属,,,2012-11-26
428939,pelletierine,石榴根皮【生+佥】,,,2012-11-26
428940,pellet,片状沉淀物,,,2012-11-26
428941,Pellaea straminea Ching,西藏旱蕨,,,2012-11-26
428942,Pellaea smithii C.Chr.,西南旱蕨,,,2012-11-26
428943,Pellaea nitidula (Wall.) Bak.,旱蕨属（中国蕨科）,,,2012-11-26
428944,Pellaea mairei Brause,滇西旱蕨,,,2012-11-26
428945,Pellaea,旱蕨属（中国蕨科）,,,2012-11-26
428946,Peliosanthes,球子草属（百合科）,,,2012-11-26
428947,pelger anomaly,白血球核异常；斐耳稭异常,,,2012-11-26
428948,Pelekium,鹤嘴藓属,,,2012-11-26
428949,Pelargonium zonale Ait.; horseshoe geranium,马蹄纹天竺葵,,,2012-11-26
428950,Pelargonium radula L'Herit,菊叶天竺葵（日本）,,,2012-11-26
428951,Pelargonium inquinans Ait.; geranium,天竺葵,,,2012-11-26
428952,Pelargonium hortorum Bailey,天竺葵,,,2012-11-26
428953,Pelargonium graveolens L'Herit,香叶天竺葵,,,2012-11-26
428954,Pelargonium domesticum Bailey,大花天竺葵,,,2012-11-26
428955,Pelargonium,天竺葵属（【牛+龙】牛儿科）,,,2012-11-26
428956,pelargonin,天竺葵花青素；天竺葵花红素,,,2012-11-26
428957,pelargonidin,天竺葵花色苷基,,,2012-11-26
428958,pelargonic acid,壬酸；天竺葵酸,,,2012-11-26
428959,pelargone; 9-heptadecanone,十七酮-〔9〕；二辛甲酮,,,2012-11-26
428960,pelargonaldehyde,壬醛,,,2012-11-26
428961,pelagic zone,远洋带,,,2012-11-26
428962,pelagic community,半碱水群集,,,2012-11-26
428963,pelagic,外洋性的,,,2012-11-26
428964,pei， W.C.,斐文中,,,2012-11-26
428965,pegmatypic (Kalmus & Maynard smith 1966),由个体幼时的印象而决定的交配型,,,2012-11-26
428966,pegmatype,印象型；印象性状,,,2012-11-26
428967,Pegia,柏节木属（漆树科）,,,2012-11-26
428968,Peganum nigellasturm Bunge,骆驼蒿,,,2012-11-26
428969,Peganum harmala L.,骆驼蓬,,,2012-11-26
428970,Peganum,骆驼蓬属（蒺藜科）,,,2012-11-26
428971,Pegaeophyton scapiflorum (Hook.f.et Thomas) Marg. et Airy-shaw; P. sinense (Hemsl.) Hayek et Hand.-Mazz.,无茎芥,,,2012-11-26
428972,Pegaeophyton,无茎芥属（十字花科）,,,2012-11-26
428973,peg,（子房延长而形成的）果柄,,,2012-11-26
428974,peepul (pipel) tree; botree; Ficus religiosa L.,印度菩提树；毕罗树,,,2012-11-26
428975,peento; flat peach; saucer peach; Prunus compressa Bean,蟠桃,,,2012-11-26
428976,peeling,剥皮,,,2012-11-26
428977,pedunculus,脚；肉柄；蕈柄,,,2012-11-26
428978,pedunculated body,蕈形体,,,2012-11-26
428979,pedunculate,有总梗的,,,2012-11-26
428980,Pedunclicantha,（多肉大戟科植物的）花刺类,,,2012-11-26
428981,peduncled,有总花梗的,,,2012-11-26
428982,peduncle,总花梗；穗梗,,,2012-11-26
428983,pedology,土壤学,,,2012-11-26
428984,pedogamy,童体接合,,,2012-11-26
428985,Pedinolejeunea aoshimensis (Horik) Chen et P.C. Wu,卵舌鳞苔,,,2012-11-26
428986,pedigree selection,谱系选种法,,,2012-11-26
428987,pedigree registration,血统登记,,,2012-11-26
428988,pedigree method of breeding,谱系育种法,,,2012-11-26
428989,pedigree culture,谱系繁殖；系统栽培,,,2012-11-26
428991,pedigree chart,普系图,,,2012-11-26
428992,pedigree,谱系；系统,,,2012-11-26
428993,pediculus,小花梗,,,2012-11-26
428994,Pedicularis resupinata L.,马先蒿（本草经）；蒿（本草经）,,,2012-11-26
428995,Pedicularis gloriosa Biss. et Mre.,廪蒿,,,2012-11-26
428996,pedicled,有茎的；有小梗的,,,2012-11-26
428997,pedicle=pedicel,小梗或总梗,,,2012-11-26
428998,pedicle foramen,茎孔,,,2012-11-26
428999,pedicle collar,茎领,,,2012-11-26
429000,pedicelled,有花梗的,,,2012-11-26
429001,pedicellation,茎的发生；生蒂；小梗形成,,,2012-11-26
429002,pedicellate,在小梗上的,,,2012-11-26
429003,Pedicellaria pentap-hylla Schrank.,白花菜（食物本草）；羊角菜,,,2012-11-26
429004,pedicel,花梗,,,2012-11-26
429005,Pediastrum boryanum Menegh.,角网藻,,,2012-11-26
429006,Pediastrum,盘星藻属（绿藻）；蜂窝藻属；角网藻属,,,2012-11-26
429007,pedatisect,鸟足状分裂的,,,2012-11-26
429008,pedatipartite,鸟足状深裂的,,,2012-11-26
429009,pedate,鸟足状（复叶）；鸟足状分裂,,,2012-11-26
429010,pedallium family; Pedaliaceae,胡麻科,,,2012-11-26
429011,Pedaliaceae; pecdalium family,胡麻科,,,2012-11-26
429012,pectosinase,果胶糖酶,,,2012-11-26
429013,pectose,果胶糖,,,2012-11-26
429014,pectization,胶凝作用,,,2012-11-26
429015,pectinose,树胶糖,,,2012-11-26
429016,pectinesterase,果胶酯酶,,,2012-11-26
429017,pectinate,栉齿状的,,,2012-11-26
429018,pectinase,果胶酶,,,2012-11-26
429019,pectin polygalactur-onase,果胶半乳糖酶,,,2012-11-26
429020,pectin,果胶,,,2012-11-26
429021,pectic substance,果胶质,,,2012-11-26
429022,pectic acid,果胶酸,,,2012-11-26
429023,Pecteilis radiata Rafin.; Orchis radiata Thunb.; Habenaria radiata Spreng,白鹭草（日本）,,,2012-11-26
429024,pectate,凝胶质,,,2012-11-26
429025,pecan; Carya pecan Engl. et Graeb.,美洲胡桃,,,2012-11-26
429026,Pecopteris,梳齿蕨属（石炭纪的化石）,,,2012-11-26
429027,pectase,凝果胶酶,,,2012-11-26
429028,peat profile,泥炭剖面,,,2012-11-26
429029,peat plant,泥炭地植物,,,2012-11-26
429030,peat anger,钻泥炭器,,,2012-11-26
429031,peat moss; Sphagnum cymbi-folium Warnst,泥炭藓,,,2012-11-26
429032,peat,泥炭,,,2012-11-26
429033,pear-shaped; pyriform,西洋梨形,,,2012-11-26
429034,pea-root test,豌豆根测验法,,,2012-11-26
429035,pearl sago,西国米（柑园小识）；球儿粉（柑园小识）,,,2012-11-26
429036,pearl millet; cat-tail millet; African millet; Egyptian millet; Pennisetum glaucum (P. typhoideum),真珠粟；唐人稗（日本）；猫尾粟,,,2012-11-26
429037,pear; Pyrus sp.,梨,,,2012-11-26
429038,pear tree; Pyrus communis L.,西洋梨,,,2012-11-26
429039,pea-nut; earth nut; goober; ground nut; Arachis hypogaea L.,落花生,,,2012-11-26
429040,peanut; Arachis hypogaea L.,落花生,,,2012-11-26
429041,peak heat,后发酵,,,2012-11-26
429042,peanut vine,落花生蔓,,,2012-11-26
429043,peacock pine; Cryptomeria japonica D.Don,柳杉,,,2012-11-26
429044,peach; Prunus persica (L.) Batsch.,桃树；桃子,,,2012-11-26
429045,pea; garden pea; Pisum,豌豆,,,2012-11-26
429046,Pea wilt virus， Johnson; white clover mosaic virus， Pierce; bean yellow mosaic virus，,白花三叶草斑纹病毒,,,2012-11-26
429047,pea type,豌豆型（杂种）；显性型,,,2012-11-26
429048,pea tree; Caragena chamlagu Lam.,锦鸡儿,,,2012-11-26
429049,pea test,豌豆测验法,,,2012-11-26
429050,pea beans; Phaseolus vulgaris L.,小粒菜豆,,,2012-11-26
429051,P-dimethylaminoaz-obenzene; DAB; butter yellow,牛油黄（强力发癌物质之一）,,,2012-11-26
429052,p-cymene,异丙基甲苯,,,2012-11-26
429053,p-coumaric acid,P—香豆酸,,,2012-11-26
429054,p-chlorophenoxy-acetic acid,对〔位〕氯苯氧乙酸,,,2012-11-26
429055,payen， Anselme,沛豆,,,2012-11-26
429056,Paxillus,银杏叶形蕈属,,,2012-11-26
429057,Paxilleae,银杏叶形蕈亚科（担）,,,2012-11-26
429058,Pavlov， Ivan,巴弗洛夫,,,2012-11-26
429059,Pavetta pulcherima,茜木,,,2012-11-26
429060,Pausinystalia yohinbine,育亨宾树（茜草科）,,,2012-11-26
429061,pauperization,杂种减势,,,2012-11-26
429062,Paulownia tomentosa Steud. Royal Paulownia,日本泡桐,,,2012-11-26
429063,Paulownia thyrsoidea Rehd.,白桐（台湾）,,,2012-11-26
429065,Paulownia rehderiana Hand.-Mazz.,赣桐（陈嵘）,,,2012-11-26
429066,Paulownia recurva Rehd.,兴山桐（陈嵘）,,,2012-11-26
429067,Paulownia kawakamii Ito; Kawakami paulownia,台湾白桐；川上氏泡桐,,,2012-11-26
429068,Paulownia imperialis Sied.,泡桐（中国）,,,2012-11-26
429069,Paulownia glabrata Rehd.,光桐（陈嵘）,,,2012-11-26
429070,Paulownia fortunei Hemsl.; Fortune's paulownia,桐（神农本草经）；白桐（陶弘景）；泡桐（本草纲目）,,,2012-11-26
429071,Paulownia fargesii Franch.,川桐（陈嵘）,,,2012-11-26
429072,Paulownia duclouxii Dode,紫桐（河南）；冈桐（植物名实图考）,,,2012-11-26
429073,patulose; patulous,广大的；张开的,,,2012-11-26
429074,Paulownia,泡桐属（玄参科）,,,2012-11-26
429075,Patterson， Bryan,巴特生,,,2012-11-26
429076,pattern pleiotropy,型的多效性,,,2012-11-26
429077,pattern modifier (Waddington 1939),造型修饰基因,,,2012-11-26
429078,pattern of damage (Hadorn 1945),受害型；致死基因的作用方式,,,2012-11-26
429079,pattern of manifestation (Hadorn 1945),（特珠）基因作用型；（特殊）基因作用〔的〕总和,,,2012-11-26
429080,pattern gene,（细胞分化中的）造型基因,,,2012-11-26
429081,patronymic,用一人或一以上的人名而定名,,,2012-11-26
429082,patromorphic,父形的,,,2012-11-26
429083,patroclinal inheritance,偏父遗传,,,2012-11-26
429084,patroclinal cross-incompatibility,偏父性杂交不亲和性,,,2012-11-26
429085,patroclinal (Kerner 1881); patroclinous,（遗传性状）偏父的,,,2012-11-26
429086,pathotype,病变型,,,2012-11-26
429087,pathology,病理学,,,2012-11-26
429088,pathological regeneration,病理的再生,,,2012-11-26
429089,pathological plant anatomy,植物病理解剖学,,,2012-11-26
429090,pathological physiology,病态生理燢,,,2012-11-26
429091,pathological histology,病理组织学,,,2012-11-26
429092,pathological form,病态,,,2012-11-26
429093,pathological anatomy,病理解剖学,,,2012-11-26
429094,pathognomy,病征学,,,2012-11-26
429095,pathogeny,病原学,,,2012-11-26
429096,pathogenicity,病原性,,,2012-11-26
429097,pathogenic; pathogenetic,病原的,,,2012-11-26
429098,pathogenic microbe,病原微生物,,,2012-11-26
429099,pathogenic fungi,病原菌,,,2012-11-26
429100,pathogenic bacteria,病原细菌,,,2012-11-26
429101,pathogenesis,病的演变,,,2012-11-26
429102,pathogen,病原体,,,2012-11-26
429103,path coefficient,路径系数,,,2012-11-26
429104,paternal plant,父本植物,,,2012-11-26
429105,paternal form,父型,,,2012-11-26
429106,paternal inheritance,父性遗传,,,2012-11-26
429107,paternal character,父系性状,,,2012-11-26
429108,paternal cell,父系细胞,,,2012-11-26
429109,paternal,父方的,,,2012-11-26
429110,patent spreading; divaricate,45°或45°以上张开的,,,2012-11-26
429111,patella,圆形子囊球,,,2012-11-26
429112,patelliform,有狭边的盘形,,,2012-11-26
429113,pasture grass; grazings,牧草,,,2012-11-26
429114,pasture,牧地；牧野,,,2012-11-26
429115,Pastinaca; parsnip,美国防风属（繖形花科，香芹科）,,,2012-11-26
429116,Pastinaca villosa Juss.,败酱（本草经）；胭脂麻（江苏植物名录）,,,2012-11-26
429117,Pastinaca triloba Miq.; P. palmata Maxim.,金铃花（日本）,,,2012-11-26
429118,Pastinaca sccbiosaefolia Link,黄花龙芽,,,2012-11-26
429119,Pastinaca sativa L.; cultivated parsnip,美国防风,,,2012-11-26
429120,Pastinaca palmata Maxim; P. triloba Miq.,掌叶败酱；金铃花（日本）,,,2012-11-26
429121,Pastinaca gibbosa Maxim.,圆叶金铃花,,,2012-11-26
429122,pasteurizer,巴斯德杀菌器,,,2012-11-26
429123,Pasteurella,巴斯德杆菌属,,,2012-11-26
429124,Pasteur， Louis,巴斯德,,,2012-11-26
429125,Pasteur reaction,巴斯德反应,,,2012-11-26
429126,Pasteur effect,巴斯德效果,,,2012-11-26
429127,passteurization,低温杀菌；巴斯德杀菌法,,,2012-11-26
429128,passive transpory,被动运轮,,,2012-11-26
429129,passive movement,被动〔的〕运动,,,2012-11-26
429130,passive inhibition,被动抑制,,,2012-11-26
429131,passive immunity,被动免疫,,,2012-11-26
429132,passive adaptation,被动适应,,,2012-11-26
429133,passive accumula-tion,被动积聚,,,2012-11-26
429134,passive absorption,被动〔的〕吸收,,,2012-11-26
429135,passion-fruit; water-lemon,西番莲木；百香果,,,2012-11-26
429136,Passion flower; common blue passion flower; purple-fruited granadilla; Passiflora edulis Sims,西番莲,,,2012-11-26
429137,Passifloraceae,西番莲科,,,2012-11-26
429138,Passiflora quadrangularis L.; giant granadilla; squae stalked passion flower,大西番莲,,,2012-11-26
429139,Passiflora passion flower,西番莲属,,,2012-11-26
429140,Passiflora ligularis Juss.; sweet granadilla,甜西番莲,,,2012-11-26
429141,Passiflora laurifolia L.; yellow granadilla; water lemon; Jamica honeysuckle,黄西番莲；黄百香果,,,2012-11-26
429142,Passiflora incarnata L.; wild passion-flower; maupop,野西番莲,,,2012-11-26
429143,Passiflora edulis Sims; passion flower; purple-fruited granadilla; sweet cup,西番莲（南越笔记，植物名实图考）；五蕊花（秘传花镜）；转心莲；西洋鞠（南越笔记）鸡蛋果；紫百香果,,,2012-11-26
429144,Passiflora cochinchinensis Spreng,蛇王藤,,,2012-11-26
429145,passage cell,通路细胞,,,2012-11-26
429146,Pasparum thunbergii Kunth,雀稗（日本）,,,2012-11-26
429147,Paspalum bastard millet grass,雀稗属,,,2012-11-26
429148,Pasania cuspidata Oerst.; Castanopsis cuspidata Schott.,柯树,,,2012-11-26
429149,Pasania,石栎属,,,2012-11-26
429150,PAS reaction; periodic acid Schiff reaction,过碘酸反应,,,2012-11-26
429151,partner,配偶体,,,2012-11-26
429152,partitive membrane,分隔膜,,,2012-11-26
429153,partition,深裂片，分割,,,2012-11-26
429154,partition chromatography,分配层析,,,2012-11-26
429155,partite,深裂的,,,2012-11-26
429156,partiel chiasmatype,部分交叉型,,,2012-11-26
429157,particulate theroy of inheritance,颗粒遗传说,,,2012-11-26
429158,particulate theory; corpuscular theory; micromerism,遗传粒子说；生命基础粒子说,,,2012-11-26
429159,particulate inheritance,颗粒遗传,,,2012-11-26
429160,particulate granules; cytoplasmic granules,细胞质颗粒,,,2012-11-26
429161,particulate exnyme complex,有副酵素结合著的复合酵素系,,,2012-11-26
429162,parti-colored,一花或一叶有二或二以上的颜色,,,2012-11-26
429163,particle,微粒；粒子,,,2012-11-26
429164,participate,分配,,,2012-11-26
429165,partial-shoot theory,部分苖条说,,,2012-11-26
429166,partially homologous chromosome,部分同型染色体,,,2012-11-26
429167,partial veil; inner veil,内盖膜,,,2012-11-26
429168,partial umbel,小繖形花序,,,2012-11-26
429169,partial transfer of genes,基因的部分转移,,,2012-11-26
429170,partial sterility,部分不孕性,,,2012-11-26
429171,partial sterile,部分不孕,,,2012-11-26
429172,partial single-dose expression,部分单量表现,,,2012-11-26
429173,partial self-fertilization,部分自花授精,,,2012-11-26
429174,partial reversion,部分返祖现象,,,2012-11-26
429175,partial replica hypothesis (Hershey 1952， Dermann 1953),部分复制说,,,2012-11-26
429176,partial regression coefficients,净回归系数,,,2012-11-26
429177,partial regression,净回归；偏回归,,,2012-11-26
429178,partial regenera-tion; meromorphosis,部分再生,,,2012-11-26
429179,partial processes,部分过程,,,2012-11-26
429180,partial pressure,分压,,,2012-11-26
429181,partial petiole,小叶柄,,,2012-11-26
429182,partial polyploidy,部分的倍数性,,,2012-11-26
429183,partial parthenogenesis,部分单性生殖,,,2012-11-26
429184,partial non-disjunction,部分不分离现象,,,2012-11-26
429185,partial linkage,部分联系,,,2012-11-26
429186,partial lethal gene,部分致死基因,,,2012-11-26
429187,partial habitat,部分生长环境,,,2012-11-26
429188,partial homolouous chromosomes,部分同型染色体,,,2012-11-26
429189,partial genetic block,部分的遗传闭锁,,,2012-11-26
429190,partial fruit thinning,部分摘果,,,2012-11-26
429191,partial fertilization,部分受精,,,2012-11-26
429192,partial dominance; mosaic inheritance,部分显性,,,2012-11-26
429193,partial denaturation,部分变性；核酸双螺旋丝部分的松解,,,2012-11-26
429194,partial correlation,净相关；偏相关,,,2012-11-26
429195,partial conjugation,部分接合,,,2012-11-26
429196,partial chiasmatype theory,部分交叉型说,,,2012-11-26
429197,partial amphidiploid,部分复二倍骿,,,2012-11-26
429198,partial allopolyploidy,部分异源倍数性,,,2012-11-26
429199,partial adaptation,部分适应,,,2012-11-26
429200,partial (incomplete) sex linkage (Darlington Haldance & Koller 1934),部分性联遗传,,,2012-11-26
429201,partial,后生的；再生的；部分的,,,2012-11-26
429202,parthenote,单性生殖产生的单倍体,,,2012-11-26
429203,parthenospore,单性孢子，单性生殖形成的胞子,,,2012-11-26
429204,parthenomixis (Winkler 1908),单性受精生殖；多核藏卵器中二雌核的结合,,,2012-11-26
429205,parthenogonidia,单性生殖个体,,,2012-11-26
429206,parthenogonic,由单性生殖产生,,,2012-11-26
429207,parthenogenone (Beatty 1957),单性生殖生物；单性生殖产生的个体,,,2012-11-26
429208,parthenogenetic reproduction,单性生殖,,,2012-11-26
429209,parthenogenetic propagation,单性繁殖,,,2012-11-26
429210,parthenogenetic merogony,单性卵片发育,,,2012-11-26
429211,parthenogenetic gynomerogony,单雌性卵片发育,,,2012-11-26
429212,parthenogenetic generation,单性生殖世代,,,2012-11-26
429213,parthenogenetic female,单性生殖雌体；单性母体,,,2012-11-26
429214,parthenogenetic egg,单性生殖卵,,,2012-11-26
429215,parthenogenetic diploid,单雌性发育二倍体,,,2012-11-26
429216,parthenogenetic development,单性发育,,,2012-11-26
429217,parthenogenesis (Owen 1849),孤雌生殖；单性生殖，寡雌生殖,,,2012-11-26
429218,parthenogamy (Guilliermond 1910),单性生殖；行减数分裂的二倍体单性生殖,,,2012-11-26
429219,Parthenocissus tricuspidata (S. et Z.) Pl. Japanese Ivy.; Boston Ivy,爬山虎；爬墙虎；地锦（拾遗，图考）；红葡萄藤（D）,,,2012-11-26
429220,Parthenocissus thomsonii (Laws.) Planch,粉叶爬山虎,,,2012-11-26
429221,Parthenocissus quinquefolia Planch.; Ampelopsis quinquefolia Michx.; Vitis quinquefolia Lam，; American ivy; true Virginia creeper; Virginia creeper; woodbine,五叶红葡萄藤,,,2012-11-26
429222,Parthenocissus himalayana (Royle) Planch.,三叶爬山虎；爬山虎,,,2012-11-26
429223,Parthenocissus heterophylla (Bl.) Merr.,异叶爬山虎,,,2012-11-26
429224,Parthenocissus austro-orientalis Metcalf,东南爬山虎,,,2012-11-26
429225,Parthenocissus,爬山虎属；红葡萄藤属（葡萄科）,,,2012-11-26
429226,parthenocarpous fruit,单性果实,,,2012-11-26
429227,parthenocarpy (Noll 1902),单性结果,,,2012-11-26
429228,parthenocarpic fruit set,单性著果,,,2012-11-26
429229,parted,深裂的,,,2012-11-26
429230,parthenapogamy; diploid parthenogenesis,二倍体无配生殖,,,2012-11-26
429231,parsnip; Pastinaca sativa L.,美国食用芹菜（于）,,,2012-11-26
429232,Parsley family; Umbelliferae; Apiaceae（正规名）,繖形花科（香芹科）,,,2012-11-26
429233,parsley; Apium petroselinum L.; Petroselinum sativum Hoffm.,洋芹菜；荷兰水芹,,,2012-11-26
429234,parsley camphor; apiole,洋芹脑,,,2012-11-26
429235,Parrya,短柱荠属（十字花科）,,,2012-11-26
429236,Paronychioideae,裸果木亚科（石竹科）,,,2012-11-26
429237,Paronychieae,裸果木族（石竹科）,,,2012-11-26
429238,paroicous; paroecious,雌雄器在同一花序中而不混合的,,,2012-11-26
429239,paroecism,雌雄器官紧连,,,2012-11-26
429240,paroecious; paroicous,雌雄有序同苞的；雌雄器官紧连的,,,2012-11-26
429241,Parodiella,山菉豆煤病菌属,,,2012-11-26
429242,Parochetus,金雀花（豆科）,,,2012-11-26
429243,Parnassioideae,梅花草亚科,,,2012-11-26
429244,Parnassia wightiana Wall.,鸡眼梅花草；白侧耳根；水侧耳根鸡眼草,,,2012-11-26
429245,Parnassia trinervis Drude,三脉梅花草,,,2012-11-26
429246,Parnassia palustris L.,梅花草,,,2012-11-26
429247,Parnassia oreophila Hance; P. setchuenensis Franch.,细叉梅花草,,,2012-11-26
429248,Parnassia mysorensis Hayne,凹瓣梅花草,,,2012-11-26
429249,Parnassia foliosa Hook.f. et Thoms.,白耳菜；白折耳根,,,2012-11-26
429250,Parnassia delavayi Franch.,突隔梅花草,,,2012-11-26
429251,Parnassia crassifolia Franch.,鸡心草,,,2012-11-26
429252,Parnassia brevistyla (Brieg) Hand.-Mazz.,短柱梅花草,,,2012-11-26
429253,Parnassia affinis Hook.f. et Thomas.; P. myrsorensis Hcyne,凹瓣梅花草,,,2012-11-26
429254,Parnassia,梅花草属（虎耳草科）,,,2012-11-26
429255,Parmeliella,小梅苔属,,,2012-11-26
429256,Parmeliaceae,梅衣科（地衣）,,,2012-11-26
429257,Parmelia praetervisa M&uuml;ll. et Arg.,梅衣（地衣）,,,2012-11-26
429258,Parmelia,梅苔属；梅衣属（地衣）,,,2012-11-26
429259,Parkinsonia aculeata L.,扁轴木属（豆科）,,,2012-11-26
429260,Parkinsonia,扁轴木属（豆科）,,,2012-11-26
429261,Parkiae,球花豆族,,,2012-11-26
429262,Parkia javanica Merr.; Kupong,爪哇合欢,,,2012-11-26
429263,Parkia biglobosa (Roxb.) Benth.,球花豆,,,2012-11-26
429264,Parkia,球花豆属；爪哇合欢属（豆科）,,,2012-11-26
429265,Parkeriaceae,水蕨科,,,2012-11-26
429266,Parisia,新喀里多尼亚绉曲尾藓属（于）,,,2012-11-26
429267,Paris violet,巴黎紫,,,2012-11-26
429268,Paris tetraphylla A. Gray,四叶一枝花,,,2012-11-26
429269,Paris quadrifolia L.,轮叶一枝花（于）（百合科）,,,2012-11-26
429270,Paris green; copper aceto-arsenite,巴黎绿；乙醯亚砒酸铜,,,2012-11-26
429271,Paris blue,巴黎蓝,,,2012-11-26
429272,Paris,七叶一枝花属,,,2012-11-26
429273,pari-pinnate,偶数羽状,,,2012-11-26
429274,Parietaria micrantha Ledeb.,墙草,,,2012-11-26
429275,Parietaria,墙草属（荨麻科）,,,2012-11-26
429276,Pariedeae,重楼型（百合科）,,,2012-11-26
429277,parietal,壁膜的，侧壁的,,,2012-11-26
429278,parent-offspring mating,亲子交配,,,2012-11-26
429279,parent-offspring correlation,亲子关系（相关性）,,,2012-11-26
429280,Parentales,侧膜胎座目,,,2012-11-26
429281,parental placenta,侧膜胎座,,,2012-11-26
429282,parental generation (Bateson & Saunders 1902),亲代,,,2012-11-26
429283,parental form,亲代型,,,2012-11-26
429284,parental ditype tetrad,亲代双型四分子,,,2012-11-26
429285,parental ditype (P.D.),亲代双型,,,2012-11-26
429286,parentage diagnosis,亲子鉴别,,,2012-11-26
429287,parentage,家系；血统,,,2012-11-26
429288,parent population,母族群,,,2012-11-26
429289,parent family,亲本家族,,,2012-11-26
429290,parent,亲体；亲本；亲系,,,2012-11-26
429291,parenchymatous cell; parenchyma cell,薄壁细胞,,,2012-11-26
429292,parenchyma sheath,薄壁组织鞘,,,2012-11-26
429293,parenchyma cell; parenchymatous cell,薄壁细胞,,,2012-11-26
429294,parenchyma,薄壁组织,,,2012-11-26
429295,paraxial,沿生物体的主轴排列的,,,2012-11-26
429296,paraxylene,对〔位〕二甲苯,,,2012-11-26
429297,paravariation,拟似变异,,,2012-11-26
429298,paratroph,寄生营养,,,2012-11-26
429299,paratype,副模式标本,,,2012-11-26
429300,paratyphoid fever,副伤寒,,,2012-11-26
429301,paratonic movements,诱起运动；刺激运动,,,2012-11-26
429302,paratonic movement of curvature,刺激的屈曲运动,,,2012-11-26
429303,parathiotrophy,不完全硫黄营养性,,,2012-11-26
429304,parathecium,地衣子囊盘,,,2012-11-26
429305,Paratelepteris nipponica (Franch. et Sav.) Ching,日本金星蕨,,,2012-11-26
429306,Paratelepteris glanduligera (Kze.) Ching,金星蕨属（金星蕨科）,,,2012-11-26
429307,Paratelepteris,金星蕨属（金星蕨科）,,,2012-11-26
429308,parasyndesis,侧面联会；平行联会,,,2012-11-26
429309,parasyncolpate grain,叉状合流口粒（花粉）,,,2012-11-26
429310,parasynapsis; aprasyndesis,侧面联会；平行联会,,,2012-11-26
429311,parasymbiosis; neutralism,独立共存,,,2012-11-26
429312,parastrophe,叶绿体沿壁排列,,,2012-11-26
429313,parastichy,（叶序的）斜列线,,,2012-11-26
429314,paraspore,副孢子,,,2012-11-26
429315,parasterility (Brieger 1928),由于不和合性的不孕性,,,2012-11-26
429316,parasporangium,副孢子囊,,,2012-11-26
429317,parasitosis,由寄生引致的病态,,,2012-11-26
429318,parasitocoenosis,不同寄生生物形成的群体,,,2012-11-26
429319,parasitism,寄生生活,,,2012-11-26
429320,parasitic weed,寄生杂草,,,2012-11-26
429321,parasitic root; haustorial root,寄生根,,,2012-11-26
429322,parasitic plants,寄生植物,,,2012-11-26
429323,parasitic male,寄生雄者,,,2012-11-26
429324,parasitic castration,寄生去势,,,2012-11-26
429325,parasitic,寄生的,,,2012-11-26
429326,parasite,寄生〔生〕物,,,2012-11-26
429327,Parashorea stellata Kurz,柳安属（龙脑香科）,,,2012-11-26
429328,Parashorea,柳安属（龙脑香科）,,,2012-11-26
429329,parasexual reproduction (Pontecorve 1954),准有性生殖,,,2012-11-26
429330,parasexual cycle,拟似有性循环,,,2012-11-26
429331,parasexual (Pontecorvo 1954),类似有性的,,,2012-11-26
429332,paraselectivity (Sedlmayr 1956),由配子降低机能或完全不孕而引致的选择受精,,,2012-11-26
429333,para-rubber tree; Hevea brasiliensis Muell.-Arg.,巴西橡胶树,,,2012-11-26
429334,Paraquilegia microphylla (Royle) Ourmm et Hutch.,假耧斗菜；龙木,,,2012-11-26
429335,Paraquilegia anemonoides (Willd.) Ulbr.,宿萼假耧斗菜,,,2012-11-26
429336,Paraquilegia,假耧斗菜属（毛茛科）,,,2012-11-26
429337,parapolar cell,侧极细胞,,,2012-11-26
429338,paraplectenchyma,异形菌丝组织,,,2012-11-26
429339,paraplasm (Kupffe 1875),副生质；后成质,,,2012-11-26
429340,paraphysoid; pseudoparaphysis,伪侧丝,,,2012-11-26
429341,paraphysis (pl.) paraphyses,侧丝；侧生体；副丝,,,2012-11-26
429342,paraphysate,有侧丝的,,,2012-11-26
429343,paraphyllium,鳞毛,,,2012-11-26
429344,parapeptone,副蛋白酶,,,2012-11-26
429345,parapatic (Smith 1955),异域性生物群接触区域的,,,2012-11-26
429346,paranucleus,副核,,,2012-11-26
429347,paranucleolus,副核仁,,,2012-11-26
429348,paranucleic body,副核质体,,,2012-11-26
429349,Paranignya,单叶藤橘属（芸香科）,,,2012-11-26
429350,Paranephelium chinensis Merr.; Amesiodendron chinense (Merr.) Hu,细子龙；瑶果；唛瑶；荔枝公；科柳,,,2012-11-26
429351,Paranephelium,假韶子属（无患子科）,,,2012-11-26
429352,paranemic coiling,有平行线的,,,2012-11-26
429353,paranemic coiling,平行螺旋,,,2012-11-26
429354,paranemic coil (Sparrow. Huskins & Wilson 1941); parallel spiral; anorthospiral,平行螺旋,,,2012-11-26
429355,paranecrosis,类坏死,,,2012-11-26
429356,paramylon; paramylum,绿虫藻糖,,,2012-11-26
429357,paramyelin,磷脂,,,2012-11-26
429358,paramutation (Brink 1958),拟突变（因同座另一基因的影响而引致的突变）,,,2019-08-26
429359,paramutable,可引致同座另一基因突变的,,,2012-11-26
429360,paramorphine; thebuine,副吗啡【生+佥】,,,2012-11-26
429361,paramoecin,草履虫素,,,2012-11-26
429362,paramitosis,拟有丝分裂,,,2012-11-26
429363,paramitome,丝间质,,,2012-11-26
429364,Paramichelia,假含笑属（木兰科）,,,2012-11-26
429365,parameter,介量；参数；参量；介数,,,2012-11-26
429366,parameiosis (Battaglia 1945),介于真、拟减数分裂之间的减数分裂；有部分染色体不联会的减数分裂,,,2012-11-26
429367,Paramanglietia,拟木莲属（木兰科）,,,2012-11-26
429368,param; l-cyanoguanidine,1一氰脉；二氰二胺,,,2012-11-26
429369,paralysis,麻痺,,,2012-11-26
429370,paraloci (Dunn 1954); pseudoalleles,二紧密联锁具有类似或同一作用的基因座,,,2012-11-26
429371,parallelogeotropism,直向地性,,,2012-11-26
429372,parallelodrome,平行脉的,,,2012-11-26
429373,parallelism of scbspecific cline,亚种渐变群的平行性,,,2012-11-26
429374,parallelism of alleles,对偶基因的平行性,,,2012-11-26
429375,parallelism,平行现象,,,2012-11-26
429376,parallelinervate,有平行脉的,,,2012-11-26
429377,parallel venation; striate venation,平行脉,,,2012-11-26
429378,parallel variation,平行变异,,,2012-11-26
429379,parallel spiral,平行螺旋,,,2012-11-26
429380,parallel orthogenesis,平行直向演化,,,2012-11-26
429381,parallel induction,平行感应,,,2012-11-26
429382,parallel mutation,平行突变,,,2012-11-26
429383,parallel homeomorphy,平行同形,,,2012-11-26
429384,parallel evolition,平行演化,,,2012-11-26
429385,parallel coil,平行螺旋,,,2012-11-26
429386,parallel cline,平行变群,,,2012-11-26
429387,paralinin,核基质,,,2012-11-26
429388,Paraleucobryum longifolium (Hedw) Loeske,长叶拟白发苔,,,2018-09-16
429389,Paraleucobryum enerve (Thed.) Loeske,拟白发苔,,,2018-09-16
429390,Paraleucobryum,拟白发苔属,,,2018-09-16
429391,Paraleucobryoideae,拟白发藓亚科,,,2012-11-26
429392,paralectotype,拟模式标本,,,2012-11-26
429393,paraldol,二聚丁醇醛,,,2012-11-26
429394,paraldehyde,三聚乙醛；2.4.6-三甲基（代）对称三氧陆圜,,,2012-11-26
429395,Parakmeria,拟单性本兰属,,,2012-11-26
429396,paralactic acid; d-lactic acid,d-乳酸,,,2012-11-26
429398,parahormone,副激素,,,2012-11-26
429399,paragynous,侧生的,,,2012-11-26
429400,paragenetic (Brink 1962),因染色体内部变化而引致基因表现变化的,,,2012-11-26
429401,paraflagellate,有副鞭毛的,,,2012-11-26
429402,paraffin method,石蜡法,,,2012-11-26
429403,paraffin-sectioning,石蜡切片法,,,2012-11-26
429404,Paradombcya,平当树属（梧桐科）,,,2012-11-26
429405,paradise apple; Malus pumila Mill.,柰,,,2012-11-26
429406,paradesm,副连丝,,,2012-11-26
429407,Paradavallodes,侧钻毛蕨属（骨碎补科）,,,2012-11-26
429408,paraconic acid,副分解乌头酸；四氢化-5-酮基吷呋喃甲酸,,,2012-11-26
429409,Paracyclea,青干环藤属（防己科）,,,2012-11-26
429410,paracolon bacteria,大肠菌类似菌,,,2012-11-26
429411,paracme,极盛期后衰退期,,,2012-11-26
429412,parachromophore,异常具色菌,,,2012-11-26
429413,parachrome; parachromophoric,异常具色的（细菌）,,,2012-11-26
429414,parachromatin; para chromo-somal substance (Koerperich 1930); paragenoplast (Bleier 1930)(Pfitzner 1883),不著色的核质；发育成为纺钟丝上的染色质,,,2012-11-26
429415,paracentric inversion; acentric inversion; aprakinetic inversion; asymetrical inversion,不包含中节在内的倒位，染色体臂内倒位,,,2012-11-26
429416,paracentric,不包含中节在内的；臂内的,,,2012-11-26
429417,parabola-growht,抛物线型生长,,,2012-11-26
429418,parabiotic inhibition,传导暂停抑制,,,2012-11-26
429419,parabiosis,骈体生活,,,2012-11-26
429420,parabion,连体生物；连体生活体,,,2012-11-26
429421,parabasal body; kinetoplast,假山胡椒属（樟科）,,,2012-11-26
429422,Parabaena,副基体,,,2012-11-26
429423,para-aminophenal,亚杆菌,,,2012-11-26
429424,para-amino-bezene-sulfonamide; sulfanilamide,对胺基苯甲酸,,,2012-11-26
429425,para-agglutinin,对〔位〕胺苯磺醯胺,,,2012-11-26
429426,para bacillus,亚细菌,,,2012-11-26
429427,para bacteria,连蕊藤属（防己科）,,,2012-11-26
429428,papyrus,副凝集素,,,2012-11-26
429429,papyraceous; chartaceous; papery,蔺纸,,,2012-11-26
429430,pappus; pappose,冠毛,,,2012-11-26
429431,paprika,若干欧洲辣椒的果实纸质的,,,2012-11-26
429432,pappiferous,有冠毛的,,,2012-11-26
429433,papoose; pappus,冠毛,,,2012-11-26
429434,papillosus,有疣的,,,2012-11-26
429435,papillose; papiollate,有钗h乳头的,,,2012-11-26
429436,papillose hair,乳头状毛,,,2012-11-26
429437,papilloma virus,乳头肿病毒,,,2012-11-26
429438,papillate; papillose,乳头状,,,2012-11-26
429439,papillary duct,乳头管,,,2012-11-26
429440,papillary colony,（细菌的）乳头状聚落,,,2012-11-26
429441,papillary,乳头状的,,,2012-11-26
429442,Papillaria semitorta (C.Mill.) Jacg.,扭叶松萝藓,,,2012-11-26
429443,Papillarietum,松萝藓群落,,,2012-11-26
429444,Papillaria fuscescens (Hook.) Jacg.,松萝藓,,,2012-11-26
429445,Papillaria nigrescens (Sw.) Jacg.,黑松萝藓,,,2012-11-26
429446,Papillaria appressa (Hornsch) Jacg.,密叶松萝藓,,,2012-11-26
429447,Papillaria,松萝藓属,,,2012-11-26
429448,papilla(e),突起毛；乳头状突起,,,2012-11-26
429449,Papilionoideae Fabaceae,蝶形花亚科（豆科）,,,2012-11-26
429450,papilionaceous flower; butterfly-like flower,蝶形花,,,2012-11-26
429451,papilionaceous corolla; butterfly-like corolla,蝶形花冠,,,2012-11-26
429452,papilionaceous,有蝶形花的,,,2012-11-26
429453,Papilionaceae,蝶形花科（蚕豆科）,,,2012-11-26
429454,papiliform,蝶形,,,2012-11-26
429455,papery; chartaceous papyraceous,纸质的,,,2012-11-26
429456,paper-mulberry Broussonetia,楮,,,2012-11-26
429457,paper-making crop,纸料作物,,,2012-11-26
429458,paperchroma-tography,滤纸色层（斑）分解法,,,2012-11-26
429459,paper-bush; Edgeworthia papyrifera Sieb. et Zucc.,三桠；结香,,,2012-11-26
429460,paper partition chromatography,滤纸分解色层分析,,,2012-11-26
429461,paper flower; Helichrysum; everlasting flower; eternal flower; strawflower; golden mothwort,麦秆菊,,,2012-11-26
429462,paper elecrophoresis,滤纸电泳,,,2012-11-26
429463,paper chromatogram,滤纸色层（斑）图,,,2012-11-26
429464,Papayineae,番木瓜系（番瓜树科）,,,2012-11-26
429465,papayin; apain,番木瓜素；番木瓜蛋白酶,,,2012-11-26
429466,papaya; melon tree; Carica papaya L.;,番木瓜；万寿果；木瓜（俗）,,,2012-11-26
429467,papaw; Asimina triloba Dunal.,派朴果,,,2012-11-26
429468,Papaveroideae,罂粟亚科,,,2012-11-26
429469,Papaverine,罂粟碱,,,2012-11-26
429470,Papavereae,罂粟族,,,2012-11-26
429471,Papaveraceae; poppy family,罂粟科,,,2012-11-26
429472,Papaver; poppy,罂粟属（罂粟科）,,,2012-11-26
429473,Papaver somniferum L.; opium poppy; garden poppy,雅片罂粟（于）；象翩]开宝）；罂子粟（开宝）,,,2012-11-26
429474,Papaver rhoeas L.; corn poppy; cup poppy; knap-bottle,丽春花（群芳谱）；虞美人（广群芳谱）,,,2012-11-26
429475,Papaver paeoniae-florum Hort; paeony-flowered poppy,牡丹罂粟,,,2012-11-26
429476,Papaver orientale L.; oriental poppy,大花罂粟,,,2012-11-26
429477,Papaver nudicaule L.; Ice-land poppy,冰岛罂粟,,,2012-11-26
429478,Papaver nudicaule L. subsp. urbro-aurantiacum (DC.) Fedde var. chinense (Regel) Fedde,山罂粟,,,2012-11-26
429479,Papaver bracteatum Lindl.; P. orientale var. bracteatum Ledeb.; P. paeoniaeflorum Hort.,牡丹罂粟,,,2012-11-26
429480,papainase,番瓜素酶,,,2012-11-26
429481,papain,番木瓜素；番木瓜蛋白酶,,,2012-11-26
429482,Panunculus amurensis Kom,披针毛茛,,,2012-11-26
429483,pantropical plants,泛热带植物,,,2012-11-26
429484,pantothenicless,要求泛酸的系统,,,2012-11-26
429485,pantropic,（病毒）感染一种以上的组织的,,,2012-11-26
429486,Pantostomatinales,无口鞭毛藻目,,,2012-11-26
429487,pante plankton,好光性桴游生物,,,2012-11-26
429488,pantachromatic,余消色差的,,,2012-11-26
429489,pant(h)othenic acid,泛酸；N-α，γ-羟基-β，β一二甲基丙醯一对一胺基丙酸,,,2019-03-12
429490,pansporoblast,泛孢子母细胞,,,2012-11-26
429491,pansy; heartsease; Viola tricolor L. var. hortensis DC,三色堇；蝴蝶花,,,2012-11-26
429492,panning tea,釜煎茶,,,2012-11-26
429493,Pannariaceae,小铠苔科（地衣）,,,2012-11-26
429494,Pannaria,小铠苔属（地衣）,,,2012-11-26
429495,panmixid (Weismann 1895); random mating,逢机交配（Pl. panmixia),,,2012-11-26
429496,panmictic unit (Wright 1943); ganwdeme,逢机交配单位,,,2012-11-26
429497,panmictic population,逢机交配族群,,,2012-11-26
429498,panmictic,逢机交配的,,,2012-11-26
429499,panmictic index,逢机交配指数,,,2012-11-26
429500,Panium matsumurae Hack. Setaria chondrachne Honda,莩草（图考）；苓草（植典）,,,2012-11-26
429501,Panium indicum L.,滑草,,,2012-11-26
429502,Panium glabrum Gaud.,红茎马唐,,,2012-11-26
429503,Panium crus-galli L. var. submuticum Mey.,野稗,,,2012-11-26
429504,Panicum; finger grass; Indian millet,黍属,,,2012-11-26
429505,Panicum sanguinala L.,马唐（别录）；蟋蟀草（俗）,,,2012-11-26
429506,Panicum miliaceum L.; common millet; millet; hog millet; proso millet,黍（诗经）；【马矢】（广志）；大黑黍（郭义恭广志）；赤黍（广志）,,,2012-11-26
429507,Panicum crus-galli L. var. frument-aceum Hook.; P. frumentaceum Roxb.; Wchinochloa crus-galli var. frumentacea (Roxb.) Wight,䅟（纲目）；龙爪粟（纲目）；爪粟（纲目）；鸭爪稗,,,2012-11-26
429508,Panicum crus-galli L.,泽稗,,,2012-11-26
429509,paniculate,圆锥花的；圆锥花序状的,,,2012-11-26
429510,Panicum acroanthum Steud.,糖稷,,,2012-11-26
429511,panicled thyrsoid cyme,密锥花序,,,2012-11-26
429512,panicolid type,黍型,,,2012-11-26
429513,panicula; panicule,圆锥花,,,2012-11-26
429514,panicled spike,发穗花序,,,2012-11-26
429515,panicle weigth type,穗重型,,,2012-11-26
429516,panicle number type,穗数型,,,2012-11-26
429517,panicle,圆锥花序,,,2012-11-26
429518,Paniala; Flacourtia jangomas Miq.,罗旦梅,,,2012-11-26
429519,Pangieae,大风子科的一族,,,2012-11-26
429520,pangenesis,泛生说,,,2012-11-26
429521,pangen,泛子（假说的单位）,,,2012-11-26
429522,pangamy,泛配；自由交配,,,2012-11-26
429523,pandulate; panduliform,提胶状,,,2012-11-26
429524,Pandorina morum Bory,实球藻（绿）,,,2012-11-26
429525,Pandorina,实球藻属（绿）,,,2012-11-26
429526,Panderia,齿兜藜属（藜科）,,,2012-11-26
429527,Pandanus; Screwpine family,露兜树属；荣兰科（虚）,,,2012-11-26
429528,Pandanus utilis Bory,麻荣兰,,,2012-11-26
429529,Pandanus boninensis Warb.,露兜树（广东海澄）,,,2012-11-26
429530,Pandanus lectorius Park; Pandanus odoratissima L.; screw pine; thatch pandanus,林杸；露兜树（广东海澄）,,,2012-11-26
429531,Pandanales,露兜树目,,,2012-11-26
429532,Pandanaceae; Screwpine Family,露兜树科,,,2012-11-26
429533,Pandales,萧目,,,2012-11-26
429534,Pandaceae,萧科,,,2012-11-26
429535,Panda,萧属,,,2012-11-26
429536,Panax transitorius Hoo,珠子七；珠子参；钮子七,,,2012-11-26
429537,Panax schinseng Nees; P. ginseng C.A.Meyer; Asiatic ginseng,人参（葠）（本草经）；血参（别录）；人衔（本草经）；土精（名医别录）,,,2012-11-26
429538,Panax repens Maxim.,土参（秘传花镜）；竹节人参（日本）,,,2012-11-26
429539,Panax quinguefolium L.; American ginseng,西洋参（药性考）；花旗参（通称）,,,2012-11-26
429540,Panax pseudo-giseng Wall. var.major (Burkill) Li; P. major (Burkill) Ting,三叶三七,,,2012-11-26
429541,Panax pseudo-ginseng Wall.; radix pseudo-ginseng,三七；田七；参七（药材学）；山漆（纲目）；金不换（纲目）,,,2012-11-26
429542,Panax major (Burkill) Ting,大叶三匕,,,2012-11-26
429543,Panax japonicum C.A.Mey.,东洋参（通称）,,,2012-11-26
429544,Panax Ginseng,人参属（五加科）,,,2012-11-26
429545,Panax bipinnatifidus Seem.,羽叶三匕,,,2012-11-26
429546,panama-hat-palm family; Cyclanthaceae,巴拿马帽棕榈科,,,2012-11-26
429547,pan,1.积水地的水底土层2.荖叶,,,2012-11-26
429548,pampas,南美（特别是阿根庭）的无树木的平原；干燥地带禾草原,,,2012-11-26
429549,p-aminohippuric acid,对胺基马尿酸,,,2012-11-26
429550,p-aminobenzoic acid; PABA,对胺基安息香酸,,,2012-11-26
429551,P-aminobenzoic acid,对胺酚,,,2012-11-26
429552,palynology,孢子花粉学,,,2012-11-26
429553,palynogram,孢子花粉图解,,,2012-11-26
429554,paludose,沼生的,,,2012-11-26
429555,Paludella squarrosa (Hedw.) Brid.,沼寒藓,,,2012-11-26
429556,Paludella,沼寒藓属,,,2012-11-26
429557,palmityl,棕榈基；软脂基 {十六基},,,2020-05-04
429558,palmiton,棕榈酮,,,2012-11-26
429559,palmitin,十六酸甘油三酯；三软酯酸甘油酯；三软脂酸（化）甘油；棕榈脂；十六酸丙之酯,,,2012-11-26
429560,palmitic acid,软酯酸；棕榈酸；十六酸,,,2012-11-26
429561,palmitate,软脂酸盐,,,2012-11-26
429562,palmitamide,棕榈醯胺；十六醯酸,,,2012-11-26
429563,palmellord,鞭毛藻类的胶状体中的无性培殖子球形成,,,2012-11-26
429564,palmella formation,（鞭毛藻类）胶状体中的无性培殖子球形成,,,2012-11-26
429565,Palmella,胶团藻属（绿）,,,2012-11-26
429566,Palmatopteris;,掌叶蕨属（化石）,,,2012-11-26
429567,palmatisect,掌状全裂的,,,2012-11-26
429568,palmatipartite,掌状深裂的,,,2012-11-26
429569,palmatilobate,掌状浅裂的；掌状圆裂的,,,2012-11-26
429570,palmatifid,掌状半裂的,,,2012-11-26
429571,palmately trifoliate,有三掌状复叶的,,,2012-11-26
429572,palmately netted venation,掌状网脉,,,2012-11-26
429573,palmately lobed leaf,掌状裂叶,,,2012-11-26
429574,palmately lobed,掌状分裂；掌状圆裂,,,2012-11-26
429575,palmately compound leaf,掌状复叶,,,2012-11-26
429576,palmate venation; palmate nerve,掌状叶脉,,,2012-11-26
429577,palmate nerve; palmate venation,掌状叶脉,,,2012-11-26
429578,palmate,掌状的,,,2012-11-26
429579,Palmata,掌叶类（枫树科）,,,2012-11-26
429580,palman,（掌状叶的）叶掌部,,,2012-11-26
429581,Palmales; Principales,棕榈目,,,2012-11-26
429582,Palmae; palm family; Palmaceae,棕榈科,,,2012-11-26
429583,Palmaceae; palm family; palmae,棕榈科,,,2012-11-26
429584,palm family; Palmae; Palmaceae; Arecaceae （正名）,棕榈科,,,2012-11-26
429585,palm,掌；棕榈类植物,,,2012-11-26
429586,pallide-flavens,淡黄色,,,2012-11-26
429587,pallid,淡的,,,2012-11-26
429588,Pallaviciniaceae,带叶苔科,,,2012-11-26
429589,Pallavicinia lyellii (Hook.) Gray,带叶苔；莱氏带叶苔,,,2012-11-26
429590,Pallavicinia longispina Steph.,长刺带叶苔,,,2012-11-26
429591,Pallavicinia,带叶苔属,,,2012-11-26
429592,Pallacalyx,山红树属（红树科）,,,2012-11-26
429593,Paliurus sinicus Schneid.,蒙自铜钱树（陈嵘）,,,2012-11-26
429594,Paliurus ramosissimus Poir.,马甲子（图考）；铁篱笆（Ma-kino)雄虎刺,,,2012-11-26
429595,Paliurus hirsutus Hemsl.,长梗铜钱树（陈嵘）,,,2012-11-26
429596,Paliurus hemsleyana Rehd.,铜钱树（江苏）；鸟石宿,,,2012-11-26
429597,Paliurus,铜钱树属；马甲子属（鼠李科）,,,2012-11-26
429598,palisade tissue,栅状组织,,,2012-11-26
429599,palisade ring,栅状环,,,2012-11-26
429600,palisade parenchymatous cell,栅状薄壁组织细胞,,,2012-11-26
429601,palisade parenchyma,栅状薄壁组织,,,2012-11-26
429602,palisade layer,栅状层,,,2012-11-26
429603,palisade cell,栅状细胞,,,2012-11-26
429604,Palinocraspis,厚中肋曲柄藓属（于）,,,2012-11-26
429605,palingenetic stage,（祖先性状）重演性发生期,,,2012-11-26
429606,palingenetic regeneration,重演再生,,,2012-11-26
429607,palingenetic process,重演过程,,,2012-11-26
429608,palingenetic metamorphosis,重演性变态,,,2012-11-26
429609,palingenetic character,（在发生过程中的）重演性状,,,2012-11-26
429610,palingenesis (Haeckel 1874); Dissogony,重演性发生；胚体发育中有祖先性状出现,,,2012-11-26
429611,palindrome (Wilson & Thomas 1944),𦈐向相反而碱序相同或近于相同的DNA的构造；回折,,,2012-11-26
429612,Paleozoic era,古生代,,,2012-11-26
429613,Paleocene epoch,古新世,,,2012-11-26
429614,paleobotany,古植物学；化石植物学,,,2012-11-26
429615,Palellaria theae Hara,茶树粗皮病菌,,,2012-11-26
429616,palearctic realm,欧亚北温带,,,2012-11-26
429617,palea (palet); superior palea,外颖,,,2012-11-26
429618,palatine,有下唇的,,,2012-11-26
429619,palate,（假面状花冠的）下唇,,,2012-11-26
429620,Palaquium gutta Burck; gutta Percha,胶木（商品名）；电木（商品名）,,,2012-11-26
429621,Palaquium,胶木属（山榄科）；大叶山榄属,,,2012-11-26
429622,Palaeozoic era,古生代,,,2012-11-26
429623,palaeotropical region,旧热带区,,,2012-11-26
429624,palaeotropical floral zone,旧热带植物带,,,2012-11-26
429625,palaeotropical floral kingdom,旧热带植物区系界,,,2012-11-26
429626,palaeotropical disjunction,古热带间断分布,,,2012-11-26
429627,palaeosynecology,古群落生态学,,,2012-11-26
429628,palaeospecies,古生物种,,,2012-11-26
429629,palaeophytology; palaeobotany,古植物学；化石植物学,,,2012-11-26
429630,palaeophytic era,古植物代,,,2012-11-26
429631,palaeophytes,古生代植物,,,2012-11-26
429632,palaeontology,古生物学,,,2012-11-26
429633,palaeolithic,古石器时代；旧石器时代,,,2012-11-26
429634,palaeolimnology,古湖沼学,,,2012-11-26
429635,palaeogeography,古地理学,,,2012-11-26
429636,palaeogenetics,古遗传学,,,2012-11-26
429637,palaeogeic reallm,古地区,,,2012-11-26
429638,palaeoecology,古生态学,,,2012-11-26
429639,palaeocormophyta,古生茎叶植物,,,2012-11-26
429640,palaeobotany; palaeophytology,古植物学；化石植物学,,,2012-11-26
429641,palaeobiology,古生物学,,,2012-11-26
429642,palaeobiogeography,古生物地理学,,,2012-11-26
429643,palaearctic subregion,旧北（极）亚区,,,2012-11-26
429644,palaearctic province,周北极区,,,2012-11-26
429645,palade granules,二重膜表面颗粒,,,2012-11-26
429646,palaceous; spade shaped,斜方形的,,,2012-11-26
429647,palaceosynchorology,古群落分布学,,,2012-11-26
429648,Pak-Choi (Bailey); brassica chinensis L.,小白菜；青菜,,,2012-11-26
429649,pair-mating method,成对交配法,,,2012-11-26
429650,pairing segment (Darlington 1931),联会段,,,2012-11-26
429651,pairing number (P&auml;tau 1941),（二倍体与多倍体的）联会染色体臂数,,,2012-11-26
429652,pairing method,骈对法,,,2012-11-26
429653,pairing index P&auml;tai 1941),联会指数,,,2012-11-26
429654,pairing comparison,成对比较,,,2012-11-26
429655,pairing chromosome,成对染色体,,,2012-11-26
429656,pairing block (Darlington & Mather 1932),联会始段,,,2012-11-26
429657,pairing,同源染色体联会,,,2012-11-26
429658,paired,成对的,,,2012-11-26
429659,pair-alleles (Laughnan 1952); pseudoalleles,成对对偶基因,,,2012-11-26
429660,Pailopeganum sinensis Hemsl.,山麻黄,,,2012-11-26
429661,Pahudia xylocarpa Kurz,缅茄（广东茂名）；沔茄（高濂珍异药品）；细茄,,,2012-11-26
429662,Pahudia,缅茄属（豆科）,,,2012-11-26
429663,pagon,冰内生物,,,2012-11-26
429664,pagina,叶片；叶身,,,2012-11-26
429665,paeonol,牡丹酚；2-羟基-4-甲氧基；苯乙酮,,,2012-11-26
429666,Paeoniaceae,牡丹科,,,2012-11-26
429667,Paeonia wittmanniana Lindl.,威氏芯药,,,2012-11-26
429668,Paeonia veitchii Lynch.,川赤芍；赤芍,,,2012-11-26
429669,Paeonia tenuiflolia L.; fringed paeony; slender leaved paeony,细叶芍药,,,2012-11-26
429670,Paeonia szcchuanica Fang,四川牡丹,,,2012-11-26
429671,Paeonia suffruticosa var. spontanea Rehd.,矮牡丹,,,2012-11-26
429672,Paeonia suffruticosa Andrews; tree paeony; P. arborea Dunn; P. moutan Sims,牡丹（本草经）；鼠姑（本草经）；白（广雅）；百两金（唐本草）；木芍药（本草纲目）,,,2012-11-26
429673,Paeonia suffruticosa Andr. var. rosea Bailey,霞光（牡丹谱）,,,2012-11-26
429674,Paeonia suffruticosa Andr. var. papaveracea Bailey,绛纱笼玉（牡丹谱）,,,2012-11-26
429675,Paeonia suffruticosa Andr. var. banksii Bailey,粉毬（牡丹谱）,,,2012-11-26
429676,Paeonia suffruticosa Andr. var. anneslei Rehd.,一品朱衣（牡丹谱）,,,2012-11-26
429677,Paeonia peregrina Mill.,巴尔干芍药,,,2012-11-26
429678,Paeonia papaveracea Andr.,紫斑牡丹,,,2012-11-26
429679,Paeonia officinalis L.; common paeony,荷兰芍药,,,2012-11-26
429680,Paeonia obovata var. willmottiae (Stapf) Stern,毛叶芍药,,,2012-11-26
429681,Paeonia obovata Maxim.,草芍药；山芍药；野芍药；土芍药,,,2012-11-26
429682,Paeonia mollis Hort.,心皮密毛芍药,,,2012-11-26
429683,Paeonia lutea Franch.; P. delavayi var. lutea Franch.,黄牡丹（陈嵘）,,,2012-11-26
429684,Paeonia lutea Franch. var. superba Lemoine,红蕊黄牡丹,,,2012-11-26
429685,Paeonia lactiflora Pall. var.tricho-carpa (Bunge) Stern,毛果芍药,,,2012-11-26
429686,Paeonia lactiflora Pall.,芍药,,,2012-11-26
429687,Paeonia japonica Miyabe et Takeda,山芍药,,,2012-11-26
429688,Paeonia hybrida. Pall.,块根芍药,,,2012-11-26
429689,Paeonia hybrida Hort. Oriental gold,东方金芍药,,,2012-11-26
429690,Paeonia delavayi Franch.,紫牡丹（陈嵘）,,,2012-11-26
429691,Paeonia delavayi Franch var. angustiloba Rehd. et Wils.,狭叶紫牡丹（陈嵘）,,,2012-11-26
429692,Paeonia arietima G. Anders.,东南欧小亚细亚芍药,,,2012-11-26
429693,Paeonia anomala L.,东俄中亚芍药,,,2012-11-26
429694,Paeonia albifora pall.; paeony; Pedulis salisb.; P. lactiflora Pall.,芍药（诗经）；没骨花（郑虔胡本草）（广群芳谱）；将离（诗经注）,,,2012-11-26
429695,Paeonia albiflora Pall. var. sinensis Steub.; P. chinensis Vilm.,西洋芍药,,,2012-11-26
429696,Paeonia,芍药属；牡丹属（毛茛科）,,,2012-11-26
429697,paedomorphosis,幼形保存，幼形遗留,,,2012-11-26
429698,paedogenetic parthenogenesis,幼体单性生殖,,,2012-11-26
429699,paedogenesis (v. Baer 1886); neoteny,幼体生殖,,,2012-11-26
429700,paedogamy (Guillermont 1910),同亲二子体间接合,,,2012-11-26
429701,Paederia chinensis Hance; P. scandens Merr.,鸡夭藤（植物名实图考）；牛皮冻（牧野）,,,2012-11-26
429702,Paederia,鸡夭藤属（茜草科）,,,2012-11-26
429703,paedatifid,鸟足状分裂,,,2012-11-26
429704,Padus,稠梨亚属（李属）,,,2012-11-26
429705,Padina pavonia Gaill,粉海扇,,,2012-11-26
429706,Padina arborescens Holmes,薄海扇（褐）,,,2012-11-26
429707,Padina,海扇属（褐）,,,2012-11-26
429708,packing factor (Darlington & Upcott 1939),（染色体）系束因子,,,2012-11-26
429709,packer wheels,压土器,,,2012-11-26
429710,pachytene stage; pachyphase,粗丝期,,,2012-11-26
429711,Pacific Northamer-ican floral region,北美太平洋岸植物区,,,2012-11-26
429712,pachytene analysis,粗丝分析,,,2012-11-26
429713,pachytene (v. winiwater 1900); pachynema,粗丝,,,2012-11-26
429714,Pachystachys coccinea Nees; cardinals guard; Scarlet Jacobinia,红珊瑚花（爵床科）,,,2012-11-26
429715,Pachysedum,（景天属）厚叶景天属,,,2012-11-26
429716,Pachysandra terminalis Sieb. et Zucc.,顶蕊三角咪；粉蕊黄杨（钟观光）；富贵草（日本）；吉祥草（日本）,,,2012-11-26
429717,Pachysandra stylosa Dunn,宿柱三角咪,,,2012-11-26
429718,Pachysandra,三角咪属；粉蕊黄杨属（黄杨科）,,,2012-11-26
429719,Pachyrrhizus erosus (L.) Urban,豆薯；地瓜；莎葛；凉薯；土芋（拾遗）,,,2012-11-26
429720,Pachyrhizus,豆薯属（豆科）,,,2012-11-26
429721,Pachypterygium,厚翅荠属（十字花科）,,,2012-11-26
429722,Pachypteris,厚叶蕨属（化石）,,,2012-11-26
429723,pachyphase; pachytene stage,粗丝期,,,2012-11-26
429724,pachynsis,肥厚,,,2012-11-26
429725,Pachyneurum,菲律宾复边藓属,,,2012-11-26
429726,pachynema (Gregoire 1907); pachytene,粗丝,,,2012-11-26
429727,Pachyma hoelen Rumph.; P. cocos Fr.,茯苓,,,2012-11-26
429728,Pachyma,茯苓属（不）,,,2012-11-26
429729,Pachygone,粉缘藤属（防已科）,,,2012-11-26
429730,Pachyfissidens,凤尾藓属；厚叶凤尾藓亚属,,,2012-11-26
429731,pachydermous,厚壁的,,,2012-11-26
429732,pachychromatic,粗厚染色质,,,2012-11-26
429733,Pachycentria,厚距花属（野牡丹科）,,,2012-11-26
429734,pachycarpors,有厚果皮的,,,2012-11-26
429735,pachira nut; Pachira macrocarpa Walp.,马拉巴粟,,,2012-11-26
429736,Pachira macrocarpq Walp.; malabar chestnut; pachira nut,马拉巴粟,,,2012-11-26
429737,Pachira,马拉巴粟属,,,2012-11-26
429738,pacemaker,节律点,,,2012-11-26
429739,PABA; para amino-benzoic acid,对胺安息香酸，对胺苯甲酸,,,2012-11-26
429740,P-700,光敏素-700,,,2012-11-26
429741,P/O ratio,燐氧比率,,,2012-11-26
429742,P. factor,P因数,,,2012-11-26
429743,p(a)edogenesis,幼生生殖,,,2012-11-26
429744,P (Bateson & Saunders 1902),亲代,,,2012-11-26
429745,P (_l),亲本第一代,,,2012-11-26
429746,Ozonium omnivorum Shear.; Phymatotrichum omnivorum (Shear) Dugger,桑根腐病菌,,,2012-11-26
429747,ozonium,不孕菌丝束,,,2012-11-26
429748,ozone,臭氧,,,2012-11-26
429749,oyster mushroom; Pleurotus ostreatus Sacc.,天花蕈；鲍鱼菇,,,2012-11-26
429750,oxyumaric acid,氧基延胡索酸,,,2012-11-26
429751,Oxytropis yunnanensis Franch.,云南棘豆,,,2012-11-26
429752,Oxytropis tragacanthoides Fisch.,胶黄芪状棘豆,,,2012-11-26
429753,Oxytropis strobilacea Bunge,球花棘豆,,,2012-11-26
429754,Oxytropis squammulosa DC.,鳞萼棘豆,,,2012-11-26
429755,Oxytropis psammochanis Hance,砂珍棘豆；砂棘豆,,,2012-11-26
429756,Oxytropis ochrocephala Bunge,黄花棘豆,,,2012-11-26
429757,Oxytropis ochrantha Turca,黄毛棘豆,,,2012-11-26
429758,Oxytropis myriophylla (Pall) DC.,狐尾藻棘豆（中药志）；茵陈蒿（内蒙古）,,,2012-11-26
429759,Oxytropis moellendorffii Bunge,窄膜棘豆,,,2012-11-26
429760,Oxytropis melanocaryx Bunge,黑萼棘豆,,,2012-11-26
429761,Oxytropis leptophylla (Pall) DC.; Astragalus leptophylla Pall.,薄叶棘豆,,,2012-11-26
429762,Oxytropis latibracteata Jurtz,宽苞棘豆,,,2012-11-26
429763,Oxytropis kansuensis Bunge,甘肃棘豆,,,2012-11-26
429764,Oxytropis imbricata Kom.,密花棘豆,,,2012-11-26
429765,Oxytropis hirta Bunge,硬毛棘豆,,,2012-11-26
429766,Oxytropis glabra DC.,小花棘豆；醉马草,,,2012-11-26
429767,Oxytropis falcata Bunge,镰形棘豆,,,2012-11-26
429768,Oxytropis coerulea (Pall.) DC.; Astragalus coerulea Pall.,蓝花棘豆,,,2012-11-26
429769,Oxytropis bicolor Bunge,二色棘豆,,,2012-11-26
429770,Oxytropis aciphylla Ledeb.,刺叶柄棘豆,,,2012-11-26
429771,Oxytropis,棘豆属（豆科）,,,2012-11-26
429772,oxytropic,好氧的,,,2012-11-26
429773,Oxytenanthera,滇竹属（中药志）,,,2012-11-26
429774,Oxystegus cylindricus (Bruch) Hiep,酸土藓,,,2012-11-26
429775,Oxystegus,酸土藓属,,,2012-11-26
429776,Oxystegus cuspidatus (Doz. et Molk) Chen,小酸土藓,,,2012-11-26
429777,Oxysporeae,尖子木族,,,2012-11-26
429778,Oxyspora paniculata DC.,尖子木属（野牡丹科）,,,2012-11-26
429779,Oxyspora,尖子木属（野牡丹科）,,,2012-11-26
429780,oxysharteine,氧化金雀花【生+佥】,,,2012-11-26
429781,Oxysere,酸生演替系列,,,2012-11-26
429782,Oxyrrhynchium protractum (C. M&uuml;ll) Broth,长枝尖喙藓,,,2012-11-26
429783,Oxyrrhynchium (Bryol eur) Warnst,尖喙藓属,,,2012-11-26
429784,Oxyrrhynchium,竹柏藓属,,,2012-11-26
429785,Oxyria digyna (L.) Hill,肾叶山蓼,,,2012-11-26
429786,Oxyria,山蓼属（蓼科）,,,2012-11-26
429787,oxyquinoline,氧基喹啉,,,2012-11-26
429788,oxypurine,氧基嘌呤酶,,,2012-11-26
429789,oxypurinase,氧基嘌呤酶,,,2012-11-26
429790,oxyproline,羟基【口衣】咯啶甲酸,,,2012-11-26
429791,oxyphobous,嫌酸的,,,2012-11-26
429792,oxyphobes,嫌酸植物,,,2012-11-26
429793,oxyphilic; oxyphilous,嗜氧的；嗜酸的,,,2012-11-26
429794,oxyphiles,喜酸植物,,,2012-11-26
429795,Oxyphilae Hylo-geophytica,酸土林地群落,,,2012-11-26
429796,oxyphenylethylamine,氧苯乙胺；干酪胺,,,2012-11-26
429797,oxyosome,氧化酶体,,,2012-11-26
429798,oxyntic cell,泌酸细胞,,,2012-11-26
429799,oxynitrilase,氧腈酶,,,2012-11-26
429800,oxynervonic acid,羟基廿四碳烯酸,,,2012-11-26
429801,oxyncurine betaine,菾（菜）【生+佥】；（羰甲基）二甲基代氢氧化铵,,,2012-11-26
429802,oxymandelic acid,羟基杏仁酸,,,2012-11-26
429803,o-xyloquinone,璘茬醌;2，3-二甲,,,2012-11-26
429804,oxylophyte,酸性土植物,,,2012-11-26
429805,oxylophilous,喜腐植质的,,,2012-11-26
429806,o-xylene,邻-茬;1，2-二甲苯,,,2012-11-26
429807,oxyheme hematin,氧基血质,,,2012-11-26
429808,Oxygraphis glacialis (Fisch.) Bunge,鸦跖花,,,2012-11-26
429809,Oxygraphis,鸦跖花属（毛茛科）,,,2012-11-26
429810,oxyglutamic acid,氧基麸酸,,,2012-11-26
429811,oxygeophilous,喜腐植质的,,,2012-11-26
429812,oxygenation,加氧作用,,,2012-11-26
429813,oxygenase,氧酶；和氧酶,,,2012-11-26
429814,oxygen tension,氧张力,,,2012-11-26
429815,oxygen saturation,氧饱和,,,2012-11-26
429816,oxygen requirement,需氧量,,,2012-11-26
429817,oxygen fixation,氧固定,,,2012-11-26
429818,oxygen factor,氧因素,,,2012-11-26
429819,oxygen dissociation curve,氧解离曲线,,,2012-11-26
429820,oxygen effect,氧气效果,,,2012-11-26
429821,oxygen deficit,缺氧,,,2012-11-26
429822,oxygen debt,氧债,,,2012-11-26
429823,oxygen content,含氧量,,,2012-11-26
429824,oxygen comsump-tion,氧消耗,,,2012-11-26
429825,oxygen carrier,载氧体,,,2012-11-26
429826,oxygen absorption,氧吸收,,,2012-11-26
429827,oxygen bridge,氧桥,,,2012-11-26
429828,oxygen capacity,氧受容力,,,2012-11-26
429829,oxygen 18,氧十八,,,2012-11-26
429830,oxygen 16,氧十六,,,2012-11-26
429831,oxydation oxidation,氧化；氧化作用,,,2012-11-26
429832,oxydase; oxidase,氧化酶,,,2012-11-26
429833,oxychromatin,酸性染色质,,,2012-11-26
429834,oxycellulose,氧肉纤维素,,,2012-11-26
429835,oxybutyric acid,羟基酪酸,,,2012-11-26
429836,oxyacanthine,伏牛花【生+佥】,,,2012-11-26
429837,oxoisomerase; hexose phosphate isomerase,六碳糖燐酸盐互变酶,,,2012-11-26
429838,oximinoglutaric acid,肟肤胺酸,,,2012-11-26
429839,oxim; oxime,肟；肟类,,,2012-11-26
429840,oxidoreductase,氧化还原酶,,,2012-11-26
429841,oxidizing ferment,氧化酶,,,2012-11-26
429842,oxidizing enzyme; oxidase,氧化酵素；氧化酶,,,2012-11-26
429843,oxidized form,氧化型,,,2012-11-26
429844,oxidative fermentation,氧化发酵,,,2012-11-26
429845,oxidative phosphorylation,氧化〔的〕加燐酸作用,,,2012-11-26
429846,oxidative degrada-tion,氧化〔的〕逐步分解,,,2012-11-26
429847,oxidative decarboxylation,氧化〔的〕脱羧〔基〕作用,,,2012-11-26
429848,oxidative decarboxylase,氧化〔的〕脱羧〔基〕酶,,,2012-11-26
429849,oxidative deamina-tion,氧化〔的〕脱胺〔基〕作用,,,2012-11-26
429850,oxidative assimila-tion,氧化〔的〕同化作用,,,2012-11-26
429851,oxidation-reduction reactions,氧化还原反应,,,2012-11-26
429852,oxidation-reduction potential; redox potential,氧化还原位差,,,2012-11-26
429853,oxidation-reduction enzyme; redoxase,氧化还原酵素,,,2012-11-26
429854,oxidation quotient,氧化率,,,2012-11-26
429855,oxidation,氧化,,,2012-11-26
429856,oxidase; oxidation ferment; oxidizing enzyme,氧化酶,,,2012-11-26
429857,oxidant,氧化剂,,,2012-11-26
429858,ox-eye daisy; Chrysanthemum leucanthemum L.,龙脑菊；法兰西菊（日本）；牛眼菊,,,2012-11-26
429859,oxamide,乙二醯胺,,,2012-11-26
429860,oxalyl,乙二醯基；草酸基,,,2012-11-26
429861,oxalosuccinic decarboxylase,酮基己二酸-〔1.4〕脱羧基酸,,,2012-11-26
429862,oxalosuccinic carbosylase,酮基己二酸-〔1.4〕羧化酶,,,2012-11-26
429863,oxalosuccinic acid,酮基己二酸-〔1.4〕,,,2012-11-26
429864,Oxalis tetraphylla Cav.,十字叶酢浆草,,,2012-11-26
429865,Oxalis corniculata L.,酢浆草（唐本）；三角酸（纲目）；老鸭嘴；满天星；酸萁（李当之药录）；三叶酸（本草纲目）,,,2012-11-26
429866,Oxalis,酢浆草属,,,2012-11-26
429867,Oxalidaceae; oxalis family,酢浆草科,,,2012-11-26
429868,oxalic acid fermentation,草酸发酵,,,2012-11-26
429869,oxalic acid,草酸；乙二酸,,,2012-11-26
429870,oxalacetic transacetylase,酮基丁二酸乙醯基转移酶,,,2012-11-26
429871,oxalacetic decarboxylase,酮基丁二酸脱羧基酶,,,2012-11-26
429872,oxalacetic carboxylase,酮基丁二酸羧化酶,,,2012-11-26
429873,oxalacetic acid,酮基丁二酸；草醋酸,,,2012-11-26
429874,own-root tree,自根树,,,2012-11-26
429875,ovum; ova （多数）,卵,,,2012-11-26
429876,Ovulinia azaleae Weiss,杜鹃花菌核病菌,,,2012-11-26
429877,ovuliferous,有胚珠的,,,2012-11-26
429878,ovuliferous scale; semiferous scale,雌花鳞；种鳞,,,2012-11-26
429879,ovule stalk; funiculus,胚珠柄,,,2012-11-26
429880,ovulation,排卵,,,2012-11-26
429881,ovule,胚珠,,,2012-11-26
429882,ovulate strobilus,大孢子叶球；雌球花,,,2012-11-26
429883,ovulate,有胚珠的,,,2012-11-26
429884,Ovularia schwarziana Magnus,毛翘摇白霉病菌,,,2012-11-26
429885,Ovularia pulchella (Cesati) Sacc,鸭茅白斑病菌,,,2012-11-26
429886,Ovularia castaneae Sawada,栗树类圆褐斑病菌,,,2012-11-26
429887,Ovularia brassica bresadda. et Allescher. var. oblongispora Sono et Shirai,芸薹褐斑病菌,,,2012-11-26
429888,Ovularia,紫云英白斑病菌属,,,2012-11-26
429889,ovoviviparous,卵胎生的,,,2012-11-26
429890,ovoviviparity,卵胎生,,,2012-11-26
429891,ovotestis,卵睪,,,2012-11-26
429892,ovotid; o&ouml;tid,卵细胞,,,2012-11-26
429893,Ovopteris,卵蕨属（化石）,,,2012-11-26
429894,ovoid,卵圆形的；卵形体,,,2012-11-26
429895,ovist,卵源论者,,,2012-11-26
429896,oviduct,输卵管,,,2012-11-26
429897,overwintering bud,越冬芽,,,2012-11-26
429898,over-vernalization,春化作用过度,,,2012-11-26
429899,overtopping,主轴形成,,,2012-11-26
429900,overstepping; hypermorphosis,（发育时的）新性状发展,,,2012-11-26
429901,overspecialization,过度特殊化,,,2012-11-26
429902,overpopulation,个体数过多,,,2012-11-26
429903,overmature,过熟,,,2012-11-26
429904,overmaturation,过度成熟,,,2012-11-26
429905,over-luxuriant growth,过度生长,,,2012-11-26
429906,overlapping inversions,重叠倒位,,,2012-11-26
429907,overlapping imbricate,叠瓦状的,,,2012-11-26
429908,overgrowth; hypertrophy; auxesis,肥大,,,2012-11-26
429909,overfeeding,营养过度,,,2012-11-26
429910,over yearing,越冬性的,,,2012-11-26
429911,over wintering,越冬性的,,,2012-11-26
429912,over sowing,播种量过多,,,2012-11-26
429913,over ripe,过熟,,,2012-11-26
429914,over epistasis,超上位作用,,,2012-11-26
429915,over dominance (Hull 1946),超显性,,,2012-11-26
429916,over dispersion,过度分敌,,,2012-11-26
429917,over disperse,密集分布,,,2012-11-26
429918,over development,过度发育,,,2012-11-26
429919,over adaptation,过度适应,,,2012-11-26
429920,ovcein,地衣褐,,,2012-11-26
429921,ovate,卵形的,,,2012-11-26
429922,ovary,子房,,,2012-11-26
429923,oval kumquat,长金柑,,,2012-11-26
429924,ovarium,子房,,,2012-11-26
429925,oval,广椭圆形；卵圆,,,2012-11-26
429926,output of heat,放热量,,,2012-11-26
429927,outgrowth,过度生长,,,2012-11-26
429928,outer vestibule,（气孔的）前庭,,,2012-11-26
429929,outer suture,外缝线；背缝线,,,2012-11-26
429930,outer root-sheath,外根鞘,,,2012-11-26
429931,outer phloem,外生筛管部,,,2012-11-26
429932,outer perigon,外花盖,,,2012-11-26
429933,outer perianth,外花被,,,2012-11-26
429934,outer integument,外珠被,,,2012-11-26
429935,outer glume; inferior glume,外颖,,,2012-11-26
429936,outer aperture,外侧孔口,,,2012-11-26
429937,outer cortex,外皮（昆布科）,,,2012-11-26
429938,outer factor,外界因素,,,2012-11-26
429939,outcross,异交；远系杂交,,,2012-11-26
429940,outbreeding; outcrossing,远系繁殖；远亲繁殖,,,2012-11-26
429941,outbreak,大量发生,,,2012-11-26
429942,out space,胞质外空间,,,2012-11-26
429943,Ouratea striata (Van Tiegh) Lecomote,赛金莲木属（金莲木科）,,,2012-11-26
429944,Ouratea lobopetala Gagnep,裂瓣金莲木,,,2012-11-26
429945,Ouratea,赛金莲木属（金莲木科）,,,2012-11-26
429946,Ottelia alismoides Persoon,水车前（日本）（水鳖科）,,,2012-11-26
429947,O-toluic acid;methyl benzoic acid,邻甲[基]苯甲酸;邻羟(甲)酸甲苯酸,,,2012-11-26
429948,Otanthera,耳药花属米糙叶金锦香属（野牡丹科）,,,2012-11-26
429949,Osyris,沙针属（檀香科）,,,2012-11-26
429950,osydosome (Deley 1960); oxysome; elementary particles (EP),（粒线体）发氧微粒；基本粒子,,,2012-11-26
429951,Ostryopsis nobilis Balf. et smith,云南虎榛子；大叶虎榛子,,,2012-11-26
429952,Ostryopsis davidiana Dcne.,虎榛子（河北）；胡榛子；棱榆（河南）；榛子,,,2012-11-26
429953,Ostryopsis,虎榛子属（桦木科）,,,2012-11-26
429954,Ostrya rehderiana Chun,小叶穗子榆（陈嵘）,,,2012-11-26
429955,Ostrya multinervis Rehd.,多脉铁木；穗子榆,,,2012-11-26
429956,Ostrya linan Hu; O. japonica Sarg.,苗榆（河北东陵）,,,2012-11-26
429957,Ostrya japonica Sarg.; O. liana Hu; Japanese hop-hornbeam,铁木；穗子榆（河南）；苗榆（河南）；转角木榆,,,2012-11-26
429958,Ostrya,铁木属；苗榆属；穗子榆属（桦木科）,,,2012-11-26
429959,Ostodes paniculata Bl.,叶干木属（大戟科）,,,2012-11-26
429960,Ostodes,叶干木属（大戟科）,,,2012-11-26
429961,ostiole,（内有藏精器的颈部）小孔,,,2012-11-26
429962,Osteomeles subrotanda C. Koch,小石积,,,2012-11-26
429963,Osteomeles schwerinae Schneid.; O. anthyllidifolia Lindl.,华西小石积；不凋木（拾遗）,,,2012-11-26
429964,Osteomeles,小石积属（蔷薇科）,,,2012-11-26
429965,Osmundastrum claytonium Tagawa. var. vestitum Tagawa,台湾绒假紫萁,,,2012-11-26
429966,Osmundastrum cinnamomeum Pr. var. fokiense Tagawa,分株假紫萁,,,2012-11-26
429967,Osmundastrum,假紫萁属,,,2012-11-26
429968,Osmundales,紫萁目,,,2012-11-26
429969,Osmundaceae,紫萁科,,,2012-11-26
429970,Osmunda; osmund,紫萁属,,,2012-11-26
429971,Osmunda vachellii Hook.,华南紫萁,,,2012-11-26
429972,Osmunda japonica Thunb.,紫萁；高脚贯众；老虎牙；水骨菜,,,2012-11-26
429973,Osmunda claytoniana L.,绒紫萁,,,2012-11-26
429974,Osmunda cinnamomea L. var. fokiense Cop.,南方紫萁,,,2012-11-26
429975,Osmunda cinnamomea L. var. asiatica Fernald,分株紫萁；桂皮紫萁,,,2012-11-26
429976,Osmunda biformis Makino,薇（本草拾遗）,,,2012-11-26
429977,osmund,紫萁；薇,,,2012-11-26
429978,osmotropism,向稠性,,,2012-11-26
429979,osmotic value,渗透价,,,2012-11-26
429980,osmotic resistance,渗透抵抗,,,2012-11-26
429981,osmotic regulation,渗透价调节,,,2012-11-26
429982,osmotic quantity,渗透量,,,2012-11-26
429983,osmotic pressure,渗透压,,,2012-11-26
429984,osmotic partition,渗透隔壁,,,2012-11-26
429985,osmotic membrane,渗透膜,,,2012-11-26
429986,osmotic equivalent,渗透当量,,,2012-11-26
429987,osmotic diagram,渗透图,,,2012-11-26
429988,osmotic concentration,渗透浓度,,,2012-11-26
429989,osmotic buffering,渗透压缓冲作用,,,2012-11-26
429990,osmotaxis,趋稠性,,,2012-11-26
429991,osmosis,渗透,,,2012-11-26
429992,Osmorhiza aristata Makino et Yabe; sweet celery,香根芹；野胡萝菔,,,2012-11-26
429993,Osmorhiza amurensis F. Schmidt; O. aristata (Thunb) Mak. et Yabe,香根芹；野胡萝菔,,,2012-11-26
429994,Osmorhiza,香根芹属（繖形科）（香芹科）,,,2012-11-26
429995,osmo-regulation,渗透调节作用,,,2012-11-26
429996,osmophily,好稠性,,,2012-11-26
429997,osmophilic,好高渗透压的,,,2012-11-26
429998,osmo-morphosis,渗透形态形成,,,2012-11-26
429999,osmometer,渗透计,,,2012-11-26
430000,osmology,渗透子,,,2012-11-26
430001,osmo-hemolysis,渗透溶血现象,,,2012-11-26
430002,osmium fixation,锇酸固定,,,2012-11-26
430003,osmiophobic,嫌锇的,,,2012-11-26
430004,osmiophilic platelet,好锇性小体,,,2012-11-26
430005,osmiophilic,嗜锇的,,,2012-11-26
430006,osmic acid,锇酸固定,,,2012-11-26
430007,Osmanthus venosus Pamp.,毛桂花（台湾）；滇桂,,,2012-11-26
430008,Osmanthus lanceolatus Hayata,山桂花（台湾）,,,2012-11-26
430009,Osmanthus ilicifolius Mouillef,柊树（台湾）,,,2012-11-26
430010,Osmanthus fragrans Lour. var. aurantiacus Makino; fragrant olive; fragrant flower,木樨（郭驼种树书）；岩桂（群芳谱）；丹桂（本草纲目）,,,2012-11-26
430011,Osmanthus fragrans Lour.,金桂,,,2012-11-26
430012,Osmanthus fortunei Carr.; Fortune osmanthus,齿叶木樨（陈嵘）；拘骨,,,2012-11-26
430013,Osmanthus delavayi Franch.,山桂花（陈嵘）,,,2012-11-26
430014,Osmanthus forrestii Rehd.,野桂花（湖南）,,,2012-11-26
430015,Osmanthus asiaticus Nakai; sweet osmanthus,银桂,,,2012-11-26
430016,Osmanthus armatus Diels,红柄木樨,,,2012-11-26
430017,Osmanthus,木樨属（木樨科）,,,2012-11-26
430018,osier; Salix purpurea L. var. multinervis Fr. et. Sav.,杞柳,,,2012-11-26
430019,Oscillatoriaceae,颤藻科（蓝）,,,2012-11-26
430020,Oscillatoria repens,颤藻,,,2012-11-26
430021,Oscillatoria,颤藻属（蓝）,,,2012-11-26
430022,oscillation,振动；颤动,,,2012-11-26
430023,Osbeckia crinita Benth.,朝天罐；罗浮金锦香（陈嵘）,,,2012-11-26
430024,Osbeckia chinensis L.,金锦香；天香炉,,,2012-11-26
430025,Osbeckia,金锦香属（野牡丹科）,,,2012-11-26
430026,osazone,脎,,,2012-11-26
430027,Osalis griffithii Edgew et Hook. f.,山未𫇭鞳F三块瓦,,,2012-11-26
430028,Osalis corymbosa DC.; O. martiana Zucc.,铜锤草；紫花酢浆草,,,2012-11-26
430029,Oryza schlechteri,史氏稻,,,2012-11-26
430030,Oryza; rice,稻属,,,2012-11-26
430031,Oryza sative L. subsp. javanica,爪哇稻,,,2012-11-26
430032,Oryza sativa L. var. glutinosa Matsum.,糯稻,,,2012-11-26
430033,Oryza sativa L. subsp. indica Kato,籼稻；在来稻（台）,,,2012-11-26
430034,Oryza sativa L. subsp. (sinica) japonica Kato,稉稻；蓬莱稻（台）,,,2012-11-26
430035,Oryza sativa L,稻；栽培稻,,,2012-11-26
430036,Oryza rufipogon; Griff.,宿根稻（亚洲）,,,2012-11-26
430037,Oryza ridleyi H. f,立特来稻（四倍体，东南亚）,,,2012-11-26
430038,Oryza punctata Kotschy ex steud.,东非洲稻,,,2012-11-26
430039,Oryza officinalis Wall. et Wait,亚洲稻（亚洲，新几内亚）,,,2012-11-26
430040,Oryza minuta Presl et C. B. Presl,微粒稻（四倍体，东南亚）,,,2012-11-26
430041,Oryza meyeriana Zoll et Mor. et Steud.,梅氏稻（东南亚）,,,2012-11-26
430042,Oryza meridionalis Ng,南方稻（澳州）,,,2012-11-26
430043,Oryza longistaminata A. Chev. et Rochr,长药稻（具地下茎，非洲）,,,2012-11-26
430044,Oryza longiglumis Jansen,长颖稻（四倍体）新岁内亚,,,2012-11-26
430045,Oryza latifolia Dess,阔叶稻（四倍体；中、南美）,,,2012-11-26
430046,Oryza granulata Nees,小粒稻（南、东南亚）,,,2012-11-26
430047,Oryza glumaepatula Steud. O. perennis subsp. cubensis,南美二倍体稻,,,2012-11-26
430048,Oryza glandiglumis (Doell) Piyer,大颖稻（四倍体，南美）,,,2012-11-26
430049,Oryza glaberrima Steud.,西非洲栽培稻,,,2012-11-26
430050,Oryza eichingeri A. Peter,艾氏稻（东、中非洲）,,,2012-11-26
430051,Oryza coarctata R.; Sclerophyllum coarctatum,双弧稻,,,2012-11-26
430052,Oryza brachyantha A. Chev. et Roehr,短花稻（西、中非州）,,,2012-11-26
430053,Oryza barthii; A. Chev. O. breviligulata,巴司稻（分布西非州）,,,2012-11-26
430054,Oryza australiensis Domin,澳洲稻（具地下茎）,,,2012-11-26
430055,Oryza alta Swallcn,中南美稻（四倍体）,,,2012-11-26
430056,Oryxa nivara; Sharma et Shastry,尼伐拉稻（一年生，亚洲）,,,2012-11-26
430057,Oryctococnose,生物化石群,,,2012-11-26
430058,Orychophragmus violaceas (L.) O.E. Schalz; Morioandia sonchifolia Hook. f.,诸葛菜；二月兰,,,2012-11-26
430059,Orychophragmus,诸葛菜属（十字花科）,,,2012-11-26
430060,orthotype,正模式标本,,,2012-11-26
430061,orthotropy,直向性,,,2012-11-26
430062,orthotropous ovule,直生胚珠,,,2012-11-26
430063,orthotropism,正屈性,,,2012-11-26
430064,Orthotrichum courtoisii Broth. et Par,华东木灵藓,,,2012-11-26
430065,Orthotrichum anomalum Hedw.,木灵藓,,,2012-11-26
430066,Orthotrichum,木灵藓属,,,2012-11-26
430067,Orthotrichinales,木灵藓目,,,2012-11-26
430068,Orthotrichaceae,木灵藓科,,,2012-11-26
430069,Orthotheca,网藓属直蒴亚属,,,2012-11-26
430070,orthostichy,直列线,,,2012-11-26
430071,orthospiral; plectonemic spiral,撚丝型螺旋；正螺旋,,,2012-11-26
430072,orthoselection,定向天择；同方向天然淘汰,,,2012-11-26
430073,ortho-position,正位,,,2012-11-26
430074,orthoploidy; euploidy,正倍数性,,,2012-11-26
430075,orthoploid (Winkler 1916); euploid,正倍数体,,,2012-11-26
430076,orthoplasy,定向成形,,,2012-11-26
430077,Orthophyllum,网藓属直叶亚属,,,2012-11-26
430078,orthophototropism,正屈光性,,,2012-11-26
430079,orthomutation,定向突变,,,2012-11-26
430080,Orthomnium trichomitrium Wils.,立灯藓,,,2012-11-26
430081,Orthomnium nudum Bartr.,多蒴立灯藓,,,2012-11-26
430082,Orthomnium dilatatum (Mitt.) Chen,柔叶立灯藓,,,2012-11-26
430083,Orthomnium,立灯藓属,,,2012-11-26
430084,Orthomniopsis japonica Broth,双灯藓,,,2012-11-26
430085,Orthomniopsis,双灯藓属,,,2012-11-26
430086,orthomitosis,直式有丝分裂,,,2012-11-26
430087,orthokinesis,直向运动性,,,2012-11-26
430088,orthogeotropism,正屈地性,,,2012-11-26
430089,orthogenetic theory,定向演化说,,,2012-11-26
430090,orthogenesis (Haacke 1983),定向演化,,,2012-11-26
430091,orthoevolution,直向演化,,,2012-11-26
430092,Orthodontium,直齿藓属（真藓科）,,,2012-11-26
430093,Orthodontioideae,直齿藓亚科（真藓科）,,,2012-11-26
430094,Orthodicranum montanum (Hedw) Loeske,直毛藓,,,2012-11-26
430095,Orthodicranum flagellare (Hedw) Loesk,鞭枝直毛藓,,,2012-11-26
430096,orthochromatin (Brink 1960),正染色质,,,2012-11-26
430097,Orthodicranum,直毛藓属,,,2012-11-26
430098,orthochromatic,染色正常的,,,2012-11-26
430099,Orthocaeta acalyphae Sawada; Powdery mildew of Acalypha,铁苋白粉病菌,,,2012-11-26
430100,orpine family; Crassulaceae,景天科,,,2012-11-26
430101,orphan virus,非病原性病毒,,,2012-11-26
430102,Oroxylum indicum Vent.; India Trumpet flower,大蝴蝶（纲目拾遗）；玉蝴蝶；千张纸；朝简（广西）,,,2012-11-26
430103,Oroxylum,木蝴蝶属,,,2012-11-26
430104,Orostachys spinosus (L.) C.A. Mey; Sedum spinosum (L.) Thunb.,黄花瓦松,,,2012-11-26
430105,Orostachys malacophyllus (Pall.),铁叶瓦松,,,2012-11-26
430106,Orostachys japonica A. Berg.; Cotyledon japonica Maxim.; Sedum japonica Makino,瓦松（中药志）；~蓩8~叶何草（唐本）；千滴落（东北）,,,2012-11-26
430107,Orostachys firmibatus (Turcz.) Berg; Sedum fimbriatum (Turcz.) Franch.,瓦松属（景天科）,,,2012-11-26
430108,Orostachys erubescens (Maxim.) Ohwi,晚红瓦松,,,2012-11-26
430109,Orostachys,瓦松属（景天科）,,,2012-11-26
430110,Oropogon,高梁属（别称）,,,2012-11-26
430111,Orophea hirta King,毛澄广花（蒋英）,,,2012-11-26
430112,Orophea,澄广花属（番荔枝科）,,,2012-11-26
430113,Orophea hainanensis Merr.,澄广花（蒋英）,,,2012-11-26
430114,orographic factor,地形因素,,,2012-11-26
430115,Orobanche coerulescens Steph.,列当（开宝本草）；草苁蓉（开宝本草）；花苁蓉,,,2012-11-26
430116,Orobanchaceae; Broomrape family,列当科,,,2012-11-26
430117,Ornithopus sativus Brot; Serradella,角苜蓿（于）,,,2012-11-26
430118,ornithophily,鸟媒,,,2012-11-26
430119,ornithophilous pollinatiion,鸟媒传粉,,,2012-11-26
430120,ornithophilous plant,鸟媒植物,,,2012-11-26
430121,ornithophilous flower,鸟媒花,,,2012-11-26
430122,ornithine decarboxylase,鸟胺酸去羧酶,,,2012-11-26
430123,ornithine cycle,鸟胺酸环,,,2012-11-26
430124,ornithine,鸟胺酸（二氨缬草酸；d-2，５-二胺基戊酸；鸟粪胺酸）,,,2012-11-26
430125,ornamental flower,观赏用花,,,2012-11-26
430126,Ormosia xylocarpa chun et Chen; O. polysperma Chen,木荚红豆；姜黄树,,,2012-11-26
430127,Ormosia taiana Chiao; O. hosiei Hamsl. et Wils.,江阴红豆树（陈嵘）,,,2012-11-26
430128,Ormosia semicastrata Hance; O. cathayensis Chen,软荚红豆；相思子,,,2012-11-26
430129,Ormosia pachycarpa Champ.,毛红豆（广东）,,,2012-11-26
430130,Ormosia monosperma Urban; Beadtree Ormosa,单子红豆,,,2012-11-26
430131,Ormosia hosiei Hemsl. & wils.; O. taiana C.Y. Chiao,红豆树；鄂西红豆（陈嵘）,,,2012-11-26
430132,Ormosia henryi Prain; O. mollis Hemsl. et Wils.,花榈木（纲目）,,,2012-11-26
430133,Ormosia hainanensis Gagnep.,海南红豆（陈焕镛）,,,2012-11-26
430134,Ormosia glaberrima Wu; O. kwangsiensis chen,光叶红豆,,,2012-11-26
430135,Ormosia formosana Kaveb; Formosan Ormosia,台湾红豆,,,2012-11-26
430136,Ormosia fordiana Oliv,肥荚红豆（陈嵘）鸡冠果,,,2012-11-26
430137,Ormosia emarginata Benth.,凹叶红豆（陈焕镛）,,,2012-11-26
430138,Ormosia balansae Drake; O. elliptilimba Merr. et Chun,长脐红豆,,,2012-11-26
430139,Ormosia,红豆树属（豆科）,,,2012-11-26
430140,Ormocarpum sennoides DC.,链荚木,,,2012-11-26
430141,Orixate type phyllotaxis;,小臭木型叶序,,,2012-11-26
430142,Ormocarpum,链荚木属（豆科）,,,2012-11-26
430143,Orixa,常山属（芸香科）,,,2012-11-26
430144,Orixa japonica Thunb.,日本常山；臭常山；小臭木（日本）,,,2012-11-26
430145,original description,（命名时的）原始记载,,,2012-11-26
430146,original breed,原种（动）,,,2012-11-26
430147,origin of species,种的起源；物种原始,,,2012-11-26
430148,origin of life,生命的起源,,,2012-11-26
430149,origin and evolution of sex,性别的起源与进化,,,2012-11-26
430150,origin,起源,,,2012-11-26
430151,origienal seed; foundation seed stock,原种子（植）,,,2012-11-26
430152,Origanum vulgare L.,牛至；土茵陈（湖南广西）；河花茵陈（江西）,,,2012-11-26
430153,orientation tortion,复位卷捩,,,2012-11-26
430154,orientation reaction,定位反应,,,2012-11-26
430155,orientation movement; directional movement unilateral movement,指向性运动,,,2012-11-26
430156,orientation (Darlington 1937),定向；定位,,,2012-11-26
430157,orientating functin,定位作用,,,2012-11-26
430158,oriental realm,东方区,,,2012-11-26
430159,oriental subregion,东洋亚区,,,2012-11-26
430160,oriental pickling melon; Cucumis melo L. var. conomon Makino,越瓜,,,2012-11-26
430161,oriental cherry; Prunus serrulata Lindl.,樱桃,,,2012-11-26
430162,orichalceous,金铜色,,,2012-11-26
430163,orient,定向,,,2012-11-26
430164,Orias,阿丽属（千屈菜科）,,,2012-11-26
430165,organular,器宫子,,,2012-11-26
430166,organology,器官学,,,2012-11-26
430167,organoid; organelle,胞器,,,2012-11-26
430168,organography,器官学,,,2012-11-26
430169,organogeny,器官发生,,,2012-11-26
430170,organogensis,器官形成；器官发生,,,2012-11-26
430171,organogenetic substitution,器官发代换,,,2012-11-26
430172,organogenetic evolution,器官发演化,,,2012-11-26
430173,organogenetic development,器官发生的发展,,,2012-11-26
430174,organizer (Spemann 1918),（胚胎；胚）体制化中心；器官导体,,,2012-11-26
430175,organization effect (Levitan 1954),染色体构造体制的效果,,,2012-11-26
430176,organization character,体制性状；系统的性状,,,2012-11-26
430177,organization center,形成中心；组织中心,,,2012-11-26
430178,organismal theory,有机体说,,,2012-11-26
430179,organisma unicellularis,单细胞生物,,,2012-11-26
430180,organisma multicellularis,多细胞生物,,,2012-11-26
430181,organism,生物；（有机体个体演化史中的延续的单位）,,,2012-11-26
430182,organicism,有机体论,,,2012-11-26
430183,organication,有机物质的堆积,,,2012-11-26
430184,organic nitrogen compound,有机含氮化合物,,,2012-11-26
430185,organic molecule,有机分子,,,2012-11-26
430186,organic fitness,有机界的适合性,,,2012-11-26
430187,organic evolution,生物演化；生物进化,,,2012-11-26
430188,organic environment,有机环境,,,2012-11-26
430189,organic compound,有机化合物,,,2012-11-26
430190,organic base,有机碱；有机盐基,,,2012-11-26
430191,organic ammoniates,有机氨化合物,,,2012-11-26
430192,organic acidotrophic lake,有机酸营养湖,,,2012-11-26
430193,organic acid,有机酸,,,2012-11-26
430194,organ-formative process,器官形成过程,,,2012-11-26
430195,organ-anlage,器官原基,,,2012-11-26
430196,organ system,器官系,,,2012-11-26
430197,organanisation,体制,,,2012-11-26
430198,organ specificity,器官特殊性；器官专属特性,,,2012-11-26
430199,organ physiology,器官生理学,,,2012-11-26
430200,organ forming substance,器官形成物质,,,2012-11-26
430201,organ formation,器官形成,,,2012-11-26
430202,organ culture,器官培养,,,2012-11-26
430203,organ,器官,,,2012-11-26
430204,Oresitrophe rupifraga Bunge,独根花；岩花,,,2012-11-26
430205,Oresitrophe,独根草属（虎耳草科）,,,2012-11-26
430206,Oreoweisia weisioides Broth,小石毛藓,,,2012-11-26
430207,Oreoweisia setschwanica Borth,四川石毛藓,,,2012-11-26
430208,Oreoweisia serrulata (Funck) De Not,齿叶石毛藓,,,2012-11-26
430209,Oreoweisia,石毛苏属,,,2012-11-26
430210,Oreoweisia laxifolia (Hook) Rar,繖叶石毛藓,,,2012-11-26
430211,Oreomyrrhis involucrata Hay.,山没药,,,2012-11-26
430212,Oreomyrrhis,山茉莉芹属（繖形科）,,,2012-11-26
430213,Oreodoxa regia H.B.K.; Roystonea regia O.F. Cook; Cuban royal palm; Royal palm; Mountain glory,大王椰子,,,2012-11-26
430214,Oreocnide frutescens (Thunb) Miq.; Villebrunea frutescens (Thunb) Bl.; O. fruticosa (Gand.) Hand.-Mazz.,紫麻；野麻；大叶麻；大毛麻,,,2012-11-26
430215,Oreocnide,紫麻属（荨麻科）,,,2012-11-26
430216,Oregon pine; Douglas fir; Pseudotsuga taxifolia Brit,花旗松,,,2012-11-26
430217,Oregon pea; green gram; Vigna radiatus (L.) Wilczek,绿豆,,,2012-11-26
430218,Oreas maritina (Hopp et Hornsch) Brid,山毛藓,,,2012-11-26
430219,Oreas,山毛藓属,,,2012-11-26
430220,ordinate,纵坐标,,,2012-11-26
430221,ordinary splice grafting,合接,,,2012-11-26
430222,ordinary rice; non-glutinous rice,稉米,,,2012-11-26
430223,order,（分类单位的）目,,,2012-11-26
430224,ordered tetrads,有顺序〔的〕四分子,,,2012-11-26
430225,Ordavician period,奥陶纪,,,2012-11-26
430226,orcinolphthalein,甲基苯酚酞,,,2012-11-26
430227,orcinol,5-甲基一苯一酚一〔1.3〕,,,2012-11-26
430228,Orchis graminifolia Tang & Wang; Ponerorchis graminifolia Reichb f.; O. rapestris Schlecht,蝴蝶兰,,,2012-11-26
430229,Orchis fauriei Finet,尾上兰（日本）,,,2012-11-26
430230,Orchis aristata Fischer,白山飞鸟兰（于）,,,2012-11-26
430231,Orchids; Orchid family; Orchidaceae,兰类,,,2012-11-26
430232,Orchidantha,兰花蕉属（芭蕉科）,,,2012-11-26
430233,Orchidales,兰目,,,2012-11-26
430234,Orchidaceous corolla,兰形花冠,,,2012-11-26
430235,Orchidaceae; Orchid Family; Orchids.,兰科,,,2012-11-26
430236,Orchid Family; Orchidaceae; orchids,兰科,,,2012-11-26
430237,orchard grass; cock's foot grass; Dactylis glomerata L.,鸭茅（日本）；果园草,,,2012-11-26
430238,orchard,果树园,,,2012-11-26
430239,orbiculate,圆形的；盘形的,,,2012-11-26
430240,orbicular-ovate,卵圆形的,,,2012-11-26
430241,orbicular; circular,圆形的,,,2012-11-26
430242,orange-jasmine; Murraya exotica L.,山矾,,,2012-11-26
430243,orange-G,酸性耐光橙色素,,,2012-11-26
430244,orange oil,橙油,,,2012-11-26
430245,orange,柑橘，甜橙,,,2012-11-26
430246,Opuntiales; Cactales,仙人掌目,,,2012-11-26
430247,ora,花粉内口,,,2012-11-26
430248,Opuntiaceae; Cactaceae,仙人掌科,,,2012-11-26
430249,Opuntia manacancha Haw; Prickly pear,仙人掌（岭南杂记）,,,2012-11-26
430250,Opuntia dillenii (Ker-Gawl) Haw,仙人掌（Makino),,,2012-11-26
430251,Opuntia,仙人掌属,,,2012-11-26
430252,Opulus,琼花类（忍冬科）,,,2012-11-26
430253,optimum zone,最适地带,,,2012-11-26
430254,optimum temperature; optimal temperature,最适温度,,,2012-11-26
430255,optimum temperature range,最适温度范围,,,2012-11-26
430256,optimum range,最适幅度,,,2012-11-26
430257,optimum pressure,最适压力,,,2012-11-26
430258,optimum pH,最适酸碱度,,,2012-11-26
430259,optimum leaf area index; optimum LAI,最适叶面积指数,,,2012-11-26
430260,optimum hydrogen-ion concentration,最适氢离子浓度,,,2012-11-26
430261,optimum humidity,最适湿度,,,2012-11-26
430262,optimum density,最适密度,,,2012-11-26
430263,optimum curve,最适曲线,,,2012-11-26
430264,optimum condition,最适条件,,,2012-11-26
430265,optimum,最适度；最适量,,,2012-11-26
430266,optimal temperature; optimum temperature,最适温度,,,2012-11-26
430267,optimal climate,最适气候,,,2012-11-26
430268,optical lens,光学透镜,,,2012-11-26
430269,optical isomerism,（同质体）旋光异构现象,,,2012-11-26
430270,optical empty,光学的空象,,,2012-11-26
430271,optical dichoism,光学；二向色性,,,2012-11-26
430272,optic stalk,视柄,,,2012-11-26
430273,optical activity,旋光性；旋光度,,,2012-11-26
430274,optic cup,视杯,,,2012-11-26
430275,oppositisepalous,与苲片对生的,,,2012-11-26
430276,oppositipetalous,与花瓣对生的,,,2012-11-26
430277,oppositional gene,同质对立基因,,,2012-11-26
430278,opposite phyllotaxis,对生叶序,,,2012-11-26
430279,opposite buds,对生芽,,,2012-11-26
430280,opposite,对生,,,2012-11-26
430281,opium poppy; Papaver somniferum L.,罂粟,,,2012-11-26
430282,opium,鸦片；雅片,,,2012-11-26
430283,Opiliaceae,山柚仔科,,,2012-11-26
430284,Opilia,山柚仔属,,,2012-11-26
430285,Opianic acid,乙种鸦片酸；5.6二甲氧基苯醛酸,,,2012-11-26
430286,Ophiostoma ulmi (Buisman) Nannfeldt; Ceratocystis ulmi (Buisman) C. Moreau; Dutch elm disease,榆树立枯病菌,,,2012-11-26
430287,Ophiopogon; Lily-Turf，; Snake's beard,沿阶草属（百合科）,,,2012-11-26
430288,Ophiopogon japonicus Ker-Gawl; Convallaria japonica; Flueggea japonica Baker,带草；康成书带草（群芳谱）；沿阶草,,,2012-11-26
430289,Ophiopogon jaburan Lodd.,熨斗兰（日本）,,,2012-11-26
430290,Ophionectria sojac Hara,大豆株枯病菌,,,2012-11-26
430291,Ophioglossum vulgatum L.,瓶尔小草；一支箭；矛盾草；一支枪,,,2012-11-26
430292,Ophioglossum petiolatum Hook.,钝头瓶尔小草；花𫟿（日本）,,,2012-11-26
430293,Ophioglossum pedunculosum Desv.,一支箭；尖头瓶尔小草,,,2012-11-26
430294,Ophioglossum,瓶尔小草属,,,2012-11-26
430295,Ophioglassales,瓶尔小草目,,,2012-11-26
430296,Ophioglossaceae,瓶尔小草科,,,2012-11-26
430297,Ophiodothis,雀稗斑点病菌属（囊）,,,2012-11-26
430298,Ophioderma pendulum Pr.,带状瓶尔小草属（瓶尔小草科）,,,2012-11-26
430299,Ophioderma,带状瓶尔小草属（瓶尔小草科）,,,2012-11-26
430300,Ophiocytiaceae,弯藻科（绿）,,,2012-11-26
430301,Ophiochaeta graminis (Sacc) Hara; O. graminis Sacc,小糖草类立枯病菌,,,2012-11-26
430302,Ophiobolus setariae (Sawada) S. Ito et Kuribayashi; Cochliobolus setariae Dre-choler,粟胡麻叶病菌,,,2012-11-26
430303,Ophiobolus sativus (Pammel. King et Bakke) S. Ito et Kuribayashi,大麦小麦斑点病菌,,,2012-11-26
430304,Ophiobolus miyabcanus S. Ito et Kuribayashi; Cochiobolus miyabeanus (Ho et Kuribayashi ) Drechler,稻胡麻叶枯病菌,,,2012-11-26
430305,Ophiobolus heterostrophus Drechsler; Cochliobolus heterostrophus Drechler,玉蜀黍胡麻叶枯病菌,,,2012-11-26
430306,Ophiobolus graminis Sacc,稻；大麦；小麦；小糠草类立枝病菌,,,2012-11-26
430307,Ophiobolus cariceti Sacc.,大麦小麦立枝病菌；小糠草类立枝病菌,,,2012-11-26
430308,Ophiobolus,麦类立枝病菌属,,,2012-11-26
430309,operon (Jacob Perrin Sanchez & Monod 1960),操纵子,,,2012-11-26
430310,operculum,蒴盖,,,2012-11-26
430311,opercule,盖；蒴盖；囊盖；孔盖,,,2012-11-26
430312,operculate,有帽的；有盖的,,,2012-11-26
430313,Operculatae,有盖地钱族,,,2012-11-26
430314,operator zero mutations (Oo),操纵基因零突变,,,2012-11-26
430315,operator mutation,操纵基因突变,,,2012-11-26
430317,operator constitutive mutations (Oc),操纵基因构成突变,,,2012-11-26
430318,operator (Jacob & Monod 1959),操纵基因,,,2012-11-26
430319,operating voltage,工作电压,,,2012-11-26
430320,open venation,开放脉,,,2012-11-26
430321,open vegetation; open community,疏生植被；疏生群落,,,2012-11-26
430322,open vascular bundle,开放维管束,,,2012-11-26
430323,open type,开放型,,,2012-11-26
430324,open system,开放系统,,,2012-11-26
430325,open root,祼出根,,,2012-11-26
430326,open pollination,天然传粉,,,2012-11-26
430327,open pistil,裸出雌蕊,,,2012-11-26
430328,open oross,自由杂交,,,2012-11-26
430329,open ifntercrossing,天然互交,,,2012-11-26
430330,open formation,散生群系,,,2012-11-26
430331,open dichotomous venation,开张二岐叶脉,,,2012-11-26
430332,open culture; out door culture,露地栽培,,,2012-11-26
430333,open community,开放性植物社会,,,2012-11-26
430334,open circulatory system,开放循环系统,,,2012-11-26
430335,open bundle,开放维管束,,,2012-11-26
430336,open association,散生群丛,,,2012-11-26
430337,open,散生的,,,2012-11-26
430338,Opegrapha,孢号苔属（地衣）,,,2012-11-26
430339,opalescent,乳光的,,,2012-11-26
430340,Oparin， A.I.,奥帕润（人名）,,,2012-11-26
430341,opacus,暗的；不透明的,,,2012-11-26
430342,opacity,混浊；不透明；暗度,,,2012-11-26
430343,ootid; ovotid,卵细胞,,,2012-11-26
430344,Oosporeae,马铃薯痂皮病菌族,,,2012-11-26
430345,Oospora,马铃荤痂皮病菌属,,,2012-11-26
430346,oosphere-nucleus,卵核分裂,,,2012-11-26
430347,oosphere fungi; Oomycota,卵菌类（卵菌门）,,,2012-11-26
430348,oosphere,未受精卵；雌配子,,,2012-11-26
430349,ooplasm,卵质,,,2012-11-26
430350,oophyte; female gametophyte,（藓类的）雌配子植物体,,,2012-11-26
430351,oophoridium,大孢子囊（卷柏类的）,,,2012-11-26
430352,Oomycota; oosphere fungi,卵菌门,,,2012-11-26
430353,oomycetes,卵菌类；游走菌类（藻菌）,,,2012-11-26
430354,ookinosis,卵核分裂,,,2012-11-26
430355,ookinete; vermicule,（原生动物有移动能力的）合子；动合子,,,2012-11-26
430356,oogonium (Boveri 1891),卵原细胞,,,2012-11-26
430357,oogonium; oocyst,卵胞,,,2012-11-26
430358,oogonial cell,卵原细胞,,,2012-11-26
430359,oogenous,生卵的,,,2012-11-26
430360,oogenesis,卵的形成；卵子发生,,,2012-11-26
430361,oogamous,受精生殖的,,,2012-11-26
430362,oogamete,雌配子,,,2012-11-26
430363,ooecium; ovicell,卵室,,,2012-11-26
430364,oocyte (Boveri 1891); unfertilized egg cell,卵母细胞；未受精卵细胞,,,2012-11-26
430365,oocyst,卵囊；卵胞,,,2012-11-26
430366,oocyan， oocyanin,卵毒素,,,2012-11-26
430367,oocenter (Fol 1891),卵中心,,,2012-11-26
430368,ooblast; connecting filament,连络丝,,,2012-11-26
430369,ooapogamy,二倍体单性生殖；体细胞单性生殖,,,2012-11-26
430370,Onychium tenuifrons Ching,狭叶金粉蕨,,,2012-11-26
430371,Onychium siliculosum C. Chr.,金粉蕨,,,2012-11-26
430372,Onychium lucidum (Don) Spreng,栗柄金粉蕨,,,2012-11-26
430373,Onychium japonicum (Thunb) Kuntze,野鸟尾；鸟蕨；中华金粉蕨；柏香莲,,,2012-11-26
430374,Onychium,金粉蕨属（中国蕨科）,,,2012-11-26
430375,ontogeny (Haeckel 1886); ontogenesis,个体发生,,,2012-11-26
430376,ontogenetic theory (of bacterial transformation); cyclogenic theory of bacterial transformation,个体发生说,,,2012-11-26
430377,ontogenetic allometry; heterauxesis,个体发生中不成比例的相对生长,,,2012-11-26
430378,ontogenetic,个体发生的,,,2012-11-26
430379,ontogenesis; ontogeny,个体发生,,,2012-11-26
430380,ontocline,发育渐差,,,2012-11-26
430381,Ononis,花柄花属（豆科）,,,2012-11-26
430382,Onocleinae,珠子蕨族,,,2012-11-26
430383,Onocleaceae,珠子蕨科,,,2012-11-26
430384,Onoclea sensibilis L. var. interrupta Maxim.,珠子蕨属,,,2012-11-26
430385,Onoclea orientalis Hook.,大珠子蕨,,,2012-11-26
430386,Onoclea,珠子蕨属,,,2012-11-26
430387,onion; Allicum cepa L.,洋葱,,,2012-11-26
430388,Onobrychis,驴豆属（豆科）,,,2012-11-26
430389,Onion yellow dwarf virus Melhus et al.,葱；洋葱萎缩病菌,,,2012-11-26
430390,one-way disc plow,单向圆盘犁,,,2012-11-26
430391,one-step mutation,一阶段突变,,,2012-11-26
430392,one-to-one hypothesis,一对一说,,,2012-11-26
430393,one-step meiosis (Cleveland 1947),一阶段减数分裂（只有一次核分裂的减数分裂）,,,2012-11-26
430394,one-step growth,一阶段生长,,,2012-11-26
430395,one-sided masculine inheritance,限在性遗传,,,2012-11-26
430396,one-sided inheritance,限性遗传（限於单方面的性的遗传）,,,2012-11-26
430397,one-quantum theory,一光量子说,,,2012-11-26
430398,one-plane theory,单面交叉说,,,2012-11-26
430399,one-grained wheat; Triticum monococcum L.,一粒小麦,,,2012-11-26
430400,one-gene-one-function hypothesis,一基因一作用说,,,2012-11-26
430401,one-gene-one primary function hypothesis,一基因一基本机能〔学〕说,,,2012-11-26
430402,one-gene heterosis,单基因杂种强势,,,2012-11-26
430403,one-eseeded pod,单种子荚,,,2012-11-26
430404,one-egg twin,单卵双生,,,2012-11-26
430405,one-carpeled ovary,一心皮子房,,,2012-11-26
430406,one season flowering,一季开花性,,,2012-11-26
430407,one operon-one messenger hypothesis,一操纵子一传讯者说,,,2012-11-26
430408,one bud side grafting,（接木的）一芽腹接法,,,2012-11-26
430409,Oncospermae,瘤状种子椰子族（椰子科）,,,2012-11-26
430410,Oncophorus wahlenbergii Brid,曲背藓,,,2012-11-26
430411,Oncophorus virens (Sw) Brid,大曲背藓,,,2012-11-26
430412,Oncophorus crispifolius (Mitt) Lindb.,卷叶曲背藓,,,2012-11-26
430413,Oncophorus,曲背藓属,,,2012-11-26
430414,oncometry,器官体积测量法,,,2012-11-26
430415,oncometer,器官体积测量器,,,2012-11-26
430416,oncogene,致癌基因,,,2012-11-26
430417,Oncobeae,花瓣萼片圆形亚科（大风子科）,,,2012-11-26
430418,onagrad type,柳叶菜型,,,2012-11-26
430419,Onagraceae; evening-primrose family,柳叶菜科；月见草科,,,2012-11-26
430420,Omphalia lapialia Schroct,雷丸菌（中药志）雷凡（本经）；竹苓（担）；竹林子（广西）；竹铃芝（陕西）,,,2012-11-26
430421,omoriha; Picea omorika Purkyne,鱼鳞松类（药）科,,,2012-11-26
430422,omobrachial chromosome,等臂染色体,,,2012-11-26
430423,omnis cellula cellula,细胞来自细胞,,,2012-11-26
430424,ombrophytes; ombrophils; ombrophilous plants; rain loving plants,好雨植物,,,2012-11-26
430425,ombrophobous plants; ombrophobes; rain-hating plants,嫌雨植物,,,2012-11-26
430426,ombrophobes; ombrophobous plants; rain-hating plants,嫌雨植物,,,2012-11-26
430427,ombrophils; ombrophilous plants; Rain loving plants,好雨植物,,,2012-11-26
430428,ombrophilous plants; ombrophils; ombrophytes; rain-loving plants,好雨性植物,,,2012-11-26
430429,ombrometer,雨量计,,,2012-11-26
430430,ombratropism,向雨性,,,2012-11-26
430431,Olpidium viciae Kusano,蚕白豌豆火肿病菌,,,2012-11-26
430432,Olpidium trifolii Schr&ouml;ter,白花三叶草火肿病菌,,,2012-11-26
430433,Olpidium brassicae (Woron) Dangeard,烟草萎黄病菌；甘蓝苗立枯病菌,,,2012-11-26
430434,Olpidium,油壸菌属；甘蓝立枯病菌属,,,2012-11-26
430435,Olpidiaster radicis (de Wildeman) Pascher,亚麻烧枯病菌,,,2012-11-26
430436,Olpidiaceae,甘蓝苗立枯病菌科；油壸菌科（壸菌目）,,,2012-11-26
430437,ologenesis,分岐内因论,,,2012-11-26
430438,olive-green mold,橄榄绿霉,,,2012-11-26
430439,olive; Olea,齐暾果；油橄榄；洋橄榄,,,2012-11-26
430440,olive family; Oleaceae,木樨科；油橄榄科,,,2012-11-26
430441,olivaceous,橄榄色,,,2012-11-26
430442,olistherochromatin,淡染色质,,,2012-11-26
430443,Oliniaceae,欧林科,,,2012-11-26
430444,oligotrophic lake,营养分少的湖泊,,,2012-11-26
430445,Oligotrichum,小赤藓属,,,2012-11-26
430446,oligotaxy,花轮减少,,,2012-11-26
430447,oligospermous,产少数种子的,,,2012-11-26
430448,oligosaccharide,寡糖类,,,2012-11-26
430449,oligopyrene sperm,减（染色体）数精子,,,2012-11-26
430450,oligomery,减数性,,,2012-11-26
430451,oligomer (Changeus 1964),同一胺基酸蛋白质,,,2012-11-26
430452,oligolecithal; isolecithal,（散布于细胞质中的）少量卵黄,,,2012-11-26
430453,oligohalobion,寡盐生物,,,2012-11-26
430454,oligogenic character,主基因控制的性状,,,2012-11-26
430455,oligogenic,主基因的,,,2012-11-26
430456,oligogene (Mather 1941); major gene; chief gene,主基因,,,2012-11-26
430457,oligodynamy,微动作用,,,2012-11-26
430458,oligodynamic action,微力作用,,,2012-11-26
430459,Oligocene epoch,渐新世,,,2012-11-26
430460,oligocarpous,有少数心皮的；有少数果实的,,,2012-11-26
430461,oligandrous,有少数雄蕊的,,,2012-11-26
430462,olibanum,乳香,,,2012-11-26
430463,olibanorescene,乳香树脂烃,,,2012-11-26
430464,oleyl alcohol,油醇；十八烯〔9〕-醇-〔1〕,,,2012-11-26
430465,oleoplast,造油体,,,2012-11-26
430466,oleocome,（藓类细胞质中的）脂肪体,,,2012-11-26
430467,oleiculture,蔬菜园艺,,,2012-11-26
430468,olein; glycerol; trioleate,三油酸甘油酯；三油酸（化）甘油；十八烯酸丙三酯；十八烯酸（化）丙三基,,,2012-11-26
430469,oleic acid,油酸；十八烯-〔9〕-酸；液脂酸,,,2012-11-26
430470,olefinic hydrocarbons,不饱和烃,,,2012-11-26
430471,oleaster family; Elaeagnaceae,胡颓子科,,,2012-11-26
430472,oleandrin,夹竹桃素,,,2012-11-26
430473,Oleandraceae,筿蕨科,,,2012-11-26
430474,Oleandra wallichii (Hook.) Pr.,高山筿蕨,,,2012-11-26
430475,Oleandra undulata (Willd) Ching,波边筿蕨,,,2012-11-26
430476,oleandra cumingii J. Sm.,华南筿蕨,,,2012-11-26
430477,oleander; Nerium,夹竹桃,,,2012-11-26
430478,oleandra,筿蕨属,,,2012-11-26
430479,oleamide,油酸醯胺；十八烯-〔9〕-醯胺,,,2012-11-26
430480,oleaginous,脂肪性的；油性的；产油的,,,2012-11-26
430481,oleaceous,洋橄榄科的,,,2012-11-26
430482,Oleaceae; olive family,木樨科；洋橄榄科,,,2012-11-26
430483,Olea glandulifera Wall.,滇榄树,,,2012-11-26
430484,Olea; loive,洋橄榄属；阿列布属；齐墩果属（木樨科）,,,2012-11-26
430485,Olea europaea L.; olive tree,齐墩果（酉阳杂俎）；洋橄榄树（于）,,,2012-11-26
430486,Oldenlandia diffusa Roxb.,二叶葎,,,2012-11-26
430487,Olea europaea L. var oleaster DC.,小叶洋橄榄树,,,2012-11-26
430488,old yellow enzyme,老黄酵素,,,2012-11-26
430489,old world arrowhead; Sagittaria sagittifolia L. var. sinensis Makino,慈姑,,,2012-11-26
430490,old man's beard; Usnea longissima Ach.,柘萝（地衣）,,,2012-11-26
430491,old flower pollination,老花传粉,,,2012-11-26
430492,Olax,铁青树属,,,2012-11-26
430493,Olax wightiana Wall. ex Wight et Am.,铁青树；鸟牛花,,,2012-11-26
430494,okra; gumbo; Hibiscus esculentus L.,黄蜀葵；毛茄；山茄,,,2012-11-26
430495,Olacaceae; Olax family,铁青树科；幌木科,,,2012-11-26
430496,Okamuraea,冈村苔属,,,2012-11-26
430497,oil-water interface,油水分界面,,,2012-11-26
430498,oiling; loeification,油处理,,,2012-11-26
430499,oil tea camellia; Camellia sasanqua Staun,油茶,,,2012-11-26
430500,oil sac,油囊,,,2012-11-26
430501,oil receptacle,油腺,,,2012-11-26
430502,oil palm; Elaeis guineenois Jacq,油椰子,,,2012-11-26
430503,oil of wintergreen,冬青油；柳酸甲酯；柳酸（化）甲基,,,2012-11-26
430504,oil immersion lens,油浸镜头,,,2012-11-26
430505,oil gland,油腺,,,2012-11-26
430506,oil fraction,（分馏后）油的部分,,,2012-11-26
430507,oil duct; oil canal,油管,,,2012-11-26
430508,oil cell dot,油胞点,,,2012-11-26
430509,oil cell,油细胞,,,2012-11-26
430510,oil cavity,油腔,,,2012-11-26
430511,oil canal; oil duct,油道,,,2012-11-26
430512,oil body,油体,,,2012-11-26
430513,oil,油,,,2012-11-26
430514,oikesis; ecesis; establishment,定著；定居,,,2012-11-26
430515,oidium; oidiospore,分裂子；粉孢子,,,2012-11-26
430516,Oidium tingitaninum Carter,柑橘白粉病菌,,,2012-11-26
430517,Oidium tabaci Th&uuml;m,烟草白粉病菌,,,2012-11-26
430518,Oidium rosae indicae Sawada,月季花白粉病菌,,,2012-11-26
430519,Oidium lini Skoric; Erysiphe polygoni de Candolle,亚麻白粉病菌,,,2012-11-26
430520,Oidium euonymi-japonicae (Hrcher) Sacc,卫予白粉病菌,,,2012-11-26
430521,Oidium chrysenthemi Raberhorst; Erysiphe cichora de Candolle,菊白粉病菌,,,2012-11-26
430522,Oidium,卵霉属,,,2012-11-26
430523,oidiospore; oidium,分裂子；粉胞子,,,2012-11-26
430524,Oidiopsis taurica (L&eacute;v) Salmon,辣椒白粉病菌,,,2012-11-26
430525,oidiophore,分裂子柄,,,2012-11-26
430526,Oidiomycetes,卵丝霉菌类,,,2012-11-26
430527,Oicomonas,圆形单鞭毛藻属,,,2012-11-26
430528,Oicomonadaceae,圆形单鞭毛藻科,,,2012-11-26
430529,ogranization,体制；组织；机构,,,2012-11-26
430530,ogranic matte,有机物质,,,2012-11-26
430531,ogranelle; cell organ,胞器,,,2012-11-26
430532,often cross-pollinated crop,常异交作物,,,2012-11-26
430533,offspring-parent relationship,亲子关系,,,2012-11-26
430534,offspring-parent regression,亲子间回归,,,2012-11-26
430535,offshoot,分枝；分【薛+木】,,,2012-11-26
430536,offspring,后裔；子孙,,,2012-11-26
430537,offset,1.匍匐枝；2.侧生芽,,,2012-11-26
430538,off-season nursery,非季节性苗圃,,,2012-11-26
430539,off year,不结果年度；小年,,,2012-11-26
430540,off type,非正常型,,,2012-11-26
430541,oestrogen,雌激素,,,2012-11-26
430542,oestrone,雌酮,,,2012-11-26
430543,oestrane,雌烷,,,2012-11-26
430544,oestradiol,雌二醇,,,2012-11-26
430545,oeruginous,鲜绿色,,,2012-11-26
430546,O-enzyme,O-酵素,,,2012-11-26
430547,Oenothera; Evening primrose,月见草属,,,2012-11-26
430548,Oenotheraceae; Onagraceae; Evening primrose family,月见草科；柳叶菜科,,,2012-11-26
430549,Oenothera odorata Jacq.,月见草；夜来香；山芝麻,,,2012-11-26
430550,Oenothera lamarckiana L.; European evening rose,大月见草,,,2012-11-26
430551,Oenanthe; dropwater,水芹属（繖形科）（香芹科）,,,2012-11-26
430552,Oenanthe stolonifera DC.; Oenanthe javanica DC.,水芹；水斳,,,2012-11-26
430553,Oenanthe sinense Dunn,中华水芹,,,2012-11-26
430554,Oenanthe rosthornii Diels,卵叶水芹,,,2012-11-26
430555,Oenanthe javanica (Bl) DC.; O. stolonifera (Roxb) Wall ex DC.,水芹；水斳,,,2012-11-26
430557,Oenanthe dielsii Boiss. var. stenophylla Boiss.,细叶水芹,,,2012-11-26
430558,Oenanthe dielsii Boiss.,西南水芹,,,2012-11-26
430559,Oenanthe bengalensis (Roxb) Kurz,少花水芹,,,2012-11-26
430560,Oedogonium concatenatum,间生藻,,,2012-11-26
430561,Oedogonium,间生藻属,,,2012-11-26
430562,Oedogoniaceae,间生藻枓,,,2012-11-26
430563,Oedipodium griffithianum (Dicks) Schwaegr,长台藓,,,2012-11-26
430564,Oedipodiaceae,长台藓科,,,2012-11-26
430565,Oecology; ecology,生态学,,,2012-11-26
430566,odorate,有气味的,,,2012-11-26
430567,Odontotinus,荚蒾类（忍冬科）,,,2012-11-26
430568,Odontosoria chinensis J. Sm; Spheuomeris chinensis (L.) Maxon,乌韭（本草经）；中华乌蕨,,,2012-11-26
430569,Odontosoria,乌韭属（蕨）,,,2012-11-26
430570,Odontoschisma denudatum (Nees) Dumortier,合叶裂齿苔,,,2012-11-26
430571,Odontopteris,叶蕨属（化石）,,,2012-11-26
430572,Odontoglossum ringspot virus， Jensen et Gold.,建兰斑纹病菌,,,2012-11-26
430573,Odontochismaceae,裂齿苔科,,,2012-11-26
430574,odepression (&Ouml;stergren， Morris & Wakonig 1958),有丝分裂减少,,,2012-11-26
430575,Odentoglossum pulchellum,齿瓣兰,,,2012-11-26
430576,odd-pinnately commpound leaf,奇数羽状复叶（植形）,,,2012-11-26
430577,odd-pinnate,奇数羽状的,,,2012-11-26
430578,oculated,有眼状斑纹的,,,2012-11-26
430579,ocular; eye-piece,（显微镜的）接目镜,,,2012-11-26
430580,octylene,辛烯-〔2〕,,,2012-11-26
430581,octylamine (n),辛胺,,,2012-11-26
430582,octoploidy,八倍性,,,2012-11-26
430583,octose,八炭糖,,,2012-11-26
430584,octoploid,八倍体,,,2012-11-26
430585,Octoknema,八足属,,,2012-11-26
430586,Octoknemaceae,线状胎座科；八足科（卢开运）,,,2012-11-26
430587,octofariores,八列的,,,2012-11-26
430588,octodiploidy,八重二倍性,,,2012-11-26
430589,octodiploid,八重二倍体,,,2012-11-26
430590,Octodiceras,八齿凤尾藓亚属（凤尾藓属）,,,2012-11-26
430591,Octoblepharum albidum (L.) Hedw,八齿藓,,,2012-11-26
430592,Octoblepharum,八齿藓属,,,2012-11-26
430593,Octoblepharoidcae,八齿藓亚科,,,2012-11-26
430594,Octoblepharaceae,八齿藓,,,2012-11-26
430595,octdecylamine(n),十八胺,,,2012-11-26
430596,octant,八分体,,,2012-11-26
430597,octanoic acid; caprylic acid,辛酸,,,2012-11-26
430598,octane,辛烷,,,2012-11-26
430599,octandrous,有八个雄蕊的,,,2012-11-26
430600,Octandria,八雄蕊门,,,2012-11-26
430601,octandioic acid; suberic acid,栓酸；辛二酸,,,2012-11-26
430602,octanamide; caprylamide,辛醯胺,,,2012-11-26
430603,octanal; caprylaldhyde,辛醛,,,2012-11-26
430604,octamerous,八数的或八的倍数的,,,2012-11-26
430605,octadecanoic acid,十八烷酸；硬脂酸,,,2012-11-26
430606,octadecane,十八烷,,,2012-11-26
430607,octadecanamide; stearamide,十八醯胺,,,2012-11-26
430608,octadecanal; stearaldehyde,十八醛,,,2012-11-26
430609,ocrea， ochrea,裙状叶鞘,,,2012-11-26
430610,Ocimum sanctum L.,九层塔（H.F.)；蔡皮草（H.F.),,,2012-11-26
430611,Ocimum basieicum L.,罗勒（嘉祐本草）；光明子（果实）；兰香（嘉祐本草）；零陵香（植物名实图考）；薰草（本草纲目）；罗勃（叶汹l）,,,2012-11-26
430612,ocimene,萝艻萜,,,2012-11-26
430613,Ochrospora sorbi Dietel; O. ariae (Fuckel) Sydow,梨叶锈病菌,,,2012-11-26
430614,Ochrospora kraunhiae (Dietel) Dietel,藤锈病菌,,,2012-11-26
430615,Ochrospora,紫藤锈病属,,,2012-11-26
430616,Ochrospora ariae (Fuckel) Sydow,梨叶锈病菌；林荫银莲花锈病菌之一白头翁锈病菌,,,2012-11-26
430617,ochronosis,褐黄病,,,2012-11-26
430618,Ochromonadaceae,不等黄鞭藻科,,,2012-11-26
430619,Ochroma,轻木属（木棉科）,,,2012-11-26
430620,ochroleucus,淡赭色,,,2012-11-26
430621,ochrea; ocrea,裙状叶鞘,,,2012-11-26
430622,ochre mutant (Breuner， Stretton & Kaplan 1965),赭色突变体；无效实变体,,,2012-11-26
430623,Ochraolechia,肉疣苔属（地衣）,,,2012-11-26
430624,ochraceous,赭黄色,,,2012-11-26
430625,Ochnaceae; ochna family,金莲木科,,,2012-11-26
430626,Ochna integerrima (Lour) Merr.,金莲木,,,2012-11-26
430627,Ochna family; Ochnaceae,金莲木料,,,2012-11-26
430628,Ochna,金莲木属,,,2012-11-26
430629,Ochlandra capitata (Kunth) Camus,奥克兰竹属,,,2012-11-26
430630,Ochlandra,奥克兰竹属,,,2012-11-26
430631,Ocellularia microspora M&uuml;ll.-Arg.,雌苔（地衣）,,,2012-11-26
430632,Ocellularia,雌苔属（地衣）,,,2012-11-26
430633,ocellic (ocellus sins),叶中扩大褪色〔的〕细菌,,,2012-11-26
430634,Ocellania nashi Hara,梨枝枯病菌,,,2012-11-26
430635,oceanography,海洋学,,,2012-11-26
430636,oceanium,海洋群落,,,2012-11-26
430637,oceanic zone,海洋痭,,,2012-11-26
430638,oceanic province,海洋区,,,2012-11-26
430639,oceanic plankton,海洋性浮游生物,,,2012-11-26
430640,oceanic distribution,海洋分布,,,2012-11-26
430641,oceanic community,海洋群集,,,2012-11-26
430642,occlusion,树木伤口〔的〕愈合,,,2012-11-26
430643,occasional regeneration; accidental regeneration,偶发性再生,,,2012-11-26
430644,occasional parasite,偶然寄生物,,,2012-11-26
430645,occasional,偶发的；偶见的,,,2012-11-26
430646,obumbrant,悬垂的,,,2012-11-26
430647,obtusely serrate,钝锯齿的,,,2012-11-26
430648,obtuse-angulate,成钝角的,,,2012-11-26
430649,obturator,珠孔塞,,,2012-11-26
430650,obtuse,钝形的；钝头的；钝角,,,2012-11-26
430651,obsturction,梗阻；不通,,,2012-11-26
430652,obsolete,退化的；不显著的,,,2012-11-26
430653,obsolescent,发育不完全的；逐渐萎缩的,,,2012-11-26
430654,observation,观察,,,2012-11-26
430655,obserevd number,观察数,,,2012-11-26
430656,obscure-aeneous,暗铜色,,,2012-11-26
430657,obscure,暗的,,,2012-11-26
430658,obpyriform,倒洋梨形,,,2012-11-26
430659,obovoid,倒卵圆形的,,,2012-11-26
430660,obovate,倒卵形的,,,2012-11-26
430661,oblong-terete,长椭圆状圆筒形,,,2012-11-26
430662,oblong-ovate,狭卵形,,,2012-11-26
430663,oblong,长椭圆形的,,,2012-11-26
430664,oblong-lanceolate,广披针形,,,2012-11-26
430665,obliterate,消失的；不明的,,,2012-11-26
430666,obliquely zysomorphic,斜向两侧对称的,,,2012-11-26
430667,oblique side grafting,（接木的）倾腹接法,,,2012-11-26
430668,oblique division,斜分裂,,,2012-11-26
430669,oblique cutting,斜插,,,2012-11-26
430670,oblique,歪形的；不等边的；斜的,,,2012-11-26
430671,obligte anaerobiont,绝对嫌气生物,,,2012-11-26
430672,obligatory plant,定型传粉植物,,,2012-11-26
430673,obligatory parthenogenesis,绝对单性生殖,,,2012-11-26
430674,obligatory parasitism,绝对寄生,,,2012-11-26
430675,obligatory halophile,真正好盐〔性〕的,,,2012-11-26
430676,obligatory anaerobic; strictly anaerobic,绝对嫌气的,,,2012-11-26
430677,obligatory anaerobic bacteria,真正嫌气〔性〕细菌,,,2012-11-26
430678,obligatory anaerobes,真正嫌气〔性〕细菌,,,2012-11-26
430679,obligatory aerobic; strictly aerobic,绝对好气的,,,2012-11-26
430680,obligatory aerobic bacteria; strictly aerobic bacteria,真正好气〔性〕细菌,,,2012-11-26
430681,obligatory aerobes,真正好气〔性〕细菌,,,2012-11-26
430682,obligatory,绝对的；专性的,,,2012-11-26
430683,obligative parthenogenesis,绝对单性生殖,,,2012-11-26
430684,obligate symbiont,绝对共生物,,,2012-11-26
430685,obligate saprophytism,真正腐生性,,,2012-11-26
430686,obligate parthenogensis,绝对单性生殖,,,2012-11-26
430687,obligate paratisism,真正寄生性,,,2012-11-26
430688,obligate parasite,真正寄性菌,,,2012-11-26
430689,obligate long-day plants,绝对〔性的〕长日植物,,,2012-11-26
430690,obligate halophytes,绝对盐生植物,,,2012-11-26
430691,obligate diapause,不可缺的休眠,,,2012-11-26
430692,obligate autotrophism,绝对自营性,,,2012-11-26
430693,obligate autotroph,绝对自营性植物,,,2012-11-26
430694,obligate anaerobic,绝对嫌气的,,,2012-11-26
430695,obligate aerobe,绝对需气生物,,,2012-11-26
430696,obligate,必须的,,,2012-11-26
430697,oblatoid,类似扁球形的,,,2012-11-26
430698,oblate spheroidal,近扁球形的,,,2012-11-26
430699,oblate,扁圆的,,,2012-11-26
430700,oblanceolate,倒坡针形的,,,2012-11-26
430701,objective; objective lens,（显微镜上的）接物镜,,,2012-11-26
430702,objective method,客观方法,,,2012-11-26
430703,objective lens; objective,接物镜,,,2012-11-26
430704,objective environment,客观〔的〕环境；可〔用理化方法〕测〔定的〕环境,,,2012-11-26
430705,object micrometer,接物测微尺,,,2012-11-26
430706,object lens,接物镜,,,2012-11-26
430707,object glass; slide glass,载物玻璃片；载玻片,,,2012-11-26
430708,object,对象,,,2012-11-26
430709,obdiplostemony,交叉二轮雄蕊,,,2012-11-26
430710,obdiplostemonous,二轮雄蕊交叉的,,,2012-11-26
430711,obcuneate,到楔形的,,,2012-11-26
430712,obcordate,倒心脏形的,,,2012-11-26
430713,obconic， obconical,倒圆锥形的,,,2012-11-26
430714,obcompressed,前后扁平的,,,2012-11-26
430715,obakunon,黄柏酮,,,2012-11-26
430716,obakulacton,黄柏内酯,,,2012-11-26
430717,oatmeal,燕麦片；燕麦粉,,,2012-11-26
430718,oat; Avena sativa L.,燕麦,,,2012-11-26
430719,oat pseudo-rosette virus， Grebennikov,燕麦北地嵌纹病毒,,,2012-11-26
430720,oat coleoptile test,燕麦芽鞘测验,,,2012-11-26
430721,oasis,绿洲,,,2012-11-26
430722,oak-apple,槲叶没食子,,,2012-11-26
430723,oak; Quercus,栎树；橡树,,,2012-11-26
430724,o&ouml;telosis,卵子完成,,,2012-11-26
430725,o&ouml;spore; zygote; o&ouml;sperm; o&ouml;blastema,1.受精卵2.若干原生动物在胞囊中的合子；卵胞子,,,2012-11-26
430726,o&ouml;sperm; o&ouml;blastema; o&ouml;spore; zygote,受精卵；合子,,,2012-11-26
430727,o&ouml;some (Sylvestri 1941); germ line body; germ cell determinant,生殖细胞系体，生殖细胞决定子,,,2012-11-26
430728,o&ouml;plasmic segregation,卵质分离,,,2012-11-26
430729,o&ouml;gamy,卵受精,,,2012-11-26
430730,o&ouml;blastema; o&ouml;sperm; o&ouml;spore; zygote,受精卵,,,2012-11-26
430731,O antigen; somatic antigen,菌体抗原,,,2012-11-26
430732,Nyssaceae,珙桐科,,,2012-11-26
430733,O agglutinin; somatic agglutinin,菌体凝集素,,,2012-11-26
430734,Nyssa sinensis Oliv.,蓝（兰）果树；紫树（宜兴）,,,2012-11-26
430735,Nyssa javanica Wagner,云南紫树（陈嵘）,,,2012-11-26
430736,Nyssa family; Nyssaceae,珙桐科,,,2012-11-26
430737,Nyssa,兰果树属；紫树属（珙桐科）,,,2012-11-26
430738,Nymphoides peltatum Britt et Bend,荇菜（诗经）；莕菜（唐本草）；茆,,,2012-11-26
430739,Nymphoides indica O. Kuntze,金银莲花（草花谱）,,,2012-11-26
430740,Nympheaceae; water-lily family,睡莲科,,,2012-11-26
430741,Nymphaeales,睡莲目,,,2012-11-26
430742,Nymphaeineae,睡莲亚目,,,2012-11-26
430743,Nymphaea; Egypotian lotus; nymphea; pond-lily,白花睡莲,,,2012-11-26
430744,Nymphaea tuberosa Paine; magnolia water-lily,块茎睡莲,,,2012-11-26
430745,Nymphaea tetragona Georgi var. angusta Casp. subvar. orientalis Casp.,睡莲；子午莲,,,2012-11-26
430746,Nymphaea rubra Roxb.; red Indian water-lily,红花睡莲,,,2012-11-26
430747,Nymphaea odorata Ait.; sweet scented water-lily; american water-lily; fragrant water-lily,香睡莲,,,2012-11-26
430748,Nymphaea mexicana Zucc.; yellow water-lily; yellow Mexican water-lily,黄花睡莲,,,2012-11-26
430749,Nymphaea lotus L.; white lotus of Egypt,埃及白睡莲,,,2012-11-26
430750,Nymphaea capensis Thunb.; Cape water-lily; Cape blue water-lily,好望角睡莲,,,2012-11-26
430751,Nymphaea caerulea Sav.; blue lotus of Egypt,青花睡莲,,,2012-11-26
430752,nyctipelagic plankton,感夜运动,,,2012-11-26
430753,nyctitropism,睡莲属,,,2012-11-26
430754,nyctinasty,向夜性,,,2012-11-26
430755,Nyctanthes; night jasmine,夜素馨；红脚花,,,2012-11-26
430756,nyctinastic movement; sleep movement; nyctitropism,夜透性浮游生物,,,2012-11-26
430757,Nyctanthes arbor-tristis L.; night jasmine; tree of sadness; tree of sadness; Indian moumer,就眠运动；睡眠运动,,,2012-11-26
430758,Nyctalis,台阁蕈属夜素馨属（木樨科）,,,2012-11-26
430759,Nyctagos; foru o'clock; Nyctaginaceae,夜繁花科；紫茱莉科,,,2012-11-26
430760,Nyctaginaceae; four-o'clock family; Nyctagos,夜繁花科；紫茱莉科,,,2012-11-26
430761,Nux vomica; Strychnos nux-vomica,马钱子；番木鳖,,,2012-11-26
430762,nutshell,坚果外壳,,,2012-11-26
430763,nutritive tissue,营养组织,,,2012-11-26
430764,nutritive value,营养价,,,2012-11-26
430765,nutritive symbiosis,营养共生,,,2012-11-26
430766,nutritive stimulus,营养刺激,,,2012-11-26
430767,nutritive substance,营养物质,,,2012-11-26
430768,nutritive salts,营养盐类,,,2012-11-26
430769,nutritive root,营养根,,,2012-11-26
430770,nutritive potential,营养潜力,,,2012-11-26
430771,nutritive organ,营养器官,,,2012-11-26
430772,nutritive layer,营养层,,,2012-11-26
430773,nutritive material,营养物质,,,2012-11-26
430774,nutritive equilibrium,营养平衡,,,2012-11-26
430775,nutritive epeculiarity,营养特性,,,2012-11-26
430776,nutritive cell,营养细胞,,,2012-11-26
430777,nutritional requirement,营养需求性,,,2012-11-26
430778,nutritional type,营养型,,,2012-11-26
430779,nutritional factor,营养因素,,,2012-11-26
430780,nutritional exacting grade,营养必需度,,,2012-11-26
430781,nutrient substance,营养物质,,,2012-11-26
430782,nutrient solution,培养液,,,2012-11-26
430783,nutrient requiring mutant,营基需求突变体,,,2012-11-26
430784,nutrient medium,培养基,,,2012-11-26
430785,nutrient fluid,培养液,,,2012-11-26
430786,nutrient,养分,,,2012-11-26
430787,nutrient cell,营养细胞,,,2012-11-26
430788,nutriculture,培养液栽培,,,2012-11-26
430789,nutriction,营养,,,2012-11-26
430790,nutmeg-apple,肉荳蔻果,,,2012-11-26
430791,nutmeg melon; netted melon（英）；cantaloupe（美）；Cucumis melo L. var. reticulatus Naud.,网纹甜瓜,,,2012-11-26
430792,nutmeg family; Myristicaceae,肉荳蔻科,,,2012-11-26
430793,nutlet; nucule; nucula; pyrene,小坚果,,,2012-11-26
430794,nutgall,没食子,,,2012-11-26
430795,nutemg; Myristica fragrans Houtt,肉荳蔻,,,2012-11-26
430796,nutation; growth movement,生长运动,,,2012-11-26
430797,nutation,垂头；屈垂,,,2012-11-26
430798,nutant; nodding,垂头的,,,2012-11-26
430799,nut; glans,坚果,,,2012-11-26
430800,nurture,环境,,,2012-11-26
430801,nursery test,苗床检定,,,2012-11-26
430802,nursery stock,苗木,,,2012-11-26
430803,nurse tree,掩护树,,,2012-11-26
430804,nurse tissue,假助细胞组织,,,2012-11-26
430805,nurse cell; trerile auxiliary cell,营养细胞,,,2012-11-26
430806,Nuphar; yellow water lily; yellow pond lily; cow lily; spatterdock,萍蓬草属（睡莲科）,,,2012-11-26
430807,Nuphar pumilum (Timm) DC.,萍蓬草,,,2012-11-26
430808,Nuphar japonicum DC.,萍蓬草（本草拾遗）；川骨,,,2012-11-26
430809,N-unit; neutron dosimetry,N-单位；中子剂量单位,,,2012-11-26
430810,nunatak hypothesis,非冰河区说,,,2012-11-26
430811,numerical hybrid,（染色体）异数杂种；两亲染色体数不同的杂种,,,2012-11-26
430812,numerical chromosome changes,染色体数目变化,,,2012-11-26
430813,numerical aperture,（接物镜的）开口数,,,2012-11-26
430814,number of degree of freedom,自由度数目,,,2012-11-26
430815,nullozygous gene,缺偶基因,,,2012-11-26
430816,nullisomy,零染色体性,,,2012-11-26
430817,nullisomic haploids,零染色体单倍体；少一染色体的单倍体；n-1单倍体,,,2012-11-26
430818,nullisomic diploid,零染色体二倍体；少一对染色体的二倍体,,,2012-11-26
430819,nullisomic analysis,零染色体分析,,,2012-11-26
430820,nullisomic (Blakeslee 1921),零染色体的,,,2012-11-26
430821,nullisome-tetrasome combination,零染色体四染色体组合,,,2012-11-26
430822,nullisome,零染色体,,,2012-11-26
430823,nulliplex (Belling， Blakeslee & Farnham 1923),（多倍体）零显性型；零显体,,,2012-11-26
430824,nulli-haploid (Riley & Chapman 1958); nullisomic haploid,少一染色体的单倍体；n-1单倍体,,,2012-11-26
430825,null hypothesis,虚无拟说,,,2012-11-26
430826,Nudiflorae,裸花类（轮藻）,,,2019-03-11
430827,nude,裸出的；无遮盖的,,,2019-03-12
430828,nucule; nucula; nutlet; pyrene,1.小坚果；2.若干藻类的卵胞,,,2012-11-26
430829,nucula; nucule; nutlet; pyrene,1.小坚果；2.若干藻类（例如轮藻）的卵胞,,,2012-11-26
430830,nucleus of cell,细胞核,,,2012-11-26
430831,nucleus (Brown 1831),核,,,2012-11-26
430832,nucleotoxin,核毒素,,,2012-11-26
430833,nucleotoxic effect,核毒效果,,,2012-11-26
430834,nucleotide pyrophosphatase,核苷酸焦磷酸酶,,,2012-11-26
430835,nucleotide,核苷酸酶,,,2012-11-26
430836,nucleotidase,核苷酸酶,,,2012-11-26
430837,nucleosome (Navashin 1912),核仁表面小体,,,2012-11-26
430838,nucleosis; nuclear prolifera-tion,核增生,,,2012-11-26
430839,nucleoside transdeoxyribosy-lase,核苷糖化酶,,,2012-11-26
430840,nucleoside phosphorylase,核苷加磷酸酶,,,2012-11-26
430841,nucleoside hydrolase,核苷水解酶,,,2012-11-26
430842,nucleoside,核苷,,,2012-11-26
430843,nucleosidase,核苷酶,,,2012-11-26
430844,nucleose,核蛋白脂,,,2012-11-26
430845,nucleoreticulum,核网,,,2012-11-26
430846,nucleoprotein; nucleoproteid,核蛋白,,,2012-11-26
430847,nucleoprotamine,核鱼精蛋白,,,2012-11-26
430848,nucleoplasmic ratio (Hertwig 1903),核质比率；核质比,,,2012-11-26
430849,nucleoplasmic index (Hertwig 1903),核质指数,,,2012-11-26
430850,nucleoplasm (Strasburger 1882); karyoplasm,核质,,,2012-11-26
430851,nucleophilic gene,亲核基因,,,2012-11-26
430852,nucleophosphatase; nucleotidase,核苷酸酶,,,2012-11-26
430853,nucleophilic,亲核的,,,2012-11-26
430854,nucleonema,核丝,,,2012-11-26
430855,nucleomixis (Diamelidis 1951),（在减数分裂过程中的）核接合,,,2012-11-26
430856,nucleomicrosome,核微粒,,,2012-11-26
430857,nucleolytic,（由于酵素的）核分解的,,,2012-11-26
430858,nucleolus vacuole,核仁液胞,,,2012-11-26
430859,nucleolus organizing region,核仁组成部,,,2012-11-26
430860,nucleolus chromatin,核仁染色质,,,2012-11-26
430861,nucleolus associated chromosome,核仁附著染色体,,,2012-11-26
430862,nucleolus associated chromatin (Thorell 1944),核仁附著染色质,,,2012-11-26
430863,nucleolus (Bowman 1840),核仁；仁,,,2012-11-26
430864,nucleolonema (Estable & sotelo 1950),核仁丝,,,2012-11-26
430865,nucleolo-centrosome,似核仁中心体,,,2012-11-26
430866,nucleolinus,核仁内粒,,,2012-11-26
430867,nucleolin,核仁素,,,2012-11-26
430868,nucleolar zone (Serra 1942),（染色体的）核仁带,,,2012-11-26
430869,nucleolar organizen,核仁构造素,,,2012-11-26
430870,nucleolar organizer (McClintock 1934),（染色体之）核仁组成体,,,2012-11-26
430871,nucleolar hyperactivity,核仁活性过高,,,2012-11-26
430872,nucleolar chromosome,核仁染色体,,,2012-11-26
430873,nucleolar constriction,（染色体的）核仁缢缩部；（染色体的）第二缢缩部,,,2012-11-26
430874,nucleolar apparatus,核仁器,,,2012-11-26
430875,nucleolar,核仁的,,,2012-11-26
430876,nucleoid (Piekarski 1937),核状体,,,2012-11-26
430877,nucleohyaloplasm; nuclear hyaloplasm,核透明质,,,2012-11-26
430878,nucleohistone,核组织蛋白,,,2012-11-26
430879,nucleoglucoprotein,核糖蛋白,,,2012-11-26
430880,nucleogelase,核酸胶酶,,,2012-11-26
430881,nucleofugal,离核的,,,2012-11-26
430882,nucleodesma (Scott 1950); karyodesma,核质丝,,,2012-11-26
430883,nucleodepolymerase,核酸（多量体）解离酶,,,2012-11-26
430884,nucleo-cytoplasmic system,核质系,,,2012-11-26
430885,nucleo-cytoplasmic ratio,核质比率；核质比,,,2012-11-26
430886,nucleo-cytoplasmic interface,核质分界面,,,2012-11-26
430887,nucleo-cytoplasmic interaction,核质相互作用,,,2012-11-26
430888,nucleo-cytoplasmic incomptibility,核质不亲和性,,,2012-11-26
430889,nucleochylema,核液,,,2012-11-26
430890,nucleo-albumose,核蛋白【月+示】,,,2012-11-26
430891,nucleo-albumin,核蛋白素,,,2012-11-26
430892,nucleo -cytoplasmic relation,核质关系,,,2012-11-26
430893,nucleindesaminase,核质去胺酶,,,2012-11-26
430894,nucleination,核酸增加,,,2012-11-26
430895,nuclein,核成分；核质,,,2012-11-26
430896,nucleic acid cycle,核酸周期,,,2012-11-26
430897,nucleic acid (Altmann 1889),核酸酶；切断核酸链的二燐酸酯的酵素,,,2012-11-26
430898,nucleated protoplasmic band,具有核的原生质带,,,2012-11-26
430899,nucleate,有核的,,,2012-11-26
430900,nuclease,核酸酶；切断核酸链的二燐酸酯的酵素,,,2012-11-26
430901,nuclear-cytoplasmic ratio,核质比率,,,2012-11-26
430902,nuclear-cytoplasmic incompatibility,核质不亲和性,,,2012-11-26
430903,nuclear vesiculation,核泡化,,,2012-11-26
430904,nuclear type,（胚乳形成时）游离核型,,,2012-11-26
430905,nuclear transplanta-tion,核移植,,,2012-11-26
430906,nuclear tetrad,核四分子,,,2012-11-26
430907,nuclear surface tension,核表面张力,,,2012-11-26
430908,nuclear substitution,核置换,,,2012-11-26
430909,nuclear substance; karyoplasm,核质,,,2012-11-26
430910,nuclear spindle,核纺锤骿,,,2012-11-26
430911,nuclear sixing,核性别检定,,,2012-11-26
430912,nuclear sex,核性别,,,2012-11-26
430913,nuclear segregation,（多核体内不同遗传性质的核）核分离,,,2012-11-26
430914,nuclear sap; karyolymph,核液,,,2012-11-26
430915,nuclear reticulum,核网,,,2012-11-26
430916,nuclear reaction; Feulgen reaction,核反应,,,2012-11-26
430917,nuclear pore,核膜孔,,,2012-11-26
430918,nuclear plate,核板,,,2012-11-26
430919,nuclear phenotype (Darlingtion 1932),核〔的〕表现型；遗传控制染色体的形态,,,2012-11-26
430920,nuclear phase,核相,,,2012-11-26
430921,nuclear migration,核转移,,,2012-11-26
430922,nuclear membrane; karyomembrane,核膜,,,2012-11-26
430923,nuclear inclusion body,核内小体,,,2012-11-26
430924,nuclear hyaloplasm; nucleohyaloplasm,核透明质,,,2012-11-26
430925,nuclear gene,核基因,,,2012-11-26
430926,nuclear fusion,核愈合；核融合,,,2012-11-26
430927,nuclear fragmenta-tion,核裂断,,,2012-11-26
430928,nuclear envelope,核膜,,,2012-11-26
430929,nuclear division; karyokinesis,核分裂,,,2012-11-26
430930,nuclear dimorphism,核二型性,,,2012-11-26
430931,nuclear cycle,核周期,,,2012-11-26
430932,nuclear differentia-tion,核分化,,,2012-11-26
430933,nuclear cavity,核腔,,,2012-11-26
430934,nuclear chromation,核染色质,,,2012-11-26
430935,nuclear budding,核出芽,,,2012-11-26
430936,nuclear cap,核帽,,,2012-11-26
450460,nuclear body; nucleoid,（细菌中的）核状体；核粒,,,2012-11-26
450461,nuclear association (Buller 1941),核联合,,,2012-11-26
450462,nucin; jughone,胡桃醌,,,2012-11-26
450463,nuciferous,有坚果的,,,2012-11-26
450464,nucellus embryo,珠心胚,,,2012-11-26
450465,nucellus,珠心,,,2012-11-26
450466,nucellar seedling,珠心苗,,,2012-11-26
450467,nucellar embryony,珠心胚现象,,,2012-11-26
450468,nucellar embryo,珠心胚,,,2012-11-26
450469,nucellar cell,珠心细胞,,,2012-11-26
450470,nucellar cap,珠心帽,,,2012-11-26
450471,nucellar beak,珠心突起,,,2012-11-26
450472,Nu particles (nucleosomes),核仁表面小体；核仁表面粒子,,,2012-11-26
450473,N-terminus,（遗传翻译之）N-煞尾,,,2012-11-26
450474,N-S ratio,降水量饱差比,,,2012-11-26
450475,n-pentadecyl alcohol; 1-pentadecanol,十五醇,,,2012-11-26
450476,noxious weeds,恶性杂草种子,,,2012-11-26
450477,noxious weed seeds,恶性杂草种子,,,2012-11-26
450478,Nowellia curvifolia (Dicks) Mitt,拳叶苔,,,2012-11-26
450479,Nowellia,拳叶苔属,,,2012-11-26
450480,noviform,新型植物,,,2012-11-26
450481,Notoscyphus,黄鳞藓属,,,2012-11-26
450482,Notopterygium incisium Ting.,羗活；独活（本草经）,,,2012-11-26
450483,Notopterygium forbesii Boiss.,宽叶羗活；福氏羌活（药材学）,,,2012-11-26
450484,Notopterygium,背翅芹属（繖形科）,,,2012-11-26
450485,notomorph,两亲相同的杂种群,,,2012-11-26
450486,Nothosmyrnium japonicum Miq.,紫茎芹；藁本（日本）,,,2012-11-26
450487,Nothosmyrnium,紫茎芹属（繖形科）,,,2012-11-26
450488,Nothoperanema,肉刺蕨属（鳞毛蕨科）,,,2012-11-26
450489,Nothopanax dividii (Franch) Harms,异叶梁王茶,,,2012-11-26
450490,Nothopanax,梁王茶属（五加科）,,,2012-11-26
450491,Notholaena hirsuta (Poir) Desv.,隐囊蕨,,,2012-11-26
450492,Notholaena chinensis Bak.,中华隐囊蕨,,,2012-11-26
450493,Notholaena,隐囊鞮属（中国蕨科）,,,2012-11-26
450494,Nothapodytes,膺柴龙树属（茶茱萸科）,,,2012-11-26
450495,Nothaphoebe dulouxii Lecomte,峨嵋赛楠,,,2012-11-26
450496,Nothaphoebe omeiensis Chun,滇赛楠（陈嵘）,,,2012-11-26
450497,Nothaphoebe cavaleriei (L&eacute;vl) Yang,西南赛楠；峨嵋赛楠,,,2012-11-26
450498,Nothaphoebe,赛楠属（樟科）,,,2012-11-26
450499,Notching,缺刻,,,2012-11-26
450500,Nostocaceae,念珠藻科（蓝）,,,2012-11-26
450501,Nostoc paludosum,葛仙米,,,2012-11-26
450502,Nostoc commune Vauch,地年（名医别录）念珠藻,,,2012-11-26
450503,Nostoc,念珠藻属（蓝）,,,2012-11-26
450504,Northern Makinoesia,日本最北分布区北部,,,2012-11-26
450505,Northern cereal mosaic,大麦北地嵌纹病,,,2012-11-26
450506,North and East Australian floral region,北、东澳洲植物区系区,,,2012-11-26
450507,North African-Indian floral region,北非洲印度植物区系区,,,2012-11-26
450508,Normandina,诺曼地苔属（地衣）,,,2012-11-26
450509,normalizing selection,常态化选择,,,2012-11-26
450510,normality,当量浓度,,,2012-11-26
450511,normal spectrum (of life forms),（生活形）标准序列,,,2012-11-26
450512,normal solution,规定溶液,,,2012-11-26
450513,normal saline solution,生理盐溶液,,,2012-11-26
450514,normal saline,生理盐水,,,2012-11-26
450515,normal distribution,常态分布,,,2012-11-26
450516,normal dispersion,正常分散,,,2012-11-26
450517,normal deviate,常态偏差,,,2012-11-26
450518,normal curve,常态曲线,,,2012-11-26
450519,normal concentration,规定浓度,,,2012-11-26
450520,normal bud; definite bud,定芽,,,2012-11-26
450521,normal,正常；标准；当量,,,2012-11-26
450522,norm of reaction; reaction norm,反应规格,,,2012-11-26
450523,Norfolk pine; Araucaria excelsa R. Br.,南洋杉,,,2012-11-26
450524,Nopalxochia,令箭答花属（仙人掌科）,,,2012-11-26
450525,Nopalea coccinellifera S-Dyck; nopal,臙脂仙人掌,,,2012-11-26
450526,nonylamine (n),壬胺（n),,,2012-11-26
450527,nonylone; 9-heptadecanone,十七酮-〔9〕；二辛甲酮,,,2012-11-26
450528,nonyl aldehyde,壬醛,,,2012-11-26
450529,non-xeromorphic xerophyte,非旱生形的旱生植物,,,2012-11-26
450530,non-vascular plants,无维管束植物,,,2012-11-26
450531,nonuploidy,九倍性,,,2012-11-26
450532,nonuploid,九倍体,,,2012-11-26
450533,non-synchronized division,非同时分裂,,,2012-11-26
450534,non-synchronized,非同时的,,,2012-11-26
450535,non-synchronization,非同时性,,,2012-11-26
450536,non-symbiotic nitrogen-fixation,非共生固氮作用,,,2012-11-26
450537,non-symbiotic germination,无菌发芽,,,2012-11-26
450538,non-symbiotic culture; sterile culture; aseptic culture,无菌培养,,,2012-11-26
450539,non-symbiotic bacteria,非共生细菌,,,2012-11-26
450540,non-sulphur purple bacteria,非硫黄紫色细菌,,,2012-11-26
450541,nonsucculent plants,非多汁植物,,,2012-11-26
450542,non-spore-bearing bacillus,无孢子杆菌,,,2012-11-26
450543,non-specificity,非专一性；非特殊性,,,2012-11-26
450544,nonspecific pairing,（染色体之）非专一的配对,,,2012-11-26
450545,non-specific agglutination,非专一性凝集作用,,,2012-11-26
450546,nonsister chromatids; non-sister strands,非姊妹染色分体,,,2012-11-26
450547,non-showy flowering,雌蕊裸出,,,2012-11-26
450548,nonsense suppressor,无意义抑制基因,,,2012-11-26
450549,nonsense mutation,无意义突变,,,2012-11-26
450550,nonsense codon,无意义密码,,,2012-11-26
450551,non-segregating hybrid,不分离杂种,,,2012-11-26
450552,non-related crossing,非亲缘交配,,,2012-11-26
450553,non-reduction (Belling 1925),（染色体）不减数,,,2012-11-26
450554,non-reducing sugar,非还原性糖,,,2012-11-26
450555,non-reducing disaccharides,非还原性双糖类,,,2012-11-26
450556,non-recurrent parent,非输回亲,,,2012-11-26
450557,non-reciprocal translocation,非相互（染色体）易位,,,2012-11-26
450558,non-reciprocal structural change,非相互性构造变化,,,2012-11-26
450559,non-random segregation; non-random assortment,非逢机分离,,,2012-11-26
450560,non-random mating,非逢机交配,,,2012-11-26
450561,non-protein respiratory quotient,非蛋白质呼吸商,,,2012-11-26
450562,non-proportional counter,非正比计数器,,,2012-11-26
450563,non-porous wood,无孔材,,,2012-11-26
450564,non-polyploid series; heteroploid series,非整倍数系列,,,2012-11-26
450565,non-polarizable electrode,不分极电极,,,2012-11-26
450566,non-polar solvent,非极性溶剂,,,2012-11-26
450567,non-polar compounds,非极性化合物,,,2012-11-26
450568,non-polar,非极性的,,,2012-11-26
450569,non-physiological movement,非生理性的运动,,,2012-11-26
450570,non-parental ditype; NPD,非亲型二型（四分子）,,,2012-11-26
450571,non-overlapping triplet,非重叠三连字,,,2012-11-26
450572,non-osmotic water uptake,非渗透〔的〕水分吸收,,,2012-11-26
450573,non-nucleate,无核的,,,2012-11-26
450574,non-Mendelian inheritance; non-Mendelian heredity,非孟德尔型遗传,,,2012-11-26
450575,non-Mendelian factor (Correns 1909),非孟德尔〔的〕基因,,,2012-11-26
450576,non-mealy,黏质的；非粉质的,,,2012-11-26
450577,non-living substance,非生活物质,,,2012-11-26
450578,non-living material,非生活物质,,,2012-11-26
450579,non-living environ-mental condition of organisms,生物不能生活的环境条件,,,2012-11-26
450580,non-living body,非生物体,,,2012-11-26
450581,non-linear with time,与时间〔的〕关系不是直线的,,,2012-11-26
450582,non-linear correla-tion,非直线相关,,,2012-11-26
450583,non-ionic substance,非离子化物质,,,2012-11-26
450584,non-identical alleles,非同源对偶基因,,,2012-11-26
450585,non-hygromorphic hygrophyte,非湿生形态的湿生植物,,,2012-11-26
450586,non-homologous synapsis; non-homologous pairing,异源染色体联会；异源配对；异型联会,,,2012-11-26
450587,non-homologous pairing; non-homologous synapsis,异源染色体（或部分）联会；异源配对,,,2012-11-26
450588,non-homologous chromosomes,异源染色体；异型染色体,,,2012-11-26
450589,non-homologous,异源的；非纯质的；非相同的,,,2012-11-26
450590,non-histone,非组织蛋白,,,2012-11-26
450591,non-heritable variation; non-hereditary variation,非遗传性变异,,,2012-11-26
450592,non-green plant,非绿色植物,,,2012-11-26
450593,non-genic variation,非基因变异,,,2012-11-26
450594,non-exchangeable potassium,非交换性钾,,,2012-11-26
450595,non-essential element,非必要元素,,,2012-11-26
450596,non-essential amion-acid,非必要氨基酸,,,2012-11-26
450597,non-enzymatic electron carrier,非酵素〔性〕电子传达体；非酶电子传达体,,,2012-11-26
450598,non-endospermic seed,无胚乳种子,,,2012-11-26
450599,non-drying oil,不干〔性油〕,,,2012-11-26
450600,non-dormant seed,不休眠种子,,,2012-11-26
450601,non-disjunction (Bridges 1913),（染色体）不分离,,,2012-11-26
450602,non-directiveness,不定向性,,,2012-11-26
450603,non-cyclic photophosphoryla-tion,非循环性光磷化作用,,,2012-11-26
450604,non-cumulative genes,非累加〔性〕基因,,,2012-11-26
450605,non-crossover,非交叉型,,,2012-11-26
450606,non-conjugation (Belling 1925); asynapsis,不联会；不配对,,,2012-11-26
450607,non-congression (Darlington 1937),染色体联会失败（不能集合于赤道板上）,,,2012-11-26
450608,non-compensating chiasma,非互补交叉,,,2012-11-26
450609,nonchromosomal,非染色体的,,,2012-11-26
450610,nonchiasmate; achiasmate,无交叉,,,2012-11-26
450611,mass method of breeding; bulk population breeding,混合育种法,,,2012-11-26
450612,mass meristem,块状分生组织,,,2012-11-26
450613,mass flow hypothesis,巨流假说；集流说,,,2012-11-26
450614,mass flow,巨流；集流,,,2012-11-26
450615,mass colony,块状群落,,,2012-11-26
450616,mass collection,大量采集,,,2012-11-26
450617,mass breeding,混合育种,,,2012-11-26
450618,maslin,混植麦（欧洲古式的小麦黑麦混植）,,,2012-11-26
450619,mashed corolla,假面状花冠,,,2012-11-26
450620,masculine; staminate,雄性的；有雄蕊的,,,2012-11-26
450621,Maschalopterides,石松类,,,2012-11-26
450622,Mascarena; pignut palm,酒瓶椰子属（棕榈科）,,,2012-11-26
450623,Mascarena verschaffeltii L.H.Bailey; spindle palm; Verschaffelt bottle palm; Hyophorbe verschaffeltii Wendl.,棍棒椰子,,,2012-11-26
450624,Mascarena revaughanii L.H.Bailey; Vaughan bottle palm,伏更氏瓶形椰子,,,2012-11-26
450625,Mascarena lagenicaulis L.H.Bailey; bottle palm,酒瓶椰子,,,2012-11-26
450626,marumi kumquat; round kumquat; Fortunella japonica Swingle,金橘,,,2012-11-26
450627,Martyniaceae,角胡麻科,,,2012-11-26
450628,Martynia louisiana Mill; common unicorn plant; proboscis flowr; elephant's trunk,角胡麻,,,2012-11-26
450629,martynia family; Martyniaceae,角胡麻科,,,2012-11-26
450630,Martynia,角胡麻属（角胡麻科）,,,2012-11-26
450631,Martinezia,马缔纳齐氏椰子属,,,2012-11-26
450632,Martensia,绫锦藻属（红）,,,2012-11-26
450633,martagon; Turk's cap lily; Lilium martagon L.,钵帽百合；头巾百合,,,2012-11-26
450634,marsupium,（苔藓类的）悬垂藏卵器囊,,,2012-11-26
450635,Marsupellaceae,钱袋苔科,,,2012-11-26
450636,Marsupella yahushimensis (Horik) Hatt.,东亚公袋苔,,,2012-11-26
450637,Marsupella disticha Steph.,蔓性钱袋苔,,,2012-11-26
450638,Marsupella,钱袋苔属,,,2012-11-26
450639,Marssonia puerariae Sawada,三叶草类叶枯病菌,,,2012-11-26
450640,Marssonia pitebtukkae (Desm.) Fischer,草莓叶枯病菌,,,2012-11-26
450641,Marssonia panattoniana (Berl.) Magnus,莴苣炭疽病菌,,,2012-11-26
450642,Marssonia manschurica (Naoumoff) Sawada; Marssonia mansch-urica (Naoumoff) Sawada,胡桃类白星病菌,,,2012-11-26
450643,Marssonia manschurica (Naoumoff) Sawada,胡桃类白星病菌,,,2012-11-26
450644,Marssonia mali (Henn.) Ito,贴梗海棠苹果褐纹病菌,,,2012-11-26
450645,Marssonia Kriegeriana Bresadola,杞柳；柳树胴枯病（黑斑病）菌,,,2012-11-26
450646,Marssonia carthami Fukui; Colletotrichum carthami (Fukui) Hori et Hemmi,红蓝花炭疽病菌,,,2012-11-26
450647,Marssonia carthami Fukui; Colletotichum carthame (Fukui) Hori et Hemmi,红蓝花炭疽病菌,,,2012-11-26
450648,Marssonia,苹果斑叶病菌属（不）,,,2012-11-26
450649,Marssonia brunnea (Ellis et Everhart) Magnus,白杨落叶病菌,,,2012-11-26
450650,Marsillia quadrifolia L.,苹（吴普本草）；田字草；破铜钱；四叶菜；夜合草；芣菜（本草纲目）,,,2012-11-26
450651,Marsillia crenata Pr.,南国田字草；四叶苹,,,2012-11-26
450652,Marsiliales,苹目,,,2012-11-26
450653,Marsiliaceae; waterclover family,苹科（田字草科）,,,2012-11-26
450654,Marsilia; pepperwort; water-clover,苹属（蕨类）,,,2012-11-26
450655,marshy meadow,湿地草原,,,2012-11-26
450656,marsh trefoil; buck bean; Menyanthes trifoliata L.,睡菜（本草纲目）（龙胆科）,,,2012-11-26
450657,marsh plants;,沼泽植物,,,2012-11-26
450658,marsh marigold; Caltha palustris L.,立金花；猿猿草；驴蹄草（毛茛科）,,,2012-11-26
450659,marsh mallow; Althaea officinalis L.,欧洲蜀葵（锦葵科植物的一种）,,,2012-11-26
450660,marsh grass,沼泽禾草,,,2012-11-26
450661,marsh,沼泽,,,2012-11-26
450662,Marrubium; hoarhound,苦薄荷属（薄荷科）,,,2012-11-26
450663,Marrubium vulgare L.; hoar-hound common horehound,苦薄荷,,,2012-11-26
450664,marrubin,苦薄荷素,,,2012-11-26
450665,marrowleaf firethorn; Pyracantha angustifolia Schneider,狭叶肖木瓜,,,2012-11-26
450666,marrow-fat; marrow pea,大粒碗豆（碗豆的一种）,,,2012-11-26
450667,marrow oblong,狭椭图形,,,2012-11-26
450668,Marrow honey suckle; Lonicera marrowi A. Gray,吉利子树（救荒本草）（忍冬科）,,,2012-11-26
450669,Marmor upsilon Holmes; potato virus Y. Smith,马铃薯Y嵌纹病毒,,,2012-11-26
450670,Marmor aucuba Holmes; potato aucuba mosaic virus Quanjer,马铃薯黄斑嵌纹病毒,,,2012-11-26
450671,marmalade,果酱；果胶,,,2012-11-26
450672,Marlea platanifolia Sieb. et Zucc. Alangium sp.,大空（唐本草）；八角枫（植典）,,,2012-11-26
450673,marking method of transplanting,定位移植法,,,2012-11-26
450674,marker rescue; cross reactivation,交叉活化〔作用〕；标识救护,,,2012-11-26
450675,marker molecule,标识分子,,,2012-11-26
450676,marker gene; genetic marker,标识基因,,,2012-11-26
450677,marker,标识,,,2012-11-26
450678,maritime vegetation,海边植被,,,2012-11-26
450679,maritime,海岸的,,,2012-11-26
450680,maritime forest,海岸林,,,2012-11-26
450681,Marisua,地皮属（地衣）,,,2012-11-26
450682,Mariopteris,三角蕨属（化石）,,,2012-11-26
450683,marine soil,海积土,,,2012-11-26
450684,marine plant community,海水植物群落,,,2012-11-26
450685,marine plankton,海生浮游生物,,,2012-11-26
450686,marine biotic community,海洋生物群集,,,2012-11-26
450687,marine biological station,海洋生物学工作站,,,2012-11-26
450688,marine algae community,海藻植物群落,,,2012-11-26
450689,marine algae,海藻,,,2012-11-26
450690,marihuana marihjuana,大麻花（大麻雌株的干燥花序）,,,2012-11-26
450691,marigold; Tagetes,万寿菊,,,2012-11-26
450692,marguerite; golden marguer-ite; Anthemis tiactoria L.,发汗菊,,,2012-11-26
450693,marguerite; Chrysanthemum frutescens L.,木春菊（植病目录）,,,2012-11-26
450694,margined,有边缘的,,,2012-11-26
450695,marginate,有边缘的,,,2012-11-26
450696,marginal variega-tion,缘斑,,,2012-11-26
450697,marginal ray tracheid,边缘芒髓管胞,,,2012-11-26
450698,marginal ray cell,边缘芒髓细胞,,,2012-11-26
450699,marginal plasma,边缘细胞质,,,2012-11-26
450700,marginal placenta,边缘胎座,,,2012-11-26
450701,marginal pits,边缘导孔,,,2012-11-26
450702,marginal pinna trace,（维管束的）周缘U形叶迹,,,2012-11-26
450703,marginal meristem,周缘分裂组织,,,2012-11-26
450704,marginal initials,周缘始原细胞,,,2012-11-26
450705,marginal growth,周缘生长,,,2012-11-26
450706,marginal flower,周边花,,,2012-11-26
450707,marginal effect,边际效果,,,2012-11-26
450708,marginal distribution,边缘分布,,,2012-11-26
450709,marginal cell,周边细胞,,,2012-11-26
450710,marginal carpellary bundle,心皮边缘维管束,,,2012-11-26
450711,marginal branching,周边分枝,,,2012-11-26
450712,marginal bast,边缘靭皮部,,,2012-11-26
450713,margin; limb; brim; edge,边缘,,,2012-11-26
450714,margaritaceous,珠光的,,,2012-11-26
450715,Marchantioideae,地钱亚科,,,2012-11-26
450716,Marchantiineales,地钱群,,,2012-11-26
450717,Marchantiales,地钱目,,,2012-11-26
450718,Marchantiaceae,地钱科,,,2012-11-26
450719,Marchantia planipora Steph.,花地钱,,,2012-11-26
450720,Marchantia diptera Mont. et n. ab. E.,风兜地钱；网诮a钱,,,2012-11-26
450721,Marchantia,地钱属（苔类）,,,2012-11-26
450722,Marcgraviaceae,蜜囊花科,,,2012-11-26
450723,marcesent,凋枯性的；凋枯而不落下的,,,2012-11-26
450724,marble-wood,1.柿（俗）2.黑檀（俗）3.齐暾果树（俗）4.合欢树（俗）,,,2012-11-26
450725,Maravalia hyalospora Dietel; Poliotelium hyalospora (Saw.) Maius.,相思树锈病菌,,,2012-11-26
450726,Marattiales,观音座莲目,,,2012-11-26
450727,Marattiaceae,观音座莲科（蕨）,,,2012-11-26
450728,Marattia fraxinea Sm,观音座莲舅,,,2012-11-26
450729,Marattia,观音座莲舅属,,,2012-11-26
450730,Marasmius semiustus Berkeley et Curtis,香蕉茎腐病菌,,,2012-11-26
450731,Marasmius sarmentosus Berkeley; M. equicrinis M&uuml;ller,茶发毛病菌,,,2012-11-26
450732,Marasmius sacchari Wakker,甘庶立枯病菌,,,2012-11-26
450733,Marasmius plicatus Wakker,旱稻立枯病菌,,,2012-11-26
450734,Marasmius equicrinis M&uuml;ller; marasmius disease; horse hair blight,茶发毛病菌,,,2012-11-26
450735,Marasmius,蓬莱蕈属,,,2012-11-26
450736,Marasmieae,蓬莱蕈亚科（担）,,,2012-11-26
450737,Marantaceae; maranta family arrowroot family,葛郁金科,,,2012-11-26
450738,Maranta; arrow root; Indian arrowroot,葛郁金属,,,2012-11-26
450739,maranta family; arrowroot family; Marantaceae,葛郁金科,,,2012-11-26
450740,Maranta bicolor Ker,巴西二色叶葛郁金,,,2012-11-26
450741,Maranta arundinacea L.; arrow root,葛郁金,,,2012-11-26
450742,maquis; macchia,硬叶低木林,,,2012-11-26
450743,maqui,智利田麻（智利产田麻科植物的一种）,,,2012-11-26
450744,mapping function,作（遗传连）锁图函数,,,2012-11-26
450745,mapping,基因线状排列作图,,,2012-11-26
450746,Mappianthus iodoides Hand.-Mazz.,甜果藤,,,2012-11-26
450747,Mappianthus,甜果藤属（茶茱萸科）,,,2012-11-26
450748,Mappia pittosp-oroides Oliv.,马比木（植物学名词审查本）,,,2012-11-26
450749,Mappia,马比木属（茶茱萸科）,,,2012-11-26
450750,maple; Acer palmatum Thunb.,枫树（山海经）,,,2012-11-26
450751,maple family; Aceraceae,枫树科（马君武 1907),,,2012-11-26
450752,map units,遗传图（连锁图）上单位,,,2012-11-26
450753,Maoutia puya (Wall.) Wedd.,水丝麻；翻白叶；沅麻,,,2012-11-26
450754,Maoutia,水丝麻属（荨麻科）,,,2012-11-26
450755,many-seed Idesia; Idesia polycarpa Maxim.,小桐子,,,2012-11-26
450756,many-flowered bamboo; Bambusa floribunda Zoll. et Maur.,凤凰竹,,,2012-11-26
450757,many seeded,多种子的,,,2012-11-26
450758,manuring effect,肥效,,,2012-11-26
450759,manure; fertilizer,肥料,,,2012-11-26
450760,manure salt,肥料盐,,,2012-11-26
450761,manure of nitrogen,氮肥,,,2012-11-26
450762,manubrium,把手细胞；把手体,,,2012-11-26
450763,mantle leaf,外盖叶,,,2012-11-26
450764,mantle fiber,外套纺锤丝,,,2012-11-26
450765,manoxylic,繖木的；少木的,,,2012-11-26
450766,manoscopy,气体密度检查法,,,2012-11-26
450767,manoscope,气体密度表,,,2012-11-26
450768,manometry,检压法,,,2012-11-26
450769,manometric techniques,检压技术,,,2012-11-26
450770,manometric method,检压法,,,2012-11-26
450771,manometer,压力计,,,2012-11-26
450772,mannosocellulose,甘露糖纤维素,,,2012-11-26
450773,mannose,甘露糖,,,2012-11-26
450774,mannosan; mannan,甘露聚糖；甘露蜜,,,2012-11-26
450775,mannopyranose; mannose,甘露糖,,,2012-11-26
450776,mannohydrone,甘露糖腺,,,2012-11-26
450777,mannitose; mannose,甘露糖,,,2012-11-26
450778,mannitol; mannite; manna sugar,甘露醇；己六醇,,,2012-11-26
450779,mannite; minnitol; manna sugar,甘露醇,,,2012-11-26
450780,mannase,梣甘露酶；甘露聚糖酶,,,2012-11-26
450781,mannan; mannosan,甘露聚糖,,,2012-11-26
450782,manna,甘露蜜,,,2012-11-26
450783,manna,梣甘露；木蜜；欧洲白蜡树溢出液,,,2012-11-26
450784,manioc; cassava,木薯；树薯,,,2012-11-26
450785,Manila hemp; Musa texlilis Ne'v,马尼刺麻,,,2012-11-26
450786,Manihoteae,树薯族,,,2012-11-26
450787,Manihot utilissima Pohl; manioc; cassava; tapioca; tropical plant; bitter cassava,树薯（广西）；葛薯（海南）,,,2012-11-26
450788,Manihot esculenta Crantz; M. utillissima Pohl,树薯,,,2012-11-26
450789,Manihot dulcis Pax.; sweet cassava; Aipe,甜树薯,,,2012-11-26
450790,Manihot,1.树薯属（大戟科）2.参茨属,,,2012-11-26
450791,manifold effect,多量效果,,,2012-11-26
450792,manicate,被乱毛所掩的,,,2012-11-26
450793,Manicaria; Sea nut palm,袋苞椰子属（棕榈科）,,,2012-11-26
450795,Manicaria plukenetii Gries et Wenal.; Timite palm,袋苞椰子,,,2012-11-26
450796,mangrove; Rhizophora,红树林,,,2012-11-26
450797,mangove Family; Rhizophoraceae,红树科,,,2012-11-26
450798,mangosteen; mangostan; manggis; Garcinia mangostana L,凤果,,,2012-11-26
450799,mangostan; mangosteen; manggis; Garcinia mangostena L.;,凤果；都念子；倒稔子；莽吉柿,,,2012-11-26
450800,mango; Mangifera indica L.,檬果；庵罗果；芒果；【木+亡】果,,,2012-11-26
450801,Manglietia tenuipes Dandy,广西木莲（陈嵘）,,,2012-11-26
450802,Manglietia fordiana (Hemsl.) Oliv.,木莲（酉阳杂俎）,,,2012-11-26
450803,Manglietia aromatica Dandy,香木莲（陈嵘）,,,2012-11-26
450804,Manglietia,木莲属（木兰科）,,,2012-11-26
450805,Mangifera odorata Griff.,香檬果,,,2012-11-26
450806,Mangifera indica L.; mango,檬（【木+亡】）果（广东）；檨果（图考）檨（福建漳浦、台湾）,,,2012-11-26
450807,Mangifera,檬(【木+亡】)果属（漆树科）,,,2012-11-26
450808,manggis; mangostan; mangosteen; Garcinia mangostana L.,凤果,,,2012-11-26
450809,mangel; mangel-wurzel,饲料用甜菜,,,2012-11-26
450810,manganese excess,锰过多,,,2012-11-26
450811,manganese deficiency,缺锰症,,,2012-11-26
450812,Manettia glabra Cham. et Schlecht; M. ignita K. Sch.,火焰草,,,2012-11-26
450813,Manettia,火焰草属（茜草科）,,,2012-11-26
450814,mane oat; banner oat; Tartarian oat; Avena sativa L. var. orientalis,鞑靼〔种〕燕麦,,,2012-11-26
450815,mandrake; Mandragora,1.鬼臼（小檗科）2.毒参；蔓陀罗（茄科）,,,2012-11-26
450816,Mandragora mandrake,狼毒属；毒参属（茄科）,,,2012-11-26
450817,Mandragora officinarum L.,狼毒；毒参；毒人参,,,2012-11-26
450818,Mandevilla suaveolens Lindl.; Chilean Jasmine,智利素馨,,,2012-11-26
450819,Mandevilla,智利素馨属（夹竹桃科）,,,2012-11-26
450820,mandelic acid,杏仁酸；苦杏仁酸,,,2012-11-26
450821,mandelate,杏仁酸盐,,,2012-11-26
450822,mandarine orange; tangerine orange; Satsuma orange; Citrus nobilis Lour.,柑；橘,,,2012-11-26
450823,Manchurian catalpa,木王（埤雅）,,,2012-11-26
450824,mandarine orange; Citrus reticulata Blanco,椪柑,,,2012-11-26
450825,manchineel; Hippomane mancinella,毒苹果（大戟科；树脂有毒）,,,2012-11-26
450826,mammose,乳房状的；乳头状的,,,2012-11-26
450827,Mammococcus,乳房球菌（细菌）,,,2012-11-26
450828,mammillate,有乳头状构造的,,,2012-11-26
450829,Mammillaria Anhalonium,银毛球属（仙人掌科）,,,2012-11-26
450830,mammilla,乳头状构造,,,2012-11-26
450831,mammee-apple Apricot of San Donringo; Mammea americana L.,马米杏（桃金壤科）,,,2012-11-26
450832,Mammea americana L.; mamee-apple; apricot of san Donringo,马米杏,,,2012-11-26
450833,mamillosus,有乳头的,,,2012-11-26
450834,Mamiania fimbriata (Persoon) Cesati et di Notaris,胡桃黑斑病菌,,,2012-11-26
450835,Mamiania coryli (Batsch) Cesati et de Notaris,榛树黑斑病菌,,,2012-11-26
450836,Malvineae,锦葵系,,,2012-11-26
450837,Malvaviscus drummondii Torr. et Gray,小灯笼朱槿,,,2012-11-26
450838,Malvaviscus arboreus Cav.; South American waxmallow,卷瓣朱槿；南美朱槿；木红袍,,,2012-11-26
450839,Malvaviscus arboreus Cav. var.penduli-florus Schery,垂花县铃花,,,2012-11-26
450840,Malvaviscus,悬铃花属；卷瓣朱槿属（锦葵科）,,,2012-11-26
450841,Malvastrum; false mallow,赛葵属（锦葵科）,,,2012-11-26
450842,Malvastrum spicatum A. Gray,穗赛葵（胡秀英）,,,2012-11-26
450843,Malvastrum coromandelianum (L.) Garcke; M. tricuspidatum Gray (陈嵘),赛葵；黄花草；黄花棉,,,2012-11-26
450844,Malvales,锦葵目,,,2012-11-26
450845,Malvaceae; mallow family,锦葵科,,,2012-11-26
450846,Malva; mallow,锦葵属,,,2012-11-26
450847,Malva verticillata L.; curled mallow,葵（神农本草）；冬葵；冬苋菜；冬寒菜,,,2012-11-26
450848,Malva sylvestris L.,锦葵,,,2012-11-26
450849,Malva sinensis Cavan; M. sylvestris L. var. mauritiana Mill.; tree mallow,锦葵；荍（尔雅）；蚍衃（尔雅）；荆葵（尔雅注）,,,2012-11-26
450850,Malva rotundifolia L.; common mallow; cheese,圆叶伏葵（于）,,,2012-11-26
450851,Malva parviflora L.,免葵（唐本草）,,,2012-11-26
450852,Malva negecta Wallr.,野葵菜（胡秀英）,,,2012-11-26
450853,Malva moschata L.; musk mallow,麝香葵,,,2012-11-26
450854,Malus yunnanensis (Franch.) Schneid.,滇池海棠（陈嵘）,,,2012-11-26
450855,Malus tschonskii (Maxim.) C.K. Schneid.,山苹果；山梨（日本）,,,2012-11-26
450856,Malus transitoria (Batal.) Schneid.,花叶海棠；花叶杜梨；涩枣子；马杜梨,,,2012-11-26
450857,Malus theifera Rehd.,野海棠（河南）,,,2012-11-26
450858,Malus spontanea Makino; M. floribunda Sieb. var. spontanea Makino,野海棠（日本）,,,2012-11-26
450859,Malus spectabilis Borkn.; Chinese flowering apple,海棠花（北平）,,,2012-11-26
450860,Malus soulardii Brit.,大鲜果,,,2012-11-26
450861,Malus sieversii (Ledeb.) Roem.,新疆野苹果,,,2012-11-26
450862,Malus siebodlii (Regel) Rehd.; M. Toringo Sieb.,三叶海棠；山茶果；山楂子；棠梨,,,2012-11-26
450863,Malus robusta (Carr.) Rehd.,西府海棠,,,2012-11-26
450864,Malus purpurea Rehd.,紫红叶海棠果,,,2012-11-26
450865,Malus pumila Mill; paradise apple,柰（名医别录）,,,2012-11-26
450866,Malus pumila Mill.; common apple,西洋苹果（陈嵘）；苹果,,,2012-11-26
450867,Malus pumila Mill. var. dulcissima Koidz.,日本苹果（于）,,,2012-11-26
450868,Malus prunifolia (Willd.) Borkh.,楸子；海棠果,,,2012-11-26
450869,Malus prattii (Hemsl.) Schneid.,顺滇海棠；西蜀海棠（陈嵘）,,,2012-11-26
450870,Malus micromalus Makino; kaido crab-apple,海红（本草纲目）；西府海棠（群芳谱）；子母海棠,,,2012-11-26
450871,Malus melliana (Hand.-Mazz.) Rehd.,尖嘴林檎,,,2012-11-26
450872,Malus manshurica (Maxim.) Rom.,毛山荆子,,,2012-11-26
450873,Malus kansuensis' (Batal.) Schneid.,陇东海棠（陈嵘）；甘肃海棠,,,2012-11-26
450874,Malus hupehensis Rehd. var. rosea Rehd.,玫瑰红野海棠；湖北海棠,,,2012-11-26
450875,Malus hupehensis (Pamp.) Rehd.,湖北海棠；野海棠；花红茶,,,2012-11-26
450876,Malus honanensis Rehd.,河南海棠；大叶毛樝（河南）；冬绿茶；山里锦,,,2012-11-26
450877,Malus halliana var. spontanea Koidz.,野海棠；山海棠,,,2012-11-26
450878,Malus halliana Koehne; Hall crab; flowering crab-apple,垂丝海棠（群芳谱）,,,2012-11-26
450879,Malus formosana Kawak. et Koidz.; Formosan apole,台湾苹果,,,2012-11-26
450880,Malus campanulatum Nickols,星葵,,,2012-11-26
450881,Malus beiringo Makino,红林檎,,,2012-11-26
450882,Malus baccata Borkh.,山荆子（河北习见树木图说）；山定子；林荆子,,,2012-11-26
450883,Malus asiatica Nakai,花红（浙江）；沙果；文林郎果；林檎（开宝本草）,,,2012-11-26
450884,Malus,苹果属（蔷薇科）,,,2012-11-26
450885,malty,麦芽的；似麦芽的,,,2012-11-26
450886,maltoside,麦芽糖苷,,,2012-11-26
450887,maltosazone,麦芽糖脎,,,2012-11-26
450888,maltose; maltobiose; malt-sugar,麦芽糖；麦芽乙糖,,,2012-11-26
450889,maltonic acid; D-gluconic acid,D-葡萄糖酸,,,2012-11-26
450890,maltoflavin,麦芽黄素,,,2012-11-26
450891,maltodextrin,麦芽糊精,,,2012-11-26
450892,maltobiose; maltose,麦芽糖,,,2012-11-26
450893,Malthus， Thomas R.,马尔萨斯,,,2012-11-26
450894,malt-house,麦芽制造所；麦芽贮藏所,,,2012-11-26
450895,malt-floor,麦芽胶,,,2012-11-26
450896,maltase,麦芽糖酶,,,2012-11-26
450897,malt extract; malt infusion,麦芽抽出物,,,2012-11-26
450898,malt,麦芽,,,2012-11-26
450899,malt agar,麦芽洋菜培养基,,,2012-11-26
450900,Malpighiaceae; malpighia family,金虎尾科,,,2012-11-26
450901,malpighia family; Malpighiaceae,金虎尾科,,,2012-11-26
450902,Malpighia,金虎尾属,,,2012-11-26
450903,Malpighi， Marcello,马尔匹吉,,,2012-11-26
450904,malonyl,丙二醯基；柰酸基,,,2012-11-26
450905,malonic acid,丙二酸；甲烷二酸；柰酸,,,2012-11-26
450906,maloamide,丙二醯胺,,,2012-11-26
450907,malnutrition,营养不良,,,2012-11-26
450908,malmaison,石竹的一种,,,2012-11-26
450909,mallow; Malva,锦葵,,,2012-11-26
450910,mallow family.; Malvaceae,锦葵科,,,2012-11-26
450911,Mallotus tenuifolius Pax.,野桐（浙江）；狗尾巴树；黄粟树,,,2012-11-26
450912,Mallotus repandus (Milld.) Muell-Arg.,石岩枫（四川）；黄豆树；万子藤；钩藤（台湾植物图说）,,,2012-11-26
450913,Mallotus qpetla (Lour.) Muell.-Arg.,白背叶毛桐,,,2012-11-26
450914,Mallotus philippinensis Muell.-Arg.; monkey-face tree; kamila tree; kamala tree,粗糖柴（浙江平阳）；吕宋楸；红果果；香桂树,,,2012-11-26
450915,Mallotus paniculatus (Lam.) Muell.-Arg.,白楸,,,2012-11-26
450916,Mallotus japonicus Muell.-Arg.,野梧桐（南京）；楸（日）,,,2012-11-26
450917,Mallotus cochinchinensis Lour.,白叶子（台湾）,,,2012-11-26
450918,Mallotus barbatus (Wall.) Muell.-Arg.,毛桐；黄花叶；红妇娘木,,,2012-11-26
450919,Mallotus,野桐属（大戟科）；楸（日）,,,2012-11-26
450920,Mallotopus japonicus Franch. et Sav.,丁香菊（日本）,,,2012-11-26
450921,Mallomonas,头端单鞭毛藻属,,,2012-11-26
450922,mallet cutting,长踵插枝,,,2012-11-26
450923,Malleomyces,鼻疽菌属,,,2012-11-26
450924,mallee,澳洲南部产桉树的一种,,,2012-11-26
450925,malignant growth,恶性生长,,,2012-11-26
450926,malic enzyme,苹果酸酶；苹果酸酵素,,,2012-11-26
450927,malic dehydrogenase,苹果酸脱氢酶,,,2012-11-26
450928,malic acid,苹果酸；羟基丁二酸,,,2012-11-26
450929,Malesherbiaceae; monster; terta,畸形,,,2012-11-26
450930,Malesherbiaceae; crownworts family; malesherbia family,王冠草科（旧属西番莲科）,,,2012-11-26
450931,malesherbia family; crownworts family; Malesherbiaceae,王冠草科,,,2012-11-26
450932,male-limited chromosome; androsome,限雄染色体,,,2012-11-26
450933,maleic aicd,顺一丁烯乙酸；顺一乙烯二甲酸,,,2012-11-26
450934,male sterility,雄不孕性,,,2012-11-26
450935,male sterile,雄不孕,,,2012-11-26
450936,male sex-cell,雄性生殖细胞,,,2012-11-26
450937,male receptacle,雄器托,,,2012-11-26
450938,male reproductive system,雄性生殖系统,,,2012-11-26
450939,male pronucleus,雄原核,,,2012-11-26
450940,male plant,雄性植物,,,2012-11-26
450941,male phase,雄相；雄性期,,,2012-11-26
450942,male parthenoge-nesis,雄单性生殖,,,2012-11-26
450943,male organ,雄性器官,,,2012-11-26
450944,male nucleus,雄核,,,2012-11-26
450945,male multiple choice,多雄备选,,,2012-11-26
450946,male monogametism,同型雄配子,,,2012-11-26
450947,male intersex,雄性雌雄间性；雄间性,,,2012-11-26
450948,male inflorescence,雄花序,,,2012-11-26
450949,male inducing substance; MIS,雄性诱导物质,,,2012-11-26
450950,male heterogamety,雄异配子性,,,2012-11-26
450951,male haploidy,雄单倍体性,,,2012-11-26
450952,male gametophyte,雄性配子体,,,2012-11-26
450953,male gamete,雄配子,,,2012-11-26
450954,male flower; staminate flower,雄花,,,2012-11-26
450955,male fern (Mä-lã); Nephrodium filix-mas Rich.; Dryopteris filix-mas (L.) Schett.,鳞毛蕨,,,2012-11-26
450956,male cone,雄球花,,,2012-11-26
450957,Malcomia martima R.Br.; Hesperis maritima Lam.; Cheiranthus maritimus L.; Virginian stock; Mahon stock,海滨离蕊芥（于）,,,2012-11-26
450958,Malcomia Malcolm stocks,离蕊芥属；小紫罗栏属（十字花科）,,,2012-11-26
450959,Malcomia africana (L.) R.Br.,离蕊芥,,,2012-11-26
450961,Malay apple; mountain-apple; Otaheite-apple; large-fruited rose-apple; syzygium malaccene Merr. et Perry,马来蒲桃,,,2012-11-26
450962,Malaxis paludosa Smartz,湿地兰,,,2012-11-26
450963,malate,苹果酸盐,,,2012-11-26
450964,malaria,疟疾,,,2012-11-26
450965,malanride,丁烯二酸一醯胺,,,2012-11-26
450966,Malaisia scandens (Lour.) Planch.,牛筋藤；包饭果藤,,,2012-11-26
450967,Malaisia,牛筋藤属（桑科）,,,2012-11-26
450968,malacophily,蜗牛媒介,,,2012-11-26
450969,malacophilous plant,蜗牛媒植物,,,2012-11-26
450970,malacophilous flower,蜗牛媒介花,,,2012-11-26
450971,Malachobatus,树莓亚属（悬钩子属）,,,2012-11-26
450972,Malachium aquaticum (L.) Fries; Stellaria aquatica (L.) Scop.,牛繁缕；鸡儿肠,,,2012-11-26
450973,Malachium,牛繁缕属(石竹科),,,2012-11-26
450974,malaceous,苹果类的,,,2012-11-26
450975,Malabar-nightshade; Basella,落葵,,,2012-11-26
450976,Malabar-chestnut; Pachira macrocarpa Schl.,马拉巴粟,,,2012-11-26
450977,Makino's line,牧野氏线,,,2012-11-26
450978,Makinoesia,牧野日本古植物分布区系,,,2012-11-26
450979,Makinoaceae,南溪苔科,,,2012-11-26
450980,Makinoa crispata Miyake,南溪苔,,,2012-11-26
450981,Makinoa,南溪苔属,,,2012-11-26
450982,Makino bamboo; Phyllostachys makinoi Hayata,桂竹,,,2012-11-26
450983,make-ready reaction,预备反应,,,2012-11-26
450984,make and break shock,通电断电震动,,,2012-11-26
450985,major spiral (Sax 1935),（染色丝的）大螺旋,,,2012-11-26
450986,major gene (Mather 1941),主基因；主效基因,,,2012-11-26
450987,major element; macroelement; macronutrient,多量元素；主要元素,,,2012-11-26
450988,maize; corn; Zea mays L.; Indian corn; mealie,玉蜀黍；玉米；包谷,,,2012-11-26
450989,maize streak virus，Storey,玉蜀黍条斑病毒,,,2012-11-26
450990,maintenance coefficient,保养系数；维持系数,,,2012-11-26
450991,main vein,主脉（叶脉的）,,,2012-11-26
450992,main stem; trunk,主干,,,2012-11-26
450993,main root,主根,,,2012-11-26
450994,main nerve,主脉,,,2012-11-26
450995,main axis,主轴,,,2012-11-26
450996,maidenhair tree; ginkgo; Ginkgo biloba L.,银杏；公孙树,,,2012-11-26
450997,Maidenhair fern; Adiantum,铁线蕨,,,2012-11-26
450998,Maiantherum dilatatum Nels. et Macbr.,舞鹤草,,,2012-11-26
450999,Maiantherum,舞鹤草属（百合科）,,,2012-11-26
451000,Mahonia zemanii Schneid.,巴东檗木（陈嵘）,,,2012-11-26
451001,Mahonia nitens Schneid.,岩紫黄（四川）,,,2012-11-26
451002,Mahonia japonica (Thunb.) DC.; Japanese mahonia,华南十大功劳,,,2012-11-26
451003,Mahonia gracilipes (Oliv.) Fedde,刺黄柏,,,2012-11-26
451004,Mahonia fremontii Fedde; Desert mahonia,沙漠十大功劳,,,2012-11-26
451005,Mahonia fortunei (lindl.) Fedde; Chinese mahonia,十大功劳(图考),,,2012-11-26
451006,Mahonia confusa Sprague,"湖北十大功劳",,,2012-11-26
451007,Mahonia bealei Carr.,阔叶十大功劳(陈嵘)；土黄柏,,,2012-11-26
451008,Mahonia aquifolium Nutt.; Holly mahonia; Berberry,尖头叶十大功劳,,,2012-11-26
451009,Mahonia,十大功劳属(小檗科),,,2012-11-26
451010,mahogany; Swietenia,桃花心木,,,2012-11-26
451011,mahogany family; Meliaceae,楝树科,,,2012-11-26
451012,maguey; Agave,龙舌兰,,,2012-11-26
451013,maguay; Cantala; Agave cantala Roxb.,甘太拉龙舌兰麻,,,2012-11-26
451014,magnolol,厚朴酚,,,2012-11-26
451015,Magnoliastrum,厚朴亚属（植分）,,,2012-11-26
451016,Magnolioideae,木兰亚科,,,2012-11-26
451017,Magnolianeae,木兰系,,,2012-11-26
451018,Magnoliaceae; magnolia family,木兰科,,,2012-11-26
451019,Magnolia; cucumbertree,木兰属；（木兰科）,,,2012-11-26
451020,Magnolia zenii Cheng.,宝华玉兰（陈嵘）,,,2012-11-26
451021,Magnolia wilsonii Rehd.,西康玉兰（陈嵘）,,,2012-11-26
451022,Magnolia watsonii Hook.f.,玉整（中国）,,,2012-11-26
451023,Magnolia virginiana L.; Sweet Bay; laurel magnolia,小泰山木,,,2012-11-26
451024,Magnolia verecunda Koidz.,天女花（日本）,,,2012-11-26
451025,Magnolia stellata Max.; star magnolia,重华辛夷,,,2012-11-26
451026,Magnolia sprengeri Pamp.,湖北木兰（陈嵘）,,,2012-11-26
451027,Magnolia sinensis Stapf,圆叶玉兰（陈嵘）,,,2012-11-26
451028,Magnolia sieboldii Koch,天女花；日本大玉兰,,,2012-11-26
451029,Magnolia sargentiana Rehd. & Wils.,厚皮（四川）,,,2012-11-26
451030,Magnolia salicifolia Maxim,香辛夷（日本）,,,2012-11-26
451031,Magnolia rostrata W.W. Smith.,大叶木兰（郑万钧）,,,2012-11-26
451032,Magnolia parviflora Sieb. & Zucc.; M. sieboldii Koch,天女花（云南通志）,,,2012-11-26
451033,Magnolia paenetalauma Dandy,长叶玉兰（陈嵘）,,,2012-11-26
451034,Magnolia officinalis var， biloba Rehd. & Wils.,凹叶厚朴（中药志）；卢山厚朴,,,2012-11-26
451035,Magnolia officinalis Rehd. et wils.,厚朴（本草经）,,,2012-11-26
451036,Magnolia obovata Thunb.; Japanese cucum-ber tree,日本厚朴（于）,,,2012-11-26
451037,Magnolia nitida W.W. Smith,光叶玉兰（陈嵘）,,,2012-11-26
451038,Magnolia micholasoniana Rehb. & Wils,瓦山玉兰（陈嵘）,,,2012-11-26
451039,Magnolia macrophylla Michx large-leaved cucumber tree,大叶泰山木,,,2012-11-26
451040,Magnolia lotungensis Chun et Tsoong,乐东玉兰,,,2012-11-26
451041,Magnolia liliflora Desv. var. gracilis Rehd.; M. gracilis Salisb.,山木兰（日本）,,,2012-11-26
451042,Magnolia liliflora Desv. M. quinquepeta (Buchhoz.) Dandy; lily magnolia,辛夷；木笔；紫玉兰；木莲花,,,2012-11-26
451043,Magnolia kobus DC.,日本辛夷,,,2012-11-26
451044,Magnolia kachir-achirai Dandy;Micheliopsis kachirachirai (Kaneh. Et Yaman.) Keng,恒春厚朴,,,2012-11-26
451045,Magnolia kachirachirai Dandy; Kachirachira magnolia,恒春厚朴,,,2012-11-26
451046,Magnolia hypoleuca Sieb. et Zucc.,土厚朴,,,2012-11-26
451047,Magnolia henryi Dunn.,思茅玉兰（陈嵘）,,,2012-11-26
451048,Magnolia grandiflora L.; big laurel; evergreen magnolia; southern magnolia; Bull Bay; laurel-leaved magnolia; large magnolia,荷花玉兰；洋玉兰；泰山木（日本）；大山朴（植典）,,,2012-11-26
451049,Magnolia globosa Hook. F. et Thoms.,毛叶玉兰（陈嵘）,,,2012-11-26
451050,Magnolia fordiana Oliv.,木莲,,,2012-11-26
451051,Magnolia fargesii Cheng; M. biondii Pamp.; M. aulacosperma Rehd. et Wils.,望春风（河南）；法氏辛夷（中药志）,,,2012-11-26
451052,magnolia family; Magnoliaceae,木兰科,,,2012-11-26
451053,Magnolia dorsopurpurea Makino,红心玉兰（于）,,,2012-11-26
451054,Magnolia diva Stapf,大花玉兰（郑万钧）,,,2012-11-26
451055,Magnolia denudata Desr.; M. heptapeta (Buchhor) Dandy; M. conspicua Salisb.; Yulan,玉兰；木兰,,,2012-11-26
451056,Magnolia delavayi Franch.,山玉兰,,,2012-11-26
451057,Magnolia dawsoniana Rehd. & Wils.,光叶木兰（陈嵘）,,,2012-11-26
451058,Magnolia cylindrica Wils.,黄山木兰（郑万钧）,,,2012-11-26
451059,Magnolia coco (Lour.) DC.; M. pumila Andz.,夜合花；夜木香兰（郑万钧）,,,2012-11-26
451060,Magnolia championii Benth.,香港玉兰（陈嵘）,,,2012-11-26
451061,Magnolia campbellii Hook. et Thoms.,滇藏玉兰,,,2012-11-26
451062,Magnolia biloba (Rehd. Et Wils) Cheng,凹叶厚朴,,,2012-11-26
451063,Magnolia amoena Cheng,天目木兰（郑万钧）,,,2012-11-26
451064,Magnolia albosericea Chun et Tsoong,绢毛玉兰,,,2012-11-26
451065,magnocurarine,厚朴箭毒素,,,2012-11-26
451066,magnification,扩大,,,2012-11-26
451067,magnetism signal,电磁标,,,2012-11-26
451068,magnetic stirring apparatus,磁力搅拌器,,,2012-11-26
451069,magnesium deficiency,缺镁症,,,2012-11-26
451070,magenta; basic fuchsin,品红；碱性品红,,,2012-11-26
451071,Maesa sinensis DC.,鲫鱼胆（台湾）,,,2012-11-26
451072,Maesa japonica Martz.,杜茎山（图经本草）,,,2012-11-26
451073,Maesa indica Wall.,千年树（陈嵘）,,,2012-11-26
451074,Maesa,杜茎山属（紫金牛科）,,,2012-11-26
451075,Madia,臭油草（菊科）,,,2012-11-26
451076,Madhuca,紫刑木属（山榄科）,,,2012-11-26
451077,madder; rubia tinctorum L.,西洋茜草,,,2012-11-26
451078,madder family; Rubiaceae,茜草科,,,2012-11-26
451079,Maddenia hypoleuca Kochne,假椆李,,,2012-11-26
451080,Maddenia,假椆李属,,,2012-11-26
451081,maculose,有点的；有斑的,,,2012-11-26
451082,maculate,有斑的,,,2012-11-26
451083,macrozoospore,大型游胞子,,,2012-11-26
451084,Macrozamia,大果凤尾蕉属,,,2012-11-26
451085,Macrotomia euchroma (Royle) Paulsen; Lithospermum euchromon Royle,新疆紫草（药材学）,,,2012-11-26
451086,Macrothelypteris viridifrons (Tagawa) Ching,假普通针毛蕨,,,2012-11-26
451087,Macrothelypteris toressiana (Gaud.) Ching,普通针毛蕨,,,2012-11-26
451088,Macrothelypteris oligophlebia (Bak.) Ching,金毛蕨,,,2012-11-26
451089,Macrothelypteris oligophlebia var. elegaus (Koidz.) Ching,短毛针毛蕨,,,2012-11-26
451090,Macrothelypteris,针毛蕨属（金星蕨科）,,,2012-11-26
451091,Macrothamuium,大木藓属,,,2012-11-26
451092,macrosymbiont,大共生体,,,2012-11-26
451093,macrostylous,长花柱的,,,2012-11-26
451094,macrosporophyll,大胞子叶,,,2012-11-26
451095,macrosporogenesis; megasporogenesis,大胞子发生；大胞子形成,,,2012-11-26
451096,macrosporocyte; megasporocyte,大胞子母细胞,,,2012-11-26
451097,macrosporocarpium,大胞子果（微）,,,2012-11-26
451098,macrosporocarp,大胞子囊果,,,2012-11-26
451099,Macrosporium tomato Cooke; Alternaria tomato (Cooke) Weber,番茄黑斑病菌,,,2012-11-26
451100,Macrosporium sydowianum Farnati,西洋梨褐斑病菌,,,2012-11-26
451101,Macrosporium solani Ellis et Martin; Alternaria solani (E. et M.) Sorauer,马铃薯夏疫病菌,,,2012-11-26
451102,Macrosporium sesami Kawamura,胡麻黑斑病菌,,,2012-11-26
451103,Macrosporium ricini (Yoshii) Hansford,蓖麻叶枯病菌,,,2012-11-26
451104,Macrosporium sarcinaeforma Cavara; Sternphylium sarcinaefirme (Cavara) Wiltshire,三叶草类轮纹病菌,,,2012-11-26
451105,Macrosporium porri Ellis; Alternaria porri (Ellis) Cifferri,洋葱黑斑病菌,,,2012-11-26
451106,Macrosporium nobile Vize,石竹类黑斑病菌,,,2012-11-26
451107,Macrosporium nigricantium Alkinson,棉黑斑病菌之一,,,2012-11-26
451108,Macrosporium iriddicolum Ellis et Everhent; Alternaria iridicola (E. et E.) Elliott,鸢尾类锈斑病菌,,,2012-11-26
451109,Macrosporium fasciculatum Cooke et Ellis,菜豆黑霉病菌,,,2012-11-26
451110,Macrosporium cucumerinum (Ellis et Everhart); Alternaria cucumerina (E. et E.) Elliott,胡瓜黑斑病菌,,,2012-11-26
451111,Macrosporium commune Rabengorst; Stemphylium boyryosum Wallroth,辣椒黑霉病菌,,,2012-11-26
451112,Macrosporium cladosporioides Desmazieres,红花三叶草斑点病菌,,,2012-11-26
451113,Macrosporium bataticola Ikata,番薯赤星病菌,,,2012-11-26
451114,Macrosporium azukiae Hara,赤豆斑点病菌,,,2012-11-26
451115,Macrosporium abutilonis Speg.,青麻（莔麻）黑斑病菌,,,2012-11-26
451116,Macrosporium,番茄黑斑病菌属,,,2012-11-26
451117,macrospore; megaspore,大胞子；大孢子；雌胞子,,,2012-11-26
451118,macrosporangium; megasporangium,大胞子囊,,,2012-11-26
451119,macrosporangiate flower,雌花；有大胞子囊的花,,,2012-11-26
451120,macrospheric generation,大球世代,,,2012-11-26
451121,macrospheric form,大球型,,,2012-11-26
451122,macrosome,大粒体,,,2012-11-26
451123,Macrosolen,大管花属（桑寄生科）,,,2012-11-26
451124,macroscopic,用肉眼可见的,,,2012-11-26
451125,macrosclereid,大型石细胞,,,2012-11-26
451126,macrosatellite,大形附随体,,,2012-11-26
451127,Macropyxidium,网藓属大蒴亚属,,,2012-11-26
451128,Macropodium,长柄芥属；古芥属（十字花科）,,,2012-11-26
451129,macropodal,有长脚（柄）的,,,2012-11-26
451130,macroplankton,大形浮游生物,,,2012-11-26
451131,macrophylogenetic development,大系统演化过程,,,2012-11-26
451132,macrophylogenesis (Zimmermann 1948); macroevolution,种以上〔的〕演化,,,2012-11-26
451133,macrophyllous,有大叶的,,,2012-11-26
451134,macrophyllinae,大叶类（蕨）,,,2012-11-26
451135,macrophyll; megaphyll,大叶；大型叶,,,2012-11-26
451136,Macrophominae phaseoli (Mau-blanc) Ashby,番𫉄、大豆、菜豆、赤豆炭腐病菌；合欢木微粒菌核病菌；白花三叶草炭腐病菌；冷杉类、云杉类、落叶松类、赤松黑松类﹍微粒菌核病菌,,,2012-11-26
451137,Macrophomina phaseolina (Mau-blanc) Ashby,菜豆立枯病菌,,,2012-11-26
451138,Macrophoma theicola Petch，,茶树胴枯病菌,,,2012-11-26
451139,Macrophoma sugi Hara; Guignardia cryptomeriae Sawada,落叶松；柳杉暗色枝枯病菌,,,2012-11-26
451140,Macrophoma sesami Sawada,胡麻褐斑病菌,,,2012-11-26
451141,Macrophoma quercicola Togashi,槠栎类圆星病菌,,,2012-11-26
451142,Macrophoma perseae Sawada,酪梨枝枯病菌,,,2012-11-26
451143,Macrophoma musae (Cooke) BeHese et Voglino,香蕉黑星病菌,,,2012-11-26
451144,Macrophoma mame Hara,大豆莱枯病菌,,,2012-11-26
451145,Macrophoma lilii Hara,百合暗斑病菌,,,2012-11-26
451146,Macrophoma kawatsukai Hara; Physalospora piricola Nose,梨苹果粗皮病菌,,,2012-11-26
451147,Macrophoma kaki Hara,柿褐纹病菌,,,2012-11-26
451148,Macrophoma juniperni Peck.,圆柏（桧）芽枝病菌,,,2012-11-26
451149,Macrophoma japonica Passerini,山茶白斑病菌,,,2012-11-26
451150,Macrophoma jaglandis Matuo et sakurai,胡桃类褐色枝枯病菌,,,2012-11-26
451151,Macrophoma hennebergii K&uuml;hn; Solenophoma donacis var. stomaticola (B&auml;umler) Sprague et A.G. Johnson,大麦角斑病菌,,,2012-11-26
451152,Macrophoma haraeana Sydow,枫树枝枯病菌,,,2012-11-26
451153,Macrophoma euonymi-japonici Nishikado.; Kimura et Miyawaki,卫矛褐纹病菌,,,2012-11-26
451154,Macrophoma edulis D'Almeida,番薯贮藏腐败病菌,,,2012-11-26
451155,Macrophoma corchori Saw,黄麻立枯病菌,,,2012-11-26
451156,Macrophoma aspidistrae Iwata,叶兰斑点病菌,,,2012-11-26
451157,Macrophoma alnigena Nishikado et Watanabe; Guignardia alnigena Nishikado et Watanabe,赤杨类芽枯病菌,,,2012-11-26
451158,Macrophoma abutilonis Nakata et Takimoto; Phoma abutilonis Nak. et Takim.,青麻（莔麻）胴枯病菌,,,2012-11-26
451159,Macrophoma abensis Hara,茶树穿孔病菌,,,2012-11-26
451160,Macrophoma,台湾赤杨斑点病菌属,,,2012-11-26
451161,macrophanerophytes,大形乔木；大形挺空植物,,,2012-11-26
451162,macrophagous,食大粒的,,,2012-11-26
451163,macrophagocyte,大食胞,,,2012-11-26
451164,macrophagic system,巨噬菌系统,,,2012-11-26
451165,macrophage,大噬菌体,,,2012-11-26
451166,Macropanax undulatum (Wall.) Seem.,波缘大葠；麻鸭树公,,,2012-11-26
451167,Macropanax oreophlum Miq.,大葠（植物学名　词审查本）,,,2012-11-26
451168,Macropanax,大葠属（五加科）,,,2012-11-26
451169,macronutrient; macroelement; major element,多量养分；多量元素；主要元素,,,2012-11-26
451170,macronucleus (Butschli 1876); meganucleus,大核,,,2012-11-26
451171,macronuclear regeneration,大核再生,,,2012-11-26
451172,macronuclear fragment,大核断片,,,2012-11-26
451173,Macronemeae,短丝菌族（不）,,,2012-11-26
451174,macront,雌配子母细胞,,,2012-11-26
451175,macronema,（大而散开分枝的）假根,,,2012-11-26
451176,macromutation,大突变,,,2012-11-26
451177,macromolecules,大分子,,,2012-11-26
451178,Macromitrium incurvum (Lindb.) Mitt.,纯叶蓑藓,,,2012-11-26
451179,Macromitrium,蓑藓属,,,2012-11-26
451180,macromitrietum,蓑藓群落,,,2012-11-26
451181,macromelanophore,大黑素细胞,,,2012-11-26
451182,Macroglossum,大舌藓属,,,2012-11-26
451183,macrogenesis,骤变式发生,,,2012-11-26
451184,macrogamy,成体接合,,,2012-11-26
451185,macrogametophyte; embryo sac,雌配子体；胚囊,,,2012-11-26
451186,macrogametogenesis,雌配子发生,,,2012-11-26
451187,macrogametocyte,雌配子母细胞,,,2012-11-26
451188,macrogamete,大配子；雌配子,,,2012-11-26
451189,macrogametangium,大配子囊；雌配子囊,,,2012-11-26
451190,macrofossil,巨型化石；巨体化石,,,2012-11-26
451191,macrofibril,大原纤维,,,2012-11-26
451192,macroevolution (Goldschmidt 1940),种以上的演化；大演化,,,2012-11-26
451193,macroelement; major element; macronutrient,多量元素，主要元素,,,2012-11-26
451194,Macrocystis,大浮藻属（褐）,,,2012-11-26
451195,macrocyst,大胞囊,,,2012-11-26
451196,Macrocysitis pyrifera Ag.,大浮藻（褐）,,,2012-11-26
451197,macroconjugant,大型接合体,,,2012-11-26
451198,macroconidium,大型分生胞子,,,2012-11-26
451199,macrococcus,大型球菌,,,2012-11-26
451200,macro-coacervation,大凝块作用,,,2012-11-26
451201,macroclimate,大气候,,,2012-11-26
451202,macrochromosome,大染色体,,,2012-11-26
451203,macrocarpous,有大的果实的,,,2012-11-26
451204,Macrocarpium officinale (S，et Z.) Nakai; Cornus officinalis S. et Z.; Japanese cornelian cherry,山茱萸,,,2012-11-26
451205,Macrocarpium chinensis (Wag-ner.) Hutch.; Cornus chinensis Wagner,川鄂山茱萸，绿杞,,,2012-11-26
451206,Macrocarpium,山茱萸亚属（梾木科）,,,2012-11-26
451207,macrobiotic seed,长命种子,,,2012-11-26
451208,Macrantha,大花类（槭科；枫树科）,,,2012-11-26
451209,macrandrous species,大形精子体种；大型精胞种,,,2012-11-26
451210,macrandrous,有大型精胞的；有大型雄性植物或雄性构造的,,,2012-11-26
451211,macrandrium,大形精子体；大型精胞（间生藻）,,,2012-11-26
451212,macnin,鹧鸪菜浸质,,,2012-11-26
451213,Maclura; Osage orange; Bowwood,美国刺桑属；美国拓属（桑科）,,,2012-11-26
451214,Maclura pronufera Schneid.; Osage orgnge,美国刺桑；美国拓树,,,2012-11-26
451215,Macleaya microcarpa (Maxim.) Fisch. et Mey.,小果博落回,,,2012-11-26
451216,Macleod， C. M.,麦辽德；麦克李沃德,,,2012-11-26
451217,Macleaya cordata (Willd.) R. Br.; Plume-Poppytree celandine,博落回（本草拾遗）；落回（酉阳杂俎）；勃勒回,,,2012-11-26
451218,Macleaya,博落回属（罂粟科）,,,2012-11-26
451219,machine winnowing,风车选种,,,2012-11-26
451220,Machilus; persea,槙楠属（樟科）；楠木属,,,2019-03-12
451221,Machilus zuihoensis Hayata; Jncense machilus,香楠；瑞芳楠,,,2012-11-26
451222,Machilus yunanensis Lec. Var. ducl-ouxii Lec.,滇桢楠,,,2012-11-26
451223,Machilus velutina Champ. ex Benth.,绒楠（陈嵘）；猴高铁；香胶木；牛【牛+交】铁树,,,2012-11-26
451224,Machilus thunbergii Sieb. et Zucc.; red nammu,红楠（陈嵘）；小楠；猪脚南；楠柴,,,2012-11-26
451225,Machilus pseudolongifolia Hay.; narrow-leaved nammu,假长叶楠,,,2012-11-26
451226,Machilus pauhoi Kaneh; Chinese Bandoline wood,刨花楠；黏柴；罗楠紫,,,2012-11-26
451227,Machilus odoratissima Nees,香楠（陈嵘）,,,2012-11-26
451228,Machilus oreophila Hance,建楠（陈嵘）,,,2012-11-26
451229,Machilus nanmu Hemsl.,楠（名医别录）,,,2012-11-26
451230,Machilus microcarpa Hemsl.,润楠（四川天全）,,,2012-11-26
451231,Machilus leptophylla Hand.-Mazz,落叶桢楠；华东楠,,,2012-11-26
451232,Machilus levinei Merr.,光楠（陈嵘）,,,2012-11-26
451233,Machilus kusanoi Hayata; large-leaved Nammu,大叶楠,,,2012-11-26
451234,Machilus japonica Sieb. et Zucc.,青楠（于）；青㭴（日本）,,,2012-11-26
451235,Machilus ichangensis Rehd. et Wils,大叶楠（浙江平阳）；竹叶楠；豪樟,,,2012-11-26
451236,Machilus hainanensis Merr.,海楠（陈嵘）,,,2012-11-26
451237,Machilus grijsii Hance,黄楠（广东）,,,2012-11-26
451238,Machilus chinensis (Champ. ex Benth.) Hemsl.,黄槁；八角楠；芳槁树；山椒果；香港楠木（陈嵘）,,,2012-11-26
451239,Machilus brevifora Hemsl.,狭叶香港楠木（陈嵘）,,,2012-11-26
451240,Machilus bournei Hemsl.,毛丝桢楠；桢楠（四川）,,,2012-11-26
451241,maceration,离解；解絮；浸软；撕裂,,,2012-11-26
451242,Machilus acuminatissima Kanehira; acuminate-leaf machilus,尖叶楠木,,,2012-11-26
451243,macene,肉豆蔻油精,,,2012-11-26
451244,mace; Myristica fragrans Houtt.,肉豆蔻,,,2012-11-26
451245,mace butter,肉豆蔻脂,,,2012-11-26
451246,macaroni wheat; Triticum durum Desf.,通心面小麦,,,2012-11-26
451247,macaroni,通心面,,,2012-11-26
451248,Macaranga tanarius Muell. Arg.,血桐（台湾）,,,2012-11-26
451249,Macaranga denticulata (Bl.) Muell. Arg.,中平树（海南）,,,2012-11-26
451250,Macaranga,血桐属（木戟科）,,,2012-11-26
451251,Macadamia; Queensland nut,昆士兰龙眼属,,,2012-11-26
451252,Macadamia ternifolia F. Muell.; Queensland nut; Australian nut; Macadamia nut,昆士兰龙眼；澳洲胡桃,,,2012-11-26
451253,Maba elliptica Forst. Ebony,黑檀；乌木,,,2012-11-26
451254,Maba buxifolia (Rottb.)Pers.; Diospyros ferrea var. buxifolia (Rottb.) Bakhuizen,乌皮石柃（台湾）,,,2012-11-26
451255,Maba,象牙树属（柿树科）,,,2012-11-26
451256,Maarchantia polymorpha L.,地钱,,,2012-11-26
451257,Maackia; maackia,高丽槐属（豆科）,,,2012-11-26
451258,Maackia tenuifolia Hand.-Mazz.,光叶马鞍树,,,2012-11-26
451259,Maackia hupehensis Takeda,马鞍树；槐树,,,2012-11-26
451260,Maackia floribunda Takeda; Taiwan maackia,台湾马鞍树,,,2012-11-26
451261,Maackia chindnsis Takeda,马鞍树（中国树木志略）,,,2012-11-26
451262,Maackia amurensis Rupr. et Maxim.,朝鲜槐；山槐；高丽槐（南满植物目录）,,,2012-11-26
451263,Maackia amurensis Rupr et Maxim. var. buergeri Schneid.,怀槐,,,2012-11-26
451264,Münch hypothesis,孟许假说,,,2012-11-26
451265,maachia,硬叶低木林,,,2012-11-26
451266,M type colony; M type mucoid,黏性聚落,,,2012-11-26
451267,M II Second metaphase,减数第二分裂中期,,,2012-11-26
451268,M,介值；测验均方纯度的一种介值,,,2012-11-26
451269,M I ; First metaphase,减数第一分裂中期,,,2012-11-26
451270,lytic viruses,溶菌性病毒,,,2012-11-26
451271,lytic response,溶菌反应,,,2012-11-26
451272,lytic infection,溶菌感染,,,2012-11-26
451273,Lythrum salicaria L. var. anceps Koch; L. anceps Makino; L. virgatum L.,千屈菜（救荒本草）；水柳；对叶莲,,,2012-11-26
451274,Lythrum,千屈菜属,,,2012-11-26
451275,lysozyme,溶菌酶（细菌细胞壁黏质糖类分解酶）,,,2012-11-26
451276,lysosome (de Duve et al. 1955),溶菌体,,,2012-11-26
451277,lysophosphatide,脱脂酸燐脂,,,2012-11-26
451278,lysongenic phage; lysogenic viruses,溶源性噬菌体,,,2012-11-26
451279,lysolethicin,脱脂酸卵燐脂,,,2012-11-26
451280,lysogeny,溶源性；产噬菌体性,,,2012-11-26
451281,lysogenicity,溶源化性,,,2012-11-26
451282,lysogenization (Ball 1925， Bordet 1925),溶源化,,,2012-11-26
451283,lysogenic strain,溶源性品系,,,2012-11-26
451284,lysogenic viruses,溶源性病毒（可转化为原病毒的病毒）,,,2012-11-26
451285,lysogenic conversion (Bertani 1957);,由于溶源性的转化,,,2012-11-26
451286,lysogenic bacteria,溶源菌,,,2012-11-26
451287,lysogenic,溶源的；诱导产生溶素的；诱导细胞溶解的；潜溶性的,,,2012-11-26
451288,lysogenesis,溶源性；溶源形成,,,2012-11-26
451289,lysogen,溶源,,,2012-11-26
451290,lysobacteria,溶化菌类,,,2012-11-26
451291,lysis inhibition,溶菌抑制,,,2012-11-26
451292,lysis from without,非感染溶菌,,,2012-11-26
451293,lysis,细胞溶解；细胞崩坏,,,2012-11-26
451294,Lysionotus parcifora Maxim.,石吊兰（图考）（苦苣苔科）,,,2012-11-26
451295,lysinogenic response,溶源性反应,,,2012-11-26
451296,lysinogenic conduction,溶源性状态,,,2012-11-26
451297,lysinogenesis,溶素形成,,,2012-11-26
451298,lysinogen,溶素源,,,2012-11-26
451299,lysin,溶胞素；溶素,,,2012-11-26
451300,lysine decarboxylase,离胺酸脱~羰~酶,,,2012-11-26
451301,Lysimachia vulgaris L. var. davurica R. Kunth,黄连花,,,2012-11-26
451302,Lysimachia simulans Hemsl,七里香（台湾）,,,2012-11-26
451303,Lysimachia leucantha Miq.; L. candida Lindl. var. leucantha Makino,星宿菜,,,2012-11-26
451304,Lysimachia fortunei Maxim.,珍珠菜,,,2012-11-26
451305,Lysimachia foenum-graecum Hance,排草（中药志）；薰草（别录）；零陵香（开宝）；零香草,,,2012-11-26
451306,Lysimachia clethroides Duby,珍珠菜（救荒本草）,,,2012-11-26
451307,Lysimachia candida Lindl. var.leucantha Mak.,星宿花,,,2012-11-26
451308,Lysimachia acroadenia Maxim; L. decurrens G. Forst. var. acroadenia Makino,银铃花（日本）（报春花科）,,,2012-11-26
451309,lysigenous secretory tissue,破生分泌组织,,,2012-11-26
451310,lysigenous intercelluler space,破生细胞间隙；裂殖腔,,,2012-11-26
451311,lysigenous aerenchyma,破生通气组织,,,2012-11-26
451312,lysigenous,破生的；细胞破裂的,,,2012-11-26
451313,Lysidice rhodostegia Hance,仪花；檥花,,,2012-11-26
451314,Lysidice,仪花属（豆科）,,,2012-11-26
451315,Lysichiton; skunk cabge,水芭蕉属；观音莲属,,,2012-11-26
451316,Lysichiton camtschatcense Schott var. japonicum Makino,水芭蕉；观音莲（南宁府志）（天南星科）,,,2012-11-26
451317,lyse,溶解；溶化,,,2012-11-26
451318,lysate,溶解产物；溶菌液,,,2012-11-26
451319,lyrate,羽状尖裂的；顶端特大之不整齐羽状,,,2012-11-26
451320,lyophobic colloid,疎液胶体,,,2012-11-26
451321,lyophilization; freeze-drying; gelsiccation,〔冰〕冻干〔燥〕,,,2012-11-26
451322,lyophilic colloid,亲液胶体,,,2012-11-26
451323,lyophil apparatus,低压冻干器,,,2012-11-26
451324,Lyonia ovalifolia Drude; Tibet lyonia,南烛（石南科）,,,2012-11-26
451325,Lyonia,南烛属,,,2012-11-26
451326,lyogel,水乳胶骿,,,2012-11-26
451327,lyolipase,可溶性脂肪酶,,,2012-11-26
451328,lyo-enzyme,细胞外酵素,,,2012-11-26
451329,lyocytosis,溶胞作用,,,2012-11-26
451330,lyochrome; flavin,黄素；生物黄质,,,2012-11-26
451331,lymphoma,淋巴瘤,,,2012-11-26
451332,lymphokinesis,淋巴液循环；淋巴液流动,,,2012-11-26
451333,lymphoblasts,淋巴原细胞,,,2012-11-26
451334,lymphatic tissues,淋巴组织,,,2012-11-26
451335,Lyhtraceae; loose-strife family.,千屈菜科；紫薇科,,,2012-11-26
451336,Lygodium; Japanese climbing fern,海金沙属（海金沙科）,,,2012-11-26
451337,Lygodium microst-achyum Desv.,狭叶海金沙,,,2012-11-26
451338,Lygodium scandens Sw. var. microphy-llum Bon.; L. microphyllum R. Br,小叶海金沙,,,2012-11-26
451339,Lygodium japonicum (Thunb.) Sw.; Ophioglossum japonicum Thunb.,1.海金沙（澄类）；2.蛤蟆藤；竹圆荽；吐丝草（江苏）；3.罗网藤（广东）；大转藤灰（四川）；斑鸠巢（湖南）；4.铁线藤,,,2012-11-26
451340,Lygodium flexuosum Sw.,曲轴海金沙,,,2012-11-26
451341,Lygodium digitatum Pr.,掌叶海金沙,,,2012-11-26
451342,Lygodium conforme C. Chr.,海南海金沙,,,2012-11-26
451343,Lygodieae,海金沙亚科,,,2012-11-26
451344,Lygodiaceae,海金沙科（蕨）,,,2012-11-26
451345,Lyginopteris,石炭蕨属（化石）,,,2012-11-26
451346,Lyginodendron oldhamium Potonie,苏铁蕨,,,2012-11-26
451347,Lyellia platycarpa Card. et Ther,扁蒴藓,,,2012-11-26
451348,Lyell， Charles,赖耳；莱耳,,,2012-11-26
451349,lye peeling.,碱剥皮,,,2012-11-26
451350,Lycphyta; Lycopsida; Lycopodiinae,石松门,,,2012-11-26
451351,lycoxanthn,番茄黄素,,,2012-11-26
451352,Lycoris; cluster-amaryllis,石蒜属（石蒜科）,,,2012-11-26
451353,Lycoris squamigera Maxim.; hardy cluster amaryllis,鹿葱（秘传花镜）；夏水仙,,,2012-11-26
451354,Lycoris sprengeri Bak.,青紫花石蒜,,,2012-11-26
451355,Lycoris sanuinea Maxim.,铁色箭（本草纲目）,,,2012-11-26
451356,Lycoris radiata Herb.,石蒜（图经本草）；一枝箭（本草纲目）；曼珠沙华（日本）乌蒜；老鸦蒜（救荒本草）；水麻,,,2012-11-26
451357,Lycoris incarnata Spreng.,桃色石蒜,,,2012-11-26
451358,Lycoris aurea Herb; glden spider lily' golden lily,忽地笑（汝南圃史）,,,2012-11-26
451359,Lycoris albifora Koidz.,白花石蒜；白花蔓殊沙华,,,2012-11-26
451360,Lycopyersicon esculentum Mill. var. cerasiforme Alef; cherry tomato,樱桃番茄,,,2012-11-26
451361,Lycopus parviflorus Maxim.; bugleweed,地瓜儿苗（救荒）,,,2012-11-26
451362,Lycopus maackianus Makino,小地笋（于）（薄荷科）,,,2012-11-26
451363,Lycopus lucidus Turcz.,地笋；地瓜儿苗（救荒，中药志）,,,2012-11-26
451364,Lycopsida; Lycopsid,石松纲；石松亚门,,,2012-11-26
451365,Lycopsid; Lycopsida,石松类,,,2012-11-26
451366,Lycopodium; clubmoss; lycopod,石松属,,,2012-11-26
451367,Lycopodium squarrosum Forst,杉叶石松,,,2012-11-26
451368,Lycopodium somae,相马氏石松,,,2012-11-26
451369,Lycopodium sieboldii Miq.,鳞叶石松；纽兰（日本）,,,2012-11-26
451370,Lycopodium serratum Thunb. var. myriophyllifolium Hay,阿里山千层塔,,,2012-11-26
451371,Lycopodium serratum Thunb. var. longipetiolatum Spr.,长柄千层塔,,,2012-11-26
451372,Lycopodium serratum Thunb.,蛇足石松；千层塔；山芝蛇足草,,,2012-11-26
451373,Lycopodium selago L.,小杉叶石松,,,2012-11-26
451374,Lycopodium quasipolytrichoides Hay.,反卷叶石松,,,2012-11-26
451375,Lycopodium pulcherrimum Wall.,万年松；绿叶蔓石松,,,2012-11-26
451376,Lycopodium phlegmaria L.,垂枝石松,,,2012-11-26
451377,Lycopodium obscurum L.,玉柏石松；玉柏（别录）（中药志）；千年柏（本草纲目）,,,2012-11-26
451378,Lycopodium laxum Presl.,覆叶石松,,,2012-11-26
451379,Lycopodium inundatum L.,谷地山兰（日本）,,,2012-11-26
451380,Lycopodium fordii Bak.,福氏石松,,,2012-11-26
451381,Lycopodium fargesii Hert,锐叶石松,,,2012-11-26
451382,Lycopodium cryptomerinum Maxim.,柳杉叶蔓石松；杉兰（日本）,,,2012-11-26
451383,Lycopodium complanatum L.,地刷子石松,,,2012-11-26
451384,Lycopodium clavatum L.,石松（拾亦）（中药志）,,,2012-11-26
451385,Lycopodium chinense Christ,中国石松,,,2012-11-26
451386,Lycopodium cernuum L.,铺地蜈蚣（中药志）；垂穗石松；龙灯草；过山龙；筋骨草,,,2012-11-26
451387,Lycopodium casuarinoides Spr.,石子藤石松；石子藤；无病苹,,,2012-11-26
451388,Lycopodium annotinum L.,多穗石松；杉叶蔓石松,,,2012-11-26
451389,Lycopodium alpimum L. var. transmor-risonense Hay.,玉山石松,,,2012-11-26
451390,Lycopodiineae,石松亚目,,,2012-11-26
451391,Lycopodiales Ligulatae,有舌石松目（蕨）,,,2012-11-26
451392,Lycopodiales Eligulatae,无舌石松目（蕨）,,,2012-11-26
451393,Lycopodiales,石松目（蕨）,,,2012-11-26
451394,Lycopodiaceae,石松科（蕨）,,,2012-11-26
451395,lycopodes.; club moss; Lycopodium,石松,,,2012-11-26
451396,lycopin,番茄素,,,2012-11-26
451397,lycophyll,番茄叶黄素,,,2012-11-26
451398,Lycopersicon esculentum Mill.; tomato; common tmao; love apple; Solanum lycoper-sicum L.,番茄；西红柿；小金瓜,,,2012-11-26
451399,Lycopersicon esculentum Mill. var. grandifolium Bailey; large-leaved tomato; potato-leaved tomato,大叶番茄,,,2012-11-26
451400,Lycopersicon esculentum Mill. var. commune Bailey; common tomato,普通番茄,,,2012-11-26
451401,Lycopersicon esculentum Mill var. validum Bailey; upright tomato,直立番茄,,,2012-11-26
451402,Lycoperdon gemmatum Batsch.,马粪包（中药志）；有柄马勃（中药志）,,,2012-11-26
451403,Lycoperdon,埃菌属；马勃属,,,2012-11-26
451404,Lycoperdineae,马勃亚目,,,2012-11-26
451405,Lycoperdales,埃菌目；马勃目（担）,,,2012-11-26
451406,Lycoperdaceae,马勃科；埃菌科（埃菌目）,,,2012-11-26
451407,Lycogala,网灰霉属（黏）,,,2012-11-26
451408,lycopene,番茄红素,,,2012-11-26
451409,Lycium; asse's box tree; pricklybox; box-thorn; brabary matrimony-vine,枸杞属（茄科）,,,2012-11-26
451410,Lycium chinense Mill.; tea tree; Chinese matrimony-vine,枸杞,,,2012-11-26
451411,lycine; betaine,菾菜【生+佥】；羰（甲基）三甲基代氢氧化铵,,,2012-11-26
451412,Lychnis; rose campion; campion,剪秋罗属（石竹科）,,,2012-11-26
451413,Lychnis sieboldii van Houtt.,剪春罗（图考）,,,2012-11-26
451414,Lychnis seno Sieb. et Zucc.,剪秋罗；红梅草；剪红沙花,,,2012-11-26
451415,Lychnis githago Scop; Agrostemma githago,瞿麦,,,2012-11-26
451416,Lychnis fulgens Fisch.,大花剪秋罗；剪秋罗,,,2012-11-26
451417,Lychnis coronata Thunb.; crown campion,剪夏罗；剪春罗（纲目）；山茶田,,,2012-11-26
451418,Lychnis cognata Maxim.,浅裂剪秋罗；剪夏罗,,,2012-11-26
451419,Lychnis chalcedona L.; chalcedonian lychnis; maltese cross; Jerusalem cross; scarlet lightening,美国剪春罗,,,2012-11-26
451420,Lychnis alba Mill. White campion; evening campion; bachelor's button;,夜开剪春罗,,,2012-11-26
451421,Lychnideae,剪秋罗族（石竹科）,,,2012-11-26
451422,lyase,解离酶,,,2012-11-26
451423,lyaconitine,乙种竹肩【生+佥】,,,2012-11-26
451424,Luzula; glowworm grass; wood rush,雀稗属；地杨梅属（日本）,,,2012-11-26
451425,Luzula multiflora Lej,山雀稗,,,2012-11-26
451426,Luzula campestris DC. var. capitata Miq.,雀稗,,,2012-11-26
451427,luxariance (Renner 1929),繁茂；丰盛,,,2012-11-26
451428,lux,公尺烛光（光度单位）；米烛光,,,2012-11-26
451429,Luvunga,三叶藤橘属（芸香科）,,,2012-11-26
451430,luteous,土色；褐黄色,,,2012-11-26
451431,luteotrophic hormone; L.T.H.,黄体分泌激素；激黄体素,,,2012-11-26
451432,luteotestaceous,暗黄色,,,2012-11-26
451433,luteolin,叶黄酮,,,2012-11-26
451434,lutein,1.叶黄素；2.黄体素,,,2012-11-26
451435,luteinizing hormones,黄体成长激素,,,2012-11-26
451436,lurid,蓝褐色,,,2012-11-26
451437,Lupinus; lupine,羽扇豆属(豆科）,,,2012-11-26
451438,lupulin,忽布素,,,2012-11-26
451439,Lupinus polyphyllus Lindl. Washington lupine,华盛顿羽扇豆,,,2012-11-26
451440,Lupinus perennis L.; sun dial lupine common wild lupine,羽扇豆,,,2012-11-26
451441,Lupinus nanus Douglas; common dwarf lupine,矮羽扇豆,,,2012-11-26
451442,Lupinus mutabilis Sweet South American lupine,南美五彩羽扇豆,,,2012-11-26
451443,Lupinus micranthus Douglas,小花羽扇豆,,,2012-11-26
451444,Lupinus luteus L.; yellow lupine,黄花羽扇豆,,,2012-11-26
451445,Lupinus incanus Grap,大羽扇豆,,,2012-11-26
451446,Lupinus hirsutus L.; bule lupine,青花羽扇豆,,,2012-11-26
451447,Lupinus arboreus Stims; tree lupine,木本羽扇豆,,,2012-11-26
451448,Lupinus albus L. white lupine,白花羽扇豆,,,2012-11-26
451449,lupinine,羽扇豆【生+佥】,,,2012-11-26
451450,lupine; Lupinus,羽扇豆,,,2012-11-26
451451,lupinidine,乙种羽扇豆【生+佥】,,,2012-11-26
451452,lupine poisoning,羽扇豆中毒,,,2012-11-26
451453,Lunularia,半月苔属（地钱科）,,,2012-11-26
451454,lungan; Dragon's eye; Euphoria longana Lam.,龙眼,,,2012-11-26
451455,lung wort; Lobaria,兜藓,,,2012-11-26
451456,Lunathyrium giraldii (Christ) Ching; Athrium giraldii Christ,陕西蛾眉蕨,,,2012-11-26
451457,Lunathyrium centro-chinensis Ching,华中蛾眉蕨,,,2012-11-26
451458,Lunathyrium acrostichoides (Sw.) Ching; Athyrium acrostich-oides (Sw.) Diels,蛾眉蕨,,,2012-11-26
451459,Lunathyrium,蛾眉蕨属（蹄蕨科）,,,2012-11-26
451460,lunate,新月形的,,,2012-11-26
451461,lunaria; moonwort; Satin flower,银扇草属（芸苔科）,,,2012-11-26
451462,Lunaria annua L.; honesty common moon wort; biennial moon wort; biennial moon wort; Satinpod; Satin flower,紫香银扇草,,,2012-11-26
451463,lunar rhythm; lunar periodicity,月令周期,,,2012-11-26
451464,lunar periodicity; lanar rhyhm,月令周期,,,2012-11-26
451465,lunar cycle,月运周期,,,2012-11-26
451466,lump sugar; crushed sugar,碎块糖,,,2012-11-26
451467,Lumnitzera racemosa Willd.,榄李（陈嵘）；滩疤梨；白榄,,,2012-11-26
451468,Lumnitzera,榄李属（使君子科）,,,2012-11-26
451469,lumisterol,感光固醇,,,2012-11-26
451470,luminous plant,发光植物,,,2012-11-26
451471,luminous fungi; photogenic fungi,发光菌,,,2012-11-26
451472,luminous bacteria; luminescent bacteria; photogenic bacteria,发光细菌,,,2012-11-26
451473,luminous algae,光藻,,,2012-11-26
451474,luminescent cell,发光细菌,,,2012-11-26
451475,luminosity,明度；亮度,,,2012-11-26
451476,Luminescent bacteria; luminous bacteria; photogenic bacteria,发光细菌,,,2012-11-26
451477,Lumiflavin,光黄素,,,2012-11-26
451478,Luminescence,发光,,,2012-11-26
451479,Lumichrome,光色素,,,2012-11-26
451480,Luisia teres Bl.,棒兰（日本）,,,2012-11-26
451481,Lumen,内腔；细胞腔,,,2012-11-26
451482,Luisia,棒兰属（兰科）,,,2012-11-26
451483,Luffa; towel gourd; rag gourd; dish-cloth gourd; vegetable sponge,丝瓜属,,,2012-11-26
451484,lugs.,（烟草的）下部叶,,,2012-11-26
451485,Luffa cylindrica var. depressa Li,台湾短丝瓜；米管丝瓜,,,2012-11-26
451486,Luffa cylindrica Roemer; suakwa; towel gourd; loofah,丝瓜（本莫纲目）；布瓜（事类合壁）；天丝瓜；天罗銮瓜；菜瓜（台）,,,2012-11-26
451487,Luffa acutangula Roxb.; sing-kwa of China; sing-kwa towel gourd;,棱角丝瓜；广东丝瓜,,,2012-11-26
451488,Ludwizia prostrata Roxb.,丁香蓼,,,2012-11-26
451489,Ludwigia ovalis Miq.,卵叶丁香蓼；水虎耳草,,,2012-11-26
451490,Ludwigia caryophylla (Lam.) Merr. et Metc.,细花丁香蓼,,,2012-11-26
451491,Ludwigia,丁香蓼属,,,2012-11-26
451492,Ludwig theorem; annidation,新增适应原理,,,2012-11-26
451493,Lucuma nervosa A.D.C.; canistel; egg-fruit,蛋黄果,,,2012-11-26
451494,Lucuma,蛋黄果属（赤铁科）,,,2012-11-26
451495,luciferous,发光的,,,2012-11-26
451496,luciferin,（萤火虫）发光素,,,2012-11-26
451497,luciferase,（萤火虫）发光酶,,,2012-11-26
451498,lucid; lustrous,有光泽的,,,2012-11-26
451499,lubricate,光滑的,,,2012-11-26
451500,lucern; lucerne; alfalfa; Medicago,苜蓿,,,2012-11-26
451501,lozanged,菱形的,,,2012-11-26
451502,Loxostemon delarayi Franch.; Cardamine franche-tiana Diels,弯蕊芥,,,2012-11-26
451503,Loxostemon,弯蕊芥属（十字花科）,,,2012-11-26
451504,Loxomaceae,毛床蕨科,,,2012-11-26
451505,Loxogramme saziran Tagawa,褐叶剑蕨,,,2012-11-26
451506,Loxogramme Salicifolia (Makino),柳叶剑蕨,,,2012-11-26
451507,Loxogramme remoto-frondigera Hay.,疎疎叶剑蕨,,,2012-11-26
451508,Loxogramme grammitoides C. Chr. (Bak.),匙叶剑蕨,,,2012-11-26
451509,Loxogramme formosana Nakai,台湾剑蕨,,,2012-11-26
451510,Loxogramme ensiformis Ching,阔叶,,,2012-11-26
451511,Loxogramme confertifolia Tagawa,密叶剑蕨,,,2012-11-26
451512,Loxogramme chinensis Ching,中华剑蕨,,,2012-11-26
451513,Loxogramme,剑蕨属,,,2012-11-26
451514,Loxogramme biformis Tagawa,二形剑蕨,,,2012-11-26
451515,Loxogrammaceae,剑蕨科,,,2012-11-26
451516,Loxococcus rupicola Wendl. et Drude; Dotaln palm,鸢尾椰子,,,2012-11-26
451517,Loxococcus,鸢尾椰子属（棕榈科）,,,2012-11-26
451518,low-level oak; Quercus acutissima Carr.,麻栎,,,2012-11-26
451519,lowland rice,低地水稻,,,2012-11-26
451520,lowland meadow,低地草原,,,2012-11-26
451521,lower tree layer,低树层,,,2012-11-26
451522,lower pole nucleus; lower polar nucleus,下极核,,,2012-11-26
451523,lower lip,（唇形花冠的）下唇,,,2012-11-26
451524,low-energy phosphate bond,低能量燐酸酯键,,,2012-11-26
451525,low volume spray treatment,低量喷射处理,,,2012-11-26
451526,low temperature stratification,低温层积萌育法,,,2012-11-26
451527,low temperature gemeability,低温发芽性,,,2012-11-26
451528,low productivity land,低产量地,,,2012-11-26
451529,low pressure spray,低压撒布,,,2012-11-26
451530,low position tiller,低位分【薛+木】,,,2012-11-26
451531,low moor peat,低层泥炭地,,,2012-11-26
451532,low moor,低层湿原,,,2012-11-26
451533,low griund-rattan; Rhapis humilis Blume,棕竹,,,2012-11-26
451534,low field layer,低草层,,,2012-11-26
451535,low blackberry; dew blackberry; Rubus villosus Ait.,黑莓,,,2012-11-26
451536,lovegrasses; Eragrostis spp.,雀茅类,,,2012-11-26
451537,lovage; Levisticum officinale,圆叶当归,,,2012-11-26
451538,Lourea vespertilionis Desv.; Christia vesper-tilionis (L.f.) Bahn. f.,蝙蝠草；蝴蝶草；飞钖草,,,2012-11-26
451539,Lourea obcordata Desv.; Christia obcordata (Poir.) Bahn.f.,铺地蝙蝠草（豆科）,,,2012-11-26
451540,Louisiana yellow,美国路洲黄糖,,,2012-11-26
451541,lotus; Indian lotus; Nelumbo nucifera,百脉根属（豆科）,,,2012-11-26
451542,lotus; Indian lotus; Nelumbo nucifera,荷；莲,,,2012-11-26
451543,Lotus tennis Kit,细叶百脉根,,,2012-11-26
451544,Lotus corniculatus var. japonicus Regel,百脉根；牛角花（牧野）；五叶草,,,2012-11-26
451545,lotic,保持著流水状态的,,,2012-11-26
451546,Loteae,百脉根族（豆科）,,,2012-11-26
451547,loss mutation,丧失突变,,,2012-11-26
451548,Loropetalum chinense Oliv. (=Hamamelis chineasis R. Br.),𪲛花（图考）,,,2012-11-26
451549,Loropetalum,𪲛木属(金缕梅科),,,2012-11-26
451550,lorica; seed coat,1.种皮；2.若干藻类的原生质体的外被,,,2012-11-26
451551,Lorenz， Konrad,罗仁兹,,,2012-11-26
451552,lorate,舌状的,,,2012-11-26
451553,Loranthus yadoriki Sieb.,毛叶桑寄生；柿寄生（中药志）,,,2012-11-26
451554,Loranthus parasiticus (L.) Merr.,桑寄生；桑上寄生,,,2012-11-26
451555,Loranthus maclurei Merr.,大苞桑寄生,,,2012-11-26
451556,Loranthus europeus Jacq.,北桑寄生,,,2012-11-26
451557,Loranthus chinensis DC.,茑（诗经；尔雅；H.M.）,,,2012-11-26
451558,Loranthus,桑寄生属；松萝属,,,2012-11-26
451559,loranths; Loranthaceae,松萝；桑寄生,,,2012-11-26
451560,Loranthoideae,桑寄生亚科,,,2012-11-26
451561,Loranthineae,桑寄生亚目；松萝亚目,,,2012-11-26
451562,Loranthaceae; loranths,桑寄生科；松萝科,,,2012-11-26
451563,loquat; Eriobotrya japonica Lindl.,枇杷,,,2012-11-26
451564,lopseed family; Phrymaceae,透骨草科,,,2012-11-26
451565,Lopidium,雀尾藓属（孔雀藓科）,,,2012-11-26
451566,Lophzia,裂叶苔属（苔）,,,2012-11-26
451567,Lophoziaceae,裂叶苔科,,,2012-11-26
451568,Lophozia exsecta Dum,裂叶苔,,,2012-11-26
451569,lophotrichous,（若干细菌似的）一端有一丛鞭毛的,,,2012-11-26
451570,Lophothalieae,似苔藻亚科,,,2012-11-26
451571,Lophosoriaceae; Protocyatheaceae,原始桫椤科,,,2012-11-26
451572,Lophosoria,原始桫椤属,,,2012-11-26
451573,Lopholejeunea,黑鳞苔属,,,2012-11-26
451574,Lophodermium thujopsidis Sawada,罗汉柏叶震病菌,,,2012-11-26
451575,Lophodermium thufae Sawada,金镜柏叶震病菌,,,2012-11-26
451576,Lophodermium pinastri (Schrader) Chevallier,赤松黑松叶松病菌,,,2012-11-26
451577,Lophodermium nervisequium (de Candolle) Rehm,冷杉杜松叶震病菌,,,2012-11-26
451578,Lophodermium macroporsum Rehm (Hartig),云杉叶震病菌,,,2012-11-26
451579,Lophodermium chamaecyparisii Shiral et Hara,扁柏花柏叶震病菌,,,2012-11-26
451580,Lophodermium abietis Rostrup,冷杉杜松类落叶病菌,,,2012-11-26
451581,Lophodermium,霉震病菌属,,,2012-11-26
451582,Lophocoleaceae,齿萼苔科（苔）,,,2012-11-26
451583,Lophocolea,齿萼苔属,,,2012-11-26
451584,Lophocolea heterophylla (Schrad) Dum,香鳞苔藓；异叶齿萼苔,,,2012-11-26
451585,Lophatherum gracile Brongniart,淡竹叶（纲目）；碎骨子；竹叶麦冬；山鸡米；迷身草,,,2012-11-26
451586,Lophatherum sinense Rendle,笹草,,,2012-11-26
451587,Lophatherum elatum Zoll.; L. gnacile Brongn.,淡竹（叶）（纲目）,,,2012-11-26
451588,Lophanthus rugosus Fisch. et Mey,藿香（嘉祐本草）；兜罗婆香（楞严经）,,,2012-11-26
451589,Lopadium,泡苔属（地衣）,,,2012-11-26
451590,loose-strife family; Lythraceae,千屈菜科,,,2012-11-26
451591,loose-skin character,宽皮性,,,2012-11-26
451592,loose-headed,半结球性,,,2012-11-26
451593,loose smut; Ustilago nuda (Jensen) Rostrup,裸黑穗病,,,2012-11-26
451594,loop univalent; closed univalent; loop chromatids,环状一价染色体；环状染色分体,,,2012-11-26
451595,loop chromatid,环状染色分体,,,2012-11-26
451596,Looasa lateritia Gill,刺莲花,,,2012-11-26
451597,Lonicera; honeysuckle; woodbine,金银花属；忍冬属（忍冬科）,,,2012-11-26
451598,Lonicera yunnanensis Franch.,云南忍冬（陈嵘）,,,2012-11-26
451599,Lonicera tragophylla Hemsl.,盘叶忍冬（中国北部植物志）,,,2012-11-26
451600,Lonicera thibetica Bur. et Franch.,西藏金银花（陈嵘）,,,2012-11-26
451601,Lonicera tartarinovii Maxim.,华北金银花,,,2012-11-26
451602,Lonicera tangutica Maxim.,矮金银花（陈嵘）；陇塞金银花（中国北部植物图志）,,,2012-11-26
451603,Lonicera syringantha Maxim.,粉红金银花（陈嵘）,,,2012-11-26
451604,Lonicera standishii Carr.,苦糖菓（中国经济植物志）,,,2012-11-26
451605,Lonicera similis Hemsl.,细苞忍冬（中国北部植物图志）,,,2012-11-26
451606,Lonicera shensiensis Rehd.,山陕金银花,,,2012-11-26
451607,Lonicera sempervivens L.; trumpet honey-suckle,北美金银花,,,2012-11-26
451608,Lonicera saccata Rehd.,山白蜡（陇海沿线树产目录）,,,2012-11-26
451609,Lonicera ruprechtiana Regel,辽吉金银花（陈嵘）,,,2012-11-26
451610,Lonicera periclymenum L. woodbine,香金银花,,,2012-11-26
451611,Lonicera pekinensis Rehl.,北平金银花（陈嵘）,,,2012-11-26
451612,Lonicera nervosa Maxim,红脉金银花（陈嵘）,,,2012-11-26
451613,Lonicera morrowii A. Gray; morrow honey-suckle,瓢【竹+卓】木；金银木,,,2012-11-26
451614,Lonicera microphylla Willd.,小叶金银花（陈嵘）,,,2012-11-26
451615,Lonicera maximoviczii Maxim.,紫枝金银花（陈嵘）,,,2012-11-26
451616,Lonicera marrowi A. Gray; marrow honey-suckle,吉利子树,,,2012-11-26
451617,Lonicera maackii Maxim.,金银木（山东）；马氏忍冬（中药志）,,,2012-11-26
451618,Lonicera kungeana Hao,五台金银花（陈嵘）,,,2012-11-26
451619,Lonicera kochneana Rehd.,陕西金银花（中国北部植物图志）,,,2012-11-26
451620,Lonicera japonica Thund.; Japan honeysuckle,忍冬（名医别录）左缠藤（本草纲目）；金银藤（本草纲目）金银花（救荒本草）鸳鸯藤；药材学称caulis Loniceral,,,2012-11-26
451621,Lonicera hispida Pall,刺毛金银花（陈嵘）,,,2012-11-26
451622,Lonicera gracilipes Miq. var， glabra Miq.,莺籐,,,2012-11-26
451623,Lonicera gracilipes Miq.,山莺籐,,,2012-11-26
451624,Lonicera ferdinandii Franch.,秦岭金银花（陈嵘）,,,2012-11-26
451625,Lonicera dioica L.; limber honey-suckle,雌痽异株金银花,,,2012-11-26
451626,Lonicera confusa DC.,山金银花（亨利氏中国植物名录）,,,2012-11-26
451627,Lonicera coerule L.,蓝果金银花（陈嵘）,,,2012-11-26
451628,Lonicera chrysantha Turcz.; Coralline honey suckle,黄金银花（陈嵘）；金花忍冬（中国北部植物图志）,,,2012-11-26
451629,Lonicera alsenosm-oides Graebn.,瓦山金银花（陈嵘）,,,2012-11-26
451630,long-shoot bamboo; Bambusa dolich-oclada Hayata; Leleba dolichoolada (Hay.) Odashima,长枝竹,,,2012-11-26
451631,longitudinal split,纵裂,,,2012-11-26
451632,longitudinal vein,纵脉,,,2012-11-26
451633,longitudinal section,纵断面,,,2012-11-26
451634,longitudinal rod tetrad,垂直棒状四分子,,,2012-11-26
451635,longitudinal ring tetrad,垂直环状四分子,,,2012-11-26
451636,longitudinal plane; longitudinal section,纵断（切）面,,,2012-11-26
451637,longitudinal growht,延伸生长,,,2012-11-26
451638,longitudinal fission; longitudinal division,细胞纵裂,,,2012-11-26
451639,longitudinal division; longitudinal fission,纵裂,,,2012-11-26
451640,longitudinal dehiscence,果实纵裂,,,2012-11-26
451641,longitudinal binary fission,纵行二分裂,,,2012-11-26
451642,Longitudinal axis,纵轴,,,2012-11-26
451643,longitudinal,纵的,,,2012-11-26
451645,long-flowered white lily; Lilium longiflorum Thunb.,麝香百合,,,2012-11-26
451646,longevity; duration oflife,寿命,,,2012-11-26
451647,longan; Euporia longana Lam.,龙眼（本草经）,,,2012-11-26
451648,long smut,角黑穗病,,,2012-11-26
451649,long shoot,长枝,,,2012-11-26
451650,long satellite-bearing chromosome,长形随体染色体,,,2012-11-26
451651,long range,长列,,,2012-11-26
451652,long night,长夜,,,2012-11-26
451653,long day treatment,长日照处理,,,2012-11-26
451654,long day plant (L D P),长日照植物,,,2012-11-26
451655,long day,长日照,,,2012-11-26
451656,long dark period plant,长暗期性植物；长夜植物,,,2012-11-26
451657,long chain polymers,长链聚合物,,,2012-11-26
451658,long chain,长链,,,2012-11-26
451659,long branch,长枝,,,2012-11-26
451660,London pride; scarlet lychnis; Lychnis chalced-onica L.,绉叶剪夏罗,,,2012-11-26
451661,Londesia,毛被藜属（藜科）,,,2012-11-26
451662,Lonchocarpinea,矛荚亚族（豆科）,,,2012-11-26
451663,Lonas inodora Gartn.,非洲雏菊,,,2012-11-26
451664,Lonas,非洲雏菊属（菊科）,,,2012-11-26
451665,Lomentaria catenata Harv.,连结藻（红）,,,2012-11-26
451666,Lomentaria,连节藻属（红）,,,2012-11-26
451667,loment,分节荚果,,,2012-11-26
451668,lombardy poplar; Populus pyramidalis Borkh.,美国白杨,,,2012-11-26
451669,Lomariopsis leptocarpaF'ee,罗蔓藤蕨,,,2012-11-26
451670,Lomariopsis,藤蕨属（藤蕨科）,,,2012-11-26
451671,Lomariopsidaceae,藤蕨科,,,2012-11-26
451672,Lomagramma,艻藤蕨属（藤蕨科）,,,2012-11-26
451673,Lolium; rye-grass,黑麦草属；毒麦属（禾本科）,,,2012-11-26
451674,Lolium temulentum L.; darnel,毒麦,,,2012-11-26
451675,Lolium perenne L.; perenial rye-grass; common rye-grass,多年生毒麦,,,2012-11-26
451676,Lolium multiflorum Lamarck,鼠麦,,,2012-11-26
451677,Lolium italicun A.Br.; Italian rye-grass,黑麦草,,,2012-11-26
451678,logwood; blood wood tree; Haematoxylon campechianum Linn.,墨水树,,,2012-11-26
451679,logistic curve; sigmoid curve,Ｓ型曲线,,,2012-11-26
451680,logarithmic phase; log phase,对数相；对数期,,,2012-11-26
451681,logarithmic mean,对数平均,,,2012-11-26
451682,logarithmic curve,对数曲线,,,2012-11-26
451683,Loganiaceae; logania family,马钱科,,,2012-11-26
451684,logania family; Loganiaceae,马钱科,,,2012-11-26
451685,log habitat,木材产地；木材生境,,,2012-11-26
451686,loessial soil,风积土,,,2012-11-26
451687,Loewi， Otto,洛威,,,2012-11-26
451688,Loeseneriella merrilliana A.C.Sm.,翅子藤,,,2012-11-26
451689,Loeseneriella,翅子藤属（翅子藤科）,,,2012-11-26
451690,Lodoicea maldivica Pers.; L. callipyge Comm.; L. sechellarum Labill; double coconut; Maldive nut; kelapa ( 马来),大实椰子,,,2012-11-26
451691,lodicule,鳞被,,,2012-11-26
451692,lodging resistance,抗倒伏性,,,2012-11-26
451693,lodging,倒伏,,,2012-11-26
451694,lod,优势对数,,,2012-11-26
451695,locusta,螽花（今所谓小穗(spikelet)古时叫做螽花）,,,2012-11-26
451696,locust; Robinia; Gleditsia,刺槐；洋槐,,,2012-11-26
451697,locus-specific(Hadom 1955),（某）基因座特有的,,,2012-11-26
451698,locus (Moargan et al. 1951)(pl. loci),基因座,,,2012-11-26
451699,loculus; locule; loculi,小室；子房室；花药室,,,2012-11-26
451700,loculose; loculous,分为钗h小室的,,,2012-11-26
451701,loculicidal dehiscence,胞背裂开（植形）,,,2012-11-26
451702,locule; chamber,室，房,,,2012-11-26
451703,locular; loculate,有小室的,,,2012-11-26
451704,l-octyne,辛炔-〔1〕,,,2012-11-26
451705,l-octanol,辛醇-〔1〕；庚基甲醇,,,2012-11-26
451706,l-octadecanol,十八醇,,,2012-11-26
451707,l-octacosanol; n-octacosyl alcohol,二十八醇-〔1〕,,,2012-11-26
451708,locoweed,毒草（Astragu-lus， Oxytro-pis等属，含有无名的毒素或arsenic的杂草）,,,2012-11-26
451709,locomotory movement; locomotion; locomotive movement,移动运动,,,2012-11-26
451710,locomotion; locomotive movement; locomotory movement,移动运动,,,2012-11-26
451711,locmotive movement; locomotion; locomotory movement,移动运动,,,2012-11-26
451712,lock-and-key theory,锁钥说,,,2012-11-26
451713,locies,演替系列小社会,,,2012-11-26
451714,lociation,小区社会,,,2012-11-26
451715,Lochnera rosea (L.) Reichb.; Vinca rosea L.,日日春（夹竹桃科）；长春花（图考）,,,2012-11-26
451716,locellate,分室的,,,2012-11-26
451717,localized fertiliza-tion,定位受精,,,2012-11-26
451718,localized disturbance,局部失调,,,2012-11-26
451719,localized centromere,定位中节,,,2012-11-26
451720,localization of chiasmata,交叉局部化,,,2012-11-26
451721,localization,局限性,,,2012-11-26
451722,locality protection,区域保护,,,2012-11-26
451723,locality disinfection,区域消毒,,,2012-11-26
451724,locality,产地；地域,,,2012-11-26
451725,local vernacular name,方言名称,,,2012-11-26
451726,local variety; native variety,地方品种,,,2012-11-26
451727,local variation,地域变异,,,2012-11-26
451728,local race; local breed,地方种；地方品系,,,2012-11-26
451729,local population sample,地区族群样品,,,2012-11-26
451730,local name,地方名字；土名,,,2012-11-26
451731,local Mendelian population,地域性孟德尔族群,,,2012-11-26
451732,local lesion,局部病斑,,,2012-11-26
451733,local infection,局部感染,,,2012-11-26
451734,local climate,局部气候,,,2012-11-26
451735,local,局部的；地方的,,,2012-11-26
451736,lobule; lobulus; a small lobe,小裂片（苔类的）腹瓣,,,2012-11-26
451737,lobulation,裂成小片,,,2012-11-26
451738,lobulate,有小叶的；由小叶裂片形成的,,,2012-11-26
451739,lobular,小叶的；如小叶的；小裂片的,,,2012-11-26
451740,lobstick,标界木（加拿大西部作为地界标帜或纪念的除去下枝的树木）,,,2012-11-26
451741,lobster-flower; Poinsettia; Euphorbia,猩猩木；耶诞红；一品红,,,2012-11-26
451742,Lobopetalum,樱桃类（李属）,,,2012-11-26
451743,loblolly pine; Pinus taeda L.,火炬松（植分）,,,2012-11-26
451744,Lobelioideae,半边莲亚科（桔梗科）,,,2012-11-26
451745,lobeline,山梗菜【生+佥】,,,2012-11-26
451746,Lobelia radicans Thund.,半边莲（本草纲目）,,,2012-11-26
451747,Lobeliaceae,山梗菜科（或以为是Campa-nulaceae中的亚科）,,,2019-08-26
451748,Lobelia erinus L.; edging lobelia,琉璃半边莲,,,2012-11-26
451749,lobelets,（叶的）小裂片,,,2012-11-26
451750,Lobelia cardinalis L.; cardinal flower; Indian pink,红花半边莲,,,2012-11-26
451751,lobed,浅裂的,,,2012-11-26
451752,lobe,裂片,,,2012-11-26
451753,lobation,缺刻,,,2012-11-26
451754,lobate,（叶具）裂片的,,,2012-11-26
451755,Lobaria pulmonaria Haffm.; Sticta pulmonaria Ach.; Lung wort,兜苔（地衣）,,,2012-11-26
451756,Lobaria,兜苔属（地衣）,,,2012-11-26
451757,Loasaceae; loasa family,刺莲科,,,2012-11-26
451758,Loasa vulcanica Auder; volcanica Loasa,白花刺莲,,,2012-11-26
451759,Loasa family; Loasaceae,刺莲科,,,2012-11-26
451760,Loasa,刺莲属,,,2012-11-26
451761,loam,壤土,,,2012-11-26
451762,loaf volume,面包体积,,,2012-11-26
451763,loaf sugar,棒糖,,,2012-11-26
451764,l-nonine,壬炔-〔1〕,,,2012-11-26
451765,l-nonanol,壬醇-〔1〕,,,2012-11-26
451766,l-nonadecanol,十九醇-〔1〕,,,2012-11-26
451767,l-naphthoic acid.,萘甲酸-〔1〕,,,2012-11-26
451768,l-nomacosanol; n-nonacosyl-alcohol,二十九醇,,,2012-11-26
451769,l-naphthamide,萘醯胺-〔1〕,,,2012-11-26
451770,l-naphthaldehyde,萘醛-〔1〕,,,2012-11-26
451771,l-lycorine,1-石蒜【生+佥】,,,2012-11-26
451772,l-linalool,沉香醇；胡荽油醇；3.7二甲基一辛二烯一〔1.6〕一醇一〔3.〕,,,2012-11-26
451773,Lleydella abietina (Fries) S. Ito; Stereum abietinum Fries,松类腐心病菌之一,,,2012-11-26
451774,lizards-tail; Saururus,三白草,,,2012-11-26
451775,lizards-tail famaily saururaceae,三白草科,,,2012-11-26
451776,lixiviation,浸析,,,2012-11-26
451777,Livistona; fountain palm,蒲葵属（棕榈科）,,,2012-11-26
451778,Livistona rotundi-folia Mart; Java fan palm; Saribu palm,爪哇蒲葵（陈嵘）,,,2012-11-26
451779,Livistona muelleri Hort.,澳洲细叶蒲葵,,,2012-11-26
451780,Livistona jenkinsiana Griff,阿隆姆蒲葵,,,2012-11-26
451781,Livistona cochin-chinensis Blume; Serdang palm.,交趾蒲葵,,,2012-11-26
451782,Livistona chinensis R. Br.; Livistona japonica Nakai; Chinese livistona; Chinese fan-palm; fountain palm.; Bourbon palm.,蒲葵（南方草木状）,,,2012-11-26
451783,Livistona boninensis Nakai,小笠原蒲葵,,,2012-11-26
451784,Livistona australis Mart.; Australian cabbage palm,澳洲蒲葵,,,2012-11-26
451785,living tissue,活组织,,,2012-11-26
451786,living substance,生活物质,,,2012-11-26
451787,living nature,生物界,,,2012-11-26
451788,living material,生活物质,,,2012-11-26
451789,living fossil,活化石,,,2012-11-26
451790,living form,生活型,,,2012-11-26
451791,living environment,生存环境,,,2012-11-26
451792,living condition,生活条件,,,2012-11-26
451793,living body,生活体；生物体,,,2012-11-26
451794,living being organism,生物,,,2012-11-26
451795,livid,铅色；淡紫褐色,,,2012-11-26
451796,liverworts Hepaticae Hepatophyta,苔类；地钱类,,,2012-11-26
451797,Litwinowia,脱喙芥属（十字花科）,,,2012-11-26
451798,littorideserta,海岸荒原,,,2012-11-26
451799,littoral zone; littoral region; littoral belt,沿岸带,,,2012-11-26
451800,littoral vegetation zone,沿岸植物带,,,2012-11-26
451801,littoral system,沿岸线海系,,,2012-11-26
451802,littoral region; littoral zone; littoral belt,沿岸带,,,2012-11-26
451803,littoral forest,沿岸森林,,,2012-11-26
451804,littoral community,沿岸带群集,,,2012-11-26
451805,littoral belt.; littoral region; littoral zone,海岸地带,,,2012-11-26
451806,littoral,1.潮线间的海岸带；2.湖泊岸线与著根植物间的地带,,,2012-11-26
451807,Littledalea racemosa Keng,扇穗茅,,,2012-11-26
451808,little leaf disease,小叶病,,,2012-11-26
451809,litter layer,地面落叶枯枝层,,,2012-11-26
451810,litter,地面落叶枯枝,,,2012-11-26
451811,Litseal lancilimba Merr.,大果【木+姜】子；毛丹母；青吐木；八角带,,,2012-11-26
451812,Litseae,木姜子亚科,,,2012-11-26
451813,Litsea verticillata Hance,轮叶【木+姜】子；槁树,,,2012-11-26
451814,Litsea veitchiana Gamble,钝叶【木+姜】子,,,2012-11-26
451815,Litsea szechanica Allen,马木【木+姜】子,,,2012-11-26
451816,Litsea sericea Hook f.,绢毛【木+姜】子；绢丝楠（陈嵘）,,,2012-11-26
451817,Litsea rubescens var. yunnanensis Lec.,滇木【木+姜】子,,,2012-11-26
451818,Litsea rubescens Lec.,红叶【木+姜】子,,,2012-11-26
451819,Litsea rotundifolia Hemsl. var. oblongifolia (Nees) Allen; Actinodaphne chinensis (Bl.) Nees,豹皮黄肉楠；豹皮樟,,,2012-11-26
451820,Litsea pungens Hemsl.,木畺子（湖北宜昌）；木香子；山胡椒；木樟子,,,2012-11-26
451821,Litsea monopetala (Roxb.) Pers.,假柿【木+姜】子；假沙梨；假柿树；纳槁,,,2012-11-26
451822,Litsea populifolia (Hemsl.) Gamble,杨叶【木+姜】子；老鸦皮；猴香子；马【木+姜】子,,,2012-11-26
451823,Litsea mollifolia Chun,毛叶木【木+姜】子；木【木+姜】子；香桂子；狗胡椒,,,2012-11-26
451824,Litsea ichangensis Gamble,宜【木+姜】昌子,,,2012-11-26
451825,Litsea glutinosa (Lour)C.B.Rob.,潺槁树；油槁树；胶樟；青野槁,,,2012-11-26
451826,Litsea faberi Hemal.,石木【木+姜】子；石桢楠；楠木,,,2012-11-26
451827,Litsea euosma W. W. Smith,清香木【木+姜】子,,,2012-11-26
451828,Litsea elongata (Wall. ex Nees) Benth.,黄丹【木+姜】子；毛丹；红；田；毛丹公,,,2012-11-26
451829,Litsea cubeba (Lour.) Pers. Mountain spicy tree,山鸡椒（药材学）山胡椒；山巷【木+姜】；山【木+姜】子；木【木+姜】子,,,2012-11-26
451830,Litsea citrata Bl.,山鸡椒（浙江）,,,2012-11-26
451831,Litsea chinensis Bl.,豹皮樟(江西),,,2012-11-26
451832,Litsea chenii Liouh,木香【木+姜】子；木香子（四川）,,,2012-11-26
451833,Litsea,木姜子属（樟科）,,,2012-11-26
451834,litmus; Racella tinctoria DC.,海石蕊；石蕊（地衣）,,,2012-11-26
451835,litmus mannite agar,石蕊甘露醇洋菜培养基,,,2012-11-26
451836,Litiope graminifolia Bak. var， densi-flora Maxim.,乌韭（本草纲目）；大叶麦冬（药材学）,,,2012-11-26
451837,Lithothamnion,石藻属（红）,,,2012-11-26
451838,Lithostegia,石酸搳]鳞毛蕨科）,,,2012-11-26
451839,Lithospermum; gromwell; puccoon,紫草属（紫草科）,,,2012-11-26
451840,Lithospermum zollingeri A.DC.,梓木草（江苏植物名录）；萤草（日本）,,,2012-11-26
451841,Lithospermum officinale L. var. erthrorhizn Maxim.; Lithospermum erythrorhizon S. et Z.; Anchusa officinalis Lour.,紫草；紫芙（本草经）芘草；芘【艹+戾】（广雅）,,,2012-11-26
451842,Lithospermum diffusum lag.; gentian blue gromwell.,蓝色紫草,,,2012-11-26
451843,Lithospermum canescens Lehm.; Indian paint; red root,红根（于）,,,2012-11-26
451844,Lithospermum arvens L.,麦家公（公苏植物名录）,,,2012-11-26
451845,lithosol,石质土,,,2012-11-26
451846,lithosere,岩石表面的植物演替系列,,,2012-11-26
451847,lithophytes,岩生植物,,,2012-11-26
451848,Lithophyllum,石叶藻属（红）,,,2012-11-26
451849,Lithophloea,（泥炭藓属）光皮组,,,2012-11-26
451850,lithophilous,适合于石的,,,2012-11-26
451851,lithocyte; stone cell,石细胞,,,2012-11-26
451852,Lithocarpus viridis Rehd. et wils.,箭杆柯；雅州石栎；绿叶石栎,,,2012-11-26
451853,Lithocarpus vestitus A. Camus,茸果柯；毛茸石柯,,,2012-11-26
451854,Lithocarpus variolosus Chun,多变柯,,,2012-11-26
451855,Lithocarpus uvariifolius Rehd.,紫玉盘柯,,,2012-11-26
451856,Lithocarpus uraianus Hay.,淋漓柯；楒仔；淋漓,,,2012-11-26
451857,Lithocarpus truncatus Rehd. et Wils.,截果柯,,,2012-11-26
451858,Lithocarpus tsangii A. Camus,怀集柯,,,2012-11-26
451859,Lithocarpus ternaticupulus Hay.,三果柯,,,2012-11-26
451860,Lithocarpus tanoak shiia,柯属；石栎属；椎属（日本）（壳斗科）,,,2012-11-26
451861,Lithocarpus spicatus Rehd. et Wils,粗穗柯；储栎树（湖北兴山）,,,2012-11-26
451862,Lithocarpus silvicolarum Chun.,犂耙柯；耙楣；绿楣；羌麻柠树,,,2012-11-26
451863,Lithocarpus polystachyus Rehd.,多穗柯；多穗石柯；甜茶；大叶椆子,,,2012-11-26
451864,Lithocarpus podocarpus Chun,柄果柯；柄果石栎,,,2012-11-26
451865,Lithocarpus paniculata Hand.-Mazz.,袁山石栎（陈嵘）,,,2012-11-26
451866,Lithocarpus megalophylla Rehd.,大叶柯；洪雅石栎,,,2012-11-26
451867,Lithocarpus litseifolius Chun.,【木+姜】叶柯；海南石栎（陈嵘）,,,2012-11-26
451868,Lithocarpus kawakamii Hay.,台湾柯,,,2012-11-26
451869,Lithocarpus iteaphylloides Chun,珠眼柯；珠眼树,,,2012-11-26
451870,Lithocarpus henryi Rehd. et Wils.,绵柯；绵椆；刚板粟；羊角粟；绵槠（四川）,,,2012-11-26
451871,Lithocarpus hencei Rehd.,硬文柯；黄椆；盘紫绿；酸心禄,,,2012-11-26
451872,Lithocarpus glaber (Thunb.) Nakai,柯；石栎（浙江）；白楣树；椆木,,,2012-11-26
451873,Lithocarpus fordianus Chun,密脉柯；黔粤石栎,,,2012-11-26
451874,Lithocarpus fenestratus Rohd.,泥椎柯；华南石柯,,,2012-11-26
451875,Lithocarpus elizabethae Rehd.,厚斗柯；贵州石栎,,,2012-11-26
451876,Lithocarpus dunnii Metcalf,天台石栎（陈嵘）,,,2012-11-26
451877,Lithocarpus dealbatus Rehd.,白皮柯,,,2012-11-26
451878,Lithocarpus corneus (Lour.) Rehd.,烟斗柯；杯果；细叶马绛树；石柯滇粤石栎,,,2012-11-26
451879,Lithocarpus cleistocarpus Rehd. et Wils.,包槲柯；槠楮树；铁青刚；全苞石栎；包栎树（四川）,,,2012-11-26
451880,Lithocarpus chrysocomus Chan et Tsiang,金毛柯；金毛石柯,,,2012-11-26
451881,Lithocarpus brevicaudata Hat.,岭南柯；岭南石栎,,,2012-11-26
451882,Lithocarpus amygdalifofius (Skan) Hay.,杏叶柯,,,2012-11-26
451883,Lithocarpa,坚果类（槭树科；枫树科）,,,2012-11-26
451884,lithite,平衡石,,,2012-11-26
451885,lithic,石生群落的,,,2012-11-26
451886,litharch sere,石生演替系列,,,2012-11-26
451887,litchi; leechee; Litchi chinensis Sonn,荔枝,,,2012-11-26
451888,Litchi chinensis Sonn litchi; leechee; Nephelium litchi Camb.,荔枝（三辅黄图）,,,2012-11-26
451889,Litchi,荔枝属（无患子科）,,,2012-11-26
451890,list-quadrat,列表方框；数方框内的植物的种类与数目,,,2012-11-26
451891,Listera yatabei Makino,高山二叶兰,,,2012-11-26
451892,Listera shikokiana Makino,小二叶兰,,,2012-11-26
451893,Listera makinsana Ohwi,青二叶兰,,,2012-11-26
451894,Listera cordata R. Br.; Ophrys cordata L.; heart-leaved twinblade.,二叶兰；奥飞兰,,,2012-11-26
451895,Listera,二叶兰属（兰科）,,,2012-11-26
451896,Lister， Joseph,李司忒,,,2012-11-26
451897,lister ridge,沟脊,,,2012-11-26
451898,lister plower,开沟种植机,,,2012-11-26
451899,lister plow,开沟犂,,,2012-11-26
451900,lister planting,沟植,,,2012-11-26
451901,lister cultivator,开沟中耕器,,,2012-11-26
451902,lister crops,沟植作物,,,2012-11-26
451904,lister,开沟器；起垄器,,,2012-11-26
451905,Listea auriculata Chien et Chang.,天目木姜子（陈嵘）,,,2012-11-26
451906,Liriope; lily turf,麦门冬属（百合科）,,,2012-11-26
451907,Liriope spicata Lour,大叶麦门冬；琉球麦门冬,,,2012-11-26
451908,Liriope platyphylla Wang et Tang,润叶麦冬（药材学）,,,2012-11-26
451909,Liriope minor Makino,小麦冬（药材学）,,,2012-11-26
451910,Liriope graminifolia Bak. var. variegata Makino,白缘麦门冬,,,2012-11-26
451911,Liriope graminifolia Bak.,麦门冬（本草）,,,2012-11-26
451912,Liriodendron; tulip tree; white wood; yellow poplar,鹅掌楸属（木兰科）,,,2012-11-26
451913,Liriodendron tulipifera L.; tulip tree yellow poplar,北美鹅掌楸,,,2012-11-26
451914,Liriodendron chinense (Hemsl.) Sarg.; Chinese tulip tree,鹅掌楸；马挂木（章）,,,2012-11-26
451915,lirella,（地衣的狭长）子囊盘,,,2012-11-26
451916,liquorice; liquiritia; Glycyrrhiza glabra L. var. glandu-lifera Regel et Herder,甘草,,,2012-11-26
451917,liquogel,液状凝胶体；液胶体,,,2012-11-26
451918,liquiritia; liquorice,甘草,,,2012-11-26
451919,liquid-holding recovery (Roberts & Aldous 1949),（细菌）燐酸缓冲液中恢复（由于UV）,,,2012-11-26
451920,Liquidambar taiwaniana Hance Liquidambar formosana Hce. Formosan sweet gum,枫香树；枫香（江浙）（南方草木状）,,,2012-11-26
451921,Liquidambar styraciflua L.; sweet gum; bolsted alligator tree.,胶皮糖香树（陈嵘）；枫叶枫香（于）,,,2012-11-26
451922,Liquidambar orientalis Mill.; storax tree,苏合香树（别录）（唐本）,,,2012-11-26
451923,Liquidambar formosana Hce. var. monticola Rehd. et Wils,光叶枫香树,,,2012-11-26
451924,Liquidambar edentata Merr.,福建枫香,,,2012-11-26
451925,Liquidambar chinensis Champ.,广东枫香（中药志）,,,2012-11-26
451926,Liquidambar amber tree,枫香属(金缕梅科),,,2012-11-26
451927,Liquidambar altingiana Bl.,苏合香（别录）,,,2012-11-26
451928,Liquidambar acalycina H.T. Chang,缺萼枫香树,,,2012-11-26
451929,liquid phase,液相,,,2012-11-26
451930,liquid wax,液蜡,,,2012-11-26
451931,liquid paraffin,流动石蜡,,,2012-11-26
451932,liquid medium,液体培养基,,,2012-11-26
451933,liquid fertilizer,液肥,,,2012-11-26
451934,liquid culture medium,液体培养基,,,2012-11-26
451935,liquid chromatography,液体〔色〕层〔分〕析法,,,2012-11-26
451936,liquetaction,液化,,,2012-11-26
451937,liquefier,液化剂；液化器,,,2012-11-26
451938,liquation,液化,,,2012-11-26
451939,liquable,可液化的,,,2012-11-26
451940,liptocoenos,生物残留群,,,2012-11-26
451941,Lippia,香水属（马鞭草科）,,,2012-11-26
451942,lipoxidase,不饱和脂肪酸氧化酶,,,2012-11-26
451943,lipotropic factor,抗脂肝因子,,,2012-11-26
451944,lipothiamine pyrophosphate,焦磷酸脂噻胺,,,2012-11-26
451945,liposome,脂质体,,,2012-11-26
451946,liposoluble,可溶脂肪；在脂肪中可溶解的；脂肪可溶解的,,,2012-11-26
451947,lipositol,肌醇磷脂,,,2012-11-26
451948,lipoprotein; lipoproteid,脂蛋白质,,,2012-11-26
451949,lipoplast,脂质体,,,2012-11-26
451950,lipoproteid; lipoprotein,脂蛋白质,,,2012-11-26
451951,lipophilic,亲脂性的,,,2012-11-26
451952,lipophore; xanthophore,含红、黄、橘红色素的色素体,,,2012-11-26
451953,lipophile,亲脂肪的；吸收脂肪的,,,2012-11-26
451954,lipometabolism,脂肪代谢,,,2012-11-26
451955,lipolytic enzyme,解脂酵素；解脂酶,,,2012-11-26
451956,lipolytic coefficient,解脂系数,,,2012-11-26
451957,lipolysis,脂类分解作用,,,2012-11-26
451958,lipolytic,分解脂肪的；解脂的,,,2012-11-26
451959,lipolysin,溶质素,,,2012-11-26
451960,lipoidal; (lipodic),类脂质的,,,2012-11-26
451961,lipoidase; (lipase),类脂体酶,,,2012-11-26
451962,lipoid-sieve theory lipoid-filter theory,类脂体泸器说,,,2012-11-26
451963,lipoid,类脂体,,,2012-11-26
451964,lipoid (layer) theory,类脂体说,,,2012-11-26
451965,lipoid filter theory; lipoid sieve theory,类脂体泸器说,,,2012-11-26
451966,lipoic acid,类脂酸,,,2012-11-26
451967,lipogenensis,脂肪形,,,2012-11-26
451968,lipoic (acid) conjugase,脂酸结合酶,,,2012-11-26
451969,lipocyanin,脂蓝质,,,2012-11-26
451970,lipofuscin,脂褐质,,,2012-11-26
451971,lipoclasis,脂肪分解,,,2012-11-26
451972,lipochromogen,脂色素原,,,2012-11-26
451973,lipochrome; carotenoid,脂色素；类胡萝匐素,,,2012-11-26
451974,lipochondrium (Baker 1951),脂粒体,,,2012-11-26
451975,lipochrin,脂褐黄质,,,2012-11-26
451976,Lipmann， Fritz,李卜曼,,,2012-11-26
451977,lipidol; lipid alcohol,脂醇,,,2012-11-26
451978,lipids; lipin,脂质,,,2012-11-26
451979,lipid theory,油脂说,,,2012-11-26
451980,lipid bilayer,双层脂质（细胞膜构造的模型）,,,2012-11-26
451981,lipid filter theory,脂质泸过说,,,2012-11-26
451982,lipasic,脂肪酶的,,,2012-11-26
451983,lipase,脂肪酶,,,2012-11-26
451984,Liparis odorata Lindl.,笹叶兰,,,2012-11-26
451985,Liparis makinoana Schlechter,金铃兰,,,2012-11-26
451986,Liparis nervosa Lindl.,黑兰,,,2012-11-26
451987,Liparis auriculata Blume,玉簪兰,,,2012-11-26
451988,Liparis formosana Reichb.,台湾金铃兰,,,2012-11-26
451989,Liparis,金铃兰属（兰科）,,,2012-11-26
451990,lip; labellum; labium,（花冠的）唇状部；唇瓣,,,2012-11-26
451991,lip cells,唇细胞,,,2012-11-26
451992,Lioprinus,单叶冬青类（冬青科）,,,2012-11-26
451993,Linum; flax,亚麻属（亚麻科）,,,2012-11-26
451994,Linum usitatissimum L.; flax,亚麻；山西胡麻,,,2012-11-26
451995,Linum tenuifolium,阔叶亚麻,,,2012-11-26
451996,Linum stelleroides Planch.,野亚麻；松叶亚麻（于）,,,2012-11-26
451997,Linum sibericum,西伯亚麻,,,2012-11-26
451998,Linum salsoloides Lam.,杉叶亚麻,,,2012-11-26
451999,Linum perene L.; perennial flax,宿根亚麻,,,2012-11-26
452000,Linum narbonense.,地中海亚麻,,,2012-11-26
452001,Linum montanum; Linum panctatum,山地亚麻,,,2012-11-26
452002,Linum maritinum,海岸亚麻,,,2012-11-26
452003,Linum hyemale; winter lein,冬亚麻,,,2012-11-26
452004,Linum hirsutum,毛亚麻,,,2012-11-26
452005,Linum grandiflorum; flowering flax,大花亚麻；红花亚麻,,,2012-11-26
452006,Linum flavum L.; golden flax,黄亚麻,,,2012-11-26
452007,Linum crepitans,裂爆亚麻,,,2012-11-26
452008,Linum camparnulatum L.,钟形花亚麻,,,2012-11-26
452009,Linum austriacum,瑞士野生亚麻,,,2012-11-26
452010,Linum angustifolium Hud.,长叶亚麻,,,2012-11-26
452011,Linum alpinum,高山亚麻,,,2012-11-26
452012,lint,花衣；棉纤维,,,2012-11-26
452013,linseed oil; flax seed oil,亚麻子油,,,2012-11-26
452014,linseed,亚麻仁；亚麻子,,,2012-11-26
452015,linoxanthine,亚麻黄质,,,2012-11-26
452016,Linopteris,天蕨属（化石）,,,2012-11-26
452017,Linopspora tetraspora Thompsen,白杨类四孢子叶枯病,,,2012-11-26
452018,linolenic acid,苏子油酸,,,2012-11-26
452019,linolein,亚麻油脂,,,2012-11-26
452020,linoleic acid,亚麻油酸；十八碳二烯（9.12）一酸；维生素己,,,2012-11-26
452021,Linociera insignis Clarke,李榄（陈嵘）,,,2012-11-26
452022,Linociera,李榄属（木樨科）,,,2012-11-26
452023,Linneon,林奈氏钟,,,2012-11-26
452024,Linnaeus. Carolus,林奈,,,2012-11-26
452025,Linnaean society,林奈学会,,,2012-11-26
452026,Linnaea borealis L. twin-flower,林奈木,,,2012-11-26
452027,Linnaea,林奈木属（忍冬科）,,,2012-11-26
452028,linked genes,连锁基因,,,2012-11-26
452029,linked,连锁的,,,2012-11-26
452030,linkage value,连锁值,,,2012-11-26
452031,linkage test,连镇测验,,,2012-11-26
452032,linkage of traits,性状连锁,,,2012-11-26
452033,linkage map,连锁图,,,2012-11-26
452034,linkage group of genes,基因连锁群,,,2012-11-26
452035,linkage group (Morgan 1911),连锁群,,,2012-11-26
452036,linkage equilibrium,连锁平衡,,,2012-11-26
452037,linin thread,核丝,,,2012-11-26
452038,linkage (Morgan 1910),（基因的）连锁现象,,,2012-11-26
452039,linin reticulum,核丝网,,,2012-11-26
452040,linin,核丝质,,,2012-11-26
452041,lingulate; tongue-shaped,舌状的,,,2012-11-26
452042,lingua,舌状构造,,,2012-11-26
452043,lineom (Kuhn 1961); genophore; virus chromosome; bacterial chromo-some,病毒、细菌的连锁构造；基因带,,,2012-11-26
452044,lineolate,有细线的；有不甚明晰的线条的,,,2012-11-26
452045,linen,亚麻纤维,,,2012-11-26
452046,lineate; lined,有线条的；有并行线纹的,,,2012-11-26
452047,linear selection,谱系选拔,,,2012-11-26
452048,linear satellite,线形附随体,,,2012-11-26
452049,linear regression,直线回归,,,2012-11-26
452050,linear ray,单列芒状,,,2012-11-26
452051,linear oblong,狭长椭圆形,,,2012-11-26
452052,linear order,直线序列,,,2012-11-26
452053,linear inheritance,线形遗传,,,2012-11-26
452054,linear lanceolate,线状披针,,,2012-11-26
452055,linear correlation,直线相关,,,2012-11-26
452056,linear continuity,线状连续,,,2012-11-26
452057,linear arrangement,直线排列,,,2012-11-26
452058,linear,线状的,,,2012-11-26
452059,linean tetrad,线形四分子,,,2012-11-26
452060,lineal,直系的；来自同一祖先,,,2012-11-26
452061,lineage allelomorphosis,同演化系统异种类间的相附生长,,,2012-11-26
452062,lineage,谱系,,,2012-11-26
452063,linea,线状标识；线状构造,,,2012-11-26
452064,line; phyletic line,系；系统,,,2012-11-26
452065,line transect,直线接触种类鉴定记载法,,,2012-11-26
452066,line separation,系统分离,,,2012-11-26
452067,line selection,系统选拔,,,2012-11-26
452068,line of growth; growth line,生长线,,,2012-11-26
452069,line isolaion; line separation,系统分离,,,2012-11-26
452070,line cross,系间杂交,,,2012-11-26
452071,line breeding,系统育种,,,2012-11-26
452072,Lindsaya,马尾蕨属,,,2012-11-26
452073,Lindsaeaceae,麟始蕨科,,,2012-11-26
452074,Lindsaea taiwaniana Ching,台湾麟始蕨,,,2012-11-26
452075,Lindsaea orbiculata (Laru.) Mett,圆叶麟始蕨；金钱草；高脚假铁线草,,,2012-11-26
452076,Lindsaea merrillii Copel.,蔓生麟始蕨,,,2012-11-26
452077,Lindsaea macraeana Copel.,攀缘麟始蕨,,,2012-11-26
452078,Lindsaea liankwan-gensis Ching,两广麟始蕨,,,2012-11-26
452079,Lindsaea kusukusen-ensis Hay.,方柄麟始蕨,,,2012-11-26
452080,Lindsaea japonica (Bak.) Diels,日本麟始蕨,,,2012-11-26
452081,Lindsaea heterophylla Dry,异叶麟始蕨,,,2012-11-26
452082,Lindsaea ensifolia Sw.,箭叶麟始蕨,,,2012-11-26
452083,Lindsaea davalloides Bl.,网脉麟始蕨,,,2012-11-26
452084,Lindsaea cultrata (Willd.) Sw.,麟始蕨,,,2012-11-26
452085,Lindsaea concinna J. Sm.,假麟始蕨,,,2012-11-26
452086,Lindsaea commixta Tagawa,海岛麟始蕨,,,2012-11-26
452087,Lindsaea chienii Ching,钱氏麟始蕨,,,2012-11-26
452088,Lindsaea,麟始蕨属（鳞始蕨科）,,,2012-11-26
452089,Lindernia pyxidaria L.,母草（玄参科）,,,2012-11-26
452090,Lindera umbellata Thunb.,大叶钓樟；绿叶甘橿；小叶甘橿；钓樟（本草纲目）；乌樟（中国药学大辞典）,,,2012-11-26
452091,Lindera triloba Bl.,猴楸树（狄尔士中国植物名录）；三桠乌药（植典）,,,2012-11-26
452092,Lindera tonkinensis Lec,假桂钓樟；假桂,,,2012-11-26
452093,Lindera thunbergii Makino,詹糖香,,,2012-11-26
452094,Lindera thomsonii Allen,三股筋香；大香果；节白达松,,,2012-11-26
452095,Lindera supracostata Lec.,川滇三股筋香,,,2012-11-26
452096,Lindera strychnifolia (S. et Z.) Vill; Radix Linderae,乌药（开宝本草）；天台乌药（日本）；铜钱柴；斑皮柴；&#39967;&#39790;树（本草纲目）；药材学称乌药,,,2012-11-26
452097,Lindera setchenense Gamble,石桢楠（四川）,,,2012-11-26
452098,Lindera rubronervium Gamble,庐山乌药（陈嵘）红脉钓樟,,,2012-11-26
452099,Lindera reflexa Hemsl.,山橿（江西）；大叶山橿；米珠,,,2012-11-26
452100,Lindera populifolium Hemsl.,圆木香子（四川）,,,2012-11-26
452101,Lindera playfairii (Hemsl.) Allen,白叶子；小辣子；立槁辣子,,,2012-11-26
452102,Lindera obtusiloba Bl.; Japanese spice bush,三桠乌药（中大农学院植物园）；甘姜；香丽木,,,2012-11-26
452103,Lindera megaphylla Hemsl.,黑壳楠（四川）；楠木；八角香,,,2012-11-26
452104,Lindera latifolia Hood.f.,团香果；牛石栏果,,,2012-11-26
452105,Lindera keoantun-gensis (H. Liou) Allen,柳槁；勒墨鱼；猪母楠,,,2012-11-26
452106,Lindera hemsleyana (Diels) Allen,长叶乌药,,,2012-11-26
452107,Lindera glauca (S. et Z.) Bl.,牛筋树；野胡椒；假死柴；山胡椒（图考）,,,2012-11-26
452108,Lindera fruticosa Hemal.,绿叶甘疆；香叶树；官桂,,,2012-11-26
452109,Lindera fragrans Oliv.,香叶子（亨利氏中国植物名录）,,,2012-11-26
452110,Lindera erythrocarpa Mak.,红果钓樟,,,2012-11-26
452111,Lindera communis Hemsl.; Chinese spicebush; spice-leaf tree,香叶树（四川）；红果；臭油果,,,2012-11-26
452112,Lindera chunii Merr.,白胶木；耙齿钩,,,2012-11-26
452113,Lindera chienii Cheng,江浙钓樟,,,2012-11-26
452114,Lindera cercidifolium Hemsl.,红叶甘橿（河南）；绿绿柴；香叶子,,,2012-11-26
452115,Lindera caudata Benth.,香油叶；香油树；假桂皮,,,2012-11-26
452116,Lindera angustifolia Cheng,鸡婆子；小鸡条；香叶子树；狭叶山胡椒（陈嵘）,,,2012-11-26
452117,Lindera akoensis Hayata; Ako spicebush; Ako lindera,内冬子,,,2012-11-26
452118,linden; Tilia,椴树,,,2012-11-26
452119,Lindera,钓樟属（樟科）,,,2012-11-26
452120,linden family; Tiliaceae,椴树科；田麻科,,,2012-11-26
452121,Lindbergia,细枝藓属（薄罗藓科）,,,2012-11-26
452122,Lindbladia,蜂巢状灰霉属（黏）,,,2012-11-26
452123,Linaria japonica Miq.,柳穿鱼（花镜）；海兰（日本）,,,2012-11-26
452124,Linaria biparitata Willd.; cloven-lip toadflax,小金鱼草,,,2012-11-26
452125,Linaria (Peking),荷风兰属（玄参科）,,,2012-11-26
452126,limonocryptophyte,沼泽植物；湖沼植物,,,2012-11-26
452127,Linaceae flax family,亚麻科,,,2012-11-26
452128,Limonium; sea pink; thrift; sea lavender,矶松属（矶松科）,,,2012-11-26
452129,Limonium wrightii O. Kuntze; arbusculum Makino,矶松（日本）,,,2012-11-26
452130,limonitization,褐铁矿化,,,2012-11-26
452131,limonin,柠檬皮,,,2012-11-26
452132,limnoplankton,湖水浮游生物,,,2012-11-26
452133,Limnophila sessiliflora Blume; Ambulia sessili-flora Baillon,石龙尾；菊藻（日本）,,,2012-11-26
452134,Limnophila aromatica Merrill,紫苏草（日本）,,,2012-11-26
452135,limnology,陆水学；湖沼学,,,2012-11-26
452136,limnodophilus,适合于沼泽的,,,2012-11-26
452137,limnodium,沼泽群落,,,2012-11-26
452138,limnodic,沼泽群落的,,,2012-11-26
452139,Limnocharis flava Buchen,黄花泽泻,,,2012-11-26
452140,Limnocharis,水花蔺属（花蔺科）,,,2012-11-26
452141,limnobios,淡水生物,,,2012-11-26
452142,limnium,湖沼群落；盐湖群落,,,2012-11-26
452143,limnetic,湖沼的,,,2012-11-26
452144,Limnanthemum; floating heart,莕菜属（龙胆科）金银莲花属,,,2012-11-26
452145,Limnanthemum nymphoides Hoff. et Link. Floating-heart,荇（诗经）茱（唐本草）；金莲子（本草纲目）（尔雅翼）；茆（诗经）；莕（尔雅）；接余（尔雅）~【食+乏】7~（说文）,,,2012-11-26
452146,Limnanthemum indicum Thw.; water snowflake,金银莲花（草花谱）,,,2012-11-26
452147,limiting plasmolysis,限界质离,,,2012-11-26
452148,limiting membrane,界限膜,,,2012-11-26
452149,limiting factor,限制因子,,,2012-11-26
452150,limiting equilibrium constant,极限平衡常数,,,2012-11-26
452151,limiting concentra-tion,限界浓度,,,2012-11-26
452152,limited growth,有限生长,,,2012-11-26
452153,limited chromosome,有限染色体；（在卵割过程中）减少或消失的染色体,,,2012-11-26
452154,limit dextrin,有限糊精,,,2012-11-26
452155,lime-sulphur,石灰硫黄合剂,,,2012-11-26
452156,limestone,石灰岩；石灰石,,,2012-11-26
452157,lime water,石灰水,,,2012-11-26
452158,lime plants; calciphilous plants,石灰植物,,,2012-11-26
452159,lime lime-tree; linden; Tilia,椴树,,,2012-11-26
452160,lime,1.石灰；氧化钙；2.酸柚；枸橼；莱母,,,2012-11-26
452161,limber honeysuckle Lonicera dioica L.,雌雄异株金银花,,,2012-11-26
452162,limbate,有边缘的,,,2012-11-26
452163,limb,1.大枝；2.合瓣花冠的展开部分；3.叶或花的展开部分；4.染色体腕,,,2012-11-26
452164,limanthus family; Limanthaceaae,沼花科,,,2012-11-26
452165,Limanthus,沼花属,,,2012-11-26
452166,Limanthaceae; limanthus family,沼花科,,,2012-11-26
452167,Limacinia spinigera van Hohnel; Triposporiopsis spinigera (van Hohnel) Yamamoto,柑橘煤病菌之一,,,2012-11-26
452168,Limacinia penzigi (Sac.); Phaeosaccar dinula penzigi (Sac.) Yamamoto,柑橘煤病菌之一,,,2012-11-26
452169,Limacinia japonica Hara,柑橘煤病菌之一,,,2012-11-26
452170,Limacinia harai Yamamoto; sooty mold of citruus; Aithaloderma japonica Hara,柑橘煤病菌之一,,,2012-11-26
452171,Limabata,真藓属真藓亚属中的群,,,2012-11-26
452172,Lima bean; Phaseolus limensis Macfi; Phaseolus lunatus L. var. macrocarpus Benth.; Phaseolus lunatus L.,利马豆；龙爪豆；月豆,,,2012-11-26
452173,lily-turf; Liriope; Ophiopogon,麦门冬,,,2012-11-26
452174,lily-of-the-valley; Convallaria; may lily,铃兰（日本）,,,2012-11-26
452175,lily; Lilium spp.,百合（植分）,,,2012-11-26
452176,lily magnolia; Magnolia liliflora Desr.,木兰,,,2012-11-26
452177,lily family; flowering quillwort family; Liliaceae,百合科,,,2012-11-26
452178,Lilium; lily,百合属（百合科）（植分）,,,2012-11-26
452179,Lilium tigrinum Ker; tiger lily,卷丹（植物名实图考）；黄百合（花木记）；珍珠花（群芳谱）；倒垂莲（滇南）虎皮百合（燕蓟）,,,2012-11-26
452180,Lilium tenifolium Fisch.,细叶百合（药材学）,,,2012-11-26
452181,Lilium spp.; lily,百合（神学本草经）,,,2012-11-26
452182,Lilium rubellum Baker; rosy lily,玫瑰百合,,,2012-11-26
452183,Lilium speciosum Thunb.; brilliant lily,鹿斑百合（植分）,,,2012-11-26
452184,Lilium parryi S. Watson; lemon lily,柠檬百合,,,2012-11-26
452185,Lilium paradalium Kellogg; Leopord lily; Panther lily,豹纹百合（于）,,,2012-11-26
452186,Lilium nobilissimum Makino,高贵百合,,,2012-11-26
452187,Lilium nepalense D.Don; Himalayan lily; Nepal lily,尼泊尔百合；郁金百合,,,2012-11-26
452188,Lilium michiganense Farwell,密歇根百合,,,2012-11-26
452189,Lilium mazimowiczii Regel.; Maximowicz's lily,香百合,,,2012-11-26
452190,Lilium martagon L.; European Turk's cap lily; Martagon lily; Turban lily,经头百合（于）,,,2012-11-26
452191,Lilium maculatum Thunb.,番山丹,,,2012-11-26
452192,Lilium longiflorum Thund.; white trumpet lily; Japan lily; easter lily; Blunderbus lily,麝香百合；倒仙；天香；强瞿；玉手炉,,,2012-11-26
452193,Lilium leucanthum Baker; white-flowered lily,白花百合,,,2012-11-26
452194,Lilium lancifolium Thunb.; (=L. tigrinum Ker-Gawl.) cmmble lily; tiger lily; ogre lily,卷丹；番山丹；连珠；回头见子花,,,2012-11-26
452195,Lilium Henryi Baker; Henry's lily; orange speciosum,黄鹿斑百合,,,2012-11-26
452196,Lilium japonicum Houtt; bamboo lily; Japanese pink lily; Kamer's lily; Sasa lily,强仇；中庭；摩萝鬼蒜；百合蒜（尔雅翼）,,,2012-11-26
452197,Lilium hambolbtii Roezl. et Leichtl.,洪氏百合,,,2012-11-26
452198,Lilium hansonii Leichtl; Hanson's lily; golden Turk's cap lily; Japanese Turk's cap lily,汉荪百合（杜赓牲）,,,2012-11-26
452199,Lilium giganteum Wall.,山丹草(D.)；向哇(H.C.)(D.)(G.)；蘘荷（图考）(G.C.)(G.),,,2012-11-26
452200,Lilium formosanum Wallace; Formosa lily; Tansui lily,野百合(D.)；台湾百合；淡水百合,,,2012-11-26
452201,Lilium elegans Thunb.; elegant lily; Thunberg lily,美丽百合,,,2012-11-26
452202,Lilium duchartrei Franch.,杜氏百合,,,2012-11-26
452203,Lilium distichum Nakai et Kambay-ashi,朝鲜车百合,,,2012-11-26
452204,Lilium davidii Duchesne,大卫百合（药材学）,,,2012-11-26
452205,Lilium dauricurn Ker-Gawl.; candlestick lily; Siberian orange lily,卷莲百合（药材学）,,,2012-11-26
452206,Lilium cordifolium Thunb.,荞麦叶贝母(P.)蘘荷（图考）,,,2012-11-26
452207,Lilium concolor Salisb.; star lily; wild scarlet lily; one colored lily; Salisbury's lily,山丹(P.)；红百合,,,2012-11-26
452208,Lilium concolor Salisb. var. corid-ion Sieb. et Devr.,黄山丹（遵生八牋）（日）,,,2012-11-26
452209,Lilium concolor Salisb. var. busch-ianum Baker,渥井（药材学）,,,2012-11-26
452210,Lilium cernum Komaror,松叶百合,,,2012-11-26
452211,Lilium candidum L.; annuciation lily; white lily; ascensiion lily; Bourbon lily; June lily; Madonna lily;,六月百合,,,2012-11-26
452212,Lilium canadense L.; Canada lily; meadow lily; wild yellow lily; nodding lily,加拿大百合,,,2012-11-26
452213,Lilium callosum Sieb. et Zuce.; Siebold's lily; Slimslin lily,台湾小百合,,,2012-11-26
452214,Lilium bulbiferum L.; common orange lily.,珠芽百合,,,2012-11-26
452215,Lilium brownii F.E. Brown var.col-chesteri Wilson; Brown's lily; bronge lily; Japan lily; Chinese trumpet lily,百合（本草经）；野百合；白花百合（俗）；博多百合；紫背百合（日本）；药材学称Bulbus Lilii,,,2012-11-26
452216,Lilium auratum Lindl; golden-rayed lily; golden-banded lily; gold lily; hill lily; mountatin lily; Japan lily,山百合（日本）,,,2012-11-26
452217,Lilium amabile palibin; amabile lily; friendly lily,高丽百合（日本）,,,2012-11-26
452218,Lilium alexandrae Hert Wallace; upright lily,奄美百合,,,2012-11-26
452219,Liliflorae; Liliales,百合目,,,2012-11-26
452220,Liliales; Liliflorae,百合目,,,2012-11-26
452221,liliaceous corolla,百合状花冠,,,2012-11-26
452222,Liliaceae; lily family; flowering quillwort family,百合科,,,2012-11-26
452223,lilaceous,淡紫色,,,2012-11-26
452224,lilacin; syringin,紫丁香素,,,2012-11-26
452225,lilac; Syringa vulgaris,紫丁香（花史左编）,,,2012-11-26
452226,lilac daphne; Daphne genkwa Sieb. et Zucc.,芫花,,,2012-11-26
452227,likelihood ratio,近似比率,,,2012-11-26
452228,likelihood function,近似函数,,,2012-11-26
452229,Ligustrum; privet,女贞属（本樨科）,,,2012-11-26
452230,Ligustrum vulgare L.; common privet; European privet,欧洲女贞,,,2012-11-26
452231,Ligustrum tschonoskii Decaisne,山女贞（于）,,,2012-11-26
452232,Ligustrum sinense Lour. Chinese privet,小蜡（图考）；杻（诗经；山海经；尔雅）,,,2012-11-26
452233,Ligustrum robustum Bl.,虫蜡树（峨嵋山）,,,2012-11-26
452234,Ligustrum quihoni Carr.,小叶女贞（南京）,,,2012-11-26
452235,Ligustrum ovalifolium Hasskarl California privet,大叶女贞,,,2012-11-26
452236,Ligustrum obtusi-folium Sieb. et Zucc. Ibota privet Ibota liguster Japanese privet,水蜡树（闽书）；椐；蜡木,,,2012-11-26
452237,Ligustrum medium Fr. et Sav.,中叶水蜡树,,,2012-11-26
452238,Ligustrum lucidum Aiton; shining privet; glossy privet,女贞（本草经）；大女贞（今）,,,2012-11-26
452239,Ligustrum japonicum Thunberg; Japanese privet,日本女贞（陈嵘）,,,2012-11-26
452240,Ligustrum henryi Hemsl.,兴山蜡树（陈嵘）,,,2012-11-26
452241,Ligustrum delavayanum Hariot,瓦山蜡树（陈嵘）,,,2012-11-26
452242,Ligustrum compactum Hook.f. et Thoms.,长叶女贞（陈嵘）,,,2012-11-26
452243,Ligustrum amurense Carr.,黑龙江女贞（陈嵘）,,,2012-11-26
452244,Ligustrum acutissimum Koehne,蜡子树（湖北兴山）,,,2012-11-26
452245,ligustrin; syrigen,女贞素；紫丁香素,,,2012-11-26
452246,Ligusticum wallichii Franch.,川芎；小叶川芎；芎䓖（本草经）,,,2012-11-26
452247,Ligusticum tachiroei (Franch. et Savat.) Hiroe et constance Tilingia tachiroei Kitagawa,细叶藁本,,,2012-11-26
452248,Ligusticum sinense Oliv.,藁本（本草经）；土芎；水荽西芎（陕）,,,2012-11-26
452249,Ligusticum scapiforme Wolff,葶状藁本,,,2012-11-26
452250,Ligusticum reptens (Diels) Wolff,匍匐藁本,,,2012-11-26
452251,Ligusticum jeholense Nakai et Kitagawa Cnidium jeholense Nakai et Kitagawa,辽藁本,,,2012-11-26
452252,Ligusticum hultenii Fernald,圆叶当归,,,2012-11-26
452253,Ligusticum filisectum (Nakai et Kitagawa) Hirot Cnidium filisectum Nakai et Kitagawa Tilingia filisecta Nakai et Ketagawa,照叶藁本,,,2012-11-26
452254,Ligusticum daucoides (Franch.) Franch.,羽苞藁本,,,2012-11-26
452255,Ligusticum brachylobum Franch.,短裂藁木；川防风,,,2012-11-26
452256,Ligusticum acutilobum Sieb. et Zuce. Angelica acutiloba Kitagawa,日本当归（日本）,,,2012-11-26
452257,Ligusticum acutilobum Sieb. et Zuce.,当归（本草经）；干归；山【山+单+斤】（尔雅）；白【山+单+斤】；文无,,,2012-11-26
452258,Ligusticum,藁木属；当归属（繖形花科）,,,2012-11-26
452259,Ligulifolium,舌叶红叶藓组（红叶藓属）,,,2012-11-26
452260,Liguliflorae,舌状花目,,,2012-11-26
452261,ligule,舌状叶；叶舌,,,2012-11-26
452262,ligulate; sliapa-shaped,舌状的；有小舌片的；有舌状花冠的,,,2012-11-26
452263,ligulate flower,舌状花,,,2012-11-26
452264,ligulate corolla,舌状花冠,,,2012-11-26
452265,Ligularia tussila-ginea Makino,橐吾,,,2012-11-26
452266,Ligularia stenoce phala Matsum. et Koidz.,雌龙脑香,,,2012-11-26
452267,Ligularia schmidtii Makino,山烟草（日本）,,,2012-11-26
452268,Ligularia kaempferi S. et Z.,橐吾（急就章）；马蹄（H.M.）；疑冬花（图考）,,,2012-11-26
452269,Ligularia japonica Less.,大吴风草（唐木草）；望江南（植物图考）；樊哙草（日本）,,,2012-11-26
452270,Ligularia fischeri Turcz.,雄龙脑香（菊科）,,,2012-11-26
452271,ligula; ligule,叶耳,,,2012-11-26
452272,Liguidambaroideae,枫香树亚科（金缕梅科）,,,2019-08-26
491333,lignum sassfras,黄樟木,,,2012-11-26
491334,lignum sapan,苏方木,,,2012-11-26
491335,lignum santali,檀木,,,2012-11-26
491336,lignum sancrum vitae,愈创木,,,2012-11-26
491337,lignum quassiae,苦木；苦楝木,,,2012-11-26
491338,lignum juniperi,杜松木,,,2012-11-26
491339,lignum haemotoxyli,苏木；洋苏木,,,2012-11-26
491340,lignum guiaci,愈创木,,,2012-11-26
491341,lignum fernambuce,巴西苏木,,,2012-11-26
491342,lignum cedrium; cedar wood,香柏；红桧（台）,,,2012-11-26
491343,lignum campechianum,墨西哥苏木,,,2012-11-26
491344,lignum benedictum; guaic wood,愈创木,,,2012-11-26
491345,lignum aloes,沉香,,,2012-11-26
491346,lignum (拉丁语),木,,,2012-11-26
491347,lignosulfin,木硫质,,,2012-11-26
491348,lignous,木质的,,,2012-11-26
491349,lignosa,树林；树林群系,,,2012-11-26
491350,lignoceric acid,掬焦油酸；木蜡酸二十四烷酸,,,2012-11-26
491351,lignocellulose,木质纤维素,,,2012-11-26
491352,lignite,木炭或褐炭,,,2012-11-26
491353,ligniperdous,木材被破坏的,,,2012-11-26
491354,lignin decomposing fungi,木质分解菌类,,,2012-11-26
491355,lignin,木质；木素；木质素,,,2012-11-26
491356,lignify,转变成为木质的,,,2012-11-26
491357,ligniform,木状,,,2012-11-26
491358,lignified cork,木质化木栓层,,,2012-11-26
491359,lignified,木化的；木质化的,,,2012-11-26
491360,lignification,木化；木质化,,,2012-11-26
491361,ligneous; woody,木质的；木本的,,,2012-11-26
491362,light-photosynthesis curve; light curve,光合作用曲线,,,2012-11-26
491363,lightening,电光照射；闪电,,,2012-11-26
491364,lighted zone; photic zone,透光带；照光带,,,2012-11-26
491365,light wood,轻软材,,,2012-11-26
491366,light transmittence,光透过率；透光率,,,2012-11-26
491367,light soil,轻松土,,,2012-11-26
491368,light sensitive seed,光敏感种子,,,2012-11-26
491369,light seed,需光种子,,,2012-11-26
491370,light saturation point,光饱和点,,,2012-11-26
491371,light saturation,光饱和,,,2012-11-26
491372,light requirement,需光量,,,2012-11-26
491373,light reflex,光反射,,,2012-11-26
491374,light plant,阳地植物,,,2012-11-26
491375,light reaction,光反应,,,2012-11-26
491376,light intensity,光照强,,,2012-11-26
491377,light inhibited seeds,嫌光〔性〕种子；光抑制发芽种子,,,2012-11-26
491378,light induced bleaching,光诱致褪色,,,2012-11-26
491379,light hardening,光驯化；耐光强化,,,2012-11-26
491380,light growth reaction,光生长反应,,,2012-11-26
491381,light germinatint spore,光发芽胞子,,,2012-11-26
491382,light germinater,有光种子发芽箱,,,2012-11-26
491383,light filter,泸光器,,,2012-11-26
491384,light fraction,轻油分馏部分；光照部分,,,2012-11-26
491385,light favored seeds,好光〔性〕种子,,,2012-11-26
491386,light factor,光因子,,,2012-11-26
491387,light duration,光照延续时间,,,2012-11-26
491388,L-glutamic dehydrogenase,L-麸胺酸脱氢酶,,,2012-11-26
491389,L.T.H.; luteotrophic hormone,黄体激素；黄体分泌激素,,,2012-11-26
491390,L.S.D.;d-lysergic acid diethylamide,迷幻药（之一种）,,,2012-11-26
491391,kynurine 2，4 - quinolinol,狗尿酸；喹啉醇－〔４〕,,,2012-11-26
491392,kynurenic acid,狗尿酸；阿伐甲,,,2012-11-26
491393,kymograph,运动记录器,,,2012-11-26
491394,Kyllinga monocephala Rottb.,猴子草(H.M.)；瘊(H.C.),,,2012-11-26
491395,Kyllinga brevifolia Rottb.,水蜈蚣（图考）；金钮草（Ｈ.M.)莎草科,,,2012-11-26
491396,Kydia calycina Roxb.,翅果麻,,,2012-11-26
491397,Kydia,翅果麻属（木棉科）,,,2012-11-26
491398,Kurzia,细指苔属,,,2012-11-26
491399,kuping Parkia javanica Mev.,爪哇合欢,,,2012-11-26
491400,Kummerowia striata (Thunb.) Schindl.,鸡眼草属（豆科）,,,2012-11-26
491401,kumquat;Fortunella;round kumquat,金柑；金橘,,,2012-11-26
491402,Kummerowia,鸡眼草属（豆科）,,,2012-11-26
491403,Kummerowia stipulaeca(Maxim，) Makino,长萼鸡眼草；鸡眼草,,,2012-11-26
491404,Kuehneola rosae Sawade K.japonica(Dietel) Dietel,月季花锈病菌,,,2012-11-26
491405,Kuehneola japonica (Dietel)Dietil,月季花锈病菌,,,2012-11-26
491406,Kuehneola faci(Castagne)Butlen;Phakospora nishidama S. Ito,无花果赤澁病菌,,,2012-11-26
491407,kudzu-vine;Pueraria thunber-giana Benth.,葛藤,,,2012-11-26
491408,kryoscopy;cryoscopy,冰点下降法,,,2012-11-26
491409,krummholz,高山矮曲林,,,2012-11-26
491410,krinosin,脑胺脂,,,2012-11-26
491411,kremastoplankton,附肢浮游生物,,,2012-11-26
491412,Krebs cycle.;TCA cycle;tricarboxylic acid cycle,克瑞布氏轮回；焦葡萄糖分解环；三碳酸回路；三碳酸循环,,,2012-11-26
491413,Krebs cycle intermediates,克瑞布氏轮回中间生成物,,,2012-11-26
491414,kreatininase,肌酸肝,,,2012-11-26
491415,kreatinase,肌酸脱水,,,2012-11-26
491416,Krascheninikovia;Pseudostellaria,假繁谧搳]石竹科）,,,2012-11-26
491417,Krakatoa,克刺卡多岛（印尼）,,,2012-11-26
491418,kowliang;sorghum;Sorghum valgare Pers,高粱,,,2012-11-26
491419,Korthalsella japonica(Thunb.) Engl.;K. opuntia(Thumb.) Merr.,栗寄生　,,,2012-11-26
491420,Korthalsella,栗寄生属（桑寄生科）,,,2012-11-26
491421,Kormus;Cormus,茎叶体,,,2012-11-26
491422,Korean pine;Pinus koraiensis Sieb. Et Zucc.,高丽松,,,2012-11-26
491423,Kopsia hainanensis Tsiang,柯蒲木（陈嵘）,,,2012-11-26
491424,Kopsia,柯蒲木属（夹竹桃科）,,,2012-11-26
491425,Konishi cryptocarys;Crytocarya konishii Hayata,土楠,,,2012-11-26
491426,Komana salicifolia Y.Kimura,金丝桃,,,2012-11-26
491427,Komana,金丝梅属,,,2012-11-26
491428,Komana patula Kimura;Japanese hypericum,金丝梅,,,2012-11-26
491429,Kolkwitzia amabilis Graebn.,猬实（中国北部植物图志）,,,2012-11-26
491430,Kolkwitzia,猬实属（忍冬科）,,,2012-11-26
491431,Kola;Cola,可拉,,,2012-11-26
491432,koji,曲,,,2012-11-26
491433,kojic acid,曲酸,,,2012-11-26
491434,Kok-effect(KoK 1948),可克效果,,,2012-11-26
491435,kohl-rabi;Brassica caulorapa Pasq.,球茎甘蓝；大头菜（台）,,,2012-11-26
491436,Koenigia,冰岛蓼属（蓼科）,,,2012-11-26
491437,Koelreuteria paniculata Laxm.golden rain tree;Sapindus chinensis Murr.,栾树（正字通）；黑色叶树；木栾；栾华（图考）；无患,,,2012-11-26
491438,Koelreuteria integrifolia Merr.,全缘栾树；黄山栾树,,,2012-11-26
491439,Koelreuteria ininor Hems.,小叶栾树,,,2012-11-26
491440,Koelreuteria bipinnata Franch.,复羽叶栾树（科学）；花楸树（湖南）；泡花树（湖北兴山）,,,2012-11-26
491441,Koelreuteria,无患子属（无患子科）；栾树属,,,2012-11-26
491442,Koeleria cristata Pers.,【艹+洽】草（江苏植物名录）（黍草科）,,,2012-11-26
491443,Koch's steamsterilizer;Koch's steamer,柯霍蒸气杀菌器,,,2012-11-26
491444,Koch's postulates,柯霍氏准则,,,2012-11-26
491445,Kochia;summer cypress;mock cypress;standing cypress,地肤属（藜科）,,,2012-11-26
491446,Kochia scorparia Schrad.summer cypress;Belvedere cypress,地质；飘蓬（于）,,,2012-11-26
491447,Kochia prostrata Schrad.,木地肤,,,2012-11-26
491448,Kochia scorparia f.trichophila Schinz et Thell,扫帚草,,,2012-11-26
491449,Koch， Robert,柯霍,,,2012-11-26
491450,Koble， Hermann,柯布,,,2012-11-26
491451,Knoxia valerianoides Thorel,红芽大戟（药材学）,,,2012-11-26
491452,knotweed;Polygonum,蓼,,,2012-11-26
491453,knot,结；节,,,2012-11-26
491454,knop's solution,诺蒲〔氏〕培养液,,,2012-11-26
491455,knob,（染色体上的）节,,,2012-11-26
491456,knephoplankton,微光性浮游生物；荫光性浮游生物,,,2012-11-26
491457,Knema pierrei Warb.,拟肉豆蔻,,,2012-11-26
491458,Knema,拟肉豆蔻属（肉豆蔻科）,,,2012-11-26
491459,klinotaxis,屈曲趋性,,,2012-11-26
491460,Kmeria,单性木兰属（木兰科）,,,2012-11-26
491461,knaur;burl,树瘤,,,2012-11-26
491462,klinostat,植物回转器,,,2012-11-26
491463,kleistogamous;cleistogamous,闭花受精,,,2012-11-26
491464,Kleinhovia hospita L.,鹧鸪麻,,,2012-11-26
491465,Kleinhovia,鹧鸪麻（梧桐科）,,,2012-11-26
491466,kladogenesis,（地质）适应分化,,,2012-11-26
491467,Kjellmanniella;K.gyrata(Kjellm.)Miyabe;K.crassifolia Miyabe,黏液昆布属（褐）；笼日藻,,,2012-11-26
491468,Kjedahl flask,克大尔烧瓶,,,2012-11-26
491469,kitchen-garden purslane;Portulaca oleracea L.,马齿苋,,,2012-11-26
491470,Kirilowia ariantha Bge.,棉藜,,,2012-11-26
491471,Kirilowia,棉藜属（藜科）,,,2012-11-26
491472,Kirengeshomaideae,黄山梅亚科,,,2012-11-26
491473,Kirengeshoma palmata Yatabe,黄山梅；少女花；【食+乏】钟三七,,,2012-11-26
491474,Kirengeshoma,黄山梅属（虎耳草科）,,,2012-11-26
491475,kinoplasm,动原质；著丝点,,,2012-11-26
491476,kinomere;centromere;kinetochore,动原小体；著丝点,,,2012-11-26
491477,kinin,动素；促进核分裂作用物质,,,2012-11-26
491478,Kingdonia,独菚草属（毛茛科）,,,2012-11-26
491479,Kingdom,界（动物界，植物界的界）,,,2012-11-26
491480,king wook;Dalbergia,黄檀,,,2012-11-26
491481,kinetosome(Allen 1912);basal body,鞭毛基体,,,2012-11-26
491482,kinetoplast (Alexeiff1917， Lwoff 1949);kinetonucleus,动原核,,,2012-11-26
491483,kinetonucleus(Woodcock 1906);kinetoplast,动原核；寄生鞭毛虫鞭毛基体后球形或棒形构造,,,2012-11-26
491484,kinetonema(Matsuura 1941);centromere;kinetochore,动丝体；著丝点；动原体,,,2012-11-26
491485,kinetomere (Lima-de-Faria 1949)centromeric chromomere,中节内染色小核,,,2012-11-26
491486,kinetogenesis,行动演化,,,2012-11-26
491487,kinetodesma,动丝,,,2012-11-26
491488,kinetochore(Schrader 1936)centromere,动原小体（位于中节内两侧）；著丝点,,,2012-11-26
491489,kinetin,裂殖素,,,2012-11-26
491490,kinetic energy,动能,,,2012-11-26
491491,kinetic body;centromere;kinetochore,动原小体；中心体；动原体,,,2012-11-26
491492,kinetic activity,动力活性,,,2012-11-26
491493,kinesis,无定位运动性,,,2012-11-26
491494,kindred,谱系；血缘上有关系的人群,,,2012-11-26
491495,kind,(纲目科似的天然群),,,2012-11-26
491496,kinase,激酶,,,2012-11-26
491497,kilocrou,１０９年（演化过程的时间单位）,,,2012-11-26
491498,kiln-dried tea,釜炒菜,,,2012-11-26
491499,killing temperature,致死温度,,,2012-11-26
491500,killing frost,严霜；杀霜,,,2012-11-26
491501,Kigellia,腊肠树属（紫葳科）,,,2012-11-26
491502,Kigelia pinnata DC.;Fetish tree;sausage tree,腊肠树,,,2012-11-26
491503,kidney-shaped,肾脏形的,,,2012-11-26
491504,kidney bean;Phaseolus vulgaris L.,菜豆,,,2012-11-26
491505,Kiaeria,凯氏藓属,,,2012-11-26
491506,key-factor analysis,基本要因分析,,,2012-11-26
491507,key-fruit,翅果；翼果,,,2012-11-26
491508,key;key fruti;samara,翅果,,,2012-11-26
491509,key gene,主要基因,,,2012-11-26
491510,key,检索表,,,2012-11-26
491511,ketoxime,酮圬,,,2012-11-26
491512,ketoside,酮糖,,,2012-11-26
491513,ketotetrose,酮丁糖,,,2012-11-26
491514,ketose,酮糖,,,2012-11-26
491515,ketone bodies;ketone acid;acetoacetic acid;acetone;β-hydroxybutyric acid dehydrogenase,酮体,,,2012-11-26
491516,ketone,酮,,,2012-11-26
491517,ketolysis,酮分解,,,2012-11-26
491518,ketol,酮醇,,,2012-11-26
491519,ketohexose,酮已糖,,,2012-11-26
491520,ketoheptose,酮庚糖,,,2012-11-26
491521,ketogenesis,酮产生,,,2012-11-26
491522,keto-aldehyde,酮醛,,,2012-11-26
491523,ketimine;imino keton,酮亚胺；亚胺酮,,,2012-11-26
491524,keto acid,酮酸,,,2012-11-26
491525,ketene,乙烯酮,,,2012-11-26
491526,Keteleeria taiwaniana Hay.,台湾油杉；油杉；牛尾松,,,2012-11-26
491527,Keteleeria fortunei (Murr.) Carr.;Fortune keteleeria,油杉（台）；松梧；杜松,,,2012-11-26
491528,Keteleeria davidiana (Bertr.) Beissn.;cow-tail fir.;David kete leeria,铁坚杉（湖北）；德氏油杉（静生）；三尖杉,,,2012-11-26
491529,Keteleeria,油松属（松柏科）,,,2012-11-26
491530,Kerria kerria;yellow rose,棣棠花属（蔷薇科）,,,2012-11-26
491531,Kerria japonica DC.;var. alkscens Makino,白花棣棠（于）,,,2012-11-26
491532,Kerria japonica DC.;globeflower;yellow rose,棣棠花（花镜）；（图考）；山吹（日本）地棠（重修镇江府志）；鉴（花谱）；麻叶棣棠（肇庆府志）；金棣棠（金华府志）；黄蔷薇（淮安府志）；黄棣棠（药圃春回）,,,2012-11-26
491533,kerosene,石油烃类溶剂,,,2012-11-26
491534,kernel smut;Tilletia horrida Takahashi,稻黑穗病,,,2012-11-26
491535,kernel,（种子的）仁；禾榖类种实,,,2012-11-26
491536,kermes;Kermes-oak,臙脂树,,,2012-11-26
491537,kermesinus,暗红色,,,2012-11-26
491538,Kerbs cycle reaction,克瑞布氏环反应,,,2012-11-26
491539,keratohyaline body,透明角质体,,,2012-11-26
491540,keratinose,角蛋白质,,,2012-11-26
491541,keratinization,角质化,,,2012-11-26
491542,keratinase,角朊酶；角蛋白酶,,,2012-11-26
491543,keratin,动物性角质；角〔质〕蛋白；角素,,,2012-11-26
491544,Kepler， Johann,克卜勒,,,2012-11-26
491545,kephalin,脑磷脂,,,2012-11-26
491546,kenogenetic,个体新发生的,,,2012-11-26
491547,kenogenesis,个体新发生；新生变态,,,2012-11-26
491548,kenanthy,中性花,,,2012-11-26
491549,kenenchyma,空组织,,,2012-11-26
491550,kenaf;ambari hemp;goad hemp;Hibiscus cannabinus L.,洋麻,,,2012-11-26
491551,kelp;Laminaria japonica Aresch,大海带；昆布类；大类藻（名医别录）；海带（嘉祐本草）,,,2012-11-26
491552,Keithia thujina Durand;keithia disease of Thuja stendi-shii Can;leaf blight of Thuja stendi-shii cCan;needle spot of Thuja stendi-shii Can;,金钟叶枯病菌,,,2012-11-26
491553,keeping quality,贮藏物质,,,2012-11-26
491554,keeled;ridged like the bottom of a boat,有菱的,,,2012-11-26
491555,keel;carina,龙骨瓣,,,2012-11-26
491556,kayapsis,核融合，核接合,,,2012-11-26
491557,Kawakamia cyperi Miyabe;phytophtora cyperi (Ldeta) S. Ito,七岛兰鳖甲病菌,,,2012-11-26
491558,Kawakamia,茳芷鳖甲病菌属,,,2012-11-26
491559,Kawakami paulownia;Paulownia kawakamii Ito,白桐；川上氏泡桐,,,2012-11-26
491560,kawakami fir;Abies kawakamii Ito,台湾冷松（植分）,,,2012-11-26
491561,kautschuk,弹性橡胶,,,2012-11-26
491562,katsura-tree family;Cercidiphyllaceae,连香树科,,,2012-11-26
491563,katsura tree;Cercidiphyllum japonicum Sieb. et Zuc.,连香树（植分）,,,2012-11-26
491564,kathodic;cathodic,不依叶序著生的,,,2012-11-26
491565,kathepsin,胞体蛋白,,,2012-11-26
491566,katathermometer,干湿球温度表,,,2012-11-26
491567,katastate,原生质分解产物,,,2012-11-26
491568,kataphase,末期（有丝分裂）,,,2012-11-26
491569,kataphoresis;electrophoresis,电泳,,,2012-11-26
491570,katakinetic,放出能的,,,2012-11-26
491571,katagenesis;regressive evolution,后退变化；退化,,,2012-11-26
491572,katachromasis,终期核变,,,2012-11-26
491573,katabolite catobolite,分解代谢产物,,,2012-11-26
491574,katabolism;catabolism,异化作用；分解作用,,,2012-11-26
491575,katabolic;catabolic,异化作用的；分解作用的,,,2012-11-26
491576,kat,阿拉作茶树,,,2012-11-26
491577,karyotype evolution,核型演化,,,2012-11-26
491578,karyotype analysis,核型分析,,,2012-11-26
491579,karyotype,核型,,,2012-11-26
491580,karyotin;karyoplasm,核质,,,2012-11-26
491581,karyotheca;nuclear envelope,核膜,,,2012-11-26
491582,karyota,有核细胞,,,2012-11-26
491583,karyostenosis,直接核分裂,,,2012-11-26
491584,karyostrophe,核位,,,2012-11-26
491585,karyostasis,核静止,,,2012-11-26
491586,karyosphere,核球,,,2012-11-26
491587,karyosome;chromatin nucleolus,染色质核仁,,,2012-11-26
491588,karyorrhexis;nuclear fragmenta-tion,核破裂,,,2012-11-26
491589,karyorace,核型小种,,,2012-11-26
491590,karyopycnosis,核凝缩,,,2012-11-26
491591,karyoplate;nuclear plate,核板,,,2012-11-26
491592,karyoplast(Strasburger 1905),核质体；核（protoplast或cytosome相对的名词）,,,2012-11-26
491593,karyoplasmic ratio;nucleoplasmic ratio,核质比,,,2012-11-26
491594,karyoplasm(Flemming 1882);caryoplasm;karyotin,核质,,,2012-11-26
491595,karyon (Haeckel1891);cell nucleus,细胞核,,,2012-11-26
491596,karyomixis,核融合,,,2012-11-26
491597,karyomitosis,有丝核分裂,,,2012-11-26
491598,karyomitome,核网,,,2012-11-26
491599,karyomicrosome,核微粒,,,2012-11-26
491600,karyometry,核测定法,,,2012-11-26
491601,karyomerite;vesicular nucleus,小核；泡形核,,,2012-11-26
491602,karyomere(Fol 1896),小核；核质粒,,,2012-11-26
491603,karyomembrane;nuclear membrane,核膜,,,2012-11-26
491604,karyolytic,核溶解的,,,2012-11-26
491605,karyolysis (Auerbach 1874),核融解；间期的核消失,,,2012-11-26
491606,karyolymph (Haeckel 1891);karyochylema;nuclear sap,核液,,,2012-11-26
491607,karyology(Trow 1895);caryology;nuclear cytology,核学,,,2012-11-26
491608,karyolemma,核膜,,,2012-11-26
491609,karyokinesis(Schleicher 1878)nuclear division;caryokinesis;karyokineticdivision,核分裂,,,2012-11-26
491610,karyoid;nucleoid,核状体,,,2012-11-26
491611,karyogram(Chiarugi 1933),核型;细胞内全数染色体型,,,2012-11-26
491612,karyogenic,核生成的;核的,,,2012-11-26
491613,karyogenetics;caryogenetics,细胞核遗传学,,,2012-11-26
491614,karyogenesis,核生成,,,2012-11-26
491615,karyogene;nuclear gene;chromogene,核内基因,,,2012-11-26
491616,karyogamy;caryogamy,核接合;核融合,,,2012-11-26
491617,karyogamic,核接合的,,,2012-11-26
491618,karyodesma (Scott 1950);nucleodesma,核胞连丝;细胞核与细胞质间的丝状连接,,,2012-11-26
491619,karyoclastic(Dustin 1934),有丝分裂抑制剂,,,2012-11-26
491620,karyoclasis;karyorrhexis,核崩解核破裂,,,2012-11-26
491621,karyochylema,核液,,,2012-11-26
491622,karyenchyma,核液,,,2012-11-26
491623,karyaster stage,核星期,,,2012-11-26
491624,karyaster,核星体,,,2012-11-26
491625,karyallagy,黏菌二游胞子的接合接合,,,2012-11-26
491626,Karpechenko， V.G.,卡派浅科,,,2012-11-26
491627,kapsanthin;capsanthin,番椒花素,,,2012-11-26
491628,kapok tree;Ceiba pentandra Gaertn;silk-cotton tree,印度木棉,,,2012-11-26
491629,kaolin,高岭土;陶土,,,2012-11-26
491630,kaoliang;Sorghum nervosum Bess ex Schult,高梁,,,2012-11-26
491631,Kantia,拟洞苔属,,,2012-11-26
491632,Kandelia candel(L.) Dmce.,秋茄树;茄树藤(台)水笔仔;红榄;硬柴,,,2012-11-26
491633,Kandelia,秋茄树属;茄藤树属(红树科),,,2012-11-26
491634,Kamem， Martin,卡门,,,2012-11-26
491635,kambi,栀子树胶,,,2012-11-26
491636,kalymma (Heitz 1935);chromosome matrix,染色体基质,,,2012-11-26
491637,Kalopanax septem-lobus Koidz.,刺楸;刺桐,,,2012-11-26
491638,Kalopanax pictum (Thunb.) Nakai Ramus Kalopanacis Acer pictum Thunb.,乌石宿；晚娘捧；鹊石踏（本草纲）；目昏树（纲目拾遗）；秃楸；刺楸树枝；海桐皮(药材名称),,,2012-11-26
491639,Kalopanax nicini-folium var. typicum Nakai Kalopanax septemlobus Koidz.,剌楸(江苏，湖北，四川);刺桐(湖南),,,2012-11-26
491640,Kalopanax,剌楸属（五加科）,,,2012-11-26
491641,Kalmia;American laurel;kalmia;,山月桂属（杜鹃花科）,,,2012-11-26
491642,Kalmia polifolia Wang;bog kalmia,狭叶花石楠,,,2012-11-26
491643,Kalmia latifolia L.;mountain laurel;calico Bush;American laurel.;kalmai,山月桂（陈嵘）；美国石楠（于）,,,2012-11-26
491644,Kalmia angustifolia L.;lambkill;sheep-lourel,长叶花石楠,,,2012-11-26
491645,kalloplankton,胶束浮游生物,,,2012-11-26
491646,Kalidium schumkianum Bunge et Sternb.,圆叶盐爪爪,,,2012-11-26
491647,Kalidium foliatum (Pall.) Meq.,盐爪爪,,,2012-11-26
491648,Kalidium carpicam Slernb.,黑海盐爪爪,,,2012-11-26
491649,kalidium,盐爪爪属（藜科）,,,2012-11-26
491650,kalidium,子黍果之一型,,,2012-11-26
491651,Kalidim graeile Franzel,细枝盐爪爪,,,2012-11-26
491652,kale;broccoli;collard;Brassica oleracea L.var. acephala DC.;B. alboglabra Bailey,芥蓝,,,2012-11-26
491653,Kalanchoideae,迦蓝菜亚科,,,2012-11-26
491654,Kalanchoe verticillataElliot;Bryophyllum tubiflorum Harvey,狭叶落地生根,,,2012-11-26
491655,Kalanchoe spathulata DC.,匙状迦蓝菜,,,2012-11-26
491656,Kalanchoe pinnata (Lam.) Pers.;Bryophyllum pinnatum(L.F.)Oken.;B. calycinum Salisb.,落地生根,,,2012-11-26
491657,kalanchoe laxiflora Baker;Bryophyllum crenatum Baker,阔叶落地生根（草花）,,,2012-11-26
491658,Kalanchoe laciniata DC.;K. carnea Mast.;K. coccinea Welw. K. glaucescens Brit;K. spathulata DC.K. welwischii,厚叶落地生根（草花）；迦蓝菜；鸡爪三七；假川莲,,,2012-11-26
491659,Kalanchoe daigremonfiana Hamet & Perrier;Bryophyllum daigremontiana,锐齿尖叶落地生根,,,2012-11-26
491660,Kalanchoe,落地生根属(景天科);迦蓝菜,,,2012-11-26
491661,kakogenic;cacogenic.;disgenic;dysgenic,劣生的;种的遗传质恶化的,,,2012-11-26
491662,kaki persimmon;Diospyros kaki Linn.,柿,,,2012-11-26
491663,Kakabekia umbellata,卡卡比加(在前寒武纪地层中最古老之化石),,,2012-11-26
491664,kail;Pinus griffithii McClelland.'Himalayan pine,嘉马拉雅松,,,2012-11-26
491665,kafirin,蜀黍蛋白,,,2012-11-26
491666,Kafir; Sorghum vulgar Pers. Var. caffrorum Hubbard & Rehd.,南非蜀黍(南非高梁),,,2012-11-26
491667,kaempferol,番郁金黄素,,,2012-11-26
491668,Kaempferia rotunda L.,山奈(H.R.)(享利氏名称),,,2012-11-26
491669,Kaempferia pandurata Roxb.,蓬莪【艹+术】(纲目)【艹+述】药,,,2012-11-26
491670,Kaempferia galanga L.,山奈（本草纲目);三奈(本草纲目);三藾(广东新语);番郁金(日本)，三辣（本草纲目);山奈(药材学),,,2012-11-26
491671,Kaempferia galanga L.,山奈(纲目);三藾(广东新语);埔姜花(台湾);三辣(纲目);山赖(纲目);番郁金（日）,,,2012-11-26
491672,Kadsura;Kadsura;,南五味子属(木兰科),,,2012-11-26
491673,Kadsura peltigera Rehd. Et Wils;,南五味子;红木香;紫金籐，,,,2012-11-26
491674,Kadsura longiped-unculata Finet.et Gagnep. Kadsura peltigera (Rehd. Et Wils.),南五味子;红木香，紫金籐,,,2012-11-26
491675,Kadsura longiped-unculata Finet. et Gragnep.,盘极五味子(陈嵘),,,2012-11-26
491676,Kadsura japonica Dunal;Scarlet kadsura,南五味子(开宝)内风消(图考),,,2012-11-26
491677,Kadsura hainanensis Merr.;Kadsura coccinea (Lem.) A.C.Smith,冷饭团;臭饭团;过山龙籐,,,2012-11-26
491678,Kadsura coccinea (Lem.) A.C.Smith,冷饭团;臭饭团;过山龙籐,,,2012-11-26
491679,Kadsura chinensis Hance ex Berth;Kadsura coccinea(Lem.) A.C.Smith,冷饭团;臭饭团;过山龙籐,,,2012-11-26
491680,Kachirachira magnolia;,恒春厚朴,,,2012-11-26
491681,Kabatiella zeae Narita et y.Hiratsuka,玉蜀黍褐斑病菌,,,2012-11-26
491682,Kabatiella caulivora(Kirchner)Karakulin,红花三叶草茎裂病菌,,,2012-11-26
491683,K-12,大肠菌K-12系统,,,2012-11-26
491684,K.evelyniana Mast.,云南油杉；杉松,,,2012-11-26
491685,K.calcarea Cheng et T.K.Fu,黄枝油杉,,,2012-11-26
491686,K. uniflora Balf f. et W.W.Sm.,独菚草,,,2012-11-26
491687,K. chekingenesis Cheng et L.K.Fu,浙江油杉,,,2012-11-26
491688,K particle(Sonneborn 1943),K粒子,,,2012-11-26
491689,juxtaposition,邻接位置,,,2012-11-26
491690,juxtapose,相邻的,,,2012-11-26
491691,juvenile stage,幼年期；幼稚期,,,2012-11-26
491692,juxtanuclear,似核状的；似颗粒状的,,,2012-11-26
491693,juvenile nitrogen,新生氮,,,2012-11-26
491694,juvenile growth,幼时生长,,,2012-11-26
491695,juvenile form;juvenile,幼年形,,,2012-11-26
491696,jute;gunny;Corchorus capsu-laris L.,黄麻,,,2012-11-26
491697,Justicia procumbens L.;,爵床（图考）；鼠尾红（K.F.),,,2012-11-26
491698,Jussiaea repens L.,水龙（柳冈杂记）；过江藤,,,2012-11-26
491699,Jussiaea,水龙属（柳叶菜科）,,,2012-11-26
491700,Jurgermanniales,叶苔目,,,2012-11-26
491701,Jurassic perid,侏罗记,,,2012-11-26
491702,Juniperus;juniper,刺柏属；桧属（柏科）,,,2012-11-26
491703,Juniperus zoidamensis Kom.;Sabina przewalskii Kom.,祈连圆柏山；柴达木圆柏；陇东圆柏；蒙古圆柏（陈嵘）,,,2012-11-26
491704,Juniperus wallichiana Hook. F.et Thoms;Sabina wallichiana (H.etW.) Kom.,滇藏方枝柏；嘉马拉耶圆柏,,,2012-11-26
491705,Juniperus virginiana L.;eastern red cedar;savin,鈶笔柏,,,2012-11-26
491706,Juniperus utilis Koidz.;J. rigida S. et Z.,杜松；萌松；棒松,,,2012-11-26
491707,Juniperus tibetica Kom.;Sabina tibetica Kom.,大果圆柏；西藏圆柏（陈嵘）；黄柏；藏桧,,,2012-11-26
491708,Juniperus taiwaniana Hay.Juniperus taxifolia Hk. Et Arn.,刺柏；刺松；山刺柏；短柏木刺柏(H.C.)(H.N.)(G),,,2012-11-26
491709,Juniperus squamata Lambert;Cheng et L.K.Fu Sabina squamata Antoine var fargesii (R. et W.),山柏；青香；香杉；鳞桧,,,2012-11-26
491710,Juniperus sibirica Burged,西伯利亚刺柏,,,2012-11-26
491711,Juniperus semiglobosa Regel,天山圆柏,,,2012-11-26
491712,Juniperus saltuariaRehd. Et Wils.;Sabina saltuaria ( R. et W.)Cheng,方枝柏；方香柏（四川）；方枝桧,,,2012-11-26
491713,Juniperus sabina L.;Sabina vulgaris Antoine;savin,沙地柏；双子柏；新疆圆柏,,,2012-11-26
491714,Juniperus recurva Buch.-Ham.Juniperus rigida S. et Z.Needle juniper;Stiff-leaved juniper,羊枝柏；侧崖柏（Ｄ）；板香（Ｄ）杰松（漳州府志）；萌松；棒松,,,2012-11-26
491715,Juniperus ramulosa Florin,密条柏（陈嵘）,,,2012-11-26
491716,Juniperus pseudo-sabina Fisch et Mey.;Sabina pseudo-sabina(F. et M.)Cheng et W. T.Wang,阿尔泰方枝柏；冷桧,,,2012-11-26
491717,Juniperus przewalskii Kom.;Sabina przewalskii Kom.;,祈连山圆柏；柴逢木圆柏；陇东圆柏（陈嵘）,,,2012-11-26
491718,Juniperus procumbens S. et Z.,矮桧,,,2012-11-26
491719,Juniperus potaninii Kom.;Sabina potaninii Kom.;,甘川圆柏；西康圆柏（陈嵘）,,,2012-11-26
491720,Juniperus morrisonicola Hay.;J.squamata Lambert var.monrisonicola (Hay.) Li et Keng,玉山圆柏；玉山香柏,,,2012-11-26
491721,Juniperus mekongensis Kom.;Sabina convaallium (Rehd. Et Wils.) Cheng et W.I.Wang,细枝圆柏；密枝圆柏；深山柏；细枝桧；湄公柏（陈嵘）,,,2012-11-26
491722,Juniperus lemmeana Levl.et Blin (Rehd. Et Wils.)Cheng et L.K.Fu Sabina squamata (Buch. -Ham.)Antoine var. fargesii,山柏,,,2012-11-26
491723,Juniperus komarovii Florin.;Sabina komarovii (Florin) Cheng et W.I.Wang,塔枝圆柏；蜀柏木灰桧,,,2012-11-26
491724,Juniperus kansuensis Kom.,甘肃圆柏（陈嵘）,,,2012-11-26
491725,Juniperus glaucescens Florin;Sabina komarovii (Florin)Cheng W.I.Wang Juniperus horizontalis Moench;creeping juniper;savin juniper;,塔枝圆柏；蜀柏木；灰桧；巴柏木,,,2012-11-26
491726,Juniperus formosana Hay.;prickly cypress;Taiwan juniper,刺柏；刺松（陈嵘）,,,2012-11-26
491727,Juniperus distans Florin;Sabina potaninii Kom.,甘川圆柏；松藩圆柏（陈嵘）,,,2012-11-26
491728,Juniperus convallium Rehd. Et Wils.;Sabian convallium (R. et W.) Cheng et W.I.Wang,细枝圆柏；密枝圆柏；细枝桧；深山柏（陈嵘）,,,2012-11-26
491729,Juniperus communis L.;common juniper,璎珞珀；欧洲刺柏,,,2012-11-26
491730,Juniperus chinensis L.var.sargenti Henry;Sargent Chinese juniper,偃柏,,,2012-11-26
491731,Juniperus chinensis L.var .aurea Young,金叶桧（陈嵘）,,,2012-11-26
491732,Juniperus chinensis L.;Sabina chinensis (L.)Antoine;Chinese juniper,圆柏（HN)(G)；桧（诗经）；桧柏；刺柏（Ｇ）；刺松（本草汇言）；栝（Ｇ）,,,2012-11-26
491733,Juniperus chinensis L. var.pyram-idalis Beiss.,塔柏,,,2012-11-26
491734,Juniperus chinensis L. var. varigaeta Fort.,翠柏,,,2012-11-26
491735,Juniperus chinensis L. var. kaizuka Hort.,龙柏；龙桧,,,2012-11-26
491736,Juniperus chinensis L. var . Procumbens Endl.,匍地柏；矮桧（事言要言）,,,2012-11-26
491737,Juniperus chinensis,垂条柏（陈嵘）,,,2012-11-26
491738,Juniperus tarkestanica Kom.,新疆桧；伊犂圆柏,,,2012-11-26
491739,Juniperus arenaria (Wils)Florin;Sabina vulgaris Antoine,沙地柏；新疆圆柏；双子柏,,,2012-11-26
491740,Juniperoideae,圆柏亚科,,,2012-11-26
491741,juniper;Juniperus,桧；圆柏；杜松,,,2012-11-26
491742,juniper tamarisk;Tamarix juniperina Bge.,华北柽柳,,,2012-11-26
491743,juniper moss;Polytrichum,金发藓,,,2012-11-26
491744,juniper berry,杜松实；杜松子,,,2012-11-26
491745,Jungermanniineales,叶苔群,,,2012-11-26
491746,Jungermanniinae,叶苔亚群,,,2012-11-26
491747,Jungermanniaceae,叶苔科,,,2012-11-26
491748,Jungermannia lanceolata L.,叶苔,,,2012-11-26
491749,Jungermannia,叶苔属（苔）,,,2012-11-26
491750,Jungermaniaceae anacrogyunae,顶果叶苔类,,,2012-11-26
491751,Jungermaniaceae acrogynae,非顶果叶苔类,,,2012-11-26
491752,jundice-root goldenseal;orange-root;Hydsatis,金印草；北美黄连,,,2012-11-26
491753,Juncus;rush,灯心草属；蔺属（灯心草）,,,2012-11-26
491754,Juncus maximowiczii Buchen,丝蔺,,,2012-11-26
491755,Juncus effusus L. var.decipiens Buch.;common rush;matrush;J. decipiens Nakai,灯心草（开宝）（图考）；莞（Ｗ）；席草(H.M.)；蔺,,,2012-11-26
491756,Juncus beringensis Buchen,山蔺,,,2012-11-26
491757,Juncus balticus Willd.var. japonicus F.Buch.,石龙刍（本经）；龙刍（纲目）；龙须（本经）；龙须草（图考）；龙修（山海经）；龙华（别录）；龙珠（本经）；悬莞（别录）；草续断（本经）；缙云草；方须；西王母簪,,,2012-11-26
491758,junction,连接部；连接点,,,2012-11-26
491759,junctioinal coplex (Farquhar &Palade 1963),细胞间黏合部,,,2012-11-26
491760,Juncaginaceae;arrow grass family;Scheuchzeriaceae,水麦冬科；芝菜科（单）,,,2012-11-26
491761,Juncaceae,灯心草科；蔺科（单）,,,2012-11-26
491762,julus;ament;catkin,葇荑花,,,2012-11-26
491763,Julianiales,絮木目（双）,,,2012-11-26
491764,Julianiaceae,絮木科,,,2012-11-26
491765,Juliania,絮木属,,,2012-11-26
491766,jujube;Zizyphus,枣,,,2012-11-26
491767,juicy;succulent,多肉的；多汁的,,,2012-11-26
491768,juice fruit juice sac,多肉果；浆果液囊,,,2012-11-26
491769,Juglans;walnut,核桃树（属）；胡桃属,,,2012-11-26
491770,Juglans sieboldiana Maxim.;,山核桃（H.N.)（Ｇ）,,,2012-11-26
491771,Juglans regia L.var. sinensis DC.;walnut,胡桃（开宝）（救荒）（图考）；核桃（纲目）；羌桃（畿辅通志）（名物志）,,,2012-11-26
491772,Juglans regia L.;Ancona walnut;Anvergne walnut;Circasian walnut;common walnutEnglish walnut;European walnut;Italian walnut;Persian walnut;Royal walnut,胡桃；核桃；波斯胡桃,,,2012-11-26
491773,Juglans nigra L.;flack walnut;American walnut,黑胡桃,,,2012-11-26
491774,Juglans mandshurica Maxim.;Mandshurian walnut,胡桃楸；核桃楸；山胡桃（Ｈ.M.)；臭胡桃树（Ｄ）,,,2012-11-26
491775,Juglans hopeiensis Hu,麻核桃（河北）；河北核桃（河北）,,,2012-11-26
491776,Juglans formosana Hay.;J. cathayensis Dode,野胡桃；山胡桃；台湾胡桃,,,2012-11-26
491777,Juglans cordiformis Maxim.;heartnut,心形胡桃；陈仓胡桃（ｐ）,,,2012-11-26
491778,Juglans cinerea L.;butter nut;white walnut,白胡桃,,,2012-11-26
491779,Juglans cathayensis Dode;Chinese walnut,野核桃（湖北兴山）,,,2012-11-26
491780,juglandin,胡桃素,,,2012-11-26
491781,Juglandales,胡桃目,,,2012-11-26
491782,Juglandaceae;walnut family,胡桃科,,,2012-11-26
491783,Jubulioideae,毛耳苔亚科,,,2012-11-26
491784,Jubula japonica Steph,小毛耳苔,,,2012-11-26
491785,Jubuliineales,毛耳苔目,,,2012-11-26
491786,Jubula jaoii Chen,四川毛耳苔,,,2012-11-26
491787,Jubula hutchinsiae (Hook.) Dum,毛耳苔属（苔）,,,2012-11-26
491788,Jubula,毛耳苔属（苔）,,,2012-11-26
491789,juba,（轴分枝的）圆锥花丛；簇生的榖针,,,2012-11-26
491790,jualaceous;amentaceous,葇萐花的；有葇萐花的,,,2012-11-26
491791,J-shaped chromosome,J型染色体,,,2012-11-26
491792,jpectous,果胶的；果胶状的,,,2012-11-26
491793,jpatrogenesis (Collins & Kempton 1916); androgenesis,雄性单性生殖,,,2012-11-26
491794,jpathobiology; pathology,病理学,,,2012-11-26
491795,jpartite leaf,深裂叶；披裂叶,,,2012-11-26
491796,jparental combina-tion,亲代组合,,,2012-11-26
491797,jparacorolla,副花冠；副冠（植形）,,,2012-11-26
491798,Jordan's species Jordan;Jordanon,约氏种；变种,,,2012-11-26
491799,Jonquil-scented jasmine;Jasminum odoratis-simum L.,黄素馨,,,2012-11-26
491800,Jones， Donald F,琼士,,,2012-11-26
491801,jojoba;Simmondsia chinensis Schnei.,蜡黄杨（于拟）；荷荷巴,,,2012-11-26
491802,jointed,有节的,,,2012-11-26
491803,joint,节,,,2012-11-26
491804,Johnson， Dennis,詹森,,,2012-11-26
491805,Johnson grass;means grass;Alleppo grass;Sorghum halepense Pers.,强生草,,,2012-11-26
491806,joewood family;Theophrastaceae,师氏科,,,2012-11-26
491807,Joblot， Louis,乔伯罗,,,2012-11-26
491808,Joannesieae,泻油木属（大戟科）,,,2012-11-26
491809,Jimson weed.;Datura,曼陀罗,,,2012-11-26
491810,jetbead;Rhodotypos scandens Makino,鸡麻,,,2012-11-26
491811,Jesuit's bark.;Cinchona,金鸡纳树皮,,,2012-11-26
491812,Jesuitnut;water caltrops;water chestnut;Trapa natans L.var. bispinosa Makino,芰（果实日菱）；菱角,,,2012-11-26
491813,jessamin,黄素馨,,,2012-11-26
491814,jesaconitine,东乌头副素,,,2012-11-26
491815,jervine,白藜芦素,,,2012-11-26
491816,Jerusalem cherry;Solanum pseudo-capsicum L.,冬珊瑚,,,2012-11-26
491817,Jerusalem artichoke;Canada potato;earth apple;girasole;Helianthus tuberosus L.,菊芋,,,2012-11-26
491818,jequirity;Abrus precatorius L.,相思豆；红豆；鸡母珠（台）,,,2012-11-26
491819,Jenner， Edward,简纳,,,2012-11-26
491820,Jensen， Boysen,简生,,,2012-11-26
491821,jelly envelope;jelly coat;,胶衣；胶层,,,2012-11-26
491822,jelly coat;jelly envelope,胶衣；胶层,,,2012-11-26
491823,Jeffersonia;twin-leaf,鲜黄连属;丝卷草属(小檗科),,,2012-11-26
491824,Jeffersonia dubia Benth. Et Hook.,鲜黄莲;细辛幌子;毛黄莲;铁丝草(Y.M.),,,2012-11-26
491825,Jeffersonia diphyola Pers.;twin-leaf;rheumatism-root,美国丝卷草,,,2012-11-26
491826,Java plum;jambolan;Syzygium cumini Skeels,堇宝莲,,,2012-11-26
491827,Java citronella grass.;Cymbopogon winter-innus Jowitt,爪哇香茗,,,2012-11-26
491828,Java brucea;Brucea javanica Merr.,鸭胆子,,,2012-11-26
491829,Java almond;Canarium commune L.,爪哇橄榄,,,2012-11-26
491830,Jatrophinae,麻风树亚族,,,2012-11-26
491831,Jatropha podagrica Hook.;tartugo;Guatemala rhubarb;physic nut,珊瑚油桐,,,2012-11-26
491832,Jatropha curcas L.;French physic nut;Barbados nut;purging nut,麻风树（海南）；茉蓉树；台湾油桐,,,2012-11-26
491833,Jatropha,麻风树属；台湾油桐属（大戟科）,,,2012-11-26
491834,Jasminum;jasmine;jessamine,迎春花属；茉莉属；素馨属（木樨科）,,,2012-11-26
491835,Jasminum undulatum Ker-Gawl,波形素馨（江苏植物名录）；瓶花（H.M.),,,2012-11-26
491836,Jasminum trinerve Vahl,白素馨,,,2012-11-26
491837,Jasminum sambac Ait.;Arabian jasmine,茉莉（广群芳谱）（岭南杂记）；没利（王海溪集）；抹厉（洛阳名园记）末廉（洪景庐集）；鬘华（山堂肆考）；暗麝（山堂肆考）；茉（Ｇ）；莉（Ｇ）散沬花,,,2012-11-26
491838,Jasminum prubescens Willd.,毛茉莉（陈嵘）,,,2012-11-26
491839,Jasminum primulinum Hemsl.,云南黄馨（陈嵘）,,,2012-11-26
491840,Jasminum paniculatum Roxb.,清香藤（H.M.),,,2012-11-26
491841,Jasminum officinale L.;common white jasmine;poets jasmine,素馨；素方花（Lour）；耶秀茗（Ｇ）,,,2012-11-26
491842,Jasminum officinale L. var. grandi-florum Bailey;Cantalonian jasmine;Spanish jasmine;Italian jasmine;Royal jasmine,台湾素馨,,,2012-11-26
491843,Jasminum odoratissimum L.;Jonquil-scented jasmine,黄素馨；真素馨；素方花（陈嵘）；金茉莉（陈嵘）；秀英（台）,,,2012-11-26
491844,Jasminum nudiflorum Lindley;winter jasmine,迎春花（花镜）；金梅（滇志）；金腰带（花镜）,,,2012-11-26
491845,Jasminum laurifolium Roxb.,岭南茉莉（陈嵘）,,,2012-11-26
491846,Jasminum lanceolarium Roxb.,川滇茉莉（陈嵘）,,,2012-11-26
491847,Jasminum humile L.;Italian jasmine,小黄馨（陈嵘）,,,2012-11-26
491848,Jasminum grandiflorum L.;common jasmine;Spanish jasmine(陈嵘）,素馨（桂海虞衡志）；耶悉茗（南越笔记）；苏摩那(H.M.)；大茉莉,,,2012-11-26
491849,Jasminum gracillimum Hook.f.;Borneo jasmine,爪哇素馨,,,2012-11-26
491850,Jasminum giraldii Diels,黄馨（陈嵘）；荃皮（中药志）,,,2012-11-26
491851,Jasminum floridum Bge.,探春花（盛京通志）（河北）；木香花,,,2012-11-26
491852,Jasminum beesianum Forrest et Diels;rosy jasmine,红花茉莉（陈嵘）,,,2012-11-26
491853,jarovization;springization;vernalization,春化处理；春化现象,,,2012-11-26
491854,jarool,印度血树（印度产紫薇属乔木）,,,2012-11-26
491855,Japnaese horse-chestnut;Aesculus trubinata Blume,七叶树,,,2012-11-26
491856,Japanobotrychium lanuginosum Nishida,阿里山蕨其,,,2012-11-26
491857,Japanobotrychium,蕨其属（蕨）,,,2012-11-26
491858,Japanese zelkova;Zelkova serrata Makino,日本榉树,,,2012-11-26
491859,Japanese wistaria;wistaria floribunda DC.,紫藤,,,2012-11-26
491860,Japanese white pine;Pinus pentaphylla Mayr,五叶松；日本白松,,,2012-11-26
491861,Japanese ternstroemia;Ternstroemia;gymnanthera Sprague,厚皮香,,,2012-11-26
491862,Japanese rose;glove flower;Kerria japonica DC.,棣棠花,,,2012-11-26
491863,Japanese red pine;Pinus densiflora S. et Z.,赤松,,,2012-11-26
491864,Japanese raisin-tree;Hovenia dulcis Thunb.,拐枣；枳；棋金;钩子,,,2012-11-26
491865,Japanese privet;Ligustrum japonicum thunb.,女贞,,,2012-11-26
491867,Japanese primrose;Primula sieboldi Morren,日本报春花；缨草（日本）,,,2012-11-26
491868,Japanese podocarpus;Podocarpus nagi Zoll. Et Moritz,竹柏；山杉；漶]日本）,,,2012-11-26
491869,Japanese plum-yew;Cephalotaxus drupacea S. et Z.,粗榧,,,2012-11-26
491870,Japanese plum Prunus salicina Lindl.,李子；嘉庆子;李树,,,2012-11-26
491871,Japanese pagoda-tree;Chinese scholar tree;Sophora japonica L.,槐树,,,2012-11-26
491872,Japanese mint;Japanese pepper-mint;Mentha arvensis L.var.piperascens Malinvaud,薄荷,,,2012-11-26
491873,Japanese millet;Japan barnyard millet;barnyard millet;Echinochloa crus-galli Beauv. Var.frumentacea Wight,稗；湖南糁子；䅟,,,2019-03-11
491874,Japanese mahonia;Mahonia japonica DC.,十大功劳,,,2012-11-26
491875,Japanese ivy Boston ivy;parthenocissus tricuspidata Pl.,常春藤；地锦（拾遗）,,,2012-11-26
491876,Japanese iris;Iris Kampferi Sieb.,花菖蒲,,,2012-11-26
491877,Japanese honewort;Cryptotaenia japonica Hassk.,野蜀葵；野儿芹,,,2012-11-26
491878,Japanese hop;Humulus japonicus S. et Z.,葎草,,,2012-11-26
491879,Japanese cornelian cherry;Macrocarpium officinale Nakai,野春桂（宫泽）,,,2012-11-26
491880,Japanese clover;Lespedeza,胡枝子,,,2012-11-26
491881,Japanese climbing fern;Lygodium,海金沙（蕨）,,,2012-11-26
491882,Japanese chinquapin;Shiia sieboldii Makino,柯树,,,2012-11-26
491883,Japanese chestnut;Castanea crenata S. et Z.,日本粟,,,2012-11-26
491884,Japanese ceder;Cryptomeria,柳杉,,,2012-11-26
491885,Japanese bush cherry;Prunus japonica Thunb.,郁李,,,2012-11-26
491886,Japanese box;Buxus japonica Mueller-Arg,黄杨木,,,2012-11-26
491887,Japanese black pine;Pinus thunbergii Parl.,日本黑松,,,2012-11-26
491888,Japanese barbery;Berberis thunbergii DC.,小檗,,,2012-11-26
491889,Japanese artichoke;Stachys sieboldi Miq,草石蚕,,,2012-11-26
491890,Japanese arborvitae;Thuja standishii Carr.,金钟柏,,,2012-11-26
491891,Japanese apricot mume plant;Prunus mume S. et Z.,梅树,,,2012-11-26
491892,Japanese anemony;Anemone japonica S. et Z.,秋牡丹,,,2012-11-26
491893,Japancese quince;Chaenomeles lagenaria Koidz.,木瓜,,,2012-11-26
491894,Japancese hypericum;Komana patula Kimura,金丝梅,,,2012-11-26
491895,Japan sago;cycad;Cycas,凤尾蕉；苏铁（日）,,,2012-11-26
491896,Japan poplar;Populus maximow-iczii A. Henry,白杨,,,2012-11-26
491897,Japan pear;Pyrus serotina Rehd.,砂梨,,,2012-11-26
491898,Japan pagoda tree;Chinese scholar tree;Sophora japonica L.,槐树,,,2012-11-26
491899,Japan lily;white trumpet lily;Lilium longiflorum Thunb.,麝香百合,,,2012-11-26
491900,Japan honeysuckle;Lonicera japonica Thunb.,忍冬；金银花,,,2012-11-26
491901,Japan barnyard millet;barnyard millet;Japanese millet;Echinocholacrusgalli Beauv.Wight,稗；湖南糁子；䅟,,,2012-11-26
491902,Japan aralia;Fatsia,八角金盘,,,2012-11-26
491903,Japan allspice;winter flower;Meratia praecoxRehd. et Wils.;Calycanthus;Chimonanthus,腊梅,,,2012-11-26
491904,japaconitine,东乌头素,,,2012-11-26
491905,japaconine,东阿可密,,,2012-11-26
491906,Janus green granule,耶奴斯绿颗粒,,,2012-11-26
491907,janthine,堇菜色,,,2012-11-26
491908,Jambu， jambul;Eugenia javanica L.;Malay apple;mountain apple,莲雾,,,2012-11-26
491909,Jambosa vulgaris DC.;Eugenia jambosa Alston,蒲桃（广东新语）,,,2012-11-26
491910,Jambosa caryophyllus Ndz.;Eugenia caryophy-llata Willd.,丁香（开宝）；丁子香（嘉祐）,,,2012-11-26
491911,jambolan;Java-plum;Syzygium cumini Skeels,堇宝莲,,,2012-11-26
491912,jalapin,泻根蘝,,,2012-11-26
491913,jalap;Ipomoea purga Hayne,泻根（墨西哥原产旋花科植物之一种）,,,2012-11-26
491914,jagged,锯齿状的,,,2012-11-26
491915,Jacobinia;jacbinia,珊瑚花属(爵床科）,,,2012-11-26
491916,Jacobinia pohliana Benth. et Hook.,淡色珊瑚花,,,2012-11-26
491917,Jacobinia chryssotephana Benth. et Hook.,黄色珊瑚花,,,2012-11-26
491918,Jacobinia carnea Nicholson,珊瑚花,,,2012-11-26
491919,jacket layer,套层;外壳,,,2012-11-26
491920,jacket cells,(孢子或配子周围的)不孕细胞;外壳细胞,,,2012-11-26
491921,jackbean;soybean,大豆;黄豆,,,2012-11-26
491922,jack tree;Artocarpus integrifolia L.,波罗密树;般那娑果(梵pu-nusa),,,2012-11-26
491923,jacemine;jasmine,耶悉茗;黄素馨,,,2012-11-26
491924,Jacaranda,巴西驱梅树属(紫葳科),,,2012-11-26
491925,jaboridine,毛果芸香副素,,,2012-11-26
491926,jaborine,毛果芸香佥,,,2012-11-26
491927,jaborandine;pilocarpine,毛果芸香素,,,2012-11-26
491928,jaborandi;Pelocarpus jaborandi;,毛果芸香,,,2012-11-26
491929,jaba;Hibiscus rosa-sinensis L.,佛桑;扶桑,,,2012-11-26
491930,J3,近亲交配第三代,,,2012-11-26
491931,J2,近亲交配第二代,,,2012-11-26
491932,J1,同系交配第一代,,,2012-11-26
491933,Ixora;Ixora;,仙丹花属(茜草科),,,2012-11-26
491934,Ixora parviflora Vahl;white ixora;torch ixora,白仙丹花,,,2012-11-26
491935,Ixora odorata Hook.,香仙丹花,,,2012-11-26
491936,Ixora lutea Hutchinson,黄仙丹花,,,2012-11-26
491937,Ixora javanica DC.;coral ixora,爪哇仙丹花,,,2012-11-26
491938,Ixora hayatae Kaneh,早田氏仙丹花,,,2012-11-26
491939,Ixora coccinea L.;scarlet ixora,绯红仙丹花,,,2012-11-26
491940,Ixora chinensis Lam;Chinese ixora,仙丹花(广东);红绣球;山丹(学圃杂疏);卖子木(唐本),,,2012-11-26
491941,Ixora amboinica DC.;flame ixora,琥珀仙丹花,,,2012-11-26
491942,Ixonanthes chinensis Champ.,粘木,,,2012-11-26
491943,Ixonanthes,粘木属(亚麻科),,,2012-11-26
491944,Ixia;African corn-lily,非洲鸢尾属,,,2012-11-26
491945,Ixeris denticulata (Houttuyn)Stebbins,苦蕈菜(药材学);墓头回纲目),,,2012-11-26
491946,Iwanowsky,伊凡诺斯基,,,2012-11-26
491947,ivory nut;vegetable ivory,象牙椰子,,,2012-11-26
491948,ivory nut palm;Coelococus carolin-ensis Dingl.,橡杏树;象牙椰子树,,,2012-11-26
491949,IU:international unit,国际单位,,,2012-11-26
491950,I-type;intermediate type,中间型,,,2012-11-26
491951,Itoa orientalis Hemsl.,栀子皮;伊桐(陈嵘);野厚朴(四川成都),,,2012-11-26
491952,Itoa,栀子皮属;伊桐属(大风子科),,,2012-11-26
491953,Ithyphallus rugulosus Fish;Phallus regulosus (Fisch.)D.Kuntze,鬼笔(拾遗),,,2012-11-26
491954,Ithyphallus impudicus Fries;Phallus impudicus (L.) Pers,鳖蕈 ,,,2012-11-26
491955,Ithyphallus aurantiacus (Monti)Fisch.,蛇灯笼,,,2012-11-26
491956,Ithyphallus,鳖蕈属;鬼笔属(担),,,2012-11-26
491957,Itersoniliaperplexans Derx.petal blight of chrysanthemum,菊花花枯病菌,,,2012-11-26
491958,Iteoideae,鼠刺亚科(虎耳草科),,,2012-11-26
491959,Itea yunnanensis Franch.,云南鼠刺,,,2012-11-26
491960,Itea virginica L.',小叶髓菜,,,2012-11-26
491961,Itea parviflora Hemsl small flowered sweet spire,小花鼠刺,,,2012-11-26
491962,Itea oldhami Schreider;Formosan sweet spire,俄氏鼠刺,,,2012-11-26
491963,Itea japonica Oliv,髓菜,,,2012-11-26
491964,itea macrophylla wall.,大叶老鼠刺(陈嵘),,,2012-11-26
491965,Itea ilicifolia Oliv,月月青(湖北兴山),,,2012-11-26
491966,Itea glutinosa Hand- Mazz,线鼠刺,,,2012-11-26
491967,Itea chinensis var. oblonga(Hand-Mazz.) Hu,矩形叶鼠刺，鸡骨柴;银牙莲;牛皮桐,,,2012-11-26
491968,Itea chinensis Hook.et Arn,鼠刺(审查本);髓菜(广东),,,2012-11-26
491969,Itea,鼠刺属(虎耳草科),,,2012-11-26
491970,Italian ryegrass Lolium multiflorum Lam.,鼠麦;意大利黑麦草,,,2012-11-26
491971,Italian millet;Setaria italica Beauv.var.maxima Al.,粱,,,2012-11-26
491972,Italian clover crimson clover,绛红[花]三叶草,,,2012-11-26
491973,istle;ixtle;tampico fibers;Agave heterocantha Zacc. (Jaumave istle);Agave lecheguilla (tulaistle);Yucca spp.(Palma istle),自龙舌龙丝兰取出的纤维,,,2012-11-26
491974,isthmus,(接合藻类的)连接部,,,2012-11-26
491975,isozyme(Markert & Moller 1959),同类异位酶,,,2012-11-26
491976,isozygoty,纯接合性,,,2012-11-26
491977,isozygotic,完全同型接合的;全部基因座皆为同型接合的,,,2012-11-26
491978,Isoxylosetum,粉红金银花类(忍冬科),,,2012-11-26
491979,isovaline;αamino-isoval-erianic acid,异构甲型胺基戊酸,,,2012-11-26
491980,isovaleric acid,异构成酸;异构缬草酸,,,2012-11-26
491981,isotypy,均一型,,,2012-11-26
491982,isotype,同模式;同模式标本;副模式标本,,,2012-11-26
491983,isotropy;isotropism,等方性;等组;等组织,,,2012-11-26
491984,isotropism;isotropy,等方性;等组;等组织,,,2012-11-26
491985,isotropic;isotropous,等方性的;等组织的;等质的;不分化组织的,,,2012-11-26
491986,isotrisomy (Renner 1941),相同三染色体的,,,2012-11-26
491987,isotrisomic (Renner 1941),相同三染色体性,,,2012-11-26
491988,isotopic exchange,同位素交换,,,2012-11-26
491989,isotope technique,同位素技术,,,2012-11-26
491990,isotope,同位素,,,2012-11-26
491991,isotonicity,等张力性;等渗透压性,,,2012-11-26
491992,isotonic;isoosmotic,等张力的;等渗透压的,,,2012-11-26
491993,isotonic solution,等渗透压溶液,,,2012-11-26
491994,isotonic pressure,等渗透压,,,2012-11-26
491995,isotonic contraction,等张力性收缩,,,2012-11-26
491996,isotonic coefficient,等渗透压系数,,,2012-11-26
491997,isotomic dichotom;isotomy,二等分分歧,,,2012-11-26
491998,isothymol;carvacrol,异构麝香草脑,,,2012-11-26
491999,isothiocyanate,异构硫氰酸盐,,,2012-11-26
492000,isothermal change,等温变化,,,2012-11-26
492001,isotherm,等温线,,,2012-11-26
492002,isothere,等夏温线;等暑线,,,2012-11-26
492003,Isothecium,小草藓属,,,2019-03-11
492004,Isothecium subdiversiforme Broth,美丽小草藓,,,2012-11-26
492005,Isothecium kakkodense Besch.,山草藓,,,2012-11-26
492006,isothecium diversiforme (Mitt.)Besch,小草藓,,,2012-11-26
492007,isotelic substance,同功能物质,,,2012-11-26
492008,isosyndetic(Lilienfeld 1951),(异源多倍体)同源联会;同种染色体组的配对,,,2012-11-26
492009,isostemonous,雄蕊与花萼花瓣等数的,,,2012-11-26
492010,isostatic,等压平衡的,,,2012-11-26
492011,isospory,孢子同型,,,2012-11-26
492012,isosporous,同型孢子的(祇有一种孢子的),,,2012-11-26
492013,isospore,同型孢子(只有一种孢子),,,2012-11-26
492014,isoschizomer,同型异质鉴识酶,,,2012-11-26
492015,isoriboflavin,异构核黄素;异构乳黄素,,,2012-11-26
492016,isoquinoline,异构喹啉,,,2012-11-26
492017,Isopyrum manchuricum Kom.,东北扁果草,,,2012-11-26
492018,Isopyrum franchetii Finet. Et Gagnep.;Dichocarpum franchetii (F. et G.) W.T.Wang et Hsiao,小花人字果,,,2012-11-26
492019,Isopyrum anemohoides Kar. et Kir.,扁果草(耧斗菜科),,,2012-11-26
492020,Isopyrum adoxoides DC.,天葵(图考);小乌头蜻蜓草(植典),,,2012-11-26
492021,Isopyrum,扁果草属,,,2012-11-26
492022,isopycnotic(ostergren 1950),同样凝缩的,,,2012-11-26
492023,Isopterygium textori (Lac) Mitt.,红紫杉藓,,,2012-11-26
492024,Isopterygium taxirameum (Mitt. )Jaeg.,紫杉藓,,,2012-11-26
492025,Isopterygium horridurum Broth,黄紫杉藓,,,2012-11-26
492026,Isopterygium,紫杉藓属,,,2012-11-26
492027,Isoptera regularis Okam.,等翼藻,,,2012-11-26
492028,Isoptera,等翼藻属(红),,,2012-11-26
492029,isopropylamino-acetic acid,异丙胺醋酸,,,2012-11-26
492030,isopropyl alcohol,异丙醇,,,2012-11-26
492031,isopopsine,异胃液素,,,2012-11-26
492032,isoprene,异戊二烯;阿伐甲基丁二西烯,,,2012-11-26
492033,isopollen line,等花粉线;同形花粉系,,,2012-11-26
492034,isopolyploid;isoploid;,偶数多倍体,,,2012-11-26
492035,isoploid;isopolyploid,偶数多倍体,,,2012-11-26
492036,isopilocarpine,异构毛果芸香素,,,2012-11-26
492037,isophytoid,同植物形的,,,2012-11-26
492038,isophyllous,祇有一种叶的;同型叶,,,2012-11-26
492039,isophenous,同表现型的,,,2012-11-26
492040,isophenol,异酚,,,2012-11-26
492041,isophenogamy (Strandskov 1953),同表现型接合;近似同表现型间接合,,,2012-11-26
492042,isophenic;isomeric,等作用基因,,,2012-11-26
492043,isophene(Mayr 1963),同表现型线;图上连结同一族群内各性状相同表现的线,,,2012-11-26
492044,isophene,同表现型的,,,2012-11-26
492045,isopetalous,同花瓣的,,,2012-11-26
492046,isophane,等季节现象,,,2012-11-26
492047,isopelletierine,异构石榴皮素,,,2012-11-26
492048,isoosmotic solution,等渗透压溶液,,,2012-11-26
492049,isoosmotic;isotonic,等渗透压的;等张的,,,2012-11-26
492050,isoosmotic pressure,等渗透压,,,2012-11-26
492051,isonym,同名,,,2012-11-26
492052,isomorphs (Serra 1949);hypomorphs,弱作用等位基因,,,2012-11-26
492053,isomorphous,异种同形的,,,2012-11-26
492054,isomorphism,异种同形;同形性,,,2012-11-26
492055,isomorphic,同形的,,,2012-11-26
492056,isomorph,异种同形物,,,2012-11-26
492057,isometry;isauxesis,等量生长,,,2012-11-26
492058,isometric,全对称的,,,2012-11-26
492059,isomerous flower,(花部各轮器官)等数花,,,2012-11-26
492060,isomerizing enzyme;isomerase,异构体化酵素,,,2012-11-26
492061,isomerization,同质异构体化,,,2012-11-26
492062,isomeric(Sirks 1933),等作用基因,,,2012-11-26
492063,isomerase,同质异构体互变酶,,,2012-11-26
492064,isomer,同质异构体,,,2012-11-26
492065,isomastigote,等鞭毛的,,,2012-11-26
492066,isolysis,同族溶解,,,2012-11-26
492067,isolysine,异离胺基酸;异胺羊油酸,,,2012-11-26
492068,isolysin,同族溶素,,,2012-11-26
492069,isolocus mutation,同座突变,,,2012-11-26
492070,isoleucine,异白氨基酸,,,2012-11-26
492071,isolocus breaks(Thoday 1953),同座缺失;二染色分体在同一部位缺失,,,2012-11-26
492072,isolecithal egg,均黄卵,,,2012-11-26
492073,isolation transect,隔离截断,,,2012-11-26
492074,isolation theroy,阿离说,,,2012-11-26
492075,isolation plot,隔离区,,,2012-11-26
492076,isolation medium,分离用培养基,,,2012-11-26
492077,isolation index,隔离指数,,,2012-11-26
492078,isolation field,隔离圃;隔离田场,,,2012-11-26
492079,isolation gene(Brieger 1956),隔离基因,,,2012-11-26
492080,isolation distance,隔离距离,,,2012-11-26
492081,isolation estimate (Merrell 1950),隔离估计,,,2012-11-26
492082,isolation chamber,隔离箱;网室,,,2012-11-26
492083,isolation barrier,隔离障碍,,,2012-11-26
492084,isolation,分离;隔离,,,2012-11-26
492085,isolating mechanism,隔离机制,,,2012-11-26
492086,isolates,隔离群,,,2012-11-26
492087,isolateral leaf,两侧相等叶,,,2012-11-26
492088,isolated nuclei,分离核,,,2012-11-26
492089,isolated seed production,隔离采种,,,2012-11-26
492090,isolated form,隔离形,,,2012-11-26
492091,isolated culture,分离培养;分离培养系,,,2012-11-26
492092,isolated chromosome,分离染色体,,,2012-11-26
492093,isolate(Wahlund 1928),隔离群;分离群,,,2012-11-26
492094,isolabeling (Peacock 1963),同标志的;一染色体的二染色分体同样由同位素标识的,,,2012-11-26
492095,isoionic point(I.P，),等离子点,,,2012-11-26
492096,isokont,等鞭毛的,,,2012-11-26
492097,isohyetal,等雨线,,,2012-11-26
492098,isohel,等阳线,,,2012-11-26
492099,isogynous,同花柱的,,,2012-11-26
492100,isograft;isogenic graft;syngeneic graft,同基因型移殖,,,2012-11-26
492101,isogonic,同子代的,,,2012-11-26
492102,isogeotherm,等地温线,,,2012-11-26
492103,isogenous,同源的,,,2012-11-26
492104,isogenome,同染色体组,,,2012-11-26
492105,isogenic stock,同遗传背景系统,,,2012-11-26
492106,isogenic line,同遗传背景系;同源系,,,2012-11-26
492107,isogenic (Johannsen 1926),同基因型,,,2012-11-26
492108,isogenesis,同形发育;同型发育,,,2012-11-26
492109,isogenes,相同基因;同源基因,,,2012-11-26
492110,isogamy,同形配子接合;同型配子接合;同型配偶,,,2012-11-26
492111,isogamous(de Vries 1911),同形配子的;同型配子的,,,2012-11-26
492112,isogamous sexual reproduction,同形配子生殖,,,2012-11-26
492113,isogametion,等配现象,,,2012-11-26
492114,isogamous conjugation,同形配子接合;同型配子接合,,,2012-11-26
492115,isogamete,同形配子;同型配子,,,2012-11-26
492116,isogametangium,同形配子囊;同型配子囊,,,2012-11-26
492117,isogametangiogamy,同形配子囊接合;同型配子囊接合,,,2012-11-26
492118,Isoetineae,水韭亚目,,,2012-11-26
492119,Isoetopsida,水韭纲,,,2012-11-26
492120,isoetes taiwanensis De Vol,台湾水韭,,,2012-11-26
492121,Isoetes sinensis Palmer,中华水韭,,,2012-11-26
492122,Isoetes japonica Al Br.,宽叶水韭,,,2012-11-26
492123,Isoetaceae,水韭科(蕨),,,2012-11-26
492124,isoetales,水韭目(蕨),,,2012-11-26
492125,isoenzyme isozyme,同类异位酵素;同类异型酵素,,,2012-11-26
492126,isoelectric range,等电域,,,2012-11-26
492127,isoelectric point,等电点,,,2012-11-26
492128,Isodon longitubus Kubo,秋丁香,,,2012-11-26
492129,Isodon japonicus Hara,延命草(日本),,,2012-11-26
492130,Isodon inflexus Kudo,山薄荷(日本),,,2012-11-26
492131,isodirectional distribution,同向分布,,,2012-11-26
492132,isodiametric,等直径的,,,2012-11-26
492133,isocyclic,每轮器官是等数的,,,2012-11-26
492134,isocitric dehydrogenase,异柠檬酸脱氢酶,,,2012-11-26
492135,isocitric acid,异柠檬酸;阿伐羟基丙三酸,,,2012-11-26
492136,isochronism,等时性,,,2012-11-26
492137,isochrones,等时性环,,,2012-11-26
492138,isochronal;isochronic,等时的,,,2012-11-26
492139,isochromosome (Darlington 1940),同臂染色体,,,2012-11-26
492140,isochromous,同色;等色,,,2012-11-26
492141,isochromocentric(Dangeard 1946),等数染色中心的;核中具有与染色体数相当的染色中心的,,,2012-11-26
492142,isochromatid break (Sax 1941)isochromatid deletion;isolocus break;isolocus deletion,同型缺少;二染色分体相同部位缺失,,,2012-11-26
492143,isochromatid,同型染色分体,,,2012-11-26
492144,isochromatic,等色的;同色的,,,2012-11-26
492145,isocarpic,等裂果的,,,2012-11-26
492146,isocheim,等寒线,,,2012-11-26
492147,isobrachial(Sorokin 1929),同臂的,,,2012-11-26
492148,isobrachial chromosome,同臂染色体,,,2012-11-26
492149,isobilateral,两侧相等的,,,2012-11-26
492150,isoautopolyploidy,等质同源多倍性,,,2012-11-26
492151,isoantigen,同族抗原,,,2012-11-26
492152,isoantibody,同族抗体,,,2012-11-26
492153,iso-anisosyndetic(Lilienfeld 1951),(异源多倍体)异亲染色体配对的,,,2012-11-26
492154,iso-allele(Stern & Schaeffer 1943),相似对偶基因,,,2012-11-26
492155,isoagglutinogen,同族凝集素原,,,2012-11-26
492156,isoagglutinin,同族凝集素,,,2012-11-26
492157,iso-agglutination,同族凝集反应,,,2012-11-26
492158,Isletes,水韭属(蕨),,,2012-11-26
492159,island model,岛屿模型,,,2012-11-26
492160,ishigeaceae isidium,铁钉菜科针芽;地衣叶状体表面的增值构造,,,2012-11-26
492161,Ishige okamurae Yendo,铁钉菜(中药志),,,2012-11-26
492162,Ischadites,绿藻化石(奥陶纪),,,2012-11-26
492163,isauxesis.; isometry,等生长,,,2012-11-26
492164,Isatis;woad,菘蓝属;大青属(十字花科),,,2012-11-26
492165,Isatis tinctoria L.,大青(别录);菘蓝(纲目);细叶大青;葴(尔雅);蓝菜(W),,,2012-11-26
492166,Isatis indigotica Fort Isatis oblongata DC.;I. tinctoria L.'(Bailey);dyers woad,小青;菘蓝;大蓝;江南大青,,,2012-11-26
492167,Isatis glauca Auch.,小亚细亚大青,,,2012-11-26
492168,isatase,大青苷酶,,,2012-11-26
492169,isatan,靛红烷;菘蓝【甘+戈】,,,2012-11-26
492170,Isariopsis griseola Sacc.,大豆;菜豆斑点病菌,,,2012-11-26
492171,Isariopsis clacispora (Berkeley et Curtis) Sacc.;Phaeoisariopsis vitis(Leve)Sawada,葡萄褐斑病菌,,,2012-11-26
492172,Isaria cosmopaltriae Yasuda,金蝉花(囊，核菌类),,,2012-11-26
492173,Isariopsis,大豆斑点病菌属,,,2012-11-26
492174,Isaria,蜘蛛蕈属,,,2012-11-26
492175,Isanthera discolor Maxim.,山枇杷草(日本)(苦苣苔科),,,2012-11-26
492176,isadelpous,各群或各雄蕊束中等数雄蕊,,,2012-11-26
492177,Isachne globosa O.Ktze.;I. australis R.Br.,柳叶箬(禾本科),,,2012-11-26
492178,isabelline,褐黄色,,,2012-11-26
492179,irritant,刺激物,,,2012-11-26
492180,irritable,易受刺激的,,,2012-11-26
492181,irritable plant,敏感性植物,,,2012-11-26
492182,irritability,刺激感应性,,,2012-11-26
492183,irrigation;development;hunning,展开,,,2012-11-26
492184,irrigation water,灌溉水,,,2012-11-26
492185,irrigation requirement,灌溉需水量,,,2012-11-26
492186,irrigation at flowering stage,花期灌溉,,,2012-11-26
492187,irrigation,灌溉,,,2012-11-26
492188,irreversible wilting;permanent wilting,不恢复凋萎;永久凋萎,,,2012-11-26
492189,irreversible reaction,不可逆反应,,,2012-11-26
492190,irreversible mutation,不可逆突变,,,2012-11-26
492191,irreversibility of evolution,演化的不可逆性,,,2012-11-26
492192,irreversibility,不可逆性,,,2012-11-26
492193,irregularity,不整齐性,,,2012-11-26
492194,irregular multiplication,不规则增加,,,2012-11-26
492195,irregular flower,不整齐花 ,,,2012-11-26
492196,irregular dominance,不规则显性,,,2012-11-26
492197,irregular corolla;zygomorphic corolla,不整齐花冠,,,2012-11-26
492198,irregular choripetalous corolla,不整齐离瓣花冠,,,2012-11-26
492199,irregular allopolyploidy (Kappest 1953),不规则异源倍数性,,,2012-11-26
492200,irreciprocal conductivity,单向传导性,,,2012-11-26
492201,irreciprocal permeability,片面透过性,,,2012-11-26
492202,irradiation,照光;照射;放射线照射,,,2012-11-26
492203,Irpex kusanoi Henn et Shirai,无柄帽蕈,,,2012-11-26
492204,Irpex,无柄帽蕈属;真桑蕈属(担),,,2012-11-26
492205,iron-wood,木质坚硬的树木;硬木材,,,2012-11-26
492206,iron haematoxylin,铁苏木兰,,,2012-11-26
492207,iron ethylene diamine tetraace-tate;Fe-EDTA,二胺次乙基四醋酸铁,,,2012-11-26
492208,iron deficiency,缺铁症,,,2012-11-26
492209,iron bacteria;Gallionella ferruginea Ehrenberg,铁细菌,,,2012-11-26
492210,Irish potato;potato;Solanum tuberosum L.,马铃薯;洋芋(俗),,,2012-11-26
492211,Irish moss;Chondrus crispus,鹿角菜(红藻),,,2012-11-26
492212,iris-family Iridaea,鸢尾科,,,2012-11-26
492213,Irish dulse;Rhodymenia palmata;Sheep's weed,食用红藻,,,2012-11-26
492214,iris;Fleur-de-lis,鸢尾属,,,2012-11-26
492215,Iris;,鸢尾素,,,2012-11-26
492216,Iris uniflora Pall.,石柱花(东北),,,2012-11-26
492217,Iris xiphioides Ehrh;English iris,英国鸢尾,,,2012-11-26
492218,Iris tectorum Maxim;roof iris,鸢尾(本经);水兰(北京),,,2012-11-26
492219,Iris tigridia Bunge,鞍山鸢尾,,,2012-11-26
492220,Iris suisiana L.;mouring iris;widow's weed,黑鸢尾,,,2012-11-26
492221,Iris sibirica L.var.orientalis Thunb.,溪荪(纲目);红眼兰( H.M.),,,2012-11-26
492222,Iris ruthenica Ker-Gawl var.nana Maxim.,紫菖蒲(乾隆御制集),,,2012-11-26
492223,Iris pseudocorus L.;bastard acorus;flower flag;water-flag,黄菖蒲(日本),,,2012-11-26
492224,Iris pallasii Fisch.var. chinensis Fisch.,蠡实(本经);马兰(本经);荓(尔雅);马帚(尔雅);三(坚别录),,,2012-11-26
492225,Iris laevigata Fisch var kaempferi Sieb.;Japanese iris;rabbit-ear iris,玉蝉花;花菖蒲,,,2012-11-26
492226,Iris kamayama Makino,釜山菖蒲,,,2012-11-26
492227,Iris kaempferi Sieb.;Japanese iris,花菖蒲,,,2012-11-26
492228,Iris japonica Thunb.;Chinese iris;putchock;fringed iris,射干;蝴蝶花(花镜),,,2012-11-26
492229,Iris hollandica hort;Dutch iris,荷兰鸢尾,,,2012-11-26
492230,Iris gracilipes A gray;slender iris,小鸢尾,,,2012-11-26
492231,Iris giganticaerulea J.K.Small,路州鸢尾,,,2012-11-26
492232,Iris germanica L.;german iris,德国鸢尾(于),,,2012-11-26
492233,Iris fulva Ker-Gawl,茶菖蒲,,,2012-11-26
492234,Iris forrestii Dykes,福氏鸢尾(于),,,2012-11-26
492235,Iris florentina L.;orris;Yamen iris,香鸢尾(于),,,2012-11-26
492236,iris family;Iridaceae;,鸢尾科,,,2012-11-26
492237,Iris ensata Thunb.var. chinensis Maxim.,蠡实(本草经);荓(尔雅);马帚(尔雅);三(坚别录);花菖蒲(日本),,,2012-11-26
492238,Iris dichotoma Pall.vespariris;four o'clock iris,搜山虎(H.C.);白射干(图考);叉茎鸢尾(于),,,2012-11-26
492239,Iris albopurpurea Bak.,燕子花(漳州府志),,,2012-11-26
492240,iridin,银杏藻(红),,,2012-11-26
492241,ipsilateral Irene kiraiensis Yam.;Sooty mold of Wusheh actinoda-phne Iresine;,住在同一侧的雾社黄肉楠煤病菌,,,2012-11-26
492242,Ipomoea tuberosa L.;wood rose;Ceylon morning glory,钖兰牵牛,,,2012-11-26
492243,Ipomoea trifida,墨西哥牵牛,,,2012-11-26
492244,Ipomoea purga Wender ;true jalapa plant,药刺巴;泻根,,,2012-11-26
492245,Ipomoea pes-caprae sweet,扇叶昼颜(日本),,,2012-11-26
492246,Ipomoea paniculata R.Br.finger-leaf morning glory,裂叶牵牛,,,2012-11-26
492247,Ipomoea orizabensis Mexican scammont,墨西哥牵牛,,,2012-11-26
492248,Ipomoea litoralis,滨牵牛,,,2012-11-26
492249,Ipomoea muricata Jacq.;Calonyction speciosum Chois.var. muricatum Chois.,天茄儿(救荒)天茄子(图考);丁香茄(救荒);木子菜(H.N.);刺牵牛(于),,,2012-11-26
492250,Ipomoea leucantha,小滨牵牛,,,2012-11-26
492251,Ipomoea horsfalliae Hook.,五叶牵牛,,,2012-11-26
492252,Ipomoea hederacea Jacq.I. nil Roth.Pharbitis hederacea L.;Pharbitis nil Chois.,白丑(W);金甑草(酉阳杂俎);牵牛子(图考);牵牛(G);黑丑(Br.);草金铃;黑牵牛(救野),,,2012-11-26
492253,Ipomoea fistulosa Mart.,木立牵牛,,,2012-11-26
492254,Ipomoea congesta R. Br,野牵牛(台湾);碗仔花(台湾),,,2012-11-26
492255,Ipomoea cairica Sw.,五爪龙;番仔籐,,,2012-11-26
492256,Ipomoea batatas Lam;sweet potato,番薯(农政全书),,,2012-11-26
492257,Ipomoea batatas Lam var.edulis Mak.'sweet potato,甘𫉄(群芳谱);红薯(汲县志);番薯府志);番𫉄(群芳谱),,,2012-11-26
492258,ipomoea aquatica Forsk;water convolvulus,瓮菜(荆州府志);蕹菜(草木状);地网(府志);武菜(福州府志),,,2012-11-26
492259,Ipomoea,番薯属;蕹菜属,,,2012-11-26
492260,ipecine;emetine,吐根素,,,2012-11-26
492261,ipecac;ipecacuanha;Urogoga ipecacuanha.J.Baill;Cephaelis ipecacuanha,吐根(日本),,,2012-11-26
492262,ionone,紫罗兰酮,,,2012-11-26
492263,ionizing radiation,电离辐射,,,2012-11-26
492264,ionizing power,电离能力,,,2012-11-26
492265,ionization series,离子化序列,,,2012-11-26
492266,ionization,游离,,,2012-11-26
492267,ionic strength,离子强度,,,2012-11-26
492268,ionic compound,离子化合物,,,2012-11-26
492269,ionic bond,离子键,,,2012-11-26
492270,ion-binding compounds,离子联系化合物,,,2012-11-26
492271,ion exchange theory,离子交换说,,,2012-11-26
492272,ion density,离子密度,,,2012-11-26
492273,ion carrier comples,离子携带物复合体,,,2012-11-26
492274,ion antagonism,离子拮抗作用;离子颉颃作用,,,2012-11-26
492275,ion,离子,,,2012-11-26
492276,iodocyanide,碘氰化物,,,2012-11-26
492277,iodoacetic acid.,碘醋酸,,,2012-11-26
492278,iodine test,碘反应法,,,2012-11-26
492279,Iodes vitiginea Hance;I. ovalis var.vitiginea Gagnep.,小果微花藤;约的藤(审查本),,,2012-11-26
492280,Iodes ovalis Bl.var. vitiginea (Hance) Gagnep.,小果微花藤,,,2012-11-26
492281,Iodes,微花藤属;约的藤属(茶茱萸科),,,2012-11-26
492282,iodamylum,碘淀粉;,,,2012-11-26
492283,iodamyl,碘淀粉;碘化戊基,,,2012-11-26
492284,involution,退缩;内旋,,,2012-11-26
492285,involution form,(细菌的)衰残型,,,2012-11-26
492286,involute,内旋的,,,2012-11-26
492287,involucrum,总苞,,,2012-11-26
492288,involucre,总苞,,,2012-11-26
492289,involucral scale,总苞片,,,2012-11-26
492290,involucrate,内旋;有总苞的,,,2012-11-26
492291,involucellate,生小总苞的,,,2012-11-26
492292,involucel,小总苞,,,2012-11-26
492293,invisibles(Gold-schmidt 1938),无效突变,,,2012-11-26
492294,invertose;sucrose,转化糖,,,2012-11-26
492295,invertin;,转化素,,,2012-11-26
492296,inverted ring of bark method,树皮倒转嵌接法,,,2012-11-26
492297,inverted microscope,倒装显微镜,,,2012-11-26
492298,inverted,倒转的,,,2012-11-26
492299,invertase;invertin;sucrase,转化酶,,,2012-11-26
492300,invert sugar,转化糖,,,2012-11-26
492301,inversion(Sturtvant 1926),倒位;基因座顺序倒转,,,2012-11-26
492302,inversion system,倒位系统,,,2012-11-26
492303,inversion race,倒位族,,,2012-11-26
492304,inversion hybrid,倒位杂种,,,2012-11-26
492305,inversion homozygote,倒位同型合子,,,2012-11-26
492306,inversion heterozygote,倒位异型合子,,,2012-11-26
492307,inversion heterozygosity,倒位异型接合性,,,2012-11-26
492308,inversion crossover,倒位部交换,,,2012-11-26
492309,inversion complex,倒位复合体,,,2012-11-26
492310,inversion combination,倒位组合,,,2012-11-26
492311,inversion bridge,倒位桥,,,2012-11-26
492312,inversion,转化作用,,,2012-11-26
492313,inversduplication,(同一染色体内)倒位重复,,,2012-11-26
492314,invasion theory,侵入说;皮层经由叶隙进入内部而成髓之说,,,2012-11-26
492315,invasion,侵入,,,2012-11-26
492316,invagination,内折,,,2012-11-26
492317,inulol;alantol,木香油,,,2012-11-26
492318,inulinase;inulase;,菊糖酶,,,2012-11-26
492319,inulinase,菊糖,,,2012-11-26
492320,inulase;inulinase,菊糖酶,,,2012-11-26
492321,Inula;inula;fleabane,旋覆花属(菊科),,,2012-11-26
492322,Inula serrata var.hupehensis Ling,湖北朝阳花(中药志),,,2012-11-26
492323,Inula serrata Bur,水朝阳草(图考)(云南),,,2012-11-26
492324,Inula salicina L.,小黄花;黄收旧花(东北),,,2012-11-26
492325,Inula racemosa Hooker f.,木香(本经);川木香(H.N.)(G);(药材学),,,2012-11-26
492326,Inula linariaefolia Turcz.;I. britannica L.var. linariefolia Regel.I. britannica L.subsp. Linariefolia Kitam.,线叶旋覆花(中药志),,,2012-11-26
492327,Inula japonica Thunb.;I. chinensis Rupr.;I. britanica L.var.chinensis Regel;I.britanica var.japonica Miq.I. britanica subsp.japonica Kitam.,日本旋覆花(中药志),,,2012-11-26
492328,Inula helenium L.;elecampane,土木香(图经)(纲目);土青木香(图经);祁木香(药材学);青木香(药材学),,,2012-11-26
492329,Inula chrysantha Diels,齿叶旋覆花,,,2012-11-26
492330,Inula britanica L.,旋覆花(本经)(救荒)(图考);大花旋覆花(中药志);戴椹(本经);盗庚(尔雅);蕧(尔雅);金钱花(图经);六月菊(群芳谱),,,2012-11-26
492331,intussussception growth,内填生长;内发生长,,,2012-11-26
492332,Intsia,印茄属(豆科),,,2012-11-26
492333,intrusive growth,侵入生长,,,2012-11-26
492334,introrse anther,内向花药,,,2012-11-26
492335,introrse,内向的,,,2012-11-26
492336,introgressive,种间天然回交;,,,2012-11-26
492337,introgression (Anderson & Hubricht),种间天然回交;遗传质渐渗杂交;基因移入,,,2012-11-26
492338,introduced variety,引入品种,,,2012-11-26
492339,introduced species,引入种,,,2012-11-26
492340,introduced plant,外来植物;引进植物,,,2012-11-26
492341,intrinsic transpiring power,真正蒸散力,,,2012-11-26
492342,intrinsic speciation,内因性种的形成,,,2012-11-26
492343,intrinsic factor,内因,,,2012-11-26
492344,intrinsic birefringence,内在性复曲折,,,2012-11-26
492345,intraxylar phloem,材内筛部;材内韧皮部,,,2012-11-26
492346,intravital staining,生体内染色,,,2012-11-26
492347,intravarietal crossing,品种内杂交,,,2012-11-26
492348,intravarietal breeding,品种内繁殖,,,2012-11-26
492349,intrate forming bacteria; nitrate bacteria,硝酸细菌,,,2012-11-26
492350,intrastelar,中心柱内的,,,2012-11-26
492351,intrastamieal;intrastaminal,雄蕊内的,,,2012-11-26
492352,intraspecific society,种内社会,,,2012-11-26
492353,intraspecific relation,种内关系,,,2012-11-26
492354,intraspecific population,种内族群,,,2012-11-26
492355,intraspecific crossing,种内杂交,,,2012-11-26
492356,intraspecific cooperation,种内协同作用,,,2012-11-26
492357,intraspecific competition,种内竞争,,,2012-11-26
492358,intraspecies aggregation,种内群集,,,2012-11-26
492359,intraspecific,种内的,,,2012-11-26
492360,intraspecies,种内,,,2012-11-26
492361,intrasexual selection,同性内选择,,,2012-11-26
492362,intraracial crossing,品种内杂交,,,2012-11-26
492363,intrapetiolar bud,叶柄内芽,,,2012-11-26
492364,intranuclear symbiosis,核内共生,,,2012-11-26
492365,intraovular,胚珠内的,,,2012-11-26
492366,intranuclear spindle fiber,核内纺锤丝,,,2012-11-26
492367,intranuclear nuclear division;endomitosis;intranuclear mitosis,核内核分裂,,,2012-11-26
492368,intranuclear mitosis;endomitosis;intranculear nuclear division,核内有丝分裂,,,2012-11-26
492369,intranuclear chromosomal fibers,核内染色体丝,,,2012-11-26
492370,intramycelial,菌丝内的,,,2012-11-26
492371,intramolecular respiration,分子的呼吸,,,2012-11-26
492372,intramedullary,髓内的,,,2012-11-26
492373,intralamellar,层状构造内的,,,2012-11-26
492374,intramatrical,衬质内的,,,2012-11-26
492375,intrahaploid pairing (Darlington 1937),单套染色体间配对,,,2012-11-26
492376,intragroup selection,群内选择,,,2012-11-26
492377,intragroup competition,群内竞争,,,2012-11-26
492378,intragenic suppression,基因内抑制,,,2012-11-26
492379,intragenic recombination,基因内再组合,,,2012-11-26
492380,intragenic mutation,基因内突变,,,2012-11-26
492381,intragenic change,基因内变化,,,2012-11-26
492382,intragenic (Muller 1941),基因内的,,,2012-11-26
492383,intrafoliar;intrafoliaceous,叶前的;叶腋内的,,,2012-11-26
492384,intrafoliaceoous stipules,叶前托叶,,,2012-11-26
492385,intrafloral nectary,花内蜜腺,,,2012-11-26
492386,intrafascicular medullary ray,束内髓线,,,2012-11-26
492387,intrafascicular cambium,束内形成层,,,2012-11-26
492388,intrademe selection,群内选择(淘汰),,,2012-11-26
492389,intracodon recombination,秘码内再组合,,,2012-11-26
492390,intraclonal,营养系内的;体细胞繁殖系内的,,,2012-11-26
492391,intraclass sterility,群内不孕性,,,2012-11-26
492392,intraclass mean square,组内均方,,,2012-11-26
492393,intraclass correlation,组内相关,,,2012-11-26
492394,intrachromosomal balance,染色体内均衡,,,2012-11-26
492395,intrachromosomal,染色体内的,,,2012-11-26
492396,intrachange,(一个染色体的)内部变化,,,2012-11-26
492397,intracellular pangenesis,[细]胞内汛生说,,,2012-11-26
492398,intracellular movement,[细]胞内运动,,,2012-11-26
492399,intracellular inclusion,细胞内含物,,,2012-11-26
492400,intracellular enzyme,[细]胞内酵素,,,2012-11-26
492401,intracellular electrode,[细]胞内电极,,,2012-11-26
492402,intracellular digestion,[细]胞内消化,,,2012-11-26
492403,intracellular differentiation,[细]胞内分化,,,2012-11-26
492404,intracellular cannaliculus,[细]胞内小管,,,2012-11-26
492405,intracellular,[细]胞内的,,,2012-11-26
492406,intracarpellary,心皮内的,,,2012-11-26
492407,intracapsular pressure,蒴内压,,,2012-11-26
492408,intracambial,形成层内的,,,2012-11-26
492409,intrability,透润性,,,2012-11-26
492410,intraallelic interaction,对偶基因内交互作用,,,2012-11-26
492411,intraallelic complementation,对偶基因内互补作用,,,2012-11-26
492412,intolerant tree sun tree,阳地树木;阳树,,,2012-11-26
492413,intolerant plant;sun plant,阳地植物;阳生植物,,,2012-11-26
492414,intine,(花粉的)内壁,,,2012-11-26
492415,intextine,(花粉的)中壁,,,2012-11-26
492416,interzonary plankton,深海性浮游生物,,,2012-11-26
