ID,英文名稱,中文名稱,圖片,更新日期
762979,moldboard plow ,板犁,,2012-11-26
762980,listing plow,培土犁；作畦犁,,2012-11-26
762981,layer mixing plow ,混层犁,,2012-11-26
762982,Japanese ordinary plow,日式单用犁,,2012-11-26
762983,horse plow ,畜力犁,,2012-11-26
762984,hillside plow ,坡地犁,,2012-11-26
762985,high speed bottom plow,高速板犁,,2012-11-26
762986,heavy duty plow ,深耕犁,,2012-11-26
762987,harrow plow ,耙犁,,2012-11-26
762988,gang plow ,群犁,,2012-11-26
762989,gang disk plow ,圆盘群犁；碟群犁,,2012-11-26
762990,double plow ,二段犁,,2012-11-26
762991,disk plow ,圆盘犁；碟犁,,2012-11-26
762992,deep plow ,深耕犁,,2012-11-26
762994,chisel plow ,凿犁,,2012-11-26
762995,cable plow ,钢缆犁,,2012-11-26
762996,breaking plow ,新垦犁,,2012-11-26
762997,breaker bottom plow ,新垦板犁,,2012-11-26
762998,bottom plow ,板犁,,2012-11-26
762999,animal plow ,畜力犁,,2012-11-26
763000,alternative plow ,双向犁,,2012-11-26
763001,plow,犁,,2012-11-26
763002,plough,犁,,2012-11-26
763003,plenum chamber,调压室；充气室,,2012-11-26
763004,plate-type,盘式,,2012-11-26
763005,plastic house,塑胶温室,,2012-11-26
763006,planting trowel,移植镘,,2012-11-26
763007,planting rate,种植速率,,2012-11-26
763008,planting mechanism,挿植机构；种植机构,,2012-11-26
763009,planting implement,种植机具,,2012-11-26
763010,planting fork,挿植叉,,2012-11-26
763011,planting finger orbit,挿植爪轨迹,,2012-11-26
763012,planting finger,挿植爪,,2012-11-26
763013,planting depth,挿植深度,,2012-11-26
763014,planting arm,挿植臂,,2012-11-26
763015,tobacco planter ,烟草种植机,,2012-11-26
763016,semi-automatic potato planter,半自动马铃薯种植机,,2012-11-26
763017,row planter ,条播机,,2012-11-26
763018,potato planter ,马铃薯种植机,,2012-11-26
763019,pot planter,钵苗移植机,,2012-11-26
763020,plate-type planter ,盘式种植机,,2012-11-26
763021,paddy planter ,水稻直播机,,2012-11-26
763022,hill drop planter ,点播机,,2012-11-26
763023,cotton planter ,棉花播种机,,2012-11-26
763024,corn planter,玉米播种机,,2012-11-26
763025,check row planter ,正条种植机,,2012-11-26
763026,bean planter ,豆类播种机,,2012-11-26
763027,planter,种植机；播种机,,2012-11-26
763028,plant population,种植密度,,2012-11-26
763029,plank harrow,板耙,,2012-11-26
763030,planetary gear transmission,行星齿轮传动装置,,2012-11-26
763031,planetary gear,行星齿轮,,2012-11-26
763032,plane sifter,平面筛,,2012-11-26
763033,plain roller,滑面滚子；普通滚子；光面滚子,,2012-11-26
763034,pitman,摇臂,,2012-11-26
763035,piston pump,活塞泵,,2012-11-26
763036,pitch fork,草叉,,2012-11-26
763037,piping system,管路系统,,2012-11-26
763038,pipeline milking machine,管路式挤乳机,,2012-11-26
763040,pipe friction loss,管摩擦损失,,2012-11-26
763041,pipe friction coefficient,管摩擦系数,,2012-11-26
763042,pipe duster,管式撒粉机,,2012-11-26
763043,pile driver,打椿机,,2012-11-26
763044,pick-up unit,捡拾装置,,2012-11-26
763045,pick-up frame,扶起架；捡拾架,,2012-11-26
763046,pick-up forage wagon,捡拾式青饲料搬运车,,2012-11-26
763047,pick-up claw,扶起爪；捡拾爪,,2012-11-26
763048,pick-up chain,扶起链；捡拾链,,2012-11-26
763049,pick-up baler,捡拾式打包机,,2012-11-26
763050,pick-up,小货车,,2012-11-26
763051,pestle,杵,,2012-11-26
763052,pick,镐,,2012-11-26
763053,pesticide tank,药剂桶,,2012-11-26
763054,pest control machine,病虫害防治机械,,2012-11-26
763055,peripheral speed difference,周边速率差,,2012-11-26
763056,periodical inspection,定期检查,,2012-11-26
763057,period of drying,干燥期,,2012-11-26
763058,performance curve,性能曲线,,2012-11-26
763059,penetration depth,贯入深度；渗透深度；入土深度,,2012-11-26
763060,penetration,贯入,,2012-11-26
763061,penetrating action,贯入作用,,2012-11-26
763062,pelleting machine,制粒机,,2012-11-26
763063,pelleter,制粒机,,2012-11-26
763064,peg-tooth harrow,齿杆耙,,2012-11-26
763065,peeling machine,削皮机,,2012-11-26
763066,pedestrian tractor,步行式曳引机；耕耘机,,2012-11-26
763067,pedal driven thresher,脚踏式脱粒机；脚踏式脱谷机,,2012-11-26
763068,peanut harvester,落花生收获机,,2012-11-26
763069,peanut digger,落花生挖掘机,,2012-11-26
763070,pasture harrow,牧草耙,,2012-11-26
763071,parking brake,停车煞车,,2012-11-26
763072,parallel flow drying,并流干燥,,2012-11-26
763073,paper pot type seedling,纸袋苗,,2012-11-26
763074,pan breaking,心土耕,,2012-11-26
763075,pan-breaker,心土犁,,2012-11-26
763076,pallet,托架；托板,,2012-11-26
763077,paddy seeder,水稻直播机,,2012-11-26
763078,paddy planter,水稻直播机,,2012-11-26
763079,paddy field wheel,水田车轮,,2012-11-26
763080,paddy field weeder,水田除草机,,2012-11-26
763081,paddy drying and processing facility,稻谷干燥加工设施,,2012-11-26
763082,paddy cleaner,稻谷清选机,,2012-11-26
763083,paddle wheel,脚踏水车,,2012-11-26
763084,packing machine,包装机,,2012-11-26
763085,packer,包装机；压土器,,2012-11-26
763086,pack roller,锁压轮；滚轮,,2012-11-26
763087,ox-cart,牛车,,2012-11-26
763088,overload,超载,,2012-11-26
763089,overlap sprinkling,重叠喷洒,,2012-11-26
763090,overheating,过热,,2012-11-26
763091,overflow hose,溢流管,,2012-11-26
763092,overall reduction gear ratio,总减速齿轮比,,2012-11-26
763093,overall efficiency,总效率,,2012-11-26
763094,overall application,全面撒布,,2012-11-26
763095,over feed threshing,上脱式脱粒,,2012-11-26
763096,oven method,烤箱法,,2012-11-26
763097,oven,烤箱；炉,,2012-11-26
763098,oscillating thinner,摆动式疏株器,,2012-11-26
763099,oscillating sifter,摆动筛,,2012-11-26
763100,oscillating separator,摆动选别机,,2012-11-26
763101,oscillating grain pan,摆动式谷粒盘,,2012-11-26
763102,oscillating conveyor,摆动式运送机,,2012-11-26
763103,orchard tractor,果园曳引机,,2012-11-26
763104,orchard plow,果园犁,,2012-11-26
763105,orchard mower,果园剪草机,,2012-11-26
763106,optimum tillage,最佳耕耘；最适耕耘,,2012-11-26
763107,operating accuracy,作业精度,,2012-11-26
763108,opener,开沟器,,2012-11-26
763109,onion top cutter,洋葱去叶机,,2012-11-26
763110,onion harvester,洋葱收获机,,2012-11-26
763111,onion grader,洋葱分级机,,2012-11-26
763112,one-way harrow,单向耙,,2012-11-26
763113,oil stick,油尺,,2012-11-26
763114,oil pump,油泵,,2012-11-26
763115,oil press,榨油机；油压机,,2012-11-26
763116,oil gage,油量表,,2012-11-26
763117,oil-bath air cleaner,油浴式空气滤清器,,2012-11-26
763118,offset harrow,偏置耙,,2012-11-26
763119,octane number,辛烷值,,2012-11-26
763120,nursery chamber,育苗室,,2012-11-26
763121,nursery cabinet,育苗柜；育苗架,,2012-11-26
763122,nursery box,育苗箱,,2012-11-26
763123,nozzle,喷嘴； [气体熔接]火口,,2012-11-26
763124,notched edge disk,花形圆盘,,2012-11-26
763125,noodle slitter,切面条机,,2012-11-26
763126,noodle rolling machine,滚面机,,2012-11-26
763127,noodle making machine,制面条机,,2012-11-26
763128,noodle machine,制面条机,,2012-11-26
763129,non-heating fog machine,常温烟雾机,,2012-11-26
763130,net horsepower,净马力,,2012-11-26
763131,needle valve,针阀,,2012-11-26
763132,Nebraska Tractor Test,内布拉斯加曳引机测定,,2012-11-26
763133,natural ventilation,自然通风,,2012-11-26
763134,narrow disk harrow,[果园用]窄行圆盘耙,,2012-11-26
763135,nap cutter,刮毛机,,2012-11-26
763136,mushroom dryer,菇类干燥机,,2012-11-26
763137,multiple hole type nozzle,多孔喷嘴,,2012-11-26
763138,multiple head nozzle,多头喷嘴,,2012-11-26
763139,multiple furrow gang disk plow,圆盘群犁,,2012-11-26
763140,multiple disk clutch,复片式离合器,,2012-11-26
763141,multiple bottom plow,多底板犁,,2012-11-26
763142,multi-stage sifter,多段筛,,2012-11-26
763143,multi-stage pump,多段泵,,2012-11-26
763144,multi-row drilling,多行条播,,2012-11-26
763145,multi-purpose,多用途,,2012-11-26
763146,multi-pass drying system,循环式干燥系统,,2012-11-26
763147,multi-hole blow head,多孔喷头,,2012-11-26
763148,mulch tillage,底耕,,2012-11-26
763149,mulch layer,覆盖层,,2012-11-26
763150,mulberry cutting sickle,桑用镰刀,,2012-11-26
763151,muck spreader,堆肥撒布机,,2012-11-26
763152,rotary mower-bar unit ,回转式剪草机,,2012-11-26
763153,rotary drum mower-bar unit ,转筒式剪草机,,2012-11-26
763154,rotary disk mower-bar unit ,转盘式剪草机,,2012-11-26
763155,reciprocating knife mower-bar unit ,往复[割刀]式剪草机,,2012-11-26
763156,orchard mower-bar unit ,果园剪草机,,2012-11-26
763157,mower-bar unit rake,集草器,,2012-11-26
763158,mower-bar unit,[剪草机]刀把总成,,2012-11-26
763159,lawn mower,剪草机,,2012-11-26
763160,hay mower ,牧草收割机,,2012-11-26
763161,grass mower ,割草机,,2012-11-26
763162,front-end mower ,前置式割草机,,2012-11-26
763163,flail mower ,连枷剪草机,,2012-11-26
763164,mower,剪草机,,2012-11-26
763165,side mounted type,侧承载式；旁载式,,2012-11-26
763166,semi-mounted type ,半承载式,,2012-11-26
763167,rear-mounted type ,后承载式,,2012-11-26
763168,front mounted type ,前承载式,,2012-11-26
763169,center mounted type ,中央承载式；中间承载式；腹部承载式,,2012-11-26
763170,mounted type,承载式,,2012-11-26
763171,mounted plow,承载式犁,,2012-11-26
763172,mortar type husker,臼形脱壳机,,2012-11-26
763173,mortar screwing type rice milling machine,臼型螺旋式碾米机,,2012-11-26
763174,mortar pounding type rice milling machine,臼型碾米机,,2012-11-26
763175,mortar husker,脱壳臼,,2012-11-26
763176,mortar,臼,,2012-11-26
763177,monorail,单轨,,2012-11-26
763178,mole plowing,暗沟钻孔,,2012-11-26
763179,mole plow,暗沟钻孔犁,,2012-11-26
763180,mole drainer,暗沟钻孔机,,2012-11-26
763181,mole drain,弹丸暗沟,,2012-11-26
763182,mole ball,弹丸,,2012-11-26
763183,moldboard wing,犁翼,,2012-11-26
763184,moldboard plow,板犁,,2012-11-26
763185,moldboard,犁板；犁鐴,,2012-11-26
763186,moisture tester,水分测定器,,2012-11-26
763187,moisture meter,水分测定器,,2012-11-26
763188,moisture measurement,水分测定,,2012-11-26
763189,moisture determination,水分测定,,2012-11-26
763190,moisture desorption,脱湿；脱水,,2012-11-26
763191,moisture content,含水率；含水量,,2012-11-26
763192,moisture adsorption,吸湿,,2012-11-26
763193,moisture absorption,吸湿,,2012-11-26
763194,modulus of uniformity,均匀系数；均匀模数,,2012-11-26
763195,mobility index,机动性指数,,2012-11-26
763196,mist sprayer,微粒喷雾机,,2012-11-26
763197,mist nozzle,微粒喷嘴,,2012-11-26
763198,mist blower,微粒喷雾机,,2012-11-26
763199,mist blow head,微粒喷头,,2012-11-26
763200,miss-planted rate,缺株率,,2012-11-26
763201,miss-planted point,缺株,,2012-11-26
763202,minimum tillage,最少耕耘,,2012-11-26
763203,milling resistor,碾米阻盖,,2012-11-26
763204,rice milling machine ,碾米机,,2012-11-26
763205,mortar screw type rice milling machine ,臼型螺旋式碾米机,,2012-11-26
763206,mortar pounding type rice milling machine,臼型碾米机,,2012-11-26
763207,grinding type rice milling machine ,研磨式精米机,,2012-11-26
763208,grain milling machine ,碾谷机,,2012-11-26
763209,friction type rice milling machine ,摩擦式碾米机,,2012-11-26
763210,circulating type rice milling machine ,循环式碾米机,,2012-11-26
763211,barley milling machine ,碾[大]麦机,,2012-11-26
763212,abrasive type rice milling machine ,摩擦式碾米机,,2012-11-26
763213,milling machine,碾谷机；精谷机；磨粉机；铣床,,2012-11-26
763214,milling cylinder,碾白圆筒,,2012-11-26
763215,milling chamber,碾白室,,2012-11-26
763216,mill,制造厂；加工厂；轧机；磨粉机,,2012-11-26
763217,milk-powder machine,奶粉制造机,,2012-11-26
763218,milking parlor,挤乳间,,2012-11-26
763219,milking machine,挤乳机,,2012-11-26
763220,pipe milker ,管式挤乳机,,2012-11-26
763221,bucket milker ,桶式挤乳机,,2012-11-26
763222,milker,挤乳机；挤乳者,,2012-11-26
763223,milk pail,挤乳桶,,2012-11-26
763224,milk strainer,滤乳器,,2012-11-26
763225,milk filter,滤乳器,,2012-11-26
763226,milk cooler,牛乳冷却器；冷却贮乳槽,,2012-11-26
763227,milk claw piece,集乳器,,2012-11-26
763228,milk claw,挤乳器,,2012-11-26
763229,milk bucket,集乳桶,,2012-11-26
763230,milk agitator,牛奶搅拌机,,2012-11-26
763231,middle burster,破畦犁；中分犁,,2012-11-26
763232,middle breaker,破畦犁；中分犁,,2012-11-26
763233,mid-mounted,中间承载式,,2012-11-26
763234,microwave heating dryer,微波加热式干燥机,,2012-11-26
763235,metering shutter,计量挡门,,2012-11-26
763236,metering device,计量装置,,2012-11-26
763237,mechanized rearing,机械化饲养,,2012-11-26
763238,mean moisture reduction rate,平均干减率,,2012-11-26
763239,mean drying rate,平均干燥速率,,2012-11-26
763240,mattock,十字镐；鹤嘴,,2012-11-26
763241,mat type seedling,[挿秧机用]苗块,,2012-11-26
763242,master clutch,主离合器,,2012-11-26
763243,marker,划线器,,2012-11-26
763244,manure spreader,堆肥撒布机,,2012-11-26
763246,manure loading box,堆肥箱,,2012-11-26
763247,manure loader,堆肥装载机,,2012-11-26
763248,manure fork,堆肥叉,,2012-11-26
763249,manure conveyor,堆肥运送机,,2012-11-26
763250,manual sprayer,人力喷雾器,,2012-11-26
763251,manual reaper,人力收割机,,2012-11-26
763252,manual duster,手摇撒粉器,,2012-11-26
763253,manual binder,人力捆束收割机,,2012-11-26
763254,manger,饲料槽,,2012-11-26
763255,man-positioner,[果树]作业台,,2012-11-26
763256,maize cribbler,玉米脱粒机,,2012-11-26
763257,maize binder,玉米捆束收割机,,2012-11-26
763258,maintenance and repair operation,维修作业,,2012-11-26
763259,main shaft,主轴,,2012-11-26
763260,main nozzle,主喷嘴,,2012-11-26
763261,main clutch,主离合器,,2012-11-26
763262,magnetic separator,磁选机；磁力分离器,,2012-11-26
763263,lumber elevator,堆材机,,2012-11-26
763264,lug iron,脱粒板,,2012-11-26
763265,lug,耳；凸出部；凸纹,,2012-11-26
763266,lubrication,润滑,,2012-11-26
763267,lubricating oil,润滑油,,2012-11-26
763268,lubricant,润滑剂,,2012-11-26
763269,L-shaped knife,L形耕耘刀,,2012-11-26
763271,lower link,下连杆；底连杆,,2012-11-26
763272,lower feed threshing,下脱式脱粒,,2012-11-26
763273,low volume sprayer,微量喷雾机,,2012-11-26
763274,low volume application,微量撒布,,2012-11-26
763275,low temperature warehouse,低温仓[库],,2012-11-26
763276,lopper,高枝剪,,2012-11-26
763277,loosener,松土器,,2012-11-26
763278,loose baler,松式打包机,,2012-11-26
763279,logger,伐木曳引机；自动记录器,,2012-11-26
763280,loader,装载机,,2012-11-26
763281,load on rear wheel,后轮负载,,2012-11-26
763282,load on front wheel,前轮负载,,2012-11-26
763283,load on driving wheel,驱动轮负载,,2012-11-26
763284,load distribution,负载分布；载重分布,,2012-11-26
763285,load control(=draft control),拖力控制,,2012-11-26
763286,load cell,测力器,,2012-11-26
763288,load and depth control,负载及深度控制；施力及位置控制,,2012-11-26
763289,load,负载；载重,,2012-11-26
763290,litter cleaner,[畜舍]垫料清扫机,,2012-11-26
763291,listing plow,培土犁；作畦犁,,2012-11-26
763292,lister,培土器；作畦器,,2012-11-26
763293,liquified petroleum gas; LPG,液化石油气,,2012-11-26
763294,liquid manure spreader,水肥撒布机,,2012-11-26
763295,liquid manure drill,水肥注入器；水肥条施器,,2012-11-26
763296,liquid fertilizer applicator,液肥施用器,,2012-11-26
763297,linkage drawbar,连杆式拖杆,,2012-11-26
763298,link type drawbar,连杆式拖杆,,2012-11-26
763299,link point,连杆接点,,2012-11-26
763300,link pin,连杆销,,2012-11-26
763301,lining,衬料,,2012-11-26
763302,liner,衬垫；衬套筒,,2012-11-26
763303,line of pull,拉力线,,2012-11-26
763304,line of drafe,拖力线,,2012-11-26
763305,line of action,作用线,,2012-11-26
763306,lime sower,石灰撒布机,,2012-11-26
763307,light trap,诱虫灯,,2012-11-26
763308,lifting arm,提升臂；举臂,,2012-11-26
763309,lifting angle,[犁]耕起角,,2012-11-26
763310,lift rod,提升杆,,2012-11-26
763311,lift head,扬程,,2012-11-26
763312,lift arm,提升臂；举臂,,2012-11-26
763313,lever sprayer,[半自动式]摇杆喷雾器,,2012-11-26
763314,leveling plate,整平板,,2012-11-26
763315,leveling adjustment(link),水平调整杆,,2012-11-26
763316,leveler,整平器,,2012-11-26
763317,levee plastering machine,田埂修涂机,,2012-11-26
763318,ledger plate,下刀片,,2012-11-26
763319,leaf chopper(mulberry),切[桑]叶机,,2012-11-26
763320,layer mixing plowing,混层耕法,,2012-11-26
763321,layer mixing plow,混层犁,,2012-11-26
763322,lawn mower,剪草机,,2012-11-26
763323,landside wheel,[板犁]尾轮,,2012-11-26
763324,landside suction,[板犁]水平吸引；[板犁]水平间隙,,2012-11-26
763325,landside heel,犁踵,,2012-11-26
763326,landside clearance,[板犁]水平间隙,,2012-11-26
763327,landside,犁侧板；地侧板,,2012-11-26
763328,land wheel,接地轮,,2012-11-26
763329,land roller,压土滚轮,,2012-11-26
763330,land plainer,[地面]整平器,,2012-11-26
763331,land leveler,[地面]整平器,,2012-11-26
763332,land-driven,地轮驱动,,2012-11-26
763333,land clearing machine,开垦机,,2012-11-26
763334,labor-saving machine,省工机械,,2012-11-26
763335,knotter bill,绳钩,,2012-11-26
763336,knotter,捆束装置,,2012-11-26
763337,knocking,爆震,,2012-11-26
763338,knock,爆震,,2012-11-26
763339,knife holder,刀把；刀柄,,2012-11-26
763340,knife harrow,割耙,,2012-11-26
763341,knife driving arm,割刀驱动臂,,2012-11-26
763342,knife coulter,刀型切土器；刀型犁刀,,2012-11-26
763343,knife clip,刀夹,,2012-11-26
763344,knife bar,刀杆,,2012-11-26
763345,kneader,捏合机；揉合机,,2012-11-26
763346,knapsack frame,背负架,,2012-11-26
763347,knapsack power duster,背负式动力撒粉机,,2012-11-26
763348,knapsack power applicator,背负式动力撒布机,,2012-11-26
763349,knapsack lever sprayer,[半自动]背负式摇杆喷雾器,,2012-11-26
763350,knapsack,背负式,,2012-11-26
763351,king-pin angle,大王销倾斜角,,2012-11-26
763352,king-pin inclination,大王销倾斜角,,2012-11-26
763353,kerosene engine,煤油引擎,,2012-11-26
763354,kerosene,煤油,,2012-11-26
763355,disk jointer ,圆盘副犁,,2012-11-26
763356,jointer,副犁；前犁,,2012-11-26
763358,jet pump,喷射泵,,2012-11-26
763359,jet coefficient,喷射系数,,2012-11-26
763360,jaw clutch,颚夹式离合器,,2012-11-26
763361,Japanese plow with-out sole,日式无底犁,,2012-11-26
763362,Japanese plow with short sole,日式短底犁,,2012-11-26
763363,Japanese plow with long sole,日式长底犁,,2012-11-26
763364,Japanese plow with jointer,日式二段犁,,2012-11-26
763365,Japanese ordinary plow,日式单用犁,,2012-11-26
763366,Japanese Industrial Standard; JIS,日本工业标准,,2012-11-26
763368,irrigation and drainage,灌溉与排水,,2012-11-26
763369,intrarow spacing,行距,,2012-11-26
763370,interstice silo,圆筒副仓,,2012-11-26
763371,interrow spacing,行距,,2012-11-26
763372,international system of units; SI,国际单位系统,,2012-11-26
763373,International Organization for Standardization; ISO,国际标准组织,,2012-11-26
763374,internal combustion engine,内燃机,,2012-11-26
763375,intermittent drying,间歇干燥,,2012-11-26
763376,intermitted plowing,间断犁法；间隔耕法,,2012-11-26
763377,intermediate shaft,中间轴,,2012-11-26
763378,interchangeability,互换性,,2012-11-26
763379,integral,承载式,,2012-11-26
763380,intake stroke,进气冲程,,2012-11-26
763381,insulator,绝缘体,,2012-11-26
763382,instrument,仪器；器具,,2012-11-26
763383,insect trap,捕虫器,,2012-11-26
763384,insect pest,害虫,,2012-11-26
763385,injurious bird control equipment,防鸟设备,,2012-11-26
763386,injurious animal control equipment,防兽设备,,2012-11-26
763387,injector,喷射器,,2012-11-26
763388,injection pressure,喷射压力,,2012-11-26
763389,injection nozzle,喷嘴,,2012-11-26
763390,initial moisture content,初期含水率,,2012-11-26
763391,in-furrow plowing,沿沟犁耕,,2012-11-26
763392,infrared heating type moisture meter,红外线水分测定器,,2012-11-26
763393,infrared heating dryer,红外线加热式干燥机,,2012-11-26
763394,inflation pressure,充气压力；轮胎压力,,2012-11-26
763395,inflation,充气；膨胀,,2012-11-26
763396,industrial tractor,工业用曳引机,,2012-11-26
763397,indirect moisture determination method,间接式水分测定法,,2012-11-26
763398,indirect-fired drying,间接火干燥,,2012-11-26
763399,indicated horsepower; IHP,指示马力,,2012-11-26
763400,independent PTO,独立式动力分导装置,,2012-11-26
763401,indent separator,锯齿状分离器,,2012-11-26
763402,incubator,恒温恒湿器；孵卵器,,2012-11-26
763403,increment of cut,切割节距,,2012-11-26
763404,inclined sieve,斜面筛,,2012-11-26
763405,inclined screen,斜面筛,,2012-11-26
763406,incinerator,焚化炉,,2012-11-26
763407,impulsion type husker,冲击式脱壳机；冲击式脱荚机,,2012-11-26
763408,implement for puddling,水田碎土整平器,,2012-11-26
763409,implement for pulverizing,碎土机具,,2012-11-26
763410,implement,农具,,2012-11-26
763411,impeller blower,动叶轮鼓风机,,2012-11-26
763412,impeller,动叶轮,,2012-11-26
763413,impact mill,冲击式磨粉机,,2012-11-26
763414,impact husking,冲击式脱壳；冲击式脱荚,,2012-11-26
763415,impact husker,冲击式脱壳机；冲击式脱荚机,,2012-11-26
763416,immersion type cooling,浸水式冷却,,2012-11-26
763417,imaginary hitch point,假想连接点,,2012-11-26
763419,ignition timing,点火正时,,2012-11-26
763420,idle sprocket,惰链轮,,2012-11-26
763421,idler,惰轮,,2012-11-26
763422,hydrostatic transmission; HST,液静压动力传动,,2012-11-26
763423,hydrostatic steering system,液体静压转向系统,,2012-11-26
763424,hydrostatic drive system,液体静压驱动系统,,2012-11-26
763425,hydrostatic brake,液体静力煞车,,2012-11-26
763426,hydroponic culture system,水耕栽培系统,,2012-11-26
763427,hydrometer,液体比重计,,2012-11-26
763428,hydrodynamic transmission,液动力传动,,2012-11-26
763429,hydro cooler,水冷式冷却装置,,2012-11-26
763430,hydraulic torque converter,液压扭矩变速器,,2012-11-26
763431,hydraulic system: open center,中位开放式液压系统,,2012-11-26
763432,hydraulic system: closed center,中位关闭式液压系统,,2012-11-26
763433,hydraulic system,液压系统,,2012-11-26
763434,hydraulic separator,水力分离机,,2012-11-26
763435,hydraulic remote control,液压遥控,,2012-11-26
763436,hydraulic ram,冲击抽水机；液压顶杆；液压缸,,2012-11-26
763437,hydraulic pump,液压泵,,2012-11-26
763438,hydraulic pressure,液压,,2012-11-26
763439,hydraulic power,液压动力；水力,,2012-11-26
763440,hydraulic motor,液压马达,,2012-11-26
763441,hydraulic machinery,液压机械；水力机械,,2012-11-26
763442,hydraulic linkage,液压连杆,,2012-11-26
763443,hydraulic lift capacity,液压举升能力；液压提升能力,,2012-11-26
763444,hydraulic fluid,液压油,,2012-11-26
763445,hydraulic cylinder,液压缸,,2012-11-26
763446,hydraulic control valve,液压控制阀,,2012-11-26
763447,hydraulic control system,液压控制系统,,2012-11-26
763448,hydraulic control lever,液压控制杆,,2012-11-26
763449,hydraulic clutch,液压离合器,,2012-11-26
763450,hydraulic brake,液压煞车；水力测功器,,2012-11-26
763451,husking rubber plate,脱壳橡胶板；脱荚橡胶板,,2012-11-26
763452,husking ratio,脱壳率；脱荚率,,2012-11-26
763453,husking property,脱壳特性；脱荚特性,,2012-11-26
763454,husking capacity,脱壳能量；脱荚能量,,2012-11-26
763455,semi-automatic husker ,半自动式脱壳机,,2012-11-26
763457,rice husker ,砻谷机,,2012-11-26
763458,mortar type husker,臼形脱壳机,,2012-11-26
763459,mortar husker ,脱壳臼,,2012-11-26
763460,impulsion type husker,冲击式脱壳机；冲击式脱荚机,,2012-11-26
763461,impact husker ,冲击式脱壳机；冲击式脱荚机,,2012-11-26
763463,corn husker  ,玉米去苞叶机,,2012-11-26
763464,automatic husker ,自动脱壳机；自动脱荚机,,2012-11-26
763465,husker,脱壳机；砻谷机,,2012-11-26
763466,husked rice,糙米,,2012-11-26
763467,husked ratio,脱壳率； 脱荚率,,2012-11-26
763468,husk oven,谷壳炉,,2012-11-26
763469,husk outlet,谷壳出口,,2012-11-26
763470,husk furnace,谷壳燃烧炉,,2012-11-26
763471,humidity chart,湿度图,,2012-11-26
763472,humidity,湿度,,2012-11-26
763473,huller,脱壳机；脱荚机；砻谷机,,2012-11-26
763474,hulled rice,糙米,,2012-11-26
763475,hulled ratio,脱壳率； 脱荚率,,2012-11-26
763477,rated horsepower ,额定马力,,2012-11-26
763478,PTO shaft horsepower ,动力分导马力,,2012-11-26
763479,net horsepower,净马力,,2012-11-26
763480,friction horsepower ,摩擦马力,,2012-11-26
763481,flywheel horsepower,飞轮马力,,2012-11-26
763484,belt horsepower ,皮带马力,,2012-11-26
763485,HP(=horsepower; H.P.),马力,,2012-11-26
763486,hot water heating,热水加热,,2012-11-26
763487,hot water heater,热水加热器,,2012-11-26
763488,hot air heating,热风加热,,2012-11-26
763489,hot air heater,热风加热器,,2012-11-26
763490,hot air dryer,热风干燥机,,2012-11-26
763491,horsepower(=HP;hp; H.P.),马力,,2012-11-26
763492,horse plow,畜力犁,,2012-11-26
763493,horizontal suction,水平吸引,,2012-11-26
763494,horizontal sieve,水平筛,,2012-11-26
763495,horizontal hitch adjuster,[犁]耕宽调整,,2012-11-26
763496,horizontal hitch,水平连接,,2012-11-26
763497,seed hopper ,种子箱,,2012-11-26
763498,hopper type forage blower,漏斗式青铜饲料吹送机,,2012-11-26
763499,hopper scale,盛斗刻度；盛斗磅称,,2012-11-26
763500,hopper monitor,盛斗存量侦测器,,2012-11-26
763501,grain hopper ,谷斗,,2012-11-26
763503,hopper,漏斗；盛斗箱,,2012-11-26
763504,hook,钩,,2012-11-26
763505,hoof trimming machine,削蹄机,,2012-11-26
763506,honey extractor,采蜜机,,2012-11-26
763507,holder type transplanter,夹苗式移植机,,2012-11-26
763508,holder,夹持具；柄； [移植机]夹苗器,,2012-11-26
763509,hoist,吊重器；吊车；吊挂,,2012-11-26
763510,hoeing implement for paddy field,水田中耕除草机,,2012-11-26
763511,wooden base hoe ,木锄,,2012-11-26
763512,wheel hoe ,轮式耕耘锄,,2012-11-26
763513,rotary hoe ,回转锄,,2012-11-26
763514,reclamating hoe ,开垦锄,,2012-11-26
763515,hoe scraper,锄形刮土板,,2012-11-26
763516,hoe furrow opener,锄形开沟器,,2012-11-26
763517,hoe coulter,锄型切土器,,2012-11-26
763518,hoe blade,锄形耕耘刀,,2012-11-26
763519,digger hoe ,挖掘锄,,2012-11-26
763520,cultivating hoe ,中耕锄,,2012-11-26
763521,back hoe ,挖土机,,2012-11-26
763522,hoe,锄,,2012-11-26
763523,hitch point,连接点,,2012-11-26
763524,hitch pin,连接销,,2012-11-26
763525,hitch,连接,,2012-11-26
763526,hillside tractor,坡地曳引机,,2012-11-26
763527,hillside plow,坡地犁,,2012-11-26
763528,hillside combine,坡地联合收获机,,2012-11-26
763529,hilling,培土,,2012-11-26
763530,hiller,培土器,,2012-11-26
763531,hill space within row,株间,,2012-11-26
763532,hill dropping hole borer,开穴轮；点播掘穴机,,2012-11-26
763533,hill drop planter,点播机,,2012-11-26
763534,high volume application,多量施用；多量撒布,,2012-11-26
763535,high speed bottom plow,高速板犁,,2012-11-26
763536,high-lug tire,高凸纹轮胎；高阻耳轮胎,,2012-11-26
763537,high-clearance tractor,高架式曳引机,,2012-11-26
763538,herbicide applicator,杀草剂施用机,,2012-11-26
763539,helicopter sower,直升机用撒播机,,2012-11-26
763540,helicopter duster,直升机用撒粉机,,2012-11-26
763541,helicoidal moldboard,螺状犁鐴,,2012-11-26
763542,heel,犁踵,,2012-11-26
763543,heavy duty plow,深耕犁,,2012-11-26
763544,heavy duty machine,重机械；重型机械,,2012-11-26
763545,heavy duty disk harrow,重型圆盘耙,,2012-11-26
763546,heater,加热器；暖炉,,2012-11-26
763547,heated-air drying,热风干燥,,2012-11-26
763548,heated-air dryer,热风式干燥机,,2012-11-26
763549,heat value of fuel,燃料热值,,2012-11-26
763550,heat pump,热泵,,2012-11-26
763551,heat exchanger,热交换器,,2012-11-26
763552,header width,收割部宽度,,2012-11-26
763553,header auger,收割部螺旋,,2012-11-26
763554,header,割取装置；割取部,,2012-11-26
763555,head-feeding combine,进穗式联合收获机；自脱型联合收获机,,2012-11-26
763556,head yield,整粒米率,,2012-11-26
763557,head loss,割取部损失,,2012-11-26
763558,head land,头地；田头,,2012-11-26
763559,hay tedder,摊草机,,2012-11-26
763560,hay stacker,堆草机,,2012-11-26
763561,hay rake,牧草耙,,2012-11-26
763562,hay rack,草架,,2012-11-26
763563,hay press,牧草挤压装置,,2012-11-26
763564,hay-pellet,干草粒,,2012-11-26
763565,hay mower,牧草收割机,,2012-11-26
763566,hay maker,牧草摊晒机,,2012-11-26
763567,hay loader,牧草装载机,,2012-11-26
763568,hay fork,草叉,,2012-11-26
763569,hay elevator,牧草升运机,,2012-11-26
763570,hay dryer,牧草干燥机,,2012-11-26
763571,hay cuber,干草制块机,,2012-11-26
763572,hay-cube,干草块,,2012-11-26
763573,hay crusher,干草压裂机,,2012-11-26
763574,hay conditioning,牧草处理,,2012-11-26
763575,hay conditioner,牧草处理机；牧草压裂机,,2012-11-26
763576,hay collector,集草机,,2012-11-26
763577,hay carrier,牧草搬运机；牧草搬运车,,2012-11-26
763578,hay baler,牧草打包机,,2012-11-26
763579,haulm separator,茎叶分离器,,2012-11-26
763580,hatchet,小斧,,2012-11-26
763581,harvesting machine,收获机械,,2012-11-26
763582,sweet potato harvester ,甘薯收获机,,2012-11-26
763583,sugar cane harvester ,甘蔗采收机,,2012-11-26
763584,sugar beet harvester ,甜菜收获机,,2012-11-26
763585,root harvester ,根类收获机；根菜收获机,,2012-11-26
763586,radish harvester ,萝卜收获机,,2012-11-26
763587,processing tomato harvester ,加工用番茄收获机,,2012-11-26
763588,potato harvester ,马铃薯收获机,,2012-11-26
763589,peanut harvester ,落花生收获机,,2012-11-26
763590,onion harvester ,洋葱收获机,,2012-11-26
763591,harvester aid,收获辅助装置,,2012-11-26
763592,green pea harvester,豌豆收获机,,2012-11-26
763593,grain harvester ,谷物收获机,,2012-11-26
763594,forage harvester ,青饲料收获机,,2012-11-26
763595,forage corn harvester,青割玉米收获机,,2012-11-26
763596,flail type forage harvester,连枷式青饲料收获机,,2012-11-26
763597,double chop forage harvester ,双切式青饲料收获机,,2012-11-26
763598,cylinder type forage harvester ,圆筒式青饲料收获机,,2012-11-26
763599,corn harvester ,玉米收获机,,2012-11-26
763600,cocoon harvester ,收茧机,,2012-11-26
763601,carrot harvester ,胡萝卜收获机,,2012-11-26
763602,cabbage harvester ,甘蓝收获机,,2012-11-26
763603,bulb harvester ,球根收获机,,2012-11-26
763604,beet harvester ,甜菜收获机,,2012-11-26
763605,bean harvester ,豆类收获机,,2012-11-26
763606,harvester,收获机,,2012-11-26
763607,harvest loss,收获损失,,2012-11-26
763608,harrowing effect,碎土效果,,2012-11-26
763609,zigzag harrow ,交错形耙,,2012-11-26
763610,two-way harrow ,双向耙,,2012-11-26
763611,tine harrow ,钉齿耙,,2012-11-26
763612,tandem harrow ,串列式耙,,2012-11-26
763613,S-shaped harrow ,S形耙,,2012-11-26
763614,square harrow ,方形耙,,2012-11-26
763615,spring tooth harrow ,弹簧齿耙,,2012-11-26
763616,spike tooth harrow ,钉齿耙,,2012-11-26
763617,spade harrow ,铲耙,,2012-11-26
763618,single-acting disk harrow ,单列式圆盘耙,,2012-11-26
763619,power harrow ,动力耙,,2012-11-26
763620,plank harrow ,板耙,,2012-11-26
763621,peg-tooth harrow,齿杆耙,,2012-11-26
763622,pasture harrow ,牧草耙,,2012-11-26
763623,one-way harrow ,单向耙,,2012-11-26
763624,offset harrow ,偏置耙,,2012-11-26
763625,narrow disk harrow ,[果园用]窄行圆盘耙,,2012-11-26
763626,knife harrow ,割耙,,2012-11-26
763627,heavy duty disk harrow,重型圆盘耙,,2012-11-26
763629,grassland harrow,草地耙,,2012-11-26
763630,fold-over harrow,折叠式耙,,2012-11-26
763631,flexible harrow ,挠性耙,,2012-11-26
763632,disk harrow ,圆盘耙；碟耙,,2012-11-26
763633,curved knife-tooth harrow ,弯刀齿耙,,2012-11-26
763634,comb harrow ,手耙,,2012-11-26
763635,chain harrow ,链耙,,2012-11-26
763636,bush harrow ,草丛耙,,2012-11-26
763637,break harrow ,碎土耙,,2012-11-26
763638,blade harrow ,割耙,,2012-11-26
763639,alfalfa harrow ,苜蓿耙,,2012-11-26
763640,Acme harrow ,艾克姆耙,,2012-11-26
763641,A-harrow ,A型耙,,2012-11-26
763642,harrow,耙,,2012-11-26
763643,hanging hand duster,前挂式人力撒粉机,,2012-11-26
763644,hand sprayer,人力喷雾机,,2012-11-26
763645,hand push cutter,手推式切草机,,2012-11-26
763646,hand duster,人力撒粉机,,2012-11-26
763647,hand brake,手煞车,,2012-11-26
763648,hammer mill,锤碎机,,2012-11-26
763649,half-track,半履带,,2012-11-26
763650,hack saw,弓锯,,2012-11-26
763651,gyratory sifter,回转筛,,2012-11-26
763652,gutter cleaner,畜舍清扫机,,2012-11-26
763653,gunny bag,麻袋,,2012-11-26
763654,gun nozzle,喷枪； 喷头,,2012-11-26
763655,guide wheel,导轮,,2012-11-26
763656,guide plate,导板,,2012-11-26
763657,guard,防护罩；限程件,,2012-11-26
763658,ground speed PTO,地面速率动力分导装置,,2012-11-26
763659,ground driving,接地轮驱动,,2012-11-26
763660,ground contact width,接地宽度,,2012-11-26
763661,ground contact pressure,接地压力,,2012-11-26
763662,ground contact length,接地长度,,2012-11-26
763663,ground contact area,接地面积,,2012-11-26
763664,ground clearance,离地间隙；地面距离；离地净空,,2012-11-26
763665,ground application,地面撒布,,2012-11-26
763666,gross vehicle weight,车辆总重,,2012-11-26
763667,grist mill,谷物磨粉机,,2012-11-26
763668,grinding type rice milling machine,研磨式精米机,,2012-11-26
763669,grinder,磨碎机；磨臼,,2012-11-26
763670,greenhouse culture,温室栽培,,2012-11-26
763671,greenhouse,温室,,2012-11-26
763672,green pea harvester,豌豆收获机,,2012-11-26
763673,green leaf storage apparatus,茶菁储藏装置,,2012-11-26
763674,gravity drop,重力落下,,2012-11-26
763675,gravity chute,重力式滑板,,2012-11-26
763676,gravel culture,砾耕,,2012-11-26
763677,grassland harrow,草地耙,,2012-11-26
763678,grass mower,割草机,,2012-11-26
763679,grass dryer,牧草干燥机,,2012-11-26
763680,grass divider,分草器；扶拨器,,2012-11-26
763681,granule blow head,撒粒喷头,,2012-11-26
763682,granule applicator,撒粒机,,2012-11-26
763683,granular spreader,粒剂撒布机,,2012-11-26
763684,grain warehouse,谷仓,,2012-11-26
763685,grain unloading auger,卸谷螺旋,,2012-11-26
763686,grain unloader,卸谷机,,2012-11-26
763687,grain thresher,谷物脱粒机,,2012-11-26
763688,grain tank,谷箱,,2012-11-26
763689,grain storage silo,谷物圆筒仓,,2012-11-26
763690,grain storage by aeration,谷物通风储藏,,2012-11-26
763691,grain storage box,储谷箱,,2012-11-26
763692,grain storage,谷物储藏,,2012-11-26
763693,grain sorting machine,选谷机,,2012-11-26
763694,grain silo,谷物圆筒仓,,2012-11-26
763695,grain sieve,谷筛,,2012-11-26
763696,grain separator,谷粒选别机,,2012-11-26
763697,grain screen,谷筛,,2012-11-26
763698,grain sack,谷袋,,2012-11-26
763699,grain return pan,谷粒回送盘,,2012-11-26
763700,grain pan,承谷盘；谷粒盘,,2012-11-26
763701,grain milling machine,碾谷机,,2012-11-26
763702,grain mill,碾谷厂；碾谷机；磨粉机,,2012-11-26
763703,grain loss,谷粒损失,,2012-11-26
763704,grain leveling auger,匀谷螺旋,,2012-11-26
763705,grain hopper,谷斗,,2012-11-26
763706,grain header,割穗部,,2012-11-26
763707,grain harvester,谷物收获机,,2012-11-26
763708,grain flow plate,谷量控制板,,2012-11-26
763709,grain feed rate,谷粒进给率,,2012-11-26
763710,grain elevator,谷仓；谷物升运机,,2012-11-26
763711,grain drying and storage facility,谷类干燥储藏设施,,2012-11-26
763712,grain dryer,谷物干燥机,,2012-11-26
763713,grain drill,谷类条播机,,2012-11-26
763714,grain damage,谷粒损伤,,2012-11-26
763715,grain bin,谷仓,,2012-11-26
763716,grain bag,谷袋,,2012-11-26
763717,grain auger,谷粒螺旋运送机,,2012-11-26
763718,grading machine,分级机,,2012-11-26
763719,grading,分级；平土,,2012-11-26
763720,gradient resistance,梯度阻力,,2012-11-26
763721,grader,分级机；平土机,,2012-11-26
763722,grade in deposit standard,标准附著指标；标准附著度,,2012-11-26
763723,glasshouse,[玻璃]温室,,2012-11-26
763724,general purpose tractor,通用型曳引机,,2012-11-26
763725,general purpose,通用,,2012-11-26
763726,gear type transmission,齿轮式传动,,2012-11-26
763727,gauge wheel(=gage wheel),深度调节轮；导轮,,2012-11-26
763728,gathering width,割宽；收集宽度,,2012-11-26
763729,gathering unit,收集装置,,2012-11-26
763730,gathering plowing,内转耕法,,2012-11-26
763731,gathering loss,收集损失,,2012-11-26
763732,gasoline engine,汽油引擎,,2012-11-26
763733,gasoline,汽油,,2012-11-26
763734,gas tight silo,气密式圆筒仓,,2012-11-26
763735,gas fertilizer injector,气态肥料注入机,,2012-11-26
763736,garden tractor,园圃曳引机,,2012-11-26
763737,gang plow,群犁,,2012-11-26
763738,gang disk plow,圆盘群犁；碟群犁,,2012-11-26
763739,gang angle,圆盘群角；碟群角,,2012-11-26
763740,gage wheel,深度调节轮；导轮,,2012-11-26
763741,furrower,开沟器；作畦器；培土器,,2012-11-26
763742,furrow wheel,犁沟轮,,2012-11-26
763743,furrow wall,犁沟壁,,2012-11-26
763744,furrow slice,犁翻土条,,2012-11-26
763745,furrow opener,开沟器,,2012-11-26
763746,furrow irrigation,沟灌,,2012-11-26
763747,furrow ditch,犁沟,,2012-11-26
763748,furrow bottom,犁沟底,,2012-11-26
763749,furrow,犁沟；畦沟,,2012-11-26
763750,furnace,炉,,2012-11-26
763751,fumigation blow head,薰蒸喷头,,2012-11-26
763752,fumigation apparatus,薰蒸装置,,2012-11-26
763753,fumigation,薰蒸,,2012-11-26
763754,full load efficiency,全负荷效率；满载效率,,2012-11-26
763755,fuel injector,燃料喷射器；喷油器,,2012-11-26
763756,fuel injection pump,燃料喷射泵；喷油泵,,2012-11-26
763757,fuel control lever,燃料控制杆,,2012-11-26
763758,fuel consumption,燃料消耗量；耗油量,,2012-11-26
763759,fruit washer,洗果机；水果清洗机,,2012-11-26
763760,fruit seeder,水果去核机,,2012-11-26
763761,fruit press,搾果汁机,,2012-11-26
763762,fruit pick-up machine,捡果机,,2012-11-26
763763,fruit picker,采果机,,2012-11-26
763764,fruit peeler,水果削皮机；水果削皮器,,2012-11-26
763765,fruit juice filter,果汁过滤机；果汁过滤器,,2012-11-26
763766,fruit grader,水果分级机,,2012-11-26
763767,fruit cutter,切果机,,2012-11-26
763768,fruit crusher,碎果机,,2012-11-26
763769,fruit collector,水果收集器,,2012-11-26
763770,frost protection equipment,防霜设备,,2012-11-26
763771,frost oil heater,防霜油炉,,2012-11-26
763772,frost alarm indicator,降霜警示器,,2012-11-26
763773,front-end mower,前置式割草机,,2012-11-26
763774,front-end loader,[曳引机]前置式装载斗,,2012-11-26
763775,front wheel weight,前轮配重,,2012-11-26
763776,front wheel drive,前轮驱动,,2012-11-26
763777,front mounted type,前承载式,,2012-11-26
763778,front hitch,前端连接,,2012-11-26
763779,front frame weight,前端配重,,2012-11-26
763780,front axle extension,前轮轴延伸,,2012-11-26
763781,front axle beam,前轮轴梁,,2012-11-26
763782,front axle,前轮轴,,2012-11-26
763783,frog,[板犁]结合板,,2012-11-26
763784,friction husking,摩擦脱壳,,2012-11-26
763786,friction rice pearling machine,摩擦式精米机,,2012-11-26
763787,friction horsepower,摩擦马力,,2012-11-26
763788,friction clutch,摩擦离合器,,2012-11-26
763789,freezing storage,冷冻储藏,,2012-11-26
763790,freezing rate,冷冻速率；冻结速率,,2012-11-26
763791,freeze drying,冷冻干燥,,2012-11-26
763792,freeze dryer,冷冻干燥机,,2012-11-26
763793,free water,自由水,,2012-11-26
763794,free moisture,自由水分,,2012-11-26
763795,four-wheel tractor,四轮曳引机,,2012-11-26
763796,four-wheel drive tractor,四轮驱动式曳引机,,2012-11-26
763798,forklift truck,堆高车,,2012-11-26
763799,fork lift,堆高机,,2012-11-26
763800,fork,[草]叉,,2012-11-26
763801,foreign matter,夹杂物,,2012-11-26
763802,forced ventilation,强制通风,,2012-11-26
763803,forced lubrication,强制润滑,,2012-11-26
763804,forced circulation system,强制循环系统,,2012-11-26
763805,forced air drying,强制通风干燥,,2012-11-26
763806,forced air cooling,强制气冷,,2012-11-26
763807,forage wagon,青饲料搬运车,,2012-11-26
763808,forage harvester,青饲料收获机,,2012-11-26
763809,forage cutter,青饲料切断机,,2012-11-26
763810,forage corn harvester,青割玉米收获机,,2012-11-26
763811,forage blower,青饲料吹送机,,2012-11-26
763812,foot valve,底阀,,2012-11-26
763813,foot throttle,脚油门,,2012-11-26
763814,foot thresher,脚踏式脱粒机,,2012-11-26
763815,foot brake,脚踏煞车,,2012-11-26
763816,fold-over harrow,折叠式耙,,2012-11-26
763817,fog machine,烟雾机,,2012-11-26
763818,fog generator,烟雾机,,2012-11-26
763819,fog blow head,烟雾喷头,,2012-11-26
763820,flywheel horsepower,飞轮马力,,2012-11-26
763821,flywheel,飞轮,,2012-11-26
763822,fluidized bed dryer,浮动层干燥机,,2012-11-26
763823,fluid coupling,液体联结器,,2012-11-26
763824,flower rotor,花形轮,,2012-11-26
763825,flow velocity,流速,,2012-11-26
763826,flow coefficient,流量系数,,2012-11-26
763827,flour mixer,面粉混合机,,2012-11-26
763828,flour mill,面粉厂；磨面粉机,,2012-11-26
763829,flour kneader,揉面机,,2012-11-26
763830,flour box,[面]粉箱,,2012-11-26
763831,floss remover cocooning frame,抽丝装置,,2012-11-26
763832,flood type cooling,溢水式冷却,,2012-11-26
763833,flood irrigation,漫灌；淹灌,,2012-11-26
763834,floating hill,浮苗,,2012-11-26
763835,floating control,浮动控制,,2012-11-26
763836,floatation(=flotation),浮选法,,2012-11-26
763837,float-lug extension wheel,防滑轮,,2012-11-26
763838,float,浮筒；浮标,,2012-11-26
763839,flight conveyor,梯板运送机,,2012-11-26
763840,flexible tine cultivator,挠性齿杆中耕器,,2012-11-26
763841,flexible harrow,挠性耙,,2012-11-26
763842,flax puller,拔麻机,,2012-11-26
763843,flax-breaking machine,揉麻机,,2012-11-26
763844,flatbreaking,平面耕耘,,2012-11-26
763845,flat screen,平面筛,,2012-11-26
763846,flat roller,滑面滚轮,,2012-11-26
763847,flame weeder,火焰除草机,,2012-11-26
763848,flame sprayer,喷火器,,2012-11-26
763849,flame cultivator,火焰除草机,,2012-11-26
763850,flail type forage harvester,连枷式青饲料收获机,,2012-11-26
763851,flail mower,连枷剪草机,,2012-11-26
763852,flail chopper,连枷切断机,,2012-11-26
763853,flail chain,[堆肥撒面机]连枷链条,,2012-11-26
763854,flail,连枷,,2012-11-26
763855,fixed tooth,[脱粒筒]固定齿,,2012-11-26
763856,fixed sprinkling equipment,定置式喷洒设备,,2012-11-26
763857,fixed drawbar,固定式拖杆,,2012-11-26
763858,finger-wheel rake,指轮式草耙,,2012-11-26
763859,finger wheel,指轮,,2012-11-26
763860,finger weeder,指状除草机,,2012-11-26
763861,finger bar,护刃杆,,2012-11-26
763862,finger,护刃器,,2012-11-26
763863,fineness modulus,细度系数,,2012-11-26
763864,final tea roller,茶叶精揉机,,2012-11-26
763865,final moisture content,最后含水率,,2012-11-26
763866,final drive gear,最后减速齿轮装置,,2012-11-26
763867,final drive,最后驱动；最后减速齿轮装置,,2012-11-26
763868,field efficiency,田间作业效率,,2012-11-26
763869,field drying,田间干燥,,2012-11-26
763870,field curing,田间干燥调制,,2012-11-26
763871,field chopper,田间切断机,,2012-11-26
763872,field capacity,田间作业能量,,2012-11-26
763873,fertilizer spreader,肥料撒布机,,2012-11-26
763874,fertilizer mixer,肥料混合机,,2012-11-26
763875,fertilizer hopper,肥料箱；肥料斗,,2012-11-26
763876,fertilizer granulating machine,肥料制粒机,,2012-11-26
763877,fertilizer drill,肥料条施机,,2012-11-26
763878,fertilizer distributor,肥料撒布机,,2012-11-26
763879,fertilizer crasher,肥料打碎机,,2012-11-26
763880,fertilizer breaker,肥料打碎机,,2012-11-26
763881,fender,挡板；挡泥板,,2012-11-26
763882,feeler wheel,触轮,,2012-11-26
763883,feeding truck,进给台车,,2012-11-26
763884,feeding table,进给台,,2012-11-26
763885,feeding roll,进给滚子,,2012-11-26
763886,feeding inlet,进给口,,2012-11-26
763887,feeding funnel,进给漏斗,,2012-11-26
763888,feeding disk,[种植机]进给圆盘,,2012-11-26
763889,feeding device,进给装置,,2012-11-26
763890,feeding depth adjusting lever,[联合收获机]脱粒深度调节杆,,2012-11-26
763891,poultry feeder ,家禽喂饲器,,2012-11-26
763892,feeder conveyor,进给运送机,,2012-11-26
763894,calf feeder ,小牛喂料器,,2012-11-26
763895,automatic poultry feeder ,家禽自动喂饲机,,2012-11-26
763896,automatic feeder ,自动进给装置,,2012-11-26
763897,feeder,进给器；给料器,,2012-11-26
763898,feed trolley,饲料吊运机,,2012-11-26
763899,feed roll governor,进给滚子调节装置,,2012-11-26
763900,feed roll,进给滚子；进给辊,,2012-11-26
763901,feed regulator,进给量调节器,,2012-11-26
763902,feed rate,进给率,,2012-11-26
763903,feed pump,供油泵；给水泵,,2012-11-26
763904,feed mixer,饲料混合机,,2012-11-26
763905,feed meter,进料量调节器,,2012-11-26
763906,feed grinder,饲料粉碎机,,2012-11-26
763907,feed conveyer,饲料运送机,,2012-11-26
763908,feed cleaner,饲料精选机,,2012-11-26
763909,feed chain,进料链；饲料供给链,,2012-11-26
763910,feed carrier,饲料搬运车,,2012-11-26
763911,feed barrow,饲料推车,,2012-11-26
763912,farm wagon,农用搬运车,,2012-11-26
763913,farm transport equipment,农用搬运设备,,2012-11-26
763914,farm tractor,农用曳引机,,2012-11-26
763915,farm power,农业动力,,2012-11-26
763916,farm motor,农用电动机；农用马达,,2012-11-26
763917,farm mechanization,农业机械化,,2012-11-26
763918,farm machinery and implements,农机具,,2012-11-26
763919,farm machinery,农业机械,,2012-11-26
763920,farm implement,农具,,2012-11-26
763921,farm equipment,农用设备； 农机具,,2012-11-26
763922,farm engine,农用引擎,,2012-11-26
763923,fan ventilation,强制通风,,2012-11-26
763924,fan,风扇,,2012-11-26
763925,falling rate period of drying,减率干燥期,,2012-11-26
763926,falling drying rate period,减率干燥期,,2012-11-26
763927,eyelet-hose irrigation,滴水管路灌溉,,2012-11-26
763928,extension wheel,延伸轮,,2012-11-26
763929,extension rim,延伸钢圈,,2012-11-26
763930,explosion stroke,爆发冲程；动力冲程,,2012-11-26
763931,explosion scarecrow,爆音惊鸟器,,2012-11-26
763932,expansion valve,膨胀阀,,2012-11-26
763933,exhaust stroke,排气冲程,,2012-11-26
763934,evaporator,蒸发器,,2012-11-26
763935,evaporative cooling,蒸发冷却,,2012-11-26
763936,eradicator,除草机,,2012-11-26
763937,equilibrium relative humidity,平衡相对湿度,,2012-11-26
763938,equilibrium moisture content,平衡含水量；平衡含水率,,2012-11-26
763939,epicyclic gear train,行星齿轮系；周转齿轮系,,2012-11-26
763940,ensilage machine,青贮饲料机械,,2012-11-26
763941,ensilage cutter,青贮饲料切刀,,2012-11-26
763942,water-cooled engine ,水冷式引擎,,2012-11-26
763943,two-stroke cycle engine ,二冲程引擎,,2012-11-26
763944,single cylinder engine ,单缸引擎,,2012-11-26
763945,kerosene engine ,煤油引擎,,2012-11-26
763946,internal combustion engine,内燃机,,2012-11-26
763947,gasoline engine,汽油引擎,,2012-11-26
763948,four-stroke cycle engine,四冲程引擎,,2012-11-26
763949,farm engine ,农用引擎,,2012-11-26
763950,engine speed control lever,引擎转速控制杆,,2012-11-26
763951,engine speed,引擎转速,,2012-11-26
763952,engine output,引擎出力,,2012-11-26
763953,engine firing order,引擎点火顺序,,2012-11-26
763954,engine displacement,引擎排气量,,2012-11-26
763955,engine clutch,主离合器,,2012-11-26
763956,engine block,引擎体,,2012-11-26
763957,Diesel engine ,柴油引擎,,2012-11-26
763958,air-cooled engine ,气冷式引擎,,2012-11-26
763959,engine,引擎；发动机,,2012-11-26
763960,endways transported hitch,端点运输连接,,2012-11-26
763961,endless belt,环带,,2012-11-26
763962,emergency brake,紧急煞车,,2012-11-26
763963,tailings elevator ,残穗升运机,,2012-11-26
763964,portable elevator ,移动式升运机,,2012-11-26
763965,lumber elevator ,堆材机,,2012-11-26
763966,hay elevator ,牧草升运机,,2012-11-26
763967,grain elevator ,谷仓；谷物升运机,,2012-11-26
763968,elevator type potato digger,升运式马铃薯挖掘机,,2012-11-26
763969,elevator bucket,升运斗,,2012-11-26
763970,country elevator,乡村谷仓；乡村谷物中心,,2012-11-26
763971,clean grain elevator ,净谷升运器,,2012-11-26
763972,chain elevator ,链式升运机,,2012-11-26
763973,bucket elevator ,箕斗升运机；斗升机,,2012-11-26
763974,elevator,升运机,,2012-11-26
763975,electric resistance type moisture meter,电阻式水分计,,2012-11-26
763976,electric motor,电动机；马达,,2012-11-26
763977,electric-hotbed rearing,[蚕]电热温床饲育,,2012-11-26
763978,electric-heated hot-bed,电热温床,,2012-11-26
763979,electric fence,电围篱,,2012-11-26
763980,electric capacitance type moisture meter,电容式水分计,,2012-11-26
763981,ejection arm,[捆束收割机]弹放臂,,2012-11-26
763982,egg washer,洗蛋机,,2012-11-26
763983,egg grader,蛋分级机,,2012-11-26
763984,egg gatherer,集蛋器,,2012-11-26
763985,egg cleaner,洗蛋机,,2012-11-26
763986,egg candler,蛋鉴别器,,2012-11-26
763987,effective rolling radius,有效滚动半径,,2012-11-26
763988,effective head,有效水头,,2012-11-26
763989,effective field capacity,有效田间作业能量,,2012-11-26
763990,edge drop type,边缘配出式；边缘掉落式,,2012-11-26
763991,economic tillage,经济耕耘法,,2012-11-26
763992,eccentric pump,偏心泵,,2012-11-26
763993,easy shoot-rearing apparatus(mulberry),简易栽桑装置,,2012-11-26
763994,earth sieve,筛土机,,2012-11-26
763995,earth scoop,挖土铲斗,,2012-11-26
763996,earth scattering scoop,铲式入土器,,2012-11-26
763997,earth moving machine,运土机械,,2012-11-26
763998,earth auger,地钻,,2012-11-26
763999,ear length,[玉米]穗长,,2012-11-26
764000,ear-breaking,[玉米]采穗,,2012-11-26
764001,dynamo,直流发电机,,2012-11-26
764002,dynamometer,测力计；测功计；功率计,,2012-11-26
764003,dynamic pressure,动压,,2012-11-26
764004,duster,喷[撒]粉机；除尘器,,2012-11-26
764005,dust outlet,喷粉口；排尘口,,2012-11-26
764006,dust feeder,粉剂进料装置,,2012-11-26
764007,dust discharging fan,排尘风扇,,2012-11-26
764008,dust collector,集尘机；集尘器,,2012-11-26
764009,dust blow head,撒粉喷头,,2012-11-26
764010,dump trailer,倾卸拖车,,2012-11-26
764011,dump rake,卸耙,,2012-11-26
764012,dump pit,卸坑,,2012-11-26
764013,dump car,倾卸车,,2012-11-26
764014,dump box,倾卸斗,,2012-11-26
764015,dual purpose wheel,兼用轮,,2012-11-26
764016,dual purpose,兼用式,,2012-11-26
764017,dual pump,双泵,,2012-11-26
764018,dual power,双变速,,2012-11-26
764019,dual front wheel,双前轮,,2012-11-26
764020,dual clutch,两段式离合器；双离合器,,2012-11-26
764021,drying tray,干燥盘,,2012-11-26
764022,drying tower,干燥塔,,2012-11-26
764023,drying time,干燥时间,,2012-11-26
764024,drying system,干燥系统,,2012-11-26
764025,drying storage,干燥储藏,,2012-11-26
764026,drying rate,干燥速率,,2012-11-26
764027,drying process,干燥过程,,2012-11-26
764028,drying plant,干燥工厂,,2012-11-26
764029,drying period,干燥期,,2012-11-26
764030,drying method,干燥法,,2012-11-26
764031,drying facility,干燥设备,,2012-11-26
764032,drying curve,干燥曲线,,2012-11-26
764033,drying constant,干燥常数,,2012-11-26
764034,drying condition,干燥条件,,2012-11-26
764035,drying chamber,干燥室,,2012-11-26
764036,drying capacity,干燥能量,,2012-11-26
764037,drying bin,干燥箱；干燥仓,,2012-11-26
764038,drying air temperature,热风温度,,2012-11-26
764039,vacuum dryer ,真空干燥机,,2012-11-26
764040,upright type forced-air dryer ,直立式[强制]通风干燥机,,2012-11-26
764041,tunnel dryer ,隧道式干燥机,,2012-11-26
764042,tray dryer ,盘式干燥机,,2012-11-26
764043,spray dryer ,喷雾式干燥机,,2012-11-26
764044,spouted bed dryer ,喷流层干燥机,,2012-11-26
764045,rotary dryer ,回转式干燥机,,2012-11-26
764046,roller dryer ,滚筒式干燥机,,2012-11-26
764047,mushroom dryer ,菇类干燥机,,2012-11-26
764048,microwave heating dryer ,微波加热式干燥机,,2012-11-26
764049,infrared heating dryer ,红外线加热式干燥机,,2012-11-26
764050,hot-air dryer ,热风干燥机,,2012-11-26
764051,heated-air dryer ,热风式干燥机,,2012-11-26
764052,hay dryer ,牧草干燥机,,2012-11-26
764053,grass dryer ,牧草干燥机,,2012-11-26
764054,grain dryer ,谷物干燥机,,2012-11-26
764055,freeze dryer ,冷冻干燥机,,2012-11-26
764056,fluidized bed dryer,浮动层干燥机,,2012-11-26
764057,drum-heating tea dryer,滚筒加热式茶叶干燥机,,2012-11-26
764058,drum dryer ,滚筒干燥机,,2012-11-26
764059,dropping dryer,鸡粪干燥机,,2012-11-26
764060,conveying dryer ,运送式干燥机,,2012-11-26
764061,continuous flow dryer,连续式干燥机,,2012-11-26
764062,circulating type dryer ,循环式干燥机,,2012-11-26
764063,chamber dryer ,箱式干燥机,,2012-11-26
764064,bin dryer ,箱式干燥机；仓式干燥机,,2012-11-26
764066,band dryer ,带式干燥机,,2012-11-26
764067,dryer,干燥机,,2012-11-26
764068,dry weight,[曳引机]干重；干物重,,2012-11-26
764069,dry type air cleaner,干式空气滤清器,,2012-11-26
764070,dry matter,干物,,2012-11-26
764071,dry clutch,干式离合器,,2012-11-26
764072,dry basis moisture content,干基含水率,,2012-11-26
764073,drum stumper,滚筒式拔根机,,2012-11-26
764074,drum sorter,滚筒选别机,,2012-11-26
764075,drum rotor,筒形转子,,2012-11-26
764076,drum-heating tea dryer,滚筒加热式茶叶干燥机,,2012-11-26
764077,drum dryer,滚筒干燥机,,2012-11-26
764078,drum brake,鼓轮煞车,,2012-11-26
764079,dropping dryer,鸡粪干燥机,,2012-11-26
764080,dropper plate of free grain,自由粒分离板,,2012-11-26
764081,drone-trap,雄蜂诱杀器,,2012-11-26
764082,driven wheel,从动轮,,2012-11-26
764083,driven sprocket wheel,从动链轮,,2012-11-26
764084,drip irrigation,滴水灌溉,,2012-11-26
764085,drill shoe,[条播机]开沟器,,2012-11-26
764086,drill opener,[条播机]开沟器,,2012-11-26
764087,drill boot,[条播机]开沟器,,2012-11-26
764088,drill,条播机；钻床；钻头,,2012-11-26
764089,drift application,漂流撒布,,2012-11-26
764090,drier(=dryer),干燥机,,2012-11-26
764091,dried crop threshing,干燥后脱粒,,2012-11-26
764092,dressing,调制;撒布,,2012-11-26
764093,drawn type,拖曳式,,2012-11-26
764094,drawing fan,吸引式风扇；抽气风扇,,2012-11-26
764095,drawbar pull,拖杆拉力,,2012-11-26
764096,drawbar horsepower; DHP,拖杆马力,,2012-11-26
764097,drawbar dynamometer car,拖杆动力测定车,,2012-11-26
764098,drawbar dynamometer,拖杆测功器,,2012-11-26
764099,drawbar,拖杆,,2012-11-26
764100,drainage discharge rate,排水量,,2012-11-26
764101,drag chain,覆土链,,2012-11-26
764102,drag bar,牵引杆；整平杆,,2012-11-26
764103,draft control,拖力控制,,2012-11-26
764104,draft and position control,拖力及位置控制,,2012-11-26
764105,tree-dozer ,树木推倒机,,2012-11-26
764106,tilt-dozer ,角铲推土机,,2012-11-26
764107,straight-dozer ,正铲推土机,,2012-11-26
764108,angle-dozer ,斜铲推土机,,2012-11-26
764109,dozer,推土机,,2012-11-26
764110,down-the-row method,顺畦[疏株]法,,2012-11-26
764111,down suction,下吸引；垂直吸引,,2012-11-26
764112,double plow,二段犁,,2012-11-26
764113,double plate clutch,双片式离合器,,2012-11-26
764114,double disk opener,双盘开沟器,,2012-11-26
764115,double chop forage harvester,双切式青饲料收获机,,2012-11-26
764116,double-acting diskharrow,复列式圆盘耙,,2012-11-26
764117,dosing device for earth,土壤改良剂调配装置,,2012-11-26
764118,dog clutch,咬接离合器,,2012-11-26
764119,dividing wheel,扶拨轮,,2012-11-26
764120,divider board,扶拨板,,2012-11-26
764121,divider,扶拨器；分规；两脚规,,2012-11-26
764122,ditch sweeper,[水稻联合收获机]升谷装置,,2012-11-26
764123,ditch scoop,[水稻联合收获机]升谷装置,,2012-11-26
764124,ditcher,挖沟机,,2012-11-26
764125,silage distributor ,青贮料分配机,,2012-11-26
764126,fertilizer distributor ,肥料撒布机,,2012-11-26
764127,belt type fertilizer distributor ,带式施肥机,,2012-11-26
764128,artificial manure distributor ,堆肥撒布机,,2012-11-26
764129,distributor,分配器；配电器；分电盘,,2012-11-26
764130,displace angle,[犁]切割角,,2012-11-26
764131,disk(=disc) wheel,圆盘轮,,2012-11-26
764132,disk(=disc) weeder,圆盘式除草机,,2012-11-26
764133,disk(=disc) type transplanter,圆盘式移植机,,2012-11-26
764134,disk(=disc) separator,圆盘分离器,,2012-11-26
764135,disk(=disc) plow,圆盘犁；碟犁,,2012-11-26
764136,disk(=disc) opener,圆盘开沟器,,2012-11-26
764137,disk(=disc) jointer,圆盘副犁,,2012-11-26
764138,disk(=disc) harrow,圆盘耙；碟耙,,2012-11-26
764139,disk(=disc) gang,圆盘群,,2012-11-26
764140,disk(=disc) furrower,圆盘开沟器,,2012-11-26
764141,disk(=disc) coverer,圆盘覆土器,,2012-11-26
764142,disk(=disc) coulter,圆盘切土器；圆盘犁刀,,2012-11-26
764143,disk(=disc) clutch,圆盘离合器,,2012-11-26
764144,disk(=disc) brake,圆盘煞车,,2012-11-26
764145,disk(=disc) bedder,圆盘植床器,,2012-11-26
764146,disk(=disc) angle,圆盘角,,2012-11-26
764147,disk(=disc),圆盘；碟片,,2012-11-26
764148,discharge rate,排泄率；流出率；放电率,,2012-11-26
764150,dirt screen,除尘网,,2012-11-26
764151,direct moisture determination,直接式水分测定法,,2012-11-26
764152,direct-fired drying,直接火干燥,,2012-11-26
764153,DIN; Deutsche Industrie Normen,德国工业标准,,2012-11-26
764154,dilution,稀释,,2012-11-26
764155,welsh onion digger ,挖葱机,,2012-11-26
764156,trench digger ,掘沟机,,2012-11-26
764157,sweet potato digger ,甘薯挖掘机,,2012-11-26
764158,sugar beet digger ,甜菜挖掘机,,2012-11-26
764159,spinner type potato digger ,回转抛出型马铃薯挖掘机,,2012-11-26
764160,shaker potato digger ,振筛式马铃薯挖掘机,,2012-11-26
764161,potato digger ,马铃薯挖掘机,,2012-11-26
764162,post hole digger ,掘孔机,,2012-11-26
764163,peanut digger ,落花生挖掘机,,2012-11-26
764164,elevator type potato digger,升运式马铃薯挖掘机,,2012-11-26
764165,digger hoe,挖掘锄,,2012-11-26
764166,digger blade,挖掘刀,,2012-11-26
764167,carrot digger ,胡萝卜挖掘机,,2012-11-26
764168,beet digger ,甜菜挖掘机,,2012-11-26
764169,digger,挖掘器,,2012-11-26
764170,differential lock,差速锁；差动装置锁,,2012-11-26
764171,differential gear,差速齿轮,,2012-11-26
764172,different diameter roll type husker,异径滚筒式拖壳机,,2012-11-26
764173,Diesel fuel,柴油,,2012-11-26
764174,Diesel oil,柴油,,2012-11-26
764175,Diesel engine,柴油引擎,,2012-11-26
764176,dielectric type moisture meter,介电式水分计,,2012-11-26
764177,dicer,[蔬菜]切碎机,,2012-11-26
764178,dibbling implement,掘穴器；穴播器,,2012-11-26
764179,dibbling,穴播,,2012-11-26
764180,dibbler,穴播器,,2012-11-26
764181,diaphragm pump,膜片泵,,2012-11-26
764182,diagonal flow pump,斜流泵,,2012-11-26
764184,detonation,爆震,,2012-11-26
764185,desiccator,干燥器,,2012-11-26
764186,desiccant,干燥剂,,2012-11-26
764187,depth wheel,深度调节轮,,2012-11-26
764188,depth regulating device,耕深度调节装置,,2012-11-26
764189,depth of tillage,耕深,,2012-11-26
764190,depth of sowing,播种深度,,2012-11-26
764191,depth of penetration,入土深度；渗透深度,,2012-11-26
764192,depth of mole,潜孔深度,,2012-11-26
764193,depth control device,深度控制装置,,2012-11-26
764194,depth control(=position control),深度控制；位置控制,,2012-11-26
764195,depth adjusting wheel,深度调节轮,,2012-11-26
764196,depth adjusting skid,深度调节滑板,,2012-11-26
764197,depth adjusting handle,深度调节手把,,2012-11-26
764198,deposit rate,[雾粒]附著率,,2012-11-26
764199,dense dibbling,团播,,2012-11-26
764200,delivery valve,输油阀；输出阀,,2012-11-26
764201,delivery,输出；输送,,2012-11-26
764202,dehydrator,脱水机；干燥剂,,2012-11-26
764203,defrosting,除霜,,2012-11-26
764204,defloration shears,花剪；蔬果剪,,2012-11-26
764205,deflector,扩散装置；折向装置,,2012-11-26
764206,deflection separator,折流分离器,,2012-11-26
764207,deep well pump,深井泵,,2012-11-26
764208,deep tillage,深耕,,2012-11-26
764209,deep soil fertilizer applicator,深层施肥机,,2012-11-26
764210,deep plow,深耕犁,,2012-11-26
764211,deep layer drying,厚层干燥,,2012-11-26
764212,deep bed drying,厚层干燥,,2012-11-26
764213,decreasing rate drying,减率干燥,,2012-11-26
764214,decorticator,采纤机；剥皮机；除壳机；碾壳机,,2012-11-26
764215,debris,屑；残材,,2012-11-26
764216,debeaker,剪喙器,,2012-11-26
764217,dead furrow,犁沟,,2012-11-26
764218,damper,阻尼器；减振器；挡板,,2012-11-26
764219,damaged kernel,损伤粒,,2012-11-26
764220,damaged grain,损伤粒,,2012-11-26
764221,dairy machinery,乳业机械,,2012-11-26
764222,cylinder type separator,圆筒式选别器,,2012-11-26
764223,cylinder type moldboard,圆筒型犁鐴,,2012-11-26
764224,cylinder type forage harvester,圆筒式青饲料收获机,,2012-11-26
764225,cylinder threshing length,脱粒筒脱粒长度,,2012-11-26
764226,cylinder threshing diameter,脱粒筒脱粒直径,,2012-11-26
764227,cylinder grader,滚筒分级机,,2012-11-26
764228,cylinder friction type,圆筒摩擦式,,2012-11-26
764229,cylinder drier,圆筒干燥机,,2012-11-26
764230,cylinder cover (thresher),脱谷筒盖；脱粒筒盖,,2012-11-26
764231,cyclone separator,旋风分离器,,2012-11-26
764232,cyclone collector,旋风式收集器,,2012-11-26
764233,cutting width,割宽,,2012-11-26
764234,cutting pattern,切割型式,,2012-11-26
764235,cutting mechanism,切割机构,,2012-11-26
764236,cutting knife,切刀；割刀,,2012-11-26
764237,cutting height,割高,,2012-11-26
764238,cutting edge,刀刃,,2012-11-26
764239,cutting blade,切刀,,2012-11-26
764240,cutting angle,切角,,2012-11-26
764241,cutter blower,切断式吹送机,,2012-11-26
764242,cutter bar,割刀总成,,2012-11-26
764243,cutter,切断器；切刀；刀具；割刀,,2012-11-26
764244,cut-away disk,花形圆盘,,2012-11-26
764245,curved runner,滑刀型开沟器,,2012-11-26
764246,curved knife-tooth harrow,弯刀齿耙,,2012-11-26
764247,curved blade,弧形耕耘刀,,2012-11-26
764248,curing storage,保藏,,2012-11-26
764249,row crop cultivator ,行栽作物中耕器,,2012-11-26
764250,rotary cultivator ,回转式中耕机,,2012-11-26
764251,rolling cultivator ,滚动式中耕器,,2012-11-26
764253,flexible tine cultivator ,挠性齿杆中耕器,,2012-11-26
764254,flame cultivator ,火焰除草机,,2012-11-26
764255,cultivator sweep,中耕翼铲,,2012-11-26
764256,cultivator shovel,中耕尖铲,,2012-11-26
764257,cultivator,中耕机；中耕器；中耕管理机,,2012-11-26
764258,cultivating machinery and implement,中耕机具,,2012-11-26
764259,cultivating hoe,中耕锄,,2012-11-26
764260,culti-packer,碎土镇压轮,,2012-11-26
764263,crushing action,压碎作用,,2012-11-26
764264,crusher roll,压碎机；压碎滚轮,,2012-11-26
764265,crusher,压碎机,,2012-11-26
764266,crown cleaner,去梢机,,2012-11-26
764267,cross flow drying,交叉流干燥,,2012-11-26
764268,cross conveying chain,横向运送链条,,2012-11-26
764269,cross conveying belt,横向运送皮带,,2012-11-26
764270,cross carrier chain,横向运送链条,,2012-11-26
764271,cross carrier belt,横向运送皮带,,2012-11-26
764272,cross blocking weeder,株间除草器,,2012-11-26
764273,cross-blocking method,正交疏株法,,2012-11-26
764275,crop residue chopper,残杆切碎机；残株切碎机,,2012-11-26
764276,crop-processing equipment,作物加工设备,,2012-11-26
764277,critical moisture content,临界含水率；临界水分含量,,2012-11-26
764278,crimper roll,[牧草]压裂滚子,,2012-11-26
764279,crib,饲料槽；格架,,2012-11-26
764280,creep speed,超低度,,2012-11-26
764281,cream separator,乳油分离机,,2012-11-26
764282,crawler tractor,履带式曳引机,,2012-11-26
764283,crasher,粉碎机,,2012-11-26
764284,crank-shaft,曲轴,,2012-11-26
764285,crank wheel,曲柄轮,,2012-11-26
764286,crank tiller,曲柄式耕耘机,,2012-11-26
764287,crank duster,手摇式撒粉机,,2012-11-26
764288,cradle scythe,割集大镰刀,,2012-11-26
764290,covering knife,覆土刀,,2012-11-26
764291,covering chains,覆土链,,2012-11-26
764292,coupling,连结器,,2012-11-26
764293,country elevator,乡村谷仓；乡村谷物中心,,2012-11-26
764294,counterpoise lift,对重升降机,,2012-11-26
764295,counter shaft,对轴；副轴；中间轴,,2012-11-26
764296,counter flow drying,逆流式干燥,,2012-11-26
764297,rolling coulter ,滚动切土器,,2012-11-26
764299,hoe coulter ,锄型切土器,,2012-11-26
764300,disk coulter ,圆盘切土器；圆盘犁刀,,2012-11-26
764301,coulter knife,切土刀,,2012-11-26
764302,coulter harrow,刀耙,,2012-11-26
764303,coulter disk,切土圆盘,,2012-11-26
764304,coulter(=colter),犁刀；切土器,,2012-11-26
764305,cotton stripper,棉花采收机,,2012-11-26
764306,cotton press,棉花打包机,,2012-11-26
764307,cotton planter,棉花播种机,,2012-11-26
764308,cotton picker,棉花采收机,,2012-11-26
764309,cotton ginning machine,轧棉机,,2012-11-26
764310,corn snapper,玉米采穗机,,2012-11-26
764311,corn sheller,玉米脱粒机,,2012-11-26
764312,corn reaper,玉米收割机,,2012-11-26
764313,corn planter,玉米播种机,,2012-11-26
764314,corn picker,玉米采穗去苞叶机,,2012-11-26
764315,corn husker,玉米去苞叶机,,2012-11-26
764316,corn harvester,玉米收获机,,2012-11-26
764317,cooling ventilator,冷却通风机,,2012-11-26
764318,cooling tower,冷却塔,,2012-11-26
764319,cooling tank,冷却柜；冷却箱,,2012-11-26
764320,cooling system,冷却系统,,2012-11-26
764321,cooling storage house,冷却储藏库,,2012-11-26
764322,cooling rate,冷却速率,,2012-11-26
764323,cooling dehydration,冷却脱水,,2012-11-26
764324,cooling bin,冷却箱；冷却仓,,2012-11-26
764325,cooling apparatus,冷却设备,,2012-11-26
764326,wheel conveyor ,轮式运送机,,2012-11-26
764327,vibrating conveyor ,振动运送机,,2012-11-26
764328,trolley conveyor ,悬吊运送机,,2012-11-26
764329,slat conveyor ,板条运送机,,2012-11-26
764330,shaking conveyor ,摇动运送机,,2012-11-26
764331,screw conveyor ,螺旋运送机,,2012-11-26
764332,scraper conveyor ,刮板运送机,,2012-11-26
764333,roller conveyor ,滚轮运送机,,2012-11-26
764334,push plate conveyor ,推板运送机,,2012-11-26
764335,portable screw conveyor ,移动式螺旋运送机,,2012-11-26
764336,portable belt conveyor ,移动式皮带运送机,,2012-11-26
764338,oscillating conveyor ,摆动式运送机,,2012-11-26
764339,manure conveyor ,堆肥运送机,,2012-11-26
764340,flight conveyor ,梯板运送机,,2012-11-26
764342,conveyor type forage blower,运送式青饲料吹送机,,2012-11-26
764343,chain conveyor ,链式运送机,,2012-11-26
764344,chaff conveyor ,夹杂物运送器,,2012-11-26
764345,belt conveyor ,带式运送机,,2012-11-26
764346,auger conveyor ,螺旋运送机；螺运机,,2012-11-26
764347,apron conveyor ,裙板运送机；裙运机,,2012-11-26
764348,conveyor,运送机,,2012-11-26
764349,conveying dryer,运送式干燥机,,2012-11-26
764350,conveying device,运送装置,,2012-11-26
764351,conventional combine,传统式联合收获机,,2012-11-26
764352,conventional cold storage,传统式冷藏,,2012-11-26
764353,controlling system,控制系统,,2012-11-26
764354,controlling device,控制装置,,2012-11-26
764355,controlled atmosphere storage; CA storage,环境控制储藏；气调储藏,,2012-11-26
764356,contour plowing,等高犁耕,,2012-11-26
764357,contour diagram of plow bottom,犁体线圆,,2012-11-26
764358,continuous-running PTO,连续回转动力分导装置,,2012-11-26
764359,continuous plowing,连续耕法,,2012-11-26
764360,continuous flow dryer,连续式干燥机,,2012-11-26
764361,continuous drying,连续式干燥,,2012-11-26
764362,container-type rearing apparatus,箱式饲育装置,,2012-11-26
764363,contact wheel,接地轮,,2012-11-26
764364,constant-running PTO,常回转动力分导装置,,2012-11-26
764365,constant-mesh transmission,常啮合传动装置,,2012-11-26
764366,constant rate period of drying,恒率干燥期,,2012-11-26
764367,constant drying rate period,恒率干燥期,,2012-11-26
764368,conservation tillage,保育耕耘,,2012-11-26
764369,cone index,[土壤硬度]圆锥指数,,2012-11-26
764370,cone clutch,锥形离合器,,2012-11-26
764371,cone brake,锥形煞车,,2012-11-26
764372,condensing unit,凝结装置,,2012-11-26
764373,condenser,凝结器；电容器；光透镜,,2012-11-26
764374,concurrent flow drying,并流干燥,,2012-11-26
764375,concentrate application,浓缩撒布,,2012-11-26
764376,concave(thresher),[脱粒机]承网,,2012-11-26
764377,compression stroke,压缩冲程,,2012-11-26
764378,compression ratio; CR,压缩比,,2012-11-26
764379,compressed air sprayer,气压式喷雾机；背负式自动喷雾机,,2012-11-26
764380,compensator,补偿器,,2012-11-26
764381,compaction,压实,,2012-11-26
764382,common plow,单向犁,,2012-11-26
764383,combustion fog machine,燃烧式烟雾机,,2012-11-26
764384,combustion fog generator,燃烧式烟雾机,,2012-11-26
764385,hillside combine ,坡地联合收获机,,2012-11-26
764386,head-feeding combine ,进穗式联合收获机；自脱型联合收获机,,2012-11-26
764387,conventional combine ,传统式联合收获机,,2012-11-26
764388,carrot combine ,胡萝卜联合收获机,,2012-11-26
764389,beet combine ,甜菜联合收获机,,2012-11-26
764390,bean combine ,豆类联合收获机,,2012-11-26
764391,combine,联合收获机,,2012-11-26
764392,comb thresher,梳型脱粒机,,2012-11-26
764393,comb harrow,手耙,,2012-11-26
764395,color sorter,颜色选别机,,2012-11-26
764396,cold storage,冷藏[库],,2012-11-26
764397,cohesion,黏著力,,2012-11-26
764398,coefficient of traction,牵引系数,,2012-11-26
764399,coefficient of roughness,粗度系数,,2012-11-26
764400,coefficient of rolling resistance,滚动阻力系数,,2012-11-26
764401,coefficient of cohesion,黏著系数,,2012-11-26
764402,coefficient of adhesion,附著系数,,2012-11-26
764403,cocooning frame,蚕簇,,2012-11-26
764404,cocoon sorting machine,蚕茧选别机,,2012-11-26
764405,cocoon harvester,收茧机,,2012-11-26
764406,cocoon gathering apparatus,集茧装置,,2012-11-26
764407,cocoon drying machine,茧干燥机,,2012-11-26
764409,wet clutch ,湿式离合器,,2012-11-26
764411,steering clutch ,转向离合器,,2012-11-26
764412,single disk clutch ,单片式离合器,,2012-11-26
764413,safety release clutch ,安全释放离合器,,2012-11-26
764414,safety clutch ,安全离合器,,2012-11-26
764415,PTO shaft clutch ,动力分导离合器,,2012-11-26
764416,power take-off clutch ,动力分导离合器,,2012-11-26
764417,multiple disk clutch ,复片式离合器,,2012-11-26
764418,master clutch ,主离合器,,2012-11-26
764419,main clutch ,主离合器,,2012-11-26
764420,jaw clutch ,颚夹式离合器,,2012-11-26
764421,hydraulic clutch ,液压离合器,,2012-11-26
764422,friction clutch ,摩擦离合器,,2012-11-26
764423,engine clutch ,主离合器,,2012-11-26
764424,dual clutch ,两段式离合器；双离合器,,2012-11-26
764425,dry clutch ,干式离合器,,2012-11-26
764426,double plate clutch,双片式离合器,,2012-11-26
764427,dog clutch,咬接离合器,,2012-11-26
764428,disk clutch ,圆盘离合器,,2012-11-26
764429,cone clutch ,锥形离合器,,2012-11-26
764430,clutch disc plate,离合器圆盘,,2012-11-26
764431,clutch plate,离合器片,,2012-11-26
764432,clutch pedal,离合器踏板,,2012-11-26
764433,claw clutch ,爪型离合器,,2012-11-26
764434,centrifugal clutch ,离心式离合器,,2012-11-26
764435,belt pulley clutch,皮带轮式离合器,,2012-11-26
764436,clutch,离合器,,2012-11-26
764437,clod crusher,碎土器,,2012-11-26
764438,clippers,剪,,2012-11-26
764439,clevis,U型钩,,2012-11-26
764440,clearance,间隙；余隙,,2012-11-26
764441,cleaning sieve,清洁筛,,2012-11-26
764442,clean grain thrower,谷粒抛送器,,2012-11-26
764443,clean grain outlet,谷粒排出口,,2012-11-26
764444,clean grain elevator,净谷升运器,,2012-11-26
764445,claw milking machine,挤乳机,,2012-11-26
764447,circulating type rice milling machine,循环式碾米机,,2012-11-26
764448,circulating type dryer,循环式干燥机,,2012-11-26
764449,circular saw,圆锯,,2012-11-26
764450,chute,滑槽,,2012-11-26
764451,chopper unit,切断装置；切段装置,,2012-11-26
764452,chopper mill,切碎机,,2012-11-26
764453,chopper,切断器；切段器,,2012-11-26
764454,chisel plow,凿犁,,2012-11-26
764455,chipper,切片机；切碎机,,2012-11-26
764456,Chinese Society of Agricultural Engineers; CSAE,中国农业工程学会,,2012-11-26
764457,Chinese National Standard; CNS,中华民国国家标准,,2015-11-10
764458,chicken stripper,脱毛机,,2012-11-26
764459,check valve,止回阀,,2012-11-26
764460,check row planter,正条种植机,,2012-11-26
764461,check row device,正条装置,,2012-11-26
764462,check flap,挡板,,2012-11-26
764463,check curtain,挡帘,,2012-11-26
764464,check chain,防摆链；车辆连结链,,2012-11-26
764465,chassis dynamometer,车底盘测功计,,2012-11-26
764466,charge pump,供油泵；供给泵,,2012-11-26
764467,change gear lever,变速杆,,2012-11-26
764468,chamber dryer,箱式干燥机,,2012-11-26
764469,chamber,室,,2012-11-26
764470,chain saw,链锯,,2012-11-26
764471,chain rail,[联合收获机]链轨,,2012-11-26
764472,chain pump,链泵,,2012-11-26
764473,chain harrow,链耙,,2012-11-26
764474,chain elevator,链式升运机,,2012-11-26
764475,chain conveyor,链式运送机,,2012-11-26
764476,chain block,链吊车；吊挂,,2012-11-26
764477,chaffer sieve,[联合收获机]谷筛,,2012-11-26
764478,chaff tooth,排尘齿,,2012-11-26
764479,chaff outlet,排尘口,,2012-11-26
764480,chaff disposing plate,排尘板,,2012-11-26
764481,chaff disposing drum,排尘筒,,2012-11-26
764482,chaff conveyor,夹杂物运送器,,2012-11-26
764483,cetane number,十六烷值,,2012-11-26
764484,centrifugal separator,离心式分离器,,2012-11-26
764485,centrifugal pump,离心式泵,,2012-11-26
764486,centrifugal fan,离心式风扇,,2012-11-26
764487,centrifugal clutch,离心式离合器,,2012-11-26
764488,center of resistance,阻力中心,,2012-11-26
764489,center of pull,拉力中心,,2012-11-26
764490,center of load,负荷中心,,2012-11-26
764492,center drive,中间驱动,,2012-11-26
764493,cell,[播种机]种子室；气室；电池；细胞,,2012-11-26
764494,cattle clippers,牛毛剪,,2012-11-26
764495,catch frame(fruit),果实收集装置,,2012-11-26
764496,castrator,家畜去势器,,2012-11-26
764497,casting plowing,外转耕法,,2012-11-26
764498,caster angle,前趋角；后倾角,,2012-11-26
764499,caster,车轮前趋角；脚轮,,2012-11-26
764500,cart,搬运车；手推车,,2012-11-26
764501,carrot harvester,胡萝卜收获机,,2012-11-26
764502,carrot digger,胡萝卜挖掘机,,2012-11-26
764503,carrot combine,胡萝卜联合收获机,,2012-11-26
764504,carrier,搬运器；托架；吊缆,,2012-11-26
764505,carburetor,化油器；汽化器,,2012-11-26
764506,capillary water,毛细管水,,2012-11-26
764507,working capacity ,工作能量；作业能力,,2012-11-26
764508,load carrying capacity ,承载能量；载重能量,,2012-11-26
764510,husking capacity ,脱壳能量；脱荚能量,,2012-11-26
764511,field capacity ,田间作业能量,,2012-11-26
764512,drying capacity 　,干燥能量,,2012-11-26
764513,capacity,能力；容量；能量,,2012-11-26
764514,cap-type nozzle,盖式喷嘴,,2012-11-26
764515,cane shredder,甘蔗撕裂机,,2012-11-26
764516,cane harvester,甘蔗采收机,,2012-11-26
764517,cane cutter,甘蔗切断机,,2012-11-26
764518,Canadian Society of Agricultural Engineers; CSAE,加拿大农业工程师学会,,2012-11-26
764519,can washer,洗罐机,,2012-11-26
764520,can,罐,,2012-11-26
764521,Cambridge roller,棘状滚轮,,2012-11-26
764522,camber angle,外倾角,,2012-11-26
764523,camber,弧面；曲度；外倾；拱高,,2012-11-26
764524,cam brake,凸轮煞车,,2012-11-26
764525,calf feeder,小牛喂料器,,2012-11-26
764526,calf dehorner,小牛去角器,,2012-11-26
764528,cage rotor,笼式转子,,2012-11-26
764529,cage,升降室；笼,,2012-11-26
764530,cable way,索道,,2012-11-26
764531,cable shaker,索引式振动机,,2012-11-26
764532,cable plow,钢缆犁,,2012-11-26
764533,cable,索；缆；电缆,,2012-11-26
764534,cabbage harvester,甘蓝收获机,,2012-11-26
764535,cab,操作室；驾驶室,,2012-11-26
764537,bush harrow,草丛耙,,2012-11-26
764538,bush cutter,草丛砍除机,,2012-11-26
764539,bush cleaner,草丛清除机,,2012-11-26
764540,burr mill,磨碎机,,2012-11-26
764541,burner,燃烧器；燃烧炉,,2012-11-26
764542,burdock puller,牛蒡挖取机,,2012-11-26
764543,bunker silo,青贮槽,,2012-11-26
764544,bulk storage,散装储藏,,2012-11-26
764545,bulk milk cooler,散装牛乳冷却槽,,2012-11-26
764546,bulldozer,推土机,,2012-11-26
764547,bulb washer,球根清洗机,,2012-11-26
764548,bulb harvester,球根收获机,,2012-11-26
764549,budding knife,嫁接刀,,2012-11-26
764550,bucket milker,桶式挤乳机,,2012-11-26
764552,buck saw,框锯,,2012-11-26
764553,buck rake,框式集草耙,,2012-11-26
764554,Btu; British thermal units; B.T.U.; B.t.u.,英热单位,,2012-11-26
764556,brush washer,刷洗机,,2012-11-26
764557,brush breaker,草丛地破土犁,,2012-11-26
764558,brown rice,糙米,,2012-11-26
764559,brooder,孵卵机；保温器,,2012-11-26
764560,broadcasting disk,撒播圆盘,,2012-11-26
764561,broadcast sower,撒播机,,2012-11-26
764562,broadcast seeder,撒播机,,2012-11-26
764563,broadcaster,撒播机,,2012-11-26
764564,broadcast application,撒播,,2012-11-26
764565,British standard; BS,英国标准,,2012-11-26
764566,bridging,架桥[现象],,2012-11-26
764567,breaking plow,新垦犁,,2012-11-26
764568,breaker bottom plow,新垦板犁,,2012-11-26
764569,breaker,破土犁；轧碎机；断电器,,2012-11-26
764570,break in,适配运转；启用运转,,2012-11-26
764571,break harrow,碎土耙,,2012-11-26
764572,branch shaker,支干式振动采收机,,2012-11-26
764573,bran separator,米糠分离器,,2012-11-26
764574,bran separating screen,米糠筛网,,2012-11-26
764575,bran box,米糠箱,,2012-11-26
764576,braking torque,制动扭矩,,2012-11-26
764577,braking machine,打麻机；梳理机,,2012-11-26
764578,steering brake ,转向煞车；转向制动器,,2012-11-26
764579,parking brake ,停车煞车,,2012-11-26
764580,hydraulic brake ,液压煞车；水力测功器,,2012-11-26
764581,hand brake ,手煞车,,2012-11-26
764582,foot brake ,脚踏煞车,,2012-11-26
764583,emergency brake,紧急煞车,,2012-11-26
764585,disk brake ,圆盘煞车,,2012-11-26
764586,cone brake ,锥形煞车,,2012-11-26
764587,cam brake,凸轮煞车,,2012-11-26
764588,brake shoe,煞车蹄片； 煞车块,,2012-11-26
764589,brake pedal,煞车踏板,,2012-11-26
764590,brake lining,煞车衬,,2012-11-26
764591,brake drum,煞车鼓,,2012-11-26
764592,brake band,煞车带,,2012-11-26
764593,brake horsepower；BHP,制动马力,,2020-03-04
764594,band brake ,带式煞车,,2012-11-26
764595,brake,煞车；制动器,,2012-11-26
764596,brace,犁胫；拉条；撑臂；牵条,,2012-11-26
764597,boundary lubrication,界面润滑,,2012-11-26
764598,boundary combustion,界面燃烧,,2012-11-26
764600,bottling machine,装瓶机,,2012-11-26
764601,Bordeaux-type nozzle,波尔多型喷嘴,,2012-11-26
764602,boom sprayer,杆架式喷雾机,,2012-11-26
764603,bolting machine,筛粉机；筛选机,,2012-11-26
764604,table type forage blower ,台式青饲料吹送机,,2012-11-26
764605,silage blower ,青贮料吹送机,,2012-11-26
764606,mist blower ,微粒喷雾机,,2012-11-26
764607,impeller blower ,动叶轮鼓风机,,2012-11-26
764609,forage blower ,青饲料吹送机,,2012-11-26
764610,cutter blower ,切断式吹送机,,2012-11-26
764611,conveyor type forage blower,运送式青饲料吹送机,,2012-11-26
764612,blower pipe,鼓风管,,2012-11-26
764613,blower,鼓风机；吹送机,,2012-11-26
764614,blow pipe,吹管,,2012-11-26
764615,blending tank(rice),拌米箱；拌米槽,,2012-11-26
764616,bleaching machine,漂白机,,2012-11-26
764617,blast sprayer,微粒喷雾机,,2012-11-26
764618,blast pipe,鼓风管,,2012-11-26
764619,blancher,杀菁机,,2012-11-26
764620,tillage blade,耕耘刀,,2012-11-26
764621,straight blade ,直形耕耘刀；直叶片,,2012-11-26
764622,scraper blade,刮土板,,2012-11-26
764623,hoe blade,锄形耕耘刀,,2012-11-26
764624,digger blade,挖掘刀,,2012-11-26
764625,curved blade ,弧形耕耘刀,,2012-11-26
764626,blade harrow,割耙,,2012-11-26
764627,blade grader,板式平土机,,2012-11-26
764628,angle blade ,弯角耕耘刀；斜铲,,2012-11-26
764629,blade,耕耘刀；刀片；板；轮叶,,2012-11-26
764630,bird trap,捕鸟器,,2012-11-26
764631,bird clapper,惊鸟器,,2012-11-26
764632,binding miss,捆束失误,,2012-11-26
764633,binding failure,捆束失误,,2012-11-26
764634,binding device,捆束装置,,2012-11-26
764635,binder,捆束收割机,,2012-11-26
764636,bin filler for fruit,水果装箱装置,,2012-11-26
764637,bin dryer,箱式干燥机；仓式干燥机,,2012-11-26
764638,bin,仓；槽,,2012-11-26
764640,belt type rake,带式草耙,,2012-11-26
764641,belt type fertilizer distributor,带式施肥机,,2012-11-26
764642,belt separator,皮带式选别机,,2012-11-26
764643,belt pulley clutch,皮带轮式离合器,,2012-11-26
764644,belt horsepower,皮带马力,,2012-11-26
764645,belt hay loader,带式干草装载机,,2012-11-26
764646,belt conveyor type trencher,带运式挖沟机,,2012-11-26
764647,belt conveyor,带式运送机,,2012-11-26
764648,beet topper,甜菜去叶机,,2012-11-26
764649,beet pulp press,甜菜压浆机,,2012-11-26
764650,beet harvester,甜菜收获机,,2012-11-26
764651,beet digger,甜菜挖掘机,,2012-11-26
764652,beet combine,甜菜联合收获机,,2012-11-26
764653,bee hive,蜂巢箱,,2012-11-26
764654,bee-culture implement,养蜂器具,,2012-11-26
764655,bed shaper,整畦器,,2012-11-26
764656,bed planting,床植,,2012-11-26
764657,bedder,作畦器,,2012-11-26
764658,beater,搅打机；搅打器；脱粒齿,,2012-11-26
764659,beast protection fence,防兽栅栏,,2012-11-26
764660,bean planter,豆类播种机,,2012-11-26
764661,bean huller,豆类脱荚机,,2012-11-26
764662,bean harvester,豆类收获机,,2012-11-26
764663,bean grader,豆类分级机,,2012-11-26
764664,bean drill,豆类条播机,,2012-11-26
764665,bean cutter,豆类收割机,,2012-11-26
764666,bean combine,豆类联合收获机,,2012-11-26
764667,beam standard,犁柱,,2012-11-26
764668,beam,木梁；犁辕,,2012-11-26
764669,battery car,电动车；蓄电池车,,2012-11-26
764670,batch tea machine,分批式制茶机,,2012-11-26
764671,batch dryer,分批式干燥机,,2012-11-26
764672,base dressing,[施]基肥,,2012-11-26
764673,barrow,手推车,,2012-11-26
764674,barometer,气压计,,2012-11-26
764675,barn machinery,粮仓用机械；厩舍用机械,,2012-11-26
764676,barn implement,粮仓用机械；厩舍用机具,,2012-11-26
764677,barn cleaner,厩舍清洁机；链式刮粪机,,2012-11-26
764678,barley sheller,大麦脱壳机,,2012-11-26
764679,barley milling machine,碾[大]麦机,,2012-11-26
764680,barley huller,大麦脱壳机,,2012-11-26
764681,barker,去树皮机,,2012-11-26
764682,bark scraper,去树皮机,,2012-11-26
764683,banding up,培土,,2012-11-26
764684,band spreading,带状撒布,,2012-11-26
764685,band saw,带锯,,2012-11-26
764686,band dryer,带式干燥机,,2012-11-26
764688,ballast,配重,,2012-11-26
764689,ball-and-socket coupling,球窝连结器,,2012-11-26
764690,tight baler ,紧式打包机,,2012-11-26
764691,stationary hay baler ,定置式干草打包机,,2012-11-26
764692,round baler ,滚卷式打包机,,2012-11-26
764693,roll baler ,滚卷式打包机,,2012-11-26
764694,pick-up baler ,捡拾式打包机,,2012-11-26
764695,loose baler ,松式打包机,,2012-11-26
764696,hay baler ,牧草打包机,,2012-11-26
764697,baler,打包机,,2012-11-26
764698,bale wagon,草捆拖车,,2012-11-26
764699,bale thrower,草捆抛掷机,,2012-11-26
764700,bale press,压捆机；捆草机,,2012-11-26
764701,bale loader,草捆装载机,,2012-11-26
764702,bale collector,草捆收集器,,2012-11-26
764703,bale chamber,打包室,,2012-11-26
764704,balance weight,平衡配重,,2012-11-26
764705,bagging platform,装袋平台,,2012-11-26
764706,bagger,装袋机,,2012-11-26
764707,bag storage,袋装储藏,,2012-11-26
764708,back hoe,挖土机,,2012-11-26
764709,back fire,逆火,,2012-11-26
764710,axial thrust,轴向推力,,2012-11-26
764711,axial load,轴向负载,,2012-11-26
764712,axial flow pump,轴流泵,,2012-11-26
764713,axe,斧,,2012-11-26
764714,aviation duster,空中撒粉机,,2012-11-26
764715,auxiliary wheel,辅助轮,,2012-11-26
764716,auxiliary PTO shaft,辅助动力分导轴,,2012-11-26
764717,auto-suction type,自吸式,,2012-11-26
764718,automatic thresher,自动脱粒机,,2012-11-26
764719,automatic steering system,自动转向系统,,2012-11-26
764720,automatic scale,自动秤,,2012-11-26
764721,automatic sacker,自动装袋机,,2012-11-26
764722,automatic rice huller,自动砻谷机,,2012-11-26
764723,automatic-reset-standard,自动回复式犁住,,2012-11-26
764724,automatic rearing apparatus,自动饲育装置,,2012-11-26
764725,automatic poultry feeder,家禽自动喂饲机,,2012-11-26
764726,automatic position control,自动位置控制,,2012-11-26
764727,automatic irrigation system,自动灌溉系统,,2012-11-26
764729,automatic hitch,自动连接器,,2012-11-26
764730,automatic header-height control system,割高自动控制系统,,2012-11-26
764731,automatic guidance system,自动导向系统,,2012-11-26
764732,automatic grain screen,谷粒自动筛,,2012-11-26
764733,automatic feed-rate control system,进给量自动控制系统,,2012-11-26
764734,automatic feeding depth control system,进给深度自动控制系统,,2012-11-26
764735,automatic feeder,自动进给装置,,2012-11-26
764736,automatic draft control,自动拖力控制,,2012-11-26
764737,automatic cutting height control system,割高自动控制系统,,2012-11-26
764738,automatic bagger,自动装袋机,,2012-11-26
764739,tailings auger ,残穗回送螺旋,,2012-11-26
764740,header auger ,收割部螺旋,,2012-11-26
764741,grain unloading auger,卸谷螺旋,,2012-11-26
764742,grain leveling auger ,匀谷螺旋,,2012-11-26
764743,earth auger,地钻,,2012-11-26
764744,grain auger,谷粒螺旋运送机,,2012-11-26
764745,auger,螺旋运送机；螺旋钻,,2012-11-26
764746,attrition mill,磨粉机；盘磨机,,2012-11-26
764747,attachment,附件；附属农[机]具,,2012-11-26
764748,atomizing unit,雾化装置,,2012-11-26
764749,aspirator,抽气机；抽气器,,2012-11-26
764751,artificial manure distributor,堆肥撒布机,,2012-11-26
764752,artificial drying,人工干燥,,2012-11-26
764753,articulated frame steering tractor,活节转向式曳引机,,2012-11-26
764754,arching,架桥〔现象〕,,2012-11-26
764756,pollen applicator,人工授粉机,,2012-11-26
764757,liquid fertilizer applicator,液肥施用器,,2012-11-26
764758,knapsack power applicator,背负式动力撒布机,,2012-11-26
764759,herbicide applicator,杀草剂施用机,,2012-11-26
764760,granule applicator,撒粒机,,2012-11-26
764761,deep soil fertilizer applicator,深层施肥机,,2012-11-26
764763,applicator,撒布机；施用机；施用器,,2012-11-26
764764,application speed,撒布速率；施用速率,,2012-11-26
764765,application rate,撒布率；施用率,,2012-11-26
764766,application of fertilizer through irrigation,灌溉施肥,,2012-11-26
764768,anti-shock earth device,防电击接地装置,,2012-11-26
764769,annular cutter,环状剥皮器,,2012-11-26
764770,animal weigher,畜用秤,,2012-11-26
764771,animal tillage,畜力耕耘,,2012-11-26
764772,animal plow,畜力犁,,2012-11-26
764773,animal drawn clod crusher,畜力碎土机,,2012-11-26
764774,animal clippers,畜毛剪,,2012-11-26
764775,angle of traction,牵引角,,2012-11-26
764776,angle of repose,静止角； 稳定角； 安息角,,2012-11-26
764777,angle of pull,拉力角,,2012-11-26
764778,angle of disk gangs,圆盘群夹角；碟群夹角,,2012-11-26
764779,angle-dozer,斜铲推土机,,2012-11-26
764780,angle blade,弯角耕耘刀；斜铲,,2012-11-26
764781,anemometer,风速计,,2012-11-26
764782,anemograph,风速记录仪,,2012-11-26
764783,anchor unit,锚具,,2012-11-26
764784,anchor chain,锚链,,2012-11-26
764785,ammonia applicator,液氨施肥机,,2012-11-26
764786,American Society of Agricultural Engineers; ASAE,美国农业工程师学会,,2012-11-26
764787,American Petroleum Institute; API,美国石油协会,,2012-11-26
764788,alternative plow,双向犁,,2012-11-26
764789,all-purpose-tractor,泛用型曳引机,,2012-11-26
764790,all-purpose,泛用型,,2012-11-26
764791,alfalfa harrow,苜蓿耙,,2012-11-26
764792,airplane sprayer,空中喷雾机,,2012-11-26
764793,airplane seeder,空中撒播机,,2012-11-26
764794,airplane duster,空中撒粉机；空中喷雾机,,2012-11-26
764795,airplane application,飞机撒布,,2012-11-26
764796,airless spray,无气喷洒,,2012-11-26
764797,air velocity,风速,,2012-11-26
764798,air tight silo,气密式圆筒仓,,2012-11-26
764799,air speed meter,风速计,,2012-11-26
764800,air heating furnace,热风炉,,2012-11-26
764801,air-fuel ratio; AFR,空气燃料比；气油比,,2012-11-26
764802,air-flow meter,风量计,,2012-11-26
764803,air flow,风量,,2012-11-26
764804,air-cooled engine,气冷式引擎,,2012-11-26
764805,air conditioning,空气调节,,2012-11-26
764806,air clippers,气动剪,,2012-11-26
764807,air cleaner,空气滤清器,,2012-11-26
764808,air chamber,空气室,,2012-11-26
764809,air blast sprayer,鼓风式喷雾机,,2012-11-26
764810,air blast spray,鼓风式喷雾,,2012-11-26
764811,air agitation,空气搅拌,,2012-11-26
764812,A-harrow,A型耙,,2012-11-26
764813,agricultural tractor,农用曳引机,,2012-11-26
764814,agricultural tire,农用轮胎,,2012-11-26
764815,agricultural product processing,农产品加工,,2012-11-26
764816,agricultural physics,农业物理,,2012-11-26
764817,agricultural machinery and implement,农机具,,2012-11-26
764818,agricultural machinery,农业机械,,2012-11-26
764819,agitator,搅拌机；搅拌器,,2012-11-26
764820,after ripening,后熟；完熟,,2012-11-26
764822,A-frame coupler,A型连结器；A型连接架,,2012-11-26
764823,aerosol,烟雾剂,,2012-11-26
764824,aeroplane application,飞机撒布,,2012-11-26
764825,aerial sprayer,空中喷雾机,,2012-11-26
764826,aerial ropeway,架空索道,,2012-11-26
764827,aerial duster,空中撒粉机,,2012-11-26
764828,aerial cableway,架空索道,,2012-11-26
764829,aerial application,空中撒布,,2012-11-26
764830,aerator,通风机；通气机,,2012-11-26
764831,aeration,通风,,2012-11-26
764832,aerating machine,通风机械,,2012-11-26
764833,adhesion,附著力,,2012-11-26
764834,additional weight,配重,,2012-11-26
764835,additional fertilization,追肥作业,,2012-11-26
764836,Acme harrow,艾克姆耙,,2012-11-26
764837,accuracy of seeding,播种精度,,2012-11-26
764838,absolute humidity,绝对湿度,,2012-11-26
764839,abrasive type rice milling machine,摩擦式碾米机,,2012-11-26
764840,abrasive roll rice polishing machine,滚磨式精米机,,2012-11-26
764841,abortive grain outlet,不稔粒出口,,2012-11-26
939187,mole plow ,暗沟钻孔犁,,2012-11-26
939188,mounted plow ,承载式犁,,2012-11-26
939189,multiple bottom plow,多底板犁,,2012-11-26
939190,multiple furrow gang disk plow,圆盘群犁,,2012-11-26
939191,orchard plow ,果园犁,,2012-11-26
939192,plow beam,犁辕,,2012-11-26
939195,plow sole,犁床,,2012-11-26
939196,plow suction,[犁]吸引；[犁]间隙,,2012-11-26
939197,reversible disc plow,双向圆盘犁；双向碟犁,,2012-11-26
939198,reversible plow ,双向犁,,2012-11-26
939199,ridge plow ,培土犁,,2012-11-26
939200,rotary plow ,回转犁,,2012-11-26
939201,single bottom plow ,单底板犁,,2012-11-26
939202,slatted bottom plow ,板条犁,,2012-11-26
939203,slatted moldboard plow ,板条犁,,2012-11-26
939204,slat plow ,板条犁,,2012-11-26
939205,sod plow ,草地犁,,2012-11-26
939207,subsoil plow ,心土犁,,2012-11-26
939208,sulky plow ,乘坐式犁,,2012-11-26
939209,swivel plow ,双向犁,,2012-11-26
939210,top soil plow ,表土犁,,2012-11-26
939211,tractor plow ,曳引机用犁,,2012-11-26
939212,trailed plow ,牵引式犁；拖拉式犁,,2012-11-26
939214,turn-wrest plow ,双向犁,,2012-11-26
939215,two-way plow ,双向犁,,2012-11-26
939216,walking type plow ,步行式犁,,2012-11-26
939217,wheel plow ,有轮犁,,2012-11-26
939218,plow beam,犁辕,,2012-11-26
939219,plow body,犁体,,2012-11-26
939220,plow bottom,犁底,,2012-11-26
939221,plowing from center,外绕耕法,,2012-11-26
939222,plowing implement,犁耕机具,,2012-11-26
939223,plowing toward center,内绕耕法,,2012-11-26
939224,plunger duster,柱塞式撒粉机,,2012-11-26
939225,plunger pump,柱塞泵,,2012-11-26
939226,pneumatic conveyor,气动运送机；气力运送机,,2012-11-26
939227,pneumatic cultivator,喷气式深耕机,,2012-11-26
939228,pneumatic separator,气动选别机；气力选别机,,2012-11-26
939229,pneumatic tire,充气轮胎,,2012-11-26
939230,polishing machine,精白机；抛光机,,2012-11-26
939231,pollen applicator,人工授粉机,,2012-11-26
939232,portable belt conveyor,移动式皮带运送机,,2012-11-26
939233,portable elevator,移动式升运机,,2012-11-26
939234,portable power sprayer,移动式动力喷雾机,,2012-11-26
939235,portable screw conveyor,移动式螺旋运送机,,2012-11-26
939236,position control,位置控制,,2012-11-26
939237,post hole digger,掘孔机,,2012-11-26
939238,pot planter,钵苗移植机,,2012-11-26
939239,potato dibbler,马铃薯穴播机,,2012-11-26
939240,potato digger,马铃薯挖掘机,,2012-11-26
939241,potato harvester,马铃薯收获机,,2012-11-26
939242,potato planter,马铃薯种植机,,2012-11-26
939243,potato slicer,马铃薯切片机,,2012-11-26
939244,potato spinner,旋转式马铃薯收获机,,2012-11-26
939245,poultry feeder,家禽喂饲器,,2012-11-26
939246,poultry implement and machinery,家禽机具,,2012-11-26
939247,powder fertilizer,粉状肥料,,2012-11-26
939248,power brake,动力煞车,,2012-11-26
939249,power cart,动力搬运车,,2012-11-26
939250,power driven trailer,动力驱动拖车,,2012-11-26
939251,power harrow,动力耙,,2012-11-26
939252,power lift,动力举升装置；动力升降装置,,2012-11-26
939254,power shovel,动力铲,,2012-11-26
939255,power sprayer,动力喷雾机,,2012-11-26
939256,power steering,动力转向,,2012-11-26
939257,power stroke,动力冲程,,2012-11-26
939258,power take-off (=PTO),动力分导,,2012-11-26
939259,auxiliary PTO shaft,辅助动力分导轴,,2012-11-26
939260,constant-running power take-off ,常回转动力分导装置,,2012-11-26
939261,continuous-running power take-off ,连续回转动力分导装置,,2012-11-26
939262,ground speed power take-off ,地面速率动力分导装置,,2012-11-26
939263,independent power take-off ,独立式动力分导装置,,2012-11-26
939264,power take-off-driven sowing,动力分导驱动式播种,,2012-11-26
939265,power take-off HP(PTO Horsepower),动力分导马力,,2012-11-26
939266,power take-off shaft,动力分导轴,,2012-11-26
939267,power take-off shaft clutch,动力分导离合器,,2012-11-26
939268,power take-off shaft horsepower,动力分导马力,,2012-11-26
939269,power take-off shifting lever,动力分导操作杆,,2012-11-26
939270,transmission driven power take-off ,变速驱动动力分导装置,,2012-11-26
939271,power take-off clutch,动力分导离合器,,2012-11-26
939272,power take-off shaft,动力分导轴,,2012-11-26
939273,power thresher,动力脱粒机,,2012-11-26
939274,power tiller,耕耘机,,2012-11-26
939275,power transmission,动力传动装置,,2012-11-26
939276,power wagon,动力搬运车,,2012-11-26
939277,pre-cleaner,预选机；预清器,,2012-11-26
939278,pre-cut loss,收割前损失,,2012-11-26
939279,pre-combustion chamber,预燃室,,2012-11-26
939280,precooling,预冷,,2012-11-26
939281,preheater,预热器,,2012-11-26
939282,press roller,镇压轮；滚子,,2012-11-26
939283,press wheel,镇压轮,,2012-11-26
939284,pressure fluctuation,压力变动； 压力波动,,2012-11-26
939285,pressure head,压力头；压力落差,,2012-11-26
939286,pressure lubrication,强制润滑；压力润滑,,2012-11-26
939287,pressure regulator,压力调节装置；调压器,,2012-11-26
939288,primary tillage,主犁耕；初期耕耘,,2012-11-26
939289,processing loss(thresher; combine),脱粒选别损失,,2012-11-26
939290,processing tomato harvester,加工用番茄收获机,,2012-11-26
939291,propeller pump,旋叶泵,,2012-11-26
939292,propeller turbine,旋叶轮机,,2012-11-26
939293,protecting mask,防护[面]罩,,2012-11-26
939294,protective cab,防护驾驶室,,2012-11-26
939295,protective clothes,防护衣,,2012-11-26
939296,protective frame,防护架,,2012-11-26
939297,pruning knife,整枝刀,,2012-11-26
939298,pruning machine,整枝机,,2012-11-26
939299,pruning saw,整枝锯,,2012-11-26
939300,pruning shears,整枝剪,,2012-11-26
939301,PS,[公制]马力,,2012-11-26
939302,psychrometer,干湿球温度计,,2012-11-26
939303,psychrometric chart,湿气图；湿度线图,,2012-11-26
939305,pull-type,牵引式；拖曳式,,2012-11-26
939306,pulsator,脉动器；脉动泵,,2012-11-26
939307,pulse jet fog generator,脉动喷射烟雾机,,2012-11-26
939308,pulse jet fog machine,脉动喷射烟雾机,,2012-11-26
939309,pulverizer,碎土机；粉碎机,,2012-11-26
939310,pump,泵,,2012-11-26
939311,axial flow pump ,轴流泵,,2012-11-26
939312,centrifugal pump ,离心式泵,,2012-11-26
939313,chain pump ,链泵,,2012-11-26
939314,charge pump ,供油泵；供给泵,,2012-11-26
939315,deep well pump,深井泵,,2012-11-26
939316,diagonal flow pump ,斜流泵,,2012-11-26
939317,diaphragm pump ,膜片泵,,2012-11-26
939318,dual pump ,双泵,,2012-11-26
939319,eccentric pump ,偏心泵,,2012-11-26
939320,feed pump ,供油泵；给水泵,,2012-11-26
939321,fuel injection pump ,燃料喷射泵；喷油泵,,2012-11-26
939322,heat pump ,热泵,,2012-11-26
939323,hydraulic pump ,液压泵,,2012-11-26
939324,jet pump ,喷射泵,,2012-11-26
939325,multi-stage pump ,多段泵,,2012-11-26
939326,oil pump ,油泵,,2012-11-26
939327,piston pump,活塞泵,,2012-11-26
939328,plunger pump ,柱塞泵,,2012-11-26
939329,propeller pump ,旋叶泵,,2012-11-26
939330,reciprocating pump ,往复泵,,2012-11-26
939331,roller pump ,滚子泵,,2012-11-26
939332,rotary pump ,旋转泵,,2012-11-26
939333,rotor pump ,转子泵,,2012-11-26
939334,screw pump ,螺旋泵,,2012-11-26
939335,self-priming pump,自吸式泵,,2012-11-26
939336,single-acting pump ,单动泵,,2012-11-26
939337,submerged pump ,沉水泵,,2012-11-26
939338,turbine pump ,轮机泵,,2012-11-26
939339,vane pump ,轮叶泵,,2012-11-26
939340,vertical pump ,垂直泵,,2012-11-26
939341,volute pump ,涡卷泵,,2012-11-26
939342,water pump ,水泵,,2012-11-26
939343,pump efficiency,泵效率,,2012-11-26
939344,push plate conveyor,推板运送机,,2012-11-26
939345,pushing weeder,手推式除草器,,2012-11-26
939346,quick attaching coupler,快速连接器,,2012-11-26
939347,quick coupler,快速接头；快速连接器,,2012-11-26
939348,quick return motion,急回运动,,2012-11-26
939349,radiator,散热器；水箱,,2012-11-26
939350,radish harvester,萝卜收获机,,2012-11-26
939351,raise-up chain,扶起链,,2012-11-26
939352,raise-up frame,扶起架,,2012-11-26
939353,raise-up tine,扶起爪,,2012-11-26
939354,rake,草耙,,2012-11-26
939355,belt type rake ,带式草耙,,2012-11-26
939356,buck rake ,框式集草耙,,2012-11-26
939357,dump rake ,卸耙,,2012-11-26
939358,finger-wheel rake ,指轮式草耙,,2012-11-26
939359,hay rake ,牧草耙,,2012-11-26
939360,mower rake ,集草器,,2012-11-26
939361,rake angle,耕起角,,2012-11-26
939362,rake-up finger,耙草爪,,2012-11-26
939364,side delivery rake ,侧送草耙,,2012-11-26
939365,sweep rake ,集草耙,,2012-11-26
939366,tedder and rake ,摊草器,,2012-11-26
939367,rake-up finger,耙草爪,,2012-11-26
939369,ramie free beater,苎麻剥皮机,,2012-11-26
939370,range of deposit,撒布范围,,2012-11-26
939371,rate of broken rice,碎米率,,2012-11-26
939372,rate of drying,干燥速率,,2012-11-26
939373,rate of feed,进给率,,2012-11-26
939374,rate of soil pulverization,碎土率,,2012-11-26
939375,rate of unstripped embryo,胚芽残存率,,2012-11-26
939376,rated horsepower,额定马力,,2012-11-26
939377,rated rpm,额定转速,,2012-11-26
939378,rated speed,额定速率,,2012-11-26
939379,ratio of husked rice,脱壳率,,2012-11-26
939380,ratio of peripheral velocity difference,周边速度差率,,2012-11-26
939381,ratio of revolution difference,转速差率,,2012-11-26
939382,ratio of rotating speed difference,转速差率,,2012-11-26
939383,re-threshing drum,二次脱粒筒,,2012-11-26
939384,reaper,收割机,,2012-11-26
939385,reaper binder,割捆机,,2012-11-26
939386,reaping against lodging,逆割,,2012-11-26
939387,reaping following lodging,顺割,,2012-11-26
939388,rear axle,后轮轴,,2012-11-26
939389,rear cart,手拉车,,2012-11-26
939390,rear furrow wheel,尾轮,,2012-11-26
939391,rear-mounted,后承载式,,2012-11-26
939392,rear wheel drive tractor,后轮驱动式曳引机,,2012-11-26
939393,rearward overturning,后翻,,2012-11-26
939394,reciprocating cutter,往复式割刀,,2012-11-26
939395,reciprocating knife,往复式割刀,,2012-11-26
939396,reciprocating knife mower,往复[割刀]式剪草机,,2012-11-26
939397,reciprocating pump,往复泵,,2012-11-26
939398,reciprocating sieve,往复式筛,,2012-11-26
939399,reclamating hoe,开垦锄,,2012-11-26
939400,reclamating machine,开垦机械,,2012-11-26
939401,reclamation,开垦,,2012-11-26
939402,reed,簧片,,2012-11-26
939403,reel,耙轮；卷轴,,2012-11-26
939404,refrigerant,冷媒,,2012-11-26
939405,refrigerating capacity,冷冻能量,,2012-11-26
939406,refrigerating container,冷冻库；冷冻货柜,,2012-11-26
939407,refrigerating machine,冷冻机,,2012-11-26
939408,refrigerating ton,冷冻吨,,2012-11-26
939409,refrigeration,冷冻,,2012-11-26
939410,refrigerator,冷冻机；冰箱,,2012-11-26
939411,refrigerator truck,冷藏卡车；冷冻车,,2012-11-26
939412,regenerator,回热器；再生器；蓄热器,,2012-11-26
939413,regulating valve,调节阀,,2012-11-26
939414,relative humidity,相对湿度,,2012-11-26
939415,releaser,释放器,,2012-11-26
939416,remote control,遥控,,2012-11-26
939417,retarder flap,挡板,,2012-11-26
939418,return plowing,来回耕法,,2012-11-26
939419,reversible disc plow,双向圆盘犁；双向碟犁,,2012-11-26
939420,reversible plow,双向犁,,2012-11-26
939421,revolution per minute; rpm,每分钟转数,,2012-11-26
939422,revolving sifter,回转筛,,2012-11-26
939423,Reynolds number,雷诺数,,2012-11-26
939424,ribbed roll,肋式滚轮,,2012-11-26
939425,rice center,稻谷处理中心,,2012-11-26
939426,rice drying plant,稻谷干燥厂,,2012-11-26
939427,processing and storage plant rice drying ,稻谷处理工厂,,2012-11-26
939428,rice grader,稻米分级机,,2012-11-26
939429,rice huller,砻谷机,,2012-11-26
939430,rice husker,砻谷机,,2012-11-26
939431,rice mill,碾米厂,,2012-11-26
939432,rice milling machine,碾米机,,2012-11-26
939433,rice milling plant,碾米厂,,2012-11-26
939434,rice nursery seeder,水稻育苗用播种机,,2012-11-26
939435,rice polishing machine,精米机,,2012-11-26
939436,rice processing facility,稻米加工设施,,2012-11-26
939437,rice processing plant,稻米加工厂,,2012-11-26
939438,rice sheller,砻谷机,,2012-11-26
939439,rice sorter,稻米选别机,,2012-11-26
939440,rice transplanter,挿秧机,,2012-11-26
939441,rice whitening machine,精米机,,2012-11-26
939442,ricker,堆草机,,2012-11-26
939443,ridge,畦；隆起缘； 脊,,2012-11-26
939444,ridge breaking,破畦,,2012-11-26
939445,ridge making,筑畦；作畦,,2012-11-26
939446,ridge plow,培土犁,,2012-11-26
939447,ridger,作畦器,,2012-11-26
939448,riding tractor,乘坐式曳引机,,2012-11-26
939449,riding type rice transplanter,乘坐式挿秧机,,2012-11-26
939450,rigid drawbar,固定式拖杆,,2012-11-26
939451,ring nozzle,环状喷嘴,,2012-11-26
939452,ripper,破土犁,,2012-11-26
939453,rock picker,拣石机,,2012-11-26
939454,rock shaft,摇轴,,2012-11-26
939455,rod screen,杆筛,,2012-11-26
939456,rod weeder,杆式除草机,,2012-11-26
939457,roll baler,滚卷式打包机,,2012-11-26
939458,roll clearance,滚轮间隙,,2012-11-26
939459,roll mill,滚轮粉碎机； 滚筒磨粉机；滚轮压榨机,,2012-11-26
939460,roll-over protective structures; ROPS,翻覆保护架,,2012-11-26
939461,roller,滚子；滚轮,,2012-11-26
939462,Cambridge roller ,棘状滚轮,,2012-11-26
939463,croskill roller ,齿状[锁压]滚轮,,2012-11-26
939464,final tea roller ,茶叶精揉机,,2012-11-26
939465,flat roller,滑面滚轮,,2012-11-26
939466,land roller ,压土滚轮,,2012-11-26
939467,pack roller ,锁压轮；滚轮,,2012-11-26
939468,plain roller ,滑面滚子；普通滚子；光面滚子,,2012-11-26
939469,press roller ,镇压轮；滚子,,2012-11-26
939470,roller baler,滚卷式打包机,,2012-11-26
939471,roller conveyor,滚轮运送机,,2012-11-26
939472,roller dryer,滚筒式干燥机,,2012-11-26
939473,roller pump,滚子泵,,2012-11-26
939474,smooth roller,光面滚子,,2012-11-26
939475,star roller ,星形滚轮,,2012-11-26
939476,tea roller ,揉茶机,,2012-11-26
939477,track carrier roller ,履带支架滚轮；履带上滚轮,,2012-11-26
939478,track roller ,履带地滚轮；履带下滚轮,,2012-11-26
939479,rolling coulter,滚动切土器,,2012-11-26
939480,rolling cultivator,滚动式中耕器,,2012-11-26
939481,rolling friction,滚动摩擦,,2012-11-26
939482,rolling resistance,滚动阻力,,2012-11-26
939483,roof vent,天窗,,2012-11-26
939484,roof ventilator,屋顶通风器,,2012-11-26
939485,root cutter,切根器,,2012-11-26
939486,root harvester,根类收获机；根菜收获机,,2012-11-26
939487,root lifter,根菜挖掘机；根菜拔取机,,2012-11-26
939488,root puller,根菜拔取机,,2012-11-26
939489,root washer,根菜洗涤机,,2012-11-26
939490,rooter,拔根机；挖根机,,2012-11-26
939491,rope take-up device,卷绳机,,2012-11-26
939492,rope way,索道,,2012-11-26
939494,rotary chopper,回转切断机,,2012-11-26
939495,rotary cultivator,回转式中耕机,,2012-11-26
939496,rotary cutter knife,回转刀,,2012-11-26
939497,rotary disk mower,转盘式剪草机,,2012-11-26
939498,rotary ditcher,回转开沟器,,2012-11-26
939499,rotary drum mower,转筒式剪草机,,2012-11-26
939500,rotary dryer,回转式干燥机,,2012-11-26
939501,rotary grass cutter,回转式剪草机,,2012-11-26
939502,rotary haymaker,回转式翻草机,,2012-11-26
939503,rotary hoe,回转锄,,2012-11-26
939504,rotary mower,回转式剪草机,,2012-11-26
939505,rotary plow,回转犁,,2012-11-26
939506,rotary pump,旋转泵,,2012-11-26
939507,rotary screen,旋转筛,,2012-11-26
939508,rotary tedder,回转式干草机,,2012-11-26
939509,rotary tiller,驱动式耕耘机；回转犁,,2012-11-26
939510,rotary weeder,回转除草器；回转除草机,,2012-11-26
939511,rotation of crops,轮作,,2012-11-26
939512,rotor,转子,,2012-11-26
939513,rotor pump,转子泵,,2012-11-26
939514,rotor shaft(tiller),耕耘轴,,2012-11-26
939515,rotor speed,转子速率,,2012-11-26
939516,round baler,滚卷式打包机,,2012-11-26
939517,roundabout plowing,回转耕法；连续耕法,,2012-11-26
939518,row application,条状撒布,,2012-11-26
939519,row crop cultivator,行栽作物中耕器,,2012-11-26
939520,row crop tractor,行栽作物曳引机,,2012-11-26
939521,row drill,条播机,,2012-11-26
939522,row planter,条播机,,2012-11-26
939523,row spacing,行距,,2012-11-26
939524,row width,行宽,,2012-11-26
939525,rpm; revolution perminute,每分钟转数,,2012-11-26
939526,rubber roll,橡胶滚轮；橡胶滚筒,,2012-11-26
939527,rubber roll husker,橡胶滚筒式砻谷机；橡胶滚筒式脱壳机,,2012-11-26
939528,rubber wheel,橡胶轮,,2012-11-26
939529,rubber opener,滑板开沟器,,2012-11-26
939530,running device,运转装置；行驶装置,,2012-11-26
939531,running gear,运转机构；运转齿运,,2012-11-26
939532,running in,适配运转；启用运转,,2012-11-26
939533,running resistance,运转阻力；行驶阻力,,2012-11-26
939534,rush split machine,剖蔺草机,,2012-11-26
939535,sack storage,袋装储藏,,2012-11-26
939537,safe load,安全负载,,2012-11-26
939538,safety cab,安全驾驶室,,2012-11-26
939539,safety clutch,安全离合器,,2012-11-26
939540,safety device,安全装置,,2012-11-26
939541,safety frame,安全架,,2012-11-26
939542,safety gap,安全间隙,,2012-11-26
939543,safety guard,安全罩,,2012-11-26
939544,safety hitch,安全连接器,,2012-11-26
939545,safety release clutch,安全释放离合器,,2012-11-26
939546,safety spring trip,安全弹簧跳动装置,,2012-11-26
939547,sampler,取样器,,2012-11-26
939548,sawing machine,锯机,,2012-11-26
939549,scaler,去锈器；除垢器；计数器,,2012-11-26
939550,scalper,刮筛；回转筛,,2012-11-26
939551,scattered grain,飞散粒,,2012-11-26
939552,scavenging stroke,驱气冲程；扫气冲程,,2012-11-26
939553,scoop,杓；铲,,2012-11-26
939554,scoop wheel,汲水轮,,2012-11-26
939555,scrape dozer,刮土机,,2012-11-26
939556,scraper,刮板；刮土板；刮土片；刮削器；刮刀；刮连机,,2012-11-26
939557,hoe scraper ,锄形刮土板,,2012-11-26
939558,bark scraper,去树皮机,,2012-11-26
939559,manure scraper ,堆肥刮除机,,2012-11-26
939561,scraper conveyor,刮板运送机,,2012-11-26
939562,sugar cane leaf scraper ,甘蔗剥叶机,,2012-11-26
939563,screen,筛；网,,2012-11-26
939564,automatic grain screen ,谷粒自动筛,,2012-11-26
939565,bran separating screen ,米糠筛网,,2012-11-26
939566,flat screen ,平面筛,,2012-11-26
939567,grain screen ,谷筛,,2012-11-26
939568,inclined screen ,斜面筛,,2012-11-26
939569,rod screen ,杆筛,,2012-11-26
939570,rotary screen ,旋转筛,,2012-11-26
939571,shaking grain screen,摇动谷筛,,2012-11-26
939572,vibrating screen ,振动筛,,2012-11-26
939573,screening accuracy,筛选精度,,2012-11-26
939574,screw conveyor,螺旋运送机,,2012-11-26
939575,screw pump,螺旋泵,,2012-11-26
939576,screw tiller,螺旋式耕耘机；螺旋犁,,2012-11-26
939577,scythe,大镰刀,,2012-11-26
939578,sealed silo,密闭圆筒仓,,2012-11-26
939579,secondary tillage,次犁耕；次期耕耘,,2012-11-26
939580,sector blow head,扇形喷头,,2012-11-26
939581,sector nozzle,扇形喷头,,2012-11-26
939582,seed bed,苗床,,2012-11-26
939583,seed boot,种子导管,,2012-11-26
939584,seed box,种子箱,,2012-11-26
939585,seed cell plate,种子盘,,2012-11-26
939586,seed cleaner,种子精选机,,2012-11-26
939587,seed coating machine,种子包覆机,,2012-11-26
939588,seed damage,种子损伤；谷粒损伤,,2012-11-26
939589,seed disinfector,种子消毒机；种子消毒器,,2012-11-26
939590,seed furrow,播种沟,,2012-11-26
939591,seed grader,种子分级机,,2012-11-26
939592,seed hopper,种子箱,,2012-11-26
939593,seed opener,播种开沟器,,2012-11-26
939594,seed plate,种子盘,,2012-11-26
939595,seed processing facility,种子处理设施,,2012-11-26
939596,seed processing plant,种子处理厂,,2012-11-26
939597,seed regulator,种子配出器,,2012-11-26
939598,seed spout,种子导管,,2012-11-26
939599,seed sterilizer,种子消毒机,,2012-11-26
939600,seed tape,种子带,,2012-11-26
939601,seed treatment,种子处理；种子预措,,2012-11-26
939602,seed tube,种子导管,,2012-11-26
939603,seeder,播种机,,2012-11-26
939604,seeding machine,播种机,,2012-11-26
939605,seedling,苗,,2012-11-26
939606,seedling tray,苗箱；苗台,,2012-11-26
939607,selective transmission,选择变速传动,,2012-11-26
939608,self-binder,自动割捆机,,2012-11-26
939609,self-feed silage rack,自给式青贮饲料槽,,2012-11-26
939610,self-feeding thresher,自给式脱谷机；自给式脱粒机,,2012-11-26
939611,self-loading wagon,自装式搬运车,,2012-11-26
939612,self-priming pump,自吸式泵,,2012-11-26
939613,self-propelled,自走式,,2012-11-26
939614,self-propelled thresher,自走式脱谷机,,2012-11-26
939615,semi-automatic,半自动式,,2012-11-26
939617,semi-automatic potato planter,半自动马铃薯种植机,,2012-11-26
939618,semi-crawler,半履带式,,2012-11-26
939619,semi-mounted,半承载式,,2012-11-26
939620,semi-track,半履带式,,2012-11-26
939621,semi-tracklayer,半履带式,,2012-11-26
939622,separating finger,分离爪,,2012-11-26
939623,separator,分离机；分离器；选别机；选别器,,2012-11-26
939624,air separator ,气力选别机,,2012-11-26
939625,belt separator ,皮带式选别机,,2012-11-26
939626,bran separator ,米糠分离器,,2012-11-26
939627,centrifugal separator ,离心式分离器,,2012-11-26
939628,cream separator ,乳油分离机,,2012-11-26
939629,cyclone separator ,旋风分离器,,2012-11-26
939630,cylinder type separator ,圆筒式选别器,,2012-11-26
939631,deflection separator ,折流分离器,,2012-11-26
939632,disk separator ,圆盘分离器,,2012-11-26
939633,grain separator ,谷粒选别机,,2012-11-26
939634,haulm separator ,茎叶分离器,,2012-11-26
939635,hydraulic separator ,水力分离机,,2012-11-26
939636,indent separator ,锯齿状分离器,,2012-11-26
939637,magnetic separator ,磁选机；磁力分离器,,2012-11-26
939638,oscillating separator ,摆动选别机,,2012-11-26
939641,slurry separator ,粪尿分离机,,2012-11-26
939642,spiral separator ,螺旋分离机,,2012-11-26
939643,tea stalk separator ,茶梗分离机,,2012-11-26
939644,sericultural equipment,养蚕设备,,2012-11-26
939645,serrated sickle,锯齿镰刀,,2012-11-26
939646,service life,耐用年限,,2012-11-26
939647,service manual,修护手册,,2012-11-26
939648,shake-catch method,振动采收法,,2012-11-26
939649,shaker,摇动采收机；振动采收机,,2012-11-26
939650,shaker potato digger,振筛式马铃薯挖掘机,,2012-11-26
939651,shaking,摇动；振动,,2012-11-26
939652,shaking conveyor,摇动运送机,,2012-11-26
939653,shaking grain screen,摇动谷筛,,2012-11-26
939654,shaking separator,摇动选别机,,2012-11-26
939655,shaking sifter,摇动筛,,2012-11-26
939656,shallow sowing,浅播,,2012-11-26
939657,shank,犁柱；犁辕；柄,,2012-11-26
939658,share,犁头,,2012-11-26
939659,share point,犁尖,,2012-11-26
939660,share throat,犁铲刃缘,,2012-11-26
939661,share wing,犁翼,,2012-11-26
939662,sheaf carrier,束送装置,,2012-11-26
939663,sheaf cutter,压切器,,2012-11-26
939664,sheaf-less threshing,零散脱粒,,2012-11-26
939665,sheaf thresing,成束脱粒,,2012-11-26
939666,shearing machine,剪毛机；剪机,,2012-11-26
939667,sheath removing device,草杆去除装置,,2012-11-26
939668,sheave,槽轮,,2012-11-26
939669,sheep clippers,羊毛剪,,2012-11-26
939670,sheep docking pincers,断[羊]尾器,,2012-11-26
939671,sheep shears,羊毛剪,,2012-11-26
939672,shelled rice,糙米,,2012-11-26
939673,shield,护板；盖板；屏障；罩,,2012-11-26
939674,shift level,排档杆,,2012-11-26
939675,shin,犁胫,,2012-11-26
939676,shoe opener,靴式开沟器,,2012-11-26
939677,shoot remover,剪枝机,,2012-11-26
939678,shovel,铲；挖掘铲；中耕爪,,2012-11-26
939679,shredder,切碎机；撕散机,,2012-11-26
939680,shrink package,收缩包装,,2012-11-26
939681,shutter,档门；快门,,2012-11-26
939683,sickle,镰刀,,2012-11-26
939684,side attached subsoiler,侧装式心土犁,,2012-11-26
939685,side delivery rake,侧送草耙,,2012-11-26
939686,side divider,分草杆,,2012-11-26
939687,side draft,侧向拉力,,2012-11-26
939688,side dressing,侧方施肥,,2012-11-26
939689,side drive,侧向驱动,,2012-11-26
939690,side mounted type,侧承载式；旁载式,,2012-11-26
939691,side suction,水平吸引；侧吸引,,2012-11-26
939692,side delivery reaper,侧送式收割机,,2012-11-26
939693,sideway overturning,侧向翻覆,,2012-11-26
939694,sidewise feeding,横向进给,,2012-11-26
939695,sieve,筛,,2012-11-26
939696,chaffer sieve ,[联合收获机]谷筛,,2012-11-26
939697,cleaning sieve ,清洁筛,,2012-11-26
939698,earth sieve ,筛土机,,2012-11-26
939699,grain sieve ,谷筛,,2012-11-26
939700,horizontal sieve ,水平筛,,2012-11-26
939701,inclined sieve ,斜面筛,,2012-11-26
939702,reciprocating sieve ,往复式筛,,2012-11-26
939703,sieve sorter,筛选机,,2012-11-26
939704,trommel sieve,圆筒筛,,2012-11-26
939705,vibrating sieve ,振动筛,,2012-11-26
939706,sifter,筛,,2012-11-26
939707,silage,青贮料,,2012-11-26
939708,silage blower,青贮料吹送机,,2012-11-26
939709,silage distributor,青贮料分配机,,2012-11-26
939710,silage unloader,青贮料卸料机,,2012-11-26
939711,silencer,消音器,,2012-11-26
939712,silo,圆筒仓；青贮塔,,2012-11-26
939713,air tight silo ,气密式圆筒仓,,2012-11-26
939714,bunker silo ,青贮槽,,2012-11-26
939715,gas tight silo ,气密式圆筒仓,,2012-11-26
939716,grain silo ,谷物圆筒仓,,2012-11-26
939717,grain storage silo ,谷物圆筒仓,,2012-11-26
939718,interstice silo ,圆筒副仓,,2012-11-26
939719,sealed silo,密闭圆筒仓,,2012-11-26
939720,silo filler,圆筒仓进仓机,,2012-11-26
939721,silo unloader,圆筒仓出仓机,,2012-11-26
939727,simple tillage,简易整地,,2012-11-26
939728,single bottom plow,单底板犁,,2012-11-26
939729,single cylinder engine,单缸引擎,,2012-11-26
939730,single disk clutch,单片式离合器,,2012-11-26
939731,single disk opener,单盘开沟器,,2012-11-26
939732,single front wheel tractor,单前轮曳引机；三轮曳引机,,2012-11-26
939733,single head nozzle,单头喷嘴,,2012-11-26
939734,single hole blow head,单孔喷头,,2012-11-26
939735,single hole type  nozzle,单孔喷嘴,,2012-11-26
939736,single purpose,专用式,,2012-11-26
939737,single wheel tractor,单轮式曳引机,,2012-11-26
939738,single-acting atomizer,单动式喷雾机,,2012-11-26
939739,single-acting cylinder,单动式液压缸,,2012-11-26
939740,single-acting disk harrow,单列式圆盘耙,,2012-11-26
939741,single-acting plunger type,单动柱塞式,,2012-11-26
939742,single-acting pump,单动泵,,2012-11-26
939743,size reduction device,粉碎设备；减积设备,,2012-11-26
939744,sizer,大小选别机,,2012-11-26
939745,sizing,大小分级,,2012-11-26
939746,skid,阻力棒；滑板；滑橇,,2012-11-26
939747,skid ring,止滑轮；止滑环,,2012-11-26
939748,skimmer,副犁,,2012-11-26
939749,skin drying,表面干燥,,2012-11-26
939750,slant,倾斜；斜面,,2012-11-26
939751,slat conveyor,板条运送机,,2012-11-26
939752,slat plow,板条犁,,2012-11-26
939753,slatted bottom plow,板条犁,,2012-11-26
939754,slatted moldboard plow,板条犁,,2012-11-26
939755,sledge,大锤；撬；雪车,,2012-11-26
939756,slippage,打滑；打滑率；滑动,,2012-11-26
939757,slip percentage,打滑率,,2012-11-26
939758,slow motion vehicle emblem;SMV,慢速车标志,,2012-11-26
939759,slurry injector,粪尿注入器,,2012-11-26
939760,slurry lorry,水肥车,,2012-11-26
939761,slurry mixer,粪尿搅拌机,,2012-11-26
939762,slurry separator,粪尿分离机,,2012-11-26
939763,slurry spreader,粪尿撒布机,,2012-11-26
939764,slurry storage tank,粪尿储存槽,,2012-11-26
939765,slurry tanker,水肥车,,2012-11-26
939766,smoker,薰烟机,,2012-11-26
939767,smooth roller,光面滚子,,2012-11-26
939769,soaking type cooling,浸泡式冷却,,2012-11-26
939770,Society of Automotive Engineers; SAE,美国汽车工程师协会,,2012-11-26
939771,sod plow,草地犁,,2012-11-26
939772,soil block making machine,土块制造机,,2012-11-26
939773,soil disinfector,土壤消毒机,,2012-11-26
939774,soil fumigator,土壤消毒机；土壤薰蒸机,,2012-11-26
939775,soil improvement,土壤改良,,2012-11-26
939776,soil pulverizer,碎土机,,2012-11-26
939777,soil scattering machine,撒土机械；入土机,,2012-11-26
939778,soil treatment,土壤处理,,2012-11-26
939779,soil warming,土壤加温,,2012-11-26
939780,soil warming system,土壤加温系统,,2012-11-26
939781,soilless culture,无土栽培,,2012-11-26
939782,sole pan,耕盘,,2012-11-26
939783,solid tire,实心轮胎,,2012-11-26
939784,sorter,选别机,,2012-11-26
939785,color sorter ,颜色选别机,,2012-11-26
939786,drum sorter ,滚筒选别机,,2012-11-26
939787,rice sorter ,稻米选别机,,2012-11-26
939788,sieve sorter,筛选机,,2012-11-26
939789,specific gravity sorter,比重选别机,,2012-11-26
939790,weight sorter ,重量选别机,,2012-11-26
939791,sorting,分级；分类；选别,,2012-11-26
939792,sorting maching,选别机,,2012-11-26
939793,sowing in furrows,沟播,,2012-11-26
939794,sowing in hills,团播,,2012-11-26
939795,sowing in holes,穴播,,2012-11-26
939796,sowing in lines,条播,,2012-11-26
939797,sowing in strips,带播；条播,,2012-11-26
939798,spade,铲,,2012-11-26
939799,spade harrow,铲耙,,2012-11-26
939800,specific gravity sorter,比重选别机,,2012-11-26
939801,specific resistance of soil,土壤单位阻力,,2012-11-26
939802,speed change gear,变速齿轮；变速机构,,2012-11-26
939803,speed sprayer,高速喷雾机,,2012-11-26
939804,spike tooth,钉齿,,2012-11-26
939805,spike tooth harrow,钉齿耙,,2012-11-26
939806,spinner type potato digger,回转抛出型马铃薯挖掘机,,2012-11-26
939807,spiral chute,螺旋滑槽,,2012-11-26
939808,spiral rotor,螺旋转子,,2012-11-26
939809,spiral separator,螺旋分离机,,2012-11-26
939810,spool valve,线轴阀；短管阀,,2012-11-26
939811,spout,导管；斜槽；流出口,,2012-11-26
939812,spouted bed dryer,喷流层干燥机,,2012-11-26
939813,spray dryer,喷雾式干燥机,,2012-11-26
939814,spray hose,喷雾软管,,2012-11-26
939815,spray lance,喷雾杆；喷雾管,,2012-11-26
939816,spray pattern,喷雾形状,,2012-11-26
939817,spray rod,喷雾杆,,2012-11-26
939818,spray type cooling,喷雾冷却,,2012-11-26
939819,spray type vegetable washer,喷雾式洗菜机,,2012-11-26
939820,sprayer,喷雾机；喷雾器,,2012-11-26
939821,aerial sprayer ,空中喷雾机,,2012-11-26
939822,air blast sprayer ,鼓风式喷雾机,,2012-11-26
939823,airplane sprayer ,空中喷雾机,,2012-11-26
939824,blast sprayer ,微粒喷雾机,,2012-11-26
939825,boom sprayer ,杆架式喷雾机,,2012-11-26
939827,flame sprayer ,喷火器,,2012-11-26
939828,hand sprayer ,人力喷雾机,,2012-11-26
939829,knapsack lever sprayer,[半自动]背负式摇杆喷雾器,,2012-11-26
939830,lever sprayer,[半自动式]摇杆喷雾器,,2012-11-26
939831,low volume sprayer ,微量喷雾机,,2012-11-26
939832,manual sprayer ,人力喷雾器,,2012-11-26
939833,mist sprayer ,微粒喷雾机,,2012-11-26
939834,portable power sprayer,移动式动力喷雾机,,2012-11-26
939835,power sprayer ,动力喷雾机,,2012-11-26
939836,ultra low volume sprayer,超微量喷雾机,,2012-11-26
939837,spreader,撒布机；撒播机,,2012-11-26
939838,spreading device,撒布装置,,2012-11-26
939839,spreading plate,撒布板,,2012-11-26
939840,spring tooth,弹簧齿,,2012-11-26
939841,spring tooth harrow,弹簧齿耙,,2012-11-26
939842,sprinkler,喷洒器；喷洒设备,,2012-11-26
939843,sprinkler lateral,喷洒支管,,2012-11-26
939844,sprinkler nozzle,洒水喷头,,2012-11-26
939845,sprinkler main line,喷洒干管,,2012-11-26
939846,sprinkling,喷洒；撒布,,2012-11-26
939847,sprinkling pattern,喷洒形状,,2012-11-26
939848,sprinkling pattern efficiency,喷洒分布效率,,2012-11-26
939849,square harrow,方形耙,,2012-11-26
939850,S-shaped harrow,S形耙,,2012-11-26
939851,stabilizer,防摆器；安定器,,2012-11-26
939852,stack silo,干草仓,,2012-11-26
939853,stack wagon,干草拖车,,2012-11-26
939854,stacker,堆集机,,2012-11-26
939855,stagnation pressure,滞压,,2012-11-26
939856,stalk cutter,切杆器,,2012-11-26
939857,stanchion,牛颈框,,2012-11-26
939858,standard,犁柱；标准器,,2012-11-26
939859,standard tractor,标准式曳引机,,2012-11-26
939860,standardization,标准化,,2012-11-26
939861,star roller,星形滚轮,,2012-11-26
939862,star wheel,星形轮,,2012-11-26
939863,static overturning angle,静翻覆角,,2012-11-26
939864,static pressure efficiency,静压效率,,2012-11-26
939865,stationary-,定置式,,2012-11-26
939866,stationary hay baler,定置式干草打包机,,2012-11-26
939867,steam disinfector,蒸汽消毒机,,2012-11-26
939868,steam fog generator,蒸汽烟雾机；蒸汽烟雾器,,2012-11-26
939869,steam heater,蒸汽加热器,,2012-11-26
939870,steam heating,蒸汽加热,,2012-11-26
939871,steel silo,钢质圆筒仓；铁皮仓,,2012-11-26
939872,steel wheel,铁轮,,2012-11-26
939873,steering,驾驶；转向,,2012-11-26
939874,steering apparatus,转向装置,,2012-11-26
939875,steering brake,转向煞车；转向制动器,,2012-11-26
939876,steering cluth,转向离合器,,2012-11-26
939877,steering gear,转向机构；转向齿轮,,2012-11-26
939878,steering lever,转向杠杆,,2012-11-26
939879,steering system,转向系统,,2012-11-26
939880,steering wheel,方向盘；驾驶盘；转向轮,,2012-11-26
939881,stepladder,四脚梯,,2012-11-26
939882,stepped V-pulley,三角皮带塔轮,,2012-11-26
939883,stone eliminating machine,去石机,,2012-11-26
939884,stone grist mill,石臼磨粉机,,2012-11-26
939885,stone mortar,石臼,,2012-11-26
939886,stone picker,捡石机,,2012-11-26
939887,stone sorting machine,去石机,,2012-11-26
939888,storage,储藏,,2012-11-26
939889,bag storage ,袋装储藏,,2012-11-26
939890,bulk storage ,散装储藏,,2012-11-26
939891,CA storage ,环境控制储藏；气调储藏,,2012-11-26
939892,cold storage ,冷藏[库],,2012-11-26
939893,controlled atmosphere storage ,环境控制储藏；气调储藏,,2012-11-26
939894,conventional cold storage ,传统式冷藏,,2012-11-26
939895,curing storage ,保藏,,2012-11-26
939897,freezing storage ,冷冻储藏,,2012-11-26
939898,grain storage  ,谷物储藏,,2012-11-26
939899,sack storage ,袋装储藏,,2012-11-26
939900,storage bin,储仓,,2012-11-26
939901,storage drying,储藏干燥,,2012-11-26
939902,storage facility,储藏设备,,2012-11-26
939903,storage houdse,储藏库,,2012-11-26
939904,storage room,储藏室,,2012-11-26
939905,storage tank,储藏箱；储存槽,,2012-11-26
939906,temporary storage,暂时储存,,2012-11-26
939907,two-step cold storage,二段式冷藏[库],,2012-11-26
939908,vacuum storage ,真空储藏,,2012-11-26
939909,ventilated storage ,通风储藏,,2012-11-26
939911,straight dozer,正铲推土机,,2012-11-26
939912,straight tine,直爪,,2012-11-26
939913,strake,防滑[车轮]轮铁,,2012-11-26
939914,straw binder,草杆捆束器,,2012-11-26
939915,straw cutter,切草器,,2012-11-26
939916,straw discharger,排草装置,,2012-11-26
939917,straw discharging belt,排草皮带,,2012-11-26
939918,straw discharging chain,排草链,,2012-11-26
939919,straw dropper,草杆集束装置,,2012-11-26
939920,straw mat finisher,草席加工机,,2012-11-26
939921,straw mat loom,草席编织机,,2012-11-26
939922,straw outlet,排草口,,2012-11-26
939923,straw pick-up loader,捡草袋载机,,2012-11-26
939924,straw rack,草杆筛,,2012-11-26
939925,straw sack,草袋,,2012-11-26
939926,straw walker,草杆筛,,2012-11-26
939927,stroke,冲程；行程,,2012-11-26
939928,compression stroke ,压缩冲程,,2012-11-26
939929,exhaust stroke ,排气冲程,,2012-11-26
939930,explosion stroke ,爆发冲程；动力冲程,,2012-11-26
939931,intake stroke ,进气冲程,,2012-11-26
939932,power stroke ,动力冲程,,2012-11-26
939933,scavenging stroke ,驱气冲程；扫气冲程,,2012-11-26
939934,stripper,摘穗机,,2012-11-26
939935,stubble plow,再垦犁；残株犁,,2012-11-26
939936,stubble skimmer,残株副犁,,2012-11-26
939937,stump puller,拔根机,,2012-11-26
939938,stump pulling machine,拔根机,,2012-11-26
939939,stumper,拔根机,,2012-11-26
939940,sub-nozzle,辅助喷嘴,,2012-11-26
939941,sub-transmission,副变速,,2012-11-26
939942,sub-transmission lever,副变速杆,,2012-11-26
939943,submerged pump,沉水泵,,2012-11-26
939944,subsoil packer,心土镇压器,,2012-11-26
939945,subsoil plow,心土犁,,2012-11-26
939946,subsoiler,心土犁,,2012-11-26
939947,subsurface drainage,地下排水,,2012-11-26
939948,suction,吸引,,2012-11-26
939949,suction rate,吸引量；吸引率,,2012-11-26
939950,sugar beet digger,甜菜挖掘机,,2012-11-26
939951,sugar beet harvester,甜菜收获机,,2012-11-26
939952,sugar beet lifter,甜菜挖掘机,,2012-11-26
939953,sugar beet piler,甜菜堆集机,,2012-11-26
939954,sugar beet topper,甜菜去叶机,,2012-11-26
939955,sugar cane harvester,甘蔗采收机,,2012-11-26
939956,sugar cane leaf scraper,甘蔗剥叶机,,2012-11-26
939957,sugar cane press,甘蔗压榨机,,2012-11-26
939958,sulky plow,乘坐式犁,,2012-11-26
939959,sun and planet gear,太阳行星齿轮系,,2012-11-26
939960,sun drying,日晒干燥,,2012-11-26
939961,surface drainage,地表排水,,2012-11-26
939962,surface dressing,表面施肥,,2012-11-26
939963,surface manuring,地表施堆肥,,2012-11-26
939964,surface packer,表土镇压器,,2012-11-26
939965,swamp bulldozer,沼泽地堆土机,,2012-11-26
939966,swath,列行；割宽,,2012-11-26
939967,swath width,[农药]撒布宽度； 割宽,,2012-11-26
939968,swather,收割列行机；[农药]撒布机,,2012-11-26
939969,sway block,防摆块,,2012-11-26
939970,sway chain,防摆链,,2012-11-26
939971,sweep,除草刀；翼形铲,,2012-11-26
939973,sweeper,扫仓机,,2012-11-26
939974,sweet potato digger,甘薯挖掘机,,2012-11-26
939975,sweet potato grater,甘薯分离器,,2012-11-26
939976,sweet potato harvester,甘薯收获机,,2012-11-26
939977,sweet potato vine cutter,甘薯切蔓器,,2012-11-26
939978,swinging drawbar,摆动式拖杆,,2012-11-26
939979,swinging sifter,摇动筛；振动筛,,2012-11-26
939980,swirl nozzle,涡旋喷嘴,,2012-11-26
939981,switch,开关,,2012-11-26
939982,swivel plow,双向犁,,2012-11-26
939983,synchro-mesh transmission,同步啮合传动,,2012-11-26
939984,syphon,虹吸；虹吸管,,2012-11-26
939985,table type forage blower,台式青饲料吹送机,,2012-11-26
939986,tachometer,转速计,,2012-11-26
939987,tail wheel,尾轮,,2012-11-26
939988,tailings auger,残穗回送螺旋,,2012-11-26
939989,tailings elevator,残穗升运机,,2012-11-26
939990,tailings return,残穗回送,,2012-11-26
939991,tailings thrower,残穗投掷器,,2012-11-26
939992,take-up,收紧器,,2012-11-26
939993,take-up drum,绞筒,,2012-11-26
939994,tandem harrow,串列式耙,,2012-11-26
939995,tandem tractor,串列轮曳引机,,2012-11-26
939996,tank car,液柜车,,2012-11-26
939997,tape seeder,带式播种机,,2012-11-26
939998,taro root hair cleaner,芋头去根毛机,,2012-11-26
939999,tea fermentation apparatus,茶叶发酵装置,,2012-11-26
940000,tea grinding mill,茶叶研磨机,,2012-11-26
940001,tea leaf parcher,茶叶烘干机,,2012-11-26
940002,tea machine,制茶机,,2012-11-26
940003,tea packing machine,茶叶包装机,,2012-11-26
940004,tea plucking shears,采茶机,,2012-11-26
940005,tea roaster,茶叶烘培机,,2012-11-26
940006,tea roller,揉茶机,,2012-11-26
940007,tea sifter,茶叶筛选机,,2012-11-26
940008,tea stalk separator,茶梗分离机,,2012-11-26
940009,teat cup,挤乳杯,,2012-11-26
940010,teat cup assembly,挤乳部,,2012-11-26
940011,teat cup cluster,挤乳部,,2012-11-26
940012,teat cup liner,乳杯衬,,2012-11-26
940013,teat cup sell,乳杯壳,,2012-11-26
940015,tedder,摊草器,,2012-11-26
940016,temperature control apparatus,温度控制装置,,2012-11-26
940017,tempering,均化(干燥)；回火；调质,,2012-11-26
940018,tempering dryig method,均化干燥法,,2012-11-26
940019,temporary storage,暂时储存,,2012-11-26
940020,terraced field,梯田,,2012-11-26
940021,thawing,解冻；融化,,2012-11-26
940022,theoretical field capacity,理论田间能量,,2012-11-26
940023,theoretical head,理论水头；理论扬程,,2012-11-26
940024,theoretical horsepower,理论马力,,2012-11-26
940025,thermal efficiency,热效率,,2012-11-26
940026,thermosiphon system,热虹吸系统(引擎冷却),,2012-11-26
940027,thermostat,恒温器；温度调节器；节温器,,2012-11-26
940028,thin layer drying,薄层干燥,,2012-11-26
940029,thinner,疏株器,,2012-11-26
940030,thinning shears,疏枝剪,,2012-11-26
940031,three-point hitch,三点连接,,2012-11-26
940032,three-point linkage,三点连拉装置,,2012-11-26
940033,three-wheel tractor,三轮式曳引机,,2012-11-26
940034,thresher,脱粒机；脱谷机,,2012-11-26
940035,automatic thresher,自动脱粒机,,2012-11-26
940036,comb thresher ,梳型脱粒机,,2012-11-26
940037,foot thresher ,脚踏式脱粒机,,2012-11-26
940038,grain thresher ,谷物脱粒机,,2012-11-26
940040,power thresher ,动力脱粒机,,2012-11-26
940041,self-feeding thresher,自给式脱谷机；自给式脱粒机,,2012-11-26
940042,self-propelled thresher,自走式脱谷机,,2012-11-26
940043,thresher with undercarriage,自走式脱粒机,,2012-11-26
940044,threshing chamber,脱粒室,,2012-11-26
940045,threshing cylinder,脱粒筒,,2012-11-26
940046,threshing loss,脱粒损失,,2012-11-26
940047,threshing tooth,脱粒齿,,2012-11-26
940048,throttle,节流阀,,2012-11-26
940049,throttle lever,油门杆；节流杆,,2012-11-26
940050,throttle valve,节流阀,,2012-11-26
940051,thrower,投掷器；抛送器,,2012-11-26
940052,tight baler,紧式打包机,,2012-11-26
940053,till planting,不整地播种,,2012-11-26
940054,tillage blade,耕耘刀,,2012-11-26
940055,tillage implement and machine,耕耘机具,,2012-11-26
940056,tillage tine,耕耘刀,,2012-11-26
940057,tiller,耕耘机,,2012-11-26
940058,tiller keel,切土轮,,2012-11-26
940059,tillering period,分糱期,,2012-11-26
940060,tilling attachment,耕耘附属农具,,2012-11-26
940061,tilling device,耕耘装置,,2012-11-26
940062,tilling pitch,耕耘间距,,2012-11-26
940063,tilling speed,耕耘速度,,2012-11-26
940064,tilling unit,耕耘部,,2012-11-26
940065,tilt angle,倾斜角,,2012-11-26
940066,tilt-dozer,角铲推土机,,2012-11-26
940067,tine harrow,钉齿耙,,2012-11-26
940068,tine wheel,爪轮,,2012-11-26
940069,tipping trailer,倾卸拖车,,2012-11-26
940070,tire chain,轮胎防滑链条,,2012-11-26
940071,tire gage,胎压计,,2012-11-26
940072,tire inflation pressure,轮胎气压,,2012-11-26
940074,toe-in,前束,,2012-11-26
940075,toe-out,前展,,2012-11-26
940076,ton of refrigeration,冷冻吨,,2012-11-26
940077,tool-bar,农具架,,2012-11-26
940078,tool carrier,农具承载机；农具架式曳引机,,2012-11-26
940079,tooth rotor,爪式转子,,2012-11-26
940080,top cleaner,去梢机；去茎叶机,,2012-11-26
940081,top dressing,追肥,,2012-11-26
940082,top link,上连杆,,2012-11-26
940083,top pick-up device,茎叶捡拾装置,,2012-11-26
940084,top soil plow,表土犁,,2012-11-26
940085,topper,去茎叶机；去梢器,,2012-11-26
940086,torque converter,扭矩变换器,,2012-11-26
940087,torque meter,扭矩计,,2012-11-26
940088,total feed rate,总进给量,,2012-11-26
940089,total head,全水头；总落差,,2012-11-26
940090,total vehicle weight,车辆总重量,,2012-11-26
940091,tower silo,青贮塔,,2012-11-26
940092,track,履带；轨道；辙迹,,2012-11-26
940093,track carrier roller,履带支架滚轮；履带上滚轮,,2012-11-26
940094,track-driving sprocket,履带驱动链轮,,2012-11-26
940095,track frame,轨道支架；履带架,,2012-11-26
940096,track roller,履带地滚轮；履带下滚轮,,2012-11-26
940097,track shoe,履带跑板,,2012-11-26
940098,track shoe width,履带跑板宽度,,2012-11-26
940099,track type tractor,履带式曳引机,,2012-11-26
940100,tracklayer,履带,,2012-11-26
940101,tracklayer tractor,履带式曳引机,,2012-11-26
940102,traction dynamometer,牵引力测力器,,2012-11-26
940103,traction efficiency,牵引效率,,2012-11-26
940104,traction method,牵引法,,2012-11-26
940105,traction ratio,牵引比,,2012-11-26
940106,tractive efficiency,牵引效率,,2012-11-26
940107,tractive force,牵引力,,2012-11-26
940108,tractor mounted front-end loader,曳引机前载式铲斗,,2012-11-26
940109,tractor,曳引机,,2012-11-26
940110,agricultural tractor ,农用曳引机,,2012-11-26
940111,all-purpose tractor ,泛用型曳引机,,2012-11-26
940112,articulated frame steering tractor ,活节转向式曳引机,,2012-11-26
940113,crawler tractor ,履带式曳引机,,2012-11-26
940114,farm tractor ,农用曳引机,,2012-11-26
940115,four-wheel drive tractor ,四轮驱动式曳引机,,2012-11-26
940116,four-wheel tractor ,四轮曳引机,,2012-11-26
940117,garden tractor ,园圃曳引机,,2012-11-26
940118,general purpose tractor ,通用型曳引机,,2012-11-26
940119,high-clearance tractor ,高架式曳引机,,2012-11-26
940120,hillside tractor ,坡地曳引机,,2012-11-26
940121,industrial tractor ,工业用曳引机,,2012-11-26
940122,orchard tractor ,果园曳引机,,2012-11-26
940123,pedestrian tractor ,步行式曳引机；耕耘机,,2012-11-26
940124,rear wheel drive tractor ,后轮驱动式曳引机,,2012-11-26
940125,riding tractor ,乘坐式曳引机,,2012-11-26
940126,row crop tractor ,行栽作物曳引机,,2012-11-26
940127,single front wheel tractor,单前轮曳引机；三轮曳引机,,2012-11-26
940128,single wheel tractor,单轮式曳引机,,2012-11-26
940129,standard tractor,标准式曳引机,,2012-11-26
940130,tandem tractor ,串列轮曳引机,,2012-11-26
940131,three-wheel tractor,三轮式曳引机,,2012-11-26
940132,track type tractor,履带式曳引机,,2012-11-26
940133,tracklayer tractor,履带式曳引机,,2012-11-26
940134,tractor mounted front-end loader,曳引机前载式铲斗,,2012-11-26
940135,tractor plow,曳引机用犁,,2012-11-26
940136,tractor shovel,曳引机用铲,,2012-11-26
940137,tricycle tractor,三轮式曳引机,,2012-11-26
940138,two-wheel tractor ,二轮式曳引机；耕耘机,,2012-11-26
940139,walking type tractor ,步行式曳引机；耕耘机,,2012-11-26
940140,wheel tractor ,轮式曳引机,,2012-11-26
940141,trailed plow,牵引式犁；拖拉式犁,,2012-11-26
940142,trailer,拖车,,2012-11-26
940143,trailing plow,牵引式犁；拖拉式犁,,2012-11-26
940144,transducer,转换器,,2012-11-26
940145,transmission,变速[装置]；传动[装置],,2012-11-26
940146,constant-mesh transmission ,常啮合传动装置,,2012-11-26
940147,creep speed transmission ,超低速传动装置,,2012-11-26
940148,gear type transmission ,齿轮式传动,,2012-11-26
940149,hydrodynamic transmission ,液动力传动,,2012-11-26
940150,hydrostatic transmission ,液静压动力传动,,2012-11-26
940151,planetary gear transmission ,行星齿轮传动装置,,2012-11-26
940152,power shift transmission ,动力变速传动装置,,2012-11-26
940153,power transmission ,动力传动装置,,2012-11-26
940154,selective transmission ,选择变速传动,,2012-11-26
940155,sub-transmission  ,副变速,,2012-11-26
940156,synchro-mesh transmission,同步啮合传动,,2012-11-26
940157,transmission gear,传动齿轮,,2012-11-26
940158,transmission speed selector lever,变速杆,,2012-11-26
940159,transplanter,移植机,,2012-11-26
940160,transport vehicle,搬运车,,2012-11-26
940161,transportation tank,运送槽,,2012-11-26
940162,transporter,搬运车,,2012-11-26
940163,trap,捕捉器,,2012-11-26
940164,travel efficiency,行走效率,,2012-11-26
940165,travel reduction,打滑率；行进减低率,,2012-11-26
940166,traveling resistance,行走阻力,,2012-11-26
940167,tray dryer,盘式干燥机,,2012-11-26
940168,tread,轮距；轮面,,2012-11-26
940169,tree-dozer,树木推倒机,,2012-11-26
940170,tree shaker,主干振动式采收机；树干振动机,,2012-11-26
940171,trench digger,掘沟机,,2012-11-26
940172,trench excavator,掘沟机,,2012-11-26
940173,trench silo,青贮壕,,2012-11-26
940174,trencher,掘沟机；挖沟机,,2012-11-26
940175,tricycle tractor,三轮式曳引机,,2012-11-26
940176,tripper,卸料装置,,2012-11-26
940177,trolley conveyor,悬吊运送机,,2012-11-26
940178,trommel sieve,圆筒筛,,2012-11-26
940179,trouble lamp,检查灯,,2012-11-26
940180,trough,槽,,2012-11-26
940181,truck,货车；卡车；车架,,2012-11-26
940182,truck scale,地磅,,2012-11-26
940183,true hitch point,实际连接点,,2012-11-26
940184,trusser,捆束器,,2012-11-26
940185,tubular rod,喷管,,2012-11-26
940186,tunnel dryer,隧道式干燥机,,2012-11-26
940187,turbine pump,轮机泵,,2012-11-26
940188,turn-wrest plow,双向犁,,2012-11-26
940189,turning angle,翻转角,,2012-11-26
940190,turning radius,转向半径,,2012-11-26
940191,turning space,转向空间,,2012-11-26
940193,twin disk clutch,双片式离合器,,2012-11-26
940194,two-step cold storage,二段式冷藏[库],,2012-11-26
940196,two-way harrow,双向耙,,2012-11-26
940197,two-way plow,双向犁,,2012-11-26
940198,two-way plowing,双向犁耕耘,,2012-11-26
940199,two-wheel barrow,二轮手推车,,2012-11-26
940200,two-wheel tractor,二轮式曳引机；耕耘机,,2012-11-26
940201,two-wheeled cart,二轮手推车,,2012-11-26
940202,tying device,捆紧装置,,2012-11-26
940203,ultra low volume sprayer,超微量喷雾机,,2012-11-26
940204,under feed threshing,下脱式脱粒,,2012-11-26
940205,underdrainage,地下排水,,2012-11-26
940206,uni-pass drying system,单程干燥系统,,2012-11-26
940207,uniformity coefficient,均匀系数,,2012-11-26
940208,uniformity of application,撒布均匀度,,2012-11-26
940209,uniformity of delivery rate,配出均匀度,,2012-11-26
940210,universal joint,万向接头,,2012-11-26
940211,unloader,卸载机,,2012-11-26
940212,unthreshed grain,未脱谷粒,,2012-11-26
940213,upper carrier chain,上部输送链,,2012-11-26
940214,upper conveying chain,上部输出链,,2012-11-26
940215,upper feed threshing,上脱式脱粒,,2012-11-26
940216,upper link,上连杆,,2012-11-26
940217,upright type forced-air dryer,直立式[强制]通风干燥机,,2012-11-26
940218,urine spreader,尿液撒布机,,2012-11-26
940219,V-belt speed variator,三角皮带变速装置,,2012-11-26
940220,vacuum bottling machine,真空封瓶机,,2012-11-26
940221,vacuum condenser,真空浓缩机,,2012-11-26
940222,vacuum controller,真空控制器,,2012-11-26
940223,vacuum cooler,真空预冷装置,,2012-11-26
940224,vacuum cooling,真空冷却,,2012-11-26
940225,vacuum dryer,真空干燥机,,2012-11-26
940226,vacuum evaporator,真空蒸发器,,2012-11-26
940227,vacuum level,真空度,,2012-11-26
940228,vacuum regulator,真空调节器,,2012-11-26
940229,vacuum storage,真空储藏,,2012-11-26
940230,vacuum tank spreader,真空撒布机,,2012-11-26
940231,valve timing,汽门正时,,2012-11-26
940232,vane pump,轮叶泵,,2012-11-26
940233,variable speed gear,变速机构,,2012-11-26
940234,variable speed V-belt drive,三角皮带变速驱动,,2012-11-26
940235,vegetable binder,蔬菜捆束机,,2012-11-26
940236,vegetable washer,蔬菜清洗机,,2012-11-26
940237,vehicle cone index,车辆圆锥指数,,2012-11-26
940238,vehicle mobility,车辆机动性,,2012-11-26
940239,ventilated storage,通风储藏,,2012-11-26
940240,ventilating opening,通气口,,2012-11-26
940241,ventilation,通风；换气,,2012-11-26
940242,ventilation drying,通风干燥,,2012-11-26
940243,ventilation silo,通风式圆筒仓,,2012-11-26
940244,ventilator,通风机,,2012-11-26
940245,venturi[tube],文氏管；细腰管,,2012-11-26
940246,vertical hitch,垂直连接,,2012-11-26
940247,vertical hitch adjuster,垂直连接调节器；耕深调节装置,,2012-11-26
940248,vertical pulling,垂直拔取,,2012-11-26
940249,vertical pump,垂直泵,,2012-11-26
940250,vertical suction,垂直吸引,,2012-11-26
940251,vibrating conveyor,振动运送机,,2012-11-26
940252,vibrating screen,振动筛,,2012-11-26
940253,vibrating sieve,振动筛,,2012-11-26
940254,vibrating sifter,振动筛,,2012-11-26
940255,vibration proof,防震,,2012-11-26
940256,vine cutter,切蔓器,,2012-11-26
940257,virtual hitch point,虚连接点,,2012-11-26
940258,volumetric efficiency,容积效率；体积效率,,2012-11-26
940259,volute pump,涡卷泵,,2012-11-26
940260,WB; Wheel Base,[车轮]轴距,,2012-11-26
940261,waferer,[饲料]松饼成形机,,2012-11-26
940262,wafering machine,[饲料]松饼成形机,,2012-11-26
940263,waggon(=wagon),拖车；搬运车,,2012-11-26
940264,wagon,拖车；搬运车,,2012-11-26
940265,bale wagon ,草捆拖车,,2012-11-26
940266,farm wagon,农用搬运车,,2012-11-26
940267,forage wagon ,青饲料搬运车,,2012-11-26
940268,pick-up forage wagon ,捡拾式青饲料搬运车,,2012-11-26
940269,power wagon ,动力搬运车,,2012-11-26
940270,self-loading wagon ,自装式搬运车,,2012-11-26
940271,stack wagon ,干草拖车,,2012-11-26
940272,walking type plow,步行式犁,,2012-11-26
940273,walking type rice transplanter,步行式挿秧机,,2012-11-26
940274,walking type tractor,步行式曳引机；耕耘机,,2012-11-26
940275,washer,清洗机；洗涤机；垫片,,2012-11-26
940276,brush washer ,刷洗机,,2012-11-26
940277,bulb washer ,球根清洗机,,2012-11-26
940278,can washer ,洗罐机,,2012-11-26
940279,egg washer ,洗蛋机,,2012-11-26
940280,fruit washer ,洗果机；水果清洗机,,2012-11-26
940281,root washer ,根菜洗涤机,,2012-11-26
940282,spray type vegetable washer,喷雾式洗菜机,,2012-11-26
940283,teat cup washer ,乳杯洗涤器,,2012-11-26
940284,vegetable washer ,蔬菜清洗机,,2012-11-26
940285,waste rice outlet,碎米出口,,2012-11-26
940286,water-cooled engine,水冷式引擎,,2012-11-26
940287,water culture,水耕,,2012-11-26
940288,water hammering,水锤作用,,2012-11-26
940289,water head,水头,,2012-11-26
940290,water horsepower,水马力,,2012-11-26
940291,water jacket,水套,,2012-11-26
940292,water ladder,龙骨车；水车,,2012-11-26
940293,water-proof corrugated fiber-board box,防水瓦楞纸箱,,2012-11-26
940294,water pump,水泵,,2012-11-26
940295,water wheel,水车,,2012-11-26
940296,wearing plate,耐磨护板,,2012-11-26
940297,weed hook,草钩,,2012-11-26
940298,weeder,除草器；除草机,,2012-11-26
940299,weight grader,重量分级机,,2012-11-26
940300,weight sorter,重量选别机,,2012-11-26
940301,weight transfer,重量转移,,2012-11-26
940302,weight-transfer hitch,重量转移连接,,2012-11-26
940303,welsh onion digger,挖葱机,,2012-11-26
940304,wet basis moisture content,湿基含水率,,2012-11-26
940305,wet clutch,湿式离合器,,2012-11-26
940306,wheel,轮,,2012-11-26
940307,auxiliary wheel ,辅助轮,,2012-11-26
940308,cage wheel ,笼式防滑车轮,,2012-11-26
940309,contact wheel ,接地轮,,2012-11-26
940310,crank wheel ,曲柄轮,,2012-11-26
940311,depth adjusting wheel ,深度调节轮,,2012-11-26
940312,dividing wheel ,扶拨轮,,2012-11-26
940313,driven sprocket wheel ,从动链轮,,2012-11-26
940314,driven wheel ,从动轮,,2012-11-26
940315,dual front wheel ,双前轮,,2012-11-26
940316,dual purpose wheel ,兼用轮,,2012-11-26
940317,extension wheel ,延伸轮,,2012-11-26
940318,feeler wheel ,触轮,,2012-11-26
940319,float-lug extension wheel ,防滑轮,,2012-11-26
940320,furrow wheel ,犁沟轮,,2012-11-26
940321,gage wheel ,深度调节轮；导轮,,2012-11-26
940322,gauge wheel ,深度调节轮；导轮,,2012-11-26
940323,guide wheel ,导轮,,2012-11-26
940324,land wheel ,接地轮,,2012-11-26
940325,landside wheel  ,[板犁]尾轮,,2012-11-26
940326,load on driving wheel ,驱动轮负载,,2012-11-26
940327,load on front wheel,前轮负载,,2012-11-26
940328,load on rear wheel ,后轮负载,,2012-11-26
940329,paddle wheel ,脚踏水车,,2012-11-26
940330,paddy field wheel ,水田车轮,,2012-11-26
940331,press wheel ,镇压轮,,2012-11-26
940332,rake-up wheel ,耙草轮,,2012-11-26
940333,rear furrow wheel ,尾轮,,2012-11-26
940334,rubber wheel ,橡胶轮,,2012-11-26
940335,scoop wheel ,汲水轮,,2012-11-26
940336,star wheel ,星形轮,,2012-11-26
940337,steel wheel ,铁轮,,2012-11-26
940338,steering wheel ,方向盘；驾驶盘；转向轮,,2012-11-26
940339,tail wheel, 尾轮,,2012-11-26
940340,tine wheel ,爪轮,,2012-11-26
940341,water wheel ,水车,,2012-11-26
940342,wheel barrow,手推车,,2012-11-26
940343,wheel base,[车轮]轴距,,2012-11-26
940344,wheel conveyor,轮式运送机,,2012-11-26
940345,wheel cutter,轮式切割机,,2012-11-26
940346,wheel hoe,轮式耕耘锄,,2012-11-26
940347,wheel plow,有轮犁,,2012-11-26
940348,wheel puller,卸轮器,,2012-11-26
940349,wheel tractor,轮式曳引机,,2012-11-26
940350,wheel weight,车轮配重,,2012-11-26
940351,wheel base,[车轮]轴距,,2012-11-26
940352,whirl nozzle,涡旋喷嘴,,2012-11-26
940353,wide swath application,宽幅撒布,,2012-11-26
940354,wide swath nozzle,宽幅喷嘴,,2012-11-26
940355,wide tire,宽幅轮胎,,2012-11-26
940356,width of sowing,播宽,,2012-11-26
940357,width of tillage,耕宽,,2012-11-26
940358,winch,绞车,,2012-11-26
940359,wind deflector,导风板,,2012-11-26
940360,wind machine,防霜害风机,,2012-11-26
940361,wind tunnel,选别风箱；风洞,,2012-11-26
940362,winder,卷线机；卷扬机,,2012-11-26
940363,winding frame,卷线架,,2012-11-26
940364,windlass,绞盘,,2012-11-26
940365,windmill,风车,,2012-11-26
940366,windrow,草列；集草成行,,2012-11-26
940367,windrower,集草成行机；牧草堆行机,,2012-11-26
940368,wing,犁翼,,2012-11-26
940369,winnower,风鼓,,2012-11-26
940370,wire knotter,打结器,,2012-11-26
940371,wire twister,绞线器,,2012-11-26
940372,withering machine,萎凋机,,2012-11-26
940373,withering room,萎凋室,,2012-11-26
940374,wooden anvil,打击台,,2012-11-26
940375,wooden base hoe,木锄,,2012-11-26
940376,wooden base spade,木铲,,2012-11-26
940377,work accuracy,工作精度,,2012-11-26
940378,working capacity,工作能量；作业能力,,2012-11-26
940379,working efficiency,工作效率；作业效率,,2012-11-26
940380,yarder,集材机,,2012-11-26
940381,zero tillage,不整地,,2012-11-26
940382,zero-till planting,不整地播种,,2012-11-26
940383,zigzag harrow,交错形耙,,2012-11-26
