ID,英文名稱,中文名稱,圖片,更新日期
94106,peak,尖峰；尖舱,,2012-11-26
94107,passenger's platform,旅客上下船平台,,2012-11-26
94108,passenger wharf,旅客码头,,2012-11-26
94109,passenger port,客运港；旅客港,,2012-11-26
94110,particle velocity,分子速度{波浪},,2012-11-26
94111,partial relief,减除部分浮力{干船坞底},,2012-11-26
94112,partial blockade,部分封锁,,2012-11-26
94113,parapet wall,胸墙,,2012-11-26
94114,Panama Canal tonnage certificate,巴拿马运河吨位证书,,2012-11-26
94115,palletization,板台化；垫板化[装卸],,2012-11-26
94116,pallet,托[货]板；垫板；板台,,2012-11-26
94117,packing; package {= pkg.},包装,,2012-11-26
94118,pacific blockade,平时封锁,,2012-11-26
94119,ower land report,多卸报告,,2012-11-26
94120,overtopping; overtopping wave,越波,,2012-11-26
94121,overlapped wave,重复波,,2012-11-26
94122,overland,货物多卸,,2012-11-26
94123,overdued cargo,逾期货物,,2012-11-26
94124,outside berth,外船席,,2012-11-26
94125,outer package,外包装,,2012-11-26
94126,outer barbor; outer harbour,外港,,2012-11-26
94127,outer bar,外沙洲,,2012-11-26
94128,outer anchorage,外港锚地,,2012-11-26
94129,outbound procedure,出仓货输出手续,,2012-11-26
94130,outbound compartment,出仓货仓间,,2012-11-26
94131,oscillatory wave,振动波,,2012-11-26
94132,ordinary draught,通常吃水,,2012-11-26
94133,order of light,灯光等级,,2012-11-26
94134,orbit,轨道；轨迹,,2012-11-26
94135,optical range,光强见距,,2012-11-26
94136,operating principle of unitization,搬运单位化原则,,2012-11-26
94137,operating principle of safety,搬运安全原则,,2012-11-26
94138,open transit area,露天堆货场,,2012-11-26
94139,open storage,露天存放,,2012-11-26
94140,open roads,敞开港外锚地,,2012-11-26
94141,open light,无盖灯,,2012-11-26
94142,open landing lighter,无盖装货起岸驳船,,2012-11-26
94143,open harbor,开口港；不冻港,,2012-11-26
94144,open end pipe pile,开底钢管桩,,2012-11-26
94145,open cargo lighter,无盖货驳,,2012-11-26
94146,open caisson wharf,开口沈箱码头,,2012-11-26
94147,open caisson foundation,开口沈箱基础,,2012-11-26
94148,open caisson,开口沈箱,,2012-11-26
94149,open bay,开敞湾,,2012-11-26
94150,open anchorage,开放锚地；敞开锚地,,2012-11-26
94151,one way lock,单向船闸,,2012-11-26
94152,one the berth,泊妥待载,,2012-11-26
94153,on deck cargo,甲板上装船货物；舱面上装船货物,,2012-11-26
94154,oil tanker,运油船,,2012-11-26
94155,oil supply pipe,给油管,,2012-11-26
94156,oil skimmer,除油沫器；撇油器{捞油船},,2012-11-26
94157,oil separator; oily water separator,油水分离器,,2012-11-26
94158,oil separating barge; separator barge,油水分离驳船,,2012-11-26
94159,Oil Pollution Act,油污法,,2012-11-26
94160,oil pipe line,油管线,,2012-11-26
94161,oil pier,油码头,,2012-11-26
94162,oil barge; oil lighter,油驳船,,2012-11-26
94163,ogival buoy,双拱形浮标；双弯顶部浮标,,2012-11-26
94164,offshore tanker berth,离岸油船船席,,2012-11-26
94165,offshore mooring,离岸系泊,,2012-11-26
94166,offshore barrier,岛滩；离岸沙洲,,2012-11-26
94167,offshore,离岸,,2012-11-26
94168,office of maritime administration,航政主管机关,,2012-11-26
94169,oceanic tide,外洋潮,,2012-11-26
94170,ocean tramp,远洋不定期船,,2012-11-26
94171,ocean route,远洋航线,,2012-11-26
94172,ocean carrier,远洋货轮,,2012-11-26
94173,occulting quick flashing light,顿速闪光,,2012-11-26
94174,occulting current; occulting light,顿光,,2012-11-26
94175,occulting apparatus,顿光装置,,2012-11-26
94176,occasional light,不常光；临时灯,,2012-11-26
94177,occasional inspection of small ship,小船临时检查,,2012-11-26
94178,obstacle,障碍物,,2012-11-26
94179,obcured,遮蔽,,2012-11-26
94180,notification of blockade,封锁通告,,2012-11-26
94181,notification,申报书；通告,,2012-11-26
94182,notice to vessels calling international ports of Taiwan,台湾国际港口来船须知,,2012-11-26
94183,notice of clearance,出港通告；出港通知,,2012-11-26
94184,notarial deed,公证证书,,2012-11-26
94185,nose,[船]前进,,2012-11-26
94186,northing,北距,,2012-11-26
94187,normal load,正常载重；正常负载,,2012-11-26
94188,normal draught,正常吃水,,2012-11-26
94189,normal displacement,正常排水量,,2012-11-26
94190,non-propelled dredge,非自航式挖泥船,,2012-11-26
94191,non-negotiable warehouse receipt,不可转让仓单,,2012-11-26
94192,non-negotiable bill of lading,不可转让提单,,2012-11-26
94193,non tidal harbor,无潮港,,2012-11-26
94194,non delivery {= non. d.},未送交,,2012-11-26
94195,no number,无号码,,2012-11-26
94196,no load,无载[重],,2012-11-26
94197,night signal,夜间信号；夜标,,2012-11-26
94198,night life buoy,夜间救生圈,,2012-11-26
94199,night beacon,夜标杆,,2012-11-26
94200,next port of call,下次碇泊港,,2012-11-26
94201,net-work obstruction,网状障碍物,,2012-11-26
94202,net defense,防潜网,,2012-11-26
94203,negotiable warehouse receipt,流通栈单,,2012-11-26
94204,negative flag,否定旗号,,2012-11-26
94205,near shore,近海,,2012-11-26
94206,neap rise,小潮升,,2012-11-26
94207,navigation mark,航路标志,,2012-11-26
94208,navigation district of small ship,小船航行区域,,2012-11-26
94209,navigable river,可通行之河道,,2012-11-26
94210,navigable pass,可航行的水道,,2012-11-26
94211,navigable channel,通航航道,,2012-11-26
94212,nautical surveyor,海道测量师,,2012-11-26
94213,nautical signal,航用信号,,2012-11-26
94214,nautical hydrography,河海测量,,2012-11-26
94215,natural harbor,天然港,,2012-11-26
94216,natural accretion,自然回淤,,2012-11-26
94217,narrow entrance,狭口,,2012-11-26
94218,naked light,无罩灯,,2012-11-26
94219,multiple slipway,直排多组造船滑道；直排多组修船滑道,,2012-11-26
94220,multiple lifting,合吊法,,2012-11-26
94221,mud pipe-line with floater,水上泥管及浮筒,,2012-11-26
94222,mud pipe-line,排泥管线,,2012-11-26
94223,mud berth,泥底锚地；软泥[底]船席,,2012-11-26
94224,mud beach,泥滩,,2012-11-26
94225,mud barge,运泥船；受泥船；抛泥船,,2012-11-26
94226,moving load,活载重,,2012-11-26
94227,moving form; sliding form,活动模板,,2012-11-26
94228,moving fetch,移动风域,,2012-11-26
94229,movable fender,可移动式护舷,,2012-11-26
94230,movable breakwater,可移动式防波堤,,2012-11-26
94231,motor life boat,救生汽艇；电艇,,2012-11-26
94232,mooring ring,系船环,,2012-11-26
94233,mooring mat,护缆垫,,2012-11-26
94234,mooring lighter,系泊工具船；系缆驳船,,2012-11-26
94235,mooring force,系船牵引力,,2012-11-26
94236,mooring facilities,系船设备,,2012-11-26
94237,mooring dolphin,系船桩,,2012-11-26
94238,mooring cross,系缆十字柱,,2012-11-26
94239,mooring charge,带解缆费,,2012-11-26
94240,mooring chain,系泊链,,2012-11-26
94241,mooring buoy,系船浮筒,,2012-11-26
94242,mooring bollard,系船直柱,,2012-11-26
94243,mooring bitt,系船桩；系缆双直柱{船上},,2012-11-26
94244,mooring area,碇泊区,,2012-11-26
94245,monopolized stevedore,独占装卸业,,2012-11-26
94246,monolithic type wharf,整体式码头；混凝土整体铸造码头,,2012-11-26
94247,mobile wharf,机动性码头,,2012-11-26
94248,mobile crane,机动起重车；移动起重机,,2012-11-26
94249,mineral dredge,采取水底矿物挖泥船,,2012-11-26
94250,mined area,布雷区,,2012-11-26
94251,middle leading light,中导灯,,2012-11-26
94252,middle ground guoy,中洲浮标,,2012-11-26
94253,middle channel,中流,,2012-11-26
94254,meteorological chart,气象图,,2012-11-26
94255,merchant flag,商船；商船旗,,2012-11-26
94256,measurement ton,容积吨；呎码吨,,2012-11-26
94257,mean wave height,平均浪高,,2012-11-26
94258,mean vertical candle power,平均垂直烛光,,2012-11-26
94259,mean upper hemispherical candle power,平均上半球面烛光,,2012-11-26
94260,mean spherical power,平均球面烛光,,2012-11-26
94261,mean low water,平均低水位,,2012-11-26
94262,mean low low water,平均较低低潮位；平均特低水位,,2012-11-26
94263,mean horizontal candle power,平均水平烛光,,2012-11-26
94264,mean hgih high water,平均较高高潮；平均特高水位,,2012-11-26
94265,mean annual rainfall,平均年降雨量,,2012-11-26
94266,maximum wave height,最大波高,,2012-11-26
94267,maximum lifting capacity,最大起重量,,2012-11-26
94268,maximum barometer,最高气压表,,2012-11-26
94269,masonry type gravity wall,坊工重力式码头,,2012-11-26
94270,marker buoy [= marine buoy; watch buoy],定位浮标；标位浮标,,2012-11-26
94271,mark boat,标识船,,2012-11-26
94272,maritime service,海事服务所,,2012-11-26
94273,maritime ports convention,航运港埠公约,,2012-11-26
94274,maritime matter,海商事件,,2012-11-26
94275,maritime canal,沿海运河,,2012-11-26
94276,maritime authorities,海事局,,2012-11-26
94277,maritime affairs,海事,,2012-11-26
94278,marine terminal office,栈埠管理处；栈埠管理所,,2012-11-26
94279,marine surveyor,海事检验师；验船师,,2012-11-26
94281,marine officer's certificate,河海航行员执业证书,,2012-11-26
94282,marine insurance; maritime insurance,海上保险,,2012-11-26
94283,marine hospital,海员医院,,2012-11-26
94284,marine erosion,海水浸蚀,,2012-11-26
94285,marine document,航海文件,,2012-11-26
94286,marine disaster; marine perils,海难,,2012-11-26
94287,marine bureau; shipping and navigation bureau,航政局,,2012-11-26
94288,marine borers,钻孔海虫,,2012-11-26
94289,marginal wharf,边缘码头,,2012-11-26
94290,manifest,舱单,,2012-11-26
94291,maneuving basin [= swinging area; swinging basin; turning basin],回船池；回转区；回旋区,,2012-11-26
94292,major tide,大潮；主潮,,2012-11-26
94293,main hook,起重机主钩,,2012-11-26
94294,main flood; principal tide,主潮,,2012-11-26
94295,maimum draught; maimum draft,最大吃水,,2012-11-26
94296,magnitude of light,灯塔等级,,2012-11-26
94297,magnetic variation chart,磁经偏差图,,2012-11-26
94298,magnet crane,磁盘起重机,,2012-11-26
94299,machinery goods,机械货物,,2012-11-26
94300,lyle gun,[射]绳枪{救生},,2012-11-26
94301,lunar semidiurnal tide,太阴半日周潮,,2012-11-26
94302,lunar long period tide,太阴长期潮,,2012-11-26
94303,luminous range,光度视程；光度距离；光距,,2012-11-26
94304,lumber basin,木材贮放池,,2012-11-26
94305,luff on luff; luff upon luff; double rigging luff; stay luff; two fold purchase,双滑车,,2012-11-26
94306,lowest low water level,最低低水位,,2012-11-26
94307,lower end buoy,下端浮标,,2012-11-26
94308,low water rock,低潮礁,,2012-11-26
94309,low water of spring tide,大潮平均低水位,,2012-11-26
94310,low water of neap tide,小潮平均低水位,,2012-11-26
94311,low water level equinoxial spring tide,春秋分大潮低水位,,2012-11-26
94312,low tide shore line,低潮海岸线,,2012-11-26
94313,low rubble mound composite breakwater,低抛石基合成防波堤,,2012-11-26
94314,longshoremen union,码头工会,,2012-11-26
94315,longshoreman; quay man,码头工人,,2012-11-26
94316,longshoreman gang,码头工人装卸队,,2012-11-26
94317,longshore bar,平行海岸沙洲,,2012-11-26
94318,longitudinal wharf,横向码头,,2012-11-26
94319,longitudinal slipway,舷侧先下水之造船滑道,,2012-11-26
94320,long period tide,长周期潮,,2012-11-26
94321,long flash; long flashing light,长闪光,,2012-11-26
94322,log basin,贮木池,,2012-11-26
94323,locomotive crane,自走式起重机,,2012-11-26
94324,locksman,船闸管理人,,2012-11-26
94325,locked harbor,有闸港；闭口港,,2012-11-26
94326,local pilot,地区引水人,,2012-11-26
94327,loading berth,装货船席,,2012-11-26
94328,load water line,满载水线；载重线,,2012-11-26
94329,load test,载重试验；负载试验,,2012-11-26
94330,load buoyant,浮载重,,2012-11-26
94331,load and discharge,装卸,,2012-11-26
94332,live cargo,动物货,,2012-11-26
94333,littoral drift,沿岸漂流,,2012-11-26
94334,littoral currnet,碎波流,,2012-11-26
94335,list of signal letters,船名代字表,,2012-11-26
94336,liquid ballast,液体载压物,,2012-11-26
94337,lipper,小浪花,,2012-11-26
94338,limited contract stevedore,有限契约装卸业,,2012-11-26
94339,lighthouse tender {= LHT},灯塔补给[船]；灯塔勤务船,,2012-11-26
94340,lighter's wharf,驳船专用码头,,2012-11-26
94341,lighterman,驳船工人,,2012-11-26
94342,lighter wharf,驳船码头,,2012-11-26
94343,lighted arc,明弧,,2012-11-26
94344,light vessel,灯船,,2012-11-26
94345,light station; lighthouse,灯塔,,2012-11-26
94346,light staff,灯杆,,2012-11-26
94347,light period,放光时间,,2012-11-26
94348,light keeper,灯塔管理员,,2012-11-26
94349,light dues,灯塔税；灯钞,,2012-11-26
94350,light and beacon list,灯塔；灯标列表,,2012-11-26
94351,lifting pontoon,浮箱{打捞沉船沈物用},,2012-11-26
94352,lifting gear,起重机具；起重装置；升降装置,,2012-11-26
94353,lift shot,发射、抛掷救生索,,2012-11-26
94354,lifebuoy light; water light,救生圈灯,,2012-11-26
94355,life saving station {= LSS},救生站,,2012-11-26
94356,life saving rocket,救生信号火箭,,2012-11-26
94357,life jacket; lift saving jacket,救生衣,,2012-11-26
94358,life equipment; lift saving apparatus,救生设备,,2012-11-26
94359,life cutter,救生艇；救生巡逻艇,,2012-11-26
94360,licenced pilot [= licensed pilot],登记合格引水人；有照引水人,,2012-11-26
94361,lewis,方块吊杆,,2012-11-26
94362,level luffing crane,平伸式起重机,,2012-11-26
94363,levee,防洪堤,,2012-11-26
94364,length of entrance,进口水道长度,,2012-11-26
94365,leading light,导航灯,,2012-11-26
94366,lead lane; vein,冰间水道,,2012-11-26
94367,L-block type wharf,L型钢筋混凝土块码头,,2012-11-26
94368,lazaret [= lazarette; lazaretto],传染病医院；检疫所；艉库,,2012-11-26
94369,layday,约定装卸日数,,2012-11-26
94370,Law of Registry of Ship,船舶登记法,,2012-11-26
94371,law of pilotage,引水法,,2012-11-26
94372,lateral marking system,横标制,,2012-11-26
94373,lantern,灯笼,,2012-11-26
94374,lane of ice,冰区间航路,,2012-11-26
94375,landing ramp,登岸坡道,,2012-11-26
94376,landing pier,登岸码头,,2012-11-26
94377,landing floating pontoon,登岸浮码头,,2012-11-26
94378,landing floating bridge,登岸浮桥,,2012-11-26
94379,landing card,旅客登岸证,,2012-11-26
94380,landing account,栈单；卸货报告,,2012-11-26
94381,lagoon,咸水湖；月湖；礁沛；浅水塘,,2012-11-26
94382,lagging of tide,落后潮,,2012-11-26
94383,lade,装载货物,,2012-11-26
94384,ladder hoisting winch,梯式绞车,,2012-11-26
94385,Klaxon,可勒克森雾号,,2012-11-26
94386,junk,中国帆船；舢板；废绳头,,2012-11-26
94387,junction buoy,洲源浮漂；航道汇合浮标,,2012-11-26
94388,jib crane,伸臂起重机,,2012-11-26
94389,jetty,[实堤]码头；突堤；堤{防沙、防波、导流},,2012-11-26
94390,jaw crusher,双颚碎石机,,2012-11-26
94391,Japanese Marine Corporation [= Japanese Maritime Corporation; Nippon Kaiji Kyokai] {= NK},日本验船协会；日本海事协会,,2012-11-26
94392,isolated danger beacon,孤立危险警标,,2012-11-26
94393,irregular wave,不规则波,,2012-11-26
94394,irregular concrete block breakwater,异型混凝土块消波堤,,2012-11-26
94395,irregular concrete block,异形混凝土块,,2012-11-26
94396,iron ballast; kentledge,压舱铁块,,2012-11-26
94397,inward pilotage,入港引水费,,2012-11-26
94398,inward bound,进口,,2012-11-26
94399,international terminal operator,国际栈埠营运人员,,2012-11-26
94400,International Regulations for Preventing Collision at Sea,海上避碰国际规则,,2012-11-26
94401,International Load Line Certificate,国际载重线证书,,2012-11-26
94402,International Labor Organization,国际劳工局,,2012-11-26
94403,international harbor,国际港,,2012-11-26
94404,international embargo,国际禁运,,2012-11-26
94405,International convention Relating to the Arrest of Seagoing Ships,海轮扣押国际公约,,2012-11-26
94406,International Convention Relating to Stow Away,处理偷渡人国际公约,,2012-11-26
94407,International Convention of Certain Rules Converning Civil Jurisdiction in Matters of Collision,船舶碰撞事件民事管辖国际公约,,2012-11-26
94408,International Convention for the Unification of Certain Rules Relating to Maritime Liens and Mortgages,统一船舶优先权及抵押权国际公约,,2012-11-26
94409,International Convention for the Unification of Certain Rules of Law with Respect to Assistance and Salvage at Sea,统一海上救助捞救规定国际公约,,2012-11-26
94410,International Convention for the Unification of Certain Rules of Law in Regard to Collision,统一船舶碰撞责任规定国定国际公约,,2012-11-26
94411,International Convention for the Prevention of Pollution of the Sea by Oil,防止海上油污国际公约,,2012-11-26
94412,International Cargo Handling Coordination Association,国际货物装卸协调协会,,2012-11-26
94413,International Association of Ports and Harbors {= IAPH},国际港埠协会,,2012-11-26
94414,internal friction angle,内摩擦角,,2012-11-26
94415,intermodal,水陆联运；一贯性运输作业,,2012-11-26
94416,intermittent load,间歇载重,,2012-11-26
94417,intake gate,进口闸门,,2012-11-26
94418,inside berth,内港船席,,2012-11-26
94419,inner route,内港航线,,2012-11-26
94420,inner package,内包装,,2012-11-26
94421,inner harbor,内港,,2012-11-26
94422,inner anchorage,内港锚地,,2012-11-26
94423,inflammable cargo; inflammable goods,易燃货[物],,2012-11-26
94424,inferior tide,劣潮,,2012-11-26
94425,inertia force,惯性力,,2012-11-26
94426,industrial harbor,工业港,,2012-11-26
94427,inbound procedure,进仓手续,,2012-11-26
94428,in distress,遇难,,2012-11-26
94429,impact force,冲击力,,2012-11-26
94430,in ballast,空放；空载{有压舱，仅装压载物},,2012-11-26
94431,illumination,照度；照明,,2012-11-26
94432,illuminating light,照明灯,,2012-11-26
94433,illuminating arc,照明弧,,2012-11-26
94434,illuminate {= ILLUM},照明,,2012-11-26
94435,idnetification mark,标志,,2012-11-26
94436,identification signal,标志信号,,2012-11-26
94437,identification lamp,标志灯,,2012-11-26
94438,ice ship,冰区船舶,,2012-11-26
94439,ice lead,冰区航路,,2012-11-26
94440,ice harbor,冻港,,2012-11-26
94441,ice free harbor; ice free port,不冻港,,2012-11-26
94442,ice boat,冰上滑行水船；碎冰船,,2012-11-26
94443,hydrostatics,流体静力学,,2012-11-26
94444,hydroprapher,海道测量师；水道测量师,,2012-11-26
94445,hydrometric surveying,水文测量,,2012-11-26
94446,hydrometric station,水文站,,2012-11-26
94447,hydrokinematics,流体运动学,,2012-11-26
94448,hydrodynamics,流体力学；流体动力学,,2012-11-26
94449,hydraulic mode test,水工模型试验,,2012-11-26
94450,hydraulic jigger,液压绞辘；液力绞车,,2012-11-26
94451,hydraulic jet dredge,冲水挖泥船,,2012-11-26
94452,hydraulic hoist,液力升高起重机；液压升高起重机,,2012-11-26
94453,hydraulic hammer,液力锤；液压锤；金锤,,2012-11-26
94454,hydraulic fill,水力填方,,2012-11-26
94455,hydraulic elevator,液力升降机；液压升降机,,2012-11-26
94456,hydraulic dumping car,液力倾倒车；液压倾倒车,,2012-11-26
94457,hydraulic crane,液力起重机；液压起重机,,2012-11-26
94458,hydraulic capstan,液力绞盘；液压绞盘,,2012-11-26
94459,hydraulic block,液力垫块；液压垫块,,2012-11-26
94460,hydrant,消防栓,,2012-11-26
94461,Hovercraft,气垫飞船,,2012-11-26
94462,hot poppa; hot suitman; life preserver,救生员,,2012-11-26
94463,hostile embargo,禁止敌船出入,,2012-11-26
94464,hose,软管；水龙带,,2012-11-26
94465,hopper barge,开合舱底驳船；开底泥[污]驳船,,2012-11-26
94466,homogenous cargo,同类货,,2012-11-26
94467,hollow rubber cylinder or rectangular fender,橡胶圆筒或矩形柱体护舷,,2012-11-26
94468,hold crew,海上班舱内工人,,2012-11-26
94469,hold clear,清舱,,2012-11-26
94470,hoist,悬挂；旗帆高度货物升降机；升高{吊货时之旗帆高度信号旗组},,2012-11-26
94471,hoddy-doddy,灯塔回转灯,,2012-11-26
94472,hobbing pilot; unlicensed pilot,无照引水人,,2012-11-26
94473,hinterland,腹地,,2012-11-26
94474,highest high water level,天文潮最高高潮位,,2012-11-26
94475,high water of neap tide,小潮平均高水位,,2012-11-26
94476,high water rock,高潮礁,,2012-11-26
94477,high water level equinoxial spring tide,春秋分大潮高水位,,2012-11-26
94478,high water interval,高水位间隔,,2012-11-26
94479,high tide shore line,高潮岸线,,2012-11-26
94480,high early strength cement,早强水泥,,2012-11-26
94481,high rubble mound composite breakwater,高抛石基合成防波堤,,2012-11-26
94482,hidden harbor,隐蔽港,,2012-11-26
94483,helmet,潜水帽；护盔；钢盔,,2012-11-26
94484,helium diving,氦气潜水法,,2012-11-26
94485,height of light above high water,[灯塔]高潮面至灯光高度,,2012-11-26
94486,height of light above base,[灯塔]塔基至灯光高度,,2012-11-26
94487,heel post,门轴；跟轴,,2012-11-26
94488,heavy lift wharf,起重码头,,2012-11-26
94489,heavy duty crane,强力起重机,,2012-11-26
94490,head of bay,海湾前端；海湾顶点,,2012-11-26
94491,hatch survey,舱口检查；舱口检验,,2012-11-26
94492,harmonic constants of tide,调和常数{潮汐},,2012-11-26
94493,hard tent; hatch tent,舱口雨蓬,,2012-11-26
94494,harborage,碇泊所,,2012-11-26
94495,harbor works,港湾工程,,2012-11-26
94496,harbor watch,碇泊值班,,2012-11-26
94497,harbor service,港埠服务；港埠勤务,,2012-11-26
94498,harbor regulation,港务规章,,2012-11-26
94499,harbor helicopter,港用直升机,,2012-11-26
94500,harbor entrance; harbour,港口,,2012-11-26
94501,harbor defence; harbor defense,港防,,2012-11-26
94502,harbor commission,港务管理委员会,,2012-11-26
94503,harbor bureau; harbour authority,港务局,,2012-11-26
94504,harbor boat; harbor craft,港勤船[只],,2012-11-26
94505,harbor authority,港务当局,,2012-11-26
94506,harbor area; harbor district,港区,,2012-11-26
94507,harbor accommodation,港内容纳船舶能量,,2012-11-26
94508,harbor [= harbour],海港；湖港；河港,,2012-11-26
94509,hand winch,手摇绞车,,2012-11-26
94510,half tide rock,半潮礁,,2012-11-26
94511,hammer head crane,锤头式起重机,,2012-11-26
94512,half tide dock,半潮码头,,2012-11-26
94513,half tidal basin,半潮港,,2012-11-26
94514,half flood,半涨潮,,2012-11-26
94515,guide light,导灯,,2012-11-26
94516,guarantor,保证人,,2012-11-26
94517,guarantee,保证书,,2012-11-26
94518,groyne,海堤；防波堤；抗流堤,,2012-11-26
94519,grouting,灌浆,,2012-11-26
94520,group of waves; wave group,波群,,2012-11-26
94521,groundage,进港税；停泊费{英},,2012-11-26
94522,groin series,丁坝系列,,2012-11-26
94523,groin,丁坝；防沙坝；抗流堤,,2012-11-26
94524,gridiron,修造船架,,2012-11-26
94525,green buoy,绿色浮标,,2012-11-26
94526,gravity type wharf,重力式码头,,2012-11-26
94527,gravity type fender,重力式护舷,,2012-11-26
94528,gravity discharge,重力卸货,,2012-11-26
94529,gravity corer,重力式海底软层取样器,,2012-11-26
94530,gravity caisson wharf,重力式箱码头,,2012-11-26
94531,grain elevator; grain silo; silo,谷仓,,2012-11-26
94532,grain discharging hopper,开底卸谷斗,,2012-11-26
94533,gradually applied laod,渐加载重,,2012-11-26
94534,grab dredge {orange peel clamshell},掀斗挖泥船{哈壳橘皮瓣},,2012-11-26
94535,gorge,峡谷；山峡；V型钓钩,,2012-11-26
94536,goose neck crane,鹅颈式起重机,,2012-11-26
94537,good road,良好外海抛锚区,,2012-11-26
94538,good berth,良好船席,,2012-11-26
94539,good anchorage,良好锚地,,2012-11-26
94540,gong,锣,,2012-11-26
94541,goliath crane,巨无霸起重机,,2012-11-26
94542,geographic range,地理见距,,2012-11-26
94543,geographic number,地形号序,,2012-11-26
94544,generation of wave,起浪,,2012-11-26
94545,general cargo wharf,杂货码头,,2012-11-26
94546,gear train,齿轮组合；连串齿轮,,2012-11-26
94547,gauging station,水位站,,2012-11-26
94548,garbage lighter,垃圾驳船,,2012-11-26
94549,gantry crane,跨越式起重机；高架式起重机,,2012-11-26
94550,gangway,舷门；舷梯[口]；通路；跳板；梯口通道,,2012-11-26
94551,fuse,熔线；[电路]保险丝；熔断器；炸药引信,,2012-11-26
94552,furniture,船上出航设备,,2012-11-26
94553,fully relief,无浮力[坞底],,2012-11-26
94554,fully hydraulic,全浮力[坞底],,2012-11-26
94555,fully arisen wave,成熟浪,,2012-11-26
94556,full rigged,装备完整的船,,2012-11-26
94557,full dressing ship,挂满旗船舶,,2012-11-26
94558,full capacity,满载量,,2012-11-26
94559,fueling barge,加油驳船,,2012-11-26
94560,fuel oil barge,燃油驳船,,2012-11-26
94561,fuel harbor,燃料加添港,,2012-11-26
94562,front leading light,前导灯,,2012-11-26
94563,front harbor,前港,,2012-11-26
94564,freight pier,货运码头,,2012-11-26
94565,freedom of the sea; freedom of the open sea,公海自由,,2012-11-26
94566,free storage time,存货免租期,,2012-11-26
94567,free ship,未被租用船只；中立船只,,2012-11-26
94568,free port zone,自由港区；免税港区,,2012-11-26
94569,free pilotage,自由领航；自由引水,,2012-11-26
94570,free despatch,快速免费计,,2012-11-26
94571,fraxil ice,屑冰,,2012-11-26
94572,framing,船身架；构架,,2012-11-26
94573,framed wood pile dolphine,木桩束,,2012-11-26
94574,framed wharf,架式码头,,2012-11-26
94575,foundation pneumatic caisson,压气沈箱基础,,2012-11-26
94576,foul berth,不良泊位,,2012-11-26
94577,fortified port,要塞港,,2012-11-26
94578,fork lift; fork truck; forklift truck,堆高机,,2012-11-26
94579,foreshore,前岸；前滩,,2012-11-26
94580,fog signal,雾信号,,2012-11-26
94581,fog gun signal,雾炮信号,,2012-11-26
94582,foam line,奔浪泡沫线,,2012-11-26
94583,floor of lock,船闸底板,,2012-11-26
94584,flooding light,泛光灯；洪光灯,,2012-11-26
94585,flood tide gate,高潮水门,,2012-11-26
94586,flood tide,涨潮；每一低潮至高潮所需时间,,2012-11-26
94587,flood plain,冲积平原,,2012-11-26
94588,flood mark,洪水位；高潮位标志泛水标志；,,2012-11-26
94589,floating wreckage,漂流物；浮动失事船残骸破片,,2012-11-26
94590,floating type tide gauge,浮式检潮仪,,2012-11-26
94591,floating pontoon; floating wharf,浮码头,,2012-11-26
94592,floating pole,浮标杆,,2012-11-26
94593,floating pier,突堤式浮码头,,2012-11-26
94594,floating obstruction,浮动障碍物,,2012-11-26
94595,floating mud pipe-line,水上排泥浮管,,2012-11-26
94596,floating log or bamboo camel fender,原木或竹片梱成浮护舷,,2012-11-26
94597,floating light,浮灯,,2012-11-26
94598,floating landing stage; landing stage,浮栈桥,,2012-11-26
94599,floating gate,浮式坞门,,2012-11-26
94600,floating fender,浮式护舷,,2012-11-26
94601,floating dock,浮[船]坞,,2012-11-26
94602,floating derrick,浮式吊杆；吊杆船,,2012-11-26
94603,floating crane,水上起重机；起重船,,2012-11-26
94604,floating caisson type wharf,浮式沈箱码头,,2012-11-26
94605,floating caisson,浮式沈箱,,2012-11-26
94606,floating caission upright breakwater,直壁浮式沈箱防波堤,,2012-11-26
94607,floating bridge; pontoon birdge,浮桥,,2012-11-26
94608,floating breakwater,浮式防波堤,,2012-11-26
94609,floating beacon,浮式主标,,2012-11-26
94610,floating aid,水上号志,,2012-11-26
94611,floater,输泥管浮箱；助浮箱；浮子,,2012-11-26
94612,flight lock,连级船闸,,2012-11-26
94613,flickering,闪烁；明晦光,,2012-11-26
94614,flexible air pipe,任意弯挠之气管,,2012-11-26
94615,flasing beacon,闪光标杆,,2012-11-26
94616,flash light,闪光[灯]；[手]电筒,,2012-11-26
94617,fixed sailing,固定航期,,2012-11-26
94618,fixed radio beacon,固定无线电示标,,2012-11-26
94619,fixed loading,固定载重,,2012-11-26
94620,fixed light,定光[灯],,2012-11-26
94621,fixed hoist,固定起吊机,,2012-11-26
94622,fixed forms,固定模板,,2012-11-26
94623,fixed and group flashing light,[固]定联闪光,,2012-11-26
94624,fixed and flashing light,定闪光,,2012-11-26
94625,fishery quay,渔业码头,,2012-11-26
94626,fishery harbor; fishing harbor; fishing port,渔港,,2012-11-26
94627,fire warp,火警备缆,,2012-11-26
94628,fire protection equipment,防火设备,,2012-11-26
94629,fire hydrant,消防给水栓,,2012-11-26
94630,fire hose,消防水管；消防软管；水龙带,,2012-11-26
94631,fire fighting,灭火,,2012-11-26
94632,fire fighter; fireman,消防队员,,2012-11-26
94633,fire extinguishing installation and equipment,救火设备,,2012-11-26
94634,fire extinguishing agent,灭火剂,,2012-11-26
94635,fire escape,太平梯；太平门；救火云梯,,2012-11-26
94636,fire engine,消防车,,2012-11-26
94637,fire drill; fire fighting drill,消防演习,,2012-11-26
94638,fire chute,火警滑梯,,2012-11-26
94639,fire brigade,消防队,,2012-11-26
94640,fire boat,消防船；救火船；消防艇,,2012-11-26
94641,fire annihilator; fire extinguisher,灭火器,,2012-11-26
94642,finite amplitude wave,有限振幅波,,2012-11-26
94643,finite amplitude surface wave,表面有限振幅波,,2012-11-26
94644,finess of grading,土壤颗粒细度,,2012-11-26
94645,final port of destination,最终目的港,,2012-11-26
94646,final port,航线终点港,,2012-11-26
94647,fetch length,风袭区域长度,,2012-11-26
94648,ferry flat,平底渡船,,2012-11-26
94649,fender at curved corner,码头圆角处所装设之护舷,,2012-11-26
94650,fault shore line,断层海岸,,2012-11-26
94651,falling sage,落水位,,2012-11-26
94652,factor of safety against sliding,抗滑安全系数,,2012-11-26
94653,factor of safety against overturning,抗翻安全系数,,2012-11-26
94654,factor of safety against crushing,抗压安全系数,,2012-11-26
94655,extraordinary high tide,异常高潮,,2012-11-26
94656,extinguished temporarily,暂时熄灭,,2012-11-26
94657,exterior channel; outer route,外航道,,2012-11-26
94658,exposed rock,明礁,,2012-11-26
94659,exposed anchorage,曝露锚地{指曝露危险品而言},,2012-11-26
94660,export processing zone,出口加工区,,2012-11-26
94661,explosive anchorage,爆炸品锚地,,2012-11-26
94662,exempt pilot; optional pilotage; voluntary pilotage,自由引水,,2012-11-26
94663,excavation,开挖,,2012-11-26
94664,examination anchorage,检查锚位,,2012-11-26
94665,euripus,急流海峡,,2012-11-26
94666,estuary harbor,河口港,,2012-11-26
94667,establishments port,候潮港,,2012-11-26
94668,escape,逸出；艉踢出；退水路,,2012-11-26
94669,erosion beach,被侵蚀海岸,,2012-11-26
94670,equivalent load,当量载重,,2012-11-26
94671,equipment principle of terminal time ,装卸设备合适化,,2012-11-26
94672,equipment principle of standardization,装卸设备标准化；设备标准化原理 ,,2012-11-26
94673,equipment principle of flexibility,装卸设备弹性化；设备弹性原理,,2012-11-26
94674,equinoctial spring,二分大潮,,2012-11-26
94675,enviromental science,环境科学,,2012-11-26
94676,entrance of lock,船闸进口,,2012-11-26
94677,entrance marker,港口标志,,2012-11-26
94678,entrance dock,坞口,,2012-11-26
94679,entrance buoy,港口浮标,,2012-11-26
94680,entering and leaving signal,进出港信号,,2012-11-26
94681,engine surveyor,引擎检查员,,2012-11-26
94682,energy coefficient,能量系数{波浪},,2012-11-26
94683,embarkment [= embarkament],乘船；开船,,2012-11-26
94684,embankment,人工堤岸,,2012-11-26
94685,EMB; loading,装载,,2012-11-26
94686,electric hoist,电力吊车,,2012-11-26
94687,electric buoy,电灯浮标,,2012-11-26
94688,electric air oscillator,电动控气振动器,,2012-11-26
94689,echo board,回音板,,2012-11-26
94690,ebb channel,退潮水道,,2012-11-26
94691,ebb and flow,落潮流,,2012-11-26
94692,earthquake stress,地震应力,,2012-11-26
94693,earthquake load,地震负载,,2012-11-26
94694,earthquake,地震,,2012-11-26
94695,during quarantine,在检疫中,,2012-11-26
94696,duration of quarrantine,检疫期间,,2012-11-26
94697,dumping truck,倾卸车,,2012-11-26
94698,dumping barge,倾卸式驳船,,2012-11-26
94699,dry dock [= graving dock; graven dock],干[船]坞,,2012-11-26
94700,dry construction method,干工法,,2012-11-26
94701,dry ballast,干压载物；干压舱物,,2012-11-26
94702,drum buoy,鼓形浮标,,2012-11-26
94703,drop caisson; dredge caisson,重力式沈箱,,2012-11-26
94704,driving test,打桩试验,,2012-11-26
94705,drilling rig at sea; offshore drilling structure,海上钻探平台,,2012-11-26
94706,drilling platform,钻探[油]台；钻探平台,,2012-11-26
94707,drift wood,漂流木,,2012-11-26
94708,drift mud,流泥,,2012-11-26
94709,drift bottle,漂沙采集瓶,,2012-11-26
94710,dressed full with up and down flags,商船挂满旗；垂列式满旗{帆船},,2012-11-26
94711,dredging agitation,搅动海底吸取挖泥法,,2012-11-26
94712,dredged berth,挖泥后船席,,2012-11-26
94713,dredged area,挖濬区,,2012-11-26
94714,dredge hoist,挖泥船移锚机,,2012-11-26
94715,dredge [= dredger],挖泥船；挖泥机,,2012-11-26
94716,draw back,退税,,2012-11-26
94717,draught mark,吃水标[识],,2012-11-26
94718,draught extreme,吃水极限,,2012-11-26
94719,drag suction dredge,拖吸挖泥船,,2012-11-26
94720,drag line,耙泥机,,2012-11-26
94721,double wharfage,加倍码硕费,,2012-11-26
94722,double gate lock,双门船闸,,2012-11-26
94723,double flashing light,双闪光,,2012-11-26
94724,double breakwater,双防波堤,,2012-11-26
94725,double acting pile hammer,双动式打桩锤,,2012-11-26
94726,dolphine; mooring post,系船柱,,2012-11-26
94727,dolphin berth,簇桩船席,,2012-11-26
94728,docking keel block,龙骨垫座,,2012-11-26
94729,docking accommodation,靠泊设备,,2012-11-26
94730,docking,[船舶]进坞；船舶靠泊码头；泊岸,,2012-11-26
94731,dockage period,入坞期,,2012-11-26
94732,dock yard overhaul,船舶进厂检修,,2012-11-26
94733,dock yard hands,造船厂工人,,2012-11-26
94734,dock wall,坞壁；岸壁,,2012-11-26
94735,dock still,干船坞门线,,2012-11-26
94736,dock labor [= docker],码头工人；船坞工人,,2012-11-26
94737,dock head,坞顶,,2012-11-26
94738,dock engineering,船坞工程；码头工程,,2012-11-26
94739,dock closing,船坞口关闭设备,,2012-11-26
94740,dock charge,入坞费；码头费,,2012-11-26
94741,dock chamber,坞室,,2012-11-26
94742,dock boss,码头理货领班,,2012-11-26
94743,diving signal,潜水信号,,2012-11-26
94744,diving machine,潜水机具,,2012-11-26
94745,diving instructor,潜水教练,,2012-11-26
94746,diving dress; diving suit,潜水衣,,2012-11-26
94747,diving current,潜射流,,2012-11-26
94748,diving boat; diving tender,潜水工作船,,2012-11-26
94749,diving bell,潜水钟,,2012-11-26
94750,diviation of tidal level,潮位偏差,,2012-11-26
94751,diver's equipment,潜水装备,,2012-11-26
94752,diverged beam,散光柱,,2012-11-26
94753,diver,潜水员；潜水夫,,2012-11-26
94754,diurnal inequality,日潮不等,,2012-11-26
94755,distress light,遇难求救灯号,,2012-11-26
94756,distress gun,遇难求救信号鎗,,2012-11-26
94757,distress flag,遇难求救旗,,2012-11-26
94758,disposal load,废货载重{可任意处理或抛弃之装载},,2012-11-26
94759,displacement fully loaded; full load displacement,满载排水量,,2012-11-26
94760,displaced lock,偏厢船闸,,2012-11-26
94761,dispatch money,快速装卸费,,2012-11-26
94762,discharging berth,卸货船席,,2012-11-26
94763,discharge bay,排水湾；排水口,,2012-11-26
94764,disaster,海难；灾难,,2012-11-26
94765,directional spectrum,波向谱,,2012-11-26
94766,direction light,方向灯,,2012-11-26
94767,direct recording pressure type wave meter,直接纪录水压测波仪,,2012-11-26
94768,dipper dredge[= shovel dredge; spoon dredge],杓斗挖泥船；铲斗挖泥船,,2012-11-26
94769,dike,堤；岩永,,2012-11-26
94770,diffraction of wave,波浪绕射,,2012-11-26
94771,Diessel pile hammer,柴油打桩锤,,2012-11-26
94772,Diessel oil lighter,柴油驳船,,2012-11-26
94773,diaphragm horn,片膜号角,,2012-11-26
94774,Diaphone,代亚分雾号,,2012-11-26
94775,devanning,货物拆柜,,2012-11-26
94776,detained,被扣留,,2012-11-26
94777,detached breakwater,岛堤,,2012-11-26
94778,despatch vessel,快速船舶,,2012-11-26
94779,despatch discharging only,限定快卸,,2012-11-26
94780,despatch,派遣；急件；快速装卸,,2012-11-26
94781,design wave,设计波,,2012-11-26
94782,derrick lighter,吊杆驳船,,2012-11-26
94783,derrick guy,顶索起重架；吊杆拉索,,2012-11-26
94784,derrick car,吊杆车,,2012-11-26
94785,derrick boom,吊货杆；吊杆；起重杆,,2012-11-26
94786,derrick,吊杆,,2012-11-26
94787,depth of signal,水深信号,,2012-11-26
94788,depth of breaking,碎波水深,,2012-11-26
94789,delta shore line,三角洲海岸线,,2012-11-26
94790,delivery report,提货报告单,,2012-11-26
94791,delivery on demand,要求交货,,2012-11-26
94792,deliver from godown,货物仓库交提,,2012-11-26
94793,degaussing gear,消磁装置,,2012-11-26
94794,defence of anchorage,锚地防护,,2012-11-26
94795,deep-water pier,深水突堤码头,,2012-11-26
94796,deep-water dock,深水船坞,,2012-11-26
94797,deep sea fishery barbor,远洋渔港,,2012-11-26
94798,deep draught; full draft; full draught; full load draft; full load draught; gage; gauge; load draft; load draught; loaded or fully loaded draft,满载吃水,,2012-11-26
94799,deep bay,深水湾,,2012-11-26
94800,dedusting plant,除尘设备,,2012-11-26
94801,deck watchman,舱面巡查员；甲板巡查员,,2012-11-26
94802,deck gang,船上工作班；海上工作班,,2012-11-26
94803,decay of wave,衰减浪,,2012-11-26
94804,decay distance,衰减距离{波浪},,2012-11-26
94805,debouchure,江河出口广阔处,,2012-11-26
94806,debarkation,卸载,,2012-11-26
94807,dead water,静水；艉静流{航行时所起的艉静流},,2012-11-26
94808,dead head,免票旅客；木锚标；系缆桩,,2012-11-26
94809,dead freight,空运费；不装运费,,2012-11-26
94810,date of arrival,到港日期,,2012-11-26
94811,dark period,熄光时间,,2012-11-26
94812,dangerous wreck,危险沉船,,2012-11-26
94813,dangerous cargo yard,危险品放置场,,2012-11-26
94814,dangerous cargo wharf; hazardous cargo wharf,危险品码头,,2012-11-26
94815,dangerous cargo warehouse,危险品仓库,,2012-11-26
94816,damaged cargo,破损货,,2012-11-26
94817,damage yard; container damage yard,货柜待修场,,2012-11-26
94818,daily retardation of tide,每日涨落潮渐次延后时间,,2012-11-26
94819,daily list of movement of ship ,船舶动态日报表,,2012-11-26
94820,cylindrical buoy,[圆]筒形浮标,,2012-11-26
94821,cyclone dust collector,回旋气压聚尘器,,2012-11-26
94822,cutter suction dredge,切吸挖泥船,,2012-11-26
94823,customs; customs house {= CH},海关,,2012-11-26
94824,customs waters,海关管制水域,,2012-11-26
94825,customs joint lock warehouse ,海关连锁仓库,,2012-11-26
94826,customs clearance; through customs,通关,,2012-11-26
94827,customary quick despatch,依惯例快速处理,,2012-11-26
94828,cuspate bar,尖嘴沙洲；新月形沙洲,,2012-11-26
94829,cross current,横流；侧流,,2012-11-26
94830,crew list; ships book,船员名册,,2012-11-26
94831,crest of wave ,静水位上之波高；波浪最高点,,2012-11-26
94832,craneman,起重机司机,,2012-11-26
94833,cradle,船台；话器架；托架；船架{滑道设备},,2012-11-26
94834,cover layer,被覆层,,2012-11-26
94835,core boring,取心钻探,,2012-11-26
94836,convey assembly port,货物转运港,,2012-11-26
94837,Convention Converning Reparation of Seaman Discharged from Service,遣送解雇海员回国公约,,2012-11-26
94838,controlled sailing,管制出航,,2012-11-26
94839,container tractor and trailer,货柜拖车,,2021-09-25
94840,contract stevedore; stevedore,码头装卸工人,,2012-11-26
94841,contract of employment,雇用合同,,2012-11-26
94842,containerized cargo,货柜装载货物,,2012-11-26
94843,container terminal,货柜中心；货柜基地；货柜终点站,,2012-11-26
94844,container port,货柜港,,2012-11-26
94845,container marshalling yard; marshalling yard,货柜调度场,,2012-11-26
94846,container handling crane,货柜起重机,,2012-11-26
94847,container handling equipment,货柜搬运机具,,2012-11-26
94848,container freight station {= CFS},货柜集散站,,2012-11-26
94849,constant bar; permanent bar,固定沙洲,,2012-11-26
94850,conspicuous object,显著目标,,2012-11-26
94851,conical buoy,圆锥形浮标,,2012-11-26
94852,confidential chart,机密海图,,2012-11-26
94853,concrete block upright breakwater,直壁混凝土块防波堤,,2012-11-26
94854,concrete block type wharf,混凝土块砌码头,,2012-11-26
94855,compulsory pilot; compulsory pilotage; mandatory pilotage,强制引水,,2012-11-26
94856,compound tide; resultant tide,合成潮,,2012-11-26
94857,composite breakwater,合成式防波堤,,2012-11-26
94858,component day,分潮日,,2012-11-26
94859,commercial port; commercial harbor,商港,,2012-11-26
94860,commercial dock,商用码头；商用船坞,,2012-11-26
94861,commercial blockade,商业封锁,,2012-11-26
94862,combination of steel beam and rubber fender,钢梁橡胶合成护舷,,2012-11-26
94863,combination of rubber and wood pile fender,橡胶与木桩合成护舷,,2012-11-26
94864,combination lantern; combination light; combined lanturn; side lights combined in one lantern,合并灯,,2012-11-26
94865,colored sector,有色光弧,,2012-11-26
94866,color of light,灯光颜色,,2012-11-26
94867,cohesive force,黏著力；凝聚力,,2012-11-26
94868,code book,信号录；电码本,,2012-11-26
94869,cocked card,出航证,,2012-11-26
94870,coasting pilot,沿海引水人,,2012-11-26
94871,coasting light,沿海灯塔,,2012-11-26
94872,coastal route,沿海航线,,2012-11-26
94873,coastal life boat,沿海救生艇,,2012-11-26
94874,coastal fishery harbor,沿海渔港,,2012-11-26
94875,coastal barge,沿海驳船,,2012-11-26
94876,coast signal,海岸信号,,2012-11-26
94877,coast mark,海岸标志,,2012-11-26
94878,coast guard,海岸巡防处,,2012-11-26
94879,coal wharf,煤码头,,2012-11-26
94880,coal terminal,运煤中心,,2012-11-26
94881,coal storage yard,贮煤场,,2012-11-26
94882,coal hatch,[船上]煤舱口,,2012-11-26
94883,coal harbor,煤港,,2012-11-26
94884,closed basin; closed harbor; closed port,闭口港,,2012-11-26
94885,clearance certificate,出航许可证,,2012-11-26
94886,clearance,云消{海洋气象}；结关；出港许可,,2012-11-26
94887,clear mark [= clearing mark],安全标志；避险标志；导航标志,,2012-11-26
94888,clear berth,空船席；空锚位,,2012-11-26
94889,clear anchorage,安全锚地,,2012-11-26
94890,civil embargo,禁止民船出航；禁止民船出港,,2012-11-26
94891,chop,签字；盖章；许可证；作战管制之移转；航务官制转移之时日,,2012-11-26
94892,chime signal,合鸣信号,,2012-11-26
94893,chemical explosive of excavation,炸药爆破开挖,,2012-11-26
94894,chartography; cargraphy,海图制图法,,2012-11-26
94895,chartographer; cartographer,海图绘制师,,2012-11-26
94896,channel entrance; chaps,航道入口,,2012-11-26
94897,channel buoy,航道浮标,,2012-11-26
94898,chain conveyor,链式运送带,,2012-11-26
94899,chain boat,链船{系泊用},,2012-11-26
94900,chain block,链[条]滑车,,2012-11-26
94901,certification of ship master taking over command,船长就职证书,,2012-11-26
94902,certification of retirement of ship master,船长退职证明书,,2012-11-26
94903,certificated route,指定航线,,2012-11-26
94904,centrifugal discharge,离心力卸货,,2012-11-26
94905,cement silo,水泥散装仓库,,2012-11-26
94906,cement clay,水泥黏土{临时堵漏用},,2012-11-26
94907,cellular type wharf,井筒式码头,,2012-11-26
94908,cellular steel sheet pile,钢板桩井筒,,2012-11-26
94909,cellular concerte block upright breakwater,直壁格墙混凝土块防波堤,,2012-11-26
94910,cellular caisson,格墙沈箱,,2012-11-26
94911,cautionary signal,警示号志,,2012-11-26
94912,causeway,栈桥；堤道；过水道,,2012-11-26
94913,catoptric lens,反射透镜,,2012-11-26
94914,catadioptric lens,反射折射透射镜,,2012-11-26
94915,cask buoy,烟囱外壳；桶状浮标,,2012-11-26
94916,cask,桶；木桶,,2012-11-26
94917,case,箱；事实纪录,,2012-11-26
94918,carrying load,运送载荷,,2012-11-26
94919,carring capacity,运载能量,,2012-11-26
94920,cargo mast,码头通栈屋顶起货杆{美},,2012-11-26
94921,cargo manifest,货物舱单,,2012-11-26
94922,cargo light,起货灯；吊货灯,,2012-11-26
94923,cardinal marking system,基标系统,,2012-11-26
94924,cargo handling capacity,货物装卸作业能量,,2012-11-26
94925,car float,装有轨道之驳船；火车渡船；车辆浮桥,,2012-11-26
94926,capillary wave,波界张力波,,2012-11-26
94928,cancellation of registration,注销登记,,2012-11-26
94929,canalization,渠化,,2012-11-26
94930,canaler,运河水手,,2012-11-26
94931,canal lock,运河船闸,,2012-11-26
94932,canal harbor; canal port,运河港,,2012-11-26
94933,can buoy,罐状浮标,,2012-11-26
94934,caisson slipway,制造沈箱滑道,,2012-11-26
94935,caisson marine railway,装铁轨沈箱逍送,,2012-11-26
94936,caisson gate,箱式坞门,,2012-11-26
94937,caisson dock; caisson dry dock,装造沈箱干坞,,2012-11-26
94938,cabotage,沿海航运；沿海贸易权,,2012-11-26
94939,by the board [= overboard; to go by the board],落水；漂失,,2012-11-26
94940,buoyancy apparatus,救生浮具；打捞浮具,,2012-11-26
94941,buoyage,浮筒使用费；浮标安装法规,,2012-11-26
94942,buoy tender,浮标母船；浮标管理船；浮标补给船,,2012-11-26
94943,buoy dues,浮标规费,,2012-11-26
94944,buoy berth,浮筒船席,,2012-11-26
94945,buoy appendages,浮标附件,,2012-11-26
94946,buoy,浮标；浮筒,,2012-11-26
94947,bund line,码头线；沿海公路线,,2012-11-26
94948,bulk terminal,大宗散货装卸中心,,2012-11-26
94949,bulk cargo wharf,散货码头,,2012-11-26
94950,bulk cargo carrier,干散装货船,,2012-11-26
94951,building slipway,造船滑道,,2012-11-26
94952,building berth,造船码头,,2012-11-26
94953,bucket elevator,链斗式起谷机；链斗式升降机,,2012-11-26
94954,bucket dredge [= bucket dredger; dipper dredger; ladder bucket dredge; ladder dredger],联斗式挖泥船；戽斗挖泥船,,2012-11-26
94955,broker's return,碎波回水,,2012-11-26
94956,broken wave,已碎波,,2012-11-26
94957,broken water,碎波水域,,2012-11-26
94958,broing log,钻探作业纪录,,2012-11-26
94959,bridge type wharf,桥式码头,,2012-11-26
94960,breasting dolphin,靠船桩束,,2012-11-26
94961,breaking line,碎波线,,2012-11-26
94962,breaking height,碎波高,,2012-11-26
94963,breaker depth,碎波带水深,,2012-11-26
94964,breaker,水罐；饮水桶{救生艇用}；碎波；白浪；破冰船；断路器,,2012-11-26
94965,braced cylinder type wharf,圆筒支柱码头,,2012-11-26
94966,box sheet pile breakwater,箱型板桩防波堤,,2012-11-26
94967,box dock,小浮坞；箱坞,,2012-11-26
94968,box caisson,箱式沈箱,,2012-11-26
94969,bowser boat,加油艇,,2012-11-26
94970,bow fender,船首护垫；船头护垫{拖船等},,2012-11-26
94971,bound port,限制港；羁留港,,2012-11-26
94972,boulder clay,巨块黏土,,2012-11-26
94973,boulder,大圆石,,2012-11-26
94974,boring,地质钻探；破冰前进；破冰航行；搪缸,,2012-11-26
94975,bore,高潮排浪；激潮；排浪；海啸；砲膛；枪膛,,2012-11-26
94976,boom,[吊]杆；浮木栏栅；栏油浮管；超重机吊臂,,2012-11-26
94977,bonded cargo,保税货[物],,2012-11-26
94978,bolted section dock,分段式浮坞,,2012-11-26
94979,bollard cleat,羊角系缆栓,,2012-11-26
94980,bollard,系缆桩,,2012-11-26
94981,board measurement,材积,,2012-11-26
94982,blockade,封锁；阻塞,,2012-11-26
94983,blind harbor,盲港{无导航标识},,2012-11-26
94984,blackout light,防空灯,,2012-11-26
94985,bill of sufferance,沿岸货物保税单,,2012-11-26
94986,berthing signal,系泊信号；指泊信号,,2012-11-26
94987,berthing master,分配船席者；系船课长,,2012-11-26
94988,berthing dues,船席规费,,2012-11-26
94989,berthing capacity,系泊最大能量,,2012-11-26
94990,berthing beam,泊船宽度,,2012-11-26
94991,berthing accommodation,码头泊船容量,,2012-11-26
94992,berthage,码头费；船席费,,2012-11-26
94993,berth throughput,码头营运量；吞吐量,,2012-11-26
94994,berth apron clerk,码头管理员,,2012-11-26
94995,berth,船席；锚地；泊地；泊位；空位,,2012-11-26
94996,belt conveyer [= belt conveyor; rotary conveyor],带式运送机；输送带{搬运装置}；运货带,,2012-11-26
94997,bed load,底移质,,2012-11-26
94998,bearing signal,方位信号,,2012-11-26
94999,beacon unlight,无光桩标,,2012-11-26
95000,beacon signal,指标信号；示标信号,,2012-11-26
95001,beacon pile,桩标,,2012-11-26
95002,beacon light,陆上标灯,,2012-11-26
95003,beacon boat,桩标船；灯标船,,2012-11-26
95004,beach slope,海滩斜坡,,2012-11-26
95005,beach face,前滩,,2012-11-26
95006,batter pile,斜桩,,2012-11-26
95007,basin lock,闭口港船闸,,2012-11-26
95008,barrel hooks; can hook,桶钩,,2012-11-26
95009,barrel,筒；桶；琵琶桶,,2012-11-26
95010,barred sea,海滨沙洲,,2012-11-26
95011,barometric weather forecast,气压预测天气,,2012-11-26
95012,bargemate,驳船舵工,,2012-11-26
95013,bargeman,驳船船员,,2012-11-26
95014,barge port,驳船港,,2012-11-26
95015,barge master,驳船长,,2012-11-26
95016,bar signal,浅滩号志,,2012-11-26
95017,bar pilot,沙洲区引水人,,2012-11-26
95018,bar bounds,沙洲区,,2012-11-26
95019,bank protection,护岸,,2012-11-26
95020,balsa; life raft,救生筏,,2012-11-26
95021,ballast master,压载物装卸监督人,,2012-11-26
95022,ballast mark,压载物水线,,2012-11-26
95023,ballast lighter,压舱物驳船；压载物驳船,,2012-11-26
95024,ballast ball,坠球；球状压舱物,,2012-11-26
95025,bale meassure,包装尺码,,2012-11-26
95026,bag-water ballast,压舱水袋,,2012-11-26
95027,baggage sufferance,随身行李报单,,2012-11-26
95028,baggage lien,行李抵押,,2012-11-26
95029,baggage declaration,行李申报单,,2012-11-26
95030,back hoe dredge,锄式挖泥船；锄式挖泥机,,2012-11-26
95031,awash rock,平水礁,,2012-11-26
95032,average highest one-third wave height {H 1/3},1/3示性波高,,2012-11-26
95033,average highest one-tench wave height {H 1/10},1/10示性波高,,2012-11-26
95034,available capacity,有效容量；现容量,,2012-11-26
95035,auxiliary repairing dock,补助修船坞,,2012-11-26
95036,auxiliary light,副灯,,2012-11-26
95037,auxiliary hook,起重机副钩,,2012-11-26
95038,auxiliary floating dock,补助浮船坞,,2012-11-26
95039,automatic sound buoy,自动发声浮标；自鸣浮标,,2012-11-26
95040,automatic fog gun,自动雾炮,,2012-11-26
95041,auto ferry,汽车轮渡,,2012-11-26
95042,auto carrier,汽车船,,2012-11-26
95043,authority,主管机构；权责机关,,2012-11-26
95044,authoritized agent,授权代理人,,2012-11-26
95045,attended light station,看守灯塔,,2012-11-26
95046,asymmetrical fan beam,非对称扇形光柱,,2012-11-26
95047,assembled lens,组合透镜；组合塔弧光透镜,,2012-11-26
95048,ash lighter,煤灰驳船,,2012-11-26
95049,artificial nourishment of beach,人工养护滩,,2012-11-26
95050,artificial harbor,人工港,,2012-11-26
95051,artificial island,人工岛,,2012-11-26
95052,artificial accretion,人工回淤,,2012-11-26
95053,arrival of ship,船舶到达,,2012-11-26
95054,armor layer,外层,,2012-11-26
95055,armor blocks,消波块,,2012-11-26
95056,aqueduct,水道；输水道,,2012-11-26
95057,approach signal,港口信号,,2012-11-26
95058,approach berth,港口船席,,2012-11-26
95059,apprentice pilot,实习引水人；见习引水人,,2012-11-26
95060,apply for warehouse entry,申请货物进仓,,2012-11-26
95061,apply for rewarehouse entry,申请货物转仓,,2012-11-26
95062,apparent intensity,视强度；易见度,,2012-11-26
95063,apogee tide,月远小潮,,2012-11-26
95064,annual tide,年周潮,,2012-11-26
95065,annual rainfall,年降雨量,,2012-11-26
95066,angle of current,流向角,,2012-11-26
95067,anemometrograph,自记风速风力风向计,,2012-11-26
95068,anemograph,风力记录计；测风仪,,2012-11-26
95069,anemobarometer,风速风压表；风压纪录计,,2012-11-26
95070,anchorage space,碇泊区；锚地,,2012-11-26
95071,anchorage handling boat,带锚船,,2012-11-26
95072,anchor wall,锚碇碇板,,2012-11-26
95073,anchor plate,锚板,,2012-11-26
95074,anchor block,锚锤；锚坠,,2012-11-26
95075,anchor and chain certificate,锚、链合格证书,,2012-11-26
95076,amplitude; wave amplitude,波浪振幅,,2012-11-26
95077,ammunition lighter,弹药驳船,,2012-11-26
95078,American Concrete Institute {= ACI},美国混凝土学会,,2012-11-26
95079,American Association of Port Authorities,美国港埠协会,,2012-11-26
95080,ambulance lighter,救护驳船；救护艇,,2012-11-26
95081,alternating revolving light,换色回转光,,2012-11-26
95082,alternating group flashing light,换色群闪光,,2012-11-26
95083,alternating flashing light,换色闪光；换色群顿光,,2012-11-26
95084,alongside date,货物装船日,,2012-11-26
95085,alongside current,侧流；顺向流,,2012-11-26
95086,alongside berth,侧靠船席,,2012-11-26
95087,alongshore,沿岸；近岸,,2012-11-26
95088,alluvium,冲积层；冲积地,,2012-11-26
95089,allowable bearing capacity,许可承载重,,2012-11-26
95090,allocation space,仓位分配,,2012-11-26
95091,all fours mooring [= four arms mooring],前后双锚泊,,2012-11-26
95092,air-bubble screen,气泡消波设备,,2012-11-26
95093,air port,舷窗；通气口；航空站,,2012-11-26
95094,air cell,气囊；气密室；空气电池,,2012-11-26
95095,air breakwater,喷气防波堤,,2012-11-26
95096,air blast,喷气；鼓气；射气；气冲；气爆,,2012-11-26
95097,aids to navigation,导航设施,,2012-11-26
95098,aground,搁浅；触礁,,2012-11-26
95099,aggredation; accretion,回淤,,2012-11-26
95100,after delivery,交货后,,2012-11-26
95101,A-framed derrick,A型架吊杆,,2012-11-26
95102,A-frame breakwater,A型构架式浮防波堤,,2012-11-26
95103,affreightment,雇船契约,,2012-11-26
95104,aerial ropeway,架空索道,,2012-11-26
95105,advance; advance of a beach,海岸线前移,,2012-11-26
95106,admeasurement of vessel,船舶丈量,,2012-11-26
95107,admeasurement of small ship,小船丈量,,2012-11-26
95108,adjacent zone,领海邻接区,,2012-11-26
95109,adjacent water,邻近水域,,2012-11-26
95110,activated sludge,浮动沉淀物,,2012-11-26
95111,act of god; act of God,天灾；不可抗力,,2012-11-26
95112,acoustic wave in water,水中音波{测深用},,2012-11-26
95113,acoustic depth finder; echo sounder,回声测深仪,,2012-11-26
95114,accumulation forms,海岸冲积模式,,2012-11-26
95115,accommodation,泊船处；起居设备,,2012-11-26
95116,aburton,横放,,2012-11-26
95117,absorpotion factor,吸收因素,,2012-11-26
95118,absence light,灭光,,2012-11-26
95119,absence flag,离船旗；离港旗,,2012-11-26
95120,abrasion platform,海蚀台地,,2012-11-26
95121,above water damage,水线上损害,,2012-11-26
95122,abnormal tide,异常潮,,2012-11-26
95123,zone of responsibility,责任地区,,2012-11-26
95124,zone of interior,后方区,,2012-11-26
95125,zone of fire,射击地带；火力制压地区,,2012-11-26
95126,zone of ailence,静默区,,2012-11-26
95127,zone of action,行动区,,2012-11-26
95128,zippels,拉链式巡逻,,2012-11-26
95129,ZIM,区域性限制飞弹发射,,2012-11-26
95130,zigzag plan,「之」航计划,,2012-11-26
95131,Z-hour,Z时,,2012-11-26
95132,zero hour of sortie,出港基准时,,2012-11-26
95133,zero hour,零时,,2012-11-26
95134,ZD,无缺点；时区志,,2012-11-26
95135,ZAP,防空潜力为零,,2012-11-26
95136,Z,方位角；垂直分力；时区子午线,,2012-11-26
95137,YYC,敞舱驳船{无动力},,2012-11-26
95138,YW,水驳{有动力},,2012-11-26
95139,YV,无线电操纵靶机弹射与控制艇,,2012-11-26
95140,YTT,鱼雷试驳船,,2012-11-26
95141,YT,港勤拖船,,2012-11-26
95142,Y-search,Y型搜索,,2012-11-26
95143,YSD,遇难水上飞机起重船{有动力},,2012-11-26
95144,YRST,救难小艇母舰{无动力},,2012-11-26
95145,YP,巡逻小艇{有动力},,2012-11-26
95146,YOS,储油驳{无动力},,2012-11-26
95147,YON,燃油驳{无动力},,2012-11-26
95148,YOG,汽油驳船{有动力},,2012-11-26
95149,YO,油驳船{有动力},,2012-11-26
95150,YNT,地区网栅工作船{拖船级}；军区网栅工作船{拖船级},,2012-11-26
95151,YN,防潜网工作船,,2012-11-26
95152,YMT,拖艇,,2012-11-26
95153,YMS,辅助扫雷艇,,2012-11-26
95154,YMP,布雷艇,,2012-11-26
95155,YM,挖泥船{有动力},,2012-11-26
95156,YLLC,轻型救难吊杆船{有动力},,2012-11-26
95157,YHLC,重型救难吊杆船{无动力},,2012-11-26
95158,YHB,营房艇,,2012-11-26
95159,YH,救护艇,,2012-11-26
95160,Y-gun,Y砲,,2012-11-26
95161,YFT,鱼雷运输驳船,,2012-11-26
95162,YFR,加盖冷藏驳船{有动力},,2012-11-26
95163,YFP,浮动供电驳船{无动力},,2012-11-26
95164,YFNX,特种驳船{无动力},,2012-11-26
95165,YFND,干坞配用艇{无动力},,2012-11-26
95166,YFN,加盖驳船{无动力},,2012-11-26
95167,YFD,厂所浮动干坞{无动力},,2012-11-26
95168,YFB,渡船或汽艇{有动力},,2012-11-26
95169,YF,有遮盖动力驳船{有动力},,2012-11-26
95170,yeoman {= YN},文书士,,2012-11-26
95171,yellow alert,空袭警报{可能遭受空袭},,2012-11-26
95172,YE,弹药驳船；飞机导航系统,,2012-11-26
95173,YDT,潜水工作艇{无动力},,2012-11-26
95174,YDG,地区消磁船,,2012-11-26
95175,YCV,飞机运输驳船{无动力},,2012-11-26
95176,YCK,露天物资驳船,,2012-11-26
95177,YCF,浮动车{无动力},,2012-11-26
95178,YCD,油驳,,2012-11-26
95179,YBR,泥驳,,2012-11-26
95180,YAGK,海上雷达站船,,2012-11-26
95181,YAG,各种型式的辅助舰{有动力},,2012-11-26
95182,Xog,本舰舰速正横发射面之分量,,2012-11-26
95183,Xo,本舰舰速正横瞄准线之分量,,2012-11-26
95184,XMTR,发射机,,2012-11-26
95185,XMT,免除,,2012-11-26
95186,XMIT,传送,,2012-11-26
95187,X-hour,X时,,2012-11-26
95188,X,可潜水船舶；视差角；星位角,,2012-11-26
95189,WSEG,兵器系统研判组,,2012-11-26
95190,WSAT,兵器系统精确试验,,2012-11-26
95191,WRA,兵器换装总成,,2012-11-26
95192,WR,战争役备兵；兵器半径；兵器需求,,2012-11-26
95193,WPTNG,兵器训练,,2012-11-26
95194,WP,白磷弹{砲弹},,2012-11-26
95195,wolfrap,猎狼陷阱,,2012-11-26
95196,wolfpack,狼群{潜舰攻击组},,2012-11-26
95197,WLO,兵器连络官,,2012-11-26
95198,WLD,兵器装填指挥,,2012-11-26
95199,withdrawal action,撤离行动,,2012-11-26
95200,wire guided torpedo,线导鱼雷,,2012-11-26
95201,window,窗弹；伪雷达目标,,2012-11-26
95202,wild shot,野弹；乱落弹,,2012-11-26
95203,wig-wag,摇旗通信,,2012-11-26
95204,WIA,作战受伤,,2012-11-26
95205,white alert,解除警报,,2012-11-26
95206,wet storage,水上储存所,,2012-11-26
95207,WEPEX,兵器操演,,2012-11-26
95208,weave,交织航行,,2012-11-26
95209,weapon system evaluation,武器系统之评估,,2012-11-26
95210,weapon system accuracy trials {= WSAT},武器系统精确[度]试验,,2012-11-26
95211,weapon control station,武器控制站,,2012-11-26
95212,weapon control,武器控制；射控,,2012-11-26
95213,WEAPON ALFA,α武器；「阿尔发」砲{一种反潜武器},,2012-11-26
95214,WDS,兵器控制系统,,2012-11-26
95215,WDE,兵器控制装置,,2012-11-26
95216,WCSC,兵器控制系统协调官,,2012-11-26
95217,WCS,兵器射控系统,,2012-11-26
95218,WCCK,兵器射控检查,,2012-11-26
95219,WC,兵器控制,,2012-11-26
95220,WBLC,水运役勤小艇,,2012-11-26
95221,WBGP,水上警卫站,,2012-11-26
95222,wave guide,舟波引导艇,,2012-11-26
95223,wave,在海军服役之妇女；波[动]{船舶通讯},,2012-11-26
95224,watching,浮雷；浮筒,,2012-11-26
95226,watch officer,值更员；[机舱]值更官,,2012-11-26
95227,watch and division officer,队长兼值更官,,2012-11-26
95228,warping tug,浮箱拖船,,2012-11-26
95229,warning order,预备命令；预警命令；预告命令{初动命令},,2012-11-26
95230,warning net,警报网路,,2012-11-26
95231,wardroom,官厅,,2012-11-26
95232,war time,战时时间,,2012-11-26
95233,war room,作战指挥官,,2012-11-26
95234,war patrol,作战巡逻,,2012-11-26
95235,war head,战雷头；弹头,,2012-11-26
95236,war diary,战斗日记,,2012-11-26
95237,walking barge,两栖驳船,,2012-11-26
95238,WA,兵器指派,,2012-11-26
95239,W,舰表时间；浪高修正；白色；西,,2012-11-26
95240,vulnerable area,脆弱区,,2012-11-26
95241,VTOL,垂直起飞与著陆,,2012-11-26
95242,VTIR,红外线近发,,2012-11-26
95243,VT fuze,变时信管；变时引信；近发引信,,2012-11-26
95244,VT,变时,,2012-11-26
95245,VST,访问[舰],,2012-11-26
95246,VR,海军舰队战术支援；实施航行修理,,2012-11-26
95247,VORTAC,极高周多向战术导航系统,,2012-11-26
95248,voice radio procedure,无线电话程序,,2012-11-26
95249,vital deficiency,致命缺点,,2012-11-26
95250,visual tactial deception,目视战术欺骗,,2012-11-26
95251,visual spotting,目视弹著修正法,,2012-11-26
95252,visit and search,临检,,2012-11-26
95255,visible attack; visual attack,目视攻击,,2012-11-26
95256,VIP,重要人员,,2012-11-26
95258,vice commodore of convoy,副船队司令,,2012-11-26
95260,vice admiral,海军中将,,2012-11-26
95261,Very's pistol,韦力氏信号枪,,2012-11-26
95266,vertical replenishment {= VERTREP},重叠装载；垂直整补,,2012-11-26
95267,vertical envelopment,垂直包围,,2012-11-26
95269,vertical collimator,垂直瞄准器,,2012-11-26
95270,verbal designation {target},口头指定{目标},,2012-11-26
95274,VANGUARD,[先锋]卫星,,2012-11-26
95276,van,先锋；前卫,,2012-11-26
95277,vack range,反航叠标,,2012-11-26
95279,V/STOL,垂直/短跑道起飞与著陆,,2012-11-26
95280,UWATE,航训分队,,2012-11-26
95282,UW,非正规作战,,2012-11-26
95285,UTU,航训组,,2012-11-26
95288,USNA,美国海军军官学校,,2012-11-26
95291,USDAO,美国国防武官,,2012-11-26
95293,urgent attack,紧急攻击,,2012-11-26
95295,urgent antisubmarine attack,紧急攻潜法,,2012-11-26
95297,upper sonar room,上声纳室,,2012-11-26
95299,UOLS,水中目标定位与搜察作业,,2012-11-26
95300,unload throught the muzzle,砲口卸弹；清膛,,2012-11-26
95301,units standard advance base,制品前进基地单位,,2012-11-26
95305,United States naval ship {= USNS},美海军之舰船,,2012-11-26
95307,unit reserves,单位储备品,,2012-11-26
95309,unit personnel and tonnage table,单位人员吨位表,,2012-11-26
95310,unit of fire,弹药基数,,2012-11-26
95313,unit loading,单位装载,,2012-11-26
95315,unit guide,单位向导舰,,2012-11-26
95316,unit,单舰；区队,,2012-11-26
95317,uniservice,单一军种,,2012-11-26
95319,uniform of the day,本日服装规定,,2012-11-26
95322,unified force,统一部队,,2012-11-26
95323,unified command,统一指挥部,,2012-11-26
95324,underway replenishment group {= URGP},海上补给支队,,2012-11-26
95328,underwater telegraphing,水中发报,,2012-11-26
95330,underwater sound,水中声音,,2012-11-26
95334,underwater mechanic {= UM},水中机械士官,,2012-11-26
95335,underwater demolition team {= UDT},水中爆破队,,2012-11-26
95340,underwater demolition {= UD},水中爆破,,2012-11-26
95342,underwater burst,水下爆炸,,2012-11-26
95345,underground burst,地下爆炸,,2012-11-26
95346,under hack,检束处分,,2012-11-26
95349,under control,受制；在管制下,,2012-11-26
95351,uncountered minefilds,隐蔽或秘密雷区,,2012-11-26
95353,unconventional warfare,非传统战争,,2012-11-26
95355,ULMS,水中发射飞弹系统,,2012-11-26
95358,UID,单位识别密码,,2012-11-26
95359,UBFC,水中武器射器,,2012-11-26
95361,UB,水中兵器,,2012-11-26
95365,UAM,潜对空飞弹,,2012-11-26
95367,TYT,同型舰训练,,2012-11-26
95368,types of minefield,水雷雷区的种类,,2012-11-26
95371,type organization,类型编组,,2012-11-26
95373,type command,类型编组指挥部,,2012-11-26
95375,TYCOM,同型舰指挥官,,2012-11-26
95376,TWS,扫瞄并同追瞄,,2012-11-26
95378,TWALNDE,转向登陆,,2012-11-26
95380,turret guns,砲塔砲,,2012-11-26
95381,turret,砲塔,,2012-11-26
95382,turn,同转,,2012-11-26
95383,turning the flank,侧翼迂回,,2012-11-26
95384,turbo-jet,涡轮喷射引擎,,2012-11-26
95390,TSFC,战术支援作业单元,,2012-11-26
95391,TSEC,电传通信安全,,2012-11-26
95395,troop basis,部队基准表,,2012-11-26
95396,triplane target,攻潜靶,,2012-11-26
95398,trip flare,绊索式火焰信号器,,2012-11-26
95400,TRE,训练战备研判,,2012-11-26
95401,transportation officer,运输军官,,2012-11-26
95403,transport unit,运输区队,,2012-11-26
95407,transport submarine {APSS; ASSP},人员运输潜艇；人员运输潜舰,,2012-11-26
95408,transport squadron,运输战队,,2012-11-26
95409,transport group,运输支队,,2012-11-26
95411,transport division,运输分队,,2012-11-26
95412,transport area,运输舰区,,2012-11-26
95414,transport {AP},运输舰,,2012-11-26
95416,transmission system {ordance},军械发送系统,,2012-11-26
95419,transient force,过境部队,,2012-11-26
95421,transient,过境单舰,,2012-11-26
95423,transfer berth,换乘泊地,,2012-11-26
95428,transfer area,转运区,,2012-11-26
95429,training program,训练计划,,2012-11-26
95431,training mine,训练水雷,,2012-11-26
95433,training center,训练中心,,2012-11-26
95435,trainer,旋回手,,2012-11-26
95436,train limit,旋转极限,,2012-11-26
95437,train in and secure,收操,,2012-11-26
95438,train,旋回；役勤船队,,2012-11-26
95442,trafficability,交通能量,,2012-11-26
95443,traffic control,交通管制；航行管制,,2012-11-26
95445,tractor group,车辆登陆舰支队,,2012-11-26
95446,tracking,追踪；追瞄,,2012-11-26
95447,TRACKEX,追瞄演习,,2012-11-26
95449,track homing,沿位置线追瞄法,,2012-11-26
95451,towing target,拖靶,,2012-11-26
95452,tow glider,飞靶；对空靶,,2012-11-26
95454,total bombing restrictions,轰炸禁令,,2012-11-26
95456,total ballistic correction,弹道总修正量,,2012-11-26
95458,toss bombing,抛掷轰炸,,2012-11-26
95460,TORPEX,鱼雷演习,,2012-11-26
95462,torpedoman's mate {= TM},鱼雷士官,,2012-11-26
95464,torpedo tube parallax correction,鱼雷发射管位差修正量,,2012-11-26
95465,torpedo retriever,鱼雷收回艇,,2012-11-26
95468,torpedo firing position,鱼雷发射位置,,2012-11-26
95470,torpedo evasion,鱼雷回避,,2012-11-26
95471,torpedo defense net,鱼雷防御网,,2012-11-26
95474,torpedo danger area; torpedo danger zone {= TDZ},鱼雷危险区,,2012-11-26
95477,torpedo countermeasures {= TCM},鱼雷反制,,2012-11-26
95481,torpedo attack,鱼雷攻击,,2012-11-26
95483,torpedo,鱼雷,,2012-11-26
95487,TORPCM,鱼雷区制与欺骗,,2012-11-26
95488,torch pot,发火器,,2012-11-26
95489,top secret,绝对机密,,2012-11-26
95490,top echelon,最高阶层,,2012-11-26
95491,tompion,砲口塞,,2012-11-26
95493,tomcat,雄猫舰；引导出来飞机卡帚航之水面舰,,2012-11-26
95495,tom cat,哨戒驱逐舰,,2012-11-26
95496,to place on report,列入报告,,2012-11-26
95498,TNGSUP,训练支援,,2012-11-26
95499,tiny tim,小火箭,,2012-11-26
95502,time of receipt,受领时间,,2012-11-26
95504,time of origin,签发时间,,2012-11-26
95505,time of flight,飞弹砲弹飞行时间,,2012-11-26
95507,time of delivery,交递时间,,2012-11-26
95508,thyratron,赛令屈龙式炮火射控系统,,2012-11-26
95509,time of attack,攻击时间,,2012-11-26
95513,thrust points,突击点,,2012-11-26
95514,three-condition ships,三级状况舰艇,,2012-11-26
95517,therater of war,战区,,2012-11-26
95521,TEWDS,战术电子作战欺骗系统,,2012-11-26
95522,TEWA,评估与武器分派,,2012-11-26
95526,TERRA; TRSSM,舰上发射之岸轰飞弹,,2012-11-26
95527,terminal guidance,终端导引,,2012-11-26
95528,tender,不稳的；易翻的{船},,2012-11-26
95531,temporary command,临时指挥权,,2012-11-26
95534,TEM,目标接战信文,,2012-11-26
95535,teletering system,遥测系统,,2012-11-26
95537,telescopic sight,望远镜瞄准器,,2012-11-26
95538,teleman,通信士,,2012-11-26
95540,technical control,技术管制,,2012-11-26
95542,TEC,训练演习协调官,,2012-11-26
95543,TCD,目标中心显示,,2012-11-26
95546,TASS,施带式阵列监视系统,,2012-11-26
95547,task unit,特遣区队,,2012-11-26
95551,task organization,特遣编组,,2012-11-26
95553,task group,特遣支队,,2012-11-26
95554,task force,特遣部队,,2012-11-26
95555,task fleet,特遣舰队,,2012-11-26
95558,task element,特遣分队；特遣组,,2012-11-26
95559,task command,特遣[部队]指挥部,,2012-11-26
95563,task,任务,,2012-11-26
95567,target-seeking torpedo,可自行寻找目标之鱼雷,,2012-11-26
95568,target-grid method,目标方格轰击法,,2012-11-26
95572,target system component,目标系统成分,,2012-11-26
95573,target system,目标系统,,2012-11-26
95574,target raft,靶筏,,2012-11-26
95578,target projectile,目标弹；靶弹,,2012-11-26
95580,target priority,目标优先顺序,,2012-11-26
95581,target information center,目标情报中心,,2012-11-26
95585,target indication,目标指示,,2012-11-26
95587,target designation,目标指定法,,2012-11-26
95589,target concentraions,集中之目标物；目标集中,,2012-11-26
95590,target complex,目标物复合体,,2012-11-26
95594,target area,区域性目标物,,2012-11-26
95596,target antisubmarine partol {= TASP},目标区反潜巡逻,,2012-11-26
95598,target analysis,目标分析,,2012-11-26
95599,target acquisition,目标获得,,2012-11-26
95600,target acguisition range,目标寻获距离,,2012-11-26
95604,tardy attack,迟延攻击,,2012-11-26
95605,TAR,预备军官或士官,,2012-11-26
95609,tar,水兵；船员；焦油,,2012-11-26
95612,taps,熄灯号,,2012-11-26
95613,tally-ho,空战时目视看见目标,,2012-11-26
95614,talker,通话手,,2012-11-26
95618,take charge,失去控制；无法控制；开始负责指挥,,2012-11-26
95620,TADM,战术原子爆破弹药,,2012-11-26
95621,tactics distance ,战术距离,,2012-11-26
95622,tactics,战术,,2012-11-26
95626,tactically significant weapon effects,有战术意义的武器效果,,2012-11-26
95630,tactical-logistical group {= Tac-log group},战术后勤组,,2012-11-26
95631,tactical unit,战术单位,,2012-11-26
95634,tactical troops,战术部队,,2012-11-26
95636,tactical support center {= TSC},战术支援中心,,2012-11-26
95637,tactical signal,战术信号,,2012-11-26
95640,tactical search,战术搜察,,2012-11-26
95641,tactical reserve,战术预备队,,2012-11-26
95643,tactical minefield; tactical mining,战术性雷区,,2012-11-26
95644,tactical instructions,战术教范,,2012-11-26
95645,tactical evasion,战术回避,,2012-11-26
95649,tactical drill,战术操练,,2012-11-26
95650,tactical doctrine,战术准则,,2012-11-26
95654,tactical doctrin,战术教令,,2012-11-26
95655,tactical deception,战术欺骗,,2012-11-26
95657,tactical air support,战术空中支援,,2012-11-26
95659,tactical air control party,战术空管组,,2012-11-26
95660,tactical air control center,战术空管中心,,2012-11-26
95661,TACSS,战术训练舰,,2012-11-26
95663,TACDEW,战术高级战斗指挥与电子作战联合处,,2012-11-26
95665,TACAN,战术空中导航系统,,2012-11-26
95666,table of organization unit,单位编制表,,2012-11-26
95668,table of organization and equipment {= TO/E},编装表,,2012-11-26
95669,table of organization,编制表,,2012-11-26
95674,table of equipment,装备表,,2012-11-26
95676,table of distribution,分配表,,2012-11-26
95677,table of allowances,给与表；配赋表,,2012-11-26
95679,system tracks,系统追踪,,2012-11-26
95681,SWPT,现用武器试验,,2012-11-26
95683,SWO,资深值更官；参谋值更官,,2012-11-26
95685,sweeping mine,扫雷作业,,2012-11-26
95687,sweepers,清扫兵,,2012-11-26
95689,sweep gear,扫雷器具,,2012-11-26
95691,sweep,搜索线；扫描；清扫,,2012-11-26
95693,SWAM,中型浅水攻击艇,,2012-11-26
95695,SWAL,轻型浅水攻击艇,,2012-11-26
95697,SVTT,水面舰艇鱼雷管,,2012-11-26
95700,SUW,水面作战,,2012-11-26
95701,sustained fire,持续射击,,2012-11-26
95705,sustained attrition minefield,持续消耗性雷区,,2012-11-26
95708,suspect ship,可疑船,,2012-11-26
95710,susceptibility,易感性,,2012-11-26
95712,surveillance,侦察,,2012-11-26
95713,SURIC,水面舰艇整体管制,,2012-11-26
95716,surgical support team,外科支援组,,2012-11-26
95717,surfboat,航行于激浪区之小艇,,2012-11-26
95718,surface-tactical plot,水面战术描迹,,2012-11-26
95721,surface/subsurface surveillance soordinator {= SSSC},水面/水下监视协调官,,2012-11-26
95723,surface target,水面目标,,2012-11-26
95725,surface search {radar operator},水面搜索{雷达手},,2012-11-26
95727,surface recorder,水面记录手,,2012-11-26
95729,surface burst,核子武器地面爆炸；水面爆炸,,2012-11-26
95732,SURF,反潜作战阻栅；水面巡逻舰,,2012-11-26
95733,supporting arms swab,海空砲火支援,,2012-11-26
95736,supporting arms coordinator,支援武器协调官,,2012-11-26
95740,supporting arms coordination center {= SACC},支援武器协调中心,,2012-11-26
95741,support unit,支援区队,,2012-11-26
95746,support ship,支援舰,,2012-11-26
95747,support group,支援支队,,2012-11-26
95749,support force,支援部队,,2012-11-26
95750,support fire line,支援火力线,,2012-11-26
95754,support fire coordination center,支援火力协调中心,,2012-11-26
95756,support fire,支援射击,,2012-11-26
95758,support craft,支援艇,,2012-11-26
95760,support carrier group,航舰支援支队,,2012-11-26
95763,supply point,补给点,,2012-11-26
95764,supplemental directive,补充训令,,2012-11-26
95765,supervisory control,监督管制,,2012-11-26
95769,SUP,对指定单位之支援作战,,2012-11-26
95771,sundowner,过分严格之军官,,2012-11-26
95773,summary plotting board,综合描迹板,,2012-11-26
95778,summary plotter,综合描迹手,,2012-11-26
95780,summary plot,综合描迹,,2012-11-26
95781,SUBSS,潜舰训练舰,,2012-11-26
95783,subsidiary landing,助登陆,,2012-11-26
95785,SUBSHIP,造船监督官,,2012-11-26
95786,sub-regional SAR coordinator,分区搜救协调官,,2012-11-26
95790,SUBPA,反潜作战阻栅；潜舰巡逻区,,2012-11-26
95794,submerged approach area,潜航接近区,,2012-11-26
95795,submarine war patrol,潜舰作战巡逻,,2012-11-26
95797,submarine transient area,潜水舰穿越区,,2012-11-26
95798,submarine striking forces,潜舰打击部队,,2012-11-26
95801,submarine rocket {= SUBROC},潜射火箭,,2012-11-26
95802,submarine restricted area,潜舰禁区,,2012-11-26
95803,submarine pickup point,潜舰搜救站,,2012-11-26
95805,submarine patrol zones {= SPZ},潜舰巡逻区,,2012-11-26
95807,submarine operating authority {= SUBOPAUTH},潜舰作业指挥官,,2012-11-26
95808,submarine haven,潜舰安全区,,2012-11-26
95810,submarine evasion device,潜艇回避装置,,2012-11-26
95813,submarine emergency buoyancy system {= SEBS},潜舰紧急浮升系统,,2012-11-26
95815,submarine echo,潜舰回音,,2012-11-26
95816,submarine danger zone,潜舰危险区,,2012-11-26
95818,submarine contact classification,潜舰接触鉴定,,2012-11-26
95820,submarine contact area,潜舰接触区,,2012-11-26
95823,submarine check reports,潜水舰之核查报告,,2012-11-26
95826,submarine chaser {= SC},驱潜舰；驱潜艇,,2012-11-26
95827,submarine base,潜水舰基地,,2012-11-26
95828,sub-machine gun,轻机枪,,2012-11-26
95833,SUBIC,潜舰整体管制系统,,2012-11-26
95834,subcaliber,内膛砲；外膛砲,,2012-11-26
95839,SUBASWEX,潜舰对抗；潜舰演习,,2012-11-26
95840,SUBAD,潜舰防空,,2012-11-26
95841,STV,潜舰靶标船,,2012-11-26
95843,STSALV,备便救难船,,2012-11-26
95845,strong point,据点,,2012-11-26
95847,strip sweeping,带形扫雷法,,2012-11-26
95849,strip ship,战备拆除,,2012-11-26
95850,STRIKEX,打击部队演习,,2012-11-26
95852,STRIKEOPS,执行打击作战,,2012-11-26
95854,strength unit,主力区队,,2012-11-26
95856,strength group,主力支队,,2012-11-26
95857,strength element,主力组,,2012-11-26
95859,strategic mining,战略性雷区,,2012-11-26
95861,strategic minefields,战略雷区,,2012-11-26
95864,strategic materials,战略物质,,2012-11-26
95867,straggler,船队中落伍船；不假外出者,,2012-11-26
95868,straffing,扫射,,2012-11-26
95869,straddle,跨靶；跨射,,2012-11-26
95872,stowage plan,积戴计划图,,2012-11-26
95875,stowage diagram,堆积图,,2012-11-26
95876,stores,军用品；仓库；补给品,,2012-11-26
95878,storekeeper {= SK},补给士,,2012-11-26
95879,stockage objective,储存目标,,2012-11-26
95882,stock level,存量基准,,2012-11-26
95883,stick {missiles},连续投弹{飞弹},,2012-11-26
95884,stewardsman; TA; TN,勤务兵,,2012-11-26
95885,steward {= SD},勤务军士,,2012-11-26
95889,sterilizer {mine},定时自毁器；定时失效器,,2012-11-26
95891,stereoxcopic range-finder,显体式测距仪,,2012-11-26
95892,steersman,舵手,,2012-11-26
95896,steelworker {= SW},钢工军士,,2012-11-26
95898,steel helmets; tin hat,钢盔,,2012-11-26
95899,steam lance,蒸气融冰枪,,2012-11-26
95902,statusboard keeper,情态板记录手,,2012-11-26
95904,status board,情态板,,2012-11-26
95906,stationing speed,就位速率,,2012-11-26
95908,station keeping,部位保持,,2012-11-26
95910,station journal,军区日记,,2012-11-26
95912,STASHIP,部位舰,,2012-11-26
95913,station authentication,电台识别,,2012-11-26
95914,starboard watch,右舷更,,2012-11-26
95916,STAR,单人试验潜舰,,2012-11-26
95918,standing order,现行命令,,2012-11-26
95919,standard terminology,标准术语,,2012-11-26
95921,standard tactical  diameter,标准战术直径,,2012-11-26
95923,standard stock,标准存量,,2012-11-26
95925,standard commands,标准口令,,2012-11-26
95926,stand easy,稍息,,2012-11-26
95928,staged area; staging base,集结整备基地,,2012-11-26
95929,SSU,水面屏卫单位,,2012-11-26
95931,SSTAB,打击、袭击小艇,,2012-11-26
95933,SST,声纳通信；靶标与训练用潜舰训练舰；目标潜舰；海面温度,,2012-11-26
95937,SSSC,水面；水下监视协调官；水面；水下；协调舰,,2012-11-26
95938,SSS,打击支援舰,,2012-11-26
95940,SSR,旋转稳定式火箭；雷达哨戒潜水舰,,2012-11-26
95942,SSP,潜水运输舰,,2012-11-26
95943,SSO,潜水油舰,,2012-11-26
95944,SSM,面对面飞弹,,2012-11-26
95945,SSI,现行信号规程,,2012-11-26
95948,SSG,导向飞弹潜舰,,2012-11-26
95949,SSE,特种支援装备,,2012-11-26
95951,SSC,巡洋潜舰,,2012-11-26
95952,SSBN,弹道飞弹核能潜舰,,2012-11-26
95954,SSB,弹道飞弹潜舰；单旁波带,,2012-11-26
95957,SSAU,潜舰搜察攻击单位,,2012-11-26
95958,SSA,物质运输潜舰,,2012-11-26
95960,SS,潜水舰艇；特种勤务,,2012-11-26
95961,SRVEILOPS,监视作战,,2012-11-26
95964,SRBM,短程弹道飞弹,,2012-11-26
95965,SRRCS,水面袭击报告管制舰,,2012-11-26
95967,squardron guide,战队向导；战队指南,,2012-11-26
95972,squadron commander,战队长；中队长,,2012-11-26
95973,squadron {ship},战队；中队,,2012-11-26
95975,SQTNG,中队训练,,2012-11-26
95977,spreading,就侦察线散开,,2012-11-26
95978,spotting,弹著修正,,2012-11-26
95981,spotter-controlled ladder,观测员指挥阶梯射击,,2012-11-26
95982,spotter,弹著观测员,,2012-11-26
95984,SPOTREP,弹著报告,,2012-11-26
95986,spot,测观；修正；放置；停机点；污斑；场所,,2012-11-26
95988,spoliling attack,阻攻攻击,,2012-11-26
95990,SPNCM,声纳反制,,2012-11-26
95991,split salve fire,分火齐放,,2012-11-26
95994,splash,击落；落水点,,2012-11-26
95995,SPIREP,弹著情报报告,,2012-11-26
95996,spheridal angle,球面角,,2012-11-26
96000,SPGPM,每砲每分钟发弹数,,2012-11-26
96005,speed-high submarine,高速潜舰,,2012-11-26
96009,SPECWEPS LOADEX,核子武器装载演习,,2012-11-26
96010,specified command,特派指挥官,,2012-11-26
96014,specific area of responsibility,特定责任区域,,2012-11-26
96016,special weapons,特种武器,,2012-11-26
96018,special staff group,特业参谋群,,2012-11-26
96019,special staff division,特业参谋组,,2012-11-26
96021,special staff,特业参谋,,2012-11-26
96024,special service,特种勤务；特种业务,,2012-11-26
96026,special sea detail,进出港部署,,2012-11-26
96028,special rescue ships,特种救难舰,,2012-11-26
96030,special operations; SPW,特种作战,,2012-11-26
96031,special naval operations {= SNO},特种海军作战[行动],,2012-11-26
96032,special convoy,特种船队,,2012-11-26
96035,special assistance team {= SAT},特殊协助小组,,2012-11-26
96039,SPDLTR,海军速件,,2012-11-26
96041,SPASUR,太空监视系统,,2012-11-26
96042,spademan,砲员的送弹手；展翼,,2012-11-26
96045,SP,由舰艇派遣岸上纠察队；迅速巡逻艇；大潮；班点；球形[浮标],,2012-11-26
96047,sounding patrol,测舱值更；测舱值日,,2012-11-26
96049,SOSS,声纳训练舰,,2012-11-26
96050,sortie plan,出港计划,,2012-11-26
96052,sortie,防御突击；架次出港发航,,2012-11-26
96054,SOP,现场资深官；在场资深官；标准作业程序,,2012-11-26
96055,sonobooy barrier,声纳阻栅,,2012-11-26
96059,sonar target,声纳目标,,2012-11-26
96062,sonar sweep plan,声纳扫测计划,,2012-11-26
96063,sonar search,声纳搜索,,2012-11-26
96064,sonar room,声纳室,,2012-11-26
96067,sonar parallax correction,声纳位差修正量,,2012-11-26
96069,sonar officer,声纳官,,2012-11-26
96073,sonar log,声纳纪录簿,,2012-11-26
96074,sonar detection,声纳侦测,,2012-11-26
96078,sonar chart,声纳海图,,2012-11-26
96080,solid angle,立体角,,2012-11-26
96082,SOI,信号操作训令,,2012-11-26
96084,SOC,打击作战协调官,,2012-11-26
96086,SNORT,海军超音连兵器研究场,,2012-11-26
96088,SNMMMS,海军标准保养与物资管理制度{3M制度},,2012-11-26
96090,SNAP-7,核子辅助动力系统；使用原子动力照明之浮标,,2012-11-26
96093,SMS,水面飞弹系统,,2012-11-26
96094,smooth-bore gunner,枪砲专职官,,2012-11-26
96096,SMASHEX,搜察模拟损伤潜舰操演,,2012-11-26
96097,small craft warning,小艇警旗,,2012-11-26
96100,small carrier; CVL,轻型航空母舰,,2012-11-26
96102,small battle unit {= SBU},小型战斗单位,,2012-11-26
96104,small arms,轻武器,,2012-11-26
96105,SMAA,潜舰运动指挥机构,,2012-11-26
96108,slow fire,慢放[射击],,2012-11-26
96111,SLOG,对非舰队或部队作战管制单位提供后勤支援,,2012-11-26
96112,SLO,潜舰连络官,,2012-11-26
96115,SLMS,舰戴长程飞弹系统,,2012-11-26
96117,sleeve,飞机拖的袖形靶,,2012-11-26
96119,sled,水面拖靶,,2012-11-26
96121,SLBM,潜舰发射之弹道飞弹,,2012-11-26
96123,slant range,斜面射程；斜距,,2012-11-26
96125,sky pilot,随军牧师,,2012-11-26
96128,sky guns,防空砲；舰上防空武器,,2012-11-26
96129,skunk,不明舰,,2012-11-26
96130,skim mine sweeping,浅水扫雷,,2012-11-26
96135,situation report {= SITREP},战术状况报告,,2012-11-26
96137,situation map,状况图,,2012-11-26
96140,sinuate,蛇航,,2012-11-26
96142,single fire,单一目标射击；单放,,2012-11-26
96144,SINEWS,舰艇整体电子作战系统,,2012-11-26
96147,signal operation instructions {= SOI},通信作业教令,,2012-11-26
96149,signal area,信号区,,2012-11-26
96151,sight deflection {= ds},瞄准偏差,,2012-11-26
96156,shoulder mark,肩章,,2012-11-26
96157,shotgun DD,枪砲驱逐舰,,2012-11-26
96159,short timer,任期即将届满者,,2012-11-26
96161,short supply,供应短缺,,2012-11-26
96163,short range battle practice,近距战斗演习,,2012-11-26
96166,shore-to-shore operation,岸至岸作业；岸至岸作战,,2012-11-26
96168,shore-to-shore movement ,岸至岸运动,,2012-11-26
96170,shore patrol,纠察队,,2012-11-26
96172,shore party team,岸勤分队,,2012-11-26
96174,shore party group,岸勤中队,,2012-11-26
96176,shore party,岸勤组；滩勤队,,2012-11-26
96177,shore gun,海岸砲,,2012-11-26
96181,shore fire control party {= SFCP},岸上舰砲管制组,,2012-11-26
96183,shore bombardment,对岸轰击,,2012-11-26
96185,shore boat,港艇,,2012-11-26
96188,SHOPAT,海军岸上巡逻纠察队,,2012-11-26
96190,shoe,破雷卫拖具；伪龙骨；起重架之垫脚板,,2012-11-26
96192,SHOBON,岸轰,,2012-11-26
96193,ship-to-shore movement,舰岸运动,,2012-11-26
96197,ship's secretary,文书官,,2012-11-26
96198,ship's qualification assistance team {= SQAT},舰船合格协助小组,,2012-11-26
96200,ship's organization book,舰艇组织规程,,2012-11-26
96201,ship's orders,舰规,,2012-11-26
96203,ship's company,全体官兵,,2012-11-26
96204,ship's clerk,文书士官长,,2012-11-26
96207,shipping control authority {= SCA},船运管制官；航运管制官,,2012-11-26
96209,shipping control,船航运管制,,2012-11-26
96210,shipalt,改装令；换装令,,2012-11-26
96212,ship/helicopter asoustic prediction system {= SHARPS},舰船直升机音响预测系统,,2012-11-26
96213,ship weapon coordinator {= SWC},舰上武器协调官,,2012-11-26
96214,ship spot,舰上弹著修正,,2012-11-26
96218,ship over,回役,,2012-11-26
96220,ship improvement guide {= SIG},舰艇攻进指南,,2012-11-26
96223,ship handing,舰艇操纵术；驾驶术,,2012-11-26
96225,ship control,舰船管制,,2012-11-26
96226,ship characteristics,军舰特性,,2012-11-26
96227,shifts,换班制,,2012-11-26
96231,shift target,转移目标,,2012-11-26
96233,shift colors,舰旗移位换旗舰,,2012-11-26
96234,shell room,砲弹库,,2012-11-26
96236,SHEDS,舰载直升机延伸投送系统,,2012-11-26
96239,sheaf width,散布界,,2012-11-26
96241,shakedown cruise,试航；成军巡航,,2012-11-26
96242,shakedown,整修期,,2012-11-26
96243,shadowing; tail chase,尾随,,2012-11-26
96248,SFDS,打击部队资料系统,,2012-11-26
96249,SFCP,岸上火力管制组,,2012-11-26
96252,SF,舰队；潜舰,,2012-11-26
96253,setback,后挫；后卫,,2012-11-26
96254,set the watch,派更,,2012-11-26
96256,SES,水面效应舰{气垫船},,2012-11-26
96258,service stripe,年资袖章,,2012-11-26
96259,service mine,战用雷；作战雷；实雷,,2012-11-26
96260,service line,整补线；补给线,,2012-11-26
96264,service force {= serv for},勤务部队,,2012-11-26
96266,service craft; water taxi; selected elevation {intermittent aim},差[勤船]艇,,2012-11-26
96267,service ammunition,作战弹药,,2012-11-26
96269,serial,批驿运队；组驿运队,,2012-11-26
96272,SERE,救生；回避；抵制；审讯；逃生,,2012-11-26
96273,sentry,卫兵或哨兵,,2012-11-26
96276,senior officer present afloat {= SOPR},海上现场资深官,,2012-11-26
96278,semi-fixed ammunition,半固装弹药,,2012-11-26
96280,semiautomatic rate control {TRACKING},半自动速率管制追瞄,,2012-11-26
96282,self-destructice,自动爆炸,,2012-11-26
96284,SEHAB,已装载之部队及装备实施海上整备,,2012-11-26
96287,seerep,舰艇主要装备申请急送计划,,2012-11-26
96290,seek,求生；逃生；回避装备,,2012-11-26
96292,security classification,保密区分,,2012-11-26
96295,sector search,扇形搜察；扇形搜索,,2012-11-26
96296,sector scan,扇区扫测；扇区扫描,,2012-11-26
96300,sector SAR coordinator,扇区搜救协调官,,2012-11-26
96301,sector of fire,射击扇区,,2012-11-26
96304,sector battery control,扇区舰砲管制,,2012-11-26
96306,secondary rescue facilities,辅助救难设备,,2012-11-26
96308,secondary landing ,副登陆；助登陆,,2012-11-26
96310,secondary fire control,副射控,,2012-11-26
96312,search/attack unit {= SAU},搜察与攻击单位,,2012-11-26
96314,search radius,搜察半径,,2012-11-26
96317,search attack unit comcander,搜察攻击单位指挥官,,2012-11-26
96319,search arc,搜索弧,,2012-11-26
96320,search and rescue operational control,搜救作业管制,,2012-11-26
96323,search and rescue facilities,搜救设施,,2012-11-26
96325,search and rescue {= SAR},搜索与救难；搜救,,2012-11-26
96327,SEAPUP,[小海豹]潜艇,,2012-11-26
96329,seaman recruit {= SR},枪帆新兵,,2012-11-26
96330,seaman guard,海军警卫,,2012-11-26
96332,seaman apprentic {= SA},枪帆学兵,,2012-11-26
96333,seaman {= SN},枪帆兵；海员；水手,,2012-11-26
96334,SEAL,海陆三栖；舰艇电子配赋表,,2012-11-26
96338,SEACAD,海军官校学生巡航,,2012-11-26
96339,SEAC,潜舰操演区协调官,,2012-11-26
96341,sea-borne,海上的；用船装运的舰载；用船装运的船载,,2012-11-26
96345,SEABEE team,海军工程小组,,2012-11-26
96347,sea-air headquarters,海空司令部,,2012-11-26
96349,sea/air plans,海/空计划,,2012-11-26
96350,SEA SCOUT,海上斥候兵,,2012-11-26
96353,sea frontiers,海疆防区,,2012-11-26
96355,sea echelon,海上梯队,,2012-11-26
96358,sea cell horn mine,海水电池触角水雷,,2012-11-26
96360,SD,专业军官；事务兵搜察深度；半径,,2012-11-26
96363,SCS,副控制舰,,2012-11-26
96365,screening group,屏卫支队,,2012-11-26
96367,SCREENEX,屏卫操演,,2012-11-26
96369,screen center,屏卫中心,,2012-11-26
96371,scramble plan,紧急拦截计划,,2012-11-26
96372,SCRAM,短程攻击飞弹；核子反应炉紧急停用,,2012-11-26
96376,scow,大平底船,,2012-11-26
96377,scouting speed,侦察航速,,2012-11-26
96378,scouting front,侦察面,,2012-11-26
96379,scouting course,侦察航向,,2012-11-26
96383,scout,哨戒；侦察；侦察单位,,2012-11-26
96385,SCOLSHIP,训练舰,,2012-11-26
96388,SCIP,因缺配件而损及之舰艇战备,,2012-11-26
96390,scheme of maneuver,兵力运用计划；机动计划；兵力运用方案,,2012-11-26
96392,scheduled fire,表定射击,,2012-11-26
96394,scheduled exercise,表定操演,,2012-11-26
96396,SCC,驱潜舰控制舰,,2012-11-26
96398,SCAT,潜舰鉴定与追踪,,2012-11-26
96400,SCAS,稳定控制增强系统,,2012-11-26
96404,SCAN,电路自动转换网,,2012-11-26
96405,scan,扫描；描测,,2012-11-26
96406,SCAEC,潜舰接触分析与研判中心,,2012-11-26
96408,SCA,船运管制机构,,2012-11-26
96410,SAU,搜索与攻击单位,,2012-11-26
96412,satellite defense,卫星防卫,,2012-11-26
96414,SAT,特别协助小组；服役接受性试验海上验收测试,,2012-11-26
96416,SAS,密封辨证系统,,2012-11-26
96417,SAR alert,搜救戒备,,2012-11-26
96419,SAR,搜索与救难[作业]；选择申请报告,,2012-11-26
96421,SAP,半穿甲弹,,2012-11-26
96422,sand table,沙盘,,2012-11-26
96425,SAMID,舰船整体反飞弹防御,,2012-11-26
96426,SAMEX,海[面]对空飞弹操演,,2012-11-26
96427,SAM,海[面]对空飞弹,,2012-11-26
96430,SALVTNG,救难训练,,2012-11-26
96431,SALWIS,舰载空投武器装置系统,,2012-11-26
96432,SALVOPS,救难作业,,2012-11-26
96435,salvo fire,齐放{射击},,2012-11-26
96437,salvo,齐放；弹群{海军军语}；保留条件；但书,,2012-11-26
96440,SALV,当值救难船,,2012-11-26
96441,saluting ship or station,礼砲舰或砲台,,2012-11-26
96443,saluting battery,礼砲砲组,,2012-11-26
96445,SALMEX,潜舰发射攻击飞弹演习,,2012-11-26
96446,SAILORD,启航命令,,2012-11-26
96448,sailor,海员；海军士兵,,2012-11-26
96451,SAG,水面作战支队,,2012-11-26
96453,safety zones,安全区,,2012-11-26
96454,safe depth,安全深度,,2012-11-26
96456,safe bottoming areas,安全座底区域,,2012-11-26
96458,SADM,特殊原子爆破军火,,2012-11-26
96461,SAD,潜舰变动侦测,,2012-11-26
96462,SAC,现场指挥官；支援武器协调官,,2012-11-26
96463,sabotage charge,破坏装药,,2012-11-26
96467,SABMIS,舰上发射弹道飞弹拦截系统,,2012-11-26
96469,SAAWC,扇区防空作战协调官；扇区防空作战协调中心,,2012-11-26
96472,S/EWCC,讯号情报/电子作战协调中心,,2012-11-26
96473,S,速率；航速；舰船,,2012-11-26
96474,RVAH,海军侦察攻击中队,,2012-11-26
96479,RVA,海军战备巡逻中队,,2012-11-26
96480,rum method,RUM法重整反潜屏卫,,2012-11-26
96483,ruffles and flouishes,崇戎乐,,2012-11-26
96484,RUG,内河通用艇,,2012-11-26
96485,ruffles,击鼓致敬,,2012-11-26
96487,RTT,火箭投射鱼雷；无线电报打字机,,2012-11-26
96489,RTDC,火箭投掷深水炸弹,,2012-11-26
96491,routing officer,航路军官,,2012-11-26
96494,routing indicator,行文代字,,2012-11-26
96496,routine; routine message,普通文电,,2012-11-26
96497,ROTC,预备军官训练,,2012-11-26
96501,rotation plan,轮替计划,,2012-11-26
96502,ROPEVAL,战备作战鉴定,,2012-11-26
96505,romper,越队船,,2012-11-26
96507,roll-up,撤收；撤销,,2012-11-26
96510,roll-on/roll-off {LSV},车辆运输舰；车辆运输船,,2012-11-26
96512,ROH,正常大修,,2012-11-26
96514,roger dodger,赞成；是的；照办,,2012-11-26
96516,roger,收到了{无线电话术语},,2012-11-26
96517,rocking ladder,摇摆梯阶射击法；摇摆梯阶弹著修正法,,2012-11-26
96518,ROCKEX,火箭操演,,2012-11-26
96521,rocketing,火箭射击,,2012-11-26
96522,rocket station,火箭站,,2012-11-26
96524,rocket ship {LSMR},火箭舰,,2012-11-26
96527,rocket propulsion,火箭推进,,2012-11-26
96528,rocket launcher,火箭发射器,,2012-11-26
96530,ROCCM,控制器械反制措施,,2012-11-26
96532,ROB,雷达战斗序列,,2012-11-26
96534,road net,道路网,,2012-11-26
96536,riverine patrol,河川巡逻,,2012-11-26
96538,river assualt squadron {= RAS},河川突击队,,2012-11-26
96539,RIO,雷达拦截军官；报到与报离,,2012-11-26
96543,ring sight,环形瞄准器,,2012-11-26
96545,RIMEX,舰船发射拦截导引飞弹操演,,2012-11-26
96547,right arm rating {rate},资深兵类{兵阶},,2012-11-26
96549,rifle,步枪来复线,,2012-11-26
96550,RIC,可修军品代号,,2012-11-26
96553,RIAL,修订后之军机配赋表,,2012-11-26
96555,RFS,备便发航,,2012-11-26
96558,REWSON,电子侦察作战特种作业及海军情报处理系统,,2012-11-26
96560,reverse slope fire,反斜面射击,,2012-11-26
96561,reveille,起床号令,,2012-11-26
96563,retro-bomb,回射炸弹,,2012-11-26
96564,retro-rocket,后推火箭,,2012-11-26
96566,retreat,解散号令；降旗号,,2012-11-26
96568,retracting,退滩,,2012-11-26
96570,retractable dome,可伸缩纳护罩,,2012-11-26
96572,retirement,引退；转进；退休,,2012-11-26
96573,reticle,[光学测距仪]瞄标,,2012-11-26
96576,restricted submarine,限制潜水舰,,2012-11-26
96578,restricted,密{机密的},,2012-11-26
96580,restrict area,禁航区域,,2012-11-26
96581,resposible submarine,责任潜舰,,2012-11-26
96583,reserves,预备队；储备品；后备军人,,2012-11-26
96584,reserve supplies,储备补给品,,2012-11-26
96586,reserve on board,候令生效密件,,2012-11-26
96587,reserve fleet,后备舰队,,2012-11-26
96588,rescue destroyer,救难驱逐舰,,2012-11-26
96590,rescue coordination center{= RCC},救难协调中心,,2012-11-26
96591,RESCRU,后备巡航,,2012-11-26
96593,required operational capabilities,要求之作业能力,,2012-11-26
96595,REQPER,请求准许{海军军语},,2012-11-26
96597,reporting officer {= REPTOF},船运报告官,,2012-11-26
96598,REPLTR,书面报告,,2012-11-26
96599,report for duty,报到应遣,,2012-11-26
96600,replenishment group,整补支队,,2012-11-26
96603,replenishment delivery ship,再补给输送船,,2012-11-26
96606,replenishment at sea {= RAS}; replenishment control ship; underway replenishment {= UNREP},海上整补,,2012-11-26
96607,replemoshment approach ship,再补给接船,,2012-11-26
96609,repair officer,修护官,,2012-11-26
96611,rendezvous area,小艇会合区,,2012-11-26
96612,rendering passive,反爆通过法,,2012-11-26
96614,remote track,遥控追踪,,2012-11-26
96615,relocation,徙置区；紧急徙置,,2012-11-26
96617,relative search,相对搜察,,2012-11-26
96619,relative angle on the bow,相对舰首瞄准角,,2012-11-26
96622,rehabilitation plan,复员计划；性能重建计划,,2012-11-26
96625,regulation clothing,规定服装,,2012-11-26
96626,regulating station,调节站,,2012-11-26
96627,regular,常备海军,,2012-11-26
96630,REFTRA,复训{海军军语},,2012-11-26
96632,refit book,[潜水舰]物质核对簿,,2012-11-26
96635,reference ship,基准舰；参考舰,,2012-11-26
96637,REDFLAGANT,大西洋舰队总司令待命旗舰,,2012-11-26
96638,redevelopment plan,再展开计划,,2012-11-26
96639,red alert,紧急警报,,2012-11-26
96640,rectangular search,矩形搜察,,2012-11-26
96643,recruit,新兵,,2012-11-26
96645,reconnaissance fire,探察射击,,2012-11-26
96646,reconnaissance and underwater demolition group,探察及水中爆破队,,2012-11-26
96650,reconnaissance and surveillance area,侦察及监视区,,2012-11-26
96651,RECONEX,空袭/侦察演习,,2012-11-26
96652,recoil system,缓冲系统；制退装置后座系统,,2012-11-26
96655,recognition,识别；辨认；辨别,,2012-11-26
96659,receiving station {= rec sta},接收电台；接收站；收容站,,2012-11-26
96661,receiving ship,接收舰；受补船,,2012-11-26
96663,recall,召回；召集,,2012-11-26
96664,re-attack,再度攻击,,2012-11-26
96666,reassignment of units,实力之再指派{编配},,2012-11-26
96667,rearming boat,飞机差艇,,2012-11-26
96668,rearming,重装[引信]；重新武装,,2012-11-26
96673,REARM,海上再补给军火,,2012-11-26
96675,rear commodore of convoy,助理船队指挥官,,2012-11-26
96677,rear admiral,海军少将,,2012-11-26
96680,ready-to-sail report {= READYREP},备便发航报告,,2012-11-26
96682,ready service ammunition,备用弹药,,2012-11-26
96685,ready formations and dispositions,战备编队及序列；备变队形与序列,,2012-11-26
96686,ready box,备便弹药箱,,2012-11-26
96689,READY,备便基地,,2012-11-26
96692,READU,备便任务；备便单位,,2012-11-26
96693,readiness standards; standards of readiness,战备标准,,2012-11-26
96695,readiness report,战备报告,,2012-11-26
96697,readiness record,战备记录,,2012-11-26
96698,readiness information,战备资讯,,2012-11-26
96701,readiness for sea period,服勤整补时期,,2012-11-26
96704,readiness evaluation,战备评估,,2012-11-26
96706,reactivate; reactivate activate,重新[复役],,2012-11-26
96707,RCO,雷达管制官,,2012-11-26
96708,rating badge,士官阶级臂章,,2012-11-26
96711,rate of fire,发射速度,,2012-11-26
96712,rate of climb,爬升率,,2012-11-26
96713,rate of advance,前进速度；前进率,,2012-11-26
96716,rate,士兵等级；差率{天文钟}；经线仪日差；保险费率,,2012-11-26
96717,RATCC,雷达飞航管制中心,,2012-11-26
96718,RAS,河川突击队；海上再补给,,2012-11-26
96722,rapid fire,快放,,2012-11-26
96725,RAPEC,火箭协助人员弹出器,,2012-11-26
96726,RAPCON,雷达进场管制；雷达降落管制,,2012-11-26
96730,RAP,可靠音响途径；火箭助推砲弹；雷达瞄准点,,2012-11-26
96731,RAOB,无线电空中测候仪观测,,2012-11-26
96733,rank,阶级,,2012-11-26
96734,range wind,射程风,,2012-11-26
96736,range table,距离表；射[程]表；砲表,,2012-11-26
96739,range sweep,距离扫描,,2012-11-26
96740,range prediction,距离推算,,2012-11-26
96743,range ladders,阶梯射击,,2012-11-26
96746,range finder operator; range keeper,测距仪操作手,,2012-11-26
96747,RAN,请求授予协议权；侦察攻击导航员{海军军语},,2012-11-26
96749,rammer,推弹器；送弹盘,,2012-11-26
96750,ram jet,冲压喷气发动冲压飞弹,,2012-11-26
96754,ralliers,起义来归人员,,2012-11-26
96756,rake,斜度；弹著点距离；观测仪,,2012-11-26
96758,raioman,电信士,,2012-11-26
96759,rail loading,栏边装载,,2012-11-26
96761,raid,袭击；剽袭,,2012-11-26
96765,RAID,内河突击阻截分队,,2012-11-26
96768,raft kit,救生阀急救箱,,2012-11-26
96769,radsafe,放射线安全措施,,2012-11-26
96772,RADMON,辐射监测,,2012-11-26
96773,radiological warfare,放射性战争；放射战,,2012-11-26
96775,radiological defense,放射线防御,,2012-11-26
96778,radio-acoustic range finding {= RAR},无线电音响测位系统,,2012-11-26
96780,radio navigational warning,无线电航行警告,,2012-11-26
96782,radio guard,无线电当值舰；无线电当值台,,2012-11-26
96784,radio electrician,电讯士官,,2012-11-26
96786,radio deception,无线电欺敌,,2012-11-26
96790,radio countermeasures {= RCM},无线电反制[措施],,2012-11-26
96792,radio autopilot coupler,无线电自动导航仪,,2012-11-26
96794,RADINT,雷达情报,,2012-11-26
96796,radiation electronic counter,辐射电子反制,,2012-11-26
96798,radial-parallel search,辐向平行搜察,,2012-11-26
96801,RADEX,雷达操演,,2012-11-26
96802,RADCON,放射管制,,2012-11-26
96804,radarman {= RD},雷达士,,2012-11-26
96806,radar spotting,雷达弹著修正法,,2012-11-26
96808,radar silence,雷达静止,,2012-11-26
96811,radar picket escort ship {DER},雷达哨戒护航舰,,2012-11-26
96814,radar picket,雷达哨戒舰；雷达哨戒机；雷达哨,,2012-11-26
96816,radar deception,雷达欺骗,,2012-11-26
96818,radar countermeasures {= RADCM},雷达反制[设施],,2012-11-26
96820,radar aim,雷达瞄准,,2012-11-26
96824,RAD,退役；辐射剂量；须进干坞之半机动修期,,2012-11-26
96826,racon,雷控标；雷达标杆,,2012-11-26
96827,racing cutter,竞赛用划艇,,2012-11-26
96830,RAC,内河突击艇,,2012-11-26
96832,RABFAC,雷达标杆前进空管官,,2012-11-26
96835,RA,战备警戒；高功率无线电导航标杆,,2012-11-26
96837,Ra,雷达；海岸雷达站；雷达显著目标,,2012-11-26
96839,R,距离；射程基准舰；射程基准机；折射；右；巨浪,,2012-11-26
96841,quick fuze,瞬发引信,,2012-11-26
96844,quarters bill,布署表,,2012-11-26
96847,quarters,部署；集合；宿舍；住舱[演习]；岗位,,2012-11-26
96849,quarterdeck,后甲板,,2012-11-26
96850,quartermaster {= QM},航信士,,2012-11-26
96852,qualification code number {officers},专长号码{军官},,2012-11-26
96854,Q-signal,Q信号,,2012-11-26
96856,Q-ship,Q舰艇,,2012-11-26
96858,QRC,快速反应能力,,2012-11-26
96860,Q-message,Q种信文,,2012-11-26
96862,QFB,无声快艇,,2012-11-26
96864,pyrotechnics; signal shell,信号弹,,2012-11-26
96867,PYC,巡逻艇{海岸游艇改装},,2012-11-26
96869,PY,巡逻艇{游艇改装},,2012-11-26
96870,PXO,候派{储备},,2012-11-26
96872,PUC,永久性部队代号,,2012-11-26
96874,PTL,巡逻,,2012-11-26
96875,PTC,驱潜快艇,,2012-11-26
96878,psychological operations,心理战,,2012-11-26
96881,pseudo equivalent service rounds {= PESR},假实弹发射数,,2012-11-26
96882,protective operations,护卫作战,,2012-11-26
96884,protective deck,防护甲板,,2012-11-26
96887,protected entry,护卫进港,,2012-11-26
96889,prospective commanding officer {= PCO},候派舰长；储备舰长,,2012-11-26
96890,property pass,物品放行证,,2012-11-26
96892,propellent charge,送药,,2012-11-26
96894,projector,投射器,,2012-11-26
96896,projectile hoist,扬弹机,,2012-11-26
96898,projectile flat,储弹台；弹架,,2012-11-26
96901,projectile,弹实；弹头；弹丸,,2012-11-26
96904,program torpedo,定向鱼雷,,2012-11-26
96907,program manager,计划负责人,,2012-11-26
96909,proforma,公式电文,,2012-11-26
96910,proceed time,军官离到职时间,,2012-11-26
96912,procedure message,程序电文,,2012-11-26
96915,probable destroyed,可能击毁,,2012-11-26
96919,probability of dectection,侦知或然率,,2012-11-26
96920,prize master,俘获船临时船长,,2012-11-26
96921,prize,俘获船只,,2012-11-26
96924,priority sequence table,优先次序表,,2012-11-26
96926,printer {= PI},印刷士,,2012-11-26
96928,principle control officer,主管制官,,2012-11-26
96931,primary SAR facility,主要搜救单位,,2012-11-26
96932,primary fire control,主射控,,2012-11-26
96935,primary control officer,主控制官,,2012-11-26
96937,pressure mine,压力水雷,,2012-11-26
96938,presserver life jacket,救生衣带,,2012-11-26
96939,present range {= R},射程{代字R},,2012-11-26
96943,present guidance,预置导引,,2012-11-26
96944,prescribed load,携行装载量,,2012-11-26
96947,PREPPSA,预备试航后修期,,2012-11-26
96948,preparation fire,攻击准备射击,,2012-11-26
96952,PREP,准备射击；预备,,2012-11-26
96953,PREOVHL,准备进厂大修,,2012-11-26
96956,prelimlnary communication search; preliminary communications {= PRECOM},初期通信搜索,,2012-11-26
96958,prelanding operations,登陆作战[作业],,2012-11-26
96961,PREINACT,准备除役,,2012-11-26
96962,pre-H-hour transfer,H时前转运,,2012-11-26
96963,precision sweep,精密扫描,,2012-11-26
96966,precision approach radar,精密接收雷达,,2012-11-26
96968,precise level leveling instrument,精密水平仪,,2012-11-26
96970,precautionary SAR,预防性搜救,,2012-11-26
96972,precautionary mission,预防性任务,,2012-11-26
96973,preassault operations,实击前之作战,,2012-11-26
96976,prearranged fire,预定射击,,2012-11-26
96979,PRARS,纵摇、横摇方位基准系统,,2012-11-26
96981,PRANG,火箭探测计划,,2012-11-26
96982,PR,江防砲艇,,2012-11-26
96983,power driven mount,动力砲座,,2012-11-26
96985,powder hoist,药包吊运机；扬药机,,2012-11-26
96986,pouncer,扑杀舰；扑杀机,,2012-11-26
96988,post shakedown availability {= PSA},成军巡航后修护时间,,2012-11-26
96990,possible submarine {= POSSUB}; probable submarine {= PROBSUB},可能潜舰,,2012-11-26
96993,positive control,绝对管制,,2012-11-26
96995,PORTSUM,港区或锚泊区摘要报告,,2012-11-26
96996,PORTREP,港区或锚泊区容量报告,,2012-11-26
96997,port watch,停泊更,,2012-11-26
97000,port security program,港口安全方案,,2012-11-26
97002,port of embarkation,搭载港口；装载港口,,2012-11-26
97004,port of debarkation,卸载港口,,2012-11-26
97006,port director,港务指挥官,,2012-11-26
97007,port commander,港口指挥官；港口司令,,2012-11-26
97008,POPSIPT,港内计划行动,,2012-11-26
97013,POOW,值更士官,,2012-11-26
97016,pontoon causeway or pier,浮箱栈或码头,,2012-11-26
97018,pontoon barge; rhino barge {FERRY},浮箱驳船,,2012-11-26
97020,"POL {petrol, oil and lubricants}",油料,,2012-11-26
97025,poised mine,待发水雷,,2012-11-26
97026,point target,点目标物,,2012-11-26
97029,point of no return,最远返航点,,2012-11-26
97030,point of intercept,拦截点,,2012-11-26
97032,point of aim,瞄准点,,2012-11-26
97034,point detonating fuze,弹突起爆引信,,2012-11-26
97035,PODEX,夜间照相演练,,2012-11-26
97036,PMS,计划保养制度,,2012-11-26
97040,PMR,太平洋区飞弹靶场,,2012-11-26
97043,platform deck,船舱甲板；台甲板；载台,,2012-11-26
97045,PLANEX,计划作为演练,,2012-11-26
97046,plane guard,飞机救护舰,,2012-11-26
97048,plan of the day,口令,,2012-11-26
97049,plan for landing,登陆计划,,2012-11-26
97052,pivot ship,枢舰,,2012-11-26
97053,pivot column,枢纵队,,2012-11-26
97055,pistol,手枪；发火机,,2012-11-26
97056,PIRR,预置作战后备查询及战备报告[系统],,2012-11-26
97061,PIRID,被动红外线侵入侦测图,,2012-11-26
97062,PIRAZ,可确定之雷达判别区,,2012-11-26
97064,pipology,回迹[波尖]研判学,,2012-11-26
97066,pipefitter {= FP},管工士,,2012-11-26
97069,pipe to,吹号笛,,2012-11-26
97070,pipe the side,梯口迎送笛,,2012-11-26
97074,pipe down,停止；解散；肃静,,2012-11-26
97075,pinwheel operation,针轮操作,,2012-11-26
97079,pinwheel,直升飞机{俚语}；轮状焰火,,2012-11-26
97081,ping jockey,声纳士{俚语},,2012-11-26
97083,PIMI,除役前物资检验,,2012-11-26
97086,pigstick,桅顶旒旗杆{舰长旒旗用},,2012-11-26
97087,pig boat,潜艇{俗称},,2012-11-26
97091,pig,扫雷标,,2012-11-26
97094,picket boat; watchdog,哨戒舰,,2012-11-26
97095,pick up target,寻找目标,,2012-11-26
97097,PI,印刷士；拦截点；照相判读,,2012-11-26
97099,physical security,人物安全,,2012-11-26
97102,photo interpretation,照片判读,,2012-11-26
97103,PHOTINT,照相情报,,2012-11-26
97105,PHIBTRAEX,两栖训练演习,,2012-11-26
97108,PHIBSS,两栖学校训练舰,,2012-11-26
97110,PHIBRFT,两栖复习训练,,2012-11-26
97113,PHIBRAIDEX,两栖突袭演习,,2012-11-26
97114,PHIBRECONEX,两栖侦察训练,,2012-11-26
97115,PHIBLEX,两栖登陆演习,,2012-11-26
97117,PHIBCB,两栖工程营,,2012-11-26
97120,phase {amphibious operations},阶段{用于两栖作战},,2012-11-26
97121,PGM,快速砲艇,,2012-11-26
97123,PGH,[水翼]巡逻砲艇,,2012-11-26
97124,PG,巡逻砲艇,,2012-11-26
97128,PEW,被动或电子作战,,2012-11-26
97129,petty officer of the watch,舱面值更士官,,2012-11-26
97132,PERT,计划评核术,,2012-11-26
97133,petty officer,军士士官,,2012-11-26
97134,personnel man {= PN},人事士,,2012-11-26
97137,periscope depth sonar range {= PDR},潜望镜深度声纳距离,,2012-11-26
97138,periscope,潜望镜,,2012-11-26
97141,period delay mechanixm {= PDM},定时延迟机械,,2012-11-26
97143,PERGRA,所请照准,,2012-11-26
97146,percussiong firing,击发{发射},,2012-11-26
97147,percussion,撞击,,2012-11-26
97149,per diem,日费；出差费,,2012-11-26
97151,PENVAL,穿透评估,,2012-11-26
97154,PENRAD,穿透雷达,,2012-11-26
97155,peel or,离队,,2012-11-26
97157,peanut buoy,攻潜靶标,,2012-11-26
97159,PE,[鹰形艇]巡逻护航舰{美海军舰型代号},,2012-11-26
97161,PDR,潜望镜深度距离；精确深度记录仪,,2012-11-26
97163,PDI,派遣前检查,,2012-11-26
97165,PDF,弹实撞发引信,,2012-11-26
97166,PDC,操演用深水炸弹,,2012-11-26
97169,P-day,P日{军品供求平衡日},,2012-11-26
97170,PCS,驱潜艇；长期改变位置；主控,,2012-11-26
97171,PCH,水翼巡逻舰,,2012-11-26
97172,PCF,巡逻艇{快速},,2012-11-26
97176,PCER,救难护航舰,,2012-11-26
97178,PCCS,计划修改管制系统,,2012-11-26
97179,PCC; PCSC,驱潜控制舰,,2012-11-26
97180,PBR,P-艇{飞艇之俗称},,2012-11-26
97181,P-boat,训练炸弹箱,,2012-11-26
97185,PBC,出纳官,,2012-11-26
97186,paymaster,补给士官长,,2012-11-26
97188,pay clerk,出纳官；补给官,,2012-11-26
97191,pay,模工军士{海军军语}；填缝；填窍,,2012-11-26
97193,pattern-running torpedo,预置航迹鱼雷,,2012-11-26
97195,pattern {of a salvo},齐放；散布界；弹著分布,,2012-11-26
97196,pattern,模型；模式；式[样],,2012-11-26
97197,PATRON,海军巡逻战队,,2012-11-26
97199,patrol vessel,巡逻舰艇,,2012-11-26
97202,patrol submarine chaser {= PC},驱潜舰,,2012-11-26
97204,patrol screen,巡逻屏卫,,2012-11-26
97205,patrol line,巡逻线,,2012-11-26
97207,patrol craft escort {= PCE},护航巡逻舰,,2012-11-26
97209,patrol commander,巡逻指挥官,,2012-11-26
97212,pathfinders,导航组；导航雷达,,2012-11-26
97214,passive underwater fire control feasibility study {= PUFFS},被动式水中射控可行性研究,,2012-11-26
97216,passive sonar detection,被动式声纳侦测,,2012-11-26
97218,passive sonar,被动式声纳,,2012-11-26
97221,passive ECM,消极性电子反制措施,,2012-11-26
97223,passive defense,消极防御,,2012-11-26
97225,passive air defense,消极防空,,2012-11-26
97227,passive acoustic torpedo {= PAT},被动式音响鱼雷,,2012-11-26
97229,passing honors,[舰艇]相遇敬礼,,2012-11-26
97231,pass down the line book {= PDL book},值更官交更簿,,2012-11-26
97233,pass down the line,重复所挂信号至后列各舰,,2012-11-26
97234,pass a stopper,将绳索穿过后系住,,2012-11-26
97236,pass,扫程；隘路；航道,,2012-11-26
97238,pasive homing guidance,被动归向导引,,2012-11-26
97239,party,班；队,,2012-11-26
97241,partial salve fire,部分齐放{砲塔或砲位},,2012-11-26
97243,partial radar aim,部分雷达瞄准,,2012-11-26
97244,paravance,机械扫雷具；破雷卫,,2012-11-26
97247,paraphrase,暗语,,2012-11-26
97250,parallel search,平行搜察,,2012-11-26
97251,parallel chains of command,平行指挥系统,,2012-11-26
97252,paracrate,空投容器,,2012-11-26
97255,PAR,精密进场雷达；波寻标雷达,,2012-11-26
97256,PAMPA,太平洋地区运送优先机构,,2012-11-26
97259,palletize,拖板装扎,,2012-11-26
97262,pallet loading,垫架装戴,,2012-11-26
97263,padding,混码,,2012-11-26
97264,PAD,衬垫,,2012-11-26
97268,PACV,巡逻汽垫船,,2012-11-26
97270,PACSTRIKEX,一般紧急状况全打击部队演习,,2012-11-26
97274,P,视差；极；杆港；舷窗；左舷；位置,,2012-11-26
97275,own-ship course {= Co},本舰航向,,2012-11-26
97278,own ship course {= OSC},专舰航向,,2012-11-26
97279,oversea shipment,海外装运,,2012-11-26
97281,oversea levels of supply,海外补给基准,,2012-11-26
97283,oversea command,海外指挥部,,2012-11-26
97284,overrun,越距；超出,,2012-11-26
97286,overlay,透明图,,2012-11-26
97288,overlap strip sweeping,重叠带形扫雷,,2012-11-26
97290,overlap grid sweeping,重叠栅形扫雷,,2012-11-26
97291,over leave,逾假,,2012-11-26
97293,outlying base,海外基地,,2012-11-26
97296,outline plan,纲要计划,,2012-11-26
97297,outer transport area,外运输舰区,,2012-11-26
97299,outer landing ship areas,外登陆舰区,,2012-11-26
97303,out-and-in search,往返搜察,,2012-11-26
97304,out of bounds,军人禁入,,2012-11-26
97305,OTN,作战用电传打字通信网；作业用电传打字通信网,,2012-11-26
97306,OSS,作战物资的储存地点,,2012-11-26
97310,OSOR,作战不受波及距离；置身事外距离,,2012-11-26
97311,OSE,演习计划官,,2012-11-26
97314,oscillating mine,升降式水雷,,2012-11-26
97315,ORT,战备测试；备便操作前之测试,,2012-11-26
97319,ORSE ,使用中反应器之安全保险测验,,2012-11-26
97320,oropesa sweeping [= O-type sweeping],零式扫雷；机械扫雷,,2012-11-26
97321,ORI,战备校阅,,2012-11-26
97325,organization unit loading,建制单位装载,,2012-11-26
97326,organization for embarkation,装载编组,,2012-11-26
97330,organic,建制的,,2012-11-26
97331,ORE,对演习负责军官；战备之评估,,2012-11-26
97334,ordnance pamphlet {= OP},军械说明书,,2012-11-26
97336,ordnance data {= OD},军械检验表；军械诸元,,2012-11-26
97338,ordnace {= ORD},军械,,2012-11-26
97341,orderly,传令兵,,2012-11-26
97342,order of battle {= OOB},战斗序列,,2012-11-26
97343,order and shipping time,定货及装送时间,,2012-11-26
97344,ORDCAL,军械校正,,2012-11-26
97345,ordalt,军械改装令,,2012-11-26
97349,orbit point,环飞迹点,,2012-11-26
97351,OR,手术室；作业室；完成作战准备作业研究；完成作战准备作战研究,,2012-11-26
97352,opticalman {= OM},光仪军士,,2012-11-26
97353,optical spotting,光仪弹著修正,,2012-11-26
97354,optical aim,光仪瞄准,,2012-11-26
97357,OPTAR,作业目标,,2012-11-26
97359,OPSUM,作战摘要；作业摘要,,2012-11-26
97361,OPSTAT,作战状况报告；作战状况,,2012-11-26
97365,OPSEC,作战安全；作业安全,,2012-11-26
97366,OPS,作战；作业,,2012-11-26
97367,OPRREV,军械操纵程序检查；军械操纵程序检讨,,2012-11-26
97369,OPREP,作业报告；作战报告,,2012-11-26
97371,opportunity fire,机会射击,,2012-11-26
97373,OPOSORT,敌对状况下出港,,2012-11-26
97374,OPOSENT,敌对状况下进港,,2012-11-26
97375,OPORPL,敌对状况下海上整补,,2012-11-26
97379,OPN,指定参与作战之单位,,2012-11-26
97381,OPEVAL [= OpEvals],作战研判；作战评估,,2012-11-26
97382,operations schedule,作业时程表,,2012-11-26
97386,operations research [= operational research],作战研析；作战研究；作业研究,,2012-11-26
97388,operations log,作战记录；作业记录,,2012-11-26
97391,operations analyses {research; evaluation},作战分析；作业分析{研究、研判},,2012-11-26
97393,operational test and evaluation force,作战测试评估部队,,2012-11-26
97396,operational system development,作战系统发展,,2012-11-26
97397,operational staff study,作战参谋研究,,2012-11-26
97400,operational speed,作战速率,,2012-11-26
97401,operational reserve,作战储备,,2012-11-26
97405,operational readiness reporting system {= REDOPS},作战战备报告系统,,2012-11-26
97407,operational performance data,作业执行资料；作业成效资料,,2012-11-26
97411,operational immediate {message},战急即到无线电[通信]优先等级,,2012-11-26
97413,operational function,作业研判；作战评估,,2012-11-26
97416,operational development force {= OPDEVEOR},作战发展部队,,2012-11-26
97419,operational control authority {= OCA},航运管制；作战管制机构,,2012-11-26
97422,operational control,作战管制,,2012-11-26
97423,operational command,作战指挥,,2012-11-26
97425,operational characteristics,操作作战特性,,2012-11-26
97429,operational chain of command,作战指挥系统,,2012-11-26
97432,operational category,作业区分{参照 operational category},,2012-11-26
97434,operational capability,作业能力,,2012-11-26
97436,operational,作战的；或已可使用的,,2012-11-26
97439,operation plan {= OPLAN; OPPLAN},作战计划,,2012-11-26
97440,operation order; operations order {= OPORD},作战命令,,2012-11-26
97444,operation level of supply,作战补给基准,,2012-11-26
97446,operating forces,作战部队,,2012-11-26
97452,operate independently,个别行动；单独行动,,2012-11-26
97453,operate in company,成队行动,,2012-11-26
97454,open sight,敞形瞄准器,,2012-11-26
97457,open range,展开距离,,2012-11-26
97458,open fire,展开射击；开火,,2012-11-26
97461,open column; open order column,疏开纵队,,2012-11-26
97463,open circular screen,展开式圆形屏卫,,2012-11-26
97466,OPCONTR,作战管制中心；作业管制中心,,2012-11-26
97469,OPCON,在[指挥官]作战管制之下,,2012-11-26
97471,OPCOMCTR,作战指挥中心,,2012-11-26
97474,OOD,值更官；值日官,,2012-11-26
97475,OOA,不能战斗；不在现场,,2012-11-26
97476,on-scene commander {= OSC},现场指挥官,,2012-11-26
97478,one time code,一次密码,,2012-11-26
97481,on the double,跑步,,2012-11-26
97482,on call waves,待命舟波,,2012-11-26
97486,OML,建制保养阶层,,2012-11-26
97487,OLS,航舰光仪著陆系统,,2012-11-26
97491,oil king,油水管理军士；燃油记录士,,2012-11-26
97494,oil flat,油艇,,2012-11-26
97495,ogive,交错骨{水产}；砲弹；弹兵部,,2012-11-26
97497,offshore patrol,外海巡逻,,2012-11-26
97499,offset tracking,偏向追瞄,,2012-11-26
97502,offset intercept,布置拦截,,2012-11-26
97503,offset fire control,偏向射控,,2012-11-26
97505,officer's call,军官集合号令,,2012-11-26
97507,officer-of-the-deck,[舱面]值更官,,2012-11-26
97509,officer scheduling the exercise {= OSE},操演计划官,,2012-11-26
97510,officer in tactical command {= OTC},战术指挥官,,2012-11-26
97511,officer in charge {= O-in-C; OIC},主管官,,2012-11-26
97516,officer conductingthe exercise {= OCE},操演指挥官,,2012-11-26
97519,officer candidate,候补军官,,2012-11-26
97522,offensive minefields; offensive mining,攻击性雷区,,2012-11-26
97523,OEG,作战操作评估组,,2012-11-26
97525,ODR,多向发射,,2012-11-26
97527,OD,军械资料表；光学指挥仪,,2012-11-26
97528,OCR,作战管制转移报告,,2012-11-26
97531,OCA,作战管制权责机构,,2012-11-26
97532,obsolescent,属品；待报废品,,2012-11-26
97534,observes fire,观测射击,,2012-11-26
97536,observed fire procedure,观测射击程序,,2012-11-26
97539,obs. spot,观测地点,,2012-11-26
97541,objective planning,目标分类,,2012-11-26
97542,objective area,目标区,,2012-11-26
97545,OARS,海面侦察人造卫星,,2012-11-26
97546,OAR,兵器改装需求,,2012-11-26
97547,OAD,可服勤日期,,2012-11-26
97551,O & MN,操作与维护,,2012-11-26
97552,NWS,海军兵器站,,2012-11-26
97554,NWP,海军作战教则,,2012-11-26
97556,NWL,海军兵器实验所,,2012-11-26
97557,NWIP,海军作战教范,,2012-11-26
97559,NWEF,海军兵器舰定所,,2012-11-26
97561,NUOS,海军水中兵器站,,2012-11-26
97563,numbered fleet,数字舰队{部特遣舰队},,2012-11-26
97564,nan,虚码；哑码；零,,2012-11-26
97567,nuisance minefields,阻碍雷区,,2012-11-26
97568,NUCSAM,海面对空核子飞弹,,2012-11-26
97571,NUCPWR,核子动力[的],,2012-11-26
97572,NUCLEX,核子不实弹演习,,2012-11-26
97573,nuclear yields,核子弹放射能量；核子弹爆破力,,2012-11-26
97577,NUCEX/NUKEX,核子演习,,2012-11-26
97579,NSI,核子辐射安全检查,,2012-11-26
97581,NSFO,海军特种燃油,,2012-11-26
97583,NSDS,海军潜水与救难学校,,2012-11-26
97585,NSDF,海军标准燃油,,2012-11-26
97588,NRTIPT,海军后备军人港内训练,,2012-11-26
97590,NRT,海军预备军人训练；正常额定推力,,2012-11-26
97591,NRS,海军募兵站；海军无线电台,,2012-11-26
97592,NRDL,海军核子放射防御实验所,,2012-11-26
97596,NR,潜水研究船{核子动力},,2012-11-26
97597,NPS,核子动力舰；核子动力船,,2012-11-26
97599,NPE,海军初步研判,,2012-11-26
97601,NOTS,海军军械试验站,,2012-11-26
97602,notional ship,标准船型,,2012-11-26
97604,not in stock,库无存品,,2012-11-26
97608,NOSRT,核子武器战备测试,,2012-11-26
97609,NORS,非战备补给,,2012-11-26
97611,normal zone of fire,正常射击区,,2012-11-26
97612,normal attack,正常攻击,,2012-11-26
97615,NORM,非作战预备保养；核子作战预备演习,,2012-11-26
97616,NOREX,核子作战战备演习,,2012-11-26
97620,NORATS,海军作战无线与电话交换机,,2012-11-26
97622,NOP,海军军械厂；海军兵士厂,,2012-11-26
97624,non-submarine {= NONSUB},非潜水舰,,2012-11-26
97625,non-service mine,非战用水雷,,2012-11-26
97626,non-scheduled units,非表定单位,,2012-11-26
97630,non-NTDS track {dummy track},非开战术系统资料追瞄{模拟追踪},,2012-11-26
97634,non-military vessel categories ,非军事船只类别,,2012-11-26
97635,non-expendable supplies,非消耗性补给品,,2012-11-26
97638,noncontiguous facility,分散设施,,2012-11-26
97641,non-commisioned officer; warrant officer,士官长,,2012-11-26
97643,nonbattle casualties {NB},非战斗伤己,,2012-11-26
97646,nominal size weapon,普通型武器,,2012-11-26
97647,nominal atomic bomb,普通原子弹,,2012-11-26
97650,NOMBOS,非水雷海底目标,,2012-11-26
97652,noiseless approach,无声接近法,,2012-11-26
97654,NOFORM,需特别小心处理；不得向外国人公开,,2012-11-26
97655,no-fire line,射击限制线,,2012-11-26
97657,NOD,海洋测量局,,2012-11-26
97659,NOC,海军作战中心,,2012-11-26
97661,NMDL,海军水雷防御实验所,,2012-11-26
97663,NMC,海军飞弹中心,,2012-11-26
97664,Nm,海里；哩数,,2012-11-26
97666,NIW,海军近岸作战,,2012-11-26
97668,nitial salve error,最初弹群误差,,2012-11-26
97670,NIOTC,海军近岸作战训练中心,,2012-11-26
97671,night stick,军纪棒,,2012-11-26
97673,night observation device {= NOD},夜间视察装置,,2012-11-26
97675,NGFO,海军舰砲官,,2012-11-26
97677,NGF,海军舰砲,,2012-11-26
97680,next lower echelon,次级指挥阶层,,2012-11-26
97681,NEWRADS,核子爆炸警报与放射线资料系统,,2012-11-26
97684,NEWPOSITREP,修正位置报告,,2012-11-26
97686,neutralize,制压；中和化,,2012-11-26
97687,neutralization fire,压制射击,,2012-11-26
97690,network communication,交通网；通信网,,2012-11-26
97693,nets and booms,防御网栅,,2012-11-26
97694,netlayer,布网舰,,2012-11-26
97696,net sweeping,网式扫雷,,2012-11-26
97698,net partrol,防潜网巡逻,,2012-11-26
97699,net laying ship {= NLS},布网船,,2012-11-26
97701,nest,贮艇；小艇联泊,,2012-11-26
97704,nerve gases,神经毒气,,2012-11-26
97705,NEL,非射击线,,2012-11-26
97707,NEDU,海军潜水实验队,,2012-11-26
97709,NECOS,通信网控制台,,2012-11-26
97711,NEC,海军士兵守则；海军演习协调官,,2012-11-26
97712,NDTA,国防运输协会,,2012-11-26
97713,NDRF,国防后备舰队,,2012-11-26
97716,NDR,核子深水炸弹,,2012-11-26
97717,ND,海军用轻燃油,,2012-11-26
97718,NCSORG,海军船运管制机构,,2012-11-26
97721,NCO,士官,,2012-11-26
97722,NCS,通信网控制舰；通信网控制台；海军通信系统；国家通信系统,,2012-11-26
97724,NCFSU,海军工程部队支援组,,2012-11-26
97726,NCF,海军工程部队,,2012-11-26
97728,NBC,核生化作战,,2012-11-26
97729,navy time,海军时间,,2012-11-26
97732,navy tactical data system; naval tactical data system {= NTDS},海军战术资料系统,,2012-11-26
97734,navy standard shackle,海军标准接环,,2012-11-26
97737,navy special warfare; naval special warfare {= NSW},海军特种作战,,2012-11-26
97739,navy riverine assault elements,海军河川突击组,,2012-11-26
97740,navy military construction {= MCON},海军之军事构工,,2012-11-26
97742,navy headquarters,海军司令部,,2012-11-26
97744,navy exchange,海军福利品供应站,,2012-11-26
97745,NAVTRANSCO,海军运输协调处,,2012-11-26
97748,NAVSUPGRU,海军支援支队,,2012-11-26
97751,NAVSPECWARGRU,海军特种作战大队,,2012-11-26
97754,NAVSPASUR,海军太空侦察系统,,2012-11-26
97756,NAVSEACARCOR,海军海运协调官,,2012-11-26
97759,NAVRECSTA,海军接待站,,2012-11-26
97761,NAVRADSTA,海军无线电台,,2012-11-26
97763,NAVPHIBSCOL,海军两栖学校,,2012-11-26
97764,NAVLIS,海军后勤资讯系统,,2012-11-26
97765,navigator,航海官；有关航海官之书籍,,2012-11-26
97767,navigation head,水运前端,,2012-11-26
97768,navigation countermeasures {= NAVCM},[电子]航海反制措施,,2012-11-26
97773,navigating officer,航海官,,2012-11-26
97774,NAVGSUP,导航支援,,2012-11-26
97775,NAVFAC,海军设施,,2012-11-26
97776,NAVEX,航海训练,,2012-11-26
97780,naveam ,欧洲及地中海区水道危险紧急通告,,2012-11-26
97781,NAVDESCOL,海军驱逐舰学校,,2012-11-26
97785,NAVCOSSACT,海军指挥；支援机构,,2012-11-26
97787,NAVCOMMFAC,海军通信设备,,2012-11-26
97789,NAVCOMMAREA,海军地区通信,,2012-11-26
97790,NAVCAMS,海军通信地区主站,,2012-11-26
97794,NAVCALS,海军通信地区地方电台,,2012-11-26
97795,navcad,海军航空学生,,2012-11-26
97796,NAVALT,海军加改装,,2012-11-26
97799,naval weapon system,海军兵器系统；海军武器系统,,2012-11-26
97800,naval warfare,海[军作]战,,2012-11-26
97805,naval task unit,海军特遣区队,,2012-11-26
97806,naval support area,海军支援区,,2012-11-26
97807,naval strategy,海军战略,,2012-11-26
97808,naval stores,海军军需品,,2012-11-26
97812,naval station,海军基地指挥部,,2012-11-26
97813,naval staff,海军参谋,,2012-11-26
97814,naval square,舰尾标志,,2012-11-26
97817,naval special warfare group {= NSWG},海军特种作战支队；海军特种作战群,,2012-11-26
97820,naval service,海军现役；海军服役,,2012-11-26
97822,naval rivering group,海军河川作战支队,,2012-11-26
97824,naval reserve,海军后备队；海军备役人员,,2012-11-26
97828,naval port control officer,海军要港管理处长,,2012-11-26
97830,naval port control office {= NAVPORCO},海军要港管理处,,2012-11-26
97834,naval ordnance plant {= NOP},海军军械厂,,2012-11-26
97837,naval operation base {= NOB},海军作战基地,,2012-11-26
97839,naval operation,海军作战；海军作业,,2012-11-26
97844,naval oceanographic office {= NAVOCEANO},海军海洋测量局,,2012-11-26
97847,naval mobile riverine base element,海军机动河川基地区队,,2012-11-26
97849,naval mobile consruction battalion {= NMCB},海军机动工程营；海军机动工程队,,2012-11-26
97853,naval material support establishment {= NMSE},海军物资支援机构,,2012-11-26
97855,naval marine engineering station {= NMES},海军海洋工程站,,2012-11-26
97856,naval landing party,由海军舰艇派出；海军登陆组,,2012-11-26
97859,naval intelligence,海军情报[机构],,2012-11-26
97861,naval inshore warfare command {= NIWC},海军近岸作战指挥部,,2012-11-26
97863,naval gunfire team,海军舰砲连络组,,2012-11-26
97865,naval gunfire support {= NGFS},舰砲支援,,2012-11-26
97867,naval gunfire liaison officer {= NGLO},海军舰砲连络官,,2012-11-26
97870,naval gun fire liasion team,舰砲连络组,,2012-11-26
97871,naval forces {= NAVFOR},海军部队,,2012-11-26
97874,naval emergency ground defense force,海军陆上紧急防御部队,,2012-11-26
97877,naval electronic warfare simulator {= NEWS},海军电子作战模拟器{电动沙盘},,2012-11-26
97879,naval district,海军军区,,2012-11-26
97881,naval defense forces,海军防御部队,,2012-11-26
97882,naval courier,海军密件传送员,,2012-11-26
97886,naval control of shipping officer {= NSCO},海军船运管制官,,2012-11-26
97889,naval control of shipping liaison officer {= NCSLO},海军船运管制连络官,,2012-11-26
97892,naval control and protection of shipping {= NCAPS},海军船运管制与护卫,,2012-11-26
97895,naval construction regiment {= NCR},海军工程团,,2012-11-26
97896,naval construction force support unit {= NSFSU},海军工程部队支援单位,,2012-11-26
97898,naval construction brigade {= NCB},海军工程旅,,2012-11-26
97899,naval construction battalion; MCB; Sea Bees; seabee; CB,海军工程大队{海蜂队},,2012-11-26
97904,naval construction battalion unit {= CBU},海军工程营单位,,2012-11-26
97906,naval construction battalion maintenance unit {= CBMU},海军工程营维护保养队,,2012-11-26
97909,naval component commander,海军部队指挥官,,2012-11-26
97911,naval communications unit {= NAVCOMMU},海军通信台,,2012-11-26
97914,naval communications system {= NCS},海军通信系统,,2012-11-26
97917,naval communications station {= NAVCOMMSTA},海军通信站,,2012-11-26
97921,naval communication area master station {= NAVCAMS},海军通信区主控站,,2012-11-26
97922,naval campaign,海军战役,,2012-11-26
97923,naval beach group {= NBG},海军海滩总队,,2012-11-26
97925,naval beach group,海军滩勤总队,,2012-11-26
97929,naval base,海军基地,,2012-11-26
97930,naval attache,海军武官,,2012-11-26
97932,naval ammunition depot {= NAD}; NAVMAG,海军弹药库,,2012-11-26
97934,naval,海军的,,2012-11-26
97936,NAVACTS; naval activity; naval establishment,海军机构,,2012-11-26
97940,national shipping authority {= NSA},国家船运指导机构,,2012-11-26
97941,NASTY,雷斯泰级[挪威砲艇],,2012-11-26
97942,NASE,非音响潜水舰效应,,2012-11-26
97944,NAR,弹药重新分类之标记,,2012-11-26
97946,NALF,海军辅助登陆区,,2012-11-26
97948,NALC,海军弹药补给代号,,2012-11-26
97950,NADAC,海军反潜作战资料中心,,2012-11-26
97952,NAC,正常接近航向,,2012-11-26
97954,NAB,海军航空基地；海军两栖基地,,2012-11-26
97956,nan,航海历；未奉准的；未授权的,,2012-11-26
97958,MXA,机动演习地区,,2012-11-26
97960,MWFOPS,实施水雷作战,,2012-11-26
97961,MWB,鲸形动力艇,,2012-11-26
97963,muzzle bag,砲口罩,,2012-11-26
97965,mutual support,相互支援,,2012-11-26
97967,muster out,除名或除役,,2012-11-26
97969,muster list; station bill; watch quarter and station bill,部署表,,2012-11-26
97970,MUSE,机动通用支援装备,,2012-11-26
97975,munitions,军需品；军火,,2012-11-26
97976,MTMTS,军事交通管理与终点服务,,2012-11-26
97978,MTF,机械定时引信,,2012-11-26
97979,MTB,真方位的保持；发往基地之信文,,2012-11-26
97982,MST,机动支援组,,2012-11-26
97985,MSSC,中型三栖支援艇；中型海豹支援艇,,2012-11-26
97986,MSS,特性[装置]扫雷舰,,2012-11-26
97988,MSRFT,扫雷舰艇复训,,2012-11-26
97990,MSQT,飞弹舰合格试验,,2012-11-26
97992,MSO,远洋扫雷舰{无磁性},,2012-11-26
97994,MSM,远洋扫雷舰{非磁性},,2012-11-26
97995,MSL,平均海平面；扫雷艇,,2012-11-26
97997,MSI,近岸扫雷舰,,2012-11-26
97999,MSG,电文,,2012-11-26
98000,MSF,舰队扫雷舰{铁壳},,2012-11-26
98003,MSD,无人驾驶扫雷艇；遥控扫雷艇,,2012-11-26
98007,MSC,海岸扫雷舰；无磁性；军用物资；海军指挥部,,2012-11-26
98008,MSA,辅助扫雷舰,,2012-11-26
98009,MS,摩托艇,,2012-11-26
98010,MRF,机动河川部队,,2012-11-26
98011,MRC,保养需求卡；动态报告中心,,2012-11-26
98013,MRBM,中程弹道飞弹,,2012-11-26
98015,MOVSUM,每日动态综合报告,,2012-11-26
98017,MOVREP,动态报告,,2012-11-26
98018,MOVORD,运动命令,,2012-11-26
98020,moving target indicator,移动性目标指示器,,2012-11-26
98022,moving surface ship haven,移动性水面舰安全区,,2012-11-26
98024,moving submarine haven,移动性潜水舰安全区,,2012-11-26
98027,moving haven,移动性安全区,,2012-11-26
98028,movement report system,动态报告系统,,2012-11-26
98031,movement report control center {= MRCC},动态报告管制中心,,2012-11-26
98033,movement plan,运动计划,,2012-11-26
98034,movement group,运动支队,,2012-11-26
98036,movement directive,运动指令,,2012-11-26
98038,movement control,运动管制,,2012-11-26
98039,mousetrap,反潜鼠笼式火箭,,2012-11-26
98041,mounting area,战备集运地区,,2012-11-26
98042,mount,调置；战备集运；砲架,,2012-11-26
98044,MOTU,机动技护小组,,2012-11-26
98046,motor whale-boat,鲸型动力艇,,2012-11-26
98047,motor tube,动力管,,2012-11-26
98048,motor torpedo boat; torpedo boat; PT,鱼雷快艇,,2012-11-26
98049,motor dory,平底小艇,,2012-11-26
98053,mothball fleet,封存舰队,,2012-11-26
98054,mortar mount,臼砲架,,2012-11-26
98057,MORT,火箭兵器战备状况测试,,2012-11-26
98059,morning order book,朝令簿,,2012-11-26
98060,morning orders,舰上朝令,,2012-11-26
98062,MORAY,两人操纵之小型高速攻潜潜舰,,2012-11-26
98064,moored mine,系留水雷,,2012-11-26
98065,mooping up,扫荡,,2012-11-26
98066,monster,E型部队运输船,,2012-11-26
98068,MONOB,机动杂音记录艇,,2012-11-26
98070,monitor; BM,铁甲舰,,2012-11-26
98071,monitor,监听；监视[器]；监测器；检验放射能；固定式救火龙头,,2012-11-26
98074,MON,监听检验放射能；校音检验放射能,,2012-11-26
98078,MOMAU,机动水雷装配单位,,2012-11-26
98079,molder {= ML},铸模工军士,,2012-11-26
98083,MOIC,主任医官,,2012-11-26
98085,modulation,调幅；调变{音响扫雷},,2012-11-26
98087,MODS,重大作战资料系统,,2012-11-26
98088,mobilzation base,动员基地,,2012-11-26
98092,mobilification number {ordnace},改装号码{军械},,2012-11-26
98094,mobilification center,改装中心,,2012-11-26
98095,mobil support group {= MSGP},机动支援支队,,2012-11-26
98099,mobil riverine force,机动河川作战部队,,2012-11-26
98103,mobil riverine base,机动河川基地,,2012-11-26
98104,mobil mine,机动水雷,,2012-11-26
98107,mobil inshore undersea warfare {= MIUW},机动近岸水下作战[单位],,2012-11-26
98108,mobil defense,机动防御,,2012-11-26
98113,mobil construction battalion,机动工程管,,2012-11-26
98114,MOB,机动；动员,,2012-11-26
98118,MMI,管理与保养检查,,2012-11-26
98120,MMF,舰队布雷舰,,2012-11-26
98122,MMA,辅助布雷舰,,2012-11-26
98124,MM,布雷舰；机工军士,,2012-11-26
98127,MLSG,机动后勤支援支队,,2012-11-26
98129,MLS,飞弹发射[器]系统,,2012-11-26
98132,MLB,机动后勤支援基地,,2012-11-26
98134,MKSTNG,射技训练,,2012-11-26
98135,mission-ready equipment,搜救任务备用装备,,2012-11-26
98137,mission log,任务记录簿,,2012-11-26
98139,mission,目标；目的；使命；任务,,2012-11-26
98142,MISSILEX,飞弹射击演习,,2012-11-26
98143,missile zone,飞弹区,,2012-11-26
98145,missile coordinator,飞弹协调管制官,,2012-11-26
98146,miss stays,无力[转动],,2012-11-26
98148,misfire,不过火,,2012-11-26
98149,MISF,机动后勤支援部队,,2012-11-26
98150,MISER,微波太空电子转播台,,2012-11-26
98153,MISCEX,综合性操演,,2012-11-26
98154,minute-guns,隔分礼砲,,2012-11-26
98156,mining operations; MIW,水雷作战,,2012-11-26
98158,MINEX,水雷作战演习,,2012-11-26
98159,mining effect,水电爆炸效力,,2012-11-26
98160,minesweeping; M/S,扫雷,,2012-11-26
98161,minesweeping methods,扫雷法,,2012-11-26
98162,minesweeping boat {= MSB},扫雷艇,,2012-11-26
98163,mines antenna,水雷天线,,2012-11-26
98167,mineman {= MN},水雷军士,,2012-11-26
98169,minehunting,水雷侦测猎雷,,2012-11-26
98171,minefields,雷区,,2012-11-26
98174,mineable waters,可布雷水域,,2012-11-26
98175,mine watching,布雷监视；[对敌敷设]水雷监视,,2012-11-26
98176,mine warfare group,水雷支队,,2012-11-26
98179,mine warfare,水雷战,,2012-11-26
98182,mine vessels,扫布雷舰艇,,2012-11-26
98184,mine tracks,布雷轨,,2012-11-26
98186,mine sweeper {AM},扫雷舰,,2012-11-26
98188,mine sterilizer,水雷失效装置,,2012-11-26
98191,mine locating,水雷定位；水雷标定,,2012-11-26
98193,mine layer; Cm,布雷舰,,2012-11-26
98194,mine disposal,水雷处理；水雷反制目标,,2012-11-26
98196,mine defense,布雷防御,,2012-11-26
98198,mine countermeasures objectives,水雷反制措施目标,,2012-11-26
98199,mine countermeasures,水雷反制措施,,2012-11-26
98200,mine clearance,水雷清扫；水雷处理,,2012-11-26
98201,MILTOSS,少量军品运输,,2012-11-26
98205,MILS,飞弹弹著定位制度,,2012-11-26
98207,military specifications {= MILSPEC},军事规格,,2012-11-26
98209,military service,军种；服役,,2012-11-26
98213,military sealift command {= MSC},军事海运指挥部,,2012-11-26
98216,military sea transport service {= MSTS},军事海运勤务处,,2012-11-26
98217,military occupational specialty {= MOS},军职专长,,2012-11-26
98220,military inspection,军事校阅,,2012-11-26
98222,military grid reference system,军用方格基准系统,,2012-11-26
98223,military grid,军用方格[图],,2012-11-26
98227,military equipment,军事装备,,2012-11-26
98228,military convoy,军用船队,,2012-11-26
98230,military control,军事管制,,2012-11-26
98232,military command,军事指挥；军事指挥部,,2012-11-26
98234,military characteristics {= MC},军事特性,,2012-11-26
98235,mileage chart,航程图,,2012-11-26
98238,MIJI,航标干扰误导,,2012-11-26
98240,mighty mouse,巨鼠火箭,,2012-11-26
98242,MIDTRARON,海军官校学生训练战队,,2012-11-26
98244,midshipman,[海军学校]见习生；海军官校学生,,2012-11-26
98246,microwave early warning radar {= MEW radar},微波早期预警雷达,,2012-11-26
98249,MIA,阵前失踪,,2012-11-26
98250,MI,物质检查或装备校阅,,2012-11-26
98253,MHC,海岸水雷测舰；磁性测仪侦测圈,,2012-11-26
98256,MHA,辅助水雷侦测舰；人工时计算,,2012-11-26
98257,MFCS,飞弹射控系统,,2012-11-26
98258,MFB,基地发来之讯文,,2012-11-26
98261,MEW,微波[雷达]早期预警,,2012-11-26
98262,metalsmith {= ME},金工军士,,2012-11-26
98267,mess treasurer,伙食委员,,2012-11-26
98269,meritorios mast,褒奖集合；叙功集合,,2012-11-26
98270,merit {in fleet exercises},优劣等第{舰队操演评比},,2012-11-26
98273,MERINT,商船情报资料,,2012-11-26
98275,merged forces,混合部队,,2012-11-26
98277,men of war; man-of-war; naval ship,军舰,,2012-11-26
98278,MEERS,最大有效声纳速率,,2012-11-26
98280,MEDS,机械装载资料系统,,2012-11-26
98282,medium-speed submarine,中[等]速潜舰,,2012-11-26
98285,medical evacuation {= MEDEVAC},伤患后送,,2012-11-26
98289,mechanism {mine},发火装置{水雷},,2012-11-26
98292,mechanical sweeping,机械扫雷,,2012-11-26
98293,mechanical mule,机械骡,,2012-11-26
98296,mean point of impact {= MPI},平均弹著点,,2012-11-26
98299,meal pennant,进餐尖旗,,2012-11-26
98300,meal break,进餐休息时间,,2012-11-26
98304,MEA,航途最低高度；保养工程分析,,2012-11-26
98305,M-day,M日{动员开始日},,2012-11-26
98306,MCMOPS,实施反水雷作战,,2012-11-26
98307,MCM,反水雷措施；飞弹管制模型,,2012-11-26
98311,MCD,手法通信欺敌,,2012-11-26
98314,MCC,声纳功能之战技近距离接触,,2012-11-26
98315,MCARQUALS,海洋运输条件,,2012-11-26
98317,MC,磁航向；军事特性,,2012-11-26
98318,maximum range,最大射程,,2012-11-26
98322,maximum ordinate,最大弹道高,,2012-11-26
98323,maximum effective range,最大有效射程,,2012-11-26
98325,MATINSP,物资检查,,2012-11-26
98328,material inspection {= MI},物质检查,,2012-11-26
98330,material history,物质史略,,2012-11-26
98333,material condition,损管之防险情况；物质情况,,2012-11-26
98336,master-siave operation,主从操作,,2012-11-26
98337,master-at-arms {= MAA},警卫长,,2012-11-26
98341,master key firing,主发射键射击,,2012-11-26
98342,mary anne,捞机起重船,,2012-11-26
98343,marshalling,集结整备,,2012-11-26
98344,MARS,多种火箭火砲系统,,2012-11-26
98348,MARLIN,反潜飞机,,2012-11-26
98350,marking panel,标示布板,,2012-11-26
98352,market boat,标买小艇,,2012-11-26
98353,marker ship,标示船,,2012-11-26
98356,mark number {ordnance},型号{军械},,2012-11-26
98358,maritime headquarters {= MHQ},海洋司令部,,2012-11-26
98360,maritime control area,海上管制区,,2012-11-26
98362,MARAD,海上行政,,2012-11-26
98364,map-chart,陆海图,,2012-11-26
98365,map exercise,图上演习,,2012-11-26
98366,MAP,磁性音响压力,,2012-11-26
98367,manning level,员额配赋基准,,2012-11-26
98370,maneuvering interval,运动间隔,,2012-11-26
98371,man the boat,备便小艇；小艇人员就位,,2012-11-26
98375,man,就位{海军军语},,2012-11-26
98377,make way,航进,,2012-11-26
98379,make colors,升旗,,2012-11-26
98382,major fleet,大舰队；主要舰队,,2012-11-26
98383,MAIS,修护资料系统,,2012-11-26
98386,main-scheme station,主系线测站,,2012-11-26
98388,main radio,主无线电室,,2012-11-26
98392,main line of resistance {= MLR},主抵抗线,,2012-11-26
98394,main convoy,主船队,,2012-11-26
98396,main battery,主砲；主砲组,,2012-11-26
98398,mailgram,邮递公函,,2012-11-26
98400,mail orderly,邮务兵,,2012-11-26
98404,magnetic-pressure {= MP},磁性压力组合感应水雷,,2012-11-26
98405,magnetic sweeping,磁性扫雷,,2012-11-26
98409,magnetic sweep cable {mine},磁性扫雷电缆,,2012-11-26
98412,magnetic mine,磁性水雷,,2012-11-26
98417,magnetic anomaly detection verification run {= MADVEC},磁性侦测仪；鉴定接触飞行,,2012-11-26
98420,magnetic airborne detection tracking pattern,磁性空测追踪计划,,2012-11-26
98422,magnetic airborne detection {= MAD},磁性空中侦测,,2012-11-26
98425,magnetic acousticpressure {= MAP},磁音压力混合感应水雷,,2012-11-26
98426,maggie's drawers,命中靶旗,,2012-11-26
98429,magazine flooding sprinkling,弹药库潜水[喷水]系统,,2012-11-26
98430,mae west,充气式救生衣,,2012-11-26
98432,MADM,中型原子爆材,,2012-11-26
98434,MADEX,磁性侦测操演,,2012-11-26
98436,MAD,磁性侦测[仪],,2012-11-26
98437,macnamara lace,艇饰,,2012-11-26
98438,machinist's mate {= MM},机工军士,,2012-11-26
98439,machinist,机工士官长,,2012-11-26
98440,machinery repairman {= MR},机械修护军士,,2012-11-26
98441,machine gun,机关枪,,2012-11-26
98442,machine accountant {= MA},计算机军士,,2012-11-26
98447,MACAS,磁性能量及安全系统；磁性环境测量装备,,2012-11-26
98448,MAA,舰上警卫长,,2012-11-26
98449,MA,其余锚泊或旁靠,,2012-11-26
98452,m,运动舰；子午线,,2012-11-26
98454,lynch plot,潜水舰专用描迹,,2012-11-26
98456,LWT,两栖拖索船,,2012-11-26
98458,LVW,轮型两栖登陆车,,2012-11-26
98460,LVUPK,休假与保养时期,,2012-11-26
98461,LVTR,两栖车辆救护车,,2012-11-26
98464,LVTPX Ⅱ,登陆部队突击人员运输车,,2012-11-26
98467,LVTPX 2,登陆部队救护及保养车,,2012-11-26
98468,LVTP-5,两栖人员运输车,,2012-11-26
98470,LVTP,履带式登陆人员运输车,,2012-11-26
98472,LVTH,履带式登陆砲车,,2012-11-26
98475,LVTE,履带式登陆工程车,,2012-11-26
98476,LVTC,履带式登陆运输指挥车,,2012-11-26
98480,LVT,履带式登陆运输车；两栖运输车,,2012-11-26
98482,LVOR,低功率；极高频率；万向导航标杆,,2012-11-26
98483,LVHX,水翼两栖支援车,,2012-11-26
98485,LVH,水翼登陆艇,,2012-11-26
98487,LULU,露露弹{核子深水炸弹},,2012-11-26
98490,LTP-6,登陆人员运输车,,2012-11-26
98491,LTP,抛缆枪弹实,,2012-11-26
98493,LTG,地区战术方格,,2012-11-26
98494,LSU,通用登陆舰{后勤},,2012-11-26
98495,LSTS,通用登陆舰,,2012-11-26
98499,LSTH,战车登陆舰并伤患后送,,2012-11-26
98501,LST,战车登陆舰；本地恒星时,,2012-11-26
98502,LSSL,登陆火前支援舰,,2012-11-26
98505,LSSC,轻型三栖支援艇；轻型海豹支援艇,,2012-11-26
98506,LSMR,中型火箭登陆舰,,2012-11-26
98508,LSM,中型登陆舰,,2012-11-26
98511,LSIR,步兵[火箭]登陆舰,,2012-11-26
98513,LSIM,步兵[迫击砲]登陆舰,,2012-11-26
98515,LSIG,大型步兵登陆舰,,2012-11-26
98516,LSD,船坞登陆舰,,2012-11-26
98518,LRBM,长程弹道飞弹,,2012-11-26
98520,LPSS,两栖运输潜水舰,,2012-11-26
98521,LPR,两栖快速运输舰{小型},,2012-11-26
98525,LPH,两栖突击舰{直升机母舰},,2012-11-26
98528,LPA,两栖人员运输舰,,2012-11-26
98529,lower sonar room,下声纳室,,2012-11-26
98532,low order burst; low order detonation,低度爆炸,,2012-11-26
98535,LOW BLOW,低放计划,,2012-11-26
98536,lost contact searches,接触中断搜察[法],,2012-11-26
98539,LOS,瞄准线,,2012-11-26
98540,LORAC,远程雷达精确度,,2012-11-26
98542,LOPAIR,长程红外线,,2012-11-26
98544,LOP,颁布令；位置线,,2012-11-26
98547,loose control,概略管制,,2012-11-26
98549,LOOP,远洋长程巡逻,,2012-11-26
98551,look-through,澈底调查,,2012-11-26
98552,look zone,窥伺区域,,2012-11-26
98555,look alive,警觉,,2012-11-26
98557,long tackle,长辘轳,,2012-11-26
98559,long range radar,远程雷达,,2012-11-26
98561,long range active detection system {= LORAD},长距离主动式侦测系统,,2012-11-26
98564,LOLITA,洛丽泰声纳浮标,,2012-11-26
98566,LOI,训令,,2012-11-26
98568,LOGSVC,后勤勤务,,2012-11-26
98570,LOGSUP,后勤支援,,2012-11-26
98572,LOGREQ,后勤需求,,2012-11-26
98573,logistic support group,后勤支援支队,,2012-11-26
98576,logistic control,后勤管制,,2012-11-26
98577,LOGEX,后勤演习,,2012-11-26
98579,log chip,测程板；扇形板,,2012-11-26
98581,log book,航泊日志；记录簿,,2012-11-26
98582,LOFTI,通信研究卫星,,2012-11-26
98584,LOFAR,低频分析与记录,,2012-11-26
98586,Lodgement area,立足地区,,2012-11-26
98587,LOD,攻击发起线,,2012-11-26
98589,local track,本砲追瞄,,2012-11-26
98591,local spot,本砲所正,,2012-11-26
98593,local naval defence,海军区域防卫,,2012-11-26
98596,local key,本砲发射钥,,2012-11-26
98598,local gun laying,本砲瞄砲,,2012-11-26
98600,local fire control,本砲射控,,2012-11-26
98601,local designation {target},就地指定{目标},,2012-11-26
98605,LOB,方位线；梯队,,2012-11-26
98606,local,本砲,,2012-11-26
98608,loading plan,装戴计划,,2012-11-26
98609,loading machine,装填砲,,2012-11-26
98610,loading dead time,装填羁时,,2012-11-26
98614,LOADEX,装载演练,,2012-11-26
98615,load,装弹；装载{口令}；单发弹药；负荷；载重；枕本；单位,,2012-11-26
98616,LLSUA,[潜舰]潜航接近界限线,,2012-11-26
98617,LLSNA,[潜舰]呼汲管舰行接近界限线,,2012-11-26
98622,LKP,最后所知位置,,2012-11-26
98624,LKA,两栖货运舰,,2012-11-26
98626,lizard traveling,阻摆索；稳定索,,2012-11-26
98627,lizard,导索{导索之有眼短绳}；套管,,2012-11-26
98629,LITEX/LIGHTEX,探照灯照明演习,,2012-11-26
98631,listening sweep,声纳操作扫听,,2012-11-26
98633,LISA,[潜舰]呼吸管航行接近界限线,,2012-11-26
98634,lion base,中型前进基地,,2012-11-26
98638,linking destroyer,传递驱逐舰；中继驱逐舰,,2012-11-26
98642,line-of-sight barrage,瞄准线火网,,2012-11-26
98645,linear time base sweep,雷达线时基扫描,,2012-11-26
98646,linear patrol,直线巡逻,,2012-11-26
98649,line service,战列勤务,,2012-11-26
98650,line officer,兵科军官,,2012-11-26
98651,line of sight,视线；瞄准线瞄距,,2012-11-26
98653,line of return,解散线；回航线,,2012-11-26
98656,line of retirement,返航搜索线；引退线,,2012-11-26
98658,line of fire {= LOF},射线,,2012-11-26
98659,line of departure {= LOD},发起线；攻击发起线,,2012-11-26
98664,line of communication; lines of communication {= LOC},交通线,,2012-11-26
98666,line of bearing,梯队；方位线,,2012-11-26
98667,line guide,行列响导舰,,2012-11-26
98669,line chief,航舰上飞机保养上士,,2012-11-26
98672,line abreast,横队,,2012-11-26
98673,L-indicator,L型指示器,,2012-11-26
98675,limpet mines,蝛雷,,2012-11-26
98677,limiting submarine approahc lines,潜水舰接近界限线,,2012-11-26
98680,limiting locus of torpedo firing positions,鱼雷射击位置之极限轨迹,,2012-11-26
98682,limited-duty officer {= LD}; mustang,限职军官,,2012-11-26
98684,limit of fire,射击界线；射击安全角,,2012-11-26
98686,light ship condition {condition A},轻载状况{状况A},,2012-11-26
98688,light line,助航灯灯光管制线,,2012-11-26
98689,lifeguard submarine,救生潜舰,,2012-11-26
98691,lifeguard mission,救生任务,,2012-11-26
98693,lieutenant junior grade {= JG},海军中尉,,2012-11-26
98695,lieutenant commander,海军少校,,2012-11-26
98697,lieutenant {= LT},海军上尉,,2012-11-26
98698,liberty party,放假班,,2012-11-26
98700,liaison staff,连络参谋,,2012-11-26
98702,LI,石印军士,,2012-11-26
98705,LFS,两栖砲火支援舰,,2012-11-26
98706,LHA,两栖攻击舰{通用},,2012-11-26
98707,LFR,近岸砲火支援舰,,2012-11-26
98710,LFNS,低频导航系统,,2012-11-26
98712,LF,低频率；木材；淡水,,2012-11-26
98713,leveling precise,精密水平测量,,2012-11-26
98717,leveling of high precision,高度精密水平测量,,2012-11-26
98718,level trier,水平试验器,,2012-11-26
98720,level of supply; levels of supply,补给基准[量],,2012-11-26
98722,LES,支援登陆小艇,,2012-11-26
98724,LEPT,耐航巡逻鱼雷,,2012-11-26
98726,leopard,乱真器,,2012-11-26
98727,lee helmsman,预备舵手,,2012-11-26
98730,leaver section,分离分队,,2012-11-26
98732,leaver,离队船[队],,2012-11-26
98734,leadsman,测锤手；测深手,,2012-11-26
98735,lead yard,主办造船厂,,2012-11-26
98737,lead time,前置时间,,2012-11-26
98738,LDEX,登陆演习,,2012-11-26
98739,LDB,低曳弹,,2012-11-26
98742,LCVP,车辆人员登陆小艇,,2012-11-26
98743,LCU,通用登陆艇,,2012-11-26
98747,LCSS (2),小型支援登陆艇二式,,2012-11-26
98749,LCSS (1),小型支援登陆艇一式,,2012-11-26
98751,LCSR (L),轻型蛙人拾回登陆艇,,2012-11-26
98755,LCSR,蛙人侦察登陆艇,,2012-11-26
98756,LCSL,步兵支援登陆艇,,2012-11-26
98759,LCR {(L) or (S)},橡皮登陆艇{大型或小型},,2012-11-26
98762,LCP (R),人员登陆小艇{配备跳板},,2012-11-26
98764,LCP (L),大型人员登陆艇,,2012-11-26
98766,LCM,机械登陆小艇,,2012-11-26
98768,LCIR,步兵登陆[火箭]艇,,2012-11-26
98771,LCIM,步兵登陆[迫击砲]艇,,2012-11-26
98772,LCIG; LSI,步兵登陆砲艇,,2012-11-26
98774,LCI (L),大型步兵登陆艇,,2012-11-26
98776,LCI,步兵登陆艇,,2012-11-26
98778,LCFF; LCIFF,步兵登陆艇遣队旗舰,,2012-11-26
98781,LCCS,飞弹发射器操纵手控制系统,,2012-11-26
98782,LCC (2),二型控制登陆艇,,2012-11-26
98785,LCC (1),一型控制登陆艇,,2012-11-26
98787,LCC,两栖指挥舰,,2012-11-26
98788,LCA,突击登陆艇,,2012-11-26
98790,LBV,车辆登陆艇,,2012-11-26
98791,LBP,人员登陆艇,,2012-11-26
98794,layer,层；俯仰手,,2012-11-26
98796,lay day,许可装卸期限；停泊期；定停止期,,2012-11-26
98797,lay before the mast; muster,集合,,2012-11-26
98801,lay aloft,上桅,,2012-11-26
98802,launcher {rocket or missile},发射器{火箭或飞弹},,2012-11-26
98805,late attack,延迟攻击,,2012-11-26
98807,large tactical command ship; CBC,大型战术指挥舰,,2012-11-26
98810,LARC,两栖用补给品驳船,,2012-11-26
98812,lands,阳瞠线,,2012-11-26
98814,landing zone,降落地带；著陆地带,,2012-11-26
98816,landing wave,登陆舟波,,2012-11-26
98818,landing vehicle tracked enginner {= LVTE},两栖履带工程车,,2012-11-26
98821,landing strake,著陆外板{船底板},,2012-11-26
98823,landing site,登陆地带著陆位置,,2012-11-26
98825,landing signal officer {= LSO},降落信号官,,2012-11-26
98827,landing ship areas,登陆舰区,,2012-11-26
98828,landing ship,登陆舰[艇],,2012-11-26
98830,landing schedule,登陆时程表,,2012-11-26
98832,landing diagram,登陆图表,,2012-11-26
98835,landing craft employment table,可用登陆小艇数量表,,2012-11-26
98837,landing craft employment plan,登陆小艇运用计划,,2012-11-26
98838,landing craft availability table,可用登陆艇数量表,,2012-11-26
98842,landing craft and amphibian vehicle assignment table,登陆小艇及两栖车辆任务分配表,,2012-11-26
98843,landing craft amphibious assignment table,登陆小艇两栖任务分配表,,2012-11-26
98846,landing craft {assembly areas},登陆小艇{空舟待命区},,2012-11-26
98847,landing beacon,降落标杆,,2012-11-26
98851,landing beach,登陆海滩,,2012-11-26
98852,landing area {= LZ},著陆区；登陆区,,2012-11-26
98854,landing aid,辅助降落装具,,2012-11-26
98857,LAMPS,轻型空中多目标系统{直升机},,2012-11-26
98859,lagre carrier {CVB},大型航空母舰,,2012-11-26
98861,lagan,抛留物{附有浮标之投海货物},,2012-11-26
98864,ladder,梯；阶梯齐发；阶梯射击,,2012-11-26
98866,LAAM,轻型防空飞弹,,2012-11-26
98868,kptoon,气球天线,,2012-11-26
98870,kite,空飘雷达反射器；扫雷展沈板,,2012-11-26
98871,killock [= killick],小锚；多爪锚；石锚,,2012-11-26
98872,killer submarine,攻潜潜舰,,2012-11-26
98876,kick {of the rudder},尾涡,,2012-11-26
98877,KIA,阵亡,,2012-11-26
98881,k-hour,K时,,2012-11-26
98882,k-gun,发射深水炸弹用K砲,,2012-11-26
98883,keg buoy,捞网标；排钩标,,2012-11-26
98886,keeping ship,军舰常规工作,,2012-11-26
98887,keeling,防擦索,,2012-11-26
98888,keel depth,龙骨深度,,2012-11-26
98892,kedge,小锚；锚曳,,2012-11-26
98893,k-day,K日,,2012-11-26
98895,karry crance,移机吊杆,,2012-11-26
98896,JUWTF,非正规作战联合特遣部队,,2012-11-26
98901,jury rig,应急装置；应急帆装,,2012-11-26
98903,junior-senior operation,长幼作业,,2012-11-26
98904,junior officer,初级军官；资浅军官；资浅船副,,2012-11-26
98908,jumper,防震索；防跳缚索；暂接管索；水兵服之上衣,,2012-11-26
98911,JULIEX,茱莉操演,,2012-11-26
98912,jump ship,舰艇上之不假外出者；弃职离船,,2012-11-26
98914,JULIE,茱莉声纳浮标,,2012-11-26
98916,JTFOA,联合特遣部队作战区域,,2012-11-26
98918,JSN,工作序号,,2012-11-26
98920,JOSPRO,联合船运作业程序,,2012-11-26
98923,JOPREP,联合作战报告系统,,2012-11-26
98924,JOP,联合作业程序,,2012-11-26
98926,JOOW,副值更官,,2012-11-26
98928,JOOD,舱面副值更官,,2012-11-26
98931,jointure of command,联合指挥部；联合指挥权,,2012-11-26
98932,joint zone,联合[作战地]区,,2012-11-26
98933,joint task force {= JTF},联合特遣部队,,2012-11-26
98936,joint staff study,联合参谋研究,,2012-11-26
98938,joint staff group,联合参谋群,,2012-11-26
98939,joint staff division,联合参谋处,,2012-11-26
98940,joint staff,联合参谋,,2012-11-26
98944,joint riverine task force,河川作战联合特遣部队,,2012-11-26
98945,joint organization,联合组织；联合编规,,2012-11-26
98946,joint operations center {= JOC},联合作战中心,,2012-11-26
98947,joint operations,联合作战,,2012-11-26
98951,joint military transportation committee,联合军运委员会,,2012-11-26
98952,joint force,联合部队,,2012-11-26
98956,joint expeditionary troops,联合远征军,,2012-11-26
98959,joint exercise,联合演习,,2012-11-26
98963,joint doctrine,联合准则,,2012-11-26
98964,joint command authority,联合指挥权；联合指挥机构,,2012-11-26
98967,joint base,联合基地,,2012-11-26
98970,joint amphibious task force {= JATF},联合两栖特遣部队,,2012-11-26
98972,joint amphibious operation,联合两栖作战,,2012-11-26
98974,JOA,联合作战目标区；联合作战协定,,2012-11-26
98976,JINDIVIK,喷射靶机,,2012-11-26
98977,JO,新闻军士；初级军官,,2012-11-26
98980,jimmy legs,警卫长；卫兵,,2012-11-26
98982,JEZEX,杰芝贝尔声纳操演,,2012-11-26
98983,JEZEBEL,杰芝贝尔声纳浮标,,2012-11-26
98985,jeheemy,小艇拖救器,,2012-11-26
98987,JEEP,简易战术资料系统,,2012-11-26
98989,jeep,吉普{小型航空母舰},,2012-11-26
98991,JCOC,联合民间见习巡航；联合作战中心,,2012-11-26
98993,JCEC,联合通信电子委员会,,2012-11-26
98994,JCC,联合通信中心；联合协调中心,,2012-11-26
98998,JANAP,[美]陆空海军联合书刊,,2012-11-26
99000,JAN grid,陆海军联合方格制,,2012-11-26
99001,jamming,干扰；乱真,,2012-11-26
99002,JAMEX,电子乱真演练,,2012-11-26
99006,jaheemy,拖救索具,,2012-11-26
99007,JAFPUB,三军联合书刊,,2012-11-26
99011,IXSS,未分类之杂型潜舰,,2012-11-26
99014,IX,未分类之杂勤舰,,2012-11-26
99016,IVDS,独立变深声纳,,2012-11-26
99017,IUWG,近岸水下作战支队,,2012-11-26
99018,IUWCC,近岸水下作战管制中心,,2012-11-26
99021,IUW,近岸水下作战,,2012-11-26
99024,ITT,混型舰训练；向询翻译小组,,2012-11-26
99025,ITE,混型舰操演,,2012-11-26
99028,ITASS,临时列阵系列须测系统,,2012-11-26
99030,ISURV,督察；检验室,,2012-11-26
99032,ISR,安全识别距离,,2012-11-26
99034,ISP,整体役勤支援计划,,2012-11-26
99035,isolated burst,孤立爆炸,,2012-11-26
99036,ISNAC,海军保管之非现役舰船,,2012-11-26
99040,ISIC,直属上级指挥部,,2012-11-26
99041,ISE,单舰操练,,2012-11-26
99044,ISD,鱼雷用初期搜察深度,,2012-11-26
99046,I-scan,雷达幕工型扫描,,2012-11-26
99049,IRNV,海军舰艇之增建与更替,,2012-11-26
99050,IRIG,惯性导引积量旋转仪,,2012-11-26
99053,IRHA,敌对行动所引起之损伤,,2012-11-26
99055,IRCM,红外线反制措施,,2012-11-26
99057,IRBM,改良导引飞弹弹尖；中程弹道飞伡,,2012-11-26
99060,IRA,改良导引飞弹,,2012-11-26
99061,IR,询问回答器红外线,,2012-11-26
99062,ION,国际航海学会；航海学院,,2012-11-26
99066,IOL,初期所需装备清单,,2012-11-26
99068,IOC,初期作战能力,,2012-11-26
99069,inverted order,逆列；攻顺序,,2012-11-26
99070,intrusion,介入；电子欺骗,,2012-11-26
99071,INTRFT; IRFT,临时复习训练,,2012-11-26
99075,INTPHIBRFT,临时两栖复习训练,,2012-11-26
99078,INTOPS,实施阻绝作战,,2012-11-26
99079,intervalometer,定时间隔器,,2012-11-26
99081,intership dead period,舰间羁时,,2012-11-26
99082,interrogatory,疑问讯电,,2012-11-26
99084,interrogator-responsor,问讯答讯器,,2012-11-26
99087,intermittent gun laying,间歇瞄砲,,2012-11-26
99090,intermediate cover,中间掩护,,2012-11-26
99092,interlook dead period {= Ildp; ILDP},水雷感发羁时,,2012-11-26
99094,interior communications,舰内通信,,2012-11-26
99096,interim parts list {= IPL},临时配件表,,2012-11-26
99098,interdiction fire,阻绝射击,,2012-11-26
99100,interdiction,阻绝作战,,2012-11-26
99102,interdict,阻绝,,2012-11-26
99104,interception,拦截；截收；截断；截留,,2012-11-26
99107,intercepting search,拦截搜察,,2012-11-26
99108,intercept receiver,截收机,,2012-11-26
99110,intercept guard,警卫拦截舰,,2012-11-26
99112,intended track,预定航迹；预定航线,,2012-11-26
99114,integrated search plans,整体搜察计划,,2012-11-26
99116,integrated logistics program,整体后勤计划,,2012-11-26
99117,INTAC,拦截；追迹及控制组合发展计划,,2012-11-26
99119,instrumentman {= IM},仪表军士,,2012-11-26
99121,instrument station {leveling},仪器站,,2012-11-26
99123,instrument shelter,[仪表]百叶箱,,2012-11-26
99125,installation error,装置误差,,2012-11-26
99126,INSMAT,海军物资检验官,,2012-11-26
99128,INSMACH,海军机械检验官,,2012-11-26
99132,inshore undersea warfare group {= IUWG},沿岸水下防御作战大队,,2012-11-26
99134,inshore undersea warfare {= IUW},沿岸水下[防御]作战,,2012-11-26
99136,inshore patrol,近岸巡逻,,2012-11-26
99137,inshore opcrations,近岸作战,,2012-11-26
99138,inshore fire support ship {= IFS},近岸火力支援舰,,2012-11-26
99140,INSAV,临时入厂修期,,2012-11-26
99141,INS,捕入,,2012-11-26
99145,INREP,在港两舰间实施两补给作业,,2012-11-26
99146,INPT,在港内,,2012-11-26
99148,INOP,故障装备,,2012-11-26
99150,inner transport areas,内运输舰区,,2012-11-26
99152,INJUN,探测放射性卫星系列,,2012-11-26
99155,initiating order,初动命令,,2012-11-26
99156,initiating directive,初动训令,,2012-11-26
99157,initial unloading period,最初下卸时期,,2012-11-26
99159,initial provisioning,最初根转准备,,2012-11-26
99162,initial point {= IP},出发点；最初标定点,,2012-11-26
99164,initial ladders,最初阶梯射击,,2012-11-26
99166,initial ballistic correction,最初弹道修正,,2012-11-26
99169,infrasonic,声波,,2012-11-26
99170,infrastructure,固定装备,,2012-11-26
99172,informative control,情况管制,,2012-11-26
99175,influence signature,感应特征,,2012-11-26
99177,influence mine sweeping,感应扫雷,,2012-11-26
99179,influence mine,感应水雷,,2012-11-26
99181,influence field,感应场；感应力,,2012-11-26
99182,inertial guidance,飞弹；惯性导引,,2012-11-26
99186,inertia reel,惯性卷皿,,2012-11-26
99187,INDTNG,个人训练,,2012-11-26
99190,individual target plan,个别目标计划,,2012-11-26
99191,indirect tracking,间接追瞄,,2012-11-26
99192,indirect observations,间接观测,,2012-11-26
99196,indirect fire control,间接射控,,2012-11-26
99199,indirect fire,间接射击,,2012-11-26
99202,indicator gun laying,指示器瞄砲,,2012-11-26
99204,INDEFOPS,不定作战,,2012-11-26
99205,incativation; INACT,停役,,2012-11-26
99206,inactivate,编入预备役{舰艇},,2012-11-26
99207,in service training; on-the-job training {= OJT},在职训练,,2012-11-26
99211,in readiness,待扰状态,,2012-11-26
99214,in ordinary,保管状态；军舰保管,,2012-11-26
99216,in iron,顶风停船；船之滞态,,2012-11-26
99218,impulse charge,发射装药,,2012-11-26
99221,improvised resupply [= improvised early resupply],及早的再补给；尽早再补给,,2012-11-26
99222,impact pressure,冲击压力,,2012-11-26
99223,IMA,中间维护机构,,2012-11-26
99224,ILW,国际低潮面,,2012-11-26
99228,ILS,整体役勤支援,,2012-11-26
99232,illumication fire; illuminating fire,照明射击,,2012-11-26
99235,I-indicator,工型指示器{雷达},,2012-11-26
99236,IID,红外线探测,,2012-11-26
99240,IG,电子反制；倒相增益；督察长,,2012-11-26
99241,IDTS,仪表资料传送系统,,2012-11-26
99244,idler,免值夜更士兵；日班船员,,2012-11-26
99246,identification tag,识别名牌,,2012-11-26
99248,IDD,砲火指挥仪间之目标指示法中期进坞,,2012-11-26
99251,ICW,间断的等幅波,,2012-11-26
99252,ICS,[舰扰]内部通信系统,,2012-11-26
99255,ICO,国际海洋学委员会,,2012-11-26
99257,ICD,冒充通信欺骗,,2012-11-26
99259,ICBM,洲际飞弹,,2012-11-26
99260,IC Electrician {= IC},舰内通讯军士,,2012-11-26
99262,IBS,充气船{小型},,2012-11-26
99263,IAAA,积体超级航空电子学,,2012-11-26
99266,hydroplanes,水平舵{舰、鱼雷},,2012-11-26
99269,hydrophone effect {= HE},水中音响效应；听音器效应,,2012-11-26
99271,hydropac,太平洋水道紧急通告,,2012-11-26
99274,hydrographic section {beach party},海道组{海滩勤务队},,2012-11-26
99277,HYDRO SKIMMER,撇水鸟计划{气垫船实验计划},,2012-11-26
99278,HYDRO KEEL,水脊计划,,2012-11-26
99280,HYDRO,水道测量；海洋测量,,2012-11-26
99283,HXBT,直升机用；消耗性水深温度计,,2012-11-26
99285,HW,归向兵器,,2012-11-26
99286,HVT,高价值目标,,2012-11-26
99289,hunting mine,搜寻水雷,,2012-11-26
99291,hunter-killer unit,反潜猎杀队,,2012-11-26
99292,hunter-killer force {= HUK},反潜猎杀部队,,2012-11-26
99293,hunter-killer {= HUK},反潜猎杀,,2012-11-26
99296,hunter/killer operations,反潜猎杀作战,,2012-11-26
99300,hull board,舰体勘验组,,2012-11-26
99302,HTC,水翼试验艇,,2012-11-26
99303,HUKASWEX,反潜猎杀作战操演,,2012-11-26
99305,H-table,H型桌{两栖旗舰用},,2012-11-26
99307,Ht.,[标]高；表列高度{海军军语},,2012-11-26
99309,HSSC,重型三栖支援艇；海豹支援艇,,2012-11-26
99312,HSCS,直升机辅助管制舰,,2012-11-26
99314,H-scan,H型扫描{雷达},,2012-11-26
99315,hs,海军反潜作战直升机中队,,2012-11-26
99316,HREVAC,风暴回避,,2012-11-26
99317,Hpstgc,司令部；本部；指挥部,,2012-11-26
99323,Hpsc,标准罗经艏向,,2012-11-26
99325,HPO,母港；基地港口；基地航空站,,2012-11-26
99327,HPGPM,每管砲每分钟命中率,,2012-11-26
99330,Hpgc,电罗经艏向,,2012-11-26
99331,hover {submarine},静浮{潜水舰},,2012-11-26
99335,house-fall method of transfer,自拉吊送代递法,,2012-11-26
99337,house,收藏；纳入艇库；降缚,,2012-11-26
99339,hot rock,优秀份子,,2012-11-26
99340,hotline report,热线报告,,2012-11-26
99342,HOT POINT,热点{海军军语},,2012-11-26
99343,hot caseman,接壳手{砲员之一},,2012-11-26
99347,hostile ship,敌意船,,2012-11-26
99351,hosstile nonmilitary vessel category,具有敌意之非军事船只类,,2012-11-26
99353,hospital transport,医院运输舰,,2012-11-26
99355,hospital ship {= AH},医院船,,2012-11-26
99358,hospital corpsman [= hospitalman] {= HM; HN; HO},看护军士；看护兵,,2012-11-26
99360,hosing line,中栏索,,2012-11-26
99361,horsechoe screen,马蹄形屏卫,,2012-11-26
99363,horse; deck horse,滑环横杆,,2012-11-26
99365,horse mine,触角式水雷,,2012-11-26
99366,horse block,后平台,,2012-11-26
99369,horned scully,三叉铁,,2012-11-26
99371,homing torpedo,追踪鱼雷；归向鱼雷,,2012-11-26
99373,homing guidance,追踪导引；归向导引,,2012-11-26
99378,homeward bound pennant,归航长旒旗{其长度放为桅顶至舰尾之距离，在海外航行长期任务后返国时悬挂},,2012-11-26
99379,homer,归航器；归航标杆,,2012-11-26
99382,home on jammin {= HOJ},飞弹终端导引；电子乱真器归向,,2012-11-26
99384,home,追踪；归向；复位；到达极限,,2012-11-26
99386,holy moses,圣摩西斯火箭,,2012-11-26
99387,holy joe,军中牧师,,2012-11-26
99388,HOLUPK,假日保养,,2012-11-26
99392,holding attack,拘束攻击,,2012-11-26
99394,holdback,抑制机,,2012-11-26
99395,holding and reconsignment point,控制与重分配点,,2012-11-26
99396,hold down,压制,,2012-11-26
99398,hoing beacon,归航标杆,,2012-11-26
99400,HOG,重砲舰,,2012-11-26
99403,HM,直升机后勤支援中心,,2012-11-26
99404,HLSC,命中界,,2012-11-26
99406,hitting range,命中距离,,2012-11-26
99409,hitting gun range,弹著砲距,,2012-11-26
99411,hitch,结；活套结；应征募,,2012-11-26
99413,hit-and-run tacties,狙击战术；游击战术,,2012-11-26
99414,hit,命中,,2012-11-26
99417,HIPEG-high performance external gun,高效外砲,,2012-11-26
99421,hing point,高点计划{实验水翼攻潜巡逻艇计划},,2012-11-26
99422,H-indicator,H型指示器{雷达},,2012-11-26
99425,HILAST,高空广大区域监视战术,,2012-11-26
99427,highspeed transport {LPR},快速运输舰,,2012-11-26
99430,highlining,海上高线传递法,,2012-11-26
99431,high-line method of transfer,高线传递法,,2012-11-26
99433,high-and-dry,搁浅；拖在岸上{船},,2012-11-26
99435,high line,高线,,2012-11-26
99437,HIGH LANDER,高登计划{实验登陆艇计划},,2012-11-26
99438,high capacity shell,高能弹,,2012-11-26
99439,HIFR,直升机空中加油,,2012-11-26
99443,HICOM,高级指挥通信网,,2012-11-26
99445,H-hour,H时,,2012-11-26
99449,HERO,电磁放射对砲械之损害,,2012-11-26
99452,herald equipment,港防声纳设备,,2012-11-26
99453,herald,港防声纳；港防水中侦测器,,2012-11-26
99455,HELO,直升机,,2012-11-26
99457,heliotrope,日照器,,2012-11-26
99458,helling adjuster,倾角调整仪,,2012-11-26
99462,heliostat,定日镜；度日镜；日光反射镜,,2012-11-26
99463,heliograph,日光信号器,,2012-11-26
99465,heliogram,日光信号,,2012-11-26
99467,helicopter transport areas,直升机母舰区,,2012-11-26
99470,helicopter team {= heliteam},直升机装载组,,2012-11-26
99472,helicopter load,直升机装载量,,2012-11-26
99474,helicopter director,直升机指导官,,2012-11-26
99478,helicopter direction center {= HDC},直升机指导中心,,2012-11-26
99480,helicopter control ship {= HCS},直升机控制舰；直升飞机管制舰,,2012-11-26
99482,hedgehog,刺{反潜武器},,2012-11-26
99484,hecklers,诘问者,,2012-11-26
99487,heavy plaster-loaded charges,重型胶泥装填的深水炸弹,,2012-11-26
99489,heavy cruiser,重巡洋舰,,2012-11-26
99492,heavy carrier {= CVA},重航空母舰,,2012-11-26
99494,heads up,注意,,2012-11-26
99496,headquarters,司令部；指挥部,,2012-11-26
99500,heading-upward plan position indicator,艏向朝上之平面位置指示器{雷达},,2012-11-26
99504,heading upward presentation,艏向朝上指示法,,2012-11-26
99506,headers,集汽管；联箱,,2012-11-26
99509,header box,油水压平衡管,,2012-11-26
99511,head {rocket},头{火箭},,2012-11-26
99513,HE,高爆炸[砲]弹；水中音响效应,,2012-11-26
99514,HD,高阻力,,2012-11-26
99516,HCU,颁发舰船出港许可证单位,,2012-11-26
99519,HCS,直升机管制鉴,,2012-11-26
99520,HCFF,高能量泡沫喷射[器],,2012-11-26
99522,HC,高能量,,2012-11-26
99525,HBA,国内基地,,2012-11-26
99527,HAVREP,简要抵达报告,,2012-11-26
99531,HASP,高空测深弹头,,2012-11-26
99534,hash mark,役龄袖章,,2012-11-26
99535,harpoon log,鱼叉式测程仪,,2012-11-26
99537,HARP,高空研究计划；[反音响鱼雷]噪音器,,2012-11-26
99540,HARDEX,港口防御操演,,2012-11-26
99542,hard,全部或极度；硬滩头,,2012-11-26
99543,HARD,水平声距预测,,2012-11-26
99548,harbor screen {sortie or entry},港口屏卫；港湾屏卫{出港或进港},,2012-11-26
99550,harbor patrol,港口巡逻；港湾巡逻,,2012-11-26
99553,harbor entrance patrol,港口巡逻,,2012-11-26
99555,harbor entrance control post {= HECP},港口管制所；港口管制站,,2012-11-26
99557,harbor defense unit,港防队,,2012-11-26
99559,harbor defense area,港口防御区；港湾防御区,,2012-11-26
99560,harbor defense,港口防御,,2012-11-26
99564,harbor check,港口查核,,2012-11-26
99565,harassing fire,扰乱射击,,2012-11-26
99567,hangar deck,[舰上]机库甲板,,2012-11-26
99568,hangar,[舰上]飞机库,,2012-11-26
99571,hang fire,[舰砲]延发；[舰砲]延放,,2012-11-26
99573,handspike,手杆,,2012-11-26
99574,hand salute,举手礼,,2012-11-26
99578,hammer box,锤击箱{音响扫雷器},,2012-11-26
99579,halliards,挂索；旗索；帆索,,2012-11-26
99582,halfmast; halfstaff,降半旗之半旗位置,,2012-11-26
99587,HAID,人力置入水中之音响侦测仪,,2012-11-26
99589,guntub,砲圈,,2012-11-26
99592,Gunter's chain,根特氏链尺,,2012-11-26
99593,GUNSS,枪砲训练舰,,2012-11-26
99594,gunport shutter,砲门盖,,2012-11-26
99597,gunport,砲洞,,2012-11-26
99598,gunnery officer,枪砲官,,2012-11-26
99601,gunnery,枪砲学,,2012-11-26
99603,gunner's mate {= GM},枪砲军士,,2012-11-26
99605,gunner,枪砲士官长；捕鲸砲手,,2012-11-26
99607,gunifre spotting,砲火弹著观测,,2012-11-26
99609,gunfiring rates,射击率,,2012-11-26
99611,gunfire liaison,砲火联络,,2012-11-26
99613,gundeck,伪造物,,2012-11-26
99614,gunboat,砲艇,,2012-11-26
99616,gunar,电动射控系统,,2012-11-26
99618,gun train order,旋回砲令,,2012-11-26
99621,gun target {= GT},砲目标[线],,2012-11-26
99622,gun salute,礼砲,,2012-11-26
99624,gun range,射距,,2012-11-26
99626,gun house; gun mount,砲座,,2012-11-26
99629,gun firing systems,射控系统,,2012-11-26
99631,gun firing methods,舰砲射击法,,2012-11-26
99634,gun fire support groups,舰砲技援支队,,2012-11-26
99636,gun elevation order,仰角砲令,,2012-11-26
99638,gun elevation,砲仰角{砲之仰角},,2012-11-26
99640,gun drill,砲操,,2012-11-26
99641,gun deck,砲甲板,,2012-11-26
99644,gun crew,砲员,,2012-11-26
99645,gun captain,砲长,,2012-11-26
99646,gun bag,砲位急救袋,,2012-11-26
99649,gull,海鸥；电子反制；海鸥假目标,,2012-11-26
99651,guinea pig,验扫船{水雷反制用},,2012-11-26
99652,guidon,队旗,,2012-11-26
99654,guided missile frigets {= FFG},导引飞弹巡防舰,,2012-11-26
99657,guided missile destroyer {= DDG},导引飞弹驱逐舰,,2012-11-26
99660,guide,导航舰,,2012-11-26
99661,guided missile {= G/M},导引飞弹,,2012-11-26
99662,guided missile cruiser {CG; CGN},导引飞弹巡洋舰,,2012-11-26
99664,guerilla warfare,游击战,,2012-11-26
99665,guardship,警戒舰；通信值勤舰,,2012-11-26
99666,guard of the day,值日仪队,,2012-11-26
99667,guard flag,当值旗,,2012-11-26
99668,guard mail,专送邮件,,2012-11-26
99669,GTL,砲目标,,2012-11-26
99670,guard,无线电机值更,,2012-11-26
99671,GTC,燃气涡轮压缩机,,2012-11-26
99675,GT,导向发射机；火砲靶标,,2012-11-26
99677,Gt,大每日潮差,,2012-11-26
99679,G-scope,G型显示器{雷达幕},,2012-11-26
99681,G-scan,G型扫描{雷达幕},,2012-11-26
99682,group-rate marks,兵类臂章,,2012-11-26
99684,group sail {= GRUSL},舰群航行,,2012-11-26
99686,group control,小组管制；群伍控制,,2012-11-26
99687,group,飞行大队；群伍{舰或机}；字组,,2012-11-26
99690,ground zero {= GZ},地面零点爆炸车{核武器},,2012-11-26
99692,ground riverine close fire support,地面测密接式火力支援,,2012-11-26
99695,ground return,陆地回迹；地面回迹{雷达幕上},,2012-11-26
99697,ground reiverine close fire support,地面河川部队密接火力支援,,2012-11-26
99698,ground mine,沈雷,,2012-11-26
99703,ground log,浅水计程仪；触地计程仪,,2012-11-26
99705,ground interregation,地面询问,,2012-11-26
99706,ground control,地面管制,,2012-11-26
99707,ground alert,地面警戒,,2012-11-26
99712,grommet,[大]索环；军帽撑圈；眼圈；绳圈,,2012-11-26
99715,grid navigation {direction},方格航海{方向},,2012-11-26
99716,green sea,船上淡水,,2012-11-26
99717,greater underwater power propulsion {= guppy},加比型潜水舰,,2012-11-26
99721,gray propaganda,灰色宣传,,2012-11-26
99723,graveyard watch,夜半更,,2012-11-26
99726,grappling lron,钩篙,,2012-11-26
99727,grand tacties,大军战术,,2012-11-26
99729,GRADEX,评分的操演,,2012-11-26
99732,GQ,备战；战斗部署,,2012-11-26
99736,GPI,地面位置指示器,,2012-11-26
99738,GPETE,通用电子测试装备,,2012-11-26
99740,go-to-hell hat,军便帽,,2012-11-26
99741,GOP,一般前前哨,,2012-11-26
99742,gob,水兵,,2012-11-26
99745,go time,开始时间,,2012-11-26
99746,go on,要求效力射{舰砲支援},,2012-11-26
99747,go by the board,落于舷外,,2012-11-26
99751,GNPC,远洋航行及计划用海图；远洋航行及计划用航空图,,2012-11-26
99752,GMU,导引飞弹单位,,2012-11-26
99754,GMLS,导引飞弹发射系统,,2012-11-26
99756,GMF,导引飞弹设施,,2012-11-26
99759,GLO,舰砲联络官,,2012-11-26
99761,give way,开始划桨{口令},,2012-11-26
99764,give chase,追逐；追击,,2012-11-26
99766,ginger method,姜法{屏卫旋转},,2012-11-26
99767,gilhoist,小艇吊运车,,2012-11-26
99769,gig,[舰长]座艇；窄尾艇,,2012-11-26
99771,GHE,搁浅处理装备,,2012-11-26
99774,GG,导向飞弹巡洋舰,,2012-11-26
99776,GFSS,舰砲支援训练舰,,2012-11-26
99778,GFS,砲火支援,,2012-11-26
99780,GFMCS,导引飞弹射控系统,,2012-11-26
99782,GFM,政府供应之物料,,2012-11-26
99785,GFE,政府供应之装备,,2012-11-26
99787,GFCS,舰砲射控系统,,2012-11-26
99790,GEOREF,地理基准制,,2012-11-26
99792,geomagnetic electrokinetograph,地磁电动测流仪,,2012-11-26
99794,geographical plot,地理描迹,,2012-11-26
99796,geographic square seach,地理方形搜索,,2012-11-26
99799,geographic sector search,地理扇区搜索,,2012-11-26
99800,geographic search,地理搜索,,2012-11-26
99803,geodetic survey,大地测量；测地,,2012-11-26
99805,geodetic position,测地位置,,2012-11-26
99806,geodetic parallel,测地纬线,,2012-11-26
99807,geodetic meridian,测地子午线,,2012-11-26
99811,geodetic longitude,测地经度,,2012-11-26
99813,geodetic latitude,测地纬度,,2012-11-26
99814,geodetic equator,测地赤道,,2012-11-26
99817,geodetic datum,测地基准,,2012-11-26
99819,geodesy,测地学,,2012-11-26
99821,geodesic line [= geodetic line],测地线；最短[曲]线,,2012-11-26
99824,geocentric latitude,地心纬度,,2012-11-26
99826,GENSIT,一般状况,,2012-11-26
99827,GENVST,一般性参观,,2012-11-26
99830,GENNY,由海中微生物反应以测潜舰之试验计划,,2012-11-26
99833,generated target bearing {relative or true},计算之目标方位{相对方位或真方位},,2012-11-26
99834,generated ranging,自生测距,,2012-11-26
99836,generated aim,自生瞄准,,2012-11-26
99839,general unloading period,一般下卸时期,,2012-11-26
99841,general unloading,一船下卸,,2012-11-26
99843,general support {fire},一般支援{射击},,2012-11-26
99845,general quarters,战斗部署；备战,,2012-11-26
99848,general prudential rule {rules of the road},一般万用规则{海上避碰章程},,2012-11-26
99850,general orders,一般命令,,2012-11-26
99852,general operational requirement {= GOR},一般作战需求,,2012-11-26
99855,general mess,士兵伙食团；士兵台所,,2012-11-26
99857,general interpretative system of matrix operations {= GLEMO},外列式作业解答系统,,2012-11-26
99860,general degrees of readiness,一般战备等级；战备程度,,2012-11-26
99862,general bearing line {= GBL},指挥舰方位线,,2012-11-26
99864,general announcing system,广播系统,,2012-11-26
99866,general alarm,备战警报,,2012-11-26
99868,general air support,一般空中支援,,2012-11-26
99869,GEM,接地效应机,,2012-11-26
99871,GEK,海洋流速计,,2012-11-26
99874,Geiger counter,盖氏计算器{侦测辐射计},,2012-11-26
99876,gee chart,奇异航行图,,2012-11-26
99879,GE,电罗经误差；旋转仪误差,,2012-11-26
99881,GDA,砲火损害之评估,,2012-11-26
99882,gating,闸；节制,,2012-11-26
99883,gather way,始动；初动,,2012-11-26
99885,gated,导置,,2012-11-26
99887,gat,海汀；孔道,,2012-11-26
99890,gas-filled tube,充气管,,2012-11-26
99891,gas tube,含气管；流气管,,2012-11-26
99893,gas mask,防毒面具,,2012-11-26
99895,garble,不明电文,,2012-11-26
99898,gambit,佯退法,,2012-11-26
99899,G-agents,G类战剂{化学战},,2012-11-26
99900,gadget,杜撰之海员术语,,2012-11-26
99903,FXR,[反音向鱼雷]噪音器之代字,,2012-11-26
99905,FXP,舰队操演书刊之简称,,2012-11-26
99908,FWSG,舰队工作调查组,,2012-11-26
99909,FWS,舰队工作调查,,2012-11-26
99910,FWC,舰队气象中心；部队武器协调官,,2012-11-26
99913,fuze time,引信时间,,2012-11-26
99916,fuze,信管；引信,,2012-11-26
99918,functional tiaining,任务训练,,2012-11-26
99920,full salvo {torpedo control},全齐放{鱼雷管制},,2012-11-26
99922,full operational capability program,全负荷作战能力计划程式,,2012-11-26
99924,full bag,全付装备,,2012-11-26
99925,fuel ship; AO,油船,,2012-11-26
99927,FTGSVC,向舰队训练支队提供所需勤务支援,,2012-11-26
99930,FTC,假目标罐；超前时间常数；部队描迹协调官；舰队训练组,,2012-11-26
99932,FT,砲台,,2012-11-26
99934,FSS,火力支援站,,2012-11-26
99935,FSO,舰队支援作战,,2012-11-26
99937,FSMT,舰队现用水雷测,,2012-11-26
99939,FSK,频率转换键,,2012-11-26
99942,FSE,火力支援特遣分队,,2012-11-26
99944,FSCL,火力支援协调线,,2012-11-26
99947,FS,旗杆；货物补给舰,,2012-11-26
99949,front,正面；前线；锋{海洋气象},,2012-11-26
99952,frogman,蛙人,,2012-11-26
99953,frigate; DL; FE; PLG; PLGN,巡防舰,,2012-11-26
99956,FRESH 1,水翼快艇之研究,,2012-11-26
99958,FRESCANAR,三度空间雷达,,2012-11-26
99960,FREQ,频率,,2012-11-26
99962,free weapon,未用兵器{未用之武器},,2012-11-26
99966,FRAM,舰队重整与现代化计划,,2012-11-26
99967,FPB; PTF,快速巡逻艇,,2012-11-26
99969,foul ground,不良泊地,,2012-11-26
99971,foul deck,受障甲板,,2012-11-26
99972,FORWEPCON,前般兵器控制官,,2012-11-26
99974,forward defence area,前卫防御区,,2012-11-26
99976,forward area sonar research {= FASOR},前方地区声纳研究计划,,2012-11-26
99978,forward area,前方区,,2012-11-26
99980,FORTRPS,部队兵力,,2012-11-26
99982,FORSTAT,部队作战情态报告,,2012-11-26
99983,formation guide,编队响导舰,,2012-11-26
99984,formation center,编队中心,,2012-11-26
99987,formation axis,编队轴,,2012-11-26
99989,forge ahead,缓缓前进,,2012-11-26
99990,forestaff,横杆六分仪；横杆测星仪,,2012-11-26
99993,forecast sailing report {= PRESAILEDREP},航行预报,,2012-11-26
99996,force weapons coordinator {= FORWEPCORD; FWC},部队武器协调官,,2012-11-26
99998,force tabs,兵力运用表,,2012-11-26
99999,force status {= FORSTAT},部队状况报告,,2012-11-26
100001,FORAC,付诸行动,,2012-11-26
100002,FOR,部队,,2012-11-26
100004,FOP,最远存在点,,2012-11-26
100006,footling or floor-board,纵板条,,2012-11-26
100007,FOM,功能值{音距},,2012-11-26
100009,follow-up shipping,后续船团,,2012-11-26
100010,FOLS,跟随,,2012-11-26
100012,follow-up forces,后续部队,,2012-11-26
100014,follow-up echelons,后续梯次,,2012-11-26
100016,follow the target,追踪目标,,2012-11-26
100018,follow the leader,跟随领队,,2012-11-26
100020,focal area,焦点区；会聚区,,2012-11-26
100023,FOC,最远存在圈；全负荷操作能力程式,,2012-11-26
100025,foam path,航舰泡沫跑,,2012-11-26
100027,FOA,舣装修期,,2012-11-26
100029,FMS,军援售予；引信保养配件,,2012-11-26
100030,FMP,舰队革新计划,,2012-11-26
100033,flying-deck cruiser; CF,飞行甲板巡洋舰,,2012-11-26
100036,flycatcher operations,猎杀小艇作战,,2012-11-26
100038,fly control,航舰飞行管制台；航舰飞行管制室,,2012-11-26
100040,fly,旗长；旗之外端；风向标；蚊钩{拟饵钩},,2012-11-26
100041,fluxmeter,磁强表；磁通计,,2012-11-26
100043,flux gate,磁力线门,,2012-11-26
100046,FLTSTRIKEX,全员紧急打击部队演习,,2012-11-26
100048,FLTDEMO,舰队佯动,,2012-11-26
100050,FLTBCST,舰队广播,,2012-11-26
100051,FLT,舰队,,2012-11-26
100053,FLR; FLRS,前测雷达,,2012-11-26
100056,flotilla,遣队{由至少两个以上战队所编成},,2012-11-26
100058,FLOLS,福民光仪降落系统{航舰用},,2012-11-26
100061,floating smoke pot,漂浮式烟幕罐,,2012-11-26
100063,floating reserve,水上预备队；海上预备队,,2012-11-26
100066,floating dump,浮游堆积站,,2012-11-26
100068,floating base support,浮动基地支援,,2012-11-26
100071,floater net; rescue net,救生网,,2012-11-26
100073,FLIR,红外线前视侦察器,,2012-11-26
100075,flight time,飞行时间{飞机、砲弹、飞弹},,2012-11-26
100078,flight leader,飞行编队长或分队长,,2012-11-26
100079,flight deck,飞行甲板{航空母舰},,2012-11-26
100083,flight clearance,飞行许可,,2012-11-26
100086,flight,飞行编队{由航舰出动担任同一任务之飞机编组},,2012-11-26
100087,fleet-issue-loaded,舰队支付装载,,2012-11-26
100089,FLEETEX; FLTEX,舰队操演,,2012-11-26
100091,fleet signal code,舰队信号简码,,2012-11-26
100095,fleet post office {= FPO},舰队邮局,,2012-11-26
100096,fleet logistics air wing {= FLOGWING; FLAW},舰队后勤空运联队,,2012-11-26
100099,fleet guides,舰队指南,,2012-11-26
100101,fleet anchorage,舰队锚地,,2012-11-26
100103,fleet admiral,海军特级上将{五星上将},,2012-11-26
100105,fleet,投下的全部刺网总称；船队；舰队；径调；移动；变换位置,,2012-11-26
100107,FLEACT,舰队活动,,2012-11-26
100110,flat top,平顶{航空母舰之俗称},,2012-11-26
100112,flashless charges,[砲弹]无焰装药,,2012-11-26
100114,flashing,整磁；闪光[信号],,2012-11-26
100115,flash warning,紧急预告,,2012-11-26
100116,flash ranging,光测,,2012-11-26
100118,flash plate,搁键板,,2012-11-26
100122,flash message,闪急电报,,2012-11-26
100123,flash hider,灭焰罩,,2012-11-26
100125,flash burn,闪焰灼伤,,2012-11-26
100127,flaring,外开型的,,2012-11-26
100129,flareback,[锅炉]回火；砲尾焰{舰砲射击},,2012-11-26
100131,flak suppression fire,高射砲火制压射击,,2012-11-26
100132,flagstaff insignia,旗杆顶饰,,2012-11-26
100133,flagship {= FLG},旗舰,,2012-11-26
100135,flag secretary,司令秘书,,2012-11-26
100137,flag plot,旗舰描迹室,,2012-11-26
100139,flag officer,海军将官,,2012-11-26
100141,flag bridge,[舰上]司令指挥台,,2012-11-26
100143,flag alarm,旗标警号,,2012-11-26
100145,fixed zone barrage,固定区域火网,,2012-11-26
100146,fixed station patrol,定位巡逻,,2012-11-26
100148,fixed square search,固定方型搜索,,2012-11-26
100150,FIT,配备完成,,2012-11-26
100152,fist,技术；无线电电键,,2012-11-26
100156,fish,流线型天线锤；鱼雷之俗称,,2012-11-26
100157,FISH,半自动式故障分隔检查术,,2012-11-26
100159,first call,预备号,,2012-11-26
100161,FIRM,舰队介绍补充模型,,2012-11-26
100164,firing stop mechanism,射击停止机械,,2012-11-26
100165,firing range,鱼雷射距,,2012-11-26
100167,firing point,发射点,,2012-11-26
100169,firing lock,发射钥,,2012-11-26
100170,firing lag,射击迟滞,,2012-11-26
100172,firing course,射击航向,,2012-11-26
100173,FIREX; GUNEX,射击演习,,2012-11-26
100178,FIRETRAC,[飞弹]射击评分制度,,2012-11-26
100179,fires,火灾,,2012-11-26
100180,FIREBEE,空中飞靶,,2012-11-26
100182,fire thrower,喷火器,,2012-11-26
100184,fire support line,火力支援线,,2012-11-26
100187,fire support coordinator {= FSC},火力支援协调官,,2012-11-26
100188,fire support groups,火力支援支队,,2012-11-26
100190,fire support area {= FSA} {sector},火力支援区；砲火支援区{一扇区},,2012-11-26
100193,fire support  coordinator center {= FSCC},火力支援协调中心,,2012-11-26
100195,fire support,火力击援,,2012-11-26
100200,fire power umbrella,火力伞区,,2012-11-26
100203,fire party,救火班,,2012-11-26
100207,fire mission,射击任务,,2012-11-26
100209,fire distribution,火力分配,,2012-11-26
100212,fire direction center,火力指导中心,,2012-11-26
100216,fire control-problem,舰控问题,,2012-11-26
100217,fire control technician {= FT},射控士官；射控军士,,2012-11-26
100220,fire control shipoard,射控舰上,,2012-11-26
100221,fire control,射控[舰上],,2012-11-26
100223,fire and rescue party,救火与救难班,,2012-11-26
100225,FINEX,操演终止,,2012-11-26
100226,F-indicator,雷达幕F型显示仪,,2012-11-26
100228,final acceptancetrials {= FAT},最后接收试伡,,2012-11-26
100229,filter center,鉴定中心{防情},,2012-11-26
100231,filler,舰队补给装备表,,2012-11-26
100232,FILL,档案编号；军藉号码,,2012-11-26
100234,file number,功能值,,2012-11-26
100236,figure head,舰首饰；船首像；破浪神,,2012-11-26
100237,field scarg,野战围巾；军服领带,,2012-11-26
100238,field of fire,射界,,2012-11-26
100242,field change order,现场改装命令,,2012-11-26
100243,field change,现场改装箱,,2012-11-26
100244,fiddle bridge,制动索支架,,2012-11-26
100247,fictitious ship,假想船,,2012-11-26
100248,fictitious craft,假想航行器,,2012-11-26
100250,FICC,频率干扰管制中心,,2012-11-26
100251,fiber rope,纤维[绳]索,,2012-11-26
100253,FFT,待再调遣,,2012-11-26
100254,FFR,雷达哨巡防舰,,2012-11-26
100255,FFAR,握翼飞机火箭,,2012-11-26
100256,FEWSG,舰队电子作战支援组,,2012-11-26
100261,ferry trip,飞送；载运,,2012-11-26
100263,ferret,电磁探测单位,,2012-11-26
100265,fender spar,橕木,,2012-11-26
100267,fend off,推开；阻止；防止,,2012-11-26
100269,felt hat,士兵军帽,,2012-11-26
100270,feint,佯动,,2012-11-26
100272,FEI,射击误差指示器,,2012-11-26
100273,feel the way,摸索前进；探测行进,,2012-11-26
100277,FEDPOS,战备报告系统,,2012-11-26
100278,FEBA,作战地区最前线,,2012-11-26
100281,feather merchant,海军新进人员,,2012-11-26
100284,feasibility,可行性[测验],,2012-11-26
100287,FDLS,快速运动后勤舰发展计划,,2012-11-26
100288,FDL,快速运动后勤舰,,2012-11-26
100289,FCTRL,承造者最后之试验,,2012-11-26
100290,FCS,射击控制系统；砲水指挥系统,,2012-11-26
100295,FCPC,舰队电脑程式中心,,2012-11-26
100297,FCL,射击协调线,,2012-11-26
100299,FCCK,射控检查,,2012-11-26
100300,FC,砲水指挥士官；射控士官,,2012-11-26
100302,FBM,舰队弹道飞弹,,2012-11-26
100303,FAX,有无线电传真{海军军语},,2012-11-26
100306,FAWTU,全天候训练单位,,2012-11-26
100310,fault lsolation by semiautomatic techniques {= FIST},半自动式故障分隔检查术技术,,2012-11-26
100311,fathest on position circle,最大位置图,,2012-11-26
100313,fast carrier task force,快速航母特遣部队,,2012-11-26
100316,fast auutomatic shuttle transfer system {= FAST},高速自动梭传系统,,2012-11-26
100318,FAST,反卫星威胁网栅；高速自动梭传系统,,2012-11-26
100322,FASOR,前方水域声纳研究,,2012-11-26
100324,FAPUS,美国频率分配小组,,2012-11-26
100327,fanfare,标线灯；噪音器{反音响鱼雷},,2012-11-26
100329,FAMOS,舰队对人造卫星的气象观测之应用,,2012-11-26
100331,FAMEX,熟习操演,,2012-11-26
100332,false pip,假目标{雷达幕上},,2012-11-26
100336,false alert,虚警,,2012-11-26
100337,fallout shelter,落尘掩体,,2012-11-26
100339,falling short,近弹著,,2012-11-26
100341,falling over,远弹著,,2012-11-26
100343,fall out area,原子尘污染区域,,2012-11-26
100345,fall of shot,弹著点,,2012-11-26
100346,fall in at quarters,按部署集合,,2012-11-26
100348,FAIRDEX,舰队防空操演,,2012-11-26
100351,FAGTRANS,第一班可搭乘之政府海运船,,2012-11-26
100354,FAGPAC,太平洋舰队援助支队,,2012-11-26
100355,FAE,空爆燃烧弹,,2012-11-26
100356,FAGLANT,大西洋舰队援助支队,,2012-11-26
100357,fade chart,隐空图,,2012-11-26
100359,FADAP,舰队反潜作战资料分析实施计划,,2012-11-26
100360,FACS,快速攻潜级潜舰之研究,,2012-11-26
100363,FACASAF; FACSFAC,舰队空管与监视设施,,2012-11-26
100365,FAC,船队机构指挥部,,2012-11-26
100367,FAAWC,部队防空作战协调官,,2012-11-26
100369,FAAD,前方地区防空,,2012-11-26
100371,F/AD,部队单位代号,,2012-11-26
100372,FA; fireman {= FN},轮机兵,,2012-11-26
100373,F. TR,旗台；旗塔,,2012-11-26
100376,F,引信令；华氏；定装经度因素,,2012-11-26
100381,eye spotting,目视弹著修正,,2012-11-26
100382,exting,熄灭；已扑灭,,2012-11-26
100384,exterior ballistics,外弹道学,,2012-11-26
100386,extender,伸缩器{鱼雷、深水炸弹内},,2012-11-26
100389,explosive ordnance disposal unit,械弹处理小组,,2012-11-26
100390,explosive destruction,爆破消除水雷法,,2012-11-26
100394,explosimeter,量爆器；测爆仪；测爆器；爆炸气体测量器,,2012-11-26
100396,exploratory sweeping,搜扫,,2012-11-26
100398,exploratory objective,探扫目标,,2012-11-26
100400,exploratory minesweeping,水雷探扫,,2012-11-26
100402,exploitation line,滩头扩张线,,2012-11-26
100405,expendable jammer,消耗性电子乱真器,,2012-11-26
100407,expected approach time,预期进场时间,,2012-11-26
100410,expansion joint,伸缩接合；伸缩接实；伸缩接头,,2012-11-26
100411,expanding square search,扩展方形搜索；外展方型搜索,,2012-11-26
100414,expanded time base sweep,扩大时基扫线,,2012-11-26
100417,expanded time base,扩大时基,,2012-11-26
100420,EX-lo,重型攻潜鱼雷,,2012-11-26
100421,expanded sweep,增进扫描；扩展扫线；扩大扫线,,2012-11-26
100422,exhunst trail indicator {= ETI},排烟指示器{反潜飞机上},,2012-11-26
100425,EXER,演习单位,,2012-11-26
100426,executive officer [= XO],副长；副主官,,2012-11-26
100429,executive method,执行方法{信号、信文},,2012-11-26
100430,execute to follow,执行预告；候令执行,,2012-11-26
100432,EXCOMMS,长期通讯搜察,,2012-11-26
100433,execute sign,执行符号,,2012-11-26
100435,examination ship,检验舰,,2012-11-26
100436,exclusion field,排斥雷区,,2012-11-26
100438,EWOPS,实施电子作战,,2012-11-26
100439,EX,演习；操演,,2012-11-26
100441,EWO,电子作战官,,2012-11-26
100442,EWEX,电子作战操演,,2012-11-26
100444,EWCS,电子作战管制舰,,2012-11-26
100447,EW,早期预警；电子作战,,2012-11-26
100448,evasion time,回避时间,,2012-11-26
100450,evasion error,回避误差,,2012-11-26
100452,evasion,回避,,2012-11-26
100453,evasion and escape,回避及逃避,,2012-11-26
100456,evaluation project,评估鉴定计划,,2012-11-26
100458,evaion course; evasive course,回避航向,,2012-11-26
100460,evader,逃避敌捕者,,2012-11-26
100462,evacuation policy,后送政策,,2012-11-26
100465,evacuation hospital ship {AHP},伤患后送医疗舰,,2012-11-26
100467,evacuation control vessel,伤患后送管制舰,,2012-11-26
100469,ETS,轮机时间标准,,2012-11-26
100472,ETR,预定修理时间；预定回航时间,,2012-11-26
100474,ETI,预计拦截时间；排[烟]迹指示器,,2012-11-26
100476,ETE,预计在途中时间,,2012-11-26
100478,ETC,预计完成时间,,2012-11-26
100481,ET,电子士,,2012-11-26
100483,estimated time of interception {= ETI},预计拦截时间,,2012-11-26
100485,estimated position {= EP},估计船位,,2012-11-26
100486,estimated casualty rate,估计损伤率,,2015-05-26
100489,estimate ranging,估计测距,,2012-11-26
100491,estimate of the situation,状况判断,,2012-11-26
100492,ESOR,紧急远避距离,,2012-11-26
100495,ESM,电子作战支援措施,,2012-11-26
100496,escort leader,护航领队,,2012-11-26
100499,escort force commander,护航部队指挥官,,2012-11-26
100501,escort carrier {= CVE},护航航空母舰,,2012-11-26
100502,escort,护航；护航舰,,2012-11-26
100504,escape hatch,救难舱口,,2012-11-26
100507,escape and evasion operation,脱敌及回避作战,,2012-11-26
100509,E-scan,E扫瞄；E型显示幕,,2012-11-26
100512,error of the mean point of impact,平均弹著点误差,,2012-11-26
100513,ERASE,电磁波辐射来源消除,,2012-11-26
100517,ERA,长程反潜火箭,,2012-11-26
100519,equivalent service rounds {= ESR},等效实弹数{计算膛蚀用},,2012-11-26
100520,equi-time point,等时点,,2012-11-26
100523,equisignal zone,等信号区,,2012-11-26
100524,equipage,船装,,2012-11-26
100526,EPP,紧急电源包,,2012-11-26
100528,EPI,轮机效能指示器,,2012-11-26
100530,EPA,估计位置弧,,2012-11-26
100532,EODU,械弹处理区队,,2012-11-26
100534,EOD,械弹处理,,2012-11-26
100535,EOCG,械弹处理大队,,2012-11-26
100538,EOB,电子作战序列,,2012-11-26
100539,envelopment,包围,,2012-11-26
100541,entry plan,进港计划,,2012-11-26
100544,entrapment triangle,陷井三角形,,2012-11-26
100545,ensign,海军少尉；国旗；船籍旗,,2012-11-26
100549,ENRSVC,对途中之指挥单位提供服务,,2012-11-26
100551,ENRAT,进港时间,,2012-11-26
100552,ENR,在途中；取运,,2012-11-26
100553,enlisted man,战士；士兵,,2012-11-26
100555,ENGSS,轮机训练舰,,2012-11-26
100557,engineman {= EN},油机士官,,2012-11-26
100560,engineering casualty control book,轮机故障处理手册,,2012-11-26
100562,enemy capabilities,敌军能力；敌之可能行动,,2012-11-26
100564,endurance time,耐航时间；续船时间,,2012-11-26
100567,endurance speed,耐航速率；续航速率,,2012-11-26
100569,endurance distance,耐航距离；续航距离,,2012-11-26
100571,endurance,耐航力；续航力；持久,,2012-11-26
100573,endless tangent screw sextant,无限切螺六分仪,,2012-11-26
100574,endless tangent screw,无限切螺,,2012-11-26
100577,endless chain patrol,连环巡逻,,2012-11-26
100579,endilade fire,纵射火力,,2012-11-26
100580,end link,尾环；链端环；链末环,,2012-11-26
100582,end for end,首尾颠倒换索；换锁调换；倒置,,2012-11-26
100585,end dip station,停止空吊声纳搜查位置,,2012-11-26
100586,encypt,译密,,2012-11-26
100588,encode,密语；译成密码,,2012-11-26
100589,encipher,加密,,2012-11-26
100592,enchanced radiation,增强放射,,2012-11-26
100594,encapsulted torpedo,囊荚鱼雷,,2012-11-26
100596,EMR,电磁波辐射；执行管理复查,,2012-11-26
100599,EMPSKED,使用计划{舰艇或其他},,2012-11-26
100600,employment schedule,舰[机]运用计划,,2012-11-26
100601,EMP,电磁脉波现象,,2012-11-26
100604,emission control orders {= EMCON orders},电子发射管制命令,,2012-11-26
100605,EMID,电磁波侵入之侦测,,2012-11-26
100607,EMI,电磁干扰,,2012-11-26
100609,emergency turn,紧急回转,,2012-11-26
100610,emergency track,紧急追瞄[法],,2012-11-26
100613,emergency radio,紧急无线电,,2012-11-26
100615,emergency phase,紧急阶段；紧急状态；紧急时期；紧急变象,,2012-11-26
100616,emergency landing  carrier,紧急降落航舰,,2012-11-26
100619,emergency dispersal base,紧急疏散基地,,2012-11-26
100621,EMCON,电子发射管制,,2012-11-26
100622,EMBO,装载命令；装载军官,,2012-11-26
100624,embarkation unit,装载区队,,2012-11-26
100626,embarkation team,装载组,,2012-11-26
100628,embarkation schedule,搭载时程表,,2012-11-26
100629,embarkation plans; loading plan,装载计划,,2012-11-26
100631,embarkation phase,装载阶段,,2012-11-26
100633,embarkation order,装载命令,,2012-11-26
100636,embarkation officers {= EMBO},装载军官,,2012-11-26
100638,embarkation group,装载支队,,2012-11-26
100640,embarkation element,装载分队,,2012-11-26
100641,ELSEC,电子安全,,2012-11-26
100643,ELINT,电子情报,,2012-11-26
100644,ELF,极低频率,,2012-11-26
100645,ELEX,电子操演,,2012-11-26
100650,elevation pressure,现场标高气压；机场标高气压,,2012-11-26
100652,elevation ladders,仰角阶梯射击,,2012-11-26
100653,electronic warfare,电子作战,,2012-11-26
100654,electronic terms,电子术语,,2012-11-26
100657,electronic tactical deception,电子战术欺骗,,2012-11-26
100659,electronic jammer,电子乱真器,,2012-11-26
100661,electronic intercept,电子拦截；电子截收,,2012-11-26
100663,electronic deception,电子欺骗,,2012-11-26
100666,electronic countermeasures {= ECM},电子反制措施,,2012-11-26
100669,electronic counter-countermeasures {= ECCM},电子反反制措施,,2012-11-26
100671,electrode field,电极磁场,,2012-11-26
100672,electrician's mate {= EM},电机士官,,2012-11-26
100673,electric firing,电力发射,,2012-11-26
100675,EIC,装备识别代码,,2012-11-26
100676,electonic camouflage,电子伪装涂料,,2012-11-26
100678,EFTO,仅供发报之密译,,2012-11-26
100680,effective target length,有效目标长度,,2012-11-26
100682,effective sonar range,有效声纳距离,,2012-11-26
100683,EED,电子爆破装置,,2012-11-26
100685,EDP,电子资料处理,,2012-11-26
100688,EDO; EOOW; officer-of-the-watch,轮机值更官,,2012-11-26
100689,ED,轮机专职之略字,,2012-11-26
100691,ECMTNG,电子反制训练,,2012-11-26
100693,ECMEX,电子反制操演,,2012-11-26
100695,ECM and radar frequency,雷子反制与雷达频率,,2012-11-26
100697,echelonment of shipping,船运梯次,,2012-11-26
100699,echelon,指挥阶层；梯队,,2012-11-26
100701,eccentric circular screen,偏心圆形屏卫,,2012-11-26
100703,ECC,轮机损害管制,,2012-11-26
100704,ECAL,装备校正,,2012-11-26
100705,EC,接战管制官,,2012-11-26
100710,EB,过早爆炸,,2012-11-26
100712,early warning station,预警台；报警台,,2012-11-26
100713,early warning radar,早期预警雷达,,2012-11-26
100715,EARLY SPRING; skipper,舰长,,2012-11-26
100716,early attack,早期攻击,,2012-11-26
100718,EAP,紧急行动程序,,2012-11-26
100719,EAM,紧急行动信文,,2012-11-26
100721,EAG,试射舰,,2012-11-26
100722,E link,E形镇环,,2012-11-26
100725,E award,[同型舰竞赛]E字奖{绩优奖},,2012-11-26
100728,dust or dawn alert,黄昏或拂晓警戒,,2012-11-26
100730,dusk alert,黄昏警戒,,2012-11-26
100732,dunking; dunked,飞坠声纳,,2012-11-26
100734,dummy track,模拟追描,,2012-11-26
100735,dummy mine,假水雷,,2012-11-26
100738,dummy message,假电报,,2012-11-26
100739,dumbo,搜索救难机,,2012-11-26
100742,dukw ,两吨半两栖载重车{读如 Duck},,2012-11-26
100744,dud,未爆弹,,2012-11-26
100745,DUC,资料使用中心,,2012-11-26
100748,dual-purpose battery,高平两用砲组,,2012-11-26
100751,DSRV,深潜救难载具,,2012-11-26
100753,DSOT,系统操作性能每日测试,,2012-11-26
100755,DSCS,国防卫星通讯系统,,2012-11-26
100757,DSC,国防船运会,,2012-11-26
100759,dry run,预演,,2012-11-26
100761,drop zone,空投区,,2012-11-26
100763,drop ladders,递减式阶梯射击,,2012-11-26
100765,drone-anti-submarine helicopter {= DASH},遥控反潜无人直升机,,2012-11-26
100766,drone,遥控飞机,,2012-11-26
100768,drill mine,操演水雷,,2012-11-26
100770,drifting mine; floating mine,漂雷,,2012-11-26
100772,drift sight,偏航瞄准,,2012-11-26
100774,dressing ship,舰饰,,2012-11-26
100777,dress {right or left},看齐{向左或向右},,2012-11-26
100778,downgrade,降低保密等级,,2012-11-26
100780,DOUCHE,水中接触报告快而准,,2012-11-26
100783,doubtful non-military vessel category,可疑非军事船类别,,2012-11-26
100787,doubling,回航,,2012-11-26
100788,double sector screen,重扇型屏卫,,2012-11-26
100790,double line crossover patrol,双越线巡逻,,2012-11-26
100792,double dip time,双搜索时,,2012-11-26
100794,dot,短号；点；短闪,,2012-11-26
100796,dory,平底艇；平底尖头小渔船,,2012-11-26
100799,DOLPHIN,海豚训练弹；系缆桩,,2012-11-26
100801,DNBI,疾病及非战伤,,2012-11-26
100803,DMZ,非军事区,,2012-11-26
100806,DMS,高速扫雷舰,,2012-11-26
100808,DM,布雷驱逐舰；绘图士官,,2012-11-26
100810,DLGN,核子导引飞弹驱逐领导舰,,2012-11-26
100811,DLG,导引飞弹驱逐领导舰,,2012-11-26
100813,DL,驱逐领导舰,,2012-11-26
100815,DK,出纳文书士官,,2012-11-26
100818,DIW,舰船在水上静上不动,,2012-11-26
100819,division police petty officer,队警卫士官,,2012-11-26
100822,division parade,各队集合场,,2012-11-26
100824,division officer's guide,队长手册,,2012-11-26
100825,division officer,队长,,2012-11-26
100827,division guide,分队向导舰,,2012-11-26
100829,division commander,战队长；分队长,,2012-11-26
100831,division book,队长纪录,,2012-11-26
100834,diving trim,下潜倾度,,2012-11-26
100836,diving rudders,升降舵；横舵,,2012-11-26
100837,diving planes {bow and stern},潜鳍板{艏与艉},,2012-11-26
100839,diving message,下潜信文,,2012-11-26
100842,divided fire,分火[射击],,2012-11-26
100844,divided battery control,分段舰砲管制,,2012-11-26
100846,diverting authority,变更航路权责机构{航运管制},,2012-11-26
100848,diversionary landing,牵制登陆,,2012-11-26
100849,diversionary depth change pattern,牵制性深水炸弹群,,2012-11-26
100853,diversionary attack,牵制攻击,,2012-11-26
100855,diversion order {= DIVERTORD},航行变更命令,,2012-11-26
100856,divergent spread,分离散布,,2012-11-26
100859,ditty-bag,士兵；小衣袋；杂物袋；杂物盒,,2012-11-26
100861,ditch post mission,紧迫就位任务,,2012-11-26
100864,distributing point,分发点,,2012-11-26
100865,distracting pattern,威胁性弹群,,2012-11-26
100871,distance support operations; distant support operations,远距支援作战,,2012-11-26
100872,distance measuring equipment,量距离；量距装置,,2012-11-26
100874,disposition of lights,灯标部署；灯光布置,,2012-11-26
100875,disposition,部署；序列,,2012-11-26
100878,dispersed movement pattern,小艇扩散队形,,2012-11-26
100881,dispersed battery control,分散式舰砲管制,,2012-11-26
100883,dismast,折断或卸去船桅,,2012-11-26
100885,disengage,脱离战斗,,2012-11-26
100886,disaster augmentation supply block,医用救灾补充供应箱,,2012-11-26
100890,director elevation {= Eb},指挥仪仰角,,2012-11-26
100891,director {gun},砲火指挥仪,,2012-11-26
100892,directional homing,定向归位；定向归航,,2012-11-26
100893,direction finding {= DF; DF-ing},测向,,2012-11-26
100897,direction finder bearing indicator,测向仪方位指示器,,2012-11-26
100898,direct tacking,直接追描,,2012-11-26
100899,direct support fire,直接支援射击,,2012-11-26
100903,direct spotting,直接弹著修正法,,2012-11-26
100905,direct fire control,直接射控,,2012-11-26
100907,direct fire,直接射击,,2012-11-26
100909,direct approach,直接接近法,,2012-11-26
100912,direct air support center {= DASC},直接空中支援中心,,2012-11-26
100913,dipping sonar,直升机；悬吊式声纳,,2012-11-26
100915,dip moored mine,[倾斜下降量]系留水雷,,2012-11-26
100916,dingy,军舰小舢舨,,2012-11-26
100918,dinette,潜水舰之餐厅,,2012-11-26
100921,DIMUS,声纳信号处理装备,,2012-11-26
100922,differential gain control,微差增益控制钮,,2012-11-26
100924,DICBM,分散弹道洲际弹道飞弹,,2012-11-26
100927,DICAS,方向性指挥启动声纳浮标系统,,2012-11-26
100928,DIC,资料输入机,,2012-11-26
100929,diamond formation,菱形编队,,2012-11-26
100930,DIAL-X,北极星潜舰舰内通信系统,,2012-11-26
100933,"diagram {beach, boat, deployment, landing etc.}",位置图{滩头},,2012-11-26
100935,DI,弹著偏差修正,,2012-11-26
100937,DGBC,数据弹道计算机,,2012-11-26
100939,DG,消磁；方向性旋回仪,,2012-11-26
100941,DEW,远距离早期警报,,2012-11-26
100943,development of the objective,目标之扩展,,2012-11-26
100945,detection run,侦察航行；侦察习会,,2012-11-26
100947,detection range; scouting distance,侦察距离,,2012-11-26
100949,detection circle,侦知圈,,2012-11-26
100951,detachment,分遣队,,2012-11-26
100952,DET,派遣；分遣队；设计研判测定,,2012-11-26
100953,DESUBEX,驱逐舰与潜舰协同反潜操演,,2012-11-26
100956,destructor,破坏装置,,2012-11-26
100958,destructive pattern,毁灭性弹群,,2012-11-26
100959,destructive depth charge pattern,摧毁性深水炸弹弹群,,2012-11-26
100963,destruction fire; destructive fire,摧毁射击,,2012-11-26
100966,destruction area,[防空作战]毁灭区,,2012-11-26
100967,destroyer screening line,驱逐舰屏卫线,,2012-11-26
100970,destroyer escort {= DE},护航驱逐舰,,2012-11-26
100972,destroyer {= DD},驱逐舰,,2012-11-26
100974,destination change {= DESCHA},目的地之变更,,2012-11-26
100976,DESS,驱逐舰训练舰,,2012-11-26
100977,desing,指令旗,,2012-11-26
100980,designated unit,指定单位,,2012-11-26
100981,designated ship,指定舰,,2012-11-26
100983,DESAC,驱逐舰声纳分析中心,,2012-11-26
100987,DERI,深水电动研究调查,,2012-11-26
100988,DER,雷达哨戒护航驱逐舰,,2012-11-26
100991,depth finder; sounder,测深仪,,2012-11-26
100992,depth charge pattern,深水炸弹群,,2012-11-26
100994,depth charge arbor,深水炸弹托运板,,2012-11-26
100996,depth bombs,空投深水炸弹,,2012-11-26
100999,depot maintenance,厂所保养,,2012-11-26
101002,deployment reporting system {= DEPREP},实力部署运用报告系统,,2012-11-26
101003,deployment plan,展开计划；实力运用计划,,2012-11-26
101006,deployment,展开运动；实力运用,,2012-11-26
101009,DEPLOY,业已展开；已作布置,,2012-11-26
101010,deploy,展开；布署,,2012-11-26
101013,DEPLOC,每日估计船位,,2012-11-26
101015,DEPCRU,运输舰上眷属日间巡逻,,2012-11-26
101017,departure point,出航点；出发点；接敌发起点,,2012-11-26
101018,dense sonar sweep,密集声纳扫测法,,2012-11-26
101022,denial measures,抵制措施,,2012-11-26
101023,demonstration,佯动；佯攻；表演,,2012-11-26
101025,demonstraion group {force},佯攻支队{部队},,2012-11-26
101029,DEMON,反潜作战信号处理器,,2012-11-26
101031,DEMO,佯攻；表演,,2012-11-26
101034,demagnetize,除磁法磁,,2012-11-26
101036,DELREP,延迟报到,,2012-11-26
101037,DELTIC,延线时缩,,2012-11-26
101039,delivery groups,发交代字,,2012-11-26
101041,deliberate fire,减速射击；减速缓射,,2012-11-26
101044,deliberate attack,从容攻击,,2012-11-26
101046,deliberate antisubmarine attack,从容反潜攻击法,,2012-11-26
101048,delayed-rising mine,延迟上浮水雷,,2012-11-26
101050,delayed time base sweep,延迟时基扫描,,2012-11-26
101052,delayed arming mechanism,延迟备炸装置,,2012-11-26
101054,delay fuze,延时引信；延期引信,,2012-11-26
101055,DEGSVC,提供消磁作业,,2012-11-26
101059,DEG,导向飞弹护航驱逐舰,,2012-11-26
101061,DEFPSUM,每日预计船位要报,,2012-11-26
101063,deflection ladders,偏差阶梯射击,,2012-11-26
101064,defiladed area,掩蔽区,,2012-11-26
101067,defilade fire,掩蔽射击,,2012-11-26
101069,deferred,无线电通信优先等级,,2012-11-26
101071,defensive-offensive,防御攻势,,2012-11-26
101072,defensive minefields; defensive mining; protective minefields,防御性雷区,,2012-11-26
101076,defense shipping authority {= DSA},国防船运机构,,2012-11-26
101080,defense perimeter,防御周界,,2012-11-26
101081,defense mine plan,水雷防御计划,,2012-11-26
101084,defencisve sea area,海上防御区,,2012-11-26
101086,defecsive coastal area,海岸防御区,,2012-11-26
101087,DEFCON,防御战备情况,,2012-11-26
101088,DEER,定向爆立测距仪,,2012-11-26
101092,deep support fire,纵深支援射击；纵深支援火力,,2012-11-26
101093,deep jeep,深水吉甫,,2012-11-26
101095,deep creep attack,深水潜行攻潜,,2012-11-26
101100,decoy ship {Q-ship},伪装商船{Q型船},,2012-11-26
101101,decoy {simulating beacon},诱标{伪标杆},,2012-11-26
101105,decode,破码,,2012-11-26
101106,DECOMM,除役[日期],,2012-11-26
101107,DECM,防御性电子反制措施,,2012-11-26
101108,declassify,销密,,2012-11-26
101111,declared speed,宣布速率,,2012-11-26
101112,deck load strike,甲板容量攻击,,2012-11-26
101114,deck hand,舱面兵；水手,,2012-11-26
101115,decipher; decrypt,解密,,2012-11-26
101118,deception group,欺敌友队,,2012-11-26
101120,DEC,控制护航驱逐舰,,2012-11-26
101123,debarkation station,换乘站,,2012-11-26
101124,debarkation schedule,换乘计划表；下卸预定表,,2012-11-26
101125,deaden the way,使船缓进,,2012-11-26
101127,dead time,羁时,,2012-11-26
101129,dead space,死界；死区；跳越地区,,2012-11-26
101131,DDV,深海潜水器,,2012-11-26
101133,DDSUBEX,驱逐舰与潜水舰协同演习,,2012-11-26
101135,DDR,雷达哨戒驱逐舰,,2012-11-26
101137,DDK,猎杀驱逐舰,,2012-11-26
101139,DDE,反潜；驱逐舰,,2012-11-26
101141,DDC,驱逐砲舰,,2012-11-26
101142,D-day,D日,,2012-11-26
101145,DCS,国防通信系统,,2012-11-26
101148,DC,损害管制士官；港内损害管制损管助理,,2012-11-26
101149,days of supply,补给日份,,2012-11-26
101150,day action,昼间战斗,,2012-11-26
101154,dawn alert,拂晓警戒,,2012-11-26
101156,data readout,资料读出部,,2012-11-26
101157,data processing equipment {= DPE},资料处理装备,,2012-11-26
101161,data link reference point {= DLRP},资料交连基准点,,2012-11-26
101162,data display equipment,资料显示装备,,2012-11-26
101163,data communications,资料通信,,2012-11-26
101166,DASTARD,驱逐舰活动性排列式；反潜侦测仪,,2012-11-26
101167,darken ship,灯火管制,,2012-11-26
101168,DARK FENCE,暗栅,,2012-11-26
101169,dapac,太平洋中之危险区域,,2012-11-26
101170,dan layers,布标舰,,2012-11-26
101174,dan,水雷作战布标,,2012-11-26
101176,damping error,消减误差,,2012-11-26
101177,damage controlman {= DC},损害管制士官,,2012-11-26
101181,damage control book,损害管制书,,2012-11-26
101182,damage control bills,损害管制表,,2012-11-26
101184,damage assessment,损害鉴定,,2012-11-26
101187,daily movement summary {= MOVSUM},每日动态摘要,,2012-11-26
101189,daily estimated postion summary {= DEPSUM},每日预定船位摘要,,2012-11-26
101192,DADAC,数字式至类比式甲板角电子换算机,,2012-11-26
101195,DAC,指挥仪；指挥器,,2012-11-26
101197,DA,密度高度；偏流角{砲}；偏航角{空}；偏航,,2012-11-26
101198,D,已毁灭；消灭；自差；倾角；俯角；距离,,2012-11-26
101201,CWO,通信值更官,,2012-11-26
101202,CZ,汇集区,,2012-11-26
101203,CW,无线电报；化学战,,2012-11-26
101206,CVW,海军攻击航舰航空联队,,2012-11-26
101208,CVU,通用航空母舰,,2012-11-26
101210,CVT,训练航空母舰；可控制变时引信,,2012-11-26
101212,CVS,反潜/支援航空母舰,,2012-11-26
101214,CVHE,护航直升机航空母舰,,2012-11-26
101218,CVHA,突击直升机航空母舰,,2012-11-26
101220,CVAN,核子攻击航空母舰,,2012-11-26
101222,CV,战术反潜航空母舰；航空舰,,2012-11-26
101225,CUWTF,非传统作战联合特遣部队,,2012-11-26
101227,CUTWATER,非音响反潜作战侦测研究,,2012-11-26
101229,cutter,尾划艇；单桅帆船；舰船舢舨；系留雷割力,,2012-11-26
101232,cut-of-the-jib,船之外表,,2012-11-26
101233,customs of the service,军中习俗,,2012-11-26
101235,custodian,机密文件保管官,,2012-11-26
101238,curved fire,曲线发射,,2012-11-26
101239,CURTS,无线电发射探测,,2012-11-26
101240,cursor,游标；方位示线,,2012-11-26
101241,current ship's maintenance project {= CSMP},舰艇经常保养计划,,2012-11-26
101243,CUP,砲塔顶；圆屋顶,,2012-11-26
101245,cul-de-sac,死港；海口；盲导；穷港,,2012-11-26
101246,CUE-CAP,辫帽,,2012-11-26
101248,cub base unit,小型基地单位,,2012-11-26
101250,cub base,小型基地,,2012-11-26
101252,CTU,特遣区队指挥官,,2012-11-26
101253,CTG,特遣支队指挥官,,2012-11-26
101255,CTF,特遣部队指挥官,,2012-11-26
101256,CTE,特遣分队指挥官,,2012-11-26
101258,CTB,海岸鱼雷快艇,,2012-11-26
101260,Ct,目标航向,,2012-11-26
101263,CSS,战斗支援舰；美国南部联邦舰船,,2012-11-26
101265,CSR,卫星中继通讯；伡轴转速,,2012-11-26
101266,CSPM,通讯保密书籍备忘录,,2012-11-26
101269,CSP,通讯保密书刊,,2012-11-26
101272,CSED,协同舰艇电子装备,,2012-11-26
101273,CSDS,指挥舰资料系统,,2012-11-26
101274,CSC,海岸侦察中心,,2012-11-26
101278,CS,侦察巡洋舰；特勤部队、特种勤务、通信站；食勤士官,,2012-11-26
101281,crystal-balling,海上预补程序,,2012-11-26
101282,cryptographer,译电员,,2012-11-26
101286,cryptogram,密码文件,,2012-11-26
101287,cryptochannel,译电系统,,2012-11-26
101288,cryptocenter,译电中心,,2012-11-26
101292,cryptanalysis,破密,,2012-11-26
101293,cruising instruction,巡航训令,,2012-11-26
101296,cruising formation and disposition,巡航编队与序列,,2012-11-26
101298,cruiser,巡洋舰,,2012-11-26
101302,cruise control,巡航管制,,2012-11-26
101303,CRU,巡航；航次,,2012-11-26
101304,crow,[美]海军士官科别臂章物,,2012-11-26
101308,crossover zone,高掩区,,2012-11-26
101309,crossover patrol,越线巡逻[法],,2012-11-26
101310,crossing the target,横过目标,,2012-11-26
101311,crossing the T,T型战术,,2012-11-26
101315,cross signal,销答船笛,,2012-11-26
101318,critical zone,危险区,,2012-11-26
101320,critical material,急需物质,,2012-11-26
101321,critical defect,严重缺点,,2012-11-26
101325,critical altitude,临界高度,,2012-11-26
101327,creeping zone barrage,蠕行区域火网；渐近火网,,2012-11-26
101329,creeping attck,潜行攻击法,,2012-11-26
101331,CRATT,保密式无线电电传打字,,2012-11-26
101332,CRA,指挥关系协议,,2012-11-26
101333,CRAMSHIP,整体砲弹船运,,2012-11-26
101336,CPX,指挥所或纸上演习,,2012-11-26
101339,CPO,海军上士,,2012-11-26
101340,CPIC,海岸巡逻及拦截艇,,2012-11-26
101341,CPgc; gyrocompass course {= GC},电罗经航向,,2012-11-26
101345,CPC,海岸巡逻艇,,2012-11-26
101347,CP,指挥所；管制点,,2012-11-26
101349,coxswin's box,艇长座,,2012-11-26
101351,coxswain,小艇长；舵手,,2012-11-26
101353,COWLEX,寒带登陆操演,,2012-11-26
101355,COWEAEX,寒训,,2012-11-26
101356,covert,秘密；隐密,,2012-11-26
101357,covering force,掩护部队,,2012-11-26
101358,covering fire,掩护火力；掩护射击,,2012-11-26
101359,coverage factor,涵盖因素,,2012-11-26
101363,coverage,掩护；掩蔽；涵盖范围；涵盖区,,2012-11-26
101364,course of action,行动方案,,2012-11-26
101365,counterpreparation fire,反攻击准备射击,,2012-11-26
101366,counter-offensive,反攻,,2012-11-26
101371,countermining distance,诱发距离,,2012-11-26
101372,countermining,诱发；反雷措施,,2012-11-26
101374,countermine,炸雷,,2012-11-26
101377,countermeasures {= CM},反制措施,,2012-11-26
101378,counterintelligence,反情报,,2012-11-26
101379,countered minefield,公开雷区；可反制雷区；反扫雷区,,2012-11-26
101380,countered and uncountered fields,可予反制雷区与不予反制雷区,,2012-11-26
101384,counterbattery fire,反岸砲射击；反砲战射击；反砲战火力,,2012-11-26
101387,counter reconnaissance,反侦察,,2012-11-26
101388,counter flood,平衡注水；平衡充水；反进水措施,,2012-11-26
101391,counter counter measure {= CCM},反反制[措施],,2012-11-26
101394,counter attack,逆袭,,2012-11-26
101396,counter air operations center {= CAOC},防空中心；反空战中心,,2012-11-26
101398,COTP,舰长战术测绘室,,2012-11-26
101400,coston signals,有色烟火信号,,2012-11-26
101403,COSRO,仅接收锥形扫描{飞弹归向多式之一},,2012-11-26
101405,COSRIVERON; CRS,近岸内河中队,,2012-11-26
101406,cosmic radio waves,宇宙无线电波,,2012-11-26
101409,COSAL,统一配赋表；固定配赋表,,2012-11-26
101410,correct angle of lead,正导角,,2012-11-26
101413,corpen,转向{多指同时转},,2012-11-26
101415,COREX,协同电子反制操演,,2012-11-26
101416,COP,海岸外点,,2012-11-26
101418,coordinator mission,任务协调官；任务协调员,,2012-11-26
101420,coordination zones,协调区,,2012-11-26
101421,coordination with,与…协调,,2012-11-26
101422,coordination control,协同管制；协调管制,,2012-11-26
101423,coordination,协同,,2012-11-26
101429,coordinated attack,协同攻击,,2012-11-26
101430,coordinated sea/air plans,海空协同计划,,2012-11-26
101433,coordinated anti-submarine warfare operations; coordinated ASW operations,协同反潜作战,,2012-11-26
101435,coordinated antisubmarine training {= CAST},协同反潜作战与训练,,2012-11-26
101439,cook-off,膛内爆,,2012-11-26
101441,CONVWEP LOADEX,传统性武器装填操演,,2012-11-26
101443,convoy speed,船队航速,,2012-11-26
101444,convoy short title,船队代号,,2012-11-26
101447,convoy routing instruction,船队航道训令；船队航路训令,,2012-11-26
101448,convoy routing,船队航线,,2012-11-26
101451,convoy loading,船队装载法,,2012-11-26
101454,convoy escort,船团护航；船队护航舰艇,,2012-11-26
101457,convoy dispersal point,船队解散点；船团解散点,,2012-11-26
101459,convoy commodore,船队司令,,2012-11-26
101460,CONVEX,船队操演,,2012-11-26
101461,CONVERSIONEX,接触转换操演,,2012-11-26
101464,conversion,改装,,2012-11-26
101467,CONV,传统性的改装船队,,2012-11-26
101469,controlling depth,限制水深；临界深度,,2012-11-26
101470,controlling agency,管制单位,,2012-11-26
101471,controlled time of arrival,控制到达时间,,2012-11-26
101475,controlled port,管制港口,,2012-11-26
101477,controlled net,管制通信网,,2012-11-26
101478,controlled mine defense,管制水雷防御,,2012-11-26
101481,controlled mine,管制水雷,,2012-11-26
101483,controlled map,精密水准图{受管制},,2012-11-26
101485,controlled item,管制品,,2012-11-26
101487,controlled firing area,管制射击区,,2012-11-26
101488,controlled devices countermeasures {ROCCM},控制兵器之反制；可控制之装具反制措施,,2012-11-26
101490,controlled airspace,管制空域,,2012-11-26
101492,controllability,操纵性,,2012-11-26
101494,control zone,管制地带；管制区,,2012-11-26
101495,control vessel,控制舰,,2012-11-26
101497,control tower,控制塔；管制塔；塔台,,2012-11-26
101499,control surface,操纵面,,2012-11-26
101501,control point,管制点；控制点；基点,,2012-11-26
101503,control plane,控制机,,2012-11-26
101507,control of fire,射击控制；射击管制,,2012-11-26
101508,control of electromagnetic radiations {= CONELARAD},电磁发射管制,,2012-11-26
101510,control management,业务管制,,2012-11-26
101513,control group,控制组；控制支队,,2012-11-26
101517,control escort vessel; DEC; PCEC,护航控制舰,,2012-11-26
101518,control designation,管训指示,,2012-11-26
113520,control ballistic correction,弹道修正量,,2012-11-26
168440,control area,管制区[域],,2012-11-26
168443,control {= CON},管制,,2012-11-26
168444,contral control ship {= CCS},中央控制舰,,2012-11-26
168445,continuous ranging,追测,,2012-11-26
168449,continuous manual aim,连续性人工瞄准,,2012-11-26
168451,continuous ladders,连续阶梯射击,,2012-11-26
168453,continuous fire,连续射击,,2012-11-26
168456,continuous automatic aim,连续性自动追瞄,,2012-11-26
168458,continuous aim; continuous gun laying,连续追瞄,,2012-11-26
168459,continuous aided aim,连续性有辅助之瞄准,,2012-11-26
168462,contingent zone of fire,临机火制地区,,2012-11-26
168465,contingency operations plans report {= COPS},应变作战计划报告,,2012-11-26
168467,continental naval base,本土海军基地,,2012-11-26
168469,conter for naval analysis {= CAN},海军分析中心,,2012-11-26
168472,contact scouting,接敌侦察,,2012-11-26
168474,contact report,接触报告,,2012-11-26
168476,contact information,接敌情报,,2012-11-26
168477,contact mine,触发水雷,,2012-11-26
168480,contact area commander {= CAC},接触区指挥官,,2012-11-26
168481,constant helm plan,固定舵角计划,,2012-11-26
168482,contact area,接触区,,2012-11-26
168484,consolidation phase,两栖作战；巩固阶段,,2012-11-26
168485,consolidation of oilers,油轮并装,,2012-11-26
168489,consolidated operability test {= COT},整体性能试验,,2012-11-26
168491,CONSOLEX,统合演习；货物保装演习,,2012-11-26
168492,CONSOL,巩固运补舰间货物并装；石油、燃油、滑油之并装,,2012-11-26
168496,consecutive number,海图编号,,2012-11-26
168498,CONREP,连接再补给；接触报告,,2012-11-26
168502,conning tower,指挥塔,,2012-11-26
168504,conning officer,指挥官,,2012-11-26
168506,confusion reflectors,扰乱反射体；扰乱反射器,,2012-11-26
168508,confidential,机密,,2012-11-26
168509,cone of silence,锥形静寂区,,2012-11-26
168512,conduct of war,作战指导；作战实施,,2012-11-26
168514,conduct of fire,执引射击,,2012-11-26
168518,conditions of readiness,战备状况；备便状况,,2012-11-26
168520,condition watch,战备值更,,2012-11-26
168522,condition Ⅳ operational program,四级战备计划,,2012-11-26
168526,concurrent planning,同时计划作为,,2012-11-26
168527,concurrent evaluation,同时研判,,2012-11-26
168529,concept of operations,作战构想；作战概念,,2012-11-26
168532,concentric circular screen,同心圆形屏卫,,2012-11-26
168533,concentration area,集中地区,,2012-11-26
168535,concentrated movement pattern,集中之运动方式,,2012-11-26
168537,concentrated fire [= massing of fire],集中射击；集火射击,,2012-11-26
168540,concentrate attack,集中攻击,,2012-11-26
168542,concealment,隐蔽,,2012-11-26
168543,CONALOG,潜舰电视导航,,2012-11-26
168545,COMTAC,战术指挥部通信及战术,,2012-11-26
168546,COMSTATRPT,通信状况报告,,2012-11-26
168549,ComServRon,后勤战队长,,2012-11-26
168551,COMSENEX,联合侦测器进踪操演,,2012-11-26
168552,COMSEC,通讯安全；社区安全,,2012-11-26
168553,COMPTUEX,混合训练单位操演,,2012-11-26
168555,COMPTU,混合训练单位,,2012-11-26
168556,compromise,泄密；泄露,,2012-11-26
168557,compressibility error,压缩性误差,,2012-11-26
168560,compound formation,复列编队；复合队形,,2012-11-26
168562,compound,临时存放场,,2012-11-26
168564,composite squadron,混合中队,,2012-11-26
168566,compartment check-off list,舱间检查表,,2012-11-26
168568,comparator base,检定基准,,2012-11-26
168571,COMNAVFE,美远东区海军司令,,2012-11-26
168572,COMNAVCOMM,海军通信指挥部指挥官,,2012-11-26
168574,communications technician {= CT},通信技士,,2012-11-26
168576,communications link,通信联系舰；通信联系机；通信链路,,2012-11-26
168578,communications center,通信中心,,2012-11-26
168579,communications and tracking system {= CATS},通讯与追踪系统,,2012-11-26
168582,communications and tactical publications {= COMTAC publications},通信及战术书刊,,2012-11-26
168583,communication satellite,通信卫星；通讯卫星,,2012-11-26
168587,communication officer,通信官,,2012-11-26
168588,communication countermeasures {= COMMCM; COMCM},通信反制措施,,2012-11-26
168591,communication automatic processing equipment {= CAPE},通信自动处理机,,2012-11-26
168594,communication and harbor check,通讯与港口检查,,2012-11-26
168596,common supplies,通用补给品,,2012-11-26
168598,common projectile,普通弹,,2012-11-26
168600,common doctrine,共同准则,,2012-11-26
168602,commodore,海军代将；战队长,,2012-11-26
168603,commitment position,执行点,,2012-11-26
168605,commissioned officer,委任军官,,2012-11-26
168609,commission pannant,服役旒；舰长旒,,2012-11-26
168611,commissaryman {= CS},食勤士官,,2012-11-26
168613,commercial loading,商运装载,,2012-11-26
168614,commence fire,开始射击；开火,,2012-11-26
168617,commanding ship; headquarters ship; OC,指挥舰,,2012-11-26
168619,commanding officer {= CO},主管；舰长；指挥官,,2012-11-26
168622,commander-in-chief {= COMINCH},美国舰队总司令,,2012-11-26
168624,commander attack force,攻击部队指挥官,,2012-11-26
168626,commander,指挥官；海军中校,,2012-11-26
168629,commandand control boat {= CCB},指挥与管制小艇,,2012-11-26
168631,"command, control and communication {C3}",指挥、管制及通信,,2012-11-26
168634,command relationship agreements {= CRA},指挥关系协议编组,,2012-11-26
168635,command net,指挥通信网,,2012-11-26
168636,command guidance,指挥指南,,2012-11-26
168640,command echelons,指挥层次,,2012-11-26
168642,command duty officer {= CDO},指挥值勤官,,2012-11-26
168645,command designation {target},指挥官指定{目标},,2012-11-26
168647,command active sonobuoy system {= CASS},指挥主动声纳浮标系统,,2012-11-26
168648,command,指挥权；指挥部；命令,,2012-11-26
168649,COMM,成军{D}；通信,,2012-11-26
168653,COMINT,通信情报,,2012-11-26
168655,COMEX,攻潜行动开始时间,,2012-11-26
168658,COMCVW,航舰航空联队联队长,,2012-11-26
168660,combined war plan,联军作战计划,,2012-11-26
168662,combined staff,同盟参谋组织,,2012-11-26
168663,combined publications,同盟书刊,,2012-11-26
168666,combined operations,联盟作战,,2012-11-26
168669,combined exercise {= COMBEX},联盟操演,,2012-11-26
168672,combined acceptance trials {= CAT},合并接收试伡,,2012-11-26
168673,combined,联盟的,,2012-11-26
168676,combatant ship,作战舰艇,,2012-11-26
168677,combination mine,混合式水雷,,2012-11-26
168679,combat zone,战斗区,,2012-11-26
168680,combat unit loading,战斗单位装载,,2012-11-26
168682,combat team,战斗组,,2012-11-26
168684,combat spread loading,战斗分散装载,,2012-11-26
168687,combat service support Troops,战斗勤务支援部队,,2012-11-26
168689,combat pack,战斗背包,,2012-11-26
168691,combat organizational loading,战斗编组装载,,2012-11-26
168692,combat order,战斗命令,,2012-11-26
168694,combat operations section,战斗作业组,,2012-11-26
168696,combat loading,战斗装载,,2012-11-26
168699,combat information ship,战情舰,,2012-11-26
168701,combat information center {= CIC},战情中心,,2012-11-26
168702,combat formation,战斗编队,,2012-11-26
168706,combat developments command {= CDC},战计指挥部,,2012-11-26
168709,combat chart,射出用图,,2012-11-26
168711,combat area,战斗地区,,2012-11-26
168712,combat cargo officer {= CCO},战斗物资军官,,2012-11-26
168714,combat activities report {= COACT},作战行动报告,,2012-11-26
168716,ComASWForPac,太平洋舰队反潜作战部队司令,,2012-11-26
168718,ComASWForLant,大西洋舰队反潜作战部队司令,,2012-11-26
168719,Com OP TEV For,作战测试部队司令,,2012-11-26
168720,comanche,观察击出法,,2012-11-26
168723,COM,特遣部队或编组之指挥官,,2012-11-26
168724,column formations,纵队编队,,2012-11-26
168725,column formation; line ahead,纵队,,2012-11-26
168728,column cover,纵队掩护,,2012-11-26
168729,COLOSSUS,巨像侦测系统,,2012-11-26
168733,colors,国旗；升降旗典礼；升降国旗仪式{海军非航行中},,2012-11-26
168734,collimation adjustment,照准调整,,2012-11-26
168737,collective battery control,集体舰砲管制,,2012-11-26
168739,collection plan,搜集计划,,2012-11-26
168741,collecting point,收集点,,2012-11-26
168743,cold ship,冷船{无动力船，又称死船},,2012-11-26
168745,cold iron watch,冷舱更,,2012-11-26
168748,coke method,可克法{重整屏卫之方法},,2012-11-26
168750,COI,通信作业规定,,2012-11-26
168752,COGARD,海岸巡逻队,,2012-11-26
168755,codress,密址信文,,2012-11-26
168756,coding room,译电室,,2012-11-26
168759,coding board; cryptoboard,译电组,,2012-11-26
168761,code word,密码字,,2012-11-26
168762,CODAR,相关资料分析记录器,,2012-11-26
168765,CODAG,内燃机与燃气涡轮组合,,2012-11-26
168767,COC,吊锚；斜竖帆行,,2012-11-26
168770,coastal river squadron,海岸内河战队,,2012-11-26
168771,coastal frontier defense,海疆防御,,2012-11-26
168776,coastal frontier,海疆；海岸防区,,2012-11-26
168777,coastal command,海岸司令部,,2012-11-26
168779,coast guard station,海岸防卫站,,2012-11-26
168781,coast chart,海岸图,,2012-11-26
168784,coarse mine,迟钝性感应水雷,,2012-11-26
168785,coarse delay,粗略延迟；粗略控制铤,,2012-11-26
168786,coaling bag,传递袋,,2012-11-26
168790,CO,舰长；指挥官,,2012-11-26
168791,CNSWTG,海军特种作战特遣支防指挥官,,2012-11-26
168794,CNM ,中间标志上之罗经定位器,,2012-11-26
168796,CMDINSP,主管校阅{包括行政、战备、及物质检查},,2012-11-26
168798,CMC; MMC,海岸布雷舰,,2012-11-26
168801,CMBARMTNG,联盟武器训练,,2012-11-26
168803,clump fitting,放下破雷卫之索道,,2012-11-26
168805,clump,破雷卫索架,,2012-11-26
168806,close-in rig,海上加油装具,,2012-11-26
168808,close-in method of transfer,近距加油法,,2012-11-26
168810,close-hauled ,迎风的；张满帆的；抢风的,,2012-11-26
168811,closed mission,任务终止,,2012-11-26
168813,close tactical air support,密接战术空中支援,,2012-11-26
168814,close support operations,近接支援作战,,2012-11-26
168817,close support mission,密接支援任务,,2012-11-26
168818,close support fire,密接支援射击,,2012-11-26
168819,close support areas,密接支援区,,2012-11-26
168820,close support,近接支援,,2012-11-26
168821,close gunfire support ship line,近接舰飞支援舰线,,2012-11-26
168824,close covering group,近接掩护支队,,2012-11-26
168826,close cover group,密接掩护支队,,2012-11-26
168827,close cover,密接掩护,,2012-11-26
168828,close control,近接管制法,,2012-11-26
168829,close ASW search,近接反潜搜索,,2012-11-26
168833,close air support exercise {= CASEX},密接空中支援操演,,2014-03-18
168835,close air support,密接空中支援,,2012-11-26
168837,clock delay mechanism,定时延爆抗件,,2012-11-26
168839,clock code position,钟面位置,,2012-11-26
168842,CLN,战术反潜航空母舰{核子动力},,2012-11-26
168844,CLK,猎杀巡洋舰,,2012-11-26
168845,clipper bow,飞剪式艏；飞箭式船首,,2012-11-26
168848,CLINKER,量热攻潜,,2012-11-26
168849,CLG; CLGN,导向飞弹核子轻巡洋舰,,2012-11-26
168852,cleax ship,清舰备战,,2012-11-26
168853,clearing policy,清扫政策,,2012-11-26
168856,clearing objective,清扫目标,,2012-11-26
168859,clearance minesweeping,清扫式扫雷,,2012-11-26
168862,clear for running,备便放松；准备开航,,2012-11-26
168864,clean vessel,安全船只,,2012-11-26
168868,clean nonmilitary vessel category,可靠非军事船只类别,,2012-11-26
168869,claw off,船首转向上风,,2012-11-26
168870,classified matter,保密文件,,2012-11-26
168874,classified material,保密资料,,2012-11-26
168876,classified information; restricted data,机密资料,,2012-11-26
168877,classes,目标等级,,2012-11-26
168881,class improvement plan {= CIP},同型舰改进计划,,2012-11-26
168883,clapper,拍扳,,2012-11-26
168886,CLAM,化学低空飞弹,,2012-11-26
168887,clamping error,掣动误差,,2012-11-26
168888,CLAA,防空轻巡洋舰,,2012-11-26
168889,CL,轻巡洋舰,,2012-11-26
168894,CK,检查{海军军语},,2012-11-26
168895,CJTF,联合特遣部队指挥官,,2012-11-26
168896,civilian requirements,民用需求,,2012-11-26
168897,civil direction of shipping {= CDS},民营船舶指令,,2012-11-26
168902,circular screen,图形屏卫,,2012-11-26
168903,circular formation,圆形编队,,2012-11-26
168905,circuit discipline,电网路纪律,,2012-11-26
168907,ciphony,密语电话,,2012-11-26
168908,cipher machine,密码机,,2012-11-26
168911,cipher device; coder,密码器,,2012-11-26
168912,CIP,沿岸导航点,,2012-11-26
168914,CIO,战斗情报官,,2012-11-26
168915,CINCNELM,东大西洋与地中海海军部队总司令,,2012-11-26
168917,Cin Clant Flt,大西洋舰队总司令,,2012-11-26
168919,cigarette deck,吸烟甲板,,2012-11-26
168921,cigar mess,官厅合作社,,2012-11-26
168924,Cie Cpac Flt,太平洋舰队总司令,,2012-11-26
168927,CID net {combat and information and detection},战情及侦测网,,2012-11-26
168930,CIC watch officer {= CICWO},战情值更官,,2012-11-26
168932,CIC officer {= CICO},战情官,,2012-11-26
168934,church pennant,礼拜旗,,2012-11-26
168936,chuffing,爆声,,2012-11-26
168938,chopline,航务官制,,2012-11-26
168940,CHOPAIR,空中掩护作战管制转移,,2012-11-26
168941,CHOBS,观察组长,,2012-11-26
168943,chivo plot,契浮描绘,,2012-11-26
168945,chinese landing,逆靠；顺流靠泊或顺风降落,,2012-11-26
168947,chief police petty officer,军纪上士{与警卫长同},,2012-11-26
168949,chief petty officer {= CPO},上士,,2012-11-26
168952,chevron,V型臂章,,2012-11-26
168953,chief of the boat,潜水舰警卫长,,2012-11-26
168955,chemical warfare,化学战,,2012-11-26
168956,chemical horn,[水雷]化学触角,,2012-11-26
168959,chemical and biological warfare {= CB},化学与生物战,,2012-11-26
168961,chemical and biological agents,化学及生物药剂,,2012-11-26
168964,chemical alarm,化学战警报,,2012-11-26
168965,check sweeping,验扫；探扫,,2012-11-26
168967,check point,核对点；检查点,,2012-11-26
168969,check fire,暂停射出；暂停射击,,2012-11-26
168971,chase,砲前身；追逐,,2012-11-26
168972,chaser,卫[哨]兵,,2012-11-26
168973,channel conditioning,航道探测,,2012-11-26
168975,changes,修正表,,2012-11-26
168977,change order,修正命令,,2012-11-26
168980,change of operational control summary {= CHOPSUM},作战管制转移要报,,2012-11-26
168982,change of operational control {= CHOP},作战管制[权]转移,,2012-11-26
168983,chambered spirit level,隔舱气泡水准器,,2012-11-26
168985,chamber,砲膛；火药室,,2012-11-26
168987,challenger,问讯器,,2012-11-26
168989,challenge,讯问信号{辨正},,2012-11-26
168991,chalk test,粉笔试验{检查水密门},,2012-11-26
168994,chain of command,指挥系统,,2012-11-26
168997,chaff,雷达干扰片,,2012-11-26
168998,CHAFFROC,电子干扰火箭,,2012-11-26
168999,chad tape,凿孔电码纸带,,2012-11-26
169002,CGM,核子导向飞弹巡洋舰,,2012-11-26
169005,CGC,海岸巡防舰,,2012-11-26
169007,CG,海岸防卫队；重心,,2012-11-26
169010,certain submarine,确为潜水舰,,2012-11-26
169011,centralized electronic control {= CEC},中央化电子管制,,2012-11-26
169014,centralized automatic test system {= CATS},集中化自动测试系统,,2012-11-26
169018,central control officer,中央控制官,,2012-11-26
169019,center of impact,弹著中心,,2012-11-26
169022,CECS,伤患后送及控制舰,,2012-11-26
169023,cease fire,停放；停火,,2012-11-26
169025,cease exercise,停止操演,,2012-11-26
169027,CC; CLC; tactical command ship,战术指挥舰,,2012-11-26
169030,CC,经线仪修正；船钟修正；罗经航向；改变航向,,2012-11-26
169031,CAVU,天气良好,,2012-11-26
169033,CAVOK,云层及能见度良好,,2012-11-26
169034,caution area,慎航区；警觉地区,,2012-11-26
169037,catenary,垂炼曲线,,2012-11-26
169038,causeway launching area,栈桥泛水,,2012-11-26
169040,catapult,弹射器,,2012-11-26
169041,categories of nonmilitary ships,非军用船[只]分类,,2012-11-26
169042,CAT,舰载飞机弹射联合验收试伡{舰艇},,2012-11-26
169047,casualty summary,损伤综合报告,,2012-11-26
169048,casualty report {= CASREP},损伤报告,,2012-11-26
169050,casualty evacuation control officers,伤患后送管制官,,2012-11-26
169051,casualty evacuation control berth,伤患后送管制锚地,,2012-11-26
169055,casualty correction report {= CASCOR},损伤修正报告,,2012-11-26
169058,casual officer,待命军官,,2012-11-26
169059,CASS,主动式声纳浮标系统指挥,,2012-11-26
169062,case depth,雷壳深度,,2012-11-26
169063,case file,搜救事件档案,,2012-11-26
169064,cartridge case,[砲弹]送药筒,,2012-11-26
169067,carted ship,换俘船,,2012-11-26
169069,carry rudder,带舵；稳舵；保持[左或右]舵,,2012-11-26
169071,carrier task force,航舰特遣部队,,2012-11-26
169072,carrier qualification {= CARQUAL; CARWUAL},航舰服勤资格,,2012-11-26
169076,carrier onboard delivery {= COD},航舰舰上送补,,2012-11-26
169079,carrier controlled approach {= CCA},航舰管制进场[法],,2012-11-26
169081,carrier anti-submarine group,航舰反潜支队,,2012-11-26
169083,carrier air group {= CAG},航舰飞行大队,,2012-11-26
169085,carrier {logistic},运输队{后勤},,2012-11-26
169086,carriage,砲架,,2012-11-26
169088,carpenter stopper,速解装置,,2012-11-26
169090,cargo submarine {ASSA},货运潜水舰,,2012-11-26
169092,cargo ship {AK},货舰,,2012-11-26
169094,cargo drop rail {= CDR},货物投放轨,,2012-11-26
169096,caretaker status,保管状态,,2012-11-26
169097,captor,「掳掠者」鱼雷,,2012-11-26
169101,captain's plot,舰长测绘室,,2012-11-26
169105,captain's mast,舰长召集之违纪调宜,,2012-11-26
169106,captain of the head,厕所勤务,,2012-11-26
169107,captain,海军上校；舰长,,2012-11-26
169111,capping the T,T形对势,,2012-11-26
169114,CAP,战斗空中巡逻,,2012-11-26
169115,cannibalize,拆换,,2012-11-26
169116,can,驱逐艇{暱称}；燃烧室,,2012-11-26
169119,campaign plan,战役计划,,2012-11-26
169120,campaign,战役,,2012-11-26
169124,call mission,待命任务；要求之任务,,2012-11-26
169125,call mates,呼召笛号,,2012-11-26
169127,call letters,呼号；呼号字母；呼号字组,,2012-11-26
169129,call fire,要求射击,,2012-11-26
169132,call book,叫更薄,,2012-11-26
169133,call away,召唤小艇艇员{准备开行},,2012-11-26
169135,calibrate,校准；调整；划分刻度校正,,2012-11-26
169136,caliber,枪砲口径,,2012-11-26
169138,CAG,航艇飞行大队；重型导引飞弹巡洋艇,,2012-11-26
169142,caduceus,军徽医；医符号,,2012-11-26
169144,CADRE,干部；参谋长；负责训练之军官或士官,,2012-11-26
169145,CAC,指挥与管制；接触区指挥官,,2012-11-26
169148,cable operations {= CBL},电缆作业,,2012-11-26
169150,cab,炼；电缆,,2012-11-26
169153,CA,民事；重型巡洋艇,,2012-11-26
169155,C & R,建造；修理；护航；航路；船队与航线,,2012-11-26
169156,C,航向；罗经；修正,,2012-11-26
169158,by other means {= BOM},用其他方法,,2012-11-26
169161,by direction {= BYDIR},代行；奉令代行签署,,2012-11-26
169165,bust,降级；失败或失误,,2012-11-26
169167,burton method of transfer,双索吊送传递法；烟弹射击演习双索吊送传递法,,2012-11-26
169168,burst practice; explosive,炸药,,2012-11-26
169171,burnt velocity,火箭飞行初速,,2012-11-26
169173,burnerman,锅炉穴,,2012-11-26
169175,burial at sea,海葬,,2012-11-26
169177,burgee,燕尾旗,,2012-11-26
169179,bunk covers,防火床罩,,2012-11-26
169180,bumblebee,噪音器,,2012-11-26
169182,bullet,枪弹；钓具用沈子,,2012-11-26
169184,build-up force,增强部队,,2012-11-26
169186,build-up area,集结地区,,2012-11-26
169188,build-up,建立；增强,,2012-11-26
169190,building slip,船台；造船架；造船滑道,,2012-11-26
169192,builder's trials,工厂试伡,,2012-11-26
169194,bugler,司号,,2012-11-26
169196,bug,键钮；移动指向点,,2012-11-26
169199,buckler,锚链孔盖；砲肩盖,,2012-11-26
169200,buck,优先记号,,2012-11-26
169201,BUCKEYE,「七叶树」教练仪,,2012-11-26
169202,bubble decoy,气泡式假目标,,2012-11-26
169204,BT,水深温度计；锅炉士,,2012-11-26
169205,B-scan,B型扫描器{雷达幕},,2012-11-26
169208,BSC,基本库存配赋表,,2012-11-26
169211,BSA,起卸弹药之暂停留；海滩支援区,,2012-11-26
169213,BS,海底沉淀物；冲积物；广播电台,,2012-11-26
169216,brown shoes,海军航空员{暱称},,2012-11-26
169218,BRONCO BUSTER,「训马师」水翼器,,2012-11-26
169222,broadcasting control authority {= BCA},广播管制权责单位,,2012-11-26
169224,broaching,打横；突转；横转；暴露；浮露,,2012-11-26
169229,broach,与浪平行；潜艇意外地露出水面,,2012-11-26
169231,bring up,停航；抛锚,,2012-11-26
169233,bring home,归位,,2012-11-26
169235,brigantine,双桅船；古时海盗船,,2012-11-26
169238,bridgehead,桥头堡,,2012-11-26
169241,brekdown lights,故障号灯,,2012-11-26
169242,breeches buoy,海上送人水鼓；短裤形救生圈,,2012-11-26
169244,breech mechanism,砲门机构,,2012-11-26
169246,breech block,砲门,,2012-11-26
169250,breakthrough objective,突破目标,,2012-11-26
169252,break-off position,分离点,,2012-11-26
169254,break; break a flag,将旗展开,,2012-11-26
169256,break up point,解散点,,2012-11-26
169257,brassard,臂章,,2012-11-26
169260,brass hat,帽簷长草的军帽,,2012-11-26
169261,braod command pannant,指挥旗,,2012-11-26
169263,bownce field,跳跃场,,2012-11-26
169265,bow planes,前平衡翼,,2012-11-26
169266,bow insigne,艇首徽,,2012-11-26
169268,bourrelet,弹肩,,2012-11-26
169270,boundary marker,界标,,2012-11-26
169271,bouncer line,橡皮艇泛水线,,2012-11-26
169275,bottom search,海底搜察,,2012-11-26
169276,bottom mine,卧底水雷,,2012-11-26
169277,bottom counce sonar,海底回音声纳,,2012-11-26
169279,borrow,就岸；抢风,,2012-11-26
169281,boresighting,砲膛校正,,2012-11-26
169285,boresight,砲膛校正器,,2012-11-26
169287,bore plug,𪿫口塞,,2012-11-26
169290,bore gauge,𪿫膛规,,2012-11-26
169292,boot camp,新兵训练中心,,2012-11-26
169294,boom docks,桅杆；郊外,,2012-11-26
169296,booklet of general plans,一般蓝图{舰艇},,2012-11-26
169298,bombardment,轰击,,2012-11-26
169299,bomb farm,炸弹堆积处,,2012-11-26
169300,bomb disposal unit,炸弹处理单位,,2012-11-26
169304,bomb damage assessment {= BDA},炸弹损伤估定,,2012-11-26
169306,boilerman; BT,锅炉士,,2012-11-26
169308,bogie wire; bogie cable,雷车索,,2012-11-26
169310,bogey,不明飞机,,2012-11-26
169313,boehme equipment,自动电码收发机,,2012-11-26
169315,boatswain's pipe,口笛{笛号}；号笛,,2012-11-26
169316,boatswain's mate {= BM},帆缆士,,2012-11-26
169320,boat unit,小艇中队,,2012-11-26
169321,boat team leader,小艇组长,,2012-11-26
169322,boat team,小艇搭乘组,,2012-11-26
169323,boat support unit {= BSU},小艇支援单位,,2012-11-26
169326,boat space,小艇容量,,2012-11-26
169327,boat recall,召艇信号,,2012-11-26
169329,boat pool,小艇集用场,,2012-11-26
169330,boat number,小艇编号,,2012-11-26
169331,boat lane; boat pass,小艇航道,,2012-11-26
169335,boat hails,小艇呼唤,,2012-11-26
169337,boat group,小艇支队,,2012-11-26
169338,boat foltilla,小艇大队,,2012-11-26
169341,boat diagram,小艇图,,2012-11-26
169343,boat cloak,军官披风,,2012-11-26
169345,boat call,小艇呼号,,2012-11-26
169347,boat availability table,现有舟艇表,,2012-11-26
169349,boat assignment table,小艇装载区分表,,2012-11-26
169351,boarding party,登舰访问组；临检小组,,2012-11-26
169353,boarding call,登舰访问,,2012-11-26
169355,boarding book,临检簿,,2012-11-26
169357,boarders,派往敌舰工作之人员；临检人员,,2012-11-26
169358,Board of inspection and survey {= INSURV},督察检验组,,2012-11-26
169362,BOAR,波耳弹,,2012-11-26
169364,BMU,滩勤大队,,2012-11-26
169365,blukheading,蓄意抱怨,,2012-11-26
169368,bluff,壁山；阔崖；突艏船；悬崖削壁,,2012-11-26
169369,blues,蓝军服,,2012-11-26
169370,bluejacket,海军士兵,,2012-11-26
169373,blue mechanism,蓝色机械；南极机械,,2012-11-26
169376,blooper,反常接收机,,2012-11-26
169377,bloomer,砲肩盖；帆布罩,,2012-11-26
169380,blockade operations; BLOKDPS,实施封锁作战,,2012-11-26
169382,block stowage,配合装载,,2012-11-26
169384,block shipment,计划装运法；趸运,,2012-11-26
169385,blinker tube,闪光信号筒,,2012-11-26
169387,blind time,目标中断时间,,2012-11-26
169389,blind bombing zone,盲目轰炸区,,2012-11-26
169391,blind attack,盲目攻击,,2012-11-26
169393,blase effect,爆震效果,,2012-11-26
169394,blanket attack,地毯式攻击,,2012-11-26
169397,blanding,运[货]单；提单,,2012-11-26
169398,bland ammunition,空包弹药,,2012-11-26
169401,black shoes,[美]海军水面舰艇军官{暱称},,2012-11-26
169404,BL & P,空包靶弹,,2012-11-26
169406,BKLKTNG,电子反制脱锁训练,,2012-11-26
169407,BKLD,原装载单位之再装载,,2012-11-26
169409,BIS,检验测量组,,2012-11-26
169410,bird cage,飞行管制官,,2012-11-26
169412,biological warfare {= BW},生物战,,2012-11-26
169413,binnacle list,病假簿,,2012-11-26
169414,B-indicator,B型指示器{雷达幕},,2012-11-26
169417,billet specification,工作简要说明,,2012-11-26
169418,bill of material,军品表,,2012-11-26
169419,billet slip,报到单,,2012-11-26
169423,bifurcatio buoy,分路浮标；航道分支浮标,,2012-11-26
169425,best depth range {= BDR},最佳深度距离,,2012-11-26
169426,bentline screen,折线屏卫,,2012-11-26
169430,bellhop,警钟机；小艇离舰前叫铃,,2012-11-26
169432,belay,系紧缆绳；缚紧缆绳,,2012-11-26
169434,beep,遥控飞机之操纵,,2012-11-26
169435,bebarkation schedule,换乘时程表,,2012-11-26
169439,bearig deviation indicator {= BDI},方位偏差指示器,,2012-11-26
169441,bean rag,进餐旗,,2012-11-26
169444,beam rider buidance,乘波式导引,,2012-11-26
169446,beachmaster,滩勤队长,,2012-11-26
169448,beachhead,滩头,,2012-11-26
169449,beachhead line {= BHL},滩头阵地线,,2012-11-26
169452,beach support area; BSAL,海滩支援区,,2012-11-26
169453,beach support area,滩头支援区,,2012-11-26
169456,beach reserves,海滩储备补给品,,2012-11-26
169458,beach party; beachmaster unit,滩勤队,,2012-11-26
169461,beach party team {= BPT},滩勤组,,2012-11-26
169463,beach party group {= BPG},滩勤中队,,2012-11-26
169465,beach party division {= BPD},滩勤分队,,2012-11-26
169468,beach organization,滩头勤务编组,,2012-11-26
169470,beach matting,滩勤垫席,,2012-11-26
169472,beach marker,海滩标志,,2012-11-26
169475,beach jumper unit {= BJU},特种作战单位,,2012-11-26
169477,beach gear,退滩机；勒力机具,,2012-11-26
169478,beach flag,滩头旗,,2012-11-26
169480,beach exit,滩头出入口,,2012-11-26
169481,beach dump,滩头堆积所,,2012-11-26
169483,beach defense,滩头防御,,2012-11-26
169485,beach capacity,滩头卸载能量,,2012-11-26
169487,BDI,方位偏差指示器,,2012-11-26
169488,beach {amphibios operations},海滩；滩头；抢滩{两栖作战},,2012-11-26
169490,BDHI,方位距离艏向指示器,,2012-11-26
169493,BDE,英国护航舰,,2012-11-26
169494,BDF,弹底击发引信；基地防卫部队,,2012-11-26
169495,BC chart,海底地形图,,2012-11-26
169498,BBL,桶；绞盘；砲管,,2012-11-26
169500,BBG,导向飞弹主力舰,,2012-11-26
169501,BB,主力舰；战斗舰；海底反射,,2012-11-26
169503,battleship; BB,战斗舰,,2012-11-26
169505,battle wagon,主力舰{暱称},,2012-11-26
169506,battle stations,战斗部位,,2012-11-26
169509,battle short,应急短路开关,,2012-11-26
169510,battle reserves,战斗储备补给品,,2012-11-26
169512,battle readiness,战备,,2012-11-26
169514,battle problem,战斗命题,,2012-11-26
169516,battle practice,战斗演习,,2012-11-26
169518,battle organization,战斗编组,,2012-11-26
169519,battle line,主战部队,,2012-11-26
169522,battle lantern,战备手提工作灯,,2012-11-26
169524,battle efficiency pennent,战技优胜旗,,2012-11-26
169526,battle efficiency award,战技奖,,2012-11-26
169529,battle dressing station {= BDS},战斗裹伤站,,2012-11-26
169530,battle dress,战斗服装,,2012-11-26
169531,battle control,战斗管制,,2012-11-26
169533,battle condition,战斗状况,,2012-11-26
169535,battle casualties,战斗伤己,,2012-11-26
169538,battle bill; general quarter bill,战斗部署表,,2012-11-26
169540,battery curve and data sheet,电瓶记录卡,,2012-11-26
169543,battery control,砲组管制；舰砲管制,,2012-11-26
169545,battery,电池；电池组；砲组,,2012-11-26
169548,basic tube train; BTR,鱼雷发射管基本旋回角,,2012-11-26
169550,basic tactical organization,基本战术编组,,2012-11-26
169552,basic point defense surface missile system {= BPOSMS},基本点防御水面飞弹系统,,2012-11-26
169553,basic engineering casualty control exercise {= BECCE},初级轮机故障操演,,2012-11-26
169555,basic engineering and damage control exercise {= BEDCE},初级轮机损害管制操演,,2012-11-26
169558,BASIC,战区监视及统合通信,,2012-11-26
169559,basegram,基地送报；基地电报,,2012-11-26
169560,base speed,基本速率,,2012-11-26
169561,base section,基地分区,,2012-11-26
169563,base of operations,作战基地,,2012-11-26
169564,base map,基地地图；底图,,2012-11-26
169566,base loading,基地支援单位,,2012-11-26
169567,base loaded,基地装载,,2012-11-26
169570,base development,基地发展,,2012-11-26
169573,base detonating fuze {= BDF},弹底擎发引信,,2012-11-26
169574,base defense,基地防御,,2012-11-26
169576,base complex,基地复合体,,2012-11-26
169577,base commander,基地指挥官,,2012-11-26
169579,base command,基地司令部,,2012-11-26
169581,barrier patrol,阻栅巡逻,,2012-11-26
169584,barrier operations; BARODC,阻栅作战,,2012-11-26
169586,barrier line,阻栅线,,2012-11-26
169587,barrier operation doctrine {= BARDOC},阻栅作战教令,,2012-11-26
169589,barricade,栅截网,,2012-11-26
169591,barrage rocket,火网火箭,,2012-11-26
169594,barrage fire,火网射击,,2012-11-26
169595,barrage jamming,弹幕式乱真,,2012-11-26
169596,barrage,火网,,2012-11-26
169597,BARC,两栖；再补给,,2012-11-26
169598,barometric leveling,气压水平测量,,2012-11-26
169599,BAR,阻栅[作战],,2012-11-26
169600,bank suction,[堤]岸吸力,,2012-11-26
169604,bank cushion,岸推力；堤岸弹力,,2012-11-26
169610,bang-bang control,急躁控制；鲁莽控制,,2012-11-26
169611,bandwidth,波带宽度,,2012-11-26
169613,band of position,位置带,,2012-11-26
169615,ballistics,弹道学,,2012-11-26
169617,ballistic range wind,弹道射程风,,2012-11-26
169619,ballistic missile early warning system {= BMEWS},弹道飞弹早期预警系统,,2012-11-26
169621,ballistic missile defense,弹道飞弹防御,,2012-11-26
169623,ballistic effect,弹道效应,,2012-11-26
169625,ballistic density,弹道密度,,2012-11-26
169627,ballistic data,弹道诸元,,2012-11-26
169629,ballistic damping error,弹道减差；冲击减震误差,,2012-11-26
169631,ballistic cross wind,弹道横越风,,2012-11-26
169633,ballistic correction,弹道修正,,2012-11-26
169635,ball,球形标志,,2012-11-26
169637,bag ammunition,药包式弹药,,2012-11-26
169639,bag,飞船；小飞艇；袋；囊网；捕鱼部；软荡无力,,2012-11-26
169641,baffle area,挡音区,,2012-11-26
169642,backsight {survey},后视{测量},,2012-11-26
169645,backshore,内滩；内岸,,2012-11-26
169648,backland,内地；内陆,,2012-11-26
169651,background noise,背景杂音,,2012-11-26
169652,backboard,背板；靠板；靠背板,,2012-11-26
169656,bacholer officer's quarter {= BOQ},单身官员宿舍,,2012-11-26
169658,babble,夹杂信号,,2012-11-26
169661,b hbr.,小艇碇泊港,,2012-11-26
169662,B,气压表压力修正{海军军语},,2012-11-26
169664,azimuth stabilized plan position indicator,方位稳定平面位置指示器,,2012-11-26
169665,AZ,飞艇母舰,,2012-11-26
169667,"aye, aye, sir",是、是、遵命,,2012-11-26
169668,AXP,同盟国操演书刊,,2012-11-26
169670,axis of the bore,砲膛轴线,,2012-11-26
169674,axis of advance,前进轴线,,2012-11-26
169675,AXBT,空投消耗性水深温度计,,2012-11-26
169677,AWTT,水面舰艇使用鱼雷发射管,,2012-11-26
169678,AWCLS,全天候航舰降落系统,,2012-11-26
169679,AWDL,不假外出,,2012-11-26
169681,AW,水面以上；音响作战；全天候；蒸馏水供应舰,,2012-11-26
169685,AVT,辅助飞机运输舰,,2012-11-26
169686,AVP,小型水上飞机母舰,,2012-11-26
169688,AVM,导引飞弹舰,,2012-11-26
169691,aviation structural mechanic {= AM},航空结构机械士,,2012-11-26
169693,aviation examination room,航空体检室,,2012-11-26
169696,aviation electrician's meta {= AE},航空电机士,,2012-11-26
169697,aviation boatswain's mate {= AB},航空帆缆士,,2012-11-26
169698,AVH,飞机救难舰,,2012-11-26
169700,AVGAS,航空用汽油,,2012-11-26
169703,AVG,飞机护航舰,,2012-11-26
169704,average limit of ice,平均冰界,,2012-11-26
169705,average firing width,平均射击宽度,,2012-11-26
169709,average depth,平均深度,,2012-11-26
169710,AVD,水上飞机控应舰{由驱逐舰改装},,2012-11-26
169713,AVC-Large Catapult Lighter,大型弹射驳船,,2012-11-26
169714,AVB,前进航空基地船,,2012-11-26
169715,availability factor,可用率因素,,2012-11-26
169719,avail-ability,定修期；可用率,,2012-11-26
169720,auxiliary weapons control,辅助兵器射控,,2012-11-26
169724,auxiliary standard paraller,辅助标准平行线,,2012-11-26
169727,auxiliary power plant {= APP},辅助动力器；辅助发电机,,2012-11-26
169730,auxiliary machinery; donkey engine,辅机,,2012-11-26
169733,auxiliary fire control,辅助射控,,2012-11-26
169734,automatic voice network {= AUTOVON},自动通话网路,,2012-11-26
169737,automatic target designation,自动目标指定法,,2012-11-26
169738,automatic supply,自动补给,,2012-11-26
169741,automatic secure voice communications {= AUTOS-EVO; AUTOS-EVOOM},自动保养电话网,,2012-11-26
169743,automatic rate control {tracking},自动变率管制{追踪、砲水指挥术语},,2012-11-26
169747,automatic ranging,自动测距,,2012-11-26
169748,automatic pistol,自动手枪,,2012-11-26
169752,automatic pilot {= A/P},自动导航；自动驾驶仪,,2012-11-26
169755,automatic noise limiter {= ANL},自动杂音消除器；自动杂音限制器,,2012-11-26
169756,automatic mine,自动水雷,,2012-11-26
169759,automatic loader,自动装弹机,,2012-11-26
169762,automatic lead computer {tracking},自动前导计算{追踪},,2012-11-26
169764,automatic indication {target},自动指示{目标},,2012-11-26
169766,automatic gun laying,自动瞄砲,,2012-11-26
169769,automatic digetal network {= AUTDDIN},自动数据通信网,,2012-11-26
169772,automatic designation {target},自动指定{目标},,2012-11-26
169774,automatic degaussing equipment,自动消磁装备,,2012-11-26
169777,automatic data processing system {= ADPS},自动资料处理系统,,2012-11-26
169779,automatic data processing {= ADP},自动资料处理,,2012-11-26
169783,automatic carrier landing system {= ACLS},航舰自动降落系统,,2012-11-26
169785,AUTOCAT,自动转发机；自动通讯转发,,2012-11-26
169787,auto radar plot,自动雷达描绘图,,2012-11-26
169789,authorized data list {= ADL},检定资料表,,2012-11-26
169791,authority command,指挥当局,,2012-11-26
169792,AUTHGRA,权责授予,,2012-11-26
169794,aural radio range,听音无线电导航标,,2012-11-26
169795,aural null,无声；静肃,,2012-11-26
169796,AUM,空对潜飞弹,,2012-11-26
169798,augmentor,增效器,,2012-11-26
169799,augmentation factor,增大因素,,2012-11-26
169802,augmentation device,增大器,,2012-11-26
169804,augmentation correction,增大修正,,2012-11-26
169806,auciliary guide meridian,辅导子午线,,2012-11-26
169807,auciliaey mine layer {= ACM},辅助地雷舰,,2012-11-26
169810,AU,天文单位,,2012-11-26
169811,ATUOSEVOCOM,自动安全电话网,,2012-11-26
169812,attrition minesweeping,持续扫雷,,2012-11-26
169814,attrition minefields; attrition mining,消耗性雷区,,2012-11-26
169816,attrace,A型扫描{雷达},,2012-11-26
169818,attenuator,消减器,,2012-11-26
169820,attenuation of sound,声波之衰减,,2012-11-26
169822,attention to starboard,向右舷敬礼,,2012-11-26
169824,attention to port,向左舷敬礼,,2012-11-26
169825,attend the side,肃立梯旁,,2012-11-26
169829,attacking ship,攻击舰；协击舰；双舰攻潜,,2012-11-26
169831,attack team,攻击组,,2012-11-26
169832,attack transport {LPA},攻击人员运输舰,,2012-11-26
169833,attack teacher,攻潜教练仪,,2012-11-26
169834,attack speed,攻击速率,,2012-11-26
169836,attack run,攻击回合,,2012-11-26
169837,attack plotter screen,攻击测绘仪上描迹幕；攻潜描迹幕,,2012-11-26
169841,attack plotter,攻潜测绘仪,,2012-11-26
169842,attack group,攻击支队,,2012-11-26
169844,attack force,攻击部队,,2012-11-26
169845,attack error,攻击偏差；攻击误差,,2012-11-26
169848,attack director {= AD},攻击指挥仪；航空机械士,,2012-11-26
169851,attack course,攻击航向,,2012-11-26
169852,attack commander,攻击指挥官,,2012-11-26
169853,attack cargo ship {LKA},攻击运输舰,,2012-11-26
169857,attack aircraft carrier {CVA; CVAN},攻击航空母舰,,2012-11-26
169860,attached {= att.},附属；配属于,,2012-11-26
169861,attache,武官,,2012-11-26
169864,ATSS,辅助训练潜水舰,,2012-11-26
169866,ATSB,前进战术支援,,2012-11-26
169869,ATS; rescue boat; rescue vessel; salvage and rescue ship; salvage boat; salvage vessel,救难船,,2012-11-26
169871,ATS,可空运之声纳,,2012-11-26
169873,atrip,起锚的,,2012-11-26
169874,ATP,同盟国战术书刊；远洋救难拖船,,2012-11-26
169876,atomic warfare,原子战,,2012-11-26
169878,atomic defense,原子防护,,2012-11-26
169880,atomic burst,原子爆炸,,2012-11-26
169881,ATO,老式远洋拖船,,2012-11-26
169882,Atlantic Undersea Test and Evaluation Center {= AUTEC},大西洋水下试验与研判中心,,2012-11-26
169885,Atlantic ridge,大西洋之脊,,2012-11-26
169886,Atlantic Ocean current,大西洋洋流,,2012-11-26
169888,ATL; LCT; tank landing craft,战车登陆艇,,2012-11-26
169890,athwart-hawse,横过他船船首,,2012-11-26
169891,ATF,两栖特遣部队；舰队远洋拖船,,2012-11-26
169893,ATCU,可空运之通讯机件,,2012-11-26
169895,ATCOM-atoll commander,环状珊瑚岛群指挥官,,2012-11-26
169897,ATC,航空管制,,2012-11-26
169898,ATA,远洋辅助拖舰；实际到达时间,,2012-11-26
169903,AT,航空电工士；远洋拖船,,2012-11-26
169904,asymmetrical screen,非对称型屏卫,,2012-11-26
169906,ASWSS,反潜作战训练舰,,2012-11-26
169909,ASWEX,反潜操演,,2012-11-26
169910,ASWPTL,反潜作战巡逻,,2012-11-26
169912,ASWCCS,反潜作战指挥及管制系统,,2012-11-26
169916,ASW tactical data system,反潜作战战术资讯系统,,2012-11-26
169918,ASW,反潜作战,,2012-11-26
169919,assualt waves,突击舟波,,2012-11-26
169921,assualt shipping,突击舰艇,,2012-11-26
169923,assualt schedule,突击计划表,,2012-11-26
169925,assualt phase,突击阶段,,2012-11-26
169926,assualt minesweeping,突击扫雷,,2012-11-26
169928,assualt follow-on echelon {= AFOE} {amphibious},突击后续梯队{两栖},,2012-11-26
169930,assualt craft unit {= ACU},突击小艇队,,2012-11-26
169931,assualt craft,突击艇,,2012-11-26
169933,assualt boar,突击小艇,,2012-11-26
169935,assualt area diagram,突击区图解,,2012-11-26
169939,assualt area,突击区,,2012-11-26
169941,assisting ship,双舰攻潜；协助舰,,2012-11-26
169942,assessment of submarine damage,潜舰损伤研判；潜舰损伤鉴定,,2012-11-26
169946,ASSESS,潜航中潜舰水面效应之分析研究,,2012-11-26
169947,assembly area,会合区,,2012-11-26
169949,assault shipping,突击船运,,2012-11-26
169951,assault life,实击载运量,,2012-11-26
169953,ASSA,物资运输潜舰,,2012-11-26
169954,ASRT,空中支援雷达小组,,2012-11-26
169957,ASROC,反潜火箭,,2012-11-26
169958,ASR,潜水舰救难舰,,2012-11-26
169960,ASPECT,短波音响回迹鉴定技术,,2012-11-26
169963,ASPB,突击支援巡逻舰,,2012-11-26
169965,ASMS,改进之水面飞弹系统,,2012-11-26
169967,ASMD,攻船飞弹防御,,2012-11-26
169970,ASIS,两栖舰船情报系统,,2012-11-26
169973,ash can; DB; depth charge,深水炸弹,,2012-11-26
169975,ASH,突击支援直升机之研究；潜水舰废气侦测装置,,2012-11-26
169977,ASGN,作战任务派属…之单位,,2012-11-26
169980,ASF,舰力修护费,,2012-11-26
169982,ASDIC,[英国之]回音测距装置{相当于美国之声纳},,2012-11-26
169985,ASD,空中支援指导官,,2012-11-26
169986,asco-gyro,天文电罗经；天文罗经定向旋转仪,,2012-11-26
169988,ASCM-antiship capable missile,攻船飞弹,,2012-11-26
169990,ASC,自动交换中心；空中支援管制官,,2012-11-26
169992,ASBD,改进之海基吓阻武力,,2012-11-26
169993,ASAP,尽速；反潜攻击测绘仪,,2012-11-26
169994,as you are,继续,,2012-11-26
169997,AS,高层云；空速；潜水舰母舰,,2012-11-26
169999,ARWS,反辐射武器系统,,2012-11-26
170001,ARVE [= ARVH],飞机修理舰；直升机修理舰,,2012-11-26
170002,ARVA,飞机机身修理舰,,2012-11-26
170004,ARTY,砲火；砲兵,,2012-11-26
170006,ARST,救难艇母舰,,2012-11-26
170008,ARSD,起重救难舰,,2012-11-26
170009,ARS,救难舰,,2012-11-26
170010,arrival report {= ARRIVEEDREP},到达报告,,2012-11-26
170012,arresting gear,制动索,,2012-11-26
170015,ARREP,一俟到达；即自…报到,,2012-11-26
170016,ARR,天线旋转车；到达；抵达,,2012-11-26
170019,armory,轻武器库,,2012-11-26
170021,armor shelf,装甲座,,2012-11-26
170023,armor piercing tracer {= APT},穿甲曳光弹,,2012-11-26
170025,armor piercing incendiary {= API},穿甲燃烧弹,,2012-11-26
170027,armor piercing {= AP},穿甲弹,,2012-11-26
170029,armor belt,装甲带,,2012-11-26
170031,arming crew,装弹手,,2012-11-26
170033,armed guard,武装警卫,,2012-11-26
170035,armament; weapon,兵器,,2012-11-26
170036,ARM,反幅射飞弹,,2012-11-26
170038,ARL,海军北极研究实验所；登队艇修理舰,,2012-11-26
170041,ARIS,前置靶场仪表船,,2012-11-26
170042,ARH,重装修理舰,,2012-11-26
170045,ARG,内燃机修理舰；两栖待命支队,,2012-11-26
170046,area triangulation,地区三角测量,,2012-11-26
170048,area study,区域研究,,2012-11-26
170050,area search,区域搜索,,2012-11-26
170052,area patrol,区域巡逻,,2012-11-26
170055,area of war,战争区域,,2012-11-26
170056,area of responsibility,责任区,,2012-11-26
170058,area of operation; theather of operation,作战地区,,2012-11-26
170060,area fire; zone fire,区域射击,,2012-11-26
170062,area control center,区域管制中心,,2012-11-26
170065,area command,地区指挥部,,2012-11-26
170067,ARDM,中型修理浮坞{无动力},,2012-11-26
170069,ARD,修理浮坞{无动力},,2012-11-26
170071,ARCOPS; ARDC,水泥浮坞,,2012-11-26
170074,archibenthic zone,原始深海区,,2012-11-26
170075,ARCHER,探测火箭,,2012-11-26
170077,ARCAS,气象探测火箭,,2012-11-26
170079,ARC,布缆或海底电缆修理舰,,2012-11-26
170080,arbitrary correction to hit {= ACTH},武断命中修正量,,2012-11-26
170083,arbitrary ballistic correction,武断弹道修正,,2012-11-26
170085,ARB,战损修理舰,,2012-11-26
170088,AR,修理舰；航空新兵,,2012-11-26
170089,AQL,可接受之品质标准,,2012-11-26
170090,APY; LSFF,大型Y艇,,2012-11-26
170091,APV,飞机与人员运输舰,,2012-11-26
170095,APT,乙种运兵驳船；自动图片发放穿甲曳光弹,,2012-11-26
170096,APS; SM,布雷潜舰,,2012-11-26
170097,APR,救护运输舰,,2012-11-26
170101,approved circuit,核定网路,,2012-11-26
170103,approachway,进路,,2012-11-26
170104,approach tunnel,接近航路,,2012-11-26
170106,approach to datum by search attack unit {= approach to datum by SAU},水面搜察攻击单位问基准点接近之法,,2012-11-26
170109,approach schedule,接近时程表；进场时程表；接敌运动程序表,,2012-11-26
170111,approach path,进场路线,,2012-11-26
170112,approach navigation,进场航行；进港航行,,2012-11-26
170115,approach lights,进场灯标,,2012-11-26
170116,approach lanes,接敌航道,,2012-11-26
170119,approach lane control officer,接敌航道控制官,,2012-11-26
170121,approach error,接近偏差,,2012-11-26
170123,approach channel,接近航道,,2012-11-26
170125,approach area,进场区,,2012-11-26
170128,approach and retirement route,接敌与引退路线,,2012-11-26
170130,approach and landing chart,进场及著陆图{航舰飞机},,2012-11-26
170132,appraisal {in fleet exercise},鉴定{舰队操演},,2012-11-26
170133,APP,甲种运兵驳船；辅助动器,,2012-11-26
170137,APN,砲械运输舰,,2012-11-26
170140,APM,自走砲运输舰,,2012-11-26
170142,APL,应用物实理实验所；兵营船{无动力}；配赋表,,2012-11-26
170145,API,空中位置指示器；穿甲燃烧弹,,2012-11-26
170146,APH; EVACSHIP,伤患后送舰,,2012-11-26
170148,APG,砲械支援舰,,2012-11-26
170150,APF,行政旗舰,,2012-11-26
170151,aperiodic compass,无周期罗经；安定罗经,,2012-11-26
170155,APCS,进场动力管制器,,2012-11-26
170156,APC,轻型近海运输舰；严格管制区,,2012-11-26
170158,APB,机动兵营船,,2012-11-26
170161,apastron,远星点,,2012-11-26
170165,APACHE,探测火箭{以经改良之辐射研究用人造卫星系列INJUN为基础},,2012-11-26
170167,AP,穿甲[弹]；攻击测绘仪；人员杀伤[雷]音响压力；运输舰；假定位置；假设位置,,2012-11-26
170168,AOSS,运油潜水舰,,2012-11-26
170173,AOL,逾假不归,,2012-11-26
170174,AOR,舰队整补油舰,,2012-11-26
170176,AOG,汽油运输舰,,2012-11-26
170179,AOE,快速战斗支援舰,,2012-11-26
170180,AOB,舰首角,,2012-11-26
170181,AOA,两栖目标区；攻击角,,2012-11-26
170183,AO,空中观测官；舰队油舰,,2012-11-26
170186,anti-sweep mine,反扫水雷,,2012-11-26
170189,antisub-submarine {= SSK},反潜潜舰；反潜潜水舰,,2012-11-26
170191,anti-submarineclassifi- cation and analysis center {= ASCAC},反潜作战目标鉴定与分析中心,,2012-11-26
170193,anti-submarine warfare system analysis group {= ASWSAG},反潜作战系统分析组,,2012-11-26
170196,anti-submarine warfare environmental prediction system {= ASWEPS},反潜作战海况预测系统；反潜作战环境预测系统,,2012-11-26
170200,anti-submarine warfare air control ship; anti-submarine warfare air control ship {= ASWACS},反潜作战空管舰,,2012-11-26
170203,anti-submarine warfare {= ASW},反潜战,,2012-11-26
170204,anti-submarine vessel,反潜舰,,2012-11-26
170205,anti-submarine tactics,反潜战术,,2012-11-26
170210,anti-submarine support aircraft carrier {CVS},反潜支援作战,,2012-11-26
170213,anti-submarine search; ASW search,反潜搜察,,2012-11-26
170215,anti-submarine screening area,反潜屏卫区,,2012-11-26
170217,anti-submarine screen {= A/S screen; ASW screen},反潜屏卫,,2012-11-26
170219,anti-submarine plot,反潜描迹,,2012-11-26
170220,anti-submarine picket; anti-submarine picket,反潜哨戒[舰],,2012-11-26
170223,anti-submarine patrol; anti-submarine patrol {= ASP},反潜巡逻,,2012-11-26
170227,anti-submarine operations,反潜作战；反潜作业,,2012-11-26
170230,anti-submarine helicopter procedure,直升机反潜程序,,2012-11-26
170233,anti-submarine evasion; anti-submarie evasion,反潜回避,,2012-11-26
170235,anti-submarine escort group,反潜护航支队,,2012-11-26
170236,anti-submarine barrier,防潜阻栅,,2012-11-26
170237,anti-submarine action,反潜行动,,2012-11-26
170238,anti-submarine attack,反潜攻击,,2012-11-26
170242,anti-recovery device,反打捞装置,,2012-11-26
170243,antipode,正相反之物；天南地北,,2012-11-26
170245,anti-countermine device,水雷反诱发装置,,2012-11-26
170247,anti-aircraft projectile {= AA},对空弹,,2012-11-26
170248,anti-aircraft screen; antiaircraft screen,防空屏卫,,2012-11-26
170249,anti-aircraft defense,对空防御,,2012-11-26
170250,anti-aircraft,防空,,2012-11-26
170254,anti-air warfare formations and dispositions,防空作战编队与序列,,2012-11-26
170256,anti-air warfare axis,防空作战轴,,2012-11-26
170258,anti-air warfare area,防空作战[地]区,,2012-11-26
170260,anti-air warfare {= AAW},防空作战,,2012-11-26
170263,antarctic whiteout,南极苍茫,,2012-11-26
170266,annex,[作战计划]附件,,2012-11-26
170268,ANGLICO,海空砲火连络组{陆战队},,2012-11-26
170270,angle to right,右向角,,2012-11-26
170272,angle on the bow {= AOB},瞄准角；舰首,,2012-11-26
170273,angle of satety,安全角,,2012-11-26
170277,angle of incidence,入射角,,2012-11-26
170280,angle of glide,下滑角,,2012-11-26
170282,angle of fall,落角,,2012-11-26
170283,angle of descent,下降角,,2012-11-26
170287,angle of depression,俯角,,2012-11-26
170289,angle of cant,斜面角,,2012-11-26
170291,angle of bank,倾斜角；侧滚角,,2012-11-26
170293,anchorage patrol,锚地巡逻,,2012-11-26
170294,anchor hoy,运锚艇,,2012-11-26
170296,anchor hawk,锚鹰,,2012-11-26
170300,analysis of readiness; readiness analysis,战备分析,,2012-11-26
170303,AN number,陆海军装备标准规格号码,,2012-11-26
170305,AN,远地潮距；远地潮差,,2012-11-26
170306,AMTREX,两栖训练操演,,2012-11-26
170309,AMTRAC-nine-ton personnel landing,九吨人员登陆车辆,,2012-11-26
170311,AMTRAC-amphibious tractor,两栖牵引车；两栖运输车,,2012-11-26
170314,AMTI,空中活动目标显示器,,2012-11-26
170316,AMT,星高曲线图之平均时,,2012-11-26
170319,AMSP,同盟国军事机密书刊,,2012-11-26
170321,AMSL,在平均海平面上,,2012-11-26
170323,amphibious withdrawal,两栖撤退,,2012-11-26
170324,amphibious vessel,两栖舰船,,2012-11-26
170326,amphibious vehicle launching areas,两栖车辆泛水区,,2012-11-26
170329,amphibious vehicle employment plan,两栖车辆运用计划,,2012-11-26
170332,amphibious vehicle availability table,现有两栖车辆统计表,,2012-11-26
170333,amphibious troops,两栖登陆部队,,2012-11-26
170337,amphibious transport dock {LPD},两栖船坞运输舰,,2012-11-26
170340,amphibious task force command; CATF; COMATF,两栖特遣部队指挥官,,2012-11-26
170342,amphibious task force {= ATF},两栖特遣部队,,2012-11-26
170344,amphibious support group,两栖支援支队,,2012-11-26
170347,amphibious squadron {PHIRON},两栖战队,,2012-11-26
170348,amphibious shipping,两栖船舶,,2012-11-26
170350,amphibious reconnaissance,两栖侦察,,2012-11-26
170352,amphibious planning,两栖计划作为,,2012-11-26
170353,amphibious operations; AMW; PHIBOPS,两栖作战,,2012-11-26
170358,amphibious objective area study,两栖目标区研究,,2012-11-26
170359,amphibious objective area,两栖作战目标区,,2012-11-26
170362,amphibious night landing,两栖夜间登陆,,2012-11-26
170363,amphibious lift,两栖运输力,,2012-11-26
170367,amphibious group,两栖支队,,2012-11-26
170368,amphibious life,两栖载运量,,2012-11-26
170369,amphibious formation,两栖编队；两栖队形,,2012-11-26
170372,amphibious force,两栖部队,,2012-11-26
170373,amphibious flagship data system {= AFDS},两栖旗舰资料系统,,2012-11-26
170377,amphibious demonstration,两栖佯动,,2012-11-26
170378,amphibious control group,两栖控制支队,,2012-11-26
170380,amphibious construction battalion {= ACB},两栖工程大队,,2012-11-26
170383,amphibious command ship {LCC},两栖旗舰,,2012-11-26
170385,amphibious assault; amphibious raid,两栖突击,,2012-11-26
170389,amphibious assault ship {LPH},两栖突击舰,,2012-11-26
170391,amphibious assault bulk fuel handling system,两栖突击油料输送系统,,2012-11-26
170392,amphibious,两栖,,2012-11-26
170394,amphibian vehicle,两栖车辆,,2012-11-26
170397,amphibian tank,水陆两用战车,,2012-11-26
170400,amphibian,水陆两用飞机；两栖的,,2012-11-26
170402,ammunition bag,弹药包,,2012-11-26
170403,AMMO,军火；弹药,,2012-11-26
170404,AMANET,大西洋反潜通讯网路,,2012-11-26
170405,AMAC,飞机监听与管制,,2012-11-26
170409,AM,调幅；音响与磁性；航空结构机械士,,2012-11-26
170410,ALVIN,深海潜水载具,,2012-11-26
170414,aluwinaut,铝制潜水船,,2012-11-26
170416,ALUSNOB,美国海军观测员,,2012-11-26
170418,ALUSNA,美国海运武官,,2012-11-26
170420,ALUSLO,美国海运连络官,,2012-11-26
170422,ALTOCOMLANT,大西洋备代指挥官,,2012-11-26
170425,altitude azimuth,高度方位；高度方位法,,2012-11-26
170426,ALTINSURV,备用视察组检查,,2012-11-26
170429,ALTHQ,备用司令部,,2012-11-26
170431,alternate requirement base,备用必需基地,,2012-11-26
170432,alternate plan,预备计划,,2012-11-26
170435,alternate base,备用基地,,2012-11-26
170438,ALTCOMPAC,太平洋备代指挥官,,2012-11-26
170440,ALTCOMCEN,备用指挥中心,,2012-11-26
170441,ALTCOM,备用指挥部/指挥官,,2012-11-26
170443,alt-azimuth instrument,高度方位仪,,2012-11-26
170444,altars,坞阶,,2012-11-26
170446,ALP,同盟国后勤书刊,,2012-11-26
170447,ALNOT,戒备通知,,2012-11-26
170451,almucantar,纬圈,,2012-11-26
170452,alnav,对海军全军发布文件之文号{All Navy之略字},,2012-11-26
170453,allowance list,配赋表,,2012-11-26
170454,alligator,两栖战车,,2012-11-26
170457,allied hydrographic publication {= AHP},同盟国水道书刊,,2012-11-26
170460,allied administrative publication {= AAP},同盟国行政书刊,,2012-11-26
170462,all standing,骤停；和衣就寝；全副配备,,2012-11-26
170464,alight,登陆,,2012-11-26
170468,ALFA,A武器；阿尔发砲{反潜武器之一},,2012-11-26
170469,alerting post,警戒哨站,,2012-11-26
170471,alert phase,警戒阶段,,2012-11-26
170475,alert,警戒；戒备,,2012-11-26
170477,ALCON,各有关单位,,2012-11-26
170479,ALCOMPAC,[美]海军太平洋舰队各指挥部,,2012-11-26
170482,ALCOMLANT,[美]海军大西洋舰队各指挥部,,2012-11-26
170485,AL,灯船；航空电仪士,,2012-11-26
170486,ALCOM,各指挥部,,2012-11-26
170487,AKV,物质与飞机运输舰,,2012-11-26
170489,AKSS,物资运输潜水舰,,2012-11-26
170492,AKS,一般军品补给舰,,2012-11-26
170494,AKROLLI,两栖吉普车,,2012-11-26
170495,AKR,车辆运输舰,,2012-11-26
170497,AKN,网栅运输舰,,2012-11-26
170498,AKL,轻型物质运输舰,,2012-11-26
170501,AKD,船坞物质运输舰,,2012-11-26
170502,AK; aviation storekeeper,航空补给士,,2012-11-26
170504,AK,物质运输舰；航空补给士,,2012-11-26
170506,AIS,备用临时接替人,,2012-11-26
170508,AIRSVC,提供空中勤务,,2012-11-26
170510,air-surface zone,海空安全区,,2012-11-26
170513,air-sea rescue,海空救难,,2012-11-26
170515,airman's Guide,航空士指南；航空指导,,2012-11-26
170516,airman {= AN},航空士,,2012-11-26
170518,air-landed,空运著陆,,2012-11-26
170521,airdale,海军航空员{暱称}；航空母舰上管理飞机之士兵,,2012-11-26
170524,aircraft wreckage locator,飞机残骸位置标示,,2012-11-26
170526,aircraft launched torpedo,空投鱼雷,,2012-11-26
170528,aircraft control ship,飞机管制舰,,2012-11-26
170532,aircraft control and warning system,飞机管制及警报系统,,2012-11-26
170533,aircraft control,飞机管制,,2012-11-26
170536,airborne expendable Bathythermograph {= AXBT},空投水深温度计{消耗性},,2012-11-26
170538,airborne early warning {= AEW},空中预警,,2012-11-26
170539,air transportable unit,可空运单位,,2012-11-26
170541,air transportable sonar {= AIS},空用声纳,,2012-11-26
170544,air surveillance,对空监视,,2012-11-26
170545,air supremacy,最高空中优势,,2012-11-26
170546,air support,空中支援,,2012-11-26
170550,air superiority,空中优势；空优,,2012-11-26
170552,air space warning area,空域警告区,,2012-11-26
170555,air space reservation,空中禁航区,,2012-11-26
170556,air space control,空域管制,,2012-11-26
170557,air ship inflight fueling,飞行中飞机自舰艇加油法,,2012-11-26
170560,air search,对空搜索,,2012-11-26
170562,air recorder,空中记录器；空中记录手,,2012-11-26
170563,air raid warning conditions,空袭警报状况,,2012-11-26
170566,air raid reporting control ship {= ARRCS},空袭报告管制舰,,2012-11-26
170568,air plotting board,对空描迹板,,2012-11-26
170570,air plotter,对空描迹手,,2012-11-26
170572,air plot,对空描迹,,2012-11-26
170574,air operations {air plot},航空作战中心{对空描迹},,2012-11-26
170579,air officer,航空官{舰艇上},,2012-11-26
170580,air liaison,对空连络,,2012-11-26
170584,air intelligence {= AI},防空情报,,2012-11-26
170586,air dense identification zone {= ADIZ},防空识别区,,2012-11-26
170589,air delops,空补作业,,2012-11-26
170591,air defense warning conditions,防空警报状况,,2012-11-26
170593,air defense ship,防空舰,,2012-11-26
170594,air defense sector,防空扇区,,2012-11-26
170598,air defense restricted area,防空禁区,,2012-11-26
170600,air defense region,防空地区,,2012-11-26
170603,air defense formation and disposition,防空编队与序列,,2012-11-26
170605,air defense emergeency,紧急防空,,2012-11-26
170606,air defense controller,防空管制官,,2012-11-26
170608,air defense control center {= ADCC},防空管制中心,,2012-11-26
170610,air defense area,防空区,,2012-11-26
170612,air cushion boat; CAB,航委员会气垫船,,2012-11-26
170614,air controlman {= AC},空管士,,2012-11-26
170616,air controller,空管官,,2012-11-26
170618,air control ship,空管舰,,2012-11-26
170619,air control center {= ACC},空管中心,,2012-11-26
170621,air attack,空中攻击,,2012-11-26
170624,air and naval gunfire liasion company copany {= ANGLICO},海空砲火连络组,,2012-11-26
170625,air alert mission,对空警戒任务,,2012-11-26
170627,air alert,对空警戒,,2012-11-26
170628,aiming; gun laying,瞄准,,2012-11-26
170632,aided tracking,定率追踪；辅助追踪,,2012-11-26
170634,aided ranging,辅助测距,,2012-11-26
170636,aide,侍从参谋,,2012-11-26
170639,AI,空中情报,,2012-11-26
170642,ahead-thrown weapon,攻潜前射武器,,2012-11-26
170643,AH,医院用；备用司令部,,2012-11-26
170645,AGTR,技术研究舰,,2012-11-26
170647,AGSS,辅助潜水舰,,2012-11-26
170649,AGSL,卫星发射舰,,2012-11-26
170652,AGR,雷达哨戒舰,,2012-11-26
170653,AGSC,海岸测量舰,,2012-11-26
170654,AGP,鱼雷快舰；母舰,,2012-11-26
170657,AGOR,海洋研究舰,,2012-11-26
170659,AGMR,主要通讯中继船,,2012-11-26
170661,AGM,飞弹靶场仪表船,,2012-11-26
170663,AGL,巡逻战斗支援舰,,2012-11-26
170664,AGFF,研究巡防舰,,2012-11-26
170665,AGER,环境研究舰,,2012-11-26
170666,AGF,多目标指挥舰,,2012-11-26
170670,AGEH,水翼研究舰,,2012-11-26
170672,AGDS,辅助深水支援舰,,2012-11-26
170673,AGDE,护航研究舰,,2012-11-26
170675,AGD,远洋挖泥船,,2012-11-26
170677,AG,气象军士；杂型辅助舰,,2012-11-26
170679,AFWR,大西洋舰队武器射击场,,2012-11-26
170681,AFTS,自动频率调转换,,2012-11-26
170683,afternoon effect,午后效应,,2012-11-26
170685,afterheat,残热,,2012-11-26
170686,aftermost,舰尾部,,2012-11-26
170689,AFS,战斗物质补给舰,,2012-11-26
170691,AFRTS,三军无线电及电视系统,,2012-11-26
170692,AFDM,中型浮坞{无动力},,2012-11-26
170695,AFDL,小型浮坞{有动力},,2012-11-26
170697,AFCS,自动飞行控制系统,,2012-11-26
170698,AFDB,大型浮坞{无动力},,2012-11-26
170699,AFAC,空戴前进空管官,,2012-11-26
170701,AF,补给舰{食品},,2012-11-26
170703,AEW,空中早期预警[台],,2012-11-26
170705,aerophare,无线电标杆,,2012-11-26
170707,aeronautical beacon,航空灯标航空标竿,,2012-11-26
170709,aerodrome reference point,航空站基制点,,2012-11-26
170711,aerodrome control tower,航站管制塔,,2012-11-26
170712,aerodrome beacon,航空站灯标,,2012-11-26
170713,aerial supply,空中补给,,2012-11-26
170717,aerial photography,空中照像,,2012-11-26
170721,aerial navigation map,航空地图,,2012-11-26
170724,aerial mine; aircraft laid mine,空投水雷,,2012-11-26
170725,aerial delivery; air delivery,空投,,2012-11-26
170728,AE,弹药补给舰航空电机士,,2012-11-26
170729,ADVTNG,高级训练,,2012-11-26
170732,advisory informative control,指挥情况管制,,2012-11-26
170733,advisory control,指导管制；指挥情况管制,,2012-11-26
170734,advancement in rating,[士兵]升级,,2012-11-26
170738,advanced surface missile system {= ASMS},前进之水面飞弹系统,,2012-11-26
170740,advanced sea based deterrant {= ASBD},前进之海基吓阻武力,,2012-11-26
170744,advanced base functional component; advance base function components {= ABFC},前进基地作业单元,,2012-11-26
170747,advance undersea weapons {= AUW},高级水中兵器,,2012-11-26
170749,advance screen; advanced screen,前置屏卫,,2012-11-26
170750,advance range,前置射距,,2012-11-26
170753,advance naval base,前进海军基地,,2012-11-26
170754,advance materoa requirements {= AMR},先期军品需求量,,2012-11-26
170756,advance force operations group,先遣部队作战支队,,2012-11-26
170757,advance force,先遣部队,,2012-11-26
170759,advance development objective {= ADD},先期发展目标,,2012-11-26
170763,advance development,先期发展,,2012-11-26
170765,advance base unit,前进基地单位,,2012-11-26
170767,advance base system publications,前进基地系统书刊,,2012-11-26
170769,advance base depot,前进基地库,,2012-11-26
170771,advance base assemblies,前进基地编组,,2012-11-26
170774,ADTAKE,请告知已采取何种行动{海军军语},,2012-11-26
170776,ADSTADIS,通告状态及布置,,2012-11-26
170778,Adock antenna,艾特可克天线,,2012-11-26
170780,ADMSG,电信通知行政信文,,2012-11-26
170782,admiral's march,将军进行曲,,2012-11-26
170783,admiral {= adm.},海军上将,,2012-11-26
170785,ADMINSUP,行政支援,,2012-11-26
170787,ADMINORD,行政命令,,2012-11-26
170789,administrator,行政主管,,2012-11-26
170792,administrative report {= ADMINREP},行政报告,,2012-11-26
170795,administrative plan {= ADMINPLAN},行政计划,,2012-11-26
170796,administrative loading,行政装载,,2012-11-26
170799,administrative lead time,行政前置时间,,2012-11-26
170802,administrative group,行政支队,,2012-11-26
170804,administrative escort,行政护航,,2012-11-26
170806,administrative command {= ADCOMD},行政指挥,,2012-11-26
170808,administration control,行政管制,,2012-11-26
170811,administratice chain of command,行政指挥系统,,2012-11-26
170814,ADMIN,行政原属行政单位指挥官,,2012-11-26
170815,ADM,原子爆破弹药,,2012-11-26
170816,ADMAT,行政及物资检查,,2012-11-26
170818,ADLM,空布地雷,,2012-11-26
170819,ADL,配赋资料表兵器资料传送线,,2012-11-26
170821,adjust fire,修正射击,,2012-11-26
170823,ADINSP; ADMININSP,行政校阅,,2012-11-26
170826,ADG,消磁舰,,2012-11-26
170829,ADF,自动测向仪自动侧向,,2012-11-26
170830,ADEX,高后反潜作战操演,,2012-11-26
170832,ADDW,自动拨号发令线路,,2012-11-26
170835,ADDS,空中展开投送系统,,2012-11-26
170837,ADDEE,受文者,,2012-11-26
170839,add ladders,舰砲递增阶梯射击法,,2012-11-26
170840,ADD,音响欺骗装置；先期发展目标,,2012-11-26
170843,ADA,战斗资讯；自动系统,,2012-11-26
170844,ADCON,通知全体有关人员行政管制,,2012-11-26
170848,AD [= aviation machinist's; aviation ordnanceman],航空机械士；航空军械士,,2012-11-26
170850,ACV-Auxiliary Aircraft Carrier,辅助航空母舰,,2012-11-26
170853,ACV-Air Cushion Vchicle,气垫车辆,,2012-11-26
170854,actuation width,武器引发宽度,,2012-11-26
170856,actuation,引发启动,,2012-11-26
170857,actual time of interception {= ATI},实际拦截时间,,2012-11-26
170860,actual time of departure {= ATD},实际启航时间,,2012-11-26
170861,actual time of arrival,实际到达时间,,2012-11-26
170864,ACTRL,音响试验,,2012-11-26
170865,active sonar detecion,主动式声纳侦测,,2012-11-26
170871,active sonar,主动式声纳,,2012-11-26
170872,active homing guidance,鱼雷飞弹主动归向导行,,2012-11-26
170874,active ECM,主动电子反制,,2012-11-26
170876,active duty {= ACDU},现役,,2012-11-26
170878,active defense,功势防御；积极防御,,2012-11-26
170882,active air defense,积极防空,,2012-11-26
170884,active acoustic torpedo,主动式音响鱼雷,,2012-11-26
170885,activation,成军启封；活化；活性作用,,2012-11-26
170887,activate,成立成军启封,,2012-11-26
170888,action starboard,右舷作战,,2012-11-26
170889,action repoet,战斗报告,,2012-11-26
170893,action port,左舷作战,,2012-11-26
170895,action data automation system,战斗资讯自动系统,,2012-11-26
170896,action,战斗,,2012-11-26
170899,act independently,单独行动,,2012-11-26
170901,act at discretion,径自决定行动,,2012-11-26
170903,ACT,启封成立成军空管组,,2012-11-26
170905,ACSM,音响作战支援措施,,2012-11-26
170907,ACR,装甲巡洋舰,,2012-11-26
170909,ACP,同盟国通讯书刊,,2012-11-26
170910,acoustic torpedo,音响鱼雷,,2012-11-26
170914,acoustic sweeping,音响扫雷,,2012-11-26
170917,acoustic sonar range prediction system {= ASRAPS},声纳距离预测系统,,2012-11-26
170920,acoustic short-pulse echo classification technique {ASRAPS},短脉波声波回迹鉴定技术；短脉波音响回迹鉴定技术,,2012-11-26
170921,acoustic scattering,音响散射,,2012-11-26
170923,acoustic noise,闻声噪音,,2012-11-26
170924,acoustic mine,音响水雷,,2012-11-26
170928,acoustic homing torpedo,音响归向鱼雷,,2012-11-26
170929,acoustic field,音场,,2012-11-26
170930,acoustic dispersion,音散,,2012-11-26
170933,acoustic data analysis center {= ADAC},音响资料分析中心,,2012-11-26
170936,acoustic countermeasures {= ACM; ACCM},音响反制措施,,2012-11-26
170939,aclinic,无磁倾角的,,2012-11-26
170941,aclinal,无倾角的；水平的,,2012-11-26
170943,ACINT,音响情报,,2012-11-26
170945,aciation electro-nicsman {= AL},航空电仪士,,2012-11-26
170947,acey-deucy,海军旗,,2012-11-26
170949,ACEL,空勤装备实验室,,2012-11-26
170951,accessory control unit,辅助控制器,,2012-11-26
170954,ACCESS,海上消耗费用及成效检验系统,,2012-11-26
170955,accepting authority,舰船接收机构,,2012-11-26
170956,acceptance band,可用波带,,2012-11-26
170957,accepted weight estimate,认可之重量估计,,2012-11-26
170961,acceptable quality levels,品质验收标准,,2012-11-26
170962,acceleration error,加速度误差,,2012-11-26
170963,acceptable material list,堪用物质表,,2012-11-26
170964,AC,空管人员；飞机；机体改装,,2012-11-26
170965,absence without leave,逾时归营；不假外出,,2012-11-26
170966,absentee,不假外出人员；缺席人员,,2012-11-26
170970,absence indicator,离舰指示旗,,2012-11-26
170972,ABSD,前进基地组合型船鸣,,2012-11-26
170973,abridged arrival report {HABREP},简式到达报告,,2012-11-26
170974,abreast,并肩,,2012-11-26
170977,ABIOL,前进基地原始编装表,,2012-11-26
170978,ABCD,前进基地建材库,,2012-11-26
170981,abbreviation for a destroyer tender {= AD},驱逐舰；母舰,,2012-11-26
170984,Abac,换角表,,2012-11-26
170985,AB,吊杆船；航空；帆览士；后燃器,,2012-11-26
170986,AAWSUP,防空作战支援,,2012-11-26
170988,AAWIPT,港内防空作战训练,,2012-11-26
170989,AAWEXINPT,港内防空作战操演,,2012-11-26
170990,AAWEX,防空作战操演,,2012-11-26
170994,AAWC,防空作战指挥/协调官,,2012-11-26
170996,AAV,空降突击车辆,,2012-11-26
170997,AALC,两栖突击登陆艇,,2012-11-26
170998,AAC,对空普通弹,,2012-11-26
170999,AADC,防空作战中心,,2012-11-26
171003,AA lookout,对空瞭望哨,,2012-11-26
171007,AA,绝对高度；航空历；防空,,2012-11-26
171009,A/S,反水面舰船,,2012-11-26
171011,A/C,飞机机长,,2012-11-26
171012,zyglo penetrant method,萤光渗透探伤法,,2012-11-26
171014,zyglo inspection method,萤光探伤法,,2012-11-26
171017,zirconium scrap,锆残料,,2012-11-26
171018,zirconium picramate,苦味酸锆,,2012-11-26
171019,zirconium nitrate,硝酸锆,,2012-11-26
171023,zirconium hydride,氢化锆,,2012-11-26
171026,zirconium,锆,,2012-11-26
171028,zine protector,锌护板{防锈},,2012-11-26
171029,zincing,镀锌；浸锌,,2012-11-26
171031,zinc-anode for protection,锌阳极防蚀,,2012-11-26
171033,zinc slab,锌块,,2012-11-26
171035,zinc rod,锌条,,2012-11-26
171037,zinc plate,锌板,,2012-11-26
171039,zinc phosphide,磷化锌,,2012-11-26
171041,zinc peroxide,过氧化锌,,2012-11-26
171043,zinc permanganate,过锰酸锌,,2012-11-26
171046,zinc nitrate,硝酸锌,,2012-11-26
171047,zinc dust,锌尘,,2012-11-26
171048,zinc coating; zinc galvanizing; zinc-plating,镀锌,,2012-11-26
171051,zinc chloride,氯化锌,,2012-11-26
171053,zinc chlorate,氯酸锌,,2012-11-26
171055,zinc ash,锌灰,,2012-11-26
171057,zinc arsenite,亚砷酸锌,,2012-11-26
171059,zinc arsenate,砷酸锌,,2012-11-26
171060,zinc ammonium nitrite,亚硝酸锌铵,,2012-11-26
171061,zinc alloy,锌合金,,2012-11-26
171063,zinc,锌,,2012-11-26
171064,zigzag weld,交错熔焊,,2012-11-26
171066,yield strength,降伏强度,,2012-11-26
171068,yield point,降伏点,,2012-11-26
171069,yellow phosphorus,黄磷,,2012-11-26
171071,yeast,酵母,,2012-11-26
171073,xylol bromide,溴二甲苯,,2012-11-26
171074,xylidine,二甲苯胺,,2012-11-26
171076,xylenol,二甲酚,,2012-11-26
171078,xylene; xylol,二甲苯,,2012-11-26
171080,X-rays,X射线；X光,,2012-11-26
171081,X-ray's photography,X射线照相术,,2012-11-26
171083,X-ray tube,X射线管,,2012-11-26
171084,X-ray photograph,X光照像,,2012-11-26
171086,X-ray non-destructive testing,X射线非破坏性探伤,,2012-11-26
171087,X-ray inspection,X光检查,,2012-11-26
171090,X-ray examination,X光检验,,2012-11-26
171091,X-ray film,X光胶片,,2012-11-26
171093,x-organ,X线体,,2012-11-26
171094,xenon,氙,,2012-11-26
171096,X-ary room,X射线室,,2012-11-26
171098,xanthine,黄花精,,2012-11-26
171099,wrought steel,熟钢；锻钢,,2012-11-26
171102,wrought iron,熟铁；锻铁,,2012-11-26
171106,wool waste,羊毛废头,,2012-11-26
171107,wood shaving,刨花,,2012-11-26
171109,wood preservatives,木材防腐剂,,2012-11-26
171111,wood alcohol,木醇；木精,,2012-11-26
171112,white zinc,白锌,,2012-11-26
171113,white zince paint,白锌漆,,2012-11-26
171115,white spirit,挥发油代用品,,2012-11-26
171117,white pig iron,白[口]生铁,,2012-11-26
171119,white phosphorus,白磷,,2012-11-26
171121,white metal bearing,白合金轴承,,2012-11-26
171122,white metal,白合金,,2012-11-26
171125,white lead paint,白铅漆；二号白漆,,2012-11-26
171126,white lead,白铅,,2012-11-26
171128,white arsenic,白砷,,2012-11-26
171130,wetted picric acid,湿润苦味酸,,2012-11-26
171132,wet iron sponge,湿铁海棉,,2012-11-26
171134,wet iron oxide,湿氧化铁,,2012-11-26
171138,wet chlorates,湿氯酸盐类,,2012-11-26
171139,wet charcoal,湿木炭,,2012-11-26
171140,weldment,熔接物,,2012-11-26
171141,welding wire,焊条,,2012-11-26
171142,welding torch,熔接矩,,2012-11-26
171145,welding tip,熔接嘴；气熔接喷嘴,,2012-11-26
171146,welding temperature,熔接温度；锻接温度,,2012-11-26
171149,welding technique,熔接技术,,2012-11-26
171152,welding symbols,熔接符号,,2012-11-26
171153,welding stress,熔接应力,,2012-11-26
171157,welding strain,熔接应变,,2012-11-26
171159,welding speed,熔接速率,,2012-11-26
171160,welding source,熔接电源,,2012-11-26
171163,welding shield,熔接护罩；焊接护罩；焊接护屏,,2012-11-26
171164,welding rod,焊条；熔接条,,2012-11-26
171165,welding set,整套熔接机具,,2012-11-26
171166,welding quality,熔接品质,,2012-11-26
171171,welding process,熔焊法,,2012-11-26
171172,welding procedure,熔接程序,,2012-11-26
171174,welding powder,熔接粉,,2012-11-26
171176,welding operation,熔接操作,,2012-11-26
171178,welding of splice,添板熔接,,2012-11-26
171180,welding mark,熔接标记；熔接痕,,2012-11-26
171183,welding manner,熔接方式,,2012-11-26
171184,welding machine,[电]焊机；电熔接机；定能电焊机,,2012-11-26
171185,welding leads,焊接导线,,2012-11-26
171186,welding joint,焊接合；锻接合,,2012-11-26
171189,welding heat,焊接热,,2012-11-26
171193,welding ground,电焊接地线,,2012-11-26
171195,welding goggles,熔接护目镜；焊接护目镜,,2012-11-26
171197,welding gigs and fixtures,熔接用夹具,,2012-11-26
171200,welding force,熔接力,,2012-11-26
171201,welding flux,熔接剂,,2012-11-26
171202,welding flame,熔接焰,,2012-11-26
171205,welding electrode,电熔接条；电焊条,,2012-11-26
171206,welding die,熔接模,,2012-11-26
171209,welding design,熔接设计,,2012-11-26
171210,welding current,熔接电流,,2012-11-26
171212,welding construction,焊接结构,,2012-11-26
171214,welding cable,熔接电缆,,2012-11-26
171215,welding,熔接；焊接,,2012-11-26
171216,welding arc,熔接电弧,,2012-11-26
171221,welded seam,焊缝；熔接缝,,2012-11-26
171224,welded part,熔焊部分,,2012-11-26
171226,welded joint,熔接合；焊接合；锻接合,,2012-11-26
171227,weldability,可焊性；可锻性,,2012-11-26
171228,weld-all-over,全周熔接,,2012-11-26
171232,weld spacing,熔焊间距,,2012-11-26
171233,weld size,熔焊尺寸,,2012-11-26
171235,weld penetration,熔接渗透,,2012-11-26
171236,weld metal area,熔接金属面积,,2012-11-26
171238,weld metal,熔接金属,,2012-11-26
171241,weld length,熔接长度,,2012-11-26
171242,weld interval,熔接间隔,,2012-11-26
171243,weld heat,熔接热,,2012-11-26
171247,weld gage,焊规,,2012-11-26
171248,weld delay time,熔接延迟时间,,2012-11-26
171249,weld crack,熔接裂痕,,2012-11-26
171253,weld bead,熔接焊珠,,2012-11-26
171254,weld,熔焊[部分]；锻接[部分],,2012-11-26
171256,wave amplitude,波幅,,2012-11-26
171258,water-vapor flux,水汽通量,,2012-11-26
171260,water vapor pressure,水汽压,,2012-11-26
171262,water vapor,水汽,,2012-11-26
171263,water temperature,水温,,2012-11-26
171265,water surface-film,水面薄膜,,2012-11-26
171267,water surface tension,水面张力,,2012-11-26
171268,water quenching,水淬火,,2012-11-26
171270,water pollution,水质污染,,2012-11-26
171273,water analysis kits,水质分析整套工具,,2012-11-26
171275,waste textile,废织品,,2012-11-26
171276,water absorption rate,吸水率,,2012-11-26
171279,waste felt,毡头,,2012-11-26
171281,wandering block method {welding},不定分段焊接法；不定分段熔焊法,,2012-11-26
171282,vulcanization,加硫作用,,2012-11-26
171285,volatile residue,挥发性残渣,,2012-11-26
171287,volatile oil,挥发油,,2012-11-26
171288,volatile base,挥发性盐基,,2012-11-26
171290,vitamin; vitamins,维生素[类],,2012-11-26
171292,vitamin oil,维生素油；鱼肝油,,2012-11-26
171293,vital statistics,生物统计,,2012-11-26
171296,viscous flow,黏滞流动,,2012-11-26
171299,viscosity-temperature,黏度-温度[曲线]图,,2012-11-26
171301,viscosity index improver,增黏剂,,2012-11-26
171302,viscosity index,黏度指数,,2012-11-26
171304,viscosimeter,黏度计,,2012-11-26
171306,virus,滤过性毒,,2012-11-26
171308,vinylidene plastic,亚乙烯基塑胶,,2012-11-26
171309,vinylidene chloride,二氯亚乙烯,,2012-11-26
171312,vinyle plastic,乙烯基塑胶,,2012-11-26
171314,vinyl trichlorosilane,乙烯三氯矽烷,,2012-11-26
171316,vinyl methyl ether,乙烯甲醚,,2012-11-26
171320,vinyl isobutyl ether,乙烯异丁醚,,2012-11-26
171322,vinyl fluoride; vinyl chloride,氯乙烯,,2012-11-26
171324,vinyl ethyl ether,乙烯乙醚,,2012-11-26
171326,vinyl bromide,溴乙烯,,2012-11-26
171327,vinyl acetate,乙酸乙烯酯,,2012-11-26
171330,Vibrio sp.,弧菌,,2012-11-26
171331,Vickers hardness,维氏硬度,,2012-11-26
171334,vertical welding,竖焊,,2012-11-26
171335,vermin exterminator,灭虫毒剂,,2012-11-26
171337,vegetable fabric,植物性纺织品,,2012-11-26
171339,varnish drier,清漆催干剂,,2012-11-26
171341,varnish,清漆,,2012-11-26
171343,vaporizer,气化器,,2012-11-26
171346,vapor pressure,蒸气压；水汽压,,2012-11-26
171347,vapor table,蒸气表,,2012-11-26
171349,vapor expansion,蒸气膨胀,,2012-11-26
171351,vapor density,蒸气密度,,2012-11-26
171352,vapor degreasing,蒸气除脂,,2012-11-26
171353,vapor cycle,蒸气循环,,2012-11-26
171357,vapor compression system,蒸气压缩系统,,2012-11-26
171358,vapor cleaner,蒸气清洁器,,2012-11-26
171360,vapor chart,蒸气线图,,2012-11-26
171363,vanillin,香草精,,2012-11-26
171365,vanadium trioxide,三氧化二钒,,2012-11-26
171368,vanadium trichloride,三氯化钒,,2012-11-26
171369,vanadium tetrachloride,四氯化钒,,2012-11-26
171372,vanadium steel,钒钢,,2012-11-26
171375,vanadium pentoxide,五氧化二钒,,2012-11-26
171377,vanadium oxytrichloride,氧三氯化钒,,2012-11-26
171379,valeryl chloride,戊醯氯,,2012-11-26
171380,valeral dehyde,戊醛,,2012-11-26
171381,valency charge,价电荷,,2012-11-26
171383,valence electron,价电子,,2012-11-26
171385,valence bond,价键,,2012-11-26
171387,valence,原子价,,2012-11-26
171390,vacuum test,真空试验,,2012-11-26
171391,vacuum manometer,真空压力器,,2012-11-26
171393,vacuum heater,真空加热器,,2012-11-26
171394,vacuum gauge,真空计,,2012-11-26
171397,vacuum evaporator,真空蒸发器,,2012-11-26
171399,vacuum ejector,真空抽气器,,2012-11-26
171401,vacuum drier,真空干燥器,,2012-11-26
171404,vacuum distillation,真空蒸馏,,2012-11-26
171405,vacuum cleaner,真空吸尘器,,2012-11-26
171407,vacuum chamber,真空室,,2012-11-26
171409,vacuum breaker valve,真空破除阀,,2012-11-26
171410,vacuum breaker,真空破除器,,2012-11-26
171411,vaccum tester,真空检罐器,,2012-11-26
171414,U-tube-heater,U型管加热器,,2012-11-26
171418,U-tube pressure gauge,U型管压力计,,2012-11-26
171420,utta percha solution,马来树胶溶液,,2012-11-26
171421,urea nitrate,硝基脲,,2012-11-26
171424,urea hydrogen peroxide,尿素过氧化氢,,2012-11-26
171425,upward weld,上向熔焊,,2012-11-26
171427,upset welding,端压熔焊,,2012-11-26
171429,unstable element,不稳定元素,,2012-11-26
171431,unsaturated steam,未饱和蒸汽,,2012-11-26
171433,unsaturated fatty acid,不饱和脂肪酸,,2012-11-26
171437,universal indicator,万能指示剂,,2012-11-26
171438,unionized ammonia,未解离氨,,2012-11-26
171439,uniform temperature,均匀温度,,2012-11-26
171443,uneven heating,不匀加热,,2012-11-26
171446,undersaturated,未饱和的,,2012-11-26
171447,under water welding,水中焊接,,2012-11-26
171449,undecane,十一碳烷,,2012-11-26
171453,ultraviolet detctor,紫外光检测器,,2012-11-26
171456,ultra-violet,紫外线,,2012-11-26
171458,turpentine substitute,松节油化用品,,2012-11-26
171460,turpentine,松节油,,2012-11-26
171463,tungsten hexafluoride,六氟化钨,,2012-11-26
171465,tryptone glucose extract agar,葡萄糖抽出物洋菜,,2012-11-26
171466,true vapor pressure,真蒸气压力,,2012-11-26
171467,tripton,水中无生命物质,,2012-11-26
171469,triple superphosphate,三过磷酸钙,,2012-11-26
171471,trinitrotoluene {= TNT},三硝基甲苯,,2012-11-26
171473,trinitroresorcinol,三硝基间二酚,,2012-11-26
171475,trinitrophenol [= picr acid],三硝基酚；苦味酸,,2012-11-26
171476,trinitrophenetole,三硝基苯乙醚,,2012-11-26
171479,trinitronaphthalene,三硝基萘,,2012-11-26
171481,trinitrometacresol,三硝基间甲酚,,2012-11-26
171484,trinitrofluorenone,三硝基茀酮,,2012-11-26
171485,trinitrochlorobenzene,三硝基氯苯,,2012-11-26
171486,trinitrobenzoic acid,三硝基苯甲酸,,2012-11-26
171488,trinitrobenzenesulphonic acid,三硝基苯磺酸,,2012-11-26
171490,trinitroanisole,三硝基苯甲醚,,2012-11-26
171492,trinitro benzene,三硝基苯,,2012-11-26
171495,trimethylchlorosilane,三甲基氯矽烷,,2012-11-26
171497,trimethylamine aqueous,三甲胺水,,2012-11-26
171499,trimethylamine,三甲基胺,,2012-11-26
171502,trimethyl aluminium; trimethylaluminium,三甲铝,,2012-11-26
171504,triethylamine,三乙胺,,2012-11-26
171505,triethyl aluminium; triethylaluminium,三乙铝,,2012-11-26
171506,trichlorosilane,三氯矽烷,,2012-11-26
171507,trichloronitromethane,三氯硝基甲烷,,2012-11-26
171512,trichloroethylene,三氯乙烯,,2012-11-26
171515,trichloroacetic acid,三氯乙酸,,2012-11-26
171518,tributyl aluminium,三丁铝,,2012-11-26
171520,transient state,暂态；过渡状态,,2012-11-26
171521,track torpedo,示迹鱼雷,,2012-11-26
171523,tracing steam,保温蒸汽,,2012-11-26
171524,tracer fuse; tracer fuzes,追踪引信,,2012-11-26
171526,toy torpedo,玩具鱼雷,,2012-11-26
171529,toy cap,玩具火帽,,2012-11-26
171530,toxic fume,有毒烟雾,,2012-11-26
171531,toxic aldehydes,有毒醛类,,2012-11-26
171534,toxic alcohols,有毒醇类,,2012-11-26
171535,total volatile solid {= TVS},总挥发性固体,,2012-11-26
171540,total volatile dissolved solid {= TVDS},总溶解挥发性固体,,2012-11-26
171541,total solid {= TS},总固体,,2012-11-26
171544,total residue,总残留物,,2012-11-26
171545,total residual chlorine,总残留氯,,2012-11-26
171547,total radiation,全辐射,,2012-11-26
171550,total particulate matter,总颗粒物,,2012-11-26
171552,total particulate carbon,总颗粒碳,,2012-11-26
171554,total nitrogen,总氮,,2012-11-26
171556,total heat,总热量,,2012-11-26
171558,total hardness,总硬度,,2012-11-26
171560,total dissolved solid {= TDS},总溶解性固体,,2012-11-26
171562,total cost {= TC},总值,,2012-11-26
171564,total chlorine,总氯量,,2012-11-26
171566,total base number {= TBN},总碱值,,2012-11-26
171568,total ammonia-nitrogen,总氨-氮,,2012-11-26
171570,total ammonia,总氨,,2012-11-26
171572,total alkalinity,总碱度,,2012-11-26
171574,total acidity,总酸度,,2012-11-26
171576,total acid number {= TAN},总酸值,,2012-11-26
171578,torutopsis candida var. marinae,海洋酵母,,2012-11-26
171579,torch welding,气炬熔接,,2012-11-26
171582,torch,[气]炬,,2012-11-26
171584,toluene,甲苯,,2012-11-26
171586,titanium tetrachloride,四氯化钛,,2012-11-26
171587,titanium powder,钛粉,,2012-11-26
171589,titanium hydride,氢化钛,,2012-11-26
171591,titanium chloride,氯化钛,,2012-11-26
171592,tinning,包锡；镀锡,,2012-11-26
171595,tin-base white-metal linings,锡基白金榇层,,2012-11-26
171596,tin tetrachloride,四氯化锡,,2012-11-26
171598,time fuse; time fuze; time fuzes,定时引信,,2012-11-26
171600,tight weld,封密熔焊,,2012-11-26
171601,thynnic acid,鲔酸,,2012-11-26
171602,thorium ore,钍鑛石,,2012-11-26
171605,thiophosphoryl chloride,硫磷醯氯,,2012-11-26
171606,thionyl chloride,亚硫醯氯,,2012-11-26
171610,thermostat controller,恒温控制器,,2012-11-26
171611,thermoscope,验温器,,2012-11-26
171612,thermophilic bacteria,好热细菌,,2012-11-26
171613,thermometry,测温术,,2012-11-26
171617,thermometer,温度计,,2012-11-26
171620,thermohygrograph,温湿仪,,2012-11-26
171622,thermo-hydraulic feed water regulator,温度液压给水调节器,,2012-11-26
171624,thermograph,温度仪,,2012-11-26
171627,thermogram,温度自记曲线,,2012-11-26
171628,thermoelectric thermometer,热电温度计,,2012-11-26
171630,thermodynamics,热力学,,2012-11-26
171632,thermodynamic chart,热力图,,2012-11-26
171633,thermocouple pyrometer,热电偶高温计,,2012-11-26
171636,thermocouple,热[电]偶,,2012-11-26
171637,thermit welding,发热熔焊；加热焊接,,2012-11-26
171638,thermit,铝热剂；发热熔接剂,,2012-11-26
171642,thermistor,电阻热[调节]器；电热调节器,,2012-11-26
171644,thermal tension,热张力,,2012-11-26
171646,thermal stress,热应力,,2012-11-26
171647,thermal stratification,温度分层,,2012-11-26
171649,thermal power,热功率,,2012-11-26
171652,thermal expansion,热膨胀,,2012-11-26
171653,thermal death time,热致死时间,,2012-11-26
171656,thermal death point,热致死温度,,2012-11-26
171658,thermal couple,热偶,,2012-11-26
171659,thermal conductance,热传,,2012-11-26
171662,thermal accumulator,蓄热器,,2012-11-26
171665,theory oxygen demand,理论氧需求量,,2012-11-26
171666,Thelohamia sp.,吸吮小孢子虫,,2012-11-26
171669,thallium compound,铊化合物,,2012-11-26
171670,tetrodotoxin,河豚毒,,2012-11-26
171673,tetrazine guanyl,胍基四氮胼,,2012-11-26
171674,tetranitromethane,四硝基甲烷,,2012-11-26
171678,tetramethylsilane,四甲基矽烷,,2012-11-26
171679,tetramethylammonium hydroxide,四甲[基]氢氧化铵,,2012-11-26
171681,tetramethyl lead,四甲基铅,,2012-11-26
171684,tetralin hydroperoxide,过氧化四氢萘,,2012-11-26
171685,tetrahydrothiophene,四氢噻吩,,2012-11-26
171689,tetrahydronaphthalene,四氢萘,,2012-11-26
171691,tetrahydrofuran,四氢呋喃,,2012-11-26
171692,tetrafluoromonosilane,四氟矽烷,,2012-11-26
171693,tetrafluoromethane,四氟甲烷,,2012-11-26
171694,tetrafluorohydrazine,四氟联氨,,2012-11-26
171695,tetrafluoroethylene,四氟乙烯,,2012-11-26
171700,tetrafluorodichloroethane,四氟二氯乙烷,,2012-11-26
171701,tetraethylenepentamine,四乙烯戊胺,,2012-11-26
171703,tetraethyl silicate,矽酸四乙酯,,2012-11-26
171706,tetraethyl pyrophos phate,焦磷酸四乙酯,,2012-11-26
171708,tetraethyl lead,四乙[基]铅,,2012-11-26
171710,tetraethyl dithiophyrophosphate; teraethyl dithiopyro-phosphate,二硫焦磷酸四乙酯,,2012-11-26
171711,tetracycline,四氯化仿,,2012-11-26
171714,tetrachloromethane,四氯甲烷,,2012-11-26
171717,tetrachloroethane,四氯乙烷,,2012-11-26
171719,test paper,试纸,,2012-11-26
171722,test animals,供实验动物,,2012-11-26
171725,tertiary butyl perbenzoate,过苯甲酸三级丁酯,,2012-11-26
171726,tertiary butyl peracetate,过乙酸三级丁酯,,2012-11-26
171729,tert butanol; tertiary butyl alcohol,三级丁醇,,2012-11-26
171731,terebene,松节水,,2012-11-26
171733,tension test,张力试验,,2012-11-26
171735,temporary hard water,暂时硬水,,2012-11-26
171737,temperature-entropy diagram,温度-熵线图,,2012-11-26
171739,temperature recorder,温度记录器,,2012-11-26
171741,temperature limitation,温度限制,,2012-11-26
171743,temperature detecting device,测温装置,,2012-11-26
171745,temperature detecting,测温,,2012-11-26
171746,temperature controller,温度控制器,,2012-11-26
171748,tellurium hexafluoride,六氟化碲,,2012-11-26
171749,technical pure,工业级纯度,,2012-11-26
171751,technical grade ether,工业用乙醚,,2012-11-26
171753,tear gas {irritating substances liquid or solid},催泪性毒气{刺激性物质液体或固体},,2012-11-26
171755,tartar emetic,吐酒石,,2012-11-26
171758,tarred paper,溚纸,,2012-11-26
171759,tarred felt,毡塔,,2012-11-26
171762,tannin,鞣质；单宁,,2012-11-26
171764,tamia culture medium,塔米亚氏培养基,,2012-11-26
171766,tack welding,定位[点]熔焊,,2012-11-26
171768,synthetic fiber,合成纤维,,2012-11-26
171770,synthetic dye,化学染料,,2012-11-26
171771,synthesis gas,合成气体,,2012-11-26
171774,sweet spirit of niter,香硝精,,2012-11-26
171775,sustainable yield {= SY},持续生产量,,2012-11-26
171777,suspension,水中悬浮物,,2012-11-26
171779,suspended solid {= SS},悬浮固体,,2012-11-26
171781,survical rate,生存率,,2012-11-26
171782,surrounding temperature,周温,,2012-11-26
171783,surface flares,水面用照明弹,,2012-11-26
171786,surface evaporation,表面蒸发,,2012-11-26
171788,supersaturated,过饱和,,2012-11-26
171791,superphosphate,过磷酸钙,,2012-11-26
171793,superheated steam,过热蒸汽,,2012-11-26
171794,sulphuryl chloride,硫醯氯,,2012-11-26
171795,sulphurous acid,亚硫酸,,2012-11-26
171797,sulphuric ether,硫酸醚,,2012-11-26
171800,sulphuric acid,硫酸,,2012-11-26
171801,sulphur trioxide,三氧化硫,,2012-11-26
171802,sulphur test,硫分试验,,2012-11-26
171803,sulphur rain,黄雨；硫化雨,,2012-11-26
171804,sulphur monochloride,一氯化硫,,2012-11-26
171807,sulphur hexafluoride,六氟化硫,,2012-11-26
171810,sulphur dioxide,二氧化硫,,2012-11-26
171811,sulphur dichloride,二氯化硫,,2012-11-26
171813,sulphonated oil,硫酸化油,,2012-11-26
171814,sulfur; sulphur,硫,,2012-11-26
171816,sulfur content,硫含量,,2012-11-26
171818,sulfite,亚硫酸盐,,2012-11-26
171820,sulfate,硫酸盐,,2012-11-26
171822,succinic acid peroxide,过氧化丁二酸,,2012-11-26
171823,succinic acid,琥珀酸,,2012-11-26
171826,submerged-melt welding,潜隔熔焊,,2012-11-26
171827,submerged arc welding,潜弧焊,,2012-11-26
171829,styphnate of lead,收歛酸铅,,2012-11-26
171831,stud welding,嵌柱焊接,,2012-11-26
171834,strychnine,番木鼈碱,,2012-11-26
171836,strontium peroxide,过氧化锶,,2012-11-26
171837,strontium perchlorate,过氯酸锶,,2012-11-26
171840,strontium nitrate,硝酸锶,,2012-11-26
171843,strontium dioxide,二氧化锶,,2012-11-26
171844,strontium chlorate,氯酸锶,,2012-11-26
171847,strontium arsenite,亚砷酸锶,,2012-11-26
171850,straw braid,草辫,,2012-11-26
171851,strong acid number {= SAN},强酸值,,2012-11-26
171852,straw,麦杆,,2012-11-26
171855,storage battery,蓄电池；蓄电器,,2012-11-26
171857,stick lac,黏虫胶,,2012-11-26
171859,stibine,锑化氢,,2012-11-26
171860,sterilization,杀菌,,2012-11-26
171861,stenothermal,狭温性,,2012-11-26
171865,stenohaline,狭盐性,,2012-11-26
171867,steel,钢,,2012-11-26
171868,steel-cored copper wire,钢心铜线,,2012-11-26
171869,stearine,硬脂,,2012-11-26
171870,stearin,三硬脂酸甘油酯,,2012-11-26
171871,stearic acid,硬脂酸,,2012-11-26
171877,steam smothering system,蒸汽窒火系统；蒸汽闷熄系统,,2012-11-26
171879,steam seasoning,蒸汽干燥,,2012-11-26
171881,steam propulsion,蒸气推进,,2012-11-26
171882,steam glue,硝酸性液胶,,2012-11-26
171883,steam emulsion,蒸汽乳化液,,2012-11-26
171887,steam distillation method,蒸气蒸馏法,,2012-11-26
171888,steam annealing,蒸汽退火,,2012-11-26
171891,steam,蒸汽,,2012-11-26
171892,starch,淀粉,,2012-11-26
171893,star shell,照明弹,,2012-11-26
171897,stannic chloride,氯化锡,,2012-11-26
171898,stannic phosphide,磷化锡,,2012-11-26
171899,standard dose,标准剂量,,2012-11-26
171900,standard atmospheric pressure,标准大气压[力],,2012-11-26
171904,stain,著色剂,,2012-11-26
171906,stable arc welding,安定电弧焊；安定电弧熔接,,2012-11-26
171907,stabilized sulphur trioxide,稳定三氧化硫,,2012-11-26
171909,square grooved weld,方槽熔焊,,2012-11-26
171911,spot welding,点焊,,2012-11-26
171913,spot welder,点熔接器,,2012-11-26
171916,sporting powder,运动器材用火药,,2012-11-26
171918,spirit of nitroglycerin,硝酸甘油精,,2012-11-26
171921,spike,撞针,,2012-11-26
171923,spent sulfuric acid; spent sulphuric acid,废硫酸,,2012-11-26
171925,spent oxide,废氧化物,,2012-11-26
171926,spent mixed acid,废混合酸,,2012-11-26
171927,spent iron sponge,废铁海棉,,2012-11-26
171931,spent iron oxide,废氧化铁,,2012-11-26
171932,spent acid,废酸,,2012-11-26
171934,specific weight,比重量,,2012-11-26
171936,specific total heat,比总热,,2012-11-26
171940,specific pressure,比压力,,2012-11-26
171941,specific output,输出比量,,2012-11-26
171943,specific lubricating oil consumption,单位滑油消耗量,,2012-11-26
171945,specific internal latent heat,比内潜热,,2012-11-26
171946,specific heat content,比热含量,,2012-11-26
171947,specific heat consumption,单位耗热量,,2012-11-26
171950,specific heat at constant volume,定容比热,,2012-11-26
171951,specific heat at constant pressure,定压比热,,2012-11-26
171952,specific heat,比热,,2012-11-26
171954,specific fuel consumption,燃料消耗率,,2012-11-26
171955,specific entropy,比熵,,2012-11-26
171959,specific enthalpy,比焓,,2012-11-26
171960,specific energy,比能量,,2012-11-26
171964,specific cylinder oil consumption,单位气缸耗油量,,2012-11-26
171966,specific combustion intensity,燃烧饱和度,,2012-11-26
171967,specific capacity,比容量,,2012-11-26
171971,specific air consumption,单位耗气量,,2012-11-26
171973,spark,火花,,2012-11-26
171974,sparkler,火花弹,,2012-11-26
171975,solvent naphtha,溶剂石油脑,,2012-11-26
171976,solvent,溶剂,,2012-11-26
171979,solution,溶液,,2012-11-26
171980,soluble lead compounds,可溶性铅化合物,,2012-11-26
171981,solid thallium salt,固体铊盐,,2012-11-26
171982,solidification point,凝固点,,2012-11-26
171986,solid state,固态,,2012-11-26
171987,solid solution,固熔体,,2012-11-26
171988,solid projectile,实心弹头,,2012-11-26
171992,solid paris green,固体巴黎绿,,2012-11-26
171994,solid lithium hydroxide,固体氢氧化锂,,2012-11-26
171995,solid fuel,固体燃料,,2012-11-26
171998,solid carbon dioxide,固体二氧化碳；干冰,,2012-11-26
171999,soldering tool,软焊工具,,2012-11-26
172003,soldering flux,焊剂,,2012-11-26
172005,sold iron arsenate,固体砷酸铁,,2012-11-26
172007,solar energy,太阳能,,2012-11-26
172008,softening,软化,,2012-11-26
172011,soft solder,软焊料,,2012-11-26
172012,soft fiber,软质纤维,,2012-11-26
172015,sodium-potassium aolloy,钠钾合金,,2012-11-26
172016,sodium sulfide; sodium sulphide,硫化钠,,2012-11-26
172017,sodium salt of nitroaromatic derivative explosive,硝基芳香族纳盐炸药,,2012-11-26
172018,sodium picramate,苦味酸钠,,2012-11-26
172019,sodium phosphide,磷化钠,,2012-11-26
172020,sodium persulphate,过硫酸钠,,2012-11-26
172021,sodium peroxide; sodium superoxide,过氧化钠,,2012-11-26
172022,sodium permanganate,过锰酸钠,,2012-11-26
172026,sodium perchlorate,过氯酸钠,,2012-11-26
172027,sodium perborate,过硼酸钠,,2012-11-26
172029,sodium ortho-arsenate,正砷酸钠,,2012-11-26
172030,sodium nitrite,亚硝酸钠,,2012-11-26
172031,sodium monoxide,氧化钠,,2012-11-26
172034,sodium methylate,甲醇钠,,2012-11-26
172035,sodium methoxide,甲氧基钠,,2012-11-26
172037,sodium meate,钠金属,,2012-11-26
172040,sodium hydrogen sulphite,亚硫酸氢钠,,2012-11-26
172043,sodium hydrogen sulphate,硫酸氢钠,,2012-11-26
172044,sodium hydrogen fluoride,氟氢化钠,,2012-11-26
172046,sodium hydride,氢化钠,,2012-11-26
172047,sodium hydrate; sodium hydroxide,氢氧化钠,,2012-11-26
172050,sodium fluorosilicate,氟矽酸钠,,2012-11-26
172052,sodium fluoroacetate,单氟乙酸钠,,2012-11-26
172054,sodium fluoride,氟化钠,,2012-11-26
172056,sodium dithionate,二硫磺酸钠,,2012-11-26
172059,sodium dimethy arsenate,二甲基砷酸钠,,2012-11-26
172060,sodium dichromate,重铬酸钠,,2012-11-26
172064,sodium copper cyanide,氰亚铜酸钠,,2012-11-26
172066,sodium chloroacetate,氯乙酸钠,,2012-11-26
172068,sodium chlorite,亚氯酸钠,,2012-11-26
172071,sodium cacodylate,二甲胂酸钠,,2012-11-26
172073,sodium bromate,溴酸钠,,2012-11-26
172075,sodium borohydride,氢硼化钠,,2012-11-26
172078,sodium binoxide [= sodium dioxide; sodium peroxide],二氧化钠；过氧化钠,,2012-11-26
172080,sodium azide,叠氮化钠,,2012-11-26
172082,sodium arsenite,亚砷酸钠,,2012-11-26
172084,sodium arsenate,砷酸钠,,2012-11-26
172085,sodium ammonium vanadate,钒酸铵钠,,2012-11-26
172088,sodium amide,钠胺,,2012-11-26
172091,sodium amalgam,钠汞齐,,2012-11-26
172093,sodium aluminate,铝酸钠,,2012-11-26
172095,sodium,钠,,2012-11-26
172096,soda lime,验石灰,,2012-11-26
172097,smothering method,窒息法,,2012-11-26
172102,smokeless powder {for cannon or small arms},无烟火药{砲用或小武器用},,2012-11-26
172103,smoke signal,烟幕信号,,2012-11-26
172104,smoke pot,发烟罐,,2012-11-26
172108,smoke pipe fire alarm system,烟管火警系统,,2012-11-26
172110,smoke observation device,测烟装置,,2012-11-26
172112,smoke generator,烟雾发生器,,2012-11-26
172115,smoke detector,探烟器,,2012-11-26
172117,smoke bomb,烟幕弹,,2012-11-26
172119,small arms primer,小火帽,,2012-11-26
172120,slot weld,[塞]槽焊,,2012-11-26
172123,slop,污油水,,2012-11-26
172124,slime,黏液,,2012-11-26
172125,skip welding,跳越焊接,,2012-11-26
172127,skip methed; wandering methed,跳越焊接法,,2012-11-26
172129,skatole,粪臭素,,2012-11-26
172131,sisal,琼麻；龙舌兰麻,,2012-11-26
172133,sintered carbide steel,烧结碳化钢,,2012-11-26
172134,sintered carbide,烧结碳化物,,2012-11-26
172136,single fiber,单纤维,,2012-11-26
172138,silver soldering,银焊,,2012-11-26
172140,silver solder,银焊料,,2012-11-26
172141,silver picrate,苦味酸银,,2012-11-26
172142,silver nitrate,硝酸银,,2012-11-26
172145,silver arsenite,亚砷酸银,,2012-11-26
172147,silicone,矽基树脂,,2012-11-26
172148,silicon tetrachloride,四氯化矽,,2012-11-26
172150,silicon steel plate,矽钢片,,2012-11-26
172151,silicon powder,矽粉,,2012-11-26
172153,silicon diode,矽二极体,,2012-11-26
172155,silicon chloride,氯化矽,,2012-11-26
172158,silicon,矽,,2012-11-26
172160,silicofluoride,氟化矽,,2012-11-26
172161,silicofluoric acid,矽氟酸,,2012-11-26
172163,silicate,矽酸盐,,2012-11-26
172164,silica; silicic acid,矽酸,,2012-11-26
172166,silica slags,矽渣,,2012-11-26
172167,silane,甲矽烷,,2012-11-26
172170,signal ship distress,船舶遇难信号,,2012-11-26
172173,shrinking,收缩,,2012-11-26
172174,signal cartridges,信号用弹药,,2012-11-26
172177,shrinkage percentage,缩结率；收缩率,,2012-11-26
172178,shredded wood,木片,,2012-11-26
172180,shielded arc welding,被复电弧熔接,,2012-11-26
172181,shoddy,废绒料,,2012-11-26
172183,shield arc welding,被复电弧焊,,2012-11-26
172184,shield arc electrode,被复电弧焊条,,2012-11-26
172188,shellac,虫胶,,2012-11-26
172191,shell charcoal,壳核炭,,2012-11-26
172192,sheet zinc,锌皮；薄锌板,,2012-11-26
172195,sheet steel,钢皮；薄钢板,,2012-11-26
172197,sheet mica,云母片,,2012-11-26
172198,sheet copper,铜皮；薄铜板,,2012-11-26
172200,sheep dips,涤羊毛液,,2012-11-26
172204,sharp freezing,空气冻结法,,2012-11-26
172205,shale oil,页岩油,,2012-11-26
172207,sewage treatment unit,污水处理装置,,2012-11-26
172208,settleable metter,沉淀性物质,,2012-11-26
172210,setting time,凝结时间；硬化时间,,2012-11-26
172212,series welding,串联熔焊,,2012-11-26
172215,sequence of welding; welding sequence,熔焊顺序,,2012-11-26
172216,semi-metallic,半金属,,2012-11-26
172218,semi-automatic welding,半自动焊接,,2012-11-26
172220,self ignition temprature,自行引燃温度,,2012-11-26
172221,selenium metal powder,硒金属粉末,,2012-11-26
172223,selenium hexafluoride,六氟化硒,,2012-11-26
172225,selenium disulphide,二硫化硒,,2012-11-26
172228,selenite,亚硒酸盐,,2012-11-26
172229,selenate,硒酸盐,,2012-11-26
172231,seed cake,种子饼,,2012-11-26
172233,security hours,安全时间,,2012-11-26
172235,secondary nutrients,次级营养素,,2012-11-26
172236,Secchi disk,[西奇氏]透明板,,2012-11-26
172238,sec-butanol,二级丁醇,,2012-11-26
172242,seal weld,封闭熔接；防漏熔接,,2012-11-26
172244,sea water evaporator,海水蒸发器,,2012-11-26
172246,sea water desalting plant,海水淡化装置 ,,2012-11-26
172248,scarph weld; tongue weld,嵌合锻接,,2012-11-26
172249,sawdust,锯屑,,2012-11-26
172252,saturation vapor pressure,饱和水汽压,,2012-11-26
172253,saturation temperature,饱和温度,,2012-11-26
172256,saturation pressure,饱和压力,,2012-11-26
172257,saturation point,饱和点,,2012-11-26
172259,saturation mixing ratio,饱和混合比,,2012-11-26
172261,saturation line,饱和线,,2012-11-26
172262,saturation deficit,饱和差,,2012-11-26
172264,saturation,饱和,,2012-11-26
172265,saturation adiabat,湿绝热线；饱和绝热线,,2012-11-26
172267,saturated vapour,饱和水汽；饱和气,,2012-11-26
172269,saturated steam temperature,饱和蒸汽温度,,2012-11-26
172273,saturated steam pressure [= saturated vapor pressure],饱和蒸汽压力；饱和蒸气压力,,2012-11-26
172275,saturated steam,饱和蒸汽,,2012-11-26
172279,saturated solution,饱和溶液,,2012-11-26
172281,saturated air,饱和空气,,2012-11-26
172282,sarcina,八联球菌,,2012-11-26
172283,sanitary sewage; sewage,污水,,2012-11-26
172285,sandloaded projectile,装沙弹头,,2012-11-26
172287,sand acid,砂酸,,2012-11-26
172289,sand,砂,,2012-11-26
172290,sample explosive substance,样品爆炸物质,,2012-11-26
172291,salute {exceeding 12 grs of explosive},礼砲{含爆炸物超过12喱},,2012-11-26
172292,salmine,鲑精素,,2012-11-26
172293,saltpeter,硝石,,2012-11-26
172297,salinometer,盐度计,,2012-11-26
172299,salinity refractometer,盐度屈折计,,2012-11-26
172301,salinity,盐度,,2012-11-26
172303,safety squib,安全引爆器,,2012-11-26
172305,safety fuse,安全引信,,2012-11-26
172306,sacrifical anodes,耗蚀性阳极,,2012-11-26
172310,rustless steel; stainless steel,不锈钢,,2012-11-26
172311,rust preventive coating,防锈涂料,,2012-11-26
172313,rust oxidation and discolouration {= r.o.d.},生锈、氧化及变色,,2012-11-26
172315,rust,生锈,,2012-11-26
172317,rubidium hydroxide,氢氧化铷,,2012-11-26
172318,rubidium metal,铷金属,,2012-11-26
172322,rubber scrap {powdered or granulated form},橡胶废料{粉状或粒状},,2012-11-26
172323,rubber cement,橡胶胶合剂,,2012-11-26
172326,rosin oil,松香油,,2012-11-26
172327,roofing cement,屋顶胶合剂,,2012-11-26
172329,roman candle {fire works},罗马烛{烟火类},,2012-11-26
172331,roll welding,滚动焊接,,2012-11-26
172333,rodenticide,杀啮齿动物剂,,2012-11-26
172335,rocket motor,火箭引擎,,2012-11-26
172336,rocket {with bursting charge},火箭{附爆炸管},,2012-11-26
172340,road asphalt tar or oil,铺路沥青溚或油,,2012-11-26
172344,road asphalt liquid,铺路沥青液体,,2012-11-26
172345,rivet explosive,铆钉爆炸,,2012-11-26
172346,rifle smoke grenade,烟幕枪榴弹,,2012-11-26
172347,rifle powder,步枪火药,,2012-11-26
172351,rifle incendiary grenade,烧夷枪榴弹,,2012-11-26
172352,rifle gas grenade,毒气枪榴弹,,2012-11-26
172353,resorcin [= resorcinol],间二酚；树脂酚,,2012-11-26
172355,resistant to water,抗水,,2012-11-26
172356,resistant to oil,抗油,,2012-11-26
172358,resistant to liquid,抗液,,2012-11-26
172359,resistant to fire,抗火,,2012-11-26
172361,resistant to dust,抗尘,,2012-11-26
172363,resin solution,树脂溶液,,2012-11-26
172364,residues,残留物,,2012-11-26
172365,removing rust,除锈,,2012-11-26
172371,"removing liquid {compounds, enamel, lacquer, paint or varnish etc.}",除去物液体{去除瓷漆、假漆、油漆或清漆等},,2012-11-26
172372,regenerator,回热器；再生器,,2012-11-26
172376,regenerative feed water heater,再热给水加热器,,2012-11-26
172380,regenerative cycle,再生循环；再生周,,2012-11-26
172382,regenerating heat exchanger,蓄热式热交换器,,2012-11-26
172384,refrigerator oil,冷冻油,,2012-11-26
172386,refrigeration system,冷冻系统,,2012-11-26
172388,refrigeration agent,冷冻剂；冷媒,,2012-11-26
172390,refrigerating medium pump,冷媒泵,,2012-11-26
172391,refrigerating machine; refrigerator,冷冻机,,2012-11-26
172394,refrigerating machine,冰机；冷冻机,,2012-11-26
172396,refrigerating cycle,再循环,,2012-11-26
172397,refrigerating chamber,冷藏室,,2012-11-26
172399,refrigerated liquid oxygen,冷冻液体氧,,2012-11-26
172401,refrigerated liquid nitrogen,冷冻液体氮气,,2012-11-26
172404,refrigerated ethylene liquid,久冻乙烯液体,,2012-11-26
172407,refrigerated chamber,冷冻库,,2012-11-26
172408,refrigerant gas,冷冻剂气体,,2012-11-26
172410,refrigerant,冷媒；冷冻剂,,2012-11-26
172412,refractory clay,耐火黏土；火泥,,2012-11-26
172413,refractory brick,耐火砖,,2012-11-26
172414,refractoriness,耐火性,,2012-11-26
172415,refined petroleum,精炼石油,,2012-11-26
172419,refined oil,精炼油,,2012-11-26
172422,Redwood viscosity,雷氏黏度,,2012-11-26
172423,Redwood viscosimeter,雷氏黏度计,,2012-11-26
172426,"reducing liquid {compounds, enamel lacquer, paint or varnish etc.}",稀释物液体{瓷漆、假漆、油漆或清漆等},,2012-11-26
172427,redox potentials,氧化还原电位,,2012-11-26
172428,red lead paint,红丹[漆],,2012-11-26
172434,red fuming nitric acid,发烟硝酸,,2012-11-26
172435,recooler,再冷器,,2012-11-26
172436,rayon fiber,嫘萦纤维,,2012-11-26
172438,rate of reaction,反应率,,2012-11-26
172441,rate of diffusion,扩散率,,2012-11-26
172442,rare gas mixture,稀有气体混合物,,2012-11-26
172445,range oil,炉灶油,,2012-11-26
172446,railway torpedo,铁路用号砲,,2012-11-26
172450,railway fuse {with spike},铁路引信{附撞针},,2012-11-26
172453,railway flare {with spike},铁路闪光信号{附撞针},,2012-11-26
172454,rag scrap,碎破布,,2012-11-26
172458,rag oil,油污破布,,2012-11-26
172459,radium {= Ra},镭,,2012-11-26
172462,radiographic test,放射线检验,,2012-11-26
172465,radiographic search of weld,放射线熔焊检验,,2012-11-26
172467,radiographic inspection,放射线检查,,2012-11-26
172469,radioactivity,放射性,,2012-11-26
172471,radioactive isotope; radioisotope,放射性同位素,,2012-11-26
172474,radiative equilibrium,辐射平衡,,2012-11-26
172478,radiation superheater,辐射热过热器,,2012-11-26
172479,radiation pyrometer,辐射高温计,,2012-11-26
172481,radiation potential,辐射电位,,2012-11-26
172483,radiation loss,辐射[热]损失,,2012-11-26
172484,radiation fog,辐射雾,,2012-11-26
172487,radiation damping,辐射阻尼,,2012-11-26
172489,radiation cooling,辐射冷却,,2012-11-26
172490,radiation,辐射；放射,,2012-11-26
172492,radiant ray,辐射线,,2012-11-26
172493,radiant heat,辐射热,,2012-11-26
172494,radiant flux,辐射通量,,2012-11-26
172499,radiant energy,辐射能,,2012-11-26
172500,radiant density,辐射密度,,2012-11-26
172502,quinoline,喹啉,,2012-11-26
172505,quinicrine hydrochlonide,根宁水氯剂,,2012-11-26
172507,quicklime; unslaked lime,生石灰,,2012-11-26
172508,quick smoking,急速熏制法,,2012-11-26
172510,quick freezing,急速冻结法；快速冷冻,,2012-11-26
172511,quenching temprersture,淬火温度,,2012-11-26
172513,quenching tank,淬火池,,2012-11-26
172515,quenching stress,淬火应力,,2012-11-26
172516,quenching oil,淬火油,,2012-11-26
172518,quenching machine,淬火机,,2012-11-26
172521,quenching liquid,淬火淬,,2012-11-26
172523,quenching hardening,淬火硬化,,2012-11-26
172525,quenching crack,淬火裂痕,,2012-11-26
172527,quenching ageing,淬火时效,,2012-11-26
172530,quenching,淬火；聚冷；[声纳]声音遽降或消失{海军军语},,2012-11-26
172532,quasi arc welding,准弧熔焊,,2012-11-26
172533,quartz plate,石英晶体片,,2012-11-26
172536,quartz glass,晶体玻璃,,2012-11-26
172537,quartz crystal filter; quartz filter,石英[晶体]滤波器,,2012-11-26
172538,quartz crystal,石英晶体,,2012-11-26
172542,quantitative analysis,定量分析,,2012-11-26
172543,quality of steam,水蒸汽干度,,2012-11-26
172545,pyrrolidine,咯啶,,2012-11-26
172547,pyroxylin plastic,火棉胶,,2012-11-26
172549,pyrotechnic of highway signal,公路烟火信号,,2012-11-26
172550,pyrosulfuryl chloride,焦硫醯氯,,2012-11-26
172555,pyrophoric zinc powder,发火性锌粉,,2012-11-26
172558,pyrophoric titanium trichloride,发火性三氯化钛,,2012-11-26
172560,pyrophoric metal,发火性金属,,2012-11-26
172563,pyrophoric barium alloys,发火性钡合金,,2012-11-26
172565,pyrophoric alloy,发火性合金,,2012-11-26
172567,pyrophoric,发火性,,2012-11-26
172570,pyroligneous acid,木醋酸,,2012-11-26
172574,pyrogallol,五倍子,,2012-11-26
172575,pyrogallic acid,焦性五倍子酸,,2012-11-26
172578,pyridine,啶,,2012-11-26
172579,pyrgeometer,地面辐射计,,2012-11-26
172581,pyranometer,全天空辐射计,,2012-11-26
172582,putrescine,腐肉胺,,2012-11-26
172585,putrefactive bacteria,腐败菌,,2012-11-26
172588,purification,白净作用,,2012-11-26
172590,pure water,纯水,,2012-11-26
172591,pulverizer,粉碎器；磨粉机,,2012-11-26
172594,pulsation welding,脉动焊接,,2012-11-26
172595,puering,大粪脱灰法,,2012-11-26
172596,ptomaine,尸碱,,2012-11-26
172599,psychrophilic bacteria,好冷细菌,,2012-11-26
172601,psychrometric tables,湿度计算表,,2012-11-26
172604,psychrometer,空气湿度计,,2012-11-26
172605,psychrograph,干湿仪,,2012-11-26
172608,pseudo-plankton,伪浮游生物,,2012-11-26
172610,pseudomones sp.,假单孢菌,,2012-11-26
172612,pseudomones fluorenscens,萤光菌,,2012-11-26
172615,pseudo-adiabatic process,假绝热过程,,2012-11-26
172618,pseudo-adiabatic chart,假绝热图,,2012-11-26
172619,pseudo-adiabatic,假绝热[的]；假强热缘,,2012-11-26
172621,prussic acid [= hydrocyanic acid],普鲁士酸；氢氰酸,,2012-11-26
172624,proteinase,蛋白质酵素,,2012-11-26
172626,protein bubble,蛋白质泡沫,,2012-11-26
172628,protection colour,保护色,,2012-11-26
172630,protamine,鱼精素,,2012-11-26
172631,propyltrichlorosilane,丙基三氯矽烷,,2012-11-26
172632,propylene oxide,环氧丙烯,,2012-11-26
172636,propylene dichloride,二氯丙烷,,2012-11-26
172638,propylamine mono,丙胺,,2012-11-26
172640,propyl formate,甲酸丙酯,,2012-11-26
172642,propyl chloride,氯丙烷,,2012-11-26
172644,proplonyl chloride,丙醯氯,,2012-11-26
172645,propionic acid,丙酸,,2012-11-26
172646,propionaldehyde,丙醛,,2012-11-26
172648,propelling charges,发射药包,,2012-11-26
172649,propene,丙烯,,2012-11-26
172651,propanol; propyl alcohol,丙醇,,2012-11-26
172653,propane,丙烷,,2012-11-26
172656,projection weld,浮凸溶焊,,2012-11-26
172657,progressive spot welding,连续点焊,,2012-11-26
172660,progressive block method {welding},级进分段熔焊法,,2012-11-26
172662,printing ink,印刷油墨,,2012-11-26
172663,priming explosive,底火炸药,,2012-11-26
172665,primer,雷管；底火,,2012-11-26
172668,primed empty carrtridge cases,有火帽空弹筒,,2012-11-26
172670,prevention of pollution by sewage,防止污水污染,,2012-11-26
172673,prevention of pollution by oil,防止油污染,,2012-11-26
172675,prevention of pollution by garbage,防止垃圾污染,,2012-11-26
172677,pressurizer,加压器{核能],,2012-11-26
172679,pressurized water reactor {= PWR},加压水冷型原子炉,,2012-11-26
172681,pressure welding,压力熔焊；锻接,,2012-11-26
172683,precipitaed cobalt resinate,沉淀树脂酸钴,,2012-11-26
172684,PP acidity,PP酸度,,2012-11-26
172686,power device cartridges,弹药；火药装置,,2012-11-26
172688,powder for small arms,小武器火药,,2012-11-26
172690,powder,粉状,,2012-11-26
172691,potentiometry,电位计,,2012-11-26
172693,potential acidity,潜在酸性,,2012-11-26
172697,potatospray liquid; potatospray arsenical liquid,马铃薯喷洒液{砷化物},,2012-11-26
172700,potassium sulphide,硫化钾,,2012-11-26
172702,potassium sodium alloy,钾钠合金,,2012-11-26
172704,potassium silicofluoride,矽氟化钾,,2012-11-26
172707,potassium salt of nitroaromatic derivatives explosive,硝基芳香族钾盐炸药,,2012-11-26
172709,potassium phosphide,磷化钾,,2012-11-26
172711,potassium phosphate,磷酸钾,,2012-11-26
172714,potassium persulphate,过硫酸钾,,2012-11-26
172716,potassium peroxide,过氧化钾,,2012-11-26
172719,potassium perchlorate,过氯酸钾,,2012-11-26
172721,potassium nitrite,亚硝酸钾,,2012-11-26
172723,potassium metallic liquid alloy,金属钾液体合金,,2012-11-26
172724,potassium metal,金属钾,,2012-11-26
172727,potassium hydroxide,氢氧化钾,,2012-11-26
172729,potassium hydrate,水化钾,,2012-11-26
172730,potassium fluorosilicate,矽氟酸钾,,2012-11-26
172734,potassium fluoroacetate,氟乙酸钾,,2012-11-26
172735,potassium fluoride,氟化钾,,2012-11-26
172737,potassium cuprocyanide,亚铜氰化钾,,2012-11-26
172738,potassium bromate,溴酸钾,,2012-11-26
172740,potassium borohydride,氢硼化钾,,2012-11-26
172742,potassium bifluoride,酸式氟化钾,,2012-11-26
172743,potassium arsenate,砷酸钾,,2012-11-26
172747,potash liquor,钾液,,2012-11-26
172749,pot sitill,静止式蒸馏,,2012-11-26
172750,positron,阳电子,,2012-11-26
172751,positive ion,阳游子；阳离子,,2012-11-26
172755,position of weld,熔焊位置,,2012-11-26
172756,polyvinyl insulated {cable},聚氯乙烯绝缘{电缆},,2012-11-26
172758,polyvinyl chloride; polyvinyl chloride wire {= PVC},聚氯乙烯,,2012-11-26
172759,polystyrene,聚苯乙烯,,2012-11-26
172762,polysaprobic,强腐水性,,2012-11-26
172764,polypeptide,多缩氨酸,,2012-11-26
172766,polymerised oil,重合油,,2012-11-26
172769,polyethylene {= PE},聚乙烯；保丽艾基{人造纤维的一种},,2012-11-26
172772,polychloroalumnium,多氯铝,,2012-11-26
172773,pollution category,污染类别,,2012-11-26
172775,polishe,擦光剂,,2012-11-26
172777,police grenade,警用手榴弹,,2012-11-26
172778,police grenade tear gas,警用催泪手榴弹,,2012-11-26
172780,poisonous substance,有毒物质,,2012-11-26
172782,platinum,铂,,2012-11-26
172783,plug welding,塞孔熔焊,,2012-11-26
172785,plankton nitrogen,浮游生物产氮,,2012-11-26
172788,plankton carbon,浮游生物排泄二氧化碳,,2012-11-26
172789,pituitrin,脑下腺素,,2012-11-26
172790,pituitary gland,脑下腺,,2012-11-26
172794,pine oil,松油,,2012-11-26
172795,piscicides,毒鱼剂,,2012-11-26
172796,pig iron,生铁,,2012-11-26
172798,picric acid,苦酸味,,2012-11-26
172799,pickling in vinegar,醋渍,,2012-11-26
172802,pick up oil,诱导油,,2012-11-26
172803,phyto-sterol,植物固醇,,2012-11-26
172807,phytoplankton feeding,植物性浮游生物食性,,2012-11-26
172808,phytoplankton,植物性浮游生物,,2012-11-26
172810,physiology,生理学,,2012-11-26
172811,physiological stress,生理压迫,,2012-11-26
172813,phycoerythrin,藻红素,,2012-11-26
172814,phycocyan; phycocyanin,藻青素,,2012-11-26
172816,ph-value,ph值,,2012-11-26
172818,phototoxic,光合毒性,,2012-11-26
172820,photosynthesis zone,光化合成区,,2012-11-26
172821,photosynthesis,光合作用；同化作用,,2012-11-26
172824,photo-micrography,显微镜照相学,,2012-11-26
172825,photographic flash powder,摄影闪光粉,,2012-11-26
172827,photographic flash lamp,摄影闪光灯泡,,2012-11-26
172832,photographic film {cellulose acetate base or nitrocellulose base},摄影胶片{以醋酸纤维或硝化纤维素为底料},,2012-11-26
172834,photo-flash powder,照像闪光粉,,2012-11-26
172837,photoelectric colorimeter,光电比色仪,,2012-11-26
172839,photoelectric cell,光电管；光电池,,2012-11-26
172842,photobacteria,发光菌,,2012-11-26
172843,phosphoryl chloride,氯化磷醯,,2012-11-26
172845,phosphorus trisulphide,三硫化二磷,,2012-11-26
172848,phosphorus trioxide,三氧化二磷,,2012-11-26
172849,phosphorus trifluoride,三氟化磷,,2012-11-26
172850,phosphorus trichloride,三氯化磷,,2012-11-26
172852,phosphorus tribromide,三溴化磷,,2012-11-26
172854,phosphorus sulphochloride,硫氯化磷,,2012-11-26
172857,phosphorus sesquisulphide,三硫化四磷,,2012-11-26
172858,phosphorus pentoxide,五氧化二磷,,2012-11-26
172859,phosphorus pentasulphide,五硫化二磷,,2012-11-26
172862,phosphorus pentachloride,五氯化磷,,2012-11-26
172864,phosphorus oxychloride,氧氯化磷,,2012-11-26
172865,phosphorus heptasulphide,七硫化四磷,,2012-11-26
172868,phosphorus cycle,磷酸循环,,2012-11-26
172869,phosphorus bromide,溴化磷,,2012-11-26
172871,phosphorus,磷,,2012-11-26
172873,phosphoric anhydride,磷酸酐,,2012-11-26
172874,phosphoric acid,磷酸,,2012-11-26
172876,phosphorescence,燐光,,2012-11-26
172878,phosphor bronze,燐青铜,,2012-11-26
172880,phospho protein,磷蛋白质,,2012-11-26
172881,phosphatides,磷脂酸,,2012-11-26
172884,phosphate,磷酸盐,,2012-11-26
172885,phosgene,光气,,2012-11-26
172887,phlegmatizer,阻遏剂,,2012-11-26
172888,phlegmaticed,钝化,,2012-11-26
172893,phenyltrichlorosilane,苯基三氯矽烷,,2012-11-26
172894,phenylcarbylamine chloride,苯氯化胩,,2012-11-26
172896,phenolphthalein alkalinity,酚酞碱度,,2012-11-26
172898,phenolphthalein acidity,酚酞酸度,,2012-11-26
172899,phenolphthalein {= pp},酚酞,,2012-11-26
172901,phenol coefficient,炭酸系数,,2012-11-26
172903,phenol,酚,,2012-11-26
172904,phenlmercuric acetate,乙酸苯汞,,2012-11-26
172908,PH meter,PH测定器,,2012-11-26
172909,pexborate,过硼酸盐,,2012-11-26
172913,pexacetic acid,过乙酸,,2012-11-26
172914,petroleum spirit,石油精,,2012-11-26
172917,petroleum ether,石油醚,,2012-11-26
172918,petroleum oil,石油,,2012-11-26
172920,petroleum distillate,石油镏出物,,2012-11-26
172923,pesticides,农药,,2012-11-26
172924,peroxidase,过氧化酸素,,2012-11-26
172928,permutite,人造沸石,,2012-11-26
172929,permanganate of potash; potassium permanganate,过锰酸钾,,2012-11-26
172931,permanganate,过锰酸盐,,2012-11-26
172934,permanent magnet,永久磁铁,,2012-11-26
172936,permanent hard water,永久硬水,,2012-11-26
172938,permalloy,高导磁合金；高[导]磁镍钢,,2012-11-26
172939,perfumery product inflammable liquid,香料制品易燃液体,,2012-11-26
172943,percussion welding,[冲击]锻熔接,,2012-11-26
172946,percussion fuse,击发引信；撞发引信,,2012-11-26
172947,perchloryl fluoride,氟化高氯醯,,2012-11-26
172950,perchloromethylmerc ptan,过氯甲硫醇,,2012-11-26
172951,perchloroethylene; tetrachloroethylene,四氯乙烯,,2012-11-26
172957,perchloric acid,过氯酸,,2012-11-26
172959,perchlorate,过氯酸盐,,2012-11-26
172960,peptone [= peptones],消化蛋白；炼类,,2012-11-26
172961,pepsin,胃液素,,2012-11-26
172965,peproleum crude oil,石油原油,,2012-11-26
172966,pentolite,彭特来炸药,,2012-11-26
172968,pentane,戊烷,,2012-11-26
172970,pentamethylheptane,五甲基庚烷,,2012-11-26
172971,pentaerythrite tetranitrate,四硝酸季成四醋,,2012-11-26
172972,pentaborane,五硼烷,,2012-11-26
172973,penta acetate,五醋酸盐,,2012-11-26
172977,pent achloroethane; pentalin,五氯乙烷,,2012-11-26
172978,pectin,果胶,,2012-11-26
172980,pearl essence,真珠精,,2012-11-26
172982,pearl,真珠,,2012-11-26
172985,pava-dichlorobenzine; paradichlorobenzene,对二氯苯,,2012-11-26
172987,pasteurization,低温杀菌法,,2012-11-26
172990,particulate organic matter,微拉状有机物质,,2012-11-26
172992,partial poisoning,部分施毒,,2012-11-26
172995,parathion,巴拉松,,2012-11-26
172996,paranitrotocluene,对硝基甲苯,,2012-11-26
172997,paranitrophenol,对[位]硝基酚,,2012-11-26
173001,paranitroaniline,对[位]硝基苯胺,,2012-11-26
173003,parallel welding,平行熔焊,,2012-11-26
173005,paraldehyde,三聚乙醛,,2012-11-26
173006,paraffin wax,封蜡,,2012-11-26
173007,paraffin hydrocarbon,石蜡烃,,2012-11-26
173010,paraffin,石蜡,,2012-11-26
173013,parachlorobenzoyl peroxide,过氧化对氯二苯甲醯,,2012-11-26
173014,paper scrap,碎纸片,,2012-11-26
173016,paper cartridge shell,纸筒壳,,2012-11-26
173018,paper cap,纸火药帽,,2012-11-26
173019,pantothenic acid,泛酸,,2012-11-26
173021,pancreatic lipase,胰脂酵素,,2012-11-26
173022,paint drier,油漆催干剂,,2012-11-26
173023,pancreas,胰酵素,,2012-11-26
173024,ozonosphere,臭氧层,,2012-11-26
173026,ozonide,臭氧化物,,2012-11-26
173027,oxy-hydrogen welding,氢氧熔接,,2012-11-26
173029,oxy-hydrogen cutting,氢氧截割；氢氧切割,,2012-11-26
173031,oxyhemoglobin,氧化血色素,,2012-11-26
173033,oxygen lancing,氧吹管焰割,,2012-11-26
173035,oxygen lance cutting,氧吹管截割,,2012-11-26
173036,oxygen lance,氧吹管,,2012-11-26
173038,oxygen gouging,氧挖削,,2012-11-26
173040,oxygen cutter,氧割器,,2012-11-26
173041,oxygen breathing,氧气呼吸器,,2012-11-26
173044,oxygen and carbon dioxide mixture,氧及二氧化碳混合物,,2012-11-26
173047,oxygen,氧[气],,2012-11-26
173048,oxy-acetylene welding,氧乙炔熔接,,2012-11-26
173050,oxy-acetylene flame,氧乙炔焰,,2012-11-26
173052,oxy-acetylene cutting,氧乙炔切割,,2012-11-26
173055,oxy-acetylene blow pipe,氧乙炔吹管,,2012-11-26
173056,oxidizing substance,氧化物质,,2012-11-26
173057,oxidizing material,氧化材料,,2012-11-26
173060,oxidizing agent,氧化剂,,2012-11-26
173062,oxide-magnet,氧化物磁体,,2012-11-26
173063,oxide-coated cathode,涂氧化物阴极,,2012-11-26
173065,oxide paint,氧化金属油漆,,2012-11-26
173067,oxidation stability,氧化稳定性；氧化安定性,,2012-11-26
173069,oxidation inhibitor,抗氧化剂；防氧化剂,,2012-11-26
173071,oxidase,氧化酶素,,2012-11-26
173073,oxalic salt,草酸盐,,2012-11-26
173074,oxalic acid,草酸,,2012-11-26
173076,oxalate water solution,草酸盐水溶液,,2012-11-26
173078,overhead welding,仰焊,,2012-11-26
173081,outside air,新鲜空气,,2012-11-26
173083,outgoing radiation,出辐射,,2012-11-26
173085,ostreasterol,牡蛎固醇,,2012-11-26
173086,ossein,骨胶；骨蛋白,,2012-11-26
173088,osmorequlatory mechanism,渗透压调节作用,,2012-11-26
173089,osmium tetroxide,四氧化铁,,2012-11-26
173090,ortho-phosphoric acid,正磷酸,,2012-11-26
173093,orthophosphate,正磷酸盐,,2012-11-26
173095,organic peroxide mixture,有机过氧化物混合物,,2012-11-26
173098,organic peroxide,有机过氧化物,,2012-11-26
173099,organic matter,有机物质,,2012-11-26
173102,organic aggregate,有机凝聚体,,2012-11-26
173103,optical efficiency,光效率,,2012-11-26
173104,optical device,光学装置,,2012-11-26
173105,optical density,光密度,,2012-11-26
173106,one side welding,单面熔焊,,2012-11-26
173109,olive oil,橄榄油,,2012-11-26
173111,oligosaprobic,贫腐水性,,2012-11-26
173113,oleic acid,油酸,,2012-11-26
173115,oily waste cotton,油质废棉,,2012-11-26
173117,oily mixture,含油混合物,,2012-11-26
173119,oilness extreme-pressure additive,油性极压剂,,2012-11-26
173121,oiled textile,油污织品,,2012-11-26
173123,oiled clothing,油污衣物,,2012-11-26
173126,oil well cartridges,油井用炸药,,2012-11-26
173127,oil paper,油纸,,2012-11-26
173128,oil gas,油气,,2012-11-26
173130,oil fuel,燃油,,2012-11-26
173132,oil cooling,油冷[法],,2012-11-26
173134,oil cake,油饼,,2012-11-26
173137,octyl trichlorosicane,辛基三氯矽烷,,2012-11-26
173139,octolite,海扫力炸药,,2012-11-26
173141,octane number,辛烷值,,2012-11-26
173143,octane,辛烷,,2012-11-26
173145,octafluorocyclobutane,八氟环丁烷,,2012-11-26
173146,octadiene,辛二烯,,2012-11-26
173148,octadecyl trichlorosilane,十八烷基三氯矽烷,,2012-11-26
173149,obligatory anaerobes,偏性嫌气菌,,2012-11-26
173154,obligatory aerobes,偏性好气菌,,2012-11-26
173157,nucleus; nuclei,核；原子核,,2012-11-26
173158,nuclear reactor poisoning,核子反应器中毒,,2012-11-26
173160,nuclear propulsion,核子动力进,,2012-11-26
173163,nuclear power propulsion; nuclear propulsion,核能推进,,2012-11-26
173164,nuclear damage,核子损害,,2012-11-26
173165,nuclear energy,核能,,2012-11-26
173168,noxious liquid substance,有毒液体物质,,2012-11-26
173170,noxious cargo,有毒货物,,2012-11-26
173172,not properly oxidized iron sponge,未适当氧化之铁海棉,,2012-11-26
173174,not otherwise specified {= NOS},未列名,,2012-11-26
173175,normal propyl acetate,正乙酸丙酯,,2012-11-26
173176,normal decane,正癸烷,,2012-11-26
173179,nonyl trichlorosilane,壬基三氯矽烷,,2012-11-26
173180,non-toxic aldehydes,无毒醛类,,2012-11-26
173181,non-toxic alcohols,无毒醇类,,2012-11-26
173185,non-pyrophoric; non-pyrophoric,非发火性,,2012-11-26
173187,non-pyrophoric strontium alloy,非发火性锶合金,,2012-11-26
173189,non-pressure welding,无压[力]熔焊,,2012-11-26
173192,non-metallic inclusion,非金属夹杂物,,2012-11-26
173194,non-magnetic steel,非磁性钢,,2012-11-26
173197,non-magnetic alloy,非磁性合金,,2012-11-26
173199,non-freezing mixutre,不冻混合剂,,2012-11-26
173201,non-flammable paint,防火漆；耐火漆,,2012-11-26
173202,non-ferrous metal,非铁金属,,2012-11-26
173205,non-explosive tear gas candle,非爆炸性催泪烛炬,,2012-11-26
173207,non-explosive projectilies,非爆炸弹头,,2012-11-26
173209,non-explosive,非爆炸性,,2012-11-26
173211,non-bicrabonate hardness,非重碳酸盐硬度,,2012-11-26
173212,non protein media,非蛋白培养基,,2012-11-26
173214,nitroxylene,硝基二甲苯,,2012-11-26
173217,nitrous oxide,氧化亚氮{笑气},,2012-11-26
173219,nitrous ether; ethyl nitrite,亚硝酸乙酯,,2012-11-26
173221,nitrourea dry,干硝基脲,,2012-11-26
173223,nitrotoluene,硝基甲苯,,2012-11-26
173225,nitrostarch,硝化淀粉,,2012-11-26
173226,nitrosoguanidine,亚硝基胍,,2012-11-26
173228,nitromethane ,硝基甲烷,,2012-11-26
173229,nitroguanidine,硝基胍,,2012-11-26
173233,nitroglycerin spirit,硝化甘油酒精{含1～10%硝化甘油、溶解于酒精中},,2012-11-26
173235,nitroglycerin,硝化甘油,,2012-11-26
173236,nitrogen-sealed transformer,封氮变压器,,2012-11-26
173237,nitrogen-phosphorous ration,氮磷比率,,2012-11-26
173240,nitrogen tetroxide,四氧化二氮,,2012-11-26
173241,nitrogen peroxide,过氧化氮,,2012-11-26
173246,nitrogen dioxide liquid,二氧化氮液体,,2012-11-26
173248,nitrogen dioxide,二氧化氮,,2012-11-26
173250,nitrobromobenzene,硝基溴苯,,2012-11-26
173251,nitrogen,氮气,,2012-11-26
173254,nitrobenzotrifluoride,三氟化甲基硝基苯,,2012-11-26
173256,nitrobenzenesulphonic acid,硝基苯磺酸,,2012-11-26
173258,nitrobenzene; nitrobenzol,硝基苯,,2012-11-26
173261,nitrobenzene bromide,溴化硝基苯,,2012-11-26
173263,nitroanisole,硝基苯甲醚,,2012-11-26
173264,nitroaniline,硝基苯胺,,2012-11-26
173266,nitro mannitol,硝基甘露醇,,2012-11-26
173267,nitro furan,硝基夫喃,,2012-11-26
173271,nitrite,亚硝酸盐,,2012-11-26
173272,nitrification,硝化作用,,2012-11-26
173273,nitric oxide,氧化氮,,2012-11-26
173276,nitric acid,硝酸,,2012-11-26
173278,nitrating acid,硝化酸,,2012-11-26
173282,nitrate of soda; sodium nitrate,硝酸钠,,2012-11-26
173284,nitrate,硝酸盐,,2012-11-26
173285,nitrate of potash; potassium nitrate,硝酸钾,,2012-11-26
173286,night soil,水肥,,2012-11-26
173289,nicotinic acid amide,烟碱醯胺,,2012-11-26
173291,nicotinic acid,烟碱酸,,2012-11-26
173292,nicotine tartrate,酒石酸烟碱,,2012-11-26
173296,nicotine sulphate,硫酸烟碱,,2012-11-26
173297,nicotine salicylate,水杨酸烟碱；柳酸烟碱,,2012-11-26
173301,nicotine preparations,烟碱化合物制剂,,2012-11-26
173303,nicotine hydrochloride,盐酸烟碱；氢氯化烟碱,,2012-11-26
173306,nicotine compounds,烟碱化合物,,2012-11-26
173307,nicotine,烟碱；尼古丁,,2012-11-26
173308,nickel steel,镍钢,,2012-11-26
173312,nickel nitrite,亚硝酸镍,,2012-11-26
173314,nickel nitrate,硝酸镍,,2012-11-26
173318,nickel cyanide,氰化镍,,2012-11-26
173319,nickel chrome steel,镍铬钢,,2012-11-26
173322,nickel catalyst,镍催化剂,,2012-11-26
173324,nickel carbonyl,羰化镍,,2012-11-26
173325,nickel bronze,镍青铜,,2012-11-26
173327,nichrome,镍铬合金,,2012-11-26
173329,niacin,烟碱,,2012-11-26
173331,n-heptene,正庚烯,,2012-11-26
173333,neutral flame,中性火焰,,2012-11-26
173335,n-ethyl-n-benzylaniline,n-乙基-n-苯基胺基苯,,2012-11-26
173337,n-ethylaniline,2-乙苯胺；n-乙胺基苯,,2012-11-26
173339,net radiation,净辐射,,2012-11-26
173341,neon tube lamp,氖[管]灯；霓虹灯,,2012-11-26
173342,neon sign,霓虹灯号,,2012-11-26
173344,neon glow lamp,氖辉灯,,2012-11-26
173347,neon,氖,,2012-11-26
173348,neohexane,新己烷,,2012-11-26
173349,negatron,负电子；阴电子,,2012-11-26
173350,negative ion,负离子,,2012-11-26
173355,nature dry varnish,自干清漆,,2012-11-26
173356,natural illumination,自然照明,,2012-11-26
173360,natural fiber rope,天然纤维索,,2012-11-26
173362,natural fiber,天然纤维,,2012-11-26
173363,natural drying,天然干燥,,2012-11-26
173364,naphthylurea,萘脲,,2012-11-26
173367,naphthylthiourea ,萘硫脲,,2012-11-26
173369,naphthalene {crude or refined},萘{粗制或精制},,2012-11-26
173372,naphtha; petroleum naphtha,石油脑,,2012-11-26
173374,naphtha solvent,石油脑溶剂,,2012-11-26
173375,naphtha distillate,石油脑馏出物,,2012-11-26
173377,nagative cotton,硝化棉,,2012-11-26
173378,myproteid,抗热鱼肉蛋白素,,2012-11-26
173380,myosin,副肌蛋白,,2012-11-26
173381,mustard gas,芥子气,,2012-11-26
173383,muscarine,毒菌胺；蕈毒碱,,2012-11-26
173384,Muntz metal,孟慈合金{锌铜合金},,2012-11-26
173387,multipurpose additive,多功能添加剂,,2012-11-26
173389,multiple resistance welding,复式电阻焊,,2012-11-26
173390,motor fuel antiknock compounds,发动机燃油防震剂,,2012-11-26
173392,motor fuel,发动机燃油,,2012-11-26
173395,motion picture film {cellulose acetate base or nitrocellulose base},电影胶片{以醋酸纤维或硝化纤维素为底料},,2012-11-26
173397,moth ball,樟脑丸,,2012-11-26
173398,monomethylamine,甲胺,,2012-11-26
173400,monochlorodifluoro-methane,二氟氯甲烷,,2012-11-26
173402,monocalcium phosphate,磷酸氢钙,,2012-11-26
173403,monobromobenzene,溴苯,,2012-11-26
173407,molybdenum pentachloride,五氯化钼,,2012-11-26
173408,molecular weight,分子量,,2012-11-26
173411,molecular structure,分子结构,,2012-11-26
173412,molecular distillation,分子蒸馏,,2012-11-26
173413,mole,莫耳；海堤,,2012-11-26
173415,molding,著霉,,2012-11-26
173418,mold parasitic disease,霉菌寄生病,,2012-11-26
173420,mold count,霉数,,2012-11-26
173421,MO acidity,MO酸度,,2012-11-26
173423,mixtures,混合物,,2012-11-26
173424,mixed wet feed,混合湿饲料,,2012-11-26
173426,mixed firing,混合燃烧,,2012-11-26
173427,mirbane oil,米尔秉油；硝基本,,2012-11-26
173428,mineral spirit,矿精,,2012-11-26
173432,mineral butter,矿脂,,2012-11-26
173434,mineral acidity,矿酸酸度,,2012-11-26
173435,mine explosive,爆雷,,2012-11-26
173439,microbiology,微生物学,,2012-11-26
173441,microbes,微生物类,,2012-11-26
173442,micro syringe,微量注射器,,2012-11-26
173443,micro buret,微量滴管,,2012-11-26
173447,micanite,人造云母,,2012-11-26
173448,mica,云母,,2012-11-26
173453,methyltrichlorosilane,甲三氯矽烷,,2012-11-26
173455,methylmercaptan,甲硫醇,,2012-11-26
173456,methylene blue,甲次蓝,,2012-11-26
173457,methyldichlorosilane,甲二氯矽烷,,2012-11-26
173458,methylcyclopentane,甲环戊烷,,2012-11-26
173462,methylcyclohexane,甲环己烷,,2012-11-26
173463,methylated spirit,含甲醇酒精,,2012-11-26
173465,methylamine aqueous solution,甲胺水溶液,,2012-11-26
173468,methylal,二甲缩醛,,2012-11-26
173470,methylacetylene,甲基乙炔,,2012-11-26
173472,methyl vinyl ketone,甲、乙烯甲酮,,2012-11-26
173473,methyl sulphate,硫酸甲酯,,2012-11-26
173474,methyl propyl ketone,甲丙酮,,2012-11-26
173477,methyl proplonate,丙酸甲酯,,2012-11-26
173479,methyl parathion,甲基巴拉松,,2012-11-26
173481,methyl orange alkalinity,甲基橙碱度,,2012-11-26
173482,methyl orange acidity,甲基橙酸度,,2012-11-26
173486,methyl orange {= MO},甲基橙,,2012-11-26
173487,methyl methacrylate monomer,甲基丙烯酸甲脂单体,,2012-11-26
173489,methyl isopropenyl ketone,甲异丙烯甲酮,,2012-11-26
173492,methyl isobutyl ketone,甲异丁甲酮,,2012-11-26
173493,methyl hydrazine,甲基胼,,2012-11-26
173495,methyl formate,甲酸甲酯,,2012-11-26
173496,methyl dichlorarsine,二氯甲胂,,2012-11-26
173497,methyl cyanide,氰甲烷,,2012-11-26
173498,methyl chloroformate,氯甲酸甲酯,,2012-11-26
173499,methyl chlorocarbonate,氯碳酸甲酯,,2012-11-26
173501,methyl butyrate,丁酸甲酯,,2012-11-26
173505,methyl bromide,溴化甲烷,,2012-11-26
173506,methyl amylacetate,戊乙酸甲酯,,2012-11-26
173509,methyl acetate,乙酸甲酯,,2012-11-26
173510,methemoglobin,变态血红素,,2012-11-26
173512,methanol; methyl alcohol,甲醇,,2012-11-26
173514,methane,甲烷,,2012-11-26
173516,metaphenylenediamine,间位苯二胺,,2012-11-26
173518,metaldehyde,聚乙醛,,2012-11-26
173519,metal beryllium powder,金属铍粉,,2012-11-26
173521,metal arc welding,金属弧焊,,2012-11-26
173523,metal ackyls,金属烷基类,,2012-11-26
173525,mesityl oxide,异亚丙基酮,,2012-11-26
173527,mercury thermometer,水银温度计,,2012-11-26
173530,mercury salicylate,水杨酸汞；柳酸汞,,2012-11-26
173532,mercury oleate,油酸汞,,2012-11-26
173535,mercury metal,汞金属,,2012-11-26
173537,mercury lamp,水银灯,,2012-11-26
173539,mercury iodide; mercuric iodide,碘化汞,,2012-11-26
173541,mercury gluconate,葡萄酸汞,,2012-11-26
173543,mercury compound {inorganic or organic},汞化合物{无机或有机},,2012-11-26
173545,mercury column vacuum gauge,水银柱真空计,,2012-11-26
173548,mercury column pressure,水银柱压力,,2012-11-26
173550,mercury bromide; mercuric bromide,溴化汞,,2012-11-26
173553,mercury bisulphate,焦硫酸汞,,2012-11-26
173555,mercury bichloride,二氯化汞,,2012-11-26
173557,mercury ammonium chloride,氯化铵汞,,2012-11-26
173558,mercurous sulphate,硫酸亚汞,,2012-11-26
173559,mercurous nitrate,硝酸亚汞,,2012-11-26
173563,mercurous bromide,溴化亚汞,,2012-11-26
173568,mercurous acetate,醋酸亚汞,,2012-11-26
173569,mercuric thiocyanate; mercury thiocyanate,硫氰酸汞,,2012-11-26
173572,mercuric sulfate; mercury sulphate,硫酸汞,,2012-11-26
173574,mercuric subsulfate,次硫酸汞,,2012-11-26
173576,mercuric salicylate,柳酸汞；水杨酸汞,,2012-11-26
173580,mercuric potassium iodide; mercury potassium iodide,碘化汞钾,,2012-11-26
173581,mercuric potassium cyanide,氰化汞钾,,2012-11-26
173583,mercuric oxycyanide; mercury oxycyanide,氧氰化汞,,2012-11-26
173585,mercuric oxide {red or yellow},氧化汞{红色或黄色},,2012-11-26
173588,mercuric nitrate,硝酸汞,,2012-11-26
173590,mercuric cyanide; mercury cyanide,氰化汞,,2012-11-26
173592,mercuric chloride,氯化汞,,2012-11-26
173593,mercuric benzoate,苯甲酸汞,,2012-11-26
173597,mercuric arsenate,砷酸汞,,2012-11-26
173598,mercuric ammonium chloride,氯化汞铵,,2012-11-26
173599,mercuric acetate; mercury acetate,醋酸汞,,2012-11-26
173603,menthol,薄荷脑,,2012-11-26
173606,membrane weld tube,膜连熔接管,,2012-11-26
173607,melanin,黑色素,,2012-11-26
173609,medium carbon steel,中碳钢,,2012-11-26
173611,medicinal tincture,药用酊剂,,2012-11-26
173614,mechanical rust removal,机械除锈,,2012-11-26
173615,maximum explosive pressure,最高爆发压力,,2012-11-26
173619,maximum explosion pressure gauge,最高爆发压力表,,2012-11-26
173621,matting,草席,,2012-11-26
173623,materials hazardous in bulk,散装危险物质,,2012-11-26
173625,material which may liquefy,易液化物质,,2012-11-26
173628,match strike-on-box,安全火柴,,2012-11-26
173629,match strike anywhere,不安全火柴,,2012-11-26
173631,mat bags,蒲包,,2012-11-26
173633,marine pollution,海水污染,,2012-11-26
173635,marine pollutants report,海水污染物报告,,2012-11-26
173637,marine pollutant,海水污染物,,2012-11-26
173639,marine corrosion,海洋腐蚀,,2012-11-26
173640,mannitol,甘露醇,,2012-11-26
173641,manganese zeolite,锰沸石,,2012-11-26
173645,manganese resinate,松脂酸锰,,2012-11-26
173648,manganese nitrate,硝酸锰,,2012-11-26
173650,manganese dioxide,二氧化锰,,2012-11-26
173651,manganese bronze,锰青铜,,2012-11-26
173653,manganese alloy,锰合金,,2012-11-26
173655,malononitrile; malonic dinitrile,丙二腈,,2012-11-26
173656,malleable cast iron,展性铸铁,,2012-11-26
173657,maleic anhydride,顺丁烯二酐,,2012-11-26
173661,malachite green,孔雀绿,,2012-11-26
173663,magnesium powder,镁粉,,2012-11-26
173666,magnesium potassium sulfate,硫酸钾镁,,2012-11-26
173667,magnesium phosphide,磷化镁,,2012-11-26
173668,magnesium peroxide,过氧化镁,,2012-11-26
173670,magnesium perchlorate,过氯酸镁,,2012-11-26
173671,magnesium nitrate,硝酸镁,,2012-11-26
173674,magnesium hydride,氢化镁,,2012-11-26
173675,magnesium diphenyl,二苯基镁,,2012-11-26
173676,magnesium diamide,二醯胺镁,,2012-11-26
173677,magnesium chloride,氯化镁,,2012-11-26
173679,magnesium chlorate,氯酸镁,,2012-11-26
173682,magnesium bromate,溴酸镁,,2012-11-26
173684,magnesium arsenate,砷酸镁,,2012-11-26
173686,magnesium aluminium phosphide,磷化镁铝,,2012-11-26
173689,magnesium alloys {containing more than 50% magnesium},镁合金{含镁50%以上},,2012-11-26
173691,magnesium,镁,,2012-11-26
173693,machine oxygen cutting,机械氧割,,2012-11-26
173696,"lythene {petroleum spirit, benzene, petroleum ether}",挥发油{石油精、苯、石油醚},,2012-11-26
173698,lye,碱液,,2012-11-26
173702,lubrication oil consumption; steam consumption,蒸汽消耗量,,2012-11-26
173703,low temperature stress relieving,低温弛力；低温应力消除,,2012-11-26
173704,low temperature annealing,低温退火,,2012-11-26
173706,low temperafure welding,低温熔焊,,2012-11-26
173707,low carbon steel,低碳钢,,2012-11-26
173709,long time burning oil,耐燃油,,2012-11-26
173710,low alloy steel,低合金钢,,2012-11-26
173711,lolly ice,盐水冰,,2012-11-26
173712,liver oil,肝油,,2012-11-26
173717,lithium silicon,矽化锂,,2012-11-26
173720,lithium purple,伦敦紫,,2012-11-26
173723,lithium peroxide,过氧化锂,,2012-11-26
173725,lithium nitrate,硝酸锂,,2012-11-26
173727,lithium metal,锂金属,,2012-11-26
173730,lithium hypochlorite,次氯酸锂,,2012-11-26
173732,lithium hydroxide solution,氢氧化锂溶液,,2012-11-26
173734,lithium hydroxide monohydrate,氢氧化锂单一水合物,,2012-11-26
173736,lithium hydride,氢化锂,,2012-11-26
173740,lithium bromide water absorption refrigerating plant,溴化锂水吸收冷冻装置,,2012-11-26
173742,lithium borohydride,氢硼化锂,,2012-11-26
173744,lithium amide powered,锂胺粉状,,2012-11-26
173745,lithium alkyls,锂烷基,,2012-11-26
173746,lithium aluminium hydride,氢化锂铝,,2012-11-26
173748,liquid wax,液体蜡,,2012-11-26
173749,liquid wood stain,液体木材著色剂,,2012-11-26
173750,liquid varnish drier,液体清漆催干剂,,2012-11-26
173753,liquid toluidine,液体甲苯胺,,2012-11-26
173756,liquid substance,液体物质,,2012-11-26
173757,liquid phenyldichlorarsine,液体二氯苯胂,,2012-11-26
173759,liquid phenolsulphonic acid,液体酚磺酸,,2012-11-26
173762,liquid phenol,液体酚,,2012-11-26
173763,liquid mercaptans,液体硫醇,,2012-11-26
173765,liquid lubrication,液体润滑,,2012-11-26
173767,liquid ketones,液体酮类,,2012-11-26
173769,liquid fuelled rocket motor,液体燃料火箭引擎,,2012-11-26
173772,liquid fuelled rocket,液态燃料火箭,,2012-11-26
173773,liquid fuel,液体燃料,,2012-11-26
173775,liquid ammonia,[无水]液氨,,2012-11-26
173777,liquid air,液态空气,,2012-11-26
173780,liquefled sulphur dioxide,液化二氧化硫,,2012-11-26
173782,liquefied sulphuretted hydrogen,液化硫化氢,,2012-11-26
173785,liquefied petroleum gas carrier {= LPG carrier},液化石油气[载运]船,,2012-11-26
173786,liquefied petroleum gas {= LPG},液化石油气；液化石油煤气,,2012-11-26
173790,"liquefied non-flammable gas {charged with nitrogen, carbon dioxide or air}",液化非燃性气体{充氮、二氧化碳或空气},,2012-11-26
173793,liquefied natural gas carrier {= LNG carrier},液化天然气[载运]船,,2012-11-26
173795,liquefied natural gas {= LNG},液化天然气,,2012-11-26
173797,liquefied methane gas carrier {= LMG carrier},液化甲烷气[载运]船,,2012-11-26
173798,liquefied hydrocarbon gas,液化烃气,,2012-11-26
173801,liquefied gas insecticide,液化气体杀虫剂,,2012-11-26
173802,liquefied gas,液化气体,,2012-11-26
173804,liquefied cyanogen,液化氰,,2012-11-26
173807,liquefied carbon dioxide,液化二氧化碳,,2012-11-26
173809,liquefied ammonia,液化氨,,2012-11-26
173811,lipo-protein,脂肪蛋白质,,2012-11-26
173813,lipase,脂酶；脂肪分解酵素,,2012-11-26
173815,linseed oil,亚麻子油,,2012-11-26
173817,linolein,亚油脂,,2012-11-26
173818,line welding,线熔焊{电阻焊},,2012-11-26
173820,line throwing rocket,直线发射火箭,,2012-11-26
173822,linalool,沉香油莠醇,,2012-11-26
173824,limen fiber,亚麻纤维,,2012-11-26
173826,lime soap,钙皂,,2012-11-26
173827,ligin,木质素,,2012-11-26
173831,lighter fluid,点火器用液体燃料,,2012-11-26
173833,lighter,打火机{装有燃料，用以点燃香烟、雪茄等}；驳船；平底船,,2012-11-26
173835,light refined products,轻质精炼油,,2012-11-26
173836,light oil,轻油,,2012-11-26
173838,light fuel oil,轻燃料油,,2012-11-26
173840,Leyden jar,来登瓶{蓄电器},,2012-11-26
173841,lewisite,鲁易士毒气,,2012-11-26
173844,level gauge,液位计；水平仪；液面计,,2012-11-26
173846,lecithin,蛋黄磷脂,,2012-11-26
173848,leather dressing compound,饰革剂,,2012-11-26
173850,leather bleach,皮革漂白剂,,2012-11-26
173854,leaf fiber,叶纤维,,2012-11-26
173856,lead-base bearing alloy,铅基轴承合金,,2012-11-26
173857,lead type dross,铅字屑,,2012-11-26
173858,lead styphnate,史迪酚酸铅；三硝基苯间二酚铅,,2012-11-26
173860,lead peroxide,过氧化铅,,2012-11-26
173862,lead perchlorate,过氯酸铅,,2012-11-26
173864,lead nitrate,硝酸铅,,2012-11-26
173865,lead dross,铅屑,,2012-11-26
173867,lead chromate,铬酸铅,,2012-11-26
173868,lead dioxide,二氧化铅,,2012-11-26
173870,lead azide,叠氮化铅,,2012-11-26
173871,lead arsenite,亚砷酸铅,,2012-11-26
173873,lead acetate,醋酸铅,,2012-11-26
173875,latent heat of fusion,熔化潜热,,2012-11-26
173877,latent heat,潜热,,2012-11-26
173880,latency,潜伏期,,2012-11-26
173881,lapping compound,研光剂,,2012-11-26
173882,lap weld,搭焊；搭熔接,,2012-11-26
173886,laminate hard plastic sheet,美耐板,,2012-11-26
173888,lactose,乳糖,,2012-11-26
173890,lactic acid,乳酸,,2012-11-26
173891,lacquor,快干漆,,2012-11-26
173894,lacquer base,假漆底料,,2012-11-26
173895,laboratory test,实验室试验,,2012-11-26
173896,lacquer,假漆,,2012-11-26
173897,krypton refrigerated liquid,氪冷冻气体,,2012-11-26
173900,krypton,氪,,2012-11-26
173902,kinematic viscosity,动黏度,,2012-11-26
173903,kindling temperature,燃炽温度,,2012-11-26
173907,kindling point,燃炽点,,2012-11-26
173908,ketene,烯酮,,2012-11-26
173909,ketone,酮,,2012-11-26
173911,kerosene; kerosine,煤油,,2012-11-26
173913,keratin,角质,,2012-11-26
173916,kapok,木棉,,2012-11-26
173917,joss stick,神香,,2012-11-26
173918,jute,黄麻,,2012-11-26
173919,joss paper,纸钱,,2012-11-26
173922,jet perforating gun charge {oil well without detonator},喷射穿孔枪药包{油井用无爆炸管 },,2012-11-26
173924,japanese acid clay method,酸性白土法,,2012-11-26
173926,isotopic,同位素[的],,2012-11-26
173928,isotope,同位素,,2012-11-26
173930,isothermal expansion,等温膨胀,,2012-11-26
173932,isothermal efficiency,等温效率,,2012-11-26
173933,isothermal curve,等温曲线,,2012-11-26
173935,isothermal compression,等温压缩,,2012-11-26
173939,isothermal change,等温变化,,2012-11-26
173942,isopropyl nitrate,硝酸异丙酯,,2012-11-26
173943,isopropanol; isopropyl alcohol,异丙醇,,2012-11-26
173944,isoprene,异戊二烯,,2012-11-26
173946,isopentane,异戊烷,,2012-11-26
173948,isooctene,异辛烯,,2012-11-26
173950,isooctane,异辛烷,,2012-11-26
173951,iso-heptene,异庚烯,,2012-11-26
173952,isocyanates,异氰酸盐,,2012-11-26
173956,iso-butyryl peroxide,异丁醯过氧化物{溶液中最大浓度为52%},,2012-11-26
173958,iso-butyryl chloride,异丁醯氯,,2012-11-26
173960,isobutylamine,异丁胺,,2012-11-26
173962,isobutyl acetate,乙酸异丁脂,,2012-11-26
173963,isobutene; isobutylene,异丁烯,,2012-11-26
173964,isobutanol; isobutyl alcohol,异丁醇,,2012-11-26
173968,isobaric expansion,等压膨胀,,2012-11-26
173970,isoamyl alcohol,异戊醇,,2012-11-26
173971,isentropic surface,等熵面,,2012-11-26
173973,isentropic expansion,等熵膨胀,,2012-11-26
173975,isentropic chart,等熵图,,2012-11-26
173976,isentrope,等熵线,,2012-11-26
173978,iron cement,铁水泥,,2012-11-26
173980,iron carbonyl,羰化铁,,2012-11-26
173982,iron bar bracket,杆式弧铁,,2012-11-26
173984,iron,铁,,2012-11-26
173986,iridium,铱,,2012-11-26
173987,ionone,紫罗兰香酮,,2012-11-26
173990,iodopropane,碘丙烷,,2012-11-26
173991,iodostarch reaction,碘化淀粉反应,,2012-11-26
173994,iodine value,碘价,,2012-11-26
173995,iodine pentafluoride,五氟化碘,,2012-11-26
173996,iodine monochloride,一氯化碘,,2012-11-26
174000,intersection of welding,焊接交叉处,,2012-11-26
174001,interrupted spot welding,断续点熔焊,,2012-11-26
174006,internal boundary,内界面,,2012-11-26
174008,intermittent welding,间歇焊法；断续焊法,,2012-11-26
174010,intermittent fillet weld,间断填角,,2012-11-26
174012,intermediate,中间产物,,2012-11-26
174014,intercooling,中间冷却,,2012-11-26
174018,intercooler,中间冷却器,,2012-11-26
174020,intercondenser,中间冷凝器,,2012-11-26
174021,insulin,胰岛素,,2012-11-26
174025,insulator,绝缘体；绝缘材料,,2012-11-26
174026,insulation,绝缘； 防热；保温,,2012-11-26
174028,insulating tape,绝缘胶带,,2012-11-26
174029,insulating paper,绝缘纸,,2012-11-26
174032,insulating oil,绝缘油,,2012-11-26
174034,insulating compound,绝缘剂,,2012-11-26
174036,instertion,介入,,2012-11-26
174038,instantaneous fuse,即发引信,,2012-11-26
174039,insecticide; pesticide,杀虫剂,,2012-11-26
174043,inositol,肌醇,,2012-11-26
174044,inorganic nitrite,无机亚硝酸盐,,2012-11-26
174048,inorganic nitrates,无机硝酸盐,,2012-11-26
174049,initial condensation,初凝结,,2012-11-26
174050,inhibitor,抑制剂,,2012-11-26
174052,inhibited crotonaldehyde,巴豆醛；已抑制丙基甲醛,,2012-11-26
174053,inhibited,已抑制；已稳定,,2012-11-26
174054,ingot iron,熟铁；工业用纯铁,,2012-11-26
174057,ingot,锭[状],,2012-11-26
174058,infrared radiation,红外辐射,,2012-11-26
174060,infrared lamp,红外光灯,,2012-11-26
174061,infra-red detector,红外线检波器,,2012-11-26
174063,infrared absorption hygrometer,红外吸收湿度计,,2012-11-26
174066,infra red ray; infrared-red ray; infrared rays; ultra-red ray,红外线{红内线},,2012-11-26
174068,inflammable material,易燃材料,,2012-11-26
174070,inflammable liquid preparation,易燃液剂,,2012-11-26
174072,inflammable liquid,易燃液,,2012-11-26
174076,inflammable compressed gases,易燃压缩气体,,2012-11-26
174077,inflammable,易燃,,2012-11-26
174079,inflammability limit,易燃限度,,2012-11-26
174081,inert-gas system {= IGS},惰气系统,,2012-11-26
174084,inert-gas smothering system,惰气窒火系统,,2012-11-26
174085,inert-gas generator {= IGG},惰气产生器,,2012-11-26
174089,inert-gas arc welding; inert-gas metal arc welding,惰气电熔焊；惰气金属电弧熔焊,,2012-11-26
174091,inert solid,惰性固体,,2012-11-26
174093,inert gas blower,惰气鼓风机,,2012-11-26
174094,inert projectile,插入式投射管{武器用弹药},,2012-11-26
174097,inert gas {= IG},惰性气体,,2012-11-26
174098,industrial wastes,工业废弃物{污水物},,2012-11-26
174100,industrial spirit,工业酒精,,2012-11-26
174103,industrial pollution analysis,工业污染分析,,2012-11-26
174105,industrial alcohol,工业用醇；工业酒精,,2012-11-26
174106,indol,吲哚,,2012-11-26
174108,Indiarubber solution,印度橡胶溶液,,2012-11-26
174112,increment welding,断续熔接,,2012-11-26
174115,incombustible material; noncombustible material; non-combustible material,不燃材料,,2012-11-26
174116,incinerator,焚化炉,,2012-11-26
174119,incident rays,入射线,,2012-11-26
174121,incident radiation,入射辐射,,2012-11-26
174123,incidence,入射,,2012-11-26
174125,inch of mercury,水银柱吋数,,2012-11-26
174128,incendiary bomb,烧夷炸弹,,2012-11-26
174129,illuminunce; intensity of illumination,照度,,2012-11-26
174132,illuminometer,照明计,,2012-11-26
174133,illuminating projectile,照明弹[头],,2012-11-26
174137,illuminating oils,照明油类,,2012-11-26
174139,igniter cord; detonating cord,导火索,,2012-11-26
174140,igniter,点火器；点火药,,2012-11-26
174142,ideal gas; perfect gas,理想气体,,2012-11-26
174144,ideal fluid; perfect fluid,理想流体,,2012-11-26
174146,icing,结冰,,2012-11-26
174148,ice making machinery,制冰机,,2012-11-26
174149,ice making capacity,制冰能力,,2012-11-26
174150,ice engine,制冰机；冷冻机,,2012-11-26
174151,hythergraph,湿温图,,2012-11-26
174154,hypochlorite,次氯酸盐,,2012-11-26
174156,hygrothermogram,湿温自记曲线,,2012-11-26
174157,hygroscopic nuclei,吸水性核,,2012-11-26
174160,hygroscopic coefficient,吸水系数,,2012-11-26
174162,hygrometry,测湿术,,2012-11-26
174163,hygrometer,湿度计,,2012-11-26
174166,hygrograph,湿度仪,,2012-11-26
174168,hygrodeik,图示湿度计,,2012-11-26
174169,hygristor,吸湿体,,2012-11-26
174172,hydrozine injection pump,联氨注入泵,,2012-11-26
174174,hydrosilicofluoric acid,氢矽氟酸,,2012-11-26
174175,hydroiodic acid; hydriodic acid,氢碘酸,,2012-11-26
174178,hydrogen-ion concentration,氢离子浓度,,2012-11-26
174179,hydrogen welding,氢[气]焊接；氢[气]熔接,,2012-11-26
174180,hydrogen sulphide,硫化氢,,2012-11-26
174182,hydrogen refrigerated,氢冷冻,,2012-11-26
174184,hydrogen phosphide; phosphoretted hydrogen,磷化氢,,2012-11-26
174186,hydrogen peroxide,过氧化氢；双氧水,,2012-11-26
174187,hydrogen iodide anhydrous,无水碘化氢,,2012-11-26
174189,hydrogen iodide,碘化氢,,2012-11-26
174190,hydrogen fluoride,氟化氢,,2012-11-26
174192,hydrogen cyanide,氰化氢,,2012-11-26
174193,hydrogen cooling,氢冷却,,2012-11-26
174194,hydrogen chloride,氯化氢,,2012-11-26
174196,hydrogen bromide,溴化氢,,2012-11-26
174197,hydrogen arsenide,氢化砷,,2012-11-26
174198,hydrogen antimonide,锑化氢,,2012-11-26
174200,hydrogen and methane mixtures,氢与甲烷混合物,,2012-11-26
174202,hydrogen,氢,,2012-11-26
174206,hydrofluosilic acid; hydrofluosilicic acid,氢氟矽酸,,2012-11-26
174208,hydrofluoric acid,氢氟酸,,2012-11-26
174209,hydrofluoboric acid,氢氟硼酸,,2012-11-26
174211,hydrocyanic acid,氢氰酸,,2012-11-26
174214,hydrochloride acid; muriatic acid,盐酸,,2012-11-26
174216,hydrochloric acid mixture,氢氯酸混合物,,2012-11-26
174218,hydrochloric acid,氢氯酸,,2012-11-26
174219,hydrocarbon gas,烃气,,2012-11-26
174220,hydrobromic acid,溴氢酸,,2012-11-26
174222,hydrides,氢化物,,2012-11-26
174224,hydraulic pressure test; hydraulic test,液压试验,,2012-11-26
174227,hydraulic pressure,液压,,2012-11-26
174229,hydrated potassium sulphide,水合硫化钾,,2012-11-26
174231,hxdrated sodium sulphide,水合硫化钠,,2012-11-26
174232,humidistat,调湿器,,2012-11-26
174233,humidifier,加湿器；给湿器,,2012-11-26
174237,humidification,增湿,,2012-11-26
174239,hrseite colid,亚砷酸盐固体,,2012-11-26
174240,hot working,热作；热加工,,2012-11-26
174242,hot water process,热水处理{熔焊},,2012-11-26
174244,hot spot,热点,,2012-11-26
174246,hot rolling,热轧,,2012-11-26
174247,hot gas defrost,热气除霜,,2012-11-26
174251,hot dip galvanizing,热浸法镀锌,,2012-11-26
174253,hot coke,热煤焦,,2012-11-26
174255,hot coal briquetts,热煤砖,,2012-11-26
174258,hot brine defrost,热盐水除霜,,2012-11-26
174261,hot blast,热风,,2012-11-26
174262,hot bending test,热弯试验,,2012-11-26
174263,hot air seasoning,热气干燥,,2012-11-26
174265,hormone injection,荷尔蒙注射,,2012-11-26
174267,hormone,刺激素,,2012-11-26
174269,horizontal welding,横[向]熔焊,,2012-11-26
174271,homologue,同系物,,2012-11-26
174273,histone,组织蛋白,,2012-11-26
174275,histamine,组织毒素,,2012-11-26
174278,highway signals fuzes,公路信号引信,,2012-11-26
174280,hight alloy steel,高合金钢,,2012-11-26
174282,high titanic type,高钛系[焊条],,2012-11-26
174285,high temperature corrosion,高温腐蚀,,2012-11-26
174288,high speed steel,高速钢；风钢,,2012-11-26
174289,high iron oxide type,高氧化铁系[焊条],,2012-11-26
174290,high explosives,高度爆炸物,,2012-11-26
174292,high cellulose type,高纤维素系[焊条],,2012-11-26
174294,high carbon steel,高碳钢,,2012-11-26
174297,hexane,已烷,,2012-11-26
174298,hexyl trichlorosilane,已基三氯矽烷,,2012-11-26
174299,hexamethyleneimine,六亚甲基亚胺,,2012-11-26
174301,hexamethylenediamine,己二胺,,2012-11-26
174303,hexamethylen- ediisocyanate,己二异氰酸盐；六亚甲基二异氰酸,,2012-11-26
174305,hexaldehyde,己醛 ,,2012-11-26
174308,hexagonal system,六方晶系,,2012-11-26
174310,hexafluoropropylene,六氟丙烯,,2012-11-26
174312,hexafluorophosphoric acid,六氟磷酸,,2012-11-26
174313,hexafluoroacetone,六氟丙酮,,2012-11-26
174314,hexaethyl tetraphosphate,四磷六乙酯；四磷酸六乙酯,,2012-11-26
174318,hexadiene,己二烯,,2012-11-26
174321,hexachlorobenzene,六氯苯,,2012-11-26
174322,hexachloroacetone,六氯丙酮,,2012-11-26
174324,herbicide; weed killer,除草剂,,2012-11-26
174325,heptane,庚烷,,2012-11-26
174327,hemp,大麻,,2012-11-26
174331,hemoglobine,血色素,,2012-11-26
174332,hemocyanin,血青素,,2012-11-26
174333,hematite,赤铁矿,,2012-11-26
174335,helium-oxygen diving,氦氧潜水,,2012-11-26
174337,helium refrigerated liquid,氦冷冻液体,,2012-11-26
174339,helium gas,氦气,,2012-11-26
174341,helium,氦,,2012-11-26
174342,heliac welding,氦[气电]弧熔焊,,2012-11-26
174343,heavy welding,全熔焊,,2012-11-26
174347,heavy hydrogen,重氢,,2012-11-26
174348,heavy fuel oil,重[燃]油,,2012-11-26
174351,heat-resistant paint,防热漆,,2012-11-26
174353,heating water ratio,加热水率,,2012-11-26
174355,heating value,热值,,2012-11-26
174357,heating up time,升热时间,,2012-11-26
174359,heating system,加热系统,,2012-11-26
174361,heating steam,加热蒸汽,,2012-11-26
174363,heating coil,加热盘管；加热线圈,,2012-11-26
174365,heating arrangement,加热装置；暖气装置,,2012-11-26
174366,heat-humidity ratio,热湿比,,2012-11-26
174369,heat treatment,热处理,,2012-11-26
174371,heat treated steel,热处理钢,,2012-11-26
174374,heat transmisssion; transmission of heat,热传递,,2012-11-26
174375,heat resisting material,耐热材料,,2012-11-26
174376,heat resisting aluminum paint,耐热银灰漆,,2012-11-26
174377,heat release,放热,,2012-11-26
174379,heat recovery,热回收,,2012-11-26
174381,heat rays,热射线,,2012-11-26
174382,heat rate,耗热率,,2012-11-26
174384,heat radiation,热辐射,,2012-11-26
174385,heat proof,耐热性,,2012-11-26
174388,heat output of reactor,反应器热功率,,2012-11-26
174391,heat of vaporization,汽化热,,2012-11-26
174393,heat of sublimation,升华热；凝华热,,2012-11-26
174395,heat of fusion,熔解热,,2012-11-26
174398,heat of freezing,凝固热,,2012-11-26
174400,heat of evaporation,蒸发热,,2012-11-26
174402,heat of crystallization,结晶热,,2012-11-26
174403,heat of condensation,凝结热,,2012-11-26
174405,heat lose,热损失,,2012-11-26
174407,heat load,热负荷,,2012-11-26
174409,heat lightning,热闪,,2012-11-26
174411,heat insulation test,绝热试验,,2012-11-26
174413,heat insulation material,绝热材料,,2012-11-26
174415,heat insulation,绝热,,2012-11-26
174420,heat fatigue; thermal fatigue,热疲劳,,2012-11-26
174421,heat drop,热落差,,2012-11-26
174423,heat cycle,热循环,,2012-11-26
174425,heat content,热含量,,2012-11-26
174428,heat conductivity; heat transfer rate,传热率,,2012-11-26
174430,hay,干草,,2012-11-26
174432,harmful substance report,有害物质报告,,2012-11-26
174434,harmful substance,有害物质,,2012-11-26
174436,hardening,硬化；淬火；硬化剂,,2012-11-26
174438,hardened steel,硬化钢；淬火钢,,2012-11-26
174440,hardened oil,硬化油,,2012-11-26
174442,hard water,硬水,,2012-11-26
174445,hand welding; manual welding,人工熔接,,2012-11-26
174446,hand smoke grenade,烟幕手榴弹,,2012-11-26
174449,hand signal devices,手制信号装置,,2012-11-26
174450,hand incendiary grenade,烧夷手榴弹,,2012-11-26
174452,hand gas grenade,毒气手榴弹,,2012-11-26
174454,halophilic bacteria,好盐细菌,,2012-11-26
174456,halogenated irritating liquids,卤化刺激性液体,,2012-11-26
174459,half lethal concentration; lethal concentration 50% {= LC 50},半致死浓度,,2012-11-26
174461,halephobic bacteria,耐盐细菌,,2012-11-26
174463,hafnium metal powder,铪金属粉,,2012-11-26
174464,gun. cotton,棉花火药,,2012-11-26
174465,gums,树胶,,2012-11-26
174468,guanyl nitrosamind guanylidene hydrazine,胍基亚硝酸氨基亚胍肼,,2012-11-26
174469,guano,海鸟粪,,2012-11-26
174470,guanine,鸟粪素,,2012-11-26
174473,guanidine nitrate,硝酸胍,,2012-11-26
174475,growth hormone,生长激素,,2012-11-26
174477,ground bituminous coal,研细烟煤,,2012-11-26
174480,groove weld,起槽熔焊；沟熔焊,,2012-11-26
174482,gravure ink,摄影凹板墨水,,2012-11-26
174483,graphite paint,石墨涂料；石墨油漆,,2012-11-26
174485,graphite packing,石墨衬垫；石墨迫紧,,2012-11-26
174488,graphite greases and lubricant,石墨润滑脂及润滑油,,2012-11-26
174491,graphite grease,石墨油脂,,2012-11-26
174493,gram equivalent,克当量,,2012-11-26
174494,grains,喱{重量单位，合0.065克},,2012-11-26
174495,gonado tropin,生殖激素；促性腺激素,,2012-11-26
174499,gold paint,金色漆,,2012-11-26
174501,glycogen,肝糖,,2012-11-26
174502,glycine,甘氨基酸,,2012-11-26
174506,glyceryl trinitrate,三硝酸甘油酯,,2012-11-26
174508,glycerin; glycerine,甘油,,2012-11-26
174510,glyceride,甘油酯；甘油化物,,2012-11-26
174512,gluten,麸质；面筋,,2012-11-26
174513,glutamic acid,麸[胺]酸,,2012-11-26
174516,glucoside,甲苷；配糖体,,2012-11-26
174518,globulin,球蛋白；血球素,,2012-11-26
174520,glint,闪耀,,2012-11-26
174521,glass wool,玻璃绒,,2012-11-26
174523,getter,除气剂,,2012-11-26
174524,germ,微生物；细菌,,2012-11-26
174526,geraniol,香草醇；天竺葵醇,,2012-11-26
174527,genital organ,生殖器,,2012-11-26
174529,genetices,遗传学,,2012-11-26
174531,generating tube,蒸发管,,2012-11-26
174535,gelatin dynamite,胶状炸药,,2012-11-26
174538,gelatin,动物胶；植物胶,,2012-11-26
174539,gel,凝胶体；冻胶体,,2012-11-26
174541,gasoline; motor spirit; pertrol,汽油,,2012-11-26
174542,gasification,气化,,2012-11-26
174546,gases dissolved under pressure,加压溶解气体,,2012-11-26
174547,gas welding,气焊；气体焊接,,2012-11-26
174548,gas pressure welding,气体压力熔焊,,2012-11-26
174552,gas free,有害气体清除,,2012-11-26
174554,gas drips hydrocarbon,煤气油碳氢化合物,,2012-11-26
174555,gas decay tank,气体衰变箱,,2012-11-26
174557,gas collector,气体稳压箱,,2012-11-26
174560,gas brazing,气焰硬焊,,2012-11-26
174561,gas bomb,毒气炸弹,,2012-11-26
174562,gas annealing,气体退火,,2012-11-26
174564,gas analysis,气体分析,,2012-11-26
174566,garbage tankage,食物废料,,2012-11-26
174567,garbage collection,废料清理,,2012-11-26
174568,gamma ray,伽玛射线,,2012-11-26
174573,gamma radiation,伽玛辐射；伽玛放射性,,2012-11-26
174575,galvanized steel,镀锌钢,,2012-11-26
174577,galvanization,电镀；镀锌,,2012-11-26
174579,galcon,冰块,,2012-11-26
174580,gadosane,鳕肝油烷,,2012-11-26
174582,"gadelaidic, acid",鳕肝油酸,,2012-11-26
174584,fuzes,引信,,2012-11-26
174585,fusion welding,熔化熔接,,2012-11-26
174588,fusible metal,易熔金属,,2012-11-26
174590,fusible alloy,易熔合金；易熔金属,,2012-11-26
174592,fusel oil,杂醇油,,2012-11-26
174593,fused cobalt resinate,融合树脂酸钴,,2012-11-26
174597,fused carbolic acid,熔合石碳酸,,2012-11-26
174598,fused calcium resinate,熔合树脂酸钙,,2012-11-26
174602,fuse igniter; fuse igniters; fuse lighter,引信点火器,,2012-11-26
174604,furniture stain,家具著色剂,,2012-11-26
174605,furfurylamine,呋喃甲胺,,2012-11-26
174610,furfuryl alcohol,呋喃甲醇,,2012-11-26
174612,furfural,糠醛,,2012-11-26
174613,furan,呋喃,,2012-11-26
174615,fungus test,霉菌试验,,2012-11-26
174617,fungicides; germicide,杀菌剂,,2012-11-26
174618,fungicide,杀霉剂,,2012-11-26
174620,fundamental fuel lower calorific value,基本燃料低热值,,2012-11-26
174623,fuming tin chloride,发烟氯化锡,,2012-11-26
174624,fuming sulphuric acid; oleum,发烟硫酸,,2012-11-26
174626,fuming liquid arsenic,发烟液体砷,,2012-11-26
174628,fulminate of mercury,雷酸汞,,2012-11-26
174630,full welding,全熔焊；重熔焊,,2012-11-26
174634,full fillet weld,全填角焊,,2012-11-26
174636,fuel pyrophoric,燃料引火剂,,2012-11-26
174639,fuel element,燃料元素,,2012-11-26
174642,fuel,燃料,,2012-11-26
174644,fucosterol,海藻固醇,,2012-11-26
174646,fucose,岩藻糖,,2019-10-18
174648,fucitol,海藻醇；黑角菜,,2012-11-26
174650,front fillet weld,前面填角焊,,2012-11-26
174652,freon,氟氯烷冷媒,,2012-11-26
174653,freezing tray,冷冻盘,,2012-11-26
174654,freezing test,冻结试验,,2012-11-26
174659,freezing preservation,冷冻贮藏法,,2012-11-26
174660,freezing mixture,冷冻剂,,2012-11-26
174662,freezing denaturation,冷冻变质,,2012-11-26
174666,freezing by indirect contact,间接接触冻结,,2012-11-26
174668,freezing by direct contact,直接接触冻结,,2012-11-26
174671,freezer,冷藏器；冻结器；冷藏品；制冰机,,2012-11-26
174673,freeze storage,冷冻贮藏,,2012-11-26
174676,freeze drying,冻结干燥,,2012-11-26
174678,free ammoniain,游离氨,,2012-11-26
174680,fracturing devices explosive,破裂装置爆炸物,,2012-11-26
174682,foul water,脏水；污水,,2012-11-26
174684,forward welding,前进熔焊,,2012-11-26
174686,formic acid,蚁酸；甲酸,,2012-11-26
174688,formalin tanning,甲醛液鞣,,2012-11-26
174691,formalin,甲醛液{福马林},,2012-11-26
174692,formaldehyde solutions,甲醛溶液,,2012-11-26
174694,forma-gelatin,含醛明胶,,2012-11-26
174695,forged steel,锻钢,,2012-11-26
174697,foam rubber,泡沫橡胶,,2012-11-26
174699,foam plastic,泡沫塑胶,,2012-11-26
174701,foam extinguisher; foam fire extinguisher; foamite extinguisher,泡沫灭火器,,2012-11-26
174703,flux injection cutting,助熔剂切割,,2012-11-26
174706,flux coppor backing welding {= FCB},铜板垫单面潜弧焊接,,2012-11-26
174709,flux asbesto backing welding {= FAB},石棉垫单面潜弧焊接,,2012-11-26
174712,flush weld,平熔焊,,2012-11-26
174713,flush fillet weld,平填角焊[接],,2012-11-26
174716,flus gas analysis,烟气分析,,2012-11-26
174718,fluosilicic acid,氟矽酸,,2012-11-26
174721,fluorotoluenes,氟甲苯,,2012-11-26
174723,fluorosulphonic acid,氟磺酸,,2012-11-26
174725,fluoroposhphoric acid,氟磷酸,,2012-11-26
174728,fluoroformyl fluoride,氟硫化碳,,2012-11-26
174729,fluorobenzene,氟苯,,2012-11-26
174731,fluoroacetic acid,氟醋酸,,2012-11-26
174732,fluorine,氟,,2012-11-26
174734,fluoric acid,氟酸,,2012-11-26
174737,fluorescence,萤光,,2012-11-26
174738,fluoboric acid,氟硼酸,,2012-11-26
174740,fluid vulcanizing compound,液体硫化剂,,2012-11-26
174743,fluid polishing compound,液体擦光化合物,,2012-11-26
174745,fluid fire extinguisher,液体灭火器,,2012-11-26
174747,fluid,流体,,2012-11-26
174749,flax yarn,亚麻纱,,2012-11-26
174750,flax,亚麻,,2012-11-26
174753,flavoring extracts liquid,调味精液体；调味精馏出物,,2012-11-26
174754,flavone,黄色素,,2012-11-26
174758,flat welding,平焊；俯向焊接,,2012-11-26
174760,flash sheets {fireworks},闪光片{烟火},,2012-11-26
174762,flash powder sheets bulk,散装片状闪光剂,,2012-11-26
174764,flash powder cartridge,闪光剂筒,,2012-11-26
174767,flash powder,闪光药量,,2012-11-26
174770,flash point [= flashing point],闪点；引火点；发火点,,2012-11-26
174771,flash evaporation,急骤蒸发,,2012-11-26
174772,flash cracker,闪光爆竹,,2012-11-26
174775,flash cartridge,闪光筒,,2012-11-26
174776,flare-up light,焰光,,2012-11-26
174779,flares of highway signals,公路用火焰信号,,2012-11-26
174780,flammable solid when wet,遇湿易燃固体,,2012-11-26
174784,flammable solid liable to spontaneous combustion,易自燃固体,,2012-11-26
174785,flammable solid,易燃固体,,2012-11-26
174786,flammable liquid; inflammable liquid,易燃液体,,2012-11-26
174788,flammable,可燃,,2012-11-26
174789,flame shrinking,烧缩法,,2012-11-26
174791,flame scarfing,火焰嵌接,,2012-11-26
174792,flame hardening,火焰硬化,,2012-11-26
174793,flame gouging,火焰挖割,,2012-11-26
174795,flame cutting,火焰截割,,2012-11-26
174796,flame annealing,火焰退火,,2012-11-26
174798,flame,焰,,2012-11-26
174799,flake; slab,片状,,2012-11-26
174801,fireworks,烟火,,2012-11-26
174802,firework shell,烟火壳,,2012-11-26
174804,firewood,柴,,2012-11-26
174806,fire-tight,耐火,,2012-11-26
174807,firecrackers {Chinese fireworks},爆竹{中国烟火},,2012-11-26
174809,fire smothering gas,窒火气体,,2012-11-26
174812,fire retarding division,耐火区域,,2012-11-26
174814,fire retarding bulkhead,耐火舱壁,,2012-11-26
174815,fire resisting wood,抗火木材,,2012-11-26
174819,fire resisting division,抗火区域,,2012-11-26
174820,fire pump,灭火泵,,2012-11-26
174823,fire protected lifeboat; fire-protected lifeboat,防火救生艇,,2012-11-26
174825,fire proof test,耐火试验,,2012-11-26
174827,fire proof bulkhead,防火舱壁,,2012-11-26
174829,fire proof,防火[式]；耐火,,2012-11-26
174830,fire mask,防火面罩,,2012-11-26
174832,fire main,[救火]主消防水管,,2012-11-26
174833,fire integrity,抗火完整性,,2012-11-26
174836,fire foam,灭火软泡沫,,2012-11-26
174839,fire extinguishing system,灭火系统,,2012-11-26
174840,fire extinguishing appliance,灭火用具；灭火设备；灭火装备,,2012-11-26
174844,fire extinguishers charges,灭火器填料{含腐蚀性液体},,2012-11-26
174845,fire detector,火警探测器,,2012-11-26
174847,fire detection and fire alarm system,探火及火警警报系统,,2012-11-26
174848,fire detecting device,探火装置,,2012-11-26
174849,fire control plan,火灾控制图；火警控制平面图,,2012-11-26
174850,fire clay,火泥,,2012-11-26
174854,fire bucket,消防桶,,2012-11-26
174856,fire bridge,火坝,,2012-11-26
174858,fire brick,火砖,,2012-11-26
174859,fire alarm system,火警警报系统,,2012-11-26
174860,fire alarm signal,火警警报器,,2012-11-26
174864,final weld,最后熔焊,,2012-11-26
174867,film motion picture {nitrocellulese base},摄影胶片{以硝化纤维作底料},,2012-11-26
174870,film evaporator,膜式蒸发装置,,2012-11-26
174872,fillet welding,填角熔焊,,2012-11-26
174873,fillet weld size,填角熔焊尺寸,,2012-11-26
174876,fillet weld in paralle shear,侧面填角熔焊,,2012-11-26
174878,fillet weld in normal shear,前面填角熔焊,,2012-11-26
174879,fibrin,血纤维蛋白,,2012-11-26
174884,fibre glass cloth,玻璃纤维布,,2012-11-26
174887,fiberglass reinforceed plastic ship {= FRP ship}; glass reinforced plastic ship {= GRP ship},玻璃纤维强化塑胶船,,2012-11-26
174890,fiber-glass covered wire,玻璃纤维包线,,2012-11-26
174892,fiber-glass braided wire,玻璃纤维编线,,2012-11-26
174894,fiber of fabrics,纤维织品,,2012-11-26
174895,fiber glass; glass fiber,玻璃纤维,,2012-11-26
174901,fiber glass reinforced plastics; fiberglass reinforcement plastics {= FRP}; glass reinforced plastic {= GRP},玻璃纤维强化塑胶,,2012-11-26
174904,fiber glass laminates,玻璃纤维积层,,2012-11-26
174906,fiber glass frames,玻璃纤维肋材,,2012-11-26
174909,fiber glass cover wire,玻璃纤维线,,2012-11-26
174911,fiber glass chopped stand mat,玻璃纤维席,,2012-11-26
174914,fiber board scrap,破碎纤维板,,2012-11-26
174915,fiber,纤维,,2012-11-26
174917,fertilizer ammoniating,氨化肥料,,2012-11-26
174919,ferrous metal,铁金属,,2012-11-26
174921,ferrous arsenate,砷酸亚铁,,2012-11-26
174923,ferrosilicons briquets,矽铁砖,,2012-11-26
174924,ferro-silicon; silicon steel,矽钢,,2012-11-26
174926,ferrosilicon; silicon iron,矽铁,,2012-11-26
174927,ferrocerium,铈铁,,2012-11-26
174928,ferro-manganese; manganese steel,锰钢,,2012-11-26
174930,ferro-alloy,铁合金,,2012-11-26
174931,ferric perchloride,过氯化铁,,2012-11-26
174933,ferric nitrate,硝酸铁,,2012-11-26
174934,ferric chloride; iron chloride,氯化铁,,2012-11-26
174935,ferric arsenite,亚砷酸铁,,2012-11-26
174937,ferric arsenate,砷酸铁,,2012-11-26
174939,fermented product,酦酵制品；盐酱品,,2012-11-26
174941,feathers,羽毛,,2012-11-26
174944,fatty acid,脂肪酸,,2012-11-26
174945,fats,脂肪,,2012-11-26
174948,faculative anaerobes,通性嫌气菌,,2012-11-26
174949,faculative aerobes,通性好气菌,,2012-11-26
174951,external latent heat,外潜热,,2012-11-26
174952,explosive torpedo,爆炸鱼雷,,2012-11-26
174956,explosive supplementary charges,爆炸补助药包,,2012-11-26
174957,explosive sound unit,爆炸音响装置,,2012-11-26
174958,explosive smoke projectiles; smoke projectiles,烟幕弹头,,2012-11-26
174962,explosive signal,爆炸信号,,2012-11-26
174963,explosive samples,爆炸物样品,,2012-11-26
174966,explosive rifle grenade,爆炸枪榴弹,,2012-11-26
174969,explosive resin release devices,爆炸曳放装置,,2012-11-26
174971,explosive projectile,爆炸弹头,,2012-11-26
174975,explosive incendiary projectiles; incendiary projectile; projectile incendiary,烧夷弹头,,2012-11-26
174976,explosive hand grenade,爆炸手榴弹,,2012-11-26
174978,explosive gas projectile; projectile gas,毒气弹头,,2012-11-26
174981,explosive echo ranging {= EER} {Julie},爆炸回音测距{茱莉系统},,2012-11-26
174982,explosive content,爆炸物,,2012-11-26
174984,explosive composition,化合爆炸物,,2012-11-26
174987,explosive charge,爆炸装药,,2012-11-26
174988,explosive bullet,爆炸弹,,2012-11-26
174991,exploded in mass,整体爆炸,,2012-11-26
174992,exoenzyme,体外酵素,,2012-11-26
174993,exhausting,脱气,,2012-11-26
174994,exhaust box,脱气箱,,2012-11-26
174995,excited atom,受激原子,,2012-11-26
174999,excessiue air,过剩空气,,2012-11-26
175003,excess of air,过剩空气量,,2012-11-26
175005,excess air control,过剩空气控制,,2012-11-26
175007,excelsior; shredded wood,铇花{木片},,2012-11-26
175009,evapotranspiration,蒸散[量],,2012-11-26
175010,evaporator out put,蒸发器输出量,,2012-11-26
175012,evaporator,蒸馏器；蒸发器；淡水机,,2012-11-26
175014,evaporative power,蒸发能量,,2012-11-26
175016,evaporative factor,蒸发因数,,2012-11-26
175018,evaporative capacity,蒸发量,,2012-11-26
175019,evaporation test,蒸发试验,,2012-11-26
175021,evaporation tank,蒸发槽,,2012-11-26
175022,evaporation pan,蒸发皿,,2012-11-26
175026,evaporation coefficient,蒸发系数,,2012-11-26
175027,evaporation capacity; evaporativity,蒸发率,,2012-11-26
175029,evaporation,蒸发,,2012-11-26
175030,eutectic point,共晶点；共融点,,2012-11-26
175031,eutectic ice,共晶冰,,2012-11-26
175035,eugenics,优生学,,2012-11-26
175037,eugenic protection law,优生保护法,,2012-11-26
175038,ethyl-iso-bytyrate,异丁酸乙酸,,2012-11-26
175041,ethyleneimine,次乙亚胺,,2012-11-26
175042,ethylenediamine,乙二胺,,2012-11-26
175046,ethylene glycol monoethylether acetate,乙酸乙氧基乙酯,,2012-11-26
175048,ethylene glycol monoethylether,单乙基乙二醇；乙二醇乙醚,,2012-11-26
175051,ethylene glycol diethylether,二乙基乙二醇；乙二醇二乙醚,,2012-11-26
175053,ethylene dichloride,二氯化乙烯,,2012-11-26
175055,ethylene dibromide,二溴化乙烯,,2012-11-26
175057,ethylene,乙烯,,2012-11-26
175059,ethylbutyl acetate,乙酸乙丁酯,,2012-11-26
175061,ethylamine,乙胺,,2012-11-26
175062,ethyl trichlorosilane,乙基三氯甲矽烷,,2012-11-26
175063,ethyl sulphate,硫酸乙酯,,2012-11-26
175064,ethyl silicate,矽酸乙酯,,2012-11-26
175068,ethyl propionate,丙酸乙酯,,2012-11-26
175070,ethyl nitrate,硝酸乙酯,,2012-11-26
175072,ethyl methyl ketone; methyl ethyl ketone,甲乙酮,,2012-11-26
175075,ethyl methyl ketone peroxide,过氧化甲乙酮,,2012-11-26
175076,ethyl methyl ether,甲乙醚,,2012-11-26
175080,ethyl lactate,乳酸乙酯,,2012-11-26
175082,ethyl hexaldehyde,乙基乙醛,,2012-11-26
175083,ethyl formate,甲酸乙酯,,2012-11-26
175085,ethyl dichlorosilane,乙基二氯矽烷,,2012-11-26
175088,ethyl dichloroarsine,二氯乙胂,,2012-11-26
175091,ethyl cyanoacetate,氰乙酸乙酯,,2012-11-26
175093,ethyl crotonate,巴豆酸乙酯,,2012-11-26
175096,ethyl chlorocarbonate; ethyl chloroformate,氯甲酸乙酯,,2012-11-26
175098,ethyl chloroacetate,氯乙酸乙酯,,2012-11-26
175100,ethyl chloride,氯代乙基；氯乙烷,,2012-11-26
175102,ethyl butyrate,丁酸乙酯,,2012-11-26
175104,ethyl butyraldehyde,乙丁醛,,2012-11-26
175107,ethyl butyl ether,乙丁醚,,2012-11-26
175109,ethyl bromoacetate,溴乙酸乙酯,,2012-11-26
175110,ethyl bromide,溴乙烷,,2012-11-26
175112,ethyl borate,硼酸乙酯,,2012-11-26
175115,ethyl benzene,乙苯,,2012-11-26
175116,ethyl amyl ketone,乙基戊基酮,,2012-11-26
175119,ethyl aluminium sesquichloride,三氯三乙基化二铝,,2012-11-26
175121,ethyl aluminium dichloride,乙基二氯化铝,,2012-11-26
175124,ethyl acetate,乙酸乙酯,,2012-11-26
175125,ether,乙醚,,2012-11-26
175126,ethanolamine,乙氨基乙醇,,2012-11-26
175130,ethanol; ethyl alcohol,乙醇；酒精,,2012-11-26
175131,ethane,乙烷,,2012-11-26
175135,etch test,腐蚀试验,,2012-11-26
175136,essential oil,精油,,2012-11-26
175138,essences,香精,,2012-11-26
175141,erosion resistance; erosion-resisting,抗蚀性,,2012-11-26
175144,ergosterol,麦角固醇,,2012-11-26
175146,eradicators,去污剂,,2012-11-26
175148,equivalent of heat; thermal equivalent,热当量,,2012-11-26
175150,equivalent of evaporation,蒸发当量,,2012-11-26
175153,equilibrium vapor pressure of ice surface,冰面平衡蒸气压,,2012-11-26
175155,equilibrium vapor pressure,平衡蒸气压,,2012-11-26
175157,epoxyethane; ethylene oxide; oxirane,环氧乙烷,,2012-11-26
175159,epoxy resin,环氧树脂,,2012-11-26
175160,epichlorohydrin,表氯醇,,2012-11-26
175162,enzymes,酵素{酶},,2012-11-26
175164,environmental resistance,环境抵抗,,2012-11-26
175167,environmental pattern,环境型,,2012-11-26
175168,environmental hygienics,环境卫生学,,2012-11-26
175171,environmental factor,环境因素,,2012-11-26
175172,environmental barrier,环境障壁,,2012-11-26
175173,entropy of vaporation,汽化熵,,2012-11-26
175176,entropy of superheating,过热熵,,2012-11-26
175178,entropy of evaporation,蒸发熵,,2012-11-26
175180,entropy,熵,,2012-11-26
175182,enthalpy,焓,,2012-11-26
175183,Engler viscosimeter,英格勒黏度计,,2012-11-26
175186,engine starting fluid,引擎起动液,,2012-11-26
175189,endoenzyme,体内酵素,,2012-11-26
175191,endless fiber,长纤维,,2012-11-26
175193,enamels,釉；瓷漆,,2012-11-26
175195,enamel lacquer,瓷喷漆,,2012-11-26
175199,enamel,瓷漆；法瑯质,,2012-11-26
175200,emulsion type lubricants,乳化性润滑油,,2012-11-26
175201,emulsion,乳剂；乳液,,2012-11-26
175203,emulsifying oil,乳化油,,2012-11-26
175205,empty torpedo,空鱼雷,,2012-11-26
175206,empty projectile,空心弹头,,2012-11-26
175209,emgryology,发生学；胚胎学,,2012-11-26
175211,emergency air compressor,紧急空气压缩机,,2012-11-26
175214,emerald green,翡翠绿；巴黎绿,,2012-11-26
175216,embrittlement characteristic,脆化特性,,2012-11-26
175217,electrotaxis,趋电性,,2012-11-26
175218,electrometer,静电计,,2012-11-26
175220,electromagnetic spectrum,电磁[波]谱,,2012-11-26
175222,electromagnetic radiation,电磁辐射,,2012-11-26
175224,electrolytic strip,电解[湿度]片,,2012-11-26
175225,electrolytic corrosion,电解腐蚀,,2012-11-26
175227,electrodialysis method,电透析法,,2012-11-26
175230,electrochemical corrosion,电化腐蚀,,2012-11-26
175232,electro microscope,电子显微镜,,2012-11-26
175234,electrification,电化；带电；充电,,2012-11-26
175236,electric-harpoon,电气铦,,2012-11-26
175238,electrically heated thermometer,电热温度计,,2012-11-26
175240,electrical thermometer,电温度计,,2012-11-26
175242,electrical fish trap; electric net,电气网,,2012-11-26
175244,electric welding,电[熔]焊；电熔[接],,2012-11-26
175245,electric steel,电炼钢,,2012-11-26
175247,electric squib,电引爆器,,2012-11-26
175250,electric screen,电幕,,2012-11-26
175252,electric resistance welding [= resistance welding],电阻熔焊；电阻熔接,,2012-11-26
175255,electric brazing,电热硬焊,,2012-11-26
175257,electric blasting caps,电火帽,,2012-11-26
175259,electric arc welding,电弧熔焊,,2012-11-26
175260,effective length of weld,有效熔焊长度,,2012-11-26
175264,edge weld,边缘熔焊,,2012-11-26
175266,ectoblast [= epiblast],外胚层；上胚层,,2012-11-26
175268,ecosystem,生态系,,2012-11-26
175270,ecology,生态学,,2012-11-26
175271,ecological group,生态群,,2012-11-26
175275,ecological distribution,生态分布,,2012-11-26
175276,ecological botany,植物生态学,,2012-11-26
175278,dyeing method,染法,,2012-11-26
175281,dye; dye stuff,染料,,2012-11-26
175283,dye toning,染料调色,,2012-11-26
175284,dye marker,海水染色剂,,2012-11-26
175286,dust zine; zinc powder,锌粉,,2012-11-26
175289,dust filter,滤尘器,,2012-11-26
175292,dust coal; pulverized coal,粉煤,,2012-11-26
175293,dry-type evaporator,干式蒸发器,,2012-11-26
175297,dryness factor,干度因数；干度率,,2012-11-26
175300,drying cylinder,圆筒干燥机,,2012-11-26
175304,drying by sublimation,升华干燥法,,2012-11-26
175306,drying by smoking,熏干,,2012-11-26
175308,drying by freezing,冻干,,2012-11-26
175310,dryer,干燥剂；干燥机；干燥器,,2012-11-26
175313,dry-and-wet-bulb thermometer,干湿球温度计,,2012-11-26
175315,dry zirconium metal,干燥锆金属,,2012-11-26
175317,dry tetryl,干燥四硝基炸药,,2012-11-26
175321,dry steam,干蒸汽,,2012-11-26
175322,dry picric acid,干燥苦味酸,,2012-11-26
175324,dry ice,干冰,,2012-11-26
175325,dry heat sterilizer,干热杀菌器,,2012-11-26
175327,dry distillation,干馏,,2012-11-26
175330,dry by broiling; drying after boiling,煮干,,2012-11-26
175332,dry benzoyl peroxide,干燥过氧化二苯甲醯,,2012-11-26
175333,drinking water system,饮用水系统,,2012-11-26
175335,drinking water pump,饮用水泵,,2012-11-26
175336,drinking water ozone disinfector,饮用水臭氧消毒器,,2012-11-26
175339,drier,催干剂；干燥剂；干燥器,,2012-11-26
175341,down-ward welding,下行熔焊,,2012-11-26
175343,down hill direction welding,下坡熔焊,,2012-11-26
175344,down hand welding ,下向熔焊,,2012-11-26
175346,double-V groove weld,双V形槽焊接,,2012-11-26
175348,double-U groove weld,双U形槽焊接,,2012-11-26
175349,double-J groove weld,双丁沟焊接,,2012-11-26
175350,double welded joint,双面熔焊接合,,2012-11-26
175352,double welded butt joint,双面对头焊接,,2012-11-26
175354,double groove weld,双槽焊接,,2012-11-26
175356,double bevel groove weld,双斜槽焊接,,2012-11-26
175357,dosimeter,放射性测量计,,2012-11-26
175359,domestic waste,生活废弃物,,2012-11-26
175361,dodecyl trichlorosilane,十二烷基三氯甲矽烷,,2012-11-26
175362,divinyl ether,二乙烯醚,,2012-11-26
175364,distilling tank,蒸馏水柜,,2012-11-26
175365,distilled water,蒸馏水,,2012-11-26
175367,distillator; distiller,蒸馏器,,2012-11-26
175369,distillation plant; distilling plant,蒸馏设备,,2012-11-26
175371,distillation method,蒸馏法,,2012-11-26
175373,distillation,蒸馏,,2012-11-26
175375,distill ability,蒸馏能,,2012-11-26
175378,dissolved oxygen; dissolved oxygen content,溶氧量,,2012-11-26
175380,dissolved acetylene,被溶乙炔,,2012-11-26
175381,dissolved,已溶解,,2012-11-26
175384,disposaleer,爆炸物处理人员,,2012-11-26
175385,disposal of wastes,废弃物处理,,2012-11-26
175386,disinfectant,消毒剂,,2012-11-26
175389,direct evaporating air cooler,直接蒸发空气冷却器,,2012-11-26
175391,dipping process,热浸法,,2012-11-26
175393,dipicryl sulphide,六硝基二苯硫,,2012-11-26
175396,diphenylmethyl bromide,溴化二甲苯,,2012-11-26
175397,diphenylamine chloroarsine,二苯胺氯胂,,2012-11-26
175400,diphenyl chloroarsine,二苯氯胂,,2012-11-26
175401,dipentene,双成烯,,2012-11-26
175403,dip brazing,热浸硬焊,,2012-11-26
175406,dioxane,二氧陆圜,,2012-11-26
175407,dinitrotoluenes,二硝基甲苯,,2012-11-26
175410,dinitrophenolates,二硝基酚盐,,2012-11-26
175411,dinitrophenol,二硝基酚,,2012-11-26
175412,dinitrochlorobenzol,二硝基氯化苯,,2012-11-26
175416,dinitrochlorobenzene,二硝基氯苯,,2012-11-26
175417,dinitrobenzenes,二硝基苯类,,2012-11-26
175418,dinitro benzol,二硝基苯,,2012-11-26
175419,dimtroaniline,二硝基苯胺,,2012-11-26
175422,dimethylzinc,二甲锌,,2012-11-26
175423,dimethylmagnesium,二甲镁,,2012-11-26
175424,dimethylhexane dihydroperoxide,二氢过氧化二甲己烷,,2012-11-26
175428,dimethyl sulphide,二甲硫,,2012-11-26
175429,dimethyl sulphate,硫酸二甲酯,,2012-11-26
175431,dimethyl para nitrosoaniline,二甲基对位亚硝基苯胺,,2012-11-26
175433,dimethyl ether,二甲醚,,2012-11-26
175435,dimethyl dichlorosilane,二甲基二氯甲矽烷,,2012-11-26
175436,dimethyl cyclohexanes,二甲基环已烷,,2012-11-26
175439,dimethyl carbonate,碳酸二甲酯,,2012-11-26
175440,dimethyl butane,二甲丁烷,,2012-11-26
175441,dimethyl amine,二甲胺,,2012-11-26
175445,dimethoxy strychnine,二甲氧基番木虌碱,,2012-11-26
175447,diisopropylamine,二异丙胺,,2012-11-26
175448,diisopropyl ether,二异丙醚,,2012-11-26
175451,diisobutyl ketone,二异丁酮,,2012-11-26
175453,digestive enzyme,消化酵素,,2012-11-26
175456,digestion coefficient [= digestive coefficient],消化系数；消化率,,2012-11-26
175458,digestion,消化；碎解,,2012-11-26
175459,digestible protein,可消化性蛋白,,2012-11-26
175461,difluorophosphoric acid,二氟磷酸,,2012-11-26
175465,difluoromono-chloromethane,二氟一氯甲烷,,2012-11-26
175467,difluoromono-chloroethane,二氟一氯乙烷,,2012-11-26
175469,difluoroethane,二氟乙烷,,2012-11-26
175473,diethylzinc; zinc ethyl; zinc diethyl,二乙锌,,2012-11-26
175474,diethylmagnesium,二乙镁,,2012-11-26
175475,diethylamine,二乙胺,,2012-11-26
175479,diethyl sulphate,硫酸二乙酯,,2012-11-26
175481,diethyl ketone,二乙酮,,2012-11-26
175483,diethyl ether; ethyl oxide,二乙醚,,2012-11-26
175485,diethyl dichlorosilane,二乙基二氯甲矽烷,,2012-11-26
175486,didymium nitrate,硝酸镨铵；硝酸铅,,2012-11-26
175491,dicyclohexylammonium nitrite,二环已基亚硝酸胺,,2012-11-26
175493,dicyclohexylamine,二环已基胺,,2012-11-26
175494,dicumyl peroxide,双异苯丙基过氧化物,,2012-11-26
175495,dichromates,重铬酸盐,,2012-11-26
175496,dichlorophenyl trichlorosilane,二氯苯基三氯甲矽烷,,2012-11-26
175500,dichloropantane,二氯戊烷,,2012-11-26
175501,dichloromethane; methylene chloride,二氯甲烷,,2012-11-26
175503,dichlorodifiuormethane,二氯二氟甲烷,,2012-11-26
175507,dichloroaniline,二氯苯胺,,2012-11-26
175508,dichlorethylene; dichloroethylene,二氯乙烯,,2012-11-26
175513,dibutyl ether,二丁醚,,2012-11-26
175515,diazodinitrophenol,重氮二硝基酚,,2012-11-26
175516,diatomaceous earth,矽藻土,,2012-11-26
175520,diatom ooze,矽藻软泥,,2012-11-26
175522,diatom,矽藻,,2012-11-26
175524,diallylether,二丙烯基醚,,2012-11-26
175525,diallylamine,二丙烯基胺,,2012-11-26
175528,diacetone alcohol peroxides,二丙酮醇过氧化物,,2012-11-26
175532,diacetone alcohol,二丙酮醇,,2012-11-26
175534,dezincing,除锌,,2012-11-26
175535,dezincification,去锌,,2012-11-26
175537,development biology,发育生物学,,2012-11-26
175541,development,发育；发生,,2012-11-26
175542,deuterium,氚,,2012-11-26
175544,detritus,腐植质,,2012-11-26
175547,detonators for blasting,爆炸起爆管,,2012-11-26
175548,detonators for ammunition,弹药用雷管,,2012-11-26
175550,detonator,起爆管；雷管,,2012-11-26
175551,detonation,爆震；异常燃烧,,2012-11-26
175555,detonating fuzes,起爆引信,,2012-11-26
175557,detinning,脱锡；脱漆,,2012-11-26
175558,detergent/dispersant additive,清洁/分散剂,,2012-11-26
175559,detecting system,探火系统,,2012-11-26
175562,desuperheated steam,降热蒸汽,,2012-11-26
175567,desuper heater,降热器,,2012-11-26
175568,destructive distillation,分解蒸馏,,2012-11-26
175571,desiccant; dessicating agent; driers,干燥剂,,2012-11-26
175572,descaling,除垢,,2012-11-26
175573,de-salting kit,除盐装具,,2012-11-26
175577,de-salting apparatus,除盐器,,2012-11-26
175578,deposit; precipitate,沉淀物,,2012-11-26
175580,deoxidlizer,还原剂；除氧剂,,2012-11-26
175582,de-oiler; oil extractor; oil trap,除油器,,2012-11-26
175584,denatured rum,变性糖酒,,2012-11-26
175585,denatured alcohol,变性醇；变性酒精,,2012-11-26
175586,demolition charges,破坏性药包,,2012-11-26
175589,demister,除水气器,,2012-11-26
175590,deliming,脱灰,,2012-11-26
175594,delay electric igniter,延期电点火器,,2012-11-26
175596,de-icing compound,解霜剂,,2012-11-26
175597,dehydrogenation,脱氢作用,,2012-11-26
175598,dehydrocholesterol,脱氢胆固醇,,2012-11-26
175600,dehydrator,除水器；干燥机,,2012-11-26
175603,dehumidifier,除湿器,,2012-11-26
175605,degreasing,除脂,,2012-11-26
175607,degenerate,退化；变质,,2012-11-26
175610,degelatinzed bone dust,脱胶骨粉,,2012-11-26
175612,degassing,除气；脱气,,2012-11-26
175614,degasser,瓦斯清除器{钻油台},,2012-11-26
175615,defrosting,除霜；解冻,,2012-11-26
175617,deflagrating metalsalts,燃爆金属盐,,2012-11-26
175618,defatted,脱脂,,2012-11-26
175620,deep penetration welding,深透焊接,,2012-11-26
175622,deep fillet welding,深填角焊,,2012-11-26
175624,decontamination system,除污系统,,2012-11-26
175625,decontamination,消毒作业；去除污染,,2012-11-26
175628,decontaminate {= DECON},消毒{清除放射性污染},,2012-11-26
175630,decibel {= db},分贝{音量单位},,2012-11-26
175632,decanoyl peroxide,二癸醯基过氧化物,,2012-11-26
175634,decalescence,热吸收,,2012-11-26
175636,decahydronaphthalene,十氢化萘,,2012-11-26
175638,decaborane,癸硼烷,,2012-11-26
175639,deaerator,除氧器,,2012-11-26
175642,deaeration; deoxidizing,除氧,,2012-11-26
175645,DC arc welding,直流电焊；直流电弧焊接,,2012-11-26
175646,damping pollution,倾倒污染,,2012-11-26
175649,damp proof,防湿,,2012-11-26
175651,cyclopropane,环丙烷,,2012-11-26
175652,cyclopentene,环戊烯,,2012-11-26
175655,cyclopentanone,环戊酮,,2012-11-26
175657,cyclopentanol,环戊醇,,2012-11-26
175658,cyclopentane,环戊烷,,2012-11-26
175659,cyclohexylamine,环己胺,,2012-11-26
175660,cyclohexyl isocyanate,环己基异氰酸盐,,2012-11-26
175661,cyclohexyl acetate,乙酸环己酯,,2012-11-26
175666,cyclohexenyl trichlorosilane,环己烯三氯矽烷,,2012-11-26
175668,cyclohexene,环己烯,,2012-11-26
175670,cyclohexanone peroxied,过氧化环乙酮基,,2012-11-26
175671,cyclohexanone,环乙酮,,2012-11-26
175673,cyclohexane,环乙烷,,2012-11-26
175674,cyanohydrin,氰醇丙酮,,2012-11-26
175676,cyanogen gas,氰气,,2012-11-26
175678,cyanogen chloride,氯化氰,,2012-11-26
175680,cyanogen bromide,溴化氰,,2012-11-26
175683,cyanogen,氰,,2012-11-26
175686,cyanide of zinc; zinc cyanide,氰化锌,,2012-11-26
175688,cyanide of sodium; sodium cyanide,氰化钠,,2012-11-26
175689,cyanide of silver; silver cyanide,氰化银,,2012-11-26
175692,cyanide of potassium; potassium cyanide,氰化钾,,2012-11-26
175694,cyanide of lead; lead cyanide,氰化铅,,2012-11-26
175696,cyanide mixtures,氰化物混合物,,2012-11-26
175698,cut linfers cotton,短絮棉花,,2012-11-26
175701,cumene hydroperoxide,氢过氧化异丙苯,,2012-11-26
175702,cumene,异丙苯,,2012-11-26
175704,crystallization,结晶,,2012-11-26
175706,crystalline,晶状；结晶的,,2012-11-26
175707,crystal class,晶类,,2012-11-26
175708,crotonylene,丁烯炔；巴豆炔,,2012-11-26
175711,crotonic acid,丁烯酸,,2012-11-26
175713,critical temperature,临界温度,,2012-11-26
175715,critical point,临界点,,2012-11-26
175718,cotton-seed shavings,棉子绒,,2012-11-26
175719,cotton-seed hull flber,棉子壳纤维,,2012-11-26
175721,cotton sweepings,地脚棉,,2012-11-26
175723,cotton quilt,棉被,,2012-11-26
175725,cotton batting,棉胎,,2012-11-26
175726,corrosive sublimate,升汞,,2012-11-26
175728,corrosive solid,腐蚀性固体,,2012-11-26
175731,corrosive liquid disinfectants,腐蚀性液体杀菌剂,,2012-11-26
175733,corrosive liquid,腐蚀性液体,,2012-11-26
175736,corrosion test,腐蚀试验；锈蚀试验,,2012-11-26
175738,corrosion resisting steel,耐蚀钢；防蚀钢,,2012-11-26
175740,corrosion resisting alloy,耐蚀合金,,2012-11-26
175743,corrosion fatigue,腐蚀疲劳,,2012-11-26
175745,corrosion,腐蚀[作用]；锈蚀,,2012-11-26
175746,Cordeau detonator,柯多雷管,,2012-11-26
175749,copra,椰干,,2012-11-26
175752,copper cyanide; cyanide of copper,氰化铜,,2012-11-26
175754,copper chlorate,氯酸铜,,2012-11-26
175755,copper arsenite,亚砷酸铜,,2012-11-26
175757,copper alloy,铜合金,,2012-11-26
175758,copper acetoarsenite,乙醯亚砷酸铜,,2012-11-26
175760,copper,铜,,2012-11-26
175762,cooling water ratio,冷却水率,,2012-11-26
175763,cooling method,冷却法,,2012-11-26
175765,cooling fin,散热片,,2012-11-26
175767,cooling effect,冷却效应,,2012-11-26
175769,cooling down test,降温试验,,2012-11-26
175771,cooler,冷却器,,2012-11-26
175773,coolant; cooling medium,冷却剂,,2012-11-26
175776,convex fillet weld,凸面填角熔焊,,2012-11-26
175777,continuous weld,连续熔焊,,2012-11-26
175781,contamination; pollution; taint,污染,,2012-11-26
175782,contamination index,污染指数,,2012-11-26
175783,contact bar submerged welding {= CBS},弧焊接法,,2012-11-26
175784,consolidated pack ice,密结块冰,,2012-11-26
175788,conjugated protein,复合蛋白质,,2012-11-26
175790,conducting liquid,导电液体,,2012-11-26
175791,concentrations,聚集度,,2012-11-26
175793,concentrate,浓缩[物],,2012-11-26
175795,concave fillet weld,凹面填角熔焊,,2012-11-26
175799,compression,压缩,,2012-11-26
175800,compressed-nitrogen capacitor,压缩氮电容器,,2012-11-26
175802,compressed oxygen,压缩氧,,2012-11-26
175806,compressed gas,压缩气体,,2012-11-26
175808,compressed air,压缩空气,,2012-11-26
175810,compressed,已压缩,,2012-11-26
175812,commercial grade ether,商用乙醚,,2012-11-26
175813,combustible liquide,可燃液体,,2012-11-26
175814,combination fuze,复合引信,,2012-11-26
175816,colour reaction,呈色反应,,2012-11-26
175820,colour base,色基,,2012-11-26
175821,colorimetric method,比色法,,2012-11-26
175822,colorimeter,比色计,,2012-11-26
175823,colored fire,彩色烟火,,2012-11-26
175824,color pigment,[油漆]色素,,2012-11-26
175828,cologne spirit,花露精；古龙精,,2012-11-26
175830,collulose paint,赛洛洛漆,,2012-11-26
175831,colloided granular,胶体粒状,,2012-11-26
175834,colloidal suspension,胶性悬浮物,,2012-11-26
175835,colloid,胶质,,2012-11-26
175836,collodin cotton,珂罗琔棉,,2012-11-26
175837,collagen,胶原,,2012-11-26
175841,cold shortness,冷脆性,,2012-11-26
175842,cold rolled steel,冷轧钢,,2012-11-26
175843,cold clearing,脱蜡,,2012-11-26
175847,coir,椰棕,,2012-11-26
175849,coefficient of viscosity,黏度系数,,2012-11-26
175851,coefficient of linear expansion,线膨胀系数,,2012-11-26
175853,coefficient of kinematic viscosity,动黏性系数；动黏度系数,,2012-11-26
175856,coefficient of heat transmission,传热系数,,2012-11-26
175858,coefficient of heat convection,热对流系数,,2012-11-26
175861,cocculus solid,可客拉斯固体,,2012-11-26
175862,coating solution,涂料溶液,,2012-11-26
175865,coal-tar dye,柏油染料,,2012-11-26
175866,coal tar oil,煤焦油,,2012-11-26
175869,coal tar naphtha,煤焦石油脑；煤焦挥发油,,2012-11-26
175871,coal tar light oil,轻煤焦油,,2012-11-26
175874,coal tar epoxy,煤焦油环气漆,,2012-11-26
175876,coal tar distillate,煤焦蒸馏物,,2012-11-26
175879,coal tar creosote; creosote oil,煤焦杂酚油,,2012-11-26
175882,coal gas,煤气,,2012-11-26
175883,coal facings; powdered coal,煤粉,,2012-11-26
175885,coagulated protein,凝固蛋白质,,2012-11-26
175887,cloud-gas cylinder,雾气筒,,2012-11-26
175889,closing weld,封闭熔焊,,2012-11-26
175891,closing joint {weld},封闭接头{熔焊},,2012-11-26
175893,cleaning compound; detergent,清洁剂,,2012-11-26
175894,cleading,隔热板,,2012-11-26
175896,chromyl chloride,氯化铬醯,,2012-11-26
175897,chromosulphuric acid,铬硫酸,,2012-11-26
175899,chromoprotein,色蛋白,,2012-11-26
175901,chromium trioxide,三氧化铬,,2012-11-26
175903,chromium oxychloride,氯氧化铬,,2012-11-26
175905,chromium nitrate,硝酸铬,,2012-11-26
175907,chromic fluoride,氟化铬,,2012-11-26
175910,chromic acid,铬酸,,2012-11-26
175911,chrome vanadium steel,铬钒钢,,2012-11-26
175914,chrome tanning,铬鞣法,,2012-11-26
175916,chrome steel,铬钢,,2012-11-26
175918,chrome plating,镀铬,,2012-11-26
175920,chrome glue,防水胶,,2012-11-26
175922,choline,胆碱,,2012-11-26
175924,cholesterol,胆固醇,,2012-11-26
175926,chlorotrifluoroethylene; trifluorochloroethylene,三氟氯乙烯,,2012-11-26
175928,chlorotrifluoroethane,三氟氯乙烷,,2012-11-26
175929,chlorotrifluormethane; trifluorochloromethane,三氟氯甲烷,,2012-11-26
175932,chlorotoluidines,氯甲苯胺,,2012-11-26
175933,chlorotoluenes,氯甲苯,,2012-11-26
175936,chlorotetrafluoroethane; monochlorotetrafl-uoroethane,四氟氯乙烷,,2012-11-26
175938,chlorosulphonic acid,氯磺酸,,2012-11-26
175940,chloropropionic acid,氯丙酸,,2012-11-26
175943,chloropropanol,氯丙醇,,2012-11-26
175945,chloroplatinic acid,氢氯铂酸,,2012-11-26
175947,chloropicrin,硝基氯仿；氯化苦剂{三氯硝基甲烷},,2012-11-26
175948,chlorophyll,叶绿素,,2012-11-26
175952,chlorophenyl trichlorosilane,氯苯基三氯矽烷,,2012-11-26
175953,chlorophenols,氯酚类,,2012-11-26
175954,chlorophenates,氯酚盐,,2012-11-26
175958,chloropentafluoroethane,氟五氯乙烷,,2012-11-26
175961,chloronitrobenzenes,氯硝基苯,,2012-11-26
175962,chloronitroanilines,氯硝基苯胺,,2012-11-26
175965,chloromethyl ethyl ether,氯甲基乙基醚,,2012-11-26
175966,chloromethyl chloroformate,氯甲酸氯甲酯,,2012-11-26
175968,chloromethane; methyl chloride,氯甲烷,,2012-11-26
175970,chloroformates,氯甲酸酯,,2012-11-26
175971,chloroform,氯仿,,2012-11-26
175975,chlorofluore hydrocarbons,氯氟烃类,,2012-11-26
175977,chloroethane; ethylchloride,氯乙烷,,2012-11-26
175980,chlorodintrobenzene,氯二硝基苯,,2012-11-26
175982,chlorodifluoroethanes,二氟氯乙烷,,2012-11-26
175986,chlorodifluorob romomethane; monchlorodi-fluoronomethane,三氟溴氯甲烷,,2012-11-26
175988,chlorocresols,氯甲酚,,2012-11-26
175990,chlorobenzotrifluorides,三氟氯苯,,2012-11-26
175992,chlorobenzene [= monochlorobenzene],氯苯；一氯苯,,2012-11-26
175993,chloroanilines,氯苯胺,,2012-11-26
175995,chloroacetyl chloride,氯乙醯氯,,2012-11-26
175997,chloroacetophenone,氯苯乙酮,,2012-11-26
175998,chloroacetone; monochloroacetone,氯丙酮,,2012-11-26
175999,chloroacetic acid; monochloroacetic acid,氯乙酸,,2012-11-26
176000,chloroacetaldehyde,氯乙醛,,2012-11-26
176005,chlorinity,氯度,,2012-11-26
176007,chlorine trifluoride,三氟化氯,,2012-11-26
176009,chlorine cyanide,氰化氯,,2012-11-26
176011,chlorine,氯,,2012-11-26
176012,chlorifes,亚氯酸盐,,2012-11-26
176014,chloride plate,氯化屏极,,2012-11-26
176016,chloride of sulfur; sulphur chloride,氯化硫,,2012-11-26
176018,chloride of phosphorus; phosphoric chloride; phosphorus chloride,氯化磷,,2012-11-26
176021,chloride of lime [= chlorinated lime],氯化石灰；漂白粉,,2012-11-26
176023,chloride of amyl,戊基氯；氯戊烷,,2012-11-26
176024,chloride dichloroacetyl,氯化二氯乙醯,,2012-11-26
176029,chloride accumulator,氯化蓄电池,,2012-11-26
176032,chloric acid solution,氯酸溶液,,2012-11-26
176034,chlorates powder,氯酸盐粉,,2012-11-26
176036,chlorate of soda; sodium chlorate,氯酸钠,,2012-11-26
176039,chlorate of potash; potassium chlorate,氯酸钾,,2012-11-26
176041,chlorate explosives,氯酸盐爆炸物,,2012-11-26
176042,chlorate,氯酸盐,,2012-11-26
176044,chloramphenicol,绿徽素,,2012-11-26
176045,chloral,三氯乙醛,,2012-11-26
176046,chloracetyl chloride,氯乙醯,,2012-11-26
176050,chip,木屑；碎片；晶片,,2012-11-26
176051,chilling room; chilling chamber,骤冻室,,2012-11-26
176055,chill room,冷冻室；骤冻室,,2012-11-26
176058,chill casting; chilled casting,冷硬[面]铸件,,2012-11-26
176060,chile salpetre,智利硝石；硝酸钠,,2012-11-26
176063,chemical test,化学试验,,2012-11-26
176064,chemical tanker; liquid chemical tanker,化学液体船,,2012-11-26
176068,chemical stratification,化学成层,,2012-11-26
176069,chemical resistance,抗药品,,2012-11-26
176070,chemical pollution,化学污染,,2012-11-26
176071,chemical hygrometer,化学湿度计,,2012-11-26
176076,chemical fire extinguisher,化学灭火器,,2012-11-26
176077,chemical fiber,化学纤维,,2012-11-26
176079,chemical dehydrator,化学干燥剂；化学干燥器,,2012-11-26
176081,chemical corrosion,化学腐蚀,,2012-11-26
176083,chemical cleaning,化学清洁,,2012-11-26
176084,chemical cell,化学电池,,2012-11-26
176085,chemical addition system,化学品添加系统,,2012-11-26
176089,chemical,化学药品,,2012-11-26
176091,charging curve,充电曲线,,2012-11-26
176094,charge rate; charging rate,充电率,,2012-11-26
176095,charge of electricity; electric charge,电荷,,2012-11-26
176097,charge density,电荷密度,,2012-11-26
176100,charge capacity,充电容量,,2012-11-26
176102,charcoal pig iron,木炭生铁,,2012-11-26
176105,charcoal of vegetable orgin,植物炭,,2012-11-26
176106,charcoal of mineral origin,矿物炭,,2012-11-26
176109,charcoal of animal origin,动物炭；骨炭,,2012-11-26
176111,charcoal iron,木炭铁,,2012-11-26
176112,charcoal briquets,炭砖,,2012-11-26
176116,charcoal,木炭,,2012-11-26
176118,characteristic X-rays,标识X射线,,2012-11-26
176121,characteristic saturation,饱和特性,,2012-11-26
176124,chaped commercial charges,商用定形药包,,2012-11-26
176126,chain welding,并列熔焊,,2012-11-26
176127,chain intermittent fillet welds,并列断续填角熔焊,,2012-11-26
176131,cetane number,十六烷值,,2012-11-26
176133,cerium powder,铈粉,,2012-11-26
176135,cerium crude,粗制铈,,2012-11-26
176137,centrifugal type molecular still,离心分子蒸锚器,,2012-11-26
176140,centrifugal filter,离心过滤机,,2012-11-26
176143,C-enamel,C涂料,,2012-11-26
176145,cellulose nitrate; nitrocellulose; nitrocellulose bass,硝化纤维素,,2012-11-26
176147,celluloid scrap,赛璐珞废料,,2012-11-26
176149,celluloid,赛璐珞,,2012-11-26
176153,celloidin,赛璐琔,,2012-11-26
176154,caustic soda,苛性钠；苛性苏打,,2012-11-26
176158,caustic potash,苛性钾,,2012-11-26
176159,caustic oil of arsenic,苛性砷油,,2012-11-26
176161,caustic brittleness,碱脆性,,2012-11-26
176162,caustic antimony,苛性锑,,2012-11-26
176166,caustic alkali liquids,苛性碱液体,,2012-11-26
176167,catalysts,催化剂；触媒；硬化剂{FRP及GRP},,2012-11-26
176171,cast steel,铸钢,,2012-11-26
176173,cast iron,铸铁,,2012-11-26
176175,casinghead gasoline; natural gasoline,天然汽油,,2012-11-26
176177,cases cartridges,箱装弹药,,2012-11-26
176178,case oils,箱装油类,,2012-11-26
176182,cascade welding sequence,阶叠熔焊顺序,,2012-11-26
176184,cartridges for weapons,武器用弹药,,2012-11-26
176185,carp,锂,,2012-11-26
176186,cartridges flash,炸药闪光,,2012-11-26
176187,carotenoids,类胡萝卜素,,2012-11-26
176191,carnalite,光卤石,,2012-11-26
176192,carburetor,气化器；化油器,,2012-11-26
176194,carbonyl sulphide,硫化羰醯,,2012-11-26
176195,carborundum,金钢砂,,2012-11-26
176199,carbonyl fluoride,羰基氟化物,,2012-11-26
176200,carbonyl chloride,氯化碳；光气,,2012-11-26
176201,carbonization,碳化；渗碳,,2012-11-26
176203,carbon-film hygrometer element,碳膜湿度片,,2012-11-26
176205,carbonate hardness,碳酸硬度,,2012-11-26
176206,carbon tetrachloride,四氯化碳,,2012-11-26
176207,carbon tetrabromide,四溴化碳,,2012-11-26
176211,carbon steel,碳钢,,2012-11-26
176213,carbon rod,碳精棒,,2012-11-26
176214,carbon residue,残[留]碳,,2012-11-26
176217,carbon remover,除碳剂,,2012-11-26
176218,carbon paper,碳纸,,2012-11-26
176222,carbon packing [= carbon ring gland],碳精填料；碳精迫紧,,2012-11-26
176224,carbon packing,碳精迫紧,,2012-11-26
176225,carbon oxysulphide,氧硫化碳,,2012-11-26
176229,carbon oxyfluoride,氧氟化碳,,2012-11-26
176230,carbon monoxide,一氧化碳,,2012-11-26
176232,carbon gland,碳精填圈,,2012-11-26
176233,carbon dioxide tension,二氧化碳张力,,2012-11-26
176236,carbon dioxide recorder,二氧化碳记录器,,2012-11-26
176238,carbon dioxide gas compressor,二氧化碳压缩机,,2012-11-26
176240,carbon dioxide fire extinguisher appliance,二氧化碳灭火装置,,2012-11-26
176242,carbon dioxide fire extinguisher,二氧化碳灭火器,,2012-11-26
176244,carbon dioxide,二氧化碳,,2012-11-26
176246,carbon deposit,积碳,,2012-11-26
176248,carbon content,含碳量,,2012-11-26
176250,carbon black,碳黑,,2012-11-26
176252,carbon bisulphide; carbon disulphide,二硫化碳,,2012-11-26
176253,carbon arc welding,碳[极电]弧熔焊,,2012-11-26
176257,carbon arc cutting,碳弧切割,,2012-11-26
176258,carbon,碳；炭；碳精棒,,2012-11-26
176262,carbolic acid,石碳酸；酚,,2012-11-26
176263,carbanil,异氰酸苯酯,,2012-11-26
176265,caramel,焦糖,,2012-11-26
176267,capryloyl peroxide,过氧化辛醯,,2012-11-26
176269,capillarity,毛细管现象,,2012-11-26
176271,caped torpedo,带弹帽鱼雷,,2012-11-26
176272,cannon powder,砲用火药,,2012-11-26
176273,camphor oil,樟脑油,,2012-11-26
176277,camphor {natural or synthetic},樟脑{天然或合成},,2012-11-26
176278,camphene,崁烯；樟脑精,,2012-11-26
176279,calorimeter,量热计,,2012-11-26
176280,calorifier; calorifere,温水器,,2012-11-26
176284,calorific vlaue,发热量；热值,,2012-11-26
176285,calorific effect; thermal efficiency; thermo-efficiency,热效率,,2012-11-26
176289,calorie,卡[路里],,2012-11-26
176291,calcium sulphide,硫化钙,,2012-11-26
176293,calcium silicon,矽钙,,2012-11-26
176294,calcium silicide,二矽化钙,,2012-11-26
176297,calcium phosphide,磷化钙,,2012-11-26
176298,calcium peroxide; calcium superoxide,过氧化钙,,2012-11-26
176299,calcium permanganate,过锰酸钙,,2012-11-26
176300,calcium perchlorate,过氯酸钙,,2012-11-26
176305,calcium nitrate,硝酸钙,,2012-11-26
176306,calcium metal,钙金属,,2012-11-26
176309,calcium manganese silicon,钙锰矽合金,,2012-11-26
176311,calcium hypochlorite,次氯酸钙,,2012-11-26
176313,calcium hydride,氢化钙,,2012-11-26
176316,calcium dithionite,二亚硫磺酸钙,,2012-11-26
176318,calcium cyanide; cyanide of calcium,氰化钙,,2012-11-26
176320,calcium cyananide,氰胺化钙,,2012-11-26
176321,calcium cyanamide; lime-nitrogen,石灰氮,,2012-11-26
176323,calcium chlorite,亚氯酸钙,,2012-11-26
176325,calcium chlorate aqueous,氯酸钙水,,2012-11-26
176328,calcium chlorate,氯酸钙,,2012-11-26
176330,calcium carbide [= carbide of calcium],碳化钙；电石,,2012-11-26
176332,calcium brine,钙性卤水,,2012-11-26
176334,calcium arsenate,砷酸钙,,2012-11-26
176335,calcium alloys,钙合金,,2012-11-26
176338,calciferol,沈钙固醇,,2012-11-26
176340,caesium powder,铯粉,,2012-11-26
176342,caesium nitrate,硝酸铯,,2012-11-26
176345,caesium hydroxide,氢氧化铯,,2012-11-26
176348,cadmium compounds,镉化合物,,2012-11-26
176349,cacsium metal,金属铯,,2012-11-26
176351,cacodylic acid; dimethylarsinic acid,二甲次胂酸,,2012-11-26
176354,butyroyl chloride,丁醯氯,,2012-11-26
176356,butyronitrile,丁腈,,2012-11-26
176357,butyrone,庚酮,,2012-11-26
176358,butyrapenyde,丁醛,,2012-11-26
176362,butyl trichlorosilane,丁基三氯甲矽烷,,2012-11-26
176363,butyl isopropylbenzene,丁基异丙苯,,2012-11-26
176365,butyl formate normal,正甲酸丁酯,,2012-11-26
176368,butyl ether,丁醚,,2012-11-26
176369,butyl chloride normal,正氯丁烷,,2012-11-26
176370,butyl bromide normal,正溴丁烷,,2012-11-26
176374,butyl benzene,丁苯,,2012-11-26
176376,butyl amine normal,正丁胺,,2012-11-26
176379,butyl alcohol; butanol,丁醇,,2012-11-26
176381,butyl acrylate,丙烯酸丁酯,,2012-11-26
176385,butyl acetates secondary,二基乙酸丁醋,,2012-11-26
176386,butyl acetates,乙酸丁酯,,2012-11-26
176388,butter of arsenic,砷脂；砷膏,,2012-11-26
176390,butter of antimony,锑脂；锑膏,,2012-11-26
176392,butt weld,对接熔焊,,2012-11-26
176395,butt seam welding,对[接沿]缝熔焊,,2012-11-26
176398,butt resistance welding,对接电阻熔焊,,2012-11-26
176400,butene; butylene,丁烯,,2012-11-26
176402,butanedione,丁二铜,,2012-11-26
176404,butane nitrile,丁基腈,,2012-11-26
176405,butane,丁烷,,2012-11-26
176408,butadiene,丁二烯,,2012-11-26
176411,bursters explosive; busting charge,爆炸管,,2012-11-26
176412,burst; explosion,爆炸,,2012-11-26
176415,burn-up level,燃耗深度,,2012-11-26
176417,burn-up,烧尽；烧光；烧完,,2012-11-26
176418,burnt sand,火烧砂,,2012-11-26
176421,burnt fire clay,炼火泥,,2012-11-26
176422,burnt fibers,经火纤维,,2012-11-26
176426,burnt cotton,经火棉花,,2012-11-26
176429,burn-out heat flux,烧毁热负荷；临界热负荷,,2012-11-26
176432,burn-out,烧坏；烧毁,,2012-11-26
176434,burnishing powder,擦光粉,,2012-11-26
176435,burning point,燃点,,2012-11-26
176437,burnable poison element,可燃有毒元素,,2012-11-26
176438,burlap; burlap bag,麻袋,,2012-11-26
176439,burlap cloth,黄麻布,,2012-11-26
176443,bunker oil; fuel oil,燃料油,,2012-11-26
176445,brucine,马钱子碱；百路新,,2012-11-26
176447,bronzing paint,铜质漆,,2012-11-26
176449,bronzing liquid,青铜液,,2012-11-26
176450,bronze,青铜,,2012-11-26
176452,bromotrifluoromethane,一溴三氟甲烷,,2012-11-26
176455,bromopropanes,溴丙烷,,2012-11-26
176458,bromomethylpropanes,溴甲基丙烷,,2012-11-26
176460,bromomethane; methyl bromide,溴甲烷,,2012-11-26
176463,bromoform,三溴甲烷；溴仿,,2012-11-26
176465,bromobenzyl cyanide,氰溴甲苯,,2012-11-26
176466,bromobenzene,溴化苯,,2012-11-26
176467,bromoallylene,溴丙炔,,2012-11-26
176471,bromoacetyl bromide,溴乙醯溴,,2012-11-26
176473,bromoacetone,溴丙酮,,2012-11-26
176475,bromoacetic acid,溴乙酸,,2012-11-26
176476,bromine trifuoride,三氟化溴,,2012-11-26
176478,bromine solution,溴溶液,,2012-11-26
176480,bromine pentafluoride,五氟化溴,,2012-11-26
176482,bromine cyanide,氰化溴,,2012-11-26
176484,bromine,溴,,2012-11-26
176486,bromates,溴酸盐,,2012-11-26
176488,bridge spot welding,加桥点熔焊,,2012-11-26
176490,"brake fluid, hydraulic",水力制动液,,2012-11-26
176491,box toe gum,鞋头胶,,2012-11-26
176496,box toe board {nitrocellulose base},鞋头硬板{以硝酸纤维为底质},,2012-11-26
176499,boron trifluoride acefic acid complex,三氟化硼醋酸错合物,,2012-11-26
176501,boron trifluoride,三氟化硼,,2012-11-26
176502,boron trichloride,三氯化硼,,2012-11-26
176506,boron tribromide,三溴化硼,,2012-11-26
176509,boron fluoride,氟化硼,,2012-11-26
176512,boron bromide,溴化硼,,2012-11-26
176513,boroethane,乙硼烷,,2012-11-26
176515,borneol,龙脑；冰片,,2012-11-26
176518,Bordeaux arsenites,玻多亚砷酸,,2012-11-26
176519,borate,硼酸盐,,2012-11-26
176522,boosters without detonator,无雷管传爆管,,2012-11-26
176524,boosters with detonator,有雷管传爆管,,2012-11-26
176525,bombs incendiary,烧夷弹,,2012-11-26
176529,bombs gas,毒气弹,,2012-11-26
176531,bomb; explosive bombs,炸弹,,2012-11-26
176533,boiling like water,似沸水,,2012-11-26
176534,blow-by,漏气,,2012-11-26
176538,bleaching powder,漂白粉,,2012-11-26
176539,bleaching liquor,漂白液,,2012-11-26
176540,blau gas,水煤气,,2012-11-26
176543,blasting powder,爆炸火药,,2012-11-26
176546,blasting gelatin,爆炸胶,,2012-11-26
176547,blasting caps with safety fuse,附安全引信之火帽,,2012-11-26
176550,blasting cap; blasting caps,火帽,,2012-11-26
176552,blacksmith welding; forge weld; forge welding; hammer welding,锻接,,2012-11-26
176555,black rifle powder,步枪黑火药,,2012-11-26
176556,black powder,黑火药,,2012-11-26
176559,bituminous coal,烟煤,,2012-11-26
176562,bitumen cut-backs,地沥青稀释液,,2012-11-26
176563,bitumastic solution; bitumenus solution,沥青溶液,,2012-11-26
176567,bitumastic enamel,沥青瓷漆,,2012-11-26
176570,bitumastic cement,沥青胶剂,,2012-11-26
176573,biotic potential,生物生产潜力,,2012-11-26
176574,biotic,生物的,,2012-11-26
176578,bionomics,生物生态学,,2012-11-26
176579,biometry,生物测定学；生物统计学,,2012-11-26
176581,biomass,生物全量,,2012-11-26
176583,biology,生物学,,2012-11-26
176585,biological value,生物学值,,2012-11-26
176589,biological productivity,生物生产力,,2012-11-26
176590,biological munima size,生物最小形,,2012-11-26
176593,biological indicators,生物指标,,2012-11-26
176595,biological assay,生物检定,,2012-11-26
176596,biochemistry,生物化学,,2012-11-26
176600,biochemical OXY gen demand {= BOD},生物需氧量,,2012-11-26
176601,bioassay,生物试验,,2012-11-26
176604,bimetallic thermometer,双金属温度计,,2012-11-26
176608,bimetallic thermograph,双金属温度仪,,2012-11-26
176610,bifluorides,二氟化物,,2012-11-26
176612,bichloroacetic acid; dichloroacetic acid,二氯乙酸,,2012-11-26
176615,beryllium powder,铍粉,,2012-11-26
176617,beryllium nitrate,硝酸铍,,2012-11-26
176619,beryllium compounds,铍化合物,,2012-11-26
176620,benzylidene chloride,二氯化亚苯,,2012-11-26
176624,benzyl iodide,碘化苯,,2012-11-26
176625,benzyl dimethylamine,苯二甲基胺,,2012-11-26
176626,benzyl dichloride,二氯化苯,,2012-11-26
176630,benzyl chloroformate,氯甲酸苯酯,,2012-11-26
176632,benzyl chlorocarbonate,氯碳酸苯酯,,2012-11-26
176635,benzyl chloride,氯化苯；氯甲苯,,2012-11-26
176638,benzyl bromide,溴化苯；溴甲苯,,2012-11-26
176639,benzoyl chloride,氯化苯甲醯,,2012-11-26
176643,benzotrifluoride,三氟甲苯,,2012-11-26
176644,benzol,苯；粗苯,,2012-11-26
176647,benzoic acid,安息香酸,,2012-11-26
176648,benzine,石油精；石油醚,,2012-11-26
176650,benzidine,联苯胺,,2012-11-26
176652,benzene insoluble,苯不溶物,,2012-11-26
176655,benzene,苯,,2012-11-26
176657,benzaldehyde,苯甲醛,,2012-11-26
176659,benzal chloride,氯化亚苯,,2012-11-26
176660,bead weld,联珠熔焊,,2012-11-26
176664,basic steel,碱性钢,,2012-11-26
176666,basic open hearth furnace,碱性平炉,,2012-11-26
176668,basic dye,碱性染料,,2012-11-26
176670,basic brick,碱性砖,,2012-11-26
176672,base oil,基油,,2012-11-26
176674,base metalbase [= base metal; mother metal; mother metalbase; parent metal],本体金属；卑金属,,2012-11-26
176679,basal metabolism,基础代谢作用,,2012-11-26
176680,barometric pressure,气压,,2012-11-26
176683,barometer height,气压计水银柱高度,,2012-11-26
176686,barium superoxide,过氧化钡,,2012-11-26
176687,barium powder,钡粉,,2012-11-26
176690,barium permanganate,过锰酸钡,,2012-11-26
176693,barium perchlorate,过氯酸钡,,2012-11-26
176695,barium nitrate,硝酸钡,,2012-11-26
176697,barium monoxide; barium oxide,氧化钡,,2012-11-26
176699,barium metal,钡金属,,2012-11-26
176700,barium hypochlorite,次氯酸钡,,2012-11-26
176703,barium cyanide,氰化钡,,2012-11-26
176706,barium compounds,钡化合物,,2012-11-26
176708,barium chlorate,氯酸钡,,2012-11-26
176710,barium bromate,溴酸钡,,2012-11-26
176714,barium binoxide [= barium dioxide; barium peroxide],过氧化钡；二氧化钡,,2012-11-26
176716,barium azide,叠氮化钡,,2012-11-26
176718,barium alloys,钡合金,,2012-11-26
176719,banana oil,香蕉油,,2012-11-26
176722,bamboo,竹,,2012-11-26
176725,balsam,芳香树脂,,2012-11-26
176726,bacterium aceti,醋酸菌,,2012-11-26
176728,backing pass,背[面]焊道,,2012-11-26
176731,back weld,背[面]熔焊,,2012-11-26
176732,back step welding,退焊；后退熔焊,,2012-11-26
176734,back hand welding,反向熔焊,,2012-11-26
176737,bacillus subtilis,枯草杆菌,,2012-11-26
176738,bacillus mensentericus,马铃薯杆菌,,2012-11-26
176741,autooxidation,自家氧化作用,,2012-11-26
176744,automatic welding,自动熔焊,,2012-11-26
176745,automatic welder,自动熔接器,,2012-11-26
176747,automatic body maker,自动制胴机,,2012-11-26
176748,automatic air tester,自动检气机,,2012-11-26
176749,autogenous welding,自熔焊接,,2012-11-26
176752,aureomycin,金霉素,,2012-11-26
176754,atomization,雾化,,2012-11-26
176757,atomic weight,原子量,,2012-11-26
176760,atomic structure,原子构造,,2012-11-26
176763,atomic nucleus,原子核,,2012-11-26
176764,atomic hydrogen welding,原子氢焊,,2012-11-26
176768,atomic energy storage battery,原子能蓄电池,,2012-11-26
176770,atomic energy,原子能,,2012-11-26
176773,atmospheric exhaust,大气排汽,,2012-11-26
176775,atmospheric drain tank,大气疏水柜,,2012-11-26
176776,atmosphere distillation,大气蒸馏,,2012-11-26
176780,atmosphere condenser,大气冷凝器,,2012-11-26
176782,atmometry,蒸发测定术,,2012-11-26
176783,atmidoscope,湿度器,,2012-11-26
176787,atmidometer; atmometer; evaporimeter,蒸发计,,2012-11-26
176789,astacine,虾红素；甲壳红素,,2012-11-26
176791,asphaltene content,沥青含量,,2012-11-26
176792,ascorbic acid,抗坏血酸维生素C,,2012-11-26
176793,asbestos tape,石棉带,,2012-11-26
176797,asbestos sheet,石棉片,,2012-11-26
176800,asbestos ring,石棉圈,,2012-11-26
176801,asbestos packing,石棉衬垫；石棉迫紧,,2012-11-26
176804,asbestos packed cock,石棉衬垫旋塞,,2012-11-26
176806,asbestos lagging,石棉包层；石棉套衬,,2012-11-26
176808,asbestos cord,石棉绳；石棉线,,2012-11-26
176810,asbestos clothing,石棉衣,,2012-11-26
176812,asbestos cloth,石棉布,,2012-11-26
176813,asbestos board; asbestos plate,石棉板,,2012-11-26
176816,asbestos backing,石棉背垫{焊接},,2012-11-26
176818,asbestos,石棉,,2012-11-26
176819,artificial resins,人造树脂,,2012-11-26
176823,articles made of bamboo,竹制品,,2012-11-26
176825,arsenious chloride,氯化亚砷,,2012-11-26
176828,arsenical wood preservatives,砷化木材防腐剂,,2012-11-26
176829,arsenical sheep dip,含砷涤羊液,,2012-11-26
176834,arsenical dust; arsenical flue dust,砷尘,,2012-11-26
176837,arsenic trioxide,三氧化二砷；砒礵,,2012-11-26
176839,arsenic trichloride; caustic arsenic chloride,三氯化砷,,2012-11-26
176842,arsenic sulfide,硫化砷,,2012-11-26
176844,arsenic pentoxide,五氧化二砷,,2012-11-26
176845,arsenic metal,金属砷,,2012-11-26
176847,arsenic compounds,砷化物,,2012-11-26
176848,arsenic chloride,氯化砷,,2012-11-26
176849,arsenic bronze,砷青铜,,2012-11-26
176853,arsenic bromide,溴化砷,,2012-11-26
176855,arsenic acid,砷酸,,2012-11-26
176858,arsenic,砷,,2012-11-26
176859,arseenates of lead; lead arsenate,砷酸铅,,2012-11-26
176861,aromatic nitroderivatives,芳香硝基衍生物,,2012-11-26
176863,aromatic hydrocarbon,芳烃,,2012-11-26
176865,aromatic extracts liquid,香水液体；香水馏出物,,2012-11-26
176867,argon arc welding,氩弧熔焊,,2012-11-26
176869,argon,氩,,2012-11-26
176870,arc welding,电焊；电弧焊接；电弧熔接,,2012-11-26
176873,arc stabilizer,电弧稳定剂,,2012-11-26
176876,arc soldering,电弧软焊,,2012-11-26
176878,arc length,弧长,,2012-11-26
176880,arc brazing,电弧硬焊,,2012-11-26
176882,arc,弧；电弧,,2012-11-26
176885,aqua pura,纯水；蒸馏水,,2012-11-26
176886,antiskid deck paint,防滑甲板漆,,2012-11-26
176889,antiseptic; antiseptices,防腐剂,,2012-11-26
176891,anti-seasickness medicine,晕船药,,2012-11-26
176893,antirust paint,防锈漆,,2012-11-26
176894,anti-oxidants,抗酸剂,,2012-11-26
176898,anti-oxidant and anti-corrosion additive,抗氧化抗腐蚀剂,,2012-11-26
176902,antimony trisulfide,三硫化锑,,2012-11-26
176904,antimony trichloride,三氯化锑；氯化亚锑,,2012-11-26
176905,antimony powder,锑粉,,2012-11-26
176908,antimony potassium tartrate,酒石酸锑钾,,2012-11-26
176909,antimony pentafluoride,五氟化锑,,2012-11-26
176911,antimony pentachloride,五氯化锑,,2012-11-26
176914,antimony iactate,乳酸锑,,2012-11-26
176916,antimonious chloride,氯化亚锑,,2012-11-26
176918,anti-icing equipment,防冰设备,,2012-11-26
176919,anti-fusing components,抗熔剂,,2012-11-26
176921,anti-friction metal,抗磨金属；抗磨合金,,2012-11-26
176923,anti-friction grease,抗磨油脂；抗磨滑脂,,2012-11-26
176926,anti-friction composition; anti-wear agent,抗磨剂,,2012-11-26
176928,anti-freezing solution,防冻液,,2012-11-26
176930,anti-freeze compounds,防冻剂,,2012-11-26
176931,anti-fouling system,防垢系统,,2012-11-26
176932,anti-fouling paint [= antilouling composition; fantifouling paint],防污漆；防污涂料,,2012-11-26
176935,anti-fouling composition,防污剂；防垢剂,,2012-11-26
176937,anti-foam additive,消泡剂,,2012-11-26
176940,anti-explosion bulkhead stuffing box,舱壁防爆填料函,,2012-11-26
176942,anti-corrosive treatment,防蚀处理；防锈处理,,2012-11-26
176945,anti-corrosive quality,防蚀能力,,2012-11-26
176947,anti-corrosive paint {= AC}; anticorrosive paint; anticorrosive composition {= A/C},防蚀漆,,2012-11-26
176948,anti-corrosive oxidant,防蚀氧化剂,,2012-11-26
176952,anti-corrosive oil,防蚀油,,2012-11-26
176955,anti-corrosive composition,防蚀剂；防蚀涂料,,2012-11-26
176956,antibiotics,抗生素,,2012-11-26
176960,anti-acidic paint; acid resisting paint,耐酸漆,,2012-11-26
176963,anthracite coal; blind coal,无烟煤,,2012-11-26
176964,anodic protection,阳极防蚀,,2012-11-26
176969,annealing furnace,退火炉,,2012-11-26
176970,annealing,退火,,2012-11-26
176972,anisoyl chloride,氯化大茴香醯,,2012-11-26
176975,animal or vegetable fibers,动物性或植物性纤维,,2012-11-26
176976,animal fabric,动物性纺织品,,2012-11-26
176977,aniline salt,苯胺盐,,2012-11-26
176980,aniline oil,苯胺油,,2012-11-26
176981,aniline hydrochioride,氢氯酸苯胺,,2012-11-26
176984,aniline chloride,氯化苯胺,,2012-11-26
176985,aniline [= phenylamine],苯胺；胺基苯,,2012-11-26
176988,anhydrous trimethylamine,无水三甲胺,,2012-11-26
176990,anhydrous methylchloromethyl ether,无水甲基氯甲基醚,,2012-11-26
176992,anhydrous methylamine,无水甲胺,,2012-11-26
176994,anhydrous hydrogen fuloride,无水氟化氢,,2012-11-26
176996,anhydrous hydrazne,无水联胺；胼,,2012-11-26
176998,anhydrous ammonia,无水氨,,2012-11-26
177000,anhydrous,无水[的],,2012-11-26
177003,anesthetic ether,麻醉用乙醚,,2012-11-26
177005,anaesthetic ether,麻醉醚,,2012-11-26
177007,anaerobic fermentation,无气酦酶,,2012-11-26
177010,amylene normal,正戊烯,,2012-11-26
177013,amyl trichlorosilane,戊基三氯矽烷,,2012-11-26
177015,amyl nitrate,硝酸戊酯,,2012-11-26
177017,amyl methyl ketone,戊甲酮,,2012-11-26
177018,amyl mercaptan,戊硫醇,,2012-11-26
177020,amyl formate,甲酸戊酯,,2012-11-26
177022,amyl chloride,氯戊烷,,2012-11-26
177025,amyl butyrates,丁酸戊酯,,2012-11-26
177027,amyl amine,戊胺,,2012-11-26
177028,amyl acetate,乙酸戊酯,,2012-11-26
177029,amyl alcohol; amyl hydrate,戊醇,,2012-11-26
177030,amorphous phosphorus [= red phosphorus],无定形磷；红磷,,2012-11-26
177035,ammunition for small arms,轻武器弹药,,2012-11-26
177036,ammunition for cannon,砲弹,,2012-11-26
177039,ammunition case; cartouche,弹药筒,,2012-11-26
177040,ammonium sulphide,硫化铵,,2012-11-26
177042,ammonium silicofluoride,矽氟化铵,,2012-11-26
177045,ammonium salt,铵盐,,2012-11-26
177046,ammonium polysulphide,多硫化铵,,2012-11-26
177050,ammonium picrate,苦酸铵,,2012-11-26
177052,ammonium permanganate,过锰酸铵,,2012-11-26
177053,ammonium perchlorate,过氯酸铵,,2012-11-26
177055,ammonium nitrite,亚硝酸铵,,2012-11-26
177056,ammonium nitrate; nitrate of ammonia,硝酸铵,,2012-11-26
177061,ammonium nitrate fertilizers,硝酸铵肥料,,2012-11-26
177063,ammonium hydrogen fluoride,氟化氢铵；二氟化铵,,2012-11-26
177067,ammonium fluoride,氟化铵,,2012-11-26
177068,ammonium dinitro-orthocresolate,二硝基邻[位]甲酚铵,,2012-11-26
177069,ammonium bifluoride,二氟化铵,,2012-11-26
177070,ammonium bichromate; ammonium dichromate,重铬酸铵,,2012-11-26
177074,ammonium arsenate,砷酸铵,,2012-11-26
177075,ammonia machine,氨冷冻机,,2012-11-26
177076,ammonia,氨,,2012-11-26
177080,ammcnia compressor,氨压缩机,,2012-11-26
177082,aminopyridines,胺基定,,2012-11-26
177084,aminophenols,胺基酚,,2012-11-26
177086,aminobenzene,胺苯；胺基苯,,2012-11-26
177089,amber,琥珀,,2012-11-26
177090,aluminum-cell arrester,铝室避电装置,,2012-11-26
177092,aluminum paint,铝[粉]漆,,2012-11-26
177094,aluminum foil,铝箔,,2012-11-26
177097,aluminum clad steel,铝护面钢[板]；铝护层钢[板],,2012-11-26
177099,aluminum bronze,铝青铜,,2012-11-26
177100,aluminum alloy,铝合金,,2012-11-26
177103,aluminium silicon powder,矽铝粉末,,2012-11-26
177105,aluminium resinate,树脂酸铝,,2012-11-26
177107,aluminium powder,铝粉,,2012-11-26
177108,aluminium phosphide,磷化铝,,2012-11-26
177109,aluminium paint,铝漆；银灰漆,,2012-11-26
177114,aluminium nitrate,硝酸铝,,2012-11-26
177115,aluminium liquid,铝液,,2012-11-26
177116,aluminium hydride,氢化铝,,2012-11-26
177123,aluminium ferrosilicon powder,铝矽铁粉,,2012-11-26
177125,aluminium diethyl monochloride,二乙基氯化铝,,2012-11-26
177127,aluminium chloride,氯化铝,,2012-11-26
177130,aluminium carbide,碳化铝,,2012-11-26
177133,aluminium bromide,溴化铝,,2012-11-26
177134,aluminium bichromate,重铬酸铝,,2012-11-26
177135,aluminium alkyls,烷基铝类,,2012-11-26
177136,aluminium alkyl halides,烷基卤化铝类,,2012-11-26
177139,aluminium alkyl chlorides,氯烷化铝类,,2012-11-26
177141,alpha and beta naphthlamine,α及β萘胺,,2012-11-26
177143,allylene,丙炔,,2012-11-26
177144,allylamine,丙烯胺,,2012-11-26
177146,allyl trichlorosilane,丙烯基三氯甲矽烷,,2012-11-26
177148,allyl mustard oil,丙烯芥子油,,2012-11-26
177149,allyl isothiocyanate,异硫氰酸丙烯酯,,2012-11-26
177150,allyl iodide,碘丙烯,,2012-11-26
177151,allyl glycidyl ether,丙烯基丙三基醚,,2012-11-26
177154,allyl formate,甲酸丙烯酯,,2012-11-26
177156,allyl ethyl ether,丙烯基乙基醚,,2012-11-26
177159,allyl chloroformate,氯甲酸丙烯酯,,2012-11-26
177160,allyl chlorocarbonate,氯碳酸丙烯酯,,2012-11-26
177161,allyl chloride,氯丙烯,,2012-11-26
177162,allyl bromide,溴丙烯,,2012-11-26
177166,allyl alcohol,丙烯醇,,2012-11-26
177167,alloy steel; alloyed steel,合金钢,,2012-11-26
177168,alloy,合金,,2012-11-26
177171,all weld metal specimen,全熔焊金属试片,,2012-11-26
177173,alkylamines,烷基胺,,2012-11-26
177175,alkyl compounos,烷基化合物,,2012-11-26
177176,alkaloids poisonous,毒性碱,,2012-11-26
177177,alkaloids,生物碱类,,2012-11-26
177180,alkalinity danger point,盐基性危险点,,2012-11-26
177181,alkalinity,碱度；盐基度,,2012-11-26
177183,alkaline earth metals,碱土金属,,2012-11-26
177185,alkaline corrosive liquids,碱性腐蚀性液,,2012-11-26
177189,alkaline corrosive battery fluid,碱性腐蚀性电池液,,2012-11-26
177190,alkaline caustic liquids,苛性碱液,,2012-11-26
177193,alkaline batteries,碱蓄电池,,2012-11-26
177194,alkalian earth metal amalgams,碱土金属汞齐,,2012-11-26
177198,alkali metal amides,碱金属醯胺,,2012-11-26
177199,alkali electrolyte,碱性电解质,,2012-11-26
177202,alkal metals,碱金属,,2012-11-26
177204,alkal metal amalgams,碱金属汞齐,,2012-11-26
177206,alkal earth metal dispersions,悬浮碱土金属,,2012-11-26
177207,aldol,丁醇醛,,2012-11-26
177209,alclad,铝护面层,,2012-11-26
177211,alarm relay,报警替续器,,2012-11-26
177215,alarm lamp; guard lamp,警示灯,,2012-11-26
177217,alarm horn,警报器,,2012-11-26
177219,alarm bell,警铃,,2012-11-26
177221,alarm,警报,,2012-11-26
177223,airplane bombs,飞机炸弹,,2012-11-26
177226,air hardening steel,风硬钢,,2012-11-26
177230,air floatation correction coefficient,空气浮力修正系数,,2012-11-26
177231,air flask,储气瓶,,2012-11-26
177232,air draft,净空高度,,2012-11-26
177236,air conditioning evaporator,空调器蒸发器,,2012-11-26
177238,air acetylene gas welding; air acetylene welding,空气乙炔[气]熔接,,2012-11-26
177240,agitator ,搅拌器；搅动器,,2012-11-26
177242,aggregate capacity,总容量,,2012-11-26
177244,aerosol dispensers,烟雾喷散器,,2012-11-26
177245,aerial flares,航空用照明弹,,2012-11-26
177247,adiponitrile; tetramethylene cyanide,四甲基氰化物,,2012-11-26
177251,adhesive,胶合剂{含易燃液体},,2012-11-26
177254,activated charcoal,活性炭,,2012-11-26
177256,activated carbon,活性碳,,2012-11-26
177257,acrylonitrile,丙烯腈,,2012-11-26
177259,acrylamide,丙烯醯胺,,2012-11-26
177262,acrolein; allyl aldehyde,丙烯醛,,2012-11-26
177263,acrolein dimer,丙烯醛双聚合体,,2012-11-26
177266,acidity,酸度,,2012-11-26
177267,acid value,酸值；酸价,,2012-11-26
177271,acid sludge,酸泥；酸渣,,2012-11-26
177273,acid resisting steel,耐酸钢,,2012-11-26
177275,acid proof,耐酸；抗酸,,2012-11-26
177276,acid process,酸性[炼钢]法,,2012-11-26
177280,acid mixtures; mixed acid {containing sulphuric and nitric acid},混合酸{含硫酸及硝酸之混合液},,2012-11-26
177283,acid electrolyte,酸性电解质,,2012-11-26
177284,acid butyl phosphate,酸式磷酸丁酯,,2012-11-26
177286,acid brittleness,酸脆性,,2012-11-26
177289,acetylene welding,乙炔熔接；乙炔气焊,,2012-11-26
177291,acetylene lamp,乙炔灯,,2012-11-26
177292,acetylene dichloride,二氯乙炔,,2012-11-26
177294,acetylene buoy,乙炔浮标,,2012-11-26
177295,acetylene accumulator [= acetylene cylinder],乙炔气筒；乙炔贮槽,,2012-11-26
177299,acetylene,乙炔,,2012-11-26
177300,acetyl methyl carbinol,乙醯甲基甲醇,,2012-11-26
177301,acetyl fiber,醋酸纤维,,2012-11-26
177302,acetyl chloride,氯化乙醯,,2012-11-26
177306,acetyl bromide,溴化乙醯,,2012-11-26
177308,acetyl benzoyl peroxide,过氧化苯乙醯,,2012-11-26
177311,acetyl acetone peroxide,过氧化丙酮乙醯,,2012-11-26
177312,acetyl acetone,丙酮乙醯,,2012-11-26
177315,acetonitrile,乙腈,,2012-11-26
177316,acetone; methyl acetone,丙酮,,2012-11-26
177319,acetone oils,丙酮油类,,2012-11-26
177320,acetone,已安定,,2012-11-26
177322,acetic ester,醋酸乙酯,,2012-11-26
177324,acetic anhydride,乙酐,,2012-11-26
177327,acetic acid allyl ester; allyl acetate,醋酸丙烯酯,,2012-11-26
177331,acetic acid,醋酸,,2012-11-26
177332,acetate rayon,醋酸纤维人造绢,,2012-11-26
177336,acetate of amyl,醋酸戊酯,,2012-11-26
177337,acetaldol,丁醛醇,,2012-11-26
177341,acetaldehyde; aldehyde; caproic aldehyde,乙醛,,2012-11-26
177343,acetaldehyde oxime,乙肟,,2012-11-26
177346,acetaldehyde diethyl acetal,亚乙二乙醚,,2012-11-26
177348,acetal resin,树脂,,2012-11-26
177350,acetal,缩醛,,2012-11-26
177352,accumulator; secondary battery,蓄电器,,2012-11-26
177356,accumulator battery; electric accumulator,蓄电池,,2012-11-26
177358,accelerene,二甲基对亚硝基苯胺,,2012-11-26
177359,absorption refrigeration,吸收冷冻,,2012-11-26
177360,absorption band,吸收[光]带,,2012-11-26
177363,absorption,吸收,,2012-11-26
177364,absorbing power,吸收本领,,2012-11-26
177368,absorbing medium,吸收介质,,2012-11-26
177370,absorbent material,吸收材,,2012-11-26
177371,2-iodobutane,2-碘丁烷,,2012-11-26
177375,2-ethylbutanol,2-乙基丁醇,,2012-11-26
177376,2-ethylaniline,2-乙氨基苯,,2012-11-26
177378,2-chloropropionic acid,2-氯丙酸,,2012-11-26
177380,2-chloropropane,2-氯丙烷,,2012-11-26
177382,2-chloroprene,2-氯丁二烯,,2012-11-26
177385,2-chloroethanol; ethylene chlorohydrin,2-氯乙醇,,2012-11-26
177386,2-chloro-1-propanol,2-氯-1-丙醇,,2012-11-26
177387,Zulu,字母「Z」,,2012-11-26
177391,zone system,分区制,,2012-11-26
177393,zigzag leakage,曲折磁漏{之字型天线},,2012-11-26
177395,zigzag antenna,曲折天线{之字型天线},,2012-11-26
177396,zero-beat reception,零拍接收,,2012-11-26
177401,zero adjuster,归零调节器；零值调整器,,2012-11-26
177403,Zeppelin-antenna,齐柏林天线,,2012-11-26
177404,Y-cut,Y截片,,2012-11-26
177408,Yankee,字母「Y」,,2012-11-26
177409,XXX,「紧急」电报信号{报头},,2012-11-26
177414,X-ray,字母「X」,,2012-11-26
177416,X-cut,X截片,,2012-11-26
177417,working range,工作范围,,2012-11-26
177419,working current,工作电流,,2012-11-26
177420,woofer,低音扬声器,,2012-11-26
177422,wiring,布线；接线,,2012-11-26
177423,wireless; wireless radio,无线电,,2012-11-26
177427,wireless telegraphy,无线电报术,,2012-11-26
177430,wireless microphone,无线电微音器；无线电麦克风,,2012-11-26
177431,wire telegraphy,有线电报术,,2012-11-26
177432,wire broadcasting,有线电广播,,2012-11-26
177433,winding pitch,绕线节距,,2012-11-26
177436,winding machine,绕线机,,2012-11-26
177437,wigway,摇旗通信；摇灯通信,,2012-11-26
177441,wide-band frequency modulation,宽频带调频,,2012-11-26
177442,wide-band antenna,宽频带天线,,2012-11-26
177445,wide-band amplifier,宽频带放大器,,2012-11-26
177446,Whiskey,字母「W」,,2012-11-26
177449,weathering,风化作用,,2012-11-26
177452,wavemeter,波长计,,2012-11-26
177454,wave tail,波尾,,2012-11-26
177456,wave mode selector,波型选择器,,2012-11-26
177458,wave mode,波型,,2012-11-26
177459,wave front,波前；波面,,2012-11-26
177460,wave filter,滤波器,,2012-11-26
177463,wave detector,检波器,,2012-11-26
177465,wave changing switch,波带调换器,,2012-11-26
177470,wave antenna,行波天线,,2012-11-26
177471,wave analyzer,波形分析器；电波分析器,,2012-11-26
177473,wave absorber,电波吸收体,,2012-11-26
177474,waiting signal,稍待信号,,2012-11-26
177479,volume indicator,音量指示器,,2012-11-26
177480,volume distortion,音量失真,,2012-11-26
177483,volume control,音量控制,,2012-11-26
177485,voice-frequency telegraphy,声频电报,,2012-11-26
177487,voice frequency,声频[率],,2012-11-26
177489,voice amplifier,音频放大器,,2012-11-26
177491,voice,声音,,2012-11-26
177492,visual signalling,视觉通讯,,2012-11-26
177494,visual radio range,目视无线电航路标识；可视无线电射矩,,2012-11-26
177496,vision; visual sensation,视觉,,2012-11-26
177497,video frequency,视频率,,2012-11-26
177498,video display unit,影像显示器,,2012-11-26
177501,Victor,字母「V」,,2012-11-26
177502,vice; vise,虎头钳,,2012-11-26
177504,vibromotive force,振动力,,2012-11-26
177505,vibrator,振动器；振子,,2012-11-26
177507,vibrating type voltage regulator,振动式调压器,,2012-11-26
177509,very low frequency {= VLF},特低频[率],,2012-11-26
177511,very high frequency {= VHF},特高频[率],,2012-11-26
177512,vertically polarized,垂直极化,,2012-11-26
177513,vertical antenna,垂直天线,,2012-11-26
177517,vernier time signal,游标对时信号,,2012-11-26
177521,velocity modulation,速度调变,,2012-11-26
177525,velocity microphone,速式微音器,,2012-11-26
177526,V-connection,V形接线,,2012-11-26
177527,varnished cotton tube,清漆套管,,2012-11-26
177530,variable μ tube {variable mu tube},可变放大因数管,,2012-11-26
177532,variable ratio frequency changer,可变比换频机,,2012-11-26
177534,V-antenna; V-type antenna,V式天线,,2012-11-26
177538,vacuum-tube rectifier,真空管整流器,,2012-11-26
177539,vacuum-tube oscillator; valve oscillator,真空管振荡器,,2012-11-26
177541,vacuum-tube detector,真空管检波器,,2012-11-26
177542,vacuum tube,真空管,,2012-11-26
177545,vacuum lightning arrester; vacuum arrester,真空避雷器,,2012-11-26
177548,useful range,有效[测验]范围；有效距离,,2012-11-26
177551,useful life,实用寿命；有效寿命,,2012-11-26
177553,Uriform,字母「U」,,2012-11-26
177555,urgert signal {XXX},紧急信号,,2012-11-26
177556,urgent telegram,加急电报；急电,,2012-11-26
177558,upper side-band,上旁[频]带；上边带,,2012-11-26
177561,upper atmosphere,上层大气,,2012-11-26
177562,universal gravitation,万有引力,,2012-11-26
177563,unity coupler,单位耦合器,,2012-11-26
177564,uniform scale,均匀标度[盘],,2012-11-26
177568,uniform loading,均匀加感,,2012-11-26
177570,unidirectional transmission,单向传输,,2012-11-26
177571,unidirectional antenna; unilateral antenna,单向天线,,2012-11-26
177573,undesired sound,噪声,,2012-11-26
177574,underground line,地下线；地下线路,,2012-11-26
177580,underground conduit,埋地导管,,2012-11-26
177582,underground antenna,埋置天线；地下天线,,2012-11-26
177583,underfloor receway,地板下线槽,,2012-11-26
177586,underexcitation,欠激[磁]；不足励磁,,2012-11-26
177588,under-damping,欠阻尼；振动减衰,,2012-11-26
177590,undamped wave,未减幅波,,2012-11-26
177591,undamped oscillation,未减幅振荡,,2012-11-26
177592,uncommercial call,非商用呼叫；非商用通话,,2012-11-26
177596,Unaone,数字「1」,,2012-11-26
177598,umbrella antenna,伞形天线,,2012-11-26
177600,ultra-violet rays,紫外[射]线,,2012-11-26
177602,ultra-sonic light valve,超音波光阀,,2012-11-26
177604,ultra-sonic frequency,超声频率,,2012-11-26
177606,ultra-short wave,超短波,,2012-11-26
177608,ultra high frequency,超高频,,2012-11-26
177609,two-way switch,双向开关,,2012-11-26
177610,two-way communication,双向通讯,,2012-11-26
177612,two-motion switch,双动作机键,,2012-11-26
177615,two letter signal,双字母信号,,2012-11-26
177616,twin-lead type feeder,平行二线式馈电线,,2012-11-26
177618,twin coil,孪线圈；双线圈,,2012-11-26
177620,tweeter,高音扬声器,,2012-11-26
177623,turnstile antenna,正交型天线,,2012-11-26
177625,turn-over frequency,转移频率,,2012-11-26
177627,turn ratio,圈数比,,2012-11-26
177629,tuning dial,调谐刻度盘,,2012-11-26
177632,tuning coil,调谐线圈,,2012-11-26
177634,tuning capacitor,调谐电容器,,2012-11-26
177636,tuning,调谐；同调,,2012-11-26
177637,tungsten filament,钨质灯丝,,2012-11-26
177641,tuner,调谐器,,2012-11-26
177642,tuned antenna,调谐天线,,2012-11-26
177644,tube tester,电子管试验器,,2012-11-26
177648,tube socket,[电子]管[插]座,,2012-11-26
177650,tube noise,管生杂讯,,2012-11-26
177653,tube adaptor,电子管接合器,,2012-11-26
177654,tube,[电子]管,,2012-11-26
177656,TTT,「安全」电报信号{报头},,2012-11-26
177658,T-shaped aerial {UK},T形天线,,2012-11-26
177660,trouble back tone,故障蜂音信号,,2012-11-26
177663,trouble,故障；障碍；干扰,,2012-11-26
177664,trigger,扳机；触发器；制滑器；激发,,2012-11-26
177665,triatic stay,桅顶间[牵索],,2012-11-26
177666,travelling-wave tube {= TWT},行波管,,2012-11-26
177668,travelling-wave klystron,行波[电子]调速管,,2012-11-26
177669,trapping,捕获；吸收；陷波,,2012-11-26
177673,transposition system,换位制,,2012-11-26
177675,transposition section,换位区域,,2012-11-26
177676,transposition pole,换位柱[杆],,2012-11-26
177677,transposition insulator,换位绝缘子,,2012-11-26
177681,transposition,换位,,2012-11-26
177683,transponder,询答机,,2012-11-26
177686,transparent scale,透明刻度盘,,2012-11-26
177687,transoceanic communication,海外通讯；越洋通讯,,2012-11-26
177691,transmitting station,发射台,,2012-11-26
177692,transmitting attenuation,发射衰减量,,2012-11-26
177694,transmitter distributor,自动分发器,,2012-11-26
177697,transmitter distortion,发射失真,,2012-11-26
177698,transmission measuring set,传输测量仪器,,2012-11-26
177701,transmission loss,传输损失；输电损失,,2012-11-26
177702,transmission line,传输线；输电线,,2012-11-26
177706,transmission capacity,传输容量,,2012-11-26
177709,transmission,透射；传递；传输；发送,,2012-11-26
177713,translator,译码器；电视转播机；频率转受器,,2012-11-26
177714,transition,过渡,,2012-11-26
177715,transfer characteristic,转移特性,,2012-11-26
177719,transceiver,收发信机,,2012-11-26
177720,traffic list,通报表,,2012-11-26
177723,TR tube,收发管,,2012-11-26
177725,tower antenna,塔形天线,,2012-11-26
177728,totalizer,总电表计,,2012-11-26
177730,total reflection,总反射,,2012-11-26
177731,total emission,总发射,,2012-11-26
177732,total indicator,总射示器,,2012-11-26
177736,total distortion,总畸变；总失真,,2012-11-26
177737,toroidal coil,环状线圈,,2012-11-26
177739,top-loaded antenna,顶加感天线,,2012-11-26
177742,tone quality,音品；音色,,2012-11-26
177744,tone controller,音调控制器,,2012-11-26
177746,tone control,音调控制,,2012-11-26
177747,tone,音；音调；音质；音色,,2012-11-26
177748,tolerance,容许差度,,2012-11-26
177751,tissue paper,绝缘薄纸；纱纸,,2012-11-26
177753,time switch,时控开关；定时开关,,2012-11-26
177755,time signal device,报时装置,,2012-11-26
177758,time signal clock,报时[时]钟,,2012-11-26
177760,time modulation,时间调变,,2012-11-26
177761,time lock,时间同步；时间锁定,,2012-11-26
177763,time lag relay,延时继电器,,2012-11-26
177766,time element relay,时素继电器,,2012-11-26
177769,time division multiplex; time division multiplexing {= TDM},划时多工[制],,2012-11-26
177772,time division,时间分割,,2012-11-26
177774,time constant,时间常数,,2012-11-26
177776,timbre,音色；音品,,2012-11-26
177779,tight coupler,密耦合器,,2012-11-26
177780,tie line,[连络]专线,,2012-11-26
177782,tickler coil; feedback coil,反馈线圈,,2012-11-26
177783,thump,电报杂讯,,2012-11-26
177785,through position,转接位置；中继席,,2012-11-26
177787,through line,直通线；过路线,,2012-11-26
177790,threshold frequency,临界频率；门限频率,,2012-11-26
177792,three-way switch,三路开关,,2012-11-26
177795,three-way receiver,三调谐接收机,,2012-11-26
177797,three-phaseexciter,三相激磁机,,2012-11-26
177799,three-phase short-circuit,三相短路,,2012-11-26
177801,three-phase commutator,三相换向器,,2012-11-26
177804,threee letter signal,三字母信号,,2012-11-26
177805,three phase,三相,,2012-11-26
177807,thoriated tungsten filament,涂钍钨灯丝,,2012-11-26
177810,third harmonic,第三谐波,,2012-11-26
177812,thermostatic oven,恒温炉；恒温槽,,2012-11-26
177813,thermal noise [= thermo-noise],热杂音；热噪音,,2012-11-26
177814,text,原文；本文,,2012-11-26
177815,testing device,测试装置,,2012-11-26
177819,tester,测试器；试验员,,2012-11-26
177821,Terrathree,数字「3」,,2012-11-26
177822,terminal control unit,终端控制器,,2012-11-26
177823,television,电视,,2012-11-26
177828,teletype telegram,打字电报,,2012-11-26
177830,teleprinter,打字电报机；电传印字机,,2012-11-26
177831,telephone rate,电话费率,,2012-11-26
177833,telephone,电话；电话机,,2012-11-26
177835,telemetering; telemetry,遥测术,,2012-11-26
177837,telegraphy,电报术；电报学,,2012-11-26
177839,telegraph code,电[报]码,,2012-11-26
177840,telegraph alphabet,电报字母,,2012-11-26
177844,telegraph,伡钟；传令器；通信器；电报[机],,2012-11-26
177846,telegram,电报,,2012-11-26
177849,telecommunicaitin,电信,,2012-11-26
177850,telecasting,电视广播,,2012-11-26
177854,tape cable,带形电缆,,2012-11-26
177855,tap changer,分接[头],,2012-11-26
177856,tank circuit,储能电路；屯克电路,,2012-11-26
177859,Tango,字母「T」,,2012-11-26
177860,tack line,间索,,2012-11-26
177862,synchroscope; synchronoscope; synchronism indicator,同步仪；同步示波器{雷达},,2012-11-26
177864,synchronizer,同步器,,2012-11-26
177867,synchronize operation,同步工作,,2012-11-26
177870,synchronization,同调；同步；同位,,2012-11-26
177871,switch adjuster,开关调整器,,2012-11-26
177873,switch,开关；[机]键；转换器,,2012-11-26
177875,swan socket,插入式插座,,2012-11-26
177876,swan base,插入式底座,,2012-11-26
177878,sustained short-circuit,持续短路,,2012-11-26
177879,sustained radiation,持续辐射,,2012-11-26
177880,sustained oscillation,持续振荡,,2012-11-26
177881,surge-proof transformer,耐突波变压器,,2012-11-26
177884,surface plug receptacle,露出插座,,2012-11-26
177885,suppressed carrier,遏止载波,,2012-11-26
177886,supersonic wave; ultrasonic; ultra-sonic wave,超音波,,2012-11-26
177890,supersonic,超音速,,2012-11-26
177892,superregenerative receiver,超再生式接收机,,2012-11-26
177895,superregeneration,超再生,,2012-11-26
177896,superhigh frequency {= SHF},极高频[率],,2012-11-26
177897,superheterodyne receiver,超外差式接收机,,2012-11-26
177901,superheterodyne,超外差式,,2012-11-26
177904,supergain antenna,超增益天线,,2012-11-26
177905,superaudio telegraphy,超音频电报,,2012-11-26
177906,superaudible frequency,超音频,,2012-11-26
177909,substitute pendent; substitute flag,代旗,,2012-11-26
177910,Subscriber,签署人；收信人,,2012-11-26
177913,subminiature tube,超小型管,,2012-11-26
177915,submerged antenna,水中天线,,2012-11-26
177916,subaqueous cable; submarine cable,水底电缆,,2012-11-26
177918,studio,播音室；播像室,,2012-11-26
177919,strength of magnetic pole,磁极强度,,2012-11-26
177920,stray capacitance,杂散电容量,,2012-11-26
177922,stranded conductor,绞合导体,,2012-11-26
177924,straight circuit,直通电路,,2012-11-26
177925,stopping capacitor {blocking},隔[直]流电容器,,2012-11-26
177930,stop,停留；终止结{结绳用},,2012-11-26
177931,stereoscopic television,立体电视,,2012-11-26
177933,stereophonic effect,立体音效应,,2012-11-26
177936,stereophonic,身历声,,2012-11-26
177938,step out,不同步,,2012-11-26
177939,steady load,不变负载,,2012-11-26
177941,steady frequency,稳定频率,,2012-11-26
177943,stay-pole,撑杆,,2012-11-26
177945,stay thimble,拉线套管,,2012-11-26
177947,stay rod,拉线柱,,2012-11-26
177948,stay hook,拉线钩,,2012-11-26
177951,stay block,拉线滑车,,2012-11-26
177953,stay {GUY},拉线；拉条,,2012-11-26
177955,stator,静定子；固定子,,2012-11-26
177958,stationary blade,固定[叶]片,,2012-11-26
177959,standard wire gauge {= SWG},标准线规,,2012-11-26
177961,standard wavemeter,标准波长表；标准频率计,,2012-11-26
177964,standard wave,标准电波,,2012-11-26
177966,standard frequency,标准频率,,2012-11-26
177970,standard adjustment,标准调节,,2012-11-26
177971,stagger amplifier circuit,差调[式]放大电路,,2012-11-26
177973,stacked antenna,堆积式天线,,2012-11-26
177976,stabilized negative feedback amplifier,稳定负反馈放大器,,2012-11-26
177977,squelch control,静音控制,,2012-11-26
177979,squelch circuit,消杂音电路,,2012-11-26
177980,squelch,消杂音{静音},,2012-11-26
177982,square coil,方形线圈,,2012-11-26
177983,spurious emission,混附发射,,2012-11-26
177984,split catalog,分类目录,,2012-11-26
177985,splice,编接,,2012-11-26
177988,spiral coil,螺状线圈,,2012-11-26
177990,spider-web coil,蛛网形线圈,,2012-11-26
177991,speedometer,速率计,,2012-11-26
177993,speed variation,速度变动,,2012-11-26
177994,speed regulation,速率调整,,2012-11-26
177996,speech amplifier,语音放大器,,2012-11-26
177997,specular reflection,单向反射,,2012-11-26
177998,spectrum space,频谱间隔,,2012-11-26
178001,specific inductive capacity {dielectric constant},比电容量{介电常数},,2012-11-26
178002,special repetition signal,特别重复信号,,2012-11-26
178004,special despatch,专送,,2012-11-26
178005,spark length,电花长度,,2012-11-26
178006,spark killer,电花消灭器,,2012-11-26
178008,spark distance,电花距离,,2012-11-26
178011,spare line,备用线路,,2012-11-26
178013,space wave,空间波,,2012-11-26
178014,space permeability,真空导磁率,,2012-11-26
178015,space,空间；间隔；太空,,2012-11-26
178016,Soxisix,数字「6」,,2012-11-26
178018,source,源极,,2012-11-26
178020,sound wave,音波；声波,,2012-11-26
178021,sound intensity,声响强度,,2012-11-26
178023,sound effect {= SE},音响效应,,2012-11-26
178024,sound absorption coefficient,吸声系数,,2012-11-26
178025,SOS,「遇难」电报信号{报头},,2012-11-26
178028,solid carbon,固体炭精,,2012-11-26
178029,solenold,螺形线卷,,2012-11-26
178031,solderless joint,无焊接头,,2012-11-26
178032,soldering iron,烙铁,,2012-11-26
178034,soldering,焊接；焊柱,,2012-11-26
178035,soldered joint,焊接,,2012-11-26
178039,solder,焊料；焊锡,,2012-11-26
178041,solar noise,太阳杂讯,,2012-11-26
178043,soft ware,软体,,2012-11-26
178045,sodering paste,焊膏,,2012-11-26
178047,socket adapter,接合器插座,,2012-11-26
178050,slow-operating relay,缓吸继电器,,2012-11-26
178052,slot antenna,槽孔天线,,2012-11-26
178054,slit antenna,间隙天线,,2012-11-26
178057,slip regulator,滑移调整器,,2012-11-26
178058,slip frequency,转差频率,,2012-11-26
178059,sleeve dipole antenna,套管偶极天线,,2012-11-26
178063,slave station,副台{附属台},,2012-11-26
178066,sky-wave range,天波范围,,2012-11-26
178067,sky-wave,天[空电]波,,2012-11-26
178068,skip zone,跳越[地]区,,2012-11-26
178070,skip distance,跳越距离,,2012-11-26
178072,skip dipole antenna,边缘式偶极天线,,2012-11-26
178075,skin effect,皮肤效应,,2012-11-26
178076,single-pole switch,单极开关,,2012-11-26
178077,single-pole cut-out,单极切断器,,2012-11-26
178079,single silk-covered wire,单丝包线,,2012-11-26
178082,single side-band transmission,单旁带发送；单边带传输,,2012-11-26
178084,single side-band reception,单旁带接收；单边带接收,,2012-11-26
178086,single phase; uniphase,单相,,2012-11-26
178087,single letter signal,单字母信号,,2012-11-26
178090,singing stability,振鸣稳定度,,2012-11-26
178093,singing point,振鸣点,,2012-11-26
178094,signal converter,信号变换器,,2012-11-26
178096,sine wave generator,正弦波产生器,,2012-11-26
178099,simultaneous transmission and reception,同时收发,,2012-11-26
178102,simultaneous call,同时呼叫,,2012-11-26
178104,simultaneous broadcast,联[合广]播,,2012-11-26
178105,simplex working,单工通讯,,2012-11-26
178109,simplex winding; single layer winding,单层绕组,,2012-11-26
178110,simplex telegraph,单工电报,,2012-11-26
178111,simplex circuit,单工电路,,2012-11-26
178112,silk-covered wire,丝包线,,2012-11-26
178118,silent periods {= SP},静止时间；沉寂期,,2012-11-26
178119,signal-to-noise ratio,信号杂讯声比,,2012-11-26
178123,signalling by hand flag or arm,手旗或手臂通讯,,2012-11-26
178124,signal yard,信号旗桁,,2012-11-26
178126,signal winding,控制绕组,,2012-11-26
178128,signal tracing test,信号寻迹测试,,2012-11-26
178132,signal station,信号台,,2012-11-26
178133,signal repeater,信号转发器,,2012-11-26
178136,signal plate,信号板,,2012-11-26
178139,signal pistol; signal gun,信号枪,,2012-11-26
178142,signal oscillator,信号振荡器,,2012-11-26
178144,signal letters,信号代字,,2012-11-26
178147,signal lantern,信号提灯,,2012-11-26
178150,signal lamp; signal light; Morse lamp; Morse light,信号灯,,2012-11-26
178151,signal intensity; signal strength,信号强度,,2012-11-26
178153,signal indication,信号指示,,2012-11-26
178155,signal generator,信号产生器,,2012-11-26
178157,signal gain,信号增益,,2012-11-26
178158,signal gaff,信号斜桁,,2012-11-26
178161,signal frequency,信号频率,,2012-11-26
178165,signal flag; code flag,信号旗,,2012-11-26
178169,signal fire,火光信号；烽火；烽烟,,2012-11-26
178170,signal distortion,信号畸变；信号失真,,2012-11-26
178172,signal code,信号简码,,2012-11-26
178173,signal cabin,信号室,,2012-11-26
178175,signal book,信号书,,2012-11-26
178177,signal ball,信号球,,2012-11-26
178179,signal,信号,,2012-11-26
178180,Sierra,字母「S」,,2012-11-26
178183,side tone circuit,侧音电路,,2012-11-26
178184,side tone balance,侧音平衡,,2012-11-26
178186,side tone attenuation,侧音衰减量,,2012-11-26
178187,side tone,侧音,,2012-11-26
178190,side cutting pliers,剪线钳,,2012-11-26
178192,side beam,旁波束,,2012-11-26
178193,side band,旁[频]带；边带,,2012-11-26
178195,shut down,转动停止；停机,,2012-11-26
178197,shunting indicator,并联指示器,,2012-11-26
178198,shunt loss,分路损失,,2012-11-26
178199,shunt feedback amplifier,并联反馈放大器,,2012-11-26
178203,shunt fed antenna,并联馈电天线,,2012-11-26
178204,shunt excited antenna,并联激励电天线,,2012-11-26
178207,shrink ring of commutator,整流子缩紧环,,2012-11-26
178208,short-time duty,短暂工作,,2012-11-26
178211,short-circuit winding,短路绕组,,2012-11-26
178214,short-circuit test,短路试验,,2012-11-26
178216,short-circuit,短路；捷路,,2012-11-26
178217,short wave,短波,,2012-11-26
178221,short shunt,短并联；内并联,,2012-11-26
178224,short range navigation {= shoran},短程航仪；短程导航,,2012-11-26
178226,short pitch winding,短节矩绕组,,2012-11-26
178229,shock excited oscillator,震激振荡器,,2012-11-26
178230,ship station; ship's station,船舶电台,,2012-11-26
178232,shielding wire,屏蔽线,,2012-11-26
178234,shielding,屏蔽；铠装,,2012-11-26
178235,shielded tube,遮蔽管,,2012-11-26
178237,shelding efficiency,屏蔽效率,,2012-11-26
178238,sheathing wire,包覆线,,2012-11-26
178240,sheath loss,护皮损失,,2012-11-26
178244,sheath,护皮；护套,,2012-11-26
178247,sharpness of tuning,调谐锐度,,2012-11-26
178248,sharp tuning,锐调谐,,2012-11-26
178249,sharp cut-off,锐截止,,2012-11-26
178253,setting,设定；装配,,2012-11-26
178255,Setteseven,数字「7」,,2012-11-26
178256,set tester,试验仪器,,2012-11-26
178259,set noise,机械杂音,,2012-11-26
178260,service life,有效寿命,,2012-11-26
178261,service interruption,不通；断电,,2012-11-26
178265,service inspection,业务稽查,,2012-11-26
178268,service entrance switch,引入开关,,2012-11-26
178270,service entrance,引入口,,2012-11-26
178272,service drop,架空引入线,,2012-11-26
178275,service capacity,有效容量,,2012-11-26
178278,service area,服务区[域]；有效区域,,2012-11-26
178279,serivice {= SVC},服务；业务；公电,,2012-11-26
178283,series winding,串联绕组；串激场卷,,2012-11-26
178285,series resonance,串联谐振,,2012-11-26
178286,series feedback amplifier,串联反馈放大器,,2012-11-26
178290,series connected type,串联连接式,,2012-11-26
178292,series coil,串联线圈,,2012-11-26
178293,sequence switch,顺序开关；序机键,,2012-11-26
178295,sequence call,顺序呼叫,,2012-11-26
178298,separated from [= separation],隔离；分开,,2012-11-26
178300,separate excitation,分激,,2012-11-26
178303,sensitivity time control {= STC},灵敏度时间控制{雷达用},,2012-11-26
178305,sensibility [= sensitivity],灵敏度；灵敏性,,2012-11-26
178306,sense determination,定向,,2012-11-26
178307,semi-automatic,半自动,,2012-11-26
178310,semaphore; semaphore signalling; signalling by hand flags,手旗通信,,2012-11-26
178314,selsyn device,同步装置,,2012-11-26
178317,self-saturation type,自饱和型,,2012-11-26
178319,self-restoring drop,自复吊牌,,2012-11-26
178321,self-regulation,自动调整,,2012-11-26
178322,self-oscillation,自生振荡,,2012-11-26
178325,self-heterodyne,自差；自拍,,2012-11-26
178328,self-excitation,自激；自励,,2012-11-26
178331,self-drive,本体驱动,,2012-11-26
178332,self-demagnetization,自动去磁,,2012-11-26
178336,self-cooled transformer,自冷式变压器,,2012-11-26
178338,self-contained instrument,整装仪表,,2012-11-26
178339,self controlled,自控,,2012-11-26
178342,selector repeater,选择转发机,,2012-11-26
178344,selector key,选择机键,,2012-11-26
178345,selector circuit,选择电路,,2012-11-26
178348,selector,选择钮；选择器,,2012-11-26
178351,selectivity,选择性,,2012-11-26
178352,selective signal,选择性信号,,2012-11-26
178355,selective resonance,选择性谐振,,2012-11-26
178356,selective relay,选择性继电器,,2012-11-26
178361,selective radiation,选择性幅射,,2012-11-26
178362,selective interference,选择性干扰,,2012-11-26
178366,selective emission,选择性发射,,2012-11-26
178367,segment mica,[整流子]云母片,,2012-11-26
178371,securite,「安全」口语信号{话头},,2012-11-26
178372,section insulator,区间绝缘体,,2012-11-26
178376,secret telegram,密电；秘密电报,,2012-11-26
178378,secondary winding,副绕组；二次绕组；次级绕组,,2012-11-26
178380,secondary finder,辅助探测器；二次探测器,,2012-11-26
178382,secondary coil,副线圈；二次线圈,,2012-11-26
178384,secondary battery,副砲组{海军军语}；二次电池；辅助电池,,2012-11-26
178386,second harmonic,第二谐波,,2012-11-26
178388,second detector,第二检波器,,2012-11-26
178389,search radar,搜索雷达,,2012-11-26
178390,search light signal,探照灯讯号,,2012-11-26
178393,search coil,搜索线圈,,2012-11-26
178395,search and rescue coordination center {= SAR coordination center},搜救协调中心,,2012-11-26
178398,sea return [= sea clutter],海面反射；海面回波{雷达},,2012-11-26
178399,sea earth,海水接地,,2012-11-26
178404,screen-reflector,帘栅型反射器,,2012-11-26
178407,screening effect,屏蔽效应,,2012-11-26
178409,screen-grid tube,帘栅管,,2012-11-26
178411,screen grid,帘栅,,2012-11-26
178413,screen cap {UK},螺旋插帽,,2012-11-26
178415,screen base {USA},螺旋插座,,2012-11-26
178418,screen,帘；幕；屏[蔽]；屏卫；遮光板；掩蔽；警戒；查核,,2012-11-26
178421,scratch noise,摩擦杂讯；唱针擦讯,,2012-11-26
178423,schematic diagram,概要图,,2012-11-26
178424,scattered wave,散射波,,2012-11-26
178426,saw tooth wave form,锯齿波形,,2012-11-26
178427,saw tooth voltage,锯齿波电压,,2012-11-26
178431,saw tooth oscillator,锯齿波振荡器,,2012-11-26
178432,saw tooth current,锯齿波电流,,2012-11-26
178434,saw tooth antenna,锯齿形天线,,2012-11-26
178435,sausage aerial,圆形天线；腊肠形天线,,2012-11-26
178438,saturation factor,饱和因数,,2012-11-26
178439,saturation curve,饱和曲线,,2012-11-26
178442,saturable core,饱和铁芯,,2012-11-26
178443,safety switch,安全开关,,2012-11-26
178445,safety signal {TTT},安全信号,,2012-11-26
178447,safety service,安全业务,,2012-11-26
178448,safety encolsed switch,安全开关{密闭式},,2012-11-26
178450,rush current,突流,,2012-11-26
178452,rush,火急,,2012-11-26
178454,rupturing capacity,遮断容量[开关],,2012-11-26
178457,running light,航行灯；备便指示灯{空载运作},,2012-11-26
178459,running curve,工作曲线,,2012-11-26
178462,Ruhmkorff coil,伦可夫[感应]线圈,,2012-11-26
178464,rubber-insulated cable; rubberinsulated wire,橡皮绝缘电缆,,2012-11-26
178466,rubber-covered wire,橡皮包线,,2012-11-26
178467,RPT,重复代码,,2012-11-26
178469,routine test,例行测验,,2012-11-26
178470,routine inspection,例行检查,,2012-11-26
178473,routine adjustment,例行调整,,2012-11-26
178475,round-the-world echo,绕地[球]一周回波；环球回波,,2012-11-26
178476,round conductor,圆形导体,,2012-11-26
178479,rotor core,转子铁芯,,2012-11-26
178480,rotor,转[动]子,,2012-11-26
178481,rotary switch,旋转式开关,,2012-11-26
178485,rotary rectifier,旋转整流器,,2012-11-26
178488,rotary phase modifier,调相机,,2012-11-26
178489,rotary converter,旋转换流机；旋转换流器,,2012-11-26
178491,Romeo,字母「R」,,2012-11-26
178492,rotary capacitor,调相机旋转电容器,,2012-11-26
178493,ripple percentage,涟波百分率,,2012-11-26
178497,ripple frequency,涟波频率,,2012-11-26
178499,ring-off signal,话终信号,,2012-11-26
178501,ring-off drop,话终指示吊牌,,2012-11-26
178504,ringing key,振铃键；信号键,,2012-11-26
178505,ringing fail alarm,振铃故障信号,,2012-11-26
178506,ringing cut-off relay,振铃切断继电器,,2012-11-26
178510,ringing circuit,振铃电路,,2012-11-26
178511,ringing,振铃,,2012-11-26
178513,ringer oscillator,振铃用振荡器,,2012-11-26
178515,ringer control,振铃控制,,2012-11-26
178516,ring winding,环式绕组,,2012-11-26
178519,ring motor,环式电动机,,2012-11-26
178520,ring modulator,环式调变器,,2012-11-26
178523,ring magnet,环式磁铁,,2012-11-26
178524,ring current,环状电流,,2012-11-26
178525,ring connection,环状联接；轮形接线,,2012-11-26
178528,ridge waveguide,凹形波导,,2012-11-26
178531,ribbon microphone,带式微音器,,2012-11-26
178533,rhombic antenna,菱形天线,,2012-11-26
178534,revolving-field type,旋转磁场型,,2012-11-26
178539,revolving-armature type,旋转电枢型,,2012-11-26
178542,revolving magnetic field; rotating field; rotating magnetic field,旋转磁场,,2012-11-26
178543,revolutions per second {= RPS},每秒转数,,2012-11-26
178546,reversing key,换向电键,,2012-11-26
178547,reversible fuse,再用熔丝,,2012-11-26
178548,reversible booster,可逆升压机,,2012-11-26
178550,reversed echo,反向回波,,2012-11-26
178552,reverse-current circuit breaker,逆流断路器,,2012-11-26
178554,reverse feedback,负反馈,,2012-11-26
178557,reverse drive,反向驱动,,2012-11-26
178559,reverse contact,反向触点,,2012-11-26
178563,reverse,反向；逆向,,2012-11-26
178564,return wire,回[路导]线,,2012-11-26
178565,return loss,回流损失,,2012-11-26
178567,return feeder,回路馈电线,,2012-11-26
178569,retrogressive winding,倒退绕组,,2012-11-26
178571,retrogressive wave,反向波,,2012-11-26
178573,retentivity,顽磁,,2012-11-26
178574,retaining coil,保持线圈,,2012-11-26
178576,retaining circuit,保持电路,,2012-11-26
178577,restriction message,密电,,2012-11-26
178578,restricted service,限制业务,,2012-11-26
178579,response curve,响应曲线,,2012-11-26
178582,response,响应,,2012-11-26
178583,responder beacon,转发信标,,2012-11-26
178586,resonator,谐振器；共振器,,2012-11-26
178587,resonant line,谐振线,,2012-11-26
178590,resonant iris,谐振帘,,2012-11-26
178591,resonant cavity,谐振腔,,2012-11-26
178594,resonant absorber,谐振吸收器,,2012-11-26
178595,resonance voltage,谐振电压,,2012-11-26
178598,resonance sharpness; sharpness of resonance,谐振锐度,,2012-11-26
178601,resonance range; resonance region,谐振范围,,2012-11-26
178603,resonance potential,谐振电位,,2012-11-26
178604,resonance point,谐振点,,2012-11-26
178605,resonance indicator,谐振指示器,,2012-11-26
178607,resonance frequency,谐振频率,,2012-11-26
178608,resonance curve,谐振曲线；共振曲线,,2012-11-26
178609,resonance current,谐振电流,,2012-11-26
178610,resonance circuit,谐振回路；谐振电路,,2012-11-26
178611,resonance characteristic,谐振特性,,2012-11-26
178612,resolution,解析度{雷达},,2012-11-26
178614,resistance wire,阻力线,,2012-11-26
178615,residence telephone,住宅电话,,2012-11-26
178617,resetting key,重置键,,2012-11-26
178620,reserve; stand-by service,备用,,2012-11-26
178621,reserve capacity,后备容量；库储量,,2012-11-26
178624,rescue signal light,救难信号[火焰],,2012-11-26
178625,re-radiation,二次辐射；重辐射,,2012-11-26
178627,reply,回答,,2012-11-26
178629,repeller,斥距极,,2012-11-26
178633,repeating installation,转发装置,,2012-11-26
178634,repeating coil,转续线圈,,2012-11-26
178636,repeater,增压机；转发器；复示器,,2012-11-26
178637,repeat signal,重复信号,,2012-11-26
178639,repair expense; repair cost; cost of repairs,修理费[用],,2012-11-26
178641,remote signal,远距信号,,2012-11-26
178642,remote metering; remote sounding,遥测,,2012-11-26
178644,remote measuring equipment,遥测设备,,2012-11-26
178646,remote indication,遥[远指]示,,2012-11-26
178648,remote control equipment,遥控设备,,2012-11-26
178650,reluctivity,磁阻系数,,2012-11-26
178651,release request,终止通信,,2012-11-26
178652,release magnet,释放磁铁,,2012-11-26
178656,relaying action,替续作用；中续作用,,2012-11-26
178658,relay,替续器；继电器,,2012-11-26
178660,relaxation oscillation,弛张振荡,,2012-11-26
178662,relative stability,相对稳定度,,2012-11-26
178663,relative error,相对误差,,2012-11-26
178668,regulator,调整器；整时计,,2012-11-26
178670,regulation,调整,,2012-11-26
178671,regulating winding,调整绕组,,2012-11-26
178674,regulating transformer,[有载时]电压调整器,,2012-11-26
178676,regulated stream flow,调整流量,,2012-11-26
178677,regular distortion,常态失真,,2012-11-26
178680,regenerative repeater,再生式转发器；再生式增压机,,2012-11-26
178682,regenerative control,再生控制,,2012-11-26
178684,reflector,反射器,,2012-11-26
178686,reflection loss,反射损失,,2012-11-26
178687,reflection,反射,,2012-11-26
178690,reference frequency,参考频率,,2012-11-26
178691,rectifier tube,整流管,,2012-11-26
178696,rectification,整流；整向,,2012-11-26
178699,recorder,录音机；记录器,,2012-11-26
178700,recorded program,录音广播节目,,2012-11-26
178701,recognition signal,辨别信号,,2012-11-26
178704,reciprocal of amplification,反放大,,2012-11-26
178706,reception,接收[法],,2012-11-26
178707,receiving attenuation,接收衰减,,2012-11-26
178709,receiver,接收机；收音机；收报机；收话机,,2012-11-26
178710,re-broadcasting; relay broadcast,转播,,2012-11-26
178715,rear cover,裹盖,,2012-11-26
178716,ready,备便,,2012-11-26
178718,readability,辨识度；可读度,,2012-11-26
178720,ratio meter,比率计,,2012-11-26
178722,range of hearing,可闻范围,,2012-11-26
178725,range indicator,距离指示器,,2012-11-26
178726,radome,天线外罩,,2012-11-26
178728,radiotelephony,无线电话术,,2012-11-26
178730,radiotelemeering,无线电遥测法,,2012-11-26
178733,radiotelegraphy,无线电报；无线电报术,,2012-11-26
178734,radiosonde,雷送；无线电探空仪；无线电测候仪；无线电气象记录术,,2012-11-26
178739,radio-photo; radiophotography,无线电照相法,,2012-11-26
178740,radiophone; radiotelephone,无线电话,,2012-11-26
178741,radiometer,辐射计,,2012-11-26
178745,radiolocation,无线电定位术,,2012-11-26
178747,radio-goniometer,无线电测角计,,2012-11-26
178750,radiodetermination service,无线电测定业务,,2012-11-26
178752,radioactive substance,放射[物]质,,2012-11-26
178755,radioactive atom,放射性原子,,2012-11-26
178756,radio wave propagation,电波传播,,2012-11-26
178757,radio wave,无线电波,,2012-11-26
178758,radio transmitter,无线电发射机,,2012-11-26
178761,radio touch,无线电连络,,2012-11-26
178763,radio time signal,无线电对时信号；无线电报时信号,,2012-11-26
178764,radio relay station,无线电中继站,,2012-11-26
178766,radio recognition equipment,无线电识别设备,,2012-11-26
178770,radio range beacon,无线电航行示标；无线电测距标杆,,2012-11-26
178772,radio range,无线电射程；无线电航路标识；无线电导航标杆,,2012-11-26
178774,radio operator,[无线电]报务员；无线电[操作]人员；无线电操作员,,2012-11-26
178776,radio net,无线电通信网,,2012-11-26
178779,radio navigation station,无线电助航电台,,2012-11-26
178781,radio navigation mobile station,无线电助航机动电台,,2012-11-26
178785,radio navigation land station,无线电助航陆地电台,,2012-11-26
178787,radio navigation,无线电助航术；无线电导航；无线电航海,,2012-11-26
178789,radio interference,无线电干扰,,2012-11-26
178792,radio installations,无线电按装,,2012-11-26
178794,radio heating,射频加热,,2012-11-26
178796,radio frequency spectrum,射频波谱,,2012-11-26
178798,radio frequency amplifier {= RFA},射频放大器,,2012-11-26
178799,radio frequency {= RF},射频,,2012-11-26
178801,radio facsimile,无线电传真,,2012-11-26
178803,radio duct,无线电导层,,2012-11-26
178806,radio direction-finding station,无线电探向站；无线电探向电台,,2012-11-26
178808,radio direction finding,无线电探向；无线电测向,,2012-11-26
178811,radio direction finder,无线电测向仪,,2012-11-26
178813,radio determination,无线电测定术,,2012-11-26
178815,radio control,无线电控制,,2012-11-26
178817,radio compass,无线电罗经,,2012-11-26
178818,radio communication,无线电通信；无线电通讯,,2012-11-26
178822,radio channel,无线电波道；无线电频道,,2012-11-26
178825,radio broadcasting,无线电广播,,2012-11-26
178826,radio bearing,无线电方位,,2012-11-26
178829,radio astronomy service,无线电天文业务,,2012-11-26
178832,radiation-cooled tube,辐射冷管,,2012-11-26
178833,radar shade,雷达回迹遮没区,,2012-11-26
178836,radar {radio detection and ranging},雷达{无线电探向及测距},,2012-11-26
178837,Quebec,字母「Q」,,2012-11-26
178840,quasi-single sideband transmission system,半单边带传输系统,,2012-11-26
178841,quasi-maximum value,半最大值,,2012-11-26
178845,quarter-wave antenna,四分之一波长天线,,2012-11-26
178846,quarantine flag; quaranting flag; yellow flag,检疫旗,,2012-11-26
178849,quantity of magnetism,磁量,,2012-11-26
178850,quantity of flow; stream flow,流量,,2012-11-26
178851,quadrant electrometer,象限静电计,,2012-11-26
178855,quaded cable,四组电缆,,2012-11-26
178857,Q-section transformer,四分之一波长变量器,,2012-11-26
178861,push-pull oscillator,推挽式振荡器,,2012-11-26
178863,push-pull amplifier,推挽式放大器,,2012-11-26
178864,push-pull,推挽,,2012-11-26
178866,push-button socket,按钮插座,,2012-11-26
178868,pure tone,纯音调,,2012-11-26
178871,pure chance call,纯偶然呼叫,,2012-11-26
178872,puncture test,破损试验,,2012-11-26
178874,punching,打孔,,2012-11-26
178875,pulse rate,脉搏率,,2012-11-26
178879,pulse communication system,脉搏通讯系统,,2012-11-26
178881,pulse,电搏；脉搏；脉波；脉冲,,2012-11-26
178883,public broadcasting,公众广播,,2012-11-26
178885,proton,质子,,2012-11-26
178887,propagation path,传播路径,,2012-11-26
178888,propagation loss,传播损失,,2012-11-26
178891,procedure signal,程序信号,,2012-11-26
178892,procedure,程序,,2012-11-26
178893,privacy communication system,保密通信系统,,2012-11-26
178895,printing telegram; type printing telegraph,印字电报,,2012-11-26
178896,primary winding,初级绕组；一次绕组,,2012-11-26
178898,primary coil,初级线卷,,2012-11-26
178899,pressure microphone,压力微音器,,2012-11-26
178902,pressure device,加压装置,,2012-11-26
178903,press telegram,新闻电报,,2012-11-26
178905,preselection,预选；前置选择,,2012-11-26
178907,prefix,字首；报首,,2012-11-26
178908,pre-equalizer,前置等化器,,2012-11-26
178911,predistorter,前置补偿器,,2012-11-26
178913,precision wavemeter,精密波长表,,2012-11-26
178915,precision frequency meter,精密频率计,,2012-11-26
178917,pratique signal; quarantine signal,检疫信号,,2012-11-26
178920,power detection,强力检波,,2012-11-26
178921,positive transmission,正传输,,2012-11-26
178923,positive modulation,正调变,,2012-11-26
178925,positive grid characteristic,正栅极特性,,2012-11-26
178927,positive feeder,正馈[电]线,,2012-11-26
178930,positive feedback amplifier,正反馈放大器,,2012-11-26
178933,porosity,有孔率,,2012-11-26
178934,polyrod antenna,多杆式天线,,2012-11-26
178936,polymerized filter,聚合滤波器,,2012-11-26
178938,pole piece,极片；磁极片,,2012-11-26
178940,polarization,极化；偏极[化]；偏光,,2012-11-26
178942,plug seat,插[头]座,,2012-11-26
178944,plug fuse,插入式熔线,,2012-11-26
178945,plug adapter,接合器插头,,2012-11-26
178947,play back,回放,,2012-11-26
178948,plate modulation,屏极调变,,2012-11-26
178951,plate loss,屏极损失,,2012-11-26
178953,plate limiter,屏极限制器,,2012-11-26
178955,plate dissipation,屏极耗损,,2012-11-26
178956,plate detection,屏极检波法,,2012-11-26
178959,plane earth,地平面,,2012-11-26
178961,plane antenna,平面天线,,2012-11-26
178963,plain language,明语,,2012-11-26
178964,pin,接脚；网目板{俗名},,2012-11-26
178966,pilot lamp; pilot light,引示灯,,2012-11-26
178968,pilot channel,引示波道,,2012-11-26
178970,pilot brush,引示刷,,2012-11-26
178971,piezo-electric pick-up,晶体拾音器；压电式拾音器,,2012-11-26
178974,piezo-electric microphone,晶体微音器；压电式微音器,,2012-11-26
178975,piezo-electric loudspeaker,晶体扬声器；压电式扬声器,,2012-11-26
178976,picture transmission,图相传送,,2012-11-26
178980,pickup; pick-up,拾音器；检拾器；感应器,,2012-11-26
178981,phototelegraphy; picture telegraphy,传真电报术,,2012-11-26
178985,phonogram,话传电报；音符,,2012-11-26
178986,phonic wheel,音轮,,2012-11-26
178989,phasing signal,定相信号,,2012-11-26
178990,phasing,定相{传真真迹用}；相位调整,,2012-11-26
178993,phase-shifting device,移相装置,,2012-11-26
178994,phase velocity,相[位]速[度],,2012-11-26
178997,phase splitter,分相器,,2012-11-26
179001,phase shifter,移相器,,2012-11-26
179002,phase shift,相移,,2012-11-26
179004,phase segregation,相间隔离,,2012-11-26
179007,phase rotation; phase sequence,相转序,,2012-11-26
179008,phase modulation,相位调变,,2012-11-26
179009,phase modifier,调相器,,2012-11-26
179012,phase meter,相位计,,2012-11-26
179014,phase inverter,倒相器,,2012-11-26
179015,phase indicator,相位指示器,,2012-11-26
179017,phase equalizer,相位等化器,,2012-11-26
179020,phase distortion,相位失真,,2012-11-26
179022,phase difference,相位差,,2012-11-26
179023,phase deviation,相位偏移,,2012-11-26
179025,phase corrector,相位改正器,,2012-11-26
179027,phase converter,换相器,,2012-11-26
179029,phase conversion,相位变换；变相,,2012-11-26
179031,phase compensating device,相位补偿装置,,2012-11-26
179032,phase adjustment,相位调整,,2012-11-26
179035,person-to-person call,指名呼叫；叫人电话,,2012-11-26
179036,personal-circuit,专用电路,,2012-11-26
179039,persistant oscilliation,持续振荡；等幅振荡,,2012-11-26
179041,permissive block system,容许阻遏制,,2012-11-26
179042,permeameter,磁导计,,2012-11-26
179045,permeability tuning,导磁系数调谐,,2012-11-26
179047,permanent state,永久状态,,2012-11-26
179048,permanent signal,永久信号,,2012-11-26
179051,permanent call,永久呼叫,,2012-11-26
179053,periodicity,周期性；定期性,,2012-11-26
179054,periodic test,定期测试,,2012-11-26
179058,periodic duty,周期性工作,,2012-11-26
179060,performeter period signal,动作监视器句号,,2012-11-26
179062,performance characteristics,功能特性,,2012-11-26
179064,perforator,凿孔机,,2012-11-26
179065,perforating telegram,打孔电报,,2012-11-26
179066,perforated panel,凿孔面板,,2012-11-26
179071,percentage modulation,调变百分率；调变度,,2012-11-26
179073,percentage loss,损失百分率,,2012-11-26
179076,percentage line drop,线路电压降百分率,,2012-11-26
179077,percentage conductivity,传导系数百分率,,2012-11-26
179080,pentagrid converter,五栅变频管,,2012-11-26
179084,penetration frequency,贯穿频率,,2012-11-26
179086,pendulum relay,摆垂式继电器,,2012-11-26
179088,pendant switch,悬垂式开关,,2012-11-26
179091,pellet type arrester,小球型避电器,,2012-11-26
179092,peak-to-peak value,峰对峰值,,2012-11-26
179094,peaking capacity,峰化容量；尖峰容量,,2012-11-26
179096,passive relay,无源继电器,,2012-11-26
179099,passive network,无源网路；被动网路,,2012-11-26
179100,party line,合用线；同线,,2012-11-26
179104,parts,零件,,2012-11-26
179105,parasitic oscillation,寄生振荡,,2012-11-26
179106,parasitic antenna,寄生天线,,2012-11-26
179107,parallel cut,平行切剖,,2012-11-26
179111,paper eapacitor,纸[质]电容器,,2012-11-26
179114,Papa,字母「P」,,2012-11-26
179116,Pantafive,数字「5」,,2012-11-26
179117,panpan,「紧急」口语信号{话头},,2012-11-26
179121,paired cable,成对电缆,,2012-11-26
179122,pad control,增耗垫控制；增损器控制,,2012-11-26
179124,Pacific Ocean Region {= POR},太平洋区域,,2012-11-26
179127,oxytone,尖音,,2012-11-26
179128,overtone,泛音,,2012-11-26
179131,overspeed limiter; speed-limiting governor,限速器,,2012-11-26
179132,oversea broadcasting,海外广播,,2012-11-26
179134,overpower relay,超电力继电器,,2012-11-26
179136,over-modulation,过调变,,2012-11-26
179137,overload capacity,过载能力；超载容量,,2012-11-26
179141,overhead wire,架空线,,2012-11-26
179144,overhead line [= aerial line],架空；架空天线,,2012-11-26
179146,overhead earth wire,架空地线,,2012-11-26
179148,overhead conductor,架空导线,,2012-11-26
179150,overexcitation [= overdrive],过励；过激,,2012-11-26
179152,overcompound generator,过[复]激式发电机,,2012-11-26
179153,overcompensation,过度补偿,,2012-11-26
179155,overcommutation,超量整流,,2012-11-26
179158,overbunching,过聚集,,2012-11-26
179159,overall seletivity,综合选择率,,2012-11-26
179161,overall characteristic,综合特性,,2012-11-26
179163,outside wiring,外部布线,,2012-11-26
179164,output winding; power winding,输出绕组,,2012-11-26
179167,output meter,输出计,,2012-11-26
179168,output filter,输出滤波器,,2012-11-26
179169,output factor,输出因数,,2012-11-26
179170,output admittance,输出导纳,,2012-11-26
179171,outgoing trunk,去向中继线,,2012-11-26
179175,outgoing line,去向线,,2012-11-26
179177,outer condutor,外部导体,,2012-11-26
179179,outdoor transformer,户外变压器,,2012-11-26
179180,outdoor structure,户外构架,,2012-11-26
179184,outdoor antenna,户外天线,,2012-11-26
179186,outage,停播；停用,,2012-11-26
179188,out of phase,反相；异相,,2012-11-26
179189,Ottoeight,数字「8」,,2012-11-26
179191,oscilloscope,示波器,,2012-11-26
179194,oscillograph,示波仪{限照相}；录波仪,,2012-11-26
179195,oscillogram,波形图,,2012-11-26
179198,oscillator,振荡器,,2012-11-26
179201,oscillation mode,振荡型式,,2012-11-26
179203,oscillation frequency,振荡频率,,2012-11-26
179206,oscillation constant,振荡常数,,2012-11-26
179210,oscillating tube,振荡管,,2012-11-26
179213,oscillating component,振荡成分,,2012-11-26
179214,Oscar,字母「O」,,2012-11-26
179216,originator,发信者,,2012-11-26
179218,option,任意；选择的自由,,2012-11-26
179219,optical,视觉的；光学的,,2012-11-26
179222,operator,[机械]操作员；司机；接线生；营运人,,2012-11-26
179227,operations control center; Operations Control Centre {= OCC},作业控制中心,,2012-11-26
179230,operational point,工作点,,2012-11-26
179232,operational amplifiers {= OPAMPS},运作放大器,,2012-11-26
179234,operating irregularity,工作障碍,,2012-11-26
179235,operating duty,运作,,2012-11-26
179238,operating distance,有效距离,,2012-11-26
179239,open-coil armature,开圈电枢,,2012-11-26
179241,open-circuit time constant,断路时间常数,,2012-11-26
179243,open-circuit system,断路制,,2012-11-26
179246,open-circuit,电断路,,2012-11-26
179247,open-circuit impedance,断路阻抗,,2012-11-26
179248,open wire line,架空明线,,2012-11-26
179252,open wire carrier telephony,明线载波电话,,2012-11-26
179254,open magnetic circuit,开式磁路,,2012-11-26
179256,open line; open wire; open-wiring,明线,,2012-11-26
179259,open fuse,敝露熔线,,2012-11-26
179262,open delta connection,开角连接,,2012-11-26
179264,open core type,开心型,,2012-11-26
179265,open channel,开式波道；开式频道,,2012-11-26
179270,open antenna,开路天线,,2012-11-26
179272,on-peak energy,峰值能量,,2012-11-26
179274,on-mike {microphone},发声{微音器},,2012-11-26
179275,on-load tap changer,有载换接器,,2012-11-26
179278,one-way trunk; one-way trunk line,单向中继线,,2012-11-26
179281,one-point wavemeter,定点波长计,,2012-11-26
179284,one-point pick-up,单点拾音器,,2012-11-26
179286,omnilbus telegraph system,综合电报制,,2012-11-26
179289,omnidirectional radio ranging,全向无线电测距,,2012-11-26
179292,omnidirectional antenna,多向天线；无方向天线,,2012-11-26
179293,omnidirectional,多向；无方向性的,,2012-11-26
179295,oil damping,油阻尼,,2012-11-26
179298,off-peak load,离峰[值]负载,,2012-11-26
179299,off-peak energy,离峰值能量,,2012-11-26
179302,off-path transmission,异常路径传输,,2012-11-26
179304,off-normal contact,离位触点,,2012-11-26
179306,off-normal,不平常,,2012-11-26
179308,off-mike {microphone},不发声,,2012-11-26
179311,odd harmonic,奇[数]谐波,,2012-11-26
179312,octal base; octal socket,八脚插座,,2012-11-26
179315,octal,八进位,,2012-11-26
179316,observation line,观察线；监听线,,2012-11-26
179319,obilque wave,倾斜波,,2012-11-26
179321,numeral pendent; numeral flag,数字旗,,2012-11-26
179323,numeral group,数字组,,2012-11-26
179326,null methode {zero method},消尽法{零位法},,2012-11-26
179328,no-voltage relay,无电压继电器,,2012-11-26
179331,Novenine,数字「9」,,2012-11-26
179333,November,字母「N」,,2012-11-26
179336,normal service condition,正常使用状态,,2012-11-26
179337,normal sensitivity,标准灵敏度,,2012-11-26
179340,normal induction,正常感应,,2012-11-26
179342,normal cathode fall,正常阴极降压,,2012-11-26
179344,no-reply call,无回答呼叫,,2012-11-26
179346,non-uniform electromagnetic field,不均匀电磁场,,2012-11-26
179350,non-resonating transform,非谐振变压器,,2012-11-26
179353,non-oscillatory discharge,不振荡放电,,2012-11-26
179354,non-oscillatory,不振荡的,,2012-11-26
179357,non-linear distortion,非直线性失真,,2012-11-26
179359,non-homing switch,不归位开关,,2012-11-26
179363,non-grounded system; non-grounded neutral system,非接地制,,2012-11-26
179365,non-directional,无方向性,,2012-11-26
179368,no-load test,无载试验,,2012-11-26
179369,no-load speed,无载速率,,2012-11-26
179372,no-load saturation curve,无载饱和曲线,,2012-11-26
179374,no-load characteristic curve,无载特性曲线,,2012-11-26
179375,noise suppressor,杂讯遏止器,,2012-11-26
179378,noise squelch,杂讯遮断器,,2012-11-26
179380,noise silencer,静音器,,2012-11-26
179384,noise resistance,杂讯电阻,,2012-11-26
179385,noise meter,杂音计,,2012-11-26
179387,noise limiter,杂讯限制器,,2012-11-26
179389,noise level,杂讯位准,,2012-11-26
179390,noise generator,杂讯产生器,,2012-11-26
179391,noise field intensity,杂讯电场强度,,2012-11-26
179395,noise factor; noise figure,杂讯指数,,2012-11-26
179397,noise,杂况；杂音,,2012-11-26
179399,neutral,中点；中线；中和,,2012-11-26
179403,network system,网路系统,,2012-11-26
179404,network of conductors,导体网路,,2012-11-26
179405,network,网路；网络；净功,,2012-11-26
179408,netagive phase relay,负相继电器,,2012-11-26
179410,net loss,净损失,,2012-11-26
179411,net efficiency,净效率,,2012-11-26
179412,net attenuation,净衰减量,,2012-11-26
179416,negative transmission,负调传输；底片传送,,2012-11-26
179419,negative temperature characteristic,负温度特性,,2012-11-26
179421,negative resistance,负电阻,,2012-11-26
179423,negative phase sequence component,负相序分量,,2012-11-26
179425,negative modulation,负调变,,2012-11-26
179428,negative glow,阴[极]电辉；负辉光,,2012-11-26
179429,negative feeder,负馈线,,2012-11-26
179431,negative feedback [= reverse feedback],负反馈；负回授,,2012-11-26
179433,negative booster,逆升压机,,2012-11-26
179436,negative bias,负偏压,,2012-11-26
179437,near-by frequency,近端频率,,2012-11-26
179438,near echo,近距回波,,2012-11-26
179440,natural oscillation,自然振荡,,2012-11-26
179442,natural mica,天然云母,,2012-11-26
179444,natural magnet,天然磁铁,,2012-11-26
179446,natural leakage,自然泄漏,,2012-11-26
179448,natural current,地电流；自然电流,,2012-11-26
179449,natural colored,天然色,,2012-11-26
179451,natural color television,天然彩色电视,,2012-11-26
179453,narrow-band frequency modulation,窄频带频率调变,,2012-11-26
179456,narrow-band filter,窄频带滤波器,,2012-11-26
179458,Nadazero,数字「0」,,2012-11-26
179460,mu-tuning {= μ-tuning},放大因数调谐,,2012-11-26
179463,mutual reactance,互电抗,,2012-11-26
179464,mutual radiation impedance,互辐射阻抗,,2012-11-26
179467,mutual conductance,互准,,2012-11-26
179468,mutual calibration,互校准,,2012-11-26
179472,musical sound; musical tone,乐音,,2012-11-26
179475,musical arc; singing arc,歌弧,,2012-11-26
179477,multi-vibrator,复阶振动器,,2012-11-26
179478,multi-step modulation,多极调变,,2012-11-26
179480,multi-stage amplifier,多级放大器,,2012-11-26
179483,multiplying factor,倍率；乘率,,2012-11-26
179485,multiply re-entrant winding,多重入绕组,,2012-11-26
179487,multiplex transmission,多工传输,,2012-11-26
179489,multiplex telegraphy,多工电报术,,2012-11-26
179493,multiplex communication,多工通讯,,2012-11-26
179494,multiple-wire system,复线制,,2012-11-26
179497,multiple-unit steerable antenna {= MUSA},复单元定向天线,,2012-11-26
179499,multiple-tuned antenna,复调谐天线,,2012-11-26
179502,multiple winding; multiplex winding,复绕,,2012-11-26
179504,multiple signal,复现信号,,2012-11-26
179507,multiple reflection echo,多次反射回波；多重反射回波,,2012-11-26
179509,Multiple modulation,复调变,,2012-11-26
179511,multiple connection,复式联接,,2012-11-26
179513,multiple action,复动作,,2012-11-26
179515,multi-path reflection,多径反射,,2012-11-26
179517,multi-path,复路径,,2012-11-26
179519,multi-frequency generator,复频[率]发电机,,2012-11-26
179520,multi-echo,多重回波,,2012-11-26
179523,multi-channel telegraphy,多波道电报术,,2012-11-26
179527,multi-channel,多路；多波道,,2012-11-26
179528,multi-band antenna,多波段天线,,2012-11-26
179529,M-scope,M型显示器,,2012-11-26
179533,moving-magnet galvanometer,动磁针型电流计,,2012-11-26
179534,moving-iron type,动铁片型,,2012-11-26
179537,moving-coil type ammeter,动圈[型]安培计,,2012-11-26
179540,moving-coil receiver,动圈耳机,,2012-11-26
179541,moving-coil microphone,动圈微音器,,2012-11-26
179542,moving-coil loudspeaker,动圈扬声器,,2012-11-26
179547,moving-coil galvanometer,动圈电流计,,2012-11-26
179549,moving target indication {= MTI},活动目标指示器；活动目标显示器{都卜勒雷达},,2012-11-26
179552,moving iron ammeter,转铁安培计,,2012-11-26
179554,moving contact,活动触点,,2012-11-26
179555,moving coil ammeter,动圈安培计；动圈电流表,,2012-11-26
179557,moving coil,动[线]圈,,2012-11-26
179559,movable contact,滑动触点,,2012-11-26
179562,mounting plate,装置板；座板,,2012-11-26
179563,motor load,电动机负载,,2012-11-26
179564,motor converter,电动换流机,,2012-11-26
179570,motor,电动机；马达,,2012-11-26
179572,motional wave-guide joint,可动导波管接合,,2012-11-26
179574,motional impedance,振动阻抗,,2012-11-26
179576,Morse symbols,莫斯符号,,2012-11-26
179578,Morse signal,莫斯信号,,2012-11-26
179580,Morse key,莫斯电键,,2012-11-26
179582,Morse inker; morse ink-writer,莫斯印码机,,2012-11-26
179584,Morse code,莫斯电码,,2012-11-26
179586,monthly load curve,每月负载曲线,,2012-11-26
179588,monochromatic television,单色电视,,2012-11-26
179590,monitoring device,监听装置,,2012-11-26
179592,monitoring amplifier,监听放大器,,2012-11-26
179594,monitor winding,监听绕组,,2012-11-26
179597,monitor station,监测台；监测站；稽查台,,2012-11-26
179599,monitor jack,监听插口；稽查插口,,2012-11-26
179602,monitor desk,监听台；监测台,,2012-11-26
179604,monaural hearing,单耳听觉,,2012-11-26
179607,momentary overload,瞬时过载；瞬间超载,,2012-11-26
179608,momentary load,瞬间负载,,2012-11-26
179611,molecular polarization,分子极化,,2012-11-26
179614,molecular conductivity,分子传导系数,,2012-11-26
179616,molded insulation,装模绝缘,,2012-11-26
179617,moisture-proof case,防湿套,,2012-11-26
179620,mogul base,巨大插座,,2012-11-26
179622,modulator,调变器；调幅器,,2012-11-26
179624,modulation product,调变积,,2012-11-26
179627,modulation noise,调变杂讯,,2012-11-26
179628,modulation meter,调变计,,2012-11-26
179630,modulation loss,调变损失,,2012-11-26
179632,modulation indicator,调变指示器,,2012-11-26
179634,modulation index,调变指数,,2012-11-26
179635,modulation generator,调变产生器,,2012-11-26
179640,modulation frequency ratio,调变频率比,,2012-11-26
179642,modulation frequency,调变频率,,2012-11-26
179644,modulation element,调变元件,,2012-11-26
179645,modulation distortion,调变失真,,2012-11-26
179648,modulation characteristic,调变特性,,2012-11-26
179650,modulating tube; modulation tube; modulator tube,调变管,,2012-11-26
179651,modulated wave,被调[变]波,,2012-11-26
179656,modulated amplifier {= MA},被调变放大器,,2012-11-26
179659,modular,模组化,,2012-11-26
179660,modified index,修正指数,,2012-11-26
179661,mode filter,滤型器,,2012-11-26
179663,mode chart,型式图表,,2012-11-26
179664,mode,型；波型,,2012-11-26
179667,mobility,机动性,,2012-11-26
179669,mobile substation,机动变电所；移动分台,,2012-11-26
179671,mobile station,机动电台,,2012-11-26
179672,mobile service,行动业务；机动业务,,2012-11-26
179674,mixer tube,混频管,,2012-11-26
179677,mixer,拌合机；混合机；混频机,,2012-11-26
179679,mixed reflection,混合反射,,2012-11-26
179682,mismatching,失配,,2012-11-26
179684,minimum working excitation,最小工作激磁,,2012-11-26
179686,minimum signal method,最小灵敏度法；最小信号法,,2012-11-26
179689,minimum running current,最小运作电流,,2012-11-26
179691,minimum detectable range,最小探测距离,,2012-11-26
179693,minimum capacity,最小电容量,,2012-11-26
179695,minimum antenna height,最低天线高度,,2012-11-26
179697,miniature tube,小型管；花生式管,,2012-11-26
179698,miniature transformer,小型变压器,,2012-11-26
179700,miniature switchboard,小型交换台,,2012-11-26
179703,miniature base,小型插座,,2012-11-26
179704,mill-type lamp,耐震电灯泡,,2012-11-26
179706,millimeter wire gauge,毫米线规,,2012-11-26
179709,mike stand,微音器架,,2012-11-26
179711,mike boom,微音器支柱,,2012-11-26
179712,Mike,字母「M」,,2012-11-26
179715,mid-coil impedance,半线圈阻抗,,2012-11-26
179717,microphone noise,微音器杂讯,,2012-11-26
179719,microphone button,微音器揿钮,,2012-11-26
179721,microphone [= mike],微音器；送话器；麦克风,,2012-11-26
179722,microgroove recording,微槽录音,,2012-11-26
179723,michophone hummer,微音器哼声,,2012-11-26
179727,mica splittings,电母分裂[片],,2012-11-26
179728,metric wire guage,米制线规,,2012-11-26
179730,metering system,计次制,,2012-11-26
179731,meter-gram resistivity,米克电阻系数,,2012-11-26
179733,meter wave,公尺波,,2012-11-26
179735,meter rate,计量价目{比值},,2012-11-26
179737,meter constant,计器常数,,2012-11-26
179739,meter bridge; slide wire bridge,滑线电桥,,2012-11-26
179741,meter,表计；公尺,,2012-11-26
179742,meteorological aids service,气象辅助业务,,2012-11-26
179744,metallic shield,金属护套,,2012-11-26
179746,metallic conduit,金属导管,,2012-11-26
179747,metallic circuit,金属电路,,2012-11-26
179748,metallic brush,金属刷,,2012-11-26
179752,metalized paper,金属化纸,,2012-11-26
179754,metalized graphite brush; metallic carbon brush,金属石墨刷,,2012-11-26
179756,metal-clad switch-gear; metal-enclosed switchgear,装甲开关设备,,2012-11-26
179758,metal tube; metal sealed tube,金属管{壳真空},,2012-11-26
179760,metal reflector; metallic reflector,金属反射器,,2012-11-26
179762,metal rectifier,金属整流器,,2012-11-26
179764,messenger wire,引缆索；靠拢索,,2012-11-26
179766,messenger call,传达呼唤,,2012-11-26
179767,message register,通话计,,2012-11-26
179769,message rate,计次价[目],,2012-11-26
179770,message,信文,,2012-11-26
179772,Mesny oscillator,梅尼振荡器,,2012-11-26
179773,mesh current,网目电流,,2012-11-26
179774,mercury-arc power converter,汞弧换流机,,2012-11-26
179778,mercury-arc lamp,汞弧灯,,2012-11-26
179781,memory tube,记忆管,,2012-11-26
179782,mercury switch interlock,自发锁,,2012-11-26
179783,mega {10Exp.6},百万{10的6次方},,2012-11-26
179785,medium signal eode,医疗代码,,2012-11-26
179786,medical advice,医疗指导,,2012-11-26
179790,mayday,求救语,,2012-11-26
179791,M-derived filter,M型导出滤波器,,2012-11-26
179795,master oscillator power amplifier {= MOPA},主振功率放大器,,2012-11-26
179797,master clock,主船钟,,2012-11-26
179798,mass resistivity,质量电阻系数,,2012-11-26
179799,marline galvanometer,船用电流计,,2012-11-26
179804,marker light,标识灯,,2012-11-26
179806,marker beacon; radio beacon,无线电信标,,2012-11-26
179808,marker,信标；标记者；筹码；罐盖打印机,,2012-11-26
179812,maritime rescue co-ordination centre {= MRCC},海上搜救协调中心,,2012-11-26
179813,maritime radio navigation service,海上无线电助航业务,,2012-11-26
179814,maritime mobile service,海上行动业务,,2012-11-26
179815,marine radar,船用雷达,,2012-11-26
179819,marine cable; submarine cable,海底电缆,,2012-11-26
179821,marginal relay,界限继电器,,2012-11-26
179823,marginal adjustment,界限调整,,2012-11-26
179825,Marconi beam antenna,马可尼定向天线,,2012-11-26
179826,Marconi antenna,马可尼天线,,2012-11-26
179828,man-made noise,人为杂讯,,2012-11-26
179830,manifolding,复写本；拷贝,,2012-11-26
179831,mandatory,强迫；强制,,2012-11-26
179833,management,管理,,2012-11-26
179834,malfunction,失灵；失效,,2012-11-26
179839,make and break,开闭；续与断,,2012-11-26
179840,maintenance cost,维护费,,2012-11-26
179843,main pole,主极,,2012-11-26
179845,main magnetic flux,主磁通,,2012-11-26
179847,main feeder,主馈线,,2012-11-26
179848,main circuit,干缆,,2012-11-26
179850,mail telegram,快邮代电,,2012-11-26
179852,mail order,邮购,,2012-11-26
179853,magnitude,光度；大小；量,,2012-11-26
179855,magnetron,磁控管,,2012-11-26
179858,magneto-striction oscillator,磁伸缩振荡器,,2012-11-26
179860,magneto-striction,磁伸缩,,2012-11-26
179862,magnetomotive force {= MMF},磁动势,,2012-11-26
179863,magnetograph,地磁记录器,,2012-11-26
179864,magneto; magneto generator,永磁发电机,,2012-11-26
179865,magneto bell,磁石电铃,,2012-11-26
179870,magnetizing force,磁化力,,2012-11-26
179872,magnetizing current,磁化电流,,2012-11-26
179875,magnetization curve,磁化曲线,,2012-11-26
179877,magnetization,磁化,,2012-11-26
179879,magnetism,磁；磁导；磁学,,2012-11-26
179881,magnetics,磁学,,2012-11-26
179883,magnetic wedge,磁[性]楔,,2012-11-26
179885,magnetic viscosity,磁黏性,,2012-11-26
179887,magnetic virgin state,磁性原态,,2012-11-26
179890,magnetic substance,磁性物料,,2012-11-26
179892,magnetic sound recording,磁性录音,,2012-11-26
179894,magnetic shunt,磁分路,,2012-11-26
179896,magnetic shell,磁壳,,2012-11-26
179900,magnetic screen; magnetic shield,磁屏,,2012-11-26
179903,magnetic saturation,磁[性]饱和,,2012-11-26
179905,magnetic repulsion,磁拒力,,2012-11-26
179906,magnetic reproducing head,阻性放音头,,2012-11-26
179907,magnetic reluctance; reluctance,磁阻,,2012-11-26
179910,magnetic recording wire,磁性录音钢条,,2012-11-26
179912,magnetic recording tape,磁性录音带,,2012-11-26
179915,magnetic recording reproducer,磁性录放器,,2012-11-26
179916,magnetic recording head,磁性录音头,,2012-11-26
179919,magnetic recorder,磁性录音机,,2012-11-26
179922,magnetic potential difference,磁位差,,2012-11-26
179923,magnetic potential,磁位,,2012-11-26
179925,magnetic polarity,磁极性,,2012-11-26
179928,magnetic path,磁路,,2012-11-26
179929,magnetic observatory,地磁观测所,,2012-11-26
179930,magnetic moment,磁[力]矩,,2012-11-26
179933,magnetic measurement,磁测量,,2012-11-26
179935,magnetic material,磁性材料,,2012-11-26
179937,magnetic loudspeaker,磁力扬声器,,2012-11-26
179939,magnetic loading,磁加感,,2012-11-26
179940,magnetic leakage coefficient,磁漏系数,,2012-11-26
179942,magnetic induction,磁感应,,2012-11-26
179943,magnetic hysteresis,磁滞,,2012-11-26
179944,magnetic focusing,磁聚焦,,2012-11-26
179948,magnetic flux density,磁通密度,,2012-11-26
179949,magnetic flux,磁通；磁流,,2012-11-26
179951,magnetic figure,磁力线图,,2012-11-26
179953,magnetic damping,磁阻尼,,2012-11-26
179954,magnetic current,磁流,,2012-11-26
179955,magnetic conductance; permeance,磁导,,2012-11-26
179956,magnetic clutch,磁性离合器,,2012-11-26
179960,magnetic circuit,磁[回]路,,2012-11-26
179961,magnetic charge,磁荷,,2012-11-26
179964,magnetic blow-out circuit breaker,磁性断路器,,2012-11-26
179968,magnetic blow,熄弧器,,2012-11-26
179970,magnetic biasing,磁偏[压],,2012-11-26
179972,magnetic axis,磁轴线,,2012-11-26
179973,magnetic attraction,磁吸引,,2012-11-26
179976,magnetic anisotropy,磁极异向性,,2012-11-26
179977,magnetic amplifier,磁性放大器,,2012-11-26
179978,magnetic alloy,磁[性]合金,,2012-11-26
179980,magnetic aging; magnetic ageing,磁性衰减,,2012-11-26
179981,magnet armature,磁石衔铁,,2012-11-26
179982,magnetic action,磁作用,,2012-11-26
179986,magnet,磁极；磁体,,2012-11-26
179989,magneitc map; magnetic chart,地磁图,,2012-11-26
179990,magaphone,传声器；扩音器,,2012-11-26
179991,Luxmeter,米烛光计,,2012-11-26
179992,lunar variation,月龄变化,,2012-11-26
179996,lumped loading,集总加感,,2012-11-26
179998,lumped inductance,集总电感,,2012-11-26
180000,lumped constant,集总常数,,2012-11-26
180001,lumped capacity,集总电容,,2012-11-26
180002,luminous standard,光度标准,,2012-11-26
180005,luminous radiation,光辐射,,2012-11-26
180006,L-scope,L型显示器,,2012-11-26
180008,low-tension winding,低压绕组,,2012-11-26
180010,low-tension side,低压端,,2012-11-26
180012,low-tension circuit,低压回路；低压电路,,2012-11-26
180015,low-tension arc,低压电弧,,2012-11-26
180018,low-potential metal,低电位金属,,2012-11-26
180019,low-pass filter,低通滤波器,,2012-11-26
180021,low-frequency loarn,低频罗远,,2012-11-26
180024,low-frequency amplifier,低频放大器,,2012-11-26
180026,lowest useful high frequency {= LUF},最低可用高频[率],,2012-11-26
180029,lower side-band,下旁边带；低旁边带,,2012-11-26
180032,low limit of hearing,最低听觉极限,,2012-11-26
180033,low frequency,低频[率],,2012-11-26
180035,low energy relay,低电能继电器,,2012-11-26
180037,loudspeaker; speaker,扬声器,,2012-11-26
180038,loudness level,响度位准,,2012-11-26
180040,loudness,响度,,2012-11-26
180041,lost call,遗漏呼叫,,2012-11-26
180044,loss factor,耗损因数,,2012-11-26
180045,loss,损失[赔款]；耗损,,2012-11-26
180047,Loran system,罗远系统,,2012-11-26
180050,Loran receiver,罗远接收机,,2012-11-26
180052,Loran network,罗远网路{终},,2012-11-26
180054,Loran indicator,罗远指示器,,2012-11-26
180055,Loran chart,罗远[海]图,,2012-11-26
180056,loose contact,松接触,,2012-11-26
180058,loop test,回路试验,,2012-11-26
180060,loop resistance,环路电阻,,2012-11-26
180062,loop line,环形线路,,2012-11-26
180064,loop impulse,环路脉冲,,2012-11-26
180067,loop galvanometer,环形检电器；环形电流计,,2012-11-26
180068,loop dialing,环路拨号,,2012-11-26
180071,loop coupling,环耦合,,2012-11-26
180073,loop antenna,环形天线,,2012-11-26
180075,loop,环；[波]腹；回线路,,2012-11-26
180077,long-line effect,长[馈电]线效应,,2012-11-26
180079,longitudinal wave,纵波,,2012-11-26
180081,long span,长跨距,,2012-11-26
180082,long play record {= LP record},长放唱片,,2012-11-26
180084,locking coil,锁定线卷,,2012-11-26
180087,locking circuit,锁定电路,,2012-11-26
180088,localizer,勘测者；定位标杆,,2012-11-26
180091,local signal code,当地信号代码,,2012-11-26
180092,local resonance,局部谐振,,2012-11-26
180095,local oscillator,本地振荡器,,2012-11-26
180098,local oscillation,本地振荡,,2012-11-26
180101,local feedback {= LFB},局部反馈；局部回授,,2012-11-26
180102,load-ratio control transformer,负载比[电压]调压器,,2012-11-26
180105,load-ratio adjuster,负载[电压]调整器,,2012-11-26
180107,loading-back method,反复负载法,,2012-11-26
180108,loading section,加感区间,,2012-11-26
180109,loading point,加感点；装载站,,2012-11-26
180113,loading man-hole,加感人孔,,2012-11-26
180114,loading hat,加感帽,,2012-11-26
180117,loading current,超前电流,,2012-11-26
180119,loading coil pot,加感线圈箱,,2012-11-26
180120,loading coil,加感线圈,,2012-11-26
180122,loaded Q,负载Q值,,2012-11-26
180124,loaded circuit,加感电路；加感回路,,2012-11-26
180126,loaded cable,加感电缆,,2012-11-26
180129,loaded antenna,加感天线,,2012-11-26
180132,load saturation curve,负载饱和曲线,,2012-11-26
180134,load loss,负载损失,,2012-11-26
180135,load duration curve,负载持续曲线,,2012-11-26
180138,load characteristic curve,负载特性曲线,,2012-11-26
180139,load center,负载中心,,2012-11-26
180140,live line,活线,,2012-11-26
180144,Litz wire; Litzendraft,利兹线,,2012-11-26
180145,listerer's echo,收听者回声,,2012-11-26
180147,listening key,听唤键,,2012-11-26
180148,listener,收听者,,2012-11-26
180150,link transmitter,中继发射机,,2012-11-26
180152,link receiver,中继接收机,,2012-11-26
180154,link fuse,链熔线,,2012-11-26
180157,line-start motor,线路起动电动机,,2012-11-26
180158,line-of-sight distance,视线距离,,2012-11-26
180161,line-of-sight coverage,视线范围,,2012-11-26
180164,lineman's detector,线工[携带]检测器,,2012-11-26
180166,linearity,直线性,,2012-11-26
180167,linear sweep,线式拂掠,,2012-11-26
180169,linear scanning,线性扫描,,2012-11-26
180172,linear modulation,线性调变,,2012-11-26
180173,linear distortion,线性失真,,2012-11-26
180176,linear detection,直线性检波,,2012-11-26
180178,linear characteristic,线性特性,,2012-11-26
180181,linear amplification,直线性放大,,2012-11-26
180182,line wiper,线帚,,2012-11-26
180184,line width,扫描线幅,,2012-11-26
180185,line type pulser,线式脉冲器,,2012-11-26
180187,line transformer,馈线变压器,,2012-11-26
180189,line terminal equipment,线终端设备,,2012-11-26
180191,line synchronization,线同步,,2012-11-26
180193,line operator,长途台话务员,,2012-11-26
180196,line of position {= lop}; position line,位置线,,2012-11-26
180198,line of magnetization,磁化线,,2012-11-26
180199,line of magnetic induction,磁感应线,,2012-11-26
180200,line loss,线路损失,,2012-11-26
180202,line location,线路勘定,,2012-11-26
180203,line hardware,架线五金,,2012-11-26
180208,line frequency,线频率；电源频率；行频率,,2012-11-26
180211,line filter,线路滤波器,,2012-11-26
180213,line feed,线条供应；换行,,2012-11-26
180214,line drop,线路压降,,2012-11-26
180215,line constant,线路常数,,2012-11-26
180219,line bank,线触排,,2012-11-26
180220,line amplifier,线路放大器,,2012-11-26
180224,lind line,链线；中间线,,2012-11-26
180226,limiting amplifier,限幅放大器,,2012-11-26
180228,limit of proportionality,比例限度,,2012-11-26
180230,Lima,字母「L」,,2012-11-26
180232,lights; line lamp,号灯,,2012-11-26
180237,light-load compensation,轻载补偿,,2012-11-26
180239,light-load adjustment,轻载调整,,2012-11-26
180242,light-load [= light loading],轻载；轻加感,,2012-11-26
180243,lighting fixture,照明器具,,2012-11-26
180245,lighting equipment,照明设备,,2012-11-26
180248,lighting circuit,照明电路,,2012-11-26
180250,light source; luminous source,光源,,2012-11-26
180252,light filter; optical filter,滤光器,,2012-11-26
180256,light emitting diode {= LED},发光二极体,,2012-11-26
180258,light dimmer,光制器,,2012-11-26
180260,light chopper,截光器,,2012-11-26
180262,light beam,光柱；光束,,2012-11-26
180264,light activated SCR {= LASCR},光动矽控整流器,,2012-11-26
180266,life test,使用期试验,,2012-11-26
180268,life saving signal,救生信号,,2012-11-26
180269,lever man,号志员,,2012-11-26
180272,lever,杠杆,,2012-11-26
180275,level recorder,位准记录器,,2012-11-26
180277,level indicator,水位指示器；液面计,,2012-11-26
180278,level diagram,阶层图；位准图,,2012-11-26
180280,level crossing,平面交叉,,2012-11-26
180282,level,阶层；位准,,2012-11-26
180283,leaving signal,出发信号,,2012-11-26
180285,leakge coefficient,漏磁系数,,2012-11-26
180288,leakance,电漏,,2012-11-26
180289,leakage transformer,漏磁变压器,,2012-11-26
180291,leakage reactance,漏电抗,,2012-11-26
180293,leakage loss,漏电损失,,2012-11-26
180294,leakage inductance,漏[电]感,,2012-11-26
180296,leakage flux,漏磁通,,2012-11-26
180298,leakage current,漏电流,,2012-11-26
180300,leak resistance,漏[电]阻,,2012-11-26
180301,leak [= leakage; leaking; lkge.],泄漏；泄电；漏电,,2012-11-26
180303,leading-in tube,引入管,,2012-11-26
180304,leading-in pole,引入杆,,2012-11-26
180307,leading-in box,引线箱,,2012-11-26
180309,lead-in wire; lead wire; leading-in wire; leading wire,引入线,,2012-11-26
180311,lead-in insulator,引入绝缘子,,2012-11-26
180312,lead-in inductance,引入线电感,,2012-11-26
180314,lead-in cable,引入电缆,,2012-11-26
180317,lead-in,引入；引线,,2012-11-26
180318,lead storage battery; lead accumulator,铅蓄电池,,2012-11-26
180320,lead sleeve,铅套管,,2012-11-26
180321,lead sheath,铅包护套,,2012-11-26
180323,lead inductance,导线电感,,2012-11-26
180324,laying,布置；铺设,,2012-11-26
180326,layer-built cell,积层电池,,2012-11-26
180328,law of equal ampereturns,等安匝定律,,2012-11-26
180329,lattice,格子,,2012-11-26
180330,lattice-type filter,格子[形]滤波器,,2012-11-26
180332,latitude effect,纬度效应,,2012-11-26
180334,laser [= optical maser],雷射；激光,,2012-11-26
180335,laser beam,雷射波束,,2012-11-26
180337,laryngophone; throat microphone,喉头微音器,,2012-11-26
180339,lapel microphone,襟挂微音器,,2012-11-26
180340,lap winding,搭叠绕组,,2012-11-26
180344,L-antenna; L-type antenna,L形天线,,2012-11-26
180345,land station,陆上[电]台,,2012-11-26
180348,land mobile station,陆上行动电台,,2012-11-26
180349,land mobile service,陆上行动业务,,2012-11-26
180352,land line,陆线,,2012-11-26
180355,laminated insulation,叠片绝缘,,2012-11-26
180358,laminated core,叠片铁芯,,2012-11-26
180360,laminated brush switch,叠片电刷开关,,2012-11-26
180361,lagging current,滞后电流,,2012-11-26
180363,ladder-type filter,梯型滤波器,,2012-11-26
180364,ladder network,梯形网路,,2012-11-26
180367,lacquered cable,漆包缆,,2012-11-26
180369,K-scope,K型显示器,,2012-11-26
180371,knob,旋钮,,2012-11-26
180373,knife-shaped pointer,刀型指针,,2012-11-26
180376,klystron; velocity modulated tube,调速管,,2012-11-26
180377,kilovar,千乏,,2012-11-26
180379,kilometer wave; kilometric waves,千公尺波,,2012-11-26
180381,Kilo,字母「K」,,2012-11-26
180382,kick transformer,反冲变压器,,2012-11-26
180384,kick circuit,反冲电路,,2012-11-26
180385,keystone distortion,梯形失真,,2012-11-26
180388,keyless ringing,无键振铃,,2012-11-26
180389,keying signal,按键信号,,2012-11-26
180390,keying circuit,按键电路,,2012-11-26
180391,keying,按键；发报,,2012-11-26
180394,keyer,电码机,,2012-11-26
180396,keyboard transmitter,键盘发送机,,2012-11-26
180398,keyboard perforator,键盘凿孔机,,2012-11-26
180399,keyboard,键盘,,2012-11-26
180400,key word,关键字,,2012-11-26
180401,key station,主站,,2012-11-26
180403,key sender,电键发送器,,2012-11-26
180405,key ended trunk; key ended trunk line,电键末端中继线,,2012-11-26
180406,key,电键,,2012-11-26
180408,Kerr effect,刻耳效应,,2012-11-26
180409,Kerr constant,刻耳常数,,2012-11-26
180410,Kennelly-Hoaviside,凯氏与海氏电离层,,2012-11-26
180414,keep watch,守听,,2012-11-26
180415,Kartefour,数字「4」,,2012-11-26
180416,junction circuit,连结电路,,2012-11-26
180419,junction box,接线盒,,2012-11-26
180420,junction call,区间呼叫,,2012-11-26
180424,junction,接合；接头；中继线,,2012-11-26
180426,jumping relay,跳越继电器,,2012-11-26
180429,jumper wire,跨接线,,2012-11-26
180431,Juliett,字母「J」,,2012-11-26
180433,J-scope,J型显示器{雷达},,2012-11-26
180437,joint trunk position,接合中继位置,,2012-11-26
180440,joint box,接合箱,,2012-11-26
180441,Johnson effect,强生效应,,2012-11-26
180444,J-antenna; J-type antenna,J形天线,,2012-11-26
180446,jack panel,插口板,,2012-11-26
180450,jack box,插口盒,,2012-11-26
180451,jack board,插口板；插座板,,2012-11-26
180455,iterative impedance,累接阻抗；复接阻抗,,2012-11-26
180457,isotropic antenna,等向天线；均向天线,,2012-11-26
180458,isotropic,等向的；均向的,,2012-11-26
180460,isophonic contour,等声曲线,,2012-11-26
