ID,英文名稱,中文名稱,圖片,更新日期
3448240,(actinic) erythema,红斑(紫外放射光),,2018-03-21
3448241,(hemispherical)emissivity (of a thermal radiator),(半球)放射率,,2018-03-21
3448242,(lamp)connector,灯连接器,,2018-03-21
3448243,(luminescence) emission spectrum,(冷光)放射光谱,,2018-03-21
3448244,(psychophysical) colour,色，色彩,,2018-03-21
3448245,(radiation) thermocouple,(辐射测定用)热电偶,,2018-03-21
3448246,(radiation) thermopile,(辐射测定用)热电器，温差电器,,2018-03-21
3448247,(total) luminous flux standard lamp,总光束标准灯泡,,2018-03-21
3448248,(traffic) bollard,(交通)障碍物标识,,2018-03-21
3448249,(von Kries') persistence law,等色不变定律,,2018-03-21
3448250,a data interchange system (ADIS),数据交换系统,,2018-03-21
3448251,a hardware programming language (AHPL),硬体程式设计语言,,2018-03-21
3448252,A key,A键(电报),,2018-03-21
3448253,A operator,A值班员，A调度员,,2018-03-21
3448254,a portfolio bid,资产组合式标单,,2018-03-21
3448255,a posterior error bounds,后验误差界限,,2018-03-21
3448256,a posterior estimate,后验估计,,2018-03-21
3448257,a posteriori entropy,后定熵,,2018-03-21
3448258,a posteriori probability,后验机率,,2018-03-21
3448259,A power supply,A电源,,2018-03-21
3448260,a priori distribution,先验分布，事前分布,,2018-03-21
3448261,a priori entropy,前定熵,,2018-03-21
3448262,a priori estimate,先验估计，事前估计,,2018-03-21
3448263,a priori information,先验资讯,,2018-03-21
3448264,a priori phase,先验相，演绎相,,2018-03-21
3448265,a priori probability,先验机率,,2018-03-21
3448266,a programming language (APL),APL程式设计语言,,2018-03-21
3448267,A scope,A示波器，A扫瞄器,,2018-03-21
3448268,"A, a",三相系统的第一相,,2018-03-21
3448269,A-amplifier,A放大器,,2018-03-21
3448270,A-AND-NOT-B gate,A及非B闸,,2018-03-21
3448271,A-B toll system,A-B长途系统,,2018-03-21
3448272,A-B toll trunk,A-B长途中继线,,2018-03-21
3448273,A-band,A波段，A频带,,2018-03-21
3448274,A-battery,A电池，灯丝电池,,2018-03-21
3448275,A-class insulation,A级绝缘 (耐温105℃),,2018-03-21
3448276,A-digit selector,第一数位选择器，A字选择器,,2018-03-21
3448277,A-display,A显示器,,2018-03-21
3448278,A-EXCEPT-B gate,A与非B闸,,2018-03-21
3448279,A-frame,Ａ框架,,2018-03-21
3448280,A-IGNORE-B gate,与B无关的A闸,,2018-03-21
3448281,A-IMPLIES-B gate,A蕴含B闸,,2018-03-21
3448282,A-OR-NOT-B gate,A或非B闸,,2018-03-21
3448283,A-permutation,A排列,,2018-03-21
3448284,A-pole,A杆,,2018-03-21
3448285,A-position,A台，发话台,,2018-03-21
3448286,A-position key sending,A端键控发送,,2018-03-21
3448287,A-power,原子能，核能,,2018-03-21
3448288,A-register,A暂存器，运算暂存器,,2018-03-21
3448289,A-scan,A扫瞄,,2018-03-21
3448290,A-shaped pole,Ａ形杆,,2018-03-21
3448291,A-stage resin,A阶树脂，可熔阶段树脂,,2018-03-21
3448292,A-switchboard,A配电盘，A交换台,,2018-03-21
3448293,A-type facsimile,A型传真,,2018-03-21
3448294,A-wire,A线(电话)，正线，位址线(计算机的),,2018-03-21
3448295,A/D converter,类比/数位转换器,,2018-03-21
3448296,A/R scope,A/R示波器,,2018-03-21
3448297,ab-ampere,绝对安培，电磁制安培,,2018-03-21
3448298,ab-coulomb,绝对库仑，电磁制库仑,,2018-03-21
3448299,ab-farad,绝对法拉，电磁制法拉,,2018-03-21
3448300,ab-ohm,绝对欧姆，电磁制欧姆,,2018-03-21
3448301,ab-volt,绝对伏特，电磁制伏特,,2018-03-21
3448302,abacus,算盘,,2018-03-21
3448303,abbertite,黑沥青,,2018-03-21
3448304,abbreviated call letters,简缩呼号,,2018-03-21
3448305,abbreviated equation,简化方程,,2018-03-21
3448306,abbreviated signal code,缩写讯号码,,2018-03-21
3448307,abbreviation,缩写,,2018-03-21
3448308,abelian group,阿贝耳群，交换群,,2018-03-21
3448309,aberration,像差，色差，偏差，光行差,,2018-03-21
3448310,aberration curve,像差曲线,,2018-03-21
3448311,abhenry,电磁制亨利，绝对亨利,,2018-03-21
3448312,abietic resin,松香树脂,,2018-03-21
3448313,abietin,松香脂,,2018-03-21
3448314,abjoule,电磁制焦耳，绝对焦耳,,2018-03-21
3448315,Able,通信中用以代表字母A的词,,2018-03-21
3448316,abmho,电磁制姆欧，绝对姆欧,,2018-03-21
3448317,Abney level,测角仪,,2018-03-21
3448318,abnormal bridging,异常桥接,,2018-03-21
3448319,abnormal cathode fall,异常阴极降落,,2018-03-21
3448320,abnormal condition,异常状态， 异常情况,,2018-03-21
3448321,abnormal current,异常电流,,2018-03-21
3448322,abnormal end,异常结束,,2018-03-21
3448323,abnormal glow discharge,异常辉光放电,,2018-03-21
3448324,abnormal heating,异常发热,,2018-03-21
3448325,abnormal overload,异常过载,,2018-03-21
3448326,abnormal overvoltage,异常过电压,,2018-03-21
3448327,abnormal polarization,异常极化,,2018-03-21
3448328,abnormal refraction,异常折射,,2018-03-21
3448329,abnormal stress,异常应力,,2018-03-21
3448330,abnormal voltage,异常电压,,2018-03-21
3448331,abonement,电话用户,,2018-03-21
3448332,abort,故障，中断，异常中止,,2018-03-21
3448333,abort light,故障信号灯,,2018-03-21
3448334,above earth potential,地电位以上,,2018-03-21
3448335,above ground,地表以上,,2018-03-21
3448336,above-critical state,超临界状态,,2018-03-21
3448337,above-thermal neutron,超热中子,,2018-03-21
3448338,abrader,磨损试验机,,2018-03-21
3448339,abrasion,磨耗，磨损,,2018-03-21
3448340,abrasion index,磨耗强度，磨耗指数,,2018-03-21
3448341,abrasion resistance,磨耗指数，磨耗强度,,2018-03-21
3448342,abrasion strength,磨耗指数，磨耗强度,,2018-03-21
3448343,abrasion test,磨损试验,,2018-03-21
3448344,abrasion testing machine,磨损试验机,,2018-03-21
3448345,abrasion-resistant brush,耐磨电刷,,2018-03-21
3448346,abrasive,磨料，研磨剂,,2018-03-21
3448347,abrasive blasting,喷砂法,,2018-03-21
3448348,abrasive cloth,砂布,,2018-03-21
3448349,abrasive disk,研磨盘，砂轮,,2018-03-21
3448350,abrasive paper,砂纸,,2018-03-21
3448351,abrasive resistance,耐磨力，耐磨度,,2018-03-21
3448352,abrasive surface,磨损面,,2018-03-21
3448353,abrasive wear,磨蚀，磨损,,2018-03-21
3448354,abrasive wheel,砂轮，磨轮,,2018-03-21
3448355,abrasive wheel cutting-off machine,砂轮切割机,,2018-03-21
3448356,abrupt change of voltage,电压突变,,2018-03-21
3448357,abrupt curve,陡曲线，急弯曲线,,2018-03-21
3448358,abrupt junction,陡接面,,2018-03-21
3448359,abruption,裂断，中断，断路,,2018-03-21
3448360,abscissa,横座标，横标,,2018-03-21
3448361,abscissa axis,横座标轴,,2018-03-21
3448362,abscissa of convergence,收歛横坐标,,2018-03-21
3448363,absence of brush,无[碳]刷,,2018-03-21
3448364,absence of collector,无集电环,,2018-03-21
3448365,absence of commutator,无换向器，无整流子,,2018-03-21
3448366,absence of offset,无偏置，零偏移,,2018-03-21
3448367,absence of restriction,无约束，无限制,,2018-03-21
3448368,absolute accuracy,绝对准确度,,2018-03-21
3448369,absolute address,绝对位址,,2018-03-21
3448370,absolute altitude,绝对高度，标高，海拔,,2018-03-21
3448371,absolute ampere,电磁制安培，绝对安培,,2018-03-21
3448372,absolute atmosphere,绝对大气压,,2018-03-21
3448373,absolute atomic weight,绝对原子量,,2018-03-21
3448374,absolute block,绝对闭锁，绝对闭塞,,2018-03-21
3448375,absolute block signal,绝对闭锁信号，绝对闭塞信号,,2018-03-21
3448376,absolute block system,绝对闭锁系统，绝对闭塞系统,,2018-03-21
3448377,absolute brightness,绝对亮度,,2018-03-21
3448378,absolute calibration,绝对校正， 绝对校准,,2018-03-21
3448379,absolute capacitivity,绝对电容率,,2018-03-21
3448380,absolute capacity,绝对容量，绝对电容量,,2018-03-21
3448381,absolute code,绝对码,,2018-03-21
3448382,absolute convergence,绝对收歛,,2018-03-21
3448383,absolute current balance,绝对电流平衡,,2018-03-21
3448384,absolute current level,绝对电流位准,,2018-03-21
3448385,absolute damping,绝对阻尼,,2018-03-21
3448386,absolute density,绝对密度,,2018-03-21
3448387,absolute deviation,绝对偏差,,2018-03-21
3448388,absolute dielectric constant,绝对介电常数,,2018-03-21
3448389,absolute displacement,绝对位移,,2018-03-21
3448390,absolute efficiency,绝对效率,,2018-03-21
3448391,absolute electrical units,绝对电气单位,,2018-03-21
3448392,absolute electrodynamometer,绝对电测力计,,2018-03-21
3448393,absolute electromagneitc unit,绝对电磁单位,,2018-03-21
3448394,absolute electromagnetic system,绝对电磁系统,,2018-03-21
3448395,absolute electrometer,绝对静电计,,2018-03-21
3448396,absolute electrostatic system,绝对静电系统,,2018-03-21
3448397,absolute electrostatic unit,绝对静电单位,,2018-03-21
3448398,absolute elevation,绝对高程，标高，海拔,,2018-03-21
3448399,absolute elongation,绝对伸长,,2018-03-21
3448400,absolute error,绝对误差,,2018-03-21
3448401,absolute expansion,绝对膨胀,,2018-03-21
3448402,absolute extension,绝对延伸,,2018-03-21
3448403,absolute farad,绝对法拉,,2018-03-21
3448404,absolute gain of antenna,天线绝对增益,,2018-03-21
3448405,absolute galvanometer,绝对检流计,,2018-03-21
3448406,absolute gauge,绝对线规，绝对量器,,2018-03-21
3448407,absolute height,绝对高度,,2018-03-21
3448408,absolute henry,绝对亨利,,2018-03-21
3448409,absolute humidity,绝对湿度,,2018-03-21
3448410,absolute instruction,绝对指令,,2018-03-21
3448411,absolute language,机器语言，绝对语言,,2018-03-21
3448412,absolute level,绝对位准,,2018-03-21
3448413,absolute magnetic permeability,绝对导磁系数，绝对导磁率,,2018-03-21
3448414,absolute manometer,绝对压力表,,2018-03-21
3448415,absolute measurement,绝对量测,,2018-03-21
3448416,absolute moisture content,绝对湿气含量,,2018-03-21
3448417,absolute ohm,绝对欧姆,,2018-03-21
3448418,absolute permeability,绝对导磁率，绝对导磁系数,,2018-03-21
3448419,absolute permissive block system,绝对容许闭锁系统， 绝对容许闭塞系统,,2018-03-21
3448420,absolute permitivity,绝对介电常数,,2018-03-21
3448421,absolute pitch,绝对音调,,2018-03-21
3448422,absolute potential,绝对电位,,2018-03-21
3448423,absolute power level,绝对功率位准,,2018-03-21
3448424,absolute pressure,绝对压力,,2018-03-21
3448425,absolute programming,绝对程式设计,,2018-03-21
3448426,absolute sensitivity,绝对灵敏度,,2018-03-21
3448427,absolute speed rise,绝对升速，绝对增速,,2018-03-21
3448428,absolute stability,绝对稳定度，绝对稳定性,,2018-03-21
3448429,absolute system of electrical unit,绝对电气单位制,,2018-03-21
3448430,absolute temperature,绝对温度,,2018-03-21
3448431,absolute thermal detector,绝对热检测器,,2018-03-21
3448432,absolute transmission level,绝对传输位准,,2018-03-21
3448433,absolute unit,绝对单位,,2018-03-21
3448434,absolute unit of current,绝对电流单位,,2018-03-21
3448435,absolute unit system,绝对单位制,,2018-03-21
3448436,absolute value,绝对值,,2018-03-21
3448437,absolute velocity,绝对速度,,2018-03-21
3448438,absolute volt,绝对伏特,,2018-03-21
3448439,absolute voltage level,绝对电压位准,,2018-03-21
3448440,absolute watt,绝对瓦特,,2018-03-21
3448441,absolute wave meter,绝对波长表，绝对波频计,,2018-03-21
3448442,absolute zero,绝对零,,2018-03-21
3448443,absorbability,吸收能力，可吸收性,,2018-03-21
3448444,absorbate,(被)吸收物,,2018-03-21
3448445,absorbed energy,吸收能,,2018-03-21
3448446,absorbed heat,(被)吸收热，被利用的热,,2018-03-21
3448447,absorbed layer,被吸收层,,2018-03-21
3448448,absorbed radiation,吸收辐射,,2018-03-21
3448449,absorbent,吸收剂，吸收体，吸收质,,2018-03-21
3448450,absorbent carbon,活性碳,,2018-03-21
3448451,absorbent insulation,吸收绝缘，海绵状绝缘,,2018-03-21
3448452,absorbent material,吸收性材质,,2018-03-21
3448453,absorbent power,吸收能力,,2018-03-21
3448454,absorber,吸收器，吸收面,,2018-03-21
3448455,absorber keying,吸收发报，吸收按键,,2018-03-21
3448456,absorbing capacity,吸收能力，吸收容量,,2018-03-21
3448457,absorbing circuit,吸收电路,,2018-03-21
3448458,absorbing gas,吸收气体,,2018-03-21
3448459,absorbing load,吸收负载,,2018-03-21
3448460,absorbing material,吸收物，吸收材料,,2018-03-21
3448461,absorbing medium,吸收媒体,,2018-03-21
3448462,absorbing power,吸收力,,2018-03-21
3448463,absorbing rod,吸收棒,,2018-03-21
3448464,absorbing wedge,吸收光劈,,2018-03-21
3448465,absorptance,吸收率，吸收比,,2018-03-21
3448466,absorptiometer,吸收计，液体吸气计,,2018-03-21
3448467,absorptiometry,吸收测量学,,2018-03-21
3448468,absorption,吸收,,2018-03-21
3448469,absorption band,吸收带,,2018-03-21
3448470,absorption capacitor,吸收电容器,,2018-03-21
3448471,absorption capacity,吸收能力，吸收电容(消弧用的),,2018-03-21
3448472,absorption cell,吸吸匣，吸收池,,2018-03-21
3448473,absorption coefficient,吸收系数,,2018-03-21
3448474,absorption constant,吸收常数,,2018-03-21
3448475,absorption control,吸收控制,,2018-03-21
3448476,absorption cross section,吸收截面,,2018-03-21
3448477,absorption current,吸收电流,,2018-03-21
3448478,absorption curve,吸收曲线,,2018-03-21
3448479,absorption damper,减振器，消音器,,2018-03-21
3448480,absorption dip,吸收下降,,2018-03-21
3448481,absorption discontinuity,吸收不连续性,,2018-03-21
3448482,absorption dynamometer,吸收动力计,,2018-03-21
3448483,absorption effect,吸收效应,,2018-03-21
3448484,absorption extraction,吸收萃取，吸收撷取,,2018-03-21
3448485,absorption factor,吸收因数,,2018-03-21
3448486,absorption fading,吸收衰褪,,2018-03-21
3448487,absorption frequency meter,吸收式频率计,,2018-03-21
3448488,absorption index,吸收指数，吸收指标,,2018-03-21
3448489,absorption inductor,吸收电感线圈,,2018-03-21
3448490,absorption loss,吸收损失，吸收损耗,,2018-03-21
3448491,absorption machine,吸收机,,2018-03-21
3448492,absorption meter,吸收计,,2018-03-21
3448493,absorption modulation,吸收调变,,2018-03-21
3448494,absorption of shocks,缓冲，减震，冲击[波]的吸收,,2018-03-21
3448495,absorption of vibration,减振，振动之吸收,,2018-03-21
3448496,absorption paper,吸水纸,,2018-03-21
3448497,absorption power,吸收能力，吸收功率,,2018-03-21
3448498,absorption ratio,吸收比,,2018-03-21
3448499,absorption refrigerating machine,吸收冷冻机,,2018-03-21
3448500,absorption region,吸收区，吸收范围,,2018-03-21
3448501,absorption resonance,吸收共振,,2018-03-21
3448502,absorption spectrometer,吸收频谱仪，吸收光谱仪,,2018-03-21
3448503,absorption spectrum,吸收频谱，吸收光谱,,2018-03-21
3448504,absorption strength,吸收强度,,2018-03-21
3448505,absorption test,吸收试验,,2018-03-21
3448506,absorption thickness,吸收厚度,,2018-03-21
3448507,absorption wave-meter,吸收式波长计,,2018-03-21
3448508,absorption wave-trap,吸收陷波电路,,2018-03-21
3448509,absorption-controlled reactor,吸收控制的反应器,,2018-03-21
3448510,absorptive,吸收的,,2018-03-21
3448511,absorptive attenuator,吸收[性]衰减,,2018-03-21
3448512,absorptive power,吸收功率，吸收能力,,2018-03-21
3448513,absorptive transition,吸收转换,,2018-03-21
3448514,absorptivity,吸收率，吸收力，吸收性,,2018-03-21
3448515,abstract,摘要，抽象,,2018-03-21
3448516,abstract code,抽象代码，理想码,,2018-03-21
3448517,abstract machine,抽象机，抽取机,,2018-03-21
3448518,abstract model,抽象模型,,2018-03-21
3448519,abstract object,抽象目标,,2018-03-21
3448520,abstraction,提取，分离，抽象化,,2018-03-21
3448521,abunits,厘米-克-秒制电磁单位,,2018-03-21
3448522,abutment,连接，相接，支座，支墩,,2018-03-21
3448523,abutment joint,对接缝，对抵接头，对接,,2018-03-21
3448524,abutment pole,中缩磁极(中间截面小的磁极),,2018-03-21
3448525,abutting ends,相邻线端,,2018-03-21
3448526,AC ammeter,交流安培计,,2018-03-21
3448527,AC arc-welder,交流弧焊机，交流电焊机,,2018-03-21
3448528,AC balancer,交流电压平衡装置,,2018-03-21
3448529,AC bridge,交流电桥,,2018-03-21
3448530,AC bridge circuit,交流桥式电路,,2018-03-21
3448531,AC circuit,交流电路,,2018-03-21
3448532,AC circuit breaker,交流断路器,,2018-03-21
3448533,AC commutator machine,交流换向器式电机,,2018-03-21
3448534,AC commutator motor,交流换向器式电动机,,2018-03-21
3448535,AC commutator type exciter,交流换向器式励磁机,,2018-03-21
3448536,AC commutatorless and brushless motor,交流无换向器无刷电动机,,2018-03-21
3448537,AC component,交流分量,,2018-03-21
3448538,AC controller,交流控制器,,2018-03-21
3448539,AC current transformer,交流比流器,,2018-03-21
3448540,AC dial,交流拨号盘,,2018-03-21
3448541,AC dialing,交流拨号,,2018-03-21
3448542,AC distribution system,交流配电系统,,2018-03-21
3448543,AC dynamo,交流(发)电机,,2018-03-21
3448544,AC earth relay,交流接地电驿,,2018-03-21
3448545,AC electromagnet,交流电磁铁,,2018-03-21
3448546,AC excitation,交流励磁，交流激磁,,2018-03-21
3448547,AC exciter,交流励磁机，交流激磁机,,2018-03-21
3448548,AC filter,交流滤波器,,2018-03-21
3448549,AC gate signal,交流闸极信号,,2018-03-21
3448550,AC generator,交流发电机,,2018-03-21
3448551,AC glavanometer,交流检流器,,2018-03-21
3448552,AC hum,交流声,,2018-03-21
3448553,AC impedance,交流阻抗,,2018-03-21
3448554,AC indication,交流指示,,2018-03-21
3448555,AC indicator,交流指示器,,2018-03-21
3448556,AC inert-arc welder,交流定弧电焊器,,2018-03-21
3448557,AC load line,交流负载线,,2018-03-21
3448558,AC load switching,交流负载切换,,2018-03-21
3448559,AC machine,交流电机,,2018-03-21
3448560,AC mains,交流干线,,2018-03-21
3448561,AC motor,交流马达，交流电动机,,2018-03-21
3448562,AC network,交流网路,,2018-03-21
3448563,AC network computer,交流网路计算机,,2018-03-21
3448564,AC network distribution,交流网路配电,,2018-03-21
3448565,AC phase meter,交流相位计,,2018-03-21
3448566,AC pilot relaying,交流副线电驿系统,,2018-03-21
3448567,AC potentiometer,交流电位计,,2018-03-21
3448568,AC power,交流电力，交流功率,,2018-03-21
3448569,AC powered hand tools,交流供电手提工具机,,2018-03-21
3448570,AC receiver,交流接收机,,2018-03-21
3448571,AC rectifier charging,交流整流器充电,,2018-03-21
3448572,AC relay,交流电驿,,2018-03-21
3448573,AC resistance,交流电阻,,2018-03-21
3448574,AC resonance charging,交流谐振充电,,2018-03-21
3448575,AC series motor,交流串激电动机,,2018-03-21
3448576,AC shunt motor,交流并激电动机,,2018-03-21
3448577,AC side filter,交流侧滤波器,,2018-03-21
3448578,AC static switch,交流静态开关,,2018-03-21
3448579,AC switched inverter,交流切换反流器,,2018-03-21
3448580,AC system,交流系统,,2018-03-21
3448581,AC system capacity,交流系统容量,,2018-03-21
3448582,AC system configuration,交流系统规范,,2018-03-21
3448583,AC system loss characteristics,交流系统损失特性,,2018-03-21
3448584,AC tachometer,交流测速计,,2018-03-21
3448585,AC transformer,交流变压器,,2018-03-21
3448586,AC transmission,交流输电,,2018-03-21
3448587,AC trigger,交流触发器,,2018-03-21
3448588,AC tripping,交流跳脱,,2018-03-21
3448589,AC tube,交流管,,2018-03-21
3448590,AC two-phase generator,交流二相发电机,,2018-03-21
3448591,AC voltage stabilizer,交流电压稳定器，交流稳压器,,2018-03-21
3448592,AC voltage waveform,交流电压波形,,2018-03-21
3448593,AC winding,交流绕组,,2018-03-21
3448594,AC-DC receiver,交直流两用接收机，交直流接收机，交直流收音机,,2018-03-21
3448595,AC-DC ringing,交直流振铃,,2018-03-21
3448596,AC/AC converter,交流/交流变换器，交交流转换器,,2018-03-21
3448597,AC/DC battle,交流/直流竞赛,,2018-03-21
3448598,AC/DC preregulator,交流/直流预调整器，交直流前置调节器,,2018-03-21
3448599,academy,研究院,,2018-03-21
3448600,acaroid resin,禾木树脂,,2018-03-21
3448601,accelerant,加速剂,,2018-03-21
3448602,accelerated ageing,加速老化,,2018-03-21
3448603,accelerated ageing test,加速老化试验,,2018-03-21
3448604,accelerated cement,快凝水泥,,2018-03-21
3448605,accelerated circulation,加速循环,,2018-03-21
3448606,accelerated Liebmann method,加速利布曼[方]法,,2018-03-21
3448607,accelerated life test,加速寿命试验,,2018-03-21
3448608,accelerated motion,加速运动,,2018-03-21
3448609,accelerated particle,加速粒子,,2018-03-21
3448610,accelerated phosphorescence,加速燐光,,2018-03-21
3448611,accelerated speed,加速,,2018-03-21
3448612,accelerated test,加速试验,,2018-03-21
3448613,accelerated velocity,加速度,,2018-03-21
3448614,accelerating anode,加速阳极,,2018-03-21
3448615,accelerating chain,加速段,,2018-03-21
3448616,accelerating coil,加速线圈,,2018-03-21
3448617,accelerating constant,加速常数,,2018-03-21
3448618,accelerating contactor,加速接触器,,2018-03-21
3448619,accelerating electrode,加速电极,,2018-03-21
3448620,accelerating field,加速场,,2018-03-21
3448621,accelerating force,加速力,,2018-03-21
3448622,accelerating grid,加速栅(极),,2018-03-21
3448623,accelerating load,加速负载,,2018-03-21
3448624,accelerating potential,加速电位,,2018-03-21
3448625,accelerating power,加速功率,,2018-03-21
3448626,accelerating relay,加速电驿,,2018-03-21
3448627,accelerating signal,加速信号,,2018-03-21
3448628,accelerating thermal ageing test,加速热老化试验,,2018-03-21
3448629,accelerating time,加速时间,,2018-03-21
3448630,accelerating torque,加速转矩,,2018-03-21
3448631,accelerating tube,加速管,,2018-03-21
3448632,accelerating voltage,加速电压,,2018-03-21
3448633,acceleration,加速度,,2018-03-21
3448634,acceleration constant,加速常数,,2018-03-21
3448635,acceleration error,加速误差,,2018-03-21
3448636,acceleration factor,加速因数，加速因子,,2018-03-21
3448637,acceleration feedback,加速反馈，加速回授,,2018-03-21
3448638,acceleration grid,加速栅极,,2018-03-21
3448639,acceleration instrument,加速表,,2018-03-21
3448640,acceleration motor,加速电动机,,2018-03-21
3448641,acceleration of convergence,收敛加速度,,2018-03-21
3448642,acceleration space,加速空间,,2018-03-21
3448643,acceleration time,加速时间,,2018-03-21
3448644,acceleration voltage,加速电压,,2018-03-21
3448645,acceleration-controlled system,加速度控制系统,,2018-03-21
3448646,accelerative force,加速力,,2018-03-21
3448647,accelerator,加速器,,2018-03-21
3448648,accelerograph,自动加速器,,2018-03-21
3448649,accelerometer,加速计，加速度计,,2018-03-21
3448650,accent light,加强灯光，强光灯,,2018-03-21
3448651,accent lighting,补强照明,,2018-03-21
3448652,accentuation,加重，音频强化，音频加重,,2018-03-21
3448653,accentuator,增强器，频率校正线路，强化器,,2018-03-21
3448654,acceptable defect level,合格缺陷标准，允许缺陷水平,,2018-03-21
3448655,acceptable emergency dose,事故容许剂量,,2018-03-21
3448656,acceptable limit,容许极限,,2018-03-21
3448657,acceptable malfunction level,容许故障水平,,2018-03-21
3448658,acceptable quality level (AQL),可接受品质位准,,2018-03-21
3448659,acceptable reliability level,可接受可靠度位准,,2018-03-21
3448660,acceptance,接受，验收，认可,,2018-03-21
3448661,acceptance certificate,验收证明书,,2018-03-21
3448662,acceptance domain,接受领域,,2018-03-21
3448663,acceptance of work,工程验收,,2018-03-21
3448664,acceptance proof test,验收证明测试,,2018-03-21
3448665,acceptance test,验收试验,,2018-03-21
3448666,acceptor,受体，接受器,,2018-03-21
3448667,acceptor arm,出入臂,,2018-03-21
3448668,acceptor atom,受体原子,,2018-03-21
3448669,acceptor circuit,接受器电路,,2018-03-21
3448670,acceptor density,受体密度,,2018-03-21
3448671,acceptor exhaustion,受体耗竭状态,,2018-03-21
3448672,acceptor impurities,受体杂质,,2018-03-21
3448673,acceptor impurity,受体杂质,,2018-03-21
3448674,acceptor ion,受体离子,,2018-03-21
3448675,acceptor level,受体位准,,2018-03-21
3448676,acceptor molecule,接受体分子,,2018-03-21
3448677,acceptor resonance,接受器谐振,,2018-03-21
3448678,access,存取，进出，接取,,2018-03-21
3448679,access door,检修门，进出门,,2018-03-21
3448680,access duct,存取管道,,2018-03-21
3448681,access gap,存取间隙，存取间距,,2018-03-21
3448682,access hole,进出孔,,2018-03-21
3448683,access ladder,进出阶梯，入口阶梯,,2018-03-21
3448684,access method,接取法，存取法,,2018-03-21
3448685,access mode,存取模式,,2018-03-21
3448686,access port,存取埠,,2018-03-21
3448687,access scan,存取扫瞄,,2018-03-21
3448688,access selector,存取选择器,,2018-03-21
3448689,access time,存取时间，信息发送时间,,2018-03-21
3448690,access undertaking,联网承诺,,2018-03-21
3448691,accessibility,可近性,,2018-03-21
3448692,accessible,可存取的,,2018-03-21
3448693,accessible region,可存取区域,,2018-03-21
3448694,accessible state,可存取状态,,2018-03-21
3448695,accessories,附件,,2018-03-21
3448696,accessory device,辅助装置，附件装置,,2018-03-21
3448697,accessory drive,辅机驱动,,2018-03-21
3448698,accessory equipment,附属设备,,2018-03-21
3448699,accessory material,辅助材料,,2018-03-21
3448700,accessory power supply,辅助电源,,2018-03-21
3448701,accessory shaft,副轴,,2018-03-21
3448702,accessory structure,附属结构,,2018-03-21
3448703,accessory substance,副产品,,2018-03-21
3448704,accident,事故，故障,,2018-03-21
3448705,accident design basis,设计基准事故,,2018-03-21
3448706,accident insurance,事故保险,,2018-03-21
3448707,accident investigation,事故调查,,2018-03-21
3448708,accident maximum credible,最大可信事故,,2018-03-21
3448709,accident prevention,事故防止,,2018-03-21
3448710,accident prevention instruction,事故预防规定,,2018-03-21
3448711,accident report,事故报告,,2018-03-21
3448712,accident statistics,事故统计,,2018-03-21
3448713,accidental error,偶然误差，意外误差,,2018-03-21
3448714,accidental exposure,意外暴露,,2018-03-21
3448715,accidental jamming,偶然干扰，意外干扰,,2018-03-21
3448716,accidental shutdown,事故停机,,2018-03-21
3448717,accidental state,事故状态,,2018-03-21
3448718,accidental torque,异常转矩,,2018-03-21
3448719,accommodate,调节，适应，接纳，供应,,2018-03-21
3448720,accompany,伴随，伴生,,2018-03-21
3448721,accomplish,完成达到,,2018-03-21
3448722,accord,一致，符合,,2018-03-21
3448723,accordance,一致，调合，匹配,,2018-03-21
3448724,accordion,伸缩接头,,2018-03-21
3448725,account,帐户，科目，会计，帐款,,2018-03-21
3448726,accounting machine,记帐机，会计机,,2018-03-21
3448727,accounting program,记帐程式,,2018-03-21
3448728,accumulate,累加，累积,,2018-03-21
3448729,accumulated energy,储[蓄]能,,2018-03-21
3448730,accumulated error,累积误差,,2018-03-21
3448731,accumulated total punch,累计打孔机,,2018-03-21
3448732,accumulating counter,累加计数器,,2018-03-21
3448733,accumulation,聚积，累积,,2018-03-21
3448734,accumulation layer,累积层,,2018-03-21
3448735,accumulation layer resistor,累积层电阻,,2018-03-21
3448736,accumulation of electricity,电量累积,,2018-03-21
3448737,accumulation of energy,能量累积,,2018-03-21
3448738,accumulation of gas,蓄气，气体聚集，气体累积,,2018-03-21
3448739,accumulation of heat,热力累积,,2018-03-21
3448740,accumulation of rounding errors,舍入误差累积,,2018-03-21
3448741,accumulation-quotient register,累加-商暂存器,,2018-03-21
3448742,accumulative carry,累加进位,,2018-03-21
3448743,accumulative error,累积误差,,2018-03-21
3448744,accumulator (ACC),存储器，累加器，蓄电池，储能电路,,2018-03-21
3448745,accumulator battery,蓄电池组,,2018-03-21
3448746,accumulator box,蓄电池箱,,2018-03-21
3448747,accumulator cadmiumnickel,镉镍蓄电池,,2018-03-21
3448748,accumulator capacity,蓄电池容量,,2018-03-21
3448749,accumulator car,蓄电池车,,2018-03-21
3448750,accumulator cell,蓄电池单元,,2018-03-21
3448751,accumulator charger,蓄电池充电器,,2018-03-21
3448752,accumulator feeding,蓄电池馈电,,2018-03-21
3448753,accumulator grid,蓄电池栅板,,2018-03-21
3448754,accumulator jump instruction,累积器跳越指令,,2018-03-21
3448755,accumulator locomotive,电池机车,,2018-03-21
3448756,accumulator plant,蓄电池装置，蓄电池厂,,2018-03-21
3448757,accumulator plate,蓄电池极板,,2018-03-21
3448758,accumulator rectifier,蓄电池整流器,,2018-03-21
3448759,accumulator register,累加暂存器,,2018-03-21
3448760,accumulator switchboard,蓄电池配电盘,,2018-03-21
3448761,accumulator tank,蓄电池槽,,2018-03-21
3448762,accuracy,准确度，精确度,,2018-03-21
3448763,accuracy class,准确等级,,2018-03-21
3448764,accuracy control,精度控制,,2018-03-21
3448765,accuracy control character,准确度控制字元,,2018-03-21
3448766,accuracy of adjustment,调整准确度,,2018-03-21
3448767,accuracy of alignment,对中精度，校直精度,,2018-03-21
3448768,accuracy of instrument,仪表准确度，仪表精度,,2018-03-21
3448769,accuracy of measurement,测量精度,,2018-03-21
3448770,accuracy rating,额定精度,,2018-03-21
3448771,accuracy test,精度试验,,2018-03-21
3448772,accurate position indicator,精确位置指示器,,2018-03-21
3448773,accutron,电子手表,,2018-03-21
3448774,acentric,无中心的，偏心的,,2018-03-21
3448775,acetaldehyde resin,乙醛树脂,,2018-03-21
3448776,acetate,醋酸盐,,2018-03-21
3448777,acetate base,醋酸基,,2018-03-21
3448778,acetate disc,醋酸盐碟片,,2018-03-21
3448779,acetate silk,醋酸丝，醋酸纤维丝,,2018-03-21
3448780,acetate wire,醋酸绝缘线,,2018-03-21
3448781,acetic acid,醋酸,,2018-03-21
3448782,acetone,丙酮,,2018-03-21
3448783,acetylene,乙炔,,2018-03-21
3448784,acetylene flame,乙炔灯，乙炔焰,,2018-03-21
3448785,acetylene generator,乙炔发生器,,2018-03-21
3448786,acetylene welding,乙炔焊,,2018-03-21
3448787,achromat,消色差透镜,,2018-03-21
3448788,achromatic (perceived) colour,无彩色,,2018-03-21
3448789,achromatic lens,消色差透镜,,2018-03-21
3448790,achromatic stimulus,无彩色刺激,,2018-03-21
3448791,achromatism,消色差(性),,2018-03-21
3448792,acid,酸,,2018-03-21
3448793,acid accumulator,酸性蓄电池,,2018-03-21
3448794,acid activation,酸活化,,2018-03-21
3448795,acid asphalt,酸性沥青,,2018-03-21
3448796,acid bath,酸浴,,2018-03-21
3448797,acid battery,酸性蓄电池,,2018-03-21
3448798,acid brittleness,酸脆性,,2018-03-21
3448799,acid cleaning,酸洗,,2018-03-21
3448800,acid content,含酸量,,2018-03-21
3448801,acid core solder,酸心銲锡,,2018-03-21
3448802,acid corrosion,酸腐蚀,,2018-03-21
3448803,acid embrittlement,酸脆,,2018-03-21
3448804,acid etch,酸蚀刻,,2018-03-21
3448805,acid fastness,耐酸性,,2018-03-21
3448806,acid fume,酸雾,,2018-03-21
3448807,acid group,酸根,,2018-03-21
3448808,acid number,酸价,,2018-03-21
3448809,acid pickling,酸洗,,2018-03-21
3448810,acid proof,耐酸，防酸,,2018-03-21
3448811,acid radical,酸根,,2018-03-21
3448812,acid reaction,酸性反应,,2018-03-21
3448813,acid resistance,耐酸性,,2018-03-21
3448814,acid storage battery,酸性蓄电池,,2018-03-21
3448815,acid strength,酸度,,2018-03-21
3448816,acid value,酸值，酸价,,2018-03-21
3448817,acid value test,酸值试验,,2018-03-21
3448818,acid-free,不含酸的,,2018-03-21
3448819,acid-resistant insulation,耐酸绝缘,,2018-03-21
3448820,acid-resistant motor,耐酸电动机,,2018-03-21
3448821,acid-resisting enamel,耐酸搪瓷，耐酸瓷漆,,2018-03-21
3448822,acid-resisting paint,耐酸漆,,2018-03-21
3448823,acid-resistivity,耐酸性,,2018-03-21
3448824,acidate,酸化,,2018-03-21
3448825,acidating agent,酸化剂,,2018-03-21
3448826,acidic electrolysis,酸性电解,,2018-03-21
3448827,acidic resin,酸性树脂,,2018-03-21
3448828,acidifiable,可酸化的,,2018-03-21
3448829,acidifier,酸化剂,,2018-03-21
3448830,acidify,酸化,,2018-03-21
3448831,acidity,酸度,,2018-03-21
3448832,acidizing,酸化处理,,2018-03-21
3448833,acidosis,酸中毒,,2018-03-21
3448834,acidulate,酸化,,2018-03-21
3448835,acidulating agent,酸化剂,,2018-03-21
3448836,acidulous,微酸的,,2018-03-21
3448837,acidum,酸,,2018-03-21
3448838,acidur,阿西杜尔矽铁合金,,2018-03-21
3448839,acknowledge,认可，确认，回应,,2018-03-21
3448840,acknowledge character,确认字元,,2018-03-21
3448841,acknowledge circuit,认可电路,,2018-03-21
3448842,acknowledge signal,认可信号，确认信号,,2018-03-21
3448843,acknowledger,认收器，瞭望装置,,2018-03-21
3448844,acknowledging contactor,认收接触器,,2018-03-21
3448845,acknowledging switch,认收开关,,2018-03-21
3448846,aclinic line,无倾线，[地]磁赤道[线],,2018-03-21
3448847,acorn nut,螺帽,,2018-03-21
3448848,acorn tube,橡实管,,2018-03-21
3448849,acoumeter,测听计,,2018-03-21
3448850,acoumetry,测听术,,2018-03-21
3448851,acoustic,声响,,2018-03-21
3448852,acoustic absorbant,吸声物质,,2018-03-21
3448853,acoustic absorptive material,吸声材料,,2018-03-21
3448854,acoustic branch,声支,,2018-03-21
3448855,acoustic capacitance,声容,,2018-03-21
3448856,acoustic compliance,声顺,,2018-03-21
3448857,acoustic conductance,声导,,2018-03-21
3448858,acoustic conductivity,传声性，声导率，,,2018-03-21
3448859,acoustic correction,声修正,,2018-03-21
3448860,acoustic coupling,声耦合,,2018-03-21
3448861,acoustic delay line,声响延迟线，延音线,,2018-03-21
3448862,acoustic delay line storage,延音线储存,,2018-03-21
3448863,acoustic direction-finder,声响探向器,,2018-03-21
3448864,acoustic disk,声盘，声碟,,2018-03-21
3448865,acoustic engineering,声学工程,,2018-03-21
3448866,acoustic feedback,声反馈,,2018-03-21
3448867,acoustic filter,滤声器,,2018-03-21
3448868,acoustic frequency,声频,,2018-03-21
3448869,acoustic frequency generator,声频产生器,,2018-03-21
3448870,acoustic image,声像,,2018-03-21
3448871,acoustic impedance,声阻抗,,2018-03-21
3448872,acoustic impulse,声脉冲,,2018-03-21
3448873,acoustic inertance,声惯量,,2018-03-21
3448874,acoustic insulation,隔音,,2018-03-21
3448875,acoustic intensity,声强[度],,2018-03-21
3448876,acoustic level,声阶，声级,,2018-03-21
3448877,acoustic mass,声质量,,2018-03-21
3448878,acoustic material,音材料，声材,,2018-03-21
3448879,acoustic measurement,声学量度，音响量度,,2018-03-21
3448880,acoustic memory,声响记忆体,,2018-03-21
3448881,acoustic meter,比声计，测声计,,2018-03-21
3448882,acoustic mirror,声镜,,2018-03-21
3448883,acoustic mode,声模,,2018-03-21
3448884,acoustic noise,声波杂讯，噪音,,2018-03-21
3448885,acoustic ohm,声欧姆,,2018-03-21
3448886,acoustic oscillograph,声示波器,,2018-03-21
3448887,acoustic phonon,声热子,,2018-03-21
3448888,acoustic power,声功率,,2018-03-21
3448889,acoustic propagation,音波传播,,2018-03-21
3448890,acoustic quartz,传声石英,,2018-03-21
3448891,acoustic radiation,声辐射,,2018-03-21
3448892,acoustic radiator,声辐射器,,2018-03-21
3448893,acoustic reactance,声抗,,2018-03-21
3448894,acoustic resistance,声阻,,2018-03-21
3448895,acoustic resonance,[声]共鸣,,2018-03-21
3448896,acoustic resonator,共鸣器,,2018-03-21
3448897,acoustic shadow,声影,,2018-03-21
3448898,acoustic shock,声震,,2018-03-21
3448899,acoustic shock absorber,吸震器,,2018-03-21
3448900,acoustic signal,可闻信号，声响信号,,2018-03-21
3448901,acoustic spectrum,声谱,,2018-03-21
3448902,acoustic stiffness,声劲,,2018-03-21
3448903,acoustic susceptance,声纳,,2018-03-21
3448904,acoustic transducer,声能转换器,,2018-03-21
3448905,acoustic vibration,声振荡，声振动,,2018-03-21
3448906,acoustic wave,声波，音波,,2018-03-21
3448907,acoustic-optic deflector,声光偏转器,,2018-03-21
3448908,acoustical,音响的，声学的,,2018-03-21
3448909,acoustical absorption coefficient,吸声系数,,2018-03-21
3448910,acoustical characteristic impedance,特性声阻抗,,2018-03-21
3448911,acoustical circuit,声路,,2018-03-21
3448912,acoustical conductivity,传声性,,2018-03-21
3448913,acoustical frequency,音频,,2018-03-21
3448914,acoustical level,声级,,2018-03-21
3448915,acoustical ohm,声欧姆,,2018-03-21
3448916,acoustical power,声功率,,2018-03-21
3448917,acoustical reactance,声抗,,2018-03-21
3448918,acoustical reduction coefficient,隔声系数,,2018-03-21
3448919,acoustical reflection factor,声反射因数,,2018-03-21
3448920,acoustical resistance,声阻,,2018-03-21
3448921,acoustical signalling,音响信号,,2018-03-21
3448922,acoustical speech power,语音功率，话声功率,,2018-03-21
3448923,acoustical transmission factor,传声系数,,2018-03-21
3448924,acoustical velocity,声速,,2018-03-21
3448925,acousticon,利声器，助听器,,2018-03-21
3448926,acoustics,音响学，声学,,2018-03-21
3448927,acoustimeter,声强测量器，测声仪,,2018-03-21
3448928,acousto-electric effect,声电效应,,2018-03-21
3448929,acoustodynamic effect,声动效应,,2018-03-21
3448930,acoustooptical deflection,声光偏转,,2018-03-21
3448931,acquire,获取，取得,,2018-03-21
3448932,acquisition,获取，撷取,,2018-03-21
3448933,across the line,跨接线,,2018-03-21
3448934,across-the-line motor,直接起动电动机,,2018-03-21
3448935,across-the-line starter,全压起动器,,2018-03-21
3448936,acrylic,丙烯酸的,,2018-03-21
3448937,actification,再生作用,,2018-03-21
3448938,actinic,光化的,,2018-03-21
3448939,actinic dose,光化学照射量,,2018-03-21
3448940,actinism,光化度， 光化作用，射线化学,,2018-03-21
3448941,actinity,光化度,,2018-03-21
3448942,actinium,Ac锕(原子序89),,2018-03-21
3448943,actinium-uranium,AcU，锕铀,,2018-03-21
3448944,actino electricity,光电气,,2018-03-21
3448945,actino-dielectric,光敏介电的,,2018-03-21
3448946,actino-dielectric effect,光敏介质效应,,2018-03-21
3448947,actino-electricity meter,光电计,,2018-03-21
3448948,actinograph,日射计，光能测定器,,2018-03-21
3448949,actinography,光能测定法,,2018-03-21
3448950,actinometer,光量计，光能计，感光计，曝光计,,2018-03-21
3448951,actinoscope,光能测定器,,2018-03-21
3448952,actinouranium,锕铀，AcU,,2018-03-21
3448953,action,行动，作用，措施，指令，动作,,2018-03-21
3448954,action at a distance,超距作用，远距作用,,2018-03-21
3448955,action current,作用电流,,2018-03-21
3448956,action cycle,动作周期,,2018-03-21
3448957,action length,作用长度，有效长度,,2018-03-21
3448958,action line,作用线,,2018-03-21
3448959,action of point,尖端作用,,2018-03-21
3448960,action period,作用周期,,2018-03-21
3448961,action potential,(神经)动态电势,,2018-03-21
3448962,action spectrum,作用光谱,,2018-03-21
3448963,action spot,作用点,,2018-03-21
3448964,action through the medium,媒递作用,,2018-03-21
3448965,action wheel,动作，冲击式水轮,,2018-03-21
3448966,activate,放射，活化，起动,,2018-03-21
3448967,activate key,启动键，工作键,,2018-03-21
3448968,activated absorption,活性吸附,,2018-03-21
3448969,activated atom,活化原子,,2018-03-21
3448970,activated cathode,活化阴极,,2018-03-21
3448971,activated material,活化材料,,2018-03-21
3448972,activated water,受过辐射的水，活化水,,2018-03-21
3448973,activating agent,放射性物质；活化剂,,2018-03-21
3448974,activating isotope,活化同位素,,2018-03-21
3448975,activation,激化，活化，启动,,2018-03-21
3448976,activation analysis,活化分析,,2018-03-21
3448977,activation cross-section,活化截面,,2018-03-21
3448978,activation energy,激发能量，活化能,,2018-03-21
3448979,activation energy for fission,分裂活化能,,2018-03-21
3448980,activation experiment,活化实验,,2018-03-21
3448981,activation heat,活化热,,2018-03-21
3448982,activation of filament,灯线(之)活化,,2018-03-21
3448983,activation process,活化过程,,2018-03-21
3448984,activation state,活化状态,,2018-03-21
3448985,activator,活化体,,2018-03-21
3448986,active,有效，主动，有源，现用,,2018-03-21
3448987,active alarm and event browser,即时警报和事件浏览,,2018-03-21
3448988,active area,有效面积，有效区,,2018-03-21
3448989,active balance return loss,有源平衡回流损失，主动平衡回波损,,2018-03-21
3448990,active block,现用区块，有源区块,,2018-03-21
3448991,active button,起动钮,,2018-03-21
3448992,active carbon,活性碳,,2018-03-21
3448993,active charcoal filter,活性碳过滤器,,2018-03-21
3448994,active circuit,有源电路，主动电路,,2018-03-21
3448995,active coating,活化涂层,,2018-03-21
3448996,active coil,有效线圈,,2018-03-21
3448997,active component,有效分量，有功分量，主动组件,,2018-03-21
3448998,active component of current,电流有功分量,,2018-03-21
3448999,active conductor,有效导体,,2018-03-21
3449000,active constituent,有功部分,,2018-03-21
3449001,active constraint,有效约束,,2018-03-21
3449002,active cooling surface,有效冷却面,,2018-03-21
3449003,active core length,有效铁心长度,,2018-03-21
3449004,active core-packet length,有效铁心束长度,,2018-03-21
3449005,active correlator,主动关联器,,2018-03-21
3449006,active current,有功电流，有效电流,,2018-03-21
3449007,active current shaping,主动电流波整形,,2018-03-21
3449008,active defect,现有缺陷，运转缺陷,,2018-03-21
3449009,active deposit,活性堆料,,2018-03-21
3449010,active device,有源装置，有效装置,,2018-03-21
3449011,active discharger,主动放电器,,2018-03-21
3449012,active drift,有效漂移,,2018-03-21
3449013,active electric network,有源电网络，主动电网路,,2018-03-21
3449014,active electrode,有效电极,,2018-03-21
3449015,active electron,活化电子,,2018-03-21
3449016,active element,有源元件，放射性元素，活性元素，主动元件,,2018-03-21
3449017,active file,现用档案,,2018-03-21
3449018,active filter,主动滤波器,,2018-03-21
3449019,active force,有效力，主动力,,2018-03-21
3449020,active four terminal network,有源四端网络,,2018-03-21
3449021,active gas,流动气量，有效气量,,2018-03-21
3449022,active harmonic reduction,主动谐波消减,,2018-03-21
3449023,active iron,有效铁心，活性铁,,2018-03-21
3449024,active jamming,有源干扰，积极干扰,,2018-03-21
3449025,active lattice,活性晶格,,2018-03-21
3449026,active length,有效长度，活性段长度,,2018-03-21
3449027,active line,实描线，有效线,,2018-03-21
3449028,active loss,有功损耗,,2018-03-21
3449029,active master file,常用基本文件，常用基本资料,,2018-03-21
3449030,active master item,现用主项,,2018-03-21
3449031,active material,活性材料，放射性材料,,2018-03-21
3449032,active memory,现用记忆体,,2018-03-21
3449033,active memory cell,现用记忆体元件,,2018-03-21
3449034,active network,主动网路，有效网路，现用网路,,2018-03-21
3449035,active one-port,主动单埠，有源单埠,,2018-03-21
3449036,active output,有功输出,,2018-03-21
3449037,active part,有功部分,,2018-03-21
3449038,active polar surface,有效极面,,2018-03-21
3449039,active power,实功率，有效功率，有效电力,,2018-03-21
3449040,active pressure,有效压力,,2018-03-21
3449041,active product,放射性产物，活性产物,,2018-03-21
3449042,active RC network synthesis,有源RC网路合成,,2018-03-21
3449043,active region,主动区，有效区，作用区,,2018-03-21
3449044,active resistance,有效电阻,,2018-03-21
3449045,active return loss,有效回流损耗，有效回波损耗,,2018-03-21
3449046,active satellite,主动卫星，有源卫星,,2018-03-21
3449047,active scanning interval,有效扫描时间间隔,,2018-03-21
3449048,active section,活性区，活性区段,,2018-03-21
3449049,active side of coil,线圈有效边,,2018-03-21
3449050,active singing point,主振鸣点,,2018-03-21
3449051,active spark,有效火花,,2018-03-21
3449052,active standard,现行标准,,2018-03-21
3449053,active state,活性状态,,2018-03-21
3449054,active transducer,主动转换器，主动换能器，有源换能器，有源变换器,,2018-03-21
3449055,active two-port,有源双埠,,2018-03-21
3449056,active two-terminal network,有源二端网路,,2018-03-21
3449057,active volt-ampere,有功伏安，有效伏安,,2018-03-21
3449058,active voltage,有功电压，有效电压,,2018-03-21
3449059,active wheel,工作轮,,2018-03-21
3449060,active winding,有效绕组,,2018-03-21
3449061,active wire,有效导线,,2018-03-21
3449062,active zone,作用区，活性区,,2018-03-21
3449063,active-current compensator,有功电流补偿器,,2018-03-21
3449064,active-energy meter,电度表,,2018-03-21
3449065,active-power loss,有效功率损耗,,2018-03-21
3449066,active-power relay,有效功率电驿,,2018-03-21
3449067,activity,活动率，活动性，放射性，放射强度,,2018-03-21
3449068,activity analysis,活性分析，放射性分析,,2018-03-21
3449069,activity coefficient,活化系数，使用系数(线圈的),,2018-03-21
3449070,activity curve,活性曲线,,2018-03-21
3449071,activity ratio,活动比，活化比，放射性比率,,2018-03-21
3449072,activity unit,放射性强度单位,,2018-03-21
3449073,activity-sensing equipment,放射性感测设备,,2018-03-21
3449074,actual address,实际位址,,2018-03-21
3449075,actual argument,实际引数,,2018-03-21
3449076,actual coding,实际编码，有效编码,,2018-03-21
3449077,actual concentration ratio,实际集中比,,2018-03-21
3449078,actual decimal point,实际存在的十进制小数点,,2018-03-21
3449079,actual efficiency,实际效率,,2018-03-21
3449080,actual error,实际误差,,2018-03-21
3449081,actual flow,实际流量,,2018-03-21
3449082,actual flux density,实际通量密度，实际磁通密度,,2018-03-21
3449083,actual height,实际高度,,2018-03-21
3449084,actual horsepower,实际马力,,2018-03-21
3449085,actual image,实际图象，有效图象,,2018-03-21
3449086,actual induction,有效感应，实际感应,,2018-03-21
3449087,actual instruction,实际指令，有效指令,,2018-03-21
3449088,actual key,实际键,,2018-03-21
3449089,actual life,实际寿命,,2018-03-21
3449090,actual lifetime,实际寿命,,2018-03-21
3449091,actual load,有效负载,,2018-03-21
3449092,actual measurement,实际测量,,2018-03-21
3449093,actual monitor,有效监视器,,2018-03-21
3449094,actual output,实际输出,,2018-03-21
3449095,actual power,有效功率,,2018-03-21
3449096,actual pressure,实际压力,,2018-03-21
3449097,actual quantity,实际量,,2018-03-21
3449098,actual singular point,实奇点,,2018-03-21
3449099,actual size,实际大小,,2018-03-21
3449100,actual speed,实际速度,,2018-03-21
3449101,actual temperature,实际温度,,2018-03-21
3449102,actual test,实际试验,,2018-03-21
3449103,actual thrust,实际推力,,2018-03-21
3449104,actual time,实际时间,,2018-03-21
3449105,actual tooth density,有效齿密度,,2018-03-21
3449106,actual value,实际值,,2018-03-21
3449107,actual weight,实际重量,,2018-03-21
3449108,actuate,激励，致动,,2018-03-21
3449109,actuating apparatus,致动设备，致动仪器,,2018-03-21
3449110,actuating arm,操纵杆，致动杆,,2018-03-21
3449111,actuating cable,控制电缆,,2018-03-21
3449112,actuating coil,致动线圈,,2018-03-21
3449113,actuating current,致动电流,,2018-03-21
3449114,actuating device,致动装置，调节装置,,2018-03-21
3449115,actuating error,致动误差,,2018-03-21
3449116,actuating mechanism,致动机构,,2018-03-21
3449117,actuating medium,致动媒体,,2018-03-21
3449118,actuating motor,致动电动机,,2018-03-21
3449119,actuating pressure,致动压力,,2018-03-21
3449120,actuating ratio,致动比,,2018-03-21
3449121,actuating signal,致动信号,,2018-03-21
3449122,actuating unit,致动单元,,2018-03-21
3449123,actuation,开动，启动，致动,,2018-03-21
3449124,actuation time,动作时间，致动时间,,2018-03-21
3449125,actuator,致动器，调速控制器，传动装置,,2018-03-21
3449126,actuator disk,起动圆盘，致动圆盘,,2018-03-21
3449127,actuator generator,致动器发电机,,2018-03-21
3449128,actuator motor,致动电动机,,2018-03-21
3449129,acute angle crank,锐角曲柄,,2018-03-21
3449130,acyclic,非循环的，非周期性的,,2018-03-21
3449131,acyclic dynamo,非周期性电机，单极电机,,2018-03-21
3449132,acyclic feeding,非周期馈送,,2018-03-21
3449133,acyclic generator,非周期发电机，单极发电机,,2018-03-21
3449134,acyclic machine,单极电机，非周期机器,,2018-03-21
3449135,acyclic motor,单极电动机,,2018-03-21
3449136,acyclic set,非循环集,,2018-03-21
3449137,ad infinitum,无限，至无穷大,,2018-03-21
3449138,ad interium,暂时的，临时的，其间，在此期间内,,2018-03-21
3449139,adamantine,极坚硬的，金刚合金,,2018-03-21
3449140,adamantine spar,刚玉,,2018-03-21
3449141,adamas,金刚石,,2018-03-21
3449142,adapt,使...适应，改编，修改,,2018-03-21
3449143,adaptability,适应性,,2018-03-21
3449144,adaptation,适应，适合,,2018-03-21
3449145,adapter,配接器，附加器，转接器,,2018-03-21
3449146,adapter connector,配接器，转接器,,2018-03-21
3449147,adapter converter,附加转换器,,2018-03-21
3449148,adapter coupling,转接耦合,,2018-03-21
3449149,adapter plug,转接插头,,2018-03-21
3449150,adapter transformer,附加变压器，配接变压器,,2018-03-21
3449151,adapterization,拾音,,2018-03-21
3449152,adapting piece,配件,,2018-03-21
3449153,adaption,匹配，转接,,2018-03-21
3449154,adaptive (perceived) colour shift,适应彩色察觉偏移,,2018-03-21
3449155,adaptive character reader,适应字元阅读器,,2018-03-21
3449156,adaptive colorimetric shift,适应性色[度]漂移,,2018-03-21
3449157,adaptive control,适应控制,,2018-03-21
3449158,adaptive control system,适应控制系统,,2018-03-21
3449159,adaptive controller,适应控制器,,2018-03-21
3449160,adaptive decoding scheme,适应解码方法,,2018-03-21
3449161,adaptive feedback control,适应反馈控制，适应回扰控制,,2018-03-21
3449162,adaptive optimal control,最佳适应控制,,2018-03-21
3449163,adaptive optimization,适应最佳化,,2018-03-21
3449164,adaptive principle,适应原理,,2018-03-21
3449165,adaptive regulator,适应调整器，适应调节器,,2018-03-21
3449166,adaptive space,适应空间,,2018-03-21
3449167,adaptor,转接器，适应器,,2018-03-21
3449168,Adcock antenna,亚德考克天线,,2018-03-21
3449169,add,加,,2018-03-21
3449170,add control unit,加法控制单元，加法控制器,,2018-03-21
3449171,add operation,加法运算,,2018-03-21
3449172,add time,加法时间,,2018-03-21
3449173,add-and-subtract relay,增减电驿,,2018-03-21
3449174,add-on memory,附加记忆体,,2018-03-21
3449175,add-on storage,附加储存器,,2018-03-21
3449176,add-without carry gate,加不进位闸,,2018-03-21
3449177,addaverter,加法转换器,,2018-03-21
3449178,added loss,附加损耗,,2018-03-21
3449179,added resistance,附加电阻,,2018-03-21
3449180,addend,被加数,,2018-03-21
3449181,addendum,齿顶,,2018-03-21
3449182,addendum circle,齿顶圆(齿轮的),,2018-03-21
3449183,adder,加法器,,2018-03-21
3449184,adder tree multiplication,[用]加法器树形[的]乘法,,2018-03-21
3449185,adder tube,加算管,,2018-03-21
3449186,adder-accumulator,加法累加器,,2018-03-21
3449187,adder-subtracter,加减器,,2018-03-21
3449188,adding machine,加数机,,2018-03-21
3449189,adding storage register,加法存储暂存器,,2018-03-21
3449190,addition,加，加法，附加,,2018-03-21
3449191,addition by subtraction,采用减法运算的加法,,2018-03-21
3449192,addition law,加法定律,,2018-03-21
3449193,addition record,补充记录，增加记录,,2018-03-21
3449194,additional,附加，其他的，额外的,,2018-03-21
3449195,additional character,增加字元，附加字元,,2018-03-21
3449196,additional charge,补充充电，附加费,,2018-03-21
3449197,additional electromotive force,附加电动势,,2018-03-21
3449198,additional equipment,辅助设备，附加设备,,2018-03-21
3449199,additional harmonic field,附加谐波埸，额外谐波场,,2018-03-21
3449200,additional iron loss,附加铁损，额外铁损,,2018-03-21
3449201,additional load,附加负载,,2018-03-21
3449202,additional loss,附加损耗，额外损失,,2018-03-21
3449203,additional pressure,附加压力,,2018-03-21
3449204,additional resistance,附加电阻,,2018-03-21
3449205,additional voltage,附加电压,,2018-03-21
3449206,additional winding,附加绕组，辅助绕组,,2018-03-21
3449207,additive,添加剂，掺和物，附加的,,2018-03-21
3449208,additive color mixture,加色混合,,2018-03-21
3449209,additive congruentical method,加同除法,,2018-03-21
3449210,additive correction,追加修正,,2018-03-21
3449211,additive mixture of colour stimuli,加法混色,,2018-03-21
3449212,additive noise,相加噪音,,2018-03-21
3449213,additive polarity,加极性,,2018-03-21
3449214,additive primaries,加性原色,,2018-03-21
3449215,additive process,相加过程,,2018-03-21
3449216,additivity,相加性,,2018-03-21
3449217,additron,加法管,,2018-03-21
3449218,addometer,加算器,,2018-03-21
3449219,address,位址,,2018-03-21
3449220,address code,位址码,,2018-03-21
3449221,address computation,位址计算,,2018-03-21
3449222,address constant,位址常数,,2018-03-21
3449223,address conversion,位址转换,,2018-03-21
3449224,address format,位址格式,,2018-03-21
3449225,address memory,位址记忆体,,2018-03-21
3449226,address modification,位址修改,,2018-03-21
3449227,address modifier,位址修饰符,,2018-03-21
3449228,address part,位址部分,,2018-03-21
3449229,address queue,位址排队,,2018-03-21
3449230,address register,位址暂存器,,2018-03-21
3449231,address track,位址轨,,2018-03-21
3449232,address wire,位址线,,2018-03-21
3449233,address write wire,位址写入线,,2018-03-21
3449234,address-enable,位址起动,,2018-03-21
3449235,addressable register,可定址暂存器,,2018-03-21
3449236,addressed storage,定址储存器,,2018-03-21
3449237,addressee,受定址者,,2018-03-21
3449238,addressing circuit,位址选择电路,,2018-03-21
3449239,addressing level,定址位准,,2018-03-21
3449240,addressing system,定址系统,,2018-03-21
3449241,adherence,附著力,,2018-03-21
3449242,adhesion,附著,,2018-03-21
3449243,adhesion agent,黏合剂,,2018-03-21
3449244,adhesion coefficient,黏著系数,,2018-03-21
3449245,adhesion strength,黏结强度,,2018-03-21
3449246,adhesive,黏合剂,,2018-03-21
3449247,adhesive ability,黏著能力,,2018-03-21
3449248,adhesive capacity,粘著性，粘附能力,,2018-03-21
3449249,adhesive efficiency,粘著效率,,2018-03-21
3449250,adhesive film,粘合薄膜,,2018-03-21
3449251,adhesive force,依附力，粘著力，内聚力,,2018-03-21
3449252,adhesive paper tape,胶纸带,,2018-03-21
3449253,adhesive power,附著力，内聚力,,2018-03-21
3449254,adhesive strength,胶粘强度，粘著力，附著力,,2018-03-21
3449255,adhesive tape,胶带，粘性带,,2018-03-21
3449256,adhesive varnish,胶粘漆，胶性漆,,2018-03-21
3449257,adhesiveness,附著力，粘性,,2018-03-21
3449258,adiabat,绝热线,,2018-03-21
3449259,adiabatic calorimeter,绝热量热器,,2018-03-21
3449260,adiabatic condition,绝热状况,,2018-03-21
3449261,adiabatic cooling,绝热冷却,,2018-03-21
3449262,adiabatic demagnetization,绝热去磁,,2018-03-21
3449263,adiabatic efficiency,绝热效率,,2018-03-21
3449264,adiabatic equilibrium,绝热平衡,,2018-03-21
3449265,adiabatic expansion,绝热膨胀,,2018-03-21
3449266,adiabatic heat drop,绝热[热]降,,2018-03-21
3449267,adiabatic heating,绝热增温,,2018-03-21
3449268,adiabatic insulation,绝热,,2018-03-21
3449269,adiabatic invariant,绝热不变量,,2018-03-21
3449270,adit mining,斜坑采煤,,2018-03-21
3449271,adjacency,相邻，邻接,,2018-03-21
3449272,adjacent,邻接，邻近的,,2018-03-21
3449273,adjacent channel,相邻通道，邻接通道,,2018-03-21
3449274,adjacent channel interference,相邻通道干扰，邻近波道干扰,,2018-03-21
3449275,adjacent channel selectivity,邻近波道选择性,,2018-03-21
3449276,adjacent frequency,相邻频率,,2018-03-21
3449277,adjacent matrice,相邻矩阵,,2018-03-21
3449278,adjacent turns,相邻线匝,,2018-03-21
3449279,adjoin,联接,,2018-03-21
3449280,adjoint,伴随，毗连，相结合,,2018-03-21
3449281,adjoint boundary-value problem,伴随边值问题,,2018-03-21
3449282,adjoint branch,伴随支路，毗连支路,,2018-03-21
3449283,adjoint differential operator,伴随微分运算子,,2018-03-21
3449284,adjoint equation,伴随方程式,,2018-03-21
3449285,adjoint function,伴随函数,,2018-03-21
3449286,adjoint linear transformation,伴随线性变换,,2018-03-21
3449287,adjoint matrix,伴随矩阵,,2018-03-21
3449288,adjoint orthogonal system,伴随正交系统,,2018-03-21
3449289,adjoint system,伴随系统,,2018-03-21
3449290,adjoint variable,伴随变数,,2018-03-21
3449291,adjoint vector,伴随向量,,2018-03-21
3449292,adjunct,配件,,2018-03-21
3449293,adjust,调整,,2018-03-21
3449294,adjust nut,调整螺母,,2018-03-21
3449295,adjustability,可调性,,2018-03-21
3449296,adjustable,可调的,,2018-03-21
3449297,adjustable air condenser,可调空气电容器,,2018-03-21
3449298,adjustable air-gap,可调气隙,,2018-03-21
3449299,adjustable bearing,可调式轴承,,2018-03-21
3449300,adjustable bench level,可调台用水平仪,,2018-03-21
3449301,adjustable blade,可调叶片,,2018-03-21
3449302,adjustable bolt,调节螺栓,,2018-03-21
3449303,adjustable bracke block,可调闸栓,,2018-03-21
3449304,adjustable brush,可调电刷,,2018-03-21
3449305,adjustable capacitor,可调电容器,,2018-03-21
3449306,adjustable compensating capacitor,可调补偿电容器,,2018-03-21
3449307,adjustable condenser,可调电容器，可变电容器,,2018-03-21
3449308,adjustable constant-speed motor,可调恒速电动机，可调恒速马达,,2018-03-21
3449309,adjustable contact,可调接点，可调接触，可调触点,,2018-03-21
3449310,adjustable crank,可调曲柄,,2018-03-21
3449311,adjustable frequency motor,变频电动机,,2018-03-21
3449312,adjustable gang-condenser,可变电容器,,2018-03-21
3449313,adjustable guide blade,可调导叶，活动导水叶(水轮机的),,2018-03-21
3449314,adjustable inductance,可调电感,,2018-03-21
3449315,adjustable inductor,可变电感线圈，可调电感器,,2018-03-21
3449316,adjustable luminaire,可调照明器具,,2018-03-21
3449317,adjustable orifice,可调孔板，可调喷口，可调隔板,,2018-03-21
3449318,adjustable parallel,活动平垫铁，可调平垫铁,,2018-03-21
3449319,adjustable resistance,可变电阻，可调电阻,,2018-03-21
3449320,adjustable resistor,可调电阻器，可变电阻器，变阻器,,2018-03-21
3449321,adjustable speed,可调速度，变速，可调转速,,2018-03-21
3449322,adjustable speed drives,可调速驱动,,2018-03-21
3449323,adjustable speed motor,调速马达，调速电动机,,2018-03-21
3449324,adjustable starter,可调起动器,,2018-03-21
3449325,adjustable starting rheostat,可调起动变阻器,,2018-03-21
3449326,adjustable tie-back,可调拉条,,2018-03-21
3449327,adjustable transformer,调节变压器，可调变压器,,2018-03-21
3449328,adjustable vane,可调叶片，可调导叶,,2018-03-21
3449329,adjustable varying-speed motor,可调式变速电动机,,2018-03-21
3449330,adjustable voltage control,可调电压控制,,2018-03-21
3449331,adjustable voltage divider,可调分压器,,2018-03-21
3449332,adjustable voltage stabilizer,可调稳压器,,2018-03-21
3449333,adjustable-ratio transformer,可调变比式变压器,,2018-03-21
3449334,adjustable-span recorder,可调[电压]范围的自动记录器,,2018-03-21
3449335,adjustable-voltage system,可调电压系统,,2018-03-21
3449336,adjustage,辅助设备,,2018-03-21
3449337,adjusted bids,调整后之竞标,,2018-03-21
3449338,adjusted value,调整值,,2018-03-21
3449339,adjuster,调整器，调整设备,,2018-03-21
3449340,adjuster switch,道岔节杆，转辙调节杆，接转调节杆,,2018-03-21
3449341,adjusting,调整,,2018-03-21
3449342,adjusting device,调整装置,,2018-03-21
3449343,adjusting gear,调整装置，调整齿轮，调整滑车,,2018-03-21
3449344,adjusting handle,调整手柄,,2018-03-21
3449345,adjusting mechanism,调整机构,,2018-03-21
3449346,adjusting potentiometer,调整电位计,,2018-03-21
3449347,adjusting resistance,调整电阻,,2018-03-21
3449348,adjusting resistor,调整电阻,,2018-03-21
3449349,adjusting rod,调节杆,,2018-03-21
3449350,adjusting screw,调整螺旋,,2018-03-21
3449351,adjusting speed,调整速度,,2018-03-21
3449352,adjusting thrust block,可调推力块,,2018-03-21
3449353,adjusting tool,调整工具,,2018-03-21
3449354,adjusting valve,调节阀,,2018-03-21
3449355,adjusting wedge,调整楔,,2018-03-21
3449356,adjustment,调整,,2018-03-21
3449357,adjustment accuracy,调整精度,,2018-03-21
3449358,adjustment bids,调整标单,,2018-03-21
3449359,adjustment factor,调节因数,,2018-03-21
3449360,adjustment mark,调整标记,,2018-03-21
3449361,adjustment notch,调整标记,,2018-03-21
3449362,adjustment range,调整范围,,2018-03-21
3449363,admeasurement,测量,,2018-03-21
3449364,administration,管理，行政，行政机关，管理局,,2018-03-21
3449365,administration of power supply,供电局，供电机构,,2018-03-21
3449366,administrative authority,[美国]电气安全监管局,,2018-03-21
3449367,administrative data,管理数据，管理资料,,2018-03-21
3449368,administrative terminal system (ATS),行政管理终端系统,,2018-03-21
3449369,admissible,容许的,,2018-03-21
3449370,admissible control,容许控制,,2018-03-21
3449371,admissible error,容许误差,,2018-03-21
3449372,admissible mark,容许标示,,2018-03-21
3449373,admission,进气，进气口，进入，引进，放进,,2018-03-21
3449374,admission gear,进气装置,,2018-03-21
3449375,admission of air,吸气，进气,,2018-03-21
3449376,admission port,进气口,,2018-03-21
3449377,admission valve,进入阀，进气阀,,2018-03-21
3449378,admit,进气，供给，容许，允许,,2018-03-21
3449379,admittance,导纳,,2018-03-21
3449380,admittance bridge,导纳电桥,,2018-03-21
3449381,admittance chart,导纳图,,2018-03-21
3449382,admittance matrix,导纳矩阵,,2018-03-21
3449383,admittance operator,导纳运算子,,2018-03-21
3449384,admittance parameter,导纳参数,,2018-03-21
3449385,admittance relays,导纳电绎,,2018-03-21
3449386,admittance triangle,导纳三角形,,2018-03-21
3449387,admitting pipe,进水管，进气管,,2018-03-21
3449388,admixture,混合，混合物,,2018-03-21
3449389,adopt,采取，采纳，接受,,2018-03-21
3449390,adpedance,导抗(导纳和阻抗的总称),,2018-03-21
3449391,adsorb,吸附,,2018-03-21
3449392,adsorbability,吸附性,,2018-03-21
3449393,adsorbate,[被]吸附物[质],,2018-03-21
3449394,adsorbent,吸附剂,,2018-03-21
3449395,adsorbing substance,吸附物质,,2018-03-21
3449396,adsorption,吸附，吸附作用,,2018-03-21
3449397,adsorption current,吸附电流,,2018-03-21
3449398,adsorptive capacity,吸附量，吸附能力,,2018-03-21
3449399,adsorptive precipitation,吸附沉淀,,2018-03-21
3449400,adsorptivity,吸附性,,2018-03-21
3449401,advance,先行，高级，先进,,2018-03-21
3449402,advance angle,超前角,,2018-03-21
3449403,advance control,先行控制,,2018-03-21
3449404,advance operator,前进运算子,,2018-03-21
3449405,advance pulse,推进脉冲,,2018-03-21
3449406,advance train,先发列车,,2018-03-21
3449407,advanced,前进的,,2018-03-21
3449408,advanced control,前置控制,,2018-03-21
3449409,advanced development,试验，先导,,2018-03-21
3449410,advanced feed tape,前置导孔纸带,,2018-03-21
3449411,advanced gas-cooled reactor (AGR),进步型气冷反应器,,2018-03-21
3449412,advanced gas-cooling reactor,改进型气冷反应器,,2018-03-21
3449413,advanced ignition,提前点火,,2018-03-21
3449414,advanced linear programming system (ALPS),ALPS系统(高级线性规划系统),,2018-03-21
3449415,advanced research,先进研究,,2018-03-21
3449416,advanced research project agency network (ARPANET),高等研究计划局通信网,,2018-03-21
3449417,advanced science,先进科学,,2018-03-21
3449418,advanced scientific instruments sybolic translator (ASIST),符号翻译程式,,2018-03-21
3449419,advanced solid logic technology,先进固态逻辑技术,,2018-03-21
3449420,advancer,进相机,,2018-03-21
3449421,advancing,超前,,2018-03-21
3449422,advancing load stress,动载应力,,2018-03-21
3449423,advancing wave,前进波,,2018-03-21
3449424,advantage,优点,,2018-03-21
3449425,advantage factor,有利因数，利益因数,,2018-03-21
3449426,advantageous,有利的,,2018-03-21
3449427,advent,到来，出现,,2018-03-21
3449428,adverse,逆的，相反的，不利的，有害的,,2018-03-21
3449429,adverse current,逆流,,2018-03-21
3449430,adverse weather,恶劣天气,,2018-03-21
3449431,advertise,登广告，宣传,,2018-03-21
3449432,advertiser,信号装置，信号器,,2018-03-21
3449433,advertizer,信号装置，信号器,,2018-03-21
3449434,Aeo tube,辉光放电电子管,,2018-03-21
3449435,aeolian vibration,[导线的]风吹震动,,2018-03-21
3449436,aeolotropic,各向异性的,,2018-03-21
3449437,aeolotropism,各向异性,,2018-03-21
3449438,aerate,充气，通气，暴露在空气中,,2018-03-21
3449439,aeratron,自平衡电子交流电位计,,2018-03-21
3449440,aerial,天线，天线系统，空气的，空中的，架空的，航空的，架空线,,2018-03-21
3449441,aerial amplifier,天线放大器,,2018-03-21
3449442,aerial array,天线阵列,,2018-03-21
3449443,aerial cable,架空电缆,,2018-03-21
3449444,aerial cable guide,架空电缆引导滑车,,2018-03-21
3449445,aerial cable line,架空电缆线路,,2018-03-21
3449446,aerial cable support,架空缆车挂带,,2018-03-21
3449447,aerial cable way,架空索道,,2018-03-21
3449448,aerial capacity,天线容量,,2018-03-21
3449449,aerial circuit,天线电路，架空线路,,2018-03-21
3449450,aerial circuit breaker,天线断路器,,2018-03-21
3449451,aerial coil,天线线圈,,2018-03-21
3449452,aerial condenser,天线电容器,,2018-03-21
3449453,aerial conductor,架空线，明线，架空导线,,2018-03-21
3449454,aerial construction,架空线设施,,2018-03-21
3449455,aerial contamination,空气污染,,2018-03-21
3449456,aerial coupling,天线耦合,,2018-03-21
3449457,aerial crosstalk,空中串话干扰,,2018-03-21
3449458,aerial current,天线电流，架空电流,,2018-03-21
3449459,aerial discharge,气体放电,,2018-03-21
3449460,aerial dust filter,空气滤尘器,,2018-03-21
3449461,aerial earth switch,天线接地开关,,2018-03-21
3449462,aerial effect,天线效应,,2018-03-21
3449463,aerial efficiency,天线效率,,2018-03-21
3449464,aerial feeder,架空馈线,,2018-03-21
3449465,aerial gain,天线增益,,2018-03-21
3449466,aerial inductance,天线电感,,2018-03-21
3449467,aerial insulator,天线碍子,,2018-03-21
3449468,aerial line,架空线路,,2018-03-21
3449469,aerial lug,外部连接器,,2018-03-21
3449470,aerial network,天线网，架空网,,2018-03-21
3449471,aerial pole aerial switch,天线接地开关,,2018-03-21
3449472,aerial resistance,天线电阻,,2018-03-21
3449473,aerial series condenser,天线串联电容器,,2018-03-21
3449474,aerial switch,天线转换开关,,2018-03-21
3449475,aerial system,天线系统,,2018-03-21
3449476,aerial tuning,天线调谐,,2018-03-21
3449477,aerial tuning capacitor,天线调谐电容器,,2018-03-21
3449478,aerial tuning inductance,天线调谐电感,,2018-03-21
3449479,aerial tuning motor,天线调谐电动机,,2018-03-21
3449480,aerial wire,架空线,,2018-03-21
3449481,aerification,充气,,2018-03-21
3449482,aeriform body,气态物体,,2018-03-21
3449483,aerify,充气,,2018-03-21
3449484,aeriotron,一种收信放大管,,2018-03-21
3449485,aeriscope,爱利管(一种超光电摄像管),,2018-03-21
3449486,aero-ferric inductance,带气隙的铁心线圈电感,,2018-03-21
3449487,aerobic fermentation,好气(尝气)酦酵,,2018-03-21
3449488,aeroconcrete,加气混凝土,,2018-03-21
3449489,aerocrete,加气混凝土,,2018-03-21
3449490,aerodrome beacon,机场灯台,,2018-03-21
3449491,aerodrome lights,机场灯光,,2018-03-21
3449492,aerodynamic,气动的，空气动力,,2018-03-21
3449493,aerodynamic brake,气动制动器，气动闸,,2018-03-21
3449494,aerodynamic damper,空气动力阻尼器,,2018-03-21
3449495,aerodynamic load,空力动力负载,,2018-03-21
3449496,aerodynamic model,气体动力模型,,2018-03-21
3449497,aerodynamic parameter,空气动力参数,,2018-03-21
3449498,aerodynamic test,空气动力试验,,2018-03-21
3449499,aerodynamical,气动的，空气动力,,2018-03-21
3449500,aerodynamical resistance,气动阻力,,2018-03-21
3449501,aeroelastic stability,气动弹性稳定性,,2018-03-21
3449502,aerofoil,机翼，翼型，翼剖面，翼面,,2018-03-21
3449503,aerofoil drag,气翼拖拉力,,2018-03-21
3449504,aerofoil lift,气翼上升,,2018-03-21
3449505,aerogenerator,气动发电机,,2018-03-21
3449506,aerogram,无线电报，无线电信，航空信件，高空图解,,2018-03-21
3449507,aerogramme,无线电报，无线电信，航空信件，高空图解,,2018-03-21
3449508,aeromagnetic,空中测地磁的,,2018-03-21
3449509,aerometer,气体比重计，气量计,,2018-03-21
3449510,aeromotor,航空电动机,,2018-03-21
3449511,aeronatical ground light,地上航空灯光,,2018-03-21
3449512,aeronautical,航空的,,2018-03-21
3449513,aeronautical fixed station,固定航空电台,,2018-03-21
3449514,aeronautical mobile service,航空行动业务,,2018-03-21
3449515,aeronautical mobile-satellite service,卫星航空行动业务,,2018-03-21
3449516,aeronautical radio navigation land station,航空(无线电),,2018-03-21
3449517,aeronautical radio navigation satellite service,助航业务,,2018-03-21
3449518,aeronautical station,航空站,,2018-03-21
3449519,aerophare,航空电信标，无线电信标，航空指示灯,,2018-03-21
3449520,aerophone,无线信标，空中电话,,2018-03-21
3449521,aeroplane,飞机,,2018-03-21
3449522,aeroplane motor,航空电动机,,2018-03-21
3449523,aerosol,气态悬胶体,,2018-03-21
3449524,aerospace,宇航空间，大气，空气圈,,2018-03-21
3449525,aerospace application,航空应用,,2018-03-21
3449526,aerospace electric motor,宇航电动机,,2018-03-21
3449527,aerospace ground-support equipment (AGE),AGE太空用地面装备,,2018-03-21
3449528,aerotron,三极体,,2018-03-21
3449529,aerugo,氧化铜,,2018-03-21
3449530,Aether,以太,,2018-03-21
3449531,AFC system,自动调频系统,,2018-03-21
3449532,affinity,亲和力,,2018-03-21
3449533,affirm,肯定,,2018-03-21
3449534,aft gate,下游闸门，尾水闸门,,2018-03-21
3449535,after acceleration,后加速,,2018-03-21
3449536,after burning,后燃,,2018-03-21
3449537,after effect,后效,,2018-03-21
3449538,after etching,残余腐蚀,,2018-03-21
3449539,after flow,残余塑性流动,,2018-03-21
3449540,after glow,余辉,,2018-03-21
3449541,after heat,余热，后续残热,,2018-03-21
3449542,after image,残象,,2018-03-21
3449543,after-cooler,后冷却器,,2018-03-21
3449544,after-expansion,残余膨胀,,2018-03-21
3449545,after-filter,二次过滤器,,2018-03-21
3449546,after-glow duration,余辉持续时间,,2018-03-21
3449547,after-glow screen,余辉萤光屏,,2018-03-21
3449548,after-glow tube,余辉管,,2018-03-21
3449549,after-hardening,后硬化,,2018-03-21
3449550,after-heater,后热器,,2018-03-21
3449551,after-power,剩余功率,,2018-03-21
3449552,after-product,后产物，二次产品,,2018-03-21
3449553,after-treatment,后处理,,2018-03-21
3449554,afterbay,后池,,2018-03-21
3449555,aftercurrent,残余电流,,2018-03-21
3449556,afterglow,残光,,2018-03-21
3449557,afterheat cooling,余热冷却,,2018-03-21
3449558,afterpulse,剩余脉冲，残留脉冲,,2018-03-21
3449559,afterpulsing,寄生脉冲，残留脉冲,,2018-03-21
3449560,AGC economic dispatch summary,自动发电控制经济调度摘要,,2018-03-21
3449561,AGC performance monitor summary,自动发电控制运转成效监视,,2018-03-21
3449562,AGC system control parameters,自动发电控制电力系统控制参数,,2018-03-21
3449563,AGC unit control parameters,自动发电控制机组参数,,2018-03-21
3449564,AGC unit generation summary,自动发电控制机组发电量摘要,,2018-03-21
3449565,age,使用年份，寿命，时期，老化,,2018-03-21
3449566,age coating of lamp,灯泡老化层,,2018-03-21
3449567,age limit,[使用]年限，寿命,,2018-03-21
3449568,age resistance,抗老化性能，耐久性，时效电阻,,2018-03-21
3449569,age resister,抗老化剂，防老化剂,,2018-03-21
3449570,age-hardened,经久硬化,,2018-03-21
3449571,age-inhibiting addition,防老化添加剂,,2018-03-21
3449572,ageing,老化，陈化，磁性衰退现象,,2018-03-21
3449573,ageing effect,老化效应,,2018-03-21
3449574,ageing failure,老化破坏,,2018-03-21
3449575,ageing of a magnet,磁铁老化,,2018-03-21
3449576,ageing of cathode,阴极老化,,2018-03-21
3449577,ageing of insulation,绝缘老化,,2018-03-21
3449578,ageing of tube,电子管老化,,2018-03-21
3449579,ageing phenomenon,老化现象,,2018-03-21
3449580,ageing process,老化过程,,2018-03-21
3449581,ageing rate,老化速度,,2018-03-21
3449582,ageing resistance,抗老化性能，耐久性，时效电阻,,2018-03-21
3449583,ageing test,老化试验，耐久试验，时效试验,,2018-03-21
3449584,ageing voltage,老化[用]电压,,2018-03-21
3449585,ageing-resistant grease,耐老化滑脂,,2018-03-21
3449586,agenda,agendum的复数,,2018-03-21
3449587,agendum,执行规程，操作规程，远行程序语言，议事日程，会议事项，备忘录,,2018-03-21
3449588,agent,剂，介质，媒介物，因素,,2018-03-21
3449589,agglomerate,附聚物，积聚物，烧结块，烧结矿,,2018-03-21
3449590,agglomerating agent,凝结剂,,2018-03-21
3449591,agglomeration,附聚,,2018-03-21
3449592,agglutination,粘著,,2018-03-21
3449593,aggravate,加重,,2018-03-21
3449594,aggregate,集合体,,2018-03-21
3449595,aggregate capacity,总功率,,2018-03-21
3449596,aggregate error,累积误差,,2018-03-21
3449597,aggregate machine-tool,组合机床,,2018-03-21
3449598,aggregate recoil,集合反冲,,2018-03-21
3449599,aggregate unit,集合机组,,2018-03-21
3449600,aggregation fore,附著力,,2018-03-21
3449601,aging test,老化试验,,2018-03-21
3449602,agitate,激励,,2018-03-21
3449603,agitator,搅拌机,,2018-03-21
3449604,AGL radar,空用枪炮瞄准雷达,,2018-03-21
3449605,agone,无偏线,,2018-03-21
3449606,agonic line,无偏差线,,2018-03-21
3449607,agonic line of no declination,无偏线,,2018-03-21
3449608,agraphitic carbon,非结晶碳,,2018-03-21
3449609,agricultural service transformer,农用变压器,,2018-03-21
3449610,ahead,向前,,2018-03-21
3449611,ahead motion,前进转动,,2018-03-21
3449612,ahead of schedule,提前,,2018-03-21
3449613,ahead running,顺车,,2018-03-21
3449614,AI radar,空用截击雷达,,2018-03-21
3449615,aid,辅助设备,,2018-03-21
3449616,aided gravity scram,利用重力快速停机,,2018-03-21
3449617,aided tracking,半自动追踪，辅助追踪,,2018-03-21
3449618,aids to navigation,航路标识,,2018-03-21
3449619,aim,目标，瞄准，引导，制导，目的在于,,2018-03-21
3449620,air,空气，大气，空间，航空的,,2018-03-21
3449621,air admission port,进气口,,2018-03-21
3449622,air baffle,挡风板，导风板,,2018-03-21
3449623,air baffler,挡风板，导风板,,2018-03-21
3449624,air battery,空气电池,,2018-03-21
3449625,air bearing,空气轴承,,2018-03-21
3449626,air blast,气冲，气吹，气流，鼓风,,2018-03-21
3449627,air blast circuit breaker,气冲断路器,,2018-03-21
3449628,air blast cooling,风冷,,2018-03-21
3449629,air blast transformer,风冷式变压器,,2018-03-21
3449630,air bleeder,放气管，放气阀,,2018-03-21
3449631,air blow,送风，鼓风,,2018-03-21
3449632,air blower,送风机，鼓风机,,2018-03-21
3449633,air blowout,空气灭弧，吹气，喷气,,2018-03-21
3449634,air brake,气闸，空气制动器,,2018-03-21
3449635,air break disconnecting switch (ABDS),空断开关,,2018-03-21
3449636,air break switch (ABS),空断开关,,2018-03-21
3449637,air breaker,空气断路器,,2018-03-21
3449638,air bubble,气泡,,2018-03-21
3449639,air buffer,空气阻尼器，空气缓冲器,,2018-03-21
3449640,air capacitor,空气电容器,,2018-03-21
3449641,air capacity,空气量,,2018-03-21
3449642,air cell,空气电池,,2018-03-21
3449643,air chamber,(空)气室,,2018-03-21
3449644,air channel,空气通道,,2018-03-21
3449645,air chute,通风道,,2018-03-21
3449646,air circuit breaker,空气断路器,,2018-03-21
3449647,air cleaner,净气机,,2018-03-21
3449648,air collector,空气收集器,,2018-03-21
3449649,air compressing engine,空气压缩机,,2018-03-21
3449650,air compressor,空气压缩机,,2018-03-21
3449651,air condenser,空气电容器,,2018-03-21
3449652,air condition,空调,,2018-03-21
3449653,air conditioner,空气调节机,,2018-03-21
3449654,air conditioning,空气调节,,2018-03-21
3449655,air conditioning system,空气调节系统,,2018-03-21
3449656,air conditioning-programme controlled,程式控制的暖房与空调,,2018-03-21
3449657,air conduction,空气传导,,2018-03-21
3449658,air conduit,风道，风管,,2018-03-21
3449659,air contaminant,空污物,,2018-03-21
3449660,air convection,空气对流,,2018-03-21
3449661,air cooled,空气冷却,,2018-03-21
3449662,air cooled transformer,气冷变压器,,2018-03-21
3449663,air cooled tube,气冷(真空)管，气冷(电子)管,,2018-03-21
3449664,air cooled turbo-generator,空冷式汽轮发电机,,2018-03-21
3449665,air cooler,空气冷却器,,2018-03-21
3449666,air cooling,[空]气冷[却]，空冷，风冷,,2018-03-21
3449667,air core,空[气]心,,2018-03-21
3449668,air core choking coil,空心抗流圈,,2018-03-21
3449669,air core coil,空心线圈,,2018-03-21
3449670,air core reactor,空心电抗器,,2018-03-21
3449671,air current,气流,,2018-03-21
3449672,air cushion,气垫,,2018-03-21
3449673,air cylinder,空气筒,,2018-03-21
3449674,air damper,空气阻尼器，档风板,,2018-03-21
3449675,air damping,空气阻尼,,2018-03-21
3449676,air dashpot,空气缓冲器,,2018-03-21
3449677,air deflector,挡风板,,2018-03-21
3449678,air density,空气密度,,2018-03-21
3449679,air density correction factor,空气密度校正因数,,2018-03-21
3449680,air dew point,空气露点,,2018-03-21
3449681,air dielectric,空气介质,,2018-03-21
3449682,air dielectric capacitor,空气电容器,,2018-03-21
3449683,air discharge,空中放电,,2018-03-21
3449684,air discharge equipment,排气设备,,2018-03-21
3449685,air discharge purification system,排气净化系统，空气过滤系统,,2018-03-21
3449686,air door,气门,,2018-03-21
3449687,air draft,通风,,2018-03-21
3449688,air drain,通风道,,2018-03-21
3449689,air drainage,放气,,2018-03-21
3449690,air drier,空气干燥器,,2018-03-21
3449691,air drilling,气钻,,2018-03-21
3449692,air dry,气干，风干,,2018-03-21
3449693,air dry fibre,风干纤维,,2018-03-21
3449694,air dry varnish,风干漆,,2018-03-21
3449695,air dryer,空气干燥器,,2018-03-21
3449696,air duct,[通]风道，[通]风沟，气道,,2018-03-21
3449697,air ducting,导风装置(电机的),,2018-03-21
3449698,air ejector,抽气器，射气器,,2018-03-21
3449699,air engine,空气发动机,,2018-03-21
3449700,air entrainment,掺气，夹杂空气,,2018-03-21
3449701,air escape valve,放气阀,,2018-03-21
3449702,air evaporation,空气中蒸发,,2018-03-21
3449703,air expansion lightning arrester,气膨避雷器,,2018-03-21
3449704,air extracting pump,抽气机，抽气泵,,2018-03-21
3449705,air feed,供气，供风,,2018-03-21
3449706,air feeder,进气管，供气管，供气装置,,2018-03-21
3449707,air filter,空气过滤器，滤气器,,2018-03-21
3449708,air filtration system,排气净化系统，空气过滤系统,,2018-03-21
3449709,air flashover,气中闪络,,2018-03-21
3449710,air flow,气流,,2018-03-21
3449711,air flue,气道，风道,,2018-03-21
3449712,air foam rubber,泡沬橡胶，气沬橡胶,,2018-03-21
3449713,air force,空气动力,,2018-03-21
3449714,air friction,空气磨擦,,2018-03-21
3449715,air friction loss,空气磨擦损失,,2018-03-21
3449716,air gap,气隙,,2018-03-21
3449717,air gap asymmetry protection,气隙不对称保护,,2018-03-21
3449718,air gasification,空气气化，氧气气化,,2018-03-21
3449719,air gate,出气口，通风巷道，风巷,,2018-03-21
3449720,air governor,空气调节器,,2018-03-21
3449721,air grid,通风栅格，通风格子板,,2018-03-21
3449722,air heading,风向,,2018-03-21
3449723,air heating,热风供暖，热空气供暖,,2018-03-21
3449724,air heating system,空气热系统,,2018-03-21
3449725,air hole,气孔,,2018-03-21
3449726,air horn,气喇叭，角形气隙，气流振响报警号,,2018-03-21
3449727,air humidity,空气湿度,,2018-03-21
3449728,air in the core,铁心风道,,2018-03-21
3449729,air inflation,充气,,2018-03-21
3449730,air injection engine,喷入空气的发动机,,2018-03-21
3449731,air inlet,进气口，入气口,,2018-03-21
3449732,air inlet clack valve,进气瓣阀，进气活门,,2018-03-21
3449733,air inlet disk valve,进气圆盘阀,,2018-03-21
3449734,air inlet valve,进气阀,,2018-03-21
3449735,air insulation,空气绝缘,,2018-03-21
3449736,air intake,进气口,,2018-03-21
3449737,air interstice,气隙,,2018-03-21
3449738,air ion,空气离子,,2018-03-21
3449739,air leak,漏气,,2018-03-21
3449740,air level,水准仪,,2018-03-21
3449741,air line,架空线,,2018-03-21
3449742,air line distance,直线距离,,2018-03-21
3449743,air load,空气负荷,,2018-03-21
3449744,air loaded accumulator,储压器,,2018-03-21
3449745,air lock,气塞,,2018-03-21
3449746,air mandrel,空心轴,,2018-03-21
3449747,air manometer,空气压力表,,2018-03-21
3449748,air mass,空气质量,,2018-03-21
3449749,air masses,空气团,,2018-03-21
3449750,air material command compiler (Aimaco),艾马可编译程式,,2018-03-21
3449751,air monitor,空气侦测器，空气监听器,,2018-03-21
3449752,air monitoring,大气监测,,2018-03-21
3449753,air motor,风动发电机,,2018-03-21
3449754,air movement data,飞行资料,,2018-03-21
3449755,air opening,通风口,,2018-03-21
3449756,air orifice,气孔,,2018-03-21
3449757,air outlet,空气[导管]出口，排气口,,2018-03-21
3449758,air painting equipment,喷漆设备,,2018-03-21
3449759,air parameter,空气参数，空气环境参数,,2018-03-21
3449760,air particle,空气质点，空气粒子,,2018-03-21
3449761,air particle monitor,空气[中悬浮]粒子[放射性]监测器,,2018-03-21
3449762,air particle velocity,空气粒子速度,,2018-03-21
3449763,air passage,风道，风路，空气通道,,2018-03-21
3449764,air permeability,空气导磁率，透气性，空气渗透率,,2018-03-21
3449765,air pipe,[空]气管，风管,,2018-03-21
3449766,air pit,[通]气坑,,2018-03-21
3449767,air pocket,气囊，气穴，气袋,,2018-03-21
3449768,air pollutant,大气污物,,2018-03-21
3449769,air pollution,空气污染,,2018-03-21
3449770,air port,飞机场，航空站，风口，空气孔,,2018-03-21
3449771,air preheater,空气预热器,,2018-03-21
3449772,air pressure,[空]气压[力],,2018-03-21
3449773,air pressure duct,压缩空气管道，空气压力管道,,2018-03-21
3449774,air pressure gauge,气压计,,2018-03-21
3449775,air pressure pump,气压泵,,2018-03-21
3449776,air pressure switch,气压开关,,2018-03-21
3449777,air pressure test,气压试验,,2018-03-21
3449778,air pressure valve,气压阀,,2018-03-21
3449779,air pressure water system,气压供水系统,,2018-03-21
3449780,air proof,不透气,,2018-03-21
3449781,air pump,抽气机，空气泵,,2018-03-21
3449782,air reactor,空心电抗器,,2018-03-21
3449783,air receiver,受气器，储气筒,,2018-03-21
3449784,air reducer,减压器,,2018-03-21
3449785,air refrigerating machine,空气制冷机,,2018-03-21
3449786,air relay,气压电驿,,2018-03-21
3449787,air relief cock,放气旋塞,,2018-03-21
3449788,air reluctance,空气磁阻,,2018-03-21
3449789,air resistance,空气阻力,,2018-03-21
3449790,air route,空气管路,,2018-03-21
3449791,air scattering,空气散射,,2018-03-21
3449792,air seal,气封,,2018-03-21
3449793,air seasoning,风干,,2018-03-21
3449794,air separator,空气分离器,,2018-03-21
3449795,air setting,空气冷凝的,,2018-03-21
3449796,air shield,风罩，空气遮蔽,,2018-03-21
3449797,air shut-off valve,闭气阀,,2018-03-21
3449798,air silencer,空气消声器,,2018-03-21
3449799,air space,气隙,,2018-03-21
3449800,air space insulation,空隙绝缘，空气绝缘,,2018-03-21
3449801,air space paper core cable,空隙纸心电缆,,2018-03-21
3449802,air spaced coil,空隙线圈,,2018-03-21
3449803,air strainer,空气过滤器，滤气器,,2018-03-21
3449804,air stream,气流,,2018-03-21
3449805,air suction inlet,空气吸入口，吸气口,,2018-03-21
3449806,air suction pipe,吸气管,,2018-03-21
3449807,air supply system,送风系统，供气系统,,2018-03-21
3449808,air switch,空气开关,,2018-03-21
3449809,air temperature,气温,,2018-03-21
3449810,air temperature indicator,气温表，气温指示器,,2018-03-21
3449811,air tester,空气测定器,,2018-03-21
3449812,air thermostat,空气恒温器,,2018-03-21
3449813,air tight,密封的，气密的，不透气的,,2018-03-21
3449814,air tightness,气密性,,2018-03-21
3449815,air transformer,空心变压器,,2018-03-21
3449816,air trunk,通风总管，[通]风[管]路,,2018-03-21
3449817,air turbine,空气轮机，空气透平,,2018-03-21
3449818,air valve,气阀,,2018-03-21
3449819,air vane,风车叶，空气舵,,2018-03-21
3449820,air vent,通风孔，[通]气孔,,2018-03-21
3449821,air vent valve,空气活门,,2018-03-21
3449822,air warning radar (AWR),防空警戒雷达,,2018-03-21
3449823,air wave,无线电波(广播，电视的)，气波，气浪,,2018-03-21
3449824,air wire,天线，架空[导]线,,2018-03-21
3449825,air-air heat exchanger,空气-空气热交换器,,2018-03-21
3449826,air-blast connection pipe,气吹连管，气吹风管,,2018-03-21
3449827,air-blast heat exchanger,吹风式热交换器,,2018-03-21
3449828,air-blast switch,[空]气吹[弧]开关,,2018-03-21
3449829,air-borne radar,航载雷达,,2018-03-21
3449830,air-borne vibration,空气振动,,2018-03-21
3449831,air-break circuit-breaker,空气断路器,,2018-03-21
3449832,air-break contactor,空气断路接触器,,2018-03-21
3449833,air-break switch,空气断路开关,,2018-03-21
3449834,air-breather,呼吸器,,2018-03-21
3449835,air-calorimeter test,吹风发热试验,,2018-03-21
3449836,air-cast,无线电广播,,2018-03-21
3449837,air-cell battery,空气电池组,,2018-03-21
3449838,air-choke,空气扼流圈,,2018-03-21
3449839,air-circulating,空气循环,,2018-03-21
3449840,air-cleaning facility,空气净化装置,,2018-03-21
3449841,air-conditioner cooling generator,空[气]调[节]器冷却式发电机,,2018-03-21
3449842,air-conditioning equipment,空[气]调[节]设备,,2018-03-21
3449843,air-cooled engine,[空]气冷[却]发动机,,2018-03-21
3449844,air-cooled mercury rectifier,气冷式水银整流器,,2018-03-21
3449845,air-cooled motor,空冷[式]电动机,,2018-03-21
3449846,air-cooled reactor,气冷反应器,,2018-03-21
3449847,air-cooled solar collector,气体式太阳能收集器,,2018-03-21
3449848,air-cooling synchronous machine,空冷同步电机,,2018-03-21
3449849,air-cooling system,气冷系统，空冷系统,,2018-03-21
3449850,air-core cable,空气绝缘电缆,,2018-03-21
3449851,air-core choke coil,空心扼流圈,,2018-03-21
3449852,air-core deflection coil,空心偏转线圈,,2018-03-21
3449853,air-core reactor,空心电抗器,,2018-03-21
3449854,air-core solenoid,空心螺(线)管,,2018-03-21
3449855,air-core transformer,空心变压器,,2018-03-21
3449856,air-cored,空心的，无铁心的,,2018-03-21
3449857,air-cored instrument,空心电动仪表,,2018-03-21
3449858,air-deflector baffle,挡风板,,2018-03-21
3449859,air-depolarizing cell,空气电池,,2018-03-21
3449860,air-dried,空气干燥的，风干的,,2018-03-21
3449861,air-dried coal,风干煤,,2018-03-21
3449862,air-driven,风动的，空气驱动的,,2018-03-21
3449863,air-driven generator,风动发电机，气动发电机,,2018-03-21
3449864,air-drum,储气器，空气收集器,,2018-03-21
3449865,air-drying enamel,风干瓷漆,,2018-03-21
3449866,air-drying machine,空气干燥机,,2018-03-21
3449867,air-drying varnish,风干漆，[空]气干[燥]漆，自干漆,,2018-03-21
3449868,air-earth current,地空电流,,2018-03-21
3449869,air-exhaust passage,排风道，出风道,,2018-03-21
3449870,air-extractor,抽气设备，抽气器，抽风机,,2018-03-21
3449871,air-filled thermocouple,充气热电偶,,2018-03-21
3449872,air-free,无空气的,,2018-03-21
3449873,air-friction loss,空气磨擦损失,,2018-03-21
3449874,air-gap barrier,气隙隔板,,2018-03-21
3449875,air-gap clearance,气隙长度,,2018-03-21
3449876,air-gap coil,气隙线圈,,2018-03-21
3449877,air-gap current transformer,气隙电流变压器,,2018-03-21
3449878,air-gap cylinder,气隙圆筒,,2018-03-21
3449879,air-gap diameter,气隙直径,,2018-03-21
3449880,air-gap factor,气隙因数,,2018-03-21
3449881,air-gap field,气隙磁场,,2018-03-21
3449882,air-gap flux,气隙磁通,,2018-03-21
3449883,air-gap flux density,气隙磁通密度,,2018-03-21
3449884,air-gap flux waveform,气隙磁通波形,,2018-03-21
3449885,air-gap inductance,气隙电感,,2018-03-21
3449886,air-gap induction,气隙感应,,2018-03-21
3449887,air-gap insulating cylinder,气隙绝缘筒,,2018-03-21
3449888,air-gap leakage,气隙漏磁,,2018-03-21
3449889,air-gap line,气隙线,,2018-03-21
3449890,air-gap permeance,气隙磁导,,2018-03-21
3449891,air-gap reluctance motor,气隙磁阻马达,,2018-03-21
3449892,air-gap torque,气隙转矩,,2018-03-21
3449893,air-gap transformer,气隙变压器,,2018-03-21
3449894,air-gap voltage,气隙电压,,2018-03-21
3449895,air-gap width,气隙长(度),,2018-03-21
3449896,air-gap winding,气隙绕组,,2018-03-21
3449897,air-gauge,空气压力表，气压计,,2018-03-21
3449898,air-ground communication,陆空通信，空对地通信,,2018-03-21
3449899,air-handling,空气调节,,2018-03-21
3449900,air-handling luminaire,空调照明器具,,2018-03-21
3449901,air-heater,空气加热器,,2018-03-21
3449902,air-immersed transformer,空气绝缘变压器，干式变压器,,2018-03-21
3449903,air-in,供气，进气，补气，空气入口,,2018-03-21
3449904,air-inlet section,进风区，进风段,,2018-03-21
3449905,air-insulated terminal box,空气绝缘出线盒,,2018-03-21
3449906,air-intake cooler,进气管冷却器,,2018-03-21
3449907,air-intake heater,进气加热器,,2018-03-21
3449908,air-intake passage,进风道,,2018-03-21
3449909,air-intake pipe,进气管,,2018-03-21
3449910,air-intake valve,进气阀,,2018-03-21
3449911,air-interchange system,换气系统,,2018-03-21
3449912,air-line wire,架空导线,,2018-03-21
3449913,air-locked,不透气的,,2018-03-21
3449914,air-mileage unit,气流速度计,,2018-03-21
3449915,air-operated,空气操作的，风动的，气动的,,2018-03-21
3449916,air-operated switch,气动开关,,2018-03-21
3449917,air-operated valve,气动阀,,2018-03-21
3449918,air-out,出气，排气，出风，出气口，排风口,,2018-03-21
3449919,air-over,[风扇]吹风的，通风的,,2018-03-21
3449920,air-over-hydraulic brake,气-液制器,,2018-03-21
3449921,air-over-motor,带风扇通风的电动机，外通风电动机,,2018-03-21
3449922,air-powered,气动的,,2018-03-21
3449923,air-pressure switch,气压开关,,2018-03-21
3449924,air-release valve,放气阀,,2018-03-21
3449925,air-space cable,空气绝缘电缆,,2018-03-21
3449926,air-spaced condenser,空气电容器,,2018-03-21
3449927,air-tight frame,气密机座,,2018-03-21
3449928,air-tight machine,气密型电机,,2018-03-21
3449929,air-to-air cooled machine,空-空冷却式电机(装有空-空热交换器的空冷式电机),,2018-03-21
3449930,air-trap,空气阱,,2018-03-21
3449931,airborne,空中的，空运的，飞机载的，通过无线电广播的,,2018-03-21
3449932,airborne contaminant,空气污染,,2018-03-21
3449933,airborne pollution,空气污染,,2018-03-21
3449934,airborne radioactivity,大气放射性,,2018-03-21
3449935,airborne sound,大气噪音,,2018-03-21
3449936,airbrake switch,空气制动开关,,2018-03-21
3449937,aircraft,飞机,,2018-03-21
3449938,aircraft communication electronic signaling system 　(ACCESS),航空通信电子信号系统,,2018-03-21
3449939,aircraft echo,飞机回波,,2018-03-21
3449940,aircraft generator,航空发电机,,2018-03-21
3449941,aircraft gun laying radar,空用枪炮瞄准雷达,,2018-03-21
3449942,aircraft induction motor,航空用感应电动机,,2018-03-21
3449943,aircraft interception radar,空用截击雷达,,2018-03-21
3449944,aircraft pitch control,飞机俯仰控制,,2018-03-21
3449945,aircraft radio,航空无线电,,2018-03-21
3449946,aircraft reactor experiment (ARE),飞行反应器实验,,2018-03-21
3449947,aircraft receiver,飞机用接收机,,2018-03-21
3449948,aircraft servo motor,航空伺服电动机,,2018-03-21
3449949,aircraft station,飞机电台，航空电台,,2018-03-21
3449950,aircraft transformer,航空用变压器,,2018-03-21
3449951,aircured,用空气处理的,,2018-03-21
3449952,airfast,不透风的，不透气的,,2018-03-21
3449953,airglow,大气辉光，大气夜间发光的现象,,2018-03-21
3449954,airing,晾干，风干，通风，通气，无线电或电视广播，发表,,2018-03-21
3449955,airmeter,风速计,,2018-03-21
3449956,airometer,风速计,,2018-03-21
3449957,airplane,飞机,,2018-03-21
3449958,airplane generator,飞机[用]发电机,,2018-03-21
3449959,airpoise,空气重量计,,2018-03-21
3449960,airport control station,航空站,,2018-03-21
3449961,airscoop,进气口,,2018-03-21
3449962,airscoop heater,进气口加热器,,2018-03-21
3449963,airview,鸟瞰图,,2018-03-21
3449964,Ajax-Northrup furnace,无[铁]心高频感应电炉,,2018-03-21
3449965,Ajax-Wyatt furnace,[有铁心]感应电炉,,2018-03-21
3449966,alar,铝矽系合金,,2018-03-21
3449967,alarm,警报,,2018-03-21
3449968,alarm & event,警报与事件,,2018-03-21
3449969,alarm annunciator,报警器,,2018-03-21
3449970,alarm bell,警铃,,2018-03-21
3449971,alarm circuit,警报电路，报警电路,,2018-03-21
3449972,alarm deadband,警报不感带,,2018-03-21
3449973,alarm display,警报显示,,2018-03-21
3449974,alarm fuse,报警熔线，报警保险丝,,2018-03-21
3449975,alarm horn,警报器,,2018-03-21
3449976,alarm indicator,报警指示器,,2018-03-21
3449977,alarm lamp,警报灯，报警灯，警灯,,2018-03-21
3449978,alarm limit overrides,警报极限值更改,,2018-03-21
3449979,alarm manometer,报警气压计,,2018-03-21
3449980,alarm pressure gauge,报警压力计,,2018-03-21
3449981,alarm relay,警报电驿,,2018-03-21
3449982,alarm signal,报警信号，警报信号,,2018-03-21
3449983,alarm switch,警报开关,,2018-03-21
3449984,alarm thermometer,警号温度计,,2018-03-21
3449985,alarm whistle,警笛,,2018-03-21
3449986,albaloy,电解沉淀用合金,,2018-03-21
3449987,albany grease,润滑脂,,2018-03-21
3449988,albedo,反照率,,2018-03-21
3449989,albertite,黑沥青,,2018-03-21
3449990,albronze,铝青铜,,2018-03-21
3449991,alcali,强碱,,2018-03-21
3449992,alcatron,圆片式场效应电晶体,,2018-03-21
3449993,alchemical,原子核反应,,2018-03-21
3449994,alcogel,醇凝胶,,2018-03-21
3449995,alcohol,酒精,,2018-03-21
3449996,alcohol gauge,酒精气压计,,2018-03-21
3449997,alcohol thermometer,酒精温度计,,2018-03-21
3449998,alcoholic fermentation,酒精酦酵,,2018-03-21
3449999,Alcomax,阿克玛铁合金,,2018-03-21
3450000,alcosol,醇溶液,,2018-03-21
3450001,Alcumite,阿尔库麦特铜铝合金(铜88.92%，铝7.65%，铁2.02%，镍1.41%),,2018-03-21
3450002,aldal,铝达尔合金(铜4%，锰0.5%，镁0.5%，矽0.6%与硬铝很相似),,2018-03-21
3450003,aldehyde,醛，乙醛,,2018-03-21
3450004,Alden power brake,奥尔登动力制动器，奥尔登测功器(测量发电机功率用),,2018-03-21
3450005,aldis lamp,轻便信号灯,,2018-03-21
3450006,Aldrey,奥尔特来(铝镁硅合金),,2018-03-21
3450007,aldural,高强度铝合金,,2018-03-21
3450008,alert,警报信号，警报，警戒，警惕,,2018-03-21
3450009,alertor,警报器,,2018-03-21
3450010,Alexanderson generator,亚历山大逊发电机(一种高频发电机),,2018-03-21
3450011,alexanderson's alternator,亚历山大逊交流机,,2018-03-21
3450012,Alfenol,阿费诺尔铝铁高导磁合金阿费里姆铝合金(铜2.5%，镁0.6%，锰0.5%矽0.3%，余量铝),,2018-03-21
3450013,Alfero,铁铝磁性合金,,2018-03-21
3450014,Alfve'n speed,阿耳芬波速(率),,2018-03-21
3450015,Alfve'n wave,阿耳芬波,,2018-03-21
3450016,algebra,代数,,2018-03-21
3450017,algebra of logic,逻辑代数,,2018-03-21
3450018,algebra of matrices,[矩]阵代数,,2018-03-21
3450019,algebraic average error,代数平均误差,,2018-03-21
3450020,algebraic compiler (ALCOM),代数编译程式,,2018-03-21
3450021,algebraic compiler and translator I (ACT/I),代数编译程式,,2018-03-21
3450022,algebraic computer,代数计算机,,2018-03-21
3450023,algebraic equation,代数方程,,2018-03-21
3450024,algebraic language,代数语言,,2018-03-21
3450025,algebraic oriented language (ALGOL),奥高(程式)语言，代数导向语言,,2018-03-21
3450026,algebraic sum,代数和,,2018-03-21
3450027,algebraic translator (ALTRAN),亚传翻译程式，亚传翻译器,,2018-03-21
3450028,algebraically apparent power,代数视在功率,,2018-03-21
3450029,algebraically oriented language (ALGOL),代数导向语言,,2018-03-21
3450030,ALGOL 60,亚高60语言,,2018-03-21
3450031,ALGOL 68,亚高68语言,,2018-03-21
3450032,algorism,算法，算术规则,,2018-03-21
3450033,algorithm,演算法，算法，算术规则,,2018-03-21
3450034,algorithm routine,算法常式,,2018-03-21
3450035,algorithm theory,算法理论,,2018-03-21
3450036,"algorithm, digital filtering",数位滤波演算法,,2018-03-21
3450037,"algorithm, queue control",排队控制演算法,,2018-03-21
3450038,algorithmic dispatching,算法调度,,2018-03-21
3450039,algorithmic language,算法语言，ALGOL语言,,2018-03-21
3450040,algorithmic routine,演算常式,,2018-03-21
3450041,algorithmic scheduling,算法排程,,2018-03-21
3450042,alias,别名,,2018-03-21
3450043,alias-type transformation,图象固定座标移动的变换,,2018-03-21
3450044,aliasing,频叠，别名，混淆，交接点,,2018-03-21
3450045,alien,外国的,,2018-03-21
3450046,align,对准，调整，调节，定位，定中心，使成一直线,,2018-03-21
3450047,alignability,可对准度,,2018-03-21
3450048,aligned-grid valve,对栅管,,2018-03-21
3450049,aligner,对准仪,,2018-03-21
3450050,aligning capacitor,微调电容器,,2018-03-21
3450051,alignment,调整，校准，对准，排列成行，轴线平行性,,2018-03-21
3450052,alignment chart,调正图，计算图表,,2018-03-21
3450053,alignment coil,微调线圈,,2018-03-21
3450054,alignment diagram,列线图,,2018-03-21
3450055,alignment error,对准误差,,2018-03-21
3450056,alignment of a hole,孔对准,,2018-03-21
3450057,alignment of tuned circuit,调谐电路微调,,2018-03-21
3450058,alignment scope,调正示波器,,2018-03-21
3450059,alive,带电,,2018-03-21
3450060,alkali,碱性,,2018-03-21
3450061,alkali battery,碱性电池,,2018-03-21
3450062,alkali content,咸金属含量，盐含量,,2018-03-21
3450063,alkali fastness,抗碱性，耐碱性,,2018-03-21
3450064,alkali free,无碱，不含碱,,2018-03-21
3450065,alkali ion,碱离子,,2018-03-21
3450066,alkali liquor,碱液,,2018-03-21
3450067,alkali lye,碱液,,2018-03-21
3450068,alkali metal,碱金属,,2018-03-21
3450069,alkali metal high-temperature battery,碱金属高温电池,,2018-03-21
3450070,alkali soluble,碱溶性，可溶于碱液碱可溶,,2018-03-21
3450071,alkali-resistivity,耐碱性,,2018-03-21
3450072,alkaliferous,含碱性,,2018-03-21
3450073,alkalimeter,碱度计,,2018-03-21
3450074,alkaline accumulator,碱累积器,,2018-03-21
3450075,alkaline cell,碱性电池,,2018-03-21
3450076,alkaline earth metals,碱土金属,,2018-03-21
3450077,alkaline electrolysis,碱性电解,,2018-03-21
3450078,alkaline element,碱性元素,,2018-03-21
3450079,alkaline flux,碱性熔剂,,2018-03-21
3450080,alkaline liquor,碱液,,2018-03-21
3450081,alkaline storage battery,碱性蓄电池,,2018-03-21
3450082,alkalinity,碱性，碱度，含碱量,,2018-03-21
3450083,alkalizing,碱化,,2018-03-21
3450084,alkyd,醇酸，醇酸树脂,,2018-03-21
3450085,alkyd resin,醇酸树脂，聚酯树脂,,2018-03-21
3450086,all band,全波段，全频带,,2018-03-21
3450087,all busy,全占，全忙,,2018-03-21
3450088,all busy circuit,全忙电路,,2018-03-21
3450089,all cover,全罩式,,2018-03-21
3450090,all day efficiency,全日效率,,2018-03-21
3450091,all magnetic,全磁,,2018-03-21
3450092,all mark,全标示,,2018-03-21
3450093,all print,全印刷,,2018-03-21
3450094,all relay interlocking,全电驿联锁,,2018-03-21
3450095,all relay system,全电驿系统,,2018-03-21
3450096,all time high,最高记录,,2018-03-21
3450097,all time low,最低记录,,2018-03-21
3450098,all transistor computer,全电晶体电脑,,2018-03-21
3450099,all wave,全波,,2018-03-21
3450100,all wave antenna,全波天线,,2018-03-21
3450101,all wave band,全波段，全频带,,2018-03-21
3450102,all wave operation,全波操作，全波运行,,2018-03-21
3450103,all wave oscillation,全波振荡,,2018-03-21
3450104,all wave oscillator,全波振荡器,,2018-03-21
3450105,all wave receiver,全波接收器,,2018-03-21
3450106,all-blast heating system,全吹式暖气系统,,2018-03-21
3450107,all-electric,全电气式,,2018-03-21
3450108,all-electric plant,全电气式工厂,,2018-03-21
3450109,all-electric signaling,全电气式发信,,2018-03-21
3450110,all-electric system,全电气式系统,,2018-03-21
3450111,all-electronic,全电子式,,2018-03-21
3450112,all-function,通用,,2018-03-21
3450113,all-graphite reflector,全石墨反射器,,2018-03-21
3450114,all-in resistance,总电阻,,2018-03-21
3450115,all-in-one cable,合用电缆,,2018-03-21
3450116,all-in-one-piece,整个,,2018-03-21
3450117,all-insulation,全绝缘,,2018-03-21
3450118,all-mains,通用电源供电,,2018-03-21
3450119,all-mains receiver,通用电源接收机，交直流两用接收机,,2018-03-21
3450120,all-metal,全金属,,2018-03-21
3450121,all-metal tube,全金属电子管,,2018-03-21
3450122,all-night circuit,路灯电路,,2018-03-21
3450123,all-night lamp,彻夜灯,,2018-03-21
3450124,all-number calling (ANC),全数呼叫,,2018-03-21
3450125,all-or-none principle,全有或全无原则,,2018-03-21
3450126,all-or-nothing relay,全有或全无电驿，逻辑运算电驿,,2018-03-21
3450127,all-pass,全通,,2018-03-21
3450128,all-pass network,全通网路,,2018-03-21
3450129,all-purpose,全能，通用，万用,,2018-03-21
3450130,all-purpose engine oil,通用机油,,2018-03-21
3450131,all-purpose grease,通用润滑脂,,2018-03-21
3450132,all-purpose instrument,万用仪表,,2018-03-21
3450133,all-purpose language,万用语言,,2018-03-21
3450134,all-purpose meter,万用表,,2018-03-21
3450135,all-purpose motor,万用电动机,,2018-03-21
3450136,all-relay coded interlocking,全电驿编码化联锁,,2018-03-21
3450137,all-relay selector,全电驿选择器,,2018-03-21
3450138,all-round,全面性，全向,,2018-03-21
3450139,all-trunk busy register,中继线全忙登录，中继线全忙暂存,,2018-03-21
3450140,all-up weight,总重，满载重量,,2018-03-21
3450141,all-watt motor,全瓦特马达；全瓦特电动机,,2018-03-21
3450142,all-weather,全天候,,2018-03-21
3450143,all-welded construction,全焊结构,,2018-03-21
3450144,Allan cell,阿伦电池,,2018-03-21
3450145,Allen's loop test,阿仑回路试验,,2018-03-21
3450146,alligator,起重机,,2018-03-21
3450147,alligator clip,弹簧夹，鳄鱼夹,,2018-03-21
3450148,Allis diagram,阿里士图,,2018-03-21
3450149,allobar,异组分体，同素异重体，气压等变线,,2018-03-21
3450150,allocate storage,配置储存,,2018-03-21
3450151,allocation,分配，配置，部署，定位,,2018-03-21
3450152,allocation scheme,配置图，定位图，配线计划,,2018-03-21
3450153,allocator,分配程式，配置器,,2018-03-21
3450154,allochromatic crystal,杂色晶体，杂光电导性晶体,,2018-03-21
3450155,allochromy,磷光效应,,2018-03-21
3450156,allotment,调配，分配，配给，区段，矿段,,2018-03-21
3450157,allotrope,同素异形体,,2018-03-21
3450158,allotropy,同素异形,,2018-03-21
3450159,allotter,分配器，配置器,,2018-03-21
3450160,allowable bearing capacity,许可负载量，许可轴承承压能力,,2018-03-21
3450161,allowable burnup,容许燃耗,,2018-03-21
3450162,allowable constant current,容许恒定电流,,2018-03-21
3450163,allowable current,容许电流,,2018-03-21
3450164,allowable deviation,容许偏差,,2018-03-21
3450165,allowable error,容许误差,,2018-03-21
3450166,allowable exposure,容许照射，容许曝光,,2018-03-21
3450167,allowable force,容许力,,2018-03-21
3450168,allowable heat limit,容许热限,,2018-03-21
3450169,allowable inverse voltage,容许逆电压,,2018-03-21
3450170,allowable limit,容许限度，允许极限,,2018-03-21
3450171,allowable load,容许负载,,2018-03-21
3450172,allowable pressure,容许压力,,2018-03-21
3450173,allowable strength,容许强度,,2018-03-21
3450174,allowable stress,容许应力,,2018-03-21
3450175,allowable temperature,容许温度,,2018-03-21
3450176,allowable tension,容许拉力，容许张力,,2018-03-21
3450177,allowable tolerance,容差,,2018-03-21
3450178,allowable value,容许值,,2018-03-21
3450179,allowable variation,容许差异,,2018-03-21
3450180,allowable voltage,容许电压,,2018-03-21
3450181,allowable voltage deviation,容许电压偏差,,2018-03-21
3450182,allowable working speed,容许工作速率,,2018-03-21
3450183,allowable-switching current,容许切换电流,,2018-03-21
3450184,allowance,容差，容许量,,2018-03-21
3450185,allowed band,容许带,,2018-03-21
3450186,allowed energy band,容许能带,,2018-03-21
3450187,allowed frequency,容许频率，可用频率,,2018-03-21
3450188,alloy,合金,,2018-03-21
3450189,alloy bulk diffused base transistor (ABDT),熔接体扩散基极电晶体,,2018-03-21
3450190,alloy bulk diffusion technique (ABDT),熔接体扩散技术,,2018-03-21
3450191,alloy diffused base transistor (ADT),熔合扩散基极电晶体,,2018-03-21
3450192,alloy diffusion technique (ADT),熔合扩散技术,,2018-03-21
3450193,alloy junction,合金接面,,2018-03-21
3450194,alloy photocathode,合金光电阴极,,2018-03-21
3450195,alloy steel,合金钢,,2018-03-21
3450196,alloy type transistor,熔接式电晶体,,2018-03-21
3450197,alloy-junction photocell,熔接接面结光电池,,2018-03-21
3450198,alloyed diode,熔接式二极体管,,2018-03-21
3450199,alloyed transistor,熔接式电晶体,,2018-03-21
3450200,alloying junction transistor,熔接接面电晶体,,2018-03-21
3450201,Allstrom relay,奥史特龙电驿,,2018-03-21
3450202,allude,提到，引证，暗示,,2018-03-21
3450203,allumen,锌铝合金,,2018-03-21
3450204,ally arm,架，支架，托架，支臂，悬臂,,2018-03-21
3450205,allyl resin,烯丙基树脂,,2018-03-21
3450206,Almelec,铝镁合金,,2018-03-21
3450207,Almelec conductor,铝镁合金导体,,2018-03-21
3450208,alminal,铝矽合金,,2018-03-21
3450209,almost periodic function,准周期函数,,2018-03-21
3450210,almost triangular matrix,准三角形矩阵,,2018-03-21
3450211,almost-linear,准线性,,2018-03-21
3450212,alni,铝镍永磁合金,,2018-03-21
3450213,Alnic,铁镍铝合金,,2018-03-21
3450214,alnico,铝镍钴合金,,2018-03-21
3450215,alnico magnet,铝镍钴磁铁,,2018-03-21
3450216,Alpert-ionization gauge,阿尔帕特电离计,,2018-03-21
3450217,Alpeth cable,阿尔贝斯电缆,,2018-03-21
3450218,alpha,阿法，阿法质点,,2018-03-21
3450219,alpha absorber,α射线吸收器,,2018-03-21
3450220,alpha cell,阿法电池,,2018-03-21
3450221,alpha code,字母码,,2018-03-21
3450222,alpha counter,阿法计数器,,2018-03-21
3450223,alpha cutoff frequency,阿法截止频率,,2018-03-21
3450224,alpha decay,阿法衰减,,2018-03-21
3450225,alpha disintegration,阿法蜕变,,2018-03-21
3450226,alpha disintegration energy,阿法蜕变能,,2018-03-21
3450227,alpha emission,阿法放射,,2018-03-21
3450228,alpha emitter,阿法发射器,,2018-03-21
3450229,alpha function,α函数,,2018-03-21
3450230,alpha hazard,α危害,,2018-03-21
3450231,alpha neutron reaction,阿法中子反应,,2018-03-21
3450232,alpha particle,α粒子,,2018-03-21
3450233,alpha phase,α相,,2018-03-21
3450234,alpha radiation,α辐射,,2018-03-21
3450235,alpha ray,α射线,,2018-03-21
3450236,alpha rhythm,阿法(脑波)韵律,,2018-03-21
3450237,alpha-phosphorescence band,阿法燐光带,,2018-03-21
3450238,alphabetic code,字母码,,2018-03-21
3450239,alphabetic coding,字母编码,,2018-03-21
3450240,alphabetic data code,字母数据码,,2018-03-21
3450241,alphabetic numeric,字母数字,,2018-03-21
3450242,alphabetic string,字母串,,2018-03-21
3450243,alphabetic telegram,字母电报,,2018-03-21
3450244,alphabetic telegraph signal,字母电报讯号,,2018-03-21
3450245,alphabetic telegraphy,字母电报术,,2018-03-21
3450246,alphabetic word,文字,,2018-03-21
3450247,alphabetical punch,字母穿孔,,2018-03-21
3450248,alphabetical puncher,字母穿孔机,,2018-03-21
3450249,alphameric code,字母数字码,,2018-03-21
3450250,alphameric display,字母数字显示,,2018-03-21
3450251,alphameric instruction,字母数字型指令,,2018-03-21
3450252,alphameric read out,字母数字读出,,2018-03-21
3450253,alphameric reader,字母数字阅读机,,2018-03-21
3450254,alphameric symbol,字母数字符号,,2018-03-21
3450255,alphameric-graphic display,字母数字-图像显示器,,2018-03-21
3450256,alphanumeric reader,字母数字阅读机,,2018-03-21
3450257,alphanumeric symbol,字母数字符号,,2018-03-21
3450258,alphanumerical character set,字数字元集合,,2018-03-21
3450259,alphanumerical code,字数码,,2018-03-21
3450260,alphanumerical instruction,字数指令,,2018-03-21
3450261,alphascope,字母显示器,,2018-03-21
3450262,alphatron,α电离真空规，α粒子电离计，α管(测定电离程度用的),,2018-03-21
3450263,alphax,在电场中会变色的特种试纸,,2018-03-21
3450264,Alsifer,矽铝铁合金(矽40%，铝20%，铁40%),,2018-03-21
3450265,Alsimag,铝矽镁合金(一种高频绝缘材料),,2018-03-21
3450266,alternate current (AC),交流[电],,2018-03-21
3450267,alternate design,替代设计，替代方案,,2018-03-21
3450268,alternate load,交变负载,,2018-03-21
3450269,alternate method,选代法，交错法,,2018-03-21
3450270,alternate operation,轮替操作,,2018-03-21
3450271,alternate optima,交替最优法，交替最佳法,,2018-03-21
3450272,alternate path,第二通路,,2018-03-21
3450273,alternate routine,交错程序,,2018-03-21
3450274,alternate stress,交变应力，反复应力,,2018-03-21
3450275,alternating,交变的，交流的，振荡的,,2018-03-21
3450276,alternating bending stress,交变弯应力,,2018-03-21
3450277,alternating biasing,交流偏压,,2018-03-21
3450278,alternating component,交流成分,,2018-03-21
3450279,alternating continuous-current commutating machine,交流-直流变换装置,,2018-03-21
3450280,alternating current (AC),交流电流,,2018-03-21
3450281,alternating current ammeter,交流安培计,,2018-03-21
3450282,alternating current balancer,交流均压机,,2018-03-21
3450283,alternating current characteristic,交流特性曲线,,2018-03-21
3450284,alternating current circuit,交流电路,,2018-03-21
3450285,alternating current dialing,交流拨号,,2018-03-21
3450286,alternating current generator,交流发电机,,2018-03-21
3450287,alternating current motor,交流电动机,,2018-03-21
3450288,alternating current relay,交流电驿,,2018-03-21
3450289,alternating current resistance,交流电阻,,2018-03-21
3450290,alternating current system,交流系统,,2018-03-21
3450291,alternating current tube,交流真空管,,2018-03-21
3450292,alternating current voltmeter,交流伏特计，交流电压表,,2018-03-21
3450293,alternating discharge,交流放电,,2018-03-21
3450294,alternating displacement,交变位移,,2018-03-21
3450295,alternating E.M.F.,交流电动势,,2018-03-21
3450296,alternating electromagnet,交流电磁铁,,2018-03-21
3450297,alternating electromotive force,交流电动势,,2018-03-21
3450298,alternating field,交流磁场，交流电场,,2018-03-21
3450299,alternating flux,交变通量,,2018-03-21
3450300,alternating function,交变函数,,2018-03-21
3450301,alternating hysteresis,交变磁滞,,2018-03-21
3450302,alternating light,交变灯,,2018-03-21
3450303,alternating magnetic field,交变磁场,,2018-03-21
3450304,alternating magnetization,交变磁化,,2018-03-21
3450305,alternating matrix,交变矩阵,,2018-03-21
3450306,alternating motion,交变运动,,2018-03-21
3450307,alternating potential difference,交流电位差,,2018-03-21
3450308,alternating spark-over voltage,交流闪络电压,,2018-03-21
3450309,alternating stress,交变应力,,2018-03-21
3450310,alternating voltage,交流电压,,2018-03-21
3450311,alternating voltage test,交流电压试验,,2018-03-21
3450312,alternating-current amplifier,交流放大器,,2018-03-21
3450313,alternating-current bridge,交流电桥,,2018-03-21
3450314,alternating-current calculating board,交流计算盘,,2018-03-21
3450315,alternating-current characteristic,交流特性曲线,,2018-03-21
3450316,alternating-current commutator,交流换向器,,2018-03-21
3450317,alternating-current component,交流分量,,2018-03-21
3450318,alternating-current controller,交流控制器,,2018-03-21
3450319,alternating-current converter,交流换流器,,2018-03-21
3450320,alternating-current distribution,交流配电,,2018-03-21
3450321,alternating-current dynamo,交流电机,,2018-03-21
3450322,alternating-current electromagnetic pump,交流电磁帮浦,,2018-03-21
3450323,alternating-current exciter,交流励磁机,,2018-03-21
3450324,alternating-current feeding,交流馈电,,2018-03-21
3450325,alternating-current field,交流场,,2018-03-21
3450326,alternating-current generator,交流发电机,,2018-03-21
3450327,alternating-current hum,交流哼声,,2018-03-21
3450328,alternating-current impedance,交流阻抗,,2018-03-21
3450329,alternating-current mains,交流电网，交流电源，交流干线,,2018-03-21
3450330,alternating-current measurement,交流测量,,2018-03-21
3450331,alternating-current motor,交流电动机,,2018-03-21
3450332,alternating-current phase meter,相差计，相位计,,2018-03-21
3450333,alternating-current reference-voltage measuring unit,交流基准电压量测装置,,2018-03-21
3450334,alternating-current relay,交流电驿,,2018-03-21
3450335,alternating-current resistance,交流电阻,,2018-03-21
3450336,alternating-current transformer,交流变压器,,2018-03-21
3450337,alternating-current transmission,交流输电,,2018-03-21
3450338,alternating-current watt-hour meter,交流电度表,,2018-03-21
3450339,alternating-current winding,交流线组,,2018-03-21
3450340,alternating-gradient synchrotron,交变[磁场]梯度同步加速器,,2018-03-21
3450341,alternation,交变，交替,,2018-03-21
3450342,alternation gate,替换闸,,2018-03-21
3450343,alternation of density,密度交变,,2018-03-21
3450344,alternation switch,交替开关,,2018-03-21
3450345,alternative biasing,交流偏压,,2018-03-21
3450346,alternative denial gate,交替闸,,2018-03-21
3450347,alternative energy source,替代能源,,2018-03-21
3450348,alternative switch,交替开关,,2018-03-21
3450349,alternator,交流电机,,2018-03-21
3450350,alternator armature,交流电机电枢,,2018-03-21
3450351,alternator armature winding,交流电机电枢线组,,2018-03-21
3450352,alternator field voltage,交流电机励磁电压,,2018-03-21
3450353,alternator overcurrent,交流电机过电流,,2018-03-21
3450354,alternator transmitter,高频发电机发射机,,2018-03-21
3450355,alternator with tooth wheel inductor,齿轮感应体交流电机,,2018-03-21
3450356,alternator-rectifier exciter,交流电机-整流器式励磁装置,,2018-03-21
3450357,althyrex excitation system,交流整流励磁系统,,2018-03-21
3450358,altichamber,高海拔试验室，高空[模拟]试验室，气压试验室,,2018-03-21
3450359,altimeter,测高仪，高度计,,2018-03-21
3450360,altitude,高度，高程，海拔，地平纬度,,2018-03-21
3450361,altitude of the apogee,远地点高度,,2018-03-21
3450362,altitude of the perigee,近地点高度,,2018-03-21
3450363,altitude switch,高海拔开关,,2018-03-21
3450364,alto-cumulus,高积云,,2018-03-21
3450365,alto-stratus,高层云,,2018-03-21
3450366,Aludur,阿鲁杜合金，铝镁合金,,2018-03-21
3450367,aluflex,[电缆电线用]锰铝合金,,2018-03-21
3450368,Aluman,阿留曼铝合金，含锰锻造铝合金(矽0.25%，铁0.3%，锰1铜0.1%，其余为铝),,2018-03-21
3450369,Alumel,阿留麦尔镍合金(一种含锰﹑铝﹑矽的镍基合金),,2018-03-21
3450370,alumel-chromel thermocouple,镍铝-镍铬热电偶,,2018-03-21
3450371,alumina,钒土，铝土，氧化铝,,2018-03-21
3450372,aluminium (Al),铝,,2018-03-21
3450373,aluminium alloy,铝合金,,2018-03-21
3450374,aluminium alloy wedge,铝合金槽楔,,2018-03-21
3450375,aluminium armature,铝线电枢,,2018-03-21
3450376,aluminium base alloy,铝基合金,,2018-03-21
3450377,aluminium beads collector,铝珠集电极,,2018-03-21
3450378,aluminium bronze,铝青铜,,2018-03-21
3450379,aluminium busbar,铝汇流条，铝母线,,2018-03-21
3450380,aluminium cable,铝心电缆,,2018-03-21
3450381,aluminium cable steel reinforced (ACSR),钢心铝缆线,,2018-03-21
3450382,aluminium cell,铝电池，铝电解槽，铝管[避雷器],,2018-03-21
3450383,aluminium cell lightning arrester,铝瓶避雷器,,2018-03-21
3450384,aluminium coil,铝线圈,,2018-03-21
3450385,aluminium conductor,铝导体,,2018-03-21
3450386,aluminium conductor machine,铝线电机,,2018-03-21
3450387,aluminium conductor steel reinforced,钢心铝线,,2018-03-21
3450388,aluminium die-cast alloy,铝铸造合金,,2018-03-21
3450389,aluminium electrolytic capacitor,铝质电解电容,,2018-03-21
3450390,aluminium flake,薄铝片,,2018-03-21
3450391,aluminium foil,铝箔,,2018-03-21
3450392,aluminium foil winding,铝箔线组,,2018-03-21
3450393,aluminium magnet wire,铝磁线,,2018-03-21
3450394,aluminium nitride,铝氮化物,,2018-03-21
3450395,aluminium oxide,氧化铝,,2018-03-21
3450396,aluminium paint,铝漆,,2018-03-21
3450397,aluminium plating,镀铝,,2018-03-21
3450398,aluminium rectifier,铝整流器,,2018-03-21
3450399,aluminium sheath,铝包皮,,2018-03-21
3450400,aluminium sheathed cable,铝包电缆,,2018-03-21
3450401,aluminium sheet,铝板,,2018-03-21
3450402,aluminium shielding,铝屏蔽,,2018-03-21
3450403,aluminium soldering,铝焊,,2018-03-21
3450404,aluminium strip,铝片,,2018-03-21
3450405,aluminium tubular conductor,铝导管,,2018-03-21
3450406,aluminium wedge,铝槽楔,,2018-03-21
3450407,aluminium winding,铝线组,,2018-03-21
3450408,aluminium winding foil,铝[线组]箔,,2018-03-21
3450409,aluminium winding machine,铝线电机,,2018-03-21
3450410,aluminium winding transformer,铝线变压器,,2018-03-21
3450411,aluminium wire,铝线,,2018-03-21
3450412,aluminium-cable steel-reinforced conductor,钢心铝缆线,,2018-03-21
3450413,aluminium-cable steel-reinforced wire,钢心铝[绞]线,,2018-03-21
3450414,aluminium-cell arrester,铝避雷器,,2018-03-21
3450415,aluminium-conductor-alloy-rein-forced,合金心铝导线,,2018-03-21
3450416,aluminium-covered steel wire,铝包钢线,,2018-03-21
3450417,aluminium-steel conductor,铝钢缆,,2018-03-21
3450418,aluminized flourescent screen,镀铝萤光幕,,2018-03-21
3450419,aluminized screen,涂铝屏幕,,2018-03-21
3450420,aluminum antimonide,锑化铝,,2018-03-21
3450421,aluminum backed phosphor,铝底燐光质,,2018-03-21
3450422,aluminum cable,铝电缆,,2018-03-21
3450423,aluminum cable reinforced expanded,空心钢蕊铝缆,,2018-03-21
3450424,aluminum compressing joint,铝压缩套管,,2018-03-21
3450425,aluminum rectifier,铝整流器,,2018-03-21
3450426,aluminum solder,铝焊料,,2018-03-21
3450427,alumite,耐酸铝，防蚀铝，表面渗铝,,2018-03-21
3450428,alundum,钢铝石，铝氧粉,,2018-03-21
3450429,alunite,明钒石,,2018-03-21
3450430,alvar,乙烯树脂,,2018-03-21
3450431,alychne,无辉面， 无辉线,,2018-03-21
3450432,AM broadcast,调幅广播,,2018-03-21
3450433,AM threshold,调幅临限,,2018-03-21
3450434,AM-PM coefficient,调幅-调相系数,,2018-03-21
3450435,AM-PM conversion,调幅-调相转变,,2018-03-21
3450436,amalgam,汞齐，汞合金,,2018-03-21
3450437,amalgam cell,汞齐电池,,2018-03-21
3450438,amalgamation,汞齐化，混汞法,,2018-03-21
3450439,amateur band,业余波段,,2018-03-21
3450440,amateur frequency band,业余频带,,2018-03-21
3450441,amateur radio operator,业余无线电员,,2018-03-21
3450442,amateur radio station,业余无线电台,,2018-03-21
3450443,amber,琥珀,,2018-03-21
3450444,amber lamp,黄色信号灯,,2018-03-21
3450445,amber mica,琥珀云母,,2018-03-21
3450446,amber oil,琥珀油,,2018-03-21
3450447,ambient air(water etc)quality standard,周围空气(水)品质标准,,2018-03-21
3450448,ambient density,周围介质密度,,2018-03-21
3450449,ambient illumination,周围照明,,2018-03-21
3450450,ambient light,周围光线，环境光线,,2018-03-21
3450451,ambient light illumination,环境光线,,2018-03-21
3450452,ambient noise,周围噪音,,2018-03-21
3450453,ambient operating temperature,工作周围温度，工作环境温度,,2018-03-21
3450454,ambient pressure,外界压力，周围压力，环境压力,,2018-03-21
3450455,ambient temperature,周围温度，环境温度，室温,,2018-03-21
3450456,ambient wind velocity,周遭风速,,2018-03-21
3450457,ambient-induced breakdown,环境感应击穿,,2018-03-21
3450458,ambiguity,模糊点，不定性，二重性，非单值性，多义性,,2018-03-21
3450459,ambiguity function,混淆函数,,2018-03-21
3450460,ambiguous sequence,含糊顺序,,2018-03-21
3450461,ambipolar diffusion,双极扩散,,2018-03-21
3450462,ambipolar diffusion coefficient,双极扩散系数,,2018-03-21
3450463,ambipolar diffusion constant,双极性扩散常数,,2018-03-21
3450464,ambipolar diffusion length,双极性扩散长度,,2018-03-21
3450465,ambipolar diffusion lifetime,双极性扩散生命周期,,2018-03-21
3450466,ambipolar mobility,双极性能动度,,2018-03-21
3450467,ambipolarity,双极性,,2018-03-21
3450468,Amble's method,安布法,,2018-03-21
3450469,ambraloy,铜合金,,2018-03-21
3450470,ambroid,人造琥珀,,2018-03-21
3450471,ambroin,安伯罗因,,2018-03-21
3450472,amelioration,改良,,2018-03-21
3450473,amendment,校正,,2018-03-21
3450474,amenity,适宜,,2018-03-21
3450475,American Documentation Institute (ADI),美国文献协会,,2018-03-21
3450476,American Federation of Information Processing Societies (AFIPS),美国资讯处理联合会,,2018-03-21
3450477,American Gas Association (AGA),美国天然气协会,,2018-03-21
3450478,American gauge,美规,,2018-03-21
3450479,American Institute of Banking (AIB),美国银行业学会,,2018-03-21
3450480,American Institute of Chemical Engineers (AICHE),美国化学工程师学会,,2018-03-21
3450481,American Institute of Electrical Engineers (AIEE),美国电机工程师学会,,2018-03-21
3450482,American Institute of Physics (AIP),美国物理学会,,2018-03-21
3450483,American Management Association (AMA),美国管理协会,,2018-03-21
3450484,American National Standards Institute (ANSI),美国国家标准局,,2018-03-21
3450485,American Society for Information Science (ASIS),美国资讯学会,,2018-03-21
3450486,American Standard Association (ASA),美国标准协会(现为USASI),,2018-03-21
3450487,American standard code for information interchange (ASCII),美国讯息交换标准码,,2018-03-21
3450488,American standard wire gauge,美国标准线规,,2018-03-21
3450489,American type Kramer system,美式克莱姆方式,,2018-03-21
3450490,American water turbine,混流式水轮机,,2018-03-21
3450491,American wire gauge (AWG),美国线规,,2018-03-21
3450492,ameripol,人造橡皮,,2018-03-21
3450493,ami conditions,空气质量,,2018-03-21
3450494,amiantus,石棉,,2018-03-21
3450495,amine,胺,,2018-03-21
3450496,amine resin,氨基树脂,,2018-03-21
3450497,amino resin,氨基树脂,,2018-03-21
3450498,aminoplasts,氨基塑料,,2018-03-21
3450499,ammeter,安培计，电流表,,2018-03-21
3450500,ammeter shunt,安培计(用)分流器,,2018-03-21
3450501,ammeter switch,安培计开关,,2018-03-21
3450502,ammonia,氨,,2018-03-21
3450503,ammonia machine,氨冷涷机,,2018-03-21
3450504,ammonial solution,氨水,,2018-03-21
3450505,ammonium,铵,,2018-03-21
3450506,ammonium chloride,氯化铵,,2018-03-21
3450507,ammonium nitrate,硝酸铵,,2018-03-21
3450508,ammonium sulphate,硫酸铵,,2018-03-21
3450509,ammonium uranate,铀酸铵,,2018-03-21
3450510,amorphous,非晶质的,,2018-03-21
3450511,amort winding,阻尼线组,,2018-03-21
3450512,amortisseur,阻尼器，缓冲器，阻尼线圈，减震器，消音器,,2018-03-21
3450513,amortisseur bar,阻尼条,,2018-03-21
3450514,amortisseur winding,阻尼绕组,,2018-03-21
3450515,amortization,阻尼，减震，消音，折旧分期偿还，清偿,,2018-03-21
3450516,amortization fund,清偿费，赔偿费,,2018-03-21
3450517,amortization period,清偿期，偿还期间,,2018-03-21
3450518,amortize,缓冲，减震,,2018-03-21
3450519,amount of energy,能量,,2018-03-21
3450520,amount of information,资讯量,,2018-03-21
3450521,amount of modulation,调变率,,2018-03-21
3450522,amount used,消耗量，消费量,,2018-03-21
3450523,ampacity,安培容量，载流量(以安培计),,2018-03-21
3450524,ampco,铝铁青鉏铜,,2018-03-21
3450525,amperage,安培数，电流量，电流强度，额定电流值,,2018-03-21
3450526,ampere,安(培),,2018-03-21
3450527,ampere balance,安培秤，安培平衡,,2018-03-21
3450528,ampere capacity,安培容量，载流量(以安培计),,2018-03-21
3450529,ampere conductor,安培导线,,2018-03-21
3450530,ampere density,电流密度,,2018-03-21
3450531,ampere efficiency,安培效率,,2018-03-21
3450532,ampere gauge,电流表,,2018-03-21
3450533,ampere hour meter,电度表，安培时计,,2018-03-21
3450534,ampere speed curve,安培速率曲线,,2018-03-21
3450535,ampere turn,安匝,,2018-03-21
3450536,Ampere's law,安培定律,,2018-03-21
3450537,Ampere's right-handed screw rule,安培右手螺旋定理,,2018-03-21
3450538,Ampere's theorem,安培定理,,2018-03-21
3450539,ampere-hour,安培时,,2018-03-21
3450540,ampere-hour capacity,安培时容量,,2018-03-21
3450541,ampere-hour efficiency,安培时效率,,2018-03-21
3450542,ampere-minute,安培分,,2018-03-21
3450543,ampere-second,安培秒,,2018-03-21
3450544,ampere-turns factor,安匝因数,,2018-03-21
3450545,ampere-winding,安匝,,2018-03-21
3450546,ampere-wires,安培导体,,2018-03-21
3450547,amperemeter,安培计,,2018-03-21
3450548,amperite,限流器,,2018-03-21
3450549,amperometry,电流分析,,2018-03-21
3450550,amphenol connector,电缆连接盒，电缆接头，线夹,,2018-03-21
3450551,amphiboly,多义逻辑[器],,2018-03-21
3450552,amphion,两性离子,,2018-03-21
3450553,amphiprotic solvent,两性溶剂,,2018-03-21
3450554,ampholyte,两性电解质,,2018-03-21
3450555,amphoteric,两性的，两极的，含有正负电荷的，同时有酸碱性的,,2018-03-21
3450556,amphoteric ion,两性离子,,2018-03-21
3450557,amplidyne,交磁放大机，旋转放大机，倍功器,,2018-03-21
3450558,amplidyne generator,微场扩流发电机，倍功产生器,,2018-03-21
3450559,amplidyne regulating unit,旋转放大机调节装置,,2018-03-21
3450560,amplification,放大，加强，增益，放大率，放大倍数,,2018-03-21
3450561,amplification characteristic curve,放大特性曲线,,2018-03-21
3450562,amplification circuit,放大电路,,2018-03-21
3450563,amplification coefficient,放大系数,,2018-03-21
3450564,amplification constant,放大常数,,2018-03-21
3450565,amplification control,增益控制，放大控制,,2018-03-21
3450566,amplification degree,放大度，放大倍数,,2018-03-21
3450567,amplification factor,放大因数,,2018-03-21
3450568,amplification generator,放大发电机，直流扩大机,,2018-03-21
3450569,amplification matrix,放大矩阵,,2018-03-21
3450570,amplification of powerful signal,强信号放大,,2018-03-21
3450571,amplification range,放大范围,,2018-03-21
3450572,amplification ratio,放大比,,2018-03-21
3450573,amplification stage,放大级,,2018-03-21
3450574,amplification-factor bridge,测量放大系数的电桥,,2018-03-21
3450575,amplified action,放大作用,,2018-03-21
3450576,amplifier,放大器，扩音器,,2018-03-21
3450577,amplifier motor,放大器电动机,,2018-03-21
3450578,amplifier noise,放大器噪音,,2018-03-21
3450579,amplifier output,放大器输出,,2018-03-21
3450580,amplifier rack,放大器架,,2018-03-21
3450581,amplifier relay,放大器电驿,,2018-03-21
3450582,amplifier stage,放大级,,2018-03-21
3450583,amplifier transformer,放大器变压器，低频变压器,,2018-03-21
3450584,amplifier tube,放大器管,,2018-03-21
3450585,amplifier valve,放大器阀,,2018-03-21
3450586,amplifier-driver,放大器激励器，放大器驱动器,,2018-03-21
3450587,amplifier-type meter,放大型仪表,,2018-03-21
3450588,amplifilter,放大[器输出端的]滤波器,,2018-03-21
3450589,amplifying coefficient,放大系数,,2018-03-21
3450590,amplifying generator,放大产生器,,2018-03-21
3450591,amplifying power,放大率，放大倍数，放大能力,,2018-03-21
3450592,amplifying transformer,放大[用]变压器,,2018-03-21
3450593,amplifying tube,放大管,,2018-03-21
3450594,amplifying winding,放大线组,,2018-03-21
3450595,ampliphase modulation,幅相调变,,2018-03-21
3450596,amplirectifier,放大整流器,,2018-03-21
3450597,amplistat,自饱和增磁器,,2018-03-21
3450598,amplitrans,特高频功率放大器,,2018-03-21
3450599,amplitron,特高频功率放大管,,2018-03-21
3450600,amplitude,振幅，波幅,,2018-03-21
3450601,amplitude change signalling,幅度变化信号,,2018-03-21
3450602,amplitude characteristic,振幅特性，频率特性,,2018-03-21
3450603,amplitude comparator,振幅比较器，量值比较装置,,2018-03-21
3450604,amplitude comparator polyphase mho relay,振幅比较式多相姆欧电驿,,2018-03-21
3450605,amplitude component,振幅分量,,2018-03-21
3450606,amplitude constraint,振幅限制,,2018-03-21
3450607,amplitude control,振幅控制,,2018-03-21
3450608,amplitude correction,振幅校正,,2018-03-21
3450609,amplitude corrector,振幅校正器,,2018-03-21
3450610,amplitude correlator,振幅相关器，振幅关联器,,2018-03-21
3450611,amplitude dependent nonlinearity,幅变非线性,,2018-03-21
3450612,amplitude discriminator,振幅鉴别器，检波器,,2018-03-21
3450613,amplitude distortion,振幅失真，振幅畸变,,2018-03-21
3450614,amplitude equilizer,幅度均衡器,,2018-03-21
3450615,amplitude factor,振幅因数,,2018-03-21
3450616,amplitude fading,振幅衰落,,2018-03-21
3450617,amplitude filter,振幅滤波器,,2018-03-21
3450618,amplitude keying (Ak),振幅键控,,2018-03-21
3450619,amplitude level,波幅位准,,2018-03-21
3450620,amplitude limiter,限幅器,,2018-03-21
3450621,amplitude lopper,限幅器,,2018-03-21
3450622,amplitude modulated (AM),调幅，振幅调变,,2018-03-21
3450623,amplitude modulated sinusoid,调幅正弦波,,2018-03-21
3450624,amplitude modulated transmitter,调幅发送机，调幅发射机,,2018-03-21
3450625,amplitude modulation,调幅,,2018-03-21
3450626,amplitude modulation broadcast,调幅广播,,2018-03-21
3450627,amplitude modulation factor,振幅调变因数,,2018-03-21
3450628,amplitude modulation ratio,振幅调变比,,2018-03-21
3450629,amplitude modulator,调幅器,,2018-03-21
3450630,amplitude of beat,拍幅，拍频振幅，跳动振幅,,2018-03-21
3450631,amplitude of first harmonic,基波振幅,,2018-03-21
3450632,amplitude of fluctuation of the luminous flux,光束变动幅度,,2018-03-21
3450633,amplitude of oscillation,振幅，摆幅,,2018-03-21
3450634,amplitude of vibration,振幅,,2018-03-21
3450635,amplitude of waves,波幅,,2018-03-21
3450636,amplitude permeability,振幅磁导率,,2018-03-21
3450637,amplitude range,振幅范围,,2018-03-21
3450638,amplitude reflection coefficient,振幅反射系数,,2018-03-21
3450639,amplitude resonance,振幅共振,,2018-03-21
3450640,amplitude response characteristic,振幅响应特性， 振幅特性曲线,,2018-03-21
3450641,amplitude selection,选幅，分幅，波幅分离,,2018-03-21
3450642,amplitude selector,振幅选择器,,2018-03-21
3450643,amplitude separation,选幅，分幅，波幅分离，振幅区分,,2018-03-21
3450644,amplitude separator,波幅分离器,,2018-03-21
3450645,amplitude spectrum,振幅频谱,,2018-03-21
3450646,amplitude step time,振幅阶跃时间,,2018-03-21
3450647,amplitude taper,振幅锥度，振幅衰减,,2018-03-21
3450648,amplitude variation,波幅变化，振幅变化,,2018-03-21
3450649,amplitude versus frequency response characteristic,幅度-频率响应特性,,2018-03-21
3450650,amplitude vs frequency distortion,幅频畸变,,2018-03-21
3450651,amplitude-change signaling,振幅改变信号,,2018-03-21
3450652,amplitude-frequency characteristic,振幅频率特性，幅频特性,,2018-03-21
3450653,amplitude-frequency distortion,振幅-频率畸变,,2018-03-21
3450654,amplitude-frequency response characteristics,幅频响应特性,,2018-03-21
3450655,amplitude-gating circuit,振幅选电路,,2018-03-21
3450656,amu,原子质量单位,,2018-03-21
3450657,anaerobic,压气的，压氧的，缺气的,,2018-03-21
3450658,analog,模拟，类比，类似,,2018-03-21
3450659,analog adder,类比加法器,,2018-03-21
3450660,analog back-up,模拟备用设备,,2018-03-21
3450661,analog channel,类比通道,,2018-03-21
3450662,analog communication,类比通信,,2018-03-21
3450663,analog comparator,类比比较器,,2018-03-21
3450664,analog compiler system,模拟编译程序系统,,2018-03-21
3450665,analog computation,类比计算,,2018-03-21
3450666,analog computer,类比计算机,,2018-03-21
3450667,analog computer component,类比计算机元件,,2018-03-21
3450668,analog computer simulation,类比计算机模拟,,2018-03-21
3450669,analog control,类比控制,,2018-03-21
3450670,analog controller,类比控制器,,2018-03-21
3450671,analog data,类比数据,,2018-03-21
3450672,analog device,类比装置,,2018-03-21
3450673,analog digital,类比数位,,2018-03-21
3450674,analog digital converter,类比数位转换器,,2018-03-21
3450675,analog display,类比显示,,2018-03-21
3450676,analog divider,类比除法器,,2018-03-21
3450677,analog I/O,类比输出入,,2018-03-21
3450678,analog limiter,类比限制器,,2018-03-21
3450679,analog line driver (ALD),类比线驱动器,,2018-03-21
3450680,analog machine,类比机器,,2018-03-21
3450681,analog memory,类比记忆体,,2018-03-21
3450682,analog multiplier,类比乘法器,,2018-03-21
3450683,analog network,类比网络,,2018-03-21
3450684,analog output,类比输出,,2018-03-21
3450685,analog quantity,类比量,,2018-03-21
3450686,analog recorder,类比记录器,,2018-03-21
3450687,analog regenerative connection,类比再生连接,,2018-03-21
3450688,analog representation,类比表示法,,2018-03-21
3450689,analog shift register,类比移录器,,2018-03-21
3450690,analog signal,模拟信号,,2018-03-21
3450691,analog simulation,连续过程的模拟，相似模拟,,2018-03-21
3450692,analog system,类比系统,,2018-03-21
3450693,analog telemeter,模拟遥测计，模拟遥测仪,,2018-03-21
3450694,analog telemetering,类比(式)遥测法,,2018-03-21
3450695,analog transducer,类转换器,,2018-03-21
3450696,analog transistor,类比电晶体,,2018-03-21
3450697,analog voltage,模拟电压,,2018-03-21
3450698,analog-digital controller,类比数值控制器,,2018-03-21
3450699,analog-to digital converter,类比数值转换器,,2018-03-21
3450700,analog-to-digital conversion (A/D),类比数位转换,,2018-03-21
3450701,analog-to-digital converter (ADC),类比对数位转换器,,2018-03-21
3450702,analog-to-digital sensing,类比至数位感测,,2018-03-21
3450703,analog-to-frequency converter,类比频率转换器,,2018-03-21
3450704,analogue calculator,类比计算器,,2018-03-21
3450705,analogue computer,类比计算机,,2018-03-21
3450706,analogue function generator,类比函数产生器,,2018-03-21
3450707,analogue relay,类比电驿,,2018-03-21
3450708,analogue result,比拟结果，相似结果,,2018-03-21
3450709,analogue signal,类比信号,,2018-03-21
3450710,analogue switch,类比开关,,2018-03-21
3450711,analogue to time to digital,类比-时间-数位[转换],,2018-03-21
3450712,analogue translator,类比翻译器,,2018-03-21
3450713,analogy,比拟，类似，类比,,2018-03-21
3450714,analyse,分析，分解，研究,,2018-03-21
3450715,analyser,分析器，模拟装置，检偏器,,2018-03-21
3450716,analysis,分析，分解,,2018-03-21
3450717,analysis mode,分析模式,,2018-03-21
3450718,analysis of variance,变差分析，方差分析,,2018-03-21
3450719,analysis situs,拓扑[学],,2018-03-21
3450720,analyst,分析师，化验员，分析员,,2018-03-21
3450721,analytic,分析的，解析的,,2018-03-21
3450722,analytic continuity,解析连续,,2018-03-21
3450723,analytic design,分析设计,,2018-03-21
3450724,analytic engine,分析机,,2018-03-21
3450725,analytic function,分析函数，解析函数,,2018-03-21
3450726,analytic signal,解析讯号,,2018-03-21
3450727,analytic-function generator,解析函数产生器,,2018-03-21
3450728,analytical balance,分析平衡,,2018-03-21
3450729,analytical quantity,分解量，分析量,,2018-03-21
3450730,analyze,分析，分解，研究,,2018-03-21
3450731,analyzer,分析器，模拟装置，检偏器,,2018-03-21
3450732,analyzer routine,分析常式,,2018-03-21
3450733,anaphoresis,阴离子电泳，电粒升泳,,2018-03-21
3450734,anastigmatism,消象散性,,2018-03-21
3450735,anatomical alloy,阿钠多易熔合金(铋53.5%，铅17%，锡19%，汞10.5%),,2018-03-21
3450736,ancestor,原始粒子，祖系体，原始现象,,2018-03-21
3450737,anchor,锚，固定器，电枢，衔铁，拉桩，拉线,,2018-03-21
3450738,anchor anemometer,固定风速计，锚定风速表,,2018-03-21
3450739,anchor block,地锚，锚块，地下横木，锚枕，锚墩,,2018-03-21
3450740,anchor bolt,地脚螺栓，锚定螺栓，基础螺栓,,2018-03-21
3450741,anchor clamp,夹具，金具,,2018-03-21
3450742,anchor cone,锥锚，锚锥,,2018-03-21
3450743,anchor core,衔铁,,2018-03-21
3450744,anchor ear,抱箍，桩环,,2018-03-21
3450745,anchor gap,衔铁间隙，火花隙,,2018-03-21
3450746,anchor insulator,拉杆绝缘子，拉桩绝缘子,,2018-03-21
3450747,anchor line,拉线，拉条，锚线，锚链,,2018-03-21
3450748,anchor log,拉线桩，锚桩,,2018-03-21
3450749,anchor plate,锚板，镇板,,2018-03-21
3450750,anchor pole,锚杆，拉杆,,2018-03-21
3450751,anchor post,固定支柱，锚柱,,2018-03-21
3450752,anchor rod,拉线棒,,2018-03-21
3450753,anchor screw,基础螺栓，地脚螺栓,,2018-03-21
3450754,anchor strap,锚箍,,2018-03-21
3450755,anchor strut,拉线撑杆，撑杆，加固杆,,2018-03-21
3450756,anchor support,耐张支持物，分段支持物,,2018-03-21
3450757,anchor tower,拉线塔，锚塔,,2018-03-21
3450758,anchor wire,拉线，锚线,,2018-03-21
3450759,anchor wood,桩木(脚木),,2018-03-21
3450760,anchorage,锚定，锚著，抛锚，锚座，锚具,,2018-03-21
3450761,anchorage device,锚定设备，锚具,,2018-03-21
3450762,anchored filament,固定灯丝,,2018-03-21
3450763,anchored sheet-piling,打锚定板桩,,2018-03-21
3450764,anchoring,锚，拉牢，支持，固定，装拉线，拉线装置,,2018-03-21
3450765,anchoring plate,锚板,,2018-03-21
3450766,ancillary,辅助的，副的，附属的，辅助设备，辅机,,2018-03-21
3450767,ancillary answering jack,辅助回答插座,,2018-03-21
3450768,ancillary cable,辅助电缆,,2018-03-21
3450769,ancillary device,辅助装置,,2018-03-21
3450770,ancillary equipment,辅助设备,,2018-03-21
3450771,ancillary function,辅助函数,,2018-03-21
3450772,ancillary line lamp,辅助线灯,,2018-03-21
3450773,ancillary service,辅助性服务,,2018-03-21
3450774,ancillary services provider (ASP),辅助服务提供者,,2018-03-21
3450775,AND circuit,"""与""电路",,2018-03-21
3450776,AND element,及元件,,2018-03-21
3450777,AND gate,及闸,,2018-03-21
3450778,AND NOT gate,及反闸,,2018-03-21
3450779,AND unit,"""与""单元",,2018-03-21
3450780,AND-connection,与连接,,2018-03-21
3450781,AND-function,与作用，与功能,,2018-03-21
3450782,AND-NAND-OR-NOR,与-与非-或-反或,,2018-03-21
3450783,AND-operator,与算子,,2018-03-21
3450784,AND-OR-AND gate,与或与闸,,2018-03-21
3450785,AND-OR-INVERT (AOI),及-或-非逻辑,,2018-03-21
3450786,AND-OR-NOT gate,及或反闸,,2018-03-21
3450787,and-to-or function,"""与-或""作用，""与-或""功能",,2018-03-21
3450788,Anderson bridge,安德森电桥,,2018-03-21
3450789,Andre-Venner accumulator,安德烈-维内尔蓄电池，银锌蓄电池,,2018-03-21
3450790,Andromeda tube,安多美达彩色显象管,,2018-03-21
3450791,anechoic chamber,消音室，回音室,,2018-03-21
3450792,anelectric,非电化的，不能摩擦起电的,,2018-03-21
3450793,anemo-electric generator,风力发电机,,2018-03-21
3450794,anemobiagraph,风速风压记录器，一种风速图,,2018-03-21
3450795,anemocinemograph,电动风速计,,2018-03-21
3450796,anemodispersibility,风力分散率,,2018-03-21
3450797,anemogram,自计风力计，风力记录表，风速图，风力自计曲线,,2018-03-21
3450798,anemology,风学,,2018-03-21
3450799,anemometer,风速表，风速计,,2018-03-21
3450800,anemometry,风速测定法,,2018-03-21
3450801,anemonetrograph,自记风速表,,2018-03-21
3450802,anemoscope,风向仪，测风计,,2018-03-21
3450803,anergy,惰能,,2018-03-21
3450804,aneroid battery,干电池，无液电池,,2018-03-21
3450805,angel of extinction,消弧角,,2018-03-21
3450806,angle,角，角度，角钢,,2018-03-21
3450807,angle bar,角杆,,2018-03-21
3450808,angle belt,三角形皮带，三角形皮带传动,,2018-03-21
3450809,angle block,角铁，弯板,,2018-03-21
3450810,angle brace,角撑，角铁撑,,2018-03-21
3450811,angle bracket,角铁托架，角撑架,,2018-03-21
3450812,angle condition,角状态,,2018-03-21
3450813,angle drive,角传动,,2018-03-21
3450814,angle error,角度误差,,2018-03-21
3450815,angle feedback,角反馈,,2018-03-21
3450816,angle fitting,弯头,,2018-03-21
3450817,angle indicator,角指示器,,2018-03-21
3450818,angle insulator,角绝缘器,,2018-03-21
3450819,angle iron,角铁,,2018-03-21
3450820,angle modulation,角度调变,,2018-03-21
3450821,angle of advance,导前角，超前角,,2018-03-21
3450822,angle of advance of phase control,先进相角控制,,2018-03-21
3450823,angle of arrival,到达角，入射角,,2018-03-21
3450824,angle of brush displacement,电刷位移角,,2018-03-21
3450825,angle of brush lag,电刷移后角,,2018-03-21
3450826,angle of brush lead,电刷移前角,,2018-03-21
3450827,angle of brush shift,电刷位移角,,2018-03-21
3450828,angle of commutation,换向角,,2018-03-21
3450829,angle of declination,偏角,,2018-03-21
3450830,angle of deflection,偏转角,,2018-03-21
3450831,angle of departure,出发角,,2018-03-21
3450832,angle of deviation,偏向角,,2018-03-21
3450833,angle of dip,磁偏角，倾角,,2018-03-21
3450834,angle of dispersion,散射角,,2018-03-21
3450835,angle of displacement,位移角,,2018-03-21
3450836,angle of friction,摩擦角,,2018-03-21
3450837,angle of ignition,燃弧角,,2018-03-21
3450838,angle of incidence,入射角(直达日射量),,2018-03-21
3450839,angle of inclination,倾角,,2018-03-21
3450840,angle of inclination of an orbit,轨道倾斜角,,2018-03-21
3450841,angle of inclination of brush,电刷倾角,,2018-03-21
3450842,angle of inlet,入口角,,2018-03-21
3450843,angle of lag,落后角，滞后角，移后角,,2018-03-21
3450844,angle of lead,超前角，导前角，前置角,,2018-03-21
3450845,angle of outlet,出口角,,2018-03-21
3450846,angle of overlap,叠弧角，重叠角,,2018-03-21
3450847,angle of phase difference,差相角,,2018-03-21
3450848,angle of phase lag,滞后相角,,2018-03-21
3450849,angle of phase lead,越前相角,,2018-03-21
3450850,angle of polar are,极弧角,,2018-03-21
3450851,angle of polarization,偏振角，极化角,,2018-03-21
3450852,angle of protection,保护角,,2018-03-21
3450853,angle of reflection,反射角,,2018-03-21
3450854,angle of refraction,折射角,,2018-03-21
3450855,angle of rest,静止角,,2018-03-21
3450856,angle of retard,滞后角,,2018-03-21
3450857,angle of rotation,旋转角,,2018-03-21
3450858,angle of sight,视角,,2018-03-21
3450859,angle of stall,失速角,,2018-03-21
3450860,angle of stalling,失速角,,2018-03-21
3450861,angle pipe,弯角,,2018-03-21
3450862,angle plug,弯插头,,2018-03-21
3450863,angle pole,转角电杆,,2018-03-21
3450864,angle splice,转角绞接,,2018-03-21
3450865,angle steel,角钢,,2018-03-21
3450866,angle switching,相角切换(根据功率角给同步电动机激磁),,2018-03-21
3450867,angle tower,转角铁塔,,2018-03-21
3450868,angle tracking,角度跟踪,,2018-03-21
3450869,angle-admittance,角导纳,,2018-03-21
3450870,angle-impedance relay,角阻抗电驿,,2018-03-21
3450871,angled field,斜向场,,2018-03-21
3450872,angstrom (Ａ。),埃(长度单位),,2018-03-21
3450873,angular,角的，角度的,,2018-03-21
3450874,angular acceleration,角加速度,,2018-03-21
3450875,angular advance,角前进，角进,,2018-03-21
3450876,angular coordinate,角座标,,2018-03-21
3450877,angular displacement,角位移,,2018-03-21
3450878,angular divergence,角偏向，角散度,,2018-03-21
3450879,angular frequency,角频率,,2018-03-21
3450880,angular function,角函数,,2018-03-21
3450881,angular instrument,测角仪,,2018-03-21
3450882,angular lag,角滞后,,2018-03-21
3450883,angular lead,角越前,,2018-03-21
3450884,angular measurement,角度测量,,2018-03-21
3450885,angular mil,角密耳(等于360。/6400=3.37'),,2018-03-21
3450886,angular misalignment,角位移，角偏差，角度失准,,2018-03-21
3450887,angular modulation,角度调变，调角,,2018-03-21
3450888,angular moment of inertia,惯性角矩，角转动惯量,,2018-03-21
3450889,angular moment of momentum,角动量，动量矩,,2018-03-21
3450890,angular momentum,角动量，动量矩,,2018-03-21
3450891,angular motion,角动，转动，圆周运动,,2018-03-21
3450892,angular oscillation,角振荡,,2018-03-21
3450893,angular phase difference,角相位差，相角差,,2018-03-21
3450894,angular position,角度位置,,2018-03-21
3450895,angular reflector,角反射器,,2018-03-21
3450896,angular rotation,角旋转,,2018-03-21
3450897,angular senser,斜探头(超声波探伤用),,2018-03-21
3450898,angular servo,转角伺服机构,,2018-03-21
3450899,angular speed,角速度,,2018-03-21
3450900,angular tower,转角[铁]塔,,2018-03-21
3450901,angular variation,角度变化，角位差，相角位移(同步发电机的),,2018-03-21
3450902,angular velocity,角速度,,2018-03-21
3450903,angular-contact thrust bearing,角接触式推力轴承,,2018-03-21
3450904,anharmonic,非调和的，非谐的,,2018-03-21
3450905,anharmonic curve,非调和曲线,,2018-03-21
3450906,anharmonic vibration,非谐振动,,2018-03-21
3450907,anharmonicity,非谐性,,2018-03-21
3450908,anhydrite,硬石膏，无水石膏,,2018-03-21
3450909,anhydrous,无水的,,2018-03-21
3450910,anhydrous calcium sulphate,无水石膏，无水碳酸钙,,2018-03-21
3450911,anhydrous lime,干石灰，生石灰,,2018-03-21
3450912,anhydrous solvent,无水溶剂,,2018-03-21
3450913,anhyster,铁镍磁性合金,,2018-03-21
3450914,anhysteretic,非滞后的，无磁滞的，无磁滞磁化,,2018-03-21
3450915,aniline,苯胺的,,2018-03-21
3450916,animal electricity,动物电,,2018-03-21
3450917,animate,使有生气，激励，有生命的，有生气的,,2018-03-21
3450918,animating electrode,电离电极,,2018-03-21
3450919,anion,阴离子,,2018-03-21
3450920,anion exchange resin,阴离子交换树脂,,2018-03-21
3450921,anion exchanger,阴离子交换器,,2018-03-21
3450922,anionite,阴离子交换剂,,2018-03-21
3450923,anionotropy,阴离子移变现象,,2018-03-21
3450924,aniseikon,电子探伤器，探测缺陷光,,2018-03-21
3450925,anisotopic sheet,各向异性钢片，方向性钢片,,2018-03-21
3450926,anisotropic,各向异性的，非均质的,,2018-03-21
3450927,anisotropic conductivity,非均质电导,,2018-03-21
3450928,anisotropic dielectric,非均质电介质,,2018-03-21
3450929,anisotropic ferrite,各向异性铁氧体,,2018-03-21
3450930,anisotropic rotor,非均质转子，不均匀转子,,2018-03-21
3450931,anisotropy,各向异性,,2018-03-21
3450932,anneal,退火，回火，韧化,,2018-03-21
3450933,annealed casting,退火铸件,,2018-03-21
3450934,annealed copper,退火软铜，韧化铜,,2018-03-21
3450935,annealed copper wire,退火铜线，韧化铜线,,2018-03-21
3450936,annealed steel,韧钢，退火钢,,2018-03-21
3450937,annealed wire,退火线，韧化线,,2018-03-21
3450938,annealing,退火,,2018-03-21
3450939,annealing temperature,退火温度,,2018-03-21
3450940,annex storage,附属存储器，内容定址存储器，相联存储器,,2018-03-21
3450941,annihilation,湮没，湮没现象，消除,,2018-03-21
3450942,annihilation cross-section,消除截面,,2018-03-21
3450943,annihilation gamma-ray,消除[辐射]γ射线,,2018-03-21
3450944,annihilation radiation,消灭辐射(线),,2018-03-21
3450945,annihilation reaction,消除反应,,2018-03-21
3450946,annihilator,灭火器，熄火器，消灭器，吸收器，减弱器，减震器，零化子,,2018-03-21
3450947,announce machine,广播机,,2018-03-21
3450948,announcer,长途电话叫号员，[无线电广播]播音员，表示器,,2018-03-21
3450949,annual,每年的，周年的，年报，年刊,,2018-03-21
3450950,annual compressor utilisation period,压缩机年使用期,,2018-03-21
3450951,annual cost,年费,,2018-03-21
3450952,annual efficiency,年效率,,2018-03-21
3450953,annual energy output,年发电量,,2018-03-21
3450954,annual flow,年流量,,2018-03-21
3450955,annual heat pump plant coefficient of performance(referred to primary energy input),热泵厂年性能系数(以初级能源输入为参考),,2018-03-21
3450956,annual inspection,年度检查，年度检修,,2018-03-21
3450957,annual load curve,年负载率曲线，年负荷曲线,,2018-03-21
3450958,annual load diagram,年负载曲线,,2018-03-21
3450959,annual load factor,年负载因数,,2018-03-21
3450960,annual load variation,年负载变化，年负荷变化,,2018-03-21
3450961,annual loading diagram,年负载曲线,,2018-03-21
3450962,annual magnetic variation,岁磁变,,2018-03-21
3450963,annual mean,年平均[值],,2018-03-21
3450964,annual overhaul,年度检修，年修,,2018-03-21
3450965,annual storage plant,年调节水库电厂,,2018-03-21
3450966,annual useful heat supplied by heat pump plant,热泵厂每年供应之有用性能,,2018-03-21
3450967,annual yield,年产量,,2018-03-21
3450968,annular,环形的,,2018-03-21
3450969,annular chamber,环状腔，环形室,,2018-03-21
3450970,annular core,环形铁心,,2018-03-21
3450971,annular electromagnet,环形电磁铁,,2018-03-21
3450972,annular fast reactor,环状快中子反应器,,2018-03-21
3450973,annular groove,环形槽,,2018-03-21
3450974,annular magnet,环形磁铁,,2018-03-21
3450975,annular passage,环形通道，环形风道,,2018-03-21
3450976,annular rotor pole,环形转子磁极,,2018-03-21
3450977,annular tube,套管,,2018-03-21
3450978,annulus,环状空间，环状裂缝，环形孔道，环形物，环，圆,,2018-03-21
3450979,annunciator,信号器，信号装置，报警器，指示器，指示装置,,2018-03-21
3450980,annunciator jack,信号器塞孔，示号器塞孔,,2018-03-21
3450981,annunciator relay,信号电驿,,2018-03-21
3450982,anodal,正极的，阳极的,,2018-03-21
3450983,anodal light,阳极(电刷放电)火花,,2018-03-21
3450984,anode,阳极，正极，板极，屏极,,2018-03-21
3450985,anode AC conductance,阳极交流电导,,2018-03-21
3450986,anode AC resistance,阳极交流电阻,,2018-03-21
3450987,anode balancing coil,阳极平衡感应线圈,,2018-03-21
3450988,anode battery,阳极电池，B电池，乙电池,,2018-03-21
3450989,anode break-down voltage,阳极击穿电压,,2018-03-21
3450990,anode characteristic,阳极特性,,2018-03-21
3450991,anode circuit,阳极电路,,2018-03-21
3450992,anode conductance,阳极电导,,2018-03-21
3450993,anode converter,阳极电源变流器,,2018-03-21
3450994,anode copper,阳极铜,,2018-03-21
3450995,anode corrosion,阳极腐蚀,,2018-03-21
3450996,anode current,阳极电流,,2018-03-21
3450997,anode dark space,阳极暗区,,2018-03-21
3450998,anode deposition,阳极沉淀,,2018-03-21
3450999,anode detection,阳极检波,,2018-03-21
3451000,anode detector,阳极检波器,,2018-03-21
3451001,anode disk,盘形阳极,,2018-03-21
3451002,anode dissipation,阳极耗散，板极耗散，屏极耗散,,2018-03-21
3451003,anode dissipation power,阳极耗散功率,,2018-03-21
3451004,anode drop,阳极电压降,,2018-03-21
3451005,anode effect,阳极效应,,2018-03-21
3451006,anode efficiency,阳极效率,,2018-03-21
3451007,anode follower,阳极跟随器(输入，输出阻抗小的一种负反馈放大器),,2018-03-21
3451008,anode forward peak voltage,阳极正向峰值电压,,2018-03-21
3451009,anode glow,阳极辉光,,2018-03-21
3451010,anode grid,阳极栅,,2018-03-21
3451011,anode half bridge,阳极半[阀]桥,,2018-03-21
3451012,anode heater,阳极加热器,,2018-03-21
3451013,anode impedance,阳极阻抗,,2018-03-21
3451014,anode inverse peak voltage,阳极反向峰值电压,,2018-03-21
3451015,anode light,阳极发光，阳极辉光，板极辉光,,2018-03-21
3451016,anode load,阳极负载,,2018-03-21
3451017,anode loss,阳极损耗,,2018-03-21
3451018,anode material,阳极材料,,2018-03-21
3451019,anode modulation,阳极调变,,2018-03-21
3451020,anode oxidation,阳极氧化,,2018-03-21
3451021,anode paralleling reactor,阳极并联电抗器,,2018-03-21
3451022,anode peak current,阳极峰值电流,,2018-03-21
3451023,anode plate,阳极板,,2018-03-21
3451024,anode polarization,阳极极化,,2018-03-21
3451025,anode potential,阳极电位,,2018-03-21
3451026,anode potential fall,阳极压降，阳极电位降,,2018-03-21
3451027,anode rays,阳极射线,,2018-03-21
3451028,anode reactor,阳极电抗器,,2018-03-21
3451029,anode rectification,阳极整流,,2018-03-21
3451030,anode resistance,阳极电阻,,2018-03-21
3451031,anode rest current,阳极静电流,,2018-03-21
3451032,anode screen control grid,阳极控制屏栅,,2018-03-21
3451033,anode seal,阳极密封(水银整流器),,2018-03-21
3451034,anode sputter,阳极溅射,,2018-03-21
3451035,anode supply voltage,阳极电源电压,,2018-03-21
3451036,anode tail current (GTO),阳极曳尾电流,,2018-03-21
3451037,anode tapping point,阳极活接点,,2018-03-21
3451038,anode terminal,阳极端子,,2018-03-21
3451039,anode transformer,阳极变压器,,2018-03-21
3451040,anode voltage,阳极电压,,2018-03-21
3451041,anode voltage drop,阳极电压降,,2018-03-21
3451042,anode-cathode capacitance,阳极-阴极间电容,,2018-03-21
3451043,anode-ray current,阳极射线电流,,2018-03-21
3451044,anode-to-cathode voltage,阴阳极间电压,,2018-03-21
3451045,anodic,阳极的,,2018-03-21
3451046,anodic cleaning,阳极清洗,,2018-03-21
3451047,anodic coating,阳极镀层，阳极氧化膜,,2018-03-21
3451048,anodic density,阳极电流密度,,2018-03-21
3451049,anodic film,阳极薄膜,,2018-03-21
3451050,anodic oxidation process,阳极氧化法,,2018-03-21
3451051,anodic polarization,阳极极化,,2018-03-21
3451052,anodization,阳极化，阳极处理,,2018-03-21
3451053,anodizing,阳极处理，阳极氧化，阳极作用,,2018-03-21
3451054,anolyte,阳极电解液,,2018-03-21
3451055,anomalous,异常的，反常的，不规则的,,2018-03-21
3451056,anomalous displacement current,异常移位电流，不规则移位电流,,2018-03-21
3451057,anomalous field,异常磁场,,2018-03-21
3451058,anomalous magnetization,异常磁化,,2018-03-21
3451059,anomalous propagation,异常传播,,2018-03-21
3451060,anotron,[冷阴极]辉光放电[二极]管,,2018-03-21
3451061,anstatic agent,抗静电剂,,2018-03-21
3451062,answer-back,回答(信号),,2018-03-21
3451063,answer-back code,应答电码,,2018-03-21
3451064,answer-back key,应答电键,,2018-03-21
3451065,answer-back mechanism,应答机构,,2018-03-21
3451066,answer-back signal,应答信号,,2018-03-21
3451067,answer-back unit,回答器,,2018-03-21
3451068,answering board,回答台(电信),,2018-03-21
3451069,answering cord,应答塞绳,,2018-03-21
3451070,answering equipment,应答设备,,2018-03-21
3451071,answering jack,应答塞孔，应答插口,,2018-03-21
3451072,answering key,应答电键,,2018-03-21
3451073,answering lamp,应答[信号]灯,,2018-03-21
3451074,answering plug,应答插塞,,2018-03-21
3451075,answering signal,应答信号,,2018-03-21
3451076,answering supervisory lamp,应答监视灯,,2018-03-21
3451077,answering supervisory relay,应答监视电驿,,2018-03-21
3451078,answering time,应答时间,,2018-03-21
3451079,answering wave,应答电波,,2018-03-21
3451080,Antaciron,矽铁合金,,2018-03-21
3451081,antarctic,南极，南极区，南极的,,2018-03-21
3451082,antenna,天线,,2018-03-21
3451083,antenna adaptor,天线接合器,,2018-03-21
3451084,antenna ammeter,天线电流计，天线安培计,,2018-03-21
3451085,antenna aperture area,天线孔面积,,2018-03-21
3451086,antenna array,天线阵列,,2018-03-21
3451087,antenna array broadside,横向天线阵列,,2018-03-21
3451088,antenna beam angle,天线波束角,,2018-03-21
3451089,antenna beam compression,天线波束压缩,,2018-03-21
3451090,antenna bearing,天线方位,,2018-03-21
3451091,antenna blocking up switch,天线阻隔开关,,2018-03-21
3451092,antenna cable,天线电缆,,2018-03-21
3451093,antenna capacity,天线容量,,2018-03-21
3451094,antenna changeover,天线转换,,2018-03-21
3451095,antenna circuit,天线电路,,2018-03-21
3451096,antenna circuit breaker,天线电路断路器,,2018-03-21
3451097,antenna coil,天线线圈,,2018-03-21
3451098,antenna condenser,天线电容器,,2018-03-21
3451099,antenna constant,天线常数,,2018-03-21
3451100,antenna control unit,天线控制装置,,2018-03-21
3451101,antenna counterpoise,天线衡网,,2018-03-21
3451102,antenna coupling,天线耦合,,2018-03-21
3451103,antenna crosstalk,天线串扰,,2018-03-21
3451104,antenna curtain,天线屏幕，天线屏障,,2018-03-21
3451105,antenna diplexer,天线双讯器,,2018-03-21
3451106,antenna directional characteristics,天线方向特性,,2018-03-21
3451107,antenna directivity,天线指向性,,2018-03-21
3451108,antenna directivity diagram,天线方向性图,,2018-03-21
3451109,antenna director,天线导向器,,2018-03-21
3451110,antenna down-lead,天线引下线,,2018-03-21
3451111,antenna drive system,天线驱动系统,,2018-03-21
3451112,antenna duplexer,天线[收发]转换开关,,2018-03-21
3451113,antenna effect,天线效应,,2018-03-21
3451114,antenna effect height,天线有效高度,,2018-03-21
3451115,antenna effective resistance,天线有效电阻,,2018-03-21
3451116,antenna efficiency,天线效率,,2018-03-21
3451117,antenna eliminator,假天线，等效天线,,2018-03-21
3451118,antenna energy,天线[辐射]能量,,2018-03-21
3451119,antenna feed system,天线馈电系统,,2018-03-21
3451120,antenna feeder,天线馈电线,,2018-03-21
3451121,antenna focusing,天线聚焦,,2018-03-21
3451122,antenna for super high frequency,超短波天线，超高频天线,,2018-03-21
3451123,antenna form factor,天线形状因数,,2018-03-21
3451124,antenna foundation,天线地基，天线基座,,2018-03-21
3451125,antenna gain,天线增益,,2018-03-21
3451126,antenna height,天线高度,,2018-03-21
3451127,antenna impedance,天线阻抗,,2018-03-21
3451128,antenna input resistance,天线输入电阻,,2018-03-21
3451129,antenna insulator,天线绝缘器,,2018-03-21
3451130,antenna lead-in,天线引入线,,2018-03-21
3451131,antenna loading coil,天线载入线圈，天线加感线圈,,2018-03-21
3451132,antenna mast,天线杆,,2018-03-21
3451133,antenna matching,天线匹配,,2018-03-21
3451134,antenna matching device,天线匹配器,,2018-03-21
3451135,antenna natural frequency,天线自然频率，天线固有频率,,2018-03-21
3451136,antenna noise,天线杂音,,2018-03-21
3451137,antenna noise temperature,天线杂讯温度,,2018-03-21
3451138,antenna oscillation,天线振荡,,2018-03-21
3451139,antenna oscillator,天线振荡器,,2018-03-21
3451140,antenna pedestal,天线架台,,2018-03-21
3451141,antenna power gain,天线功率增益,,2018-03-21
3451142,antenna radiation resistance,天线辐射电阻,,2018-03-21
3451143,antenna reflector,天线反射器,,2018-03-21
3451144,antenna remote control unit,天线遥控组件,,2018-03-21
3451145,antenna resistance,天线电组,,2018-03-21
3451146,antenna resonant frequency,天线谐振频率,,2018-03-21
3451147,antenna RF performance,天线射频性能,,2018-03-21
3451148,antenna servo system,天线伺服系统,,2018-03-21
3451149,antenna sidelobe,天线旁瓣,,2018-03-21
3451150,antenna structure,天线结构,,2018-03-21
3451151,antenna support,天线杆,,2018-03-21
3451152,antenna switch,天线转换开关,,2018-03-21
3451153,antenna terminal,天线接线头,,2018-03-21
3451154,antenna tower,天线塔,,2018-03-21
3451155,antenna tracking,天线追踪发射天线,,2018-03-21
3451156,antenna trailer,拖曳天线,,2018-03-21
3451157,antenna tuning,天线调谐,,2018-03-21
3451158,antenna wire,天线用线,,2018-03-21
3451159,antenna-turning motor,转动天线电动机,,2018-03-21
3451160,anterior chamber,前房,,2018-03-21
3451161,anthracite coal,无烟煤,,2018-03-21
3451162,anti-acid coat,耐酸涂层,,2018-03-21
3451163,anti-activator,阻活剂,,2018-03-21
3451164,anti-backlash driving,反齿隙传动,,2018-03-21
3451165,anti-bouncer,防跳装置,,2018-03-21
3451166,anti-carbon,防积碳的,,2018-03-21
3451167,anti-cluther circuit,杂波消减电路,,2018-03-21
3451168,anti-clutter gain control,抗干扰增益控制,,2018-03-21
3451169,anti-coagulant,防凝剂，阻凝剂,,2018-03-21
3451170,anti-coherer,散屑器,,2018-03-21
3451171,anti-coincidence gate,不符合闸,,2018-03-21
3451172,anti-collision light,冲撞防止灯,,2018-03-21
3451173,anti-compound generator,反复激发电机，反复励发电机,,2018-03-21
3451174,anti-condensation heater,防冷凝加热器，防潮加热器,,2018-03-21
3451175,anti-corona varnish,防晕漆,,2018-03-21
3451176,anti-corrosion,防腐蚀，耐蚀,,2018-03-21
3451177,anti-corrosion insulatioon,防蚀绝缘,,2018-03-21
3451178,anti-corrosive coating,防腐涂层，防锈涂层,,2018-03-21
3451179,anti-corrosive composition,防腐蚀剂,,2018-03-21
3451180,anti-corrosive insulation,防蚀绝缘,,2018-03-21
3451181,anti-corrosive machine,防蚀电机,,2018-03-21
3451182,anti-corrosive motor,防蚀电动机,,2018-03-21
3451183,anti-corrosive oil,防腐油,,2018-03-21
3451184,anti-corrosive paint,防锈漆，防腐涂料,,2018-03-21
3451185,anti-corrosiveness,抗腐蚀,,2018-03-21
3451186,anti-crease,防皱的,,2018-03-21
3451187,anti-creep device,潜动阻止装置,,2018-03-21
3451188,anti-detonating compound,抗爆剂,,2018-03-21
3451189,anti-detonation,抗爆,,2018-03-21
3451190,anti-detonation casing,抗爆机壳，防爆机座,,2018-03-21
3451191,anti-detonator,抗爆剂,,2018-03-21
3451192,anti-dirivative,反微分,,2018-03-21
3451193,anti-drag,减阻的，反阻的,,2018-03-21
3451194,anti-electron,反电子，阳电子，正电子,,2018-03-21
3451195,anti-explosion machine,防爆电机,,2018-03-21
3451196,anti-explosion structure,防爆结构,,2018-03-21
3451197,anti-fading antenna,抗衰褪天线,,2018-03-21
3451198,anti-fading device,衰落补偿装置，防衰落装置,,2018-03-21
3451199,anti-fluctuator,缓冲器,,2018-03-21
3451200,anti-fouling,防塞，防污,,2018-03-21
3451201,anti-friction metal,减磨金属，耐磨金属,,2018-03-21
3451202,anti-ground,防接地的,,2018-03-21
3451203,anti-halation,防晕[光]作用,,2018-03-21
3451204,anti-hunt device,遏振器,,2018-03-21
3451205,anti-hunting protection,防震保护，防摆保护,,2018-03-21
3451206,anti-hunting unit,防震装置，防摆装置,,2018-03-21
3451207,anti-icer,防冰器，防冰装置,,2018-03-21
3451208,anti-icing,防冰涷，防止结冰的,,2018-03-21
3451209,anti-icing fluid,防涷液,,2018-03-21
3451210,anti-inductin,防感应,,2018-03-21
3451211,anti-induction conductor,防感导线,,2018-03-21
3451212,anti-inductive load,消感负载,,2018-03-21
3451213,anti-inductive resistance,无电感电阻,,2018-03-21
3451214,anti-inducton cable,消感电缆,,2018-03-21
3451215,anti-interference,反干扰，抗干扰,,2018-03-21
3451216,anti-interference condenser,抗干扰电容器,,2018-03-21
3451217,anti-interference equipment,抗干扰设备，抗干扰装置,,2018-03-21
3451218,anti-interference filter,抗干扰滤波器,,2018-03-21
3451219,anti-jamming,抗干扰，反干扰,,2018-03-21
3451220,anti-jamming circuit,反干扰电路,,2018-03-21
3451221,anti-knock,抗爆的，抗震[的]，抗爆剂，抗震剂,,2018-03-21
3451222,anti-mildew,防霉的，抗霉的,,2018-03-21
3451223,anti-motoring relay,反电动机用电驿,,2018-03-21
3451224,anti-node,(波)腹,,2018-03-21
3451225,anti-osmosis,反渗透,,2018-03-21
3451226,anti-overloading,防过载的,,2018-03-21
3451227,anti-overshoot,反过冲，防过冲,,2018-03-21
3451228,anti-parallax,反视差,,2018-03-21
3451229,anti-phase,反相,,2018-03-21
3451230,anti-pick-up factor,始动(可靠)因数的倒数,,2018-03-21
3451231,anti-podal point,反极点，对跖点,,2018-03-21
3451232,anti-reflecting,减反射的，消反射的,,2018-03-21
3451233,anti-regeneration,防再生,,2018-03-21
3451234,anti-resonance,反谐振，反共振,,2018-03-21
3451235,anti-resonance circuit,反共振电路，反谐振电路,,2018-03-21
3451236,anti-resonance frequency,反共振频率,,2018-03-21
3451237,anti-resonant circuit,反谐振电路,,2018-03-21
3451238,anti-resonant frequency,反共振频率,,2018-03-21
3451239,anti-resonant frequency,反共振频率,,2018-03-21
3451240,anti-rust varnish,防锈漆,,2018-03-21
3451241,anti-seismic structure,防震建筑，防震结构,,2018-03-21
3451242,anti-side tone,消侧音，防侧音,,2018-03-21
3451243,anti-side tone circuit,消减侧音回路，防侧音电路,,2018-03-21
3451244,anti-sine,反正弦,,2018-03-21
3451245,anti-softener,防软剂,,2018-03-21
3451246,anti-spark,消火花,,2018-03-21
3451247,anti-squeak,减声器，减声片,,2018-03-21
3451248,anti-stall,防止失速,,2018-03-21
3451249,anti-stall gear,防止失速装置,,2018-03-21
3451250,anti-stick off voltage,反黏电压,,2018-03-21
3451251,anti-symmetric wave function,反对称波函数,,2018-03-21
3451252,anti-T-R switch,(天线) 收-发转换开关,,2018-03-21
3451253,anti-tarnish agent,防锈剂，防失光泽剂,,2018-03-21
3451254,anti-thrust,止推的,,2018-03-21
3451255,anti-torque,反作用转矩，反向转矩,,2018-03-21
3451256,anti-TR box,(天线) 收-发转换开关,,2018-03-21
3451257,anti-TR device,反发收器,,2018-03-21
3451258,anti-TR tube,反收发管， 反收发开关管,,2018-03-21
3451259,anti-tracking coat,抗爬电涂层，防爬电涂层,,2018-03-21
3451260,anti-transmit receive (ART),反发收，辅发收,,2018-03-21
3451261,anti-transmit receive tube,反收发管，反收发开关管,,2018-03-21
3451262,anti-trigonometric function,反三角函数,,2018-03-21
3451263,anti-vibration clamp,防震线夹,,2018-03-21
3451264,anti-vibration device,震动阻尼器，防震器,,2018-03-21
3451265,antiacid,抗酸的,,2018-03-21
3451266,antiager,防老化剂，抗老化剂,,2018-03-21
3451267,anticapacitance,防电容，抗电容,,2018-03-21
3451268,anticapacitance switch,抗电容开关(开关开路时端子间极小电容),,2018-03-21
3451269,anticathode,对阴极(X射线管中的靶子),,2018-03-21
3451270,anticipate,预先考虑，预先处理，预料，预期，超前，使提前发生,,2018-03-21
3451271,anticipated carry adder,先行进位加法器,,2018-03-21
3451272,anticipated duty,预期工作，预期负载,,2018-03-21
3451273,anticipated load,预期负载,,2018-03-21
3451274,anticipative object,可期目标,,2018-03-21
3451275,anticipator,预感器，预测器，超前预防器,,2018-03-21
3451276,anticipatory control,预行控制,,2018-03-21
3451277,anticipatory device,预测装置，预感装置,,2018-03-21
3451278,anticlockwise,反时针[方向]的，逆时针[方向]的，左旋的,,2018-03-21
3451279,anticlockwise rotation,反时针方向旋转,,2018-03-21
3451280,anticlutter,反干扰，抗近地物干扰系统,,2018-03-21
3451281,anticlutter circuits,抗近地物干扰电路,,2018-03-21
3451282,anticoincidence circuit,防止重合电路，反符合电路,,2018-03-21
3451283,anticoincidence unit,"""异""单元",,2018-03-21
3451284,anticollision,防[碰]撞,,2018-03-21
3451285,anticorona,防电晕,,2018-03-21
3451286,anticorona coating,防晕层，防晕漆,,2018-03-21
3451287,anticorona collar,防晕环,,2018-03-21
3451288,anticorrosive,防腐的，防蚀的，防锈的，防蚀剂,,2018-03-21
3451289,anticorrosive agent,防蚀剂,,2018-03-21
3451290,anticreaming agent,防涷剂,,2018-03-21
3451291,anticreep,防漏电，防蠕动,,2018-03-21
3451292,anticreeper,防漏电设备，防爬器，防蠕动装置,,2018-03-21
3451293,anticrustator,防垢剂,,2018-03-21
3451294,antidamping,抗阻尼，抗衰减,,2018-03-21
3451295,antiderivative,反导数，反微商,,2018-03-21
3451296,antideteriorant,防坏剂，防老剂,,2018-03-21
3451297,antidetonant,防爆剂,,2018-03-21
3451298,antidifferential,反微分,,2018-03-21
3451299,antidrop,防漏，防滴,,2018-03-21
3451300,antifatigue,耐疲劳，抗疲劳剂,,2018-03-21
3451301,antiferroelectric,反铁电的,,2018-03-21
3451302,antiferroelectricity,反铁电现象,,2018-03-21
3451303,antiferromagnet,反铁磁体,,2018-03-21
3451304,antiferromagnetic resonance,反铁磁共振,,2018-03-21
3451305,antiferromagnetics,反铁磁质，反铁磁体,,2018-03-21
3451306,antiferromagnetism,反铁磁现象，反铁磁性,,2018-03-21
3451307,antiflex cracking,抗折裂，抗弯裂,,2018-03-21
3451308,antifoamer,防泡沬剂,,2018-03-21
3451309,antifog,防雾，耐雾,,2018-03-21
3451310,antifog insulator,耐雾绝缘器,,2018-03-21
3451311,antifouling motor,防污电动机,,2018-03-21
3451312,antifouling paint,防污涂料，防污漆，防虫漆,,2018-03-21
3451313,antifreeze,防涷剂，阻涷剂，防涷，阻涷,,2018-03-21
3451314,antifreeze plate,防磁粘片，隔磁片,,2018-03-21
3451315,antifreezer,防涷剂，阻涷剂,,2018-03-21
3451316,antifreezing dope,阻涷剂,,2018-03-21
3451317,antifreezing mixture,防涷剂,,2018-03-21
3451318,antifriction,耐磨，抗磨，减磨,,2018-03-21
3451319,antifriction alloy,抗磨合金,,2018-03-21
3451320,antifriction bearing,耐磨轴承，减磨轴承，抗磨轴承,,2018-03-21
3451321,antifriction grease,轴承用润滑脂，减磨润滑脂,,2018-03-21
3451322,antifrost,防霜，防冰,,2018-03-21
3451323,antifrother,防止起泡添加剂,,2018-03-21
3451324,antifungus,防霉的,,2018-03-21
3451325,antifungus insulation,防霉绝缘,,2018-03-21
3451326,antiglare,遮光的，防闪光的，防眩光的,,2018-03-21
3451327,antigradient,负梯度，逆梯度,,2018-03-21
3451328,antihum,静噪器，哼声消除器，交流声抑制器，静噪的，消除哼声的，消除交流声的,,2018-03-21
3451329,antihum device,噪声消除器，静噪设备交流声抑制器,,2018-03-21
3451330,antihunt,稳定的，防震的，阻尼的，防摆动的反搜索的,,2018-03-21
3451331,antihunt action,阻尼作用，防震作用,,2018-03-21
3451332,antihunt means,稳定方法，稳定器，阻尼器,,2018-03-21
3451333,antihunting transformer,镇定变压器,,2018-03-21
3451334,antiicing aditive,抗涷添加剂,,2018-03-21
3451335,antijamming technique,抗干扰技术,,2018-03-21
3451336,antijamming unit,抗干扰装置,,2018-03-21
3451337,antiknock additive,抗爆添加剂,,2018-03-21
3451338,antiknock agent,抗爆剂,,2018-03-21
3451339,antiknock compound,抗爆复合剂,,2018-03-21
3451340,antiknock dope,抗爆添加剂,,2018-03-21
3451341,antiknock fuel,防爆燃料,,2018-03-21
3451342,antilinear,反线性,,2018-03-21
3451343,antilinear transformation,反线性变换,,2018-03-21
3451344,antilogarithm,反对数,,2018-03-21
3451345,antilogous,反对，对立,,2018-03-21
3451346,antimagnetic,抗磁性，反磁性，防磁,,2018-03-21
3451347,antimagnetic effect,防磁效应,,2018-03-21
3451348,antimagnetic shield,防磁屏蔽,,2018-03-21
3451349,antimagnetic steel,反磁性钢，防磁钢,,2018-03-21
3451350,antimagnetized,消磁,,2018-03-21
3451351,antimonial tin solder,锑锡焊条,,2018-03-21
3451352,Antimony,锑(Sb),,2018-03-21
3451353,antimony-beryllium source,锑铍中子源,,2018-03-21
3451354,antimony-bismuth couple,锑铋热偶,,2018-03-21
3451355,antinodal,波腹的,,2018-03-21
3451356,antinode,波腹，腹点,,2018-03-21
3451357,antinoise,抗噪声的，防噪声的,,2018-03-21
3451358,antinucleon,反核子,,2018-03-21
3451359,antioxidant,抗氧化剂,,2018-03-21
3451360,antioxygen,抗氧剂,,2018-03-21
3451361,antiparallel,反向平行，逆平行,,2018-03-21
3451362,antiparallel diode,反平行二极体,,2018-03-21
3451363,antiparalyse pulse,起动脉冲,,2018-03-21
3451364,antiparasitic,防寄生振荡的,,2018-03-21
3451365,antiparticle,反粒子，反质点,,2018-03-21
3451366,antiphase,反相位，反相,,2018-03-21
3451367,antiphase dipole,反相偶极子,,2018-03-21
3451368,antiplug relay,防反转电驿,,2018-03-21
3451369,antipode,相对极，对极,,2018-03-21
3451370,antipolarizing winding,反极化线圈,,2018-03-21
3451371,antipole,反极,,2018-03-21
3451372,antiproton,反质子,,2018-03-21
3451373,antipump device,防闭锁装置,,2018-03-21
3451374,antiputrefactive,防腐的,,2018-03-21
3451375,antiradar,防雷达，反雷达,,2018-03-21
3451376,antirattle clip,防振夹子,,2018-03-21
3451377,antirattler,消音器，减音器，防振器,,2018-03-21
3451378,antiresonating,反共振的，并联谐振,,2018-03-21
3451379,antirot,防腐的,,2018-03-21
3451380,antirust,防锈的,,2018-03-21
3451381,antirust coat,防锈层，防锈镀层,,2018-03-21
3451382,antirust lacquer,防锈漆,,2018-03-21
3451383,antirusting agent,防锈剂,,2018-03-21
3451384,antisaturation clamp,反饱和箝制,,2018-03-21
3451385,antisaturation diode,反饱和二极体,,2018-03-21
3451386,antiscale,防垢，防垢剂(锅炉),,2018-03-21
3451387,antiscorch,抗焦，抗焦剂,,2018-03-21
3451388,antiscorching,抗焦，抗焦剂,,2018-03-21
3451389,antiseptic,防腐剂，防腐的,,2018-03-21
3451390,antiseptic insulation,防腐绝缘,,2018-03-21
3451391,antiseptic metal element,防腐金属元件,,2018-03-21
3451392,antiseptic oil,防腐油,,2018-03-21
3451393,antiseptic substance,防腐剂，防腐材料,,2018-03-21
3451394,antiseptic treatment,防腐处理,,2018-03-21
3451395,antiseptin,防腐粉,,2018-03-21
3451396,antisinging device,防鸣装置,,2018-03-21
3451397,antispark,消火花的，防火花的,,2018-03-21
3451398,antistatic coating,抗静电涂料，抗静电涂层,,2018-03-21
3451399,antistatic fluid,防静电流体,,2018-03-21
3451400,antisulphuric enamel,防硫瓷漆,,2018-03-21
3451401,antisun,防晒，抗日光,,2018-03-21
3451402,antisymmetric,反对称,,2018-03-21
3451403,antisymmetric matrix,反对称矩阵,,2018-03-21
3451404,antisymmetric tensor,反对称张量,,2018-03-21
3451405,antisymmetrical load,反对称负载,,2018-03-21
3451406,antithetic variates,对偶变量,,2018-03-21
3451407,antitracking,防跟踪，防爬电(绝缘表面)，反跟踪,,2018-03-21
3451408,antitype,实物模型，对型,,2018-03-21
3451409,antiwear,防磨的,,2018-03-21
3451410,antodyne autoheterodyne,自拍，自动频差,,2018-03-21
3451411,antonite,白云母,,2018-03-21
3451412,anvil,电键下接点，触点，砧，铁砧,,2018-03-21
3451413,apart,离，相隔,,2018-03-21
3451414,aperiodic,非周期的，非调谐的,,2018-03-21
3451415,aperiodic aerial,非调谐天线，非谐振天线,,2018-03-21
3451416,aperiodic antenna,非调谐天线,,2018-03-21
3451417,aperiodic behavior,非周期性行为,,2018-03-21
3451418,aperiodic circuit,非周期电路，非周期振荡电路,,2018-03-21
3451419,aperiodic component,非周期部分，非周期分量,,2018-03-21
3451420,aperiodic current,非周期电流,,2018-03-21
3451421,aperiodic damped motion,非周期阻尼运动,,2018-03-21
3451422,aperiodic damping,非周期阻尼，过阻尼,,2018-03-21
3451423,aperiodic discharge,非周期放电,,2018-03-21
3451424,aperiodic disturbance,非周期扰动,,2018-03-21
3451425,aperiodic element,非周期元件,,2018-03-21
3451426,aperiodic function,非周期函数,,2018-03-21
3451427,aperiodic galvanometer,不摆电流计，直接指示电流计，大阻尼电流计,,2018-03-21
3451428,aperiodic instrument,不摆式仪表，非周期仪表,,2018-03-21
3451429,aperiodic motion,非周期运动,,2018-03-21
3451430,aperiodic oscillation,非周期性振荡,,2018-03-21
3451431,aperiodic phenomenon,非周期现象,,2018-03-21
3451432,aperiodic time constant,非周期时间常数,,2018-03-21
3451433,aperiodic transformer,无谐振变压器,,2018-03-21
3451434,aperiodic variation,非周期性变动,,2018-03-21
3451435,aperiodic wave,非周期波,,2018-03-21
3451436,aperiodicity,非周期性，非调谐性,,2018-03-21
3451437,aperture,(天线)孔径，孔隙，口径，孔径，小孔，小眼(晶格)，窗口(波导),,2018-03-21
3451438,aperture card,孔径卡，穿孔卡[片]，窗孔卡片(镶有缩微胶片的),,2018-03-21
3451439,aperture colour,开口色,,2018-03-21
3451440,aperture compensation,隙孔补偿,,2018-03-21
3451441,aperture correction,隙孔校正，孔径校正,,2018-03-21
3451442,aperture coupling,隙孔耦合,,2018-03-21
3451443,aperture distortion,孔径失真，小孔畸变，隙孔畸变，孔径畸变,,2018-03-21
3451444,aperture illumination,隙孔照明,,2018-03-21
3451445,aperture lens,针孔透镜,,2018-03-21
3451446,aperture mask,孔罩,,2018-03-21
3451447,aperture mask tricolor picture tube,孔罩三色显像管,,2018-03-21
3451448,aperture of beam,射束孔径,,2018-03-21
3451449,aperture of screen,筛孔,,2018-03-21
3451450,apertured plate for memory,多孔存储板,,2018-03-21
3451451,apex,顶点，顶峰，反射点(电波由电离层反射时的),,2018-03-21
3451452,apex angle,尖点，顶角,,2018-03-21
3451453,apex load,顶点荷载，顶点载重,,2018-03-21
3451454,aphelion,远日点,,2018-03-21
3451455,apogee,远地点，最远点,,2018-03-21
3451456,apogee motor,遥控电动机,,2018-03-21
3451457,apollo luner surface experiment package (ALSEP),阿波罗月面实验包,,2018-03-21
3451458,Apollonic circle,阿波罗圈,,2018-03-21
3451459,apostilb,"阿普熙提(亮度单位，等于1/10,000朗伯)",,2018-03-21
3451460,apparatus,仪器，器材,,2018-03-21
3451461,apparatus for air conditioning,空调设备,,2018-03-21
3451462,apparatus for inserting insulation,绝缘崁入机,,2018-03-21
3451463,apparatus for taping coil,线圈包带机,,2018-03-21
3451464,apparatus room,机房,,2018-03-21
3451465,apparent,表观的，视在的，明显的，表面的,,2018-03-21
3451466,apparent brightness,视在亮度，表观亮度,,2018-03-21
3451467,apparent candle power,视在烛光，表观烛光,,2018-03-21
3451468,apparent capacity,视在容量，表观容量,,2018-03-21
3451469,apparent charge,表观电荷，视在电荷,,2018-03-21
3451470,apparent colour,表观颜色，视在颜色,,2018-03-21
3451471,apparent component,表观分量，视在分量,,2018-03-21
3451472,apparent efficiency,视在效率，表观效率,,2018-03-21
3451473,apparent electromotive force,视在电动势，表观电动势,,2018-03-21
3451474,apparent energy,表观能量，视在能量,,2018-03-21
3451475,apparent gap area,视在气隙面积(磁极下的气隙面积),,2018-03-21
3451476,apparent gap density,视在气隙磁通密度,,2018-03-21
3451477,apparent half-life,表观半衰期,,2018-03-21
3451478,apparent head,视在水头(水轮机的),,2018-03-21
3451479,apparent impedance,表观阻抗，视在阻抗,,2018-03-21
3451480,apparent inductance,表观电感，视在电感,,2018-03-21
3451481,apparent intensity,视在强度,,2018-03-21
3451482,apparent lifetime,表观寿命,,2018-03-21
3451483,apparent load,视在负载,,2018-03-21
3451484,apparent loss,视在损失，表观损失,,2018-03-21
3451485,apparent magnetism,视在磁性，表观磁性,,2018-03-21
3451486,apparent magnitude (of an astronomical object),视觉大小,,2018-03-21
3451487,apparent mass,表观质量,,2018-03-21
3451488,apparent output,视在输出,,2018-03-21
3451489,apparent power,视在功率,,2018-03-21
3451490,apparent power loss,视在功率损失(伏安损失)，表观功率损失,,2018-03-21
3451491,apparent power meter,视在功率表,,2018-03-21
3451492,apparent reluctance,表观磁阻，视在磁阻,,2018-03-21
3451493,apparent resistance,表观电阻，视在电阻,,2018-03-21
3451494,apparent resistivity,视在电阻率，视在电阻系数，表观电阻率,,2018-03-21
3451495,apparent sag,视在垂度,,2018-03-21
3451496,apparent self-induction,视在自感应,,2018-03-21
3451497,apparent strength of insulation,视在绝缘强度,,2018-03-21
3451498,apparent stress,视在应力，表观应力,,2018-03-21
3451499,apparent threshold,视在临限,,2018-03-21
3451500,apparent tooth density,表观齿磁通密度，视在齿磁通密度,,2018-03-21
3451501,apparent volume,视容积，松装体积,,2018-03-21
3451502,apparent watt,视在瓦特；伏安,,2018-03-21
3451503,apparent weight,毛重，视在重量，表观重量,,2018-03-21
3451504,apparent work,视在功,,2018-03-21
3451505,apparent-energy meter,视在能量计，伏安时计，表观能量计,,2018-03-21
3451506,appeal board,申诉委员会,,2018-03-21
3451507,appeals process,一般申诉程序,,2018-03-21
3451508,appear,出现，呈现，好像，似乎,,2018-03-21
3451509,appearance,出现，外表，状态，外观,,2018-03-21
3451510,appearance potential,表观电势，外观电位,,2018-03-21
3451511,appearance test,外形检查，外观检查,,2018-03-21
3451512,appendage,备用仪表，附属物，附件，备件,,2018-03-21
3451513,appendant signal,从属号志,,2018-03-21
3451514,appendix,附录，补遗,,2018-03-21
3451515,Apple tube,苹果彩色显象管(单电子枪的彩色显象管),,2018-03-21
3451516,Applegate diagram,阿卜里格特图,,2018-03-21
3451517,Appleton layer,阿普尔顿层，F电离层(最高电离层),,2018-03-21
3451518,appliance,设备，用具，仪表，适用，适应,,2018-03-21
3451519,appliance circuit,仪表电路,,2018-03-21
3451520,appliance load,家用负载,,2018-03-21
3451521,appliance plug,家用电器插头,,2018-03-21
3451522,applicability,适用性，适用范围,,2018-03-21
3451523,application,应用，应用程式，应用软体,,2018-03-21
3451524,application guide,应用手册,,2018-03-21
3451525,application of load,加载,,2018-03-21
3451526,application program,应用程序,,2018-03-21
3451527,application software,应用软体,,2018-03-21
3451528,application-oriented programming language,应用导向程式语言,,2018-03-21
3451529,applications study,应用研究,,2018-03-21
3451530,applicator,介质加热用电极，敷贴器，洒施器,,2018-03-21
3451531,applied,应用的，外加的,,2018-03-21
3451532,applied chemistry,应用化学,,2018-03-21
3451533,applied electromotive force,外施电动势,,2018-03-21
3451534,applied EMF,外施电动势，外加电动势,,2018-03-21
3451535,applied engineering of optical radiation,光辐视应用工程,,2018-03-21
3451536,applied field,作用场，施加场，外加场，应用栏,,2018-03-21
3451537,applied force,外加力，作用力,,2018-03-21
3451538,applied load,外加负载,,2018-03-21
3451539,applied mathematics,应用数学,,2018-03-21
3451540,applied mechanics,应用力学,,2018-03-21
3451541,applied moment,作用力矩,,2018-03-21
3451542,applied potential test,加压试验,,2018-03-21
3451543,applied power,外加功率,,2018-03-21
3451544,applied pressure,外加电压，外加压力,,2018-03-21
3451545,applied probability,应用概率论,,2018-03-21
3451546,applied stress,外加应力,,2018-03-21
3451547,applied voltage,外加电压,,2018-03-21
3451548,apply,应用，适用于，申请,,2018-03-21
3451549,appointment call,定人定时呼叫，约定呼叫,,2018-03-21
3451550,appreciable,看得出的，感觉得到的，明显的，可观的，可估价的,,2018-03-21
3451551,appreciate,鉴赏，估价，鉴别，理解,,2018-03-21
3451552,approach,接近，近似，途径,,2018-03-21
3451553,approach angle,前进角，接近角，渐近角,,2018-03-21
3451554,approach circuit,接近指示电路,,2018-03-21
3451555,approach indicator,接近指示器,,2018-03-21
3451556,approach lighting,接近点灯法，接近照明,,2018-03-21
3451557,approach lighting system,进入灯系统,,2018-03-21
3451558,approach locking,接近锁定装置,,2018-03-21
3451559,approach signal,接近号志,,2018-03-21
3451560,approach-slow signal,低速接近号志,,2018-03-21
3451561,approval,赞成，同意，认可，批准,,2018-03-21
3451562,approval test,认可测试,,2018-03-21
3451563,approve,核准 认可,,2018-03-21
3451564,approved,核准 认可,,2018-03-21
3451565,approved apparatus,合格器材，安全器材,,2018-03-21
3451566,approved cable,安全电缆，合格电缆,,2018-03-21
3451567,approved lamp,安全灯,,2018-03-21
3451568,approved product,合格产品,,2018-03-21
3451569,approximate,近似，估计,,2018-03-21
3451570,approximate calculation,近似计算,,2018-03-21
3451571,approximate equivalent circuit,近似等效电路,,2018-03-21
3451572,approximate formula,近似公式,,2018-03-21
3451573,approximate identification,近似识别法,,2018-03-21
3451574,approximate method,近似法,,2018-03-21
3451575,approximate quantity,近似量,,2018-03-21
3451576,approximate representation,近似表示法,,2018-03-21
3451577,approximate representation of excitation system,励磁系统近似表示法,,2018-03-21
3451578,approximate solution,近似解,,2018-03-21
3451579,approximate stationarity,近似固定性,,2018-03-21
3451580,approximate treatment,近似处置,,2018-03-21
3451581,approximate value,近似值,,2018-03-21
3451582,approximation,近似法，近似值，近似，逼近,,2018-03-21
3451583,approximation function,近似函数,,2018-03-21
3451584,approximation of function,函数逼近,,2018-03-21
3451585,approximation problem,逼近问题,,2018-03-21
3451586,appurtenances,附属组件，辅助机组，辅助工具,,2018-03-21
3451587,apriorientropy,前定熵,,2018-03-21
3451588,apron,盖板，防护挡板，底板，附表,,2018-03-21
3451589,apyrous,耐火的，防火的，耐火性,,2018-03-21
3451590,aqua,水，液体(拉丁语),,2018-03-21
3451591,aqua communis,普通水,,2018-03-21
3451592,aquadag,导电敷层，胶体石墨，碳末润滑剂,,2018-03-21
3451593,aquadag coating,石墨涂层,,2018-03-21
3451594,aquage,水路,,2018-03-21
3451595,aquagraph,导电敷层,,2018-03-21
3451596,aquaseal,密封剂，水封,,2018-03-21
3451597,aquastat,水温自动调节器,,2018-03-21
3451598,aquated ion,水合离子,,2018-03-21
3451599,aqueous,水的，含水的,,2018-03-21
3451600,aqueous caustic,液苛性碱,,2018-03-21
3451601,aqueous corrosion,水腐蚀,,2018-03-21
3451602,aqueous fuel reprocessing plant,水法燃料回收处理工厂,,2018-03-21
3451603,aqueous homogeneous reactor,均液反应器,,2018-03-21
3451604,aqueous humor,水状液,,2018-03-21
3451605,aqueous medium,水介质,,2018-03-21
3451606,aqueous solution,水溶液,,2018-03-21
3451607,aqueous solution fuel,水溶液型燃料,,2018-03-21
3451608,aqueous solution reactor,水溶液反应器,,2018-03-21
3451609,aqueous vapour,水汽,,2018-03-21
3451610,aquifer,蓄水层,,2018-03-21
3451611,Arago's disc,阿拉哥圆盘，感应涡流盘,,2018-03-21
3451612,Arago's rotations,阿拉哥旋转(铜质圆盘在磁场中旋转),,2018-03-21
3451613,araldite,环氧(类)树脂，合成树脂粘结剂,,2018-03-21
3451614,arbitrary,任意的，随意的，专断的,,2018-03-21
3451615,arbitrary access,随机存取，任意存取,,2018-03-21
3451616,arbitrary constant,任意常数,,2018-03-21
3451617,arbitrary function,任意函数,,2018-03-21
3451618,arbitrary phase-angle power relay,任意相角功率电驿，有功-无功功率电驿,,2018-03-21
3451619,arbitrary sequence computer,任意顺序计算机,,2018-03-21
3451620,arbitrary unit,任意单位,,2018-03-21
3451621,arbitrary-function generator,任意函数产生器,,2018-03-21
3451622,arbor,轴，心轴，刀杆,,2018-03-21
3451623,arc,电弧，弧光，弓形滑接器,,2018-03-21
3451624,arc absorber,电弧吸收器,,2018-03-21
3451625,arc air cutting,电弧气割，压缩空气电弧切割,,2018-03-21
3451626,arc blow-out,消弧，灭弧,,2018-03-21
3451627,arc booster,[焊接]起弧稳定器,,2018-03-21
3451628,arc brazing,电弧铜焊,,2018-03-21
3451629,arc cathode,电弧阴极，弧光放电阴极,,2018-03-21
3451630,arc chamber,电弧箱，消弧室,,2018-03-21
3451631,arc characteristic,电弧特性,,2018-03-21
3451632,arc chute,电弧槽，电弧隔板，灭弧罩，灭弧栅,,2018-03-21
3451633,arc circuit,电弧电路,,2018-03-21
3451634,arc control,电弧控制，消除火花,,2018-03-21
3451635,arc control device,电弧控制装置,,2018-03-21
3451636,arc converter,电弧变流器，[电]弧整流器，电弧负阻振荡器，[高频]电弧振荡器,,2018-03-21
3451637,arc cosine,反余弦,,2018-03-21
3451638,arc cotangent,反余切,,2018-03-21
3451639,arc crater,弧坎，电弧焊口，弧陷口,,2018-03-21
3451640,arc current,电弧电流，弧流,,2018-03-21
3451641,arc cutting machine,电弧切割机,,2018-03-21
3451642,arc dam,拱坝,,2018-03-21
3451643,arc deflector,电弧偏转器，熄弧隔板,,2018-03-21
3451644,arc deionization,去离子化弧,,2018-03-21
3451645,arc detector,电弧检验器,,2018-03-21
3451646,arc discharge,电弧放电，弧光放电,,2018-03-21
3451647,arc discharger,电弧放电器,,2018-03-21
3451648,arc distance,弧距，放电距离,,2018-03-21
3451649,arc duration,电弧持续时间，燃弧时间,,2018-03-21
3451650,arc dynamo,碳弧灯用直流发电机,,2018-03-21
3451651,arc electrode,电弧极，弧光电极,,2018-03-21
3451652,arc end,引弧端，发弧端,,2018-03-21
3451653,arc extinction,灭弧，消弧,,2018-03-21
3451654,arc extinguish chamber,灭弧室，消弧室,,2018-03-21
3451655,arc extinguisher,灭弧器，火花消除器,,2018-03-21
3451656,arc flame,弧焰,,2018-03-21
3451657,arc frequency,弧流频率,,2018-03-21
3451658,arc furnace,电弧炉,,2018-03-21
3451659,arc furnace transformer,电弧炉变压器,,2018-03-21
3451660,arc gap,弧隙,,2018-03-21
3451661,arc generator,电弧产生器，电弧振荡器,,2018-03-21
3451662,arc gravity dam,重力拱坝，拱形重力坝,,2018-03-21
3451663,arc guide,[汞]弧导筒，电弧波导,,2018-03-21
3451664,arc heating,电弧加热,,2018-03-21
3451665,arc hissing,弧嘶声,,2018-03-21
3451666,arc ignition,电弧点火,,2018-03-21
3451667,arc inverter,电弧变换器,,2018-03-21
3451668,arc key,弧形键,,2018-03-21
3451669,arc lamp,弧光灯,,2018-03-21
3451670,arc length,弧长,,2018-03-21
3451671,arc light,弧光,,2018-03-21
3451672,arc lighting,弧光照明,,2018-03-21
3451673,arc loss,电弧损耗,,2018-03-21
3451674,arc measurement,弧度测量,,2018-03-21
3451675,arc melting,电弧熔化，电弧熔炼,,2018-03-21
3451676,arc oscillator,电弧振荡器,,2018-03-21
3451677,arc over,弧络，电孤放电，飞弧,,2018-03-21
3451678,arc pit,弧坑，灼伤坑，弧斑,,2018-03-21
3451679,arc potential,弧电位,,2018-03-21
3451680,arc process,电弧处理,,2018-03-21
3451681,arc protection,闪络保护(绝缘子),,2018-03-21
3451682,arc quenching,熄弧，灭弧,,2018-03-21
3451683,arc rectifier,电弧整流器,,2018-03-21
3451684,arc regulator,电弧调节器,,2018-03-21
3451685,arc resistance,耐弧性，电弧电阻,,2018-03-21
3451686,arc ring,电弧环，引弧环(绝缘子),,2018-03-21
3451687,arc source,弧光源，弧光离子源,,2018-03-21
3451688,arc spark,电弧火花,,2018-03-21
3451689,arc splitter,熄弧沟，分弧器,,2018-03-21
3451690,arc stability,电弧稳定性,,2018-03-21
3451691,arc stabilizer,稳弧器,,2018-03-21
3451692,arc standard,电弧标准,,2018-03-21
3451693,arc starting,起弧,,2018-03-21
3451694,arc stream,弧流,,2018-03-21
3451695,arc striking mechanism,发弧器,,2018-03-21
3451696,arc suppressing transformer,消弧变压器,,2018-03-21
3451697,arc suppressing reactor,灭弧电抗器,,2018-03-21
3451698,arc suppression,消，弧灭弧，抑弧,,2018-03-21
3451699,arc suppression circuit,消弧电路,,2018-03-21
3451700,arc suppression coil,消弧线圈，灭弧线圈,,2018-03-21
3451701,arc system,电弧装置,,2018-03-21
3451702,arc tangent,反正切,,2018-03-21
3451703,arc through loss of control,通弧失控,,2018-03-21
3451704,arc tight,耐弧的，隔弧的,,2018-03-21
3451705,arc time,燃弧时间,,2018-03-21
3451706,arc timer,燃弧时间测定装置,,2018-03-21
3451707,arc tip,弧尖，电弧触点,,2018-03-21
3451708,arc torch,电弧焊炬,,2018-03-21
3451709,arc transmitter,电弧发射机,,2018-03-21
3451710,arc tube,弧光管,,2018-03-21
3451711,arc valve,弧阀,,2018-03-21
3451712,arc voltage,电弧电压，电弧压降,,2018-03-21
3451713,arc wear,电弧侵蚀,,2018-03-21
3451714,arc welder,电弧焊机,,2018-03-21
3451715,arc welding,弧焊，电弧焊，电弧熔接,,2018-03-21
3451716,arc welding generator,弧焊发电机,,2018-03-21
3451717,arc welding machine,电焊机，电弧焊机,,2018-03-21
3451718,arc welding set,弧焊设备,,2018-03-21
3451719,arc welding transformer,弧焊变压器,,2018-03-21
3451720,arc-arrester,消弧器，火花熄灭器,,2018-03-21
3451721,arc-control breaker,灭弧断路器,,2018-03-21
3451722,arc-damping,熄弧的,,2018-03-21
3451723,arc-drop,电弧压降,,2018-03-21
3451724,arc-drop loss,电弧压降损耗,,2018-03-21
3451725,arc-extinguishing coil,灭弧线圈,,2018-03-21
3451726,arc-extinguishing medium,消弧介质，灭弧介质,,2018-03-21
3451727,arc-hyperbolic function,反双曲函数,,2018-03-21
3451728,arc-over voltage,电弧放电电压，闪络电压，飞弧电压,,2018-03-21
3451729,arc-proof,耐电弧的,,2018-03-21
3451730,arc-proof enamel,耐弧瓷漆,,2018-03-21
3451731,arc-resistant brush,耐弧电刷,,2018-03-21
3451732,arc-resistivity,弧电阻率，耐电弧性能,,2018-03-21
3451733,arc-strike,电弧闪击，弧光放电,,2018-03-21
3451734,arch,拱，弓形，半圆形，拱形物,,2018-03-21
3451735,arch motor,拱式电动机,,2018-03-21
3451736,archbound commutator,拱束式换向器,,2018-03-21
3451737,Archimedes Law,阿基米德定律,,2018-03-21
3451738,architectural,建筑的，建筑学的,,2018-03-21
3451739,architectural acoustics,建筑声学,,2018-03-21
3451740,architecture,建筑物,,2018-03-21
3451741,archival memory,归档记忆体,,2018-03-21
3451742,archives,档案库,,2018-03-21
3451743,arcing,飞弧，发弧，弧击穿,,2018-03-21
3451744,arcing back,回弧，逆弧,,2018-03-21
3451745,arcing brush,发弧电刷，跳火电刷,,2018-03-21
3451746,arcing butt welding,弧对焊,,2018-03-21
3451747,arcing chamber,消弧室,,2018-03-21
3451748,arcing contact,弧接触，灭弧触点，飞弧触点,,2018-03-21
3451749,arcing distance,弧距，放电距离,,2018-03-21
3451750,arcing fault,电弧故障，闪[弧]络故障,,2018-03-21
3451751,arcing flashover,发弧闪络,,2018-03-21
3451752,arcing ground,接地弧，对地电弧放电，电弧接地,,2018-03-21
3451753,arcing ground suppressor,接地弧抑制器,,2018-03-21
3451754,arcing horn,电弧角，角形避雷器，消弧角,,2018-03-21
3451755,arcing ring,引弧环，消弧环，环形消弧器,,2018-03-21
3451756,arcing shield,电弧屏蔽环，均压环,,2018-03-21
3451757,arcing time,发弧时间，闪络时间,,2018-03-21
3451758,arcing tip,电弧接触点,,2018-03-21
3451759,arcing voltage,发弧电压，起弧电压，跳火电压,,2018-03-21
3451760,arcotron,显光管,,2018-03-21
3451761,arcsine,反正弦,,2018-03-21
3451762,arctan,反正切,,2018-03-21
3451763,arctic,北极的，极地的,,2018-03-21
3451764,Arctic pole,北极,,2018-03-21
3451765,Arcton (CCl2F2),二氟二氯碳,,2018-03-21
3451766,ardometer,光测高温计，辐射高温计,,2018-03-21
3451767,area,面积，区域，范围,,2018-03-21
3451768,area assist action,区域供电辅助措施,,2018-03-21
3451769,area code,区域码，地区码,,2018-03-21
3451770,area control error,地区控制误差,,2018-03-21
3451771,area density,区域密度,,2018-03-21
3451772,area dispatcher,地区调度员,,2018-03-21
3451773,area effect,面积效应,,2018-03-21
3451774,area exchange,地区交换所,,2018-03-21
3451775,area generation,地区发电,,2018-03-21
3451776,area load-frequency characteristic,地区负荷-频率特性,,2018-03-21
3451777,area of contact,接触面积,,2018-03-21
3451778,area of hysteresis loop,磁滞曲线面积，磁滞环面积,,2018-03-21
3451779,area of zone,区域面积,,2018-03-21
3451780,area search,区域搜寻,,2018-03-21
3451781,area substation,地区变电站,,2018-03-21
3451782,area supplementary control,区内辅助调节，区内辅助控制,,2018-03-21
3451783,area tie line,地区联络线,,2018-03-21
3451784,area-balanced current,面积平衡电流，与直流分量对称的电流,,2018-03-21
3451785,areas of jurisdiction (AOJ),区域管辖权,,2018-03-21
3451786,areometer,液体比重计,,2018-03-21
3451787,Argand diagram,阿刚德相量图,,2018-03-21
3451788,argentine,银色的，银制的，器，包银之物,,2018-03-21
3451789,Argentite (Ag2S),辉银矿,,2018-03-21
3451790,argentometer,电量计，测银比重计,,2018-03-21
3451791,argentum,银Ag,,2018-03-21
3451792,argon,氩Ar,,2018-03-21
3451793,argon arc welding,氩弧焊,,2018-03-21
3451794,argon bulb rectifier,氩气整流管，充氩整流器，氩管整流器,,2018-03-21
3451795,argon filling,充氩,,2018-03-21
3451796,argon lamp,氩气灯,,2018-03-21
3451797,argon laser,氩雷射,,2018-03-21
3451798,argon rectifier,氩整流器,,2018-03-21
3451799,argon thyratron,充氩闸流管,,2018-03-21
3451800,argon welder,氩弧焊机,,2018-03-21
3451801,argue,讨论，议论，辩论，说服，证明,,2018-03-21
3451802,argument,引数，幅角，幅度，自变量，自变数,,2018-03-21
3451803,argument of complex number,复数的幅角,,2018-03-21
3451804,argument of function,函数自变量,,2018-03-21
3451805,argument of perigee,近地点引数,,2018-03-21
3451806,argument of phasor,相量幅角,,2018-03-21
3451807,argument of vector,向量幅角,,2018-03-21
3451808,ariscope,移光电摄象管,,2018-03-21
3451809,arise,上升，发生，出现,,2018-03-21
3451810,arithmatic average,算术平均,,2018-03-21
3451811,arithmetic,算数的，运算的,,2018-03-21
3451812,arithmetic apparent power,算术视在功率,,2018-03-21
3451813,arithmetic assignment statement,算术赋值叙述,,2018-03-21
3451814,arithmetic check,算术检查,,2018-03-21
3451815,arithmetic device,运算装置，运算器，算术装置,,2018-03-21
3451816,arithmetic error code,算术误差码,,2018-03-21
3451817,arithmetic IF statement,算术条件叙述,,2018-03-21
3451818,arithmetic instruction,算术指令,,2018-03-21
3451819,arithmetic logic unit (ALU),算术逻辑单元,,2018-03-21
3451820,arithmetic mean,算术平均，算术平均值，算术中项，等差中项,,2018-03-21
3451821,arithmetic operator,算术运算子,,2018-03-21
3451822,arithmetic point,小数点,,2018-03-21
3451823,arithmetic product,算术乘积,,2018-03-21
3451824,arithmetic progression,算术级数，等差级数,,2018-03-21
3451825,arithmetic reactive factor,算术无功因数(多相回路),,2018-03-21
3451826,arithmetic register,算术暂存器,,2018-03-21
3451827,arithmetic section,算术区段,,2018-03-21
3451828,arithmetic shift,算术移位，运算移位,,2018-03-21
3451829,arithmetic sum,算术和,,2018-03-21
3451830,arithmetic unit,算术单元，运算单元,,2018-03-21
3451831,arithmetical,算数的，运算的,,2018-03-21
3451832,arithmetical check,运算检查,,2018-03-21
3451833,arithmetical series,算术级数，等差级数,,2018-03-21
3451834,arithmetical unit,运算器，运算单元,,2018-03-21
3451835,arithmometer,四则运算器,,2018-03-21
3451836,arm,臂，手柄，支架，桥臂，支线，支管分路，线担，横担,,2018-03-21
3451837,arm brace,横担钩,,2018-03-21
3451838,arm guy,支线撑，横担拉索,,2018-03-21
3451839,arm path,桥臂支路,,2018-03-21
3451840,arm rest,拾音器臂架，靠手，扶手,,2018-03-21
3451841,arm tie,横担箍，斜撑，交叉撑，连臂板,,2018-03-21
3451842,arm-type brush holder,悬臂式刷握,,2018-03-21
3451843,armamentarium,[一套]设备,,2018-03-21
3451844,armatrue characteristic curve,电枢特性曲线,,2018-03-21
3451845,armature,电枢，衔铁，引铁，电容器板，装甲，铠装,,2018-03-21
3451846,armature air gap,衔铁气隙，电枢气隙,,2018-03-21
3451847,armature backstop,衔铁后档，衔铁复原止档,,2018-03-21
3451848,armature band,电枢绑带,,2018-03-21
3451849,armature bar,电枢线棒，电枢导条,,2018-03-21
3451850,armature bearing,电枢轴承，电枢支座,,2018-03-21
3451851,armature bearing pin,衔铁支座销钉,,2018-03-21
3451852,armature binder,电枢绑线,,2018-03-21
3451853,armature body,电枢体,,2018-03-21
3451854,armature bore,电枢内孔，电枢孔径,,2018-03-21
3451855,armature chamber,电枢室，定子室(发电机),,2018-03-21
3451856,armature characteristic,电枢特性,,2018-03-21
3451857,armature chatter,衔铁振动，衔铁震动作响,,2018-03-21
3451858,armature circuit,电枢电路,,2018-03-21
3451859,armature circumference,电枢圆周,,2018-03-21
3451860,armature coil,电枢线圈，衔铁线圈,,2018-03-21
3451861,armature conductor,电枢导线，电枢线圈,,2018-03-21
3451862,armature contact,衔铁触点，衔铁接点,,2018-03-21
3451863,armature contact spring,衔铁触点弹簧,,2018-03-21
3451864,armature control,电枢电压控制,,2018-03-21
3451865,armature core,电枢铁心,,2018-03-21
3451866,armature core disk,电枢铁心叠片(整片),,2018-03-21
3451867,armature core lamination,电枢铁心叠片，电枢铁心冲片,,2018-03-21
3451868,armature current,电枢电流,,2018-03-21
3451869,armature diameter,电枢直径,,2018-03-21
3451870,armature dropout overtravel,衔铁释放超行程，衔铁回动过调,,2018-03-21
3451871,armature drum,电枢心子,,2018-03-21
3451872,armature duct,电枢风道,,2018-03-21
3451873,armature end,电枢端部，衔铁端部,,2018-03-21
3451874,armature end plate,枢端夹板,,2018-03-21
3451875,armature end slug,衔铁端缓动铜环,,2018-03-21
3451876,armature end-connections,电枢缠组端部,,2018-03-21
3451877,armature excitation curve,电枢励磁曲线,,2018-03-21
3451878,armature factor,电枢因数，电枢有效导体数,,2018-03-21
3451879,armature field,电枢磁场,,2018-03-21
3451880,armature flange,电枢凸缘，电枢端盖,,2018-03-21
3451881,armature flux,电枢磁通量,,2018-03-21
3451882,armature frame,电枢支架，电枢框架,,2018-03-21
3451883,armature frequency,电枢频率,,2018-03-21
3451884,armature gap,衔铁间隙，电枢间隙,,2018-03-21
3451885,armature head,电枢[铁心]压板，电枢端板,,2018-03-21
3451886,armature hesitation,衔铁动作滞缓，衔铁动作犹豫,,2018-03-21
3451887,armature hinge,衔铁支枢，衔铁铰链,,2018-03-21
3451888,armature induction,电枢感应,,2018-03-21
3451889,armature inductor,电枢感应线圈,,2018-03-21
3451890,armature insulation,电枢绝缘,,2018-03-21
3451891,armature iron,电枢铁心，衔铁,,2018-03-21
3451892,armature iron loss,电枢铁损耗,,2018-03-21
3451893,armature lamination,电枢叠片,,2018-03-21
3451894,armature leakage,电枢漏磁,,2018-03-21
3451895,armature leakage field,电枢漏磁场,,2018-03-21
3451896,armature leakage flux,电枢漏磁通,,2018-03-21
3451897,armature leakage reactance,电枢漏抗,,2018-03-21
3451898,armature length,电枢长度,,2018-03-21
3451899,armature lever,衔铁杆,,2018-03-21
3451900,armature lifter,衔铁提杆，衔铁推杆,,2018-03-21
3451901,armature lock lever,电枢锁杆,,2018-03-21
3451902,armature lock washer,电枢锁紧垫圈,,2018-03-21
3451903,armature loop,电枢绕组回路,,2018-03-21
3451904,armature loss,电枢损耗,,2018-03-21
3451905,armature magnetic pole gap,电枢磁极间隙,,2018-03-21
3451906,armature magnetization,电枢磁化,,2018-03-21
3451907,armature magnetization curve,电枢磁化曲线,,2018-03-21
3451908,armature mmf,电枢磁动势,,2018-03-21
3451909,armature of magnet,磁铁衔铁,,2018-03-21
3451910,armature ohmic loss,电枢电阻损失，电枢铜耗,,2018-03-21
3451911,armature periphery,电枢圆周，电枢周缘,,2018-03-21
3451912,armature pickup overthrow,衔铁吸合过度,,2018-03-21
3451913,armature pickup rebound,衔铁吸合回跳,,2018-03-21
3451914,armature plate,电枢冲片,,2018-03-21
3451915,armature play,衔铁游隙，衔铁间隙,,2018-03-21
3451916,armature pole,电枢极,,2018-03-21
3451917,armature pusher,衔铁推杆,,2018-03-21
3451918,armature ratio,衔铁动程比,,2018-03-21
3451919,armature reactance,电枢电抗，电枢漏抗,,2018-03-21
3451920,armature reactance factor,电枢电抗因数,,2018-03-21
3451921,armature reaction,电枢反应,,2018-03-21
3451922,armature reaction reactance,电枢反应电抗,,2018-03-21
3451923,armature reaction-excited machine,电枢反应励磁电机，反应式电机,,2018-03-21
3451924,armature rebound,衔铁回跳,,2018-03-21
3451925,armature relay,衔铁式继电器,,2018-03-21
3451926,armature residual gap,衔铁[防粘]余隙,,2018-03-21
3451927,armature resistance,电枢电阻,,2018-03-21
3451928,armature return spring,衔铁回复弹簧,,2018-03-21
3451929,armature shaft,电枢轴,,2018-03-21
3451930,armature side play,衔铁侧面间隙,,2018-03-21
3451931,armature sleeve,电枢轴套，电枢套筒,,2018-03-21
3451932,armature slot,电枢槽,,2018-03-21
3451933,armature slotted-core,槽铁心电枢,,2018-03-21
3451934,armature spinder,电枢支架，电枢辐臂,,2018-03-21
3451935,armature spindle,电枢心轴,,2018-03-21
3451936,armature spool,电枢线圈,,2018-03-21
3451937,armature spring,衔铁弹簧，舌簧,,2018-03-21
3451938,armature stamping,电枢冲片，电枢凿片,,2019-10-04
3451939,armature stop,衔铁止档,,2018-03-21
3451940,armature stroke,衔铁冲程,,2018-03-21
3451941,armature stud,电枢螺栓,,2018-03-21
3451942,armature teeth,电枢齿,,2018-03-21
3451943,armature time constant,电枢时间常数,,2018-03-21
3451944,armature tooth,电枢齿,,2018-03-21
3451945,armature travel,衔铁行程,,2018-03-21
3451946,armature turn,电枢圈数,,2018-03-21
3451947,armature type magneto,电枢式磁电机,,2018-03-21
3451948,armature type relay,衔铁式电驿,,2018-03-21
3451949,armature vent,电枢通风孔,,2018-03-21
3451950,armature voltage,电枢电压,,2018-03-21
3451951,armature voltage control,电枢电压控制,,2018-03-21
3451952,armature wedge,电枢槽楔,,2018-03-21
3451953,armature wedger,电枢槽楔嵌入机，电枢槽楔制造机,,2018-03-21
3451954,armature winding,电枢线圈，电枢绕组,,2018-03-21
3451955,armature winding cross connection,电枢绕组均压线,,2018-03-21
3451956,armature winding equalizer,电枢绕组均压线,,2018-03-21
3451957,armature-circuit loss,电枢绕组损耗，电枢铜耗,,2018-03-21
3451958,armature-controlled motor,电枢电压可调电动机,,2018-03-21
3451959,armature-excited machine,电枢励磁电机,,2018-03-21
3451960,armature-reaction MMF,电枢反应磁动势,,2018-03-21
3451961,armature-winding machine,电枢绕组绕线机,,2018-03-21
3451962,Armco magnetic iron,阿姆柯磁性铁,,2018-03-21
3451963,armlak,电枢用亮漆,,2018-03-21
3451964,armor,装甲，铠装,,2018-03-21
3451965,armor clad,装甲，包层,,2018-03-21
3451966,armor coat,甲层，护层,,2018-03-21
3451967,armor cutter,铠甲线剪,,2018-03-21
3451968,armor rod,护条,,2018-03-21
3451969,armor tape,保护带，扎带,,2018-03-21
3451970,armored cable,装甲电缆，铠装电缆,,2018-03-21
3451971,armored thermometer,带套温度计，铠装温度计,,2018-03-21
3451972,armored transformer,壳装变压器,,2018-03-21
3451973,armour,装甲，铠装,,2018-03-21
3451974,armour clamp,[电缆的]铠装线夹，金具(架空线路的),,2018-03-21
3451975,armour wire,金属铠装线,,2018-03-21
3451976,armour-clad switch,金属壳开关,,2018-03-21
3451977,armoured cable,装甲电缆，铠装电缆,,2018-03-21
3451978,armoured lead cable,铠装铅包电缆,,2018-03-21
3451979,armouring,铠装,,2018-03-21
3451980,armouring steel tape,铠装钢带,,2018-03-21
3451981,arms industry,军需工业,,2018-03-21
3451982,Armstrong circuit,阿姆斯壮电路,,2018-03-21
3451983,Armstrong motor,活塞液压马达，阿姆斯壮电动机,,2018-03-21
3451984,Army data,陆军战地资料,,2018-03-21
3451985,Army Fieldata Code,陆军战地资料电码,,2018-03-21
3451986,Army technical operation center,陆军工程作业中心,,2018-03-21
3451987,Arnold motor,阿诺德电动机,,2018-03-21
3451988,aromatic,芳香的，芳族的，芳香剂,,2018-03-21
3451989,around-the-clock,整昼夜的，全昼夜的,,2018-03-21
3451990,arrange,布置，安置，排列，安排，整理,,2018-03-21
3451991,arrangement,排列，布置，装置，设备,,2018-03-21
3451992,arrangement diagram,布置图,,2018-03-21
3451993,arrangement in parallel,并列布置,,2018-03-21
3451994,arrangement of insulation,绝缘配合,,2018-03-21
3451995,arrangement of pole attachment,电杆附件的配置,,2018-03-21
3451996,arrangement of terminals,端子布置,,2018-03-21
3451997,arrangement of wires,布线，安线,,2018-03-21
3451998,arranger,传动装置,,2018-03-21
3451999,array,列，排，阵列，矩阵，数组，级数，系统,,2018-03-21
3452000,array curtain,天线阵列障,,2018-03-21
3452001,array declaration,数组说明，阵列宣告,,2018-03-21
3452002,array declarator,数组说明符，阵列宣告符,,2018-03-21
3452003,array identifier,数组标识符，阵列识别符,,2018-03-21
3452004,array logic,阵列逻辑,,2018-03-21
3452005,array of mirrors,镜阵列，镜组列,,2018-03-21
3452006,array pitch,列距，阵列间距,,2018-03-21
3452007,arrest,阻止，制动，停止，吸引，延迟,,2018-03-21
3452008,arrested failure,制止损坏，限制故障的扩展,,2018-03-21
3452009,arrester,放电器，避雷器，制动装置，止动器，限动器,,2018-03-21
3452010,arrester alternating sparkover-voltage,避雷器振荡火花放电电压,,2018-03-21
3452011,arrester characteristic element,避雷器特性元件,,2018-03-21
3452012,arrester clip-off voltage,避雷器夹止电压,,2018-03-21
3452013,arrester discharge capacity,避雷器放电容量,,2018-03-21
3452014,arrester discharge counter,避雷器放电计数器,,2018-03-21
3452015,arrester discharge indicator,避雷器放电指示器,,2018-03-21
3452016,arrester discharge voltage-current characteristic,避雷器放电伏安特性,,2018-03-21
3452017,arrester discharge voltage-time curve,避雷器放电电压-时间曲线,,2018-03-21
3452018,arrester disconnector,避雷器隔离开关,,2018-03-21
3452019,arrester grading ring,避雷器均压环,,2018-03-21
3452020,arrester ground,避雷器接地,,2018-03-21
3452021,arrester ground terminal,避雷器地端子,,2018-03-21
3452022,arrester rating,避雷器额定,,2018-03-21
3452023,arrester residue voltage,避雷器残余电压,,2018-03-21
3452024,arresting device,制动装置,,2018-03-21
3452025,arresting gear,制动齿轮，稳定装置，限动器，行程限制器,,2018-03-21
3452026,arresting nut,止动螺母,,2018-03-21
3452027,arresting stop,停止装置，止动块,,2018-03-21
3452028,arrestment,停止，停止设备，停止器，煞车机构，制动爪,,2018-03-21
3452029,arrow,指针，箭头,,2018-03-21
3452030,arrow diagram,矢量图，箭头图,,2018-03-21
3452031,arsenic (As),砷,,2018-03-21
3452032,art,技术，技巧，艺术,,2018-03-21
3452033,art work,原图，工艺图，图模，工艺,,2018-03-21
3452034,art work sheet,工艺单，工艺图纸,,2018-03-21
3452035,art work tape,原图信息带,,2018-03-21
3452036,artery,动脉，干线，大路,,2018-03-21
3452037,article,论文，技术论文，条款，项目，制品，物件,,2018-03-21
3452038,articulated unit substation,单元组合式变电站,,2018-03-21
3452039,articulation,铰接，联接，关节，转动中心，活接头，清晰度，发音,,2018-03-21
3452040,articulation band,清晰带,,2018-03-21
3452041,articulation efficiency,清晰效率,,2018-03-21
3452042,articulation index,清晰度指数,,2018-03-21
3452043,articulation reference equivalent,清晰度参考当量,,2018-03-21
3452044,articulation test,清晰度试验,,2018-03-21
3452045,articulator,电话扩音器,,2018-03-21
3452046,artificer,技工，巧匠，发明家，设计者,,2018-03-21
3452047,artificial,人工的，人造的，仿真的,,2018-03-21
3452048,artificial ageing,人工老化,,2018-03-21
3452049,artificial aging,人工老化,,2018-03-21
3452050,artificial antenna,仿真天线，假天线,,2018-03-21
3452051,artificial asphalt,人造[地]沥青，人造柏油,,2018-03-21
3452052,artificial bitumen,人造沥青,,2018-03-21
3452053,artificial black or white signal,仿真黑白信号,,2018-03-21
3452054,artificial brain,电脑，仿真脑，人工脑,,2018-03-21
3452055,artificial cable,仿真电缆,,2018-03-21
3452056,artificial circuit,模似电路，仿真电路，人工电路,,2018-03-21
3452057,artificial cognition,人工认知,,2018-03-21
3452058,artificial commutation,人工整流，强制整流,,2018-03-21
3452059,artificial crystal,人工晶体,,2018-03-21
3452060,artificial day light,模拟昼光，人造日光，人工日光,,2018-03-21
3452061,artificial delay line,仿真延迟线,,2018-03-21
3452062,artificial dielectric,人造介质,,2018-03-21
3452063,artificial disintegration,人工蜕变，人工分解,,2018-03-21
3452064,artificial draft,人工通风,,2018-03-21
3452065,artificial drainage,人工排水,,2018-03-21
3452066,artificial ear,仿声耳，人工耳,,2018-03-21
3452067,artificial earthing,人工接地,,2018-03-21
3452068,artificial fault,人为故障,,2018-03-21
3452069,artificial ferrite,人造铁氧体,,2018-03-21
3452070,artificial fibre,人造纤维,,2018-03-21
3452071,artificial ground,仿真接地,,2018-03-21
3452072,artificial illumination,人工照明,,2018-03-21
3452073,artificial induced actinic effect,人工感应光化学效应,,2018-03-21
3452074,artificial intelligence,人造智慧，人工智慧,,2018-03-21
3452075,artificial language,人造语言,,2018-03-21
3452076,artificial light source,人造光源,,2018-03-21
3452077,artificial lighting,人工照明,,2018-03-21
3452078,artificial lightning,人工闪电,,2018-03-21
3452079,artificial line,仿真线，人工线，模拟线,,2018-03-21
3452080,artificial load,人造负载，仿真负载，仿真负荷,,2018-03-21
3452081,artificial magnet,人造磁铁,,2018-03-21
3452082,artificial mica,人造云母,,2018-03-21
3452083,artificial mouth,仿真口，人工嘴,,2018-03-21
3452084,artificial network,模拟网路，仿真网路，人工网路,,2018-03-21
3452085,artificial neutral point,人工中性点,,2018-03-21
3452086,artificial perception,人工知觉，人工感知,,2018-03-21
3452087,artificial radioactivity,人工放射现象,,2018-03-21
3452088,artificial raining,人工降雨,,2018-03-21
3452089,artificial recharge,人工再充电，人工重装，人工充水，人工灌注,,2018-03-21
3452090,artificial resistance,仿真电阻,,2018-03-21
3452091,artificial rubber,人造橡胶，合成橡胶,,2018-03-21
3452092,artificial satellite,人造卫星,,2018-03-21
3452093,artificial signal source,人造信号源，人工信号源,,2018-03-21
3452094,artificial silk,人造丝,,2018-03-21
3452095,artificial stabilization,人为稳定,,2018-03-21
3452096,artificial sunlamp,人工强光灯(日晒用),,2018-03-21
3452097,artificial track circuit,仿真轨道电路,,2018-03-21
3452098,artificial transmission line,仿真传输线，模拟输电线,,2018-03-21
3452099,artificial ventilation,人工通风，机械通风,,2018-03-21
3452100,artwork master,照相原图，照相底图,,2018-03-21
3452101,Aryton shunt,阿锐吞分流器,,2018-03-21
3452102,ASA FORTRAN,美国标准协会FORTRAN语言,,2018-03-21
3452103,asbestic,石棉的,,2018-03-21
3452104,asbestiform,似石棉的,,2018-03-21
3452105,asbestine,不燃性的，石棉性的，滑石棉,,2018-03-21
3452106,asbestoid,类石棉的，石棉状的,,2018-03-21
3452107,asbestonite,石棉制绝热材料，石棉制绝缘材料,,2018-03-21
3452108,asbestos,石棉,,2018-03-21
3452109,asbestos base laminate,层压石棉板,,2018-03-21
3452110,asbestos bitumen,石棉沥青,,2018-03-21
3452111,asbestos board,石绵板,,2018-03-21
3452112,asbestos cable,石棉包电缆,,2018-03-21
3452113,asbestos cardboard,石棉纸板,,2018-03-21
3452114,asbestos cement,石棉水泥,,2018-03-21
3452115,asbestos cloth,石棉布,,2018-03-21
3452116,asbestos cord,石棉绳,,2018-03-21
3452117,asbestos covered wire,石棉被覆线,,2018-03-21
3452118,asbestos cushion,石棉垫,,2018-03-21
3452119,asbestos fiber,石棉纤维,,2018-03-21
3452120,asbestos fibre,石棉纤维,,2018-03-21
3452121,asbestos gasket,石棉垫圈,,2018-03-21
3452122,asbestos insulated wire,石绵绝缘线,,2018-03-21
3452123,asbestos insulating plate,石棉绝缘板,,2018-03-21
3452124,asbestos insulation,石线绝缘,,2018-03-21
3452125,asbestos laminate,石棉层压板,,2018-03-21
3452126,asbestos mica,石棉云母,,2018-03-21
3452127,asbestos packing,石棉垫料，石棉垫,,2018-03-21
3452128,asbestos paper,石棉纸,,2018-03-21
3452129,asbestos pipe,石棉管,,2018-03-21
3452130,asbestos ribbon,石棉带,,2018-03-21
3452131,asbestos sheet,石棉纸,,2018-03-21
3452132,asbestos texolite,石棉胶布板,,2018-03-21
3452133,asbestos twine,石棉绳,,2018-03-21
3452134,asbestos wool,石棉绒,,2018-03-21
3452135,asbestos yarn,石棉线,,2018-03-21
3452136,asbestus,石棉,,2018-03-21
3452137,ascend,上升，升高,,2018-03-21
3452138,ascendant current,上升气流,,2018-03-21
3452139,ascending air,上升空气，上升气流,,2018-03-21
3452140,ascending air current,上升气流,,2018-03-21
3452141,ascending pipe,增压管，上升管,,2018-03-21
3452142,ascensional motion,上升运动，提升,,2018-03-21
3452143,ascertain,确定，调查，查明,,2018-03-21
3452144,ASCII code,ASCII码，美国资讯交换标准码,,2018-03-21
3452145,Ascoli lemma,亚士柯力辅助定理,,2018-03-21
3452146,ASCR,非对称矽控整流器,,2018-03-21
3452147,aseismatic,无地震的，耐震的，抗震的,,2018-03-21
3452148,aseismatic design,耐震设计，抗震设计,,2018-03-21
3452149,aseismatic structure,抗震结构,,2018-03-21
3452150,ash,灰(燃烧残碴),,2018-03-21
3452151,ash A-shaped pole,灰，尘埃，炉灰,,2018-03-21
3452152,ash composition,组成,,2018-03-21
3452153,ash content,灰分,,2018-03-21
3452154,ash fusibility,熔融性,,2018-03-21
3452155,ash handling equipment,除尘装置，除灰装置,,2018-03-21
3452156,ashy,灰的，含灰的，灰色的,,2018-03-21
3452157,Askania,液压自动控制装置,,2018-03-21
3452158,Askarel,多氯联苯电解液，爱斯开勒电解液体,,2018-03-21
3452159,askarels,不燃油,,2018-03-21
3452160,aspect,形式，方向，方位，平面形状，缩图，方面,,2018-03-21
3452161,aspect angle,视界角，视线角,,2018-03-21
3452162,aspect card,标记卡，标号卡片，特征卡片,,2018-03-21
3452163,aspect photocell,平面形光电池,,2018-03-21
3452164,aspect ratio,纵横比，长宽比，纵横尺寸比(电视的),,2018-03-21
3452165,asphalt,沥青,,2018-03-21
3452166,asphalt impregnation,沥青浸透,,2018-03-21
3452167,asphalt paint,沥青涂料,,2018-03-21
3452168,asphalt rubber board,沥青胶板,,2018-03-21
3452169,asphalt solvent blend,沥青溶剂混合物,,2018-03-21
3452170,asphalt varnish,沥青漆,,2018-03-21
3452171,asphalt winding,沥青绝缘绕组，浸胶绕组,,2018-03-21
3452172,asphalt-compound impregnated coil,灌沥青(浸胶)线圈,,2018-03-21
3452173,asphalt-mica insulation,沥青云母绝缘,,2018-03-21
3452174,asphaltic bitumen,沥青胶,,2018-03-21
3452175,asphaltine,沥青质,,2018-03-21
3452176,asphaltos,地沥青,,2018-03-21
3452177,asphaltum,地沥青,,2018-03-21
3452178,aspirail,通风孔,,2018-03-21
3452179,aspirating valve,吸出阀，吸气阀,,2018-03-21
3452180,aspiration,吸气，吸入,,2018-03-21
3452181,aspiration thermometer,通风温度表,,2018-03-21
3452182,aspirator,抽气器，吸气器,,2018-03-21
3452183,assay,试验，化验，分析，试金，试样，试料,,2018-03-21
3452184,assay curve,试验曲线，分析曲线，试金曲线,,2018-03-21
3452185,assay value,分析值,,2018-03-21
3452186,assaying,测定，分析，签定，试验，试金,,2018-03-21
3452187,assemblage,装配，安装，总成，集合，系综(统计力学的),,2018-03-21
3452188,assemble,安装，装配，组合，集中，集合，汇编,,2018-03-21
3452189,assembled battery,电池组,,2018-03-21
3452190,assembled conductor,组装导线，组合导线,,2018-03-21
3452191,assembler,组合程式，组译器，汇编程序，装配器，收集器,,2018-03-21
3452192,assembler language program,组合语言所撰程式,,2018-03-21
3452193,assembling,装配，组合，收集，集合，汇编，编制程序,,2018-03-21
3452194,assembling department,装配部门,,2018-03-21
3452195,assembling fitter,装配工,,2018-03-21
3452196,assembling mark,装配记号,,2018-03-21
3452197,assembly,组合，组合语言，装配，部件，配件，汇编,,2018-03-21
3452198,assembly code,组合语言码,,2018-03-21
3452199,assembly diagram,装配图,,2018-03-21
3452200,assembly dolly,移动式装配台，装配台车,,2018-03-21
3452201,assembly drawing,组装图，装配图,,2018-03-21
3452202,assembly floor,装配台，装配场,,2018-03-21
3452203,assembly holding block,安装固定块,,2018-03-21
3452204,assembly jig,组装模具，装配架,,2018-03-21
3452205,assembly language,组合语言,,2018-03-21
3452206,assembly language coding,组合语言编码,,2018-03-21
3452207,assembly line,装配线，组合线,,2018-03-21
3452208,assembly list,汇编表，组合列表,,2018-03-21
3452209,assembly machine,装配机,,2018-03-21
3452210,assembly part,装配件，组合零件，组装件,,2018-03-21
3452211,assembly plant,装配车间，装配厂,,2018-03-21
3452212,assembly program,组合程式，组装程序,,2018-03-21
3452213,assembly room,装配间,,2018-03-21
3452214,assembly routine,组合常式,,2018-03-21
3452215,assembly shop,装配车间,,2018-03-21
3452216,assembly subroutine,组合次常式,,2018-03-21
3452217,assembly system for peripheral processor (ASPER),亚士柏(ASPER)系统，周边处理机组合系统,,2018-03-21
3452218,assembly tool,装配工具,,2018-03-21
3452219,assembly work,装配工作,,2018-03-21
3452220,assembly-line method,装配线作业法,,2018-03-21
3452221,assembly-line operation,装配线作业,,2018-03-21
3452222,assert,主张，断言,,2018-03-21
3452223,assess,估价，估定，评定,,2018-03-21
3452224,assessor,鉴定器，鉴定管，估价人，鉴定者,,2018-03-21
3452225,assign,分配，指定，赋予，给定,,2018-03-21
3452226,assigned frequency,指配频率,,2018-03-21
3452227,assigned frequency band,指配频带,,2018-03-21
3452228,assigned GO TO statement,指定GOTO叙述,,2018-03-21
3452229,assigning,分派,,2018-03-21
3452230,assignment,分配，分派，指定任务，赋值,,2018-03-21
3452231,assignment key,指定键，呼叫键，振铃键,,2018-03-21
3452232,assignment lamp,呼叫灯，联络灯,,2018-03-21
3452233,assignment statement,指定陈述,,2018-03-21
3452234,assist,帮助，辅助，加速，增加推力，加速器,,2018-03-21
3452235,assistant,辅助的，助理，助教,,2018-03-21
3452236,assistant engineer,助理工程师,,2018-03-21
3452237,assisted access,加速存取，辅助存取,,2018-03-21
3452238,assisted drying,催干,,2018-03-21
3452239,associate,联合，结合，副的，同事，伙伴，准会员(学会的),,2018-03-21
3452240,associate reference direction,相关参考方向，相伴参考方向,,2018-03-21
3452241,associated conductor,组合导线,,2018-03-21
3452242,associated gas,伴产气,,2018-03-21
3452243,associated matrice,结合矩阵，相伴矩阵,,2018-03-21
3452244,associated particle monitor,伴生粒子监测器,,2018-03-21
3452245,associated performance index,关连效能指数,,2018-03-21
3452246,associated synthetiz transfer function,关连合成转移函数,,2018-03-21
3452247,associated transfer function,关连转移函数，联合转移函数,,2018-03-21
3452248,association,联合，交往，协会，团体，学会，联想，结合,,2018-03-21
3452249,Association for Computing Machinery (ACM),计算机协会,,2018-03-21
3452250,Association Francaise de Calcul (AFCAL),法国计算协会,,2018-03-21
3452251,Association of Special Libraries Information Bureau (ALSIB),特殊图书馆及资讯局协会,,2018-03-21
3452252,associative memory,相联记忆体,,2018-03-21
3452253,associative memory law,结合记忆律,,2018-03-21
3452254,associative programming language,相联程式设计语言,,2018-03-21
3452255,associative storage,结合储存(器),,2018-03-21
3452256,associativity,结合性，缔合性,,2018-03-21
3452257,assortment,分级，分类，分发，品种，种类,,2018-03-21
3452258,assume,假定，假设，采取，承担，假装,,2018-03-21
3452259,assumed state analysis,假设状态分析,,2018-03-21
3452260,assumption,假定，假设，承担,,2018-03-21
3452261,assurance,保证，保险,,2018-03-21
3452262,assurance coefficient,安全系数，保险系数,,2018-03-21
3452263,assurance factor,安全因子，保险因子,,2018-03-21
3452264,assure,保证，确信,,2018-03-21
3452265,assured system capacity,系统保证出力，保证系统容量,,2018-03-21
3452266,astable,不稳定的，非稳态的,,2018-03-21
3452267,astable circuit,不稳定电路,,2018-03-21
3452268,astable multivibrator,不稳定多阶复振器,,2018-03-21
3452269,astatic,无定向的，无静差的,,2018-03-21
3452270,astatic coil,无定向线圈,,2018-03-21
3452271,astatic control,无定向控制,,2018-03-21
3452272,astatic electrodynamometer,无定向电流测力计,,2018-03-21
3452273,astatic galvanometer,无定向电流计,,2018-03-21
3452274,astatic instrument,无定位仪表，无静差仪表,,2018-03-21
3452275,astatic microphone,无定向话筒，无定向传声器，无方向性麦克风，无定向话筒，无向传声器，无向麦克风,,2018-03-21
3452276,astatic multivibrator,无定向复振器,,2018-03-21
3452277,astatic needle,无定向磁针,,2018-03-21
3452278,astatic regulator,无定向调节器，无静差调节器,,2018-03-21
3452279,astatic relay,无定向电驿，无静差电驿,,2018-03-21
3452280,astatic watt-hour meter,无定向瓦时计,,2018-03-21
3452281,astatical,无定向的，无静差的,,2018-03-21
3452282,astatine,石艾At,,2018-03-21
3452283,astatism,无定向性，无差性,,2018-03-21
3452284,aster rectifier circuit,十二相(及以上)整流器回路，十二个(及以上)整流元件的电路,,2018-03-21
3452285,asterisk,星号[*]，星标，定址内容运算子,,2018-03-21
3452286,astern,在后方的，向后的,,2018-03-21
3452287,astern running,倒车，倒转,,2018-03-21
3452288,astigmatic aberration,像散，像差,,2018-03-21
3452289,astigmation,像散，像差,,2018-03-21
3452290,astigmatism,像散性，像散现象，散光,,2018-03-21
3452291,Aston dark space,阿斯顿暗区，阴极暗区,,2018-03-21
3452292,astral,星形的，星际的,,2018-03-21
3452293,astral lamp,无影灯,,2018-03-21
3452294,astringency,粘著性，收敛性,,2018-03-21
3452295,astroid,星形线，星状的,,2018-03-21
3452296,astronautics,宇宙航行学,,2018-03-21
3452297,astronomic cell,不对称电池,,2018-03-21
3452298,astronomical sunshine duration,天文学的可照时间,,2018-03-21
3452299,astronomical unit (AU),天文单位,,2018-03-21
3452300,astronomy,天文学,,2018-03-21
3452301,asymmetirc multivibrator,不对称复振器,,2018-03-21
3452302,asymmetric,非对称的，不平衡的,,2018-03-21
3452303,asymmetric conductivity,非对称导电性,,2018-03-21
3452304,asymmetric conductor,非对称导体,,2018-03-21
3452305,asymmetric distortion,非对称畸变，非对称导失真,,2018-03-21
3452306,asymmetric effect,非对称效应，东西效应,,2018-03-21
3452307,asymmetric fault,非对称故障,,2018-03-21
3452308,asymmetric fault current,非对称故障电流,,2018-03-21
3452309,asymmetric light source,非对称光源,,2018-03-21
3452310,asymmetric motion,非对称运动,,2018-03-21
3452311,asymmetric on-times,非对称即时,,2018-03-21
3452312,asymmetric potential,非对称电势,,2018-03-21
3452313,asymmetric short-circuit,非对称短路,,2018-03-21
3452314,asymmetrical,非对称的，非平衡的,,2018-03-21
3452315,asymmetrical characteristic,非对称特性,,2018-03-21
3452316,asymmetrical conductivity,非对称导电性,,2018-03-21
3452317,asymmetrical current,非对称电流,,2018-03-21
3452318,asymmetrical dipole,非对称偶极子,,2018-03-21
3452319,asymmetrical effect,非对称效应，东西效应(宇宙线的),,2018-03-21
3452320,asymmetrical fault,非对称故障,,2018-03-21
3452321,asymmetrical fault current,非对称故障电流,,2018-03-21
3452322,asymmetrical gap,非对称间隙,,2018-03-21
3452323,asymmetrical hysteresis,非对称磁滞,,2018-03-21
3452324,asymmetrical junction,非对称接面,,2018-03-21
3452325,asymmetrical load,非平衡负荷，非对称负载,,2018-03-21
3452326,asymmetrical luminaire,非对称配光型照明器具,,2018-03-21
3452327,asymmetrical luminous intensity distribution,非对称配光,,2018-03-21
3452328,asymmetrical network,非对称网络,,2018-03-21
3452329,asymmetrical polyphase,非对称多相制,,2018-03-21
3452330,asymmetrical polyphase current,非对称多相电流,,2018-03-21
3452331,asymmetrical short-circuit,非对称短路,,2018-03-21
3452332,asymmetrical side-band transmission,非对称边带传送,,2018-03-21
3452333,asymmetrical silicon controlled rectifier (ASCR),非对称矽控整流器,,2018-03-21
3452334,asymmetrical state,非对称状态,,2018-03-21
3452335,asymmetrical transmission,非同步传输,,2018-03-21
3452336,asymmetrical two-wire system,非对称两线系统,,2018-03-21
3452337,asymmetrical wave,非对称波,,2018-03-21
3452338,asymmetrical winding,非对称绕组,,2018-03-21
3452339,asymmetry,非对称(性),,2018-03-21
3452340,asymmetry potential,非对称电势，非对称电位,,2018-03-21
3452341,asymptote,渐近线,,2018-03-21
3452342,asymptotic approximation,渐进近似法,,2018-03-21
3452343,asymptotic equation,渐近方程式,,2018-03-21
3452344,asymptotic line,渐近线,,2018-03-21
3452345,asymptotic stability,渐近稳定性,,2018-03-21
3452346,asymptotic value,渐近值,,2018-03-21
3452347,asynchronism,异步(性),,2018-03-21
3452348,asynchronized synchronous generator,异步化同步发电机,,2018-03-21
3452349,asynchronized synchronous motor,异步化同步电动机,,2018-03-21
3452350,asynchronous,异步的，非同步的,,2018-03-21
3452351,asynchronous circuit,异步电路,,2018-03-21
3452352,asynchronous computer,异步计算机,,2018-03-21
3452353,asynchronous condenser,异步电容器，异步调相机,,2018-03-21
3452354,asynchronous generator,异步发电机,,2018-03-21
3452355,asynchronous impedance,异步阻抗,,2018-03-21
3452356,asynchronous input,异步输入,,2018-03-21
3452357,asynchronous linear motor,异步直线电动机,,2018-03-21
3452358,asynchronous motor,异步电动机，感应电动机,,2018-03-21
3452359,asynchronous operation,异步运算，异步作业，非同步操作,,2018-03-21
3452360,asynchronous phase modifier,异步整相器,,2018-03-21
3452361,asynchronous PWM,非同步式PWM,,2018-03-21
3452362,asynchronous quenching,异步熄灭,,2018-03-21
3452363,asynchronous reactance,异步电抗,,2018-03-21
3452364,asynchronous resistance,异步电阻,,2018-03-21
3452365,asynchronous sequential circuit,异步顺序电路,,2018-03-21
3452366,asynchronous servomotor,异步伺服电动机,,2018-03-21
3452367,asynchronous slip-ring motor,滑环式感应电动机，滑环式异步电动机,,2018-03-21
3452368,asynchronous spark-gap,异步放电器，非同步火花隙,,2018-03-21
3452369,asynchronous speed,异步转速,,2018-03-21
3452370,asynchronous starting,异步起动，感应起动,,2018-03-21
3452371,asynchronous torque,异步转矩,,2018-03-21
3452372,asynchronous transmission,异步传输，非同步传输,,2018-03-21
3452373,AT-cut,AT截法,,2018-03-21
3452374,AT-cut crystal,AT切割晶片,,2018-03-21
3452375,athenium,金牙An(金哀Es的旧名),,2018-03-21
3452376,athermal,无热的，非热的,,2018-03-21
3452377,athermanous,绝热的，不透热的,,2018-03-21
3452378,Atkinson bridge,阿肯生电桥,,2018-03-21
3452379,Atkinson motor,阿特金森电动机(一种单相分激整流子型电动机),,2018-03-21
3452380,atmos,大气压,,2018-03-21
3452381,atmosphere,大气，大气压,,2018-03-21
3452382,atmospheric,大气的，大气压的,,2018-03-21
3452383,atmospheric absorption,大气吸收,,2018-03-21
3452384,atmospheric arc rectifier,大气弧整流器(用于高压大功率),,2018-03-21
3452385,atmospheric contamination,大气污染,,2018-03-21
3452386,atmospheric discharge,大气放电,,2018-03-21
3452387,atmospheric discharge coil,大气放电线圈,,2018-03-21
3452388,atmospheric distillation,大气直馏,,2018-03-21
3452389,atmospheric disturbance,天电干扰，大气扰动,,2018-03-21
3452390,atmospheric duct,大气波管，大气波导,,2018-03-21
3452391,atmospheric electricity,天电，大气电，大气电学,,2018-03-21
3452392,atmospheric emission,大气辐射，大气放射,,2018-03-21
3452393,atmospheric impurities,大气染质,,2018-03-21
3452394,atmospheric influence,大气影响,,2018-03-21
3452395,atmospheric interference,天电干扰，大气干扰,,2018-03-21
3452396,atmospheric layer,大气层,,2018-03-21
3452397,atmospheric motion,大气环流,,2018-03-21
3452398,atmospheric noise,大气杂讯,,2018-03-21
3452399,atmospheric over-voltage,大气过电压,,2018-03-21
3452400,atmospheric over-voltage protection,大气过电压保护[装置]， 防雷[装置],,2018-03-21
3452401,atmospheric penetration,穿透大气层,,2018-03-21
3452402,atmospheric pipe,大气管道,,2018-03-21
3452403,atmospheric polarization,大气极化,,2018-03-21
3452404,atmospheric pollution,大气污染,,2018-03-21
3452405,atmospheric pressure,大气压力,,2018-03-21
3452406,atmospheric radio wave,大气无线电波,,2018-03-21
3452407,atmospheric refraction index,大气折射率,,2018-03-21
3452408,atmospheric relief valve,大气安全阀,,2018-03-21
3452409,atmospheric tansmissivity,大气透射率,,2018-03-21
3452410,atmospheric test,大气环境试验，在大气中试验，大气层试验,,2018-03-21
3452411,atmospheric trancemissivity,大气渗透率,,2018-03-21
3452412,atmospheric transmittance,大气渗透率,,2018-03-21
3452413,atmospheric valve,气阀,,2018-03-21
3452414,atmospheric wave,大气波,,2018-03-21
3452415,atmospheric window,大气窗,,2018-03-21
3452416,atmospherics,大气干扰，天电，自然产生的离散电磁波,,2018-03-21
3452417,ato-muffler,消音器，减音器,,2018-03-21
3452418,atom,原子,,2018-03-21
3452419,atom diameter,原子直径,,2018-03-21
3452420,atom smasher,原子轰击器，[粒子]加速器,,2018-03-21
3452421,atom smashing,用粒子轰击原子核，原子核分裂,,2018-03-21
3452422,atom sorter,原子分离装置,,2018-03-21
3452423,atom wave,原子波,,2018-03-21
3452424,atomic,原子的,,2018-03-21
3452425,atomic absorption coefficient,原子吸收系数,,2018-03-21
3452426,atomic accelerator,原子加速器,,2018-03-21
3452427,atomic angular momentum,原子轨道角动量,,2018-03-21
3452428,atomic arrangement,原子排列,,2018-03-21
3452429,atomic battery,原子电池,,2018-03-21
3452430,atomic binding,原子键[联],,2018-03-21
3452431,atomic boiler,原子锅炉，沸腾反应器,,2018-03-21
3452432,atomic bomb,原子弹,,2018-03-21
3452433,atomic bombardment,原子撞击,,2018-03-21
3452434,atomic bond,原子键,,2018-03-21
3452435,atomic charge,原子电荷,,2018-03-21
3452436,atomic clock,原子钟,,2018-03-21
3452437,atomic core,原子核,,2018-03-21
3452438,atomic cross-section,原子截面,,2018-03-21
3452439,atomic disintegration,原子分裂，原子蜕变,,2018-03-21
3452440,atomic electricity,原子电,,2018-03-21
3452441,atomic energy,原子能,,2018-03-21
3452442,atomic energy level,原子能阶(层),,2018-03-21
3452443,atomic energy project,原子能专案，原子能电厂建设,,2018-03-21
3452444,atomic energy storage battery,原子能蓄电池,,2018-03-21
3452445,atomic excitation,原子激发,,2018-03-21
3452446,atomic field,原子场,,2018-03-21
3452447,atomic fuel,原子燃料，核燃料,,2018-03-21
3452448,atomic furnace,原子炉，核反应炉,,2018-03-21
3452449,atomic fusion,核熔合,,2018-03-21
3452450,atomic hydrogen arc weld,氢原子电弧焊,,2018-03-21
3452451,atomic industry,原子工业,,2018-03-21
3452452,atomic installation,原子装置,,2018-03-21
3452453,atomic ionization,原子电离,,2018-03-21
3452454,atomic irradiation,放射性照射,,2018-03-21
3452455,atomic kernel,原子核,,2018-03-21
3452456,atomic lattice,原子晶格,,2018-03-21
3452457,atomic level,原子能阶,,2018-03-21
3452458,atomic mass,原子质量,,2018-03-21
3452459,atomic mass number,原子质量数,,2018-03-21
3452460,atomic mass unit (AMU),原子质量单位,,2018-03-21
3452461,atomic nucleus,原子核,,2018-03-21
3452462,atomic nucleus fission,原子核分裂,,2018-03-21
3452463,atomic number,原子序,,2018-03-21
3452464,atomic particle,原子粒子,,2018-03-21
3452465,atomic photoelectric effect,原子的光电效应,,2018-03-21
3452466,atomic pile,原子堆,,2018-03-21
3452467,atomic polarization,原子极化[强度],,2018-03-21
3452468,atomic power,原子力，原子能,,2018-03-21
3452469,Atomic Power Development Association (APDA),原子力发展协会,,2018-03-21
3452470,atomic power facility,原子力设备,,2018-03-21
3452471,atomic power plant,原子力发电厂，核能电厂,,2018-03-21
3452472,atomic power station,原子力电厂，核能电厂,,2018-03-21
3452473,atomic projectile,原子射弹(轰击原子粒子),,2018-03-21
3452474,atomic radiation source,原子放射源,,2018-03-21
3452475,atomic radius,原子半径,,2018-03-21
3452476,atomic ratio,原子比(率),,2018-03-21
3452477,atomic raw material,原子[能工业]原料,,2018-03-21
3452478,atomic reactor,原子反应器,,2018-03-21
3452479,atomic recoil,原子反冲,,2018-03-21
3452480,atomic refraction,原子折射,,2018-03-21
3452481,atomic rotation,原子的旋转,,2018-03-21
3452482,atomic separation,原子分离,,2018-03-21
3452483,atomic series,原子序列,,2018-03-21
3452484,atomic spacing,原子间距,,2018-03-21
3452485,atomic spectrum,原子光谱,,2018-03-21
3452486,atomic splitting,原子分裂,,2018-03-21
3452487,atomic structure,原子结构,,2018-03-21
3452488,atomic torso,原子本体(不含电子),,2018-03-21
3452489,atomic volume,原子容量,,2018-03-21
3452490,atomic waste,原子[工业]废料,,2018-03-21
3452491,atomic weight,原子量,,2018-03-21
3452492,atomic weight unit (AWU),原子量单位,,2018-03-21
3452493,atomic-binding energy,原子结合能,,2018-03-21
3452494,atomically pure graphite,原子能工业用纯石墨,,2018-03-21
3452495,atomicity,原子价，原子数,,2018-03-21
3452496,atomics,原子论，原子学,,2018-03-21
3452497,atomism,原子学说，原子论,,2018-03-21
3452498,atomization,喷雾，雾化，原子化,,2018-03-21
3452499,atomize,雾化，喷雾，粉化，原子化,,2018-03-21
3452500,atomizer,喷雾器，喷嘴,,2018-03-21
3452501,atomizing,喷雾，雾化，粉化，原子化,,2018-03-21
3452502,atomizing burner,雾化燃烧器,,2018-03-21
3452503,atomizing of water,喷[水]雾,,2018-03-21
3452504,attach,附加，附接,,2018-03-21
3452505,attaching nut,配合螺帽,,2018-03-21
3452506,attaching plug,附件插头,,2018-03-21
3452507,attachment,附件，附属装置，附接，辅助镜头，附著，连结,,2018-03-21
3452508,attachment bolt,附件螺栓,,2018-03-21
3452509,attachment coefficient,附著系数,,2018-03-21
3452510,attachment of shackle,挂钩,,2018-03-21
3452511,attachment of sling,[起吊时用的]穿绳，吊索,,2018-03-21
3452512,attachment plug,附件插头,,2018-03-21
3452513,attack,上升，冲击,,2018-03-21
3452514,attack time,上升时间,,2018-03-21
3452515,attainable precision,可达到的精密度,,2018-03-21
3452516,attemperation,温度控制，温度调节,,2018-03-21
3452517,attemperator,温度调节器，降温器,,2018-03-21
3452518,attempt,试图，努力，试，打算,,2018-03-21
3452519,attend,出席，参加，伴随，照顾,,2018-03-21
3452520,attendance,值班，维护，维修,,2018-03-21
3452521,attendant,值班司机，值班人员,,2018-03-21
3452522,attended operation,值管作业,,2018-03-21
3452523,attended station,值管站,,2018-03-21
3452524,attended substation,值班员变电所,,2018-03-21
3452525,attention,维护，保养，注意，留心,,2018-03-21
3452526,attention device,关注装置,,2018-03-21
3452527,attenuater,衰减器,,2018-03-21
3452528,attenuating cable,衰耗电缆,,2018-03-21
3452529,attenuating medium,衰减介质,,2018-03-21
3452530,attenuating network,衰减网络,,2018-03-21
3452531,attenuating partition,衰减隔片,,2018-03-21
3452532,attenuation,衰减，临界击穿强度,,2018-03-21
3452533,attenuation coefficient,衰减系数,,2018-03-21
3452534,attenuation compensation,衰减补偿,,2018-03-21
3452535,attenuation constant,衰减常数,,2018-03-21
3452536,attenuation cross-section,衰减截面,,2018-03-21
3452537,attenuation decrement,衰减，减缩率，衰减量,,2018-03-21
3452538,attenuation distortion,衰减失真，衰减畸变,,2018-03-21
3452539,attenuation equalization,衰减均衡,,2018-03-21
3452540,attenuation equalizer,衰减等化器，衰减均衡器,,2018-03-21
3452541,attenuation equilizer,衰减均衡器,,2018-03-21
3452542,attenuation equivalent,衰减当量,,2018-03-21
3452543,attenuation equivalent nettiness,网络传输衰耗等效值,,2018-03-21
3452544,attenuation factor,衰减因数,,2018-03-21
3452545,attenuation frequency distortion,衰减频率失真,,2018-03-21
3452546,attenuation gauge,衰减测量计,,2018-03-21
3452547,attenuation of traveling wave,进行波衰减,,2018-03-21
3452548,attenuation property,衰减性能,,2018-03-21
3452549,attenuation rate,衰减率,,2018-03-21
3452550,attenuation ratio,衰减比,,2018-03-21
3452551,attenuation region,衰减区，衰减范围,,2018-03-21
3452552,attenuation-frequency characteristic,衰减频率特性,,2018-03-21
3452553,attenuator,衰减器，减压器，消音器,,2018-03-21
3452554,attitude,状态，姿态，位置,,2018-03-21
3452555,attitude control,姿态控制，位置控制,,2018-03-21
3452556,attle,矿石废渣，矸石，充填物料,,2018-03-21
3452557,atto,阿(等于10-18)，微微微，渺,,2018-03-21
3452558,attract,吸引,,2018-03-21
3452559,attracted armature relay,衔铁吸合式继电器,,2018-03-21
3452560,attracted disc electrometer,吸盘式静电计,,2018-03-21
3452561,attraction,吸引，吸力，引力,,2018-03-21
3452562,attraction domain,收缩域,,2018-03-21
3452563,attraction force,引力，吸力,,2018-03-21
3452564,attractive effect,引力效应，重力效应,,2018-03-21
3452565,attractive energy,引力能量,,2018-03-21
3452566,attractive interaction,互相吸引,,2018-03-21
3452567,attractive power,吸引力,,2018-03-21
3452568,attribute,属性,,2018-03-21
3452569,attrite,消除，磨耗,,2018-03-21
3452570,attrition,磨擦，磨损,,2018-03-21
3452571,attrition test,磨损试验,,2018-03-21
3452572,attrition testing machine,磨耗试验机,,2018-03-21
3452573,attrition-resistant,耐磨的,,2018-03-21
3452574,attritor,磨碎机,,2018-03-21
3452575,attune,调谐，使调和，使一致,,2018-03-21
3452576,auctioneer,最大值选择器，发出最大脉冲,,2018-03-21
3452577,audibility,可听度，可闻度，清晰度,,2018-03-21
3452578,audibility current,可听度电流,,2018-03-21
3452579,audibility factor,可听度因数,,2018-03-21
3452580,audibility meter,听觉测量器，听度计,,2018-03-21
3452581,audible,可听到的，音响的,,2018-03-21
3452582,audible alarm,音响警报,,2018-03-21
3452583,audible busy signal,忙音(占线音)，可闻忙音信号,,2018-03-21
3452584,audible call,声响呼叫，音响呼叫,,2018-03-21
3452585,audible code,可听码，可闻码,,2018-03-21
3452586,audible discharge,可听闻放电,,2018-03-21
3452587,audible frequency,音频，声频，可听频率,,2018-03-21
3452588,audible noise,声频噪声，可闻声音,,2018-03-21
3452589,audible range,可听范围，可听区域,,2018-03-21
3452590,audible reception,音响接收,,2018-03-21
3452591,audible ringing signal,回铃音,,2018-03-21
3452592,audible signal,可听信号，音响信号,,2018-03-21
3452593,audible signalling device,音频信号器，音响信号装置,,2018-03-21
3452594,audible sound,可听声,,2018-03-21
3452595,audible spectrum,声谱,,2018-03-21
3452596,audible tone,可闻音,,2018-03-21
3452597,audibleness,可听度,,2018-03-21
3452598,audifier,音响放大器，声频放大器,,2018-03-21
3452599,audio,成音，声频，声(音),,2018-03-21
3452600,audio amplifier,声频放大器，音频放大器,,2018-03-21
3452601,audio band,声频带，音带,,2018-03-21
3452602,audio circuit,声频电路，音频电路,,2018-03-21
3452603,audio communication,声音通信,,2018-03-21
3452604,audio demodulator,声音[信号]解调器,,2018-03-21
3452605,audio distortion,声频失真，音频失真,,2018-03-21
3452606,audio equipment,声频设备，音频备,,2018-03-21
3452607,audio facilities,声频设备,,2018-03-21
3452608,audio fader amplifier,声频控制放大器，音量控制放大器,,2018-03-21
3452609,audio fidelity control,音色保真控制,,2018-03-21
3452610,audio former,声频变压器，音频变压器,,2018-03-21
3452611,audio frequency,声频，音频(30赫千赫),,2018-03-21
3452612,audio frequency amplification,声频放大,,2018-03-21
3452613,audio frequency amplifier,声频放大器，音频放大器,,2018-03-21
3452614,audio frequency apparatus,声频设备，音频设备,,2018-03-21
3452615,audio frequency band,音频带，声频带,,2018-03-21
3452616,audio frequency choke,声频抗流圈,,2018-03-21
3452617,audio frequency circuit,声频电路，音频电路,,2018-03-21
3452618,audio frequency coil,声频线圈,,2018-03-21
3452619,audio frequency current,声频电流，通话电流,,2018-03-21
3452620,audio frequency generator,声频振荡器，音频振荡器,,2018-03-21
3452621,audio frequency millivoltmeter,音频毫伏[特]计,,2018-03-21
3452622,audio frequency oscillator,声频振荡器,,2018-03-21
3452623,audio frequency peak limiter,声频截峰器,,2018-03-21
3452624,audio frequency push-pull amplifier,推挽式声频放大器,,2018-03-21
3452625,audio frequency range,声频范围,,2018-03-21
3452626,audio frequency reception,声频接收，音频接收,,2018-03-21
3452627,audio frequency shift modulation,声频位移调变,,2018-03-21
3452628,audio frequency stage,声频级，音频级,,2018-03-21
3452629,audio frequency telegraph,声频电报机，音频电报机,,2018-03-21
3452630,audio frequency transformer,声频变压器，音频变压器,,2018-03-21
3452631,audio frequency transistor,声频电晶体,,2018-03-21
3452632,audio generator,声频发生器，声频振荡器,,2018-03-21
3452633,audio howl,狂吼声,,2018-03-21
3452634,audio indicator,声频指示器，音频指示器,,2018-03-21
3452635,audio input,成音输入，声频输入,,2018-03-21
3452636,audio line,声频线路，低频线路,,2018-03-21
3452637,audio monitor,监听设备，监听器,,2018-03-21
3452638,audio noise meter,噪声计,,2018-03-21
3452639,audio oscillator,声频振荡器，音频振荡器,,2018-03-21
3452640,audio output,成音输出，声频输出,,2018-03-21
3452641,audio response unit,答话器，声音应答装置,,2018-03-21
3452642,audio signal,声频信号，音频信号,,2018-03-21
3452643,audio singing,声频振鸣,,2018-03-21
3452644,audio singing audio system,声(音)频系统,,2018-03-21
3452645,audio spectrum,可闻声谱,,2018-03-21
3452646,audio susceptibility,音频感受度,,2018-03-21
3452647,audio tape,录音磁带,,2018-03-21
3452648,audio transformer,声频变压器，音频变压器,,2018-03-21
3452649,audio visual aids,直观教具,,2018-03-21
3452650,audio-visual,视[和]听的，直观的,,2018-03-21
3452651,audio-visual instruction,直观教学,,2018-03-21
3452652,audiogram,1.声波图2.听力图,,2018-03-21
3452653,audiograph,声波图,,2018-03-21
3452654,audiohead,录音头，拾音头，放音头,,2018-03-21
3452655,audiohowler,嗥声发生器,,2018-03-21
3452656,audiolloy,铁镍透磁合金(镍48%，铁52%),,2018-03-21
3452657,audiolocator,声波定位器,,2018-03-21
3452658,audiometer,听度计，听力计,,2018-03-21
3452659,audiometry,测听术，听力测定,,2018-03-21
3452660,audion,三极真空管，三极检波管,,2018-03-21
3452661,audiphone,助听器,,2018-03-21
3452662,audit,审计，稽核，查账,,2018-03-21
3452663,audit trail,数据检查，跟踪,,2018-03-21
3452664,audit-in-depth,分层检查，按层次检查,,2018-03-21
3452665,auditing routine,检查规程，检查程序,,2018-03-21
3452666,auditing system,[数据]检查系统,,2018-03-21
3452667,audition,播音试验，试听，听，听觉,,2018-03-21
3452668,auditory,听觉的，耳的，听众,,2018-03-21
3452669,augend,被加数(两数相加时的第一个数),,2018-03-21
3452670,auger,螺旋钻，麻花钻，地螺钻,,2018-03-21
3452671,Auger effect,俄歇效应,,2018-03-21
3452672,augetron,高真空电子倍增管,,2018-03-21
3452673,augment,增加，增大,,2018-03-21
3452674,augmented,桅牵索,,2018-03-21
3452675,augmented code,扩充码,,2018-03-21
3452676,augmented matrix,扩充矩阵，,,2018-03-21
3452677,augmented operation code,扩充操作码,,2018-03-21
3452678,augmented rotor,扩大式转子或风力机,,2018-03-21
3452679,augmented turbine,扩大式转子或风力机,,2018-03-21
3452680,augur mining,螺钻采煤,,2018-03-21
3452681,auotmatic block signal,自动闭塞号志(机),,2018-03-21
3452682,aura,电风(尖端放电所起的气流)，辉光,,2018-03-21
3452683,aural,听觉的，耳的，声音的，[电视]伴音,,2018-03-21
3452684,aural carrier,伴音载波，声频载波,,2018-03-21
3452685,aural detector,声频检测器，音频检波器,,2018-03-21
3452686,aural null,庶声，消声,,2018-03-21
3452687,aural signal,音响信号，音频信号,,2018-03-21
3452688,aural transmitter,录音广播发射机，伴音发射机,,2018-03-21
3452689,aural-type receiver,收音机，[电视]伴音接收机,,2018-03-21
3452690,aurora,极光,,2018-03-21
3452691,aurora tube,极光管,,2018-03-21
3452692,auroral storm,极光(磁)暴,,2018-03-21
3452693,aurum,金Au,,2018-03-21
3452694,auscultoscope,电听诊器,,2018-03-21
3452695,ausform,奥氏[体]形变，形变热处理,,2018-03-21
3452696,ausform annealing,奥氏体变退火,,2018-03-21
3452697,ausform hardening,奥氏体变淬火,,2018-03-21
3452698,ausformed steel,形变热处理钢,,2018-03-21
3452699,austemper,奥氏体等温淬火,,2018-03-21
3452700,austenitic stainless steel,奥氏体不锈钢,,2018-03-21
3452701,austenitic steel,奥氏体钢,,2018-03-21
3452702,austenitic steel retaining ring,奥氏体钢护环(汽轮发电机的),,2018-03-21
3452703,austral,南[方]的，向南的,,2018-03-21
3452704,austral pole,南极,,2018-03-21
3452705,authenticate,证实，证明，鉴定,,2018-03-21
3452706,authenticator,密码证明信号，电文鉴明码,,2018-03-21
3452707,authenticity,确实，确实性，可靠性,,2018-03-21
3452708,authority,权威，权限，职权，根据,,2018-03-21
3452709,authorized capacity,核准负载,,2018-03-21
3452710,authorized data list ( ADL),技术数据和技术情况一览表,,2018-03-21
3452711,authorized pressure,容许压力，规定压力,,2018-03-21
3452712,auto,汽车，自动的,,2018-03-21
3452713,auto alarm,自动报警[器],,2018-03-21
3452714,auto diesel oil,柴油,,2018-03-21
3452715,auto heterodyne,自差，自拍，自差收音机,,2018-03-21
3452716,auto self-excitation,直接自励磁,,2018-03-21
3452717,auto transformer,自耦变压器,,2018-03-21
3452718,auto-bias,自动偏压，自动偏置,,2018-03-21
3452719,auto-bias circuit,自偏[压]电路,,2018-03-21
3452720,auto-capacity,本身电容，固有电容,,2018-03-21
3452721,auto-catalytic reactor,自催化反应器，自触媒反应器,,2018-03-21
3452722,auto-coding,自动编码,,2018-03-21
3452723,auto-coherer,自动粉末检波器,,2018-03-21
3452724,auto-collimating,自动对准,,2018-03-21
3452725,auto-compounded current transformer,自复缠式电流互感器,,2018-03-21
3452726,auto-convection,自动对流,,2018-03-21
3452727,auto-convertor,自动换流机,,2018-03-21
3452728,auto-correlation function,自生相关函数,,2018-03-21
3452729,auto-cut-out,自动断路器，自动截止，自动断路,,2018-03-21
3452730,auto-decrement index register,自减指标暂存器,,2018-03-21
3452731,auto-doping,自动搀杂,,2018-03-21
3452732,auto-draft,自动制图,,2018-03-21
3452733,auto-electronic emission,自动放大器，自动放大机,,2018-03-21
3452734,auto-exciting,自激，自励,,2018-03-21
3452735,auto-ignition,自动点火，自燃,,2018-03-21
3452736,auto-increment index register,自加指标暂存器,,2018-03-21
3452737,auto-induction,自[动]感应,,2018-03-21
3452738,auto-inductive coupling,自耦变压器耦合，电感耦合,,2018-03-21
3452739,auto-jigger,自耦变压器,,2018-03-21
3452740,auto-man,自动手转换开关,,2018-03-21
3452741,auto-manual switch,自动-手动[切换]开关,,2018-03-21
3452742,auto-radar,自动跟踪雷达,,2018-03-21
3452743,auto-reclosure,自动重合闸,,2018-03-21
3452744,auto-relay,自动电驿，自动继电器,,2018-03-21
3452745,auto-room,自动室，自动[交换]机室,,2018-03-21
3452746,auto-sequential-commutated inverter,自动顺序换向反流器,,2018-03-21
3452747,auto-stop,自动停止，自动停机，自动停机装置,,2018-03-21
3452748,auto-switch,自动开关,,2018-03-21
3452749,auto-syns,自动同步器,,2018-03-21
3452750,auto-tracking,自动追踪,,2018-03-21
3452751,auto-transducer,自动换能器,,2018-03-21
3452752,auto-transductor,自耦磁放大器,,2018-03-21
3452753,auto-transformer,自耦变压器,,2018-03-21
3452754,auto-truck,大卡车，载重汽车,,2018-03-21
3452755,auto-type transformer,自耦[式]变压器,,2018-03-21
3452756,auto-ventilation,自通风,,2018-03-21
3452757,autobalance,自动均衡,,2018-03-21
3452758,autobond,阻抗结合，自耦合(变压器)，自动键接，自动接合,,2018-03-21
3452759,autocap,变容二极体,,2018-03-21
3452760,autochangeover,[备用系统]自动接通机构,,2018-03-21
3452761,autochart,自动图表,,2018-03-21
3452762,autochroma,彩色照片，彩色底片,,2018-03-21
3452763,autochroma circuit,自动色度信号电路,,2018-03-21
3452764,autoclaved,热压处理过的,,2018-03-21
3452765,autocode,自动编码,,2018-03-21
3452766,autocoder,自动编码器,,2018-03-21
3452767,autocommutation,自动换向,,2018-03-21
3452768,autoconnected,按自耦变压器线路接线的,,2018-03-21
3452769,autoconnected transformer,自耦变压器,,2018-03-21
3452770,autoconnection,自耦变压器的接线,,2018-03-21
3452771,autocontrol,自动控制，自动调整,,2018-03-21
3452772,autoconverter,直流-直流换流机，直流恒功率转换器,,2018-03-21
3452773,autocorrection,自动校正，自动变换器,,2018-03-21
3452774,autocorrelation,自相关,,2018-03-21
3452775,autocorrelogram computer,自相关式计算机,,2018-03-21
3452776,autocovariance,自协方差，自协变,,2018-03-21
3452777,autocrane,汽车[式]起重机，汽车吊,,2018-03-21
3452778,autocycle,自动循环，机器脚踏车，摩托车,,2018-03-21
3452779,autodecomposition,自动分解,,2018-03-21
3452780,autodyne,自差，自拍，自差接收器，自差收音机,,2018-03-21
3452781,autodyne circuit,自拍电路，自差电路,,2018-03-21
3452782,autodyne frequency meter,自差式频率器,,2018-03-21
3452783,autodyne method,自差法,,2018-03-21
3452784,autodyne oscillator,自差振荡器,,2018-03-21
3452785,autodyne receiver,自拍接收机，自差接收机,,2018-03-21
3452786,autodyne reception,自差接收法,,2018-03-21
3452787,autoelectronic,场致[电子]发射的，自动电子发射的,,2018-03-21
3452788,autoelectronic current,场致发射电流，冷发射电流,,2018-03-21
3452789,autoemission,自动发射，冷发射，场发射,,2018-03-21
3452790,autoenlarging apparatus,自动放大器，自动放大机,,2018-03-21
3452791,autoexcitation,自激，自励，自激振荡,,2018-03-21
3452792,autoformer,自耦变压器,,2018-03-21
3452793,autogenous,自生的，自热的，气焊的,,2018-03-21
3452794,autogenous soldering,气焊[法],,2018-03-21
3452795,autogenous welding,气焊，熔焊，氧炔焊,,2018-03-21
3452796,autogyration,自[旋]转,,2018-03-21
3452797,autoheterodyne,自拍，自差,,2018-03-21
3452798,autohoist,汽车起重机,,2018-03-21
3452799,autoindex,自动变址，自动变址数，自动[编]索引,,2018-03-21
3452800,autokeyer,自动键控器,,2018-03-21
3452801,autoload,自动加载,,2018-03-21
3452802,autoloader,自动送料机，自装卸机,,2018-03-21
3452803,automanual,半自动的，自动手动的,,2018-03-21
3452804,automanual system,半自动系统，半自动式，自动-手动方式,,2018-03-21
3452805,automat,自动装置，自动机，自动开关,,2018-03-21
3452806,automata theory,自动机理论,,2018-03-21
3452807,automated data medium,数据自动传送媒体，自动数据载体,,2018-03-21
3452808,automated design engineering,自动设计工程，自动设计技术,,2018-03-21
3452809,automated statistical analysis programming,自动统计分析程序设计,,2018-03-21
3452810,Automath,奥多马士[编译]程式,,2018-03-21
3452811,Automath 1800,奥多马士1800[编译]程式,,2018-03-21
3452812,automatic,自动的，自动装置，自动机械,,2018-03-21
3452813,automatic acceleration,自动加速,,2018-03-21
3452814,automatic adjustment,自动调节,,2018-03-21
3452815,automatic air circuit breaker,自动空气断路器,,2018-03-21
3452816,automatic air valve,自动气阀,,2018-03-21
3452817,automatic alarm,自动警报[器]，自动警报信号,,2018-03-21
3452818,automatic amplitude control,自动幅度控制，自动振幅控制,,2018-03-21
3452819,automatic answer back unit,自动回答器,,2018-03-21
3452820,automatic argon-welding,自动氩弧焊,,2018-03-21
3452821,automatic ARQ error correcting telegraph system,自动改误电报制,,2018-03-21
3452822,automatic assembly,自动装配,,2018-03-21
3452823,automatic assembly machine,自动装配机,,2018-03-21
3452824,automatic back bias,自动反偏压,,2018-03-21
3452825,automatic balancing circuit,自动平衡电路，自动零点调整电路,,2018-03-21
3452826,automatic bandwidth control,自动带宽控制,,2018-03-21
3452827,automatic barrel welder,自动桶状熔接器,,2018-03-21
3452828,automatic bed covering,自动被盖,,2018-03-21
3452829,automatic bias,自动偏压，自偏压,,2018-03-21
3452830,automatic bias compensation,自动偏压补偿,,2018-03-21
3452831,automatic bias control,自动偏压控制,,2018-03-21
3452832,automatic black level (ABL),自动黑阶,,2018-03-21
3452833,automatic block equipment,自动闭锁设备，自动闭锁装置,,2018-03-21
3452834,automatic block section,自动闭塞区(间),,2018-03-21
3452835,automatic block signal,自动闭锁信号,,2018-03-21
3452836,automatic block system,自动闭塞制,,2018-03-21
3452837,automatic blocking,自动闭锁,,2018-03-21
3452838,automatic blow-off valve,自动安全阀，自动放气阀,,2018-03-21
3452839,automatic boiler control,锅炉自动控制,,2018-03-21
3452840,automatic boost control,自动增压控制,,2018-03-21
3452841,automatic booster,自动升[电]压器,,2018-03-21
3452842,automatic booster control,自动升压[器]控制,,2018-03-21
3452843,automatic boring machine,自动钻孔机，自动钻床,,2018-03-21
3452844,automatic brake valve,自动制动阀,,2018-03-21
3452845,automatic braking,自动制动,,2018-03-21
3452846,automatic break,自动切断,,2018-03-21
3452847,automatic breaker,自动断路器,,2018-03-21
3452848,automatic brightness contrast control,自动亮度反差调节，自动亮度对比调整,,2018-03-21
3452849,automatic brightness control,自动亮度控制,,2018-03-21
3452850,automatic calculator,自动计算机,,2018-03-21
3452851,automatic call,自动呼叫,,2018-03-21
3452852,automatic calling equipment,自动呼叫装置,,2018-03-21
3452853,automatic calling unit (ACU),自动呼叫机,,2018-03-21
3452854,automatic carriage,自动输送架,,2018-03-21
3452855,automatic carry,自动进位,,2018-03-21
3452856,automatic central office,自动电话总局,,2018-03-21
3452857,automatic changeover,自动转换,,2018-03-21
3452858,automatic check,自动校验，自动检查,,2018-03-21
3452859,automatic check valve,自动止回阀，自动逆止阀,,2018-03-21
3452860,automatic checking,自动核对,,2018-03-21
3452861,automatic circuit analyzer,自动电路分析器,,2018-03-21
3452862,automatic circuit breaker,自动断路器,,2018-03-21
3452863,automatic circuit recloser,自动电路重合闸装置,,2018-03-21
3452864,automatic circuit switching,自动电路转换，电路自动切换,,2018-03-21
3452865,automatic clearing,自动清除,,2018-03-21
3452866,automatic clearing signal,自动清除讯号,,2018-03-21
3452867,automatic closing,自动闭合,,2018-03-21
3452868,automatic closing gear,自动闭合机构,,2018-03-21
3452869,automatic clutch,自动离合器,,2018-03-21
3452870,automatic code,自动码，自动编码,,2018-03-21
3452871,automatic code translator (ACT),ACT自动译码系统,,2018-03-21
3452872,automatic coding,自动编码,,2018-03-21
3452873,automatic coil winding,自动绕线,,2018-03-21
3452874,automatic coiling of tape,自动卷带，自动绕带,,2018-03-21
3452875,automatic combustion control,自动燃烧控制,,2018-03-21
3452876,automatic component assembly,元件自动装配,,2018-03-21
3452877,automatic computer,自动计算机,,2018-03-21
3452878,automatic concentrator,自动集线机,,2018-03-21
3452879,automatic control,自动控制，自动调整,,2018-03-21
3452880,automatic control device,自动控制装置,,2018-03-21
3452881,automatic control engineering,自动控制工程，自动控制技术,,2018-03-21
3452882,automatic control system,自动控制系统,,2018-03-21
3452883,automatic control valve,自动控制阀,,2018-03-21
3452884,automatic controller,自动控制器,,2018-03-21
3452885,automatic coupler,自动联接器，自动耦合器,,2018-03-21
3452886,automatic coupling device,自动联接器，自动耦合器,,2018-03-21
3452887,automatic crosstell,自动对话,,2018-03-21
3452888,automatic current regulator,自动电流调节器,,2018-03-21
3452889,automatic cut-off,自动切断,,2018-03-21
3452890,automatic cut-out,自动切断，自动开关，自动断路器,,2018-03-21
3452891,automatic cycle,自动循环,,2018-03-21
3452892,automatic data acquisition,自动数据获取装置,,2018-03-21
3452893,automatic data exchange system,自动数据交换系统,,2018-03-21
3452894,automatic data logging,自动数据巡回检测,,2018-03-21
3452895,automatic data logging equipment,自动数据巡回检测装置,,2018-03-21
3452896,automatic data processing (ADP),自动资料处理,,2018-03-21
3452897,automatic data processing equipment (ADPE),自动资料处理设备,,2018-03-21
3452898,automatic data processing system (ADPS),自动资料处理系统,,2018-03-21
3452899,automatic data reducer,自动数据简化器，自动资料缩减器,,2018-03-21
3452900,automatic data switching center,自动资料交换中心,,2018-03-21
3452901,automatic data system uniform practice (ADSUP),自动资料系统不变程序,,2018-03-21
3452902,automatic deloading,自动卸荷，自动减载,,2018-03-21
3452903,automatic dialing unit (ADU),自动拨号机,,2018-03-21
3452904,automatic dictionary,自动辞典,,2018-03-21
3452905,automatic digital encoding system (ADES),亚第斯(自动数位编码)系统,,2018-03-21
3452906,automatic digital network (AUTODIN),自动数位网,,2018-03-21
3452907,automatic digital tracking analyzer computer,自动数位追踪分析计算机,,2018-03-21
3452908,automatic direction finder,自动测向器,,2018-03-21
3452909,automatic disconnection,自动切断，自动断开，自动脱离,,2018-03-21
3452910,automatic disengaging,自动脱离，自动分离，自动切断,,2018-03-21
3452911,automatic dispatch,自动调变,,2018-03-21
3452912,automatic dispatching system,自动调度系统,,2018-03-21
3452913,automatic display call indicator,自动显示呼叫指示器，自显示号器,,2018-03-21
3452914,automatic drain valve,自动放泄阀,,2018-03-21
3452915,automatic drill machine,自动钻床,,2018-03-21
3452916,automatic drop,自动吊牌，指示器(交换机上的),,2018-03-21
3452917,automatic electric welding machine,自动电焊机,,2018-03-21
3452918,automatic electrical ignition,自动电点火,,2018-03-21
3452919,automatic electronic computer,自动电子计算机,,2018-03-21
3452920,automatic error correcting code,自动误差校正码，自动纠错码,,2018-03-21
3452921,automatic error correcting device,自动校误机,,2018-03-21
3452922,automatic error correction,自动改错，自动校误,,2018-03-21
3452923,automatic error detection,自动误差探测，自动检错,,2018-03-21
3452924,automatic exchange,自动交换所，自动话局,,2018-03-21
3452925,automatic fault signalling,自动事故信号发送,,2018-03-21
3452926,automatic feed punch,自动送卡穿孔机,,2018-03-21
3452927,automatic feeder equipment,自馈电装置，自动送料设备,,2018-03-21
3452928,automatic fidelity control,逼真度自动控制,,2018-03-21
3452929,automatic field break switch,自动磁场断路开关,,2018-03-21
3452930,automatic field forcing,自动强[迫]励磁，自动强励磁,,2018-03-21
3452931,automatic field weakening,自动减弱磁场，自动减磁,,2018-03-21
3452932,automatic field-suppressing,自动抑磁,,2018-03-21
3452933,automatic fine tuning,自动微调，自动细调,,2018-03-21
3452934,automatic fire sprinkler,自动喷水灭火装置,,2018-03-21
3452935,automatic fire-alarm system,自动火警系统,,2018-03-21
3452936,automatic flash light,自动闪光灯,,2018-03-21
3452937,automatic focusing action,自动聚焦作用,,2018-03-21
3452938,automatic following,自动跟踪,,2018-03-21
3452939,automatic following control,自动跟踪控制,,2018-03-21
3452940,automatic frequency control,自动频率控制,,2018-03-21
3452941,automatic frequency corrector,自动频率校正器,,2018-03-21
3452942,automatic frequency tuner,自动频率调谐器,,2018-03-21
3452943,automatic gain control (AGC),自动增益控制,,2018-03-21
3452944,automatic gain control switch,自动增益控制开关,,2018-03-21
3452945,automatic gain stabilization,自动增益稳定,,2018-03-21
3452946,automatic gauging machine,自动检验机,,2018-03-21
3452947,automatic gear,自动装置,,2018-03-21
3452948,automatic gear gauge,自动量计，自动水位计,,2018-03-21
3452949,automatic generating plant,自动发电设备，自动化发电厂,,2018-03-21
3452950,automatic generating station,自动化发电站,,2018-03-21
3452951,automatic generation control (AGC),自动发电控制,,2018-03-21
3452952,automatic generator,自动[控制的]发电机，自动[控制]发生器,,2018-03-21
3452953,automatic governing,自动调节，自动调速,,2018-03-21
3452954,automatic governor,自动调节器，自动调速器,,2018-03-21
3452955,automatic grid bias,栅偏压自动调节，自动栅偏压,,2018-03-21
3452956,automatic high-voltage control,自动高压控制,,2018-03-21
3452957,automatic hold,自动运算制止(模拟计算机的)，自[动]保持,,2018-03-21
3452958,automatic holding device,自动保持装置,,2018-03-21
3452959,automatic homing relay,自动复位继电器,,2018-03-21
3452960,automatic hysteresis loop recorder,磁带回线自动记录器,,2018-03-21
3452961,automatic information retrieval system (AIRS),艾而士(自动储存检复)系统,,2018-03-21
3452962,automatic input,自动输入，自动输入数据(计算机的),,2018-03-21
3452963,automatic inspection,自动检查,,2018-03-21
3452964,automatic intercepting valve,自动遮断阀,,2018-03-21
3452965,automatic interlocker,自动联锁机,,2018-03-21
3452966,automatic interlocking,自动联锁,,2018-03-21
3452967,automatic interlocking device,自动联锁装置,,2018-03-21
3452968,automatic interrupter,自动断续器,,2018-03-21
3452969,automatic interruptible load,自动可停负载,,2018-03-21
3452970,automatic ionization chamber,自动电离室,,2018-03-21
3452971,automatic ionosphere recorder,电离层自动记录仪,,2018-03-21
3452972,automatic isolating valve,自动隔离阀,,2018-03-21
3452973,automatic keying,自动按键,,2018-03-21
3452974,automatic keying device,自动键控装置,,2018-03-21
3452975,automatic lathe,自动车床,,2018-03-21
3452976,automatic level compensation,自动位准补偿,,2018-03-21
3452977,automatic level control,自动位准控制，自动液位控制,,2018-03-21
3452978,automatic light control,自动光量调节，自动照明控制,,2018-03-21
3452979,automatic line sectionalizer,自动线路分段开关,,2018-03-21
3452980,automatic linguistic extracting and retrieval technique (ALERT),亚勒特(自动语言抽取术),,2018-03-21
3452981,automatic listening,自动接听,,2018-03-21
3452982,automatic load dispatching,自动或电力调度，自动负载调度,,2018-03-21
3452983,automatic load frequency control,自动负载频率控制,,2018-03-21
3452984,automatic load limitation,自动减载装置，自动限载装置,,2018-03-21
3452985,automatic load regulator,自动负载调节器,,2018-03-21
3452986,automatic local frequency control (ALFC),自动本机频率控制,,2018-03-21
3452987,automatic locking device,自动闭锁装置,,2018-03-21
3452988,automatic logging device,自动记录仪器,,2018-03-21
3452989,automatic low frequency load shedding relay,自动低频减载继电器,,2018-03-21
3452990,automatic measurement,自动测量,,2018-03-21
3452991,automatic message accounting (AMA),自动通话付费计算,,2018-03-21
3452992,automatic message switching,自动讯息交换,,2018-03-21
3452993,automatic modulation control,自动调变控制,,2018-03-21
3452994,automatic motor starter,电动机自动起动器,,2018-03-21
3452995,automatic noise limiter,自动噪音限制器，自动杂讯限制器,,2018-03-21
3452996,automatic noise suppression,自动噪音抑制,,2018-03-21
3452997,automatic noise suppressor,自动噪音抑制器，自动杂讯抑制器,,2018-03-21
3452998,automatic non-return valve,自动逆止阀,,2018-03-21
3452999,automatic number identification,自动号码识别,,2018-03-21
3453000,automatic number normalization,自动数字正规化，自动号码正规化,,2018-03-21
3453001,automatic numbering transmitter,自动编号发射机，自动编号传输器,,2018-03-21
3453002,automatic observer,自动观察记录仪,,2018-03-21
3453003,automatic oil switch,自动油开关,,2018-03-21
3453004,automatic oiling,自动加油,,2018-03-21
3453005,automatic opening,自动跳闸，自动断开,,2018-03-21
3453006,automatic operating system (AUTOPSY),奥多塞(自动作业)系统,,2018-03-21
3453007,automatic operation,自动操作，自动运算,,2018-03-21
3453008,automatic oscillograph,自动示波器,,2018-03-21
3453009,automatic paralleling,自动并联,,2018-03-21
3453010,automatic performance,自动性能，操作性能，自动运行性能,,2018-03-21
3453011,automatic personal indentification code (AUTOPIC),奥托匹克(自动身分资料)码,,2018-03-21
3453012,automatic phase control (APC),自动相位控制,,2018-03-21
3453013,automatic phase shifter,自动移相器,,2018-03-21
3453014,automatic phase synchronization,自动相位同步,,2018-03-21
3453015,automatic picture transmission,自动图像传输,,2018-03-21
3453016,automatic pilot,自动操作,,2018-03-21
3453017,automatic plant,自动电厂,,2018-03-21
3453018,automatic plotting,自动描绘,,2018-03-21
3453019,automatic potentiometer,自动电位计,,2018-03-21
3453020,automatic power control (APC),自动功率控制,,2018-03-21
3453021,automatic power factor regulator,功率因数自动调整器,,2018-03-21
3453022,automatic power plant,自动化发电厂,,2018-03-21
3453023,automatic power regulator,自动功率调节器,,2018-03-21
3453024,automatic pressure reducing valve,自动减压阀,,2018-03-21
3453025,automatic production record system,生产自动记录系统,,2018-03-21
3453026,automatic program control,自动程序控制,,2018-03-21
3453027,automatic programming,自动程式设计,,2018-03-21
3453028,automatic programming and recording (APAR),亚帕(自动程式)规划法,,2018-03-21
3453029,automatic programming of machine tools (AUTOPROMT),工作母机自动操作程式,,2018-03-21
3453030,automatic programming recording (APR),自动程式设计记录，自动规划记录,,2018-03-21
3453031,automatic programming tool (APT),自动程式设计工具,,2018-03-21
3453032,automatic protective-system,自动保护系统,,2018-03-21
3453033,automatic punch,自动穿孔，自动冲孔，自动穿孔机,,2018-03-21
3453034,automatic punching machine,自动冲压机，自动穿孔机(计算机的),,2018-03-21
3453035,automatic reactive power regulating,自动无效电力调整,,2018-03-21
3453036,automatic receptor,自动接收器,,2018-03-21
3453037,automatic reclose,自动复闭,,2018-03-21
3453038,automatic reclosing,自动重合,,2018-03-21
3453039,automatic reclosing circuit-breaker,自动重合断路器,,2018-03-21
3453040,automatic reclosing equipment,自动重合装置,,2018-03-21
3453041,automatic reclosing relay,自动重合[闸]电驿,,2018-03-21
3453042,automatic reclosure,自动重合[闸]，自动重合,,2018-03-21
3453043,automatic recorder,自动记录器,,2018-03-21
3453044,automatic recording,自动记录,,2018-03-21
3453045,automatic recording instrument,自动记录仪,,2018-03-21
3453046,automatic recovery property,自动恢复特性,,2018-03-21
3453047,automatic register,自动登记器,,2018-03-21
3453048,automatic regulating device,自动调节装置,,2018-03-21
3453049,automatic regulating systems,自动调整系统,,2018-03-21
3453050,automatic regulator,自动调整器,,2018-03-21
3453051,automatic relay computer,自动继电器计算机,,2018-03-21
3453052,automatic release,自动释放,,2018-03-21
3453053,automatic remote control,自动遥控,,2018-03-21
3453054,automatic reperforator,自动复凿机,,2018-03-21
3453055,automatic reperforator switching,自动复凿机转报，自动复凿机转发,,2018-03-21
3453056,automatic repetition,自动重复,,2018-03-21
3453057,automatic replacer,自动复归器,,2018-03-21
3453058,automatic request for repetition (ARQ),自动复传请求,,2018-03-21
3453059,automatic reset,自动重置,,2018-03-21
3453060,automatic reset relay,自动重置继电器,,2018-03-21
3453061,automatic responsor,自动响应器,,2018-03-21
3453062,automatic retransmission,自动重传,,2018-03-21
3453063,automatic retransmitter,自动重传机,,2018-03-21
3453064,automatic reverse current cutout,逆流自断器，反向电流自动断路开关,,2018-03-21
3453065,automatic reverser,自动反向器，自动换向开关,,2018-03-21
3453066,automatic reversible battery booster,蓄电池用自动可逆升压器,,2018-03-21
3453067,automatic reversing,自动倒转，自动反转,,2018-03-21
3453068,automatic rheostat,自动变阻器,,2018-03-21
3453069,automatic ringing,自动表铃，自动呼叫,,2018-03-21
3453070,automatic rolling mill,自动轧钢机,,2018-03-21
3453071,automatic route management (ARM),自动路线管理,,2018-03-21
3453072,automatic routine,自动常式,,2018-03-21
3453073,automatic routine generating and updating system (ARGUS),亚加斯(编译)程式,,2018-03-21
3453074,automatic safety switch,自动安全开关,,2018-03-21
3453075,automatic scale command,自动定标指令,,2018-03-21
3453076,automatic selectivity control,自动选择性控制,,2018-03-21
3453077,automatic send/receiver (ASR),自动送收,,2018-03-21
3453078,automatic sending,自动发送,,2018-03-21
3453079,automatic sensibility control,自动灵敏度控制,,2018-03-21
3453080,automatic sequence computer,自动顺序计算机,,2018-03-21
3453081,automatic sequence-controlled,自动顺序控制,,2018-03-21
3453082,automatic shunt,自动分流器,,2018-03-21
3453083,automatic shut-down system,自动停机系统，自动停[反应]器系统,,2018-03-21
3453084,automatic shut-off,自动关闭,,2018-03-21
3453085,automatic signal,自动信号,,2018-03-21
3453086,automatic signal lamp,自动信号灯,,2018-03-21
3453087,automatic signalling,自动发信号,,2018-03-21
3453088,automatic smoke alarm system,自动起烟报警系统,,2018-03-21
3453089,automatic speed adjustment,自动速度调节,,2018-03-21
3453090,automatic speed control,自动速率控制,,2018-03-21
3453091,automatic speed controller,自动调速器,,2018-03-21
3453092,automatic stabilization and control system,自动稳定和控制系统,,2018-03-21
3453093,automatic start circuit,自(动)起动电路,,2018-03-21
3453094,automatic starter,自动起动器,,2018-03-21
3453095,automatic starting motor,自动起动电动机,,2018-03-21
3453096,automatic station,自动化电站，无人值班电站,,2018-03-21
3453097,automatic step-regulator,自动分级调压器,,2018-03-21
3453098,automatic stop,自动停车装置，自动停车，自动停机,,2018-03-21
3453099,automatic stop arrangement,自动停机装置,,2018-03-21
3453100,automatic storage allocation,存储器的自动分配,,2018-03-21
3453101,automatic substation,自动变电所,,2018-03-21
3453102,automatic switch,自动开关,,2018-03-21
3453103,automatic switch-over,自动切换，自动转接,,2018-03-21
3453104,automatic switchboard,自动交换机，自动装置配电盘,,2018-03-21
3453105,automatic synchronization,自动同步,,2018-03-21
3453106,automatic synchronizer,自动同步器，自动整步装置,,2018-03-21
3453107,automatic synchronizing indicator,自动同步指示器,,2018-03-21
3453108,automatic synchronizing relay,自动同步继电器，自动同期继电器,,2018-03-21
3453109,automatic system,自动系统,,2018-03-21
3453110,automatic tap-changing device,分接头自动切换开关(变压器的),,2018-03-21
3453111,automatic tape punch,自动打带机,,2018-03-21
3453112,automatic tape transmitter,自动送带机,,2018-03-21
3453113,automatic telegraph,自动电报，自动电报机,,2018-03-21
3453114,automatic telegraph transmitter,自动电报发报机,,2018-03-21
3453115,automatic telegraphy,自动电报,,2018-03-21
3453116,automatic telephone,自动电话,,2018-03-21
3453117,automatic telephone room,自动[电话]室，自动电话机室,,2018-03-21
3453118,automatic telephone set,自动电话机,,2018-03-21
3453119,automatic telephone switchboard,自动交换机，自动电话总机,,2018-03-21
3453120,automatic telephone system,自动电话制，自动电话系统,,2018-03-21
3453121,automatic telephone trunk network,长途自动电话网,,2018-03-21
3453122,automatic telephony,自动电话学,,2018-03-21
3453123,automatic teleswitch,自动运动开关，自动遥控开关,,2018-03-21
3453124,automatic tension regulator,自动电压调整器，自动张力补偿器,,2018-03-21
3453125,automatic terminal information service,终端资料自动广播服务 ,,2019-07-08
3453126,automatic threading and rewinding,自动引带和绕带(磁带的),,2018-03-21
3453127,automatic throttle valve,自动节流阀,,2018-03-21
3453128,automatic throw-over,自动切换,,2018-03-21
3453129,automatic throw-over equipment,自动切换装置,,2018-03-21
3453130,automatic throw-over substation,自动切换变电所,,2018-03-21
3453131,automatic throw-over switch,自动转换开关,,2018-03-21
3453132,automatic time release,自动限时解锁器，自动限时释放(器),,2018-03-21
3453133,automatic time switch,自动定时开关,,2018-03-21
3453134,automatic timed magneto,自动定时磁电机,,2018-03-21
3453135,automatic timing corrector,自动时间校正器,,2018-03-21
3453136,automatic track-follower,自动跟踪装置,,2018-03-21
3453137,automatic tracking,自动追踪,,2018-03-21
3453138,automatic train control,列车自动控制,,2018-03-21
3453139,automatic train stop,列车自动停止(装置),,2018-03-21
3453140,automatic transfer equipment,自动转换装置,,2018-03-21
3453141,automatic transformer switch,变压器自动开关(无负载时自动切断),,2018-03-21
3453142,automatic translation,自动翻译,,2018-03-21
3453143,automatic transmitter,自动发送机，自动传输器,,2018-03-21
3453144,automatic triggering,自动触发，自动起动线路，自动起动设备,,2018-03-21
3453145,automatic trip,自动脱扣，自动跳闸,,2018-03-21
3453146,automatic tripping,自动脱扣，自动跳闸,,2018-03-21
3453147,automatic trouble locating arrangement,自动找寻故障点装置,,2018-03-21
3453148,automatic trunk call,自动中继呼叫,,2018-03-21
3453149,automatic tuning control (ATC),自动调谐控制,,2018-03-21
3453150,automatic tuning system,自动调谐系统,,2018-03-21
3453151,automatic turnoff,自动断开,,2018-03-21
3453152,automatic valve,自动阀,,2018-03-21
3453153,automatic voltage regulator (AVR),自动电压调整器,,2018-03-21
3453154,automatic volume control (AVC),自动音量控制,,2018-03-21
3453155,automatic volume controller (AVC),自动音量控制器,,2018-03-21
3453156,automatic volume range regulator,自动音量(范围)调整器,,2018-03-21
3453157,automatic warning device,自动报警设备，自动信号设备,,2018-03-21
3453158,automatic weigher,自动秤,,2018-03-21
3453159,automatic welder,自动熔接器,,2018-03-21
3453160,automatic welding,自动焊[接],,2018-03-21
3453161,automatic white level (AWL),自动白阶,,2018-03-21
3453162,automatic winding,自动绕线,,2018-03-21
3453163,automatic-control rod,自动控制棒,,2018-03-21
3453164,automatic-frequency-control synchronization,自动频率控制同步,,2018-03-21
3453165,automatic-reset thermal protector,自动复位热保护装置,,2018-03-21
3453166,automatic-sequence-controlled starting,自动顺序控制起动,,2018-03-21
3453167,automatic-system soluing equation,益谢II(工程应用)系统,,2018-03-21
3453168,automatically controlled generator,自动控制发电机,,2018-03-21
3453169,automatically regulated,自动调节的,,2018-03-21
3453170,automatically rested relay,自动复归电驿,,2018-03-21
3453171,automatics,自动装置，自动学,,2018-03-21
3453172,automation,自动化，自动作业,,2018-03-21
3453173,automatism,自动性，自动作用,,2018-03-21
3453174,automatization,自动化,,2018-03-21
3453175,automaton,自动机，自动控制器,,2018-03-21
3453176,automobile,自动车，汽车,,2018-03-21
3453177,automobile cable,汽车电缆,,2018-03-21
3453178,automobile current generator,汽车发电机,,2018-03-21
3453179,automobile head lamp,汽车头灯,,2018-03-21
3453180,automobile receiver,汽车用收音机,,2018-03-21
3453181,automodulation,自调[制],,2018-03-21
3453182,automonitor,自动监督程式，自动警告器,,2018-03-21
3453183,automonitor routine,自动监督程序,,2018-03-21
3453184,automotive application,汽车应用,,2018-03-21
3453185,automotive electronics,汽车用电子,,2018-03-21
3453186,automotor-generator,自电动发电机(两个电枢串联的直流-直流变换机),,2018-03-21
3453187,autonomous,自备的，自给的,,2018-03-21
3453188,autonomous channel,自主通道，独立通道,,2018-03-21
3453189,autonomous circuit,自激电路,,2018-03-21
3453190,autonomous power generator,自律发电机,,2018-03-21
3453191,autonomous sequential circuit,自律顺序电路,,2018-03-21
3453192,autonomous system,自主系统，独立系统,,2018-03-21
3453193,autonomous working,自主作业,,2018-03-21
3453194,autooscillation,自振,,2018-03-21
3453195,autophotoelectric effect,自生光电效应,,2018-03-21
3453196,autopilot,自动驾驶仪，自动驾驶装置,,2018-03-21
3453197,autoplant,自动化工厂，自动设备,,2018-03-21
3453198,autopneumatic circuit breaker,自动气动断路器，气动开关,,2018-03-21
3453199,autopulse,自动脉波,,2018-03-21
3453200,autoreclose circuit-breaker,自动重合闸断路器,,2018-03-21
3453201,autoreclose cycle,自动重合周期，自动重合闸循环,,2018-03-21
3453202,autoreclosing,自动重合闸,,2018-03-21
3453203,autorecorder,自动记录器,,2018-03-21
3453204,autoregulation,自动调节,,2018-03-21
3453205,autoregulation induction heater,自动调节感应加热器,,2018-03-21
3453206,autorotation,自[动旋]转，自旋,,2018-03-21
3453207,autoscope,点火检查示波器(检查发动机点火系统故障用),,2018-03-21
3453208,autosimulate mode,自动模拟式,,2018-03-21
3453209,autosizing,自动测定尺寸，自动上胶,,2018-03-21
3453210,autostability,自稳定性,,2018-03-21
3453211,autostabilization,自动稳定,,2018-03-21
3453212,autostarter,自(动)起动器,,2018-03-21
3453213,autostarter transformer,自起动用变压器，自耦起动变压器,,2018-03-21
3453214,autosyn,自[动]同步机，交流同步器，自整角机,,2018-03-21
3453215,autosynchronous,自[动]同步的,,2018-03-21
3453216,autosynchronous motor,自同步电动机，同步感应电动机,,2018-03-21
3453217,autosynchronous network,自动同步网络,,2018-03-21
3453218,autotelegraph,电写，书画电传机，电传真机,,2018-03-21
3453219,autothermic,热自动[补偿]的，自[供]热的,,2018-03-21
3453220,autotimer,自动计时器,,2018-03-21
3453221,autotrace,电气-液压靠模仿型铣床,,2018-03-21
3453222,autotrack,自动跟踪,,2018-03-21
3453223,autotransformer starter,自耦变压器起动器,,2018-03-21
3453224,autotransformer-coupled oscillator,自耦变压器[反馈]振荡器,,2018-03-21
3453225,autotune,自动调谐,,2018-03-21
3453226,autotype,复印品，复制品，影印,,2018-03-21
3453227,autovac,真空箱，真空装置,,2018-03-21
3453228,autovalve arrester,[自动]阀型避雷器,,2018-03-21
3453229,autovalve lightning arrester,[自动]阀型避雷器,,2018-03-21
3453230,autoverify,自动验证，自动复核,,2018-03-21
3453231,autumnal equinox,秋分点,,2018-03-21
3453232,autunite,钙铀云母,,2018-03-21
3453233,auxiliaries,辅助设备，附属设备，辅机，辅件,,2018-03-21
3453234,auxiliaries annual energy consumption,附属设备年消耗量,,2018-03-21
3453235,auxiliaries load,厂内用电,,2018-03-21
3453236,auxiliaries-supply circuit-breaker,辅助电源断路器， 备用电源断路,,2018-03-21
3453237,auxiliary,辅助设备，辅助的，备用的，附加的,,2018-03-21
3453238,auxiliary activator,辅助活化剂,,2018-03-21
3453239,auxiliary air intake,辅助进气口,,2018-03-21
3453240,auxiliary air valve,辅助气阀,,2018-03-21
3453241,auxiliary alarm,辅助报警器，备用警报器,,2018-03-21
3453242,auxiliary arc,辅助弧,,2018-03-21
3453243,auxiliary blower,辅助风扇，备用风扇,,2018-03-21
3453244,auxiliary board,厂用配电盘,,2018-03-21
3453245,auxiliary boiler,备用锅炉，辅助锅炉,,2018-03-21
3453246,auxiliary break-contact,辅助断路触点,,2018-03-21
3453247,auxiliary breaker,辅助断路器,,2018-03-21
3453248,auxiliary bus bar,辅助母线,,2018-03-21
3453249,auxiliary bus bar joint,小母线端子，辅助母线端子,,2018-03-21
3453250,auxiliary cathode,辅助阴极,,2018-03-21
3453251,auxiliary circuit,辅助电路,,2018-03-21
3453252,auxiliary coil,附加线圈,,2018-03-21
3453253,auxiliary concentrator,副集线器,,2018-03-21
3453254,auxiliary conductor,辅助导线,,2018-03-21
3453255,auxiliary contact,副触点，辅助接触,,2018-03-21
3453256,auxiliary contactor,辅助接触器，副接触器,,2018-03-21
3453257,auxiliary contactor switch,辅助接触开关,,2018-03-21
3453258,auxiliary control coil,辅助控制线圈,,2018-03-21
3453259,auxiliary control rod,辅助控制棒,,2018-03-21
3453260,auxiliary controller,辅助控制器,,2018-03-21
3453261,auxiliary crab,辅助起重绞车,,2018-03-21
3453262,auxiliary current,辅助电流,,2018-03-21
3453263,auxiliary current transformer,辅助电流互感器,,2018-03-21
3453264,auxiliary data,辅助资料,,2018-03-21
3453265,auxiliary drive,辅助传动装置,,2018-03-21
3453266,auxiliary driven turbine,辅助拖动汽轮机,,2018-03-21
3453267,auxiliary earth,辅助通地,,2018-03-21
3453268,auxiliary electric drive,辅助电力传动装置,,2018-03-21
3453269,auxiliary electrode,辅助电极,,2018-03-21
3453270,auxiliary equipment,辅助设备,,2018-03-21
3453271,auxiliary excitation,辅助励磁，备用励磁,,2018-03-21
3453272,auxiliary exciting winding,辅助励磁绕组，备用励磁绕组,,2018-03-21
3453273,auxiliary fan,辅助风扇，备用风扇,,2018-03-21
3453274,auxiliary feeder,辅助馈[电]线,,2018-03-21
3453275,auxiliary firing,辅助点火,,2018-03-21
3453276,auxiliary force,辅助力,,2018-03-21
3453277,auxiliary fuel,辅助燃料,,2018-03-21
3453278,auxiliary fuse,辅助辅助熔断器，辅助保险丝,,2018-03-21
3453279,auxiliary gap,辅助间隙,,2018-03-21
3453280,auxiliary generator set,辅助发电机组，备用发电机组,,2018-03-21
3453281,auxiliary grounding,辅助接地,,2018-03-21
3453282,auxiliary illumination,辅助照明,,2018-03-21
3453283,auxiliary impulse,辅助脉冲,,2018-03-21
3453284,auxiliary instruction buffer,辅助指令缓冲器,,2018-03-21
3453285,auxiliary lamp,辅助灯,,2018-03-21
3453286,auxiliary lead,辅助引线,,2018-03-21
3453287,auxiliary lighting,辅助照明,,2018-03-21
3453288,auxiliary line,副线路,,2018-03-21
3453289,auxiliary line constant,辅助线路常数,,2018-03-21
3453290,auxiliary magnetic pole,辅助磁极,,2018-03-21
3453291,auxiliary memory,辅助存储器,,2018-03-21
3453292,auxiliary operation,辅助作业,,2018-03-21
3453293,auxiliary phase,辅助相，备用相,,2018-03-21
3453294,auxiliary plant,辅助厂房，辅助设备，辅助装置,,2018-03-21
3453295,auxiliary pole,附加极，换向极，副极，辅助极,,2018-03-21
3453296,auxiliary power,辅助电源,,2018-03-21
3453297,auxiliary power station,备用发电厂，辅助发电厂,,2018-03-21
3453298,auxiliary power supply,辅助电源，备用电源,,2018-03-21
3453299,auxiliary power transformer,备用电力变压器,,2018-03-21
3453300,auxiliary power unit,辅助电源设备，辅助发电机组,,2018-03-21
3453301,auxiliary pump,辅助泵,,2018-03-21
3453302,auxiliary relay,辅助电驿(器),,2018-03-21
3453303,auxiliary resistance,辅助电阻,,2018-03-21
3453304,auxiliary routine,辅助程序,,2018-03-21
3453305,auxiliary selector,辅助选择器(自动电话),,2018-03-21
3453306,auxiliary service transformer,辅助供电变压器,,2018-03-21
3453307,auxiliary servomotor,辅助伺服马达,,2018-03-21
3453308,auxiliary signal,辅助信号,,2018-03-21
3453309,auxiliary spark-gap,辅助火花间隙,,2018-03-21
3453310,auxiliary starting winding,附加起动绕组,,2018-03-21
3453311,auxiliary station,辅助电厂，备用电厂,,2018-03-21
3453312,auxiliary stay,辅助拉线，辅助撑条,,2018-03-21
3453313,auxiliary storage,辅助储存器,,2018-03-21
3453314,auxiliary substation,备用变电所,,2018-03-21
3453315,auxiliary switch,辅助开关,,2018-03-21
3453316,auxiliary switchboard,辅助开关盘，厂用配电盘,,2018-03-21
3453317,auxiliary transformer,辅助变压器，厂用变压器,,2018-03-21
3453318,auxiliary tripping relay,辅助跳脱电驿(器),,2018-03-21
3453319,auxiliary variable,辅助变数,,2018-03-21
3453320,auxiliary voltage,辅助电压,,2018-03-21
3453321,auxiliary winding,辅助绕组，附加绕组,,2018-03-21
3453322,availability,可用性，可用率,,2018-03-21
3453323,availability declaration period,可用性申报期间,,2018-03-21
3453324,availability factor,可用率因数，可用性因数,,2018-03-21
3453325,availability of equipment,设备可用率，设备完好率,,2018-03-21
3453326,availability time,可用时间,,2018-03-21
3453327,availability time ratio,可用时间率,,2018-03-21
3453328,available,有效的，可用的，现有的，存在的,,2018-03-21
3453329,available capacity,可用容量，有效容量,,2018-03-21
3453330,available daytime for daylighting,昼间可用日照时间,,2018-03-21
3453331,available electron,可用电子,,2018-03-21
3453332,available energy,可用能,,2018-03-21
3453333,available energy supply,可用能源供应,,2018-03-21
3453334,available gain,可用增益,,2018-03-21
3453335,available head,可用落差(水力发电的),,2018-03-21
3453336,available heating value,可用热量,,2018-03-21
3453337,available horsepower,可用马力，可用功率,,2018-03-21
3453338,available line,可用扫描线(有效扫描线长度),,2018-03-21
3453339,available noise power,可用杂讯功率,,2018-03-21
3453340,available output,有效输出,,2018-03-21
3453341,available power,可用动力，可用功率,,2018-03-21
3453342,available power efficiency,有效功率效率，可用功率效率,,2018-03-21
3453343,available power gain,可用已得动力，可用动力增益,,2018-03-21
3453344,available storage,有效库容(水力发电的),,2018-03-21
3453345,available thermal power,[电站]有效热功率,,2018-03-21
3453346,available thrust,有效推力，可用推力,,2018-03-21
3453347,available time,可用时间，有效时间,,2018-03-21
3453348,available torque,有效转矩，可用转矩,,2018-03-21
3453349,available work,可用功,,2018-03-21
3453350,avalanch breakdown,累增崩溃,,2018-03-21
3453351,avalanche,突崩,,2018-03-21
3453352,avalanche action,突崩作用,,2018-03-21
3453353,avalanche breakdown,突崩溃,,2018-03-21
3453354,avalanche breakdown voltage,突崩击穿电压,,2018-03-21
3453355,avalanche diode,突崩二极体,,2018-03-21
3453356,avalanche effect,突崩效应,,2018-03-21
3453357,avalanche excitation,突崩激发,,2018-03-21
3453358,avalanche mode,突崩模,,2018-03-21
3453359,avalanche multiplication,突崩倍增,,2018-03-21
3453360,avalanche photodiode,崩光二极体,,2018-03-21
3453361,avalanche rectifier,突崩整流器,,2018-03-21
3453362,avalanche region,突崩区,,2018-03-21
3453363,avalanche SCR,突崩矽控整流器,,2018-03-21
3453364,avalanche theory,突崩理论,,2018-03-21
3453365,avalanche transistor,突崩电晶体,,2018-03-21
3453366,avalanche voltage,突崩电压,,2018-03-21
3453367,avalite,铬云母,,2018-03-21
3453368,avasite,矽铁矿,,2018-03-21
3453369,AVC amplifier,自动音量控制放大器,,2018-03-21
3453370,AVC relay,自动音量控制电驿,,2018-03-21
3453371,average,平均值，平均，平均数,,2018-03-21
3453372,average absolute value,平均绝对值,,2018-03-21
3453373,average active power,平均有效功率,,2018-03-21
3453374,average annual flow,年平均流量,,2018-03-21
3453375,average annual runoff,年平均径流,,2018-03-21
3453376,average brightness,平均亮度,,2018-03-21
3453377,average calculating operation,平均计算运算，平均运算,,2018-03-21
3453378,average candle power,平均烛光，平均发光度,,2018-03-21
3453379,average capacity,平均容量,,2018-03-21
3453380,average current,平均电流,,2018-03-21
3453381,average daily calling,每日平均呼叫率,,2018-03-21
3453382,average data transfer rate,平均资料传送率,,2018-03-21
3453383,average effectiveness level,平均效用阶,,2018-03-21
3453384,average efficiency,平均效率,,2018-03-21
3453385,average energy,平均能量,,2018-03-21
3453386,average error,平均误差,,2018-03-21
3453387,average flow,平均流量,,2018-03-21
3453388,average ideal efficiency,平均理想效率,,2018-03-21
3453389,average inductor voltage,平均电感电压,,2018-03-21
3453390,average life,平均寿命,,2018-03-21
3453391,average load,平均负载，平均负荷,,2018-03-21
3453392,average loss of energy,平均能量损失,,2018-03-21
3453393,average luminous intensity,平均光强[度],,2018-03-21
3453394,average magner,平均无效功率,,2018-03-21
3453395,average maximum demand,平均最大需量,,2018-03-21
3453396,average neutron lifetime,平均中子寿命,,2018-03-21
3453397,average noise factor,平均杂讯因数,,2018-03-21
3453398,average noise figure,平均噪音指数,,2018-03-21
3453399,average number,平均数,,2018-03-21
3453400,average on-state power loss,平均导通功率损失,,2018-03-21
3453401,average operation time,平均作业时间,,2018-03-21
3453402,average outgoing quality limit (AOQL),平均质量检查界限， 平均质量检查最低限， 平均质量检查指标,,2018-03-21
3453403,average output,平均出量，平均输出,,2018-03-21
3453404,average over all efficiency,平均总效率,,2018-03-21
3453405,average phasor power,平均相量功率,,2018-03-21
3453406,average picture level (APL),均像阶，平均图像位准,,2018-03-21
3453407,average power,平均功率,,2018-03-21
3453408,average power factor,平均功率因数,,2018-03-21
3453409,average productive capacity,平均生产量，平均生产能力,,2018-03-21
3453410,average pulse amplitude,脉波平均振幅,,2018-03-21
3453411,average quasi-peak value,平均准峰值,,2018-03-21
3453412,average rate of convergence,平均收敛速度,,2018-03-21
3453413,average reactive factor,平均无功因数,,2018-03-21
3453414,average reactive power,平均无功功率,,2018-03-21
3453415,average resistivity,平均电阻率,,2018-03-21
3453416,average sample number,平均检查量，平均抽查数，平均取样量,,2018-03-21
3453417,average scattering,平均散射,,2018-03-21
3453418,average service rate,平均使用率,,2018-03-21
3453419,average sound power,平均声功率,,2018-03-21
3453420,average specific heat,平均比热,,2018-03-21
3453421,average speech power,平均语言功率,,2018-03-21
3453422,average speed,平均速度,,2018-03-21
3453423,average switching power loss,平均切换功率损失,,2018-03-21
3453424,average torque,平均转矩,,2018-03-21
3453425,average transmission rate,平均传输率,,2018-03-21
3453426,average value,平均值,,2018-03-21
3453427,average value voltmeter,均值伏特计,,2018-03-21
3453428,average vector power,平均向量功率,,2018-03-21
3453429,average velocity,平均速度,,2018-03-21
3453430,average voltage,平均电压,,2018-03-21
3453431,average year,平均年,,2018-03-21
3453432,average-sized motor,中型电动机,,2018-03-21
3453433,average-to-good,中上等的，中等以上[质量]的,,2018-03-21
3453434,average-weighted,加权平均的,,2018-03-21
3453435,averaged circuit model,平均电路模型,,2018-03-21
3453436,averaged switching function,平均切换函数,,2018-03-21
3453437,averaged time,平均时间,,2018-03-21
3453438,averager,平均器，均衡器，中和器,,2018-03-21
3453439,averaging filter,平均滤波器,,2018-03-21
3453440,averaging interval,平均区间,,2018-03-21
3453441,averaging method,求平均值法,,2018-03-21
3453442,averaging rectifier,平均整流器,,2018-03-21
3453443,aviation channel,航空频道,,2018-03-21
3453444,aviation dynamotor,航空发电机,,2018-03-21
3453445,aviation radio,航空无线电,,2018-03-21
3453446,aviation turbine fuel (ATF),航空燃油,,2018-03-21
3453447,aviotronics,航空电子学,,2018-03-21
3453448,Avogadro constant,亚佛加厥常数,,2018-03-21
3453449,Avogadro's Law,亚佛加厥定律,,2018-03-21
3453450,Avogadro's number,亚佛加厥数,,2018-03-21
3453451,avoid,避免，躲避，回避,,2018-03-21
3453452,avoidance,避免，回避,,2018-03-21
3453453,avometer,万用[电]表，安伏欧计,,2018-03-21
3453454,awaiting-repair time,候修时间,,2018-03-21
3453455,axes,axis的复数,,2018-03-21
3453456,axial,轴向的，轴的,,2018-03-21
3453457,axial air section,轴向风区,,2018-03-21
3453458,axial air-gap,轴向气隙,,2018-03-21
3453459,axial air-gap reluctance motor,轴向气隙式磁阻电动机,,2018-03-21
3453460,axial ampere-turn,轴向安匝,,2018-03-21
3453461,axial blanket,端面再生区，轴向再生区,,2018-03-21
3453462,axial bracket,轴向支架,,2018-03-21
3453463,axial channel,轴向通道，轴向风道,,2018-03-21
3453464,axial chearance,轴向间隙,,2018-03-21
3453465,axial coil,轴线圈,,2018-03-21
3453466,axial component,轴向部分，轴向分量,,2018-03-21
3453467,axial compressive force,轴向压缩力,,2018-03-21
3453468,axial compressor,轴流式压缩机,,2018-03-21
3453469,axial cooling duct,轴向冷却沟，轴向风道,,2018-03-21
3453470,axial direction,轴向,,2018-03-21
3453471,axial distribution,轴向分布,,2018-03-21
3453472,axial ducts,纵[轴向]通风道,,2018-03-21
3453473,axial elongation,轴向伸长,,2018-03-21
3453474,axial fan,轴流式风扇,,2018-03-21
3453475,axial field,轴向场,,2018-03-21
3453476,axial flow,轴[向]流[动],,2018-03-21
3453477,axial flow turbine,轴流式水轮机，轴流式透平,,2018-03-21
3453478,axial flux,轴向通量，轴向磁通,,2018-03-21
3453479,axial focusing field,轴向聚焦电场,,2018-03-21
3453480,axial force,轴向力,,2018-03-21
3453481,axial hydrogen cooler,轴向氢冷却器,,2018-03-21
3453482,axial jet,轴向喷射器,,2018-03-21
3453483,axial key,轴向键,,2018-03-21
3453484,axial lead,轴向引线，轴心引线,,2018-03-21
3453485,axial length,1.轴长2.轴向长度,,2018-03-21
3453486,axial load,轴向荷载,,2018-03-21
3453487,axial magnet,条形磁铁，磁棒,,2018-03-21
3453488,axial magnetic centering force,[转子轴向位移引起的]定转子间的轴向力(电机的),,2018-03-21
3453489,axial magnetic field,轴向磁场,,2018-03-21
3453490,axial magnetic flux,轴向磁通,,2018-03-21
3453491,axial magnetizing force,轴向磁化力,,2018-03-21
3453492,axial motion,轴向运动,,2018-03-21
3453493,axial oscillation,轴向振动,,2018-03-21
3453494,axial phasor,轴向相量,,2018-03-21
3453495,axial pitch,轴向节距,,2018-03-21
3453496,axial play,轴向游隙,,2018-03-21
3453497,axial polarization ratio,轴向极化比,,2018-03-21
3453498,axial position,轴向位置,,2018-03-21
3453499,axial pressure,轴向压力,,2018-03-21
3453500,axial pump,轴流泵,,2018-03-21
3453501,axial ratio,轴比,,2018-03-21
3453502,axial seal,轴向密封,,2018-03-21
3453503,axial secondary,轴向次级(直线电机的),,2018-03-21
3453504,axial shaft shift,轴的轴向位移,,2018-03-21
3453505,axial spherical aberration,轴向球面像差,,2018-03-21
3453506,axial stress,轴向应力,,2018-03-21
3453507,axial sub-slot,纵向副槽，轴向副槽,,2018-03-21
3453508,axial surface current,轴面电流,,2018-03-21
3453509,axial symmetry,轴向对称,,2018-03-21
3453510,axial tensile force,轴[向]张力,,2018-03-21
3453511,axial thrust,轴向推力,,2018-03-21
3453512,axial torque,旋转力矩,,2018-03-21
3453513,axial vector,轴向量,,2018-03-21
3453514,axial velocity,轴向速度,,2018-03-21
3453515,axial ventilation,轴向通风,,2018-03-21
3453516,axial-flow blower,轴流式风扇，轴流式风机,,2018-03-21
3453517,axial-flow compressor,轴流式压缩机,,2018-03-21
3453518,axial-flow fan,轴流式风扇,,2018-03-21
3453519,axial-flow hydraulic turbine,轴流式水轮机,,2018-03-21
3453520,axial-flow hydroelectric unit,轴流式水轮发电机组,,2018-03-21
3453521,axial-flow ventilation,轴向通风,,2018-03-21
3453522,axial-flux motor,轴向磁通电动机(一种直线电动机),,2018-03-21
3453523,axial-gap reluctance motor,轴向间隙磁阻电动机,,2018-03-21
3453524,axial-type internal cooling,轴向内冷,,2018-03-21
3453525,axially bare,无轴向反射层的,,2018-03-21
3453526,axially magnetised stator,轴向磁化定子,,2018-03-21
3453527,axially movable motor,[转子]轴向可动的电动机,,2018-03-21
3453528,axially periodic field,轴向周期场,,2018-03-21
3453529,axially spaced air-gap,轴向分布气隙,,2018-03-21
3453530,axially-ventilated motor,轴向通风电动机,,2018-03-21
3453531,axiom,原则，原理，定理,,2018-03-21
3453532,axiotron,一种磁控管,,2018-03-21
3453533,axis,轴,,2018-03-21
3453534,axis distance,轴距,,2018-03-21
3453535,axis of abscissa,横[座标]轴，X轴,,2018-03-21
3453536,axis of commutation,换向轴[线]，中性线[换向器的],,2018-03-21
3453537,axis of coordinates,座标轴,,2018-03-21
3453538,axis of imaginaries,虚[数]轴,,2018-03-21
3453539,axis of ordinate,纵坐标轴，Y轴,,2018-03-21
3453540,axis of real numbers,实[数]轴,,2018-03-21
3453541,axis of reals,实轴,,2018-03-21
3453542,axis of reference,参考轴，基准轴，相关轴,,2018-03-21
3453543,axis of rotation,旋转轴,,2018-03-21
3453544,axis of symmetry,对称轴,,2018-03-21
3453545,axisymmetric,轴对称的,,2018-03-21
3453546,axisymmetrical,轴对称的,,2018-03-21
3453547,axle,车轴，轴，心棒,,2018-03-21
3453548,axle box,轴箱，轴承箱,,2018-03-21
3453549,axle circuit,[经过]车轴[的]电路,,2018-03-21
3453550,axle driving motor,车轴[驱动用]电动机,,2018-03-21
3453551,axle fairing,轴向整流片,,2018-03-21
3453552,axle generator pole changer,保证车轴发电机极性不变的切换开关,,2018-03-21
3453553,axle head,轴端，轴头,,2018-03-21
3453554,axle housing,[汽车的]轴箱，轴套,,2018-03-21
3453555,axle hung motor,悬轴型电动机,,2018-03-21
3453556,axle loading,[车]轴载荷,,2018-03-21
3453557,axle suspended motor,[车]轴悬型电动机,,2018-03-21
3453558,axle-bearing,车轴轴承,,2018-03-21
3453559,axle-driven generator,车轴发电机,,2018-03-21
3453560,axonometry,轴测法(晶体的)，测晶轴学,,2018-03-21
3453561,Ayrton shunt,艾尔顿分流器(检流计),,2018-03-21
3453562,Ayrton-Mother galvanometer,艾尔顿-马瑟检流计(可动线圈中无铁心),,2018-03-21
3453563,Ayrton-Mother ring test method,艾尔顿-马瑟环路测试法(测定电缆股短路点的一种方法),,2018-03-21
3453564,Ayrton-Perry inductor,艾尔顿-佩里电抗器,,2018-03-21
3453565,Ayrton-Perry winding,艾尔顿-佩里线圈，无感线圈,,2018-03-21
3453566,azel display,方位-高度显示器,,2018-03-21
3453567,azimuth,方位[角]，地平经度,,2018-03-21
3453568,azimuth adjustment,方位调整,,2018-03-21
3453569,azimuth angle,方位角,,2018-03-21
3453570,azimuth bin,方位筐,,2018-03-21
3453571,azimuth blanking tube,方位角信号消隐管,,2018-03-21
3453572,azimuth cable wrap,方位缆包,,2018-03-21
3453573,azimuth commutator,方位角换向器，方位角转换开关,,2018-03-21
3453574,azimuth compass,方位罗盘,,2018-03-21
3453575,azimuth drive motor,方位动电动机,,2018-03-21
3453576,azimuth driver,方向传动器,,2018-03-21
3453577,azimuth elevation indicator,方位高度指示器,,2018-03-21
3453578,azimuth error,方位误差,,2018-03-21
3453579,azimuth error signal,方位误差信号,,2018-03-21
3453580,azimuth indicating meter,方位[角]指示器,,2018-03-21
3453581,azimuth loss,方位损失,,2018-03-21
3453582,azimuth potentiometer,方位[角]分压器，方位角电位计,,2018-03-21
3453583,azimuth quantum number,角量子数,,2018-03-21
3453584,azimuth resolution,方位角分解度,,2018-03-21
3453585,azimuth sweep circuit,方位拂掠电路,,2018-03-21
3453586,azimuth transmitting synchro,方位角传送同步机,,2018-03-21
3453587,azimuth-motor,方位电动机,,2018-03-21
3453588,azimuthal angle,方位角,,2018-03-21
3453589,azote,氮N(旧名),,2018-03-21
3453590,azotic acid,硝酸,,2018-03-21
3453591,azran,方位距离,,2018-03-21
3453592,B & S wire gauge,B & S 线规，美国线规,,2018-03-21
3453593,B circuit,B 电路,,2018-03-21
3453594,B cut-off frequency,B 截止频率,,2018-03-21
3453595,B ignore A gate,与Ａ无关的Ｂ闸,,2018-03-21
3453596,B implies A gate,Ｂ隐含Ａ闸,,2018-03-21
3453597,B instruction,B指令,,2018-03-21
3453598,B operator,乙值机员,,2018-03-21
3453599,B OR NOT A gate,Ｂ或非Ａ闸,,2018-03-21
3453600,b scan,B扫描,,2018-03-21
3453601,B wave,B波，减幅[电]波,,2018-03-21
3453602,"B,b",三相系统的第二相,,2018-03-21
3453603,B-Amplifier,B类放大器， 乙类放大器,,2018-03-21
3453604,B-battery,B 电池,,2018-03-21
3453605,B-box,变址数寄存器,,2018-03-21
3453606,B-digit,B 数字码,,2018-03-21
3453607,B-display,B 型显示,,2018-03-21
3453608,B-eliminator,乙电源整流器，代乙电器，阳极电源整流器,,2018-03-21
3453609,B-H curve,磁化曲线，B-H曲线,,2018-03-21
3453610,B-H loop,B-H回线，磁滞回路,,2018-03-21
3453611,B-plus,阳极电源的正极，Ｂ电池的正极,,2018-03-21
3453612,B-plus voltage,阳极电压，乙正电压,,2018-03-21
3453613,B-power,乙电源，阳极电源,,2018-03-21
3453614,B-register,B寄存器，加法寄存器，变址寄存器,,2018-03-21
3453615,B-scope,B型显示器，距离方位显示器,,2018-03-21
3453616,B-source,阳极电源，板极电源,,2018-03-21
3453617,B-store,变址寄存器,,2018-03-21
3453618,B-switchboard,乙台，乙交换台,,2018-03-21
3453619,B-tube,变址寄存器，变数寄存器,,2018-03-21
3453620,B-type facsimile,B型传真,,2018-03-21
3453621,B-wire,B线(电话)，第二线,,2018-03-21
3453622,B-Y signal,B-Y (色度)信号,,2018-03-21
3453623,BA. ohm,英制欧姆(等于0.9866国际欧姆),,2018-03-21
3453624,babbit,巴比特合金,,2018-03-21
3453625,babbit metal,巴氏合金,,2018-03-21
3453626,babbit-lined,以巴比特合金镶衬的,,2018-03-21
3453627,babble,混串音,,2018-03-21
3453628,baby,小型(的)，微型(的),,2018-03-21
3453629,baby knife switch,小型闸刀开关,,2018-03-21
3453630,bace of cutout,熔线座,,2018-03-21
3453631,back,后面的，底座,,2018-03-21
3453632,back action,反作用,,2018-03-21
3453633,back ampere turns,反安匝数,,2018-03-21
3453634,back and forth method,往返法,,2018-03-21
3453635,back arc,回弧,,2018-03-21
3453636,back balance,平衡锤，后平衡,,2018-03-21
3453637,back bias,回授偏压,,2018-03-21
3453638,back bias voltage,反向偏压,,2018-03-21
3453639,back clamping,反向钳位,,2018-03-21
3453640,back coat,底漆(层),,2018-03-21
3453641,back connected instrument,接头在背面的仪表,,2018-03-21
3453642,back connected switch,背面接线开关,,2018-03-21
3453643,back connection,背面接线,,2018-03-21
3453644,back corona,逆电晕,,2018-03-21
3453645,back coupling,反耦合,,2018-03-21
3453646,back current,反向电流,,2018-03-21
3453647,back diffusion,逆扩散,,2018-03-21
3453648,back discharge,反向放电，反向出料,,2018-03-21
3453649,back draft,倒转，反向通风,,2018-03-21
3453650,back drop,交流声，干扰,,2018-03-21
3453651,back echo,后波瓣接收的回波信号,,2018-03-21
3453652,back electromotive force,反电(动)势,,2018-03-21
3453653,back elevation,后视图,,2018-03-21
3453654,back elevation drawing,后视图,,2018-03-21
3453655,back emission,反向发射,,2018-03-21
3453656,back end,后端，尾端,,2018-03-21
3453657,back feed factor,回馈因数,,2018-03-21
3453658,back fill,回填，充填,,2018-03-21
3453659,back fire,逆弧，回火,,2018-03-21
3453660,back flash,反闪，回燃,,2018-03-21
3453661,back flashover,逆闪络,,2018-03-21
3453662,back flow,回流，逆流,,2018-03-21
3453663,back ground,背景,,2018-03-21
3453664,back guy,后拉线,,2018-03-21
3453665,back induction,去磁作用,,2018-03-21
3453666,back iron,背铁,,2018-03-21
3453667,back light,后灯，背景光,,2018-03-21
3453668,back lobe,后瓣,,2018-03-21
3453669,back magnetization,反磁化,,2018-03-21
3453670,back nut,支承螺母，限动螺母,,2018-03-21
3453671,back pitch,后节距，反螺旋,,2018-03-21
3453672,back porch,后沿，后廊,,2018-03-21
3453673,back power,反向功率,,2018-03-21
3453674,back pressure,背压(力)，回压，反压(力),,2018-03-21
3453675,back pressure turbine,背压式汽轮机,,2018-03-21
3453676,back pressure valve,反压阀,,2018-03-21
3453677,back reaction,逆反压,,2018-03-21
3453678,back resistance,反向电阻，背部阻力,,2018-03-21
3453679,back run,倒车，反转，逆向,,2018-03-21
3453680,back scattering,逆散射，折回散射,,2018-03-21
3453681,back set,制动器，逆流，倒退,,2018-03-21
3453682,back shop,修理厂,,2018-03-21
3453683,back signal,回应信号,,2018-03-21
3453684,back source,后备电源,,2018-03-21
3453685,back space,退位,,2018-03-21
3453686,back stay,后拉线,,2018-03-21
3453687,back to back connection,背对背连接,,2018-03-21
3453688,back tone,回报铃音,,2018-03-21
3453689,back transient,反向瞬态过程,,2018-03-21
3453690,back up protection,后卫保护,,2018-03-21
3453691,back view,后视图,,2018-03-21
3453692,back voltage,逆电压,,2018-03-21
3453693,back washing,逆洗,,2018-03-21
3453694,back wave,反向波,,2018-03-21
3453695,back wiring,背面布线,,2018-03-21
3453696,back-checking,返回校验,,2018-03-21
3453697,back-diffusion,逆扩散,,2018-03-21
3453698,back-emf,反电动势,,2018-03-21
3453699,back-lining,背衬,,2018-03-21
3453700,back-of-board wiring,盘后接线,,2018-03-21
3453701,back-off,补偿，拆开，撤离,,2018-03-21
3453702,back-out,旋出，逆序操作，退火,,2018-03-21
3453703,back-pressure manometer,后压测压计,,2018-03-21
3453704,back-roll,反绕，倒卷，重算,,2018-03-21
3453705,back-spin,反转，回旋,,2018-03-21
3453706,back-spin timer,反转时间继电器,,2018-03-21
3453707,back-to-back,背对背,,2018-03-21
3453708,back-to-back connection converters,背对背连接变换器,,2018-03-21
3453709,back-to-back method,反馈法,,2018-03-21
3453710,back-to-back mounting,背靠背安装,,2018-03-21
3453711,back-to-back running,背靠背运行,,2018-03-21
3453712,back-to-back starting,反向起动,,2018-03-21
3453713,back-to-back testing,背靠背试验,,2018-03-21
3453714,back-to-front ratio,正反比,,2018-03-21
3453715,back-twist,退扭,,2018-03-21
3453716,back-up,备用设备,,2018-03-21
3453717,back-up breaker,后备断路器,,2018-03-21
3453718,back-up device,备用装置,,2018-03-21
3453719,back-up frequency,辅助频率,,2018-03-21
3453720,back-up memory,后备存储器,,2018-03-21
3453721,back-up overspeed governer,附加超速保护装置,,2018-03-21
3453722,back-up protection relaying,后卫保护继电方式,,2018-03-21
3453723,back-up relaying,后备继电保护,,2018-03-21
3453724,back-up safety device,后备安全设备,,2018-03-21
3453725,back-up source,后备电源,,2018-03-21
3453726,back-up system,备援系统,,2018-03-21
3453727,back-wired panel,后面布线的面板,,2018-03-21
3453728,backbone,支柱，构架，主要成分,,2018-03-21
3453729,backbone route,基干线路,,2018-03-21
3453730,backdraught,倒转，反向通风,,2018-03-21
3453731,backer,支持物,,2018-03-21
3453732,backer pump,前级泵,,2018-03-21
3453733,backflash,逆闪络,,2018-03-21
3453734,background,背景，环境，基底,,2018-03-21
3453735,background exposure,本底照射,,2018-03-21
3453736,background ionization votage,基底电离电压,,2018-03-21
3453737,background monitor,本底监测器,,2018-03-21
3453738,background monitoring,本底监测,,2018-03-21
3453739,background noise,背景噪声,,2018-03-21
3453740,background radiation,背景辐射,,2018-03-21
3453741,background register,辅助寄存器,,2018-03-21
3453742,background return,背景反射信号,,2018-03-21
3453743,background voltage noise,基底电压噪声,,2018-03-21
3453744,background-noise level,背景噪声电平,,2018-03-21
3453745,backheating,回热，反加热,,2018-03-21
3453746,backing,底板，反向，增强,,2018-03-21
3453747,backing coil,反接线圈,,2018-03-21
3453748,backing material,衬底材料,,2018-03-21
3453749,backing memory,后备记忆体,,2018-03-21
3453750,backing ring,垫环,,2018-03-21
3453751,backing storage,辅助存储器,,2018-03-21
3453752,backing-off,退下，消除,,2018-03-21
3453753,backlash,后退，间隙,,2018-03-21
3453754,backlash current,间断电流,,2018-03-21
3453755,backpack transmitter,背负式发射机,,2018-03-21
3453756,backplate,信号板，背面板,,2018-03-21
3453757,backporch current,后边缘电流,,2018-03-21
3453758,backscatterer,反向散射体,,2018-03-21
3453759,backspace character,返回符号,,2018-03-21
3453760,backspace statement,返回语句,,2018-03-21
3453761,backstop,托架，挡住,,2018-03-21
3453762,backswing,反冲,,2018-03-21
3453763,backswing voltage,反向电压,,2018-03-21
3453764,backtracking,反馈,,2018-03-21
3453765,backup light,备用灯,,2018-03-21
3453766,backward,反向的,,2018-03-21
3453767,backward boost,制动， 制推 ，降压 ，降压器,,2018-03-21
3453768,backward channel,返回通道， 反向通道,,2018-03-21
3453769,backward crosstalk,后向串扰,,2018-03-21
3453770,backward current,逆向电流， 反向电流,,2018-03-21
3453771,backward diode,反向二极体,,2018-03-21
3453772,backward Euler,反向欧拉,,2021-05-24
3453773,backward feeding,返向馈电， 反向送料,,2018-03-21
3453774,backward flow,逆流， 回流,,2018-03-21
3453775,backward impedance,反向阻抗,,2018-03-21
3453776,backward lead,后移超前(电刷),,2018-03-21
3453777,backward phase component,反向相分量， 负序分量,,2018-03-21
3453778,backward position,反转位置， 回程位置,,2018-03-21
3453779,backward progression lap winding,反向叠绕组,,2018-03-21
3453780,backward progression winding,反向绕组,,2018-03-21
3453781,backward reading,反向读出,,2018-03-21
3453782,backward scatter propagation,后向散射传播,,2018-03-21
3453783,backward sequence,反向序负序,,2018-03-21
3453784,backward shift,后移位,,2018-03-21
3453785,backward shift operator,后移算子,,2018-03-21
3453786,backward signal,后向信号,,2018-03-21
3453787,backward torque,反向转矩,,2018-03-21
3453788,backward voltage,逆电压,,2018-03-21
3453789,backward wave,反向波,,2018-03-21
3453790,backward wave oscillation,反向波振荡,,2018-03-21
3453791,backward wave oscillator,回波振荡器,,2018-03-21
3453792,backward-acting decoder,后向解码器,,2018-03-21
3453793,backward-acting regulator,反向作用式调整器,,2018-03-21
3453794,backward-field impedance,反向[磁场]阻抗，负序[磁场]阻抗,,2018-03-21
3453795,backward-field torque,反向[磁场]转矩， 负序转矩,,2018-03-21
3453796,backward-forward counter,双向计数器,,2018-03-21
3453797,backward-order reactance,负序电抗,,2018-03-21
3453798,backward-rotating field,反向旋转磁场,,2018-03-21
3453799,backward-rotating wave,反向旋转波,,2018-03-21
3453800,backward-transfer signal,占线回声信号,,2018-03-21
3453801,backward-wave tube,回波管,,2018-03-21
3453802,backwater,回水，循环水,,2018-03-21
3453803,backwater curve,回水曲线,,2018-03-21
3453804,backwater effect,回水影响,,2018-03-21
3453805,backwater end of,终点,,2018-03-21
3453806,backwater gate,逆止阀,,2018-03-21
3453807,backwater length of,长度,,2018-03-21
3453808,bacteria,细菌,,2018-03-21
3453809,bactericidal effect,杀菌效果,,2018-03-21
3453810,bactericidal lamp,杀菌灯,,2018-03-21
3453811,bactericidal radiation,杀菌辐射,,2018-03-21
3453812,bad conductor,不良导体,,2018-03-21
3453813,bad contact,不良接触,,2018-03-21
3453814,bad earth,接地不良,,2018-03-21
3453815,bad shot,非同步投入,,2018-03-21
3453816,badge,标记,,2018-03-21
3453817,badge reader,标记阅读器,,2018-03-21
3453818,baffle,遮光板,,2018-03-21
3453819,baffle plate,隔板,,2018-03-21
3453820,baffle ring,挡环， 挡圈,,2018-03-21
3453821,baffle-board,隔板,,2018-03-21
3453822,baffler,阻尼器,,2018-03-21
3453823,bag dust filter,袋式滤尘器,,2018-03-21
3453824,bail,绳套，吊环，耳，卡钉，钩环，吊桶，戽斗,,2018-03-21
3453825,bailer,泥浆泵，抽泥筒，水斗，排水吊桶,,2018-03-21
3453826,bailing,抽汲，抽水，捞砂，提捞，用泥浆泵清理钻孔,,2018-03-21
3453827,Baily's furnace,退火电炉，贝利炉,,2018-03-21
3453828,bake,烘，焙，烤干，烧固,,2018-03-21
3453829,bake oven,烘箱，烘炉,,2018-03-21
3453830,bake-out,烘干，预热除气(真空元件抽气过程),,2018-03-21
3453831,baked carbon,炭精电极，碳极,,2018-03-21
3453832,baked winding,[经]烘干[的]绕组,,2018-03-21
3453833,bakelite,[绝缘]胶木， 酚醛塑料，电木,,2018-03-21
3453834,bakelite plate,胶木板,,2018-03-21
3453835,bakelite powder,胶木粉，电木粉,,2018-03-21
3453836,bakelite tube,胶木管，电木管,,2018-03-21
3453837,bakelite wedge,胶木槽楔,,2018-03-21
3453838,bakelite-cover porcelain-base knife switch,胶盖瓷底闸刀开关,,2018-03-21
3453839,bakelized paper,电木纸，胶木纸,,2018-03-21
3453840,bakeout furnace,烘炉，烘箱,,2018-03-21
3453841,bakeout temperature,烘烤温度,,2018-03-21
3453842,baker,烘炉，烘干器,,2018-03-21
3453843,baking coal,粘结煤，结焦煤,,2018-03-21
3453844,baking dry,烘干,,2018-03-21
3453845,baking dry varnish,烘干清漆,,2018-03-21
3453846,baking varnish,热干燥漆，烘漆，烤漆,,2018-03-21
3453847,balance,平衡，对称，天平秤,,2018-03-21
3453848,balance business systems (BBS),营业结算系统,,2018-03-21
3453849,balance coil,平衡线圈,,2018-03-21
3453850,balance current,平衡电流,,2018-03-21
3453851,balance field rheostat,均压机励磁分流电阻,,2018-03-21
3453852,balance indicator,平衡指示器,,2018-03-21
3453853,balance level,水准仪,,2018-03-21
3453854,balance load,平衡负载,,2018-03-21
3453855,balance node,平衡节点,,2018-03-21
3453856,balance of voltage,电压平衡,,2018-03-21
3453857,balance out,中和,,2018-03-21
3453858,balance phase control,相位平衡控制,,2018-03-21
3453859,balance piece,平衡块,,2018-03-21
3453860,balance pit,平衡坑,,2018-03-21
3453861,balance point,平衡点,,2018-03-21
3453862,balance relay,平衡继电器,,2018-03-21
3453863,balance return loss,均衡回流损失,,2018-03-21
3453864,balance set,平衡机组,,2018-03-21
3453865,balance spring,平衡弹簧,,2018-03-21
3453866,balance test,平衡试验,,2018-03-21
3453867,balance transformer,平衡变压器,,2018-03-21
3453868,balance voltage,平衡电压,,2018-03-21
3453869,balance weight,平衡重量，平衡锤，平衡块,,2018-03-21
3453870,balance wheel,摆轮，平衡轮,,2018-03-21
3453871,balance-transformer,平衡变压器,,2018-03-21
3453872,balance-type potentiometer,平衡式电位计,,2018-03-21
3453873,balanced,平衡，均衡,,2018-03-21
3453874,balanced 3-phase voltage,平衡三相电压,,2018-03-21
3453875,balanced amplifier,平衡放大器,,2018-03-21
3453876,balanced armature,平衡衔铁，平衡电枢,,2018-03-21
3453877,balanced armature relay,平衡衔铁电驿,,2018-03-21
3453878,balanced array,平衡阵列,,2018-03-21
3453879,balanced bridge,平衡电桥,,2018-03-21
3453880,balanced cable,平衡电缆,,2018-03-21
3453881,balanced capacitance,平衡电容,,2018-03-21
3453882,balanced circuit,平衡电路,,2018-03-21
3453883,balanced converter,平衡式转换器,,2018-03-21
3453884,balanced current,平衡电流,,2018-03-21
3453885,balanced current relay,平衡电流继电器,,2018-03-21
3453886,balanced current relaying,平衡电流继电保护系统,,2018-03-21
3453887,balanced deflection,对称偏转,,2018-03-21
3453888,balanced demodulator,平衡解调器,,2018-03-21
3453889,balanced detector,平衡检波器,,2018-03-21
3453890,balanced draft,平衡通风,,2018-03-21
3453891,balanced erection,平衡装备,,2018-03-21
3453892,balanced error,平均误差,,2018-03-21
3453893,balanced excitation,平衡励磁,,2018-03-21
3453894,balanced feeder,平衡馈线,,2018-03-21
3453895,balanced force relay,平衡力继电器,,2018-03-21
3453896,balanced frequence converter,平衡式频率变换器,,2018-03-21
3453897,balanced line,平衡线路,,2018-03-21
3453898,balanced line system,平衡线路系统,,2018-03-21
3453899,balanced load,平衡负载,,2018-03-21
3453900,balanced method,平衡法,,2018-03-21
3453901,balanced modulator,平衡调变器,,2018-03-21
3453902,balanced oscillator,平衡式振荡器,,2018-03-21
3453903,balanced pair,平衡线对,,2018-03-21
3453904,balanced periodic quantity,平衡周期量,,2018-03-21
3453905,balanced phase,平衡相[位]，对称相[位],,2018-03-21
3453906,balanced polyphase current,平衡多相电流,,2018-03-21
3453907,balanced polyphase load,对称多相负载，平衡多相负载,,2018-03-21
3453908,balanced polyphase system,平衡多相制，平衡多相系统,,2018-03-21
3453909,balanced protective system,平衡保护系统，差动保护系统,,2018-03-21
3453910,balanced relay,平衡继电器，差动继电器,,2018-03-21
3453911,balanced state,均衡环,,2018-03-21
3453912,balanced structure,平衡结构,,2018-03-21
3453913,balanced supply,平衡电源,,2018-03-21
3453914,balanced system,平衡系统,,2018-03-21
3453915,balanced three-phase current,平衡三相电流,,2018-03-21
3453916,balanced three-phase load,平衡三相负载,,2018-03-21
3453917,balanced three-phase system,平衡三相系统,,2018-03-21
3453918,balanced three-phase voltage,平衡三相电压,,2018-03-21
3453919,balanced three-wire circuit,平衡式三线回路,,2018-03-21
3453920,balanced transformer,平衡变压器,,2018-03-21
3453921,balanced transmission line,平衡传输线，对称输电线,,2018-03-21
3453922,balanced vane relay,平衡叶片式继电器,,2018-03-21
3453923,balanced voltage,平衡电压,,2018-03-21
3453924,balanced winding,平衡线组,,2018-03-21
3453925,balanced-beam relay,平衡型继电器,,2018-03-21
3453926,balanced-filter,平衡滤波器,,2018-03-21
3453927,balanced-load meter,平衡负载仪表,,2018-03-21
3453928,balanced-to-ground,对地平衡的,,2018-03-21
3453929,balanced-to-unbalanced transformer,平衡-不平衡转换器,,2018-03-21
3453930,balanced-to-unbalanced unit,平衡-不平衡转换装置,,2018-03-21
3453931,balanced-unbalanced transformer,平衡-不平衡变压器,,2018-03-21
3453932,balancer,平衡器,,2018-03-21
3453933,balancer set,平衡机(组),,2018-03-21
3453934,balancer-booster,均压机-增压机,,2018-03-21
3453935,balancing,对称， 平衡，补偿，定零装置,,2018-03-21
3453936,balancing antenna,除干扰天线，平衡天线,,2018-03-21
3453937,balancing battery,浮充电池组，补偿电池,,2018-03-21
3453938,balancing capacity,平衡容量,,2018-03-21
3453939,balancing cell,附加电池 ，反压电池,,2018-03-21
3453940,balancing coil,平衡线圈,,2018-03-21
3453941,balancing condenser,平衡调相机，补偿电容器,,2018-03-21
3453942,balancing connection,均压连接(电机的),,2018-03-21
3453943,balancing current transformer,平衡变流器，平衡电流互感器,,2018-03-21
3453944,balancing dynamo,平衡发电机,,2018-03-21
3453945,balancing flux,平衡磁通,,2018-03-21
3453946,balancing hole,平衡孔,,2018-03-21
3453947,balancing illumination,均匀照明,,2018-03-21
3453948,balancing loss,平衡损耗，失配损耗,,2018-03-21
3453949,balancing machine,平衡[试验]机,,2018-03-21
3453950,balancing network,平衡网络,,2018-03-21
3453951,balancing pit,平衡[试验]坑,,2018-03-21
3453952,balancing pressure,平衡压力,,2018-03-21
3453953,balancing reactor,平衡电抗器,,2018-03-21
3453954,balancing relay,平衡电驿,,2018-03-21
3453955,balancing rheostat,平衡变阻器,,2018-03-21
3453956,balancing ring,平衡环，均压环(电机),,2018-03-21
3453957,balancing speed,均衡速度，稳定速度,,2018-03-21
3453958,balancing stand,平衡架，平衡台,,2018-03-21
3453959,balancing tank,平衡箱，平衡槽,,2018-03-21
3453960,balancing test,平衡试验,,2018-03-21
3453961,balancing weight,平衡重量，配重,,2018-03-21
3453962,balata,巴拉塔[树]胶,,2018-03-21
3453963,bale,包，捆,,2018-03-21
3453964,bale of wire,线束,,2018-03-21
3453965,bale press,打包机,,2018-03-21
3453966,balitron,稳定负阻特性电子管,,2018-03-21
3453967,balk,故障,,2018-03-21
3453968,ball adapter,球形连接器,,2018-03-21
3453969,ball and socket type,球窝型(悬垂绝缘体)[Suspension insulator],,2018-03-21
3453970,ball bearing,球轴承,,2018-03-21
3453971,ball check valve,球形止回阀,,2018-03-21
3453972,ball cock,浮球阀,,2018-03-21
3453973,ball crusher,球磨机,,2018-03-21
3453974,ball electrolyte tester,色球式电解液检验器,,2018-03-21
3453975,ball end,球端,,2018-03-21
3453976,ball grinding mill,球磨机,,2018-03-21
3453977,ball hardness testing machine,布式硬度试验机,,2018-03-21
3453978,ball insulator,球形绝缘体,,2018-03-21
3453979,ball lamp,球型灯泡,,2018-03-21
3453980,ball lightning,球形放电,,2018-03-21
3453981,ball mill,球磨机，用球磨机磨碎，球磨,,2018-03-21
3453982,ball race,滚珠轴承坐圈，滚道,,2018-03-21
3453983,ball relief valve,安全球阀，球形安全阀,,2018-03-21
3453984,ball safety valve,球形安全阀,,2018-03-21
3453985,ball spark-gap,球形火花,,2018-03-21
3453986,ball valve,球阀,,2018-03-21
3453987,ball-and-socket joint,方向接头,,2018-03-21
3453988,ball-bearing motor,滚珠轴承电动机,,2018-03-21
3453989,ball-ended magnet,圆头形磁铁,,2018-03-21
3453990,ballast,安定器,,2018-03-21
3453991,ballast coil,安定线圈,,2018-03-21
3453992,ballast lamp,稳流灯,,2018-03-21
3453993,ballast lumen factor,安定器光流明因数,,2018-03-21
3453994,ballast resistance,安定电阻,,2018-03-21
3453995,ballast resistor,安定电阻器,,2018-03-21
3453996,ballast tube,定流管,,2018-03-21
3453997,ballistic,弹道学的,,2018-03-21
3453998,ballistic breaker,快速断路器,,2018-03-21
3453999,ballistic constant,冲击常数,,2018-03-21
3454000,ballistic electrodynamometer,冲击电测力计,,2018-03-21
3454001,ballistic electrometer,冲击静电计,,2018-03-21
3454002,ballistic galvanometer,冲击电流计,,2018-03-21
3454003,ballistic throw,冲(击)幅,,2018-03-21
3454004,ballometer,雾[粒]电[荷]计,,2018-03-21
3454005,balloon,气球,,2018-03-21
3454006,balopticon,投影放大器,,2018-03-21
3454007,balun,平衡-不平衡转换器,,2018-03-21
3454008,bambardment,轰击，辐照，辐射,,2018-03-21
3454009,bamboo,竹，竹材,,2018-03-21
3454010,bamboo wedge,竹槽楔,,2018-03-21
3454011,banana jack,香蕉[插头的]塞孔，香蕉[插头的]插孔,,2018-03-21
3454012,banana oil,香蕉水,,2018-03-21
3454013,banana plug,香蕉型插头,,2018-03-21
3454014,banana tube,长筒形单枪阳极射线彩色显象管，香蕉形显象管,,2018-03-21
3454015,band,段，带，频带，波段,,2018-03-21
3454016,band brake,带式制动器,,2018-03-21
3454017,band conveyer,带式运送机,,2018-03-21
3454018,band elimination filter,除(频)带滤波器,,2018-03-21
3454019,band filter,带式滤波器,,2018-03-21
3454020,band lightning,带状闪电,,2018-03-21
3454021,band loss,绑线损耗,,2018-03-21
3454022,band microphone,带式传声器,,2018-03-21
3454023,band model,能带模型,,2018-03-21
3454024,band of regulated voltage,调整电压范围,,2018-03-21
3454025,band origin,谱带基线,,2018-03-21
3454026,band pass,带通,,2018-03-21
3454027,band pass filter,通(频)带滤波器,,2018-03-21
3454028,band polishing machine,带式抛光机,,2018-03-21
3454029,band saw,带锯,,2018-03-21
3454030,band saw machine,带锯机,,2018-03-21
3454031,band selector,波段选择器,,2018-03-21
3454032,band spectrum,带谱,,2018-03-21
3454033,band spread,频带展宽，波段展开，频带扩展,,2018-03-21
3454034,band spread receiver,带展接收机,,2018-03-21
3454035,band steel,带钢,,2018-03-21
3454036,band stop filter,带阻滤波器,,2018-03-21
3454037,band switch,波段[转换]开关,,2018-03-21
3454038,band theory,能带理论,,2018-03-21
3454039,band transformer,波段变压器,,2018-03-21
3454040,band width,[频]带宽,,2018-03-21
3454041,band-armoured cable,钢带铠装电缆,,2018-03-21
3454042,band-block filter circuit,带阻滤波器电路,,2018-03-21
3454043,band-limited spectrum,限带频谱,,2018-03-21
3454044,band-pass transformer,带通滤波器,,2018-03-21
3454045,band-rejection filter,带阻滤波器,,2018-03-21
3454046,band-separation network,频带分离网路,,2018-03-21
3454047,band-suppression filter,带阻滤波器,,2018-03-21
3454048,bandage,绑箍，包带，绑带，绑线，绑扎,,2018-03-21
3454049,bandgap narrowing,能带隙缩窄,,2018-03-21
3454050,banding,绑线,,2018-03-21
3454051,banding insulation,绑带绝缘,,2018-03-21
3454052,banding ring,绑环,,2018-03-21
3454053,banding wire,包扎线,,2018-03-21
3454054,bandspreader,频带扩展[微调]电容器(或电感器等),,2018-03-21
3454055,bandwidth,频宽,,2018-03-21
3454056,bandwidth amplifier,频带放大器，带宽放大器,,2018-03-21
3454057,bandwidth expansion ratio,频带展宽比,,2018-03-21
3454058,bandy,曲折的，带状的 ，曲线,,2018-03-21
3454059,bang,冲击[声]，啪[声] ，脉冲(回声探测仪的),,2018-03-21
3454060,bang-bang control,砰砰控制机构(伺服系统的)，同 ON-OFF 控制　,,2018-03-21
3454061,banjo fixing,关开式控制，起停控制，继电控制(模拟计算机通过砰-砰电路进行程序控制),,2018-03-21
3454062,bank,组合，存储单元 ， 触排， 坡度,,2018-03-21
3454063,bank cable,多心电缆，线弧电缆(选择器架),,2018-03-21
3454064,bank multiple cable,线弧复式电缆,,2018-03-21
3454065,bank of capacitors,电容器组,,2018-03-21
3454066,bank of coils,线圈组,,2018-03-21
3454067,bank of condensers,电容器组,,2018-03-21
3454068,bank of contacts,接点排,,2018-03-21
3454069,bank of rod,触排棒,,2018-03-21
3454070,bank of supporter,触排支架,,2018-03-21
3454071,bank of tail,触排尾,,2018-03-21
3454072,bank of terminal,触排端子,,2018-03-21
3454073,bank of transformers,变压器组,,2018-03-21
3454074,bank winding,多层连续线组,,2018-03-21
3454075,bank wiring,触排布线(电话交换台的),,2018-03-21
3454076,bank-up water level,回水位,,2018-03-21
3454077,bank-wound coil,多层连续线圈，叠层线圈,,2018-03-21
3454078,banked,侧倾的，倾斜的，筑有堤的，堆成堤状的 ，排成一行的，成组的,,2018-03-21
3454079,banked battery,蓄电池组，开联电池组,,2018-03-21
3454080,banked boiler,热备用锅炉,,2018-03-21
3454081,banked distribution transformers,配电变压器组,,2018-03-21
3454082,banked operation,互联运用,,2018-03-21
3454083,banked radiators,散热器组,,2018-03-21
3454084,banked relay,继电器组,,2018-03-21
3454085,banked secondaries,配电变压器组的二次网,,2018-03-21
3454086,banked secondary system,二次并联系统,,2018-03-21
3454087,banked winding,叠层线圈,,2018-03-21
3454088,banked-up water,壅水,,2018-03-21
3454089,Banki turbine,斑克式水轮机,,2018-03-21
3454090,banking,封炉,,2018-03-21
3454091,banking of distribution transformers,配电变压器组,,2018-03-21
3454092,banner,标签， 旗帜,,2018-03-21
3454093,bantam tube,小型[电子]管,,2018-03-21
3454094,bar,条，线棒， 导条， 汇流条 ，铀块(反应器)， 巴(气压单位， 105帕),,2018-03-21
3454095,bar and yoke,棒磁试验法,,2018-03-21
3454096,bar armor,线棒保护层，线棒保护带,,2018-03-21
3454097,bar chart,直方图，矩形图，频率图，频率曲线,,2018-03-21
3454098,bar code,条形码,,2018-03-21
3454099,bar copper wire,铜条，铜棒,,2018-03-21
3454100,bar core,铁心棒,,2018-03-21
3454101,bar coupler,母线联络开关,,2018-03-21
3454102,bar generator,条产生器，条形发电机,,2018-03-21
3454103,bar insulation,线棒绝缘,,2018-03-21
3454104,bar magnet,磁棒，条形磁铁,,2018-03-21
3454105,bar pattern,线条形图形(电视),,2018-03-21
3454106,bar pressure,大气压力,,2018-03-21
3454107,bar primary,条形一次缠组,,2018-03-21
3454108,bar relay,棒式继电器,,2018-03-21
3454109,bar shearing machine,剪条机,,2018-03-21
3454110,bar steel,条钢，棒钢,,2018-03-21
3454111,bar-and-dot generator,点划发生器,,2018-03-21
3454112,bar-conductor insulation,导条绝缘，线棒绝缘,,2018-03-21
3454113,bar-coupling panel,母线联络控制屏，母线控制屏,,2018-03-21
3454114,bar-solder,焊条,,2018-03-21
3454115,bar-to-bar test,[换向片]片间试验(检验片间缠组的正确性),,2018-03-21
3454116,bar-to-bar voltage,[换向器]片间电压,,2018-03-21
3454117,bar-to-bar voltage peak,片间最高电压(换向器的),,2018-03-21
3454118,bar-type current transformer,条形比流器,,2018-03-21
3454119,bar-type winding,条形绕组，棒形绕组,,2018-03-21
3454120,bar-wound armature,条缠电枢，杆式缠组电枢,,2018-03-21
3454121,barb,毛刺，毛边，倒刺，去毛刺,,2018-03-21
3454122,barb bolt,棘螺栓，地脚螺栓，基础螺栓，双端螺栓,,2018-03-21
3454123,barbed wire,铁蒺藜铁丝，刺铁丝,,2018-03-21
3454124,bare,裸的，赤露的 ，空的，无设备的，无反射层,,2018-03-21
3454125,bare bar copper,裸铜条,,2018-03-21
3454126,bare bus-bar,裸母线，裸汇流排,,2018-03-21
3454127,bare conductor,裸导体,,2018-03-21
3454128,bare copper drain wire,裸铜屏蔽线,,2018-03-21
3454129,bare copper winding,裸铜绕组,,2018-03-21
3454130,bare copper wire,裸铜线,,2018-03-21
3454131,bare core,裸堆心,,2018-03-21
3454132,bare electrode,裸电极,,2018-03-21
3454133,bare fuel element,无包壳燃料元件,,2018-03-21
3454134,bare motor,无配件电动机,,2018-03-21
3454135,bare nucleon,裸核子,,2018-03-21
3454136,bare nucleus,裸核,,2018-03-21
3454137,bare pipe,裸管,,2018-03-21
3454138,bare pole,裸磁极,,2018-03-21
3454139,bare strap copper,裸铜带,,2018-03-21
3454140,bare weight,空重,,2018-03-21
3454141,bare wire,裸线,,2018-03-21
3454142,bare-strap coil,裸扁线线圈,,2018-03-21
3454143,bared turn,裸线线匝,,2018-03-21
3454144,barette,短光带,,2018-03-21
3454145,baric,含钡的,,2018-03-21
3454146,barite,重晶石,,2018-03-21
3454147,barium,钡,,2018-03-21
3454148,barium chloride,氯化钡,,2018-03-21
3454149,barium crown glass,钠钙玻璃,,2018-03-21
3454150,barium discharger,钡放电器,,2018-03-21
3454151,barium sulphate,硫酸钡,,2018-03-21
3454152,barium titanate,钛化钡,,2018-03-21
3454153,barium-oxide-coated cathode,涂氧化钡阴极,,2018-03-21
3454154,bark-stripping machine,剥皮机,,2018-03-21
3454155,Barkhausen effect,巴克豪生效应,,2018-03-21
3454156,Barkhausen's formula,巴克豪森公式,,2018-03-21
3454157,Barkhausen-Kurz oscillation,巴克豪生-库尔兹振荡,,2018-03-21
3454158,Barkhausen-Kurz valve,具有制动电场的三极体，巴克豪森-库尔兹电子管,,2018-03-21
3454159,barlane picture transmission,穿孔纸带图象传输系统,,2018-03-21
3454160,barmatic,棒料自动送进装置,,2018-03-21
3454161,barn,靶[恩](核截面单位，等于10-24平方厘米),,2018-03-21
3454162,Barnett effect,巴尼特效应(铁磁物质高速旋转时的磁化),,2018-03-21
3454163,baro,气压表，气压[计]的,,2018-03-21
3454164,baro thermograph,[气]压温[度]记录器，气压温度计,,2018-03-21
3454165,baroceptor,气压传感器，气压敏感元件,,2018-03-21
3454166,barodynamics,重型结构力学，,,2018-03-21
3454167,barometer,气压计， 气压表,,2018-03-21
3454168,barometer condenser,气压式冷凝器,,2018-03-21
3454169,barometer pressure,[气压]表压力,,2018-03-21
3454170,barometric correction factor,气压校正系数,,2018-03-21
3454171,barometric fluctuation,气压变动,,2018-03-21
3454172,barometric pressure,[气压]表压力,,2018-03-21
3454173,barometric switch,气压开关,,2018-03-21
3454174,barostat,恒压器 ，气压调节器,,2018-03-21
3454175,baroswitch,气压开关,,2018-03-21
3454176,barrage,拦河闸堰，堰坝 ，阻塞，遮断,,2018-03-21
3454177,barrage jamming,阻塞干扰， 全波段干扰， 抑制干扰,,2018-03-21
3454178,barrage receiver,双天线抗干扰接收机,,2018-03-21
3454179,barratron,非稳定波形磁控管,,2018-03-21
3454180,barrel,桶形失真,,2018-03-21
3454181,barrel distortion,桶形失真,,2018-03-21
3454182,barrel switch,鼓形并联,,2018-03-21
3454183,barrel winding,桶形绕组,,2018-03-21
3454184,barrel-shaped generator,圆筒形发电机,,2018-03-21
3454185,barretter,稳流管,,2018-03-21
3454186,barretter bridge,镇流电阻器电桥,,2018-03-21
3454187,barretter resistance,镇流管电阻,,2018-03-21
3454188,barricade,阻栅(外线工具)，隔板,,2018-03-21
3454189,barrier,障壁，障碍物,,2018-03-21
3454190,barrier diffusion,穿过隔板的扩散,,2018-03-21
3454191,barrier effect,障碍效应,,2018-03-21
3454192,barrier factor,障碍穿透因数,,2018-03-21
3454193,barrier frequency,截止频率,,2018-03-21
3454194,barrier function,障碍函数,,2018-03-21
3454195,barrier grid,制动栅,,2018-03-21
3454196,barrier height,障碍高度,,2018-03-21
3454197,barrier insulation,隔板绝缘,,2018-03-21
3454198,barrier layer,障壁层,,2018-03-21
3454199,barrier layer capacitance,阻挡层电容,,2018-03-21
3454200,barrier layer cell,障层光电管，障层光电池,,2018-03-21
3454201,barrier layer condenser,阻挡层电容器,,2018-03-21
3454202,barrier layer photocell,阻挡层光电管,,2018-03-21
3454203,barrier potential,位垒，势垒,,2018-03-21
3454204,barrier resistance,阻挡层整流,,2018-03-21
3454205,barrier-film rectifier,阻挡膜整流器,,2018-03-21
3454206,barrier-layer rectifier,阻挡层整流器,,2018-03-21
3454207,barring,盘车，起动 ，阻碍，挡住,,2018-03-21
3454208,barring engine,盘车引擎，盘车发动机,,2018-03-21
3454209,barring gear,盘车装置,,2018-03-21
3454210,barring hole,盘车孔(电机转子的),,2018-03-21
3454211,barring motor,盘车电动机,,2018-03-21
3454212,barring speed,盘车速度,,2018-03-21
3454213,barring traffic,封锁交通,,2018-03-21
3454214,barrow,手[推]车，放线车,,2018-03-21
3454215,barycenter,重心，质[量中]心,,2018-03-21
3454216,barye,微巴(CGS制中的压力强度单位，等于1 达因/平方厘米)，微巴(声声压单位),,2018-03-21
3454217,baryon,重子(核子或超子)，重粒子,,2018-03-21
3454218,baryta,氧化钡,,2018-03-21
3454219,barytes concrete,重晶石混凝土,,2018-03-21
3454220,barytes-limonite concrete,重晶石褐铁矿混凝土,,2018-03-21
3454221,barytron,介子,,2018-03-21
3454222,basal plane,底面,,2018-03-21
3454223,basal principle,基本原理,,2018-03-21
3454224,base,基座,,2018-03-21
3454225,base active power,基底有效功率,,2018-03-21
3454226,base address,基地值,,2018-03-21
3454227,base adjuster,基底调节器,,2018-03-21
3454228,base alternating voltage,基底交流电压,,2018-03-21
3454229,base ambient temperature,基础环境温度,,2018-03-21
3454230,base apparent power,基底视在功率,,2018-03-21
3454231,base bias bleeder circuit,基极分压电路,,2018-03-21
3454232,base bulk resistance,基极大电阻,,2018-03-21
3454233,base charge,基极电荷,,2018-03-21
3454234,base collector,基极集电极,,2018-03-21
3454235,base complement,基数的补数,,2018-03-21
3454236,base consumption of life,寿命的基本消耗,,2018-03-21
3454237,base current,基极电流,,2018-03-21
3454238,base data,基本资料,,2018-03-21
3454239,base defect,基极不良,,2018-03-21
3454240,base drive,基极驱动,,2018-03-21
3454241,base earth,基极接地,,2018-03-21
3454242,base electrode,基极电极,,2018-03-21
3454243,base endshield,座式端盖(电机的),,2018-03-21
3454244,base exchangeable ions,碱交换离子,,2018-03-21
3454245,base excitation,基本励磁,,2018-03-21
3454246,base field,基本磁场,,2018-03-21
3454247,base flow,基本流量,,2018-03-21
3454248,base frame,底座,,2018-03-21
3454249,base frequency,基本频率,,2018-03-21
3454250,base hum,基极交流声，基极哼声,,2018-03-21
3454251,base impedance,基本阻抗(基本电压除以坴本电流),,2018-03-21
3454252,base insulator,支柱绝缘子， 托脚绝缘子,,2018-03-21
3454253,base leakage,管座漏电,,2018-03-21
3454254,base level,基本位准，基准面,,2018-03-21
3454255,base lighting-load,基本照明负载,,2018-03-21
3454256,base load,基本负载,,2018-03-21
3454257,base load control,基[底负]荷控制,,2018-03-21
3454258,base load power station,基载电厂,,2018-03-21
3454259,base load unit,基荷机组,,2018-03-21
3454260,base map,工作草图,,2018-03-21
3454261,base metal,基底金属,,2018-03-21
3454262,base minus one's complement,反码,,2018-03-21
3454263,base modulation circuit,基极调变回路,,2018-03-21
3454264,base notation,基数表示法,,2018-03-21
3454265,base packer,底板垫塞物,,2018-03-21
3454266,base pin,管脚,,2018-03-21
3454267,base plate,底板，座板,,2018-03-21
3454268,base power,基本功率,,2018-03-21
3454269,base quantity,基础量,,2018-03-21
3454270,base reference potential,基极参考电位,,2018-03-21
3454271,base region,基极区,,2018-03-21
3454272,base register,基地址寄存器,,2018-03-21
3454273,base resin,基本树脂,,2018-03-21
3454274,base resistance,基极电阻,,2018-03-21
3454275,base ring,底环,,2018-03-21
3454276,base shell,管座外壳,,2018-03-21
3454277,base speed,额定同步转速,,2018-03-21
3454278,base support equipment,主要辅助设备,,2018-03-21
3454279,base value,基值,,2018-03-21
3454280,base voltage,基本电压(交流电机的额定相电压)， 基极电压,,2018-03-21
3454281,base width,基极宽度,,2018-03-21
3454282,base width modulation,基极宽度调变,,2018-03-21
3454283,base-emitter,基极-发射极,,2018-03-21
3454284,base-lead resistance,基极引线电阻,,2018-03-21
3454285,base-load electric station,基载[发]电站， 基底负载发电厂,,2018-03-21
3454286,base-load generator,基载发电机， 基底负载发电厂,,2018-03-21
3454287,base-load hydro-plant,基载水电站， 基底负载水电站,,2018-03-21
3454288,base-load operation,基载运行， 基底负载运行,,2018-03-21
3454289,base-load plant,基载发电厂， 基荷电站,,2018-03-21
3454290,base-load powerstation,基底负载发电厂，基荷电站,,2018-03-21
3454291,base-load supply,基载电源,,2018-03-21
3454292,base-metal thermocouple,基金属热电偶,,2018-03-21
3454293,baseball computer program,自动答问计算程序,,2018-03-21
3454294,baseband,基带,,2018-03-21
3454295,baseless,无基础的，管座的,,2018-03-21
3454296,baseline,1.基线2.时基线3.扫描行,,2018-03-21
3454297,basement,底座,,2018-03-21
3454298,basetone loudspeaker,低音扬声器,,2018-03-21
3454299,basic,基本， 基础，碱性，一种计算机语言,,2018-03-21
3454300,basic access method,基本取数法， 基本存取法,,2018-03-21
3454301,basic amplitude,基本振幅,,2018-03-21
3454302,basic apparent power,基本视在功率,,2018-03-21
3454303,basic block,基本[程序]块,,2018-03-21
3454304,basic bore,基孔[制],,2018-03-21
3454305,basic capacity,基本容量，基本功率,,2018-03-21
3454306,basic capital construction,基本建设,,2018-03-21
3454307,basic category,基本类型,,2018-03-21
3454308,basic charge as per installed capacity,基本电费(按装备量计算),,2018-03-21
3454309,basic circuit,基本线路图，原理电路图，主结线,,2018-03-21
3454310,basic code,机器[代]码， 绝对[代]码， 基本[代]码,,2018-03-21
3454311,basic coding,基本编码， 绝对编码,,2018-03-21
3454312,basic data,基本数据， 原始资料,,2018-03-21
3454313,basic feasible solution,基本可行解,,2018-03-21
3454314,basic frequency,基本频率， 主频率,,2018-03-21
3454315,basic group,碱性基， 碱性原子团,,2018-03-21
3454316,basic harmonic,基波， 基本谐波,,2018-03-21
3454317,basic hole system,基孔制,,2018-03-21
3454318,basic impulse insulation level,基准冲击绝缘水平，基本冲击绝缘水平,,2018-03-21
3454319,basic impulse level (BIL),基本脉冲绝缘位准,,2018-03-21
3454320,basic ion,阴离子， 正离子，碱离子,,2018-03-21
3454321,basic load,基本负载， 基[本负]荷,,2018-03-21
3454322,basic material,碱性材料，原料,,2018-03-21
3454323,basic multiprogramming system,基本多道程序系统,,2018-03-21
3454324,basic operator applications (BOA),基本操作功能,,2018-03-21
3454325,basic power,基本功率,,2018-03-21
3454326,basic power source,基本能源,,2018-03-21
3454327,basic pulse,基本脉波,,2018-03-21
3454328,basic rectifier concepts,基本整流器观念,,2018-03-21
3454329,basic research,基础研究,,2018-03-21
3454330,basic scheme,主结线,,2018-03-21
3454331,basic shaft,主轴,,2018-03-21
3454332,basic shaft system,基轴系统,,2018-03-21
3454333,basic statement,基本语句,,2018-03-21
3454334,basic structure,基本结构,,2018-03-21
3454335,basic time,基本时限,,2018-03-21
3454336,basic units,基本单位,,2018-03-21
3454337,basic value,基值,,2018-03-21
3454338,basic wave current,基波电流,,2018-03-21
3454339,basicity,碱度， 碱性， 基性度,,2018-03-21
3454340,basin,流域,,2018-03-21
3454341,basis,基底,,2018-03-21
3454342,basket coil,篮形线圈,,2018-03-21
3454343,basket winding,篮形线组,,2018-03-21
3454344,basket-wound coil,篮形线圈,,2018-03-21
3454345,bass boost,低音频放大,,2018-03-21
3454346,bass compensation,低音补偿,,2018-03-21
3454347,bastard ALGOL,变形的ALGOL,,2018-03-21
3454348,Bastian meter,电解液安时表,,2018-03-21
3454349,basylous element,咸性元素,,2018-03-21
3454350,bat-handle switch,铰链式开关， 手柄开关,,2018-03-21
3454351,bat-wing antenna,蝙蝠翼天线,,2018-03-21
3454352,batch,分批， 批料，分批法,,2018-03-21
3454353,batch data processing,成批数据处理,,2018-03-21
3454354,batch ion exchange,周期离子交换， 间歇离子交奂,,2018-03-21
3454355,batch number,批号,,2018-03-21
3454356,batch pile,材料储备[量],,2018-03-21
3454357,batch process,分批法,,2018-03-21
3454358,batch processing,成批处理， 成批加工,,2018-03-21
3454359,batch servers,批次伺服器,,2018-03-21
3454360,batch total,程序组总计， 选组总数， 成批总数,,2018-03-21
3454361,batch-production,成批生产,,2018-03-21
3454362,batch-type,分批式， 间歇式,,2018-03-21
3454363,batch-weighted,按重量配合的， 重量法配料的,,2018-03-21
3454364,batcher,配料器， 进料量斗， 投配器， 计量给料器,,2018-03-21
3454365,batching,配料，分批， 分类， 分选，记录分组(计算机的),,2018-03-21
3454366,batching by volume,容积配料法,,2018-03-21
3454367,batching counter,选组计数器， 剂量计数器,,2018-03-21
3454368,bath composition,电解液成分， 熔体成分,,2018-03-21
3454369,bath lubrication,油浴润滑,,2018-03-21
3454370,bath method,浸泡法， 浴测法,,2018-03-21
3454371,bath of mercury,水银槽,,2018-03-21
3454372,bath solution,电解液,,2018-03-21
3454373,bath voltage,浴电压，电解槽中阴阳极间的电压，槽电压,,2018-03-21
3454374,bath-tub curve,浴缸型曲线,,2018-03-21
3454375,bathe,浴， 浸， 泡 ，充满(光线等)， 沉浸,,2018-03-21
3454376,batholith,岩磐,,2018-03-21
3454377,bathometer,水深测量器， 深海测深仪,,2018-03-21
3454378,bathtub capacitor,金属壳纸质电容器,,2018-03-21
3454379,batiste tape,细棉布带,,2018-03-21
3454380,batten,同位穿孔,,2018-03-21
3454381,batten check,同位穿孔检验,,2018-03-21
3454382,batter,倾斜度,,2018-03-21
3454383,battery,电池组，电池,,2018-03-21
3454384,battery acid,电池酸液,,2018-03-21
3454385,battery backup module,电池备用组件,,2018-03-21
3454386,battery booster,充电调压器,,2018-03-21
3454387,battery capacity,电池容量,,2018-03-21
3454388,battery car,蓄电池车,,2018-03-21
3454389,battery cell,蓄电池组电池,,2018-03-21
3454390,battery charger,蓄电池充电器,,2018-03-21
3454391,battery charging,电池充电,,2018-03-21
3454392,battery clock,电池钟,,2018-03-21
3454393,battery commutator,电池换向器,,2018-03-21
3454394,battery cutout,电池断流器,,2018-03-21
3454395,battery dialling,电池拨号,,2018-03-21
3454396,battery drive,电池驱动,,2018-03-21
3454397,battery driven motor,蓄电池供电电动机,,2018-03-21
3454398,battery eliminator,代电池,,2018-03-21
3454399,battery excited generator,蓄电池励磁发电机,,2018-03-21
3454400,battery ignition,蓄电池点火,,2018-03-21
3454401,battery indication,电池表示,,2018-03-21
3454402,battery insulator,蓄电池绝缘子,,2018-03-21
3454403,battery jar,电瓶,,2018-03-21
3454404,battery meter,电池安时计,,2018-03-21
3454405,battery of capacitors,电容器组,,2018-03-21
3454406,battery overcharge,电池过量充电,,2018-03-21
3454407,battery polarity,电池端子极性,,2018-03-21
3454408,battery receiver,电池[式]接收机， 电池式收音机,,2018-03-21
3454409,battery reverse switch,电池换向开关， 电池[电流]反向开关,,2018-03-21
3454410,battery ringing,电池呼叫,,2018-03-21
3454411,battery room,电池室,,2018-03-21
3454412,battery separator,蓄电池[极板的]，隔[离]板,,2018-03-21
3454413,battery set,电池组,,2018-03-21
3454414,battery solution,蓄电池溶液， 电液,,2018-03-21
3454415,battery terminal,蓄电池接线端子， 电池接线头,,2018-03-21
3454416,battery tester,蓄电池试验器,,2018-03-21
3454417,battery tube,直流管， 电池供电管,,2018-03-21
3454418,battery-fed motor,蓄电池供电的电动机,,2018-03-21
3454419,battery-powered,电池供电的,,2018-03-21
3454420,battery-regulating switch,蓄电池调整开关,,2018-03-21
3454421,battery-saver,电池保护元件,,2018-03-21
3454422,battery-supply coil,蓄电池供电线圈,,2018-03-21
3454423,battery-supply relay,电池供电继电器,,2018-03-21
3454424,baud,波特(发报速率单位),,2018-03-21
3454425,baud base system,波特基准制(多路通报的),,2018-03-21
3454426,baud rate,波特速率,,2018-03-21
3454427,Baudot,博多机(多路通报用的)，博多印字电报机,,2018-03-21
3454428,Baudot code,博多[电]码(电传机上5单位码),,2018-03-21
3454429,Baudot multiplex telegraph,博多型复工电报机,,2018-03-21
3454430,Baume,玻美[液体比重]计， 玻美[度],,2018-03-21
3454431,bay resonance,海湾共振,,2018-03-21
3454432,bay-bolt,基础螺栓,,2018-03-21
3454433,bayonet,卡口,,2018-03-21
3454434,bayonet base,插座(美语),,2018-03-21
3454435,bayonet cap,插座(英语),,2018-03-21
3454436,bayonet catch,插座,,2018-03-21
3454437,bayonet fixing,卡口式固定,,2018-03-21
3454438,bayonet holder,插座,,2018-03-21
3454439,bayonet pin,插入针,,2018-03-21
3454440,bayonet socket,卡口灯座，插接座,,2018-03-21
3454441,bazooka,平衡到不平衡的变换装置,,2018-03-21
3454442,BBC winding,BBC 绕组,,2018-03-21
3454443,BCH codes,BCH 码,,2018-03-21
3454444,beacon,信号灯,,2018-03-21
3454445,beacon antenna,指向标天线,,2018-03-21
3454446,beacon course,标程,,2018-03-21
3454447,beacon lamp,束光灯，指标灯,,2018-03-21
3454448,beacon light,指标灯，灯标,,2018-03-21
3454449,bead,绝缘珠,,2018-03-21
3454450,bead electrode,珠状电极,,2018-03-21
3454451,bead joint,填角焊缝，凸焊缝，圆凸勾缝,,2018-03-21
3454452,bead lightning,珠状闪电,,2018-03-21
3454453,bead machine,压片机，压锭机,,2018-03-21
3454454,bead resistance,珠电阻，珠状热敏电阻,,2018-03-21
3454455,bead thermister,珠形热敏电阻[器],,2018-03-21
3454456,bead thermistor,珠粒热阻器,,2018-03-21
3454457,bead thermocouple,珠形热电偶，珠形温差电偶,,2018-03-21
3454458,bead transistor,熔珠晶体管，珠状晶体管(锗丸嵌在玻璃球上而成),,2018-03-21
3454459,bead weld,珠焊,,2018-03-21
3454460,bead welding,堆焊,,2018-03-21
3454461,bead-supported line,绝缘珠支持线路,,2018-03-21
3454462,beaded insulation,串珠绝缘,,2018-03-21
3454463,beaded screen,粒状萤光屏,,2018-03-21
3454464,beading,焊上焊珠 ，玻璃熔接，成珠状起泡，压出凸缘，,,2018-03-21
3454465,beagle,自动探测干扰台，自动搜索干扰台,,2018-03-21
3454466,beam,[横]梁，光线，电子束，发出波束,,2018-03-21
3454467,beam angle,半功率角，波束角,,2018-03-21
3454468,beam antenna,束射天线,,2018-03-21
3454469,beam area,射束[横截面]区,,2018-03-21
3454470,beam array,定向天线阵,,2018-03-21
3454471,beam balance,杠杆式天平,,2018-03-21
3454472,beam balance type,衡梁式,,2018-03-21
3454473,beam blanker,电子束熄灭装置,,2018-03-21
3454474,beam catcher,射线收注栅，电子束收集极,,2018-03-21
3454475,beam channel,槽形梁， 槽钢,,2018-03-21
3454476,beam communication,定向通信,,2018-03-21
3454477,beam conductance,电子束电导,,2018-03-21
3454478,beam control,射束控制， 电子束控制， 波束控制,,2018-03-21
3454479,beam current,电子电流,,2018-03-21
3454480,beam deflection,射束偏转,,2018-03-21
3454481,beam efficiency,光束效率,,2018-03-21
3454482,beam flux,光束通量,,2018-03-21
3454483,beam focusing capability,束聚焦能力,,2018-03-21
3454484,beam index color picture tube,电子注引示彩显像管,,2018-03-21
3454485,beam intensity,电子束强度,,2018-03-21
3454486,beam landing,电子束沉陷,,2018-03-21
3454487,beam lead bonding,梁式引线连接法,,2018-03-21
3454488,beam lead integrated circuit,梁式引线集成电路,,2018-03-21
3454489,beam lead matrix method,梁式引线矩阵法,,2018-03-21
3454490,beam load,电子束负载,,2018-03-21
3454491,beam lumen,光柱流明,,2018-03-21
3454492,beam orifice,射线孔,,2018-03-21
3454493,beam power tube,电子束功率管,,2018-03-21
3454494,beam radio,定向无线电通信,,2018-03-21
3454495,beam radio communication,定向无线电通信,,2018-03-21
3454496,beam reflector aerial system,定向反射天线系统,,2018-03-21
3454497,beam relaxor,锯齿波发生器,,2018-03-21
3454498,beam relay,平衡继电器,,2018-03-21
3454499,beam retrace time,电子束回扫时,,2018-03-21
3454500,beam splitter,电子束分裂设备，分光器，分束器,,2018-03-21
3454501,beam spread,光束范围(在最强烛光10%以上的范围)，光束展开度,,2018-03-21
3454502,beam steering,光束控制,,2018-03-21
3454503,beam switching tube,射束开关管， 电子束开关， 射束四极体,,2018-03-21
3454504,beam tetrode,射束四极管；电子束四极管,,2018-03-21
3454505,beam transmission,定向发射，定向传输[线路]， 射束发射,,2018-03-21
3454506,beam transmitter,定向发射机,,2018-03-21
3454507,beam trap,电子束阱， ，射束收集器， 射线收注栅,,2018-03-21
3454508,beam tube,射束管， 电子束管,,2018-03-21
3454509,beam width,射束宽度，天线方向图宽度,,2018-03-21
3454510,beam-bending magnet,电子束偏转磁铁,,2018-03-21
3454511,beam-deflection tube,电子束偏转管,,2018-03-21
3454512,beam-entry hole,束入射孔,,2018-03-21
3454513,beam-of-light transistor,光束电晶体,,2018-03-21
3454514,beam-positioning magnet,电子束调位磁铁,,2018-03-21
3454515,beam-to-beam weld,梁式引线焊接，梁间焊接,,2018-03-21
3454516,beaming,聚束,,2018-03-21
3454517,beampower tube,电子注功率管，束射功率管,,2018-03-21
3454518,bear,支持，负担，承受 ，带有，忍受，打孔器，小型冲孔机,,2018-03-21
3454519,bearable load,可[支]承荷载,,2018-03-21
3454520,Beard protective system,比尔德[发电机]保护装置,,2018-03-21
3454521,bearer,托架，支座，承木 ，载体,,2018-03-21
3454522,bearer cable,吊索，支持钢索,,2018-03-21
3454523,bearing,轴承,,2018-03-21
3454524,bearing accuracy,定位精度，轴承精度,,2018-03-21
3454525,bearing angle,方位角,,2018-03-21
3454526,bearing arrangement,轴承布置,,2018-03-21
3454527,bearing backing,轴承衬,,2018-03-21
3454528,bearing block,轴承座 ，承重块,,2018-03-21
3454529,bearing body,轴承体,,2018-03-21
3454530,bearing box,轴承箱,,2018-03-21
3454531,bearing bracket,轴承座,,2018-03-21
3454532,bearing bridge,轴承支架,,2018-03-21
3454533,bearing bronze,轴承青铜,,2018-03-21
3454534,bearing bush,轴承套,,2018-03-21
3454535,bearing cap,轴承盖,,2018-03-21
3454536,bearing capacity,承载能力,,2018-03-21
3454537,bearing cartridge,轴承架,,2018-03-21
3454538,bearing clearance,轴承间隙,,2018-03-21
3454539,bearing collar,轴承环,,2018-03-21
3454540,bearing cover,轴承盖,,2018-03-21
3454541,bearing current,轴承电流,,2018-03-21
3454542,bearing diagram,方位图,,2018-03-21
3454543,bearing end-shield,轴承端盖,,2018-03-21
3454544,bearing flange,轴承凸缘,,2018-03-21
3454545,bearing force,支承力,,2018-03-21
3454546,bearing frame,轴承架,,2018-03-21
3454547,bearing friction,轴承摩擦,,2018-03-21
3454548,bearing friction loss,轴承磨擦损耗,,2018-03-21
3454549,bearing housing,轴承箱,,2018-03-21
3454550,bearing inner cap,轴承内盖,,2018-03-21
3454551,bearing insulation,轴承绝缘,,2018-03-21
3454552,bearing journal,轴颈,,2018-03-21
3454553,bearing length,轴承长度,,2018-03-21
3454554,bearing life,轴承寿命,,2018-03-21
3454555,bearing liner,轴承衬垫,,2018-03-21
3454556,bearing lining,轴承衬面,,2018-03-21
3454557,bearing load,轴承负载,,2018-03-21
3454558,bearing locknut,轴承锁定螺母,,2018-03-21
3454559,bearing metal,轴承合金,,2018-03-21
3454560,bearing noise,轴承噪音,,2018-03-21
3454561,bearing oil pressure,轴承油压,,2018-03-21
3454562,bearing pad,轴承垫片,,2018-03-21
3454563,bearing pedestal,轴承座,,2018-03-21
3454564,bearing pedestal cap,轴承座上部,,2018-03-21
3454565,bearing pin,轴承销,,2018-03-21
3454566,bearing plate,垫板， 承压板,,2018-03-21
3454567,bearing post,支承柱,,2018-03-21
3454568,bearing potentiometer,方位[角]分压器,,2018-03-21
3454569,bearing puller,轴承抽出器， 拔轴承器,,2018-03-21
3454570,bearing race,滚珠轴承座圈,,2018-03-21
3454571,bearing retainer,轴承护圈,,2018-03-21
3454572,bearing ring,轴承套圈,,2018-03-21
3454573,bearing scraper,轴承刮刀,,2018-03-21
3454574,bearing seat,轴承座,,2018-03-21
3454575,bearing shell,轴承壳,,2018-03-21
3454576,bearing shoe,轴承靴,,2018-03-21
3454577,bearing sleeve,轴[承]套,,2018-03-21
3454578,bearing stand,轴承座， 轴承架,,2018-03-21
3454579,bearing support,轴承支架，轴承座,,2018-03-21
3454580,bearing surface,承载面，承压面，支撑面,,2018-03-21
3454581,bearing temperature,轴承温度,,2018-03-21
3454582,bearing thermometer,轴承温度计,,2018-03-21
3454583,bearing thrust,轴承推力,,2018-03-21
3454584,bearing vibration,轴承振动,,2018-03-21
3454585,bearing wear,轴承磨损,,2018-03-21
3454586,beat,轴承磨损,,2018-03-21
3454587,beat counter,差拍，拍 ，跳动，脉动 ，打，锤薄，敲打,,2018-03-21
3454588,beat cycle,差频式计数器,,2018-03-21
3454589,beat down,逐次差拍,,2018-03-21
3454590,beat down method,逐次差拍法,,2018-03-21
3454591,beat effect,拍效应，差频效应,,2018-03-21
3454592,beat frequency,差频，拍频,,2018-03-21
3454593,beat frequency oscillation,差(拍)频振荡,,2018-03-21
3454594,beat frequency oscillator,差(拍)频振荡器,,2018-03-21
3454595,beat interference,拍频干扰,,2018-03-21
3454596,beat meter,差频计,,2018-03-21
3454597,beat note,拍音,,2018-03-21
3454598,beat oscillator,拍频振荡器,,2018-03-21
3454599,beat pattern,拍频波形图,,2018-03-21
3454600,beat receiver,拍频接收器,,2018-03-21
3454601,beat reception,差拍接收法,,2018-03-21
3454602,beat telephone,调度电话,,2018-03-21
3454603,beat tone,拍音,,2018-03-21
3454604,beat voltage,差拍电压,,2018-03-21
3454605,beat-frequency meter,差频计,,2018-03-21
3454606,beat-up,残破的,,2018-03-21
3454607,beaten aluminium,梠板，铝箔,,2018-03-21
3454608,beater,锤，夯具 ，搅拌器,,2018-03-21
3454609,beating,拍,,2018-03-21
3454610,beating in,并入同步,,2018-03-21
3454611,beaver,干扰雷达电台,,2018-03-21
3454612,beavertail antenna,海狸尾式天线,,2018-03-21
3454613,Beckmann thermometer,贝克曼温度计,,2018-03-21
3454614,Becquerel's ray,贝克勒射线,,2018-03-21
3454615,bed,地基,,2018-03-21
3454616,bed plate,座板,,2018-03-21
3454617,bed-frame,基架,,2018-03-21
3454618,bedding,底层,,2018-03-21
3454619,bedding in,研磨,,2018-03-21
3454620,bedding of wire,压入线,,2018-03-21
3454621,bedding stone,研磨石,,2018-03-21
3454622,bedpiece,底座板,,2018-03-21
3454623,bedstand,试验台,,2018-03-21
3454624,bedstead,试验台,,2018-03-21
3454625,bedstone,基石,,2018-03-21
3454626,bee line,最短距离,,2018-03-21
3454627,beechnut,地空通信系统,,2018-03-21
3454628,bees-wax,蜂蜡,,2018-03-21
3454629,beetle,搅打机,,2018-03-21
3454630,begin-of-tape marker,磁带上某一区的开始记号,,2018-03-21
3454631,beginning-block,开始分程序,,2018-03-21
3454632,behaviour,行为，动作，特性，性能，状态,,2018-03-21
3454633,behaviour in service,运转性能，使用性能,,2018-03-21
3454634,behest,命令，紧急指示,,2018-03-21
3454635,beilboy,随身电话装置，无线电话机,,2018-03-21
3454636,bel,贝(尔),,2018-03-21
3454637,Belady algorithm,贝莱迪算法,,2018-03-21
3454638,bell,铃,,2018-03-21
3454639,bell character,报警符号,,2018-03-21
3454640,bell crank,双臂曲柄，钟形曲柄 ，直角形杠杆,,2018-03-21
3454641,bell crank drive,曲柄杆传动,,2018-03-21
3454642,bell insulator,碗形绝缘子，单裙绝缘子，铃形绝缘子,,2018-03-21
3454643,bell jar,钟罩,,2018-03-21
3454644,bell key,振铃电键,,2018-03-21
3454645,bell manometer,浮钟压力计,,2018-03-21
3454646,bell mouth,喇叭口，钟形口[套管],,2018-03-21
3454647,bell push-button,电铃按纽,,2018-03-21
3454648,Bell receiver,贝尔受话器,,2018-03-21
3454649,bell ringing transformer,电铃变压器,,2018-03-21
3454650,bell transformer,电铃变压器,,2018-03-21
3454651,bell wire,电铃线,,2018-03-21
3454652,bell-shaped insulator,裙式绝缘子,,2018-03-21
3454653,bell-shaped rotor,钟形转子,,2018-03-21
3454654,bell-shaped suspension insulator,裙式悬垂绝缘子,,2018-03-21
3454655,Bellini-Tosi system,贝立尼-托西[天线]系统,,2018-03-21
3454656,bellow type,风箱式,,2018-03-21
3454657,bellows,风箱，皮老虎 波纹管，皱纹管，伸缩软管,,2018-03-21
3454658,bellows flowmeter,膜盒式流量计,,2018-03-21
3454659,bellows type manometer,波纹管式压力计,,2018-03-21
3454660,below bearing type generator,伞式发电机,,2018-03-21
3454661,below grade,不合格的,,2018-03-21
3454662,below proof,不合格的,,2018-03-21
3454663,belt,带，区域,,2018-03-21
3454664,belt conveyer,带式运送机,,2018-03-21
3454665,belt conveyor,传送带,,2018-03-21
3454666,belt differential factor,相带系数,,2018-03-21
3454667,belt drive,皮带传动，带[式]传动,,2018-03-21
3454668,belt dynamometer,皮带传动测功机,,2018-03-21
3454669,belt fastener,皮带扣,,2018-03-21
3454670,belt insulation,层间绝缘,,2018-03-21
3454671,belt lace,皮带扣,,2018-03-21
3454672,belt leakage,相带漏磁,,2018-03-21
3454673,belt leakage flux,相带漏磁通,,2018-03-21
3454674,belt printer,带式打印机,,2018-03-21
3454675,belt production,流水作用,,2018-03-21
3454676,belt punch,皮带冲压机， 皮带冲孔机,,2018-03-21
3454677,belt reactance,相带漏抗,,2018-03-21
3454678,belt reactance factor,相带漏抗因数,,2018-03-21
3454679,belt shifting device,皮带移动装置，皮带移动机构,,2018-03-21
3454680,belt span,相带宽度(电机),,2018-03-21
3454681,belt tension,皮带张力,,2018-03-21
3454682,belt-driven,皮带传动的,,2018-03-21
3454683,belted,皮带传动的,,2018-03-21
3454684,belted type cable,带扎电缆,,2018-03-21
3454685,belted-type generator,皮带传动型发电机,,2018-03-21
3454686,belting,皮带装置,,2018-03-21
3454687,bench,实验桌，工作台，钳工台，,,2018-03-21
3454688,bench board,台式配电盘，控制台，操纵盘,,2018-03-21
3454689,bench calibration,试验台校验,,2018-03-21
3454690,bench insulator,绝缘座,,2018-03-21
3454691,bench mark,水准标志，基准，基准点，标准检查程序(计算机的),,2018-03-21
3454692,bench mark elevation,基准点高程，水准点高程,,2018-03-21
3454693,bench scale,小型的，实验室规模的 ，台秤,,2018-03-21
3454694,bench test,工作台上试验,,2018-03-21
3454695,bench-scale experiment,实验室试验，小型试验,,2018-03-21
3454696,benchmark test program,1.基准检测程序2.试验程序(计算机),,2018-03-21
3454697,bend,弯曲，弯头,,2018-03-21
3454698,bender,弯曲机，挠曲机，弯管机,,2018-03-21
3454699,bendign flexure,弯曲，挠曲,,2018-03-21
3454700,bending,弯曲，挠曲，弯管,,2018-03-21
3454701,bending and straightening machine,弯曲矫直两用机,,2018-03-21
3454702,bending angle,挠曲角，弯曲角,,2018-03-21
3454703,bending coefficient,挠曲系数，弯系数,,2018-03-21
3454704,bending elasticity,挠曲弹性,,2018-03-21
3454705,bending failure,弯曲致损，挠曲毁坏,,2018-03-21
3454706,bending fatigue,挠曲疲劳,,2018-03-21
3454707,bending force,弯力,,2018-03-21
3454708,bending machine,弯曲机,,2018-03-21
3454709,bending moment,弯曲力矩,,2018-03-21
3454710,bending strain,弯曲应变,,2018-03-21
3454711,bending strength,抗弯强度,,2018-03-21
3454712,bending stress,弯曲应力,,2018-03-21
3454713,bending test,弯曲试验,,2018-03-21
3454714,bending vibration,弯曲振动,,2018-03-21
3454715,Bendman arrester,本德曼避雷器,,2018-03-21
3454716,beneficial,有利的,,2018-03-21
3454717,beneficiation,选矿,,2018-03-21
3454718,benefit,利益,,2018-03-21
3454719,bent,弯曲,,2018-03-21
3454720,bent gun,曲轴电子枪,,2018-03-21
3454721,bent pipe,弯管,,2018-03-21
3454722,bentonite,皂土,,2018-03-21
3454723,benzene,苯,,2018-03-21
3454724,benzine,汽油,,2018-03-21
3454725,benzine blow lamp,汽油喷灯,,2018-03-21
3454726,Bergman generator,伯格曼发电机,,2018-03-21
3454727,Berlekamp-Preparata codes,伯利坎普-普雷帕拉塔码,,2018-03-21
3454728,Bernoulli's theorem,伯努利定理,,2018-03-21
3454729,Berry transformer,贝里变压器,,2018-03-21
3454730,Berry transformer system,变压器串联方式,,2018-03-21
3454731,beryllia,氧化铍,,2018-03-21
3454732,beryllium (Be),铍,,2018-03-21
3454733,besel,监视窗,,2018-03-21
3454734,Bessel's differential equation,贝塞耳微分方程,,2018-03-21
3454735,Bessel's equation,贝塞耳方程,,2018-03-21
3454736,Bessel's function,贝塞耳函数,,2018-03-21
3454737,Bessel's interpolation formula,贝塞耳插值公式,,2018-03-21
3454738,Bessemer steel,酸性钢，[底吹酸性]转炉钢,,2018-03-21
3454739,best approximation,最佳逼近,,2018-03-21
3454740,best efficiency,最佳效率,,2018-03-21
3454741,best fit,最佳配合,,2018-03-21
3454742,best load,最大效率时的负载,,2018-03-21
3454743,best performance curve,最佳特性曲线,,2018-03-21
3454744,bet'z law,贝玆法则,,2018-03-21
3454745,beta absorber,β射线吸收器，β射线吸收体,,2018-03-21
3454746,beta decay,β衰变，β崩溃,,2018-03-21
3454747,beta disintegration,β蜕变,,2018-03-21
3454748,beta function,β函数,,2018-03-21
3454749,beta particle,β质点，β粒子,,2018-03-21
3454750,beta phase,β相,,2018-03-21
3454751,beta radiation,β辐射,,2018-03-21
3454752,beta ray,β射线,,2018-03-21
3454753,beta ray emission,β线发射,,2018-03-21
3454754,beta transformation,β转化，β转变,,2018-03-21
3454755,beta wave,β波(15-60赫，为人类脑中所产生的电波),,2018-03-21
3454756,beta-ell,β埃尔，线路总衰减,,2018-03-21
3454757,betatopic,失电子的，差电子的,,2018-03-21
3454758,betatron,电子感尘加速器， 电磁感尘加速，电子回旋加速器,,2018-03-21
3454759,bethanized wire,电镀锌钢丝,,2018-03-21
3454760,bethanizing,镀锌(金属线的),,2018-03-21
3454761,Bethe-hole directional coupler,倍兹孔定向耦合器,,2018-03-21
3454762,Bethenod-Latour alternator,贝斯诺德-拉图尔同步发电机(一种高频发电机，定子内的交流电可以在转子内产生100千赫的高频电),,2018-03-21
3454763,Bethenod-Latour high frequency generator,贝斯诺得－拉图尔高频发电机,,2018-03-21
3454764,between product,中间产品,,2018-03-21
3454765,between-coil connection,线圈间连接,,2018-03-21
3454766,betz efficiency,贝玆效率,,2018-03-21
3454767,bevel,斜面,,2018-03-21
3454768,bevel drive,伞齿轮转动,,2018-03-21
3454769,beveled edge,倾斜边缘,,2018-03-21
3454770,bevelled brush,削角电刷,,2018-03-21
3454771,bevelled joint,斜接,,2018-03-21
3454772,bevelled pole shoe,倒角极靴,,2018-03-21
3454773,bevelled slot,斜槽,,2018-03-21
3454774,Beverage antenna,贝佛莱日天线,,2018-03-21
3454775,bezel,遮光屏,,2018-03-21
3454776,bi-directional,双向作用的，双向的,,2018-03-21
3454777,bi-grid valve,双栅管,,2018-03-21
3454778,bi-harmonic,双谐波的,,2018-03-21
3454779,bi-motor,双电动机,,2018-03-21
3454780,bi-pass,双通,,2018-03-21
3454781,bi-service,两用的,,2018-03-21
3454782,bi-telephone,电话耳机,,2018-03-21
3454783,bias,偏压,,2018-03-21
3454784,bias cell,偏压电池,,2018-03-21
3454785,bias check,偏压校验,,2018-03-21
3454786,bias circuit,偏压电路,,2018-03-21
3454787,bias control,偏压控制,,2018-03-21
3454788,bias current,偏压电流,,2018-03-21
3454789,bias detection,偏压检波,,2018-03-21
3454790,bias error,系统误差，固有误差,,2018-03-21
3454791,bias field,偏移场，偏磁场,,2018-03-21
3454792,bias meter,偏畸变计，偏流表,,2018-03-21
3454793,bias potentiometer,偏压分压器，偏压电位计,,2018-03-21
3454794,bias pulse,偏压脉冲,,2018-03-21
3454795,bias rectifier,偏压整流器,,2018-03-21
3454796,bias set circuit,偏压调节电路，偏流调节电路(晶体管)，偏磁调节电路(录音),,2018-03-21
3454797,bias tape,斜带,,2018-03-21
3454798,bias test,边缘试验,,2018-03-21
3454799,bias trap,偏磁陷波器,,2018-03-21
3454800,bias tube,偏压管,,2018-03-21
3454801,bias voltage,偏压,,2018-03-21
3454802,bias voltage control,偏压控制,,2018-03-21
3454803,bias winding,偏压线组,,2018-03-21
3454804,bias(or asymmetrical) distortion,偏压(或不对称)失真,,2018-03-21
3454805,bias-off,偏置截止，加偏压使截止,,2018-03-21
3454806,biased,加偏压的,,2018-03-21
3454807,biased amplifier,加偏压的放大器,,2018-03-21
3454808,biased automatic gain control,加偏压的自动增益控制,,2018-03-21
3454809,biased differential protective system,偏置差动保护装置，极化差动保护装置,,2018-03-21
3454810,biased differential relaying,极化差动继电保护系统,,2018-03-21
3454811,biased differential transformer protection,变压器偏置差动保护[装置],,2018-03-21
3454812,biased field,偏移[磁]场,,2018-03-21
3454813,biased percentage differential protection,偏置式比率差动保护[装置],,2018-03-21
3454814,biased relay,偏压继电器，极化继电器,,2018-03-21
3454815,biased-rectifier amplifier,偏置整流放大器,,2018-03-21
3454816,biasing,加偏压，偏压，偏置,,2018-03-21
3454817,biasing capacitor,偏压旁路电容器,,2018-03-21
3454818,biasing circuit,偏压电路(电子管)，偏流电路(晶体管)，偏磁电路(录音),,2018-03-21
3454819,biasing impedance,偏压阻抗,,2018-03-21
3454820,biasing logic,偏置逻辑,,2018-03-21
3454821,biasing magnet,偏磁磁铁,,2018-03-21
3454822,biasing transformer,偏磁变压器(差动保护用),,2018-03-21
3454823,biasing winding,偏置绕组，偏压绕组，辅助磁化线圈,,2018-03-21
3454824,biatomic,双原子的,,2018-03-21
3454825,biax memory,双轴磁心存储器,,2018-03-21
3454826,biaxial,双轴的,,2018-03-21
3454827,biaxial crystal,双轴晶体,,2018-03-21
3454828,bib,弯嘴,,2018-03-21
3454829,bibasic,二元的,,2018-03-21
3454830,bibcock,螺旋并联,,2018-03-21
3454831,bibliography,参考资料,,2018-03-21
3454832,bibulous paper,滤纸,,2018-03-21
3454833,bicathode tube,双阴极管,,2018-03-21
3454834,bicharacteristic,双特征性的,,2018-03-21
3454835,bichromate,重铬酸盐,,2018-03-21
3454836,bichromate cell,重铬酸盐电池,,2018-03-21
3454837,bicirculating,双重循环的,,2018-03-21
3454838,bicolorimeter,双色比色计,,2018-03-21
3454839,bicomplementary set,互余集合，互补集合,,2018-03-21
3454840,biconditional,双条件的,,2018-03-21
3454841,biconditional gate,双条件闸,,2018-03-21
3454842,biconical antenna,双锥形天线,,2018-03-21
3454843,bicrofarad,毫法拉,,2018-03-21
3454844,bicrystal,双晶体,,2018-03-21
3454845,bicylindrical resonator,双圆柱共振器，双圆柱谐振器,,2018-03-21
3454846,bid,出价标单，投标,,2018-03-21
3454847,bidding & schedule management,竞价及排程管理,,2018-03-21
3454848,bidiagonal matrix,两对角线矩阵,,2018-03-21
3454849,bidimensional,二元的，二维的，二因次的，两度空间的,,2018-03-21
3454850,bidirectional coupler,双向耦合器,,2018-03-21
3454851,bidirectional current,双向电流,,2018-03-21
3454852,bidirectional diode-thyristor,双向两极可控硅，双向二端闸流管,,2018-03-21
3454853,bidirectional drive,双向传动,,2018-03-21
3454854,bidirectional relay,双向继电器,,2018-03-21
3454855,bidirectional switch,双向[转换]开关,,2018-03-21
3454856,bidirectional transducer,双向传感器，双向变换器,,2018-03-21
3454857,bidirectional triode thyristor,双向三极闸流体,,2018-03-21
3454858,bifilar,双股的，双线的,,2018-03-21
3454859,bifilar coil,双线[无感]线圈,,2018-03-21
3454860,bifilar galvanometer,双线电流计,,2018-03-21
3454861,bifilar inductor,双线电感器,,2018-03-21
3454862,bifilar oscillograph,双线示波器,,2018-03-21
3454863,bifilar transformer,双线[紧密绕制的]变压器,,2018-03-21
3454864,bifilar winding,双线[无感]绕组，双线无感绕法,,2018-03-21
3454865,bifilar wire,双股线,,2018-03-21
3454866,bifilar-wound transformer,双线绕制的变压器,,2018-03-21
3454867,bifuel system,双燃料系统,,2018-03-21
3454868,bifurcate,二分叉，分支，分路,,2018-03-21
3454869,bifurcated contact,分叉触，双叉触点，双叉接插件,,2018-03-21
3454870,bifurcated line,分叉线路,,2018-03-21
3454871,bifurcating box,双叉分接盒，电缆分路盒,,2018-03-21
3454872,bifurcation,分叉，分支，分路，双态(计算机的),,2018-03-21
3454873,big inch pipe,大直径管,,2018-03-21
3454874,big power station,大型发电厂,,2018-03-21
3454875,big repair,大修,,2018-03-21
3454876,bight,曲线，回线，线束，弯曲，小河湾，小海湾,,2018-03-21
3454877,Bigit,二进制数字,,2018-03-21
3454878,bigraded group,双重分级群,,2018-03-21
3454879,bigrid,双栅极的,,2018-03-21
3454880,biharmonic equation,双调和方程,,2018-03-21
3454881,biharmonic operator,双调和算子,,2018-03-21
3454882,bilateral,双向的,,2018-03-21
3454883,bilateral antenna,双向天线,,2018-03-21
3454884,bilateral circuit,双向电路,,2018-03-21
3454885,bilateral contract,双边契约,,2018-03-21
3454886,bilateral diffusion,双向扩散,,2018-03-21
3454887,bilateral direct converter,双向直接转换器,,2018-03-21
3454888,bilateral matching,双向匹配,,2018-03-21
3454889,bilateral network,双向网路,,2018-03-21
3454890,bilateral power flow,双向电力潮流,,2018-03-21
3454891,bilateral switching,双向切换,,2018-03-21
3454892,bilateral transducer,双向换能器,,2018-03-21
3454893,bilinear,双线性的,,2018-03-21
3454894,bilinear form,双线性形,,2018-03-21
3454895,bilinearity,双线性,,2018-03-21
3454896,bill,单,,2018-03-21
3454897,bill of loading,提货单,,2018-03-21
3454898,billet,钢环,,2018-03-21
3454899,billiard-ball collision,弹性碰撞,,2018-03-21
3454900,billibit,十亿位元,,2018-03-21
3454901,billicapacitor,微调电容器,,2018-03-21
3454902,billicondenser,微调电容器,,2018-03-21
3454903,billing demand,计费需量,,2018-03-21
3454904,billion,十亿(美﹑法)，万亿(英﹑德),,2018-03-21
3454905,billisecond,奈秒，毫微秒，10-9秒，十亿分之一秒,,2018-03-21
3454906,bilux bulb,双灯丝灯泡,,2018-03-21
3454907,bimag,双磁心,,2018-03-21
3454908,bimanualness,双手操作,,2018-03-21
3454909,bimetal,双金属,,2018-03-21
3454910,bimetal relay,双金属电驿,,2018-03-21
3454911,bimetal strip,双金属条，双金属片,,2018-03-21
3454912,bimetal-fuse,双金属熔丝,,2018-03-21
3454913,bimetallic,双金属的,,2018-03-21
3454914,bimetallic conductor,双金属导体,,2018-03-21
3454915,bimetallic corrosion,双金属腐蚀，异金属接触腐蚀,,2018-03-21
3454916,bimetallic material,双金属材料,,2018-03-21
3454917,bimetallic rotor,双金属转子(磁滞式电动机),,2018-03-21
3454918,bimetallic starter,双金属起动器,,2018-03-21
3454919,bimetallic strip,双金属片，双金属条,,2018-03-21
3454920,bimetallic strip relay,双金属片继电器,,2018-03-21
3454921,bimetallic thermocouple,双金属热电偶,,2018-03-21
3454922,bimetallic thermograph,双金属温度记录仪,,2018-03-21
3454923,bimetallic thermometer,双金属温度计,,2018-03-21
3454924,bimetallic thermostat,双金属恒温器,,2018-03-21
3454925,bimetallic wire,双金属线,,2018-03-21
3454926,bimolecular,双分子的,,2018-03-21
3454927,bimorph,双压电晶片(一种压敏电阻器材)，双晶,,2018-03-21
3454928,bimorph cell,双层晶体单元,,2018-03-21
3454929,bimorph crystal,双层晶体,,2018-03-21
3454930,bin,磁带存储器，储存仓,,2018-03-21
3454931,binant electrometer,双象限静电计,,2018-03-21
3454932,binary,二元的,,2018-03-21
3454933,binary adding circuit,二进制加法,,2018-03-21
3454934,binary addition,二进制加法,,2018-03-21
3454935,binary alloy photoconductor,二元合金光电导体,,2018-03-21
3454936,binary arithmetic,二进制运算,,2018-03-21
3454937,binary asymmetric channel,二进制不对称信道,,2018-03-21
3454938,binary automatic computer,二进制自动计算机,,2018-03-21
3454939,binary bit,二进位,,2018-03-21
3454940,binary cell,二进制元件,,2018-03-21
3454941,binary channels,双通道,,2018-03-21
3454942,binary character,二进制编码符号,,2018-03-21
3454943,binary code,二进制码,,2018-03-21
3454944,binary coded,二进制编码的,,2018-03-21
3454945,binary coded decimal system,二进制编码的十进制,,2018-03-21
3454946,binary computer,二进制计算机,,2018-03-21
3454947,binary converter,二进制转换器,,2018-03-21
3454948,binary cycle,二元循环,,2018-03-21
3454949,binary deck,二进制穿孔卡片组，二进制卡片叠,,2018-03-21
3454950,binary digit (bit),二进制数字，二进制数位,,2018-03-21
3454951,binary electrometer,二进制静电计,,2018-03-21
3454952,binary element,双态元件，二进位单元,,2018-03-21
3454953,binary equivalent,等效二进制位数,,2018-03-21
3454954,binary flip-flop,二进制正反器,,2018-03-21
3454955,binary hue,二元色相， 中间色相,,2018-03-21
3454956,binary incremental representation,二进制增量表示[法](用二进制数表示增量),,2018-03-21
3454957,binary multiplication rule,二进制乘法规则,,2018-03-21
3454958,binary notation,二进制记数法,,2018-03-21
3454959,binary number,二进制数以，二进制表示的数目，二进信息,,2018-03-21
3454960,binary octal,二进制八进数,,2018-03-21
3454961,binary one,"二进制的""1""",,2018-03-21
3454962,binary pair flip-flop,二进对正反器,,2018-03-21
3454963,binary point,二进制小数点,,2018-03-21
3454964,binary product generator,二进制乘积发生器,,2018-03-21
3454965,binary scale,二进制记数法,,2018-03-21
3454966,binary scaler,二进制换算电路,,2018-03-21
3454967,binary search,对半检索,,2018-03-21
3454968,binary signalling,双态通信,,2018-03-21
3454969,binary synchronous communication,双同步通信,,2018-03-21
3454970,binary system,二进制,,2018-03-21
3454971,binary-coded decimal,二进制十进数,,2018-03-21
3454972,binary-coded decimal notation,二进制十进位记法,,2018-03-21
3454973,binary-coded octal,二进制八进数,,2018-03-21
3454974,binary-coded phase-modulated,二进制相位调变,,2018-03-21
3454975,binary-decimal,二至十进制,,2018-03-21
3454976,binary-decimal conversion,二至十进制转换,,2018-03-21
3454977,binary-logic element,二进制逻辑元件,,2018-03-21
3454978,binary-logic gate,二进制逻辑闸,,2018-03-21
3454979,binary-logic system,二进制逻辑系统,,2018-03-21
3454980,binary-state variable,双态变数,,2018-03-21
3454981,binary-to-decimal conversion,二至十进制转换,,2018-03-21
3454982,binary-weighted ramp generation,加权二进制斜坡产生,,2018-03-21
3454983,binate electrometer,对分静电计,,2018-03-21
3454984,binaural effect,双耳效应,,2018-03-21
3454985,binaural localization,双耳定位,,2018-03-21
3454986,bind,结合,,2018-03-21
3454987,bind wire,扎线,,2018-03-21
3454988,binder,黏合剂,,2018-03-21
3454989,binder twine,绑绳,,2018-03-21
3454990,binderless briquetting,无胶结煤球制造,,2018-03-21
3454991,binding,耦合,,2018-03-21
3454992,binding agent,接合剂,,2018-03-21
3454993,binding band,绑带,,2018-03-21
3454994,binding clasp,夹紧器,,2018-03-21
3454995,binding clip,接线夹,,2018-03-21
3454996,binding enerage,结合能,,2018-03-21
3454997,binding energy,结合能,,2018-03-21
3454998,binding face,贴合面,,2018-03-21
3454999,binding force,结合力,,2018-03-21
3455000,binding material,黏合剂,,2018-03-21
3455001,binding nut,夹紧螺帽，扣紧螺帽,,2018-03-21
3455002,binding piece,线夹,,2018-03-21
3455003,binding post,接线柱,,2018-03-21
3455004,binding power,结合能力， 粘合能力,,2018-03-21
3455005,binding screw,接线螺钉,,2018-03-21
3455006,binding tape,扎带，绑带,,2018-03-21
3455007,binding thread,绑线,,2018-03-21
3455008,binding time,汇集时间(计算机的),,2018-03-21
3455009,binding turns,绑匝,,2018-03-21
3455010,binding wire,扎线，绑线,,2018-03-21
3455011,bineutron,双中子,,2018-03-21
3455012,binistor,四层半导体开关器件(pnpn可控硅开关),,2018-03-21
3455013,binocular,双目的，双筒的，双目望远镜,,2018-03-21
3455014,binocular coil,双孔线圈，双筒线圈,,2018-03-21
3455015,binode,双阳极[的]，双结[点]，双阳极电子管,,2018-03-21
3455016,binomial,二项式，双名法,,2018-03-21
3455017,binomial array,双向天线阵,,2018-03-21
3455018,binomial data distribution,二项式数据分布,,2018-03-21
3455019,binomial distribution,二项式分布,,2018-03-21
3455020,bio-electrical phenomenon,生物电现象,,2018-03-21
3455021,bio-methane,生质物气体,,2018-03-21
3455022,bioconversion,生物转化,,2018-03-21
3455023,"bioconversion technology,physical process",生物转化之物理程序,,2018-03-21
3455024,bioelectricity,生物电[流]，生物电学,,2018-03-21
3455025,biofuels,生质燃料,,2018-03-21
3455026,biogas,生质物气体,,2018-03-21
3455027,biological fuel cell,生物燃料电池,,2018-03-21
3455028,biological rhythm,生物的节拍,,2018-03-21
3455029,biological shield,生物遮蔽,,2018-03-21
3455030,bioluminescence,生物冷光，生物发光，生物体发光,,2018-03-21
3455031,biomass,生质,,2018-03-21
3455032,biomass primary,初级生质,,2018-03-21
3455033,biomass secondary,次级生质,,2018-03-21
3455034,bionics,仿生[电子]学,,2018-03-21
3455035,Biot-Savart's Law,毕奥-萨瓦定律,,2018-03-21
3455036,biotite,黑云母,,2018-03-21
3455037,biotron,高跨导孪生管，提高互导的孪生管,,2018-03-21
3455038,bipartite,双向的,,2018-03-21
3455039,bipartition,对分,,2018-03-21
3455040,biphase,双相，二相,,2018-03-21
3455041,biphase current,两相电流,,2018-03-21
3455042,biphase equilibrium,两相平衡,,2018-03-21
3455043,biphase motor,两相电动机,,2018-03-21
3455044,biphase rectifier,双相整流器,,2018-03-21
3455045,biphone,耳机,,2018-03-21
3455046,bipolar,双极，二极,,2018-03-21
3455047,bipolar armature winding,双极电枢线组,,2018-03-21
3455048,bipolar device,双极性元件,,2018-03-21
3455049,bipolar dynamo,双极电机,,2018-03-21
3455050,bipolar field,双极磁场,,2018-03-21
3455051,bipolar HVDC system,双极高压直流输电系统,,2018-03-21
3455052,bipolar integrated circuit,双极集成电路,,2018-03-21
3455053,bipolar motor,两极电动机,,2018-03-21
3455054,bipolar static induction thyristor,双极性静态感应闸流体,,2018-03-21
3455055,bipolar static induction transistor,双极性静态感应电晶体,,2018-03-21
3455056,bipolar switch,双极开关,,2018-03-21
3455057,bipolar system,双极制,,2018-03-21
3455058,bipolar transistor,双极电晶体,,2018-03-21
3455059,bipolar voltage switching PWM,双极性电压切换 PWM,,2018-03-21
3455060,bipolarity,双极性,,2018-03-21
3455061,bipost lamp base,两柱式灯座,,2018-03-21
3455062,bipotential,双电位的,,2018-03-21
3455063,biquadratic,双二次的,,2018-03-21
3455064,biquaternion,八元数,,2018-03-21
3455065,biquinary,二元五进制的,,2018-03-21
3455066,biquinary notation,二五混合进制记数法,,2018-03-21
3455067,biquinary-coded decimal number,二五混合码十进制数,,2018-03-21
3455068,bird's eye,探照灯,,2018-03-21
3455069,bird's-eye view,鸟瞰，，概观,,2018-03-21
3455070,Birdcall,单边带长途通信设备,,2018-03-21
3455071,birefringence,双折射，二次折射，重折率,,2018-03-21
3455072,biregular,双正则的,,2018-03-21
3455073,Birmingham wire gauge,白明罕(线)规,,2018-03-21
3455074,birotor,双转子,,2018-03-21
3455075,birotor pump,双转子泵,,2018-03-21
3455076,birth,出生，诞生，开始，起源,,2018-03-21
3455077,bisect,二[等]分，平分，对开,,2018-03-21
3455078,bisected coil,对分分段线圈,,2018-03-21
3455079,bisection theorem,电路中分定理(四端网络的)，二等分定理,,2018-03-21
3455080,bismuth,铋 Bi,,2018-03-21
3455081,bismuth spiral,铋螺线(利用铋线电阻在磁场中变化的原理，测定电机气隙磁密),,2018-03-21
3455082,bistability,双稳定性,,2018-03-21
3455083,bistable,双稳定的，双稳态的,,2018-03-21
3455084,bistable amplifier,双稳放大器,,2018-03-21
3455085,bistable circuit,双稳电路,,2018-03-21
3455086,bistable contact,只稳触点,,2018-03-21
3455087,bistable element,双稳态元件,,2018-03-21
3455088,bistable multivibrator,双稳多谐振荡器,,2018-03-21
3455089,bistable operation,双稳运行,,2018-03-21
3455090,bistable polarized relay,双稳极化继电器,,2018-03-21
3455091,bistable transistor circuit,双稳态晶体管电路,,2018-03-21
3455092,bistable trigger circuit,双稳触发电路,,2018-03-21
3455093,bistatic sonar,收发分置声纳,,2018-03-21
3455094,bisymmetric,双对称的,,2018-03-21
3455095,bisynchronous motor,双倍同速度电动机,,2018-03-21
3455096,bit,钻头,,2018-03-21
3455097,bit brace,钻孔机,,2018-03-21
3455098,bit by bit,渐渐地,,2018-03-21
3455099,bit interlacing,比特交错,,2018-03-21
3455100,bit location,数位位置,,2018-03-21
3455101,bit of information,资讯单位,,2018-03-21
3455102,bit pattern,位模式,,2018-03-21
3455103,bit sense line,位读出线,,2018-03-21
3455104,bit stream,位流,,2018-03-21
3455105,bit stream transmission,位流传输,,2018-03-21
3455106,bit string,位串,,2018-03-21
3455107,bit switch,按位开关,,2018-03-21
3455108,bit synchronization,位元同步,,2018-03-21
3455109,bit time,二进时间,,2018-03-21
3455110,bit traffic,位传送,,2018-03-21
3455111,bit-by-bit memory,打点式光存储器,,2018-03-21
3455112,bits per second (bps),每秒位元数,,2018-03-21
3455113,Bitter pattern,比特图,,2018-03-21
3455114,Bitter type coil,比特型线圈,,2018-03-21
3455115,bitumastic enamel,沥青瓷漆,,2018-03-21
3455116,bitumen,沥青,,2018-03-21
3455117,bitumen cable,沥青绝缘电缆,,2018-03-21
3455118,bitumen compound filled joint,沥青胶填充电缆接头,,2018-03-21
3455119,bitumen mica flake tape,沥青片云母带,,2018-03-21
3455120,bitumen winding,沥青浸渍线组,,2018-03-21
3455121,bitumen-impregnated,浸沥青的,,2018-03-21
3455122,bitumen-sheathed paper cable,沥青绝缘纸电缆,,2018-03-21
3455123,bitumimous varnish,沥青漆,,2018-03-21
3455124,bituminite,烟煤,,2018-03-21
3455125,bituminize,沥青处理,,2018-03-21
3455126,bituminous,沥青质的，烟煤,,2018-03-21
3455127,bituminous coal,烟煤，褐煤,,2018-03-21
3455128,bituminous paint,沥青涂料，沥青漆,,2018-03-21
3455129,bituminous schist,沥青岩,,2018-03-21
3455130,bituminous shale,沥青岩,,2018-03-21
3455131,bituminous waterproof coating,沥青防水层,,2018-03-21
3455132,bitumite,烟煤,,2018-03-21
3455133,bivalent,二价的,,2018-03-21
3455134,bivalent heat pump heating system,双级热泵加热系统,,2018-03-21
3455135,bivariate,二变量的，双变的,,2018-03-21
3455136,bivariate normal distribution,二元正态分布,,2018-03-21
3455137,bivariate polynomial,双变量多项式,,2018-03-21
3455138,bivariate stochastic process,二元随机过程,,2018-03-21
3455139,bivectorial,双矢的，双箭号的,,2018-03-21
3455140,bivinyl rubber,丁烯橡胶,,2018-03-21
3455141,black,黑的，吸收全部辐射的，炭黑,,2018-03-21
3455142,black baking varnish,黑(色)烤漆,,2018-03-21
3455143,black base,沥青基层，黑色基层,,2018-03-21
3455144,black body,环空，黑体,,2018-03-21
3455145,black body radiator,黑体辐射器,,2018-03-21
3455146,black box,黑盒子，快速调换部份,,2018-03-21
3455147,black cable,黑色[浸渍]电缆，黑象信号用电缆,,2018-03-21
3455148,black cambric cloth,黑漆布,,2018-03-21
3455149,black coating,黑涂料，黑涂层,,2018-03-21
3455150,black discharge,无光放电,,2018-03-21
3455151,black friction tape,黑胶(布)带,,2018-03-21
3455152,black insulating tape,黑绝缘胶(布)带,,2018-03-21
3455153,black japan,深黑漆,,2018-03-21
3455154,black lead,石墨，黑铅，笔铅，黑色引线,,2018-03-21
3455155,black level,黑色电平,,2018-03-21
3455156,black light,不可见光,,2018-03-21
3455157,black light lamp,黑光灯，不可见光灯,,2018-03-21
3455158,black lightning,暗闪,,2018-03-21
3455159,black mica,黑云母,,2018-03-21
3455160,black mineral oil,重油,,2018-03-21
3455161,black nucleus,〞黑〞核,,2018-03-21
3455162,black nut,粗螺母，粗螺帽,,2018-03-21
3455163,black out,熄灭，停电,,2018-03-21
3455164,black paint,黑漆,,2018-03-21
3455165,black peak,黑色信号峰值,,2018-03-21
3455166,black pickling,粗酸洗，初酸洗,,2018-03-21
3455167,black pitch,黑沥青,,2018-03-21
3455168,black poison,黑色毒物,,2018-03-21
3455169,black region,黑信号区,,2018-03-21
3455170,black sheet iron,黑铁皮,,2018-03-21
3455171,black spot interference,黑点失真，黑点干扰(电视),,2018-03-21
3455172,black start,全黑启动,,2018-03-21
3455173,black tape,黑胶带,,2018-03-21
3455174,black varnished cambric tape,黑漆布带,,2018-03-21
3455175,black varnished glass tape,黑漆玻璃纸带,,2018-03-21
3455176,black-and-white television,黑白电视,,2018-03-21
3455177,black-band,黑带，无火花换向区(直流电机),,2018-03-21
3455178,black-band test,黑带试验(电机换向的),,2018-03-21
3455179,black-bulb thermometer,黑球温度表,,2018-03-21
3455180,black-lighting,不可见光照明，黑光照明,,2018-03-21
3455181,black-out effect,关闭效应，遮蔽效应，放射能力瞬时损失，灵敏度瞬时降低,,2018-03-21
3455182,black-out lamp,灯火管制灯,,2018-03-21
3455183,black-out voltage,熄灭电压，截止电压,,2018-03-21
3455184,blackbody,黑体，全部吸收辐射能的物体,,2018-03-21
3455185,blackening,发黑,,2018-03-21
3455186,blacker than black region,超黑区,,2018-03-21
3455187,blacker-than-black synchronizing,黑区同步信号,,2018-03-21
3455188,blackout pulse,消隐脉波，关闭脉波,,2018-03-21
3455189,blackout unit,消隐信号单元，关闭信号单元,,2018-03-21
3455190,blacksmith,锻工，铁工,,2018-03-21
3455191,blackspot,黑斑，黑点(光电显象管的)，盲点，黑点失真，黑点干扰(电视),,2018-03-21
3455192,blade,叶，桨叶，刀片，刀形开关，闸刀,,2018-03-21
3455193,blade angle,叶片角,,2018-03-21
3455194,blade clearance,叶片间隙,,2018-03-21
3455195,blade incidence,叶片倾角,,2018-03-21
3455196,blade latch,[隔离]开关保险销，闸刀保险销,,2018-03-21
3455197,blade magnetic domain,刀片形磁域,,2018-03-21
3455198,blade pitch,叶片间距,,2018-03-21
3455199,blade radius,叶尖半径，叶半径,,2018-03-21
3455200,blade setting,装定叶片角[度]，叶片位置调定,,2018-03-21
3455201,blade type connector,刀形接头,,2018-03-21
3455202,blade wheel,叶轮,,2018-03-21
3455203,blading,叶栅，叶片，装叶片,,2018-03-21
3455204,blance,平衡,,2018-03-21
3455205,blance energy,能源平衡,,2018-03-21
3455206,blanch,漂白，变白，镀锡,,2018-03-21
3455207,blank,空白，间隔，空号，熄灭脉冲 ，空白的，空的,,2018-03-21
3455208,blank character,空白字符，间隔符号,,2018-03-21
3455209,blank common,空白公用区(计算机的),,2018-03-21
3455210,blank experiment,空转试验,,2018-03-21
3455211,blank field descriptor,空白字段说明符,,2018-03-21
3455212,blank flange,无孔凸缘,,2018-03-21
3455213,blank groove,无调纹，无刻槽,,2018-03-21
3455214,blank instruction,空白指令,,2018-03-21
3455215,blank medium,参考介质,,2018-03-21
3455216,blank out,使熄灭,,2018-03-21
3455217,blank panel,备用面板,,2018-03-21
3455218,blank paper tape coil,空白纸带卷,,2018-03-21
3455219,blank signal,间隔信号,,2018-03-21
3455220,blank stock,控制备料,,2018-03-21
3455221,blank-off,熄灭,,2018-03-21
3455222,blanker,消隐装置，熄灭装置,,2018-03-21
3455223,blanket,层，敷层，外壳，套，熄火装置，覆盖，掩盖，再生区(反应器的),,2018-03-21
3455224,blanket assembly,再生区[燃料]组件,,2018-03-21
3455225,blanket of uranium,铀再生区,,2018-03-21
3455226,blanket power,再生区功率,,2018-03-21
3455227,blanket-material exposure,再生区材料照射,,2018-03-21
3455228,blanketed,有再生区的,,2018-03-21
3455229,blanketing,核燃料再生，信号干扰,,2018-03-21
3455230,blanketing frequency,抑止频率,,2018-03-21
3455231,blanking,遮没，熄灭,,2018-03-21
3455232,blanking amplifier,遮没放大器,,2018-03-21
3455233,blanking gate,遮没闸,,2018-03-21
3455234,blanking level,熄灭电平,,2018-03-21
3455235,blanking mixer tube,遮没混波管,,2018-03-21
3455236,blanking pulse,遮没脉波,,2018-03-21
3455237,blanking time,遮没时间，截止时间,,2018-03-21
3455238,blanking tube,截止管,,2018-03-21
3455239,blanking voltage,截止电压，遮没电压,,2018-03-21
3455240,blanking wave,遮没波,,2018-03-21
3455241,blas,微型栅极干电池,,2018-03-21
3455242,blast,鼓风，爆炸，爆炸气浪，喷砂,,2018-03-21
3455243,blast air,冲风，鼓风,,2018-03-21
3455244,blast burner,喷灯,,2018-03-21
3455245,blast chamber,鼓风室，燃烧室,,2018-03-21
3455246,blast draft,压力通风，强迫通风,,2018-03-21
3455247,blast engine,鼓风机,,2018-03-21
3455248,blast fan,鼓风机，通风机,,2018-03-21
3455249,blast furnace,高炉，鼓风炉,,2018-03-21
3455250,blast furnace gas,鼓风炉气,,2018-03-21
3455251,blast lamp,喷灯,,2018-03-21
3455252,blast main,总风管,,2018-03-21
3455253,blast pipe,废汽管，排气管，吹管，鼓风管,,2018-03-21
3455254,blast pressure,[鼓]风压[力]，爆破压力,,2018-03-21
3455255,blast wave,冲击波,,2018-03-21
3455256,blast-proof,防爆的,,2018-03-21
3455257,blastability,可爆性，招爆性,,2018-03-21
3455258,blaster,爆破装置，起爆器，喷砂装置,,2018-03-21
3455259,blasting fuse,引炸熔丝,,2018-03-21
3455260,blattnerphone,磁带录音机，钢丝录音机,,2018-03-21
3455261,Blavier's test,布莱维尔试验(一种寻找电缆故障点的方法),,2018-03-21
3455262,blaze,火焰，燃发，激发,,2018-03-21
3455263,bleach,漂白,,2018-03-21
3455264,bleed,放气，放水，渗出，流出，冒油，泛油,,2018-03-21
3455265,bleed steam feed pump,抽气式给水帮浦,,2018-03-21
3455266,bleeder,排放阀，排放管，放气管，放油管，放水管，漏泄电阻,,2018-03-21
3455267,bleeder chain,分压电路，串联电阻组成的降压电路，泄放电路,,2018-03-21
3455268,bleeder circuit,分压电路，泄放电路,,2018-03-21
3455269,bleeder current,分泄电流，分压器电流，旁漏电流，泄放电流,,2018-03-21
3455270,bleeder hole,通风孔，气孔,,2018-03-21
3455271,bleeder resistance,泄漏电阻，分压电阻,,2018-03-21
3455272,bleeder resistor,泄漏电阻器，分泄电阻器,,2018-03-21
3455273,bleeder turbine,抽汽式汽轮机,,2018-03-21
3455274,bleeder valve,抽汽阀，泄流阀,,2018-03-21
3455275,bleeding coil,排流线圈,,2018-03-21
3455276,bleeding off,放出,,2018-03-21
3455277,blemish,瑕疵,,2018-03-21
3455278,blend,混合物,,2018-03-21
3455279,blended lamp,安定器内藏型水银灯,,2018-03-21
3455280,blender,搅拌器,,2018-03-21
3455281,blending,掺配,,2018-03-21
3455282,blending lighting,混光照明,,2018-03-21
3455283,blind,封闭的,,2018-03-21
3455284,blind coal,无烟煤,,2018-03-21
3455285,blind nut,盲孔螺帽,,2018-03-21
3455286,blind plug,绝缘插头,,2018-03-21
3455287,blind power,无效功率,,2018-03-21
3455288,blind spot,盲点,,2018-03-21
3455289,blind zone,盲区,,2018-03-21
3455290,blinder,盲区，闭锁装置，眼罩，游隙,,2018-03-21
3455291,blink,闪烁,,2018-03-21
3455292,blinker,闪光信号，指示吊牌,,2018-03-21
3455293,blinker lamp,闪光信号灯,,2018-03-21
3455294,blinker signal,闪光信号,,2018-03-21
3455295,blinking signal,点减信号,,2018-03-21
3455296,blip,标志，雷达屏上之目标,,2018-03-21
3455297,blister,气泡,,2018-03-21
3455298,blister copper,粗铜,,2018-03-21
3455299,blister corrosion,起泡腐蚀,,2018-03-21
3455300,Bloch wall,布洛赫壁,,2018-03-21
3455301,block,字组，矿块,,2018-03-21
3455302,block access,成组存取，字组存取,,2018-03-21
3455303,block and fall,滑车，滑车组,,2018-03-21
3455304,block and tackle,滑轮组，滑车组,,2018-03-21
3455305,block based for stator frame,[定子]机座安装平台,,2018-03-21
3455306,block brush,块状电刷，电刷块,,2018-03-21
3455307,block cancel character,信息组作废符号,,2018-03-21
3455308,block capacitor,阻隔电容器,,2018-03-21
3455309,block chart,方块图,,2018-03-21
3455310,block code,分组码，块码,,2018-03-21
3455311,block condenser,阻隔电容器,,2018-03-21
3455312,block constant,字组特性常数(计算机的),,2018-03-21
3455313,block contact,闭塞触点，联锁触点,,2018-03-21
3455314,block data,数据块,,2018-03-21
3455315,block data subprogram,数据块子程序,,2018-03-21
3455316,block diagonal matrix,分块对角矩阵,,2018-03-21
3455317,block diagram,方框图，方块图,,2018-03-21
3455318,block dispatch group,区域调度群,,2018-03-21
3455319,block encoding,分组编码,,2018-03-21
3455320,block error rate,信息组差错率,,2018-03-21
3455321,block gauge,量块，块规,,2018-03-21
3455322,block head,分程序首部，程序块首部,,2018-03-21
3455323,block ignore character,信息组作废符号,,2018-03-21
3455324,block interlacing,分组交错,,2018-03-21
3455325,block journal,有环轴颈，止推轴颈,,2018-03-21
3455326,block layer cell,阻隔层光电池,,2018-03-21
3455327,block layer rectifier,阻隔层整流器,,2018-03-21
3455328,block length,分组码长,,2018-03-21
3455329,block level,闭锁位准，阻隔位准,,2018-03-21
3455330,block load,巨额负载，趸售负载,,2018-03-21
3455331,block mica,块云母，云母块,,2018-03-21
3455332,block multiplexer channel,数组多路通道,,2018-03-21
3455333,block number,成组传送号，区组数,,2018-03-21
3455334,block out,拟计划，画草图，规划,,2018-03-21
3455335,block power plant,河床式电厂,,2018-03-21
3455336,block pulley,滑轮组,,2018-03-21
3455337,block relay,闭锁继电器，闭锁电驿，联锁继电器,,2018-03-21
3455338,block scheme,方框图,,2018-03-21
3455339,block separation of system,系统分组,,2018-03-21
3455340,block signal,分段信号，闭塞号志,,2018-03-21
3455341,block supply,区域供电,,2018-03-21
3455342,block switch,分段开关,,2018-03-21
3455343,block system,闭锁系统,,2018-03-21
3455344,block terminal,分线盒，配电盒，配电箱，端子排,,2018-03-21
3455345,block transfer,信息组传送，整块转移,,2018-03-21
3455346,block winding,闭锁绕组,,2018-03-21
3455347,block-signal system,闭锁信号系统，阻塞信号，阻塞信号系统,,2018-03-21
3455348,block-tridiagonal matrix,块三角阵,,2018-03-21
3455349,blocked impedance,阻隔阻抗，受挡阻抗,,2018-03-21
3455350,blocked level,闭锁位准，阻隔位准,,2018-03-21
3455351,blocked rotor,堵转转子，制动转子,,2018-03-21
3455352,blocked rotor test,堵转试验,,2018-03-21
3455353,blocked voltage,闭锁电压,,2018-03-21
3455354,blocked-grid keying,栅截止键控,,2018-03-21
3455355,blockette,小程序块，分区块，数字组，子群，子块,,2018-03-21
3455356,blocking,阻塞,,2018-03-21
3455357,blocking capacitor,耦合电容器,,2018-03-21
3455358,blocking circuit,阻隔电路,,2018-03-21
3455359,blocking condenser,阻隔电容器,,2018-03-21
3455360,blocking device,阻隔装置，闭塞装置,,2018-03-21
3455361,blocking element,闭锁元件，阻隔元件,,2018-03-21
3455362,blocking gain,阻隔增益,,2018-03-21
3455363,blocking interval,闭锁期间,,2018-03-21
3455364,blocking layer,阻挡层,,2018-03-21
3455365,blocking layer rectifier,阻挡层整流器,,2018-03-21
3455366,blocking level,阻隔位准,,2018-03-21
3455367,blocking mechanism,闭锁机件,,2018-03-21
3455368,blocking nut,锁紧螺帽,,2018-03-21
3455369,blocking oscillator,间歇振荡器,,2018-03-21
3455370,blocking period,闭锁期,,2018-03-21
3455371,blocking relay,闭锁继电器,,2018-03-21
3455372,blocking signal,阻隔信号,,2018-03-21
3455373,blocking state,闭锁状态,,2018-03-21
3455374,blocking switch,阻隔开关,,2018-03-21
3455375,blocking time,阻塞时间，截止时间,,2018-03-21
3455376,blocking tube oscillator,电子管间歇振荡器,,2018-03-21
3455377,blocking voltage,阻隔电压,,2018-03-21
3455378,blocking-oscillator transformer,间歇振荡器变压器,,2018-03-21
3455379,blockmark,块标志,,2018-03-21
3455380,Blondel chart,布朗德尔图表(计算输电线弛度用),,2018-03-21
3455381,Blondel diagram,布朗德尔[相量]图(计算同步电机参数用),,2018-03-21
3455382,Blondel oscillograph,布朗德尔示波器(单回线磁电式示波器),,2018-03-21
3455383,Blondel's theorem,布朗德尔定理,,2018-03-21
3455384,bloom,晕，图象发晕，大钢环,,2018-03-21
3455385,bloomed,无反射的，模糊的，起霜的，发晕的,,2018-03-21
3455386,blooming,模糊现象,,2018-03-21
3455387,bloop,防染音设备,,2018-03-21
3455388,blow,烧断,,2018-03-21
3455389,blow down,放水，排汽，泄放,,2018-03-21
3455390,blow lamp,喷灯,,2018-03-21
3455391,blow off,喷汽,,2018-03-21
3455392,blow out coil,熄弧线圈,,2018-03-21
3455393,blow pipe,吹管,,2018-03-21
3455394,blow torch,喷灯，焊灯，自动吹管灯，焊炬,,2018-03-21
3455395,blow valve,送风阀,,2018-03-21
3455396,blow-by,漏气,,2018-03-21
3455397,blow-cock,排气栓,,2018-03-21
3455398,blow-down valve,放泄阀,,2018-03-21
3455399,blow-in,鼓风，吹入,,2018-03-21
3455400,blow-off cock,排气栓,,2018-03-21
3455401,blow-off pipe,排水管，排气管,,2018-03-21
3455402,blow-off valve,排汽阀,,2018-03-21
3455403,blow-out,灭弧，吹灭,,2018-03-21
3455404,blow-out circuit,灭弧回路,,2018-03-21
3455405,blow-out cock,排气栓，放泄旋塞,,2018-03-21
3455406,blow-out of spark,火花吹灭,,2018-03-21
3455407,blow-out switch,泄放开关，放气开关,,2018-03-21
3455408,blow-through passage,直吹风道,,2018-03-21
3455409,blow-through valve,安全阀，放泄阀，吹除阀,,2018-03-21
3455410,blowdown heat recovery,排放水之热回收,,2018-03-21
3455411,blower,吹风机，鼓风机,,2018-03-21
3455412,blower housing,鼓风机护罩,,2018-03-21
3455413,blower motor,鼓风电动机,,2018-03-21
3455414,blower pressure,鼓风机风压,,2018-03-21
3455415,blower-cooled,强迫风冷的,,2018-03-21
3455416,blowhole,气孔,,2018-03-21
3455417,blowing current,吹弧电流,,2018-03-21
3455418,blowing out,熄灭,,2018-03-21
3455419,blowing-in,鼓风,,2018-03-21
3455420,blowing-out of arc,熄弧,,2018-03-21
3455421,blown fuse indicator,保险丝熔断指示器,,2018-03-21
3455422,blowout coil,消弧线圈，灭弧线圈，磁吹线圈,,2018-03-21
3455423,blowout current,熔断电流，遮断电流,,2018-03-21
3455424,blowout magnet,灭弧磁铁，磁吹磁铁,,2018-03-21
3455425,blowpipe,喷焊器，喷割器，吹管，送风管，压气输送管,,2018-03-21
3455426,blue annealing,发蓝退火,,2018-03-21
3455427,blue asbestos,青石棉,,2018-03-21
3455428,blue glow,蓝辉光,,2018-03-21
3455429,blue light [(photochemical) retinal] hazard,青色光[网膜]伤害,,2018-03-21
3455430,blue magnetism,[磁铁]南极磁性(蓝色),,2018-03-21
3455431,blue print drawing,蓝图,,2018-03-21
3455432,blue printing paper,蓝图纸，晒图纸,,2018-03-21
3455433,blue-finished,蓝色回火的,,2018-03-21
3455434,blue-ribbon program,一流计划,,2018-03-21
3455435,blueprint,蓝图，晒蓝图，计划，订计划,,2018-03-21
3455436,blunt,钝的，钝器,,2018-03-21
3455437,blur,弄污，弄脏，污点，污损，零型探向系统,,2018-03-21
3455438,blurring,模糊，混乱(图象的)，斑点多[的],,2018-03-21
3455439,board,电盘，板,,2018-03-21
3455440,board fade,图象逐渐消失,,2018-03-21
3455441,board guide,插件导轨,,2018-03-21
3455442,Board of Trade unit,商用电量单位(度),,2018-03-21
3455443,board paper,纸板,,2018-03-21
3455444,boatswain's chair,高处工作台,,2018-03-21
3455445,bob,悬锤，秤锤,,2018-03-21
3455446,bobbin,卷线轴，绕线管,,2018-03-21
3455447,bobbin core,带线磁心,,2018-03-21
3455448,bobbin insulator,绕线管式绝缘子,,2018-03-21
3455449,bobbin loader,线盘架,,2018-03-21
3455450,bobbin oil,锭子油,,2018-03-21
3455451,bobbin winding,圆筒式绕组,,2018-03-21
3455452,bobbing,浮动,,2018-03-21
3455453,bobbing machine,振动机,,2018-03-21
3455454,bobweight,反重，平衡锤，秤锤,,2018-03-21
3455455,Bode diagram,波德图,,2018-03-21
3455456,Bode plot,波德图,,2018-03-21
3455457,body,物体，机壳,,2018-03-21
3455458,body (capacitor) effect,电容效应,,2018-03-21
3455459,body case,外壳,,2018-03-21
3455460,body charge,人体电荷,,2018-03-21
3455461,body contact,接壳，碰壳,,2018-03-21
3455462,body current,人体电流,,2018-03-21
3455463,body diode,内接二极体,,2018-03-21
3455464,body force,体力,,2018-03-21
3455465,body leakage,机壳漏电，管身漏电,,2018-03-21
3455466,body of paint,油漆的稠度，油漆的粘度,,2018-03-21
3455467,body of valve,阀体,,2018-03-21
3455468,body plan,正面图，横剖型线图,,2018-03-21
3455469,body stress,内应力，体应力,,2018-03-21
3455470,body type antenna,弹体天线，外壳天线,,2018-03-21
3455471,body-source junction,基底-源极接面,,2018-03-21
3455472,body-spreading resistor,基底-展布电流,,2018-03-21
3455473,body-to-source short,基底-源极短路,,2018-03-21
3455474,bodying,稠化,,2018-03-21
3455475,bodying of oil,油引发聚合,,2018-03-21
3455476,boghead coal,烟煤，泥煤,,2018-03-21
3455477,Bohr magneton,波尔磁子(磁距单位，等于9.27 x 10-21尔格/高斯),,2018-03-21
3455478,Bohr magnetron,波尔磁控管,,2018-03-21
3455479,Bohr radius,波尔半径(约5.29 x 10-9厘米),,2018-03-21
3455480,Bohr's periodic table,波尔[元素]周期表,,2018-03-21
3455481,boil,煮沸，烧开，沸腾，蒸发,,2018-03-21
3455482,boil-off,蒸发，汽化，蒸发损耗,,2018-03-21
3455483,boiler,锅炉,,2018-03-21
3455484,boiler efficiency,锅炉效率,,2018-03-21
3455485,boiler feed pump,锅炉给水泵,,2018-03-21
3455486,boiler horsepower,锅炉马力,,2018-03-21
3455487,boiler pressure,锅炉压力,,2018-03-21
3455488,boiler pump,锅炉给水泵,,2018-03-21
3455489,boiler water conditioning,锅炉水[软化]处理,,2018-03-21
3455490,boiling,沸腾，沸腾的,,2018-03-21
3455491,boiling point,沸点,,2018-03-21
3455492,boiling point-gravity constant,沸点-比重常数(美国石油学会评定柴油燃料的指标),,2018-03-21
3455493,boiling point-viscosity constant,沸点-粘度常数(润滑油特性之一),,2018-03-21
3455494,boiling reactor,沸水式反应器,,2018-03-21
3455495,boiling temperature,沸点(温度),,2018-03-21
3455496,boiling water reactor,沸水式反应器,,2018-03-21
3455497,bolometer,辐射热测定器,,2018-03-21
3455498,bolometer bridge,辐射热计电桥,,2018-03-21
3455499,bolometer bridge circuit,辐射热计桥式电路,,2018-03-21
3455500,bolometer flux meter,辐射热通量测量计,,2018-03-21
3455501,bolometric instrument,辐射热测试,,2018-03-21
3455502,bolster,软垫，垫木，支持物,,2018-03-21
3455503,bolt,螺栓,,2018-03-21
3455504,bolt clippers,断线钳,,2018-03-21
3455505,bolt with stop,止动螺栓,,2018-03-21
3455506,bolt-connected joint,螺栓连接,,2018-03-21
3455507,bolted flange,联接法兰，联接凸缘,,2018-03-21
3455508,bolted three-phase fault,完全三相短路故障,,2018-03-21
3455509,bolted type dead end clamp,螺栓式终端线夹,,2018-03-21
3455510,bolted-on connection,螺栓连接法,,2018-03-21
3455511,bolter,筛选机,,2018-03-21
3455512,bolting,螺栓连接，筛选,,2018-03-21
3455513,bolting machine,筛分机，机械筛，杆柱安装机,,2018-03-21
3455514,Boltzmann constant,波耳兹曼常数,,2018-03-21
3455515,Boltzmann distribution law,波兹曼分布定律,,2018-03-21
3455516,bomb,炸弹，爆炸,,2018-03-21
3455517,bombard,射击，粒子辐射，冲击，撞击,,2018-03-21
3455518,bombarding beam,撞击束,,2018-03-21
3455519,bombarding charge,撞击带电离子,,2018-03-21
3455520,bombarding current,撞击流,,2018-03-21
3455521,bombarding particle,撞击质点,,2018-03-21
3455522,bombarding voltage,撞击电压,,2018-03-21
3455523,bombarding-beam tube,撞击束管道,,2018-03-21
3455524,bombardment,撞击,,2018-03-21
3455525,bombardment-induced conductivity,由电子轰击引致的电导,,2018-03-21
3455526,bona fide physical reason,真实自然之原因,,2018-03-21
3455527,bond,结合，耦合，链，搭接,,2018-03-21
3455528,bond tester,接头电阻测试器,,2018-03-21
3455529,bond type diode,链型二极体，键合二极体,,2018-03-21
3455530,bond wire,接续线(轨道电路)，接合线，焊线,,2018-03-21
3455531,bonded cotton fabric,黏胶布制品,,2018-03-21
3455532,bonded fuel element,结合型燃料元件,,2018-03-21
3455533,bonded inorganic paper,无机胶合纸,,2018-03-21
3455534,bonded motor,定子端盖组合在一起的电动机,,2018-03-21
3455535,bonded organic paper,有机胶合纸,,2018-03-21
3455536,bonded wood,胶合木板,,2018-03-21
3455537,bonding,粘合，结合，[电缆铠甲的]连接，粘结，焊接，屏蔽接地，加固和接地,,2018-03-21
3455538,bonding agent,胶黏剂，黏合剂,,2018-03-21
3455539,bonding strength,黏合强度,,2018-03-21
3455540,bonding strip,电缆防电蚀的铅条,,2018-03-21
3455541,Bonetti machine,一种静电感应产生器,,2018-03-21
3455542,book capacitor,书形微调电容器,,2018-03-21
3455543,book condenser,书形微调电容器,,2018-03-21
3455544,booking time,挂号时间(通话或通报的),,2018-03-21
3455545,bookout service,边界登记交易,,2018-03-21
3455546,Boolean,布尔型,,2018-03-21
3455547,Boolean add,"逻辑加，布尔加，""或""",,2018-03-21
3455548,Boolean algebra,布尔代数，逻辑代数,,2018-03-21
3455549,Boolean complementation,"逻辑求反，布尔求反， ""非""",,2018-03-21
3455550,Boolean computer,布尔计算机,,2018-03-21
3455551,Boolean matrix,布尔矩阵,,2018-03-21
3455552,Boolean NOT,"逻辑求反，布尔求反， ""非""",,2018-03-21
3455553,Boolean OR,"逻辑加，布尔加，""或""",,2018-03-21
3455554,boom,起重杆，转臂,,2018-03-21
3455555,boom brace,吊臂斜杆,,2018-03-21
3455556,boost,加强，提高，增压，加速,,2018-03-21
3455557,boost charge,快速充电，升压充电，加强充电,,2018-03-21
3455558,boost control,增压调节，增压控制,,2018-03-21
3455559,boost converter,升压变换器,,2018-03-21
3455560,boost gauge,增压计,,2018-03-21
3455561,boost motor,助推器，加速器,,2018-03-21
3455562,boost pressure,增压力,,2018-03-21
3455563,boost regulator,增压调节器,,2018-03-21
3455564,boost up circuit,增压电路,,2018-03-21
3455565,boost voltage,辅助电压，附加电压，增高电压，升压,,2018-03-21
3455566,boost-buck response,增减压响应（励磁控制系统的）(of excitation control system),,2018-03-21
3455567,boost-buck transfer function,增减压转移函数,,2018-03-21
3455568,boosted circuit,升压电路,,2018-03-21
3455569,booster,升压器，增压器，助推器，升压线圈，快中子倍增装置,,2018-03-21
3455570,booster amplifier,升压放大器，辅助放大器,,2018-03-21
3455571,booster charge,补充充电，再充电,,2018-03-21
3455572,booster coil,升压线圈，起动线圈,,2018-03-21
3455573,booster diode,升压二极，阻尼二极,,2018-03-21
3455574,booster fan,辅助增压鼓风机,,2018-03-21
3455575,booster light,增加光照,,2018-03-21
3455576,booster magneto,助力磁电机，起动磁电机,,2018-03-21
3455577,booster pump,升压泵,,2018-03-21
3455578,booster relay,升压继电器，加速继电器,,2018-03-21
3455579,booster resistor,升压电阻器,,2018-03-21
3455580,booster station,中继电台,,2018-03-21
3455581,booster storage battery,升压蓄电池组,,2018-03-21
3455582,booster telephone circuit,电话增音电路,,2018-03-21
3455583,booster transformer,升压变器，增压变压器,,2018-03-21
3455584,booster transmitter,辅助发射机,,2018-03-21
3455585,boosting,增压，升压，加速，助推，增加，增大,,2018-03-21
3455586,boosting battery,浮充电池，加压电池,,2018-03-21
3455587,boosting coil,升压线圈,,2018-03-21
3455588,boosting transformer,增压变压器，升压变压器,,2018-03-21
3455589,boot,引出罩，引出帽，罩,,2018-03-21
3455590,booth,小室，棚，通话室，公用电话亭,,2018-03-21
3455591,bootstrap,模拟线路，仿真线，辅助程序，引导指令,,2018-03-21
3455592,bootstrap circuit,自举电路(脉冲形成和放大用),,2018-03-21
3455593,bootstrap input program,引导输入程序,,2018-03-21
3455594,bootstrap integrator,自举电路积分器,,2018-03-21
3455595,bootstrap loader,引导装配程序，辅入引导子程序,,2018-03-21
3455596,bootstrap sawtooth generator,模拟线路锯齿波振荡器，自举电路锯齿波产生器,,2018-03-21
3455597,borax,硼砂，丹石,,2018-03-21
3455598,bord and pillar mining,房柱法，煤柱法,,2018-03-21
3455599,border light,边界灯,,2018-03-21
3455600,border-punched card,边缘穿孔卡片,,2018-03-21
3455601,borderline type,边界类型,,2018-03-21
3455602,bore,孔径，穿孔器，扩孔,,2018-03-21
3455603,bore diameter,定子内径,,2018-03-21
3455604,bore hole lead insulation,轴心孔引线绝缘,,2018-03-21
3455605,bore of stator,定子内腔，定子内径,,2018-03-21
3455606,bore size,内径，孔径，口径,,2018-03-21
3455607,bore-sight,瞄准线，视轴,,2018-03-21
3455608,boreal pole,北极,,2018-03-21
3455609,borehole,内腔；镗孔；凿孔,,2018-03-21
3455610,borehole technology,凿孔技术,,2018-03-21
3455611,borehole technology downhole heat exchanger,井下热交换器技术,,2018-03-21
3455612,borehole technology dual,双钻孔技术,,2018-03-21
3455613,borehole technology multi,多钻孔技术,,2018-03-21
3455614,borehole technology single,单钻孔技术,,2018-03-21
3455615,borehole technology single(concentric pipe),单钻孔(同心管)技术,,2018-03-21
3455616,borer,镗床，镗孔刀具，镗工,,2018-03-21
3455617,borescope,潜望镜，管道镜,,2018-03-21
3455618,boric acid system,硼酸系统,,2018-03-21
3455619,boring,穿孔，钻孔,,2018-03-21
3455620,borocarbon resistor,硼碳电阻器,,2018-03-21
3455621,boron,硼Ｂ,,2018-03-21
3455622,boron carbide,碳化硼,,2018-03-21
3455623,boron steel,硼钢,,2018-03-21
3455624,boron-filtered neutron,硼滤中子,,2018-03-21
3455625,boron-loaded control rod,含硼控制棒,,2018-03-21
3455626,boron-poisoning,硼中毒,,2018-03-21
3455627,borrow,借位，借入,,2018-03-21
3455628,borrow generating device,借位产生器,,2018-03-21
3455629,boss,止档，支柱,,2018-03-21
3455630,Boss-Chaudhuri-Hocquenghem codes,博斯－查德胡里－霍昆格姆码，BCH码,,2018-03-21
3455631,both sideband,双边带,,2018-03-21
3455632,both-way,双向,,2018-03-21
3455633,both-way junction,双向连接,,2018-03-21
3455634,bothway trunk,双向中继线,,2018-03-21
3455635,Bott-Duffin synthesis of RLC network,ＲＬＣ网路博特－达芬合成,,2018-03-21
3455636,bottle,容器,,2018-03-21
3455637,bottle jack,瓶式起重器，瓶式千斤顶,,2018-03-21
3455638,bottle-neck,瓶颈，阻塞，涌塞，难关,,2018-03-21
3455639,bottle-shaped slot,瓶形槽,,2018-03-21
3455640,bottom,底部，最低的，根本的,,2018-03-21
3455641,bottom bar,下层铜条，下鼠笼条(双鼠笼电机的),,2018-03-21
3455642,bottom block,底座,,2018-03-21
3455643,bottom board,座板,,2018-03-21
3455644,bottom bracket,下机架(水轮发电机的),,2018-03-21
3455645,bottom bush,底衬,,2018-03-21
3455646,bottom cap,底盖,,2018-03-21
3455647,bottom case,底座，下箱，底箱(铸造),,2018-03-21
3455648,bottom coil slot,定子下层线圈边,,2018-03-21
3455649,bottom guide bearing,下导轴承,,2018-03-21
3455650,bottom outlet gate,底部放水闸门,,2018-03-21
3455651,bottom plate,底板,,2018-03-21
3455652,bottom reflector,底部反射层，下反射层,,2018-03-21
3455653,bottom slot layer,下层绕组(电机槽中的),,2018-03-21
3455654,bottom view,底视图,,2018-03-21
3455655,bottom yoke,下铁轭(变压器的),,2018-03-21
3455656,bottom-up,倒置，颠倒,,2018-03-21
3455657,bottoming,石块铺底，输出下限(电子器件),,2018-03-21
3455658,bottoming effect,真空效应,,2018-03-21
3455659,boucherizing,用硫酸铜浸渍(木电杆防腐用),,2018-03-21
3455660,Boucherot circuit,波切洛特电路(由LC组成的在恒电压时得到恒电流的电路),,2018-03-21
3455661,Boucherot motor,双鼠笼电动机,,2018-03-21
3455662,Boucherot squirrel-cage motor,双鼠笼式电动机,,2018-03-21
3455663,Boucherot squirrel-cage winding,双鼠笼绕组,,2018-03-21
3455664,Boucherot starting method,波切洛特起动法,,2018-03-21
3455665,Bougie decimal,布吉十进位,,2018-03-21
3455666,bounce,跳动,,2018-03-21
3455667,bounce characteristic,跳动特性,,2018-03-21
3455668,bounce control,跳动控制,,2018-03-21
3455669,bounce-back,反跳,,2018-03-21
3455670,bounce-proof contact,防跳接点,,2018-03-21
3455671,bound,边界，约束，结合的,,2018-03-21
3455672,bound atom,束缚原子,,2018-03-21
3455673,bound charge,束缚电荷,,2018-03-21
3455674,bound electricity,束缚电荷,,2018-03-21
3455675,bound electron,束缚电子,,2018-03-21
3455676,bound pair,界偶,,2018-03-21
3455677,bound scattering,束缚散射,,2018-03-21
3455678,boundary,边界，极限,,2018-03-21
3455679,boundary condition,边界条件,,2018-03-21
3455680,boundary condition for electro magnetic field,电磁场的边界条件,,2018-03-21
3455681,boundary dimension,外形尺寸，轮廓尺寸,,2018-03-21
3455682,boundary effect,边界效应,,2018-03-21
3455683,boundary layer,边界层,,2018-03-21
3455684,boundary layer effect,边界层效应,,2018-03-21
3455685,boundary line,分界线，极限线,,2018-03-21
3455686,boundary resistance,边界电阻，边界阻力,,2018-03-21
3455687,boundary surface,分界面,,2018-03-21
3455688,boundary-contraction method,边界收缩法,,2018-03-21
3455689,bounded above,有上限的,,2018-03-21
3455690,bounded below,有下限的,,2018-03-21
3455691,bounded function,有界函数,,2018-03-21
3455692,bounded variable,约束变量，约束变项,,2018-03-21
3455693,bounded variable algorithm,有界变量算法,,2018-03-21
3455694,boundedness,局限性，限度,,2018-03-21
3455695,boundless,无边际的，无界限的,,2018-03-21
3455696,Bourdan gauge error detector,波丹检差器，波丹检误器,,2018-03-21
3455697,Bourdon tube,布尔登管式压力计,,2018-03-21
3455698,bow,弓弧，滑板弓架，集电弓(电车的),,2018-03-21
3455699,bow arrow cross arm,弓矢型横臂,,2018-03-21
3455700,bow collector,弓型集电器，集电弓,,2018-03-21
3455701,bow pantograph collector,弓型滑接器,,2018-03-21
3455702,bow trolley,集电弓，弓式集电器(电车)，集电弓式[无轨]电车，触轮式[无轨]电车,,2018-03-21
3455703,bowl,盘[照明器具用]，滚球，杯，碗,,2018-03-21
3455704,bowl drain,油杯放油塞,,2018-03-21
3455705,bowl mill,球磨机,,2018-03-21
3455706,bowling-alley test,滚球强度试验,,2018-03-21
3455707,box,箱，盒，匣,,2018-03-21
3455708,box bridge,电阻箱电桥,,2018-03-21
3455709,box coupling,套筒联轴节，函形联轴节,,2018-03-21
3455710,box frame,箱形机座,,2018-03-21
3455711,box horn,喇叭形天线,,2018-03-21
3455712,box iron,槽钢,,2018-03-21
3455713,box loop,环形天线,,2018-03-21
3455714,box metal,轴承合金，减摩合金,,2018-03-21
3455715,box nut,盖形螺帽,,2018-03-21
3455716,box photometer,盒形光度计,,2018-03-21
3455717,box socket wrench,套筒扳手组,,2018-03-21
3455718,box switch,盒形开关,,2018-03-21
3455719,box type arm,盒形支臂（电机）,,2018-03-21
3455720,box type electric furnace,箱型电炉,,2018-03-21
3455721,box-compound,浇注电缆套管的绝缘混合物,,2018-03-21
3455722,box-frame motor,箱形机座电动机,,2018-03-21
3455723,box-like arm,盒形支臂(电机),,2018-03-21
3455724,box-shape construction,盒形结构,,2018-03-21
3455725,box-structure machine,箱型结构电机,,2018-03-21
3455726,box-type rheostat,箱式变阻器,,2018-03-21
3455727,boxcar,闷罐车，有盖货车，棚车，矩形波串,,2018-03-21
3455728,boxed off,隔成小间,,2018-03-21
3455729,boxing,装箱，绕焊，环焊，端部周边焊接，包装材料，制箱材料,,2018-03-21
3455730,Boyle's law,波以耳定律,,2018-03-21
3455731,Boyle-Charlie's law,波以耳－查理定律,,2018-03-21
3455732,brace,撑[臂]，拉条，撑紧，木电杆下的垫基,,2018-03-21
3455733,bracer,拉条,,2018-03-21
3455734,brachy-axis,短轴（晶体的）,,2018-03-21
3455735,bracing,支撑，拉条,,2018-03-21
3455736,bracing cable,拉索,,2018-03-21
3455737,bracing component,支撑件,,2018-03-21
3455738,bracing sheet,加强板,,2018-03-21
3455739,bracing structure,支撑结构,,2018-03-21
3455740,bracing wire,拉线,,2018-03-21
3455741,bracket,轴承架，托架,,2018-03-21
3455742,bracket arm,支臂,,2018-03-21
3455743,bracket block,托架垫块,,2018-03-21
3455744,bracket insulator,支持碍子，托架碍子,,2018-03-21
3455745,bracket lamp,托架灯,,2018-03-21
3455746,bracket light,托架灯,,2018-03-21
3455747,bracket pole,装有交叉支撑的电杆，支杆,,2018-03-21
3455748,bracket type machine,座式轴承电机,,2018-03-21
3455749,Bradfield leading-in insulator,天线引入线碍子,,2018-03-21
3455750,Bragg's law,布拉格定律,,2018-03-21
3455751,Bragstad converter,串级转换器,,2018-03-21
3455752,braid,编织层，编织物，编织,,2018-03-21
3455753,braid conductor,金属线编织的导体,,2018-03-21
3455754,braided cable,编包电缆，屏蔽电缆,,2018-03-21
3455755,braided covered cable,编包电缆，屏蔽电缆,,2018-03-21
3455756,braided shield,编织护套,,2018-03-21
3455757,braided wire,编[织]线，包线,,2018-03-21
3455758,braiding,编织，编包，纤维编织保护层(电缆的),,2018-03-21
3455759,braiding machine,编织机，编包机,,2018-03-21
3455760,brain,"""电脑""，电子计算机",,2018-03-21
3455761,brain machine,自动计算机,,2018-03-21
3455762,brainchild,脑力创造物，脑力创作品,,2018-03-21
3455763,brake,制动，刹车,,2018-03-21
3455764,brake assembly,制动系统，刹车装置,,2018-03-21
3455765,brake axle,制动轴，制动器轴,,2018-03-21
3455766,brake block,制动块,,2018-03-21
3455767,brake controller,制动器，刹车控制器,,2018-03-21
3455768,brake dynamometer,制动测力计，制动测功机,,2018-03-21
3455769,brake electromagnet,制动电磁铁,,2018-03-21
3455770,brake fhermal efficiency,制动热效率,,2018-03-21
3455771,brake gear,制动装置，制动器,,2018-03-21
3455772,brake horse power,制动马力，刹车马力,,2018-03-21
3455773,brake jack,制动千斤顶,,2018-03-21
3455774,brake lamp switch,刹车灯开关,,2018-03-21
3455775,brake light,刹车灯,,2018-03-21
3455776,brake linkage,制动联动装置,,2018-03-21
3455777,brake load,制动负载,,2018-03-21
3455778,brake magnet,制动磁铁，阻尼磁铁,,2018-03-21
3455779,brake mean effective pressure,制动平均有效压力,,2018-03-21
3455780,brake method,制动法,,2018-03-21
3455781,brake moment,制动力矩,,2018-03-21
3455782,brake motor,制动马达,,2018-03-21
3455783,brake pawl,制动掣,,2018-03-21
3455784,brake power,(动力机)制动力,,2018-03-21
3455785,brake pressure,制动压力,,2018-03-21
3455786,brake resistance,制动电阻,,2018-03-21
3455787,brake rigging,制动装置,,2018-03-21
3455788,brake ring,制动环,,2018-03-21
3455789,brake shaft bracket,制动轴架,,2018-03-21
3455790,brake shoe,制动靴,,2018-03-21
3455791,brake specific fuel consumption,制动器单位燃料耗用量,,2018-03-21
3455792,brake switch,制动并联,,2018-03-21
3455793,brake test,制动试验,,2018-03-21
3455794,brake thrust,制动推力,,2018-03-21
3455795,brake torque,制动转矩,,2018-03-21
3455796,brake valve,制动阀,,2018-03-21
3455797,brake-block holder,制动块托架,,2018-03-21
3455798,brake-field tube,制动电场三极管，二次电子抑制管，正栅管,,2018-03-21
3455799,Brakhausen-Kurz oscillator,巴好生-库子振荡器,,2018-03-21
3455800,braking,制动煞车,,2018-03-21
3455801,braking current,制动电流,,2018-03-21
3455802,braking effort,制动作用力,,2018-03-21
3455803,braking energy,制动功，制动能,,2018-03-21
3455804,braking force,制动力,,2018-03-21
3455805,braking jack,制动千斤顶,,2018-03-21
3455806,braking position,制动位置,,2018-03-21
3455807,braking power,制动功率,,2018-03-21
3455808,braking region,制动范围,,2018-03-21
3455809,braking rim,制动环,,2018-03-21
3455810,braking system,制动系统,,2018-03-21
3455811,braking to standstill,制动至全停,,2018-03-21
3455812,branch,分支，支流，转移,,2018-03-21
3455813,branch box,分线盒,,2018-03-21
3455814,branch circuit,支路，分流电路,,2018-03-21
3455815,branch clamp,分线线夹,,2018-03-21
3455816,branch conductor,支线，分支导线,,2018-03-21
3455817,branch connection,分接,,2018-03-21
3455818,branch controller,分支控制器，转移控制器,,2018-03-21
3455819,branch current,分路电流，支路电流,,2018-03-21
3455820,branch exchange,交换分机，分局,,2018-03-21
3455821,branch impedance,支路阻抗,,2018-03-21
3455822,branch impedance matrix,分路阻抗矩阵,,2018-03-21
3455823,branch input signal,分路输入信号,,2018-03-21
3455824,branch instruction,转移指令，分支指令(计算机的),,2018-03-21
3455825,branch joint,分支连接，三通接头，分支接头，分支套管,,2018-03-21
3455826,branch line,分支线，支线，支路,,2018-03-21
3455827,branch office,分局,,2018-03-21
3455828,branch on non-zero,非零转移(计算机的),,2018-03-21
3455829,branch on zero,零转移(计算机的),,2018-03-21
3455830,branch operation,分路动作(计算机的)，分路运算,,2018-03-21
3455831,branch order,分支指令，转移指令(计算机的),,2018-03-21
3455832,branch out,分路，分流　,,2018-03-21
3455833,branch output signal,分路输出信号,,2018-03-21
3455834,branch path,支路，分路　,,2018-03-21
3455835,branch pipe,支管,,2018-03-21
3455836,branch point,节点，分支点,,2018-03-21
3455837,branch resistance,分支电阻,,2018-03-21
3455838,branch subroutine,转移副程序,,2018-03-21
3455839,branch switch,分路开关,,2018-03-21
3455840,branch switch board,分路配电盘,,2018-03-21
3455841,branch terminal,分支线端,,2018-03-21
3455842,branch terminal line,终端支线,,2018-03-21
3455843,branch tracer,转移跟踪程序,,2018-03-21
3455844,branch tube,支管,,2018-03-21
3455845,branch type switchboard,分立型配电盘,,2018-03-21
3455846,branch voltage,分路电压,,2018-03-21
3455847,branch wire,分支线,,2018-03-21
3455848,branch-admittance matrix,分路导纳矩阵,,2018-03-21
3455849,branch-circuit distribution centre,分支电路配电中心,,2018-03-21
3455850,branch-off,分支，分接，分路，分流，分出,,2018-03-21
3455851,branch-path incidence matrix,分路－回路关联矩阵,,2018-03-21
3455852,branched,分支的，分岔的,,2018-03-21
3455853,branched distributor,分支配电线,,2018-03-21
3455854,branched-guide coupler,分支波导耦合器,,2018-03-21
3455855,branching,分支，分接，分路，E2311叉形接头,,2018-03-21
3455856,branching cable,分支电缆,,2018-03-21
3455857,branching operation,分路操作,,2018-03-21
3455858,branching point,分支点,,2018-03-21
3455859,branching switch board,分电盘,,2018-03-21
3455860,branchy,分支的,,2018-03-21
3455861,brand,牌号,,2018-03-21
3455862,brand iron,烙铁,,2018-03-21
3455863,brand mark,商标,,2018-03-21
3455864,brand-new,新制的，崭新的，最新出品的,,2018-03-21
3455865,branded oil,优质油,,2018-03-21
3455866,brander,烙器,,2018-03-21
3455867,brander iron,烙铁,,2018-03-21
3455868,Brant's metal,柏兰特合金,,2018-03-21
3455869,brash,碎片，易脆的,,2018-03-21
3455870,brasq,衬料，填料，炉衬,,2018-03-21
3455871,brasque,衬料，填料，炉衬,,2018-03-21
3455872,brass,黄铜，黄铜的，黄铜轴衬,,2018-03-21
3455873,brass alloys,黄铜合金(铜80~95%，余量为锌),,2018-03-21
3455874,brass plating,镀黄铜,,2018-03-21
3455875,brass pounder,黄铜鞭状天线，无线电信员,,2018-03-21
3455876,brass rod,黄铜条,,2018-03-21
3455877,brass tubing,黄铜管,,2018-03-21
3455878,brass wire,黄铜线,,2018-03-21
3455879,brass wire brush,铜丝刷,,2018-03-21
3455880,brassboard,试验[性]的，模型的，中间试验[装置],,2018-03-21
3455881,brassy,黄铜的,,2018-03-21
3455882,Braun-tube,布朗管(阴极射线管),,2018-03-21
3455883,braze,铜焊，用黄铜制造,,2018-03-21
3455884,braze over,镀黄铜,,2018-03-21
3455885,braze-free,无焊缝的,,2018-03-21
3455886,brazed,铜焊的,,2018-03-21
3455887,brazed joint,铜焊接合,,2018-03-21
3455888,brazed seam,硬焊缝,,2018-03-21
3455889,brazing,焊，铜焊，硬焊,,2018-03-21
3455890,brazing brass,硬焊黄铜,,2018-03-21
3455891,brazing material,铜焊料,,2018-03-21
3455892,brazing metal,硬焊金属，铜焊料,,2018-03-21
3455893,brazing solder,铜焊料,,2018-03-21
3455894,breach,破坏，违犯，破口，裂口,,2018-03-21
3455895,breadboard,试验[电路]板，模拟板，功能试验，实验性的，模型的，试验结构或模型,,2018-03-21
3455896,breadboard design,模拟板设计，面包板设计,,2018-03-21
3455897,breadboard experiment,模拟板实验，面包板实验,,2018-03-21
3455898,breadboarded circuit,模拟板电路，面包板电路,,2018-03-21
3455899,breadth,宽度,,2018-03-21
3455900,breadth coefficient,绕组系数(电机的),,2018-03-21
3455901,breadth factor,宽度因数,,2018-03-21
3455902,breadth of tooth,齿宽,,2018-03-21
3455903,break,断路，断开距离,,2018-03-21
3455904,break arc,切断电弧,,2018-03-21
3455905,break back contact,静接点，开路接点,,2018-03-21
3455906,break contact,断开接点,,2018-03-21
3455907,break contact spring,断开接点簧片,,2018-03-21
3455908,break distance,断开距离,,2018-03-21
3455909,break impulse,切断脉冲,,2018-03-21
3455910,break in,切断，插入,,2018-03-21
3455911,break jack,切断塞孔,,2018-03-21
3455912,break key,断路键,,2018-03-21
3455913,break of conductor,断线,,2018-03-21
3455914,break of load,负载中断,,2018-03-21
3455915,break off,弄断，折断，中止，断开,,2018-03-21
3455916,break out,破裂，断裂，爆发，[突然]发生,,2018-03-21
3455917,break pulse,断路脉冲,,2018-03-21
3455918,break shock,断路（时的电压）冲击,,2018-03-21
3455919,break sign,分隔记号,,2018-03-21
3455920,break spark,断路火花,,2018-03-21
3455921,break step,失步,,2018-03-21
3455922,break switch,断路开关,,2018-03-21
3455923,break test,断裂试验,,2018-03-21
3455924,break through,击穿,,2018-03-21
3455925,break time,切断时间,,2018-03-21
3455926,break up,破裂，断开,,2018-03-21
3455927,break water,防波堤,,2018-03-21
3455928,break-back voltage,转折电压,,2018-03-21
3455929,break-before-make,先断后合,,2018-03-21
3455930,break-before-make contact,先断后合接点,,2018-03-21
3455931,break-break contact,断－断接点,,2018-03-21
3455932,break-break-make contact,断－断－合接点,,2018-03-21
3455933,break-in keying,插话式键控,,2018-03-21
3455934,break-in relay,插入继电器,,2018-03-21
3455935,break-induced current,断路感应电流,,2018-03-21
3455936,break-make contact,断-合-接点，换向接点,,2018-03-21
3455937,break-make-break contact,断-合-断接点,,2018-03-21
3455938,break-make-make contact,断-合-合接点,,2018-03-21
3455939,break-off diagram,断开曲线,,2018-03-21
3455940,break-off temperature,断开温度,,2018-03-21
3455941,break-point instruction,断点指令,,2018-03-21
3455942,break-point operation,断点操作,,2018-03-21
3455943,break-point order,返回指令，断点指令,,2018-03-21
3455944,break-point potentiometer,断点电位计,,2018-03-21
3455945,break-point switch,断点开关,,2018-03-21
3455946,break-point symbol,断点符号,,2018-03-21
3455947,break-point voltage,断点电压,,2018-03-21
3455948,break-up energy,（原子核）分裂能,,2018-03-21
3455949,breakable,易破的,,2018-03-21
3455950,breakage,断线，损耗，折断处,,2018-03-21
3455951,breakage bar,断条,,2018-03-21
3455952,breakaway,起步，脱离,,2018-03-21
3455953,breakaway force,动力，脱离点,,2018-03-21
3455954,breakaway point,断裂点,,2018-03-21
3455955,breakaway speed,飞逸转速,,2018-03-21
3455956,breakaway starting current,起动电流，起步转矩,,2018-03-21
3455957,breakaway torque,起动转矩,,2018-03-21
3455958,breakdown,断裂，故障，击穿，导通,,2018-03-21
3455959,breakdown air gap,破坏空气间隙,,2018-03-21
3455960,breakdown cable,应急电缆，替换电缆,,2018-03-21
3455961,breakdown characteristics,击穿特性[曲线],,2018-03-21
3455962,breakdown charge,击穿电荷,,2018-03-21
3455963,breakdown current,击穿电流,,2018-03-21
3455964,breakdown field strength,击穿电场强度,,2018-03-21
3455965,breakdown in gases,气中破坏,,2018-03-21
3455966,"breakdown in gases, effect of particles",粒子效应的气中破坏,,2018-03-21
3455967,"breakdown in gases, effect of pressure",压力效应的气中破坏,,2018-03-21
3455968,"breakdown in gases, non-uniform field",非均匀场的气中破坏,,2018-03-21
3455969,"breakdown in gases, practical factors affecting",受实际因素影响的气中破坏,,2018-03-21
3455970,"breakdown in gases, streamer mechanism",电子流机制的气中破坏,,2018-03-21
3455971,"breakdown in gases, time lag",时间落后的气中破坏,,2018-03-21
3455972,"breakdown in gases, Townsend mechanism of",气中破坏的汤森机制,,2018-03-21
3455973,breakdown in liquids,液中破坏,,2018-03-21
3455974,"breakdown in liquids, effect of bubbles",泡沫效应的液中破坏,,2018-03-21
3455975,"breakdown in liquids, effect of water",水效应的液中破坏,,2018-03-21
3455976,"breakdown in liquids, ffect of particles",粒子效应的液中破坏,,2018-03-21
3455977,"breakdown in liquids, intrinsic",本质的液中破坏,,2018-03-21
3455978,breakdown in solids,固体中破坏,,2018-03-21
3455979,"breakdown in solids, electrochemical",电化学的固体中破坏,,2018-03-21
3455980,"breakdown in solids, electromechanical",机电的固体中破坏,,2018-03-21
3455981,"breakdown in solids, erosion",腐蚀的固体中破坏,,2018-03-21
3455982,"breakdown in solids, intrinsic",本质的固体中破坏,,2018-03-21
3455983,"breakdown in solids, surface",表面的固体中破坏,,2018-03-21
3455984,"breakdown in solids, thermal",热学的固体中破坏,,2018-03-21
3455985,breakdown in vacuo,液泡中破坏,,2018-03-21
3455986,breakdown maintenance,故障维修,,2018-03-21
3455987,breakdown minimum,最低击穿[电压],,2018-03-21
3455988,breakdown of insulation,绝缘击穿，绝线崩溃，绝线破坏,,2018-03-21
3455989,breakdown of oilfilm,油膜破坏,,2018-03-21
3455990,breakdown point,破坏点，击穿点，崩溃点,,2018-03-21
3455991,breakdown potential,击穿电势，击穿电压,,2018-03-21
3455992,breakdown potential gradient,击穿电位梯度,,2018-03-21
3455993,breakdown power,击穿功率，破坏功率,,2018-03-21
3455994,breakdown region,击穿范围(电压)，击穿区(材料),,2018-03-21
3455995,breakdown signal,故障信号，击穿信号,,2018-03-21
3455996,breakdown slip,脱载转差，极限转差率，停转转差率，临界转差率,,2018-03-21
3455997,breakdown spot,击穿点,,2018-03-21
3455998,breakdown strength,击穿强度,,2018-03-21
3455999,breakdown switch,故障开关,,2018-03-21
3456000,breakdown test,破坏试验，断裂试验，击穿试验，耐压试验,,2018-03-21
3456001,breakdown time,击穿时间，破坏期,,2018-03-21
3456002,breakdown torque,失步转矩，停转转矩，脱载转矩,,2018-03-21
3456003,breakdown voltage,崩溃电压，破坏电压，击穿电压,,2018-03-21
3456004,"breakdown voltage, correction factors for",破坏电压的校正因数,,2018-03-21
3456005,breakdown(electric strength),介质破坏,,2018-03-21
3456006,breakdown-torque speed,停转转速，临界转速(感应电机的),,2018-03-21
3456007,breaker,断路器,,2018-03-21
3456008,breaker back-up,断路后备装置，备用断路器,,2018-03-21
3456009,breaker bolt,安全螺栓,,2018-03-21
3456010,Breaker constant,断路器常数,,2018-03-21
3456011,breaker fail protection,断路器失效保护,,2018-03-21
3456012,breaker switch,断路开关,,2018-03-21
3456013,breaker time,断路器跳开时间,,2018-03-21
3456014,breaker trip coil,断路器跳脱线圈,,2018-03-21
3456015,breaking,断路,,2018-03-21
3456016,breaking arc,切断电弧,,2018-03-21
3456017,breaking capacity,遮断容量，断路容量,,2018-03-21
3456018,breaking capacity test,遮断容量试验，断路容量试验,,2018-03-21
3456019,breaking coil,跳开线圈,,2018-03-21
3456020,breaking current,遮断电流,,2018-03-21
3456021,breaking device,断路装置,,2018-03-21
3456022,breaking distance,断距,,2018-03-21
3456023,breaking elongation,致断延伸,,2018-03-21
3456024,breaking in,试车，磨合,,2018-03-21
3456025,breaking link,破断连杆（水轮机）,,2018-03-21
3456026,breaking load,破坏荷重,,2018-03-21
3456027,breaking moment,断裂力矩，切断瞬间,,2018-03-21
3456028,breaking of contact,断接,,2018-03-21
3456029,breaking point,击穿点，断裂点,,2018-03-21
3456030,breaking speed,断路速率,,2018-03-21
3456031,breaking step,失步，乱步,,2018-03-21
3456032,breaking strain,破裂应变,,2018-03-21
3456033,breaking strength,抗断强度，破坏强度，击穿强度,,2018-03-21
3456034,breaking stress,致断应力，断裂应力，破裂应力,,2018-03-21
3456035,breaking test,破坏试验，断裂试验,,2018-03-21
3456036,breaking-down point,破坏点,,2018-03-21
3456037,breaking-down test,击穿试验,,2018-03-21
3456038,breaking-in period,试车期,,2018-03-21
3456039,breakout box (BOB),接线盒,,2018-03-21
3456040,breakover,穿通，导通，转折,,2018-03-21
3456041,breakover current,导通电流，转折电流,,2018-03-21
3456042,breakover device,转折元件,,2018-03-21
3456043,breakover point,导通点，转折点,,2018-03-21
3456044,breakover voltage,导通电压,,2018-03-21
3456045,breakpoint,断点,,2018-03-21
3456046,breakwind,挡风罩，防风林,,2018-03-21
3456047,breast drill,曲柄钻,,2018-03-21
3456048,breast plate microphone,胸前佩挂传声器,,2018-03-21
3456049,breast telephone,胸挂电话机,,2018-03-21
3456050,breast transmitter,胸前发送器,,2018-03-21
3456051,breastplate,挡风板,,2018-03-21
3456052,breather,呼吸器，给油箱，呼吸器，通风口,,2018-03-21
3456053,breather pipe,通气管,,2018-03-21
3456054,"breather, dehydrating",干式呼吸器,,2018-03-21
3456055,breathing,通气，呼吸,,2018-03-21
3456056,breathing action,换气作用,,2018-03-21
3456057,breathing apparatus,呼吸器,,2018-03-21
3456058,breathing tolerance,呼吸允许剂量,,2018-03-21
3456059,bred,增殖，滋生,,2018-03-21
3456060,bred fuel,增殖燃料,,2018-03-21
3456061,bred material,增殖出来的材料，滋生的材料,,2018-03-21
3456062,breech,烟道,,2018-03-21
3456063,breech pipe,叉管,,2018-03-21
3456064,breed,增殖(反应堆的)，倍增，再生，引起，造成，生育，繁殖，养育，品种，种类,,2018-03-21
3456065,breeder,增殖反应器，滋生反应器,,2018-03-21
3456066,breeder assembly,组件,,2018-03-21
3456067,breeder blanket,增殖再生区，滋生再生区,,2018-03-21
3456068,breeder element,元件,,2018-03-21
3456069,breeder element assembly,组件,,2018-03-21
3456070,breeder pile,增殖[反应]器，滋生器,,2018-03-21
3456071,breeder plant,增殖[反应]电厂，滋生电厂,,2018-03-21
3456072,breeder reactor,滋生反应器，增殖[反应]器,,2018-03-21
3456073,breeder reactor power plant,增殖[反应]器电厂,,2018-03-21
3456074,breeder-converter,增殖-转换反应器，滋生转换反应器,,2018-03-21
3456075,breeding,增殖(反应器的)，倍增，再生，滋生,,2018-03-21
3456076,breeding fire,自燃,,2018-03-21
3456077,breeding gain,增殖增益，滋生增益,,2018-03-21
3456078,breeding properties,增殖特性，滋生特性,,2018-03-21
3456079,breeding rate,增殖率，滋生率,,2018-03-21
3456080,breeding ratio,滋生比，增殖比,,2018-03-21
3456081,breeze,微风，煤粉，煤屑,,2018-03-21
3456082,bremsstrahlung,轫致辐射,,2018-03-21
3456083,brennschluss,断火，熄火，燃烧终结,,2018-03-21
3456084,Brewster angle,极化角，布侕斯特角,,2018-03-21
3456085,brick,程序块，砖,,2018-03-21
3456086,bridge,电桥，桥，桥接线，桥路，桥接，跨接，桥形网络,,2018-03-21
3456087,bridge across,桥接，跨接,,2018-03-21
3456088,bridge amplifier,桥式放大器,,2018-03-21
3456089,bridge arm,电桥[比例]臂，比例臂,,2018-03-21
3456090,bridge arm ratio,电桥比,,2018-03-21
3456091,bridge balance equation,电桥平衡方程式,,2018-03-21
3456092,bridge box,电桥箱,,2018-03-21
3456093,bridge calibration,电桥校准,,2018-03-21
3456094,bridge circuit,桥式电路,,2018-03-21
3456095,bridge circuit method,电桥电路法,,2018-03-21
3456096,bridge configuration,桥式接线,,2018-03-21
3456097,bridge connection,桥接,,2018-03-21
3456098,bridge connector,桥接线,,2018-03-21
3456099,bridge converter,桥式转换器,,2018-03-21
3456100,bridge crane,桥式起重机,,2018-03-21
3456101,bridge current,桥接电流,,2018-03-21
3456102,bridge cut-off relay,桥式断路继电器,,2018-03-21
3456103,bridge Dawes-Hoover,陶思－胡佛电桥,,2018-03-21
3456104,bridge diagram,桥式电路图,,2018-03-21
3456105,bridge duplex system,桥接双工系统,,2018-03-21
3456106,bridge feedback,桥式反馈，桥式回授,,2018-03-21
3456107,bridge fuse,桥接保险丝,,2018-03-21
3456108,bridge gauge,桥规,,2018-03-21
3456109,bridge limiter,桥式限幅器,,2018-03-21
3456110,bridge measurement,电桥测量,,2018-03-21
3456111,bridge measurements of dielectric properties,介电性质的桥式量测,,2018-03-21
3456112,bridge megger,桥式兆欧表，桥式绝缘测量器,,2018-03-21
3456113,bridge method,电桥法，桥接法,,2018-03-21
3456114,bridge motor,[桥式]起重[机用]电动机,,2018-03-21
3456115,bridge network,桥型网路,,2018-03-21
3456116,bridge neutralizing,桥接抵消[极间电容]法,,2018-03-21
3456117,bridge oscillator,桥式振荡器,,2018-03-21
3456118,bridge over,跨接，桥接,,2018-03-21
3456119,bridge ratio arm,电桥比率臂,,2018-03-21
3456120,bridge ratio resistance,电桥比率(电)阻,,2018-03-21
3456121,bridge rectifier,桥式整流器,,2018-03-21
3456122,bridge test,电桥测试,,2018-03-21
3456123,bridge transformer,拼合线圈，桥式差接变压器,,2018-03-21
3456124,bridge transformer (hybrid coil),桥式差接变压器，混合线圈，等差作用线圈，岔路线圈,,2018-03-21
3456125,bridge transition,桥式换接过程,,2018-03-21
3456126,bridge wire,[测量]电桥标准导线,,2018-03-21
3456127,bridge-cut-off,桥式断路,,2018-03-21
3456128,bridge-cut-off test,桥式断路试验,,2018-03-21
3456129,bridge-type contact,桥式接点,,2018-03-21
3456130,bridge-type feedback,桥式反馈，桥式回授,,2018-03-21
3456131,bridge-type frequency meter,桥式频率计,,2018-03-21
3456132,bridge-type measuring unit,桥式测量装置,,2018-03-21
3456133,bridged circuit,电桥电路，跨接电路,,2018-03-21
3456134,bridged-T bridge,桥（接）Ｔ（形）电桥,,2018-03-21
3456135,bridged-T filter,桥（接）Ｔ（形）滤波器,,2018-03-21
3456136,bridged-T network,桥（接）Ｔ（形）网路,,2018-03-21
3456137,bridged-T tap,桥（接）Ｔ（形）抽头,,2018-03-21
3456138,bridged-T trap,桥（接）Ｔ（形）陷波器,,2018-03-21
3456139,bridging,分路，分流，跨接，桥接,,2018-03-21
3456140,bridging amplifier,桥式放大器,,2018-03-21
3456141,bridging bar,桥接杆,,2018-03-21
3456142,bridging coil,桥接线圈,,2018-03-21
3456143,bridging condenser,桥接电容器,,2018-03-21
3456144,bridging jack,桥接塞孔,,2018-03-21
3456145,bridging line,桥接线，跨接线,,2018-03-21
3456146,bridging multiple switchboard,关联复式交换机,,2018-03-21
3456147,bridging order,连接指令，返回指令,,2018-03-21
3456148,bridging plug,桥接插头,,2018-03-21
3456149,bridging relay contacts,桥接电驿接点,,2018-03-21
3456150,bridging wiper,桥接弧刷，关接弧刷,,2018-03-21
3456151,bridle,悬吊接触导线的纵向吊索，束带，短索，拖绳，紧船索，限动器,,2018-03-21
3456152,bridle anemometer,制动风速表,,2018-03-21
3456153,bridle wire,跳线，绝缘跨接线,,2018-03-21
3456154,brief,简短的，简明的，短暂的，提要，摘要，短文,,2018-03-21
3456155,brigade,班，组，队，大队,,2018-03-21
3456156,Brigg's logarithm,常用对数，布氏对数,,2018-03-21
3456157,bright,亮度,,2018-03-21
3456158,bright bolt,光螺栓,,2018-03-21
3456159,bright dip,光亮浸渍，光洁浸渍,,2018-03-21
3456160,bright emitter,白炽热发射电子管，高能热离子管(于2600K时放射电子),,2018-03-21
3456161,bright finished,磨光的，镜面抛光的，光洁处理的,,2018-03-21
3456162,bright line,明线，亮线,,2018-03-21
3456163,bright nut,光螺帽,,2018-03-21
3456164,bright spot,辉点，亮点,,2018-03-21
3456165,bright trace,亮迹,,2018-03-21
3456166,bright-polished,镜面抛光的，磨光的,,2018-03-21
3456167,brighten,发光，发亮，抛光,,2018-03-21
3456168,brightened dot,亮点(指示器屏上的),,2018-03-21
3456169,brightener,光亮剂，抛光剂,,2018-03-21
3456170,brightening pulse,[扫描]辉度脉波，亮度脉波,,2018-03-21
3456171,brightness,明亮,,2018-03-21
3456172,brightness coefficient,亮度系数,,2018-03-21
3456173,brightness contrast,亮度对比,,2018-03-21
3456174,brightness control,亮度控制,,2018-03-21
3456175,brightness distribution curve,亮度分布曲线,,2018-03-21
3456176,brightness flicker,亮度闪烁,,2018-03-21
3456177,brightness fluctuation,亮度波动,,2018-03-21
3456178,brightness meter,亮度计,,2018-03-21
3456179,brightness of louver,遮[窗]板亮度,,2018-03-21
3456180,brightness of street surface,路面亮度,,2018-03-21
3456181,brightness pulse,[扫描]照明脉波，亮度脉波,,2018-03-21
3456182,brightness pyrometer,亮度高温计,,2018-03-21
3456183,brightness ratio,亮度比,,2018-03-21
3456184,brightness regulator,亮度调节器，亮度控制器,,2018-03-21
3456185,brightness scanning,明暗扫描(用光源强度的变化进行),,2018-03-21
3456186,brightness signal,黑白信号，亮度信号,,2018-03-21
3456187,brightness transfer characteristic,亮度传输特性，亮度转移特性,,2018-03-21
3456188,brightness-voltage characteristic,亮度-电压特性,,2018-03-21
3456189,Brighton system,最大需电量供电收费制,,2018-03-21
3456190,brightplating,光亮电镀,,2018-03-21
3456191,brilliance,光辉，辉度，亮度,,2018-03-21
3456192,brilliance modulation,亮度调变,,2018-03-21
3456193,brilliancy control,辉度控制,,2018-03-21
3456194,brilliant modulation,辉度调变,,2018-03-21
3456195,brilliant white,白炽光,,2018-03-21
3456196,Brillouin flux density,布里元磁通密度,,2018-03-21
3456197,Brillouin zone,布里元区(半导体的),,2018-03-21
3456198,brim,边，缘,,2018-03-21
3456199,brimstone acid,硫酸,,2018-03-21
3456200,brine,盐水，矿化水，海水,,2018-03-21
3456201,brine lixiviant,盐水溶液,,2018-03-21
3456202,brine method,盐水法(测定水流量的一种方法),,2018-03-21
3456203,Brinell ball test,布氏球印试验，布氏硬度试验,,2018-03-21
3456204,Brinell figure,布氏硬度值,,2018-03-21
3456205,Brinell machine,布氏金属硬度[试验]机,,2018-03-21
3456206,Brinell number,布氏硬度值,,2018-03-21
3456207,Brinell tester,布氏硬度计,,2018-03-21
3456208,Brinell's method,布氏[压痕试验],,2018-03-21
3456209,Brinell-hardness,布氏硬度,,2018-03-21
3456210,bring,带来，招致，引起，产生,,2018-03-21
3456211,bring about...,引起，发生,,2018-03-21
3456212,bring down,浓缩，使下降，收缩,,2018-03-21
3456213,bring forth...,产生，发表，发展,,2018-03-21
3456214,bring forward,提出，提前,,2018-03-21
3456215,bring in,带进，引入,,2018-03-21
3456216,bring in phase,使同相,,2018-03-21
3456217,bring into operation,投入运行，开动，使运转,,2018-03-21
3456218,bring into production,投入生产,,2018-03-21
3456219,bring into service,使工作，使运行,,2018-03-21
3456220,bring into step,使同步，整步,,2018-03-21
3456221,bring into use,[开始]使用,,2018-03-21
3456222,bring out,发表，出版，显视，阐明，引出[接线],,2018-03-21
3456223,bring to critical,使达临界,,2018-03-21
3456224,bring to rest,停车，停止运行,,2018-03-21
3456225,bring together,集合，汇集，组装,,2018-03-21
3456226,bring under,制服，控制，纳入,,2018-03-21
3456227,bring up to date,使现代化，使跟上现状,,2018-03-21
3456228,bring up...,培养，提出，使...停止,,2018-03-21
3456229,bring...into action,实行，使发生作用，使动作，开动,,2018-03-21
3456230,bring...to light,显露，揭露，发现,,2018-03-21
3456231,brinishness,含盐度,,2018-03-21
3456232,brink,边缘,,2018-03-21
3456233,briny,盐的，碱的，腌的,,2018-03-21
3456234,briqetting,煤球制造,,2018-03-21
3456235,briqetting binderless,无胶结,,2018-03-21
3456236,briqetting hot,热,,2018-03-21
3456237,briqetting with binders,胶结煤球制造,,2018-03-21
3456238,briquet,团块，煤球,,2018-03-21
3456239,briquette,团块，坯块,,2018-03-21
3456240,briquetting,压型，压制成块,,2018-03-21
3456241,British Grid,英国大电力网，英国高压电网,,2018-03-21
3456242,British horse power,英制马力,,2018-03-21
3456243,British Standard Wire Gauge (B.S.W.G.),英国标准线规,,2018-03-21
3456244,British system of unit,英国单位制,,2018-03-21
3456245,British thermal unit{=BTU},英制热量单位,,2018-10-15
3456246,brittle,脆的,,2018-03-21
3456247,brittle mica,脆云母,,2018-03-21
3456248,brittle point,脆化点,,2018-03-21
3456249,brittleness,脆度，脆性,,2018-03-21
3456250,broach,拉刀，铰刀，拉削，铰,,2018-03-21
3456251,broaching machine,铰孔机，拉床,,2018-03-21
3456252,broad,宽的，主要的，宽频带响应，扩孔工具,,2018-03-21
3456253,broad band,宽(频)带，宽波段,,2018-03-21
3456254,broad pulse,宽脉波,,2018-03-21
3456255,broad resonance,宽共振,,2018-03-21
3456256,broad tuning,宽调谐，钝调谐，粗调,,2018-03-21
3456257,broad-base tower,分腿基础输电线路塔，宽基塔(输电线路的),,2018-03-21
3456258,broadband antenna,宽频带天线,,2018-03-21
3456259,broadband light pump,宽频带光泵,,2018-03-21
3456260,broadband matching circuit,宽频带匹配电路,,2018-03-21
3456261,broadband transformer,宽频带变压器,,2018-03-21
3456262,broadband video detector,宽带视频检波器,,2018-03-21
3456263,broadcast,广播,,2018-03-21
3456264,broadcast band,广播波段,,2018-03-21
3456265,broadcast by television,电视广播,,2018-03-21
3456266,broadcast relaying,[广播]转播，广播中继,,2018-03-21
3456267,broadcast studio,播音室,,2018-03-21
3456268,broadcast transmission,广播传输,,2018-03-21
3456269,broadcast transmitter,广播发射器,,2018-03-21
3456270,broadcast transmitting station,广播电台，广播发射台,,2018-03-21
3456271,broadcaster,广播台，广播装置，广播员,,2018-03-21
3456272,broadcasting frequency,广播频率,,2018-03-21
3456273,broadcasting program,广播节目,,2018-03-21
3456274,broadly speaking,概括地说,,2018-03-21
3456275,broadness,宽度，广度,,2018-03-21
3456276,broadside,宽边，宽面,,2018-03-21
3456277,broadside array,垂射天线阵，端射天线阵，多列同相天线阵,,2018-03-21
3456278,broadside directional antenna,垂射天线，边射天线，同相天线,,2018-03-21
3456279,broadside method,永久磁铁磁矩决定法,,2018-03-21
3456280,brog,曲柄手摇钻,,2018-03-21
3456281,broil,烧烤，焙，锻烧，酷暑，酷热,,2018-03-21
3456282,broiler,焙器,,2018-03-21
3456283,broken,断开的，断路的，破坏的,,2018-03-21
3456284,broken circuit,断路，开路,,2018-03-21
3456285,broken line,虚线，折线，断线,,2018-03-21
3456286,broken number,余数分数,,2018-03-21
3456287,broken oil,澄清了的油,,2018-03-21
3456288,broken wire,断线,,2018-03-21
3456289,broken-down,临时出故障的，坏了的,,2018-03-21
3456290,broken-out section view,局部剖视,,2018-03-21
3456291,broker,代理人，经纪人，掮客,,2018-03-21
3456292,bromin(e) (Br),溴,,2018-03-21
3456293,brontograph,雷暴自记器，雷雨计,,2018-03-21
3456294,brontometer,雷雨表，雷暴计,,2018-03-21
3456295,bronze,青铜，镀青铜,,2018-03-21
3456296,bronze alloys,青铜合金,,2018-03-21
3456297,bronze brush,青铜电刷,,2018-03-21
3456298,bronze conductor,青铜线,,2018-03-21
3456299,bronze leaf brush,青铜片电刷,,2018-03-21
3456300,bronze tape,青铜带,,2018-03-21
3456301,bronze wire,青铜线,,2018-03-21
3456302,bronzing,镀青铜，涂青铜色,,2018-03-21
3456303,Brook's inductometer,布鲁克电感计,,2018-03-21
3456304,Brook's variable self inductor,布鲁克型可变自感器,,2018-03-21
3456305,broom,自动搜索干扰振荡器，扫帚,,2018-03-21
3456306,broomstick,干扰抑制器,,2018-03-21
3456307,Brown and Sharpe Wire Gauge,布朗-夏普线规，BS(B & S)线规，美国线规,,2018-03-21
3456308,brown coal,褐煤,,2018-03-21
3456309,brown coal dried,干,,2018-03-21
3456310,brownout,节约用电，灯火管制，[为了节约用电而]降低电压,,2018-03-21
3456311,Bruce antenna,倒V形天线,,2018-03-21
3456312,Bruger Permeameter,布汝格磁导计,,2018-03-21
3456313,Brune synthesis of RLC network,RLC网路布恩合成,,2018-03-21
3456314,brush,刷，电刷，刷掉,,2018-03-21
3456315,brush angle,电刷倾角,,2018-03-21
3456316,brush applied coating,电刷涂层,,2018-03-21
3456317,brush arc,电刷弧度，[电]刷[电]弧,,2018-03-21
3456318,brush arm,刷[握]臂,,2018-03-21
3456319,brush assembly,电刷装配,,2018-03-21
3456320,brush back,后刷边,,2018-03-21
3456321,brush backward lead,电刷反向超前,,2018-03-21
3456322,brush box,刷盒,,2018-03-21
3456323,brush bracket,[电]刷架,,2018-03-21
3456324,brush carbon,电刷碳,,2018-03-21
3456325,brush carrier,刷握，刷架,,2018-03-21
3456326,brush changing,电刷更换,,2018-03-21
3456327,brush chattering,电刷振动，电刷震颤,,2018-03-21
3456328,brush clamp,电刷夹，电刷接线端,,2018-03-21
3456329,brush coat,涂层刷漆,,2018-03-21
3456330,brush contact,电刷接点,,2018-03-21
3456331,brush contact resistance,电刷接触电阻,,2018-03-21
3456332,brush contact surface,电刷接触面,,2018-03-21
3456333,brush contact voltage,电刷接触电压,,2018-03-21
3456334,brush cord,[电]刷辫，电刷软绳,,2018-03-21
3456335,brush corona,电刷电晕,,2018-03-21
3456336,brush covering factor,电刷覆盖因数,,2018-03-21
3456337,brush current,电刷电流,,2018-03-21
3456338,brush curve,电刷曲线(电刷接触压降分布曲线),,2018-03-21
3456339,brush discharge,电刷放电,,2018-03-21
3456340,brush displacement,电刷位移,,2018-03-21
3456341,brush dust,刷粉，刷灰(电刷磨损而成),,2018-03-21
3456342,brush edge,电刷刷边,,2018-03-21
3456343,brush electrode,刷式电极，电刷,,2018-03-21
3456344,brush end,电刷端面,,2018-03-21
3456345,brush film,电刷膜,,2018-03-21
3456346,brush finger,电刷压指，刷指,,2018-03-21
3456347,brush forward lead,电刷正向超前,,2018-03-21
3456348,brush friction,电刷摩擦,,2018-03-21
3456349,brush friction loss,电刷摩擦损失,,2018-03-21
3456350,brush front,前刷边,,2018-03-21
3456351,brush glowing,电刷红热，电刷灼热,,2018-03-21
3456352,brush grade,电刷等级，电刷牌号,,2018-03-21
3456353,brush heel,电刷滑入边,,2018-03-21
3456354,brush holder,刷座，刷握,,2018-03-21
3456355,brush holder arm,刷座臂，刷握臂,,2018-03-21
3456356,brush holder yoke,刷[握支]架，移刷臂,,2018-03-21
3456357,brush inclination,电刷倾角，电刷倾度,,2018-03-21
3456358,brush interference,电刷干扰,,2018-03-21
3456359,brush lead,电刷移前，电刷引线,,2018-03-21
3456360,brush life,电刷寿命,,2018-03-21
3456361,brush lifting device,举刷装置,,2018-03-21
3456362,brush light,刷形光,,2018-03-21
3456363,brush loss,电刷损耗,,2018-03-21
3456364,brush noise,电刷噪音,,2018-03-21
3456365,brush position,电刷位置,,2018-03-21
3456366,brush pressure,[电]刷压[力],,2018-03-21
3456367,brush reader,[计算机的]电刷读入机,,2018-03-21
3456368,brush resistance,电刷电阻,,2018-03-21
3456369,brush resistance loss,电刷电阻损耗，刷阻损耗,,2018-03-21
3456370,brush rigging,刷握,,2018-03-21
3456371,brush ring,刷[架]环,,2018-03-21
3456372,brush rocker ring,电刷摇移环,,2018-03-21
3456373,brush rod,刷杆，刷臂,,2018-03-21
3456374,brush shift,电刷位移,,2018-03-21
3456375,brush shifting control,移刷调整(发电机电压的),,2018-03-21
3456376,brush shifting device,移刷装置,,2018-03-21
3456377,brush shoe,刷靴,,2018-03-21
3456378,brush shoulder,[电]刷肩,,2018-03-21
3456379,brush shunt,电刷连线，电刷分路,,2018-03-21
3456380,brush slot,电刷槽,,2018-03-21
3456381,brush spacing,电刷间隔,,2018-03-21
3456382,brush spark,电刷火花,,2018-03-21
3456383,brush spindle,电刷柄,,2018-03-21
3456384,brush spring,刷握弹簧，刷簧,,2018-03-21
3456385,brush square shaft,刷架方轴,,2018-03-21
3456386,brush station,[穿孔卡片]电刷站，刷子站,,2018-03-21
3456387,brush stud,电刷螺杆,,2018-03-21
3456388,brush surface discharge,刷面放电,,2018-03-21
3456389,brush toe,后刷边，刷趾,,2018-03-21
3456390,brush track,刷迹圈(电刷所接触的环带),,2018-03-21
3456391,brush treatment,电刷处理，涂刷防腐剂,,2018-03-21
3456392,brush trimmer,电刷微调器,,2018-03-21
3456393,brush voltage,刷电压(电刷间的电压),,2018-03-21
3456394,brush wear,电刷磨损,,2018-03-21
3456395,brush wheel,刷轮,,2018-03-21
3456396,brush width,电刷宽度,,2018-03-21
3456397,brush wire,电刷引线，刷用钢丝,,2018-03-21
3456398,brush with tail,带尾电刷，带刷辫电刷,,2018-03-21
3456399,brush yoke,[电]刷架，独立刷杆座,,2018-03-21
3456400,brush-and-spray discharge,刷形放电,,2018-03-21
3456401,brush-carriage,电刷托架,,2018-03-21
3456402,brush-carrier ring,[移动]刷架环,,2018-03-21
3456403,brush-contact loss,电刷接触损耗,,2018-03-21
3456404,brush-holder plate,电刷架,,2018-03-21
3456405,brush-holder rod,刷[握]杆，刷[握]臂,,2018-03-21
3456406,brush-holder spring,刷握弹簧，电刷弹簧,,2018-03-21
3456407,brush-holder stud,刷握支柱，刷杆,,2018-03-21
3456408,brush-holder support,刷[握支]架,,2018-03-21
3456409,brush-lifing motor,举刷型电动机(电刷可举起的电动机),,2018-03-21
3456410,brush-lifting device,举刷装置,,2018-03-21
3456411,brush-lubricated,油刷润滑的,,2018-03-21
3456412,brush-rocker,移动刷架，电刷摇杆，独立刷杆座,,2018-03-21
3456413,brush-shifting motor,移刷型电动机,,2018-03-21
3456414,brushgear,电刷装置,,2018-03-21
3456415,brushgear housing,电刷座,,2018-03-21
3456416,brushgear lead,电刷引线,,2018-03-21
3456417,brushgear yoke,电刷架，电刷座,,2018-03-21
3456418,brushing,刷尖放电，火花束放电，刷去，刷亮,,2018-03-21
3456419,brushing test,刷损试验,,2018-03-21
3456420,brushless,无电刷的,,2019-09-03
3456421,brushless cascade alternator,无刷串级同步发电机,,2018-03-21
3456422,brushless d.c. motor,无刷直流电动机,,2018-03-21
3456423,brushless excitation,无刷励磁，无刷激磁,,2018-03-21
3456424,brushless exciter,无刷励磁机，无刷激磁机,,2018-03-21
3456425,brushless generator,无刷发电机,,2018-03-21
3456426,brushless motor,无刷电动机,,2018-03-21
3456427,brushless Scherbius control,无刷串级调速，无刷谢尔必斯式调速,,2018-03-21
3456428,brushless synchronous generator,无刷同步发电机,,2018-03-21
3456429,brushless thyristor excitation,无刷闸流体励磁,,2018-03-21
3456430,brushless-dc motor,无电刷式直流马达,,2018-03-21
3456431,Brussels classification system,布鲁塞尔[分类]系统，通用十进制[分类]系统,,2018-03-21
3456432,Brussels system,布鲁塞尔[分类]系统，通用十进制[分类]系统,,2018-03-21
3456433,brute force filter,平滑滤波器，倒L形滤波器，脉波展平滤波器,,2018-03-21
3456434,bubble,气泡，水泡，磁泡(存储元件),,2018-03-21
3456435,bubble breakdown,气泡崩溃，气泡破坏,,2018-03-21
3456436,bubble chamber,气泡室，泡沬室,,2018-03-21
3456437,bubble storage,气泡存储器,,2018-03-21
3456438,bubble-domain,泡畴，磁泡,,2018-03-21
3456439,bubbling,起泡，冒气(蓄电池),,2018-03-21
3456440,Buchholz protection,巴克霍尔茨继电保护[装置],,2018-03-21
3456441,Buchholz protector,巴克霍尔茨保护装置；巴氏保护装置,,2018-03-21
3456442,Buchholz relay,巴克霍尔茨继电器；巴氏气体电驿,,2018-03-21
3456443,buck,飞弧，闪络，环火(换向器上的)，消除，补偿，反向，降压，反极性，顶撞，抵消,,2018-03-21
3456444,buck and boost transformer,"""降压-升压""变压器，加减电压变压器",,2018-03-21
3456445,buck arm,转角横担,,2018-03-21
3456446,buck converter,降压转换器,,2018-03-21
3456447,buck or boost,降压或升压，增或减,,2018-03-21
3456448,buck-and-boost regulator,升降电压调节器,,2018-03-21
3456449,buck-boost control signal,"""正-反""控制信号，加减电压控制信号",,2018-03-21
3456450,buck/boost converter,升压/降压转换器,,2018-03-21
3456451,bucket,吊桶，戽斗，水斗，叶片(冲击式水轮机的)，桶形电极(速调管的)，存储桶(计算机的),,2018-03-21
3456452,bucket brigade device,斗链[电荷耦合]器件,,2018-03-21
3456453,bucket capacity,吊桶容积，勺斗容积,,2018-03-21
3456454,bucket elevator,斗式升降机,,2018-03-21
3456455,bucket type fan,刮板式风扇，斗式风扇,,2018-03-21
3456456,bucking circuit,补偿电路，抵消电路,,2018-03-21
3456457,bucking coil,补偿线圈，反接线圈，抵消线圈，反感应线圈,,2018-03-21
3456458,bucking effect,反电动势效应，抵消作用,,2018-03-21
3456459,bucking electrodes,屏蔽电极,,2018-03-21
3456460,bucking flux,反感应磁通,,2018-03-21
3456461,bucking potential,补偿电压，抵消电势，反作用电势,,2018-03-21
3456462,bucking voltage,抵消电压，反作用电压,,2018-03-21
3456463,bucking winding,去磁绕组，补偿绕组，抵消绕组,,2018-03-21
3456464,buckle,扣，箍，弯曲，曲皱，翘曲,,2018-03-21
3456465,buckle insulator,轴型碍子,,2018-03-21
3456466,buckling,曲度，屈曲,,2018-03-21
3456467,buckling constant,曲率常数(反应器的),,2018-03-21
3456468,buckling factor,曲率因数,,2018-03-21
3456469,buckling load,纵弯曲，临界负载，压曲临界负载,,2018-03-21
3456470,buckover,发生环火，环火闪烁(换向器的),,2018-03-21
3456471,budget,预算,,2018-03-21
3456472,buff,磨光，抛光，抛光轮，减震,,2018-03-21
3456473,buff off,磨去，消除，去光泽,,2018-03-21
3456474,buffer,缓冲器，减震器，缓和剂，隔离部件，挡风板，[微电子学中]过渡层,,2018-03-21
3456475,buffer action,缓冲作用，阻尼作用,,2018-03-21
3456476,buffer address register,缓冲位址暂存器,,2018-03-21
3456477,buffer amplifier,缓冲放大器,,2018-03-21
3456478,buffer battery,浮充电池(组)，缓冲电池(组),,2018-03-21
3456479,buffer capacitor,缓冲电容器,,2018-03-21
3456480,buffer case,缓冲筒，减震器,,2018-03-21
3456481,buffer circuit,缓冲电路，阻尼电路,,2018-03-21
3456482,buffer coil,缓冲线圈,,2018-03-21
3456483,buffer computer,缓冲型计算机,,2018-03-21
3456484,buffer drum,缓冲磁鼓,,2018-03-21
3456485,buffer gap,亲垫间隙，缓冲间隙(衔铁的),,2018-03-21
3456486,buffer gate,"""或""闸",,2018-03-21
3456487,buffer gear,缓冲机构，减震装置,,2018-03-21
3456488,buffer head,缓冲头,,2018-03-21
3456489,buffer index,缓冲指数,,2018-03-21
3456490,buffer layer,缓冲层，过渡层，中间层,,2018-03-21
3456491,buffer module,[输入]中间转换器，缓冲模件，中间转换,,2018-03-21
3456492,buffer overflow,缓冲溢出,,2018-03-21
3456493,buffer reagent,电解液缓冲剂(防离子浓度迅速变化),,2018-03-21
3456494,buffer register,缓冲寄存器,,2018-03-21
3456495,buffer resistance,缓冲电阻， 放电电阻,,2018-03-21
3456496,buffer spring,缓冲弹簧,,2018-03-21
3456497,buffer stop,止冲器,,2018-03-21
3456498,buffer storage,缓冲存储器,,2018-03-21
3456499,buffer tube,缓冲筒，缓冲管,,2018-03-21
3456500,buffered keypunch,有缓冲器的键盘穿孔机(一种在卡片穿孔前能校对数据的穿孔机),,2018-03-21
3456501,buffering,缓冲，阻尼，缓冲记忆装置,,2018-03-21
3456502,buffetting,颤振，抖振，抖动，打击，冲击,,2018-03-21
3456503,buffing,抛光，擦光,,2018-03-21
3456504,buffing machine,抛光机,,2018-03-21
3456505,bug,干扰，故障，缺陷，错误，雷达位置测定器，半自动发报键，快速发报键，窃听器，动标，可移标,,2018-03-21
3456506,bug key,双向报键，快[速发报电]键，半自动发报键,,2018-03-21
3456507,bugdust,煤粉,,2018-03-21
3456508,build,建造，建设，构造，造型,,2018-03-21
3456509,build up,(电压)建起[of voltage]，建立，组合，组装，积累，聚焦，上升(电压的),,2018-03-21
3456510,build-down,降落，衰减，降低,,2018-03-21
3456511,build-in,装入，插入，内部，固有,,2018-03-21
3456512,build-in oscillation,固有振荡,,2018-03-21
3456513,build-in potential,固有电位,,2018-03-21
3456514,build-in reactivity,剩余反应器，剩余感性，后备反应性,,2018-03-21
3456515,build-up member,装配部件,,2018-03-21
3456516,build-up mica,人造云母,,2018-03-21
3456517,build-up of voltage,电压建立，电压增长,,2018-03-21
3456518,builder,施工人员，修建人员，建筑者，编码程序，制造厂，制造者,,2018-03-21
3456519,building,建筑，建筑物，组合，组装,,2018-03-21
3456520,building block,标准部件，结构单元，积木式元件，组件,,2018-03-21
3456521,building-block machine,组合机床,,2018-03-21
3456522,building-block system,积木式，积木系统,,2018-03-21
3456523,building-out,附加[的]，补偿[的],,2018-03-21
3456524,building-out cable,补偿电缆,,2018-03-21
3456525,building-out capacitor,附加电容器,,2018-03-21
3456526,building-out circuit,补偿电路，匹配电路,,2018-03-21
3456527,building-out network,附加[平衡]网路，补偿网路,,2018-03-21
3456528,building-up,增长，建起，起建电压，建压(励磁的)，加强[电流]，建造组成，装配，安装，堆焊,,2018-03-21
3456529,building-up of voltage,电压建起，电压升起,,2018-03-21
3456530,building-up period,建立时间(磁通的)，积累周期,,2018-03-21
3456531,building-up time,建立时间，增长时间,,2018-03-21
3456532,built-in,内装的，装在一起的，埋没的，固定的,,2018-03-21
3456533,built-in antenna,内装天线,,2018-03-21
3456534,built-in check,内部校验，自动校验,,2018-03-21
3456535,built-in command,内部指令,,2018-03-21
3456536,built-in electric field,内建电场,,2018-03-21
3456537,built-in error correction,内部错误校正,,2018-03-21
3456538,built-in field,内建电场,,2018-03-21
3456539,built-in jack,固定起重器，内装千斤顶,,2018-03-21
3456540,built-in journal,嵌入轴颈，镶配轴颈,,2018-03-21
3456541,built-in language,固有语言,,2018-03-21
3456542,built-in motor,内装电动机，机内电动机,,2018-03-21
3456543,built-in nozzle,内装管嘴,,2018-03-21
3456544,built-in oscillation,固有振荡,,2018-03-21
3456545,built-in oxide field,氧化物内建电场,,2018-03-21
3456546,built-in potential,内建电势,,2018-03-21
3456547,built-in preload,固有的预压，初始压力(继电器接点间的),,2018-03-21
3456548,built-in reliability,固有可靠性，内在可靠性，[设备]结构可靠性,,2018-03-21
3456549,built-in storage,内存储器,,2018-03-21
3456550,built-in system,内部系统,,2018-03-21
3456551,built-in thermocouple,埋入式热电偶,,2018-03-21
3456552,built-in voltage,内建电压,,2018-03-21
3456553,built-in Zener protection,内建齐纳二极体保护,,2018-03-21
3456554,built-in-lighting,埋入照明,,2018-03-21
3456555,built-on,添建的，要置的，增建的，加高的,,2018-03-21
3456556,built-up,组合的，装配的，铆接的，焊接的，建立，增长，组合，组装，装配,,2018-03-21
3456557,built-up connection,转接,,2018-03-21
3456558,built-up magnet,组合磁铁,,2018-03-21
3456559,built-up rotor,[圆盘]组合式转子,,2018-03-21
3456560,built-up shaft,组合轴,,2018-03-21
3456561,built-up time,增长时间，建立时间,,2018-03-21
3456562,built-up welding,堆焊,,2018-03-21
3456563,bulb,玻璃灯球,,2018-03-21
3456564,bulb heating,灯泡加热,,2018-03-21
3456565,bulb turbine,灯泡式水轮机,,2018-03-21
3456566,bulb type generator,灯泡式发电机,,2018-03-21
3456567,bulb wall loading,管壁负载,,2018-03-21
3456568,bulge,凸出，膨胀,,2018-03-21
3456569,bulge of curve,曲线突起处,,2018-03-21
3456570,bulging,膨胀，凸出，鼓突，，撑压内形法,,2018-03-21
3456571,bulk,容积，体积，大块，大量，大部分，整体的，笨重的，立体散光[的],,2018-03-21
3456572,bulk blasting,大爆破,,2018-03-21
3456573,bulk breakdown voltage,体击穿电压,,2018-03-21
3456574,bulk conductivity,体电导率,,2018-03-21
3456575,bulk density,体积密度，单位容积重量，容积密度,,2018-03-21
3456576,bulk effect device,体效应装置,,2018-03-21
3456577,bulk memory,大容量存储器，档案资料存储器,,2018-03-21
3456578,bulk modulus of elasticity,体积弹性模数，容积弹性模数,,2018-03-21
3456579,bulk movement,整体运动,,2018-03-21
3456580,bulk potential,体电势,,2018-03-21
3456581,bulk resistance,体电阻,,2018-03-21
3456582,bulk shield,整体屏蔽层，立体屏蔽层,,2018-03-21
3456583,bulk shielding,整体屏蔽,,2018-03-21
3456584,bulk storage,大容量存储器,,2018-03-21
3456585,bulk storage memory,大容量存储器,,2018-03-21
3456586,bulk supply,大容量存储,,2018-03-21
3456587,bulk supply point,趸量供电点，主要用电点,,2018-03-21
3456588,bulk tariff,趸售电费率,,2018-03-21
3456589,bulk temperature,按体积计算的平均温度，体积温度,,2018-03-21
3456590,bulk voltage,体电压,,2018-03-21
3456591,bulk weight,毛重，物料单位体积重量,,2018-03-21
3456592,bulk-oil breaker,多油开关，多油断路器,,2018-03-21
3456593,bulk-oil circuit breaker,多油断路器,,2018-03-21
3456594,bulk-oil-volume breaker,多油开关，多油断路器,,2018-03-21
3456595,bulkhead,挡土墙，隔壁，挡板，堤岸,,2018-03-21
3456596,bulkhead fittings,舱壁(电灯)装置,,2018-03-21
3456597,bulkhead luminaire,隔壁灯(具),,2018-03-21
3456598,bulkmeter,流量计(测量容积的),,2018-03-21
3456599,bulky,巨大的，笨重的，大型的,,2018-03-21
3456600,bull,大型的，庞大物件,,2018-03-21
3456601,bull block,[单头]拉丝机,,2018-03-21
3456602,bull-headed rail,工字钢轨，双头钢轨,,2018-03-21
3456603,bulldozer,推土机，粗碎机，压弯机，[厚板]矫正机,,2018-03-21
3456604,bullet,插塞，锥形体，[子]弹,,2018-03-21
3456605,bullet transformer,一种超高频转换装置,,2018-03-21
3456606,bullet valve,球阀,,2018-03-21
3456607,bulletin,公报，报告，会报，新闻简报，会刊,,2018-03-21
3456608,bullgrader,大型平土机,,2018-03-21
3456609,bullhorn,带放大器的扩音器，鸣音器,,2018-03-21
3456610,bump,撞击，碰撞，冲击，颠簸，扰动，凸缘,,2018-03-21
3456611,bump contact,块形连，大面积接触(与晶体管衬底熔合),,2018-03-21
3456612,bump test,撞击试验，冲撞试验,,2018-03-21
3456613,bumper,缓冲器，阻尼器，减震器，脱模机,,2018-03-21
3456614,bumpless transfer,无扰动转换,,2018-03-21
3456615,bumpy,波纹的，崎岖不平的，颠簸,,2018-03-21
3456616,Buna rubber,布纳橡胶，丁纳橡胶,,2018-03-21
3456617,bunch,束，簇，聚束，线束，群聚,,2018-03-21
3456618,bunch discharge,束形放电,,2018-03-21
3456619,bunch of cables,电缆束,,2018-03-21
3456620,bunch of electrons,电子束,,2018-03-21
3456621,bunched cable,多股电缆，集束电缆，束状电缆,,2018-03-21
3456622,bunched conductors,多股线，导线束,,2018-03-21
3456623,buncher,[电子]聚栅，[电子]聚束器，调变腔(速调管的)，无级变速器，束线机，合股机,,2018-03-21
3456624,buncher grid,集束(栅)极,,2018-03-21
3456625,buncher resonator,聚束谐振腔，输入谐振腔,,2018-03-21
3456626,buncher voltage,聚束电压,,2018-03-21
3456627,bunching,[电子]聚束，成组，成群,,2018-03-21
3456628,bunching admittance,聚束导纳,,2018-03-21
3456629,bunching machine,束线机，合股机,,2018-03-21
3456630,bunching section,[直线加速器内的]聚束段,,2018-03-21
3456631,bundle,束，波束，光束，线卷，线盘,,2018-03-21
3456632,bundle conductor,分股导线，导线束，分裂导线,,2018-03-21
3456633,bundle factor,成束因数(导线的),,2018-03-21
3456634,bundle of electrons,电子束,,2018-03-21
3456635,bundle of wires,线束,,2018-03-21
3456636,bundle spacing,成束导线间距,,2018-03-21
3456637,bundle-conductor spacer,成束导线间隔棒,,2018-03-21
3456638,bundled cables,成束敷设的电缆,,2018-03-21
3456639,bundled conductor,导线束，成束导线，组合导线,,2018-03-21
3456640,bunker,料仓，储槽，进料漏斗，煤斗,,2018-03-21
3456641,Bunsen flask,平底烧瓶，本生烧瓶,,2018-03-21
3456642,Bunsen oxyhydrogen gas voltmeter,本生氢氧电压计,,2018-03-21
3456643,Bunsen photometer,本生光度计,,2018-03-21
3456644,Bunsen voltameter,本生电量计,,2018-03-21
3456645,buoy,浮子，浮体，浮标，漂浮,,2018-03-21
3456646,buoyancy,浮力，浮动性,,2018-03-21
3456647,buoyancy force,浮力,,2018-03-21
3456648,bur,线头，焊片，衬片，垫圈，毛剌，去毛剌，毛边，磨[石]，小箍，轴环，颤音,,2018-03-21
3456649,burble,起泡，失速，扰流，气流分裂,,2018-03-21
3456650,burble angle,失速角,,2018-03-21
3456651,burden,负载，装载量，载重，[仪用互感器]二次侧负载，装载,,2018-03-21
3456652,burden of instrument transformer,仪器互用感应之负载(电普)，仪器用变比器[之]负载,,2018-03-21
3456653,burden rating,额定负载，额定装载量,,2018-03-21
3456654,bureau,处，局，所，社,,2018-03-21
3456655,buret,滴定管，量管,,2018-03-21
3456656,buretizing,氯化锌浸渍(木材防腐的),,2018-03-21
3456657,burette,滴定管，量管,,2018-03-21
3456658,burglar alarm,警报器,,2018-03-21
3456659,burial,埋藏,,2018-03-21
3456660,buried,埋入的，嵌入的，[埋入]地下的,,2018-03-21
3456661,buried aerial,地下天线，埋地天线,,2018-03-21
3456662,buried antenna,埋地天线，地下天线,,2018-03-21
3456663,buried cable,地下电缆，埋设电缆,,2018-03-21
3456664,buried cage,[推斥感应电动机的]深鼠笼,,2018-03-21
3456665,buried copper,[电机]槽中铜，槽内铜导线,,2018-03-21
3456666,buried thermometer,埋入式温度计,,2018-03-21
3456667,buried wiring,隐蔽布线，暗线,,2018-03-21
3456668,burn,燃烧，烧伤，烧坏，[接点]烧熔,,2018-03-21
3456669,burn on,焊上，焊补,,2018-03-21
3456670,burn together,烧合，烧焊,,2018-03-21
3456671,burn trace,燃烧痕迹,,2018-03-21
3456672,burn-in,烧上，烙上，预烧，强化处理，老化,,2018-03-21
3456673,burn-in screen,高温功率老化筛选,,2018-03-21
3456674,burn-out cycle,燃耗循环,,2018-03-21
3456675,burn-out indicator,[灯丝]烧断指示器,,2018-03-21
3456676,burn-out life,烧坏寿命，失效寿命,,2018-03-21
3456677,burn-out rate,烧断[线]率，烧毁率,,2018-03-21
3456678,burn-out resistance cathode,耐烧阴极，防烧毁阴极,,2018-03-21
3456679,burn-up,燃耗,,2018-03-21
3456680,burn-up factor,燃耗因数,,2018-03-21
3456681,burn-up fraction,燃耗比,,2018-03-21
3456682,burn-up specific,燃耗比度,,2018-03-21
3456683,burnable poison,可燃性毒素,,2018-03-21
3456684,burned lime,生石灰，氧化钙,,2018-03-21
3456685,burner,燃烧器，灯，灯头，喷灯，喷烧器,,2018-03-21
3456686,burning,燃烧，过烧(热处理的),,2018-03-21
3456687,burning capacity,燃烧能力,,2018-03-21
3456688,burning life,使用寿命(灯泡),,2018-03-21
3456689,burning mixture,可燃混合气,,2018-03-21
3456690,burning of contact,触点烧毁,,2018-03-21
3456691,burning oil,燃[灯]油,,2018-03-21
3456692,burning point,燃(烧)点,,2018-03-21
3456693,burning through,烧穿,,2018-03-21
3456694,burning time,燃烧时间,,2018-03-21
3456695,burning velocity,燃烧速度,,2018-03-21
3456696,burning voltage,燃弧电压,,2018-03-21
3456697,burning-in operation,(为使性能稳定的)先期运转，烧进，烧触，烙上,,2018-03-21
3456698,burning-in period,老练时间(电子管等的),,2018-03-21
3456699,burnish,磨光，抛光，光亮，光泽,,2018-03-21
3456700,burnisher,摩擦抛光机,,2018-03-21
3456701,burnishing machine,抛光机,,2018-03-21
3456702,burnishing surface,磨光面，抛光面,,2018-03-21
3456703,burnt gas,废气，乏气,,2018-03-21
3456704,burnt lime,生石灰，氧化钙,,2018-03-21
3456705,burnt odour,焦臭,,2018-03-21
3456706,burr,衬片，垫圈，毛边，轴环，颤音,,2018-03-21
3456707,burring,模糊不清，去毛头，去毛剌,,2018-03-21
3456708,burst,突发，脉冲串，无线电脉冲，爆裂,,2018-03-21
3456709,burst amplifier,彩色同步冲放大器(电视的)，闪光信号放大器,,2018-03-21
3456710,burst blanking pulse,彩色同步信号消隐脉波,,2018-03-21
3456711,burst corona,爆裂电晕,,2018-03-21
3456712,burst error,突发差错，猝发性的误差,,2018-03-21
3456713,burst gate,短脉波闸,,2018-03-21
3456714,burst gate tube,内光控制管,,2018-03-21
3456715,burst generator,短脉波产生器,,2018-03-21
3456716,burst length,突发[差错]长度,,2018-03-21
3456717,burst pulser,短促脉波器,,2018-03-21
3456718,burst regeneration,点燃信号还原,,2018-03-21
3456719,burst signal,彩色同步信号，短促脉波串信号,,2018-03-21
3456720,burst-correcting,纠正突发[差错],,2018-03-21
3456721,burst-error-correction,纠正突发错误,,2018-03-21
3456722,bursting pressure,破裂压力，爆炸压力,,2018-03-21
3456723,bursting speed,破坏转速，爆裂转速,,2018-03-21
3456724,bursting stress,爆炸应力 ，爆裂应力,,2018-03-21
3456725,bury,埋，葬，掩蔽,,2018-03-21
3456726,bus,母线，汇流排，汇流条，公共汽车,,2018-03-21
3456727,bus admittance matrix,汇流排导纳矩阵，节点导纳矩阵，母线导纳矩阵,,2018-03-21
3456728,bus bar,汇流排,,2018-03-21
3456729,bus compensator,母线补偿器，汇流排补偿器,,2018-03-21
3456730,bus conductor,汇流排导体，母线导体,,2018-03-21
3456731,bus coupler,汇流排耦合器，母线耦合器,,2018-03-21
3456732,bus duct,汇流导管，母线导管,,2018-03-21
3456733,bus duty,汇流排责务，母线责务,,2018-03-21
3456734,bus hub,总线插座,,2018-03-21
3456735,bus impedance matrix,汇流排阻抗矩阵，母线阻抗矩阵,,2018-03-21
3456736,bus line,汇流线，母线，总线，公共汽车路线,,2018-03-21
3456737,bus master,总线主控(计算机的),,2018-03-21
3456738,bus protection,汇流排保护，母线保护,,2018-03-21
3456739,bus protection relaying,汇流排保护继电(方式),,2018-03-21
3456740,bus protective relay,汇流排保护电驿，母线保护继电器,,2018-03-21
3456741,bus reactor,汇流排电抗器，母线电抗器,,2018-03-21
3456742,bus regulator,汇流排电压调节器，母线电压调节器,,2018-03-21
3456743,bus run,汇流排通道,,2018-03-21
3456744,bus section breaker,汇流排分段断路器，母线分段断路器,,2018-03-21
3456745,bus sectionalization,汇流排分段,,2018-03-21
3456746,bus sectionalization reactor,汇流排分段电抗器,,2018-03-21
3456747,bus sectionalizing reactor,汇流排分段电抗器,,2018-03-21
3456748,bus separation,汇流排分离，母线分离,,2018-03-21
3456749,bus slave,总线受控(计算机的),,2018-03-21
3456750,bus structure,母线结构，汇流排结构,,2018-03-21
3456751,bus support,汇流排支撑，母线[绝缘]支撑,,2018-03-21
3456752,bus supporting insulator,汇流排绝缘体,,2018-03-21
3456753,bus terminal fault,汇流排终端故障，母线终端故障,,2018-03-21
3456754,bus tie breaker,汇流排联络断路器,,2018-03-21
3456755,bus tie circuit breaker,汇流排联络断路器,,2018-03-21
3456756,bus voltage regulator,汇流排电压调整器,,2018-03-21
3456757,bus wire,汇流条，母线,,2018-03-21
3456758,bus-ring,集电环(电机的),,2018-03-21
3456759,bus-rod,圆汇流条，圆条母线,,2018-03-21
3456760,bus-tie cell,母线联络间隔,,2018-03-21
3456761,bus-tie reactor protection,汇流排联络电抗器保护[装置],,2018-03-21
3456762,bus-tie switch,汇流排联络开关，母线联络开关,,2018-03-21
3456763,busbar chamber,母线箱，母线室,,2018-03-21
3456764,busbar channel,母线通道，槽形母线,,2018-03-21
3456765,busbar clamp,母线夹,,2018-03-21
3456766,busbar corridor,母线[检查]廊道,,2018-03-21
3456767,busbar cross-section,母线截面,,2018-03-21
3456768,busbar current transformer,母线比流器,,2018-03-21
3456769,busbar disconnecting switch,母线隔离开关,,2018-03-21
3456770,busbar duct,母线导管，母线沟,,2018-03-21
3456771,busbar fault,母线故障,,2018-03-21
3456772,busbar flashover,母线闪络,,2018-03-21
3456773,busbar frame,母线架,,2018-03-21
3456774,busbar grounding,母线接地，内线接地装置,,2018-03-21
3456775,busbar group,母线绝缘子,,2018-03-21
3456776,busbar insulator,母线接头,,2018-03-21
3456777,busbar joint,母线隔板,,2018-03-21
3456778,busbar partition,母线电压互感器,,2018-03-21
3456779,busbar potential transformer,母线比压器,,2018-03-21
3456780,busbar room,母线段，母线室,,2018-03-21
3456781,busbar section,母线分段,,2018-03-21
3456782,busbar sectionalizing switch,母线分段隔离开关,,2018-03-21
3456783,busbar setting,母线校正,,2018-03-21
3456784,busbar short-circuit,母线短路,,2018-03-21
3456785,busbar support,母线支承,,2018-03-21
3456786,busbar system,母线系统,,2018-03-21
3456787,busbar transformer,母线变压器,,2018-03-21
3456788,busbar voltage,母线电压,,2018-03-21
3456789,busbar wire,汇流条，母线,,2018-03-21
3456790,busbar-protection,汇流排保护,,2018-03-21
3456791,bush,[绝缘]套管，垫圈，衬套,,2018-03-21
3456792,bushing,绝缘套[管],,2018-03-21
3456793,bushing current transformer,套管式比流器,,2018-03-21
3456794,bushing flashover,套管闪络,,2018-03-21
3456795,bushing insulator,绝缘套管，套管绝缘子,,2018-03-21
3456796,bushing knife,[刮]轴补[用的]刀,,2018-03-21
3456797,bushing terminal,套管式端头，套管接头,,2018-03-21
3456798,bushing test tap,套管试验抽头(户外式电器的),,2018-03-21
3456799,bushing transformer,套管[电流]互感器,,2018-03-21
3456800,bushing type condenser,套管式电容器,,2018-03-21
3456801,bushing type current transformer,套管式比流器,,2018-03-21
3456802,bushings,套管,,2018-03-21
3456803,business computer,商用计算机,,2018-03-21
3456804,business data processing,事务数据处理,,2018-03-21
3456805,bussed supply,汇流排供电，母线供电,,2018-03-21
3456806,bussing,高压线与汇流排间的连接,,2018-03-21
3456807,busy,[计算机]在工作，在操作，[程序]在报行，占线,,2018-03-21
3456808,busy back,忙回[信号]，占线信号,,2018-03-21
3456809,busy back tone,忙音，蜂音，占线音,,2018-03-21
3456810,busy drop,占线吊牌,,2018-03-21
3456811,busy hour,最忙钟点，繁忙时间,,2018-03-21
3456812,busy indicator,占线指示器，占用指示器,,2018-03-21
3456813,busy lamp,占线信号灯，忙灯(电话的),,2018-03-21
3456814,busy link,忙音接续片,,2018-03-21
3456815,busy report,占线报告,,2018-03-21
3456816,busy signal,占线信号,,2018-03-21
3456817,busy test,占线测试，忙碌状态试验,,2018-03-21
3456818,busy test relay,占线继电器，占线测试继电器,,2018-03-21
3456819,busy tone,忙音，占线音,,2018-03-21
3456820,busy tone trunk,忙音中继线,,2018-03-21
3456821,busy-back jack,忙音塞孔，占线测试塞孔,,2018-03-21
3456822,busy-back signal,忙音信号,,2018-03-21
3456823,busy-buzz,忙蜂音，占线蜂音,,2018-03-21
3456824,busy-flash,占线闪光,,2018-03-21
3456825,butt,平接，对接，铰链,,2018-03-21
3456826,butt contact,对接接点，压接式接点,,2018-03-21
3456827,butt gap,结合间隙,,2018-03-21
3456828,butt joint,对接，对接头，平接接头，对头接合,,2018-03-21
3456829,butt seam welding,对[线]焊,,2018-03-21
3456830,butt welder,对焊机,,2018-03-21
3456831,butt welding,对[接]焊,,2018-03-21
3456832,butt welding machine,对焊机,,2018-03-21
3456833,butt-jointed seam,对接缝,,2018-03-21
3456834,butt-prop,对接杠叉，对接支柱,,2018-03-21
3456835,butt-type core,对接式铁心,,2018-03-21
3456836,butt-welded joint,对焊接头，对头焊接,,2018-03-21
3456837,butterfly,活动目标探测器，蝴蝶阀,,2018-03-21
3456838,butterfly circuit,蝶形电路,,2018-03-21
3456839,butterfly gate,节气闸，节流闸,,2018-03-21
3456840,butterfly governor,节流阀，节气阀,,2018-03-21
3456841,butterfly hinge,蝴蝶铰链,,2018-03-21
3456842,butterfly insulator,蝴蝶式绝缘子,,2018-03-21
3456843,butterfly nut,蝶形螺母,,2018-03-21
3456844,butterfly resonator,蝶形谐振器,,2018-03-21
3456845,butterfly throttle valve,蝶形节流阀,,2018-03-21
3456846,butterfly valve,蝶形阀,,2018-03-21
3456847,butting,对接,,2018-03-21
3456848,button,按钮，旋钮，钮状物,,2018-03-21
3456849,button capacitor,钮扣式电容器,,2018-03-21
3456850,button condenser,钮扣式电容器,,2018-03-21
3456851,button socket,按钮灯座,,2018-03-21
3456852,button switch,按钮开关,,2018-03-21
3456853,buttress,扶壁，支墩,,2018-03-21
3456854,buttress brace,支撑刚性梁，加劲梁，横撑,,2018-03-21
3456855,buttress dam,支墩坝,,2018-03-21
3456856,butyl rubber,丁基橡胶,,2018-03-21
3456857,butyraceous,含油的，多油的,,2018-03-21
3456858,buyable spare parts,外购备件，可购备件,,2018-03-21
3456859,buzz,蜂音，嗡嗡声，蜂鸣,,2018-03-21
3456860,buzz off,匆匆走掉，搁断电话,,2018-03-21
3456861,buzz stick,绝缘子测试棒,,2018-03-21
3456862,buzz track test film,蜂音统调试验片(校验电视扫描线尺寸用的),,2018-03-21
3456863,buzz-stick method,绝缘棒探测法(探测绝缘子的),,2018-03-21
3456864,buzzer,蜂鸣器，蜂音器,,2018-03-21
3456865,buzzer call,蜂音呼叫,,2018-03-21
3456866,buzzer generator,蜂音发生器,,2018-03-21
3456867,buzzer interrupter,蜂音断续器,,2018-03-21
3456868,buzzer relay,蜂鸣继电器,,2018-03-21
3456869,buzzer signal,蜂音信号,,2018-03-21
3456870,buzzer wavemeter,蜂鸣器波长计,,2018-03-21
3456871,buzzerphone,蜂鸣器，蜂音器，轻便电话机,,2018-03-21
3456872,buzzing,蜂音，蜂鸣,,2018-03-21
3456873,buzzing noise,蜂音杂讯,,2018-03-21
3456874,BX cable,软电缆(安装用),,2018-03-21
3456875,by-law,附则，细则，法规,,2018-03-21
3456876,by-pass,旁路，旁通,,2018-03-21
3456877,by-pass accumulator,浮充蓄电池,,2018-03-21
3456878,by-pass anode,分流阳极,,2018-03-21
3456879,by-pass arm,旁通[阀桥]臂，旁流道,,2018-03-21
3456880,by-pass battery,缓冲电池组，补偿电池组,,2018-03-21
3456881,by-pass capacitor,旁路电容器,,2018-03-21
3456882,by-pass channel,旁路通道，旁流道,,2018-03-21
3456883,by-pass cock,旁通旋塞，转换开关,,2018-03-21
3456884,by-pass coil,旁路线圈,,2018-03-21
3456885,by-pass condenser,旁路电容器,,2018-03-21
3456886,by-pass conductor,旁道导体,,2018-03-21
3456887,by-pass control,旁路控制,,2018-03-21
3456888,by-pass equipment,旁路设备,,2018-03-21
3456889,by-pass lightning arrester,旁路避雷器,,2018-03-21
3456890,by-pass module,旁路模组,,2018-03-21
3456891,by-pass pair,旁通[桥臂]对，旁路对,,2018-03-21
3456892,by-pass path,旁路通路(电路),,2018-03-21
3456893,by-pass pipe,旁通管,,2018-03-21
3456894,by-pass plug,旁通插头，旁路插销,,2018-03-21
3456895,by-pass ratio,旁路比，分流比,,2018-03-21
3456896,by-pass rectifier,分流整流阀，旁路整流阀,,2018-03-21
3456897,by-pass stage,旁路级,,2018-03-21
3456898,by-pass stop valve,备修旁通阀，旁通截止阀,,2018-03-21
3456899,by-pass switch,旁路开关，旁通开关,,2018-03-21
3456900,by-pass to ground,旁通到地,,2018-03-21
3456901,by-pass transformer,连接变压器，分路变压器,,2018-03-21
3456902,by-pass valve,旁通阀,,2018-03-21
3456903,by-path,旁路，分路，侧管,,2018-03-21
3456904,by-path system,旁路系统,,2018-03-21
3456905,by-product,副产品,,2018-03-21
3456906,by-product power,副产电力，副产功率,,2018-03-21
3456907,by-products,副产品,,2018-03-21
3456908,by-products usable,可用,,2018-03-21
3456909,by-water,旧河床，废河道,,2018-03-21
3456910,bypass diode,旁通二极体,,2018-03-21
3456911,byte,二进位组，字组，字节(二进位制的),,2018-03-21
3456912,byte-interleaved mode,位元组交错模式,,2018-03-21
3456913,byte-multiplexer channel,位元组多工器通道,,2018-03-21
3456914,byte-oriented operand,位元组导向运算元,,2018-03-21
3456915,C battery,C 电池,,2018-03-21
3456916,C bias,C 偏压,,2018-03-21
3456917,C clamp,C 形夹,,2018-03-21
3456918,C meter,电容表,,2018-03-21
3456919,C scope,C型显示器,,2018-03-21
3456920,C tuning,电容调谐,,2018-03-21
3456921,"C,c",三相系统的第三相,,2018-03-21
3456922,C-bias detector,栅偏压检波器,,2018-03-21
3456923,C-core,C 形铁心,,2018-03-21
3456924,C-cores,C-型铁心,,2018-03-21
3456925,C-display,C 型显示器,,2018-03-21
3456926,C-layer,C-电离层(离地面35~70公里的电离层),,2018-03-21
3456927,C-stage,最终状态,,2018-03-21
3456928,C-stage resin,丙阶树脂，不熔阶段树脂,,2018-03-21
3456929,C-V characteristic,伏安特性[曲线],,2018-03-21
3456930,C-wire,丙线，C线,,2018-03-21
3456931,C.G.S. electromagnetic unit,公分克秒制电磁单位，厘米克秒制电磁单位,,2018-03-21
3456932,C.G.S. system,公分克秒制，厘米克秒制,,2018-03-21
3456933,C.G.S. units,厘米克秒制单位,,2018-03-21
3456934,c/s,c型显示器，方位角-仰角显示器,,2018-03-21
3456935,cab,操作室，司机室,,2018-03-21
3456936,cab-tyre cable,厚橡皮绝缘软电缆,,2018-03-21
3456937,cab-tyre sheath,硬橡胶包覆,,2018-03-21
3456938,cab-tyre sheathing,硬橡胶包覆,,2018-03-21
3456939,cabarundum furnace,金刚砂电炉,,2018-03-21
3456940,cabin,小室，控制室,,2018-03-21
3456941,cabinet,间，箱,,2018-03-21
3456942,cabinet drier,干燥箱,,2018-03-21
3456943,cable,缆，电缆，电线,,2018-03-21
3456944,cable accessories,电缆附件,,2018-03-21
3456945,cable address,电报挂号,,2018-03-21
3456946,cable armor,电缆甲,,2018-03-21
3456947,cable armouring,电缆铁装,,2018-03-21
3456948,cable basement,地下电缆室,,2018-03-21
3456949,cable bearer,电缆支架,,2018-03-21
3456950,cable bedding,电缆衬垫,,2018-03-21
3456951,cable belted construction,电缆束带构建,,2018-03-21
3456952,cable bond,电缆连接器,,2018-03-21
3456953,cable box,电缆箱，电缆盒,,2018-03-21
3456954,cable box bushing,电缆箱套管,,2018-03-21
3456955,cable box splice,电缆箱编接,,2018-03-21
3456956,cable bracket,电缆架,,2018-03-21
3456957,cable branch box,电缆分支箱,,2018-03-21
3456958,cable breakdown,电缆击穿,,2018-03-21
3456959,cable buoy,电缆浮标,,2018-03-21
3456960,cable bushing,电缆套管,,2018-03-21
3456961,cable capacitance,电缆电容,,2018-03-21
3456962,cable capacitance effect,电缆电容效应,,2018-03-21
3456963,cable car,电缆车,,2018-03-21
3456964,cable cart,电缆盘拖车,,2018-03-21
3456965,cable chamber,电缆室,,2018-03-21
3456966,cable channel,电缆槽,,2018-03-21
3456967,cable charges,电报费，电缆充电电荷,,2018-03-21
3456968,cable chute,电缆槽,,2018-03-21
3456969,cable clamp,电缆夹,,2018-03-21
3456970,cable cleat,电缆夹，线夹,,2018-03-21
3456971,cable clip,电缆夹,,2018-03-21
3456972,cable code,密码,,2018-03-21
3456973,cable communication,电缆通信,,2018-03-21
3456974,cable complement,电缆对群,,2018-03-21
3456975,cable compound,电缆绝缘胶,,2018-03-21
3456976,cable conductor,电缆芯线,,2018-03-21
3456977,cable conduit,电缆管道,,2018-03-21
3456978,cable connector,电缆连接器,,2018-03-21
3456979,cable core,电缆芯,,2018-03-21
3456980,cable coupling,电缆连接,,2018-03-21
3456981,cable critical length,电缆临界长度,,2018-03-21
3456982,cable current transformer,电缆用变流器,,2018-03-21
3456983,cable cutter,电缆剪,,2018-03-21
3456984,cable distribution head,电缆分线头,,2018-03-21
3456985,cable distribution point,电缆分线点,,2018-03-21
3456986,cable distributor,电缆配线架,,2018-03-21
3456987,cable dividing box,电缆分线盒,,2018-03-21
3456988,cable drilling,缆钻,,2018-03-21
3456989,cable dropper,电缆挂钩,,2018-03-21
3456990,cable drum,电缆卷轴，电缆盘,,2018-03-21
3456991,cable drum carriage,电缆放线车,,2018-03-21
3456992,cable drum stand,电缆盘架,,2018-03-21
3456993,cable drum table,卷放电缆支撑架,,2018-03-21
3456994,cable drum trailer,电缆盘拖车,,2018-03-21
3456995,cable duct,电缆沟，电缆槽,,2018-03-21
3456996,cable echo,电缆回波,,2018-03-21
3456997,cable end connector,电缆端连接器,,2018-03-21
3456998,cable entry,电缆入口,,2018-03-21
3456999,cable equalization,电缆特性曲线均衡化,,2018-03-21
3457000,cable failure,电缆故障,,2018-03-21
3457001,cable fault,电缆故障,,2018-03-21
3457002,cable fault locator,电缆故障点定位器,,2018-03-21
3457003,cable fill,电缆线充填,,2018-03-21
3457004,cable filler,电缆填料,,2018-03-21
3457005,cable fitting,电缆配件,,2018-03-21
3457006,cable for communication,通信电缆,,2018-03-21
3457007,cable form,电缆模板,,2018-03-21
3457008,cable frogging,电缆分支,,2018-03-21
3457009,cable gear,铺电缆机,,2018-03-21
3457010,cable grip,电缆握套，电缆钳,,2018-03-21
3457011,cable groove,电缆槽,,2018-03-21
3457012,cable guide,电缆导管,,2018-03-21
3457013,cable hanger,电缆吊架，电缆挂钩,,2018-03-21
3457014,cable head,电缆分线匣，电缆头,,2018-03-21
3457015,cable house,电缆房,,2018-03-21
3457016,cable hut,电缆配电房,,2018-03-21
3457017,cable insulation,电缆绝缘,,2018-03-21
3457018,cable isolator,电缆隔离开关,,2018-03-21
3457019,cable jacket,电缆护套,,2018-03-21
3457020,cable joint,电缆接头,,2018-03-21
3457021,cable joint box,电缆接线盒,,2018-03-21
3457022,cable layer,电缆铺设机,,2018-03-21
3457023,cable laying,电缆敷设,,2018-03-21
3457024,cable layout,电缆布线图,,2018-03-21
3457025,cable length,电缆长度,,2018-03-21
3457026,cable loss,电缆损失,,2018-03-21
3457027,cable lug,电缆接线头,,2018-03-21
3457028,cable manhole,电缆人孔,,2018-03-21
3457029,cable map,电缆图,,2018-03-21
3457030,cable materials,电缆材料,,2018-03-21
3457031,cable messenger,电缆悬吊线,,2018-03-21
3457032,cable network,电缆网路,,2018-03-21
3457033,cable nippers,电缆剪钳,,2018-03-21
3457034,cable oil,电缆油,,2018-03-21
3457035,cable paper,电缆绝缘纸,,2018-03-21
3457036,cable pipe,电缆管道,,2018-03-21
3457037,cable pit,电缆井,,2018-03-21
3457038,cable pole line,电缆架空线路,,2018-03-21
3457039,cable pot-head,电缆端套,,2018-03-21
3457040,cable power factor,电缆功率因数,,2018-03-21
3457041,cable protection pipe,电缆保护管,,2018-03-21
3457042,cable puncture,电缆击穿,,2018-03-21
3457043,cable rack,电缆架,,2018-03-21
3457044,cable rating,电缆额定,,2018-03-21
3457045,cable reel,电缆卷盘,,2018-03-21
3457046,cable reel jack,电缆卷轴台座,,2018-03-21
3457047,cable relay,电缆继电器,,2018-03-21
3457048,cable ring-system,电缆环网,,2018-03-21
3457049,cable roller,电缆导轮,,2018-03-21
3457050,cable saddle,电缆鞍,,2018-03-21
3457051,cable saturant,电缆浸渍剂,,2018-03-21
3457052,cable sealing box,电缆密封盒,,2018-03-21
3457053,cable separator,电缆分隔器,,2018-03-21
3457054,cable sheath,电缆护套,,2018-03-21
3457055,cable sheath bond,电缆护套搭接,,2018-03-21
3457056,cable ship,海底电缆铺设船,,2018-03-21
3457057,cable shoe,电缆终端,,2018-03-21
3457058,cable sleeve,电缆袖,,2018-03-21
3457059,cable socket,电缆端头,,2018-03-21
3457060,cable specification,电缆规格,,2018-03-21
3457061,cable splice,电缆接合,,2018-03-21
3457062,cable splicing,电缆连接,,2018-03-21
3457063,cable support rack,电缆引入架,,2018-03-21
3457064,cable tank,电缆槽,,2018-03-21
3457065,cable terminal box,电缆终端盒,,2018-03-21
3457066,cable termination,电缆终端,,2018-03-21
3457067,cable testing,电缆试验,,2018-03-21
3457068,cable testing bridge,电缆试验电桥,,2018-03-21
3457069,cable trench,电缆沟,,2018-03-21
3457070,cable trough,电缆槽,,2018-03-21
3457071,cable tunnel,电缆隧道,,2018-03-21
3457072,cable types,电缆型式,,2018-03-21
3457073,cable tyre,电缆卷紧装置,,2018-03-21
3457074,cable varnish,电缆漆,,2018-03-21
3457075,cable vauit,人孔,,2018-03-21
3457076,cable wax,电缆蜡,,2018-03-21
3457077,cable winch,电缆绞车,,2018-03-21
3457078,cable's length,电缆链，电缆长度,,2018-03-21
3457079,cable-and-bar winding,上层编织下层实心的绕组,,2018-03-21
3457080,cable-coiling drum,电缆绕线盘,,2018-03-21
3457081,cable-correction unit,电缆校正装置,,2018-03-21
3457082,cable-fault detector,电缆故障探测器,,2018-03-21
3457083,cable-laying truck,电缆铺设车,,2018-03-21
3457084,cable-line parameter,电缆线路参数,,2018-03-21
3457085,cablegram,海底电报,,2018-03-21
3457086,cabling,敷设电缆,,2018-03-21
3457087,cabling diagram,电缆敷设图,,2018-03-21
3457088,cache,高速缓冲存储器,,2018-03-21
3457089,cache memory,超高速缓冲存储器,,2018-03-21
3457090,cacography,拼写错误,,2018-03-21
3457091,cadence,步调信号,,2018-03-21
3457092,cadger,小油壶,,2018-03-21
3457093,cadmium (Cd),镉,,2018-03-21
3457094,cadmium absorption,镉的吸收,,2018-03-21
3457095,cadmium cell,镉电池,,2018-03-21
3457096,cadmium copper wire,镉铜线,,2018-03-21
3457097,cadmium lamp,镉灯,,2018-03-21
3457098,cadmium oxide,氧化镉,,2018-03-21
3457099,cadmium oxygen battery,镉氧电池,,2018-03-21
3457100,cadmium photocell,镉光电池,,2018-03-21
3457101,cadmium plating,镀镉,,2018-03-21
3457102,cadmium standard cell,镉标准电池,,2018-03-21
3457103,cadmium sulfide photocell,硫化镉光电池,,2018-03-21
3457104,cadmium sulphide,硫化镉,,2018-03-21
3457105,cadmium sulphide photovoltaic cell,硫化镉光伏打光电池,,2018-03-21
3457106,cadmium-nickel accumulator,镉镍蓄电池,,2018-03-21
3457107,caesium (Cs),铯,,2018-03-21
3457108,caesium clock,铯钟,,2018-03-21
3457109,cage antenna,笼形天线,,2018-03-21
3457110,caking,烧结,,2018-03-21
3457111,caking power,烧结力,,2018-03-21
3457112,caking properties,烧结性质,,2018-03-21
3457113,calcium carbide,电石,,2018-03-21
3457114,calcium carbonate,碳酸钙,,2018-03-21
3457115,calcium sulphate,硫酸钙,,2018-03-21
3457116,calculability,可计算性,,2018-03-21
3457117,calculagraph,计时器,,2018-03-21
3457118,calculate,计算,,2018-03-21
3457119,calculated address,计算地址,,2018-03-21
3457120,calculated load,计算负载,,2018-03-21
3457121,calculated temperature,计算温度,,2018-03-21
3457122,calculating board,计算台,,2018-03-21
3457123,calculating instrument,计算器,,2018-03-21
3457124,calculating machine,计算机,,2018-03-21
3457125,calculating punch,卡孔计算机,,2018-03-21
3457126,calculating rule,计算尺,,2018-03-21
3457127,calculation error,计算误差,,2018-03-21
3457128,calculation flow,计算流量,,2018-03-21
3457129,calculation of net cost,净成本计算,,2018-03-21
3457130,calculator,计算器,,2018-03-21
3457131,calculus,计算法,,2018-03-21
3457132,calculus of differences,差分法,,2018-03-21
3457133,calculus of fluxion,微积分,,2018-03-21
3457134,calculus of proposition,命题演算,,2018-03-21
3457135,calculus of variation,变分法,,2018-03-21
3457136,calefaction,热,,2018-03-21
3457137,calendar,一览表,,2018-03-21
3457138,calendar progress chart,日程表,,2018-03-21
3457139,calender,压延机,,2018-03-21
3457140,caliber,尺寸,,2018-03-21
3457141,calibrate,校准,,2018-03-21
3457142,calibrated dial,校准度盘,,2018-03-21
3457143,calibrated meter,已校[准]仪表,,2018-03-21
3457144,calibrated scale,校准标度，校准刻度，分度尺,,2018-03-21
3457145,calibrating circuit,校验电路，校正电路，测试电路,,2018-03-21
3457146,calibrating instrument,校准仪器,,2018-03-21
3457147,calibrating resistance,校准电阻,,2018-03-21
3457148,calibrating terminal,测试端子，测试接线柱,,2018-03-21
3457149,calibration,校验，定标，刻度,,2018-03-21
3457150,calibration accuracy,校准精度，刻度准确度,,2018-03-21
3457151,calibration board,[仪表]校验台,,2018-03-21
3457152,calibration chart,校验图表，校验曲线,,2018-03-21
3457153,calibration console,校验台,,2018-03-21
3457154,calibration current,校准电流,,2018-03-21
3457155,calibration current transformer,校准用比流器,,2018-03-21
3457156,calibration curve,校准曲线，定标曲线,,2018-03-21
3457157,calibration error,校准误差，刻度误差,,2018-03-21
3457158,calibration frequency,校正频率,,2018-03-21
3457159,calibration instrument,校验用仪表,,2018-03-21
3457160,calibration potential transformer,校准用比压器,,2018-03-21
3457161,calibration programming,校验程序设计,,2018-03-21
3457162,calibration pulse,校验脉波,,2018-03-21
3457163,calibration regulator,校验用调节器,,2018-03-21
3457164,calibration tolerance,校验公差，刻度公差,,2018-03-21
3457165,calibration voltage,校准用电压，校验电压,,2018-03-21
3457166,calibrator,校验器，校验者,,2018-03-21
3457167,calibre size,口径，管径，尺寸，大小，卡规，测径器，卡钳量规,,2018-03-21
3457168,calibre square,测径尺,,2018-03-21
3457169,calico tape,粗布带,,2018-03-21
3457170,California Energy Commission (CEC),加州能源委员会,,2018-03-21
3457171,californium,Cf(元素名称),,2018-03-21
3457172,caliper depth rule,深度卡,,2018-03-21
3457173,caliper sliding,卡尺,,2018-03-21
3457174,calipers,测径器，卡尺，卡钳，两脚规，厚度(纸板等的)，用卡尺测量,,2018-03-21
3457175,call,呼叫,,2018-03-21
3457176,call address,引入地址,,2018-03-21
3457177,call announcer,呼叫示号器,,2018-03-21
3457178,call back,回叫,,2018-03-21
3457179,call back signal,回叫信号,,2018-03-21
3457180,call bell,呼叫铃,,2018-03-21
3457181,call button,呼叫按钮,,2018-03-21
3457182,call by location,按地址调用,,2018-03-21
3457183,call by value,赋值,,2018-03-21
3457184,call completing rate,接通率,,2018-03-21
3457185,call confirmation signal,呼叫证实信号,,2018-03-21
3457186,call connected signal,呼叫接通信号,,2018-03-21
3457187,call finder,寻线机,,2018-03-21
3457188,call for...,要求,,2018-03-21
3457189,call forth,唤起，振起，引起,,2018-03-21
3457190,call in,调入,,2018-03-21
3457191,call indicator,呼叫指示器,,2018-03-21
3457192,call instruction,调用指令，调入指令,,2018-03-21
3457193,call key,呼叫键,,2018-03-21
3457194,call letters,呼叫字母，呼号，电台呼号,,2018-03-21
3457195,call meter,呼叫计数器,,2018-03-21
3457196,call notice,超额通知,,2018-03-21
3457197,call number,调入数,,2018-03-21
3457198,call off,转移,,2018-03-21
3457199,call on,访问,,2018-03-21
3457200,call on hand,预约挂号,,2018-03-21
3457201,call on waiting list,预约挂号,,2018-03-21
3457202,call setting up,叫通,,2018-03-21
3457203,call sign,呼叫信号,,2018-03-21
3457204,call statement,调入语句,,2018-03-21
3457205,call through test,接通试验,,2018-03-21
3457206,call up,电台呼叫,,2018-03-21
3457207,call wire,记录线，传号线,,2018-03-21
3457208,call word,引入字,,2018-03-21
3457209,call-box,电话室,,2018-03-21
3457210,Callan cell,卡电池,,2018-03-21
3457211,Callaud cell,卡得电池,,2018-03-21
3457212,called line,被叫线,,2018-03-21
3457213,called party,被叫方,,2018-03-21
3457214,called station,被调入位置,,2018-03-21
3457215,called subscriber,被叫用户,,2018-03-21
3457216,callee,受话人,,2018-03-21
3457217,caller,呼叫者,,2018-03-21
3457218,calling,呼叫，振铃，呼叫的,,2018-03-21
3457219,calling code,呼叫记号，呼叫代码,,2018-03-21
3457220,calling cord,呼叫塞绳,,2018-03-21
3457221,calling equipment,呼叫设备，呼叫装置,,2018-03-21
3457222,calling for tenders,招标,,2018-03-21
3457223,calling indicator,引入指示(计算机的),,2018-03-21
3457224,calling jack,呼叫塞孔,,2018-03-21
3457225,calling lamp,呼叫灯,,2018-03-21
3457226,calling line,呼叫线,,2018-03-21
3457227,calling number,主叫号码,,2018-03-21
3457228,calling order,发送程序，传送程序,,2018-03-21
3457229,calling party,主叫用户，主叫方,,2018-03-21
3457230,calling pilot,呼叫[指示]灯,,2018-03-21
3457231,calling plug,呼叫插塞,,2018-03-21
3457232,calling relay,呼叫电驿，呼叫继电器,,2018-03-21
3457233,calling sequence,引入序列(计算机的),,2018-03-21
3457234,calling signal,呼叫信号,,2018-03-21
3457235,calling station,调用位置(计算机的),,2018-03-21
3457236,calling subscriber,主叫用户,,2018-03-21
3457237,calling supervisory lamp,呼叫监视灯,,2018-03-21
3457238,calling up,电台呼叫,,2018-03-21
3457239,calling-magneto,振铃手摇发电机，振铃磁电机,,2018-03-21
3457240,calling-on signal,引导号志机,,2018-03-21
3457241,calliper rule,卡尺,,2018-03-21
3457242,callipers,测径器，卡尺，卡钳，两脚规，厚度(纸板等的)，用卡尺测量,,2018-03-21
3457243,calm,平稳,,2018-03-21
3457244,calm spell,无风期,,2018-03-21
3457245,calmalloy,热磁合金,,2018-03-21
3457246,calomel,甘汞,,2018-03-21
3457247,calomel electrode,甘汞电极,,2018-03-21
3457248,calomel half cell,甘汞半电池,,2018-03-21
3457249,caloric,热量,,2018-03-21
3457250,caloric unit,热量单位,,2018-03-21
3457251,caloric value,发热量,,2018-03-21
3457252,caloricity,热容量,,2018-03-21
3457253,calorie,克卡(路里)，卡[路里],,2018-03-21
3457254,calorific,发热的,,2018-03-21
3457255,calorific capacity,热容量,,2018-03-21
3457256,calorific effect,热效应,,2018-03-21
3457257,calorific efficiency,热效率,,2018-03-21
3457258,calorific power,发热量,,2018-03-21
3457259,calorific value,热值,,2018-03-21
3457260,calorific value gross,总,,2018-03-21
3457261,calorific value net,净,,2018-03-21
3457262,calorification,发热,,2018-03-21
3457263,calorimeter,卡计，量热器,,2018-03-21
3457264,calorimetric test,热值测定试验，测热试验(决定电机损耗的),,2018-03-21
3457265,calorimetry,量热学，量热法,,2018-03-21
3457266,calorizing,渗铝，铝化处理(金属防腐的),,2018-03-21
3457267,calorstat,恒温器，恒温箱,,2018-03-21
3457268,cam,凸轮，偏心轮,,2018-03-21
3457269,cam controller,凸轮式控制器,,2018-03-21
3457270,cam disk,凸轮盘,,2018-03-21
3457271,cam-operated switch,凸轮操纵开关,,2018-03-21
3457272,camber,弯度，曲度，反挠度，向上弯，翘起,,2018-03-21
3457273,cambric,细麻布，细漆布，黄腊布,,2018-03-21
3457274,cambric insulation,细麻布绝缘，黄腊布绝缘,,2018-03-21
3457275,cambric tape,黄腊布带,,2018-03-21
3457276,cambric-insulated wire,细麻布绝缘线，黄腊布绝缘线,,2018-03-21
3457277,Cambridge system,剑桥[存储]系统(一种二维矩阵),,2018-03-21
3457278,camera,照相机，摄影机，摄象机，小箱，暗箱,,2018-03-21
3457279,camera tube,摄像管,,2018-03-21
3457280,Campbell bridge,坎贝尔电桥(比较互感用),,2018-03-21
3457281,Campbell gauge,坎贝尔量规(量灯丝用),,2018-03-21
3457282,Campbell's formula,坎贝尔方程式(输电线计算有效衰减用),,2018-03-21
3457283,Campbell's mutual inductometer,坎贝尔式互感计,,2018-03-21
3457284,can,容器，箱，壳，罩，密封外壳，头戴耳机，录音，[反应堆燃料棒]外罩,,2018-03-21
3457285,can loss,外壳电气损耗,,2018-03-21
3457286,canal,通路，波道，信道，沟，管道，渠道，运河,,2018-03-21
3457287,canal ear,耳道,,2018-03-21
3457288,canal ray,阳极射线,,2018-03-21
3457289,canal ray tube,阳极射线管,,2018-03-21
3457290,canalization,渠道系统，运河系统，渠化,,2018-03-21
3457291,canaries,高频噪音,,2018-03-21
3457292,canary lamp,充气黄色灯泡,,2018-03-21
3457293,Canberra homopolar generator,坎伯拉单极发电机,,2018-03-21
3457294,cancel,取消,,2018-03-21
3457295,cancel character,删去符,,2018-03-21
3457296,cancel circuit,消除电路,,2018-03-21
3457297,cancel the order,取消命令,,2018-03-21
3457298,cancellating current,补偿电流,,2018-03-21
3457299,cancellation,化为零,,2018-03-21
3457300,cancellation amplifier,对消放大器,,2018-03-21
3457301,cancellation network,抵消网路,,2018-03-21
3457302,canceller,消除器,,2018-03-21
3457303,cancelling distortion,抵消失真,,2018-03-21
3457304,candela,烛光,,2018-03-21
3457305,candela,烛光,,2018-03-21
3457306,candela per square metre,每平方公尺烛光,,2018-03-21
3457307,candelabrum,灯台,,2018-03-21
3457308,candescence,白热,,2018-03-21
3457309,candescent,白热的,,2018-03-21
3457310,candidate,投考者,,2018-03-21
3457311,candle,烛，烛光,,2018-03-21
3457312,candle bulb,烛形灯泡,,2018-03-21
3457313,candle hour,烛时,,2018-03-21
3457314,candle lamp,烛形灯,,2018-03-21
3457315,candle power,烛光,,2018-03-21
3457316,candle-light,烛光,,2018-03-21
3457317,canned,存储的,,2018-03-21
3457318,canned data,存储信息,,2018-03-21
3457319,canned motor,全密封电动机,,2018-03-21
3457320,canning,外壳密封,,2018-03-21
3457321,canning-beam current,扫描束电流,,2018-03-21
3457322,cannon,空心轴，粗短管,,2018-03-21
3457323,cannon plug,圆柱形插头,,2018-03-21
3457324,cannula,套管，插管,,2018-03-21
3457325,cannular,管状的，管式的，筒状的,,2018-03-21
3457326,canon,规范，准则,,2018-03-21
3457327,canonic form,典型形式，基准格式,,2018-03-21
3457328,canonical,正则的，标准的,,2018-03-21
3457329,canonical cell,标准元件,,2018-03-21
3457330,canonical field theory,规范场论，正则场论,,2018-03-21
3457331,canonical form,典[范]式，正则形式，典型形式,,2018-03-21
3457332,canonical matrices,典型矩阵，标准矩阵,,2018-03-21
3457333,canopy,灯头电线盖，电话插头架，天棚，顶盖，[吊灯]灯罩，盖，罩,,2018-03-21
3457334,canopy switch,天棚开关，盖顶开关，(电车)总开关,,2018-03-21
3457335,canopy-protected,遮盖防护的(装在机座上防雨尘),,2018-03-21
3457336,cant,斜面，倾斜，横轴附近的振动，发声，发光,,2018-03-21
3457337,cant hook,[转动电杆用的]杆钩，活动铁钩,,2018-03-21
3457338,cantilever,悬臂支架，悬臂梁，托架，电缆吊线夹板3，纸条盘,,2018-03-21
3457339,cantilever arm,悬臂，伸出臂,,2018-03-21
3457340,cantilever beam,悬臂梁,,2018-03-21
3457341,cantilever bracket,悬臂支架，悬臂托架,,2018-03-21
3457342,cantilever brush holder,悬臂式刷握,,2018-03-21
3457343,cantilever circuit,"悬臂形电路，""Γ""形电路",,2018-03-21
3457344,cantilever crane,悬臂起重机，悬臂吊车,,2018-03-21
3457345,cantilever load,悬臂负载,,2018-03-21
3457346,cantilever moment,悬臂力矩,,2018-03-21
3457347,cantilever network,"""Γ""形网路",,2018-03-21
3457348,canvas,帆布，防水布,,2018-03-21
3457349,canvas polishing wheel,布抛光轮,,2018-03-21
3457350,caoutchouc,生橡胶,,2018-03-21
3457351,cap,基座,,2018-03-21
3457352,cap lamp,基座灯,,2018-03-21
3457353,cap-and-pin insulator,球型连接盘式绝缘子,,2018-03-21
3457354,capability,能力,,2018-03-21
3457355,capability factor,能力因数,,2018-03-21
3457356,capability margin,能力裕度,,2018-03-21
3457357,capability see energy capability,能力(参见能力因素),,2018-03-21
3457358,capable,有能力的,,2018-03-21
3457359,capacitance,电容,,2018-03-21
3457360,capacitance box,电容箱,,2018-03-21
3457361,capacitance bridge,电容电桥,,2018-03-21
3457362,capacitance bushing,电容套管,,2018-03-21
3457363,capacitance coefficient,电容系数,,2018-03-21
3457364,capacitance comparator,电容比较器,,2018-03-21
3457365,capacitance compensation,电容补偿,,2018-03-21
3457366,capacitance coupling,电容耦合,,2018-03-21
3457367,capacitance current,电容电流,,2018-03-21
3457368,capacitance divider,电容分压器,,2018-03-21
3457369,capacitance grading,电容等级,,2018-03-21
3457370,capacitance meter,电容计,,2018-03-21
3457371,capacitance of bushing,套管电容,,2018-03-21
3457372,capacitance of lead,引线电容,,2018-03-21
3457373,capacitance oscillator,电容振荡器,,2018-03-21
3457374,capacitance potential transformer,电容比压器,,2018-03-21
3457375,capacitance potentiometer,电容分压器,,2018-03-21
3457376,capacitance ratio,电容比,,2018-03-21
3457377,capacitance relay,电容式继电器,,2018-03-21
3457378,capacitance tester,电容试验器,,2018-03-21
3457379,capacitance timer,电容式定时装置，电容定时器,,2018-03-21
3457380,capacitance tolerance,[电容器]电容公差,,2018-03-21
3457381,capacitance tube,电容管,,2018-03-21
3457382,capacitance-coupled,电容耦合的,,2018-03-21
3457383,capacitance-coupled flip-flop,电容耦合触发器,,2018-03-21
3457384,capacitance-resistance coupling,电容电阻耦合，阻容耦合,,2018-03-21
3457385,capacitance-resistance filter,阻容滤波器,,2018-03-21
3457386,capacitive,电容的,,2018-03-21
3457387,capacitive character,[电]容性,,2018-03-21
3457388,capacitive charging capacity,电容充电容量,,2018-03-21
3457389,capacitive circuit,电容电路,,2018-03-21
3457390,capacitive component,电容分量,,2018-03-21
3457391,capacitive coupling,电容耦合,,2018-03-21
3457392,capacitive current,电容电流,,2018-03-21
3457393,capacitive dischage,静电放电,,2018-03-21
3457394,capacitive discharge,[电]容性放电,,2018-03-21
3457395,capacitive distribution,电容分配,,2018-03-21
3457396,capacitive divider,电容式分压器,,2018-03-21
3457397,capacitive earth current,对地电容电流,,2018-03-21
3457398,capacitive excitation,电容[电流]励磁，电容性自励,,2018-03-21
3457399,capacitive feedback,电容反馈，电容回授,,2018-03-21
3457400,capacitive field,电容电场,,2018-03-21
3457401,capacitive filter,电容性滤波器,,2018-03-21
3457402,capacitive impedance,电容性电抗，容抗,,2018-03-21
3457403,capacitive iris,电容性膜片，电容性窗孔,,2018-03-21
3457404,capacitive keakage current,电容泄漏电流,,2018-03-21
3457405,capacitive load,电容负载,,2018-03-21
3457406,capacitive potential divider,电容分压器,,2018-03-21
3457407,capacitive quiescent current,电容性静态电流,,2018-03-21
3457408,capacitive reactance,电容电抗,,2018-03-21
3457409,capacitive snubber,电容性缓冲,,2018-03-21
3457410,capacitive stub,电容短线,,2018-03-21
3457411,capacitive susceptance,容纳,,2018-03-21
3457412,capacitive tuning,电容调谐,,2018-03-21
3457413,capacitive voltage divider,电容分压器,,2018-03-21
3457414,capacitive-resistance coupling,容阻耦合,,2018-03-21
3457415,capacitive-shunting effect,电容分流作用,,2018-03-21
3457416,capacitivity,电容量，介电常数,,2018-03-21
3457417,capacito-plethysmograph,电容脉波计,,2018-03-21
3457418,capacitometer,电容量测器,,2018-03-21
3457419,capacitor,电容器,,2018-03-21
3457420,capacitor bank,电容器组,,2018-03-21
3457421,capacitor braking,电容器制动,,2018-03-21
3457422,capacitor bushing,电容套管,,2018-03-21
3457423,capacitor charge,电容器充电,,2018-03-21
3457424,capacitor discharge time constant,电容放电时间常数,,2018-03-21
3457425,capacitor divider,电容分压器,,2018-03-21
3457426,capacitor level detector,电容式位准检测器,,2018-03-21
3457427,capacitor lifetime,电容生命周期,,2018-03-21
3457428,capacitor loudspeaker,电容式扬声器,,2018-03-21
3457429,capacitor microphone,电容话筒,,2018-03-21
3457430,capacitor motor,电容器式电动机,,2018-03-21
3457431,capacitor oil,电容器油,,2018-03-21
3457432,capacitor paper,电容器纸,,2018-03-21
3457433,capacitor phase shifter,电容移相器,,2018-03-21
3457434,capacitor pick-up,电容拾音器,,2018-03-21
3457435,capacitor plate,电容器极板,,2018-03-21
3457436,capacitor split-phase motor,电容分相电动机,,2018-03-21
3457437,capacitor start,电容[器]起动,,2018-03-21
3457438,capacitor start and run motor,电容起动和运转电动机,,2018-03-21
3457439,capacitor starting,电容器起动,,2018-03-21
3457440,capacitor tester,电容器试验器,,2018-03-21
3457441,capacitor transformer,电容变压器(运行在100千伏以上输电线的电压互感器),,2018-03-21
3457442,capacitor trigger,电容触发器,,2018-03-21
3457443,capacitor voltage,电容器电压,,2018-03-21
3457444,capacitor voltage transformer,电容型比压器,,2018-03-21
3457445,capacitor-run motor,电容器运转式电动机,,2018-03-21
3457446,capacitor-start motor,电容器起动电动机,,2018-03-21
3457447,capacitor-start single-phase motor,电容起动单相电动机,,2018-03-21
3457448,capacitron,电容汞弧管,,2018-03-21
3457449,capacity,容量,,2018-03-21
3457450,capacity antenna,电容性天线,,2018-03-21
3457451,capacity attenuator,电容衰减器,,2018-03-21
3457452,capacity balance,电容平衡,,2018-03-21
3457453,capacity boost,容量增大,,2018-03-21
3457454,capacity booster,电容性升压电机,,2018-03-21
3457455,capacity bridge,电容电桥,,2018-03-21
3457456,capacity commutator,电容转换器,,2018-03-21
3457457,capacity coupler,电容耦合元件，电容耦合器,,2018-03-21
3457458,capacity coupling,电容耦合,,2018-03-21
3457459,capacity current,[电]容性电流,,2018-03-21
3457460,capacity discharge,电容放电,,2018-03-21
3457461,capacity earth,电容接地,,2018-03-21
3457462,capacity effect,电容效应,,2018-03-21
3457463,capacity exceeding number,超位数(超过存储单元最大长度的数),,2018-03-21
3457464,capacity factor,容量因数,,2018-03-21
3457465,capacity ground,电容接地,,2018-03-21
3457466,capacity lag,电容时滞,,2018-03-21
3457467,capacity load,电容负载,,2018-03-21
3457468,capacity maximum electirc,最大,,2018-03-21
3457469,capacity meter,电容计,,2018-03-21
3457470,capacity multiplier,电容倍增器,,2018-03-21
3457471,capacity of machine,机器容量,,2018-03-21
3457472,capacity output,最大出力,,2018-03-21
3457473,capacity payment,容量支付价格,,2018-03-21
3457474,capacity rated,标称,,2018-03-21
3457475,capacity ratio,电容比,,2018-03-21
3457476,capacity reactance,[电]容[电]抗,,2018-03-21
3457477,capacity relay,电容式继电器,,2018-03-21
3457478,"capacity reservoir,equivalent electical energy",水库能量;水库等值电能容量,,2018-03-21
3457479,capacity standard,电容标准,,2018-03-21
3457480,capacity starting,电容式起动,,2018-03-21
3457481,capacity susceptance,容纳,,2018-03-21
3457482,capacity test,电容试验,,2018-03-21
3457483,capacity time lag,电容惯性,,2018-03-21
3457484,capacity unbalance,电容不平衡,,2018-03-21
3457485,capacity utilised,运转,,2018-03-21
3457486,capacity-input filter,电容输入滤波器,,2018-03-21
3457487,capadyne,电致伸缩继电器,,2018-03-21
3457488,capaswitch,双电致伸缩继电器,,2018-03-21
3457489,caper,跳跃,,2018-03-21
3457490,capillarity,毛细现象,,2018-03-21
3457491,capillary,毛细管,,2018-03-21
3457492,capillary action,毛细管现象,,2018-03-21
3457493,capillary conductivity,毛细管传导作用,,2018-03-21
3457494,capillary crack,毛细裂纹,,2018-03-21
3457495,capillary detector,微管检波器,,2018-03-21
3457496,capillary electrometer,毛细管静电计,,2018-03-21
3457497,capillary oiler,毛细管给油器,,2018-03-21
3457498,capillary tube,毛细管,,2018-03-21
3457499,capillary wattmeter,毛细管式功率表(一种高频功率表),,2018-03-21
3457500,capillcry electrometer,毛细管静电计,,2018-03-21
3457501,capister,变容二极管,,2018-03-21
3457502,capital,首都，大写[字母]，主要的，根本的，资本,,2018-03-21
3457503,capital cost,资本费用，资本值，投资成本,,2018-03-21
3457504,capital expenditure,基本建设费用，投资费用,,2018-03-21
3457505,capital investment,投资,,2018-03-21
3457506,capital pay-off,资本偿还期，投资回收期,,2018-03-21
3457507,capital repair,大修,,2018-03-21
3457508,caplastometer,粘度计,,2018-03-21
3457509,capped end,加帽端,,2018-03-21
3457510,caprone,卡普龙(聚己内胺纤维),,2018-03-21
3457511,capstan,主动轮(录音机的)，主导轴(录像机的)，绞盘，索式卷扬机，刀盘，六角刀架,,2018-03-21
3457512,capstan crab,重直绞车，绞盘，起锚机绞盘,,2018-03-21
3457513,capstan motor,绞盘电动机,,2018-03-21
3457514,captance,容抗,,2018-03-21
3457515,caption,[插图]说明，字幕，标题，目录,,2018-03-21
3457516,captive foundry,铸工车间(机器厂的),,2018-03-21
3457517,captive test,试验台试验，静态试验,,2018-03-21
3457518,capture,俘获，捕捉，捕获，遏止噪声(在频率和相位调变中),,2018-03-21
3457519,capture cross-section,俘获截面,,2018-03-21
3457520,capture efficiency,俘获效率,,2018-03-21
3457521,capture event,俘获事件,,2018-03-21
3457522,capture product,俘获产物,,2018-03-21
3457523,capture radiation,俘获辐射,,2018-03-21
3457524,capture rate,俘获率,,2018-03-21
3457525,capture scattering,俘获散射,,2018-03-21
3457526,capture-to-fission ratio,俘获裂变比,,2018-03-21
3457527,capturing medium,俘获介质,,2018-03-21
3457528,capturing nucleus,俘获核,,2018-03-21
3457529,car,车箱,,2018-03-21
3457530,car battery,汽车蓄电池,,2018-03-21
3457531,car lamp,车灯,,2018-03-21
3457532,car lighting,车厢照明,,2018-03-21
3457533,car starter,汽车起动器,,2018-03-21
3457534,car track line,电车轨道线,,2018-03-21
3457535,car transformer,车用变压器,,2018-03-21
3457536,carat,克拉,,2018-03-21
3457537,carballoy,碳化钨硬质合金,,2018-03-21
3457538,carbanion,负碳离子,,2018-03-21
3457539,carbide,电石,,2018-03-21
3457540,carbide blade,硬质合金刀片,,2018-03-21
3457541,carbide chip,硬质合金刀片,,2018-03-21
3457542,carbide cutter tool,硬质合金刀,,2018-03-21
3457543,carbide-tipped reamer,镶硬质合金的铰刀,,2018-03-21
3457544,carbolic,碳的,,2018-03-21
3457545,carbolite,卡波立，酚醛塑料,,2018-03-21
3457546,carbometer,含碳测量计,,2018-03-21
3457547,carbon,碳,,2018-03-21
3457548,carbon anode,碳阳极,,2018-03-21
3457549,carbon arc,碳弧,,2018-03-21
3457550,carbon arrester,碳避雷器,,2018-03-21
3457551,carbon black,炭黑,,2018-03-21
3457552,carbon block,碳块,,2018-03-21
3457553,carbon breaker,碳断路器,,2018-03-21
3457554,carbon brush,石墨(电)刷，碳刷,,2018-03-21
3457555,carbon brush collector,碳刷集电器,,2018-03-21
3457556,carbon brush generator,碳刷发电机,,2018-03-21
3457557,carbon brush holder,碳刷架,,2018-03-21
3457558,carbon cell,碳电池,,2018-03-21
3457559,carbon circuit breaker,碳接点断路器,,2018-03-21
3457560,carbon commutator,带碳刷的换向器,,2018-03-21
3457561,carbon compound,碳化合物,,2018-03-21
3457562,carbon contact,碳接点(开关辅助接点),,2018-03-21
3457563,carbon contact pickup,碳粒[接触]拾音器,,2018-03-21
3457564,carbon content,含碳量,,2018-03-21
3457565,carbon core,碳心，碳化点(贴近导体的第一、二层绝缘被击穿处),,2018-03-21
3457566,carbon cycle,碳循环,,2018-03-21
3457567,carbon dioxide,二氧化碳,,2018-03-21
3457568,carbon dioxide cylinder,二氧化碳灭火器，二氧化碳[钢]瓶,,2018-03-21
3457569,carbon dioxide fire extinguisher,二氧化碳灭火器,,2018-03-21
3457570,carbon dioxide greenhouse effect,二氧化碳温室效应,,2018-03-21
3457571,carbon dioxide laser,激光器,,2018-03-21
3457572,carbon dioxide machine,冷涷机,,2018-03-21
3457573,carbon dust,碳粉，碳灰,,2018-03-21
3457574,carbon electrode,碳电极，碳棒，石墨棒(碳弧焊的),,2018-03-21
3457575,carbon face seal,炭面密封,,2018-03-21
3457576,carbon fibre,碳纤维,,2018-03-21
3457577,carbon fibre brush,碳纤维电刷,,2018-03-21
3457578,carbon filament lamp,碳丝灯泡,,2018-03-21
3457579,carbon film resister,碳膜电阻,,2018-03-21
3457580,carbon for flame arc,焰弧碳极,,2018-03-21
3457581,carbon glow lamp,碳辉灯,,2018-03-21
3457582,carbon granule,碳粒,,2018-03-21
3457583,carbon lamp,炭弧光灯,,2018-03-21
3457584,carbon lightning arrester,碳质避雷器,,2018-03-21
3457585,carbon membrance,碳膜,,2018-03-21
3457586,carbon microphone,碳粒传声器,,2018-03-21
3457587,carbon moderator,碳慢化剂,,2018-03-21
3457588,carbon pile voltage transformer,碳堆电压变换器,,2018-03-21
3457589,carbon powder,碳粉,,2018-03-21
3457590,carbon regulator,碳调整器,,2018-03-21
3457591,carbon resistance,碳(电)阻,,2018-03-21
3457592,carbon resistance furnace,碳阻电炉,,2018-03-21
3457593,carbon resistance thermometer,碳电阻温度计,,2018-03-21
3457594,carbon resistor,碳电阻器,,2018-03-21
3457595,carbon rheostat,碳变阻器,,2018-03-21
3457596,carbon ring,炭[精]环,,2018-03-21
3457597,carbon rod,碳杆，碳棒,,2018-03-21
3457598,carbon seal ring,炭[精]密封圈,,2018-03-21
3457599,carbon segment,碳片；石墨片,,2018-03-21
3457600,carbon steel,碳[素]钢,,2018-03-21
3457601,carbon stick,炭精棒,,2018-03-21
3457602,carbon testrachloride fuse,四氯化碳熔断器,,2018-03-21
3457603,carbon tetrachloride,四氯化碳,,2018-03-21
3457604,carbon transducer,炭精式转换器,,2018-03-21
3457605,carbon-arc lamp,碳弧灯,,2018-03-21
3457606,carbon-arc welding,碳弧焊,,2018-03-21
3457607,carbon-break switch,碳接点开关,,2018-03-21
3457608,carbon-composition resistor,碳合电阻器,,2018-03-21
3457609,carbon-copper contact film,碳铜接触膜,,2018-03-21
3457610,carbon-dioxide microphone,碳盘传声器,,2018-03-21
3457611,carbon-dioxide system,二氧化碳系统,,2018-03-21
3457612,carbon-fibre end-ring,碳纤维护环,,2018-03-21
3457613,carbon-graphite brush,碳-石墨电刷,,2018-03-21
3457614,carbon-loaded paper tape,色带，含碳纸带,,2018-03-21
3457615,carbon-pile automatic voltage regulator,碳堆自动电压调整器,,2018-03-21
3457616,carbonaceous coal,半无烟煤,,2018-03-21
3457617,carbonaceous deposit,碳质沉淀,,2018-03-21
3457618,carbonaceous matter,含碳物质,,2018-03-21
3457619,carbonate,碳酸盐,,2018-03-21
3457620,carbonic,含碳的,,2018-03-21
3457621,carbonic acid,碳酸,,2018-03-21
3457622,carbonic acid refrigerating machine,碳酸冷却器,,2018-03-21
3457623,carbonic oxide cell,一氧化碳电池,,2018-03-21
3457624,carbonisation,碳化,,2018-03-21
3457625,carbonization,碳化,,2018-03-21
3457626,carbonizing,碳化,,2018-03-21
3457627,carbonyl,羰基,,2018-03-21
3457628,carbonyl dust core,碳粉[压制]铁心，羰[基]铁粉心，铁氧体磁心,,2018-03-21
3457629,carbonyl group,羰基,,2018-03-21
3457630,carbonyl iron,羰基铁,,2018-03-21
3457631,carborundum,金刚砂，碳化矽，碳矽砂,,2018-03-21
3457632,carborundum detector,碳化矽检波器，金刚砂检波器,,2018-03-21
3457633,carburator,汽化器，化油器,,2018-03-21
3457634,carburet,汽化，使汽油与空气混合,,2018-03-21
3457635,carburetor,化油器，汽化器,,2018-03-21
3457636,carburization,渗碳，表面硬化处理,,2018-03-21
3457637,carburize,渗碳，表面硬化处理,,2018-03-21
3457638,carcase,骨架，构架(汽车的)，机壳，机座，定子(电机的),,2018-03-21
3457639,carcass,骨架，构架(汽车的)，机壳，机座，定子(电机的),,2018-03-21
3457640,Carcel lamp,卡索灯,,2018-03-21
3457641,Carcel unit,卡索[灯]单位(法国以前用的光度单位，等于6.9英国烛光),,2018-03-21
3457642,carcinotron,回波管，返波管,,2018-03-21
3457643,card,卡，穿孔卡，卡片，图，表[格]，插件(计算机的)，程序单,,2018-03-21
3457644,card code,卡片代码,,2018-03-21
3457645,card collator,卡片校对机,,2018-03-21
3457646,card column,卡片列,,2018-03-21
3457647,card editor,卡片编辑程序,,2018-03-21
3457648,card feed,卡片传送,,2018-03-21
3457649,card file,卡片存储器,,2018-03-21
3457650,card hopper,送卡箱,,2018-03-21
3457651,card image,卡片图示,,2018-03-21
3457652,card input,卡片输入,,2018-03-21
3457653,card input magazine,卡片输入箱,,2018-03-21
3457654,card interpreter,卡片解释程序,,2018-03-21
3457655,card jam,卡片阻塞,,2018-03-21
3457656,card mode,卡片状态,,2018-03-21
3457657,card programmed calculator,卡片程式化计算器,,2018-03-21
3457658,card programmed electronic calculator,卡片程式化电子计算机,,2018-03-21
3457659,card programming control,卡片程序控制,,2018-03-21
3457660,card punching machine,卡片打孔机,,2018-03-21
3457661,card reader,卡片输入机，卡片阅读机，读卡机,,2018-03-21
3457662,card reader punch,卡片读出打孔机,,2018-03-21
3457663,card reproducing puncher,卡片复制打孔机,,2018-03-21
3457664,card row,卡片行,,2018-03-21
3457665,card sorter,卡片分类机,,2018-03-21
3457666,card stacker,叠片机,,2018-03-21
3457667,card transcriber,卡片读数器，卡片抄录器,,2018-03-21
3457668,card translator,卡片译码器,,2018-03-21
3457669,card-programmed,卡片程式化的,,2018-03-21
3457670,card-proof punch,卡片验证机,,2018-03-21
3457671,card-to-disk conversion,卡片-磁盘[信息]转换,,2018-03-21
3457672,card-to-tape conversion,卡片-磁盘[信息]转换,,2018-03-21
3457673,cardan,万向节，活节连接器，平衡环,,2018-03-21
3457674,cardan shaft,万向轴,,2018-03-21
3457675,cardboard,纸板,,2018-03-21
3457676,cardboard bushing,硬纸套管,,2018-03-21
3457677,cardboard sleeve,硬纸套筒,,2018-03-21
3457678,cardboard tube,硬纸管,,2018-03-21
3457679,Carddew earthing device,过电压电路接地器,,2018-03-21
3457680,cardinal,基本的,,2018-03-21
3457681,cardinal light,座标灯光，方位灯光,,2018-03-21
3457682,cardinal mark,座标标识，方位标识,,2018-03-21
3457683,cardinal number,基数,,2018-03-21
3457684,cardinal point,基点,,2018-03-21
3457685,cardioid,心形线,,2018-03-21
3457686,cardioid diagram,心形曲线图,,2018-03-21
3457687,cardioid microphone,心形方向性麦克风,,2018-03-21
3457688,carditioner,卡片调整机,,2018-03-21
3457689,care,注意，小心，关心，管理，照顾,,2018-03-21
3457690,caret,插入记号，脱字符,,2018-03-21
3457691,Carey-Foster bridge,凯里-福斯特电桥(惠斯登电桥的一种，测量两个几乎等电阻之差用),,2018-03-21
3457692,cargo,船货，船装的货物,,2018-03-21
3457693,cargo capacity,[船]载货能力，[船]装货容量,,2018-03-21
3457694,Carlite,一种[镀于矽钢片上的]缘层,,2018-03-21
3457695,Carnot cycle,卡诺循环,,2018-03-21
3457696,Carnot's principle,卡诺原理,,2018-03-21
3457697,caro bronze,磷青铜(锡7.5~9%，磷0.11~0.4%，其余为铜),,2018-03-21
3457698,carpenter,木工,,2018-03-21
3457699,carpet,磨损层,,2018-03-21
3457700,carriage,支架,,2018-03-21
3457701,carriage return,回车,,2018-03-21
3457702,carriage return character,回车字符号,,2018-03-21
3457703,carrier,载波,,2018-03-21
3457704,carrier blocking,载波阻隔，载波闭锁,,2018-03-21
3457705,carrier capture,载子俘获,,2018-03-21
3457706,carrier channel,载波通道,,2018-03-21
3457707,carrier circuit,载波电路,,2018-03-21
3457708,carrier computer,载波计算机,,2018-03-21
3457709,carrier current,载波电流,,2018-03-21
3457710,carrier current telephony,载波电话,,2018-03-21
3457711,carrier density,载流子密度,,2018-03-21
3457712,carrier diffusion,载流子扩散,,2018-03-21
3457713,carrier distribution,载流子分布,,2018-03-21
3457714,carrier drift transistor,载流子漂移型电晶体,,2018-03-21
3457715,carrier frequency,载波频率,,2018-03-21
3457716,carrier frequency cable,载波电缆,,2018-03-21
3457717,carrier generator,载波产生器,,2018-03-21
3457718,carrier injection,载子注入,,2018-03-21
3457719,carrier intertripping,载波联锁跳闸,,2018-03-21
3457720,carrier ion,载波离子,,2018-03-21
3457721,carrier level,载波位准,,2018-03-21
3457722,carrier line,载波线路,,2018-03-21
3457723,carrier load control,载波功率控制，载波负载控制,,2018-03-21
3457724,carrier mobility,载流子平均漂移速度(单位电场内的)，载流子迁移率,,2018-03-21
3457725,carrier noise,载波噪音,,2018-03-21
3457726,carrier noise ratio,载波噪音比,,2018-03-21
3457727,carrier pilot system,载波控制系统，载波寻频系统,,2018-03-21
3457728,carrier power,载流子平均漂移速度(单位电场内的)，载流子迁移率,,2018-03-21
3457729,carrier protection,载波保护,,2018-03-21
3457730,carrier reinsertion,载波控制系统，载波导频系统,,2018-03-21
3457731,carrier relay,载波继电器,,2018-03-21
3457732,carrier relaying,载波中继,,2018-03-21
3457733,carrier repeater,载波增音机,,2018-03-21
3457734,carrier shift,载波漂移,,2018-03-21
3457735,carrier signal,载波信号,,2018-03-21
3457736,carrier suppression,载波抑制,,2018-03-21
3457737,carrier sweep-out,载子扫出,,2018-03-21
3457738,carrier sweep-out process,载子扫出程序,,2018-03-21
3457739,carrier telegraphy,载波电报，载波电报学,,2018-03-21
3457740,carrier telephony,载波电话学,,2018-03-21
3457741,carrier transmission,载波传输,,2018-03-21
3457742,carrier voltage,载波电压,,2018-03-21
3457743,carrier wave,载波,,2018-03-21
3457744,carrier wave telephone,载波电话,,2018-03-21
3457745,carrier-actuated relay,载波致动继电器,,2018-03-21
3457746,carrier-amplifier,载频放大器,,2018-03-21
3457747,carrier-current channel,载波通道,,2018-03-21
3457748,carrier-current communication,载波通信,,2018-03-21
3457749,carrier-current protection,载波保护,,2018-03-21
3457750,carrier-current signalling channel,载波通道,,2018-03-21
3457751,carrier-frequency oscillator,载波振荡器,,2018-03-21
3457752,carrier-to-noise ratio,载波噪声比,,2018-03-21
3457753,carry,进位,,2018-03-21
3457754,carry chain,进位链,,2018-03-21
3457755,carry circuit,进位电路,,2018-03-21
3457756,carry clear signal,进位清除信号,,2018-03-21
3457757,carry delay,进位延迟,,2018-03-21
3457758,carry detection,进位检测,,2018-03-21
3457759,carry in,输入,,2018-03-21
3457760,carry initiating signal,进位起始信号,,2018-03-21
3457761,carry input,进位输入,,2018-03-21
3457762,carry line,进位线,,2018-03-21
3457763,carry number,进位数,,2018-03-21
3457764,carry output,进位输出,,2018-03-21
3457765,carry over,进位,,2018-03-21
3457766,carry propagation,进位传送,,2018-03-21
3457767,carry pulse,进位脉波,,2018-03-21
3457768,carry reset,进位清除，进位复位,,2018-03-21
3457769,carry skip,跳跃进位,,2018-03-21
3457770,carry storage,进位存储，进位存储器,,2018-03-21
3457771,carry system,进位系统,,2018-03-21
3457772,carry-complete signal,进位完成信号,,2018-03-21
3457773,carry-in terminal,输入端,,2018-03-21
3457774,carry-out terminal,输出端,,2018-03-21
3457775,carry-over storage,多年调节水库,,2018-03-21
3457776,carry-storage register,进位寄存器,,2018-03-21
3457777,carry...into effect,实行,,2018-03-21
3457778,carry...through,将...进行到底，贯彻,,2018-03-21
3457779,carrying bolt,支撑螺栓,,2018-03-21
3457780,carrying capacity,载流容量,,2018-03-21
3457781,carrying current,载流,,2018-03-21
3457782,carrying current conductor,载流导体,,2018-03-21
3457783,carrying device,承载装置,,2018-03-21
3457784,carrying hook,台杆器,,2018-03-21
3457785,carrying rod,护环,,2018-03-21
3457786,carrying wall,承重墙,,2018-03-21
3457787,Carter chart,卡特[阻抗]圆图,,2018-03-21
3457788,Carter's coefficient,卡氏系数，汽隙系数,,2018-03-21
3457789,Cartesian coordinates,笛卡尔座标，直角座标,,2018-03-21
3457790,cartographer,制图员,,2018-03-21
3457791,cartography,制图学，制图法,,2018-03-21
3457792,cartridge,盒式磁盘，盒式磁带，[拾音器]心座，胶卷，燃料元件，熔丝盒，管，筒，盒,,2018-03-21
3457793,cartridge element,燃料元件,,2018-03-21
3457794,cartridge fuse,管装熔丝,,2018-03-21
3457795,cartridge fuse-link,管装熔断片,,2018-03-21
3457796,cartridge type bearing,盒式滚动轴承,,2018-03-21
3457797,cartridge-fabrication plant,燃料元件生产工厂,,2018-03-21
3457798,cascade,串级,,2018-03-21
3457799,cascade amplifier,级联放大器，梯级放大器,,2018-03-21
3457800,cascade battery,级联电池组，阶式蒸浓装置,,2018-03-21
3457801,cascade breakers,串级断路器组(顺序启闭断路器组),,2018-03-21
3457802,cascade connection,串连连接,,2018-03-21
3457803,cascade connection of direct converters,直接变换器串连连接,,2018-03-21
3457804,cascade control,串级控制,,2018-03-21
3457805,cascade converter,串级转换器,,2018-03-21
3457806,cascade current transformer,级联比流器,,2018-03-21
3457807,cascade design,串连设计,,2018-03-21
3457808,cascade fault conditions,逐级故障条件,,2018-03-21
3457809,cascade generator,串级发电机,,2018-03-21
3457810,cascade machines,级联电机,,2018-03-21
3457811,cascade method,串级接法,,2018-03-21
3457812,cascade motor,级联电动机,,2018-03-21
3457813,cascade oiling,油环润滑,,2018-03-21
3457814,cascade operation,级联运转,,2018-03-21
3457815,cascade outages,串级式断电,,2018-03-21
3457816,cascade particle,级联粒子,,2018-03-21
3457817,cascade potential transformer,级联式比压器,,2018-03-21
3457818,cascade rectifier,串级整流器,,2018-03-21
3457819,cascade screen,级联屏蔽,,2018-03-21
3457820,cascade set,串级机组,,2018-03-21
3457821,cascade speed control,串级调速,,2018-03-21
3457822,cascade starter,级联起动机,,2018-03-21
3457823,cascade starting,串级起动,,2018-03-21
3457824,cascade transformer,级联变压器，串级变压器,,2018-03-21
3457825,cascade tripping,串级跳脱，逐级跳闸,,2018-03-21
3457826,cascade unit,级联装置,,2018-03-21
3457827,cascade voltage doubler,串级倍压器,,2018-03-21
3457828,cascade-connected,级联的，串联的,,2018-03-21
3457829,cascade-connected transformer,串联变压器,,2018-03-21
3457830,cascade-type potential transformer,串级式比压器,,2018-03-21
3457831,cascaded carry,逐位进位,,2018-03-21
3457832,cascading,级联，串级连接(开关装置的)，串级列[作用]，串级崩溃(电力系统),,2018-03-21
3457833,cascading method,级联法，串级连接法,,2018-03-21
3457834,cascading of insulators,碍子级联,,2018-03-21
3457835,cascode,栅[地]-阴[地]放大器，共阴共栅放大器，共射-共基放大器,,2018-03-21
3457836,cascode amplifier,栅[地]-阴[地]放大器，共射-共基放大器,,2018-03-21
3457837,cascode switching circuit,闸极-阴极放大电路,,2018-03-21
3457838,case,盒，箱，外壳，机壳，罩，套管，情况，事例，表面,,2018-03-21
3457839,case body,壳体，箱体,,2018-03-21
3457840,case carbon,表面含碳量,,2018-03-21
3457841,case cover,箱盖,,2018-03-21
3457842,case hardening,表面硬化，表面淬火,,2018-03-21
3457843,case history,典型例证,,2018-03-21
3457844,case number,箱号,,2018-03-21
3457845,case pipe,套管,,2018-03-21
3457846,case statement,选择语句,,2018-03-21
3457847,cased,装在壳内的，箱形的,,2018-03-21
3457848,cased beam,箱形梁,,2018-03-21
3457849,cash,现金，兑现，付现,,2018-03-21
3457850,cash deposit accounts,现金帐户,,2018-03-21
3457851,cash on delivery,现款交货，货到付款,,2018-03-21
3457852,cash payment,[支]付现[款],,2018-03-21
3457853,cash purchase,现[款]购[买],,2018-03-21
3457854,casing,箱,,2018-03-21
3457855,casing cap,管堵,,2018-03-21
3457856,casing end,端盖,,2018-03-21
3457857,casing fitting,套管接头零件,,2018-03-21
3457858,casing leak,机壳漏电,,2018-03-21
3457859,casinghead gas,伴产气,,2018-03-21
3457860,cask,桶,,2018-03-21
3457861,casket,罐,,2018-03-21
3457862,caslox,合成树脂结合剂磁铁,,2018-03-21
3457863,Cassegrain antenna,卡塞格伦天线,,2018-03-21
3457864,cassette,磁带盒,,2018-03-21
3457865,cassette tape,盒式磁带,,2018-03-21
3457866,cassette tape recorder,卡式磁带录音机,,2018-03-21
3457867,cast,模子,,2018-03-21
3457868,cast -iron tank,铸铁油箱(变压器的),,2018-03-21
3457869,cast aluminium,铸铝,,2018-03-21
3457870,cast bronze,铸青铜,,2018-03-21
3457871,cast duralumin,铸硬铝,,2018-03-21
3457872,cast end ring,铸造端环,,2018-03-21
3457873,cast fan,铸造风扇,,2018-03-21
3457874,cast form,铸型,,2018-03-21
3457875,cast frame,铸造机座,,2018-03-21
3457876,cast iron,铸铁，生铁,,2018-03-21
3457877,cast iron electrode,铸铁焊条,,2018-03-21
3457878,cast iron pipe,铸铁管,,2018-03-21
3457879,cast resin,铸型树脂，浇注树脂,,2018-03-21
3457880,cast squirrel-cage winding,铸[造鼠]笼式绕组,,2018-03-21
3457881,cast steel,铸钢,,2018-03-21
3457882,cast steel yoke,铸钢磁轭,,2018-03-21
3457883,cast transformer,浇注[绝缘]变压器,,2018-03-21
3457884,cast-aluminium frame,铸铝机座,,2018-03-21
3457885,cast-foil coil,浅注箔式线圈,,2018-03-21
3457886,cast-in,铸入的,,2018-03-21
3457887,cast-in aluminium,铸铝鼠笼,,2018-03-21
3457888,cast-in aluminium two-cage rotor,铸铝双鼠笼转子,,2018-03-21
3457889,cast-in-place,现场浇铸，就地灌注,,2018-03-21
3457890,cast-iron,铸铁，生铁,,2018-03-21
3457891,cast-iron frame,铸铁机座,,2018-03-21
3457892,cast-iron resistor,铸铁电阻器,,2018-03-21
3457893,cast-on,铸造，浇补,,2018-03-21
3457894,cast-solid,整体铸造的,,2018-03-21
3457895,cast-steel,铸钢,,2018-03-21
3457896,cast-steel frame,铸钢机座,,2018-03-21
3457897,cast-steel magnet,铸造磁钢,,2018-03-21
3457898,castability,可铸性,,2018-03-21
3457899,castell interlocking,齿形连锁,,2018-03-21
3457900,castellated,齿形的,,2018-03-21
3457901,caster,铸工,,2018-03-21
3457902,casting,铸造，铸件,,2018-03-21
3457903,casting -out-9 check,舍9校验,,2018-03-21
3457904,casting alloy,铸造合金,,2018-03-21
3457905,casting compound,浇注化合物，浇注胶,,2018-03-21
3457906,casting copper,铸铜,,2018-03-21
3457907,casting department,铸造车间,,2018-03-21
3457908,casting die,金属铸型,,2018-03-21
3457909,casting ferrite,铸造铁磁体，铸造铁氧体,,2018-03-21
3457910,casting machine,浇铸机，铸字,,2018-03-21
3457911,casting on,补铸，浇补,,2018-03-21
3457912,casting out,舍去(四舍五入),,2018-03-21
3457913,castle manipulator,高架式机械手，双柱窝式机械手,,2018-03-21
3457914,castolin,铸铁焊料合金,,2018-03-21
3457915,castor oil,蓖麻油,,2018-03-21
3457916,casual,偶然的，随机的，临时的，无意的，不规则的,,2018-03-21
3457917,casual inspection,不定期检查.临时检查,,2018-03-21
3457918,casual ion,偶存离子,,2018-03-21
3457919,casualty,损坏,,2018-03-21
3457920,cat gold,金色云母,,2018-03-21
3457921,cat whisker,触须，晶须(矿石检波器),,2018-03-21
3457922,cat-walk,坝内廊道，小通路,,2018-03-21
3457923,catalog,目录,,2018-03-21
3457924,catalysis,催化,,2018-03-21
3457925,catalyst,催化剂,,2018-03-21
3457926,catalytic,催化的,,2018-03-21
3457927,catalytic cracking,触煤类裂炼,,2018-03-21
3457928,catalytic effect,催化效应,,2018-03-21
3457929,catalytic fusion reaction,接触聚变反应,,2018-03-21
3457930,catalyze,催化,,2018-03-21
3457931,catalyzer,催化剂,,2018-03-21
3457932,cataphoresis,电泳,,2018-03-21
3457933,cataract,水力制动机,,2018-03-21
3457934,catastrophe,事故,,2018-03-21
3457935,catastrophic failure,事故,,2018-03-21
3457936,catch,捉,,2018-03-21
3457937,catch bolt,止动螺栓,,2018-03-21
3457938,catch diode,箝位二极体,,2018-03-21
3457939,catch hold of...,抓住,,2018-03-21
3457940,catch holder,保险器，熔线夹,,2018-03-21
3457941,catch net,保謢网(防止高压干电线故障而伤害其下车辆和行人的保护网),,2018-03-21
3457942,catch point,支撑点,,2018-03-21
3457943,catch siding,安全侧线,,2018-03-21
3457944,catch up with,赶上，追及,,2018-03-21
3457945,catch-all,回收器,,2018-03-21
3457946,catch-basin,集水池,,2018-03-21
3457947,catcher,接收器,,2018-03-21
3457948,catcher grid,捕获(栅)极，集流栅,,2018-03-21
3457949,catching diode,箝位二极管,,2018-03-21
3457950,catchment,集水区,,2018-03-21
3457951,catchment area,流域面积,,2018-03-21
3457952,category,类，种类，范畴，完备,,2018-03-21
3457953,catelectrode,阴极，负极(电池的),,2018-03-21
3457954,catena,耦合，联接，锁链，链,,2018-03-21
3457955,catenary,悬链线，悬索线，垂索线，垂曲线，吊线(悬挂电缆用),,2018-03-21
3457956,catenary wire,[电缆]吊索,,2018-03-21
3457957,catenate,链接，环接,,2018-03-21
3457958,catenation,链接，结合，并列，并置(计算机的),,2018-03-21
3457959,caterpillar,履带，履带式车辆(拖拉机，挖土机)，履带式的,,2018-03-21
3457960,caterpillar gate,履带式闸门,,2018-03-21
3457961,catharometer,气体分析仪,,2018-03-21
3457962,cathead,套管，吊锚架，转换开关的凸轮,,2018-03-21
3457963,cathetron,外控式三极汞气整流管，汞汽整流管,,2018-03-21
3457964,cathion,阴向离子，阴向游子，阳离子,,2018-03-21
3457965,cathode,负极，阴极,,2018-03-21
3457966,cathode activation,阴极激发,,2018-03-21
3457967,cathode arrester,阴极放电器,,2018-03-21
3457968,cathode beam,阴极射线束，电子束,,2018-03-21
3457969,cathode bias,阴极偏压,,2018-03-21
3457970,cathode bias resistor,阴极偏压电阻[器],,2018-03-21
3457971,cathode coating,阴极被覆，阴极敷层,,2018-03-21
3457972,cathode coupling,阴极耦合,,2018-03-21
3457973,cathode current,阴极电流,,2018-03-21
3457974,cathode dark space,阴极暗区,,2018-03-21
3457975,cathode deposit,阴极沉淀物,,2018-03-21
3457976,cathode deposition,阴极沉淀,,2018-03-21
3457977,cathode disintegration,阴极溅散,,2018-03-21
3457978,cathode disk,盘形阴极,,2018-03-21
3457979,cathode drop,阴极下降,,2018-03-21
3457980,cathode efficiency,阴极效率,,2018-03-21
3457981,cathode emission,阴极发射,,2018-03-21
3457982,cathode emissivity,阴极发射率,,2018-03-21
3457983,cathode emitter,阴极发射体,,2018-03-21
3457984,cathode end,阴极引出端,,2018-03-21
3457985,cathode excitation,阴极激发,,2018-03-21
3457986,cathode fall,阴极下降,,2018-03-21
3457987,cathode feedback,阴极回授,,2018-03-21
3457988,cathode filament,阴极灯丝,,2018-03-21
3457989,cathode follower amplifier,阴极随耦放大器,,2018-03-21
3457990,cathode follower valve,阴极输出管,,2018-03-21
3457991,cathode glow,阴极辉光,,2018-03-21
3457992,cathode grid,阴极栅,,2018-03-21
3457993,cathode half bridge,阴极半桥,,2018-03-21
3457994,cathode heating time,阴极加热时间,,2018-03-21
3457995,cathode interlayer impedance,阴极层间阻抗,,2018-03-21
3457996,cathode kathode catelectrode,阴极，负极,,2018-03-21
3457997,cathode keying,阴极键控法,,2018-03-21
3457998,cathode light,阴极辉光,,2018-03-21
3457999,cathode liquor,阴极电解液,,2018-03-21
3458000,cathode load,阴极负载,,2018-03-21
3458001,cathode luminance,阴极亮度,,2018-03-21
3458002,cathode luminescence,阴极辉光,,2018-03-21
3458003,cathode modulation,阴极调变,,2018-03-21
3458004,cathode noise,阴极噪音,,2018-03-21
3458005,cathode peak current,阴极峰值电流(故障),,2018-03-21
3458006,cathode phase inverter,阴极反相器,,2018-03-21
3458007,cathode pickling,阴极腐蚀,,2018-03-21
3458008,cathode potential stabilized tube,阴极电位稳定器，阴极稳压管,,2018-03-21
3458009,cathode preheating time,阴极预热时间,,2018-03-21
3458010,cathode ray,阴极射线,,2018-03-21
3458011,cathode ray oscillograph,阴极线示波器,,2018-03-21
3458012,cathode ray oscilloscope,阴极射线示波器,,2018-03-21
3458013,cathode ray tube,阴极射线管,,2018-03-21
3458014,cathode resistor,阴极电阻,,2018-03-21
3458015,cathode saturation current,阴极饱和电流,,2018-03-21
3458016,cathode space,阴极区,,2018-03-21
3458017,cathode spot,阴极弧光斑点,,2018-03-21
3458018,cathode sputtering,阴极溅射，阴极溅散,,2018-03-21
3458019,cathode stream,阴极电子流,,2018-03-21
3458020,cathode surface,阴极表面,,2018-03-21
3458021,cathode terminal,阴极端子,,2018-03-21
3458022,cathode trap,阴极陷波电路,,2018-03-21
3458023,cathode-coupled multivibrator,阴极耦合多谐振荡器,,2018-03-21
3458024,cathode-ray beam,电子[射线]束，阴极射线束,,2018-03-21
3458025,cathode-ray direction finder,阴极射线测向仪,,2018-03-21
3458026,cathode-ray gun,阴极电子枪,,2018-03-21
3458027,cathode-ray indicator,阴极射线指示器,,2018-03-21
3458028,cathode-ray magnetron,阴极射线磁控管,,2018-03-21
3458029,cathode-ray memory tube,阴极射线记忆管，长余辉阴极射线示波管,,2018-03-21
3458030,cathode-ray oscilloscope,阴极射线示波器,,2018-03-21
3458031,cathode-ray oscilloscope tube,阴极射线示波管,,2018-03-21
3458032,cathode-ray pencil,电子束，阴极射线束，阴极射线笔,,2018-03-21
3458033,cathode-ray picture tube,阴极射线[电视]显象管,,2018-03-21
3458034,cathode-ray recorder,阴极射线记录器,,2018-03-21
3458035,cathode-ray spot,阴极辉点，阴极斑点,,2018-03-21
3458036,cathode-ray tube CRT),阴极射线管,,2018-03-21
3458037,cathode-ray tube display,阴极射线管显示器(CRT显示器),,2018-03-21
3458038,cathode-ray tube memory,阴极射线管存储器,,2018-03-21
3458039,cathode-ray tube storage,阴极射线管储存器,,2018-03-21
3458040,cathode-ray tuning indicator,阴极射线调谐指示器,,2018-03-21
3458041,cathodegram,阴极射线示波图,,2018-03-21
3458042,cathodic,阴极的,,2018-03-21
3458043,cathodic corrosion,阴极腐蚀,,2018-03-21
3458044,cathodic evaporation,阴极蒸发,,2018-03-21
3458045,cathodic eye,电眼,,2018-03-21
3458046,cathodic polarization,阴极极化,,2018-03-21
3458047,cathodic protection,阴极保护,,2018-03-21
3458048,cathodic reduction,阴极还原,,2018-03-21
3458049,cathodic wave,阴极波,,2018-03-21
3458050,cathodogram,阴极射线示波图,,2018-03-21
3458051,cathodograph,X 光照相,,2018-03-21
3458052,cathodoluminescence,阴极线(冷)光,,2018-03-21
3458053,cathodophone,阴极送话器,,2018-03-21
3458054,catholyte,阴极液,,2018-03-21
3458055,cation,阴向离子，阳离子,,2018-03-21
3458056,cation exchange filter,沸石滤水器,,2018-03-21
3458057,cation exchanger,阴离子交换剂,,2018-03-21
3458058,cation kathion,阴向离子，阴向游子，阳离子,,2018-03-21
3458059,cation kation cathion),阴向离子，阴向游子，阳离子,,2018-03-21
3458060,cation-anion resin,阴阳离子树脂,,2018-03-21
3458061,cation-exchange,阳离子交换,,2018-03-21
3458062,cation-exchange resin,阳离子交换树脂,,2018-03-21
3458063,cationic activation,阳离子活化[作用],,2018-03-21
3458064,cationic current,阳离子电流，正离子电流,,2018-03-21
3458065,cationics,阳离子剂，阳离子表面活性剂,,2018-03-21
3458066,cationite,阳离子交换剂,,2018-03-21
3458067,catoptrics,反射光学,,2018-03-21
3458068,Cauchy's theorem,科希定理,,2018-03-21
3458069,Cauchy-Reimann's equations,科希-黎曼方程式,,2018-03-21
3458070,Cauer synthesis of LC network,LC网路的科尔综合,,2018-03-21
3458071,Cauer's network,科尔网路(网路综合的),,2018-03-21
3458072,caulking,堵缝，敛缝，堵头(电缆的)，填密,,2018-03-21
3458073,causality,因果性，因果关系，因果律，原因作用,,2018-03-21
3458074,cause,原因，理由，引起,,2018-03-21
3458075,caustic,腐蚀性的，苛性的，焦散的,,2018-03-21
3458076,caustic alkali,苛性碱,,2018-03-21
3458077,caustic embrittlement,碱性脆化，苛性脆性,,2018-03-21
3458078,caustic lime,生石灰，苛性石灰，苛性钙,,2018-03-21
3458079,caustic lye,苛性碱液,,2018-03-21
3458080,caustic soda,氢氧化钠，苛性钠,,2018-03-21
3458081,caustic soda cell,苛性钠电池,,2018-03-21
3458082,causticity,苛性，腐蚀性,,2018-03-21
3458083,caution,小心，谨慎，警告，注意,,2018-03-21
3458084,caution signal,注意信号，警戒信号,,2018-03-21
3458085,cave,槽,,2018-03-21
3458086,Cavendish experiment,卡文迪什试验,,2018-03-21
3458087,caving,陷落,,2018-03-21
3458088,cavitation,空隙现象,,2018-03-21
3458089,cavitation damage,汽蚀损坏,,2018-03-21
3458090,cavitation erosion,空蚀,,2018-03-21
3458091,cavitation test,汽蚀试验,,2018-03-21
3458092,cavities,凹陷，空穴,,2018-03-21
3458093,cavity,谐振腔,,2018-03-21
3458094,cavity antenna,空腔天线,,2018-03-21
3458095,cavity circuit,谐振腔电路,,2018-03-21
3458096,cavity frequency meter,空腔频率计,,2018-03-21
3458097,cavity magnetron,空腔磁控管,,2018-03-21
3458098,cavity reactor-MHD generator,腔式反应器-磁流体发电机,,2018-03-21
3458099,cavity resonance,空腔谐振,,2018-03-21
3458100,cavity resonator,空腔共振器,,2018-03-21
3458101,cavity resonator wavemeter,谐振腔波长计,,2018-03-21
3458102,cease,中断,,2018-03-21
3458103,ceaseless,不断的,,2018-03-21
3458104,cedar pole,杉木杆,,2018-03-21
3458105,ceiling,顶点,,2018-03-21
3458106,ceiling box,吊线盒,,2018-03-21
3458107,ceiling capacity,最大能量，极限容量，最大能力，上升能力,,2018-03-21
3458108,ceiling crab,吊架起重绞车,,2018-03-21
3458109,ceiling direct voltage,最大直流电压,,2018-03-21
3458110,ceiling excitation,极限激磁，顶值激磁,,2018-03-21
3458111,ceiling fan,顶板通风器(机车)，吊扇,,2018-03-21
3458112,ceiling insulator,珠型碍子,,2018-03-21
3458113,ceiling lamp,天棚灯，吊灯,,2018-03-21
3458114,ceiling lamp fixture,天棚照明配件，吊灯配件,,2018-03-21
3458115,ceiling luminaire,天花板灯(具)，顶灯,,2018-03-21
3458116,ceiling margin,上极限,,2018-03-21
3458117,ceiling mounting,倒置安装,,2018-03-21
3458118,ceiling rosette,天花板接线盒,,2018-03-21
3458119,ceiling speed,极限速度,,2018-03-21
3458120,ceiling switch,天棚拉线开关,,2018-03-21
3458121,ceiling ventilator,天棚通风机,,2018-03-21
3458122,ceiling voltage,顶值电压，峰值电压,,2018-03-21
3458123,ceiling voltage at the forcing,强励[时的]顶值电压,,2018-03-21
3458124,ceiling wiring,天棚布线,,2018-03-21
3458125,celestial,天的，天空的，天体的,,2018-03-21
3458126,cell,电池,,2018-03-21
3458127,cell feeding,电池馈电,,2018-03-21
3458128,cell switch,电池并联,,2018-03-21
3458129,cellar,地下室,,2018-03-21
3458130,cellon lacquer,硝化纤维清漆,,2018-03-21
3458131,cellophane,赛璐玢(玻璃纸),,2018-03-21
3458132,cellophane paper,玻璃纸，赛璐玢纸,,2018-03-21
3458133,celloyarn,玻璃纸条，玻璃纸纤维,,2018-03-21
3458134,cellpacking,管壳，电池外壳，元件包装物,,2018-03-21
3458135,cellular,单元的,,2018-03-21
3458136,cellular board,分房式电盘,,2018-03-21
3458137,cellular conductor,管状导线,,2018-03-21
3458138,cellular insulation,蜂窝状绝缘,,2018-03-21
3458139,cellular logic,单元逻辑,,2018-03-21
3458140,cellular polyethylene,泡沫聚乙烯,,2018-03-21
3458141,cellular rubber,泡沫橡胶,,2018-03-21
3458142,cellular switchgear,防火隔装开关设备,,2018-03-21
3458143,celluloid,假象牙,,2018-03-21
3458144,cellulose,纤维素,,2018-03-21
3458145,cellulose acetate,醋酸纤维,,2018-03-21
3458146,cellulose film,纤维素薄膜,,2018-03-21
3458147,cellulose lacquer,纤维素漆,,2018-03-21
3458148,cellulose tape,纤维素胶带,,2018-03-21
3458149,cellulose varnish,纤维素清漆,,2018-03-21
3458150,cellulosic,纤维素的,,2018-03-21
3458151,cellulosic paper,纤维素纸,,2018-03-21
3458152,celotex,隔音板,,2018-03-21
3458153,Celsius,摄氏温度,,2018-03-21
3458154,Celsius temperature,摄氏温度,,2018-03-21
3458155,Celsius' thermometer,摄氏温度计,,2018-03-21
3458156,Celsius' thermometric scale,摄氏温标,,2018-03-21
3458157,cemedin,接合剂,,2018-03-21
3458158,cement,水泥，,,2018-03-21
3458159,cement bound,水泥胶合,,2018-03-21
3458160,cement grouting,水泥灌浆,,2018-03-21
3458161,cementation,渗碳,,2018-03-21
3458162,cemented steel,渗碳钢,,2018-03-21
3458163,cementing,胶接,,2018-03-21
3458164,cementing agent,粘合剂，胶料,,2018-03-21
3458165,cementite,渗碳体，碳化铁体,,2018-03-21
3458166,censor contact,监护接点,,2018-03-21
3458167,cent,分(百分之一元)，百,,2018-03-21
3458168,cental,百磅(等于45.36公斤),,2018-03-21
3458169,center,中心，中心点，中核，定[圆]心，中央，枢纽,,2018-03-21
3458170,center bearing,中心轴承,,2018-03-21
3458171,center bit,中心钻，转柄钻，，三叉钻头,,2018-03-21
3458172,center bore,中心孔,,2018-03-21
3458173,center conductor,中心导线，中心线(同轴电缆的),,2018-03-21
3458174,center differential,中央差动机构,,2018-03-21
3458175,center distance,中心距离,,2018-03-21
3458176,center drive,中心主动轮传动，中心传动,,2018-03-21
3458177,center duct,中心孔道,,2018-03-21
3458178,center feed,中心馈电[式]，中央供[式]，中间馈电,,2018-03-21
3458179,center frequency,中心频率，未调变频率，对称𫍣制载波频率,,2018-03-21
3458180,center gradient,中线与相线间电位梯度(输电线的),,2018-03-21
3458181,center height,中心高,,2018-03-21
3458182,center hole,中心孔,,2018-03-21
3458183,center line,中心线,,2018-03-21
3458184,center of distribution,配电中心,,2018-03-21
3458185,center of equilibrium,平衡中心,,2018-03-21
3458186,center of gravity,重心,,2018-03-21
3458187,center of inertia,惯性中心,,2018-03-21
3458188,center of mass,质心,,2018-03-21
3458189,center of moment,矩心,,2018-03-21
3458190,center of oscillation,振动中心,,2018-03-21
3458191,center of rotation,转动中心,,2018-03-21
3458192,center of span,跨距中心,,2018-03-21
3458193,center of supply,供电中心,,2018-03-21
3458194,center of thrust,推力中心,,2018-03-21
3458195,center phase,中间位置的相线,,2018-03-21
3458196,center point,中心点,,2018-03-21
3458197,center punch,定中[心]冲头，冲心机,,2018-03-21
3458198,center rail,中(间)轨,,2018-03-21
3458199,center support base,中心支持座,,2018-03-21
3458200,center tap,中心分接头,,2018-03-21
3458201,center to center,中[心]到中[心]，中心之间,,2018-03-21
3458202,center to end,中心到端面,,2018-03-21
3458203,center zero,零位在中间,,2018-03-21
3458204,center zero instrument,刻度中心为零的仪表,,2018-03-21
3458205,center zero relay,中间零位继电器，中间位断开式极化继电器,,2018-03-21
3458206,center-point earth,中心点接地,,2018-03-21
3458207,center-tapped transformer,中心抽头变压器,,2018-03-21
3458208,center-tapped winding,中心抽头的绕组,,2018-03-21
3458209,centered,同轴的，同心的，中心的,,2018-03-21
3458210,centering,定心，对准中心，中心调整,,2018-03-21
3458211,centering coil,定心线圈，中心调整线圈,,2018-03-21
3458212,centering control,中心调节，居中调节，定中调整,,2018-03-21
3458213,centering device,定[中]心装置,,2018-03-21
3458214,centering diode,定心二极体,,2018-03-21
3458215,centering disc,定心圆盘,,2018-03-21
3458216,centering potentiometer,定心电位计,,2018-03-21
3458217,centering tube,定位筒,,2018-03-21
3458218,centerless,无中心的,,2018-03-21
3458219,centertapped dc source,中间抽头直流电源,,2018-03-21
3458220,centesimal,百分的，百分数的，百分之一的，百进位的,,2018-03-21
3458221,centi,厘,,2018-03-21
3458222,centibar,厘巴(气压单位),,2018-03-21
3458223,centigrade,百分度[的]，摄氏温度的，摄氏度数,,2018-03-21
3458224,centigrade heat unit,摄氏热单位,,2018-03-21
3458225,centigrade scale Celsius),百分温标,,2018-03-21
3458226,centigrade temperature,摄氏温度,,2018-03-21
3458227,centigrade thermal unit,摄氏热单位,,2018-03-21
3458228,centigrade thermometer,摄氏温度计,,2018-03-21
3458229,centigram,厘克,,2018-03-21
3458230,centiliter,厘升,,2018-03-21
3458231,centimete-gram-second electromagnetic unit,厘米克秒制电磁单位,,2018-03-21
3458232,centimeter,厘米，电磁亨利(电感单位，等于10-9亨)，静电法拉(电容单位，等于1/9 X 10法),,2018-03-21
3458233,centimeter-gram-second system,CGS制，厘米-克-秒制,,2018-03-21
3458234,centimetre-gram-second system (C. G. S. system),厘米克秒制,,2018-03-21
3458235,centimetre-gram-second units ( C. G. S. units),公分克秒制单位，厘米克秒制单位,,2018-03-21
3458236,centimetric height finder,厘米波测高计,,2018-03-21
3458237,centimetric wave,厘米波,,2018-03-21
3458238,centipoise,厘泊(粘度单位，等于1%泊),,2018-03-21
3458239,centisthene,厘斯[坦](力单位，等于10牛顿),,2018-03-21
