ID,英文名稱,中文名稱,圖片,更新日期
2713993,aa-lava,渣状熔岩,,2016-10-24
2713994,aarite,砷锑镍矿；砒镍矿,,2016-10-24
2713995,abacus-bead stone,算珠石,,2016-10-24
2713996,Abbe refractometer,阿贝折射计,,2016-10-24
2713997,aberration,光行差{光学}；变体畸变[体]{生物},,2016-10-24
2713998,abichite,光线矿；斜水砷铜矿,,2016-10-24
2713999,abietinean,松杉的,,2016-10-24
2714000,abime,直立溶岩洞,,2016-10-24
2714001,ablation,冰融,,2016-10-24
2714002,ablatograph,冰融仪,,2016-10-24
2714003,Abney hand-level,亚伯尼手持水准仪,,2016-10-24
2714004,abraded platform,海浪蚀台,,2016-10-24
2714005,abrasion,磨蚀,,2016-10-24
2714006,abrasion platform,海蚀平台,,2016-10-24
2714007,abrazite,水钙沸石,,2016-10-24
2714008,absarokite,白榴基玄武岩,,2016-10-24
2714009,absolute age,绝对年龄；绝对年代,,2016-10-24
2714010,absorbing well,吸水井,,2016-10-24
2714011,abstraction,抽取；抽除,,2016-10-24
2714012,abukumalite,钇矽磷灰石；阿武隈石,,2016-10-24
2714013,abysmal,深海的；深成的,,2016-10-24
2714014,abyssal,深海的；深成的,,2016-10-24
2714015,abyssolith,深岩基,,2016-10-24
2714016,abyssopelagic,深海浮游的,,2016-10-24
2714017,acadialite,红菱沸石,,2016-10-24
2714018,Acadian,阿克殿期,,2016-10-24
2714019,Acadian orogeny,阿克殿造山运动,,2016-10-24
2714020,acanthite,螺状硫银矿,,2016-10-24
2714021,Acanthoceras,剌菊石属,,2016-10-24
2714022,Acanthograptus,剌笔石属,,2016-10-24
2714023,Acanthophyllum,针珊瑚属,,2016-10-24
2714024,Acanthopterygii,刺鳍目,,2016-10-24
2714025,acaustobiolith,非燃性生物岩,,2016-10-24
2714026,acausto-phytogenic rock,非燃性植物岩,,2016-10-24
2714027,accelerometer,加速度计,,2016-10-24
2714028,accessory constituent,副成份,,2016-10-24
2714029,accessory denticle,副铰齿,,2016-10-24
2714030,accessory denticula,副铰齿,,2016-10-24
2714031,accessory ejecta,副[喷发]抛出物,,2016-10-24
2714032,accessory element,次量元素,,2016-10-24
2714033,accessory ingredient,次要成分,,2016-10-24
2714034,accessory mineral,副矿物；次要矿物,,2016-10-24
2714035,accessory shock,副震,,2016-10-24
2714036,accessory socket,副铰窝,,2016-10-24
2714037,accidental ejecta,外体抛出物,,2016-10-24
2714038,acclinal valley,顺倾河谷,,2016-10-24
2714039,acclivity,上坡,,2016-10-24
2714040,accompanying mineral,伴生矿物,,2016-10-24
2714041,accordant fold,同向褶曲,,2016-10-24
2714042,accordant junction,协合汇流,,2016-10-24
2714043,accordant summit level,等高切峰面,,2016-10-24
2714044,accretion ridge,增积脊,,2016-10-24
2714045,accretion vein,增生脉,,2016-10-24
2714046,accretionary lapilli,增积火山泥砾,,2016-10-24
2714047,accretionary lava ball,增积熔岩球,,2016-10-24
2714048,accretionary limestone,堆积石灰岩,,2016-10-24
2714049,accumulated island,堆积岛,,2016-10-24
2714050,accumulator plant,元素富集植物,,2016-10-24
2714051,Acer,槭；枫,,2016-10-24
2714052,Acervularia,堆珊瑚属,,2016-10-24
2714053,ACF-diagram,铝钙铁三角相图；ＡCＦ三角相图,,2016-10-24
2714054,achavalite,硒铁矿,,2016-10-24
2714055,achnakaite,黑云倍长岩,,2016-10-24
2714056,achroite,无色电气石；白碧玺,,2016-10-24
2714057,acicular,针状,,2016-10-24
2714058,acicular bismuth,针硫铋铅矿,,2016-10-24
2714059,aciculate,针状的,,2016-10-24
2714060,aciculite,针硫铋铅矿,,2016-10-24
2714061,Acidaspis,刺壳虫属,,2016-10-24
2714062,acidization,酸蚀作用,,2016-10-24
2714063,acidulous water,酸性水,,2016-10-24
2714064,acinose,细粒状,,2016-10-24
2714065,acinous,细粒状,,2016-10-24
2714066,Acipenseroidei,鲟形目,,2016-10-24
2714067,acline twinning,翻底双晶,,2016-10-24
2714068,aclinic,无倾角的,,2016-10-24
2714069,aclinic line,磁赤道,,2016-10-24
2714070,acme,盛期,,2016-10-24
2714071,acmite,霓石；钠辉石；锥辉石,,2016-10-24
2714072,Acoela,无肠目,,2016-10-24
2714073,acolpate,无沟的,,2016-10-24
2714074,acoustic log,声阻纪录,,2016-10-24
2714075,acree,崖锥,,2016-10-24
2714076,acrobatholithic,露顶岩基的,,2016-10-24
2714077,acrodont,端生牙,,2016-10-24
2714078,Acrophyllum,锥顶珊瑚属,,2016-10-24
2714079,Acrothele,乳顶贝属{腕足动物类},,2016-10-24
2714080,Acrotreta,顶孔贝属,,2016-10-24
2714081,acrozone,生物异限带,,2016-10-24
2714082,Actinia,红海葵属,,2016-10-24
2714083,Actiniaria,海葵目,,2016-10-24
2714084,Actinoceras,珠角石属,,2016-10-24
2714085,Actinodon,阳起螈属,,2016-10-24
2714086,actinodont,放射线藻,,2016-10-24
2714087,actinolite,阳起石,,2016-10-24
2714088,Actinophycus,放射线藻属,,2016-10-24
2714089,Actinopterygii,刺鳍目,,2016-10-24
2714090,Actinostroma,放射层孔虫属；星状层孔虫属,,2016-10-24
2714091,actinote,阳起石,,2016-10-24
2714092,Actinozoa,珊瑚纲,,2016-10-24
2714093,activated clay,活性黏土,,2016-10-24
2714094,active fault,活动断层；活断层,,2016-10-24
2714095,active glacier,活动冰川,,2016-10-24
2714096,active permafrost,活[动]永冻层,,2016-10-24
2714097,active volcano,活火山,,2016-10-24
2714098,acute bisectrix,锐角等分线,,2016-10-24
2714099,acyclic,螺旋排列的,,2016-10-24
2714100,adamant,硬石,,2016-10-24
2714101,adamantine,似金刚石般的,,2016-10-24
2714102,adamantine luster,金刚光泽,,2016-10-24
2714103,adamantine spar,刚玉,,2016-10-24
2714104,adamas,金刚石{=diamond},,2016-10-24
2714105,adambulacral,倒步带板{海星类},,2016-10-24
2714106,adamellite,石英二长岩,,2016-10-24
2714107,adamic earth,红黏土,,2016-10-24
2714108,adamine,水砷锌石,,2016-10-24
2714109,adamsite,暗绿云母,,2016-10-24
2714110,adaptation,适应,,2016-10-24
2714111,adaptative convergence,适应趋同演化,,2016-10-24
2714112,adaptative convergent evlution,适应辐合演化,,2016-10-24
2714113,adaptive irradiation,适应辐射,,2016-10-24
2714114,adaptive radiation,适应辐射,,2016-10-24
2714115,adaxial,向轴的；近轴的,,2016-10-24
2714116,adductor,闭肌,,2016-10-24
2714117,adductor scar,闭肌痕,,2016-10-24
2714118,adelite,砷钙镁石,,2016-10-24
2714119,adelpholite,铌铁锰矿,,2016-10-24
2714120,adhesion,黏著力；附著力,,2016-10-24
2714121,adiabatic,绝热的,,2016-10-24
2714122,adiabatic gradient,绝热梯度,,2016-10-24
2714123,adiabatic process,绝热作用,,2016-10-24
2714124,adiagnostic,隐晶质的；潜晶质的；无法鉴别的,,2016-10-24
2714125,adiathermic,不传热的；绝热的,,2016-10-24
2714126,adinole,钠长英板岩,,2016-10-24
2714127,adipocere,尸蜡,,2016-10-24
2714128,adipocerite,伟晶蜡石,,2016-10-24
2714129,adipocire,伟晶蜡石,,2016-10-24
2714130,adit,平坑,,2016-10-24
2714131,adjusted stream,顺从河,,2016-10-24
2714132,adjustor muscle,调整肌,,2016-10-24
2714133,adjustor scar,调整肌痕,,2016-10-24
2714134,adlerstein,针铁矿,,2016-10-24
2714135,admixture,混合物,,2016-10-24
2714136,adnate,贴生的{植物},,2016-10-24
2714137,adobe,灰质黏土{沙漠}；沙漠土壤,,2016-10-24
2714138,adobe flat,砂质黏土平地,,2016-10-24
2714139,adolescence,壮年,,2016-10-24
2714140,adolescent coast,壮年期海岸,,2016-10-24
2714141,adolescent river,壮年河,,2016-10-24
2714142,adsorption,吸附作用,,2016-10-24
2714143,adular,冰长石,,2016-10-24
2714144,adularia,冰长石,,2016-10-24
2714145,adularia-albite series,冰钠长石系,,2016-10-24
2714146,adularization,冰长石化[作用],,2016-10-24
2714147,advanced coast,前移海岸,,2016-10-24
2714148,advanced-cut meander,前切曲流,,2016-10-24
2714149,adventitious deposit,附著沉积；次生沉积,,2016-10-24
2714150,adventitious lobe,偶生叶,,2016-10-24
2714151,adventitious root,不定根,,2016-10-24
2714152,aecidiospore,锈孢子,,2016-10-24
2714153,aedelforsite,不纯矽灰石,,2016-10-24
2714154,aegiapite,钙磷霓辉岩,,2016-10-24
2714155,aegirine,霓石；钠辉石；锥辉石,,2016-10-24
2714156,aegirine aplite,霓细晶岩,,2016-10-24
2714157,aegirine augite,霓辉石,,2016-10-24
2714158,aegirine carbonatite,霓火成碳酸岩,,2016-10-24
2714159,aegirine granite aplite,霓岗细晶岩,,2016-10-24
2714160,aegirine grorudite,霓细岗斑岩,,2016-10-24
2714161,aegirite,霓石；钠辉石；锥辉石,,2016-10-24
2714162,aegyrite,霓石；钠辉石；锥辉石,,2016-10-24
2714163,aegyrite-augite,霓辉石,,2016-10-24
2714164,aelotropic,非均向性的；异向性的,,2016-10-24
2714165,aelotropy,非均向性；异向性,,2016-10-24
2714166,aeneolithic age,次新石器时代,,2016-10-24
2714167,aenigmatite,钠铁韭闪石,,2016-10-24
2714168,aeolian,风成的,,2016-10-24
2714169,aeolian accumulation,风积,,2016-10-24
2714170,aeolian basin,风成盆地,,2016-10-24
2714171,aeolian deposit,风积土；风积层,,2016-10-24
2714172,aeolian erosion,风蚀,,2016-10-24
2714173,aeolian facies,风积相；风成相,,2016-10-24
2714174,aeolian plain,风成平原,,2016-10-24
2714175,aeolian ripple mark,风成波痕,,2016-10-24
2714176,aeolian rock,风成岩,,2016-10-24
2714177,aeolian sediment,风积物,,2016-10-24
2714178,aeolianite,风积砂,,2016-10-24
2714179,aeolic,风成的,,2016-10-24
2714180,Aeolis,蛞蝓属,,2016-10-24
2714181,Aepyornis,隆鸟属,,2016-10-24
2714182,aeration,通气；充气,,2016-10-24
2714183,aerial mosaic,航照镶嵌图,,2016-10-24
2714184,aerial photograph,航测照片,,2016-10-24
2714185,aerinite,青泥石；蓝纤铁钙石,,2016-10-24
2714186,aerobe,好氧细菌,,2016-10-24
2714187,aerobic,好氧的,,2016-10-24
2714188,aerolite,陨石；石质陨石,,2016-10-24
2714189,aerolith,石质陨石；石陨石,,2016-10-24
2714190,aeromagnetic prospecting,空中磁力探测,,2016-10-24
2714191,aerosiderite,陨铁；铁质陨石,,2016-10-24
2714192,aerosiderolite,石陨铁；石质铁陨石,,2016-10-24
2714193,aerosphere,气圈,,2016-10-24
2714194,aeschynite,易解石,,2016-10-24
2714195,aethoballism,撞击变质作用,,2016-10-24
2714196,affine deformation,均质变形,,2016-10-24
2714197,affine strain,均匀应变,,2016-10-24
2714198,affluent,支流,,2016-10-24
2714199,Afghanella,阿富汗【虫┼筵】属,,2016-10-24
2714200,afrodite,滑镁皂石,,2016-10-24
2714201,afterdamp,残流气体,,2016-10-24
2714202,aftershock,余震,,2016-10-24
2714203,Aftonian Interglacial Stage,阿夫顿间冰期,,2016-10-24
2714204,aftonite,银黝铜矿,,2016-10-24
2714205,afwillite,柱矽钙石,,2016-10-24
2714206,agalite,纤滑石,,2016-10-24
2714207,agalmatolite,寿山石；冻石{=shoushan-stone},,2016-10-24
2714208,agaphite,绿松石；甸子,,2016-10-24
2714209,agaric mineral,岩乳,,2016-10-24
2714210,agate,玛瑙,,2016-10-24
2714211,agate beads,玛瑙珠,,2016-10-24
2714212,agate jasper,碧玉玛瑙,,2016-10-24
2714213,agate mortar,玛瑙研钵；乳钵,,2016-10-24
2714214,agate opal,玛瑙蛋白石；蛋白玛瑙,,2016-10-24
2714215,agatized wood,矽化木；玛瑙木,,2016-10-24
2714216,age,时期；时代；年龄,,2016-10-24
2714217,Age,期,,2016-10-24
2714218,age of cycads,苏铁植物时代,,2016-10-24
2714219,age of ferns,羊齿植物时代,,2016-10-24
2714220,age of mammals,哺乳动物时代,,2016-10-24
2714221,age of reptiles,爬行动物时代,,2016-10-24
2714222,agent of erosion,侵蚀营力,,2016-10-24
2714223,agglomerate,集块岩；团矿,,2016-10-24
2714224,agglomerate lava,集块熔岩,,2016-10-24
2714225,agglomerate tuff,集块凝灰岩,,2016-10-24
2714226,agglomerating value,集块值,,2016-10-24
2714227,agglutinate,黏合集块岩,,2016-10-24
2714228,agglutinating value,黏结值,,2016-10-24
2714229,aggradation,填积；加积,,2016-10-24
2714230,aggradation plain,填积平原；加积平原,,2016-10-24
2714231,aggradational deposit,填积沉积,,2016-10-24
2714232,aggraded valley floor,堆积谷底,,2016-10-24
2714233,aggrading stream,堆积河；加积河,,2016-10-24
2714234,aggregate,集合体,,2016-10-24
2714235,aggregate polarization,集聚偏光化,,2016-10-24
2714236,aggregate structure,聚集构造,,2016-10-24
2714237,aggregation,聚集,,2016-10-24
2714238,aggregation plain,集积平原,,2016-10-24
2714239,aggultinating value,黏结值,,2016-10-24
2714240,aglaite,杂钠长白云母,,2016-10-24
2714241,agmatite,角砾混合岩,,2016-10-24
2714242,Agnatha,无颚纲,,2016-10-24
2714243,agnesite,碳铋矿,,2016-10-24
2714244,Agnostus,球接子属,,2016-10-24
2714245,Agoniatites,无棱角菊石属,,2016-10-24
2714246,agonic line,无磁偏差线,,2016-10-24
2714247,agpaite,过碱质火成岩,,2016-10-24
2714248,Agraulus,野居虫属,,2016-10-24
2714249,agricolite,矽铋矿；球铋矿,,2016-10-24
2714250,agrogeological map,农业地质图,,2016-10-24
2714251,agrogeology,农业地质学,,2016-10-24
2714252,aguilarite,辉硒银矿,,2016-10-24
2714253,aikinite,针硫铋铅矿,,2016-10-24
2714254,ailmant,磁铁矿,,2016-10-24
2714255,ailsyte,钠闪微岗岩,,2016-10-24
2714256,Ailuropus,猫熊属,,2016-10-24
2714257,aimless drainage,紊乱水系；无定向水系,,2016-10-24
2714258,ainalite,铁钽锡石,,2016-10-24
2714259,aiounite,辉石云斜岩,,2016-10-24
2714260,air borne magnetometer,空载磁测仪,,2016-10-24
2714261,air chamber,气室,,2016-10-24
2714262,air current ripple,风成涟漪,,2016-10-24
2714263,air drill,气钻,,2016-10-24
2714264,air gap,风口；风峡,,2016-10-24
2714265,air heave,空气推举作用,,2016-10-24
2714266,air mass,气团,,2016-10-24
2714267,air sac,气囊{孢粉},,2016-10-24
2714268,air shooting,大气爆炸探测法,,2016-10-24
2714269,air shrinkage,干缩,,2016-10-24
2714270,air slake lime,潮解石灰,,2016-10-24
2714271,air wave,气波,,2016-10-24
2714272,airborne scintillation counter,空中闪光计数器,,2016-10-24
2714273,air-heave structure,气泡构造,,2016-10-24
2714274,Airy's spiral,艾氏螺旋器,,2016-10-24
2714275,aithalite asbolite,钴土矿,,2016-10-24
2714276,akaustobiolite,非燃性生物岩,,2016-10-24
2714277,akenobeite,明延岩,,2016-10-24
2714278,akerite,英辉正长岩,,2016-10-24
2714279,akerite porphyry,英辉正长斑岩,,2016-10-24
2714280,akermanite,镁黄长石,,2016-10-24
2714281,AKF-diagram,铝碱铁三角相图；AKF三角相图,,2016-10-24
2714282,Akidogroptus,尖笔石属,,2016-10-24
2714283,akmite,霓石；钠辉石；锥辉石,,2016-10-24
2714284,akontite,钴毒砂,,2016-10-24
2714285,aktological,近岸的,,2016-10-24
2714286,Ala twinning,阿拉双晶,,2016-10-24
2714287,alabandine,硫锰矿,,2016-10-24
2714288,alabandite,硫锰矿,,2016-10-24
2714289,alabaster,雪花石膏,,2016-10-24
2714290,alaite,红苔钒矿,,2016-10-24
2714291,alalite,绿透辉石,,2016-10-24
2714292,alamosite,铅辉石,,2016-10-24
2714293,alar fossula,侧内沟,,2016-10-24
2714294,alar septum,侧隔壁,,2016-10-24
2714295,alaskaite,杂硫银铋矿,,2016-10-24
2714296,alaskite,白岗岩,,2016-10-24
2714297,alaskite aplite,白岗细晶岩,,2016-10-24
2714298,alaskite porphyry,白岗斑岩,,2016-10-24
2714299,alate,侧翼的,,2016-10-24
2714300,alb,冰谷棚,,2016-10-24
2714301,albafite,青棕沥青,,2016-10-24
2714302,albani stone,阿般火山岩,,2016-10-24
2714303,albanite,白榴岩,,2016-10-24
2714304,albertite,黑沥青,,2016-10-24
2714305,Albian,阿尔布期{白垩纪},,2016-10-24
2714306,albiclase,钠长石,,2016-10-24
2714307,albite,钠长石,,2016-10-24
2714308,albite granite,钠长花岗岩,,2016-10-24
2714309,albite law,钠长石式双晶律,,2016-10-24
2714310,albite monzonite,钠长二长岩,,2016-10-24
2714311,albite rhyolite,钠长流纹岩,,2016-10-24
2714312,albite twin,钠长石式双晶,,2016-10-24
2714313,albite-anorthite series,钠长钙长系,,2016-10-24
2714314,albitisation,钠长化[作用]；钠长石化[作用],,2016-10-24
2714315,albitite,钠长岩,,2016-10-24
2714316,albitization,钠长化[作用]；钠长石化[作用],,2016-10-24
2714317,albitophyre,钠长斑岩,,2016-10-24
2714318,alboranite,紫苏玄武岩,,2016-10-24
2714319,Alcyonaria,八射珊瑚亚目；阿西欧纳亚目{指Octatoralla 八射珊瑚亚纲内之一亚目},,2016-10-24
2714320,aldan facies,紫苏花岗岩相,,2016-10-24
2714321,aldanite,铅铀方钍石,,2016-10-24
2714322,Alethopteris,真羊齿属,,2016-10-24
2714323,aleutite,闪长辉长斑岩,,2016-10-24
2714324,Alexandrian,阿力山得期{早志留纪},,2016-10-24
2714325,alexandrite,变石；变色石,,2016-10-24
2714326,alexandrite-sapphire,变色蓝宝石,,2016-10-24
2714327,alexoite,磁黄橄榄石,,2016-10-24
2714328,alferric mineral,铝铁矿物,,2016-10-24
2714329,alga,藻类,,2016-10-24
2714330,algae,藻类{复},,2016-10-24
2714331,algal,藻类的,,2016-10-24
2714332,algal biscuit,藻饼,,2016-10-24
2714333,algal coal,藻煤,,2016-10-24
2714334,algal dust,藻尘,,2016-10-24
2714335,algal limestone,藻灰岩；藻类石灰岩,,2016-10-24
2714336,algal pit,藻穴,,2016-10-24
2714337,algal reef,藻礁,,2016-10-24
2714338,algal ridge,藻岭；藻脊,,2016-10-24
2714339,algal rim,藻缘礁,,2016-10-24
2714340,algal sapropel,藻质腐泥,,2016-10-24
2714341,algal structure,藻类构造,,2016-10-24
2714342,algarvite,云霓霞辉岩,,2016-10-24
2714343,alginite,藻煤素,,2016-10-24
2714344,algodonite,云霓霞辉岩,,2016-10-24
2714345,Algoman orogeny,阿尔戈马造山运动,,2016-10-24
2714346,Algonkian,阿尔冈纪{元古代},,2016-10-24
2714347,Algonkian Period,阿尔冈纪{元古代},,2016-10-24
2714348,algovite,辉绿玢岩{=allgovite},,2016-10-24
2714349,alidade,照准仪,,2016-10-24
2714350,alimentation,[冰河]增冰作用；滋冰,,2016-10-24
2714351,alimentation facies,冰源相,,2016-10-24
2714352,aliphatic hydrocarbons,脂族烃,,2016-10-24
2714353,alipite,绿镁镍石；镍蛇纹石,,2016-10-24
2714354,alisonite,闪铜铅矿,,2016-10-24
2714355,alkali,碱金属；碱,,2016-10-24
2714356,alkali flat,盐碱滩,,2016-10-24
2714357,alkali metal,碱金属,,2016-10-24
2714358,alkali rocks,碱性岩类,,2016-10-24
2714359,alkali series,碱性岩系,,2016-10-24
2714360,alkali soil,碱性土壤,,2016-10-24
2714361,alkali-andesite,碱性安山岩,,2016-10-24
2714362,alkali-basalt,碱性玄武岩,,2016-10-24
2714363,alkalic,碱性的,,2016-10-24
2714364,alkalic igneous rock,碱性火成岩,,2016-10-24
2714365,alkali-calcic index,碱钙指数,,2016-10-24
2714366,alkali-calcic series,碱钙系列,,2016-10-24
2714367,alkali-feldspar series,碱性长石系,,2016-10-24
2714368,alkali-granite,碱性花岗岩,,2016-10-24
2714369,alkali-lime series,碱钙岩系,,2016-10-24
2714370,alkali-lime-index,碱钙指数,,2016-10-24
2714371,alkalimeter,碱计,,2016-10-24
2714372,alkaline,碱性,,2016-10-24
2714373,alkaline earth,碱土,,2016-10-24
2714374,alkaline earth metal,碱土金属,,2016-10-24
2714375,alkaline igneous rock,碱性火成岩,,2016-10-24
2714376,alkaline rock,碱性岩,,2016-10-24
2714377,alkaline soil,碱性土,,2016-10-24
2714378,alkaline spring,碱性泉,,2016-10-24
2714379,alkaline tourmaline,碱电气石,,2016-10-24
2714380,alkalinity,碱度,,2016-10-24
2714381,allactite,砷水锰矿,,2016-10-24
2714382,allagite,碳酸化蔷薇辉石,,2016-10-24
2714383,allalinite,蚀变辉长岩,,2016-10-24
2714384,allanite,褐帘石,,2016-10-24
2714385,alleghanyite,粒矽锰石,,2016-10-24
2714386,Allegheny,阿莱干尼期{晚期石炭纪},,2016-10-24
2714387,allemontite,杂砷锑矿,,2016-10-24
2714388,allenite,五水泻盐；碳钨刚砂,,2016-10-24
2714389,allevardite,阿里法石{=rectorite 累托石},,2016-10-24
2714390,allgovite,辉绿玢岩,,2016-10-24
2714391,alliaceous,蒜臭的,,2016-10-24
2714392,allite,铝铁土；富铝土,,2016-10-24
2714393,allivalite,橄钙辉长岩,,2016-10-24
2714394,allochem,奥化颗粒；移置颗粒,,2016-10-24
2714395,allochemical metamorphism,他化变质[作用]；增减变质[作用],,2016-10-24
2714396,allochetite,霞辉二长斑岩,,2016-10-24
2714397,allochroite,粒榴石,,2016-10-24
2714398,allochromatic,假色的；他色的,,2016-10-24
2714399,allochromatic color,假色；他色,,2016-10-24
2714400,allochthon,移置岩体,,2016-10-24
2714401,allochthonous,移置的,,2016-10-24
2714402,allochthonous coal,移积煤,,2016-10-24
2714403,allochthonous deposit,移置物；移积物,,2016-10-24
2714404,allochthonous rock,移置岩,,2016-10-24
2714405,allochthonous stream,移置河流,,2016-10-24
2714406,alloclase,斜硫砷钴矿；钴毒砂,,2016-10-24
2714407,alloclasite,斜硫砷钴矿；钴毒砂,,2016-10-24
2714408,allogene,外来物,,2016-10-24
2714409,allogenic,外源的；他生的,,2016-10-24
2714410,Allograptus,奇笔石属,,2016-10-24
2714411,Alloiopteris,蹼羊齿属,,2016-10-24
2714412,allomerism,异质同晶 ; 异质同像,,2016-10-24
2714413,allomorph,同质异晶；同质异像,,2016-10-24
2714414,allomorphes,同源异构包体,,2016-10-24
2714415,allomorphite,贝状重晶石,,2016-10-24
2714416,allopalladium,锑钯矿,,2016-10-24
2714417,allopatric,散处的；异地的,,2016-10-24
2714418,allophane,铝英石,,2016-10-24
2714419,allophane-chrysocolla,胶矽孔雀石；胶磷铝石{=allophaneevansite},,2016-10-24
2714420,allophaneevansite,胶矽孔雀石；胶磷铝石,,2016-10-24
2714421,allophane-evansite,胶磷铝石,,2016-10-24
2714422,allophanite,铝英石,,2016-10-24
2714423,allophytin,锂土矿；锂硬锰矿,,2016-10-24
2714424,allorgentum,六方锑银矿,,2016-10-24
2714425,Allosaurus,异龙；异特龙属,,2016-10-24
2714426,Allotheria,多峰齿兽目,,2016-10-24
2714427,allothigene,外来物,,2016-10-24
2714428,allothigenic,外来的,,2016-10-24
2714429,allothigenous,外来的,,2016-10-24
2714430,allothigenous constituent,外来成分,,2016-10-24
2714431,allothimorph,他形的；原形晶{变质},,2016-10-24
2714432,allotriomorphic,他形的,,2016-10-24
2714433,allotriomorphic granular,他形粒状,,2016-10-24
2714434,allotrope,同素异形体,,2016-10-24
2714435,allotropic,同素异形的,,2016-10-24
2714436,Allotropiophyllum,奇壁珊瑚属,,2016-10-24
2714437,allotropism,同素异形现象,,2016-10-24
2714438,allotropy,同素异形,,2016-10-24
2714439,allotype,异型,,2016-10-24
2714440,alluvial,冲积的,,2016-10-24
2714441,alluvial dam,冲积坝,,2016-10-24
2714442,alluvial deposit,冲积层；冲积矿床,,2016-10-24
2714443,Alluvial Epoch,冲积世,,2016-10-24
2714444,alluvial fan,冲积扇,,2016-10-24
2714445,alluvial plain,冲积平原,,2016-10-24
2714446,alluvial soil,冲积土,,2016-10-24
2714447,alluvial terrace,冲积台地,,2016-10-24
2714448,alluviation,冲积作用,,2016-10-24
2714449,alluvium,冲积层,,2016-10-24
2714450,almandine,铁铝榴石；贵榴石,,2016-10-24
2714451,almandine zone,铁铝榴石带,,2016-10-24
2714452,almandine-spinel,紫尖晶石,,2016-10-24
2714453,alnoite,橄辉煌斑岩,,2016-10-24
2714454,Alnus,赤杨属,,2016-10-24
2714455,alomite,蓝方钠岩,,2016-10-24
2714456,alongshore current {Brit.},沿岸流{英},,2016-10-24
2714457,alp,冰槽肩,,2016-10-24
2714458,alphitite,岩粉土,,2016-10-24
2714459,alpine,阿尔卑斯型的；高山型的,,2016-10-24
2714460,alpine fold,阿尔卑斯型褶皱,,2016-10-24
2714461,alpine geosyncline,阿尔卑斯型地槽,,2016-10-24
2714462,alpine glacier,高山型冰川,,2016-10-24
2714463,Alpine orogeny,阿尔卑斯造山运动,,2016-10-24
2714464,Alpine Triassic System,阿尔卑斯三叠系,,2016-10-24
2714465,alpine type vein,阿尔卑斯式脉,,2016-10-24
2714466,alquifou,粗粒方铅矿,,2016-10-24
2714467,alsbachite,榴云细斑花岗闪长岩,,2016-10-24
2714468,alstonite,钡霰石,,2016-10-24
2714469,altaite,碲铅矿,,2016-10-24
2714470,alteration,换质作用；蚀变,,2016-10-24
2714471,alteration-pseudomorphism,蚀变假像,,2016-10-24
2714472,altered mineral,蚀变矿物,,2016-10-24
2714473,altered volcanic rock,蚀变火山岩,,2016-10-24
2714474,alternation,交替；互层,,2016-10-24
2714475,alternation of generation,世代交替,,2016-10-24
2714476,altimeter,测高仪,,2016-10-24
2714477,altiplanation,解冻平顶泥流,,2016-10-24
2714478,altiplanation terrace,解冻泥流台地,,2016-10-24
2714479,altithermal,高温气候的,,2016-10-24
2714480,altitude,高程；海拔,,2016-10-24
2714481,alto,高地,,2016-10-24
2714482,alum,明矾,,2016-10-24
2714483,alum clay,明矾黏土,,2016-10-24
2714484,alum coal,矾煤,,2016-10-24
2714485,alum earth,明矾土,,2016-10-24
2714486,alum flower,明矾华,,2016-10-24
2714487,alum glass,明矾晶,,2016-10-24
2714488,alum potash,钾明矾,,2016-10-24
2714489,alum salt,明矾盐,,2016-10-24
2714490,alumian,无水矾石；钠明矾石,,2016-10-24
2714491,alumianite,无水矾石；钠明矾石,,2016-10-24
2714492,alumina,氧化铝,,2016-10-24
2714493,alumina-silica hydrogels,矽铝水胶,,2016-10-24
2714494,aluminates,铝酸盐类,,2016-10-24
2714495,alumine,氧化铝,,2016-10-24
2714496,aluminilite,明矾石,,2016-10-24
2714497,aluminite,矾石,,2016-10-24
2714498,aluminium autunite,铝钙铀云母,,2016-10-24
2714499,aluminocopiapite,铝叶绿矾,,2016-10-24
2714500,aluminoscorodite,铝臭葱石,,2016-10-24
2714501,alumoantigorite,铝叶蛇纹石,,2016-10-24
2714502,alumocalcite,钙铝蛋白石,,2016-10-24
2714503,alumochrysotile,铝纤蛇纹石,,2016-10-24
2714504,alumodeweylite,铝水蛇纹石,,2016-10-24
2714505,alumogel,硬铝胶,,2016-10-24
2714506,alumohydrocalcite,铝水钙石,,2016-10-24
2714507,alumstone,明矾石,,2016-10-24
2714508,alumyte,明矾黏土,,2016-10-24
2714509,alundum,铝氧粉,,2016-10-24
2714510,alunite,明矾石,,2016-10-24
2714511,alunite rock,明矾岩,,2016-10-24
2714512,alunitization,明矾石化[作用],,2016-10-24
2714513,alunogen,毛矾石,,2016-10-24
2714514,alunogenite,毛矾石,,2016-10-24
2714515,alurgite,锰云母,,2016-10-24
2714516,Aluta,箭尖虫 属{介形虫},,2016-10-24
2714517,alveolus,褶；槽{【虫┼筵】},,2016-10-24
2714518,amalgam,汞齐；汞膏,,2016-10-24
2714519,amalgamation,汞齐法；温汞法,,2016-10-24
2714520,amalgame,汞齐；汞膏,,2016-10-24
2714521,Amaltheus,绳菊石属,,2016-10-24
2714522,amarantite,红铁矾,,2016-10-24
2714523,amargosite,膨土岩；膨润土{=bentonite},,2016-10-24
2714524,Amazonia,亚马逊古陆,,2016-10-24
2714525,amazonite,天河石{微斜长石},,2016-10-24
2714526,amazonstone,天河石{微斜长石},,2016-10-24
2714527,ambatoarinite,红碳锶铈矿,,2016-10-24
2714528,amber,琥珀,,2016-10-24
2714529,amberite,灰黄琥珀,,2016-10-24
2714530,amblygonite,磷锂铝石,,2016-10-24
2714531,Amblypoda,钝脚目{哺乳类},,2016-10-24
2714532,Amblysiphonella,钝管海绵属,,2016-10-24
2714533,amblystegite,铁紫苏辉石,,2016-10-24
2714534,Ambocoelia,露脐贝属{腕足动物类},,2016-10-24
2714535,Ambocythere,双女神介属{介形虫类},,2016-10-24
2714536,ambonite,堇青安山岩,,2016-10-24
2714537,ambrite,灰黄琥珀,,2016-10-24
2714538,ambrosine,黄琥珀,,2016-10-24
2714539,ambulacral area,步带区,,2016-10-24
2714540,ambulacral foot,管足,,2016-10-24
2714541,ambulacral groove,步带沟,,2016-10-24
2714542,ambulacral plate,步带板,,2016-10-24
2714543,ambulacral pore,步带孔,,2016-10-24
2714544,ambulacral system,步带系,,2016-10-24
2714545,ambulacrum,步带,,2016-10-24
2714546,amesite,镁铝蛇纹石,,2016-10-24
2714547,amethyst,紫水晶；紫晶,,2016-10-24
2714548,amethystine,紫水晶质；紫晶质,,2016-10-24
2714549,amherst stone,剥性砂岩；薄层砂岩,,2016-10-24
2714550,amherstite,反条正长闪长岩,,2016-10-24
2714551,amiant,角闪石绵；角闪石绒,,2016-10-24
2714552,amianth,角闪石绵；角闪石绒,,2016-10-24
2714553,amianthine,石绵；石绒,,2016-10-24
2714554,amianthinite,阳起石绵；阳起石绒,,2016-10-24
2714555,amianthus,石绵；石绒,,2016-10-24
2714556,amiantus,石绵；石绒,,2016-10-24
2714557,aminoffite,铍黄长石；铍蜜黄石,,2016-10-24
2714558,ammite,鲕状岩,,2016-10-24
2714559,Ammobaculites,手杖虫属；砂杆虫属；砂棒虫属{有孔虫类},,2016-10-24
2714560,Ammonia,阿门虫属；卷转虫属{有孔虫类},,2016-10-24
2714561,ammonia-alum,铵明矾,,2016-10-24
2714562,ammonioborite,水铵硼石,,2016-10-24
2714563,ammonite,菊石,,2016-10-24
2714564,ammoniticone,菊石壳,,2016-10-24
2714565,ammonium cryolite,铵水晶石,,2016-10-24
2714566,ammonium uranospinite,铵砷钙铀矿,,2016-10-24
2714567,ammonium-mica,铵云母,,2016-10-24
2714568,ammonium-syngenite,铵钾石膏,,2016-10-24
2714569,Ammonoidea,菊石亚纲,,2016-10-24
2714570,Amniota,胎膜目,,2016-10-24
2714571,amoeboid,变形虫状的,,2016-10-24
2714572,amoeboid fold,变形褶皱,,2016-10-24
2714573,amoeboid glacier,变形冰川,,2016-10-24
2714574,amoibite,辉砷镍矿,,2016-10-24
2714575,amorphism,非晶性；无定形,,2016-10-24
2714576,amorphous,非晶质的；无定形的,,2016-10-24
2714577,amorphous body,非晶质体,,2016-10-24
2714578,amorphous snow,非晶质雪,,2016-10-24
2714579,amorphous surphur,非晶硫,,2016-10-24
2714580,amorphous variety,非晶质类,,2016-10-24
2714581,amosite,铁闪石绵,,2016-10-24
2714582,ampangabeite,铀钇铌铁矿,,2016-10-24
2714583,ampelite,黄铁炭质页岩,,2016-10-24
2714584,Amphibia,两栖纲,,2016-10-24
2714585,amphibian,两栖类,,2016-10-24
2714586,amphibole,闪石群；角闪石群,,2016-10-24
2714587,amphibole-andesite,闪安山岩,,2016-10-24
2714588,amphibole-ariegite,闪尖辉石岩,,2016-10-24
2714589,amphibole-cholrite schist,闪绿泥片岩,,2016-10-24
2714590,amphibole-eclogite,角闪榴辉岩,,2016-10-24
2714591,amphibole-foyaite,闪流霞正长岩,,2016-10-24
2714592,amphibole-gabbro,角闪辉长岩,,2016-10-24
2714593,amphibole-schist,闪片岩,,2016-10-24
2714594,amphibolite,角闪岩,,2016-10-24
2714595,amphibolite facies,角闪岩相,,2016-10-24
2714596,amphibolization,角闪石化[作用],,2016-10-24
2714597,Amphichelydia,疑龟目；双龟目,,2016-10-24
2714598,amphicoelous vertebra,两凹椎；双凹椎,,2016-10-24
2714599,Amphicoryna,双棒虫属,,2016-10-24
2714600,amphidetic ligament,全韧带{双壳类},,2016-10-24
2714601,amphigenite,白榴熔岩,,2016-10-24
2714602,Amphilestes,环齿兽属,,2016-10-24
2714603,Amphineura,双经纲,,2016-10-24
2714604,Amphioxus,文昌鱼属,,2016-10-24
2714605,Amphiroa,双列藻属,,2016-10-24
2714606,amphi-sapropel,粗腐植泥,,2016-10-24
2714607,Amphistegina,双盖虫{有孔虫类},,2016-10-24
2714608,amphithalite,艳冠石,,2016-10-24
2714609,amphitheater,冰围地,,2016-10-24
2714610,amphithyrid,两孔型{腕足动物类},,2016-10-24
2714611,amphoteric,酸基两性的,,2016-10-24
2714612,amphoterite,超低铁球粒陨石；LL球粒陨石,,2016-10-24
2714613,Amphoton,安夫虫属；双耳虫属{三叶虫},,2016-10-24
2714614,Amplexicarinia,脊板包珊瑚属,,2016-10-24
2714615,amplexid type,包珊瑚式,,2016-10-24
2714616,Amplexoides,拟包珊瑚属,,2016-10-24
2714617,Amplexus,包珊瑚属,,2016-10-24
2714618,amplitude,振幅,,2016-10-24
2714619,Ampullaria,壶腹贝属,,2016-10-24
2714620,Ampyx,头带虫属{三叶虫类},,2016-10-24
2714621,Amssacia,阿姆塞珊瑚属,,2016-10-24
2714622,amygdale,杏仁石；杏仁孔,,2016-10-24
2714623,amygdaloid,杏仁状；杏仁岩,,2016-10-24
2714624,amygdaloidal basalt,杏仁状玄武岩,,2016-10-24
2714625,amygdaloidal rock,杏仁状岩,,2016-10-24
2714626,amygdaloidal structure,杏仁状构造,,2016-10-24
2714627,Amygdalopyllum,杏仁珊瑚属,,2016-10-24
2714628,amygdalphyre,杏仁玢岩,,2016-10-24
2714629,amygdule,杏仁孔,,2016-10-24
2714630,anabohitsite,铁橄苏辉岩,,2016-10-24
2714631,anabranch,再汇流侧流,,2016-10-24
2714632,anaclinal,逆倾斜的,,2016-10-24
2714633,anaclinal stream,逆倾斜河流,,2016-10-24
2714634,anaclinal valley,逆倾斜河谷,,2016-10-24
2714635,anacline,正倾型{腕足动物类},,2016-10-24
2714636,Anaerobe,厌氧菌,,2016-10-24
2714637,anaerobic,厌氧的；缺氧的,,2016-10-24
2714638,anagenesis,进化,,2016-10-24
2714639,anal fin,臀鳍,,2016-10-24
2714640,anal pyramid,肛锥,,2016-10-24
2714641,anal tube,肛管,,2016-10-24
2714642,analbite,异常钠长石,,2016-10-24
2714643,analcime,方沸石,,2016-10-24
2714644,analcite,方沸石,,2016-10-24
2714645,analcite-basalt,方沸石玄武岩,,2016-10-24
2714646,analcitite,方沸岩,,2016-10-24
2714647,analcitization,方沸石化作用,,2016-10-24
2714648,analogous,同功的；类似的,,2016-10-24
2714649,analogous organ,同功器官,,2016-10-24
2714650,analogous pole,热正极,,2016-10-24
2714651,analogy,类比,,2016-10-24
2714652,analyser,上偏光镜；分析镜,,2016-10-24
2714653,analyzer,上偏光镜；分析镜,,2016-10-24
2714654,anamesite,细玄岩,,2016-10-24
2714655,anamigmatism,成浆作用,,2016-10-24
2714656,Anamnia,无羊膜目,,2016-10-24
2714657,anamorphic,深熔的,,2016-10-24
2714658,anamorphic zone,深熔变质带,,2016-10-24
2714659,anamorphism,深熔变质作用,,2016-10-24
2714660,anapaite,三斜磷钙铁矿,,2016-10-24
2714661,Anapsida,缺弓亚纲{缺甲纲},,2016-10-24
2714662,anapsidian skull,无孔颅,,2016-10-24
2714663,anaptycha,单瓣腭；单口盖{菊石类},,2016-10-24
2714664,Anaspidacea,山虾目{原虾纲},,2016-10-24
2714665,anastomose,交织；网型,,2016-10-24
2714666,anastomosing,交织的,,2016-10-24
2714667,anastomosing drainage,交织水系,,2016-10-24
2714668,anastomosing stream,交织河流,,2016-10-24
2714669,anastomosis tube,层面溶管,,2016-10-24
2714670,anatase,锐钛矿,,2016-10-24
2714671,anataxis,深熔作用,,2016-10-24
2714672,anatexis,深熔作用；再熔作用,,2016-10-24
2714673,anatexites,深熔岩,,2016-10-24
2714674,anathermal,增温期[的],,2016-10-24
2714675,anauxite,富矽高岭石,,2016-10-24
2714676,anchi-eutectic,近共熔；近共结,,2016-10-24
2714677,anchi-eutectic rocks,近共结岩,,2016-10-24
2714678,anchimonomineralic,近单矿物的,,2016-10-24
2714679,anchi-monomineralic rocks,近单矿物岩,,2016-10-24
2714680,Anchitherium,安琪马属,,2016-10-24
2714681,anchored dune,固著沙丘,,2016-10-24
2714682,anchorite,团块状闪长岩,,2016-10-24
2714683,ancona ruby,红水晶,,2016-10-24
2714684,ancylite,碳锶铈矿,,2016-10-24
2714685,andalusite,红柱石,,2016-10-24
2714686,andelatite,安山二长安山岩,,2016-10-24
2714687,andendiorite,英辉闪长岩,,2016-10-24
2714688,andengranite,云闪花岗岩,,2016-10-24
2714689,andersonite,水钠钙铀矿,,2016-10-24
2714690,andesilabradorite,中长拉长石,,2016-10-24
2714691,andesin,中长石{=andesine},,2016-10-24
2714692,andesine,中长石,,2016-10-24
2714693,andesinfels,中长角斑岩,,2016-10-24
2714694,andesinite,中长岩,,2016-10-24
2714695,andesite,安山岩,,2016-10-24
2714696,andesite line,安山岩线,,2016-10-24
2714697,andesite-porphyry,安山斑岩,,2016-10-24
2714698,andesite-tuff,安山凝灰岩,,2016-10-24
2714699,andesite-vitrophyre,安山玻基斑岩,,2016-10-24
2714700,andesitic basalt,安山玄武岩,,2016-10-24
2714701,andesitoid,似安山岩,,2016-10-24
2714702,andorite,硫锑银铅矿,,2016-10-24
2714703,andradite,钙铁榴石,,2016-10-24
2714704,anemoclast,风成碎屑,,2016-10-24
2714705,anemoclastic,风成碎屑的,,2016-10-24
2714706,anemolite,风成洞穴堆积,,2016-10-24
2714707,anemometer,风速计,,2016-10-24
2714708,anemophic plant,风媒植物,,2016-10-24
2714709,anemosilicarenite,风积石英砂,,2016-10-24
2714710,anemosilicarenyte,风积石英砂,,2016-10-24
2714711,anemousite,霞钠长石,,2016-10-24
2714712,anemousite-basalt,霞钠长石玄武岩,,2016-10-24
2714713,aneroid barometer,高度气压计,,2016-10-24
2714714,Angaraland,安加拉古陆,,2016-10-24
2714715,angelardite,磷蓝铁矿,,2016-10-24
2714716,angiosperm,被子植物,,2016-10-24
2714717,Angiospermae,被子植物亚门,,2016-10-24
2714718,Angiospermophyta,被子植物门,,2016-10-24
2714719,Angiospermophytinae,被子植物亚纲,,2016-10-24
2714720,anglarite,蓝铁矿{=vivianite},,2016-10-24
2714721,Anglaspis,角甲鲎属；环甲鲎属,,2016-10-24
2714722,angle of emergence,出射角,,2016-10-24
2714723,angle of incidence,入射角,,2016-10-24
2714724,angle of inclination,倾[斜]角,,2016-10-24
2714725,angle of polarization,偏光角；偏振角,,2016-10-24
2714726,angle of reflection,反射角,,2016-10-24
2714727,angle of refraction,折射角,,2016-10-24
2714728,angle of repose,休止角,,2016-10-24
2714729,angle of rotation,旋转角,,2016-10-24
2714730,angle of slide,起滑角；滑动角,,2016-10-24
2714731,anglesite,硫酸铅矿；铅矾,,2016-10-24
2714732,angrite,钛辉无球粒陨石,,2016-10-24
2714733,anguclast,角碎屑,,2016-10-24
2714734,Anguimorpha,蛇蜥目；蜥目,,2016-10-24
2714735,angular unconformity,交角不整合,,2016-10-24
2714736,anhedral,无晶面的；他形的,,2016-10-24
2714737,anhedritite,含盐硬石膏,,2016-10-24
2714738,anhedron,他形晶,,2016-10-24
2714739,anhydrite,硬石膏；无水石膏,,2016-10-24
2714740,anhydrock,硬石膏岩,,2016-10-24
2714741,Anhydrous Period,无水时期{地史},,2016-10-24
2714742,Anighto meteorite,安尼托陨石,,2016-10-24
2714743,animal geography,动物地理学,,2016-10-24
2714744,Animalia,动物界,,2016-10-24
2714745,Animikian,安尼迷基期{元古代},,2016-10-24
2714746,anion,阴离子,,2016-10-24
2714747,Anisian,安尼西期{中三叠纪},,2016-10-24
2714748,Anisic,安尼西[统],,2016-10-24
2714749,anisometric,非等轴的,,2016-10-24
2714750,Anisomyaria,异柱总目,,2016-10-24
2714751,anisotropic,异向性的；非等向性的,,2016-10-24
2714752,anisotropic body,异向性体,,2016-10-24
2714753,anisotropy,异向性；非等向性,,2016-10-24
2714754,ankaramite,斜长辉石岩,,2016-10-24
2714755,ankaratrite,橄霞玄武岩,,2016-10-24
2714756,ankaratrite picrite,橄霞玄武苦橄岩,,2016-10-24
2714757,ankerite,铁白云石,,2016-10-24
2714758,ankle bone,距骨,,2016-10-24
2714759,Ankylosauria,甲龙亚目{背甲龙类},,2016-10-24
2714760,Ankylosaurus,背甲龙属；甲龙属,,2016-10-24
2714761,annabergite,镍华；水砷镍矿,,2016-10-24
2714762,annealing crystallization,退火结晶作用,,2016-10-24
2714763,annelid,环虫动物,,2016-10-24
2714764,Annelida,环节动物门,,2016-10-24
2714765,annerodite,杂铀钇铌铁矿,,2016-10-24
2714766,annite,铁云母,,2016-10-24
2714767,annual layer,年积层,,2016-10-24
2714768,annual ring,年轮,,2016-10-24
2714769,annually thawed layer,年溶层,,2016-10-24
2714770,annular drainage,环状水系,,2016-10-24
2714771,annular drainage pattern,环状水系型,,2016-10-24
2714772,Annularia,轮叶属{芦木类},,2016-10-24
2714773,annulation,环状构造,,2016-10-24
2714774,anomaly,异常,,2016-10-24
2714775,anomite,褐云母,,2016-10-24
2714776,Anomozamites,异羽叶属,,2016-10-24
2714777,Anoplura,虱目,,2016-10-24
2714778,anorogenic,非造山运动的,,2016-10-24
2714779,anorthic,三斜的,,2016-10-24
2714780,anorthite,钙长石,,2016-10-24
2714781,anorthite andesite,钙长安山岩,,2016-10-24
2714782,anorthite basalt,钙长玄武岩,,2016-10-24
2714783,anorthite peridotite,钙长橄榄岩,,2016-10-24
2714784,anorthite rock,钙长石岩,,2016-10-24
2714785,anorthite syenite,钙长正长岩,,2016-10-24
2714786,anorthitissite,钙长角闪岩；钙长角闪石岩,,2016-10-24
2714787,anorthitite,钙长岩,,2016-10-24
2714788,anorthoclase,歪长石；钠微斜长石,,2016-10-24
2714789,anorthoclase basalt,歪长玄武岩,,2016-10-24
2714790,anorthoclase-aplite granite,歪长细晶花岗岩,,2016-10-24
2714791,anorthoclasite,歪长岩,,2016-10-24
2714792,anorthophyre,歪长斑岩,,2016-10-24
2714793,anorthose,斜长石,,2016-10-24
2714794,anorthosite,斜长岩；钙长岩,,2016-10-24
2714795,anorthositization,斜长岩化[作用],,2016-10-24
2714796,anorthosyenite,歪长正长岩,,2016-10-24
2714797,anosovite,黑钛石,,2016-10-24
2714798,Anostraca,无甲目{甲壳纲},,2016-10-24
2714799,Anseriformes,雁形目,,2016-10-24
2714800,antarctic,南极的,,2016-10-24
2714801,Antarctic,南极,,2016-10-24
2714802,Antarctic Circle,南极圈,,2016-10-24
2714803,Antarctic pole,南极,,2016-10-24
2714804,Antarctica,南极大陆；南极古陆,,2016-10-24
2714805,antecedent,先成的,,2016-10-24
2714806,antecedent gorge,先成峡,,2016-10-24
2714807,antecedent platform,先成平台,,2016-10-24
2714808,antecedent river,先成河,,2016-10-24
2714809,antecedent stream,先成河,,2016-10-24
2714810,antecedent valley,先成谷,,2016-10-24
2714811,anteconsequent streams,先成顺向河,,2016-10-24
2714812,antediluvial,前洪积世的,,2016-10-24
2714813,antenna,第二触角；大触角{介形虫},,2016-10-24
2714814,antennule,第一触角；小触角{介形虫},,2016-10-24
2714815,antetheca,前壁{有孔虫类},,2016-10-24
2714816,antetype,原型,,2016-10-24
2714817,anther,花药,,2016-10-24
2714818,antheridium,藏精器；精囊,,2016-10-24
2714819,anthodite,针丛石膏；滴水石,,2016-10-24
2714820,anthoinite,水钨铝矿,,2016-10-24
2714821,anthophyllite,直闪石,,2016-10-24
2714822,anthophyllite peridotite,直闪橄榄岩,,2016-10-24
2714823,anthosiderite,铁华石,,2016-10-24
2714824,Anthozoa,珊瑚虫纲；珊瑚纲,,2016-10-24
2714825,anthozoan,珊瑚类,,2016-10-24
2714826,anthozoan polyp,珊瑚虫管,,2016-10-24
2714827,anthracite,无烟煤,,2016-10-24
2714828,Anthracolithic Period,大石炭纪；石炭纪及二叠纪,,2016-10-24
2714829,Anthracolithic System,大石炭系；石炭系及二叠系,,2016-10-24
2714830,anthracology,煤岩学,,2016-10-24
2714831,anthraconite,沥青石灰岩,,2016-10-24
2714832,anthragenesis,成煤作用,,2016-10-24
2714833,anthraquinone,烟华,,2016-10-24
2714834,anthraxolite,硬碳沥青,,2016-10-24
2714835,anthraxylon,镜煤；镜质体,,2016-10-24
2714836,Anthropidae,人科,,2016-10-24
2714837,anthropolithic age,石器时代,,2016-10-24
2714838,Anthropozoic Era,灵生代,,2016-10-24
2714839,Antiarchi,胴甲鱼目,,2016-10-24
2714840,anticentre [of earthquake],震中对点,,2016-10-24
2714841,anticlinal,背斜的,,2016-10-24
2714842,anticlinal axis,背斜轴,,2016-10-24
2714843,anticlinal bend,背斜弯,,2016-10-24
2714844,anticlinal fault,背斜断层,,2016-10-24
2714845,anticlinal limb,背斜翼,,2016-10-24
2714846,anticlinal mountain,背斜山,,2016-10-24
2714847,anticlinal ridge,背斜脊；背斜岭,,2016-10-24
2714848,anticlinal theory,背斜学说,,2016-10-24
2714849,anticlinal valley,背斜谷,,2016-10-24
2714850,anticline,背斜,,2016-10-24
2714851,anticlinorium,复背斜,,2016-10-24
2714852,anticyclone,反气旋,,2016-10-24
2714853,antidip stream,逆倾斜河,,2016-10-24
2714854,antidune,对风沙丘,,2016-10-24
2714855,anti-epicenter,震央对点；震中对点,,2016-10-24
2714856,antifenite,反条纹长石,,2016-10-24
2714857,antiform,似背斜；背斜状构造,,2016-10-24
2714858,antigorite,叶蛇纹石,,2016-10-24
2714859,antilogeous pole,热负极,,2016-10-24
2714860,antimonial copper,硫铜锑矿,,2016-10-24
2714861,antimonide,锑化物类,,2016-10-24
2714862,antimoniferous arsenic,杂砷锑矿,,2016-10-24
2714863,antimonious ocher,锑华,,2016-10-24
2714864,antimonite,辉锑矿{=stibnite},,2016-10-24
2714865,antimony blende,红锑矿,,2016-10-24
2714866,antimony bloom,锑华,,2016-10-24
2714867,antimony fahlore,锑黝铜矿,,2016-10-24
2714868,antimony glance,辉锑矿{=stibnite},,2016-10-24
2714869,antimony ocher,锑赭石,,2016-10-24
2714870,antimony vermilion,锑辰砂,,2016-10-24
2714871,antimony white,锑白,,2016-10-24
2714872,Antipatharia,角珊瑚目,,2016-10-24
2714873,antiperthite,反条纹长石,,2016-10-24
2714874,antiperthite pegmatite,反条长石伟晶岩,,2016-10-24
2714875,antipodal relation,对踵关系,,2016-10-24
2714876,antipode,对踵；对跖,,2016-10-24
2714877,antisohite,云斑闪长岩,,2016-10-24
2714878,antistress mineral,反应力矿物,,2016-10-24
2714879,antithetic fault,反倾断层,,2016-10-24
2714880,antitrade wind,反信风；反贸易风,,2016-10-24
2714881,antlerite,块铜矾,,2016-10-24
2714882,antozonite,呕吐石；紫萤石,,2016-10-24
2714883,Anura,无尾目{两栖类},,2016-10-24
2714884,Aojia,青地虫属,,2016-10-24
2714885,Aoti Formation,澳底层,,2016-10-24
2714886,apaneite,磷灰霞石岩,,2016-10-24
2714887,apatelite,核铁矾,,2016-10-24
2714888,apatite,磷灰石,,2016-10-24
2714889,aperiodic,非周期的,,2016-10-24
2714890,aperture,口孔；壳口,,2016-10-24
2714891,apex,孔槽{孢粉}；顶部；底 {钻石},,2016-10-24
2714892,aphaniphyric,隐晶斑状；霏细斑状,,2016-10-24
2714893,aphanite,隐晶岩；非显晶岩,,2016-10-24
2714894,aphanitic,微晶质；隐晶质；非显晶质,,2016-10-24
2714895,aphanitic basalt,隐晶玄武岩；非显晶玄武岩,,2016-10-24
2714896,aphanophyric,隐晶斑状；霏细斑状,,2016-10-24
2714897,Aphelaspis,原头虫属；溜头壳虫属{三叶虫},,2016-10-24
2714898,Apheoorthis,原正形贝属,,2016-10-24
2714899,aphlebia,无脉叶片,,2016-10-24
2714900,aphotic zone,无光带,,2016-10-24
2714901,aphrite,珠光方解石,,2016-10-24
2714902,aphrizite,泡沸电气石；黑电气石,,2016-10-24
2714903,aphrodite,滑镁皂石,,2016-10-24
2714904,aphroid,互嵌状,,2016-10-24
2714905,aphrolite,泡沫岩,,2016-10-24
2714906,aphrolith,泡沫岩,,2016-10-24
2714907,aphrolithic lava,渣块熔岩,,2016-10-24
2714908,Aphrophyllum,嵌珊瑚属,,2016-10-24
2714909,aphrosiderite,铁蠕绿泥石；泡铁石,,2016-10-24
2714910,aphthalose,钾芒硝,,2016-10-24
2714911,aphthitalite,钾芒硝,,2016-10-24
2714912,aphthonite,银黝铜矿,,2016-10-24
2714913,aphyric,无斑隐晶质,,2016-10-24
2714914,apical line,顶线,,2016-10-24
2714915,apical plate,顶板,,2016-10-24
2714916,apical system,顶系{海胆类}；极系,,2016-10-24
2714917,a-pinacoid,a轴面,,2016-10-24
2714918,apjohnite,锰铝矾；锰明矾,,2016-10-24
2714919,aplite,细晶岩,,2016-10-24
2714920,aplite-granitic,细晶花岗质,,2016-10-24
2714921,aplitic dyke,细晶岩脉,,2016-10-24
2714922,aplodiorite,淡色闪长岩,,2016-10-24
2714923,aplogranite,淡色花岗岩,,2016-10-24
2714924,aploid,副长细晶岩,,2016-10-24
2714925,aplome,褐榴石；铝钙铁榴石,,2016-10-24
2714926,aplosyenite,淡色正长岩,,2016-10-24
2714927,apo-,换质的,,2016-10-24
2714928,apoanalcite,变方沸石,,2016-10-24
2714929,apoandesite,脱玻安山岩,,2016-10-24
2714930,apobasalt,脱玻玄武岩,,2016-10-24
2714931,apobsidian,脱玻黑曜岩,,2016-10-24
2714932,apodolerite,脱玻粗玄岩,,2016-10-24
2714933,apogrit,粗砂岩,,2016-10-24
2714934,apomagmatic,岩浆外围的,,2016-10-24
2714935,apoobsidian,脱玻黑曜岩,,2016-10-24
2714936,apophyllite,鱼眼石,,2016-10-24
2714937,apophyse,岩枝,,2016-10-24
2714938,apophysis,岩枝,,2016-10-24
2714939,apo-rhyolite,脱玻流纹岩,,2016-10-24
2714940,aposandstone,石英岩,,2016-10-24
2714941,Appalachia,阿帕拉契[古陆],,2016-10-24
2714942,Appalachian movement,阿帕拉契[造山]运动,,2016-10-24
2714943,apparent angle,视角,,2016-10-24
2714944,apparent dip,视倾斜,,2016-10-24
2714945,apparent horizon,视地平,,2016-10-24
2714946,apparent movement of fault,断层视运动,,2016-10-24
2714947,apparent optic axial angle,视光轴角,,2016-10-24
2714948,apparent plunge,视倾没,,2016-10-24
2714949,apparent resistivity,视电阻率,,2016-10-24
2714950,apparent slope,视坡,,2016-10-24
2714951,apparent thickness,视厚度,,2016-10-24
2714952,apparent velocity,视速度,,2016-10-24
2714953,appendage,附肢,,2016-10-24
2714954,appinite,富闪深成岩,,2016-10-24
2714955,applanation,蚀平作用,,2016-10-24
2714956,applied geology,应用地质学,,2016-10-24
2714957,apposition beach,并列沙滩,,2016-10-24
2714958,apposition fabric,原生岩组,,2016-10-24
2714959,appressed,密压的,,2016-10-24
2714960,apron,裙地,,2016-10-24
2714961,apsacline,斜倾型{腕足动物类},,2016-10-24
2714962,Apterygota,无翅亚纲{节肢动物类},,2016-10-24
2714963,Aptian,阿普特期{早白垩纪},,2016-10-24
2714964,aptycha,双瓣颚{菊石类},,2016-10-24
2714965,apyrite,红电气石；红碧玺,,2016-10-24
2714966,aquafact,海蚀石,,2016-10-24
2714967,aqualung,水肺,,2016-10-24
2714968,aquamarine,海蓝宝石{绿柱石类},,2016-10-24
2714969,aqueoglacial,水冰的,,2016-10-24
2714970,aqueo-igneous,水火成的,,2016-10-24
2714971,aqueo-residual sand,水蚀余砂,,2016-10-24
2714972,aqueous,水的；水成的,,2016-10-24
2714973,aqueous lava,火山泥流,,2016-10-24
2714974,aqueous rock,水成岩,,2016-10-24
2714975,aquiclude,难透水层,,2016-10-24
2714976,aquifer,含水层,,2016-10-24
2714977,aquifuge,不透水层,,2016-10-24
2714978,Aquitanian,阿启坦阶{中新世},,2016-10-24
2714979,arabesquitic,花纹[结构],,2016-10-24
2714980,Arabian desert,阿拉伯沙漠,,2016-10-24
2714981,Arachnida,蜘蛛纲,,2016-10-24
2714982,Arachniophyllum,丛嵌珊瑚属,,2016-10-24
2714983,Arachnoidea,蜘蛛亚纲,,2016-10-24
2714984,Arachnolasma,似棚珊瑚属,,2016-10-24
2714985,aragonite,霰石；文石,,2016-10-24
2714986,aragonite sinter,霰石华；鹅管石,,2016-10-24
2714987,arakawaite,磷锌铜矿；荒川石,,2016-10-24
2714988,Araliaephyllum,葱叶属,,2016-10-24
2714989,Araneida,蛛蜘目,,2016-10-24
2714990,arapahite,磁铁玄武岩,,2016-10-24
2714991,araucarian,南洋杉的；南美杉的,,2016-10-24
2714992,Araucarioxylon,南洋杉型木属,,2016-10-24
2714993,Araucarites,拟南洋杉属,,2016-10-24
2714994,arbitrary cutoff,侧向任意层界,,2016-10-24
2714995,arborescent,枝状；乔木状,,2016-10-24
2714996,Arbuckle movement,阿巴克运动{=海西运动},,2016-10-24
2714997,arc magmatism,岛弧岩浆作用,,2016-10-24
2714998,arc orogen,岛弧造山带,,2016-10-24
2714999,arc root,弧根,,2016-10-24
2715000,Arca,魁蛤属,,2016-10-24
2715001,arcanite,钾矾,,2016-10-24
2715002,arch,拱[形],,2016-10-24
2715003,Archaean Era,太古代；始生代,,2016-10-24
2715004,Archaean Group,太古群；始生群,,2016-10-24
2715005,Archaean rock,太古岩,,2016-10-24
2715006,Archaeocalamites,古芦木,,2016-10-24
2715007,Archaeoceti,古鲸亚目,,2016-10-24
2715008,Archaeocyatha,古杯动物门,,2016-10-24
2715009,Archaeocyathida,古杯纲,,2016-10-24
2715010,archaeocyathids,古杯类,,2016-10-24
2715011,Archaeocyathus,古杯{海绵动物类},,2016-10-24
2715012,Archaeogastropoda,古腹足亚纲,,2016-10-24
2715013,archaeology,考古学,,2016-10-24
2715014,Archaeomeryx,古鹿属,,2016-10-24
2715015,Archaeonodon,古齿猪属；古猪属,,2016-10-24
2715016,Archaeopteris,古蕨属,,2016-10-24
2715017,Archaeopteryx,始祖鸟属,,2016-10-24
2715018,Archaeornis,古鸟；原鸟属,,2016-10-24
2715019,Archaeornithes,古鸟亚纲,,2016-10-24
2715020,Archaeosigillaria,古封印木属,,2016-10-24
2715021,Archaeostraca,古壳目[甲壳纲],,2016-10-24
2715022,Archean Era,太古代；始生代,,2016-10-24
2715023,archegonial chamber,藏卵室,,2016-10-24
2715024,archegonium,藏卵器,,2016-10-24
2715025,Archeozoic,太古代；始生代,,2016-10-24
2715026,archetelome,原始顶枝,,2016-10-24
2715027,archetype,原始型,,2016-10-24
2715028,Archiannelida,原环虫纲,,2016-10-24
2715029,archibenthic,底栖大陆坡的,,2016-10-24
2715030,Archidiskodon,原齿象属,,2016-10-24
2715031,Archigymnospermae,原始裸子植物,,2016-10-24
2715032,Archimedes,螺旋苔藓虫属,,2016-10-24
2715033,archipelago,列岛；群岛,,2016-10-24
2715034,Archosauria,祖龙亚纲；初龙亚纲,,2016-10-24
2715035,arctic,北极的,,2016-10-24
2715036,Arctic Circle,北极圈,,2016-10-24
2715037,arctic glacier,极冰川,,2016-10-24
2715038,Arctic Ocean,北冰洋；北极海,,2016-10-24
2715039,Arctic Suite,北极岩群,,2016-10-24
2715040,Arctomys,土拨鼠属,,2016-10-24
2715041,arcuate delta,弧形三角洲,,2016-10-24
2715042,arcuation,弯曲,,2016-10-24
2715043,Ardennic movement,阿当运动,,2016-10-24
2715044,ardennite,锰矽砷铝矿,,2016-10-24
2715045,ardennite-As,砷矽铝锰矿,,2016-10-24
2715046,ardennite-V,钒矽铝锰矿,,2016-10-24
2715047,arduinite,安沸石；发光沸石,,2016-10-24
2715048,areal eruption,区域喷溢,,2016-10-24
2715049,areal geology,区域地质学,,2016-10-24
2715050,Arenacea,砂质有孔虫目{=sandy foraminifera},,2016-10-24
2715051,arenaceous,砂质,,2016-10-24
2715052,Arenaceous Foraminifera,砂质有孔虫目,,2016-10-24
2715053,arenaceous rock,砂质岩,,2016-10-24
2715054,arenaceous sediment,砂质沉积物,,2016-10-24
2715055,arenaceous shale,砂质页岩,,2016-10-24
2715056,arendalite,暗帘石,,2016-10-24
2715057,arendite,暗帘石,,2016-10-24
2715058,Arenigian,阿利尼克期{早奥陶纪},,2016-10-24
2715059,arenite,砂岩,,2016-10-24
2715060,arenose,粗砂质,,2016-10-24
2715061,arenyte,砂岩,,2016-10-24
2715062,areometer,浮秤；液体比重计,,2016-10-24
2715063,arete,刃岭,,2016-10-24
2715064,arfvedsonite,钠铁闪石,,2016-10-24
2715065,arfvedsonite aplite,钠铁闪长细晶岩,,2016-10-24
2715066,arfvedsonite granite,钠铁闪花岗岩,,2016-10-24
2715067,arfvedsonite trachyte,钠钙闪粗面岩,,2016-10-24
2715068,argeinite,橄闪岩,,2016-10-24
2715069,argental,银汞齐,,2016-10-24
2715070,argentiferous,含银的,,2016-10-24
2715071,argentiferous galena,含银方铅矿,,2016-10-24
2715072,argentiferous pyrite,含银黄铁矿,,2016-10-24
2715073,argentine,辉银矿,,2016-10-24
2715074,argentite,辉银矿,,2016-10-24
2715075,argentoalgodonite,银微晶砷铜矿,,2016-10-24
2715076,argentobismuthite,银辉铋矿,,2016-10-24
2715077,argentodomeykite,银砷铜矿,,2016-10-24
2715078,argentojarosite,银铁矾,,2016-10-24
2715079,argentopyrite,含银黄铁矿,,2016-10-24
2715080,argentote,辉银矿,,2016-10-24
2715081,argil,白土；矾石,,2016-10-24
2715082,argillaceous,泥质的,,2016-10-24
2715083,argillaceous limestone,泥质石灰岩,,2016-10-24
2715084,argillaceous rock,泥质岩,,2016-10-24
2715085,argillaceous sandstone,泥质砂岩,,2016-10-24
2715086,argillaceous slate,泥质板岩,,2016-10-24
2715087,argillation,黏土化[作用],,2016-10-24
2715088,argillic,泥质的；页岩质的,,2016-10-24
2715089,argillite,硬页岩,,2016-10-24
2715090,argillization,黏土化[作用],,2016-10-24
2715091,argyrite,辉银矿,,2016-10-24
2715092,argyrodite,硫银锗矿,,2016-10-24
2715093,argyropyrite,中银黄铁矿,,2016-10-24
2715094,argyrythrose,深红银矿,,2016-10-24
2715095,arid landform,干燥地形,,2016-10-24
2715096,arid region,干燥区,,2016-10-24
2715097,aridity,干燥度,,2016-10-24
2715098,ariegite,尖辉石岩,,2016-10-24
2715099,Arietites,单脊菊石属；白羊菊石属,,2016-10-24
2715100,Aristotle's lantern,咀嚼器{海胆类},,2016-10-24
2715101,arite,砷锑镍矿,,2016-10-24
2715102,arithmetic mean particle diameter,算术平均粒径,,2016-10-24
2715103,arizonite,正长石英岩；杂铁钛矿{矿物},,2016-10-24
2715104,arkansas stone,均密石英岩,,2016-10-24
2715105,arkansite,黑钛矿,,2016-10-24
2715106,arkite,白榴霞斑岩,,2016-10-24
2715107,arkose,长石砂岩,,2016-10-24
2715108,arkose-quartzite,长石石英岩,,2016-10-24
2715109,arkose-sandstone,长石砂岩,,2016-10-24
2715110,arkosic,长石砂岩质的,,2016-10-24
2715111,arkosic bentonite,长石膨土岩,,2016-10-24
2715112,arkosic conglomerate,长石砾岩,,2016-10-24
2715113,arkosic limestone,长石石灰岩,,2016-10-24
2715114,arkosic sandstone,长石砂岩,,2016-10-24
2715115,arkosic wacke,长石硬砂岩,,2016-10-24
2715116,arkosite,长石石英岩,,2016-10-24
2715117,arksutite,锥冰晶石,,2016-10-24
2715118,arm [in crinoids],腕{海百合类},,2016-10-24
2715119,arm plate [in crinoids],腕枝{海百合类},,2016-10-24
2715120,armenite,矽铝钡钙石；钡锰大隅石,,2016-10-24
2715121,Armenoceras,阿门角石属；珠角石属,,2016-10-24
2715122,armored mud ball,嵌石泥球,,2016-10-24
2715123,Armorican movement,阿摩力运动[古生代后期],,2016-10-24
2715124,aromatic hydrocarbon,芳香族类碳氢化合物,,2016-10-24
2715125,arquerite,轻汞膏,,2016-10-24
2715126,arrhenite,铍钽铌矿,,2016-10-24
2715127,arrojadite,钠磷锰铁石,,2016-10-24
2715128,arroyo,旱谷,,2016-10-24
2715129,arsenargentite,砷辉银矿,,2016-10-24
2715130,arsenate,砷酸盐类,,2016-10-24
2715131,arsenblende,雌黄,,2016-10-24
2715132,arsenfahlerz,砷黝铜矿,,2016-10-24
2715133,arsenian bournonite,砷车轮矿,,2016-10-24
2715134,arsenian destinezite,水砷磷铁矾,,2016-10-24
2715135,arsenic bloom,砷华,,2016-10-24
2715136,arsenic copper,砷铜矿,,2016-10-24
2715137,arsenic ore,砷矿石,,2016-10-24
2715138,arsenic silver ore,砷银矿石,,2016-10-24
2715139,arsenical antimony fahlore,砷锑黝铜矿,,2016-10-24
2715140,arsenical nickel,砷红镍矿,,2016-10-24
2715141,arsenical pyrite,毒砂；砷黄铁矿,,2016-10-24
2715142,arsenical silver,砷银矿,,2016-10-24
2715143,arsenide,砷化物,,2016-10-24
2715144,arsenikstein,毒砂,,2016-10-24
2715145,arseniopleite,红砷锰钙石,,2016-10-24
2715146,arseniosiderite,砷钙铁石；黑砷铁矿,,2016-10-24
2715147,arsenite,铅锰砷华,,2016-10-24
2715148,arsenobismite,水砷铋石；砷铋华,,2016-10-24
2715149,arsenoclasite,斜方水砷锰矿,,2016-10-24
2715150,arsenocrocite,钙砷铁矿,,2016-10-24
2715151,arsenoferrite,砷铁矿,,2016-10-24
2715152,arsenoklasite,斜方水砷锰矿,,2016-10-24
2715153,arsenolamprite,自然砷铋,,2016-10-24
2715154,arsenolite,砷华,,2016-10-24
2715155,arsenomiargyrite,砷辉锑银矿,,2016-10-24
2715156,arsenopyrite,毒砂；砷黄铁矿,,2016-10-24
2715157,arsenosiderite,斜方砷铁矿,,2016-10-24
2715158,arsenosulfurite,砷单斜硫,,2016-10-24
2715159,arsenotellurite,砷碲矿,,2016-10-24
2715160,arsenvanadinite,砷钒铅矿,,2016-10-24
2715161,Arsinotheria,重脚兽目,,2016-10-24
2715162,arsoite,辉橄粗面岩,,2016-10-24
2715163,arso-trachyte,橄榄粗安岩,,2016-10-24
2715164,arteric migmatite,层脉混合岩,,2016-10-24
2715165,arterite,层混合岩；层层侵入；层片侵入,,2016-10-24
2715166,arteritio migmatite,注入混合岩,,2016-10-24
2715167,artesian,自流的,,2016-10-24
2715168,artesian aquifer,自流含水层,,2016-10-24
2715169,artesian basin,自流盆地,,2016-10-24
2715170,artesian leakage,自流渗漏,,2016-10-24
2715171,artesian spring,自流泉,,2016-10-24
2715172,artesian water,自流水,,2016-10-24
2715173,artesian well,自流井,,2016-10-24
2715174,Arthrodira,节甲鱼目,,2016-10-24
2715175,arthrodiran,节甲鱼类,,2016-10-24
2715176,Arthrophycus,节茎迹属{蠕虫遗迹化石},,2016-10-24
2715177,Arthrophyta,节蕨门,,2016-10-24
2715178,arthropod,节足动物类,,2016-10-24
2715179,Arthropoda,节肢动物门,,2016-10-24
2715180,Arthrostigma,剌蕨属,,2016-10-24
2715181,articular,关节骨,,2016-10-24
2715182,articular process,关节突,,2016-10-24
2715183,Articulata,有铰纲{腕足动物类},,2016-10-24
2715184,Articulatae,有节纲{节类},,2016-10-24
2715185,Articulatales,木贼纲,,2016-10-24
2715186,articulate,有节的,,2016-10-24
2715187,articulate brachiopods,有铰腕足动物类,,2016-10-24
2715188,Articulatineae,木贼亚纲,,2016-10-24
2715189,articulation,关节,,2016-10-24
2715190,artificial coke,人造焦炭,,2016-10-24
2715191,artinite,水纤菱镁矿,,2016-10-24
2715192,Artinskian,亚丁斯克期{早二叠纪},,2016-10-24
2715193,Artinskian Age,亚丁斯克期{早二叠纪},,2016-10-24
2715194,Artiodactyla,偶蹄目,,2016-10-24
2715195,Asanonella,小浅野氏虫属{有孔虫类},,2016-10-24
2715196,Asaphellus,小栉虫属,,2016-10-24
2715197,Asaphiscus,隐蔽虫属,,2016-10-24
2715198,Asaphopsis,隐现虫属,,2016-10-24
2715199,Asaphus,栉虫属,,2016-10-24
2715200,asar,蛇形丘,,2016-10-24
2715201,asbestiform,石绵状,,2016-10-24
2715202,asbestine,石绵状；微石绵,,2016-10-24
2715203,asbestos,石绵；石绒,,2016-10-24
2715204,asbestus,石绵；石绒,,2016-10-24
2715205,asbolan,土状钴矿；锰钴土,,2016-10-24
2715206,asbolane,土状钴矿；锰钴土,,2016-10-24
2715207,asbolite,土状钴矿；锰钴土,,2016-10-24
2715208,ascension theory,上升水说,,2016-10-24
2715209,aschaffite,斜长英云煌斑岩,,2016-10-24
2715210,ascharite,硼镁石,,2016-10-24
2715211,aschistic,未分异的,,2016-10-24
2715212,aschistic rocks,未分异岩,,2016-10-24
2715213,aschistite,未分异石,,2016-10-24
2715214,Ascidia,海蛸属,,2016-10-24
2715215,aseismic,无震的,,2016-10-24
2715216,aseismic region,无震区,,2016-10-24
2715217,ash,火山灰 ；灰分{煤},,2016-10-24
2715218,ash ball,凝灰球,,2016-10-24
2715219,ash bed,灰层,,2016-10-24
2715220,ash cone,凝灰岩锥,,2016-10-24
2715221,ash fall,[火山]落灰；灰降,,2016-10-24
2715222,ash flow,火山灰流,,2016-10-24
2715223,ash rock,凝灰岩,,2016-10-24
2715224,ash sedimentary,沉积火山灰,,2016-10-24
2715225,ash shower,火山阵灰,,2016-10-24
2715226,ash structure,火山灰构造,,2016-10-24
2715227,ash-bed diabase,灰层辉绿岩,,2016-10-24
2715228,Ashgillian,阿西极阶{上奥陶系},,2016-10-24
2715229,ash-tuff,火山灰凝岩,,2016-10-24
2715230,ashy grit,火山灰砂,,2016-10-24
2715231,asiderite,无铁陨石,,2016-10-24
2715232,asmanite,陨鳞石英,,2016-10-24
2715233,asparagolite,黄绿磷灰石,,2016-10-24
2715234,asparagus-stone,黄绿磷灰石,,2016-10-24
2715235,aspasiolite,绿堇青石；变堇青石,,2016-10-24
2715236,aspect ratio,纵横比,,2016-10-24
2715237,asperite,多孔熔岩,,2016-10-24
2715238,asperolite,水矽孔雀石,,2016-10-24
2715239,asphalt,沥青；柏油,,2016-10-24
2715240,asphalt rock,沥青岩,,2016-10-24
2715241,asphalt seal,沥青闭合,,2016-10-24
2715242,asphalt stone,沥青岩,,2016-10-24
2715243,asphalt-base petroleum,沥青基石油,,2016-10-24
2715244,asphaltenes,沥青稀,,2016-10-24
2715245,asphaltic,沥青质的,,2016-10-24
2715246,asphaltic base,沥青基,,2016-10-24
2715247,asphaltic coal,沥青煤,,2016-10-24
2715248,asphaltic pyrobitumen,焦沥青；火沥青,,2016-10-24
2715249,asphaltic sand,沥青砂,,2016-10-24
2715250,asphaltite,沥青岩,,2016-10-24
2715251,asphaltos,沥青；柏油,,2016-10-24
2715252,asphaltum,沥青；柏油,,2016-10-24
2715253,asphaltus,沥青；柏油,,2016-10-24
2715254,aspidelite,榍石,,2016-10-24
2715255,Aspidobranchia,盾鳃目,,2016-10-24
2715256,aspidolite,钠金云母；绿金云母,,2016-10-24
2715257,Aspidorhynchiformes,剑鼻目,,2016-10-24
2715258,Aspidospondyli,弓锥亚纲,,2016-10-24
2715259,aspphirine,假蓝宝石,,2016-10-24
2715260,assay,试金,,2016-10-24
2715261,assay limit,试验限度,,2016-10-24
2715262,assay ton,试验吨{等于29.1667克},,2016-10-24
2715263,assay value,试金值,,2016-10-24
2715264,assemblage zone,团带,,2016-10-24
2715265,assimilation,[岩浆的]同化作用,,2016-10-24
2715266,associated mineral,伴生矿物,,2016-10-24
2715267,associated natural gas,伴生天然气,,2016-10-24
2715268,assypite,纳橄辉长岩,,2016-10-24
2715269,astatic,无定向[的],,2016-10-24
2715270,aster,星射状,,2016-10-24
2715271,asteria,星彩蓝宝石,,2016-10-24
2715272,asteriated quartz,星彩石英,,2016-10-24
2715273,asteriated sapphire,星彩蓝宝石,,2016-10-24
2715274,asterism,星彩色性；星彩性,,2016-10-24
2715275,Asterocalamitaceae,星芦木超科,,2016-10-24
2715276,Asterocalamites,星芦木属,,2016-10-24
2715277,asteroid,海星{动物}；小行星{天文},,2016-10-24
2715278,Asteroidea,海星纲,,2016-10-24
2715279,asteroite,苍辉石；钙铁辉石{=hedenbergite},,2016-10-24
2715280,asterophyllite ekerite,星叶钠闪花岗岩,,2016-10-24
2715281,Asterophyllites,星叶木属{芦木类},,2016-10-24
2715282,Asterorotalia,星轮虫属{有孔虫类},,2016-10-24
2715283,Asterotheca,星囊蕨属,,2016-10-24
2715284,Asterozoa,海星亚门,,2016-10-24
2715285,asthenolith,岩浆体；岩浆袋,,2016-10-24
2715286,asthenosphere,软流圈,,2016-10-24
2715287,Astian,阿斯蒂期{第三纪},,2016-10-24
2715288,astite,红柱角页岩,,2016-10-24
2715289,astochite,粗晶闪石；钠锰闪石,,2016-10-24
2715290,astogeny,群体发生,,2016-10-24
2715291,Astraeospongia,星海绵属,,2016-10-24
2715292,astragalus,距骨,,2016-10-24
2715293,astrakanite,白钠镁矾,,2016-10-24
2715294,astrakhanite,白钠镁矾,,2016-10-24
2715295,astral era,星云时代,,2016-10-24
2715296,Astriclypeus,沙钱海胆属,,2016-10-24
2715297,astringent,收敛性的；苦涩的,,2016-10-24
2715298,astroite,星彩石,,2016-10-24
2715299,astrolabe,等高仪；星[象]盘,,2016-10-24
2715300,astrolite,球星石,,2016-10-24
2715301,astronomic geology,天文地质学,,2016-10-24
2715302,Asturian movement,阿斯突里运动{晚石炭纪},,2016-10-24
2715303,asylum,生物避难所,,2016-10-24
2715304,asymmetric,不对称的,,2016-10-24
2715305,asymmetrical,不对称的,,2016-10-24
2715306,asymmetrical drainage,不对称水系,,2016-10-24
2715307,asymmetrical fold,不对称褶皱,,2016-10-24
2715308,asymmetrical ripple mark,不对称波痕,,2016-10-24
2715309,atacamite,氯铜矿,,2016-10-24
2715310,Atactotoechus,变壁苔藓虫属,,2016-10-24
2715311,atatschite,线玻正斑岩,,2016-10-24
2715312,atavism,隔代遗传,,2016-10-24
2715313,atavo-tissue,继承组织,,2016-10-24
2715314,ataxic,不成层的,,2016-10-24
2715315,ataxite,无纹陨铁,,2020-04-29
2715316,ataxitic,角砾斑杂状[构造],,2016-10-24
2715317,atectonic,非造山运动的,,2016-10-24
2715318,atectonic pluton,非造山运动深成岩体,,2016-10-24
2715319,atelestite,斜砷铋矿,,2016-10-24
2715320,atelite,水氯铜矿,,2016-10-24
2715321,Athyris,无窗贝属,,2016-10-24
2715322,Athyrisina,似无窗贝属,,2016-10-24
2715323,Atlantic Suite,大西洋岩群,,2016-10-24
2715324,atlantite,霞石碱玄岩,,2016-10-24
2715325,atlasite,氯石青,,2016-10-24
2715326,atmoclast,气碎屑物,,2016-10-24
2715327,atmoclastic rock,气碎岩,,2016-10-24
2715328,atmoclastics,气碎屑物,,2016-10-24
2715329,atmogenic,气源的,,2016-10-24
2715330,atmolith,气成岩,,2016-10-24
2715331,atmology,水气学,,2016-10-24
2715332,atmometer,蒸发计,,2016-10-24
2715333,atmophile element,大气圈元素,,2016-10-24
2715334,atmosphere,大气；[大]气圈；大气压,,2016-10-24
2715335,atmospheric pressure,气压；大气压力,,2016-10-24
2715336,atmospheric rock,气成岩,,2016-10-24
2715337,atoll,环礁,,2016-10-24
2715338,atoll lake,环礁湖,,2016-10-24
2715339,atoll reef,环礁,,2016-10-24
2715340,atoll ring,环礁圈,,2016-10-24
2715341,atoll texture,环礁状组织；环状组织,,2016-10-24
2715342,atom percent,原子百分比,,2016-10-24
2715343,atomic mass,原子质量,,2016-10-24
2715344,atomic number,原子序,,2016-10-24
2715345,atomic proportion,原子百分比,,2016-10-24
2715346,atomic proportions,原子比,,2016-10-24
2715347,atomic radius,原子半径,,2016-10-24
2715348,atomic weight,原子量,,2016-10-24
2715349,atopite,黄锑钙石；氟锑钙石,,2016-10-24
2715350,Atremata,无贝目；无孔贝目,,2016-10-24
2715351,Atrypa,无孔贝属；无穴贝属,,2016-10-24
2715352,attached dune,附著砂丘,,2016-10-24
2715353,attached ground water,附壁地下水,,2016-10-24
2715354,attacolite,红橙石,,2016-10-24
2715355,attapulgite,山软木石；坡缕石,,2016-10-24
2715356,attenuate,稀释的；弱化,,2016-10-24
2715357,attenuated septum,细长隔壁,,2016-10-24
2715358,attenuation constant,衰减常数,,2016-10-24
2715359,Atterberg grade scale,亚氏分度标准,,2016-10-24
2715360,Attic movement,阿提克运动{中新世后期},,2016-10-24
2715361,attitude,层态,,2016-10-24
2715362,attrition,互磨,,2016-10-24
2715363,attritus,暗煤素,,2016-10-24
2715364,aubrite,顽火无球陨石,,2016-10-24
2715365,auerbachite,变锆石,,2016-10-24
2715366,auerlite,磷钍石,,2016-10-24
2715367,auganite,橄安岩,,2016-10-24
2715368,augelite,水磷铝石；光彩石,,2016-10-24
2715369,augen,眼球体,,2016-10-24
2715370,augen structure,眼球构造,,2016-10-24
2715371,augen-geniss,眼球片麻岩,,2016-10-24
2715372,augen-schist,眼球片岩,,2016-10-24
2715373,auger,螺旋钻,,2016-10-24
2715374,augite,普通辉石,,2016-10-24
2715375,augite akerite,辉石英辉正长岩,,2016-10-24
2715376,augitite,辉石岩,,2016-10-24
2715377,augitophyre,辉斑玄武岩,,2016-10-24
2715378,Aulacophyllum,沟壁珊瑚属,,2016-10-24
2715379,Aulacotheca,裂囊蕨属,,2016-10-24
2715380,Aulina,轴管珊瑚属,,2016-10-24
2715381,Aulophyllum,柱管珊瑚属,,2016-10-24
2715382,Aulopora,烟斗珊瑚属,,2016-10-24
2715383,Auloroidea,管腕海星亚纲,,2016-10-24
2715384,aupiment,雌黄,,2016-10-24
2715385,aureole,晕圈带,,2016-10-24
2715386,aureole of contact metamorphism,接触变质圈,,2016-10-24
2715387,auri-argentiferous,含金银的,,2016-10-24
2715388,auric,含金的,,2016-10-24
2715389,aurichalcite,绿碳铜锌矿,,2016-10-24
2715390,auricle,耳板,,2016-10-24
2715391,auricupride,金铜矿,,2016-10-24
2715392,auriferous,含金的,,2016-10-24
2715393,Aurignacian [Age],欧里纳克期{旧石器时代晚期},,2016-10-24
2715394,Aurila,耳形介属,,2016-10-24
2715395,auripigment,雌黄,,2016-10-24
2715396,aurora,极光,,2016-10-24
2715397,aurora australis,南极光,,2016-10-24
2715398,aurora borealis,北极光,,2016-10-24
2715399,aurostibite,方金锑矿,,2016-10-24
2715400,aurotellurite,针碲金矿,,2016-10-24
2715401,austausch,涡流传导性,,2016-10-24
2715402,austausch coefficient,涡流传导系数,,2016-10-24
2715403,austral,南方[的],,2016-10-24
2715404,australite,澳洲似曜石,,2016-10-24
2715405,Australopithecus,南方古猿属,,2016-10-24
2715406,Austrian movement,奥地利运动{白垩纪},,2016-10-24
2715407,autallotriomorphic,自生他形的{生态}；细晶错综状{岩石},,2016-10-24
2715408,authigene,自生,,2016-10-24
2715409,authigenic,自生的；自源的,,2016-10-24
2715410,authigenic constituents,自生成份,,2016-10-24
2715411,authigenic mineral,自生矿物；自源矿物,,2016-10-24
2715412,authigenous,自生的；自源的,,2016-10-24
2715413,authigenous constituent,自生成份,,2016-10-24
2715414,auto-,自己的,,2016-10-24
2715415,autochthon,原地岩体,,2016-10-24
2715416,autochthonous,原地的,,2016-10-24
2715417,autochton druse,原基晶簇,,2016-10-24
2715418,autoclast,自碎岩,,2016-10-24
2715419,autoclastic,自碎的,,2016-10-24
2715420,autoclastic rock,自碎岩,,2016-10-24
2715421,autoclastic schist,自碎片岩,,2016-10-24
2715422,autoecology,个体生态学,,2016-10-24
2715423,autogenetic,自成的,,2016-10-24
2715424,autogeosyncline,自成地槽,,2016-10-24
2715425,auto-injection,残液注入作用,,2016-10-24
2715426,autointrusion,残液入侵作用,,2016-10-24
2715427,autolith,同源胞体,,2016-10-24
2715428,autolysis,自溶作用,,2016-10-24
2715429,autometamorphism,自变质作用,,2016-10-24
2715430,autometasomatism,自交代变质作用,,2016-10-24
2715431,automolite,铁锌尖晶石,,2016-10-24
2715432,automorphic,自形的,,2016-10-24
2715433,automorphic granular,自然粒状,,2016-10-24
2715434,automorphosed,母液变质的,,2016-10-24
2715435,automorphous,自形的,,2016-10-24
2715436,autopiracy,自袭夺,,2016-10-24
2715437,autopneumatolysis,自气化[作用],,2016-10-24
2715438,autopore,虫室,,2016-10-24
2715439,autoradiography,放射显迹图,,2016-10-24
2715440,autotrophic,自营养的,,2016-10-24
2715441,autotrophic organism,自养生物,,2016-10-24
2715442,autotype,自型,,2016-10-24
2715443,autumnal equinox,秋分[点],,2016-10-24
2715444,autunite,磷钙铀矿,,2016-10-24
2715445,auxiliary fault,辅助断层,,2016-10-24
2715446,auxiliary lobe,辅助叶,,2016-10-24
2715447,auxiliary mineral,次要矿物；副矿物,,2016-10-24
2715448,auxiliary plane of symmetry,副对称面,,2016-10-24
2715449,available moisture,有效水份,,2016-10-24
2715450,available relief,均夷起伏,,2016-10-24
2715451,avaite,铂铱矿,,2016-10-24
2715452,avalanche,崩泻,,2016-10-24
2715453,avalanche air blast,雪崩风蚀,,2016-10-24
2715454,avalite,铬云母；铬伊来石,,2016-10-24
2715455,avasite,矽铁矿,,2016-10-24
2715456,aventurine,砂金石{富包体石英}；耀石英,,2016-10-24
2715457,aventurine feldspar,耀长石,,2016-10-24
2715458,aventurine quartz,耀石英,,2016-10-24
2715459,average grain diameter,平均粒径,,2016-10-24
2715460,average igneous rock,平均火成岩{化学成份},,2016-10-24
2715461,average magma,平均岩浆,,2016-10-24
2715462,average roundness,平均圆度,,2016-10-24
2715463,average sphericity,平均球度,,2016-10-24
2715464,Aves,鸟纲,,2016-10-24
2715465,avezacite,钛铁辉闪脉岩,,2016-10-24
2715466,Avicula,燕蛤属,,2016-10-24
2715467,avicularia,鸟嘴器{苔藓虫类},,2016-10-24
2715468,aviolite,堇云角岩,,2016-10-24
2715469,avogadrite,氟硼钾石,,2016-10-24
2715470,Avonia,亚翁贝属{腕足动物类},,2016-10-24
2715471,avulsion,冲裂,,2016-10-24
2715472,awaruite,铁镍矿,,2016-10-24
2715473,axe stone,钺形石,,2016-10-24
2715474,axes of fabric,组构轴,,2016-10-24
2715475,axial angle,光轴角,,2016-10-24
2715476,axial color,光轴色,,2016-10-24
2715477,axial column,中柱,,2016-10-24
2715478,axial compression,轴向压缩,,2016-10-24
2715479,axial cross,轴十字,,2016-10-24
2715480,axial culmination,轴向凸起,,2016-10-24
2715481,axial element,晶轴要素,,2016-10-24
2715482,axial figure,干涉轴像；干涉影,,2016-10-24
2715483,axial joint,轴节理；纵节理,,2016-10-24
2715484,axial plane,轴面；光轴面,,2016-10-24
2715485,axial rate,轴率,,2016-10-24
2715486,axial ratio,轴比,,2016-10-24
2715487,axial skeleton,主轴骨骼,,2016-10-24
2715488,axial surface,轴面,,2016-10-24
2715489,axial symmetry,轴对称,,2016-10-24
2715490,axial trace,轴迹,,2016-10-24
2715491,axillare,轴板,,2016-10-24
2715492,axinite,斧石,,2016-10-24
2715493,axinitization,斧石化[作用],,2016-10-24
2715494,axiolite,椭球粒,,2016-10-24
2715495,axiolith,十字晶条,,2016-10-24
2715496,axiolitic,椭球状,,2016-10-24
2715497,axis,轴；轴线,,2016-10-24
2715498,axis of hemimorphism,异极轴,,2016-10-24
2715499,axis of hexagonal symmetry,六次对称轴,,2016-10-24
2715500,axis of reference,参考轴,,2016-10-24
2715501,axis of rotation,旋转轴,,2016-10-24
2715502,axis of symmetry,对称轴,,2016-10-24
2715503,axis of tetragonal symmetry,四次对称轴,,2016-10-24
2715504,axis of trigonal symmetry,三次对称轴,,2016-10-24
2715505,axometer,测轴计,,2016-10-24
2715506,Axonolipa,无轴亚纲{笔石类},,2016-10-24
2715507,axonometry,测晶学,,2016-10-24
2715508,Axonophora,有轴亚纲{笔石类},,2016-10-24
2715509,axotomous,垂直结晶轴的{解理},,2016-10-24
2715510,azeotropic mixture,共沸混合物,,2016-10-24
2715511,Azilian Age,阿席林{旧石器时代},,2016-10-24
2715512,azimuth,方位,,2016-10-24
2715513,azimuth compass,方位罗盘,,2016-10-24
2715514,azimuthal map projection,正方位地图投影；天顶地图投影,,2016-10-24
2715515,Azoic Era,无生代,,2016-10-24
2715516,Azoic Group,无生界,,2016-10-24
2715517,Azoic Period,无生纪,,2016-10-24
2715518,Azoic System,无生系,,2016-10-24
2715519,azonal peat,区域性泥炭,,2016-10-24
2715520,azonal soil,泛域土；非分带土,,2016-10-24
2715521,azorite,锆石,,2016-10-24
2715522,azovskite,胶棕铁矿,,2016-10-24
2715523,azure spar,天蓝石,,2016-10-24
2715524,azure stone,天蓝石,,2016-10-24
2715525,azurite,蓝铜矿；石青,,2016-10-24
2715526,B  tectonite  B,构造岩,,2016-10-24
2715527,babefphite,氟磷铍钡石,,2016-10-24
2715528,babel-quartz,塔状石英,,2016-10-24
2715529,babingtonite,黑三斜辉石 ；矽铁辉石,,2016-10-24
2715530,Bacillariophyta,矽藻门,,2016-10-24
2715531,bacillarite,晶蛭石,,2016-10-24
2715532,bacillite,雏晶束,,2016-10-24
2715533,Bacillus,芽孢杆菌属,,2016-10-24
2715534,back azimuth,反方位角,,2016-10-24
2715535,back bay,后湾,,2016-10-24
2715536,back marsh,河漫滩沼泽,,2016-10-24
2715537,back of lode,矿脉[坑道]顶,,2016-10-24
2715538,back of ore,矿床[坑道]顶,,2016-10-24
2715539,back reef,后礁,,2016-10-24
2715540,back slope,后坡,,2016-10-24
2715541,back thrust,背冲断层,,2016-10-24
2715542,back thrusting,反向逆冲作用；背向逆冲断层作用；倒向逆冲断层作用,,2016-10-24
2715543,backbeach,后滩,,2016-10-24
2715544,backbone,脊柱；脊骨；脊梁；骨干,,2016-10-24
2715545,backdeep,后渊；弧后海渊,,2016-10-24
2715546,backfolding,背向褶皱[作用],,2016-10-24
2715547,background radiation,背景辐射,,2016-10-24
2715548,backhand drainage,逆向水系,,2016-10-24
2715549,backland,腹地；天然堤后低地,,2016-10-24
2715550,backlimb,后翼,,2016-10-24
2715551,backlimb thrust,缓翼逆冲断层；后翼逆冲断层,,2016-10-24
2715552,backreef facies,后礁相；礁后相,,2016-10-24
2715553,backreef lagoon,礁后潟湖,,2016-10-24
2715554,backreef sediment,礁后沉积物,,2016-10-24
2715555,backrush,回流,,2016-10-24
2715556,backset bed,后积层,,2016-10-24
2715557,backset eddy,逆漩涡,,2016-10-24
2715558,backshore,后滨；滨后,,2016-10-24
2715559,backshore beach,滨后滩,,2016-10-24
2715560,backshore deposit,滨后堆积,,2016-10-24
2715561,backshore terrace,滨后阶地,,2016-10-24
2715562,backsight,反觇；后视,,2016-10-24
2715563,backstop,障挡物,,2016-10-24
2715564,back-stripping,回剥[露天开采]法,,2016-10-24
2715565,backswamp,泛滥平原沼泽[洼地],,2016-10-24
2715567,backtracking,回溯法,,2016-10-24
2715568,back-trough,背槽；后[海]槽,,2016-10-24
2715569,backward folding,背向褶皱作用,,2016-10-24
2715570,backwash,回流；倒流,,2016-10-24
2715571,backwash mark,回流痕,,2016-10-24
2715572,backwasting,坡退作用；冰前消退作用,,2016-10-24
2715573,backwater,回流,,2016-10-24
2715574,backweathering,山坡后退风化,,2016-10-24
2715575,bactricicone,杆石壳；直壳；杆石锥,,2016-10-24
2715576,Bactrites,杆棱石属；杆石属{头足类},,2016-10-24
2715577,bactriticone,杆石壳,,2016-10-24
2715578,Bactritoidea,杆菊石亚纲{头足类},,2016-10-24
2715579,Bactroceras,杆角石属{头足类},,2016-10-24
2715580,Bactrognathus,棒颚牙形石属,,2016-10-24
2715581,Bactrosaurus,巴克龙属；巴克龙属{爬行类},,2016-10-24
2715582,Bactrosporites,棒形孢属,,2016-10-24
2715583,Baculati,棒瘤孢亚纲,,2016-10-24
2715584,Baculatisporites,棒瘤孢属,,2016-10-24
2715585,Baculexinis,异瘤切壁孢属,,2016-10-24
2715586,baculite,杆雏晶,,2016-10-24
2715587,Baculites,杆菊石属{头足类},,2016-10-24
2715588,bacumberite,氯钾钙石,,2016-10-24
2715589,baddeleyite,斜锆石,,2016-10-24
2715590,badenite,砷镍钴矿,,2016-10-24
2715591,Badiotella,小步蛤属{双壳类},,2016-10-24
2715592,badland,恶地,,2016-10-24
2715593,bafertisite,针钡钛石,,2016-10-24
2715594,bag dredge,挖泥斗；挖泥铲,,2016-10-24
2715595,Baggina,袋形虫属｛有孔虫类｝,,2016-10-24
2715596,baghdadite,矽锆钙石,,2016-10-24
2715597,Bagnold effect,巴格诺尔德效应,,2016-10-24
2715598,bagrationite,铈黑帘石,,2016-10-24
2715599,bahada,波状原；山麓冲积扇,,2016-10-24
2715600,bahiaite,橄闪紫苏岩,,2016-10-24
2715601,bahianite,水铝锑矿,,2016-10-24
2715602,Baicalia,贝加尔螺属{腹足类}；贝加尔叠层石属,,2016-10-24
2715603,Baiera,古银杏属；拜拉属；裂银杏属,,2016-10-24
2715604,baierine,铌铁矿,,2016-10-24
2715605,baikalite,次透辉石；易裂钙铁辉石,,2016-10-24
2715606,baikerinite,褐地蜡,,2016-10-24
2715607,baikerite,贝地蜡,,2016-10-24
2715608,bail,吊桶；汲出,,2016-10-24
2715609,bailer,汲筒,,2016-10-24
2715610,baileychlore,锌铁绿泥石,,2016-10-24
2715611,Bailiella,贝氏虫属；毕雷氏虫属{三叶虫类},,2016-10-24
2715612,Bairdestheria,柏氏叶肢介属,,2016-10-24
2715613,Bairdia,巴氏介属；土菱子介属{介形类},,2016-10-24
2715614,Bairdiacypris,金星土菱介属{介形类},,2016-10-24
2715615,Bairdianolla,小土菱介属{介形类},,2016-10-24
2715616,Bairdiidae,土菱子介科{介形类},,2016-10-24
2715617,Bairdiocyprididae,菱金星介科{介形类},,2016-10-24
2715618,baiyuneboite-(Ce),碳铈钠钡石,,2016-10-24
2715619,bajada,波状原；山麓冲积扇,,2016-10-24
2715620,bajada berccia,扇积砾扇砾岩,,2016-10-24
2715621,bajir,沙丘湖,,2016-10-24
2715622,Bajocian,巴若桑期{侏罗纪},,2016-10-24
2715623,baked contact test,烘烤接触检验{残磁稳定},,2016-10-24
2715624,bakerite,瓷硼钙石,,2016-10-24
2715625,Bakevelloides,类贝荚蛤属{双壳类},,2016-10-24
2715626,bakkeöer,冰碛丘,,2016-10-24
2715627,Balaemoptera taiwanica,台湾鲸鱼属,,2016-10-24
2715628,Balaenoptera,须鲸属；鳁鲸属,,2016-10-24
2715629,Balakhonia,巴拉霍贝属{腕足类},,2016-10-24
2715630,balance for specific gravity,比重秤,,2016-10-24
2715631,balancing,平差,,2016-10-24
2715632,balangeroite,水矽铁镁石,,2016-10-24
2715633,Balangia,杷榔虫属{三叶虫类},,2016-10-24
2715634,Balanus,藤壶属{甲壳纲},,2016-10-24
2715635,balas,浅红尖晶石,,2016-10-24
2715636,balas ruby,浅红尖晶石,,2016-10-24
2715637,balavinskite,水硼锶石,,2016-10-24
2715638,balck gold,黑铋金矿{=maldonite},,2016-10-24
2715639,balcony,石[壁]架,,2016-10-24
2715640,Baldurnisporites,巴尔多孢属,,2016-10-24
2715641,Balios,斑点藻属{蓝藻类},,2016-10-24
2715642,balipholite,纤钡锂石,,2016-10-24
2715643,Balistes,鳞鲀属{鱼类},,2016-10-24
2715644,balkanite,汞银铜矿；巴尔干矿,,2016-10-24
2715645,balkeneisen,铁镍陨石,,2016-10-24
2715646,ball,沿岸沙洲,,2016-10-24
2715647,ball and socket structure,关节构造,,2016-10-24
2715648,ball clay,球黏土；强塑性土,,2016-10-24
2715649,ball coal,球煤,,2016-10-24
2715650,ball diabase,球状辉绿岩,,2016-10-24
2715651,ball diorite,球状闪长岩,,2016-10-24
2715652,ball granite,球状花岗岩,,2016-10-24
2715653,ball ice,冰球,,2016-10-24
2715654,ball kersantite,球状云斜煌岩,,2016-10-24
2715655,ball minette,球状云煌岩,,2016-10-24
2715656,ball pitchstone,球状松脂岩,,2016-10-24
2715657,ball porphyry,球状斑岩,,2016-10-24
2715658,ball structure,球状构造,,2016-10-24
2715659,ball vein,球状脉,,2016-10-24
2715660,ballas,球纤金刚石,,2016-10-24
2715661,ballast,碎石,,2016-10-24
2715662,ballesterosite,锌锡黄铁矿,,2016-10-24
2715663,ballon,圆拱丘,,2016-10-24
2715664,ballstone,球石,,2016-10-24
2715665,ballycadder,冰湖；冰栅,,2016-10-24
2715666,balm,悬岩壁；石洞,,2016-10-24
2715667,Balmeisporites,巴氏大孢属,,2016-10-24
2715668,balneology,矿泉医学,,2016-10-24
2715669,Balognathus,射颚牙形石属,,2016-10-24
2715670,Baltica land,波罗古陆,,2016-10-24
2715671,baltimorite,硬蛇纹石,,2016-10-24
2715672,Baltisphaeridium,波罗地刺球藻属,,2016-10-24
2715673,Baltoniodus,波罗地牙形石属,,2016-10-24
2715674,Baluchitherium,俾路支兽属{哺乳类},,2016-10-24
2715675,balyakinite,巴碲铜石,,2016-10-24
2715676,bambollaite,碲硒铜矿,,2016-10-24
2715677,bamlite,绿矽线石,,2016-10-24
2715678,banados,浅沼泽,,2016-10-24
2715679,banakite,碱性粗绿岩,,2016-10-24
2715680,banalsite,钡钠长石,,2016-10-24
2715681,banana plug,香蕉塞{一种接电器},,2016-10-24
2715682,banatite,石英闪长岩,,2016-10-24
2715683,banco,牛轭湖；弓形湖,,2016-10-24
2715684,band,条带；波段；频带 ；磁轨；薄带,,2016-10-24
2715685,bandaite,钙斜石英安山岩,,2016-10-24
2715686,banded,带状的,,2016-10-24
2715687,banded agate,条纹玛瑙,,2016-10-24
2715688,band-pass,带通,,2016-10-24
2715689,Band-reject filter,带阻滤波器,,2016-10-24
2715690,bandylite,氯硼铜矿,,2016-10-24
2715691,bank,岸；滩；砂洲,,2016-10-24
2715692,bank gravel,河岸砾石；河岸卵石,,2016-10-24
2715693,bank reef,滩礁,,2016-10-24
2715694,banket,含金砾岩,,2016-10-24
2715695,bankfull,满水的,,2016-10-24
2715696,bankfull stage,满水时期,,2016-10-24
2715697,bank-inset reef,滩缘[珊瑚]礁；滩内礁；外岸滩礁,,2016-10-24
2715698,Banksia,班克木属；澳忍冬属,,2016-10-24
2715699,Banksieaeidites,板克粉属,,2016-10-24
2715700,bannermanite,单斜钒钠石,,2016-10-24
2715701,bannisterite,钾锰叶石,,2016-10-24
2715702,Banqiaoites,板桥虫属{三叶虫类},,2016-10-24
2715703,Baojingia,保靖虫属{三叶虫类},,2016-10-24
2715704,baotite,包头矿；矽钡钛铌矿,,2016-10-24
2715705,bar,沙洲；沙坝；巴{压力单位},,2016-10-24
2715706,bar beach,沙洲；海滩,,2016-10-24
2715707,bar gravel,浅滩砾石,,2016-10-24
2715708,bar lake,堰堵塞湖；坝口湖,,2016-10-24
2715709,bar platform,沙坝台地；沙洲台地,,2016-10-24
2715710,baraboo,重现残丘{=baroboo},,2016-10-24
2715711,barachois,潟湖,,2016-10-24
2715712,Baragwanathia,巴氏石松属,,2016-10-24
2715713,baralite,硬鲕绿泥石,,2016-10-24
2715714,bararite,氟铵石,,2016-10-24
2715715,baratovite,矽锂钙石,,2016-10-24
2715716,barbados earth,放射虫土,,2016-10-24
2715717,Barbarodina,奇异牙形石属,,2016-10-24
2715718,Barbate,顶须孢目,,2016-10-24
2715719,Barbatia,须蚶属{双壳类},,2016-10-24
2715720,barbed drainage,倒钩水系,,2016-10-24
2715721,barbed tributary,倒钩支流,,2016-10-24
2715722,barbertonite,水碳铬镁石,,2016-10-24
2715723,barbierite,钠纹正长石,,2016-10-24
2715724,barbosalite,复铁天蓝石,,2016-10-24
2715725,barcan,新月形沙丘,,2016-10-24
2715726,barchan,新月形沙丘,,2016-10-24
2715727,barchan dune,新月形沙丘,,2016-10-24
2715728,barentsite,碳氢铝钠石,,2016-10-24
2715729,baria,重晶石,,2016-10-24
2715730,bariandite,水钒矿,,2016-10-24
2715731,baricalcite,钡方解石；重解石,,2016-10-24
2715732,baricite,镁蓝铁矿,,2016-10-24
2715733,Barinophyton,巴锐诺蕨属,,2016-10-24
2715734,bariomicrolite,钡细晶石,,2016-10-24
2715735,bariopyrochlore,钡烧绿石,,2016-10-24
2715736,barite,重晶石,,2016-10-24
2715737,barite dollar,重晶石磐,,2016-10-24
2715738,barite rose,玫瑰状重晶石,,2016-10-24
2715739,barite-pharmacrosiderite,毒铁钡矿,,2016-10-24
2715740,barium feldspar,钡长石,,2016-10-24
2715741,barium titanate,钛酸钡,,2016-10-24
2715742,barkevikite,棕闪石；铁角闪石 {=ferro-hornblende},,2016-10-24
2715743,barkevikite akerite,棕闪英辉正长岩,,2016-10-24
2715744,barkevikite syenite,棕闪正长岩,,2016-10-24
2715745,barkevikite trachyte,棕闪粗面岩,,2016-10-24
2715746,barklyite,红宝石,,2016-10-24
2715747,barnacle,藤壶,,2016-10-24
2715748,barnesite,水钒钠石,,2016-10-24
2715749,barnhardtite,块黄铜矿,,2016-10-24
2715750,baroboo,重现残丘,,2016-10-24
2715751,barograph,气压记录器；气压仪,,2016-10-24
2715752,barolite,毒重石,,2016-10-24
2715753,barometer,气压计,,2016-10-24
2715754,barometric elevation,气压高度,,2016-10-24
2715755,barometric pressure,气压,,2016-10-24
2715756,barometric rate,气压变率,,2016-10-24
2715757,barracanite,方黄铜矿,,2016-10-24
2715758,barrage,拦河坝,,2016-10-24
2715759,barranca,峡谷；深沟；火山濑,,2016-10-24
2715760,barranco,峡谷；火山濑,,2016-10-24
2715761,Barrandeina,巴氏蕨属；巴兰德木属,,2016-10-24
2715762,Barrandella,巴兰德贝属{腕足类},,2016-10-24
2715763,Barrandeograptus,巴氏笔石属,,2016-10-24
2715764,barrandite,铝红菱铁矿,,2016-10-24
2715765,barred basin,隔离海盆,,2016-10-24
2715766,barrel,桶{石油溶积计量单位},,2016-10-24
2715767,barrel of oil equivalent,桶{油当量},,2016-10-24
2715768,barren gap,无油气地段,,2016-10-24
2715769,barren ground,瘠矿地；贫矿地,,2016-10-24
2715770,barren rock,瘠石；无油气岩层,,2016-10-24
2715771,barren trap,无油气封闭,,2016-10-24
2715772,barrens,荒地,,2016-10-24
2715773,barrerite,钠红沸石,,2016-10-24
2715774,barrier,堰洲；堤岛,,2016-10-24
2715775,barrier bar,堰洲；障壁[沙]坝；滨外沙坝,,2016-10-24
2715776,barrier basin,堰盆地,,2016-10-24
2715777,barrier beach,堰洲滩,,2016-10-24
2715778,barrier chain,堰洲群,,2016-10-24
2715779,barrier flat,海埔地,,2016-10-24
2715780,barrier ice,冰堡；冰岸,,2016-10-24
2715781,barrier iceberg,桌状冰山,,2016-10-24
2715782,barrier island,堰洲岛；离岸沙洲岛；障壁岛,,2016-10-24
2715783,barrier island marsh,离岛沼泽,,2016-10-24
2715784,barrier lagoon,堡礁潟湖；滨外潟湖；障壁潟湖,,2016-10-24
2715785,barrier lake,堰湖；堰塞湖,,2016-10-24
2715786,barrier reef,堡礁；堤礁；障壁礁,,2016-10-24
2715787,barrier reef lagoon coast,堡礁潟湖海岸,,2016-10-24
2715788,barrier sediment,堰洲沉积；沙坝沉积,,2016-10-24
2715789,barrier spit,连岸砂嘴,,2016-10-24
2715790,barringerite,磷铁镍矿,,2016-10-24
2715791,barringtonite,水碳镁石,,2016-10-24
2715792,Barroisia,巴罗海绵属,,2016-10-24
2715793,barroisite,冻蓝闪石,,2016-10-24
2715794,Barrovian-type metamorphic zone,巴氏型变质作用,,2016-10-24
2715795,Barrovian-type metamorphism,分带变质作用,,2016-10-24
2715796,Barsassia,巴尔萨木属,,2016-10-24
2715797,barsowite,似钙长石,,2016-10-24
2715798,bartelkeite,铅铁锗矿,,2016-10-24
2715799,barthite,砷锌铜矿,,2016-10-24
2715800,bartholomite,针钠铁矾,,2016-10-24
2715801,bartoanglesite,钡铅矾,,2016-10-24
2715802,Bartonian,巴尔顿期{晚始新世},,2016-10-24
2715803,bartonite,褐硫铁钾矿,,2016-10-24
2715804,bary-biotite,钡黑云母,,2016-10-24
2715805,Barychilina,重缘介属{介形类}；厚唇介属{介形类},,2016-10-24
2715806,barylite,矽钡铍矿,,2016-10-24
2715807,barysilite,矽铅矿,,2016-10-24
2715808,barysphere,重圈,,2016-10-24
2715809,barystrontianite,碳钡锶矿,,2016-10-24
2715810,baryt,重晶石,,2016-10-24
2715811,baryt biotite,钡黑云母,,2016-10-24
2715812,baryt feldsper,钡长石,,2016-10-24
2715813,baryta,钡氧,,2016-10-24
2715814,baryta green,钡绿,,2016-10-24
2715815,baryta saltpeter,钡硝石,,2016-10-24
2715816,baryta white,钡白,,2016-10-24
2715817,baryte,重晶石,,2016-10-24
2715818,baryt-hedyphane,钡钙砷铅矿,,2016-10-24
2715819,barytine,重晶石 {=baryite},,2016-10-24
2715820,barytocalcite,钡方解石；钡解石,,2016-10-24
2715821,barytocelestite,钡天青石,,2016-10-24
2715822,barytolamprophyllite,钡闪叶石,,2016-10-24
2715823,barytouranite,磷钡铀云母,,2016-10-24
2715824,basal,基底,,2016-10-24
2715825,basal arkose,底长石砂岩,,2016-10-24
2715826,basal breccia,基底角砾岩,,2016-10-24
2715827,basal cleavage,底面解理,,2016-10-24
2715828,basal conglomerate,[基]底砾岩,,2016-10-24
2715829,basal contact,底部接触,,2016-10-24
2715830,basal disc,基盘,,2016-10-24
2715831,basal edge,底棱,,2016-10-24
2715832,basal moraine,底[冰]碛,,2016-10-24
2715833,basal pinacoid,底轴面,,2016-10-24
2715834,basal plane,底面,,2016-10-24
2715835,basal sand,基底砂,,2016-10-24
2715836,basal structure,基底构造,,2016-10-24
2715837,basal thrust plane,基底逆冲断层面,,2016-10-24
2715838,basal till,底碛土,,2016-10-24
2715839,basal trangressive lithofacies,基底海侵岩相,,2016-10-24
2715840,basal unconformity,基底不整合,,2016-10-24
2715841,basal water,底水,,2016-10-24
2715842,basalt,玄武岩,,2016-10-24
2715843,basalt clay,玄武土,,2016-10-24
2715844,basalt glass,玄武玻璃,,2016-10-24
2715845,basalt-agglomerate tuff,玄块凝灰岩,,2016-10-24
2715846,basalt-ash tuff,玄武灰质凝灰岩,,2016-10-24
2715847,basalt-crystal tuff,玄武晶体凝灰岩,,2016-10-24
2715849,basaltic,玄武岩的,,2016-10-24
2715850,basaltic augite,玄武辉石,,2016-10-24
2715851,basaltic hornblende,玄武角闪石,,2016-10-24
2715852,basaltic jointing,玄武岩节理,,2016-10-24
2715853,basaltic lava,玄武质熔岩,,2016-10-24
2715854,basaltic layer,玄武岩层,,2016-10-24
2715855,basaltic neck,玄武岩颈{=lava neck},,2016-10-24
2715856,basaltic nephlinites,玄武质霞岩,,2016-10-24
2715857,basaltic structure,玄武岩构造,,2016-10-24
2715858,basaltic vent,玄武岩道,,2016-10-24
2715859,basaltic vitrophyre,玄武玻基斑岩,,2016-10-24
2715860,basaltiform,玄武岩状,,2016-10-24
2715861,basaltine,玄武岩的,,2016-10-24
2715862,basaltite,无橄玄武岩,,2016-10-24
2715863,basalt-jasper,玄武碧玉,,2016-10-24
2715864,basalt-obsidian,玄武黑曜岩,,2016-10-24
2715865,basalt-perlite,玄武珍珠岩,,2016-10-24
2715866,basalt-porphyry,玄武斑岩,,2016-10-24
2715867,basalt-pumice,玄武浮岩,,2016-10-24
2715868,basalt-tuff,玄武凝灰岩,,2016-10-24
2715869,basalt-vitrophyre,玄武玻基斑岩,,2016-10-24
2715870,basaluminite,水铝矾,,2016-10-24
2715871,basanite,碧玄岩；试金石,,2016-10-24
2715872,basanitoid,似碧玄岩,,2016-10-24
2715873,basanomelan,钛赤铁矿,,2016-10-24
2715874,Bascanisporites,瓣囊孢属,,2016-10-24
2715875,base,底面；基底；基数；基极；基点,,2016-10-24
2715876,base apparatus,基线测量用具,,2016-10-24
2715877,base correction,基点改正,,2016-10-24
2715878,base discordance,底部不整接；底部不整一,,2016-10-24
2715879,base exchange,离子置换；咸交换,,2016-10-24
2715880,base flow,基流,,2016-10-24
2715881,base level,基准面；侵蚀基面,,2016-10-24
2715882,base loop,基线环测法,,2016-10-24
2715883,base map,底图；基图；测线图,,2016-10-24
2715884,base metal,基底金属；贱金属；碱金属,,2016-10-24
2715885,base net,基线网,,2016-10-24
2715886,base of corrosion,溶蚀基准,,2016-10-24
2715887,base rock,基岩,,2016-10-24
2715888,base station,基点,,2016-10-24
2715889,base surge deposit,底部涌浪堆积物；底部风暴潮堆积物,,2016-10-24
2715890,base-level epoch,均夷期,,2016-10-24
2715891,baseline,基线,,2016-10-24
2715892,baseline shift,基线移动,,2016-10-24
2715893,basement,基盘；基底,,2016-10-24
2715894,basement complex,基盘杂岩,,2016-10-24
2715895,basement depth,基盘深度,,2016-10-24
2715896,basement flexure,基盘挠曲,,2016-10-24
2715897,basement lineation,基盘线理；基盘线性,,2016-10-24
2715898,basement low,基盘低区,,2016-10-24
2715899,basement relief,基盘起伏,,2016-10-24
2715900,basement structure,基盘构造,,2016-10-24
2715901,basement thrust,基盘逆断层,,2016-10-24
2715902,Bashkirella,巴什基尔属{苔藓虫类},,2016-10-24
2715903,basic,基性,,2016-10-24
2715904,basic anhydride,咸金属氧化物,,2016-10-24
2715905,basic crust,基性地壳,,2016-10-24
2715906,basic front,基性前缘；锋面丘缘,,2016-10-24
2715907,basic hornfels,基性角页岩,,2016-10-24
2715908,basic rock,基性岩,,2016-10-24
2715909,basic salt,基性盐,,2016-10-24
2715910,basic schist,基性片岩,,2016-10-24
2715911,basic sediment,基性沉积物,,2016-10-24
2715912,basic type,基型,,2016-10-24
2715913,basicity,基性度；碱度,,2016-10-24
2715914,basification,基性岩化,,2016-10-24
2715915,Basilicus,帝王虫属{三叶虫类},,2016-10-24
2715916,Basiliella,小帝王虫属{三叶虫类},,2016-10-24
2715917,Basilosaurus,巴氏龙属,,2016-10-24
2715918,basin,盆地,,2016-10-24
2715919,basin analysis,盆地分析,,2016-10-24
2715920,basin and range landscape,盆岭地形,,2016-10-24
2715921,basin and range structure,盆岭构造,,2016-10-24
2715922,basin facies,盆地相,,2016-10-24
2715923,basin fill,盆地填积,,2016-10-24
2715924,basin peat,盆地泥炭；潜水滋育泥炭,,2016-10-24
2715925,basin swamp,湖缘沼泽,,2016-10-24
2715926,basinal carbonate,盆地碳酸盐,,2016-10-24
2715927,basinal facies,盆地相,,2016-10-24
2715928,basin-basin fractionation,洋盆–洋盆分异作用,,2016-10-24
2715929,basin-margin facies,盆地边缘相,,2016-10-24
2715930,basin-microcontinent system,海盆–微大陆体系,,2016-10-24
2715931,basin-shelf fractionation,海盆–陆棚分异作用,,2016-10-24
2715932,basioccipital bone,基枕骨,,2016-10-24
2715933,basiophitic texture,粗玄辉石基组织；基性辉绿组织,,2016-10-24
2715934,basis,玻基,,2016-10-24
2715935,basisphenoid,基蝶骨,,2016-10-24
2715936,basite,基性火成岩类,,2016-10-24
2715937,Basommatophora,基眼目{腹足类},,2016-10-24
2715938,Basopollis,三突孔室粉属,,2016-10-24
2715939,bass,沥青质页岩,,2016-10-24
2715940,bassanite,烧石膏；半水石膏,,2016-10-24
2715941,basset,露出地面；矿层露头；露出；地层露头,,2016-10-24
2715942,bassetite,铁铀云母,,2016-10-24
2715943,Basslerites,巴氏介属{介形类},,2016-10-24
2715944,Bassleroceratina,巴斯勒角石亚目,,2016-10-24
2715945,bastard coal,夹层煤,,2016-10-24
2715946,bastite,绢石,,2016-10-24
2715947,bastnaesite,氟碳铈镧矿,,2016-10-24
2715948,bastnasite,氟碳铈镧矿,,2016-10-24
2715949,bastonite,绿褐云母,,2016-10-24
2715950,bat,夹层煤,,2016-10-24
2715951,Bathmoceras,梯级角石属,,2016-10-24
2715952,Bathocythere,龙女介属,,2016-10-24
2715953,batholite,岩基,,2016-10-24
2715954,batholith,岩基；岩盘,,2016-10-24
2715955,Bathonella,田螺属{腹足类},,2016-10-24
2715956,Bathonian,巴通统期{中侏罗纪},,2016-10-24
2715957,bathyal,半深海的,,2016-10-24
2715958,Bathyceilus,广边虫属{三叶虫类},,2016-10-24
2715959,bathyderm,深部矽铝层；深部层；深地壳变动,,2016-10-24
2715960,bathydermal deformation,矽铝层深部地壳形变,,2016-10-24
2715961,bathydermal gliding,深层滑动,,2016-10-24
2715962,bathygenesis,陆沉运动；沉降构造运动,,2016-10-24
2715963,bathygenic movement,陆沉运动,,2016-10-24
2715964,bathygraphic chart,海深图,,2016-10-24
2715965,bathylimnion,深湖水层；湖底滞水层,,2016-10-24
2715966,bathylite,岩基；岩盘,,2016-10-24
2715967,bathymetric,海深的,,2016-10-24
2715968,bathymetric biofacies,深海生物相,,2016-10-24
2715969,bathymetric chart,海底地形图；等深[线]图；水深图,,2016-10-24
2715970,bathymetric line,等深线,,2016-10-24
2715971,bathymetric survey,水深测勘,,2016-10-24
2715972,bathymetrical,海深的,,2016-10-24
2715973,bathyorographical,海底地形的,,2016-10-24
2715974,bathypelagic,半深海的；陆坡海的,,2016-10-24
2715975,bathypelagic fauna,半深海相动物群,,2016-10-24
2715976,bathyplankton,半深海浮游生物,,2016-10-24
2715977,bathyrheal underflow,深层流,,2016-10-24
2715978,bathyscaphe,深海潜水器,,2016-10-24
2715979,bathyseism,深源地震,,2016-10-24
2715980,bathysphere,深水圈；探深球,,2016-10-24
2715981,Bathyurellus,小深沟虫属{三叶虫类},,2016-10-24
2715982,Bathyurus,深沟虫属{三叶虫类},,2016-10-24
2715983,Batillaria,海蜷属；梯锥螺属｛腹足类｝,,2016-10-24
2715984,batisite,矽钡钛石,,2016-10-24
2715985,Batoidea,新鲛目；新鳐目,,2016-10-24
2715986,Batostomella,小攀苔藓虫属,,2016-10-24
2715987,batrachite,钙橄榄石,,2016-10-24
2715988,batt,碳质页岩；硬黏土 {=bass},,2016-10-24
2715989,battery ore,软锰矿,,2016-10-24
2715990,batture,上升河床；淤高河床,,2016-10-24
2715991,Batung Series,巴东统,,2016-10-24
2715992,baum pot,树杆穴；钙质结核；锅穴{煤层},,2016-10-24
2715993,Baume gravity,波氏比重,,2016-10-24
2715994,baumhauerite,硫砷银铅矿,,2016-10-24
2715995,baumite,杂蛇纹石,,2016-10-24
2715996,Bauneia,波尼刺毛虫属{腔肠动物},,2016-10-24
2715997,bauranoite,钡铀矿,,2016-10-24
2715998,Baurusuchus,波罗鳄属{爬行类},,2016-10-24
2715999,Bauschinger effect,包氏作用,,2016-10-24
2716000,bauxite,铝土；铝土矿,,2016-10-24
2716001,bauxitization,铝土化[作用],,2016-10-24
2716002,bavalite,硬鲕绿泥石；硬铁绿泥石,,2016-10-24
2716003,bavenite,矽铍钙石,,2016-10-24
2716004,Baveno twin,巴维诺双晶；斜坡面双晶,,2016-10-24
2716005,Bavlinella,巴甫林球形藻属,,2016-10-24
2716006,b-axis,b轴,,2016-10-24
2716007,bay,[海]湾,,2016-10-24
2716008,bay bar,湾[内沙]洲,,2016-10-24
2716009,bay barrier,湾堤；海湾洲；海湾口障壁坎；拦门沙坝,,2016-10-24
2716010,bay cable,海底电缆；近海震波接收电缆,,2016-10-24
2716011,bay delta,湾头三角洲；海湾三角洲,,2016-10-24
2716012,bay disturbance,湾扰,,2016-10-24
2716013,bay ice,湾冰,,2016-10-24
2716014,bay mouth bar,湾口洲,,2016-10-24
2716015,bay side beach,湾侧滩,,2016-10-24
2716016,bayankhanite,四硫汞铜矿,,2016-10-24
2716017,bayerite,α-三水铝矿,,2016-10-24
2716018,bayhead,湾头,,2016-10-24
2716019,bayhead bar,湾头沙洲,,2016-10-24
2716020,bayhead beach,湾头滩,,2016-10-24
2716021,bayhead delta,湾头三角洲,,2016-10-24
2716022,bayhead mouth bar,湾口洲,,2016-10-24
2716023,bayldonite,乳砷铅铜矿,,2016-10-24
2716024,Baylea,贝氏螺属{腹足类},,2016-10-24
2716025,bayleyite,碳镁铀矿,,2016-10-24
2716026,baylissite,水碳镁钾石,,2016-10-24
2716027,baymouth beach,湾口沙滩,,2016-10-24
2716028,bayou,牛轭湖；长沼；废河道[湖]；河口湾,,2016-10-24
2716029,bazhenovite,水硫钙石,,2016-10-24
2716030,bazirite,钡锆石,,2016-10-24
2716031,bazzite,钪绿柱石,,2016-10-24
2716032,bc-fracture,纵断裂；走向断裂,,2016-10-24
2716033,beach,海滩,,2016-10-24
2716034,beach accretion,海滩淤积[作用],,2016-10-24
2716035,beach berm,滩台；滩肩,,2016-10-24
2716036,beach chute,海滩流槽；湖滩流槽,,2016-10-24
2716037,beach concentrate,沙滩富集物；海滩砂矿,,2016-10-24
2716038,beach crest,滩脊；高潮滩面,,2016-10-24
2716039,beach cusp,海滩嘴；滩角,,2016-10-24
2716040,beach cycle,海滩循环,,2016-10-24
2716041,beach drift,滩移,,2016-10-24
2716042,beach drifting,滩移作用；沿海漂移；沿滩漂移,,2016-10-24
2716043,beach face,滩面,,2016-10-24
2716044,beach facies,海滩相,,2016-10-24
2716045,beach line,海岸线；滩线,,2016-10-24
2716046,beach ore,海滩砂矿,,2016-10-24
2716047,beach placer,海滩砂矿,,2016-10-24
2716048,beach plain,海滩平原；湖滩平原；海滨平原,,2016-10-24
2716049,beach profile,海滩[纵]剖面,,2016-10-24
2716050,beach profile of equilibrium,海滩均衡剖面,,2016-10-24
2716051,beach ridge,滩脊；海滩脊；沿岸堤；滨岸堤；海滩堤,,2016-10-24
2716052,beach scarp,[海]滩[悬]崖；滩坎,,2016-10-24
2716053,beach slope,海滩坡,,2016-10-24
2716054,beach strand,滩岸,,2016-10-24
2716055,Beachia,比士贝属{腕足类},,2016-10-24
2716056,beaded drainage,串珠状水系；连珠小河,,2016-10-24
2716057,beaded esker,连珠蛇[形]丘,,2016-10-24
2716058,beak,喙；岬角,,2016-10-24
2716059,beam of light,光束；光线,,2016-10-24
2716060,Beaman arc,毕门氏距弧,,2016-10-24
2716061,Beaman stadia arc,毕门氏距弧{=Beaman arc},,2016-10-24
2716062,beam-forming,波束形成,,2016-10-24
2716063,bean ore,褐铁矿；豆状铁矿,,2016-10-24
2716064,Beania,疏穗苏铁属,,2016-10-24
2716065,bearing,方位[角],,2016-10-24
2716066,bearing angle,方位角,,2016-10-24
2716067,bearsite,水砷铍石,,2016-10-24
2716068,Beatricia,轴管层孔虫属,,2016-10-24
2716069,Beaufort wind scale,毕福风[速]级[度],,2016-10-24
2716070,Beaume scale,波氏比重计,,2016-10-24
2716071,beaumontite,片沸石,,2016-10-24
2716072,beauxite,铝土矿,,2016-10-24
2716073,beaverite,铜铅铁矾,,2016-10-24
2716074,bebedourite,云钛辉岩,,2016-10-24
2716075,beccarite,绿锆石,,2016-10-24
2716076,bechilite,硼钙石,,2016-10-24
2716077,Becke line,贝克线,,2016-10-24
2716078,Becke method,贝克法,,2016-10-24
2716079,Becke test,贝克[试]法,,2016-10-24
2716080,beckelite,钙铈镧矿,,2016-10-24
2716081,beckite,玉髓,,2016-10-24
2716082,becquerelite,黄钙铀矿,,2016-10-24
2716083,Becquerel's ray,贝克勒耳射线,,2016-10-24
2716084,bed,层；小层,,2016-10-24
2716085,bed form,层形；河床形态,,2016-10-24
2716086,bed load,河床荷重；河床负载；底床荷重；河底荷重,,2016-10-24
2716087,bed rock,基岩,,2016-10-24
2716088,bed shear stress,岩层剪切应力,,2016-10-24
2716089,bed vein,层状脉,,2016-10-24
2716090,bedded chert,层状燧石,,2016-10-24
2716091,bedded deposit,层状沉积；层状矿床；层状堆积,,2016-10-24
2716092,bedded formation,层状地层,,2016-10-24
2716093,bedded ore,层状矿[石],,2016-10-24
2716094,bedded quartz,层状石英,,2016-10-24
2716095,bedded structure,层状构造,,2016-10-24
2716096,bedded vein,层状脉,,2016-10-24
2716097,bedded volcano,成层火山,,2016-10-24
2716098,bedding,层理,,2016-10-24
2716099,bedding anisotropy,层理非均向性,,2016-10-24
2716100,bedding correction,层面修正；层面校正,,2016-10-24
2716101,bedding fault,层面断层,,2016-10-24
2716102,bedding plane,层[理]面,,2016-10-24
2716103,bedding surface,层面,,2016-10-24
2716104,bedding thrust,层面逆断层,,2016-10-24
2716105,bedding void,熔岩层间隙,,2016-10-24
2716106,bedding-plane fault,层面断层,,2016-10-24
2716107,bedding-plane structure,层面构造,,2016-10-24
2716108,bed-island,河床沙洲,,2016-10-24
2716109,bedrock,底岩；基岩,,2016-10-24
2716110,bedrock refractor,基岩折射层面,,2016-10-24
2716111,Beecheria,毕涉贝属{腕足类},,2016-10-24
2716112,beegerite,辉铋铅矿,,2016-10-24
2716113,beekite,玉髓,,2016-10-24
2716114,beerbachite,辉长细晶岩,,2016-10-24
2716115,beforsite,白云火成碳酸岩,,2016-10-24
2716116,beheaded river,夺流河；断头河,,2016-10-24
2716117,beheaded stream,夺流河；断头河,,2016-10-24
2716118,beheading,断头作用,,2016-10-24
2716119,behierite,硼钽石,,2016-10-24
2716120,behoite,氢氧铍石,,2016-10-24
2716121,Behren's method,贝伦法,,2016-10-24
2716122,beidellite,铝膨润石,,2016-10-24
2716123,Beitaia,北塔贝属{腕足类},,2016-10-24
2716124,Belemnitella,拟箭石属｛头足类｝,,2016-10-24
2716125,Belemnites,箭石属｛头足类｝,,2016-10-24
2716126,belemnoids,箭石类,,2016-10-24
2716127,Belemnopteris,箭叶羊齿属,,2016-10-24
2716128,Belenochitina,针几丁虫属,,2016-10-24
2716129,bell hole,钟穴,,2016-10-24
2716130,Bellatona,丽兔属,,2016-10-24
2716131,Bellerophon,神螺属{腹足类},,2016-10-24
2716132,bellidoite,β硒铜矿,,2016-10-24
2716133,Bellimurina,美墙贝属{腕足类},,2016-10-24
2716134,bellingerite,水碘铜矿,,2016-10-24
2716135,Bellispores,齿环孢属,,2016-10-24
2716136,bellite,铬砷铅矿,,2016-10-24
2716137,bell-metal ore,黄锡矿,,2016-10-24
2716138,bell-shaped distribution,常态分布；钟形分布,,2016-10-24
2716139,Belodella,小针牙形石属,,2016-10-24
2716140,Belodina,似针牙形石属；准弩箭牙形石属,,2016-10-24
2716141,Belodus,针牙形石属；弩箭牙形石属,,2016-10-24
2716142,beloeilite,长辉方钠岩,,2016-10-24
2716143,belonesite,针镁钼矿,,2016-10-24
2716144,belonite,棒雏晶,,2016-10-24
2716145,belonosphaerite,针雏晶球粒,,2016-10-24
2716146,belovite,锶铈磷灰石,,2016-10-24
2716147,belt of transition,过渡带,,2016-10-24
2716148,belted coastal plain,带状海岸平原；带状海岸地形,,2016-10-24
2716149,belteroporic,定向岩组；易向生长的,,2016-10-24
2716150,Beltian[Series],倍尔特[统],,2016-10-24
2716151,belugite,中长辉长─闪长岩,,2016-10-24
2716152,belugite porphyry,中长辉长─闪长斑岩,,2016-10-24
2716153,belyankinite,锆钛钙石,,2016-10-24
2716154,bementite,蜡矽锰石,,2016-10-24
2716155,benavidesite,脆硫锰铅矿,,2016-10-24
2716156,bench,阶地；岸滩；海蚀平台,,2016-10-24
2716157,bench gravel,阶状砾石,,2016-10-24
2716158,bench lava,阶状熔岩,,2016-10-24
2716159,bench mark,水准点,,2016-10-24
2716160,bench placer,[河]阶地砂矿[床]；河阶砂矿床,,2016-10-24
2716161,bend,弯曲,,2016-10-24
2716162,bend folding,弯曲褶皱作用,,2016-10-24
2716163,bend-gliding,弯曲滑动；曲面滑落,,2016-10-24
2716164,Bendian,班特统{晚石炭纪地层},,2016-10-24
2716165,bendway,深水槽,,2016-10-24
2716166,Benioff seismic zone,班尼奥夫地震带；班氏地震带,,2016-10-24
2716167,Benioff zone,班尼奥夫带；班氏带,,2016-10-24
2716168,Benioff-type collision,班氏型碰撞,,2016-10-24
2716169,benitoite,蓝锥矿；矽钡钛矿,,2016-10-24
2716170,benjaminite,斜硫铋银矿,,2016-10-24
2716171,benleonardite,硫锑碲银矿,,2016-10-24
2716172,Bennetticarpus,本内苏铁果属{裸子植物},,2016-10-24
2716173,Bennettiopsida,本内苏铁纲{裸子植物},,2016-10-24
2716174,Bennettitales,本内苏铁目,,2016-10-24
2716175,Bennettites,本内苏铁属,,2016-10-24
2716176,benstonite,菱钡镁矿,,2016-10-24
2716177,benthic,底栖的,,2016-10-24
2716178,benthic front,底栖[生物]前缘；海底前缘,,2016-10-24
2716179,benthic organism,底栖生物,,2016-10-24
2716180,benthic sedimentation,底栖生物沉积作用,,2016-10-24
2716181,benthic storm,海底浪,,2016-10-24
2716182,benthic zone,底栖带,,2016-10-24
2716183,benthon,底栖生物群,,2016-10-24
2716184,benthonic,栖底的；底栖的,,2016-10-24
2716185,benthophyte,水底植物,,2016-10-24
2716186,benthos,底栖生物；海洋深处；水底生物,,2016-10-24
2716187,benthos belt,底栖生物带,,2016-10-24
2716188,bentonite,膨润土；皂土；膨土,,2016-10-24
2716189,bentonitic arkose,膨土质长石砂岩,,2016-10-24
2716190,bentorite,钙铬矾,,2016-10-24
2716191,Bentzisporites,本氏大孢属,,2016-10-24
2716192,beraunite,簇磷铁矿,,2016-10-24
2716193,berborite,水硼铍石,,2016-10-24
2716194,berdesinskiite,钛钒矿,,2016-10-24
2716195,beresite,黄铁细晶岩,,2016-10-24
2716196,beresite porphyry,黄铁细晶斑岩,,2016-10-24
2716197,berg,冰山；山丘,,2016-10-24
2716198,berg till,冰山碛[土],,2016-10-24
2716199,bergalite,黝脂煌斑岩,,2016-10-24
2716200,bergamaskite,针铁闪石,,2016-10-24
2716201,bergenite,磷钡铀矿,,2016-10-24
2716202,Bergeroniellus,伯格郎氏虫属{三叶虫类},,2016-10-24
2716203,Bergeronites,伯氏虫属{三叶虫类},,2016-10-24
2716204,bergmannite,假钠沸石,,2016-10-24
2716205,bergschrund,冰隙；始裂,,2016-10-24
2716206,bergschrund action,冰斗濶裂作用,,2016-10-24
2716207,bergslagite,砷铍钙石,,2016-10-24
2716208,Bering land bridge,白冷陆桥,,2016-10-24
2716209,beringite,钠闪安山岩,,2016-10-24
2716210,Berkhoceratidae,伯克菊石科{头足类},,2016-10-24
2716211,Berlin blue,柏林蓝,,2016-10-24
2716212,berlinite,块磷铝石,,2016-10-24
2716213,berm,滩台；滩肩；滨岸堤；沿岸堤,,2016-10-24
2716214,berm crest,滩台脊,,2016-10-24
2716215,bermanite,板磷锰矿,,2016-10-24
2716216,bermudite,黑云碱煌岩,,2016-10-24
2716217,bernardite,黑硫锑铊矿,,2016-10-24
2716218,berndtite,三方硫锡矿,,2016-10-24
2716219,Bernix,贝尔纳介属{介形类},,2016-10-24
2716220,bernonite,水钙铝石,,2016-10-24
2716221,Bernoullia,贝氏蕨属,,2016-10-24
2716222,Berocypris,瓜星介属{介形类},,2016-10-24
2716223,berondrite,钛辉闪斜霞岩,,2016-10-24
2716224,Berriasian,倍里亚斯期{侏罗纪—白垩纪},,2016-10-24
2716225,berryite,板硫铋铜铅矿,,2016-10-24
2716226,berthierine,铁铝蛇纹石,,2016-10-24
2716227,bertossaite,磷铝钙锂石,,2016-10-24
2716228,Bertrand lens,勃氏镜,,2016-10-24
2716229,bertrandite,斜方矽铍石,,2016-10-24
2716230,beryl,绿柱石,,2016-10-24
2716231,beryl type,绿柱石式,,2016-10-24
2716232,beryllite,水铍石,,2016-10-24
2716233,berylloid,绿柱石晶状,,2016-10-24
2716234,beryllonite,磷钠铍石,,2016-10-24
2716235,berzelianite,硒铜矿,,2016-10-24
2716236,berzeliite,黄砷榴石,,2016-10-24
2716237,Berzeling lamp,贝氏灯,,2016-10-24
2716238,best-fit,最佳拟合,,2016-10-24
2716239,bet lands,泛滥平原；漫滩,,2016-10-24
2716240,betafite,贝塔石；铌钛铀矿,,2016-10-24
2716241,betekhtinite,针硫铅铜矿,,2016-10-24
2716242,Betpakdalina,别特帕克达拉粉属,,2016-10-24
2716243,betpakdalite,砷钼铁钙矿,,2016-10-24
2716244,betrunked stream,断尾河,,2016-10-24
2716245,betrunking,断尾作用,,2016-10-24
2716246,Betula,桦属,,2016-10-24
2716247,Betulaceae,桦科,,2016-10-24
2716248,Betulaceoipollenites,拟桦粉属,,2016-10-24
2716249,Betulaepollenites,桦粉属,,2016-10-24
2716250,betwixt mountain,中间山地；中间山带,,2016-10-24
2716251,beudantite,砷铅铁矾,,2016-10-24
2716252,beusite,磷铁锰矿,,2016-10-24
2716253,beustite,苍帘石,,2016-10-24
2716254,bevel,削平；两面缺棱；斜角规,,2016-10-24
2716255,beveling,削平作用,,2016-10-24
2716256,beyerite,碳钙铋矿,,2016-10-24
2716257,Beyrichia,瘤石介属{介形类},,2016-10-24
2716258,Beyrichicopina,瘤石介亚目{介形类},,2016-10-24
2716259,Beyrichiopsis,拟瘤石介属{介形类},,2016-10-24
2716260,beyrichite,辉镍矿,,2016-10-24
2716261,bezsmertnovite,碲铜金矿,,2016-10-24
2716262,bhreckite,苹绿钙石,,2016-10-24
2716263,bianchite,六水锌矾；锌铁矾,,2016-10-24
2716264,bias magnetic,偏磁的,,2016-10-24
2716265,biaxial,双光轴的；二轴的,,2016-10-24
2716266,biaxial crystal,双光轴晶；二轴晶,,2016-10-24
2716267,biaxial indicatrix,双光轴晶光率体,,2016-10-24
2716268,biaxial interference figure,双光轴干涉像；双轴干涉圈,,2016-10-24
2716269,biaxial strain,二轴应变,,2016-10-24
2716270,bibbey-rock,砾岩,,2016-10-24
2716271,bicchulite,水钙黄长石,,2016-10-24
2716272,Bicolorexinis,块瘤切壁孢属,,2016-10-24
2716273,Bicoloria,两色切囊孢属,,2016-10-24
2716274,biconvex,双凸[的],,2016-10-24
2716275,Bicrenulla,双锯蛤属{双壳类},,2016-10-24
2716276,Bicyathus,双古杯属,,2016-10-24
2716277,bideauxite,氯银铅矿,,2016-10-24
2716278,bieberite,赤矾；钴矾,,2016-10-24
2716279,bieirosite,菱铅矾；锌铅铁矾,,2016-10-24
2716280,bielenite,顽辉橄榄岩,,2016-10-24
2716281,Bienotherium,卞氏兽属{爬行类},,2016-10-24
2716282,Biformites,双形管迹{生痕化石},,2016-10-24
2716283,bifurcate,二分枝；分叉,,2016-10-24
2716284,bifurcation,分支[作用],,2016-10-24
2716285,Bifurculapes,双叉迹{生痕化石},,2016-10-24
2716286,Bigeminococcus,毕格米球藻属{蓝藻类},,2016-10-24
2716287,biglacialism,双冰期说,,2016-10-24
2716288,bigwoodite,钠长碱性正长岩,,2016-10-24
2716289,Biharisporites,比哈尔大孢属,,2016-10-24
2716290,biharite,黄叶蜡石；微晶叶蜡石,,2016-10-24
2716291,bijvoeite-(Y),黄钇铀矿,,2016-10-24
2716292,bikitaite,锂沸石；矽锂铝石,,2016-10-24
2716293,bilateral symmetry,左右对称；两侧对称,,2016-10-24
2716294,bilibinskite,碲铅铜金矿,,2016-10-24
2716295,biliminal geosyncline,双侧对称地槽,,2016-10-24
2716296,bilinite,复铁矾,,2016-10-24
2716297,billietite,黄钡铀矿,,2016-10-24
2716298,Billingsella,毕灵贝属{腕足类},,2016-10-24
2716299,billingsleyite,硫锑砷银矿,,2016-10-24
2716300,billitonite,必里洞似曜岩；必里洞玻璃石,,2016-10-24
2716301,Biloculinella,双房虫属,,2016-10-24
2716302,bimaceral,双煤素质[的],,2016-10-24
2716303,bimagmatic,二元岩浆的,,2016-10-24
2716304,bimodal,双峰的,,2016-10-24
2716305,Bimuria,两筋贝属{腕足类},,2016-10-24
2716306,binary,二元的,,2016-10-24
2716307,binary gain control,二进位增益控制；二进制增益控制,,2016-10-24
2716308,binary granite,二元花冈岩,,2016-10-24
2716309,binary magma,二元岩浆,,2016-10-24
2716310,binary sediment,二元沉积物；二相沉积物,,2016-10-24
2716311,binary symmetry,二元对称,,2016-10-24
2716312,binary system,二元系；二进位制；双星系统,,2016-10-24
2716313,bindheimite,水锑铅矿,,2016-10-24
2716314,binning,震波资讯方格化,,2016-10-24
2716315,binnite,硫砷铅矿,,2016-10-24
2716316,Binodella,双瘤介属{介形类},,2016-10-24
2716317,binomen,双名,,2016-10-24
2716318,binomial nomenclature,双名法,,2016-10-24
2716319,binominal system,双名制,,2016-10-24
2716320,bioceoenosis,生物群落,,2016-10-24
2716321,biochemical,生化的,,2016-10-24
2716322,biochemical rock,生化岩,,2016-10-24
2716323,biochron,生物年代,,2016-10-24
2716324,biochronologic unit,化石年代单位,,2016-10-24
2716325,biochronology,化石定年学；生物年代学,,2016-10-24
2716326,bioclastic,生物碎屑的,,2016-10-24
2716327,bioclastic rock,生物碎屑岩,,2016-10-24
2716328,bioclastics,生物碎屑[岩],,2016-10-24
2716329,bioclimatology,生物气候学,,2016-10-24
2716330,biocoenose,生物集群；生物群落,,2016-10-24
2716331,bioderm,藻膜,,2016-10-24
2716332,bioecology,生物生态学,,2016-10-24
2716333,biofacies,生物相,,2016-10-24
2716334,biofacies map,生物相图,,2016-10-24
2716335,biofacies realm,生物相地域,,2016-10-24
2716336,biogenesis,生[命起]源说,,2016-10-24
2716337,biogenetic law,生物发生律,,2016-10-24
2716338,biogenetic rock,生物岩,,2016-10-24
2716339,biogenic,生物成因的,,2016-10-24
2716340,biogenic deposit,生物沉积物,,2016-10-24
2716341,biogenic growth structure,生物生长构造,,2016-10-24
2716342,biogenic sediment,生物源沉积物,,2016-10-24
2716343,biogeochemistry,生物地球化学,,2016-10-24
2716344,biogeography,生物地理学,,2016-10-24
2716345,bioherm,生物礁,,2016-10-24
2716346,biohermite,生物礁岩,,2016-10-24
2716347,biohorizon,生物基准面；生物面,,2016-10-24
2716348,biointermediate element,生物部分限制元素,,2016-10-24
2716349,biolevel,生物基准面,,2016-10-24
2716350,Biolgina,拜奥尔格虫属{三叶虫类},,2016-10-24
2716351,biolith,生物岩,,2016-10-24
2716352,biolithite,生物岩,,2016-10-24
2716353,biologic artifact,生物合成物,,2016-10-24
2716354,biologic facies,生物相,,2016-10-24
2716355,biologic geology,生物地质学,,2016-10-24
2716356,biologic grain,生物颗粒,,2016-10-24
2716357,biologic ooze,生物软泥,,2016-10-24
2716358,biologic phosphorite,生物磷灰岩；生物磷块岩,,2016-10-24
2716359,biologic time,生物时间,,2016-10-24
2716360,biological group,生物类群,,2016-10-24
2716361,biological isolation,生物隔离,,2016-10-24
2716362,biological sedimentation,生物沉积作用,,2016-10-24
2716363,biomass,生[物]质量,,2016-10-24
2716364,biome,生物群落,,2016-10-24
2716365,biomechanical deposit,生物机械沉积,,2016-10-24
2716366,biomere,区域生物地层单位,,2016-10-24
2716367,biometry,生物统计学；寿命预测,,2016-10-24
2716368,biomicrite,生物微晶灰岩,,2016-10-24
2716369,biomicrorudite,生物砾屑灰岩,,2016-10-24
2716370,biomicrosparite,生物微亮晶灰岩,,2016-10-24
2716371,biopelite,[生物]黑页岩；生物泥质岩,,2016-10-24
2716372,biopelmicrite,生物丸细晶灰岩,,2016-10-24
2716373,biopelsparite,生物丸亮晶灰岩,,2016-10-24
2716374,biophile,亲生物的,,2016-10-24
2716375,biophile element,亲生物元素,,2016-10-24
2716376,biophyriboles,黑云辉闪石类,,2016-10-24
2716377,bio-pumping,生物泵,,2016-10-24
2716378,biosociology,生物群聚学,,2016-10-24
2716379,biosparite,生物亮晶灰岩,,2016-10-24
2716380,biosparrudite,生物亮晶砾屑灰岩,,2016-10-24
2716381,biosphere,生物界；生物圈,,2016-10-24
2716382,biostasy,生物极盛期；生物平衡,,2016-10-24
2716383,biostatic,生物静态[期]的,,2016-10-24
2716384,biostrata,生物层,,2016-10-24
2716385,biostratification,生物层理,,2016-10-24
2716386,biostratigraphic,生物地层的,,2016-10-24
2716387,biostratigraphic unit,生物地层单位,,2016-10-24
2716388,biostratigraphic zone,生物地层带,,2016-10-24
2716389,biostratigraphy,生物地层学,,2016-10-24
2716390,biostratinomy,生物埋藏学；生物遗体沉积学；化石保存学,,2016-10-24
2716391,biostromal,生物礁[层]的,,2016-10-24
2716392,biostromal limestone,生物礁[层]灰岩,,2016-10-24
2716393,biostrome,生物礁层,,2016-10-24
2716394,biosynthesis,生物合成作用,,2016-10-24
2716395,biota,生物群；生物区,,2016-10-24
2716396,Biot-Fresnel law,贝福二氏定律,,2016-10-24
2716397,biotite,黑云母,,2016-10-24
2716398,biotite carbonatite,黑云火成碳酸岩,,2016-10-24
2716399,biotite chlorite subfacies,黑云母绿泥石亚相,,2016-10-24
2716400,biotite zone,黑云母带,,2016-10-24
2716401,biotitite,黑云母岩,,2016-10-24
2716402,biotope,群落生物[环]境；生物群落生境；生态小区,,2016-10-24
2716403,bioturbation,生物扰动作用,,2016-10-24
2716404,bioturbation structure,生物扰动构造,,2016-10-24
2716405,biounlimited element,非生物限制元素,,2016-10-24
2716406,biozone,生物带,,2016-10-24
2716407,bipartite oolite,不对称鲕粒 ；对分鲕粒；二分鲕粒,,2016-10-24
2716408,biphase,双相,,2016-10-24
2716409,biphosphammite,磷铵石,,2016-10-24
2716410,Bipolaribucira,极管藻属,,2016-10-24
2716411,Bipolarsporites,两极球形孢属,,2016-10-24
2716412,bipole,双极,,2016-10-24
2716413,Biporisporites,双孔球形孢属,,2016-10-24
2716414,biprism,双柱；复柱,,2016-10-24
2716415,bipyramid,双锥,,2016-10-24
2716416,biquartz wedge,双石英试楔,,2016-10-24
2716417,Birch's law,毕希定律,,2016-10-24
2716418,bird track,鸟足印,,2016-10-24
2716419,bird-foot delta,鸟趾[状]三角洲；鸟足状三角洲,,2016-10-24
2716420,bird's eye limestone,鸟眼石灰岩,,2016-10-24
2716421,bird's eye marble,鸟眼大理岩,,2016-10-24
2716422,bird's eye slate,鸟眼板岩,,2016-10-24
2716423,bird's eye structure,鸟眼构造,,2016-10-24
2716424,bird's eye view,鸟瞰图,,2016-10-24
2716425,bird's-eye coal,鸟眼煤,,2016-10-24
2716426,birefringence,双折射[率],,2016-10-24
2716427,Biretisporites,膜蕨孢属；脊缝孢属,,2016-10-24
2716428,biringuccite,一水硼钠石,,2016-10-24
2716429,birkremite,紫苏石英正长岩,,2016-10-24
2716430,Birmanites,缅甸虫属{三叶虫类},,2016-10-24
2716431,Birmuria,两筋贝属{腕足类},,2016-10-24
2716432,birnessite,水钠锰矿,,2016-10-24
2716433,bisbeeite,软矽铜矿,,2016-10-24
2716434,bischofite,水氯镁石,,2016-10-24
2716435,bisector,平分线,,2016-10-24
2716436,bisectrix,等分线,,2016-10-24
2716437,biserial,双列的；两行的,,2016-10-24
2716438,bisilicates,偏矽酸盐类,,2016-10-24
2716439,bismite,铋华,,2016-10-24
2716440,bismoclite,氯铋矿,,2016-10-24
2716441,bismuth aurite,铋金矿,,2016-10-24
2716442,bismuth blende,闪铋矿,,2016-10-24
2716443,bismuth fahlore,铋黝铜矿,,2016-10-24
2716444,bismuth glance,辉铋矿,,2016-10-24
2716445,bismuth gold,金铋矿,,2016-10-24
2716446,bismuth ocher,铋华,,2016-10-24
2716447,bismuth ore,铋矿,,2016-10-24
2716448,bismuth silver,银铋矿,,2016-10-24
2716449,bismuthine,辉铋矿,,2016-10-24
2716450,bismuthinite,辉铋矿,,2016-10-24
2716451,bismuthite,泡铋矿,,2016-10-24
2716452,bismuthoferrite,矽铋铁矿；铁铋矿,,2016-10-24
2716453,bismutholamprite,辉铋矿,,2016-10-24
2716454,bismutite,泡铋矿,,2016-10-24
2716455,bismutoferrite,矽铋铁矿,,2016-10-24
2716456,bismutohauchecornite,硫铋镍矿,,2016-10-24
2716457,bismutomicrolite,铋矽晶矿,,2016-10-24
2716458,bismutosphaerite,球泡铋矿,,2016-10-24
2716459,bismutospherite,球泡铋矿,,2016-10-24
2716460,Bison,美洲野牛属,,2016-10-24
2716461,Bispathodus,双片牙形石属,,2016-10-24
2716462,bisphenoid,双榍；方正榍,,2016-10-24
2716463,bisphenoid of the third order,第三双榍,,2016-10-24
2716464,Bisulcocypris,双槽金星介属{介形类},,2016-10-24
2716465,bit,钻头,,2016-10-24
2716466,bitheca,副胞管,,2016-10-24
2716467,Bithecocamara,复腔笔石属,,2016-10-24
2716468,bitter lake,苦水湖,,2016-10-24
2716469,bitter salt,泻盐,,2016-10-24
2716470,bitter spar,白云石,,2016-10-24
2716471,bittern,卤水；盐卤,,2016-10-24
2716472,Bittneria,比特蛤属{双壳类},,2016-10-24
2716473,bitumen,沥青,,2016-10-24
2716474,bitumenite,油页岩；藻烛煤,,2016-10-24
2716475,bitumicarb,沥青质,,2016-10-24
2716476,bituminite,烟煤；芽胞油页岩,,2016-10-24
2716477,bituminization,沥青化；煤化,,2016-10-24
2716478,bituminize,沥青化；煤化,,2016-10-24
2716479,bituminous,沥青质[的],,2016-10-24
2716480,bituminous brown coal,沥青质褐煤,,2016-10-24
2716481,bituminous clay,沥青粘土,,2016-10-24
2716482,bituminous coal,烟煤,,2016-10-24
2716483,bituminous limestone,沥青石灰岩,,2016-10-24
2716484,bituminous rock,沥青岩,,2016-10-24
2716485,bituminous sandstone,沥青砂岩,,2016-10-24
2716486,bituminous shale,沥青页岩,,2016-10-24
2716487,bityite,锂铍脆云母,,2016-10-24
2716488,bivariant equilibrium,双变[数]平衡,,2016-10-24
2716489,bixbyite,方铁锰矿,,2016-10-24
2716490,bizardite,霞黄长煌斑岩,,2016-10-24
2716491,bjarebyite,磷铝锰钡石,,2016-10-24
2716492,bjelkite,直辉铅铋矿,,2016-10-24
2716493,bjerezite,霞辉中长斑岩,,2016-10-24
2716494,black amber,黑琥珀,,2016-10-24
2716495,black and gold marble,黑地金纹大理岩,,2016-10-24
2716496,black band,黑矿层；泥铁矿,,2016-10-24
2716497,black chalk,黑垩[土],,2016-10-24
2716498,black copper,黑铜矿,,2016-10-24
2716499,black copper ore,黑铜矿,,2016-10-24
2716500,black damp,毒瓦斯；窒息性气体,,2016-10-24
2716501,black diamond,黑金刚石；黑钻石；煤,,2016-10-24
2716502,black durain,黑色暗煤,,2016-10-24
2716503,black earth,黑土；褐煤土,,2016-10-24
2716504,black gold,黑铋金矿；黑沙金矿；原油,,2016-10-24
2716505,black hematite,硬锰矿,,2016-10-24
2716506,black ice,暗色冰,,2016-10-24
2716507,black iron,黑铁矿；磁铁矿,,2016-10-24
2716508,black iron ore,黑铁矿[石],,2016-10-24
2716509,black Jura,黑侏罗统{下侏罗系},,2016-10-24
2716510,black lead,石墨；笔铅,,2016-10-24
2716511,black mica,黑云母,,2016-10-24
2716512,black ocher,黑赭石；锰土,,2016-10-24
2716513,black opal,黑蛋白石,,2016-10-24
2716514,black ore,黑矿,,2016-10-24
2716515,black quartz,黑晶,,2016-10-24
2716516,black sand,黑砂；重砂,,2016-10-24
2716517,black silver,脆银矿,,2016-10-24
2716518,black tellurium,叶碲金矿；黑碲矿,,2016-10-24
2716519,blackband ironstone,黑菱铁矿,,2016-10-24
2716520,blackjack,闪锌矿,,2016-10-24
2716521,black-lead ore,黑色白铅矿,,2016-10-24
2716522,blackmorite,黄蛋白石,,2016-10-24
2716523,Blackwelderia,蝴蝶虫属{三叶虫类},,2016-10-24
2716524,Blackwelderioides,拟蝴蝶虫属{三叶虫类},,2016-10-24
2716525,bladder,囊；翼；气囊,,2016-10-24
2716526,blade,刃状；叶片；刃,,2016-10-24
2716527,bladed,刃状,,2016-10-24
2716528,bladed structure,刃状构造,,2016-10-24
2716529,blaes,碳质页岩；硬质砂岩,,2016-10-24
2716530,blairmorite,方沸响岩,,2016-10-24
2716531,blaize,碳质页岩；硬质砂岩,,2016-10-24
2716532,blakeite,红碲铁矿,,2016-10-24
2716533,Blankenburg Schich,勒兰肯布尔格层,,2016-10-24
2716534,blanket deposit,平伏矿床；席状矿床,,2016-10-24
2716535,blanket moss,沼煤层,,2016-10-24
2716536,blanket sand,覆[盖]砂层,,2016-10-24
2716537,blanket vein,平伏脉,,2016-10-24
2716538,blast,变晶；阵风；爆炸风；蓓晶,,2016-10-24
2716539,blastation,风蚀作用,,2016-10-24
2716540,blastetrix,易生向面,,2016-10-24
2716541,blastic deformation,变晶变形,,2016-10-24
2716542,blasting,砂蚀；吹蚀,,2016-10-24
2716543,blasto-,变余的,,2016-10-24
2716544,blastocoel,囊胚腔,,2016-10-24
2716545,blastogranitic,变余花岗岩质；变余花岗状[结构],,2016-10-24
2716546,blastoid,海蕾类；似变晶,,2016-10-24
2716547,Blastoidea,海蕾纲,,2016-10-24
2716548,blastoids,海蕾类,,2016-10-24
2716549,blastomylonite,变晶糜棱岩；变晶磨岭岩；变余糜棱岩,,2016-10-24
2716550,blastopelitic,变余泥岩的,,2016-10-24
2716551,blastophitic,变余辉长状[结构],,2016-10-24
2716552,blastopore,胚孔,,2016-10-24
2716553,blastoporphyritic,变余斑状,,2016-10-24
2716554,blastopsammitic,变余砂状,,2016-10-24
2716555,blastopsephitic,变余砾状,,2016-10-24
2716556,blastula,囊胚,,2016-10-24
2716557,blatt,断层；裂隙,,2016-10-24
2716558,Blattaria,蜚蠊目{昆虫类},,2016-10-24
2716559,blatterite,硼锑锰矿,,2016-10-24
2716560,blavierite,英长混片岩,,2016-10-24
2716561,blaze,树身[刻]标；勃雷兹风；树身刻痕标志,,2016-10-24
2716562,bleach spot,白斑,,2016-10-24
2716563,bleaching clay,漂白[粘]土,,2016-10-24
2716564,bleeding core,出油岩心,,2016-10-24
2716565,bleeding surface,渗出面；溢流面,,2016-10-24
2716566,blende,闪锌矿；闪矿类,,2016-10-24
2716567,blended unconformity,隐晦不整合,,2016-10-24
2716568,blind area,盲区,,2016-10-24
2716569,blind fault,盲断层,,2016-10-24
2716570,blind hole,盲孔,,2016-10-24
2716571,blind joint,盲节理；隐节理,,2016-10-24
2716572,blind layer,盲层,,2016-10-24
2716573,blind lead,隐脉,,2016-10-24
2716574,blind lode,盲脉；隐藏脉,,2016-10-24
2716575,blind thrust,盲逆冲断层；隐蔽逆冲断层,,2016-10-24
2716576,blind valley,盲谷；瞎谷,,2016-10-24
2716577,blind vein,盲脉；隐[藏]脉,,2016-10-24
2716578,blind zone,盲区；盲带,,2016-10-24
2716579,blister cone,岩泡锥,,2016-10-24
2716580,blister hypothesis,地泡假说,,2016-10-24
2716581,blixite,氯氧铅矿,,2016-10-24
2716582,blob of slag,火山滓块,,2016-10-24
2716583,block,地块,,2016-10-24
2716584,block basin,断块盆地,,2016-10-24
2716585,block caving,崩塌式采矿法,,2016-10-24
2716586,block diagram,立体图,,2016-10-24
2716587,block faulted coast,断块断层海岸,,2016-10-24
2716588,block faulting,断块作用,,2016-10-24
2716589,block field,石场；石海,,2016-10-24
2716590,block lava,块状熔岩；块熔岩,,2016-10-24
2716591,block mountain,断块山；断块山脉,,2016-10-24
2716592,block movement,断块运动,,2016-10-24
2716593,block stream,岩块堆；岩流,,2016-10-24
2716594,block tectonics,断块构造；块状构造,,2016-10-24
2716595,block thrust,断状逆断层,,2016-10-24
2716596,block-bounding fault,断块分界断层,,2016-10-24
2716597,block-dome,块岩丘,,2016-10-24
2716598,blocking temperature,封闭温度,,2016-10-24
2716599,blocking volume,封闭体积,,2016-10-24
2716600,block-moraine,块碛,,2016-10-24
2716601,block-out ore,已勘矿体；圈定矿体,,2016-10-24
2716602,block-overthrusting,地块逆掩作用,,2016-10-24
2716603,block-schollen movement,冰块[均速]运动,,2016-10-24
2716604,blodite,白钠镁矾,,2016-10-24
2716605,bloedite,白钠镁矾,,2016-10-24
2716606,blomstrandinite,钇易解石,,2016-10-24
2716607,blomstrandite,钛铌铀矿,,2016-10-24
2716608,blood agate,血点玛瑙,,2016-10-24
2716609,blood colored agate,血点玛瑙,,2016-10-24
2716610,blood rain,血雨,,2016-10-24
2716611,blood snow,红雪,,2016-10-24
2716612,bloodstone,血石髓,,2016-10-24
2716613,bloom,矿华；盐华,,2016-10-24
2716614,blossite,α钒铜矿,,2016-10-24
2716615,blossom,煤华,,2016-10-24
2716616,blowhole,吹穴,,2016-10-24
2716617,blowing,自喷,,2016-10-24
2716618,blown sand,风[成]砂；飞砂,,2016-10-24
2716619,blowout,风蚀坑；风蚀洼地；井喷；喷出口,,2016-10-24
2716620,blowout basin,风蚀盆地,,2016-10-24
2716621,blowout dune,风蚀沙丘,,2016-10-24
2716622,blowpipe,吹管,,2016-10-24
2716623,blowpipe analysis,吹管分析,,2016-10-24
2716624,blowpipe flame,吹管焰,,2016-10-24
2716625,blowpipe reaction,吹管反应,,2016-10-24
2716626,blue asbestus,青石绵,,2016-10-24
2716627,blue chalcocite,蓝辉铜矿；青辉铜矿,,2016-10-24
2716628,blue copper,铜蓝；铜蓝矿,,2016-10-24
2716629,blue copperas,胆矾,,2016-10-24
2716630,blue earth,青土,,2016-10-24
2716631,blue elvan,脉绿岩,,2016-10-24
2716632,blue feldspar,天蓝石,,2016-10-24
2716633,blue ground,蓝层；蓝地,,2016-10-24
2716634,blue ironstone,青石绵,,2016-10-24
2716635,blue john,蓝萤石,,2016-10-24
2716636,blue malachite,蓝铜矿；蓝孔雀石,,2016-10-24
2716637,blue mud,青泥,,2016-10-24
2716638,blue opal,蓝蛋白石,,2016-10-24
2716639,blue quartz,青石英,,2016-10-24
2716640,blue schist,蓝[色]片岩,,2016-10-24
2716641,blue spar,天蓝石；蓝晶,,2016-10-24
2716642,blue talc,叶绿泥石,,2016-10-24
2716643,blue vitriol,胆矾,,2016-10-24
2716644,blue-iron earth,蓝铁矿,,2016-10-24
2716645,blue-iron stone,蓝铁矿；青石棉,,2016-10-24
2716646,blueschist,蓝片岩,,2016-10-24
2716647,blueschist facies metamorphism,蓝片岩变质作用,,2016-10-24
2716648,blueschist metamorphism,蓝片岩变质作用,,2016-10-24
2716649,bluestone,青石；胆矾；蓝石,,2016-10-24
2716650,bluff,陡岸；悬崖,,2016-10-24
2716651,bobfergusonite,棕磷铁锰矿,,2016-10-24
2716652,bobierrite,白磷镁石,,2016-10-24
2716653,bocca,喷[火]口,,2016-10-24
2716654,bodily tide,固体[地球]潮；地潮,,2016-10-24
2716655,body,本体{孢粉},,2016-10-24
2716656,body stress,体应力,,2016-10-24
2716657,Boechlensipollis,异沟粉属,,2016-10-24
2716658,Boehm lamellae,勃姆纹,,2016-10-24
2716659,boehmite,软水铝石；勃姆矿,,2016-10-24
2716660,bog,沼泽；酸沼,,2016-10-24
2716661,bog burst,沼泽丘,,2016-10-24
2716662,bog butter,奶油沥青,,2016-10-24
2716663,bog earth,沼[泽]土,,2016-10-24
2716664,bog iron ore,沼铁矿,,2016-10-24
2716665,bog lime,沼石灰；沼灰土,,2016-10-24
2716666,bog manganese,沼锰矿,,2016-10-24
2716667,bog ore,沼矿；沼锰矿,,2016-10-24
2716668,bogen structure,弧状构造；弧形构造,,2016-10-24
2716669,boggildite,氟磷钠锶石,,2016-10-24
2716670,boggsite,钠钙沸石,,2016-10-24
2716671,boghead,藻煤；沼煤,,2016-10-24
2716672,boghead coal,藻煤,,2016-10-24
2716673,boghedite,藻[烛]煤,,2016-10-24
2716674,bogusite,暗沸绿岩,,2016-10-24
2716675,bogwood,沼木,,2016-10-24
2716676,bohdanowiczite,硒铋银矿,,2016-10-24
2716677,böhmite,软水铝石,,2016-10-24
2716678,bojite,角闪辉长岩,,2016-10-24
2716679,Bojodouvillina,波依窦维尔贝属{腕足类},,2016-10-24
2716680,bokite,钒铝铁石,,2016-10-24
2716681,Bolbina,球茎介属{介形类},,2016-10-24
2716682,bole,红玄武土；胶块土,,2016-10-24
2716683,boleite,氯铜铅矿,,2016-10-24
2716684,bolivarite,隐磷铝石,,2016-10-24
2716685,Bolivina,波里威虫属；箭头虫属 {有孔虫类},,2016-10-24
2716686,bolivite,氧硫铋矿,,2016-10-24
2716687,Bollia,波尔介属{介形类},,2016-10-24
2716688,bologna spar,圆重晶石,,2016-10-24
2716689,bologna stone,圆重晶石,,2016-10-24
2716690,bolognian spar,圆重晶石,,2016-10-24
2716691,bolognian stone,圆重晶石,,2016-10-24
2716692,bolson,沙漠[袋形]盆地；干湖地,,2016-10-24
2716693,bolson plain,沙漠盆地平原；干湖平原,,2016-10-24
2716694,boltonite,镁橄榄石,,2016-10-24
2716695,boltwoodite,矽砷铀矿,,2016-10-24
2716696,boluangerite,硫锑铅矿,,2016-10-24
2716697,bolus,胶块土；禾乐石；红玄武土,,2016-10-24
2716698,bomb,火山弹,,2016-10-24
2716699,bonaccordite,硼镍铁矿,,2016-10-24
2716700,bonanza,金包；富矿囊,,2016-10-24
2716701,bonattite,三水胆矾,,2016-10-24
2716702,bonchevite,杂硫铋铅矿,,2016-10-24
2716703,bond clay,接合黏土；黏剂黏土,,2016-10-24
2716704,bone,高灰煤；骨煤；骨,,2016-10-24
2716705,bone awl,骨锥,,2016-10-24
2716706,bone bed,骨层,,2016-10-24
2716707,bone breccia,骨角砾岩,,2016-10-24
2716708,bone charcoal,骨炭；骸炭,,2016-10-24
2716709,bone chert,骨燧石,,2016-10-24
2716710,bone coal,高灰煤；骨煤,,2016-10-24
2716711,bone needle,骨针,,2016-10-24
2716712,bone tool,骨器,,2016-10-24
2716713,bone-ash,骨灰,,2016-10-24
2716714,bone-coal phosphate,骨磷矿,,2016-10-24
2716715,boninite,玻紫安山岩,,2016-10-24
2716716,Bonnia,波恩虫属{三叶虫类},,2016-10-24
2716717,bonshtedtite,碳磷钠铁矿,,2016-10-24
2716718,book clay,页状黏土,,2016-10-24
2716719,book structure,页状构造；册状构造,,2016-10-24
2716720,bookhouse structure,页状集束结构；册架状结构,,2016-10-24
2716721,bookstone,页状岩；书页岩,,2016-10-24
2716722,boort,圆粒金刚石；次级钻石,,2016-10-24
2716723,boothite,七水胆矾,,2016-10-24
2716724,boothole,接受器孔,,2016-10-24
2716725,boracite,方硼石,,2016-10-24
2716726,borax,硼砂,,2016-10-24
2716727,borax bead,硼砂球,,2016-10-24
2716728,borax lake,硼砂湖,,2016-10-24
2716729,borcarite,碳硼镁钙石,,2016-10-24
2716730,border belt,漂砾带,,2016-10-24
2716731,border moraine,边碛,,2016-10-24
2716732,border rim,反应缘,,2016-10-24
2716733,border ring [reaction],反应边[作用],,2016-10-24
2716734,bordered pit,边缘纹孔,,2016-10-24
2716735,borderland,周缘地；边缘地带； 边缘陆地,,2016-10-24
2716736,borderland slope,边缘坡,,2016-10-24
2716737,bordite,水矽钙石,,2016-10-24
2716738,bordosite,氯汞银矿,,2016-10-24
2716739,boreal,北方的,,2016-10-24
2716740,Borealirhynchia,北方嘴贝属{腕足类},,2016-10-24
2716741,Borealis,北方贝属{腕足类},,2016-10-24
2716742,Boreaspis,北甲鱼属,,2016-10-24
2716743,borehole,钻孔；井孔,,2016-10-24
2716744,borehole geophone,井孔受波器,,2016-10-24
2716745,borehole gravimeter,井孔重力仪,,2016-10-24
2716746,borehole gravity gradiometer,井孔重力梯度仪,,2016-10-24
2716747,borehole log,钻井记录,,2016-10-24
2716748,borehole measurement,井孔测量,,2016-10-24
2716749,borehole seismic survey,井孔震测,,2016-10-24
2716750,borehole temperature,井孔温度,,2016-10-24
2716751,Boreosomus,锥体鱼属,,2016-10-24
2716752,Borhyaena,南美袋犬属,,2016-10-24
2716753,borickite,褐磷钙铁矿,,2016-10-24
2716754,boring,钻探；钻孔,,2016-10-24
2716755,boring machine,钻机；钻凿机,,2016-10-24
2716756,boring organism,钻孔生物,,2016-10-24
2716757,borishanskiite,铅砷钯矿,,2016-10-24
2716758,bornemanite,磷铌钠钡石,,2016-10-24
2716759,Bornetella,鲍氏藻属{钙藻类},,2016-10-24
2716760,Bornhardrina,波因哈贝属,,2016-10-24
2716761,bornhardt,岛山,,2016-10-24
2716762,Bornhardtina,布哈丁贝属{腕足类},,2016-10-24
2716763,bornhardtite,方硒钴矿,,2016-10-24
2716764,bornite,斑铜矿,,2016-10-24
2716765,borocalcite,硼解石,,2016-10-24
2716766,borolanite,霞云正长岩,,2016-10-24
2716767,boromagnesite,硼镁石,,2016-10-24
2716768,boron metasomatism,硼换质作用,,2016-10-24
2716769,boron mineral,硼矿物,,2016-10-24
2716770,boron salt,硼盐,,2016-10-24
2716771,boron taste,硼味,,2016-10-24
2716772,boronatocalcite,硼钠方解石,,2016-10-24
2716773,borovskite,亮碲锑钯矿,,2016-10-24
2716774,borrow,挖土[料]；填土；挖填物,,2016-10-24
2716775,bort,圆粒金刚石；次级钻石,,2016-10-24
2716776,Borthaspidella,小波什虫属{三叶虫类},,2016-10-24
2716777,boryckite,褐磷钙铁矿,,2016-10-24
2716778,boryslowite,硬脆地蜡,,2016-10-24
2716779,Bos,牛属,,2016-10-24
2716780,Bos primigenius,牛属,,2016-10-24
2716781,boschjesmanite,锰铝矾,,2016-10-24
2716782,Bositra,海浪蛤属{双壳类},,2016-10-24
2716783,bosjemanite,锰铝矾,,2016-10-24
2716784,boss,岩瘤；瘤疱；瘤状物,,2016-10-24
2716785,bosse,岩瘤；瘤疱,,2016-10-24
2716786,bostonite,歪正细晶岩; 淡歪细晶岩,,2016-10-24
2716787,bostonite-porphyry,歪正细晶斑岩; 淡歪细晶斑岩,,2016-10-24
2716788,bostwickite,水钙锰矿,,2016-10-24
2716789,botallackite,斜氯铜矿,,2016-10-24
2716790,Bothriolepis,沟鳞鱼属,,2016-10-24
2716791,Bothrodendron,窝木属,,2016-10-24
2716792,Bothrophyllum,沟珊瑚属,,2016-10-24
2716793,botn,冰湖底；峡湾底；冰斗,,2016-10-24
2716794,Botomella,波托马虫属{三叶虫类},,2016-10-24
2716795,botryogen,赤铁矾；葡萄串石,,2016-10-24
2716796,botryogenite,赤铁矾,,2016-10-24
2716797,botryoid,葡萄状,,2016-10-24
2716798,botryoidal,葡萄状,,2016-10-24
2716799,botryoidal structure,葡萄状构造,,2016-10-24
2716800,botryolite,葡萄状矽硼钙石,,2016-10-24
2716801,bottleneck bay,瓶颈湾,,2016-10-24
2716802,Bottnisk,波特尼期{前寒武纪},,2016-10-24
2716803,bottom bounce,海底反射,,2016-10-24
2716804,bottom configuration,海底形貌,,2016-10-24
2716805,bottom contour chart,海底等深图；海底地形图,,2016-10-24
2716806,bottom flow,底流,,2016-10-24
2716807,bottom friction,[水]底摩擦,,2016-10-24
2716808,bottom gravimeter,水底重力仪,,2016-10-24
2716809,bottom hole temperature,井底温度,,2016-10-24
2716810,bottom load,底荷；底荷重,,2016-10-24
2716811,bottom lock,海底锁定{声纳},,2016-10-24
2716812,bottom material,底积物；底质,,2016-10-24
2716813,bottom moraine,底碛,,2016-10-24
2716814,bottom peat,底泥炭,,2016-10-24
2716815,bottom reflection,海底反射,,2016-10-24
2716816,bottom water,底[层]水,,2016-10-24
2716817,bottom water circulation,底层水环流,,2016-10-24
2716818,bottom wave,底波,,2016-10-24
2716819,bottom-hole pressure,井底压；孔底压,,2016-10-24
2716820,bottom-set bed,底积层,,2016-10-24
2716821,boudin,串肠[构造体],,2016-10-24
2716822,boudinage,串肠构造,,2016-10-24
2716823,Bouetonia,布尔顿【虫+筵】属,,2016-10-24
2716824,Bouguer anomaly map,布盖异常图,,2016-10-24
2716825,Bouguer correction,布盖校正；布盖修正,,2016-10-24
2716826,Bouguer effect,布盖效应,,2016-10-24
2716827,Bouguer gravity field,布盖重力场,,2016-10-24
2716828,Bouguer reduction,布盖修正,,2016-10-24
2716829,boulangerite,硫锑铅矿,,2016-10-24
2716830,boulder,巨砾,,2016-10-24
2716831,boulder beach,[巨]砾滩；砾石滩,,2016-10-24
2716832,boulder belt,冰砾带,,2016-10-24
2716833,boulder clay,冰砾土,,2016-10-24
2716834,boulder couplet,冰砾层偶,,2016-10-24
2716835,boulder gravel,巨砾滩,,2016-10-24
2716836,boulder pavement,砾石地；乱石坡,,2016-10-24
2716837,boulder ridge,漂石滩脊；漂砾脊,,2016-10-24
2716838,boulder train,漂砾列,,2016-10-24
2716839,boulder wall,冰砾壁,,2016-10-24
2716840,boule,人造胚晶,,2016-10-24
2716841,Bouma cycle,鲍玛旋廻,,2016-10-24
2716842,Bouma sequence,鲍玛层序；鲍玛序列,,2016-10-24
2716843,bounce cast,弹跳铸型；冲击铸型,,2016-10-24
2716844,bound layer,束缚层,,2016-10-24
2716845,bound water,结合水；束缚水,,2016-10-24
2716846,boundary effect,边界效应；边际效应,,2016-10-24
2716847,boundary fault,界限断层,,2016-10-24
2716848,boundary tension,界面张力,,2016-10-24
2716849,boundary velocity,界面速度,,2016-10-24
2716850,bounding erosion surface,边界侵蚀面,,2016-10-24
2716851,bounding fault,界限断层,,2016-10-24
2716852,bourn,水流；小河；间歇河；干谷,,2016-10-24
2716853,bourne,间歇河；小河；干谷,,2016-10-24
2716854,Bournonia,波褶蛤属{双壳类},,2016-10-24
2716855,bournonite,车轮矿,,2016-10-24
2716856,boussingaultite,铵镁矾,,2016-10-24
2716857,bow tie,回转现象；回转波；蝴蝶结迹象,,2016-10-24
2716858,bowenite,透蛇纹石；鲍文玉,,2016-10-24
2716859,Bowen's reaction series,博文反应系,,2016-10-24
2716860,bowieite,硫铱铂铑矿,,2016-10-24
2716861,bowlder,巨砾,,2016-10-24
2716862,bowlingite,包林皂石；绿皂石,,2016-10-24
2716863,bowralite,透长伟晶岩,,2016-10-24
2716864,box,空心结核；盒状石,,2016-10-24
2716865,box canyon,箱型峡谷,,2016-10-24
2716866,box fold,箱形褶皱,,2016-10-24
2716867,boxcar,方箱函数；矩形波串,,2016-10-24
2716868,boyleite,四水锌矾,,2016-10-24
2716869,b-pinacoid,短轴面；b轴面,,2016-10-24
2716870,brabantite,磷钙钍石,,2016-10-24
2716871,braccianite,白霞玻玄岩,,2016-10-24
2716872,bracewellite,水铬矿,,2016-10-24
2716873,brachial cavity,腕骨腔,,2016-10-24
2716874,brachial plate,腕板,,2016-10-24
2716875,brachial valve,腕壳,,2016-10-24
2716876,Brachiarticulata,腕铰纲{腕足类},,2016-10-24
2716877,brachidium,腕骨,,2016-10-24
2716878,Brachidontes,短齿蛤属{双壳类},,2016-10-24
2716879,Brachiograptus,腕笔石属,,2016-10-24
2716880,brachiole,触臂；触手；腕,,2016-10-24
2716881,brachiophore,腕基,,2016-10-24
2716882,brachiophore plate,腕基支板,,2016-10-24
2716883,brachiophore process,腕基突〔起〕,,2016-10-24
2716884,brachiophore support,腕基支柱,,2016-10-24
2716885,brachiopod,腕足动物[类],,2016-10-24
2716886,Brachiopoda,腕足动物门,,2016-10-24
2716887,brachiopodous facies,腕足动物相,,2016-10-24
2716888,Brachiosaurus,腕龙属,,2016-10-24
2716889,Brachiospongia,多腕海绵属,,2016-10-24
2716890,brachy-anticlinal fold,矮背斜褶皱,,2016-10-24
2716891,brachyanticline,矮缓背斜,,2016-10-24
2716892,brachy-axis,短轴,,2016-10-24
2716893,brachy-axis diagonal,短轴,,2016-10-24
2716894,Brachycythere,短神介属{介形类},,2016-10-24
2716895,brachyfold,矮褶皱；短轴褶皱,,2016-10-24
2716896,brachygeoanticline,矮地背斜,,2016-10-24
2716897,brachygeosyncline,矮地槽,,2016-10-24
2716898,Brachygrapta,矮背叶肢介属,,2016-10-24
2716899,Brachymimulus,矮猿贝属{腕足类},,2016-10-24
2716900,Brachyodus,短齿兽属,,2016-10-24
2716901,Brachyphyllum,短叶杉属{裸子植物},,2016-10-24
2716902,brachypinacoid,短轴轴面,,2016-10-24
2716903,Brachyprion,翼齿贝属{腕足类},,2016-10-24
2716904,brachyprism,短轴柱,,2016-10-24
2716905,brachypyramid,短轴锥,,2016-10-24
2716906,Brachyspirifer,腕石燕属{腕足类},,2016-10-24
2716907,brachy-synclinal fold,矮向斜褶皱,,2016-10-24
2716908,brachysyncline,矮缓向斜,,2016-10-24
2716909,Brachythyrina,短盾贝属；准腕孔贝属{腕足类}；小孔贝属,,2016-10-24
2716910,Brachythyris,腕洞石燕属；腕孔贝属,,2016-10-24
2716911,brackebuschite,水钒锰铅矿,,2016-10-24
2716912,bracket delta,桥台状三角洲,,2016-10-24
2716913,brackish,半咸的；含盐的,,2016-10-24
2716914,brackish deposit,半咸水堆积物,,2016-10-24
2716915,brackish environment,半咸水环境,,2016-10-24
2716916,brackish facies,半咸水相,,2016-10-24
2716917,brackish water,微咸水；半淡咸水,,2016-10-24
2716918,brackish-water lagoon facies,半咸水潟湖相；淡化潟湖相,,2016-10-24
2716919,bract,苞片,,2016-10-24
2716920,bradleyite,磷碳镁钠石,,2016-10-24
2716921,Bradyodonti,缓齿鱼目,,2016-10-24
2716922,Bradyphyllum,迟珊瑚属,,2016-10-24
2716923,Bradysaurus,缓龙属,,2016-10-24
2716924,brae,冰川；陡坡,,2016-10-24
2716925,braggite,硫镍钯铂矿,,2016-10-24
2716926,braid,交织,,2016-10-24
2716927,braid bar,网状河沙坝,,2016-10-24
2716928,braided channel,辫状河道；网状河道,,2016-10-24
2716929,braided course,辫状河道；网状河道,,2016-10-24
2716930,braided drainage pattern,网状水系[型],,2016-10-24
2716931,braided river,辫状河；网状河；交织河道,,2016-10-24
2716932,braided stream,辫状河；网状河,,2016-10-24
2716933,braided-stream sand,辫状河砂,,2016-10-24
2716934,braiding,交织；辫状；河道的交织,,2016-10-24
2716935,braitschite,硼铈钙石,,2016-10-24
2716936,brammallite,水钠云母,,2016-10-24
2716937,branch,支流；支脉,,2016-10-24
2716938,branch bay,分叉海湾,,2016-10-24
2716939,branch fault,分岔断层；分支断层,,2016-10-24
2716940,branch island,叉河岛；三角洲岛；河间岛,,2016-10-24
2716941,branched lode,支矿脉,,2016-10-24
2716942,branching bay,分叉河口湾,,2016-10-24
2716943,branching fault,分岔断层；分支断层,,2016-10-24
2716944,Branchiopoda,鳃脚目{节肢动物甲壳类},,2016-10-24
2716945,Branchiosaurus,鳃龙属,,2016-10-24
2716946,branch-vein,支脉,,2016-10-24
2716947,brandbergite,正长英云细晶岩,,2016-10-24
2716948,brandisite,绿脆云母,,2016-10-24
2716949,brandtite,砷锰钙石,,2016-10-24
2716950,Branmehla,布兰梅牙形石属,,2016-10-24
2716951,brannerite,钛铀矿,,2016-10-24
2716952,Branneroceras,布朗氏菊石属{头足类},,2016-10-24
2716953,brannockite,锡锂大隅石,,2016-10-24
2716954,brash,碎冰 {=brash ice}；小浮冰；崩解石块；易碎的,,2016-10-24
2716955,brass ore,锌铜矿石；杂闪锌黄铜矿,,2016-10-24
2716956,brasses,硫铁矿类,,2016-10-24
2716957,brassite,水砷镁石,,2016-10-24
2716958,braunite,褐锰矿,,2016-10-24
2716959,Braun's solution,柏朗液,,2016-10-24
2716960,Bravais lattice,布拉维晶格,,2016-10-24
2716961,Bravais symbol,布拉维符号,,2016-10-24
2716962,bravoite,硫铁镍矿,,2016-10-24
2716963,Brazilian chrysolite,电气石,,2016-10-24
2716964,Brazilian emerald,绿电气石,,2016-10-24
2716965,Brazilian pebble,透明石英；水晶,,2016-10-24
2716966,Brazilian ruby,红电气石,,2016-10-24
2716967,Brazilian sapphire,蓝电气石,,2016-10-24
2716968,brazilite,斜锆石,,2016-10-24
2716969,brazilly coal,黄铁矿煤,,2016-10-24
2716970,brea,黏沥青；沥青砂,,2016-10-24
2716971,breached anticline,蚀裂背斜；裂口背斜,,2016-10-24
2716972,breached cone,裂口火山锥,,2016-10-24
2716973,breached crater,裂火山口；马蹄形火山口,,2016-10-24
2716974,breadcrust,层剥结核；层皮结核,,2016-10-24
2716975,bread-crust bomb,面包皮火山弹；裂纹火山弹,,2016-10-24
2716976,bread-crust boulder,层剥岩块；面包皮岩块,,2016-10-24
2716977,bread-crust structure,层剥构造；面包皮构造,,2016-10-24
2716978,break,坡折；转折,,2016-10-24
2716979,break hiatus,间断,,2016-10-24
2716980,break thrust,皱裂逆断层；背斜逆冲断层,,2017-07-19
2716981,breaker,破浪；碎浪,,2016-10-24
2716982,breaker height,碎波高度,,2016-10-24
2716983,breaking wave,破浪波,,2016-10-24
2716985,breakwater,防波堤,,2016-10-24
2716986,breccia,角砾岩,,2016-10-24
2716987,breccia dike,角砾岩脉,,2016-10-24
2716988,breccia marble,角砾大理岩,,2016-10-24
2716989,breccia pipe,角砾岩筒,,2016-10-24
2716990,breccia-conglomerate,角砾砾岩,,2016-10-24
2716991,brecciated,角砾状的；角砾化的,,2016-10-24
2716992,brecciated structure,角砾构造,,2016-10-24
2716993,brecciated texture,角砾组织,,2016-10-24
2716994,brecciated vein,角砾脉,,2016-10-24
2716995,brecciation,角砾岩化作用,,2016-10-24
2716996,bredbergite,镁钙铁榴石,,2016-10-24
2716997,Bredfordian,勃锐福[期],,2016-10-24
2716998,bredigite,白矽钙石,,2016-10-24
2716999,breislakite,毛黑柱石；钠透闪石,,2016-10-24
2717000,breithauptite,红锑镍矿,,2016-10-24
2717001,brenkite,氟碳钙石,,2016-10-24
2717002,brephic,青年的{=neanic},,2016-10-24
2717003,Bretonic movement,勃里东运动{晚泥盆纪},,2016-10-24
2717004,breunerite,铁菱镁矿,,2016-10-24
2717005,breunnerite,铁菱镁矿,,2016-10-24
2717006,Brevibolbina,短球茎介属{介形类},,2016-10-24
2717007,Brevimonosulcites,短单沟粉属,,2016-10-24
2717008,Breviredlichia,短莱得利基虫属{三叶虫类},,2016-10-24
2717009,breviseptum,短隔板,,2016-10-24
2717010,brewsterite,锶沸石,,2016-10-24
2717011,brezinaite,硫铬矿,,2016-10-24
2717012,brianite,磷镁钙钠石,,2016-10-24
2717013,briartite,灰锗矿,,2016-10-24
2717014,brick clay,砖土,,2016-10-24
2717015,brick earth,砖土,,2016-10-24
2717016,bridal-veil fall,沙笼瀑布,,2016-10-24
2717017,bright coal,亮煤,,2016-10-24
2717018,bright spot,亮点；热点,,2016-10-24
2717019,brights,亮煤质,,2016-10-24
2717020,brillolette,梨形琢型；泪滴琢型,,2016-10-24
2717021,brindleyite,镍铝蛇纹石,,2016-10-24
2717022,brine,卤水,,2016-10-24
2717023,brine mud,盐水泥浆,,2016-10-24
2717024,brine pit,盐泉；卤泉,,2016-10-24
2717025,brine spring,盐泉；卤泉,,2016-10-24
2717026,brink,河岸；湖缘；边缘,,2016-10-24
2717027,briny environment,咸水环境,,2016-10-24
2717028,briolette,梨形琢型；泪滴琢型,,2016-10-24
2717029,Brissus,棘海胆属,,2016-10-24
2717030,bristol diamond,美晶石英,,2016-10-24
2717031,bristol stone,美晶石英,,2016-10-24
2717032,britholite-(Ce),铈矽磷灰石,,2016-10-24
2717033,britholite-(Y),钇矽磷灰石,,2016-10-24
2717034,brittle metal,脆金属,,2016-10-24
2717035,brittle mica,脆云母,,2016-10-24
2717036,brittle silver glance,脆银矿,,2016-10-24
2717037,brittle silver ore,脆银矿,,2016-10-24
2717038,Brizalina,布列玆虫属{有孔虫类},,2016-10-24
2717039,broadband filter,宽频带滤波器,,2016-10-24
2717040,broadside reflection spread,边端反侧扩散,,2016-10-24
2717041,broadside shooting,边端炸测；平行电磁测勘,,2016-10-24
2717042,broadside spread,边端扩散,,2016-10-24
2717043,brochantite,水胆矾,,2016-10-24
2717044,Brochotriletes,大穴孢属,,2016-10-24
2717045,brockite,磷钙钍石,,2016-10-24
2717046,broggerite,钍铀矿,,2016-10-24
2717047,broken flexure,破裂挠曲,,2016-10-24
2717048,broken foreland basin,断裂前陆盆地,,2016-10-24
2717049,broken plateau,断裂高原,,2016-10-24
2717050,broken sand,含页岩砂岩,,2016-10-24
2717051,brokenhillite,氯铁锰矿,,2016-10-24
2717052,bromargyrite,溴银矿,,2016-10-24
2717053,bromcarnallite,溴光卤石,,2016-10-24
2717054,bromchlorargyrite,溴角银矿,,2016-10-24
2717055,bromellite,铍石,,2016-10-24
2717056,bromic silver,溴银矿,,2016-10-24
2717057,bromite,溴银矿,,2016-10-24
2717058,bromlite,钡霰石,,2016-10-24
2717059,bromyrite,溴银矿,,2016-10-24
2717060,broncite,古铜辉石,,2016-10-24
2717061,brongniardite,辉锑银铅矿,,2016-10-24
2717062,Brongniartella,布朗尼亚虫属{三叶虫类},,2016-10-24
2717063,Brontosaurus,雷龙属,,2016-10-24
2717064,Brontotherium,雷兽属,,2016-10-24
2717065,bronze,青铜；古铜,,2016-10-24
2717066,bronze age,铜器时代；青铜时代,,2016-10-24
2717067,bronze mica,金云母,,2016-10-24
2717068,bronzite,古铜辉石,,2016-10-24
2717069,bronzite amphibolite,古铜角闪岩,,2016-10-24
2717070,bronzite andesite,古铜安山岩,,2016-10-24
2717071,bronzite aplite,古铜细晶岩,,2016-10-24
2717072,bronzite chromitite,古铜铬铁岩,,2016-10-24
2717073,bronzite diabase,古铜辉绿岩,,2016-10-24
2717074,bronzite hornblende peridotite,古铜角闪橄榄岩,,2016-10-24
2717075,bronzite kersantite,古铜云斜煌岩,,2016-10-24
2717076,bronzite norite,古铜苏长岩,,2016-10-24
2717077,bronzite picrite,古铜苦橄岩,,2016-10-24
2717078,bronzite tholeiite,古铜矽质玄武岩,,2016-10-24
2717079,bronzitite,古铜辉岩,,2016-10-24
2717080,brookite,板钛矿,,2016-10-24
2717081,brosite,柱铁白云石,,2016-10-24
2717082,brossite,柱铁白云石,,2016-10-24
2717083,Brotiopsis,布罗特螺属{腹足类},,2016-10-24
2717084,brotocrystal,熔蚀斑晶；蚀形晶,,2016-10-24
2717085,brown clay iron stone,褐泥铁石,,2016-10-24
2717086,brown coal,褐炭；褐煤,,2016-10-24
2717087,brown earth,褐土；棕壤,,2016-10-24
2717088,brown hematite,褐铁矿,,2016-10-24
2717089,brown iron ore,褐铁矿,,2016-10-24
2717090,Brown Jura,褐侏罗系{中侏罗系},,2016-10-24
2717091,brown ocher,褐铁华；褐铁矿,,2016-10-24
2717092,brown petroleum,褐石油,,2016-10-24
2717093,brown soil,棕土,,2016-10-24
2717094,brown spar,褐白云石,,2016-10-24
2717095,brown spar phyllite,褐亮晶千枚岩,,2016-10-24
2717096,brown stone,褐岩,,2016-10-24
2717097,Brownian movement,勃朗运动,,2016-10-24
2717098,brownmillerite,钙铁铝石,,2016-10-24
2717099,Brown's effect,勃朗效应,,2016-10-24
2717100,brucite,水镁石,,2016-10-24
2717101,brucite-marble,水镁大理岩,,2016-10-24
2717102,bruggenite,水碘钙石,,2016-10-24
2717103,brugnatellite,红菱铁镁矿,,2016-10-24
2717104,Brunhes normal polarity chron,布容尼斯正向期,,2016-10-24
2717105,brunnerite,艳色方解石,,2016-10-24
2717106,brunogeierite,锗磁铁矿,,2016-10-24
2717107,Bruns's formula,布伦斯公式,,2016-10-24
2717108,Brunton compass,勃氏罗盘,,2016-10-24
2717109,brush cast,帚状铸型,,2016-10-24
2717110,brush ore,钟乳状铁矿,,2016-10-24
2717111,brushite,钙磷石,,2016-10-24
2717112,Bryantodina,小布氏牙形石属,,2016-10-24
2717113,Bryantodus,布氏牙形石属,,2016-10-24
2717114,bryochore,苔原区,,2016-10-24
2717115,Bryograptus,苔藓笔石属,,2016-10-24
2717116,Bryophyta,苔藓植物门,,2016-10-24
2717117,Bryozo,藓虫类；苔藓动物门,,2016-10-24
2717118,Bryozoa,苔藓动物门,,2016-10-24
2717119,bryozoan,苔藓虫类,,2016-10-24
2717120,B-tectonite,B式构造岩,,2016-10-24
2717121,B-type collision,B型碰撞,,2016-10-24
2717122,B-type subduction,B型[班氏]隐没,,2016-10-24
2717123,bubble effect,气泡效应,,2016-10-24
2717124,bubble impression,气泡痕,,2016-10-24
2717125,bubble train,[熔岩]气泡串,,2016-10-24
2717126,bubble train{glacier},气泡列戈带{冰川},,2016-10-24
2717127,bubble train{lava},气泡串{熔岩},,2016-10-24
2717128,bubble trend,气泡带,,2016-10-24
2717129,bubbling spring,鼓泡泉,,2016-10-24
2717130,Bubnoff unit,布伯诺夫单位{地质时距单位},,2016-10-24
2717131,Buchanathyris,布坎无窗贝属{腕足类},,2016-10-24
2717132,Buchensteiner Bed,布兴斯坦小层{三叠系},,2016-10-24
2717133,Buchia,雏蛤属{双壳类},,2016-10-24
2717134,Buchiola,布氏蛤属{双壳类},,2016-10-24
2717135,buchite,玻化岩,,2016-10-24
2717136,buchnerite,二辉橄榄岩,,2016-10-24
2717137,buchonite,闪云霞玄岩,,2016-10-24
2717138,buchwaldite,磷钠钙石,,2016-10-24
2717139,bucklandite,黑帘石,,2016-10-24
2717140,buckle fold,弯曲褶皱,,2016-10-24
2717141,buckle folding,弯曲褶皱作用；挤压褶皱作用；真褶皱作用,,2016-10-24
2717142,buckling,拱弯作用,,2016-10-24
2717143,buckshot,干土粒；粒状黏土；熔岩粒；丸状结核,,2016-10-24
2717144,budding,芽生；分芽[生殖],,2016-10-24
2717145,buddingtonite,水铵长石,,2016-10-24
2717146,buergerite,钠铁电气石,,2016-10-24
2717147,buetschliite,碳钾钙石,,2016-10-24
2717148,buetschliite,碳钾钙石,,2016-10-24
2717149,buffer solution,缓冲溶液,,2016-10-24
2717150,bug hole,晶穴；晶洞,,2016-10-24
2717151,bugite,紫苏英闪岩,,2016-10-24
2717152,buhrstone,矽质磨石,,2016-10-24
2717153,building stone,建筑石[材]料,,2016-10-24
2717154,built platform,堆积平台,,2016-10-24
2717155,bukovite,硒铜铊矿,,2016-10-24
2717156,bukovskyite,水砷铁矾,,2016-10-24
2717157,bulachite,水砷铝石,,2016-10-24
2717158,bulb glacier,山麓冰川,,2016-10-24
2717159,bulb of percussion,打击点端；打击泡,,2016-10-24
2717160,Bulbaspis,球刺虫属{三叶虫类},,2016-10-24
2717161,Bulbistroma,鳞层藻属,,2016-10-24
2717162,bulge,熔岩瘤,,2016-10-24
2717163,Bulimina,波罗密虫属；小泡虫属｛有孔虫类｝,,2016-10-24
2717164,Bulininus,苔守螺属,,2016-10-24
2717165,bulk density,整体密度；容积密度,,2016-10-24
2717166,bulk sample,全样品；总试样；全样品,,2016-10-24
2717167,bulk volume,总体积,,2016-10-24
2717168,bulkhead,防水墙；挡土墙,,2016-10-24
2717169,Bullaria,泥螺属,,2016-10-24
2717170,bullion,煤核；石蛋；化石结核,,2016-10-24
2717171,Bulmanograptus,布氏笔石属,,2016-10-24
2717172,bultfonteinite,氟矽钙石,,2016-10-24
2717173,Bumastus,大头虫属{三叶虫类},,2016-10-24
2717174,bumper,缓冲器；减震器,,2016-10-24
2717175,bunbjarnite,黑片石,,2016-10-24
2717176,bundle of fold,折皱束；褶皱群,,2016-10-24
2717177,bunodont,丘状齿；牙状丘,,2016-10-24
2717178,Bunsen burner,本生灯,,2016-10-24
2717179,Bunsen burner flame,本生灯焰,,2016-10-24
2717180,bunsenite,绿镍矿,,2016-10-24
2717181,Buntsandstein,斑砂岩期{早三叠纪},,2016-10-24
2717182,buntsandstone,斑砂岩；染色砂岩,,2016-10-24
2717183,burbankite,黄菱锶铈矿,,2016-10-24
2717184,burckhardtite,矽碲铁铅石,,2016-10-24
2717185,Burdingalian,波尔多期{中新统},,2016-10-24
2717186,Burgess Shale,伯基斯页岩,,2016-10-24
2717187,Burgessia,伯基鲎属,,2016-10-24
2717188,burial metamorphism,埋藏变质作用,,2016-10-24
2717189,buried channel,埋藏河道,,2016-10-24
2717190,buried hill,掩丘,,2016-10-24
2717191,buried placer,深埋砂矿；地下砂矿,,2016-10-24
2717192,buried river,埋藏河；隐藏河；地下河；掩埋河；隐河道,,2016-10-24
2717193,buried structure,潜伏构造,,2016-10-24
2717194,burkeite,碳钠矾,,2016-10-24
2717195,burnstone,硫磺石；天然硫,,2016-10-24
2717196,burnt stone,烧变石；热处理宝石,,2016-10-24
2717197,burnt umber,烧褐土；烧赭土,,2016-10-24
2717198,burpalite,钠锰锆石,,2016-10-24
2717199,burrow,穿洞；潜穴；脉石,,2016-10-24
2717200,burrstone,矽质磨石,,2016-10-24
2717201,Bursachitina,囊几丁虫属,,2016-10-24
2717202,bursaite,柱辉铋铅矿,,2016-10-24
2717203,burst noise,突发杂波,,2016-10-24
2717204,burtite,钙锡石,,2016-10-24
2717205,bushmanite,锰镁明矾,,2016-10-24
2717206,bustamite,钙薇蔷辉石,,2016-10-24
2717207,bustite,顽辉无球粒陨石,,2016-10-24
2717208,bustone,细砂质磨石,,2016-10-24
2717209,butlerite,基铁矾,,2016-10-24
2717210,bütschliite,碳钾钙石,,2016-10-24
2717211,butt cleat,尾[端]割理；端割理；次级割理,,2016-10-24
2717212,butte,孤山；小方山,,2016-10-24
2717213,butte temoin,残留岗；残留体；离丘高原,,2016-10-24
2717214,butterfly twin,蝶形双晶,,2016-10-24
2717215,buttgenbachite,毛青铜矿,,2016-10-24
2717216,buttress,支壁；拱壁,,2016-10-24
2717217,buttress sand,残柱砂层；支撑砂岩,,2016-10-24
2717218,Buxapollis,黄杨粉属{孢粉},,2016-10-24
2717219,Buxtonia,线剌贝属；波斯通贝属{腕足类},,2016-10-24
2717220,buzzard,薄层劣煤,,2016-10-24
2717221,byelorussite-(Ce),矽锰铈钛石,,2016-10-24
2717222,bysmalith,[深成]岩栓,,2016-10-24
2717223,byssolite,绿石绵,,2016-10-24
2717224,Byssopteria,丝翼蛤属{双壳类},,2016-10-24
2717225,byssus,足丝,,2016-10-24
2717226,by-stream,河畔,,2016-10-24
2717227,by-stream deposit,河畔堆积物,,2016-10-24
2717228,bystromite,锑镁矿,,2016-10-24
2717229,by-terrace zone,阶[地]缘带；邻阶地带,,2016-10-24
2717230,Bythinella,小豆螺属{腹足类},,2016-10-24
2717231,Bythoceratina,白胶介属；深海角介属{介形类},,2016-10-24
2717232,Bythocypris,金星介属,,2016-10-24
2717233,Bythocythere,龙女介,,2016-10-24
2717234,bytownite,倍长石；富钙长石,,2016-10-24
2717235,bytownite anorthosite,倍长斜长岩,,2016-10-24
2717236,bytownite sakalavite,倍长玻英玄武岩,,2016-10-24
2717237,bytownitite,富钙长岩；倍长岩,,2016-10-24
2717238,bytownorthite,倍钙长石； 富钙-钙长石,,2016-10-24
2717239,β-argentite,β-辉银矿,,2016-10-24
2717240,β-cerolite,β-蜡蛇纹石,,2016-10-24
2717241,β-chalcocite,β-辉铜矿,,2016-10-24
2717242,β-fergusonite,β-褐钇铌矿,,2016-10-24
2717243,β-hypersthene,β-紫苏辉石,,2016-10-24
2717244,β-quartz,β-石英,,2016-10-24
2717245,β-sepiolite,β-海泡石,,2016-10-24
2717246,β-uranopilite,β-铀灰石,,2016-10-24
2717247,β-uranotile,β-矽钙铀矿,,2016-10-24
2919285,cubic zirconia,锆立晶，苏联钻,,2017-04-11
2919286,Czochralski process,佐可斯基长晶法,,2017-04-11
2919287,cleavage domain,劈理领域,,2017-04-11
2919288,chronozone,时带,,2017-04-11
2919289,chronocorrelation,时代对比; 时间地层对比,,2017-04-11
2919290,chron,时,,2017-04-11
2919291,characteristic earthquake,特征地震,,2017-04-11
2919292,center-to-center method,中心对中心法,,2017-04-11
2919293,cuspate-lobate fold,尖瓣圆弧形褶皱; 尖圆褶皱,,2017-04-11
2919294,current lineation,水流线理,,2017-04-11
2919295,crystallographic preferred orientation,晶体优势排列,,2017-04-11
2919296,crystal plasticity,结晶塑性,,2017-04-11
2919297,critical-taper theory,临界锥体理论,,2017-04-11
2919298,crenulation lineation,夹皱线理,,2017-04-11
2919299,crenulation cleavage,夹皱劈理,,2017-04-11
2919300,cataclastic flow,碎屑流,,2017-04-11
2919301,crack-seal mechanism,破裂缝合机制,,2017-04-11
2919302,Coulomb's failure criterion,库伦破坏准则,,2017-04-11
2919303,correlative conformity,关联整合,,2017-04-11
2919304,convergent plate boundary,聚合板块边界,,2017-04-11
2919305,convergent fan,聚合扇形劈理,,2017-04-11
2919306,contraction fault,压缩断层,,2017-04-11
2919307,contourite,等深流岩,,2017-04-11
2919308,contour current,等深流,,2017-04-11
2919309,continuous cleavage,连续劈理,,2017-04-11
2919310,continental crust,大陆地壳,,2017-04-11
2919311,capable fault,能动断层,,2017-04-11
2919312,consuming plate boundary,消耗板块边界,,2017-04-11
2919313,conical fold,圆锥褶皱,,2017-04-11
2919314,compositional maturity,成分成熟度,,2017-04-11
2919315,compositional layering,成分层理,,2017-04-11
2919316,compositional foliation,成分叶理,,2017-04-11
2919317,combined flow ripple,组合波痕,,2017-04-11
2919318,coaxial strain,共轴应变,,2017-04-11
2919319,coastal onlap,海岸进覆,,2017-04-11
2919320,clinothem,斜坡沉积,,2017-04-11
2919321,clinoform,斜坡地形,,2017-04-11
2919322,calcite compensation depth,碳酸钙补偿深度,,2017-04-11
2919323,Cancellina,格子【虫筵】属,,2017-04-11
2919324,Chusenella,朱森【虫筵】属,,2017-04-11
2919325,C wave,C波；藕合波,,2017-04-11
2919326,C.I.P.W. system of rock classification,C.I.P.W.四氏岩石分类法,,2017-04-11
2919327,cable break,震波到达[讯号]；波至讯号,,2017-04-11
2919328,cable system,钢缆[凿井]系统,,2017-04-11
2919329,cable tool,钢缆冲击钻具,,2017-04-11
2919330,cabochon,椭圆形宝石,,2017-04-11
2919331,cabrerite,镁镍华,,2017-04-11
2919332,cacciatore seismometer,水银地震计,,2017-04-11
2919333,cacheutaite,硒铜铅矿,,2017-04-11
2919334,cacholong,美蛋白石,,2017-04-11
2919335,cacoclasite,钙铝黄长石,,2017-04-11
2919336,cacoxene,黄磷铁矿,,2017-04-11
2919337,cacoxenite,黄磷铁矿,,2017-04-11
2919338,cactolith,水平岩盘；岩株,,2017-04-11
2919339,cadacryst,捕获晶,,2017-04-11
2919340,cadastral map,地籍图,,2017-04-11
2919341,cadastral survey,地籍测量,,2017-04-11
2919342,cadmiferous blende,镉闪锌矿,,2017-04-11
2919343,cadmium blende,闪镉矿；硫镉矿,,2017-04-11
2919344,cadmium otavite,菱镉矿；碳酸镉蓝,,2017-04-11
2919345,cadmium spar,菱镉矿；碳酸镉,,2017-04-11
2919346,cadwal aderite,氯氧铝石,,2017-04-11
2919347,Caenognathus,新颈鸟属,,2017-04-11
2919348,Caenolestes,新袋鼠属,,2017-04-11
2919349,Caenolestoidea,新袋鼠亚目,,2017-04-11
2919350,cafemic,钙铁镁质,,2017-04-11
2919351,cahnite,水砷硼钙石,,2017-04-11
2919352,cainosite,钙钇铒矿,,2017-04-11
2919353,Cainozoic,新生代；新生界,,2017-04-11
2919354,Cainozoic Era,新生代,,2017-04-11
2919355,Cainozoic Group,新生界,,2017-04-11
2919356,cairngorn stone,烟水晶,,2017-04-11
2919357,caking,焦黏性,,2017-04-11
2919358,caking coal,焦煤,,2017-04-11
2919359,Calabrian Age,卡拉布里雅期{更新世早期},,2017-04-11
2919360,calamine,异极矿,,2017-04-11
2919361,Calamitaceae,芦木超科,,2017-04-11
2919362,Calamitales,芦木目,,2017-04-11
2919363,Calamites,芦木属,,2017-04-11
2919364,calaverite,碲金矿,,2017-04-11
2919365,calc-,钙质；含钙的,,2017-04-11
2919366,calc aphanite,钙质隐晶岩,,2017-04-11
2919367,calc bostonite,钙质歪正细晶岩,,2017-04-11
2919368,calc diabase,钙质辉绿岩,,2017-04-11
2919369,calc flinta,钙质燧石,,2017-04-11
2919370,calc granite,钙质花岗岩,,2017-04-11
2919371,calc mica schist,钙质云母片岩,,2017-04-11
2919372,calc oligoclase,钙质奥长石,,2017-04-11
2919373,calc-alkali syenite,钙碱性正长岩,,2017-04-11
2919374,calc-alkalic series,钙碱火成岩系,,2017-04-11
2919375,calc-alkaline rocks,钙咸岩类,,2017-04-11
2919376,calc-alkaline trachyte,钙碱性粗面岩,,2017-04-11
2919377,calcantite,胆矾,,2017-04-11
2919378,calcarenite,砂屑灰岩,,2017-04-11
2919379,calcarenyte,砂屑灰岩,,2017-04-11
2919380,calcareobarite,钙重晶石,,2017-04-11
2919381,calcareous,钙质[的]；石灰质[的],,2017-04-11
2919382,calcareous algae,钙藻,,2017-04-11
2919383,calcareous cement,钙质胶结物,,2017-04-11
2919384,calcareous clay,钙质黏土,,2017-04-11
2919385,calcareous facies,钙质相,,2017-04-11
2919386,Calcareous Foraminifera,钙质有孔目,,2017-04-11
2919387,calcareous grit,钙质粗砂岩,,2017-04-11
2919388,calcareous marl,钙质泥灰岩,,2017-04-11
2919389,calcareous ooze,钙质软泥,,2017-04-11
2919390,calcareous peat,钙质泥炭,,2017-04-11
2919391,calcareous phyllite,钙质千枚岩,,2017-04-11
2919392,calcareous sandstone,钙质砂岩,,2017-04-11
2919393,calcareous schist,钙质片岩,,2017-04-11
2919394,calcareous shale,钙质页岩,,2017-04-11
2919395,calcareous sinter,石灰华,,2017-04-11
2919396,calcareous soil,石灰质土,,2017-04-11
2919397,calcareous spar,方解石,,2017-04-11
2919398,calcareous tufa,石灰华,,2017-04-11
2919399,calcareous tuff,钙质凝灰岩,,2017-04-11
2919400,Calcarina,钙虫属{有孔虫类},,2017-04-11
2919401,calcarinate,碳酸钙胶结[的],,2017-04-11
2919402,calcdolomite,方解石白云岩,,2017-04-11
2919403,Calceola,拖鞋珊瑚属,,2017-04-11
2919404,calceoloid,拖鞋状,,2017-04-11
2919405,calcic,钙质[的],,2017-04-11
2919406,calcic nepheline syenite,钙质霞石正长岩,,2017-04-11
2919407,calcic series,钙质火成岩系,,2017-04-11
2919408,calciclase,钙长石,,2017-04-11
2919409,calciclase syenite,钙长正长岩,,2017-04-11
2919410,calciclasite,钙长岩,,2017-04-11
2919411,calcicrete,钙结砾岩；钙质壳,,2017-04-11
2919412,calcification,钙化[作用],,2017-04-11
2919413,calcify,钙化[作用],,2017-04-11
2919414,calcigranite,钙质花岗岩,,2017-04-11
2919415,calcikersantite,钙质云斜煌斑岩,,2017-04-11
2919416,calcilutite,泥屑灰岩,,2017-04-11
2919417,calcilutyte,泥屑灰岩,,2017-04-11
2919418,calcimangite,锰方解石,,2017-04-11
2919419,calcimonzonite,钙质二长岩,,2017-04-11
2919420,calcinable,可煅烧的,,2017-04-11
2919421,calcinal budding,萼内分芽,,2017-04-11
2919422,calcination,煅烧,,2017-04-11
2919423,calciobarite,钙重晶石,,2017-04-11
2919424,calciobaryt,钙重晶石,,2017-04-11
2919425,calciocarnotite,钙钒铀矿,,2017-04-11
2919426,calciocelestite,钙天青石,,2017-04-11
2919427,calcioferrite,水磷钙铁石,,2017-04-11
2919428,calciomalachite,钙孔雀石,,2017-04-11
2919429,calciosarmarskite,钙铌钇矿,,2017-04-11
2919430,Calciospongia,钙质海绵纲,,2017-04-11
2919431,calciostrontianite,钙菱锶矿,,2017-04-11
2919432,calciotantalite,钙钽铁矿,,2017-04-11
2919433,calciothorite,钙钍石,,2017-04-11
2919434,calciovolborite,钙钒铜矿,,2017-04-11
2919435,calciphyre,斑花大理岩,,2017-04-11
2919436,calcirhyolite,钙质流纹岩,,2017-04-11
2919437,calcirudyte,砾屑灰岩,,2017-04-11
2919438,calcisiltite,粉砂屑灰岩,,2017-04-11
2919439,Calcispongia,石灰海绵纲,,2017-04-11
2919440,Calcispongiae,钙质海绵亚纲,,2017-04-11
2919441,calcisyenite,钙质正长岩,,2017-04-11
2919442,calcite,方解石,,2017-04-11
2919443,calcite aegiapite,方解石钙磷霓辉,,2017-04-11
2919444,calcite bubble,方解石气泡,,2017-04-11
2919445,calcite pegmatite,方解石伟晶岩,,2017-04-11
2919446,calcite syenite,方解石正长岩,,2017-04-11
2919447,calcite trachyte,方解粗面岩,,2017-04-11
2919448,calcitic dolomite,方解石白云岩,,2017-04-11
2919449,calcitic type,方解石[晶]组,,2017-04-11
2919450,calcitite,方解石岩,,2017-04-11
2919451,calcitization,方解石化[作用],,2017-04-11
2919452,calcitrachyte,钙质粗面岩,,2017-04-11
2919453,calcium akermanite,钙镁黄长石,,2017-04-11
2919454,calcium autunite,多钙铀云母,,2017-04-11
2919455,calcium barium mimetite,钙钡砷铅矿,,2017-04-11
2919456,calcium baryt-hedyphane,钙钡砷铅矿,,2017-04-11
2919457,calcium carbonate,碳酸钙,,2017-04-11
2919458,calcium emmonite,钙菱锶矿,,2017-04-11
2919459,calcium iron garnet,钙铁榴石,,2017-04-11
2919460,calcium pectolite,硬矽钙石,,2017-04-11
2919461,calcium pyromorphite,钙磷氯铅矿,,2017-04-11
2919462,calcium strontianite,钙菱锶矿,,2017-04-11
2919463,calcium xonotlite,硬矽钙石,,2017-04-11
2919464,calcium-jarosite,钙钾铁矾,,2017-04-11
2919465,calcium-larsenite,钙矽铝锌矿,,2017-04-11
2919466,calclacite,醋酸氯钙石,,2017-04-11
2919467,calclithite,碎屑灰岩；灰屑岩,,2017-04-11
2919468,calcomalachite,钙孔雀石,,2017-04-11
2919469,calcouranite,钙铀云母,,2017-04-11
2919470,calcowulfenite,钙钼铅矿,,2017-04-11
2919471,calcozincite,钙红锌矿,,2017-04-11
2919472,calcrete,钙质壳,,2017-04-11
2919473,calc-sapropel,钙质腐泥,,2017-04-11
2919474,calc-schist,钙质片岩,,2017-04-11
2919475,calc-silicate marble,钙-矽酸质大理岩,,2017-04-11
2919476,calc-silicate-hornfels,钙矽角页岩,,2017-04-11
2919477,calc-sinter,石灰华,,2017-04-11
2919478,calc-spar,方解石,,2017-04-11
2919479,calcspathization,钙晶化[作用],,2017-04-11
2919480,calc-tufa,石灰华,,2017-04-11
2919481,caldera,破火山口；火山臼,,2017-04-11
2919482,caldera complex,火山臼杂岩,,2017-04-11
2919483,caldera lake,破火山口湖,,2017-04-11
2919484,caldron,海锅；海洼,,2017-04-11
2919485,Caledonian fold belt,加里东褶皱带,,2017-04-11
2919486,Caledonian folding,加里东皱褶作用,,2017-04-11
2919487,Caledonian movement,加里东运动,,2017-04-11
2919488,Caledonian orogeny,加里东造山运动,,2017-04-11
2919489,Caledonides,加里东构造带,,2017-04-11
2919490,caledonite,铅绿矾,,2017-04-11
2919491,calf,浮冰,,2017-04-11
2919492,caliche,钙积层；钙结层,,2017-04-11
2919493,calicoblast,钙质细胞,,2017-04-11
2919494,caliculum,杯部；萼部,,2017-04-11
2919495,californite,密致符山石；加州石,,2017-04-11
2919496,caliper log,井径记录,,2017-04-11
2919497,calitreras,生硝,,2017-04-11
2919498,callainite,绿磷铝石,,2017-04-11
2919499,calley stone,硬质砂岩；[含煤]泥质硬砂岩,,2017-04-11
2919500,Callipleridium,羊齿属；丽羊齿属,,2017-04-11
2919501,Callipleris,美羊齿属,,2017-04-11
2919502,Callistocythere,花神介属,,2017-04-11
2919503,Callograptus,无羽笔石属,,2017-04-11
2919504,Callovian,卡洛夫期{中侏罗纪},,2017-04-11
2919505,callus,结茧,,2017-04-11
2919506,calogerasite,钽铝石,,2017-04-11
2919507,calomel,汞膏矿,,2017-04-11
2919508,calomelite,甘汞；汞膏矿,,2017-04-11
2919509,calorific value,热值；卡值,,2017-04-11
2919510,calorimeter,热量计,,2017-04-11
2919511,calp,灰蓝灰岩,,2017-04-11
2919512,calstronbarite,钙锶重晶石,,2017-04-11
2919513,caltonite,方沸橄玄岩,,2017-04-11
2919514,calved ice,浮冰,,2017-04-11
2919515,calving,冰裂[作用],,2017-04-11
2919516,calvonigrite,黑锰石,,2017-04-11
2919517,Calymene,隐头虫属,,2017-04-11
2919518,calyotra,苔藓蕨口盖,,2017-04-11
2919519,calyx,萼；钻头,,2017-04-11
2919520,Camarotoechia,穹房贝属,,2017-04-11
2919521,camber,重力拱区,,2017-04-11
2919522,cambium,形成层,,2017-04-11
2919523,Cambrian,寒武纪[系],,2017-04-11
2919524,Cambrian Period,寒武纪,,2017-04-11
2919525,Cambrian System,寒武系,,2017-04-11
2919526,Cambrocyathus,寒武古杯海绵属,,2017-04-11
2919527,camerae,[气]室,,2017-04-11
2919528,Camerata,海百合圆顶纲,,2017-04-11
2919529,camermante,氟矽钾石,,2017-04-11
2919530,Cameroceras,房角石属,,2017-04-11
2919531,Cameroidea,腔笔石目,,2017-04-11
2919532,camouflage,同价离子置换作用,,2017-04-11
2919533,Campan Marble,坎佩大理岩,,2017-04-11
2919534,Campanian,坎佩尼期{白垩纪},,2017-04-11
2919535,campanite,白榴霞正长岩,,2017-04-11
2919536,Campiler Bed,坎披层{下三叠系},,2017-04-11
2919537,camptonite,碱闪煌岩,,2017-04-11
2919538,camptospessartite,钛辉斜煌岩,,2017-04-11
2919539,camptovogesite,斜闪正煌岩,,2017-04-11
2919540,campylite,氯磷砷铅矿,,2017-04-11
2919541,campylotropous,弧状脉的,,2017-04-11
2919542,camsellite,硼镁石,,2017-04-11
2919543,camstone,坚白石灰岩；漂白泥,,2017-04-11
2919544,canaanite,蓝透辉石,,2017-04-11
2919545,canada,干河谷；小溪,,2017-04-11
2919546,Canada balsam,加拿大胶,,2017-04-11
2919547,Canadian,加拿大统{下奥陶系},,2017-04-11
2919548,Canadian pole system,加拿大式木柱[凿井]系统,,2017-04-11
2919549,Canadian shield,加拿大地盾,,2017-04-11
2919550,canadite,钠霞正长岩,,2017-04-11
2919551,canadite pegmatite,钠霞正长伟晶岩,,2017-04-11
2919552,canal,沟槽{化石}；运河,,2017-04-11
2919553,canary stone,黄玉髓,,2017-04-11
2919554,canbyite,矽铁石,,2017-04-11
2919555,cancarixite,英霞透长岩；霞英煌岩,,2017-04-11
2919556,cancrinite,钙霞石,,2017-04-11
2919557,cancrinite canadite,钙霞钠霞正长岩,,2017-04-11
2919558,cancrinite litchfieldite,钙霞钠长霞正长岩,,2017-04-11
2919559,cancrinite nepheline syenite,钙钠霞正长岩,,2017-04-11
2919560,cancrinite nordsjoite,钙霞正霞正长岩,,2017-04-11
2919561,cancrinite syenite,钙霞正长岩,,2017-04-11
2919562,cancrinite tinguaite,钙霞霓霞脉岩,,2017-04-11
2919563,candite,镁铁尖晶石,,2017-04-11
2919564,candle coal,烛煤,,2017-04-11
2919565,candle ice,浊冰,,2017-04-11
2919566,Candona,玻璃介属,,2017-04-11
2919567,canfieldite,黑硫银锡矿,,2017-04-11
2919568,canga,铁角砾岩,,2017-04-11
2919569,canine,犬牙；犬齿,,2017-04-11
2919570,Caninia,犬齿珊瑚属,,2017-04-11
2919571,Caniniacea,犬齿珊瑚亚目,,2017-04-11
2919572,canite,钾盐镁矾,,2017-04-11
2919573,cannel coal,烛煤；腐植煤,,2017-04-11
2919574,cannel shale,烛煤[质]页岩,,2017-04-11
2919575,canneloid,似烛煤；似腐植煤,,2017-04-11
2919576,cannizzarite,斜辉铅铋矿,,2017-04-11
2919577,canoe fold,紧闭向斜；独木舟状向斜,,2017-04-11
2919578,canon,峡谷,,2017-04-11
2919579,cant,斜坡；斜倾,,2017-04-11
2919580,cantalite,钠玻流纹岩,,2017-04-11
2919581,cantonite,方铜矿,,2017-04-11
2919582,canyon,峡谷,,2017-04-11
2919583,canyon bench,峡谷阶地,,2017-04-11
2919584,canyon fill,峡谷充填物,,2017-04-11
2919585,cap,雷管；盖[子],,2017-04-11
2919586,cap rock,盖层；盖岩,,2017-04-11
2919587,capacity,负载量；河流搬运能力,,2017-04-11
2919588,cape,岬[角],,2017-04-11
2919589,capillarity,毛细管作用,,2017-04-11
2919590,capillary,毛发状；毛细管的,,2017-04-11
2919591,capillary condensation,毛细凝聚作用,,2017-04-11
2919592,capillary conductivity,毛细传导性,,2017-04-11
2919593,capillary fringe,毛细管带,,2017-04-11
2919594,capillary height,毛细管高度,,2017-04-11
2919595,capillary interstice,毛细管间隙,,2017-04-11
2919596,capillary migration,毛细管迁移[作用],,2017-04-11
2919597,capillary pressure,毛细管压力,,2017-04-11
2919598,capillary pyrite,针硫镍矿,,2017-04-11
2919599,capillary vessel,微血管；毛细管,,2017-04-11
2919600,capillary water,毛细管水,,2017-04-11
2919601,capillary wave,表面张力波；毛细波,,2017-04-11
2919602,capillitite,铁锌菱锰矿,,2017-04-11
2919603,capillose,针硫镍矿,,2017-04-11
2919604,capillus,壳刺,,2017-04-11
2919605,Capitorhinomorpha,大鼻龙亚目,,2017-04-11
2919606,capnite,铁菱锌矿,,2017-04-11
2919607,caporcianite,粉粒浊沸石,,2017-04-11
2919608,capped deflection,山脉或岛弧急转折,,2017-04-11
2919609,capped quartz,冠状石英,,2017-04-11
2919610,cappelenite,硼矽钡钇矿,,2017-04-11
2919611,capping,覆盖层；铁帽,,2017-04-11
2919612,cap-quartz,冠状石英,,2017-04-11
2919613,capsule,蒴果,,2017-04-11
2919614,capture,[河流]袭夺,,2017-04-11
2919615,captured river,被袭夺河,,2017-04-11
2919616,capturing,袭夺,,2017-04-11
2919617,capturing river,袭夺河,,2017-04-11
2919618,caracolite,氯铅芒硝,,2017-04-11
2919619,Caradoc,喀拉多克期{晚奥陶纪},,2017-04-11
2919620,carapace,背甲,,2017-04-11
2919621,carat,克拉{宝石重量单位},,2017-04-11
2919622,carbapatite,碳磷灰石,,2017-04-11
2919623,carbargillite,碳质泥岩,,2017-04-11
2919624,carbide,碳化物；电石,,2017-04-11
2919625,carbohumin,棕腐植质,,2017-04-11
2919626,carboid,焦沥青,,2017-04-11
2919627,carbon compounds,碳化物类,,2017-04-11
2919628,carbon cycle,碳循环,,2017-04-11
2919629,carbon dioxide spring,碳酸泉,,2017-04-11
2919630,carbon ratio,碳比{煤}；碳同位素比{地化},,2017-04-11
2919631,carbon ratio theory,碳比说,,2017-04-11
2919632,carbon-14,碳十四,,2017-04-11
2919633,carbonaceous,碳质[的],,2017-04-11
2919634,carbonaceous shale,炭质页岩,,2017-04-11
2919635,carbonaceous slate,炭质板岩,,2017-04-11
2919636,carbonado,黑金刚石,,2017-04-11
2919637,carbonate,碳酸盐,,2017-04-11
2919638,carbonate beresite,碳酸黄铁云英岩,,2017-04-11
2919639,carbonated spring,碳酸泉,,2017-04-11
2919640,carbonate-hydroxides,碳酸氢氧化物类,,2017-04-11
2919641,carbonate-whitlockite,碳白磷钙石,,2017-04-11
2919642,carbonation,碳酸盐化[作用],,2017-04-11
2919643,carbonatite,火成碳酸岩,,2017-04-11
2919644,carbonatite alonite,火成碳酸黄长煌斑岩,,2017-04-11
2919645,carbonatization,碳酸盐化[作用],,2017-04-11
2919646,Carboniferous,石炭纪；石炭系,,2017-04-11
2919647,Carboniferous Period,石炭纪,,2017-04-11
2919648,Carboniferous system,石炭系,,2017-04-11
2919649,carbonification,碳化[作用],,2017-04-11
2919650,carbonite,自然焦,,2017-04-11
2919651,carbonite gneiss,焦炭片麻岩,,2017-04-11
2919652,carbonization,碳化[作用],,2017-04-11
2919653,carbonolite,碳质岩,,2017-04-11
2919654,Carbo-Permian,石炭纪-二叠纪,,2017-04-11
2919655,carborundum,人造金刚砂；宝砂,,2017-04-11
2919656,Carcinophyllum,蟹珊瑚属,,2017-04-11
2919657,cardinal,主要的,,2017-04-11
2919658,cardinal angle,主基角；基角,,2017-04-11
2919659,cardinal area,主面；基面；绞合面,,2017-04-11
2919660,cardinal extremity,主端；基端,,2017-04-11
2919661,cardinal fossula,主内沟；基内沟,,2017-04-11
2919662,cardinal margin,主缘；铰合缘,,2017-04-11
2919663,cardinal plate,主板；基板,,2017-04-11
2919664,cardinal point,方位基点,,2017-04-11
2919665,cardinal process,主突起,,2017-04-11
2919666,cardinal quadrant,主部,,2017-04-11
2919667,cardinal septum,主隔壁,,2017-04-11
2919668,cardinal tooth,主齿,,2017-04-11
2919669,cardinalia,主基{腕足动物},,2017-04-11
2919670,Cardiocarpus,心籽属,,2017-04-11
2919671,Cardioceras,心菊石属,,2017-04-11
2919672,Cardiograptus,心笔石属,,2017-04-11
2919673,Cardiopteris,心羊齿属,,2017-04-11
2919674,caries texture,花编组织,,2017-04-11
2919675,carina,脊{头足动物}；脊板{珊瑚},,2017-04-11
2919676,carinate fold,紧密褶皱,,2017-04-11
2919677,carinate venter,脊状腹,,2017-04-11
2919678,Carlsbad law,卡尔斯伯[双晶]定律；卡尔斯伯[双晶]式,,2017-04-11
2919679,Carlsbad twin,卡尔斯伯双晶,,2017-04-11
2919680,carmeloite,伊丁玄武岩；伊丁安山岩,,2017-04-11
2919681,carmine spar,砷铅铁矿,,2017-04-11
2919682,carminite,砷铅铁矿,,2017-04-11
2919683,carnallite,光卤石,,2017-04-11
2919684,carnallitite,杂盐；复盐岩,,2017-04-11
2919685,carnassial tooth,裂牙；裂齿,,2017-04-11
2919686,carnegieite,三斜霞石,,2017-04-11
2919687,carnelian,红玉髓,,2017-04-11
2919688,carneol,红玉髓,,2017-04-11
2919689,Carnic,喀尼克期{三叠纪},,2017-04-11
2919690,carnilionyx,红白缟玛瑙；红白带纹玛瑙,,2017-04-11
2919691,carnivorus dentition,肉食齿系,,2017-04-11
2919692,carnotite,钾钒铀矿,,2017-04-11
2919693,carpel,单子房,,2017-04-11
2919694,carpholite,纤锰柱石,,2017-04-11
2919695,carphosiderite,草黄铁矾,,2017-04-11
2919696,carphostilbite,黄针杆沸石,,2017-04-11
2919697,Carpinus,枥属,,2017-04-11
2919698,Carpoidea,海菓纲{棘皮动物},,2017-04-11
2919699,carpospore,果孢子,,2017-04-11
2919700,carpus,腕骨,,2017-04-11
2919701,carrara marble,雕刻用大理岩,,2017-04-11
2919702,carrier bed,石油流动层,,2017-04-11
2919703,carrollite,硫铜钴矿,,2017-04-11
2919704,cartilage,软骨；内韧带,,2017-04-11
2919705,cartographic,制图的,,2017-04-11
2919706,cartography,制图学,,2017-04-11
2919707,carvoeila,电气石,,2017-04-11
2919708,caryinite,砷锰钙矿,,2017-04-11
2919709,caryocerite,褐稀土矿,,2017-04-11
2919710,caryopilite,肾矽锰矿,,2017-04-11
2919711,caryopsis,闭果,,2017-04-11
2919712,cascade,小瀑布；险滩,,2017-04-11
2919713,cascade decay,连续蜕变,,2017-04-11
2919714,cascade stairway,冰川阶地,,2017-04-11
2919715,Cascadia land,卡斯卡底古陆,,2017-04-11
2919716,cascadite,钠云煌岩,,2017-04-11
2919717,case hardening,表面硬化作用,,2017-04-11
2919718,case history,个案史,,2017-04-11
2919719,casing,套管,,2017-04-11
2919720,casing elevator,套管吊卡；套管升降机,,2017-04-11
2919721,casing head,套管头,,2017-04-11
2919722,casing point,[下]套管深度,,2017-04-11
2919723,casing shoe,套管鞋；套管靴；套管底环,,2017-04-11
2919724,casing-collar,套管接箍,,2017-04-11
2919725,casing-collar locator,套管接箍定位器,,2017-04-11
2919726,casinghead gas,天然气,,2017-04-11
2919727,casing-head gasoline,天然汽油,,2017-04-11
2919728,Cassidulina,盔形虫属{有孔虫类},,2017-04-11
2919729,cassiterite,锡石,,2017-04-11
2919730,cassiterotantalite,锡钽铁矿,,2017-04-11
2919731,cast,铸型,,2017-04-11
2919732,Castanea,栗属,,2017-04-11
2919733,castanite,褐铁矾,,2017-04-11
2919734,castellite,榍石,,2017-04-11
2919735,casting,粪化石,,2017-04-11
2919736,castle koppie,小岛山,,2017-04-11
2919737,castor,透锂长石,,2017-04-11
2919738,castorite,透锂长石,,2017-04-11
2919739,cat claw,白铁矿层,,2017-04-11
2919740,cat dirt,硬耐火土{含黄铁矿},,2017-04-11
2919741,cat face,黄铁矿结核,,2017-04-11
2919742,cat ice,薄冰,,2017-04-11
2919743,cata-,退；[之]下；深,,2017-04-11
2919744,cataclasis,压碎作用,,2017-04-11
2919745,cataclasite,压碎岩,,2017-04-11
2919746,cataclasm,破裂作用,,2017-04-11
2919747,cataclastic,碎裂的,,2017-04-11
2919748,cataclastic conglomerate,压碎砾岩,,2017-04-11
2919749,cataclastic metamorphism,压碎变质[作用],,2017-04-11
2919750,cataclastic rock,压碎岩,,2017-04-11
2919751,cataclastic structure,压碎构造,,2017-04-11
2919752,cataclinal,顺向的,,2017-04-11
2919753,catacline,下倾型,,2017-04-11
2919754,cataclysm,剧变,,2017-04-11
2919755,catagenesis,退化；深埋作用,,2017-04-11
2919756,catalysis,触媒作用,,2017-04-11
2919757,catalyst,触媒,,2017-04-11
2919758,catapleiite,钠锆石,,2017-04-11
2919759,catapleiite-syenite,钠锆正长岩,,2017-04-11
2919760,catapleite,钠锆石,,2017-04-11
2919761,catapliite,钠锆石,,2017-04-11
2919762,cataract,大瀑布,,2017-04-11
2919763,catarinite,镍铁矿,,2017-04-11
2919764,Catarrhini,狭鼻亚目,,2017-04-11
2919765,cataspilite,假像云母；斑块云母,,2017-04-11
2919766,catastrophe,灾变,,2017-04-11
2919767,catastrophism,灾变说,,2017-04-11
2919768,catawberite,滑石磁铁岩,,2017-04-11
2919769,catazone,深变质带,,2017-04-11
2919770,catchment,集水,,2017-04-11
2919771,catchment area,集水区,,2017-04-11
2919772,catchment basin,集水盆地,,2017-04-11
2919773,Cathaysia,华夏古陆,,2017-04-11
2919774,Cathaysia flora,华夏植物群,,2017-04-11
2919775,Cathaysiopteris,华夏羊齿属,,2017-04-11
2919776,cathode,阴极,,2017-04-11
2919777,cation exchange,阳离子交换,,2017-04-11
2919778,catkin,葇荑花,,2017-04-11
2919779,catlinite,烟斗泥,,2017-04-11
2919780,catogene,沉积成因,,2017-04-11
2919781,catogenic metamorphism,热液变质,,2017-04-11
2919782,cat's eye,猫眼石,,2017-04-11
2919783,cat's gold,猫金；金色云母,,2017-04-11
2919784,cat's head,猫首石；泥铁结核,,2017-04-11
2919785,cat's silver,猫银；银色云母,,2017-04-11
2919786,Catskill Bed,喀士基尔层,,2017-04-11
2919787,caudal fin,尾鳍,,2017-04-11
2919788,caudate,有尾的,,2017-04-11
2919789,Caudites,凸尾介属,,2017-04-11
2919790,cauldron,火山沉陷洼地,,2017-04-11
2919791,cauldron subsidence,火山沉陷作用,,2017-04-11
2919792,caulescent,具茎的,,2017-04-11
2919793,cauliflower cloud,花菜云,,2017-04-11
2919794,caulody,顶枝,,2017-04-11
2919795,cauloid,假茎,,2017-04-11
2919796,caulosome,顶枝,,2017-04-11
2919797,causse,喀斯特地形 ；石灰岩地形 {法文},,2017-04-11
2919798,caustic lime,苛性石灰；生石灰,,2017-04-11
2919799,caustic metamorphism,烘烤变质作用,,2017-04-11
2919800,caustic silver,苛性银,,2017-04-11
2919801,caustic soda,苛性碱；苛性钠；苛性苏打,,2017-04-11
2919802,caustobiolith,可燃性生物岩,,2017-04-11
2919803,causto-phytolith,可燃性植物岩,,2017-04-11
2919804,causto-zoolith,可燃性动物岩,,2017-04-11
2919805,cavalorite,钾奥斜长岩,,2017-04-11
2919806,cave,岩洞；洞穴,,2017-04-11
2919807,cave breccia,洞穴角砾岩,,2017-04-11
2919808,cave coraloid,洞穴珊瑚状方解石,,2017-04-11
2919809,cave deposit,洞穴沉积物,,2017-04-11
2919810,cave earth,沉穴土,,2017-04-11
2919811,cave ice,洞穴冰,,2017-04-11
2919812,cave inlet,洞穴入口,,2017-04-11
2919813,cave man,穴居人,,2017-04-11
2919814,cave marble,洞穴大理岩洞；穴华,,2017-04-11
2919815,cave onyx,缟状洞穴华,,2017-04-11
2919816,cave pearl,洞穴珠,,2017-04-11
2919817,cave-in,崩陷,,2017-04-11
2919818,cavern,岩洞；洞穴,,2017-04-11
2919819,cavern filling,洞穴充填,,2017-04-11
2919820,cavern spring,洞穴泉,,2017-04-11
2919821,cavern water,洞穴水,,2017-04-11
2919822,cavernous,洞穴的,,2017-04-11
2919823,caving system,崩塌开采法,,2017-04-11
2919824,cavitation,空蚀作用,,2017-04-11
2919825,cavity,洞；溶穴；穴腔,,2017-04-11
2919826,c-axis,C轴,,2017-04-11
2919827,cay,近岸小岛；近岸岩礁,,2018-03-31
2919828,cay sandstone,礁岛砂岩,,2017-04-11
2919829,Caytonanthus,开通花属,,2017-04-11
2919830,Caytonia,开通[尼亚]果属,,2017-04-11
2919831,Caytoniales,小开通[尼亚]果属,,2017-04-11
2919832,Cayugan,开育干统{晚志留纪},,2017-04-11
2919833,cebollite,白纤维柱石；纤维石,,2017-04-11
2919834,cecilite,白榴玄武岩,,2017-04-11
2919835,cedricite,透辉白榴岩,,2017-04-11
2919836,Cedroxylon,雪松型木属,,2017-04-11
2919837,ceiling cavity,洞顶穴,,2017-04-11
2919838,ceiling channel,洞顶通道,,2017-04-11
2919839,celadonite,绿鳞石,,2017-04-11
2919840,celestial chart,天体图,,2017-04-11
2919841,celestial equator,天球赤道,,2017-04-11
2919842,celestial latitude,黄纬,,2017-04-11
2919843,celestial longitude,黄经,,2017-04-11
2919844,celestial polar distance,天极距,,2017-04-11
2919845,celestial pole,天极,,2017-04-11
2919846,celestine,天青石,,2017-04-11
2919847,celestite,天青石,,2017-04-11
2919848,celestobarite,锶重晶石,,2017-04-11
2919849,cell division,细胞分裂,,2017-04-11
2919850,Cellanthus,多孔虫属{有孔虫},,2017-04-11
2919851,cellular,细胞状[结构]；多孔状,,2017-04-11
2919852,celsian,钡长石,,2017-04-11
2919853,celsianite,钡长石,,2017-04-11
2919854,Celsius scale,摄氏分度,,2017-04-11
2919855,cement rock,水泥岩,,2017-04-11
2919856,cement stone,水泥岩,,2017-04-11
2919857,cementation,胶结作用,,2017-04-11
2919858,cementation zone,胶结带,,2017-04-11
2919859,cemented shale,胶结页岩,,2017-04-11
2919860,cementing material,胶结物,,2017-04-11
2919861,cementite,胶铁；碳化铁,,2017-04-11
2919862,cementitious,具胶结性的,,2017-04-11
2919863,Cenoman,森诺曼期{晚白垩纪},,2017-04-11
2919864,Cenomanian transgression,森诺曼海浸{晚白垩纪},,2017-04-11
2919865,cenophyte,新生代植物,,2017-04-11
2919866,cenosite,碳矽铈钙石,,2017-04-11
2919867,cenote,岩洞陷落井,,2017-04-11
2919868,cenotypal,新相,,2017-04-11
2919869,cenotypal rock,新相火山岩,,2017-04-11
2919870,cenotype,新相,,2017-04-11
2919871,Cenozoic Era,新生代,,2017-04-11
2919872,cenozone,团带,,2017-04-11
2919873,center of gravity map,重心图,,2017-04-11
2919874,center of symmetry,对称中心,,2017-04-11
2919875,centering,中心校正{显微镜},,2017-04-11
2919876,Centigrade scale,摄氏温标,,2017-04-11
2919877,centipoise,厘泊{单位},,2017-04-11
2919878,central capsule,中心囊{=in Radiolaria 放射虫的},,2017-04-11
2919879,central cavity,中央腔,,2017-04-11
2919880,central cone,中央[火山]锥；中心圆锥,,2017-04-11
2919881,central disk,中盘,,2017-04-11
2919882,central eruption,中心喷发,,2017-04-11
2919883,central granite,中心花岗岩,,2017-04-11
2919884,central valley,中央谷,,2017-04-11
2919885,centrallasite,片水矽钙石,,2017-04-11
2919886,centre of rotating movement,旋转中心,,2017-04-11
2919887,centre of symmetry,对称中心,,2017-04-11
2919888,centre of twisting movement,旋转中心,,2017-04-11
2919889,Centrechinoidea,正形目,,2017-04-11
2919890,centric,向心状,,2017-04-11
2919891,centrifugal replacement,离心交代[作用],,2017-04-11
2919892,centripetal drainage,向心水系,,2017-04-11
2919893,centripetal replacement,向心交代[作用],,2017-04-11
2919894,centripetal selection,向心选择,,2017-04-11
2919895,centroclinal fold,同心褶皱,,2017-04-11
2919896,Centrocythere,同心介属,,2017-04-11
2919897,centrosphere,地心圈,,2017-04-11
2919898,centrosymmetrical,中心对称的,,2017-04-11
2919899,centrosymmetrical crystal,中心对称晶体,,2017-04-11
2919900,centrum,震源,,2017-04-11
2919901,cenuglomerate,角屑砾岩；崩积砾岩,,2017-04-11
2919902,Cephalaspis,头甲鱼属,,2017-04-11
2919903,cephalisation,头部成形,,2017-04-11
2919904,Cephalochordata,头索动物亚门{无头纲},,2017-04-11
2919905,Cephalograptus,头笔石属,,2017-04-11
2919906,Cephalopoda,头足纲,,2017-04-11
2919907,cephalopods,头足类,,2017-04-11
2919908,cephalothorax,头胸部,,2017-04-11
2919909,ceramic,陶瓷的,,2017-04-11
2919910,cerargyrite,角银矿,,2017-04-11
2919911,cerasite,樱石,,2017-04-11
2919912,cerates,角矿类,,2017-04-11
2919913,Ceratites,菊面石属,,2017-04-11
2919914,ceratitic,菊面石式的,,2017-04-11
2919915,ceratitic suture,菊面石式缝合线,,2017-04-11
2919916,Ceratodus,角齿鱼属,,2017-04-11
2919917,ceratoid,弯锥状,,2017-04-11
2919918,ceratophyre,角斑岩,,2017-04-11
2919919,Ceratopsia,角龙亚目,,2017-04-11
2919920,Cercis,紫荆属,,2017-04-11
2919921,cererite,矽铈石,,2017-04-11
2919922,cerfluorite,铈萤石；铈氟石,,2017-04-11
2919923,cerine,脂褐帘石,,2017-04-11
2919924,cerite,矽铈石,,2017-04-11
2919925,cerium epidote,铈褐帘石,,2017-04-11
2919926,cerium ore,铈矿,,2017-04-11
2919927,cerolite,无序滑石,,2017-04-11
2919928,cerorthite,铈褐帘石,,2017-04-11
2919929,ceruleolactite,微晶磷铝石,,2017-04-11
2919930,ceruse,白铅矿,,2017-04-11
2919931,cerusite,白铅矿,,2017-04-11
2919932,cerussite,白铅矿,,2017-04-11
2919933,cervantite,黄锑矿,,2017-04-11
2919934,Cervus,鹿属,,2017-04-11
2919935,Cetacea,鲸目,,2017-04-11
2919936,Cetophyllum,泡沫板珊瑚属,,2017-04-11
2919937,ceylanite,铁镁尖晶石,,2017-04-11
2919938,ceylonese chrysolite,锡兰橄榄石,,2017-04-11
2919939,ceylonite,铁镁尖晶石,,2017-04-11
2919940,chabasit,菱沸石,,2017-04-11
2919941,chabasite,菱沸石,,2017-04-11
2919942,chabazit,菱沸石,,2017-04-11
2919943,chabazite,菱沸石,,2017-04-11
2919944,chadacryst,客晶；捕获晶,,2017-04-11
2919945,Chaetetes,刺毛珊瑚属；刺毛虫属,,2017-04-11
2919946,chaff peat,植屑泥炭,,2017-04-11
2919947,chain,脉；岭,,2017-04-11
2919948,chain coral,链状珊瑚,,2017-04-11
2919949,chain structure,链状构造,,2017-04-11
2919950,chaining,链尺测距法,,2017-04-11
2919951,chainman,链尺测距员,,2017-04-11
2919952,chalaza,蛋白内膜合点,,2017-04-11
2919953,chalazoidite,凝灰球；火山弹,,2017-04-11
2919954,chalcanthite,胆矾,,2017-04-11
2919955,chalcedonic chert,玉髓质燧石,,2017-04-11
2919956,chalcedonite,玉髓；石髓,,2017-04-11
2919957,chalcedony,玉髓；石髓,,2017-04-11
2919958,chalcedonyx,缟玉髓；带纹玉髓,,2017-04-11
2919959,chalcoalumite,铜明矾,,2017-04-11
2919960,chalcocite,辉铜矿,,2017-04-11
2919961,chalcocitization,辉铜矿化[作用],,2017-04-11
2919962,chalcocyanite,铜靛石,,2017-04-11
2919963,chalcodite,铁绒硬泥石,,2017-04-11
2919964,chalcolamprite,氯矽钠铌矿,,2017-04-11
2919965,chalcolite,铜铀云母,,2017-04-11
2919966,chalcomenite,蓝硒铜矿,,2017-04-11
2919967,chalcomiclite,斑铜矿,,2017-04-11
2919968,chalcomorphite,矽铝钙石,,2017-04-11
2919969,chalcophanite,黑锌锰矿,,2017-04-11
2919970,chalcophile element,亲硫元素,,2017-04-11
2919971,chalcophyllite,叶铜矿,,2017-04-11
2919972,chalcopyrite,黄铜矿,,2017-04-11
2919973,chalcopyrite type,黄铜矿式,,2017-04-11
2919974,chalcopyrrhotite,铜磁黄铁矿,,2017-04-11
2919975,chalcosiderite,磷铜铁矿；铁绿松石,,2017-04-11
2919976,chalcosine,辉铜矿,,2017-04-11
2919977,chalcosite,辉铜矿,,2017-04-11
2919978,chalcostibite,斜方硫锑铜矿,,2017-04-11
2919979,chalcotrichite,毛亦铜矿,,2017-04-11
2919980,chalk,白垩,,2017-04-11
2919981,chalk tuff,白垩凝灰岩,,2017-04-11
2919982,chalky chert,白垩质燧石,,2017-04-11
2919983,chalybeate spring,铁质泉,,2017-04-11
2919984,chalybeate water,铁质水,,2017-04-11
2919985,chalybite,菱铁矿,,2017-04-11
2919986,chalypite,碳铁陨矿,,2017-04-11
2919987,chamber,矿囊；壳房,,2017-04-11
2919988,chambered lode,囊状矿脉,,2017-04-11
2919989,chambered vein,囊状脉,,2017-04-11
2919990,chamberlet,小房室,,2017-04-11
2919991,chamoisite,鲕绿泥石,,2017-04-11
2919992,chamosite,鲕绿泥石,,2017-04-11
2919993,champion lode,巨矿脉,,2017-04-11
2919994,Champlainian,香普兰期{中奥陶纪},,2017-04-11
2919995,chanarcillite,砷锑银矿,,2017-04-11
2919996,chance packing,机遇堆砌,,2017-04-11
2919997,Changhsia Series,张夏统{中寒武系},,2017-04-11
2919998,Changshania,长山虫属,,2017-04-11
2919999,Changshanian,长山层期{晚寒武纪},,2017-04-11
2920000,Changsintien Gravel,长辛店砾岩层{始新世},,2017-04-11
2920001,channel,水道；海峡,,2017-04-11
2920002,channel capacity,河流负载,,2017-04-11
2920003,channel length,河道长度,,2017-04-11
2920004,channel net,水系；河流网,,2017-04-11
2920005,channel order,河流等级,,2017-04-11
2920006,channel recording,河道纪录,,2017-04-11
2920007,channel sample,沟道样品,,2017-04-11
2920008,channel sand,河床砂,,2017-04-11
2920009,channel spring,沿河泉,,2017-04-11
2920010,channel storage,河道贮水量,,2017-04-11
2920011,channel wave,[音]槽波,,2017-04-11
2920012,channeled upland,沟切高原,,2017-04-11
2920013,channel-fill deposit,河道沉积物,,2017-04-11
2920014,channel-gradient ratio,河床坡降比,,2017-04-11
2920015,channel-lag deposit,河遗沉积物,,2017-04-11
2920016,channel-mouth bar,河口沙洲,,2017-04-11
2920017,channel-way,河道,,2017-04-11
2920018,chaos,杂屑堆积物,,2017-04-11
2920019,chaos structure,混乱构造,,2017-04-11
2920020,chapmanite,矽铁锑矿,,2017-04-11
2920021,Chara,轮藻属,,2017-04-11
2920022,Charcot's crystal,查氏晶体,,2017-04-11
2920023,charnockite,紫苏花岗岩,,2017-04-11
2920024,charnockite facies,紫苏花岗岩相,,2017-04-11
2920025,charnockite series,紫苏花岗岩系,,2017-04-11
2920026,Charophyta,轮藻植物门,,2017-04-11
2920027,chart datum,水深基准,,2017-04-11
2920028,chaser stone,磨石转轮,,2017-04-11
2920029,Chasitheca,山西蕨属,,2017-04-11
2920030,chasm,裂沟；裂口,,2017-04-11
2920031,Chasmatosaurus,加斯马吐龙属：隙龙属,,2017-04-11
2920032,chassignite,纯橄无球[粒]陨石,,2017-04-11
2920033,chatoyant,猫眼光,,2017-04-11
2920034,chattermark,连击痕,,2017-04-11
2920035,Chaumitien Series,炒米店统{晚寒武系},,2017-04-11
2920036,Chautunquan Series,萧托夸{晚泥盆纪系},,2017-04-11
2920037,Chazyan,恰忍世{中奥陶纪},,2017-04-11
2920038,checkerboard topography,棋盘状地形,,2017-04-11
2920039,Cheilostonata,唇口苔藓虫目,,2017-04-11
2920040,Cheirurus,毛尾虫属,,2017-04-11
2920041,chelation,螯合作用；钳合作用,,2017-04-11
2920042,chelicera,螫肢；颚角,,2017-04-11
2920043,Chellean,契利期{旧石器时代},,2017-04-11
2920044,Chelonia,海龟属,,2017-04-11
2920045,chemawinite,琥珀脂；松脂石,,2017-04-11
2920046,chemical activity,化学活性,,2017-04-11
2920047,chemical denudation,化学剥蚀作用,,2017-04-11
2920048,chemical deposit,化学沉积物,,2017-04-11
2920049,chemical eluviation,化学淋溶作用,,2017-04-11
2920050,chemical equilibrium,化学平衡,,2017-04-11
2920051,chemical erosion,化学侵蚀[作用],,2017-04-11
2920052,chemical limestone,化学石灰岩,,2017-04-11
2920053,chemical magnetization,化学磁化作用,,2017-04-11
2920054,chemical mineralogy,化学矿物学,,2017-04-11
2920055,chemical potential,化学势,,2017-04-11
2920056,chemical precipitate,化学沉淀物,,2017-04-11
2920057,chemical pseudomorph,化学假像,,2017-04-11
2920058,chemical sediment,化学沉积物,,2017-04-11
2920059,chemical separation,化学分离,,2017-04-11
2920060,chemical weathering,化学风化作用,,2017-04-11
2920061,chemically formed rock,化学形成岩,,2017-04-11
2920062,Chemung Series,舍蒙统{上泥盆系},,2017-04-11
2920063,chenevixite,砷铁铜矿,,2017-04-11
2920064,chenier,沼滩脊,,2017-04-11
2920065,chernikite,钽钨钛钙石,,2017-04-11
2920066,chernosem,黑钙土,,2017-04-11
2920067,chernozem,黑钙土,,2017-04-11
2920068,chernyshevite,似钠透闪石,,2017-04-11
2920069,cherokine,氯磷铅矿,,2017-04-11
2920070,cherry coal,樱煤；非焦性软煤,,2017-04-11
2920071,chert,燧石,,2017-04-11
2920072,chertification,燧石化[作用],,2017-04-11
2920073,chessy copper,蓝铜矿；石青,,2017-04-11
2920074,chessylite,蓝铜矿；石青,,2017-04-11
2920075,Chesterian,契斯统{早石炭系},,2017-04-11
2920076,chesterlite,微斜纹长石,,2017-04-11
2920077,chevkinite,矽钛铈铁矿,,2017-04-11
2920078,chevron fold,尖顶褶皱,,2017-04-11
2920079,chiastoline,空晶石,,2017-04-11
2920080,chiastolite,空晶石,,2017-04-11
2920081,chiastolite-schist,空晶石片岩,,2017-04-11
2920082,chiastolite-slate,空晶石板岩,,2017-04-11
2920083,chibinite,钠闪异性正长石,,2017-04-11
2920084,chief axis,主轴,,2017-04-11
2920085,Chihlioceras,直隶角石属,,2017-04-11
2920086,Chihsia Series,栖霞期{早二叠纪},,2017-04-11
2920087,childrenite,磷铝铁石,,2017-04-11
2920088,Chile saltpeter,智利硝石；钠硝石,,2017-04-11
2920089,chileite,针铁矿,,2017-04-11
2920090,Chile-loeweite,智利碱镁矾,,2017-04-11
2920091,chilenite,杂银赤铜矿,,2017-04-11
2920092,Chilian saltpeter,智利硝石；钠硝石,,2017-04-11
2920093,chilidial plate in brachiopods,背三角双板{腕足动物类},,2017-04-11
2920094,chilidium,背三角板,,2017-04-11
2920095,chilisaltpeter,智利硝石；钠硝石,,2017-04-11
2920096,chilled contact,淬冷接触,,2017-04-11
2920097,Chilostomella,唇口虫属,,2017-04-11
2920098,chiltonite,葡萄石,,2017-04-11
2920099,Chilung volcano group,基隆火山群,,2017-04-11
2920100,Chimaerae,银鲛纲,,2017-04-11
2920101,chimney rock,柱[状]石；火山管道岩,,2017-04-11
2920102,china clay,瓷土,,2017-04-11
2920103,china stone,瓷土石,,2017-04-11
2920104,Chinglung Limestone,青龙灰岩{早三叠纪},,2017-04-11
2920105,Chingshan Series,青山统{晚白垩系},,2017-04-11
2920106,Chingsui Age,清水期{更新世中期},,2017-04-11
2920107,chink-faceting,[滩砾]磨面作用,,2017-04-11
2920108,Chin-ling axis,秦岭地轴,,2017-04-11
2920109,Chinshui Shale,锦水页岩,,2017-04-11
2920110,chiolite,锥冰晶石,,2017-04-11
2920111,chip,石片；碎片；岩屑,,2017-04-11
2920112,chip sample,碎片样品,,2017-04-11
2920113,chipping,修整,,2017-04-11
2920114,Chiroptera,翼手目,,2017-04-11
2920115,chiropterite,蝙粪石,,2017-04-11
2920116,chitin,几丁质,,2017-04-11
2920117,Chitingtze Series,棋亭子世{中泥盆纪},,2017-04-11
2920118,Chitinozoa,几丁虫目,,2017-04-11
2920119,Chiton,石鳖属,,2017-04-11
2920120,chiviatite,硫铅铋矿,,2017-04-11
2920121,chkalovite,矽铍钠石,,2017-04-11
2920122,chladnite,顽无球陨石,,2017-04-11
2920123,Chlamydospermae,盖子植物门,,2017-04-11
2920124,Chlamydospermophytinae,盖子植物亚门,,2017-04-11
2920125,chlamydospore,厚膜胞子,,2017-04-11
2920126,chloanthite,砷镍矿,,2017-04-11
2920127,chlophyre,绿色石英玢岩,,2017-04-11
2920128,chloraluminite,氯铝石,,2017-04-11
2920129,chlor-apatite,氯磷灰石,,2017-04-11
2920130,chlorargyrite,角银矿；氯银矿,,2017-04-11
2920131,chlorastrolite,绿纤石,,2017-04-11
2920132,chloride,氯化物,,2017-04-11
2920133,chlorinity,氯含量；氯度,,2017-04-11
2920134,chlorite,绿泥石,,2017-04-11
2920135,chlorite amphibolite,绿泥石角闪岩,,2017-04-11
2920136,chlorite gneiss,绿泥石片麻岩,,2017-04-11
2920137,chlorite group,绿泥石类,,2017-04-11
2920138,chlorite phyllite,绿泥石千枚岩,,2017-04-11
2920139,chlorite sandstone,绿泥石砂岩,,2017-04-11
2920140,chlorite schist,绿泥石片岩,,2017-04-11
2920141,chlorite shale,绿泥石页岩,,2017-04-11
2920142,chlorite slate,绿泥石板岩,,2017-04-11
2920143,chlorite spar,硬绿泥石,,2017-04-11
2920144,chlorite zone,绿泥石带,,2017-04-11
2920145,chloritic sand,绿泥石砂,,2017-04-11
2920146,chloritization,绿泥石化[作用],,2017-04-11
2920147,chloritoid,硬绿泥石,,2017-04-11
2920148,chloritoid micaschist,硬绿泥石云片岩,,2017-04-11
2920149,chloritoid phyllite,硬绿泥石千枚岩,,2017-04-11
2920150,chlormanganokalite,氯锰钾石,,2017-04-11
2920151,chlormankalite,氯锰钾石,,2017-04-11
2920152,chlorocalcite,氯钾钙石,,2017-04-11
2920153,chloromagnesite,氯镁石,,2017-04-11
2920154,chloromelane,弹性绿泥石,,2017-04-11
2920155,chloromelanite,暗绿玉,,2017-04-11
2920156,chloromelanitite,暗绿玉岩,,2017-04-11
2920157,chloropal,绿蛋白石,,2017-04-11
2920158,chlorophaeite,似绿泥石,,2017-04-11
2920159,chlorophane,磷绿萤石,,2017-04-11
2920160,chlorophoenisite,绿砷锌锰矿,,2017-04-11
2920161,Chlorophyceae,绿藻纲,,2017-04-11
2920162,chlorophyll coal,叶绿素煤,,2017-04-11
2920163,chlorophyllite,绿化堇青石,,2017-04-11
2920164,chloropyre,斑英闪长岩；绿色石英玢岩,,2017-04-11
2920165,chlorosapphire,绿色蓝宝石,,2017-04-11
2920166,chlorospinel,绿尖晶石,,2017-04-11
2920167,chlorothionite,氯钾胆矾,,2017-04-11
2920168,chlorotile,绿砷铜矿,,2017-04-11
2920169,chloroxiphite,绿铜铅矿,,2017-04-11
2920170,Choanichthyes,内鼻鱼亚纲,,2017-04-11
2920171,choanocyte,领细胞,,2017-04-11
2920172,choke,壅塞处,,2017-04-11
2920173,choked stalagmite,剥刺石笋,,2017-04-11
2920174,Cholan Formation,卓兰层,,2017-04-11
2920175,choma,口环；旋脊,,2017-04-11
2920176,chondrarsenite,红砷锰矿；粒砷锰矿,,2017-04-11
2920177,Chondrichthyes,软骨鱼纲,,2017-04-11
2920178,chondrite,球粒陨石,,2017-04-11
2920179,chondritic,球粒硬石结构,,2017-04-11
2920180,chondrodite,粒矽镁石,,2017-04-11
2920181,Chondrostei,软骨硬鳞超目,,2017-04-11
2920182,chondrule,陨石球粒,,2017-04-11
2920183,Chonetes,戟贝属,,2017-04-11
2920184,chonicrite,分熔岩,,2017-04-11
2920185,chonolith,畸形岩体,,2017-04-11
2920186,Chonophyllum,漏斗珊瑚属,,2017-04-11
2920187,Chordata,脊索动物门,,2017-04-11
2920188,chordate,脊索动物,,2017-04-11
2920189,chorismite,粗粒混合岩,,2017-04-11
2920190,Choristites,分喙石燕属,,2017-04-11
2920191,chott,沙漠盐斑地,,2017-04-11
2920192,Choukoutien Age,周口店期{更新世中期},,2017-04-11
2920193,chrismatine,黄蜡石,,2017-04-11
2920194,chrismatite,黄蜡石,,2017-04-11
2920195,christianite,钙长石；钙十字沸石,,2017-04-11
2920196,christobalite,方矽石,,2017-04-11
2920197,chromates,铬酸盐类,,2017-04-11
2920198,chromatic polarization,色偏光；色偏振[作用],,2017-04-11
2920199,chromatography,色层分离法；色层谱,,2017-04-11
2920200,chrom-chert,铬质燧石,,2017-04-11
2920201,chromchlorite,铬绿泥石,,2017-04-11
2920202,chrome alum,铬明矾,,2017-04-11
2920203,chrome chromchre,铬土,,2017-04-11
2920204,chrome clinochlore,铬斜绿泥石,,2017-04-11
2920205,chrome diopside,铬透辉石,,2017-04-11
2920206,chrome garnet,铬榴石,,2017-04-11
2920207,chrome mica,铬云母,,2017-04-11
2920208,chrome ocher,铬华,,2017-04-11
2920209,chrome spinel,铬尖晶石,,2017-04-11
2920210,chrome tourmaline,铬电气石,,2017-04-11
2920211,chrome-antigorite,铬叶蛇纹石,,2017-04-11
2920212,chrome-halloysite,铬禾乐石,,2017-04-11
2920213,chrome-kaolinite,铬高岭石,,2017-04-11
2920214,chrome-magnetite,铬磁铁矿,,2017-04-11
2920215,chromic iron,铬铁矿石,,2017-04-11
2920216,chromite,铬铁矿,,2017-04-11
2920217,chromite dunite,铬铁纯橄岩,,2017-04-11
2920218,chromitite,铬铁岩,,2017-04-11
2920219,chromohercynite,铬铁尖晶石,,2017-04-11
2920220,chromosome,染色体,,2017-04-11
2920221,chromowulfenite,铬钼铅矿,,2017-04-11
2920222,chrompicotite,富铬尖晶石,,2017-04-11
2920223,chronocline,时变生物群,,2017-04-11
2920224,chronogenesis,生物时序,,2017-04-11
2920225,chronograph,记时仪,,2017-04-11
2920226,chronolith,时间岩石单位,,2017-04-11
2920227,chronolithologic unit,时间岩石单位,,2017-04-11
2920228,chronological time scale,地质时序表,,2017-04-11
2920229,chronometer,时计,,2017-04-11
2920230,chronostratigraphic unit,时间地层单位,,2017-04-11
2920231,chronotaxis,同时的,,2017-04-11
2920232,chrysoberyl,金绿宝石,,2017-04-11
2920233,chrysoberyl cat's eye,金绿猫眼石,,2017-04-11
2920234,chrysocolla,矽孔雀石,,2017-04-11
2920235,chrysolite,贵橄榄石,,2017-04-11
2920236,chrysolyte,贵橄榄石,,2017-04-11
2920237,chrysophan[e],褐脆云母,,2017-04-11
2920238,chrysoprase,绿玉髓,,2017-04-11
2920239,chrysotile,纤蛇纹石；温石绵,,2017-04-11
2920240,chrysotile asbestos,温石绵,,2017-04-11
2920241,chrysotilite,纤蛇纹石；温石绵,,2017-04-11
2920242,chrystocrene,泉流冰锥,,2017-04-11
2920243,Chuangia,庄屯虫属,,2017-04-11
2920244,Chuanshanian,船山统{晚石炭系或早二叠系},,2017-04-11
2920245,Chungli Formation,中坜层,,2017-04-11
2920246,churchite,水磷铈矿,,2017-04-11
2920247,churn drill,顿钻,,2017-04-11
2920248,Chusenophyllum,朱森珊瑚属,,2017-04-11
2920249,chute,滑槽；矿井,,2017-04-11
2920250,chute cutoff,滑槽截流,,2017-04-11
2920251,Cibicides,面包虫类{有孔虫类},,2017-04-11
2920252,Cicormees,鹳形目,,2017-04-11
2920253,Cidaris,头帕海胆属,,2017-04-11
2920254,Cidaroidea,头帕目,,2017-04-11
2920255,cienaga,水草地,,2017-04-11
2920256,Ciliata,鞭毛虫纲,,2017-04-11
2920257,ciliate,有纤毛的,,2017-04-11
2920258,cilium,纤毛,,2017-04-11
2920259,ciminite,橄榄粗面岩,,2017-04-11
2920260,cimolite,水磨土,,2017-04-11
2920261,Cincinnatian,辛辛纳提期{晚奥陶纪},,2017-04-11
2920262,cinder,火山渣,,2017-04-11
2920263,cinder coal,渣煤,,2017-04-11
2920264,cinder cone,火山渣锥,,2017-04-11
2920265,cindery rock,火山渣岩,,2017-04-11
2920266,cinerite,火山渣岩,,2017-04-11
2920267,cinnabar,辰砂,,2017-04-11
2920268,cinnabarite,辰砂,,2017-04-11
2920269,cinnamon stone,铁钙铝榴石；桂榴石,,2017-04-11
2920270,Cionodendron,柱丛珊瑚属,,2017-04-11
2920271,ciplyte,磷矽钙石；含矽胶磷矿,,2017-04-11
2920272,cipolin,结晶石灰岩；云母大理岩,,2017-04-11
2920273,cipolino,云母大理岩,,2017-04-11
2920274,circular coal,眼煤,,2017-04-11
2920275,circular polarization,圆偏光；圆偏振化,,2017-04-11
2920276,circular section,圆形剖面{矿物光性},,2017-04-11
2920277,circulation,循环,,2017-04-11
2920278,circulus,环颈沉积物,,2017-04-11
2920279,circumdenudation,环状侵蚀,,2017-04-11
2920280,circum-Pacific province,环太平洋[钙碱性]岩区,,2017-04-11
2920281,circumpolar ring,环极圈,,2017-04-11
2920282,cirque,冰斗,,2017-04-11
2920283,cirque cutting,冰斗切刻,,2017-04-11
2920284,cirque erosion,冰斗侵蚀,,2017-04-11
2920285,cirque floor,冰斗底,,2017-04-11
2920286,cirque glacier,[冰]斗冰川,,2017-04-11
2920287,cirque lake,冰斗湖,,2017-04-11
2920288,cirque platform,冰斗台,,2017-04-11
2920289,cirque stairway,冰斗阶梯,,2017-04-11
2920290,cirque step,冰斗阶[地],,2017-04-11
2920291,cirrholite,黄磷铝钙石,,2017-04-11
2920292,cirriform,卷云状,,2017-04-11
2920293,Cirripedia,蔓足亚纲,,2017-04-11
2920294,cirrus,蔓肢,,2017-04-11
2920295,citrine,黄水晶,,2017-04-11
2920296,citrite,黄晶；黄水精；茶晶；蔡璞,,2017-04-11
2920297,Cladocera,枝角目,,2017-04-11
2920298,Cladoidea,双圈游离海百合目,,2017-04-11
2920299,Cladophlebis,支脉蕨属,,2017-04-11
2920300,Cladoselrchii,裂口鲨目,,2017-04-11
2920301,Cladoxylon,枝叶蕨属,,2017-04-11
2920302,claim,开矿权；采矿用地,,2017-04-11
2920303,clan,岩族,,2017-04-11
2920304,clarain,亮煤,,2017-04-11
2920305,clarite,微亮煤,,2017-04-11
2920306,clarke,地壳元素值,,2017-04-11
2920307,clarkeite,水钠铀矿,,2017-04-11
2920308,clarodurite,微亮暗煤,,2017-04-11
2920309,clasolite,碎屑岩,,2017-04-11
2920310,class,晶族；纲；等级,,2017-04-11
2920311,classification of the qualitative system,定性分类法,,2017-04-11
2920312,classification of the quantitative system,定量分类法,,2017-04-11
2920313,clast,岩屑；碎屑,,2017-04-11
2920314,clastation,碎裂作用,,2017-04-11
2920315,clastic,碎屑的,,2017-04-11
2920316,clastic constituent,碎屑成分,,2017-04-11
2920317,clastic deposit,碎屑沉积物；碎屑矿床,,2017-04-11
2920318,clastic dike,碎屑岩脉,,2017-04-11
2920319,clastic ejecta,喷屑,,2017-04-11
2920320,clastic menta,碎屑,,2017-04-11
2920321,clastic porphyroid,碎屑变斑岩,,2017-04-11
2920322,clastic ratio,碎屑比,,2017-04-11
2920323,clastic rock,碎屑岩,,2017-04-11
2920324,clastic sediment,碎屑沉积物,,2017-04-11
2920325,clastic sedimentary rock,碎屑沉积岩,,2017-04-11
2920326,clastic wedge,碎屑楔[体],,2017-04-11
2920327,clasticity index,碎性指数,,2017-04-11
2920328,clasto crystalline,碎屑结晶质,,2017-04-11
2920329,clastomorphic,碎屑侵蚀变形的,,2017-04-11
2920330,clastoporphyroid,碎屑变斑岩,,2017-04-11
2920331,Clathropteris,格脉蕨属,,2017-04-11
2920332,claudetite,白砷石,,2017-04-11
2920333,clausthalite,硒铅矿,,2017-04-11
2920334,clavalite,哑铃雏晶,,2017-04-11
2920335,clavate,棒状；疣瘤状,,2017-04-11
2920336,clavicle,锁骨,,2017-04-11
2920337,clay,黏土,,2017-04-11
2920338,clay ball,黏土球,,2017-04-11
2920339,clay dune,黏土质砂丘,,2017-04-11
2920340,clay gall,黏土团块；[沙层中]泥片,,2017-04-11
2920341,clay gouge,断层泥,,2017-04-11
2920342,clay gypsum,黏土石膏,,2017-04-11
2920343,clay iron ore,泥铁矿石,,2017-04-11
2920344,clay ironstone,泥铁石,,2017-04-11
2920345,clay marl,黏土泥灰岩,,2017-04-11
2920346,clay mineral,黏土矿物,,2017-04-11
2920347,clay pan,黏土硬盘,,2017-04-11
2920348,clay parting,黏土夹层,,2017-04-11
2920349,clay plug,牛轭湖沉积物,,2017-04-11
2920350,clay rock,黏土岩,,2017-04-11
2920351,clay soil,黏质土,,2017-04-11
2920352,clay vein,黏土脉,,2017-04-11
2920353,claycrete,风化泥层,,2017-04-11
2920354,clayey,黏土质；黏土状,,2017-04-11
2920355,clayey breccia,黏土质角砾岩,,2017-04-11
2920356,clay-shale,泥页岩,,2017-04-11
2920357,claystone,黏土岩,,2017-04-11
2920358,clay-with-flint,燧石白垩黏土；含燧石黏土,,2017-04-11
2920359,cleat,割理；煤的内生裂隙,,2017-04-11
2920360,cleavage,解理；劈理,,2017-04-11
2920361,cleavage arch,解理拱面,,2017-04-11
2920362,cleavage banding,劈理条带,,2017-04-11
2920363,cleavage fan,扇形劈理,,2017-04-11
2920364,cleavage plane,解理面；劈理面,,2017-04-11
2920365,cleavage trough,解理槽面,,2017-04-11
2920366,cleavelandite,叶钠长石,,2017-04-11
2920367,cleft,裂缝；裂理,,2017-04-11
2920368,cleiophane,纯闪锌矿,,2017-04-11
2920369,Cleiothyridina,锁窗贝属,,2017-04-11
2920370,cleithrum,匙骨,,2017-04-11
2920371,clerici solution,可乐利奇溶液{重液},,2017-04-11
2920372,cleveite,富钇复铀矿,,2017-04-11
2920373,cliachite,胶铝石；含铁铝土,,2017-04-11
2920374,Clidastes,长背龙属,,2017-04-11
2920375,cliff,悬崖,,2017-04-11
2920376,cliff erosion,崖蚀,,2017-04-11
2920377,cliff glacier,悬崖冰川,,2017-04-11
2920378,cliffed coast,崖岸；陡岸,,2017-04-11
2920379,cliftonite,方晶碳；方晶石墨,,2017-04-11
2920380,Climacograptus,栅笔石属,,2017-04-11
2920381,climate-stratigraphic unit,气候地层单位,,2017-04-11
2920382,Climatius,栅鱼属,,2017-04-11
2920383,Climatology,气候学,,2017-04-11
2920384,climax avalanche,极大雪崩,,2017-04-11
2920385,climax community,极盛群落,,2017-04-11
2920386,climbing dune,上叠沙丘,,2017-04-11
2920387,clingmannite,珍珠云母,,2017-04-11
2920388,clinker,煤灰渣；焦煤状熔岩；熔岩渣块,,2017-04-11
2920389,clinker field,焦煤状熔岩地；渣块熔岩地,,2017-04-11
2920390,clinker void,熔岩块间穴,,2017-04-11
2920391,clino,斜坡{沉积环境},,2017-04-11
2920392,clino-axis,斜轴,,2017-04-11
2920393,clinochlore,斜镁绿泥石,,2017-04-11
2920394,clinochlorite,斜镁绿泥石,,2017-04-11
2920395,clinoclase,光线石,,2017-04-11
2920396,clinoclasite,光线石,,2017-04-11
2920397,clinocrocite,铁钾明矾,,2017-04-11
2920398,clinodiagonal,倾斜对角线,,2017-04-11
2920399,clinodome,斜轴坡面,,2017-04-11
2920400,clinoenstatite,斜顽火辉石,,2017-04-11
2920401,clinoenstenite,斜顽苏辉石类,,2017-04-11
2920402,clinoferrosilite,斜铁辉石,,2017-04-11
2920403,clinogonal zone,斜方带,,2017-04-11
2920404,clinograde,氧减少度,,2017-04-11
2920405,clinographic curve,坡度曲线,,2017-04-11
2920406,clinographic projection,斜射投影法,,2017-04-11
2920407,clinohedral,单斜晶；坡面体,,2017-04-11
2920408,clinohedral group,坡面群,,2017-04-11
2920409,clinohedrite,斜晶石,,2017-04-11
2920410,clinohumite,斜矽镁石,,2017-04-11
2920411,clinohypersthene,斜紫苏辉石,,2017-04-11
2920412,clinolimnion,上部深湖水层,,2017-04-11
2920413,clinometer,倾斜仪,,2017-04-11
2920414,clinophaeite,绿钾铁矾,,2017-04-11
2920415,clinopinacoid,斜轴面{0ｋ0型轴面},,2017-04-11
2920416,clinoprism,斜轴柱体；斜轴面,,2017-04-11
2920417,clinopyramid,斜轴锥,,2017-04-11
2920418,clinorhombic system,单斜晶系；斜菱晶系,,2017-04-11
2920419,clinorhomboidal system,三斜晶系,,2017-04-11
2920420,clinostrengite,磷菱铁矿,,2017-04-11
2920421,clinounconformity,交角不整合,,2017-04-11
2920422,clinovariscite,斜红磷铁矿,,2017-04-11
2920423,clinozoisite,斜黝帘石,,2017-04-11
2920424,clinton ore,鲕状赤铁矿石,,2017-04-11
2920425,Clintonian,克令顿阶{志留系},,2017-04-11
2920426,clintonite,绿脆云母,,2017-04-11
2920427,clinunconformity,交角不整合,,2017-04-11
2920428,Clisiophyllum,蛛网珊瑚属,,2017-04-11
2920429,cloaca,泄殖腔,,2017-04-11
2920430,close packing,密集堆叠,,2017-04-11
2920431,closed basin,封闭盆地；封闭流域,,2017-04-11
2920432,closed bay,封闭海湾,,2017-04-11
2920433,closed depression,封闭洼地,,2017-04-11
2920434,closed fault,闭合断层,,2017-04-11
2920435,closed fold,闭合褶皱,,2017-04-11
2920436,closed foliation structure,闭合叶理构造,,2017-04-11
2920437,closed form,闭形,,2017-04-11
2920438,closed lake,封闭湖,,2017-04-11
2920439,closed marginal geosyncline,封闭陆缘地槽,,2017-04-11
2920440,closed pressure,封闭压力,,2017-04-11
2920441,closed ridge,环形冰积脊,,2017-04-11
2920442,closed system,闭合系统；封闭系统,,2017-04-11
2920443,close-jointed,节理密集的,,2017-04-11
2920444,close-joints cleavage,闭节劈理,,2017-04-11
2920445,closing membrane,闭合细胞壁,,2017-04-11
2920446,closure,闭合度,,2017-04-11
2920447,clot,铁镁矿堆；矿物块,,2017-04-11
2920448,cloudburst,暴雨,,2017-04-11
2920449,cloudy agate,云玛瑙,,2017-04-11
2920450,cloustonite,发气沥青,,2017-04-11
2920451,clunch,硬黏土；耐火黏土,,2017-04-11
2920452,Clupeiformes,鲱形目,,2017-04-11
2920453,clusterite,葡萄丛石,,2017-04-11
2920454,cluthalite,红方沸石,,2017-04-11
2920455,Clymenia,海神石属,,2017-04-11
2920456,Clypeaster,盾海胆属,,2017-04-11
2920457,Cnidaria,刺胞动物们,,2017-04-11
2920458,cnidoblast,刺细胞,,2017-04-11
2920459,co-adaptation,互相适应,,2017-04-11
2920460,coagulant,凝结剂；絮凝剂,,2017-04-11
2920461,coagulation,凝结作用；絮凝作用,,2017-04-11
2920462,coahuilite,[克阿弗拉]陨铁,,2017-04-11
2920463,coal,煤；石炭,,2017-04-11
2920464,coal apple,煤核,,2017-04-11
2920465,coal ball,煤[层]石核,,2017-04-11
2920466,coal basin,成煤盆地,,2017-04-11
2920467,coal bed,煤层,,2017-04-11
2920468,coal blossom,煤花,,2017-04-11
2920469,coal brass,煤含黄铁矿,,2017-04-11
2920470,coal breccia,碎屑煤块,,2017-04-11
2920471,coal deposits,煤矿床,,2017-04-11
2920472,coal facies,煤相,,2017-04-11
2920473,coal field,煤田；煤场,,2017-04-11
2920474,coal gas,煤气,,2017-04-11
2920475,coal geology,煤炭地质学,,2017-04-11
2920476,coal gravel,煤砾,,2017-04-11
2920477,coal measures,煤系,,2017-04-11
2920478,coal measures plant,煤系植物,,2017-04-11
2920479,coal mine,煤矿,,2017-04-11
2920480,coal pebble,煤砾,,2017-04-11
2920481,coal petrography,煤岩学；煤相学,,2017-04-11
2920482,coal pipe,煤管筒,,2017-04-11
2920483,coal pit,煤坑；煤窑,,2017-04-11
2920484,coal plant,成煤植物[化石],,2017-04-11
2920485,coal rash,[劣质]污煤,,2017-04-11
2920486,coal seam,煤夹层,,2017-04-11
2920487,coal seat,煤底黏土,,2017-04-11
2920488,coal series,薄煤层,,2017-04-11
2920489,coal type,煤类,,2017-04-11
2920490,coal wall,煤壁,,2017-04-11
2920491,coalescing alluvial fan,联合冲积扇,,2017-04-11
2920492,coalescing fan,联合冲积扇,,2017-04-11
2920493,coalescing pediment,联合碛原；联合山麓,,2017-04-11
2920494,coalification,煤化作用,,2017-04-11
2920495,coaperite,硫铂矿,,2017-04-11
2920496,coarse admixture,粗粒混合物,,2017-04-11
2920497,coarse gold,粗粒金,,2017-04-11
2920498,coarse lode,贫矿脉,,2017-04-11
2920499,coarse sand,粗砂；粗沙,,2017-04-11
2920500,coarse topography,粗糙地形,,2017-04-11
2920501,coarse waste,粗岩屑,,2017-04-11
2920502,coast,海岸；沿岸,,2017-04-11
2920503,coast deposit,海岸沉积物,,2017-04-11
2920504,coast dune,海岸沙丘,,2017-04-11
2920505,coast ice,岸冰,,2017-04-11
2920506,coast line,海岸线,,2017-04-11
2920507,coast mud,[海]岸泥,,2017-04-11
2920508,coast plain,海岸平原,,2017-04-11
2920509,coast riff,海岸礁,,2017-04-11
2920510,coast sand,海岸砂,,2017-04-11
2920511,coast terrace,海岸阶地,,2017-04-11
2920512,coast zone,海岸带,,2017-04-11
2920513,coastal area,海岸地区,,2017-04-11
2920514,coastal belt,海岸带,,2017-04-11
2920515,coastal current,沿岸流,,2017-04-11
2920516,coastal drifting,沿岸漂移,,2017-04-11
2920517,coastal dune,海岸沙丘,,2017-04-11
2920518,coastal ground water,海岸地下水,,2017-04-11
2920519,coastal ice,系岸浮水,,2017-04-11
2920520,coastal lake,滨海湖；沿岸湖,,2017-04-11
2920521,coastal landform,海岸地形,,2017-04-11
2920522,coastal marsh,海岸沼泽,,2017-04-11
2920523,coastal plain,海岸平原,,2017-04-11
2920524,coastal platform,海岸台地,,2017-04-11
2920525,coastal pond,海岸池塘,,2017-04-11
2920526,coastal pressure ridge,海岸压力脊,,2017-04-11
2920527,coastal terrace,海岸阶地,,2017-04-11
2920528,coaxial,共轴的,,2017-04-11
2920529,coaxial cable,同轴电缆,,2017-04-11
2920530,cobalt bloom,水钴华,,2017-04-11
2920531,cobalt calcite,球菱钴矿；钴方解石,,2017-04-11
2920532,cobalt chalcanthite,钴矾；赤矾,,2017-04-11
2920533,cobalt glance,辉砷钴矿,,2017-04-11
2920534,cobalt nickel pyrite,钴镍铁矿；钴镍黄铁矿,,2017-04-11
2920535,cobalt ocher,钴华,,2017-04-11
2920536,cobalt ore,钴矿,,2017-04-11
2920537,cobalt pyrite,钴黄铁矿,,2017-04-11
2920538,cobalt spar,菱钴矿,,2017-04-11
2920539,cobalt vitriol,赤矾；钴矾,,2017-04-11
2920540,cobalt-cabrerite,钴镁镍华,,2017-04-11
2920541,cobaltine,辉砷钴矿,,2017-04-11
2920542,cobaltite,辉砷钴矿,,2017-04-11
2920543,cobalt-manganese spar,钴菱锰矿,,2017-04-11
2920544,cobaltocalcite,钴方解石,,2017-04-11
2920545,cobaltomenite,水硒钴矿,,2017-04-11
2920546,cobaltorhodochrosite,钴菱锰矿,,2017-04-11
2920547,cobble,大砾；瓜砾,,2017-04-11
2920548,Coblenz Bed,柯布兰兹小层{下部泥盆系},,2017-04-11
2920549,coccinite,硒汞矿,,2017-04-11
2920550,coccolite,粒透辉石,,2017-04-11
2920551,coccolith,颗石藻；球石藻,,2017-04-11
2920552,coccolithids,球石藻类,,2017-04-11
2920553,Coccolithophore,颗石藻属,,2017-04-11
2920554,Coccosteus,尾骨鱼属,,2017-04-11
2920555,coccyx,尾骨,,2017-04-11
2920556,Cochliostraca,旋壳目{腹足类},,2017-04-11
2920557,cocite,白榴橄辉煌斑岩,,2017-04-11
2920558,cockade ore,鸡冠状矿石,,2017-04-11
2920559,cockade structure,[同心]环状构造,,2017-04-11
2920560,cockpit,石灰岩洼地；灰岩溶坑,,2017-04-11
2920561,cockscomb pyrite,鸡冠白铁矿,,2017-04-11
2920562,coda,尾波,,2017-04-11
2920563,codazzite,铈铁白云石,,2017-04-11
2920564,Codonofusiella,喇叭纺锤虫属,,2017-04-11
2920565,Codonophyllum,喇叭珊瑚属,,2017-04-11
2920566,coefficient,系数；率,,2017-04-11
2920567,coefficient of acidity,酸度系数,,2017-04-11
2920568,coefficient of compressibility,压缩系数,,2017-04-11
2920569,coefficient of consolidation,固结系数,,2017-04-11
2920570,coefficient of correlation,相关系数,,2017-04-11
2920571,coefficient of discharge,流量系数,,2017-04-11
2920572,coefficient of elasticity,弹性系数；弹性率,,2017-04-11
2920573,coefficient of expansion,膨胀系数；膨胀率,,2017-04-11
2920574,coefficient of internal friction,内摩擦系数,,2017-04-11
2920575,coefficient of irregularity,不规律系数,,2017-04-11
2920576,coefficient of permeability,渗透系数：渗透率,,2017-04-11
2920577,coefficient of psephicity,磨圆率,,2017-04-11
2920578,coefficient of refraction,折射系数；折光率,,2017-04-11
2920579,coefficient of resistance,电阻系数,,2017-04-11
2920580,coefficient of storage,储水系数；蓄水系数,,2017-04-11
2920581,coefficient of thermal diffusion,热扩散系数,,2017-04-11
2920582,coefficient of transmissibility,导水系数；流通系数,,2017-04-11
2920583,Coelacanthini,空棘亚目{总鳍鱼类},,2017-04-11
2920584,Coelacanthus,腔棘鱼属,,2017-04-11
2920585,Coelenterata,腔肠动物门,,2017-04-11
2920586,coelenterate,腔肠动物,,2017-04-11
2920587,Coelolepida,盾鳞目{盾鳞鱼类},,2017-04-11
2920588,coelom,体腔,,2017-04-11
2920589,Coelophysis,虚形龙属,,2017-04-11
2920590,coenenchyma,共骨骼；泡沫组织,,2017-04-11
2920591,coenogenesis,后生变态,,2017-04-11
2920592,coenogenetic,后生变态的,,2017-04-11
2920593,coenosarc,共体,,2017-04-11
2920594,coenosteum,间骨骼；共骨骼,,2017-04-11
2920595,coeruleolactite,钙绿松石,,2017-04-11
2920596,coesite,柯矽石,,2017-04-11
2920597,cognate,同源的,,2017-04-11
2920598,cognate ejecta,同源岩浆喷出物,,2017-04-11
2920599,cognate fissure,同源裂缝,,2017-04-11
2920600,cognate inclusion,同源包体,,2017-04-11
2920601,cognate xenolith,同源捕掳体,,2017-04-11
2920602,co-hade,补伸角,,2017-04-11
2920603,cohenite,陨碳铁矿,,2017-04-11
2920604,coherent,内聚的,,2017-04-11
2920605,coherent group,凝聚群,,2017-04-11
2920606,cohesion,凝聚力；内聚力,,2017-04-11
2920607,coincidence error,偶合误差,,2017-04-11
2920608,coke,焦煤；焦炭,,2017-04-11
2920609,coke coal,焦煤；焦炭,,2017-04-11
2920610,cokeite,天然焦,,2017-04-11
2920611,coking,焦煤；焦炭,,2017-04-11
2920612,coking coal,焦煤；焦炭,,2017-04-11
2920613,col,垭口；山岰,,2017-04-11
2920614,cold labar,冷泥流[火山],,2017-04-11
2920615,cold loess,冷黄土；冰缘黄土,,2017-04-11
2920616,cold spring,冷泉,,2017-04-11
2920617,colemanite,硬硼钙石,,2017-04-11
2920618,Coleoidea,鞘形亚纲,,2017-04-11
2920619,Coleoloides,窝螺属,,2017-04-11
2920620,Coleoptera,鞘翅目,,2017-04-11
2920621,collapse breccia,崩陷角砾岩,,2017-04-11
2920622,collapse caldera,崩陷火山臼,,2017-04-11
2920623,collapse fissure,崩陷裂隙,,2017-04-11
2920624,collapse sink,崩陷剩坑,,2017-04-11
2920625,collapse structure,崩陷构造,,2017-04-11
2920626,collar deposit,围领状矿床,,2017-04-11
2920627,collective diagram,综合图,,2017-04-11
2920628,collective species,综合种,,2017-04-11
2920629,collenchyma,厚角组织,,2017-04-11
2920630,Collenia,聚环叠层石属,,2017-04-11
2920631,collimate,调准视线；使平行,,2017-04-11
2920632,collimation axis,视准轴,,2017-04-11
2920633,collimation error,视准误差,,2017-04-11
2920634,collimation line,视准线,,2017-04-11
2920635,collimation plane,视准面,,2017-04-11
2920636,collimator,视准仪；平行光栏；准直器,,2017-04-11
2920637,collinite,胶镜煤素,,2017-04-11
2920638,collision orogeny,碰撞造山运动,,2017-04-11
2920639,collobrierite,铁闪橄榴岩,,2017-04-11
2920640,colloform,胶体[状],,2017-04-11
2920641,colloid,胶体；胶态,,2017-04-11
2920642,colloid form structure,胶状构造,,2017-04-11
2920643,colloidal,胶态的,,2017-04-11
2920644,colloidal dispersion,胶态分散,,2017-04-11
2920645,colloidal solution,胶体溶液,,2017-04-11
2920646,colloidal suspension,胶体悬浮,,2017-04-11
2920647,collophane,胶磷灰石；胶磷矿,,2017-04-11
2920648,collophanite,胶磷灰石；胶磷矿,,2017-04-11
2920649,collusite,锡黝铜矿；硫锡铜矿,,2017-04-11
2920650,colluvial,崩积的,,2017-04-11
2920651,colluvium,崩积层；崩积物,,2017-04-11
2920652,collyrite,微光铝英石,,2017-04-11
2920653,Cologne earth,褐煤土,,2017-04-11
2920654,Cologne umber,褐煤土,,2017-04-11
2920655,cololite,弯柱迹,,2017-04-11
2920656,colombianite,金汞膏；哥伦比亚火山玻璃球,,2017-04-11
2920657,colonial coral,群体珊瑚,,2017-04-11
2920658,colonnade,柱状节理发达带,,2017-04-11
2920659,colonnes filtrantes,残余岩浆,,2017-04-11
2920660,colony,群体,,2017-04-11
2920661,colophonite,褐榴石,,2017-04-11
2920662,color index,比色指数,,2017-04-11
2920663,color ratio,颜色比率；色比,,2017-04-11
2920664,color scale,比色计,,2017-04-11
2920665,Coloradian,科罗拉多统{下部白垩系},,2017-04-11
2920666,coloradoite,碲汞矿,,2017-04-11
2920667,coloradorite,英钠粗安岩,,2017-04-11
2920668,colour ratio,色比,,2017-04-11
2920669,colpate,具槽沟的,,2017-04-11
2920670,columbates,铌酸盐类,,2017-04-11
2920671,columbite,铌铁矿,,2017-04-11
2920672,Columbites,哥伦布菊石属,,2017-04-11
2920673,columbomicrolite,烧绿石；铌微晶石：铌钽钠钙石,,2017-04-11
2920674,columbretite,白榴二长响岩,,2017-04-11
2920675,columella,中轴；轴柱,,2017-04-11
2920676,column,茎节；地层柱；石柱,,2017-04-11
2920677,columnal,中柱,,2017-04-11
2920678,columnar,柱状,,2017-04-11
2920679,columnar cleavage,柱状解理；柱状劈理,,2017-04-11
2920680,columnar coal,柱煤,,2017-04-11
2920681,columnar joint,柱状节理,,2017-04-11
2920682,columnar section,柱状剖面,,2017-04-11
2920683,columnar structure,柱状构造,,2017-04-11
2920684,comagmatic,同源岩浆的,,2017-04-11
2920685,comagmatic region,同源岩浆区,,2017-04-11
2920686,comagmatic rocks,同源岩浆岩,,2017-04-11
2920687,Comanchean,科曼齐统{下部早白垩系},,2017-04-11
2920688,comb ridge,锯状山脊,,2017-04-11
2920689,comb structure,幯状构造；梳状构造,,2017-04-11
2920690,combed vein,梳状矿脉,,2017-04-11
2920691,comber,深水破浪,,2017-04-11
2920692,combination,组合,,2017-04-11
2920693,combination trap,复合圈闭[构造],,2017-04-11
2920694,combing wave,深水破浪,,2017-04-11
2920695,combustible shale,可燃页岩；油页岩,,2017-04-11
2920696,comby lode,梳状矿[带],,2017-04-11
2920697,comendite,碱性流纹岩,,2017-04-11
2920698,commensal,共栖的；共生的,,2017-04-11
2920699,commensalism,共栖；共生,,2017-04-11
2920700,comminution,粉碎作用,,2017-04-11
2920701,commissure,接合面{植物}；壳缝,,2017-04-11
2920702,common axis of symmetry,主对称轴,,2017-04-11
2920703,common axis of total symmetry,主要总对称轴,,2017-04-11
2920704,common feldsper,正长石,,2017-04-11
2920705,common lead,普通铅,,2017-04-11
2920706,common opal,非宝石级蛋白石,,2017-04-11
2920707,common plane of symmetry,主对称面,,2017-04-11
2920708,common salt,自然盐,,2017-04-11
2920709,community,群落,,2017-04-11
2920710,compact limestone,致密石灰岩,,2017-04-11
2920711,compact texture,致密组织,,2017-04-11
2920712,compactability,压密性；压实性,,2017-04-11
2920713,compaction,压密；压实；夯实,,2017-04-11
2920714,compaction fold,压密褶皱,,2017-04-11
2920715,compaction shale,固结页岩,,2017-04-11
2920716,companion cell,伴细胞,,2017-04-11
2920717,companion lode,副矿带,,2017-04-11
2920718,compass,指南针；罗盘,,2017-04-11
2920719,compensating sac,平衡水袋,,2017-04-11
2920720,compensation point,消色点,,2017-04-11
2920721,compensatrix,平衡水袋,,2017-04-11
2920722,competence,搬运力；强度,,2017-04-11
2920723,competency,搬运力,,2017-04-11
2920724,competent,坚硬的,,2017-04-11
2920725,complementary,互补的,,2017-04-11
2920726,complementary dyke,互补岩脉,,2017-04-11
2920727,complementary rock,互补岩,,2017-04-11
2920728,complex fold,复褶皱,,2017-04-11
2920729,complex ion,复离子；错离子,,2017-04-11
2920730,complex ripple mark,复涟痕,,2017-04-11
2920731,complex river,复周河,,2017-04-11
2920732,complex spit,复成沙嘴,,2017-04-11
2920733,complex stream,复周河,,2017-04-11
2920734,complex tombolo,复连岛沙洲；复成陆系岛,,2017-04-11
2920735,complex valley,复河谷,,2017-04-11
2920736,complex volcano,复火山,,2017-04-11
2920737,componental movement,组分运动,,2017-04-11
2920738,Composita,接合贝属,,2017-04-11
2920739,composite batholith,复合岩基；集岩基,,2017-04-11
2920740,composite coast,复合海岸,,2017-04-11
2920741,composite cone,复成火山锥；集火山锥,,2017-04-11
2920742,composite dike,复合岩脉,,2017-04-11
2920743,composite dyke,复合岩脉,,2017-04-11
2920744,composite fault scarp,复合断层崖,,2017-04-11
2920745,composite gneiss,复片麻岩,,2017-04-11
2920746,composite laccolith,复合岩盖,,2017-04-11
2920747,composite lode,复合矿脉,,2017-04-11
2920748,composite mosaics,复合镶嵌,,2017-04-11
2920749,composite neck,复合岩颈,,2017-04-11
2920750,composite rock,复合岩；集岩,,2017-04-11
2920751,composite sample,复合样品,,2017-04-11
2920752,composite seam,复合煤层,,2017-04-11
2920753,composite section,复合剖面,,2017-04-11
2920754,composite still,复合岩床,,2017-04-11
2920755,composite stock,复合岩干,,2017-04-11
2920756,composite stream,复合河流,,2017-04-11
2920757,composite topography,复合地形；合成地形,,2017-04-11
2920758,composite unconformity,复合不整合,,2017-04-11
2920759,composite vein,复合脉,,2017-04-11
2920760,composite volcanic cone,复合火山锥；合成火山锥,,2017-04-11
2920761,composite volcano,复合火山,,2017-04-11
2920762,compositing,混合,,2017-04-11
2920763,compositing panel,电流组合板,,2017-04-11
2920764,composition,成分；组成,,2017-04-11
2920765,composition face,接合面,,2017-04-11
2920766,composition plane,接合面,,2017-04-11
2920767,composition point,成分点,,2017-04-11
2920768,composition triangle diagram,成分三角图,,2017-04-11
2920769,compound alluvial fan,复合冲积扇,,2017-04-11
2920770,compound cirque,复合冰斗,,2017-04-11
2920771,compound coast,复合海岸,,2017-04-11
2920772,compound coral,群体珊瑚,,2017-04-11
2920773,compound crystal,复合晶,,2017-04-11
2920774,compound cuspate bar,复合尖角沙洲,,2017-04-11
2920775,compound dyke,复合岩脉,,2017-04-11
2920776,compound eye,复眼,,2017-04-11
2920777,compound fault,复合断层,,2017-04-11
2920778,compound fold,复合褶皱,,2017-04-11
2920779,compound foreset bedding,复合前积层理,,2017-04-11
2920780,compound gneiss,复合片麻岩,,2017-04-11
2920781,compound graphic log,复合钻探剖面图,,2017-04-11
2920782,compound laccolith,复合岩盖,,2017-04-11
2920783,compound leaf,复叶,,2017-04-11
2920784,compound recurved spit,复折沙嘴,,2017-04-11
2920785,compound ripple mark,复波痕,,2017-04-11
2920786,compound sample,复合样品,,2017-04-11
2920787,compound shoreline,复合滨线,,2017-04-11
2920788,compound sill,复合岩床,,2017-04-11
2920789,compound spherulite,复合球粒,,2017-04-11
2920790,compound stalactite,钟乳石簇,,2017-04-11
2920791,compound stratification,复合层理,,2017-04-11
2920792,compound stream,复成河,,2017-04-11
2920793,compound twin,复合双晶,,2017-04-11
2920794,compound valley,复成谷,,2017-04-11
2920795,compound valley glacier,复合山谷冰川,,2017-04-11
2920796,compound vein,复合矿脉,,2017-04-11
2920797,compound volcano,复合火山,,2017-04-11
2920798,compressed zone,挤压构造带,,2017-04-11
2920799,compressibility,可压性,,2017-04-11
2920800,compression,压缩；压缩力,,2017-04-11
2920801,compression fault,压缩断层,,2017-04-11
2920802,compression fissure,压缩裂隙,,2017-04-11
2920803,compression joint,压缩节理,,2017-04-11
2920804,compressional wave,压缩波,,2017-04-11
2920805,compressive strength,压缩强度,,2017-04-11
2920806,compressive stress,压应力,,2017-04-11
2920807,compromise boundary,调和界面,,2017-04-11
2920808,Compsoganthus,新颌龙属,,2017-04-11
2920809,comptonite,杆沸石,,2017-04-11
2920810,comstockite,锌镁胆矾,,2017-04-11
2920811,conca,火山区凹陷,,2017-04-11
2920812,concave bank,凹岸,,2017-04-11
2920813,concave slope,凹坡,,2017-04-11
2920814,concave-convex,凹凸形,,2017-04-11
2920815,concentrate,浓缩；精炼,,2017-04-11
2920816,concentration,浓度；富集；精选,,2017-04-11
2920817,concentration gradient,浓度梯度,,2017-04-11
2920818,concentric,同心状;同心圆的,,2017-04-11
2920819,concentric exfoliation,同心剥离,,2017-04-11
2920820,concentric fold,同心褶皱,,2017-04-11
2920821,concentric fracture,同心断裂,,2017-04-11
2920822,concentric joint,同心节理,,2017-04-11
2920823,concentric lamellar,同心片状,,2017-04-11
2920824,concentric line,同心线,,2017-04-11
2920825,concentric stria,同心纹,,2017-04-11
2920826,concentric structure,同心构造,,2017-04-11
2920827,concentric weathering,球状风化,,2017-04-11
2920828,concession,探勘区,,2017-04-11
2920829,conch,壳,,2017-04-11
2920830,conchilite,贝状褐铁矿,,2017-04-11
2920831,conchiolin,壳质,,2017-04-11
2920832,conchoidal,贝状；贝壳状,,2017-04-11
2920833,conchoidal fracture,贝状断口；贝壳断口,,2017-04-11
2920834,conchology,贝壳学,,2017-04-11
2920835,Conchostraca,贝甲目,,2017-04-11
2920836,concordance,整合；一致,,2017-04-11
2920837,concordancy,整合；一致,,2017-04-11
2920838,concordant,整合的；一致的；协合的,,2017-04-11
2920839,concordant coastline,整合海岸线,,2017-04-11
2920840,concordant injected body,整合注入岩体,,2017-04-11
2920841,concordant injection,整合贯入；整合注入,,2017-04-11
2920842,concordant pluton,整合贯入深成岩体,,2017-04-11
2920843,concretion,结核,,2017-04-11
2920844,concretionary,结核的；结核状,,2017-04-11
2920845,concretionary structure,结核状构造,,2017-04-11
2920846,concyclothem,共周期旋回沉积,,2017-04-11
2920847,condensate,凝结油；浓缩矿；冷凝,,2017-04-11
2920848,condensation,凝聚；凝结,,2017-04-11
2920849,condensation room,冷凝室,,2017-04-11
2920850,condensational waves,缩波,,2017-04-11
2920851,condensed deposit,凝聚沉积物,,2017-04-11
2920852,condensed system,凝聚系统,,2017-04-11
2920853,condensing lens,聚光透镜,,2017-04-11
2920854,conducting tissue,输导组织,,2017-04-11
2920855,conduction,传导,,2017-04-11
2920856,conduction of heat,热传导,,2017-04-11
2920857,conductivity,传导性；传导率,,2017-04-11
2920858,conduit,[输]水道；岩浆道,,2017-04-11
2920859,Condylarthra,古蹄兽目,,2017-04-11
2920860,cone,锥[状地形]；火山锥,,2017-04-11
2920861,cone cup,圆锥形岩杯,,2017-04-11
2920862,cone delta,锥状三角洲,,2017-04-11
2920863,cone in cone,套锥；叠锥,,2017-04-11
2920864,cone of dejection,冲积锥,,2017-04-11
2920865,cone of depression,沉降锥；泄降锥,,2017-04-11
2920866,cone of detritus,岩屑锥,,2017-04-11
2920867,cone of eruption,喷发锥,,2017-04-11
2920868,cone sheet,锥层岩席,,2017-04-11
2920869,cone-in-cone coal,叠锥煤,,2017-04-11
2920870,cone-in-cone structure,叠锥构造,,2017-04-11
2920871,Conemauch,康尼茂期{晚石炭纪},,2017-04-11
2920872,conferva peat,丝状藻泥炭,,2017-04-11
2920873,configuration,组态；轮廓,,2017-04-11
2920874,confined water,受压水,,2017-04-11
2920875,confining bed,封闭层、阻水层,,2017-04-11
2920876,confining pressure,围压,,2017-04-11
2920877,confluence,汇流点,,2017-04-11
2920878,confluence plain,汇流平原,,2017-04-11
2920879,confluence step,冰川汇流阶,,2017-04-11
2920880,confluent,合流的,,2017-04-11
2920881,conformability,整合性,,2017-04-11
2920882,conformable,整合的,,2017-04-11
2920883,conformably superimposed stream,整合叠置河,,2017-04-11
2920884,conformal map projection,正形投影[法],,2017-04-11
2920885,conformity,整合,,2017-04-11
2920886,congelifluction,冻地土流,,2017-04-11
2920887,congelifract,冰裂岩屑,,2017-04-11
2920888,congelifractate,冰裂岩块,,2017-04-11
2920889,congelifraction,冰裂作用,,2017-04-11
2920890,congeliturbate,冰扰土,,2017-04-11
2920891,congeliturbation,冰扰作用,,2017-04-11
2920892,congenetic rock,同源岩,,2017-04-11
2920893,conglomerate,砾岩,,2017-04-11
2920894,conglomerate gneiss,砾石片麻岩,,2017-04-11
2920895,conglomeratic,砾岩状；含砾石的,,2017-04-11
2920896,conglomerite,硬砾岩,,2017-04-11
2920897,congressite,淡粗霞岩,,2017-04-11
2920898,congruent form,左右相反形,,2017-04-11
2920899,congruent melting,一致熔融；同元熔化,,2017-04-11
2920900,congruent melting point,一致熔点；同元熔点,,2017-04-11
2920901,conic map projection,圆锥投影[法],,2017-04-11
2920902,conic scale,岩锥片,,2017-04-11
2920903,conical depression,锥状凹陷,,2017-04-11
2920904,conical fracture,圆锥状破裂,,2017-04-11
2920905,conical hill,锥形丘,,2017-04-11
2920906,conical pendulum,锥摆,,2017-04-11
2920907,conical projection,锥形投影,,2017-04-11
2920908,conical refraction,锥形折射,,2017-04-11
2920909,conical volcano,锥形火山,,2017-04-11
2920910,conical wall niche,锥形壁,,2017-04-11
2920911,conichalcite,砷铜钙石,,2017-04-11
2920912,conidiophore,分生殖孢子,,2017-04-11
2920913,conidium,分生子[囊],,2017-04-11
2920914,conifer,针叶树,,2017-04-11
2920915,Coniferae,松形目,,2017-04-11
2920916,coniferales,松柏类,,2017-04-11
2920917,Coniferopsida,松柏纲,,2017-04-11
2920918,coning,锥进,,2017-04-11
2920919,Coniopteris,锥叶蕨属,,2017-04-11
2920920,conite,镁白云石,,2017-04-11
2920921,Conites,似球果石属,,2017-04-11
2920922,conjugate fault,共轭断层,,2017-04-11
2920923,conjugate fracture,共轭断口；共轭断裂,,2017-04-11
2920924,conjugate liquid,共轭液体,,2017-04-11
2920925,conjugate vein,共轭[矿]脉,,2017-04-11
2920926,conjugated fissure,共轭裂缝,,2017-04-11
2920927,conjugated veins,结合矿脉；共轭矿脉,,2017-04-11
2920928,conjugation line,共轭线,,2017-04-11
2920929,connarite,镍矽蛇纹石,,2017-04-11
2920930,connate,天生的,,2017-04-11
2920931,connate deposit,原生沉积物,,2017-04-11
2920932,connate sea salt,原生海盐,,2017-04-11
2920933,connate water,原生水,,2017-04-11
2920934,connecting ring,连结环,,2017-04-11
2920935,connective tissue,缔结组织,,2017-04-11
2920936,connellite,铜氯矾,,2017-04-11
2920937,Conocoryphe,锥头虫属,,2017-04-11
2920938,conodont,牙形虫,,2017-04-11
2920939,Conodontophoridia,牙形虫动物门,,2017-04-11
2920940,conoscope,锥光镜；聚歛镜,,2017-04-11
2920941,consanguineous,同源[岩浆]的,,2017-04-11
2920942,consanguineous association,同源共生组合,,2017-04-11
2920943,consanguinity,岩浆同源；同源性,,2017-04-11
2920944,consequent,顺向的,,2017-04-11
2920945,consequent divide,顺向分水岭,,2017-04-11
2920946,consequent drainage,顺向水系,,2017-04-11
2920947,consequent drainage system,顺向水系,,2017-04-11
2920948,consequent fall,顺向瀑布,,2017-04-11
2920949,consequent fault scarp,顺向断层崖,,2017-04-11
2920950,consequent lake,顺向湖,,2017-04-11
2920951,consequent ridge,顺向脊,,2017-04-11
2920952,consequent stream,顺向河,,2017-04-11
2920953,consequent valley,顺向谷,,2017-04-11
2920954,consertal,缝合的；等粒的,,2017-04-11
2920955,consertal fabric,等粒组构,,2017-04-11
2920956,consolidated ice,固结冰,,2017-04-11
2920957,consolidated material,固结物质,,2017-04-11
2920958,consolidation,固结[作用],,2017-04-11
2920959,consolute,会溶质,,2017-04-11
2920960,consolute point,会溶点；共溶点,,2017-04-11
2920961,consortium,共生物种,,2017-04-11
2920962,constancy of angle,面角守恒；面角不变,,2017-04-11
2920963,Constellaria,星苔藓虫属,,2017-04-11
2920964,constituent,组分；份子,,2017-04-11
2920965,constitution,成分；组成；构成,,2017-04-11
2920966,constructed profile,示意剖面图,,2017-04-11
2920967,constructional,堆积的；堆叠的,,2017-04-11
2920968,constructive metamorphism,接成变质,,2017-04-11
2920969,contact,接触,,2017-04-11
2920970,contact aureole,接触带；接触圈,,2017-04-11
2920971,contact breccia,接触角砾岩,,2017-04-11
2920972,contact clock,接触钟,,2017-04-11
2920973,contact deposit,接触矿床,,2017-04-11
2920974,contact goniometer,接触测角计,,2017-04-11
2920975,contact metamorphic,接触变质的,,2017-04-11
2920976,contact metamorphic action,接触变质[作用],,2017-04-11
2920977,contact metamorphic deposit,接触变质矿床,,2017-04-11
2920978,contact metamorphic rock,接触变质岩,,2017-04-11
2920979,contact metamorphic zone,接触变质带,,2017-04-11
2920980,contact metamorphism,接触变质[作用],,2017-04-11
2920981,contact mineral,接触矿物,,2017-04-11
2920982,contact phenomenon,接触现象,,2017-04-11
2920983,contact spring,接触泉,,2017-04-11
2920984,contact structure,接触构造,,2017-04-11
2920985,contact twin,接触双晶,,2017-04-11
2920986,contact vein,接触[矿]脉,,2017-04-11
2920987,contact zone,接触带,,2017-04-11
2920988,contact-erosion valley,接触侵蚀谷,,2017-04-11
2920989,contaction,接触作用,,2017-04-11
2920990,contaminated rock,混染岩,,2017-04-11
2920991,contamination,混染[作用]；污染,,2017-04-11
2920992,contemporaneous,同时的,,2017-04-11
2920993,contemporaneous deformation,同沉积变形,,2017-04-11
2920994,contemporaneous erosion,同时侵蚀,,2017-04-11
2920995,contemporaneous fold,同生褶皱,,2017-04-11
2920996,contemporaneous vein,同期脉,,2017-04-11
2920997,contemporary carbon,现生碳,,2017-04-11
2920998,contiguous,接触的；邻接的,,2017-04-11
2920999,continent,大陆,,2017-04-11
2921000,continent building,造陆,,2017-04-11
2921001,continental alluvium,大陆冲积层,,2017-04-11
2921002,continental apron,大陆裙,,2017-04-11
2921003,continental basin,内陆盆地,,2017-04-11
2921004,continental block,大陆块,,2017-04-11
2921005,continental borderland,大陆边缘,,2017-04-11
2921006,continental climate,大陆[性]气候,,2017-04-11
2921007,continental deposit,大陆沉积物,,2017-04-11
2921008,continental drift,大陆漂移,,2017-04-11
2921009,continental drift theory,大陆漂移说,,2017-04-11
2921010,continental facies,陆相,,2017-04-11
2921011,continental glaciation,大陆冰川作用,,2017-04-11
2921012,continental glacier,大陆冰川,,2017-04-11
2921013,continental hemisphere,陆半球,,2017-04-11
2921014,continental lithosphere,大陆岩石圈,,2017-04-11
2921015,continental margin,大陆边缘,,2017-04-11
2921016,continental nuclei,陆核；地盾,,2017-04-11
2921017,continental plate,大陆板块,,2017-04-11
2921018,continental plateau,大陆高原,,2017-04-11
2921019,continental platform,大陆地台,,2017-04-11
2921020,continental rise,大陆隆起,,2017-04-11
2921021,continental sea,大陆海；内陆海；陆中海,,2017-04-11
2921022,continental sedimentation,陆相沉积；大陆沉积,,2017-04-11
2921023,continental segment,陆块,,2017-04-11
2921024,continental shelf,大陆棚,,2017-04-11
2921025,continental shelf plain,大陆棚平原,,2017-04-11
2921026,continental shore terrace,陆缘阶地,,2017-04-11
2921027,continental slope,大陆[斜]坡,,2017-04-11
2921028,continental time,陆相[化石]时间,,2017-04-11
2921029,continentality,陆性率,,2017-04-11
2921030,continuous deformation,连续变形,,2017-04-11
2921031,continuous permafrost zone,连续永冻带,,2017-04-11
2921032,continuous profiling,连续剖面震测法,,2017-04-11
2921033,continuous reaction series,连续反应系,,2017-04-11
2921034,continuous recording,连续记录,,2017-04-11
2921035,continuous stream,连续河流,,2017-04-11
2921036,continuous terrace,连续阶地,,2017-04-11
2921037,continuous velocity log,连续速度井录,,2017-04-11
2921038,contorted,扭曲的,,2017-04-11
2921039,contorted fold,扭曲褶皱,,2017-04-11
2921040,contorted strata,扭曲层,,2017-04-11
2921041,contortion,扭曲,,2017-04-11
2921042,contortion fissure,扭曲裂缝,,2017-04-11
2921043,contour,等高线,,2017-04-11
2921044,contour diagram,等高线图,,2017-04-11
2921045,contour interval,等高线距,,2017-04-11
2921046,contour line,等高线,,2017-04-11
2921047,contour map,等高线图,,2017-04-11
2921048,contraclinal valley,逆河谷；反斜河谷,,2017-04-11
2921049,contraction,收缩,,2017-04-11
2921050,contraction crack,收缩裂隙,,2017-04-11
2921051,contraction fissure,收缩裂缝,,2017-04-11
2921052,contraction hypothesis,收缩假说,,2017-04-11
2921053,contraction joint,收缩节理,,2017-04-11
2921054,contraction theory,收缩说；冷缩说,,2017-04-11
2921055,contraction vein,冷缩矿脉,,2017-04-11
2921056,contragradation,阻塞填积[作用],,2017-04-11
2921057,contraposed shoreline,叠置滨线,,2017-04-11
2921058,contrasted differentiation,对比分异作用,,2017-04-11
2921059,contributary,支流,,2017-04-11
2921060,control,控制,,2017-04-11
2921061,control station,控制站,,2017-04-11
2921062,controlled disintegration,控制崩解,,2017-04-11
2921063,controlled mosaic,控制镶嵌图,,2017-04-11
2921064,Conularia,锥石属,,2017-04-11
2921065,Conularida,锥石目,,2017-04-11
2921066,conulariid,锥石类{水母类},,2017-04-11
2921067,convection,对流作用,,2017-04-11
2921068,convection cell,对流圈；对流胞,,2017-04-11
2921069,convection current,对流,,2017-04-11
2921070,convective cell,对流圈；对流胞,,2017-04-11
2921071,convective flow,对流,,2017-04-11
2921072,converged terrace,辐合阶地,,2017-04-11
2921073,convergence,聚合 ；汇合；辐合,,2017-04-11
2921074,convergence map,等间距图,,2017-04-11
2921075,convergent character,趋同特性,,2017-04-11
2921076,convergent evolution,趋同演化；辐合演化,,2017-04-11
2921077,convergent homemophy,趋同同型,,2017-04-11
2921078,convergent juncture,聚合界线,,2017-04-11
2921079,convergent light,收敛光；会聚光,,2017-04-11
2921080,convex bank,凸岸,,2017-04-11
2921081,convex slope,凸坡,,2017-04-11
2921082,convexity,凸度,,2017-04-11
2921083,convexo-concave,凸凹形,,2017-04-11
2921084,convexo-plane,凸平形,,2017-04-11
2921085,convolute bedding,旋卷层理,,2017-04-11
2921086,convolution,旋卷[作用]；回旋,,2017-04-11
2921087,convulsion,灾变,,2017-04-11
2921088,cookeite,锂绿泥石,,2017-04-11
2921089,cooling fissure,冷缩裂缝,,2017-04-11
2921090,cooling joint,冷缩节理,,2017-04-11
2921091,coordinate,坐标；配位,,2017-04-11
2921092,coordinate angle,坐标角,,2017-04-11
2921093,coordinate axis,坐标轴,,2017-04-11
2921094,coordinate plane,坐标面,,2017-04-11
2921095,coordination number,配位数,,2017-04-11
2921096,copaline,黄脂石,,2017-04-11
2921097,copalite,黄脂石,,2017-04-11
2921098,Copepoda,桡足亚纲,,2017-04-11
2921099,Cope's law,柯式法则,,2017-04-11
2921100,copiapite,叶绿矾,,2017-04-11
2921101,coppaelite,辉斑黄长岩,,2017-04-11
2921102,copper,铜；自然铜,,2017-04-11
2921103,copper black,土状黑铜矿,,2017-04-11
2921104,copper blende,闪铜矿,,2017-04-11
2921105,copper bloom,铜华,,2017-04-11
2921106,copper chalcanthite,铜胆矾,,2017-04-11
2921107,copper glance,辉铜矿,,2017-04-11
2921108,copper manganese,铜锰矿,,2017-04-11
2921109,copper mica,云母铜矿,,2017-04-11
2921110,copper nickel,红砷镍矿,,2017-04-11
2921111,copper ore,铜矿[石],,2017-04-11
2921112,copper pyrite,黄铜矿,,2017-04-11
2921113,copper shale,含铜页岩,,2017-04-11
2921114,copper slate,含铜板岩,,2017-04-11
2921115,copper uranite,铜铀云母,,2017-04-11
2921116,copper vitriol,胆矾,,2017-04-11
2921117,copperas,水绿矾,,2017-04-11
2921118,copperas stone,绿矾石,,2017-04-11
2921119,copperasin[e],水绿矾,,2017-04-11
2921120,copperization,铜化作用,,2017-04-11
2921121,copras,水绿矾,,2017-04-11
2921122,coprecipitation,共沉淀作用,,2017-04-11
2921123,copresse,水绿矾,,2017-04-11
2921124,coprogenic,粪成的,,2017-04-11
2921125,coprolite,粪化石,,2017-04-11
2921126,copropel,粪泥,,2017-04-11
2921127,coprose,水绿矾,,2017-04-11
2921128,copulation,连结；交配,,2017-04-11
2921129,coquimbite,针绿矾,,2017-04-11
2921130,coquina,壳灰岩,,2017-04-11
2921131,coquinoid,介壳沉积,,2017-04-11
2921132,coquinoid limestone,介壳石灰岩；凝结灰岩,,2017-04-11
2921133,cora shoal,珊瑚洲,,2017-04-11
2921134,coracoid,喙状骨,,2017-04-11
2921135,coral,珊瑚,,2017-04-11
2921136,coral agate,珊瑚玛瑙,,2017-04-11
2921137,coral cap,珊瑚帽,,2017-04-11
2921138,coral formation,珊瑚层系；洞礁,,2017-04-11
2921139,coral head,礁岩块；珊瑚丘,,2017-04-11
2921140,coral island,珊瑚岛,,2017-04-11
2921141,coral knoll,珊瑚丘,,2017-04-11
2921142,coral limestone,珊瑚灰岩；珊瑚石灰岩,,2017-07-19
2921143,coral mud,珊瑚泥,,2017-04-11
2921144,coral pillar,珊瑚柱,,2017-04-11
2921145,coral pinnacle,珊瑚塔,,2017-04-11
2921146,coral polyp,珊瑚虫,,2017-04-11
2921147,coral reef,珊瑚礁,,2017-04-11
2921148,coral reef coast,珊瑚礁海岸,,2017-04-11
2921149,coral reef lagoon,珊瑚礁潟湖,,2017-04-11
2921150,coral reef shoreline,珊瑚礁滨线,,2017-04-11
2921151,coral rock,珊瑚岩,,2017-04-11
2921152,coral sand,珊瑚砂,,2017-04-11
2921153,Coral Sea,珊瑚海,,2017-04-11
2921154,coral shoal,珊瑚暗礁；珊瑚洲,,2017-04-11
2921155,coral talus,珊瑚礁塌屑堆,,2017-04-11
2921156,coral zone,珊瑚带,,2017-04-11
2921157,coralgal,珊瑚藻沉积,,2017-04-11
2921159,Corallina,珊瑚藻属,,2017-04-11
2921160,coralline,珊瑚的,,2017-04-11
2921161,coralline facies,珊瑚相,,2017-04-11
2921162,coralline rag,珊灰岩,,2017-04-11
2921163,corallite,珊瑚体,,2017-04-11
2921164,coralloid,珊瑚状,,2017-04-11
2921165,coralloidal,珊瑚状,,2017-04-11
2921166,corallum,珊瑚体,,2017-04-11
2921167,corcovadite,花岗闪长玢岩,,2017-04-11
2921168,corda,熔岩脊,,2017-04-11
2921169,Cordaianthus,科达穗属,,2017-04-11
2921170,Cordaicarpus,科达果属,,2017-04-11
2921171,Cordaioxylon,科达木属,,2017-04-11
2921172,Cordaitales,科达目,,2017-04-11
2921173,Cordaitopsida,科达纲,,2017-04-11
2921174,cordate,心形的,,2017-04-11
2921175,Cordattes,科达树属,,2017-04-11
2921176,corded pahoehoe,绳状熔岩,,2017-04-11
2921177,cordierite,堇青石,,2017-04-11
2921178,cordierite-anthophyllite rock,堇青直闪岩,,2017-04-11
2921179,cordierite-gneiss,堇青片麻岩,,2017-04-11
2921180,cordierite-liparite,堇青流纹岩,,2017-04-11
2921181,cordierite-norite,堇青苏长岩,,2017-04-11
2921182,cordillera,山脉；岛岭,,2017-04-11
2921183,Cordilleran geosyncline,柯地莱拉地槽,,2017-04-11
2921184,cordylite,氟碳钡铈石,,2017-04-11
2921185,core,核心；地核；岩芯；岩心,,2017-04-11
2921186,core analysis,岩芯分析；岩心分析,,2017-04-11
2921187,core barrel,岩芯管；岩心管,,2017-04-11
2921188,core drill,岩芯钻机；岩心钻机,,2017-04-11
2921189,core drilling,岩芯钻采；岩心钻采,,2017-04-11
2921190,core hole,岩芯钻孔；岩心钻孔,,2017-04-11
2921191,core of the earth,地核,,2017-04-11
2921192,core recovery,岩芯采收率；岩心采收率,,2017-04-11
2921193,core test,岩芯试验；岩心试验,,2017-04-11
2921194,Coreaceras,高丽角石属,,2017-04-11
2921195,core-and-shell structure,壳心构造,,2017-04-11
2921196,cored bomb,结核火山弹,,2017-04-11
2921197,Coriolis force,柯氏力,,2017-04-11
2921198,cork cambium,木栓形成层,,2017-04-11
2921199,corkite,磷铅铁矾,,2017-04-11
2921200,Cormophyta,叶茎植物目,,2017-04-11
2921201,corn snow,春雪；粗粒雪,,2017-04-11
2921202,corneline,光玉髓,,2017-04-11
2921203,corneous lead,角铅矿,,2017-04-11
2921204,corneous manganese,角锰矿,,2017-04-11
2921205,corner,界点；角落,,2017-04-11
2921206,cornetite,蓝磷铜矿,,2017-04-11
2921207,cornice,悬雪,,2017-04-11
2921208,cornice glacier,悬冰川,,2017-04-11
2921209,corniculate,有角的,,2017-04-11
2921210,cornstone,玉米灰岩；结核灰岩,,2017-04-11
2921211,cornubianite,粒状角页岩,,2017-04-11
2921212,cornuite,胶状矽孔雀石,,2017-04-11
2921213,Cornularia,小锥石属,,2017-04-11
2921214,cornwallite,水绿砷铜矿,,2017-04-11
2921215,corona,反应边；冠状,,2017-04-11
2921216,coronal process,冠状突[起],,2017-04-11
2921217,coronary bone,冠状骨,,2017-04-11
2921218,coronite,反应边；冠状,,2017-04-11
2921219,Coronocephalus,王冠虫属,,2017-04-11
2921220,corrasion,磨蚀；刻蚀,,2017-04-11
2921221,correlation,对比,,2017-04-11
2921222,correlation method,对比法,,2017-04-11
2921223,correlation of orientation,方位对比,,2017-04-11
2921224,correlation shooting,对比炸测,,2017-04-11
2921225,corridor,廊；走廊,,2017-04-11
2921226,corrie,山凹；冰斗,,2017-04-11
2921227,corrie glacier,冰斗冰川,,2017-04-11
2921228,corroded crystal,熔蚀晶,,2017-04-11
2921229,corrosion,熔蚀；腐蚀；锈蚀,,2017-04-11
2921230,corrosion border,熔蚀边,,2017-04-11
2921231,corrosion form,蚀像；熔蚀形,,2017-04-11
2921232,corrosion rim,熔蚀边缘,,2017-04-11
2921233,corrugate ripple mark,皱纹波痕,,2017-04-11
2921234,corrugated,起皱的,,2017-04-11
2921235,corsite,球状辉长岩,,2017-04-11
2921236,cortex,皮层,,2017-04-11
2921237,cortlandtite,角闪橄榄岩,,2017-04-11
2921238,corundellite,珍珠云母,,2017-04-11
2921239,corundolite,刚玉岩,,2017-04-11
2921240,corundophilite,翠绿泥石,,2017-04-11
2921241,corundum,刚玉,,2017-04-11
2921242,corundum anorthosite,刚玉斜长岩,,2017-04-11
2921243,corundum gabbro,刚玉辉长岩,,2017-04-11
2921244,corundum magnetite,刚玉磁铁岩,,2017-04-11
2921245,corundum margarite pegmatite,刚玉珠云伟晶岩,,2017-04-11
2921246,corundum nephelinite,刚玉霞石岩,,2017-04-11
2921247,corundum oligoclase pegmatite,刚玉奥长伟晶岩,,2017-04-11
2921248,corundum pegmatite,刚玉伟晶岩,,2017-04-11
2921249,corundum plagioclasite,刚玉斜长石岩,,2017-04-11
2921250,corundum syenite,刚玉正长岩,,2017-04-11
2921251,Corwenia,簇棚珊瑚属,,2017-04-11
2921252,corynite,辉砷锑镍矿,,2017-04-11
2921253,Corythosaurus,龙属,,2017-04-11
2921254,cosalite,直辉铅铋矿,,2017-04-11
2921255,cosedimentation,共沉积作用,,2017-04-11
2921256,coseismal line,同震线,,2017-04-11
2921257,coseismic,同震的,,2017-04-11
2921258,coseismic area,同震区,,2017-04-11
2921259,coseismic circle,同震圈,,2017-04-11
2921260,coseismic curve,同震曲线,,2017-04-11
2921261,coseismic zone,同震带,,2017-04-11
2921262,cosmic dust,宇宙尘,,2017-04-11
2921263,cosmic geology,宇宙地质学,,2017-04-11
2921264,cosmic period,宇宙时期,,2017-04-11
2921265,cosmic ray,宇宙线,,2017-04-11
2921266,cosmic sediment,宇宙沉积物；外太空沉积物,,2017-04-11
2921267,cosmical geology,宇宙地质学,,2017-04-11
2921268,cosmid-scale,齿鳞,,2017-04-11
2921269,cosmine layer,齿质层,,2017-04-11
2921270,Cosmoceras,瘤菊石属,,2017-04-11
2921271,cosmochemistry,宇宙化学,,2017-04-11
2921272,cosmogony,宇宙论,,2017-04-11
2921273,cosmography,宇宙学,,2017-04-11
2921274,cosmopolitan,世界性的,,2017-04-11
2921275,cosmos,宇宙；万有,,2017-04-11
2921276,cosmozoic theory,太空生物说,,2017-04-11
2921277,cossyrite,富铁钠钛韭石,,2017-04-11
2921278,Costa,肋条介属,,2017-04-11
2921280,costellae,壳纹,,2017-04-11
2921281,cotectic line,共熔线；同熔线,,2017-04-11
2921282,cotectic surface,共熔面,,2017-04-11
2921283,cotidal line,同潮线；等潮线,,2017-04-11
2921284,cottaite,灰正长石,,2017-04-11
2921285,cotterite,珠光石英,,2017-04-11
2921286,cotton rock,软石灰岩；棉花状岩,,2017-04-11
2921287,cotton stone,棉花石；中沸石,,2017-04-11
2921288,cotunite,氯铅矿,,2017-04-11
2921289,cotyledon,子叶,,2017-04-11
2921290,Cotylosauria,杯龙目,,2017-04-11
2921291,cotype,同型,,2017-04-11
2921292,coulee,黏滞熔岩流,,2017-04-11
2921293,coulee lake,熔岩堰塞湖,,2017-04-11
2921294,coulisse,雁列山岭,,2017-04-11
2921295,counter fossula,对内沟,,2017-04-11
2921296,counter quadrant,对部,,2017-04-11
2921297,counter septum,对隔壁,,2017-04-11
2921298,counter vein,交错矿脉,,2017-04-11
2921299,counter-lateral quadrant,对侧部,,2017-04-11
2921300,counter-lateral septum,对侧隔壁,,2017-04-11
2921301,counterlode,交错矿脉,,2017-04-11
2921302,country rock,围岩,,2017-04-11
2921303,coup-de-point,石锥,,2017-04-11
2921304,couple,力偶；耦合,,2017-04-11
2921305,coupled wave,耦合波,,2017-04-11
2921306,courzite,钡十字沸石,,2017-04-11
2921307,couseranite,针柱石；瘦棒石,,2017-04-11
2921308,covalent bond,共价键,,2017-04-11
2921309,cove,小海湾；凹[陷],,2017-04-11
2921310,covelline,铜蓝,,2017-04-11
2921311,covellite,铜蓝,,2017-04-11
2921312,cover,掩蔽,,2017-04-11
2921313,cover head,海台崖锥,,2017-04-11
2921314,cover mass,掩盖体,,2017-04-11
2921315,cover of unconformable strata,不整合盖层,,2017-04-11
2921316,covite,辉闪霞石正长岩,,2017-04-11
2921317,c-pinacoid,C-轴面,,2017-04-11
2921318,crab,侧航[法],,2017-04-11
2921319,Crab Nebula,蟹状星云,,2017-04-11
2921320,crack,裂隙,,2017-04-11
2921321,cracking,破裂；裂解,,2017-04-11
2921322,cracking salt,响盐,,2017-04-11
2921323,crackle breccia,破裂角砾岩,,2017-04-11
2921324,crag,巉崖,,2017-04-11
2921325,craig and tail,鼻尾丘；鼻山尾,,2017-04-11
2921326,craiglockhart basalt,钠辉斑玄岩,,2017-04-11
2921327,craigmontite,淡霞闪长岩,,2017-04-11
2921328,craignurite,玻璃质石英安山岩,,2017-04-11
2921329,crandallite,磷钙星石；纤磷钙铝石,,2017-04-11
2921330,Crania,髑髅贝属,,2017-04-11
2921331,crassulae,木质横厚作用,,2017-04-11
2921332,crater,火山口,,2017-04-11
2921333,crater bottom,火口底,,2017-04-11
2921334,crater cone,火山锥,,2017-04-11
2921335,crater fill,火山口填积,,2017-04-11
2921336,crater floor,火口底,,2017-04-11
2921337,crater lake,火口湖,,2017-04-11
2921338,crater of elevation,高海拔火山口,,2017-04-11
2921339,crater of eruption,喷发火口,,2017-04-11
2921340,crater rim,火口沿,,2017-04-11
2921341,crater ring,火口环,,2017-04-11
2921342,crater terrace,火口阶地,,2017-04-11
2921343,crater vent,火山孔道,,2017-04-11
2921344,crater wall,火口壁,,2017-04-11
2921345,crateral magma,火口岩浆,,2017-04-11
2921346,craterkin,小火山口,,2017-04-11
2921347,craterlet,小火山口,,2017-04-11
2921348,crationism,神创论；创世论,,2017-04-11
2921349,cratogenic,古陆的,,2017-04-11
2921350,craton,大陆核心；古陆核,,2017-04-11
2921351,cratonic shelf,古陆棚,,2017-04-11
2921352,crawlway,爬行道,,2017-04-11
2921353,crednerite,锰铜矿,,2017-04-11
2921354,creedite,氟铝石膏,,2017-04-11
2921355,creek,小溪；小沟,,2017-04-11
2921356,creep,潜移；蠕动,,2017-04-11
2921357,creep recovery,潜移回复,,2017-04-11
2921358,creeping,潜移性的；蠕动的,,2017-04-11
2921359,crenate,锯齿状的,,2017-04-11
2921360,crenitic,泉水；泉积岩；泉积矿脉,,2017-04-11
2921361,crenulate shoreline,锯齿状海岸,,2017-04-11
2921362,crenulation,小褶皱；小圆齿,,2017-04-11
2921363,Creodonta,古肉食目,,2017-04-11
2921364,Crepicepalina,小裂头虫属,,2017-04-11
2921365,Cresceis,半月贝属,,2017-04-11
2921366,crescent beach,新月形海滩,,2017-04-11
2921367,crescent dune,新月形沙丘,,2017-04-11
2921368,crescentic crack,新月形裂缝,,2017-04-11
2921369,crescentic fracture,新月形破裂{中央指向下游},,2017-04-11
2921370,crescentic gouge,新月形挖痕{中央指向上游},,2017-04-11
2921371,crescentic lake,牛轭湖,,2017-04-11
2921372,crescentic levee lake,新月形天然堤湖,,2017-04-11
2921373,crescentic wall niche,新月形壁穴,,2017-04-11
2921374,crest,[山]脊；[峰]顶,,2017-04-11
2921375,crest length,脊长,,2017-04-11
2921376,crest line,脊线,,2017-04-11
2921377,crest of berm,滩台顶,,2017-04-11
2921378,crest of wave,波峰,,2017-04-11
2921379,crest width,脊宽；峰宽,,2017-04-11
2921380,crestal plane,脊面,,2017-04-11
2921381,crestmorite,杂矽钙磷灰石,,2017-04-11
2921382,Cretaceous,白垩纪；白垩系,,2017-04-11
2921383,crevasse,裂隙；冰隙,,2017-04-11
2921384,crevasse filling,裂隙充填,,2017-04-11
2921385,crevasse hoar,裂隙霜,,2017-04-11
2921386,crevasse in filling,裂隙充填物,,2017-04-11
2921387,crevasse in glacier,冰川裂隙,,2017-04-11
2921388,crevasse ridge,裂隙脊,,2017-04-11
2921389,crevassed glacier,裂隙冰川,,2017-04-11
2921390,crevasses of glacier,冰川裂隙,,2017-04-11
2921391,crevice,冰隙；微裂缝,,2017-04-11
2921392,Cribrostomum,筛口虫属,,2017-04-11
2921393,crichtonite,锶铁钛矿,,2017-04-11
2921394,cricondentherm,临界凝析温度,,2017-04-11
2921395,crinanite,橄沸煌绿岩,,2017-04-11
2921396,crinkle,皱纹,,2017-04-11
2921397,crinoid,海百合,,2017-04-11
2921398,crinoidal coquina,海百合壳灰岩,,2017-04-11
2921399,crinoidal limestone,海百合灰岩,,2017-04-11
2921400,Crinoidea,海百合纲,,2017-04-11
2921401,Crinozoa,海冠亚门,,2017-04-11
2921402,Crioceras,羊角菊石属,,2017-04-11
2921403,criocone,羊角贝式壳,,2017-04-11
2921404,criphiolite,磷钙镁石,,2017-04-11
2921405,criptoalite,方氟矽铵石,,2017-04-11
2921406,criquina,海百合屑灰岩；海百合壳灰岩,,2017-04-11
2921407,crispite,网金红石,,2017-04-11
2921408,criss-cross structure,方格构造,,2017-04-11
2921409,cristobalite,方矽石,,2017-04-11
2921410,critical angle,临界角,,2017-04-11
2921411,critical curve,临界曲线,,2017-04-11
2921412,critical damping,临界阻尼,,2017-04-11
2921413,critical density,临界密度,,2017-04-11
2921414,critical distance,临界距离,,2017-04-11
2921415,critical length,临界长度,,2017-04-11
2921416,critical point,临界点,,2017-04-11
2921417,critical pressure,临界压力,,2017-04-11
2921418,critical slope,临界坡度,,2017-04-11
2921419,critical temperature,临界温度,,2017-04-11
2921420,critical velocity,临界速度,,2017-04-11
2921421,critical volume,临界体积；临界容积,,2017-04-11
2921422,crocalite,杂钠沸石,,2017-04-11
2921423,crocidolite,青石绵；钠闪石绵,,2017-04-11
2921424,Crocodilia,鳄目,,2017-04-11
2921425,crocoisite,铬铅矿,,2017-04-11
2921426,crocoite,铬铅矿,,2017-04-11
2921427,crofesima,铬铁矽镁圈,,2017-04-11
2921428,Croixian,克罗伊兴世{晚寒武纪},,2017-04-11
2921429,Cro-magnon man,克鲁马侬人,,2017-04-11
2921430,cromaltite,黑榴[霓]辉岩,,2017-04-11
2921431,cronstedtite,黑铁蛇纹石；绿锥石,,2017-04-11
2921432,crooked hole,弯井孔；斜孔,,2017-04-11
2921433,crookesite,硒铊银铜矿,,2017-04-11
2921434,crop,露头,,2017-04-11
2921435,cross bar,横沙州；横杆,,2017-04-11
2921436,cross fault,横断层,,2017-04-11
2921437,cross fiber,横交纤维,,2017-04-11
2921438,cross fold,横交褶皱,,2017-04-11
2921439,cross folding,交错褶皱作用,,2017-04-11
2921440,cross fracture,横断裂,,2017-04-11
2921441,cross hair,十字丝,,2017-04-11
2921442,cross joint,横交节理；交错节理,,2017-04-11
2921443,cross lode,交错矿脉,,2017-04-11
2921444,cross section,横断面,,2017-04-11
2921445,cross spur,横石英脉,,2017-04-11
2921446,cross stone,十字石；红柱石；交沸石,,2017-04-11
2921447,cross wire,十字丝,,2017-04-11
2921448,cross-assimilation,交互同化作用,,2017-04-11
2921449,cross-bedding,交错层；伪层,,2017-04-11
2921450,crosscut,横断坑道；横巷,,2017-04-11
2921451,crosscut tunnel,横穿隧道,,2017-04-11
2921452,crossed dispersion,交叉色散,,2017-04-11
2921453,crossed dispersion of interference colour,干涉色交叉色散,,2017-04-11
2921454,crossed girdle,交叉环带,,2017-04-11
2921455,crossed nicol,正交偏光镜,,2017-04-11
2921456,crossed twinning,十字双晶[化],,2017-04-11
2921457,crossed vein,交错脉,,2017-04-11
2921458,crossite,青铝闪石；铁铝闪石,,2017-04-11
2921459,cross-lamination,交错纹理,,2017-04-11
2921460,Crossopterygii,总鳍鱼,,2017-04-11
2921461,cross-ripple mark,交错波痕,,2017-04-11
2921462,cross-stratification,交错层理,,2017-04-11
2921463,cross-stratum,交错层,,2017-04-11
2921464,cross-wall,石坎；冰坎,,2017-04-11
2921465,crown,额顶{指地滑未动顶部},,2017-04-11
2921466,croylstone,细晶重晶石,,2017-04-11
2921467,crucilite,假像毒砂,,2017-04-11
2921468,crucite,假像毒砂,,2017-04-11
2921469,crude,原态的；天然的；粗糙的,,2017-04-11
2921470,crude oil,原油,,2017-04-11
2921471,crumb structure,团粒结构,,2017-04-11
2921472,crura,腕棒,,2017-04-11
2921473,crural base,腕棒基,,2017-04-11
2921474,crural fossette,腕棒窝,,2017-04-11
2921475,crural plate,腕棒支板,,2017-04-11
2921476,crural point,腕棒尖,,2017-04-11
2921477,crural process,腕棒突[起],,2017-04-11
2921478,crural trough,腕棒槽,,2017-04-11
2921479,cruralium,腕棒腔,,2017-04-11
2921480,crush,塌落；陷落,,2017-04-11
2921481,crush border,压碎边,,2017-04-11
2921482,crush breccia,压碎角砾岩,,2017-04-11
2921483,crush conglomerate,压碎砾岩,,2017-04-11
2921484,crush line,压碎线,,2017-04-11
2921485,crush movement,压碎运动,,2017-04-11
2921486,crush plane,压碎面,,2017-04-11
2921487,crush zone,压碎带,,2017-04-11
2921488,crushed ore,压碎矿石,,2017-04-11
2921489,crushed spherulites,压碎球粒,,2017-04-11
2921490,crushing strength,压碎强度,,2017-04-11
2921491,crust,地壳；壳,,2017-04-11
2921492,crust stress,地壳应力,,2017-04-11
2921493,crust torsion,地壳扭力,,2017-04-11
2921494,Crustacea,甲壳纲,,2017-04-11
2921495,crustacean,甲壳动物,,2017-04-11
2921496,crustal instability,地壳不稳定性,,2017-04-11
2921497,crustal movement,地壳运动,,2017-04-11
2921498,crustal warping,地壳翘曲,,2017-04-11
2921499,crustation,壳化作用,,2017-04-11
2921500,crustificated vein,带状壳脉,,2017-04-11
2921501,crustification,结壳作用；皮壳构造,,2017-04-11
2921502,cryergic,冰缘的,,2017-04-11
2921503,cryfiolite,杂磷钙镁石,,2017-04-11
2921504,cryoconite,粉尘,,2017-04-11
2921505,cryoconite hole,冰尘穴,,2017-04-11
2921506,cryogenic lake,融冰湖,,2017-04-11
2921507,cryogenic period,冰川形成期,,2017-04-11
2921508,cryolite,冰晶石,,2017-04-11
2921509,cryolithionite,锂冰晶石,,2017-04-11
2921510,cryology,冰川学,,2017-04-11
2921511,cryoluminescence,低温发光,,2017-04-11
2921512,cryopedology,冻土学,,2017-04-11
2921513,cryophorus,凝冰器,,2017-04-11
2921514,cryophyllite,绿鳞云母,,2017-04-11
2921515,cryoplanation,冰雪夷平作用,,2017-04-11
2921516,cryosphere,冰圈；永冻圈,,2017-04-11
2921517,cryoturbation,冰扰作用,,2017-04-11
2921518,cryphiolite,杂磷钙镁石,,2017-04-11
2921519,crypto-,隐[晦],,2017-04-11
2921520,cryptobatholithic,隐岩基的,,2017-04-11
2921521,cryptobatholithic stage,隐岩基时期,,2017-04-11
2921522,cryptoclastic,隐屑质的,,2017-04-11
2921523,cryptoclastic texture,隐屑组织,,2017-04-11
2921524,Cryptocrinus,隐海百合属,,2017-04-11
2921525,crypto-crystal,隐晶,,2017-04-11
2921526,cryptocrystalline,隐晶质；潜晶质,,2017-04-11
2921527,cryptocrystalline granophyire,隐晶文像[状],,2017-04-11
2921528,cryptocrystalline variety,隐晶质类,,2017-04-11
2921529,cryptodepression,潜洼地,,2017-04-11
2921530,cryptogam,隐花植物,,2017-04-11
2921531,cryptogenetic form,来源不明体,,2017-04-11
2921532,cryptogranitic,隐晶花岗状,,2017-04-11
2921533,cryptographic,隐晶文像的{组织},,2017-04-11
2921534,cryptohalite,方氟矽铵石,,2017-04-11
2921535,cryptolite,针独居石,,2017-04-11
2921536,Cryptolithus,隐瘤虫属,,2017-04-11
2921537,cryptomelane,锰钾矿,,2017-04-11
2921538,cryptomere,隐晶岩,,2017-04-11
2921539,cryptomerous,隐晶的,,2017-04-11
2921540,cryptomorphite,隐形石,,2017-04-11
2921541,cryptoolitic,隐鲕状,,2017-04-11
2921542,cryptoperthite,潜晶条纹长石,,2017-04-11
2921543,cryptoreic,潜流的,,2017-04-11
2921544,Cryptospirifer,隐石燕属,,2017-04-11
2921545,Cryptostomata,隐口目{苔藓虫类},,2017-04-11
2921546,cryptovolcanic,潜火山的,,2017-04-11
2921547,cryptovolcanic earthquake,潜火山地震,,2017-04-11
2921548,crypto-volcanism,隐火山作用,,2017-04-11
2921549,Cryptozoic Eon,隐生元；隐生宙,,2017-04-11
2921550,Cryptozoon,隐藻属{叠层石类},,2017-04-11
2921551,cryscope,冻点测定仪,,2017-04-11
2921552,crystal,晶体；水晶,,2017-04-11
2921553,crystal axial angle,晶轴角,,2017-04-11
2921554,crystal axial plane,晶轴面,,2017-04-11
2921555,crystal axis,[结]晶轴,,2017-04-11
2921556,crystal body,晶体,,2017-04-11
2921557,crystal chemistry,结晶化学,,2017-04-11
2921558,crystal class,晶类；晶族,,2017-04-11
2921559,crystal combination,合晶；聚晶,,2017-04-11
2921560,crystal constant,晶体常数,,2017-04-11
2921561,crystal druse,晶簇,,2017-04-11
2921562,crystal enclosure,晶体包裹体,,2017-04-11
2921563,crystal face,晶面,,2017-04-11
2921564,crystal flotation,晶体漂浮[作用],,2017-04-11
2921565,crystal form,晶形；[晶]面组,,2017-04-11
2921566,crystal fractionation,结晶分异[作用]；分级结晶作用,,2017-04-11
2921567,crystal gliding,晶体滑移,,2017-04-11
2921568,crystal group,晶群；晶属,,2017-04-11
2921569,crystal habit,晶癖,,2017-04-11
2921570,crystal lapilli,晶体火山砾,,2017-04-11
2921571,crystal lattice,晶格,,2017-04-11
2921572,crystal mixture,混杂晶体,,2017-04-11
2921573,crystal morphology,晶体形态学,,2017-04-11
2921574,crystal mush,晶浆,,2017-04-11
2921575,crystal optics,晶体光学；结晶光学,,2017-04-11
2921576,crystal physics,晶体物理学；结晶物理,,2017-04-11
2921577,crystal projection,晶体投影,,2017-04-11
2921578,crystal recovery,晶体复元,,2017-04-11
2921579,crystal sandstones,结晶砂岩,,2017-04-11
2921580,crystal sedimentation,晶体沉积作用,,2017-04-11
2921581,crystal seeding,晶种播植,,2017-04-11
2921582,crystal setting,晶体沉降,,2017-04-11
2921583,crystal shape,晶体形状；晶状,,2017-04-11
2921584,crystal size,晶粒大小,,2017-04-11
2921585,crystal sorting,结晶分选[作用],,2017-04-11
2921586,crystal stock,连晶,,2017-04-11
2921587,crystal structure,结晶构造,,2017-04-11
2921588,crystal system,晶系,,2017-04-11
2921589,crystal tuff,晶体凝灰岩,,2017-04-11
2921590,crystal volume,结晶体积；结晶容积,,2017-04-11
2921591,crystal water,结晶水,,2017-04-11
2921592,crystal zone,晶带,,2017-04-11
2921593,crystalline,结晶质,,2017-04-11
2921594,crystalline aggregate,结晶集体；晶质集合体,,2017-04-11
2921595,crystalline chert,结晶质燧石,,2017-04-11
2921596,crystalline granular,结晶粒状,,2017-04-11
2921597,crystalline granular texture,结晶粒状组织,,2017-04-11
2921598,crystalline limestone,结晶灰岩,,2017-04-11
2921599,crystalline liquid,液晶,,2017-04-11
2921600,crystalline metamorphism,结晶变质,,2017-04-11
2921601,crystalline porphyritic,结晶斑状,,2017-04-11
2921602,crystalline rock,结晶岩,,2017-04-11
2921603,crystalline schist,结晶片岩,,2017-04-11
2921604,crystalline schist system,结晶片岩系,,2017-04-11
2921605,crystallinity,结晶度,,2017-04-11
2921606,crystallinoclastic,晶质碎屑的,,2017-04-11
2921607,crystallinohyaline,玻基斑状,,2017-04-11
2921608,crystallite,雏晶,,2017-04-11
2921609,crystallitic,雏晶的,,2017-04-11
2921610,crystallizatiion differentiation,结晶分异作用,,2017-04-11
2921611,crystallization,结晶作用,,2017-04-11
2921612,crystallization field,结晶作用区,,2017-04-11
2921613,crystallization interval,结晶温度间隔,,2017-04-11
2921614,crystallization magnetization,结晶磁化,,2017-04-11
2921615,crystallization nuclei,结晶核,,2017-04-11
2921616,crystallization period,结晶期,,2017-04-11
2921617,crystallization point,结晶点,,2017-04-11
2921618,crystallization schistosity,结晶片理,,2017-04-11
2921619,crystallization system,晶系,,2017-04-11
2921620,crystallization velocity,结晶速度,,2017-04-11
2921621,crystallization's halo,晶晕,,2017-04-11
2921622,crystallizing force,结晶力,,2017-04-11
2921623,crystallizing power,结晶能力,,2017-04-11
2921624,crystalloblastesis,变晶作用,,2017-04-11
2921625,crystalloblastic,变晶的,,2017-04-11
2921626,crystalloblastic fabric,变晶组构,,2017-04-11
2921627,crystalloblastic order,变晶次序,,2017-04-11
2921628,crystalloblastic process,变晶作用,,2017-04-11
2921629,crystalloblastic series,变晶系,,2017-04-11
2921630,crystallochemical element,结晶化学元素,,2017-04-11
2921631,crystallogeny,结晶生长学,,2017-04-11
2921632,crystallographic axis,晶轴,,2017-04-11
2921633,crystallography,结晶学,,2017-04-11
2921634,crystalloid,似晶质,,2017-04-11
2921635,crystallology,晶体结构学,,2017-04-11
2921636,crystalloluminescence,晶体发光,,2017-04-11
2921637,crystallophysics,晶体物理学,,2017-04-11
2921638,crystal-vitric tuff,晶玻凝灰岩,,2017-04-11
2921639,crystocrene,溢泉冰体,,2017-04-11
2921640,csiklovaite,杂硒碲铋矿,,2017-04-11
2921641,Ctenis,栉羽叶属,,2017-04-11
2921642,Ctenobranchia,栉鳃目,,2017-04-11
2921643,ctenoid scale,栉鳞,,2017-04-11
2921644,Ctenostomata,栉口苔藓虫目,,2017-04-11
2921645,cubanite,直黄铜矿；古巴矿,,2017-04-11
2921646,cube,立方体,,2017-04-11
2921647,cube ore,毒铁矿,,2017-04-11
2921648,cube spar,硬石膏；无水石膏,,2017-04-11
2921649,cubic niter,钠硝石；智利硝石,,2017-04-11
2921650,cubic packing,立方排列,,2017-04-11
2921651,cubic system,立方晶系；等轴晶系,,2017-04-11
2921652,cucalite,绿泥辉绿岩,,2017-04-11
2921653,cuchilla,刃状岭；刃状山脊,,2017-04-11
2921654,cuesta,单面山；单斜脊,,2017-04-11
2921655,cuesta face,单面山陡崖,,2017-04-11
2921656,cuesta scarp,单面山陡崖,,2017-04-11
2921657,Culm{=Kulm},库尔木世{早石炭纪},,2017-04-11
2921658,culmination,高区；褶升区,,2017-04-11
2921659,culmophyre,丛聚斑岩,,2017-04-11
2921660,culsageeite,水蛭石,,2017-04-11
2921661,cumberlandite,钛铁磁铁橄榄岩,,2017-04-11
2921662,cumbraite,倍斑安山岩,,2017-04-11
2921663,cumengeite,铁氯铜铅矿,,2017-04-11
2921664,cumengite,铁氯铜铅矿,,2017-04-11
2921665,cummingtonite,褐闪石；镁铁闪石,,2017-04-11
2921666,cumularspharolith,团粒,,2017-04-11
2921667,cumulite,积球雏晶,,2017-04-11
2921668,cumulo dome,火山丘；火山穹窿,,2017-04-11
2921669,cumulophyric,聚合斑状,,2017-04-11
2921670,cumulose,腐泥土,,2017-04-11
2921671,cumulose deposit,腐泥土堆积物,,2017-04-11
2921672,cumulo-volcano,火山丘；火山穹窿,,2017-04-11
2921673,cuneata,楔形的,,2017-04-11
2921674,Cuneopsis,楔蚌属,,2017-04-11
2921675,cup and ball joint,球窝关节状节理,,2017-04-11
2921676,cupel,烤钵；灰皿,,2017-04-11
2921677,cupellation,烤钵冶金法,,2017-04-11
2921678,cuphole,小壶穴,,2017-04-11
2921679,cupola,岩钟,,2017-04-11
2921680,Cupressinoxylon,柏型木属,,2017-04-11
2921681,Cupressocrinus,松球海百合目,,2017-04-11
2921682,cuprian argentite,铜辉银矿,,2017-04-11
2921683,cupriferous,含铜的,,2017-04-11
2921684,cuprite,赤铜矿,,2017-04-11
2921685,cuproapatite,铜磷灰石,,2017-04-11
2921686,cuproarquerite,铜银汞膏,,2017-04-11
2921687,cuprobismutite,铜辉铋矿,,2017-04-11
2921688,cuprocalcite,铜方解石,,2017-04-11
2921689,cuprodescloizite,铜钒铅锌矿,,2017-04-11
2921690,cuproferrite,铜绿铁矾,,2017-04-11
2921691,cupromagnesite,水铜镁矾,,2017-04-11
2921692,cupro-mangano-aphthitalite,铜锰钾芒硝,,2017-04-11
2921693,cupromontmorillonite,铜蒙脱石,,2017-04-11
2921694,cuproplumbite,铜硫铅矿,,2017-04-11
2921695,cuproscheelite,铜白钨矿,,2017-04-11
2921696,cuprotungstite,钨铜矿；钨铜华,,2017-04-11
2921697,cuprouranite,铜铀云母,,2017-04-11
2921698,cuprous,亚铜的；二价铜的,,2017-04-11
2921699,cuprous manganese,铜锰矿,,2017-04-11
2921700,cuprozincite,铜红锌矿；锌孔雀石,,2017-04-11
2921701,cupule,杯形托,,2017-04-11
2921702,curie,居里{放射性强度单位},,2017-04-11
2921703,Curie point,居里点,,2017-04-11
2921704,Curie's law,居里定律,,2017-04-11
2921705,curite,板铅铀矿,,2017-04-11
2921706,curly bedding,旋卷层,,2017-04-11
2921707,current,水流；洋流；气流,,2017-04-11
2921708,current base,水流基面,,2017-04-11
2921709,current bedding,水流层理,,2017-04-11
2921710,current crescent,新月形留痕,,2017-04-11
2921711,current cross ripple,交错波痕,,2017-04-11
2921712,current drift,水流漂积物,,2017-04-11
2921713,current electrode,电流电极,,2017-04-11
2921714,current lamination,水流纹理,,2017-04-11
2921715,current mark,流痕,,2017-04-11
2921716,current ripple,水流波痕,,2017-04-11
2921717,current ripple mark,流痕,,2017-04-11
2921718,curtain,岩幕,,2017-04-11
2921719,curtisite,绿地蜡,,2017-04-11
2921720,curvature of face,面曲率,,2017-04-11
2921721,curvature of gravity,重力曲率,,2017-04-11
2921722,curve of erosion,侵蚀曲线,,2017-04-11
2921723,curve of hardness,硬度曲线,,2017-04-11
2921724,curve of water erosion,水蚀曲线,,2017-04-11
2921725,curved bar,弯曲沙洲,,2017-04-11
2921726,curved crystal,弯曲晶体；曲晶,,2017-04-11
2921727,curved lamellar,曲片状,,2017-04-11
2921728,curved path theory,弯曲路线学说,,2017-04-11
2921729,curved spit,弯曲沙嘴,,2017-04-11
2921730,curvilaminar,曲叶状,,2017-04-11
2921731,curvimeter,曲线计,,2017-04-11
2921732,cuselite,云辉煌斑岩,,2017-04-11
2921733,cusp,尖形；岬,,2017-04-11
2921734,cuspate bar,尖形沙洲,,2017-04-11
2921735,cuspate delta,尖形三角洲,,2017-04-11
2921736,cuspate delta shoreline,尖形三角洲海岸线,,2017-04-11
2921737,cuspate foreland,尖形岬,,2017-04-11
2921738,cuspate sandkey,尖形小沙洲,,2017-04-11
2921739,cuspate spit,尖形沙嘴,,2017-04-11
2921740,cuspate-foreland bar,尖形岬沙洲,,2017-04-11
2921741,cuspidate,尖头的,,2017-04-11
2921742,cuspidine,枪晶石,,2017-04-11
2921743,cuspidite,枪晶石,,2017-04-11
2921744,cusplet,小尖滩,,2017-04-11
2921745,cusp-ripple,尖头波痕,,2017-04-11
2921746,custerite,灰枪晶石,,2017-04-11
2921747,cut and built platform,蚀积台地,,2017-04-11
2921748,cut off meander,截断曲流；弓形湖,,2017-04-11
2921749,cut plain,均蚀平原,,2017-04-11
2921750,cut platform,海蚀平台,,2017-04-11
2921751,cut point,分割点,,2017-04-11
2921752,cut terrace,波切台地,,2017-04-11
2921753,cut-and-fill,蚀积作用,,2017-04-11
2921754,cutbank,侧蚀岸,,2017-04-11
2921755,cuticle,表皮；角质,,2017-04-11
2921756,cutin,角质,,2017-04-11
2921757,cutinite,角质体,,2017-04-11
2921758,cutinization,角质化[作用],,2017-04-11
2921759,cut-off,裁弯湖；牛轭湖,,2017-04-11
2921760,cutoff grade,边际品位；最低品位,,2017-04-11
2921761,cut-off meander spur,离堆山；曲流弧山,,2017-04-11
2921762,cut-off spur,割断山嘴,,2017-04-11
2921763,cutout,切断,,2017-04-11
2921764,cutter,倾斜节理,,2017-04-11
2921765,cuttings,钻[井岩]屑,,2017-04-11
2921766,cuvette,沉积盆地；叠堑构造,,2017-04-11
2921767,cuyamite,方沸煌绿岩,,2017-04-11
2921768,cwm,冰斗；峡谷,,2017-04-11
2921769,cwm glacier,冰斗冰川,,2017-04-11
2921770,Cyamoidea,豆形棘皮纲,,2017-04-11
2921771,cyanite,蓝晶石,,2017-04-11
2921772,cyanochalcite,磷矽孔雀石,,2017-04-11
2921773,cyanochroite,蓝钾矾,,2017-04-11
2921774,cyanoferrite,铜绿铁矾,,2017-04-11
2921775,Cyanophyceae,蓝绿藻目,,2017-04-11
2921776,cyanose,胆矾,,2017-04-11
2921777,cyanosite,胆矾,,2017-04-11
2921778,cyanotrichite,绒铜矾；蓝绒铜矿,,2017-04-11
2921779,Cyathaxonia,杯柱珊瑚属,,2017-04-11
2921780,Cyathoclisia,杯珠网珊瑚属,,2017-04-11
2921781,Cyathophyllum,杯珊瑚属,,2017-04-11
2921782,Cycadales,苏铁目,,2017-04-11
2921783,Cycadeoidea,拟苏铁属,,2017-04-11
2921784,Cycadophytes,苏铁目,,2017-04-11
2921785,Cycas,苏铁属,,2017-04-11
2921786,cycle,旋回；周期；循环,,2017-04-11
2921787,cycle of denudation,剥蚀循环,,2017-04-11
2921788,cycle of development,发育循环,,2017-04-11
2921789,cycle of erosion,侵蚀循环,,2017-04-11
2921790,cycle of fluvial erosion,河蚀循环,,2017-04-11
2921791,cycle of glaciation,冰川循环,,2017-04-11
2921792,cycle of river erosion,河蚀循环,,2017-04-11
2921793,cycle of sedimentation,沉积循环,,2017-04-11
2921794,cycle of shore development,海岸发育循环,,2017-04-11
2921795,cycle of topographical development,地形发育循环,,2017-04-11
2921796,cycle of volcano,火山循环,,2017-04-11
2921797,cyclic deposit,循环沉积物,,2017-04-11
2921798,cyclic evolution,循环进化,,2017-04-11
2921799,cyclic introduction,轮生,,2017-04-11
2921800,cyclic salt,再生盐,,2017-04-11
2921801,cyclic sedimentation,循环沉积作用,,2017-04-11
2921802,cyclic twin,轮式双晶；轮晶,,2017-04-11
2921803,cyclic twinning,轮式双晶作用,,2017-04-11
2921804,cyclical,轮状的,,2017-04-11
2921805,cyclical twin,轮式双晶；轮晶,,2017-04-11
2921806,cycling,瓦斯循环注入法,,2017-04-11
2921807,Cycloceras,环角石属,,2017-04-11
2921808,Cyclococcolithus,圆藻石属,,2017-04-11
2921809,cyclohexane,环己烷,,2017-04-11
2921810,cycloid scale,圆鳞,,2017-04-11
2921811,cycloidal wave,摆线波,,2017-04-11
2921812,Cycloidea,环形棘皮纲,,2017-04-11
2921813,cyclone,气旋,,2017-04-11
2921814,cyclonic wind,气旋风,,2017-04-11
2921815,cyclopean,镶嵌状[结构],,2017-04-11
2921816,cyclopean stone,镶嵌石,,2017-04-11
2921817,cyclosilicates,环矽酸盐类,,2017-04-11
2921818,Cyclostomata,圆口目,,2017-04-11
2921819,cyclothem,旋回层,,2017-04-11
2921820,cyclotheric sedimentation,旋回沉积[作用],,2017-04-11
2921821,cylindrical fault,圆柱状断层,,2017-04-11
2921822,cylindrical map projection,圆柱地图投影,,2017-04-11
2921823,cylindrical vent,圆柱状通道,,2017-04-11
2921824,cylindrite,圆柱锡矿,,2017-04-11
2921825,cylindroidal fold,似圆柱状褶曲,,2017-04-11
2921826,Cylisphyllum,棚珊瑚属,,2017-04-11
2921827,cymatolite,变锂辉石；杂钠长白云母,,2017-04-11
2921828,Cymbaloporetta,微铙钹虫属,,2017-04-11
2921829,cymoid structure,弧形构造,,2017-04-11
2921830,cymophane,金绿宝石；猫眼石,,2017-04-11
2921831,Cymostrophia,波纹扭月贝属,,2017-04-11
2921832,cymrite,铝矽钡石,,2017-04-11
2921833,Cynailurus,猎豹属,,2017-04-11
2921834,Cynodontia,犬齿龙目,,2017-04-11
2921835,Cynognathus,犬颌兽属,,2017-04-11
2921836,Cynostraca,犬牙壳目,,2017-04-11
2921837,Cypraea,宝贝螺属,,2017-04-11
2921838,Cypretta,女神介属,,2017-04-11
2921839,Cypridea,女星介属,,2017-04-11
2921840,Cypridina,凹星虫属,,2017-04-11
2921841,cyprine,青符山石,,2017-04-11
2921842,cyprite,辉铜矿,,2017-04-11
2921843,cyprusite,钠黄铁矾,,2017-04-11
2921844,Cyrena,女神蚬属；仙女蚬属,,2017-04-11
2921845,cyrenoid dentition,女神蚬式牙系,,2017-04-11
2921846,Cyrtina,弓形贝属,,2017-04-11
2921847,Cyrtiopsis,穹石燕属,,2017-04-11
2921848,cyrtoceracone,弓角石式壳,,2017-04-11
2921849,Cyrtoceras,弓角石属,,2017-04-11
2921850,Cyrtochoanites,弓颈鹦鹉螺属,,2017-04-11
2921851,Cyrtograptus,弓笔石属,,2017-04-11
2921852,cyrtolite,曲晶石,,2017-04-11
2921853,Cyrtospirifer,弯石燕属,,2017-04-11
2921854,<em>Cyrtovaginoceras</em>,弓鞘角石属,,2017-04-11
2921855,cyst,胞；囊,,2017-04-11
2921856,Cystiphrentis,泡沫内沟珊瑚属,,2017-04-11
2921857,Cystiphyllum,泡沫珊瑚属,,2017-04-11
2921858,cystoid,海林擒,,2017-04-11
2921859,Cystoidea,海林擒纲,,2017-04-11
2921860,cystose,泡沫状,,2017-04-11
2921861,cystosepiment,泡沫板,,2017-04-11
2921862,Cytaem,仙女蚬属,,2017-04-11
2921863,Cythere,女神介属,,2017-04-11
2921864,Cythereis,小神介属,,2017-04-11
2921865,Cytherella,仙女介属,,2017-04-11
2921866,Cytheretta,大女神介属,,2017-04-11
2921867,Cytheridea,丽神介属,,2017-04-11
2921868,Cytheropteron,翼种介属,,2017-04-11
2921869,Cytherura,尾种介属,,2017-04-11
2921870,Czekanowskia,契干叶属,,2017-04-11
2921871,damage zone,[断层]毁坏带,,2017-04-11
2921872,Deep Sea Drilling Project {=DSDP},深海钻探计划,,2017-04-11
2921873,deformation band,变形带,,2017-04-11
2921874,deformation front,变形前缘,,2017-04-11
2921875,deformation lamella,变形条纹,,2017-04-11
2921876,deformation path,变形路径,,2017-04-11
2921877,deformation twin,变形双晶,,2017-04-11
2921878,density stratification,密度分层,,2017-04-11
2921879,deviatoric stress,偏差应力,,2017-04-11
2921880,dewatering,脱水[作用],,2017-04-11
2921881,diffusional mass transfer,物质扩散传递,,2017-04-11
2921882,digital elevation model (DEM),数值高程模型,,2020-06-24
2921883,digital trian model (DTM),数值地形模型,,2017-04-11
2921884,dihedral angle,两面夹角,,2017-04-11
2921885,dip isogon,等倾角分类,,2017-04-11
2921886,dish structure,碟状构造,,2017-04-11
2921887,disjunctive cleavage,无前理劈理,,2017-04-11
2921888,displacement vector,位移向量,,2017-04-11
2921889,divergent fan,幅散状劈理{cleavage},,2017-04-11
2921890,diversity,多样性,,2017-04-11
2921891,domino-style fault,骨牌式断层,,2017-04-11
2921892,downbuilding,被[动]贯入作用,,2017-04-11
2921893,downgoing plate,下沉板块；隐没板块,,2017-04-11
2921894,downlap,下超；下覆,,2017-04-11
2921895,draa,巨型沙丘,,2017-04-11
2921896,drape fold,压密褶皱；被迫褶皱,,2017-04-11
2921897,dropstone,降石,,2017-04-11
2921898,ductile behavior,韧性变形行为,,2017-04-11
2921899,duplex,叠置逆断层,,2017-04-11
2921900,duplex fault zone,叠置断层带,,2017-04-11
2921901,dynamic analysis,动力学分析,,2017-04-11
2921902,dynamic recrystallization,动力再结晶,,2017-04-11
2921903,dynamic viscosity,动力黏性系数,,2017-04-11
2921904,detachment,脱卸,,2017-04-11
2921905,detachment fault,脱卸断层,,2017-04-11
2921906,detachment fold,脱卸褶皱,,2017-04-11
2921907,detachment thrust,脱卸逆断层,,2017-04-11
2921908,divergent plate boundary,分离板块边界,,2017-04-11
2921909,dispersed element,分散元素,,2017-04-11
2921910,ductile mineral,韧性矿物,,2017-04-11
2921911,delvauxene,胶磷铁矿,,2017-04-11
2921912,demidoffite,青矽孔雀石,,2017-04-11
2921913,density log,密度井录,,2017-04-11
2921914,dentary,齿骨,,2017-04-11
2921915,diapirism,贯入作用,,2017-04-11
2921916,diatoms,矽藻类,,2017-04-11
2921917,didrimite,绢云母；细磷白云母,,2017-04-11
2921918,discrase,锑银矿,,2017-04-11
2921919,dalmatianite,斑点堇青直辉岩,,2017-04-11
2921920,davidite,镧铀钛铁矿,,2017-04-11
2921921,decarbonation alteration,去碳酸盐化作用,,2017-04-11
2921922,decay series of U and Th,铀钍系列衰变,,2017-04-11
2921923,degassing,岩浆逸气,,2017-04-11
2921924,desulfidation,去硫作用,,2017-04-11
2921925,diagenetic crystallization rhythmite,成岩结晶节奏层,,2017-04-11
2921926,diamond core drilling,钻石钻头岩心采样,,2017-04-11
2921927,differentiation of magma,岩浆分化,,2017-04-11
2921928,dilation in vein,膨胀脉,,2017-04-11
2921929,diplogenic processes,同生及后生作用,,2017-04-11
2921930,djurleite,低辉铜矿；久辉铜矿,,2017-04-11
2921931,doming,穹窿状,,2017-04-11
2921932,daltaic plain,三角洲平原,,2017-04-11
2921933,Deccan trap,德干[高原]基性火成岩体,,2017-04-11
2921934,dejection formation,喷出岩,,2017-04-11
2921935,differential stress,差异应力,,2017-04-11
2921936,diffraction diagram,绕射图,,2017-04-11
2921937,diluvium,洪积层,,2017-04-11
2921938,diopsite,透辉石,,2017-04-11
2921939,directed pressure,定向压力,,2017-04-11
2921940,dating,定年,,2017-04-11
2921941,distribution coefficient,分配系数,,2017-04-11
2921942,dom,穹丘,,2017-04-11
2921943,doubly refracting spar,重曲折晶石,,2017-04-11
2921944,drakonite,透长正基粗面岩,,2017-04-11
2921945,dynamo metamorphism,动力变质作用,,2017-04-11
2921946,dynamothermal metamorphism,动力热力变质作用,,2017-04-11
2921947,dysanalyte,铌钙钛矿,,2017-04-11
2921948,dyscrase,锑银矿,,2017-04-11
2921949,dyserasite,锑银矿,,2017-04-11
2921950,deltoid plate,三棱板 {海蕾类},,2017-04-11
2921951,deltidium,三角板,,2017-04-11
2921952,deltohedron,偏菱十二面体；偏方十二面；四角三四面体,,2017-04-11
2921953,deltoid,偏菱形；偏方形,,2017-04-11
2921954,deltoid dodecahedron,偏菱十二面体；偏方十二面体；四角三四面体,,2017-04-11
2921955,delvauxate,胶磷铁矿,,2017-04-11
2921956,demersal,底栖动物的,,2017-04-11
2921957,Doliolina,海樽属｛尾索动物亚门｝,,2017-04-11
2921958,Diatomeae,矽藻类,,2017-04-11
2921959,debris flow,土石流；泥石流；岩屑流,,2017-04-11
2921960,decay constant,衰减常数；蜕变常数,,2017-04-11
2921961,declinometer,磁偏仪；磁偏角仪,,2017-04-11
2921962,depression,凹陷；洼地；低区,,2017-04-11
2921963,depression spring,洼地泉,,2017-04-11
2921964,depth hoar,雪中白霜,,2017-04-11
2921965,diaphragm,横板{腕足类、苔藓类}；横隔膜；光圈,,2017-04-11
2921966,dilatancy,膨胀；扩容现象,,2017-04-11
2921967,disintegration,崩解[作用],,2017-04-11
2921968,disk hardness-gauge,圆盘测雪硬度器,,2017-04-11
2921969,distributary,分流；支流,,2017-04-11
2921970,diurnal,日的,,2017-04-11
2921971,drewite,德罗软泥；钙质软泥,,2017-04-11
2921972,drowned coast,下沉海岸；沉溺海岸,,2017-04-11
2921973,Discocyclina,盘环虫属；圆[旋]虫属{有孔虫类},,2017-04-11
2921974,Discorbis,圆盘虫属{有孔虫类},,2017-04-11
2921975,dachiardite,环沸石,,2017-04-11
2921976,dacite,石英安山岩；英安岩,,2017-04-11
2921977,dacite liparite,英安流纹岩,,2017-04-11
2921978,dacite porphyrite,英安玢岩,,2017-04-11
2921979,dacite porphyry,英安斑岩,,2017-04-11
2921980,dacitoid,似英安岩,,2017-04-11
2921981,Daclylocephalus,指纹头虫属,,2017-04-11
2921982,dactylite,指形晶状岩,,2017-04-11
2921983,dactylitic,指形晶状[结构],,2017-04-11
2921984,dactylotype,指状结构,,2017-04-11
2921985,dactylotype intergrowths,指状交生,,2017-04-11
2921986,dahamite,钠长微岗岩,,2017-04-11
2921987,dahlite,碳水磷灰石,,2017-04-11
2921988,dahllite,碳水磷灰石,,2017-04-11
2921989,dale,谷；山谷,,2017-04-11
2921990,daleminzite,短柱硫银矿,,2017-04-11
2921991,Dalmanites,达尔曼虫属,,2017-04-11
2921992,Dalmanitina,小达尔曼虫属,,2017-04-11
2921993,dalmeny basalt,微斑玄武岩,,2017-04-11
2921994,dalyite,钾锆石,,2017-04-11
2921995,dam,坝,,2017-04-11
2921996,dam gradation,堰塞填积[作用],,2017-04-11
2921997,Damesella,德氏虫属,,2017-04-11
2921998,damkjernite,辉云碱煌岩,,2017-04-11
2921999,dammed lake,堰塞湖,,2017-04-11
2922000,damourite,细鳞水云母,,2017-04-11
2922001,damourite schist,细璘水云母片岩,,2017-04-11
2922002,damouritization,细鳞水云母化[作用],,2017-04-11
2922003,damp,矿井瓦斯,,2017-04-11
2922004,damper,阻尼器,,2017-04-11
2922005,damping,阻尼；减震,,2017-04-11
2922006,damping constant,阻尼常数,,2017-04-11
2922007,damping factor,阻尼因子,,2017-04-11
2922008,damping ratio,阻尼比,,2017-04-11
2922009,Danaea,丹尼蕨属,,2017-04-11
2922010,Danaeopsis,拟丹尼蕨属,,2017-04-11
2922011,danaite,钴毒砂,,2017-04-11
2922012,danalite,铍榴石,,2017-04-11
2922013,danburite,赛黄晶,,2017-04-11
2922014,dancalite,方沸粗安岩,,2017-04-11
2922015,Danian,丹菱阶{下始新统},,2017-04-11
2922016,dannemorite,锰铁闪石,,2017-04-11
2922017,Daonella,鱼鳞蛤属,,2017-04-11
2922018,daphnite,镁鲕绿泥石,,2017-04-11
2922019,darapskite,钠硝矾,,2017-04-11
2922020,Darcy,达西{渗透率单位},,2017-04-11
2922021,Darcy's Law,达西定律,,2017-04-11
2922022,dark mineral,暗色矿物,,2017-04-11
2922023,dark ruby silver,深红银矿,,2017-04-11
2922024,Darwinula,达尔文介属,,2017-04-11
2922025,dashkessanite,氯闪石,,2017-04-11
2922026,Dasycladaceae,伞藻超科,,2017-04-11
2922027,datholite,矽硼钙石,,2017-04-11
2922028,datolite,矽硼钙石,,2017-04-11
2922029,datum,基准,,2017-04-11
2922030,datum level,基准线；基准面,,2017-04-11
2922031,datum plane,基准面,,2017-04-11
2922032,dauberite,水铀矾,,2017-04-11
2922033,daubreeite,水氯铋矿；铋土,,2017-04-11
2922034,daubreelite,陨硫铬铁矿,,2017-04-11
2922035,daubreite,水氯铋矿；铋土,,2017-04-11
2922036,daughter element,子元素,,2017-04-11
2922037,Dauphine law,道芬双晶律,,2017-04-11
2922038,davainite,褐闪岩,,2017-04-11
2922039,daviesite,柱氯铅矿,,2017-04-11
2922040,davisonite,富铝水磷灰石,,2017-04-11
2922041,davite,毛矾石,,2017-04-11
2922042,davyne,钾钙霞石,,2017-04-11
2922043,davynite,钾钙霞石,,2017-04-11
2922044,dawsonite,丝钠铝石；碳钠铝石,,2017-04-11
2922045,dead cave,干洞穴,,2017-04-11
2922046,dead chert,白垩状燧石,,2017-04-11
2922047,dead coral reef,白化珊瑚礁,,2017-04-11
2922048,dead glacier,停滞冰川,,2017-04-11
2922049,dead ice,停滞冰,,2017-04-11
2922050,dead line,无矿线,,2017-04-11
2922051,dead water,死水,,2017-04-11
2922052,debouchure,河口,,2017-04-11
2922053,debris,岩屑,,2017-04-11
2922054,debris avalanche,岩屑崩落,,2017-04-11
2922055,debris cone,岩屑锥,,2017-04-11
2922056,debris dam,岩屑坝,,2017-04-11
2922057,debris fall,岩屑崩落,,2017-04-11
2922058,debris islands,岩屑岛,,2017-04-11
2922059,debris line,岩屑线,,2017-04-11
2922060,debris slide,岩屑滑动,,2017-04-11
2922061,debyeogram,德氏图像,,2017-04-11
2922062,Debye-Scherrer diagram,德拜-谢乐[粉晶绕射]图,,2017-04-11
2922063,Decapoda,十脚目,,2017-04-11
2922064,decapods,十脚类,,2017-04-11
2922065,Deccan basalt,德干[高原]玄武岩,,2017-04-11
2922066,deceptive conformity,似整合,,2017-04-11
2922067,dechenite,红钒铅矿,,2017-04-11
2922068,decibel,分贝,,2017-04-11
2922069,deciduous,落叶的,,2017-04-11
2922070,decke,推覆体；掩幕,,2017-04-11
2922071,decken structure,推覆构造,,2017-04-11
2922072,declination,偏差；[磁]偏角,,2017-04-11
2922073,declivity,倾斜；斜坡,,2017-04-11
2922074,decollement,脱卸[作用],,2017-04-11
2922075,decomposition,分解作用,,2017-04-11
2922076,decrepitate,爆裂,,2017-04-11
2922077,decrepitation,[液包体]爆裂作用,,2017-04-11
2922078,decurrent,下延的,,2017-04-11
2922079,decussate structure,交叉构造,,2017-04-11
2922080,dedolomitization,脱白云石化作用,,2017-04-11
2922081,deep,深渊,,2017-04-11
2922082,deep coal,深部煤,,2017-04-11
2922083,deep lead,掩埋冲积矿床,,2017-04-11
2922084,deep percolation,深渗透作用,,2017-04-11
2922085,deep sea facies,深海相,,2017-04-11
2922086,deep sea fauna,深海动物群,,2017-04-11
2922087,deepening,加深作用；下蚀[作用],,2017-04-11
2922088,deep-seated rock,深层岩,,2017-04-11
2922089,defeated stream,改向河流,,2017-04-11
2922090,defect lattice,缺陷晶格,,2017-04-11
2922091,defile,隘道；峡谷,,2017-04-11
2922092,deflation,风蚀,,2017-04-11
2922093,deflation basin,风蚀盆地,,2017-04-11
2922094,deflation lake,风蚀湖,,2017-04-11
2922095,deflection,偏斜；偏折,,2017-04-11
2922096,deflection basin,冰蚀盆地,,2017-04-11
2922097,deflection pool,河蚀转流池,,2017-04-11
2922098,deflocculate,解凝,,2017-04-11
2922099,deflocculating agent,解凝剂,,2017-04-11
2922100,deformation,变形,,2017-04-11
2922101,deformation ellipsoid,变形椭球；变形椭圆体,,2017-04-11
2922102,deformation fabric,变形组构,,2017-04-11
2922103,deformation plane,变形面,,2017-04-11
2922104,Defrisobski mutation,德弗索伯斯基氏突变,,2017-04-11
2922105,degenerate,退化,,2017-04-11
2922106,degeneration,退化[作用],,2017-04-11
2922107,degenerative process,衰退过程,,2017-04-11
2922108,degeroite,水矽铁石,,2017-04-11
2922109,deglaciation,冰消作用,,2017-04-11
2922110,degradation,减坡作用；降解作用,,2017-04-11
2922111,degrade,减坡；降解,,2017-04-11
2922112,degraded illite,退化伊来石,,2017-04-11
2922113,degrading stream,下蚀河流,,2017-04-11
2922114,degree day,日温[度]差,,2017-04-11
2922115,degree of freedom,自由度,,2017-04-11
2922116,degree of seismicity,震度,,2017-04-11
2922117,dehiscent,裂开的；熟裂的,,2017-04-11
2922118,dehrnite,碱磷灰石,,2017-04-11
2922119,dehydrate,脱水物,,2017-04-11
2922120,dehydration,脱水作用,,2017-04-11
2922121,dejection rock,喷出岩,,2017-04-11
2922122,dejective zone,低度变质岩带,,2017-04-11
2922123,delay time,延迟时间,,2017-04-11
2922124,deldoradoite,白霞正长岩,,2017-04-11
2922125,delessite,铁叶绿泥石,,2017-04-11
2922126,deleveling,基准面改变,,2017-04-11
2922127,deliquescence,潮解,,2017-04-11
2922128,deliquescent,易潮解的,,2017-04-11
2922129,dell,小谷地,,2017-04-11
2922130,dellenite,流纹英安岩{=rhyodacite},,2017-04-11
2922131,dellenite porphyry,流纹英安斑岩,,2017-04-11
2922132,delta,三角洲,,2017-04-11
2922133,delta cap,三角洲冠,,2017-04-11
2922134,delta lake,三角洲湖,,2017-04-11
2922135,delta levee lake,三角洲天然堤湖,,2017-04-11
2922136,delta moraine,三角洲冰碛,,2017-04-11
2922137,delta plain,三角洲平原,,2017-04-11
2922138,delta shoreline,三角洲滨线,,2017-04-11
2922139,delta terrace,三角洲台地；三角洲阶地,,2017-04-11
2922140,deltaic,三角洲的,,2017-04-11
2922141,deltaic coast,三角洲海岸,,2017-04-11
2922142,deltaic coastal plain,三角洲海岸平原,,2017-04-11
2922143,deltaic cross bedding,三角洲交错层,,2017-04-11
2922144,deltaite,杂钙银星磷灰石,,2017-04-11
2922145,Deltatheridium,三角齿兽属,,2017-04-11
2922146,Deltatheroides,似三角齿兽属,,2017-04-11
2922147,delthrium,三角孔,,2017-04-11
2922148,delthyrial cavity,三角腔,,2017-04-11
2922149,delthyrid,显孔型,,2017-04-11
2922150,Delthyris,显窗贝属,,2017-04-11
2922151,deltidial plate,三角双板,,2017-04-11
2922152,deluge,大洪水,,2017-04-11
2922153,demantoid,翠榴石,,2017-04-11
2922154,demantoite,翠榴石,,2017-04-11
2922155,demidovite,青矽孔雀石,,2017-04-11
2922156,demoiselle,菌状石,,2017-04-11
2922157,demoiselle hill,蜂巢状山；蘑菇状立陵,,2017-04-11
2922158,dendrite,树枝状石,,2017-04-11
2922159,dendritic,树枝状,,2017-04-11
2922160,dendritic drainage,树枝状水系,,2017-04-11
2922161,dendritic drainage pattern,树枝状水系型,,2017-04-11
2922162,dendritic valley,树枝状河谷,,2017-04-11
2922163,dendrochore,树木气候区,,2017-04-11
2922164,dendrochronology,年轮年代学,,2017-04-11
2922165,Dendrograptus,树笔石属,,2017-04-11
2922166,dendroid,树枝状,,2017-04-11
2922167,dendroid tufa,树枝状石灰华,,2017-04-11
2922168,Dendroidea,树笔石目,,2017-04-11
2922169,dendrolite,树枝状石,,2017-04-11
2922170,dennisonite,富铝水磷灰石,,2017-04-11
2922171,dense,致密,,2017-04-11
2922172,dense dolomite,致密白云岩,,2017-04-11
2922173,dense gneiss,致密片麻岩,,2017-04-11
2922174,densilog,密度井录,,2017-04-11
2922175,density current,密度流；重流,,2017-04-11
2922176,density profile,密度剖面,,2017-04-11
2922177,densofacies,变质相,,2017-04-11
2922178,dental plate,齿板,,2017-04-11
2922179,dentale,齿骨,,2017-04-11
2922180,Dentalina,齿型虫属,,2017-04-11
2922181,dentate,具齿的,,2017-04-11
2922182,denticulate,细齿,,2017-04-11
2922183,denticulate hinge,锯牙绞缘,,2017-04-11
2922184,dentine,牙质；齿质,,2017-04-11
2922185,dentition,齿系；齿型,,2017-04-11
2922186,dentition formula,牙式,,2017-04-11
2922187,dentpit,浅穴,,2017-04-11
2922188,denudation,剥蚀作用,,2017-04-11
2922189,denude,剥蚀,,2017-04-11
2922190,denuded,剥蚀的,,2017-04-11
2922191,deoxidation sphere,漂白点,,2017-04-11
2922192,departure,偏差；横距,,2017-04-11
2922193,depauoerate fauna,衰退动物群,,2017-04-11
2922194,depergelation,解冻作用,,2017-04-11
2922195,deplanation,夷平作用,,2017-04-11
2922196,depletion,枯竭,,2017-04-11
2922197,deploid,偏方二十四面体,,2017-04-11
2922198,depoaxis,沉积轴线,,2017-04-11
2922199,depocenter,沉积中心,,2017-04-11
2922200,deposit,沉积物；矿床,,2017-04-11
2922201,deposition,沉积作用,,2017-04-11
2922202,deposition fabric,沉积组构,,2017-04-11
2922203,depositional cycle,沉积循环,,2017-04-11
2922204,depositional interface,沉积界面,,2017-04-11
2922205,depositional magnetization,沉积残磁,,2017-04-11
2922206,depositional mark,沉积印痕,,2017-04-11
2922207,depressed moraine,沉陷冰碛,,2017-04-11
2922208,depth facies,深度相,,2017-04-11
2922209,depth factor,深度因素,,2017-04-11
2922210,depth ice,底冰,,2017-04-11
2922211,depth point,深度点,,2017-04-11
2922212,deranged drainage,紊乱水系,,2017-04-11
2922213,Derbya,德氏贝属,,2017-04-11
2922214,derbylite,锑钛铁矿,,2017-04-11
2922215,dereption,水力侵蚀作用,,2017-04-11
2922216,deriberite,纳板石,,2017-04-11
2922217,derivate,转生岩,,2017-04-11
2922218,derivative rock,次积岩；转生岩,,2017-04-11
2922219,derived pebble,次生砾[石],,2017-04-11
2922220,dermal bone,膜骨,,2017-04-11
2922221,dermal gliding,表层滑动,,2017-04-11
2922222,dermal tooth,真牙；真齿,,2017-04-11
2922223,Dermaptera,革翅目,,2017-04-11
2922224,dermolith,肤状熔岩,,2017-04-11
2922225,dermolithic lava,皱皮熔岩,,2017-04-11
2922226,deroofing,蚀顶,,2017-04-11
2922227,deroofing eruption,蚀顶喷发,,2017-04-11
2922228,derrick,井架,,2017-04-11
2922229,dervillite,硫砷银矿,,2017-04-11
2922230,Des Moines,德莫统{上石炭系},,2017-04-11
2922231,descendant,后代；后裔,,2017-04-11
2922232,descending slab,下冲板块,,2017-04-11
2922233,descending water,下降水,,2017-04-11
2922234,descension theory,下降说,,2017-04-11
2922235,descent,下坡；下倾,,2017-04-11
2922236,descloisite,水钒锌铅石,,2017-04-11
2922237,descriptive mineralogy,描述矿物学；矿物形态学,,2017-04-11
2922238,descriptive petrology,描述岩石学,,2017-04-11
2922239,desert,沙漠；荒漠,,2017-04-11
2922240,desert crust,沙漠盖层,,2017-04-11
2922241,desert dome,沙漠穹丘,,2017-04-11
2922242,desert lacquer,沙漠岩漆,,2017-04-11
2922243,desert mosaic,沙漠砾滩,,2017-04-11
2922244,desert pavement,漠坪,,2017-04-11
2922245,desert polish,沙漠磨光面,,2017-04-11
2922246,desert ripple,沙漠波痕,,2017-04-11
2922247,desert steppe,沙漠草原,,2017-04-11
2922248,desert varnish,沙漠[岩]漆,,2017-04-11
2922249,desiccate,干化,,2017-04-11
2922250,desiccation,干化作用,,2017-04-11
2922251,desiccation breccia,干化角砾岩,,2017-04-11
2922252,desiccation conglomerate,干化砾岩,,2017-04-11
2922253,desiccation crack,干裂,,2017-04-11
2922254,desiccation fissure,干缩裂缝,,2017-04-11
2922255,desiccation joint,干裂节理,,2017-04-11
2922256,desiccation polygons,干裂多角形,,2017-04-11
2922257,desilication,脱矽[作用],,2017-04-11
2922258,desmine,辉沸石{=stilbite},,2017-04-11
2922259,Desmodonta,贫齿目{双壳类},,2017-04-11
2922260,Desmophyllum,束珊瑚属,,2017-04-11
2922261,desmosite,条带钠长英板岩,,2017-04-11
2922262,Desmospongia,普通海绵纲,,2017-04-11
2922263,Desmostylus,戴斯莫兽；索齿兽属,,2017-04-11
2922264,destinezite,磷铁矾,,2017-04-11
2922265,destructional,破坏的,,2017-04-11
2922266,destructive metamorphism,等温变质作用,,2017-04-11
2922267,detached core,挤离褶皱轴部,,2017-04-11
2922268,detector,检测器,,2017-04-11
2922269,determinative mineralogy,矿物鉴定学,,2017-04-11
2922270,detrital,碎屑的,,2017-04-11
2922271,detrital limestone,碎屑石灰岩,,2017-04-11
2922272,detrital ratio,碎屑比,,2017-04-11
2922273,detrital rock,碎屑岩,,2017-04-11
2922274,detrition,成屑作用,,2017-04-11
2922275,detritus,岩屑,,2017-04-11
2922276,deuteric,[岩浆]后期的,,2017-04-11
2922277,deuteric action,[岩浆]后期作用,,2017-04-11
2922278,deuteric alteration,[岩浆]后期蚀变,,2017-04-11
2922279,deuteric effects,[岩浆]后期效应,,2017-04-11
2922280,deuterium,重氢；氘,,2017-04-11
2922281,deuterodiorite,变质闪长岩,,2017-04-11
2922282,deuterogene,后成岩；后期生成,,2017-04-11
2922283,deuterogenic,后期生成的,,2017-04-11
2922284,deuterogenous,后期生成的,,2017-04-11
2922285,deuteromorphic,后期变形的,,2017-04-11
2922286,deuteroprism,第二柱；第二六方柱,,2017-04-11
2922287,deuteropyramid,第二锥；第二六方锥,,2017-04-11
2922288,deuterosomatic,再成岩的,,2017-04-11
2922289,Deuterostomia,后口动物,,2017-04-11
2922290,developed ore,开发矿石,,2017-04-11
2922291,development well,开发井,,2017-04-11
2922292,deviated hole,斜井；偏斜井,,2017-04-11
2922293,deviation,偏差,,2017-04-11
2922294,devilline,钙铜矾；石膏铜矾,,2017-04-11
2922295,devitrification,脱玻作用,,2017-04-11
2922296,devolatilization,去挥发作用,,2017-04-11
2922297,Devonian,泥盆纪；泥盆系,,2017-04-11
2922298,devonite,银星石；斜斑辉绿岩,,2017-04-11
2922299,dew,露,,2017-04-11
2922300,dew point,露点,,2017-04-11
2922301,deweylite,杂滑蛇纹石,,2017-04-11
2922302,dewindtite,粒磷铅铀矿；磷铅铀矿,,2017-04-11
2922303,dextral fault,右移断层,,2017-04-11
2922304,dextral fold,右旋褶皱,,2017-04-11
2922305,dextral shell,右旋壳,,2017-04-11
2922306,diabantite,矽铁斜绿泥石；纤维皂石,,2017-04-11
2922307,diabase,辉绿岩,,2017-04-11
2922308,diabase amphibolite,辉绿角闪岩,,2017-04-11
2922309,diabase aphanite,辉绿隐晶岩,,2017-04-11
2922310,diabase aplite,辉绿细晶岩,,2017-04-11
2922311,diabase facies,辉绿岩相,,2017-04-11
2922312,diabase gabbro,辉绿辉长岩,,2017-04-11
2922313,diabase porphyrite,辉绿玢岩,,2017-04-11
2922314,diabase porphyry,辉绿斑岩,,2017-04-11
2922315,diabase spessartite,辉绿闪斜煌斑岩,,2017-04-11
2922316,diabase spilite,辉绿细碧岩,,2017-04-11
2922317,diabase tuff,辉绿凝灰岩,,2017-04-11
2922318,diabasic,辉绿岩的,,2017-04-11
2922319,diabasic texture,辉绿结构,,2017-04-11
2922320,diablastic,筛状变晶的,,2017-04-11
2922321,diaboleite,水氯铅铜石,,2017-04-11
2922322,Diacanthaspis,班矛虫属,,2017-04-11
2922323,diachronic,跨代的,,2017-04-11
2922324,diachronism,跨代,,2017-04-11
2922325,diachronous,跨代的,,2017-04-11
2922326,diaclasite,黄绢石,,2017-04-11
2922327,diaclinal,横向的,,2017-04-11
2922328,diadaxis,二次对称轴,,2017-04-11
2922329,diadochite,磷铁矾,,2017-04-11
2922330,diadochy,离子置换作用；互代性,,2017-04-11
2922331,diagenesis,成岩作用,,2017-04-11
2922332,diagenetic,成岩作用的,,2017-04-11
2922333,diagenetic deformation,成岩变形,,2017-04-11
2922334,diagenetic metamorphism,成岩变质[作用],,2017-04-11
2922335,diagenetic process,岩化作用,,2017-04-11
2922336,diagenism,成岩作用,,2017-04-11
2922337,diagenodont,异齿型,,2017-04-11
2922338,diaglomerate,同源砾岩；单源砾岩,,2017-04-11
2922339,diagnostic mineral,特征矿物,,2017-04-11
2922340,diagonal fault,斜断层,,2017-04-11
2922341,diagonal joint,斜节理,,2017-04-11
2922342,diagonal prism,第二柱,,2017-04-11
2922343,diagonal pyramid,第二锥,,2017-04-11
2922344,diagonal stratification,交错层理,,2017-04-11
2922345,diagonal-slip fault,斜移断层,,2017-04-11
2922346,diagrammatic section,图解剖面,,2017-04-11
2922347,diakis-dodecahedron,偏方又十二面体,,2017-04-11
2922348,dial,度盘；圆盘刻度计,,2017-04-11
2922349,Dialasma,两板贝属,,2017-04-11
2922350,diallage,异剥石,,2017-04-11
2922351,diallage bronzite peridotite,异剥古铜橄榄岩,,2017-04-11
2922352,diallage peridotite,异剥橄榄岩,,2017-04-11
2922353,diallagite,异剥辉石岩,,2017-04-11
2922354,diallogite,菱锰矿,,2017-04-11
2922355,dialyse,分解[作用]；渗析,,2017-04-11
2922356,dialysis,渗析[作用],,2017-04-11
2922357,diamagnetic,反磁性；抗磁性,,2017-04-11
2922358,diametral prism,第二四方柱,,2017-04-11
2922359,diametral pyramid,第二四方锥,,2017-04-11
2922360,diamond,金刚石；钻石,,2017-04-11
2922361,diamond bit,金刚石钻头,,2017-04-11
2922362,diamond drill,金刚石钻机,,2017-04-11
2922363,diamond mortar,钢[乳]钵,,2017-04-11
2922364,diamond spar,刚玉；刚石,,2017-04-11
2922365,dianite,铌铁矿,,2017-04-11
2922366,diaphaneity,透明度,,2017-04-11
2922367,diaphanotheca,透明层,,2017-04-11
2922368,diaphanous,透明的,,2017-04-11
2922369,diaphorite,辉锑铅银矿,,2017-04-11
2922370,diaphthoresis,退化变质作用,,2017-04-11
2922371,diaphthorite,退化变质岩,,2017-04-11
2922372,diapir,贯入体；贯入构造；挤入构造,,2017-04-11
2922373,diapir fold,贯入褶皱；挤入褶皱,,2017-04-11
2922374,diapiric fold,贯入褶皱；挤入褶皱,,2017-04-11
2922375,Diapsida,双孔亚纲,,2017-04-11
2922376,diapsidian skull,双孔颅,,2017-04-11
2922377,diarch,两原木质型,,2017-04-11
2922378,Dias,二叠纪,,2017-04-11
2922379,diaschistic,分化侵入的；二分的,,2017-04-11
2922380,diaschistic dyke rock,分化侵入脉岩；二分脉岩,,2017-04-11
2922381,diaschistite,分化侵入岩；二分岩,,2017-04-11
2922382,diaspore,一水硬铝石；α-水铝石,,2017-04-11
2922383,diasporite,一水硬铝石；α-水铝石,,2017-04-11
2922384,diastem,[沉积]小间断,,2017-04-11
2922385,diastema,齿隙,,2017-04-11
2922386,diastrophism,地壳变动,,2017-04-11
2922387,diatactic varve,分粒季候泥,,2017-04-11
2922388,diathermacy,透热性,,2017-04-11
2922389,diathermanous,透热的,,2017-04-11
2922390,diathermic,透热的,,2017-04-11
2922391,diathermic body,透热体,,2017-04-11
2922392,diatom,矽藻,,2017-04-11
2922393,diatom analysis,矽藻分析,,2017-04-11
2922394,diatom earth,矽藻土,,2017-04-11
2922395,diatom ooze,矽藻软泥,,2017-04-11
2922396,diatomaceous earth,矽藻土,,2017-04-11
2922397,diatomaceous ooze,矽藻软泥,,2017-04-11
2922398,diatomite,矽藻土,,2017-04-11
2922399,diatreme,火山碎屑岩筒,,2017-04-11
2922400,Diatryma,不飞鸟属,,2017-04-11
2922401,Dibranchiata,二鳃目,,2017-04-11
2922402,Dibunophyllum,棚珊瑚属,,2017-04-11
2922403,Dicellograptus,叉笔石属,,2017-04-11
2922404,Diceros,黑犀属,,2017-04-11
2922405,Dichograptus,均分笔石属,,2017-04-11
2922406,dichotomy,二分；均分,,2017-04-11
2922407,dichroism,双色性,,2017-04-11
2922408,dichroite,堇青石,,2017-04-11
2922409,dichroscope,双色镜,,2017-04-11
2922410,dickinsonite,绿碱磷锰矿,,2017-04-11
2922411,dickite,狄克石；地开石,,2017-04-11
2922412,diclinic system,二斜系{三斜晶系},,2017-04-11
2922413,Dicoelostrophia,双腹扭形贝属,,2017-04-11
2922414,dicotyledon,双子叶植物,,2017-04-11
2922415,Dicotyledoneae,双子叶植物纲,,2017-04-11
2922416,Dicranograptus,双头笔石属,,2017-04-11
2922417,Dictyoclostus,网格长身贝属,,2017-04-11
2922418,Dictyonema,网[格]笔石属,,2017-04-11
2922419,Dictyophyllum,网叶蕨属,,2017-04-11
2922420,dictyostele,网状中柱,,2017-04-11
2922421,Dictyozamites,网羽叶苏铁属,,2017-04-11
2922422,dicyclic crinoid,双环海百合,,2017-04-11
2922423,Dicynodon,二齿兽属,,2017-04-11
2922424,Dicynodontia,二齿兽亚目,,2017-04-11
2922425,didactic structure,分粒构造,,2017-04-11
2922426,diderichite,丝黄铀矿,,2017-04-11
2922427,Didermocerus,犀属,,2017-04-11
2922428,Diderocera,双房角石属,,2017-04-11
2922429,didodecahedron,复十二面体,,2017-04-11
2922430,diductor muscle,展肌,,2017-04-11
2922431,diductor scar,展肌痕,,2017-04-11
2922432,didymite,绢云母；细磷白云母,,2017-04-11
2922433,Didymograptus,对笔石属,,2017-04-11
2922434,didymolite,钙蓝石,,2017-04-11
2922435,dielectric separation,价电分离,,2017-04-11
2922436,dietrichite,锰铁锌铝矾,,2017-04-11
2922437,dietzeite,碘铬钙石,,2017-04-11
2922438,differential compaction,差异压实[作用],,2017-04-11
2922439,differential curvature,曲率差,,2017-04-11
2922440,differential erosion,差异侵蚀,,2017-04-11
2922441,differential force,差异力,,2017-04-11
2922442,differential melting,分化熔融,,2017-04-11
2922443,differential pressure,差异压力；不均匀压力,,2017-04-11
2922444,differential solution,分异溶液,,2017-04-11
2922445,differential thermal analysis,热差分析,,2017-04-11
2922446,differential weathering,差异风化,,2017-04-11
2922447,differentiate,分化,,2017-04-11
2922448,differentiated batholith,分化岩基,,2017-04-11
2922449,differentiated dike,分化岩脉,,2017-04-11
2922450,differentiated laccolith,分化岩盖,,2017-04-11
2922451,differentiated sill,分化岩床,,2017-04-11
2922452,differentiated stock,分化岩株,,2017-04-11
2922453,differentiation,分化作用,,2017-04-11
2922454,diffluence glacier,分流冰川,,2017-04-11
2922455,diffraction,绕射,,2017-04-11
2922456,diffraction spacing,绕射间距,,2017-04-11
2922457,diffused light,漫射光,,2017-04-11
2922458,diffuse-porous wood,散孔材,,2017-04-11
2922459,diffusion,扩散[作用]；漫射,,2017-04-11
2922460,diffusion coefficient,扩散系数,,2017-04-11
2922461,diggings,矿山；矿区,,2017-04-11
2922462,digitation,指状分叉,,2017-04-11
2922463,dihexagonal bipyramid,复六方双锥,,2017-04-11
2922464,dihexagonal dipyramidal class,复六方双锥晶族,,2017-04-11
2922465,dihexagonal prism,复六方柱,,2017-04-11
2922466,dihexagonal pyramid,复六方锥,,2017-04-11
2922467,dihexahedron,复六方体,,2017-04-11
2922468,dihydrite,假孔雀石,,2017-04-11
2922469,dike,岩脉；岩墙,,2017-04-11
2922470,dike rock,脉岩,,2017-04-11
2922471,dike satellite,围脉,,2017-04-11
2922472,dike set,岩脉组；岩墙组,,2017-04-11
2922473,dike swarm,岩脉群；岩墙群,,2017-04-11
2922474,dike system,岩脉系；岩墙系,,2017-04-11
2922475,dike wall,岩脉墙,,2017-04-11
2922476,diked marsh,圩地,,2017-04-11
2922477,dikelet,小岩脉,,2017-04-11
2922478,Dikelocephalus,金秋头虫属,,2017-04-11
2922479,Dilambdonta,双褶齿猬亚目,,2017-04-11
2922480,dilatation,膨胀,,2017-04-11
2922481,dilated septum,胀大隔壁,,2017-04-11
2922482,dilation,膨胀；胀缩,,2017-04-11
2922483,dillenburgite,碳矽孔雀石,,2017-04-11
2922484,diluent,稀释剂,,2017-04-11
2922485,diluvial,洪积的,,2017-04-11
2922486,Diluvial Epoch,洪积世,,2017-04-11
2922487,Diluvium,洪积统,,2017-04-11
2922488,dimension stone,规格石块,,2017-04-11
2922489,dimensional orientation,顺向排列；优势排列,,2017-04-11
2922490,dimetric,正方的,,2017-04-11
2922491,Dimetrodon,异齿龙属,,2017-04-11
2922492,dimorph,同质二像体；二形晶,,2017-04-11
2922493,dimorphism,同质二像；双形；二态性,,2017-04-11
2922494,Dimorphodon,蝙蝠龙属,,2017-04-11
2922495,Dimorphogroptus,两形笔石属,,2017-04-11
2922496,dimorphous,同质二像的,,2017-04-11
2922497,dimyaria,双柱类,,2017-04-11
2922498,Dinantian,狄南阶{早石炭系},,2017-04-11
2922499,Dinaric,代那里统{中三叠系},,2017-04-11
2922500,Dinictis,恐齿猫属,,2017-04-11
2922501,dinite,冰地蜡,,2017-04-11
2922502,Dinocephalia,巨头龙亚目,,2017-04-11
2922503,Dinocerata,恐角亚目,,2017-04-11
2922504,Dinoflagellata,涡鞭藻纲,,2017-04-11
2922505,Dinophyllum,卷心珊瑚属,,2017-04-11
2922506,Dinornis,恐鸟属,,2017-04-11
2922507,Dinosauria,恐龙目,,2017-04-11
2922508,dinosaurian egg,恐龙蛋,,2017-04-11
2922509,Dinotherioidea,恐兽亚目,,2017-04-11
2922510,Dinotherium,恐象属,,2017-04-11
2922511,dioctahedral,二八面型式的,,2017-04-11
2922512,dioctahedron,二八面体,,2017-04-11
2922513,diode,两极真空管；二极管,,2017-04-11
2922514,dioecian plant,雌雄异株植物,,2017-04-11
2922515,dioecious,雌雄异株的,,2017-04-11
2922516,diogenite,古铜无球粒陨石,,2017-04-11
2922517,diopside,透辉石,,2017-04-11
2922518,diopside diorite,透辉闪长岩,,2017-04-11
2922519,diopside garnetite,透辉柘榴岩,,2017-04-11
2922520,diopside granite,透辉花岗岩,,2017-04-11
2922521,diopside granitite,透辉黑云花岗岩,,2017-04-11
2922522,diopside kersantite,透辉云斜煌岩,,2017-04-11
2922523,diopside pegmatite,透辉伟晶岩,,2017-04-11
2922524,diopside syenite,透辉正长岩,,2017-04-11
2922525,diopside vogesite,透辉闪正煌岩,,2017-04-11
2922526,diopsidite,透辉石岩,,2017-04-11
2922527,dioptase,透视石；绿铜矿,,2017-04-11
2922528,dioptasite,透视石；绿铜矿,,2017-04-11
2922529,diorite,闪长岩,,2017-04-11
2922530,diorite aplite,闪长细晶岩,,2017-04-11
2922531,diorite felsite,闪长霏细岩,,2017-04-11
2922532,diorite porphyrite,闪长玢岩,,2017-04-11
2922533,diorite porphyry,闪长斑岩,,2017-04-11
2922534,diorite-syenite porphyry,闪长正长斑岩,,2017-04-11
2922535,dioritic lamprophyre,闪长煌斑岩,,2017-04-11
2922536,dioritic structure,闪长构造,,2017-04-11
2922537,dioritite,闪长细晶岩,,2017-04-11
2922538,dip,倾斜；倾角；倾向,,2017-04-11
2922539,dip angle,倾角,,2017-04-11
2922540,dip cleat,倾向割理,,2017-04-11
2922541,dip compass,磁倾罗盘,,2017-04-11
2922542,dip fault,倾向断层,,2017-04-11
2922543,dip joint,倾向节理,,2017-04-11
2922544,dip logging,倾角井测,,2017-04-11
2922545,dip needle,磁针,,2017-04-11
2922546,dip separation,倾向断距,,2017-04-11
2922547,dip shift,倾向移距,,2017-04-11
2922548,dip shooting,倾角炸测法,,2017-04-11
2922549,dip slip,倾向滑距,,2017-04-11
2922550,dip slope,顺向坡；倾向坡,,2017-04-11
2922551,dip stream,倾向河,,2017-04-11
2922552,dip throw,倾向落差,,2017-04-11
2922553,diphycercal fin,原尾鳍,,2017-04-11
2922554,Diphyphyllum,双形珊瑚属,,2017-04-11
2922555,Diplobathra,双圈圆顶海百合目,,2017-04-11
2922556,Diplochone,双锥无刺珊瑚属,,2017-04-11
2922557,Diplodocus,梁龙属,,2017-04-11
2922558,Diplograptus,双笔石属,,2017-04-11
2922559,diplohedron,偏方二十四面体,,2017-04-11
2922560,diploid,偏方二十四面体,,2017-04-11
2922561,diplopore,双孔,,2017-04-11
2922562,Diploporita,双孔目,,2017-04-11
2922563,Diplotrypa,双孔苔藓虫属,,2017-04-11
2922564,diplotype,属全型,,2017-04-11
2922565,Diplovertebron,双椎螈属,,2017-04-11
2922566,Dipnoi,肺鱼亚纲,,2017-04-11
2922567,dipole,偶极；偶极子,,2017-04-11
2922568,dipole radiation,偶极辐射,,2017-04-11
2922569,Diprotodonta,双门齿有袋亚目,,2017-04-11
2922570,dip-slip fault,倾向滑移断层,,2017-04-11
2922571,Diptera,双翅目,,2017-04-11
2922572,Dipterus,双鳍鱼属,,2017-04-11
2922573,dipyramid,双锥；双锥面,,2017-04-11
2922574,dipyre,针柱石,,2017-04-11
2922575,dipyrite,磁黄铁矿；针柱石,,2017-04-11
2922576,dipyrization,针柱石化[作用],,2017-04-11
2922577,direct intake,直接补水,,2017-04-11
2922578,direct pressure,定向压力,,2017-04-11
2922579,direct runoff,直接径流,,2017-04-11
2922580,direct stratification,原生层理,,2017-04-11
2922581,direction image,方向影像{干涉图},,2017-04-11
2922582,direction indicator,偏向指示器,,2017-04-11
2922583,direction of extinction,消光方向,,2017-04-11
2922584,directional drilling,定向钻井,,2017-04-11
2922585,directional structure,定向构造；指向构造,,2017-04-11
2922586,dirt band,[冰川]碎屑层,,2017-04-11
2922587,dirt cone,[冰川]岩屑锥,,2017-04-11
2922588,dirty arkose,不纯长石砂岩,,2017-04-11
2922589,dirty coal,污煤,,2017-04-11
2922590,disappearing stream,潜流；渗流,,2017-04-11
2922591,discharge,流量；流失,,2017-04-11
2922592,discharge curve,流量曲线,,2017-04-11
2922593,Discina,圆盘贝属,,2017-04-11
2922594,Discoaeras,盘角石属,,2017-04-11
2922595,Discoaster,盘星石属,,2017-04-11
2922596,discoid,盘状,,2017-04-11
2922597,discoidal,盘状的,,2017-04-11
2922598,discolith,盘状石,,2017-04-11
2922599,disconformity,假整合,,2017-04-11
2922600,discontinuous deformation,非连续变形,,2017-04-11
2922601,discordance,不整接,,2017-04-11
2922602,discordant,不整接；不一致的,,2017-04-11
2922603,discordant basin,不协调盆地,,2017-04-11
2922604,discordant bedding,不平行层理,,2017-04-11
2922605,discordant coastline,不整合海岸线,,2017-04-11
2922606,discordant injection,不整接贯入,,2017-04-11
2922607,discordant intrusion,不整接侵入,,2017-04-11
2922608,discordant junction,不整合汇流,,2017-04-11
2922609,discordant pluton,不整接深成岩体,,2017-04-11
2922610,Discosauricus,圆盘蜥龙属,,2017-04-11
2922611,discovery well,发现井,,2017-04-11
2922612,discrasite,锑银矿,,2017-04-11
2922613,discrepancy,差异；不符,,2017-04-11
2922614,discrete,离散的；分立的；个别的,,2017-04-11
2922615,disequilibrium,不平衡,,2017-04-11
2922616,disequilibrium assemblage,不平衡矿物群,,2017-04-11
2922617,disharmonic fold,不和谐褶皱,,2017-04-11
2922618,disharmonic folding,不和谐褶皱作用,,2017-04-11
2922619,disintegrate,崩解,,2017-04-11
2922620,disjunctive fold,离断褶皱,,2017-04-11
2922621,disk,圆盘,,2017-04-11
2922622,dislocation,错位；差排,,2017-04-11
2922623,dislocation metamorphism,碎裂变质作用,,2017-04-11
2922624,dismembered drainage,解体水系,,2017-04-11
2922625,dismembered river system,解体河系,,2017-04-11
2922626,dismicrite,鸟眼石灰岩,,2017-04-11
2922627,disomatic,捕获晶；外来晶,,2017-04-11
2922628,disorder,无序{结晶},,2017-04-11
2922629,Disparata,单圈圆顶海百合目,,2017-04-11
2922630,dispersed phase,分散相,,2017-04-11
2922631,dispersion halo,分散晕,,2017-04-11
2922632,dispersion of circular polarization,圆偏光色散；圆偏振色散,,2017-04-11
2922633,dispersion of color,色散,,2017-04-11
2922634,dispersion of optic axis,光轴分散；光轴色散,,2017-04-11
2922635,disphenoid,双楔面,,2017-04-11
2922636,disphotic zone,弱光带,,2017-04-11
2922637,Disphyllum,分珊瑚属,,2017-04-11
2922638,displacement,位移,,2017-04-11
2922639,displacement meter,位移计,,2017-04-11
2922640,displacement plane,位移面,,2017-04-11
2922641,disposal well,废液处理井,,2017-04-11
2922642,disrupture,破裂,,2017-04-11
2922643,dissected,切割的,,2017-04-11
2922644,dissected peneplain,切蚀准平原,,2017-04-11
2922645,dissected plain,切割平原,,2017-04-11
2922646,dissected volcano,切割火山,,2017-04-11
2922647,dissection,切割[作用],,2017-04-11
2922648,disseminated,浸染的,,2017-04-11
2922649,disseminated deposit,浸染型矿床,,2017-04-11
2922650,disseminated ore,浸染型矿石,,2017-04-11
2922651,disseminated sulfide,浸染硫化物,,2017-04-11
2922652,dissemination,浸染作用；矿染作用,,2017-04-11
2922653,dissepiment,鳞板,,2017-04-11
2922654,dissepimenterium,鳞板带,,2017-04-11
2922655,dissipator,消融带,,2017-04-11
2922656,dissociation,解离[作用],,2017-04-11
2922657,dissociation constant,解离常数,,2017-04-11
2922658,dissociation point,解离点,,2017-04-11
2922659,dissociation temperature,解离温度,,2017-04-11
2922660,dissogenite,异源岩,,2017-04-11
2922661,dissolution,溶解[作用],,2017-04-11
2922662,dissolve gas drive,溶解气驱,,2017-04-11
2922663,dissolved natural gas,溶解天然气,,2017-04-11
2922664,distal,远处的；远源的；腹面的,,2017-04-11
2922665,distal end,末端；远端,,2017-04-11
2922666,distal face,远极面,,2017-04-11
2922667,distal groove,腹面细槽,,2017-04-11
2922668,distal side,远极面,,2017-04-11
2922669,distant admixture,两端混合物,,2017-04-11
2922670,distary,异向生长,,2017-04-11
2922671,disterrite,绿脆云母,,2017-04-11
2922672,disthene,蓝晶石,,2017-04-11
2922673,disthene-mica schist,蓝晶石云母片岩,,2017-04-11
2922674,distichous,二列的,,2017-04-11
2922675,distorted crystal,歪晶,,2017-04-11
2922676,distortion,扭曲,,2017-04-11
2922677,distortional wave,扭曲波,,2017-04-11
2922678,distributary glacier,分枝冰川,,2017-04-11
2922679,distribution ratio,分配比例,,2017-04-11
2922680,distributive fault,阶状断层,,2017-04-11
2922681,distributive province,分布区,,2017-04-11
2922682,disturbance,扰乱；变动,,2017-04-11
2922683,disturbed soil sample,扰动土样,,2017-04-11
2922684,disymmetric face,双对称面,,2017-04-11
2922685,disymmetric of interference color,干涉色变；对称色散,,2017-04-11
2922686,ditetragonal prism,复正方柱,,2017-04-11
2922687,ditetragonal pyramid,复正方锥,,2017-04-11
2922688,ditetrigonal bipyramidal class,复正方双锥晶族,,2017-04-11
2922689,ditrigonal bipyramid,复三方双锥,,2017-04-11
2922690,ditrigonal prism,复三方角柱,,2017-04-11
2922691,ditrigonal prism of the second order,第二复三角柱,,2017-04-11
2922692,ditrigonal pyramid,复三方锥,,2017-04-11
2922693,ditroite,方钠石；方钠霞石正长岩,,2017-04-11
2922694,diurnal variation,日变化,,2017-04-11
2922695,divagation,泛滥,,2017-04-11
2922696,divergence,发散；扩散,,2017-04-11
2922697,divergent juncture,离散接合处,,2017-04-11
2922698,divergent lode,辐散状矿脉,,2017-04-11
2922699,divergent structure,放射状结构；辐散状构造,,2017-04-11
2922700,diversion,转向,,2017-04-11
2922701,divert,转向,,2017-04-11
2922702,diverted river,转向河；改道河,,2017-04-11
2922703,diverter,截夺河,,2017-04-11
2922704,diverting stream,截夺河,,2017-04-11
2922705,divide,分水岭,,2017-04-11
2922706,divide line,分水线,,2017-04-11
2922707,divided simple laccolith,分支岩盘,,2017-04-11
2922708,diviner,江湖探勘师,,2017-04-11
2922709,divining rod,探测杖,,2017-04-11
2922710,dixenite,砷铁锰铜矿,,2017-04-11
2922711,djalmaite,钽钛铀矿,,2017-04-11
2922712,docrystalline,多晶质,,2017-04-11
2922713,dodecahedron,十二面体；菱形十二面体,,2017-04-11
2922714,dodecan,十二分区,,2017-04-11
2922715,dodecant,十二分区,,2017-04-11
2922716,Dodoxylon,炬木属,,2017-04-11
2922717,dofelsic,多长矽质{CIPW},,2017-04-11
2922718,dofemane,多铁镁质{CIPW},,2017-04-11
2922719,dofemic,多铁镁质{CIPW},,2017-04-11
2922720,Dogger,道格统{中侏罗系},,2017-04-11
2922721,dogger,瘤状铁石,,2017-04-11
2922722,dog-tooth spar,犬牙石{方解石},,2017-04-11
2922723,dohyaline,多玻质,,2017-04-11
2922724,dolarenite,白云砂岩,,2017-04-11
2922725,doldrums,赤道无风带,,2017-04-11
2922726,dolerine,绿泥滑石片岩,,2017-04-11
2922727,dolerite,粗[粒]玄[武]岩,,2017-04-11
2922728,doleritic,粗玄岩质,,2017-04-11
2922729,doleritic texture,粗玄组织,,2017-04-11
2922730,dolerophanite,褐硫铜矿；褐铜矾,,2017-04-11
2922731,Dolichosoma,蛇螈属,,2017-04-11
2922732,dolimorphic,富含遗留矿物的,,2017-04-11
2922733,dolina,石灰坑,,2017-04-11
2922734,doline,石灰坑,,2017-04-11
2922735,Dollo's law,杜氏定律{非可逆性法则},,2017-04-11
2922736,dololutite,白云泥岩,,2017-04-11
2922737,dolomite,白云石；白云岩,,2017-04-11
2922738,dolomite carbonatite,白云火成碳酸岩,,2017-04-11
2922739,dolomite marble,白云大理岩,,2017-04-11
2922740,dolomite marl,白云泥灰岩,,2017-04-11
2922741,dolomite sandstone,白云砂岩,,2017-04-11
2922742,dolomitic cement,白云质胶结物,,2017-04-11
2922743,dolomitic limestone,白云岩质石灰岩,,2017-04-11
2922744,dolomitite,白云岩,,2017-04-11
2922745,dolomitzation,白云石化[作用],,2017-04-11
2922746,dolomorphic,白云岩状,,2017-04-11
2922747,dolorudite,白云砾岩,,2017-04-11
2922748,dolostone,白云岩,,2017-04-11
2922749,domafic,多镁铁质{CIPW},,2017-04-11
2922750,domain,晶域；领域,,2017-04-11
2922751,domatic class,坡面晶族,,2017-04-11
2922752,dome,穹丘,,2017-04-11
2922753,dome mountain,穹形山,,2017-04-11
2922754,dome pit,丘坑,,2017-04-11
2922755,domeykite,砷铜矿,,2017-04-11
2922756,domical protrusion,穹隆突起,,2017-04-11
2922757,domite,奥长黑云粗面岩,,2017-04-11
2922758,domoikic,多主晶质{CIPW},,2017-04-11
2922759,donbassite,全铝绿泥石,,2017-04-11
2922760,Donetzian,顿内兹统{下石炭系},,2017-04-11
2922761,dopatic,多石基质{CIPW},,2017-04-11
2922762,dopplerite,腐殖凝胶；弹性沥青,,2017-04-11
2922763,dopplerite-sapropel,植酸腐泥,,2017-04-11
2922764,Doratophyllum,带羽叶属,,2017-04-11
2922765,doreite,钠粗安岩,,2017-04-11
2922766,dorgalite,多橄玄武岩,,2017-04-11
2922767,dormant volcano,休眠火山,,2017-04-11
2922768,dorr,冰川刻槽,,2017-04-11
2922769,dorsal,背部的；叶底的,,2017-04-11
2922770,dorsal aorta,背主动脉,,2017-04-11
2922771,dorsal chord,脊索,,2017-04-11
2922772,dorsal cup,蕚杯,,2017-04-11
2922773,dorsal fin,背鳍,,2017-04-11
2922774,dorsal foramen,背孔；体腔孔,,2017-04-11
2922775,dorsal valve,背瓣{brachiopods 腕足类},,2017-04-11
2922776,dorsi-biconvex,背双凸形,,2017-04-11
2922777,dorsiventral,背腹面的,,2017-04-11
2922778,dorsum,背部,,2017-04-11
2922779,Dorypyge,叉剌尾虫属,,2017-04-11
2922780,dosalane,多矽铝质{CIPW},,2017-04-11
2922781,dosalic,多矽铝质{CIPW},,2017-04-11
2922782,dosemic,多斑晶质{CIPW},,2017-04-11
2922783,dot chart,布点图,,2017-04-11
2922784,dot of light,光点,,2017-04-11
2922785,double core-barrel drill,双岩心筒钻具,,2017-04-11
2922786,double formed crystal,双形晶,,2017-04-11
2922787,double refracting spar,重曲折晶石,,2017-04-11
2922788,double refraction,复屈折；双折射,,2017-04-11
2922789,double tombolo,双陆系岛,,2017-04-11
2922790,double valley,双向谷,,2017-04-11
2922791,double-serrate,双锯齿状,,2017-04-11
2922792,double-zoned coralla,双带型珊瑚,,2017-04-11
2922793,doubly plunging anticline,双倾没背斜,,2017-04-11
2922794,doubly plunging fold,双倾没褶皱,,2017-04-11
2922795,doughnut,环冰碛丘,,2017-04-11
2922796,douglasite,氯钾铁盐,,2017-04-11
2922797,dow-corning fluid,制动液,,2017-04-11
2922798,downbuckle,下弯,,2017-04-11
2922799,downcoast,下海岸,,2017-04-11
2922800,downcutting,下蚀,,2017-04-11
2922801,down-faulted block,下降断块,,2017-04-11
2922802,downthrow,降侧,,2017-04-11
2922803,downthrow block,下降断块,,2017-04-11
2922804,Downtownian,当唐[尼]统 {下志留系},,2017-04-11
2922805,downward enrichment,次生富集,,2017-04-11
2922806,downwarping,下挠；向下弯曲,,2017-04-11
2922807,down-warping,下挠；下翘,,2017-04-11
2922808,downwasting,下消作用 {冰川},,2017-04-11
2922809,dowser,江湖探勘师,,2017-04-11
2922810,dowsing rod,探测杖,,2017-04-11
2922811,doxenic,多客晶质,,2017-04-11
2922812,drachenfels trachyte,碱长基透长粗面岩,,2017-04-11
2922813,dracotite,云母粗面岩,,2017-04-11
2922814,drag,拖曳；引曳,,2017-04-11
2922815,drag cast,拖曳铸型,,2017-04-11
2922816,drag fold,拖曳褶皱,,2017-04-11
2922817,drag line,拖线 {冰川},,2017-04-11
2922818,drag mark,拖痕,,2017-04-11
2922819,dragon's skin,鳞木皮,,2017-04-11
2922820,drain,排水；水沟,,2017-04-11
2922821,drainage,水系；排水,,2017-04-11
2922822,drainage basin,流域；流域盆地,,2017-04-11
2922823,drainage density,水系密度,,2017-04-11
2922824,drainage divide,分水岭,,2017-04-11
2922825,drainage lake,排水湖,,2017-04-11
2922826,drainage line,主河道,,2017-04-11
2922827,drainage pattern,水系型式,,2017-04-11
2922828,drainage system,水系,,2017-04-11
2922829,drapery,石灰华帷幕；灰华帘,,2017-04-11
2922830,draping,覆盖,,2017-04-11
2922831,dravite,钠镁电气石,,2017-04-11
2922832,draw,浅谷,,2017-04-11
2922833,drawdown,泄降,,2017-04-11
2922834,dredge peat,沉积泥炭,,2017-04-11
2922835,dredging,疏浚；清淤,,2017-04-11
2922836,dreelite,杂石膏重晶石,,2017-04-11
2922837,dreikanter,三棱石,,2017-04-11
2922838,Drepanophycus,刺蕨属,,2017-04-11
2922839,Drepanspis,镰甲鱼属,,2017-04-11
2922840,Drepanura,蝙蝠虫属,,2017-04-11
2922841,Dresbachian series,抓斯巴统{晚寒武系},,2017-04-11
2922842,driblet,火山碎屑堆,,2017-04-11
2922843,driblet cone,小火山碎屑锥,,2017-04-11
2922844,dried alum,焦矾,,2017-04-11
2922845,drift,冰碛物,,2017-04-11
2922846,drift bed,冰碛层,,2017-04-11
2922847,drift clay,冰碛黏土,,2017-04-11
2922848,drift coal,漂积煤；移积煤,,2017-04-11
2922849,drift current,表流；漂流,,2017-04-11
2922850,drift curve,重力─时间曲线,,2017-04-11
2922851,drift dammed lake,冰塞湖,,2017-04-11
2922852,drift epoch,冰期,,2017-04-11
2922853,drift glacier,吹积冰川,,2017-04-11
2922854,drift gold,漂金,,2017-04-11
2922855,drift ice,浮冰；流冰；漂冰,,2017-04-11
2922856,drift lake,冰碛湖,,2017-04-11
2922857,drift map,实际露头图；地表地质图,,2017-04-11
2922858,drift mining,横坑采矿法,,2017-04-11
2922859,drift peat,冰碛泥炭,,2017-04-11
2922860,drift scrath,冰碛擦痕,,2017-04-11
2922861,drift sheet,冰碛层,,2017-04-11
2922862,drift theory,漂碛学说,,2017-04-11
2922863,driftmeter,偏移测量计,,2017-04-11
2922864,driftwood,漂木,,2017-04-11
2922865,drill,钻具；钻凿,,2017-04-11
2922866,drill cuttings,钻屑,,2017-04-11
2922867,drill hole,钻孔,,2017-04-11
2922868,drill log,钻井纪录,,2017-04-11
2922869,drill pipe,钻管,,2017-04-11
2922870,drill record,钻井纪录,,2017-04-11
2922871,drill stem,钻杆,,2017-04-11
2922872,drilling bit,钻头,,2017-04-11
2922873,drilling cuttings,钻屑,,2017-04-11
2922874,drilling mud,钻井泥浆,,2017-04-11
2922875,drilling time,钻时,,2017-04-11
2922876,drilling-time log,钻进纪录,,2017-04-11
2922877,drill-stem test,地层测试,,2017-04-11
2922878,drip impression,滴痕,,2017-04-11
2922879,driphole,滴孔,,2017-04-11
2922880,dripstone,滴[水]石,,2017-04-11
2922881,drive head,套管头,,2017-04-11
2922882,drive pipe,套管,,2017-04-11
2922883,drive shoe,套管鞋,,2017-04-11
2922884,driven well,撞击井,,2017-04-11
2922885,drowned atoll,溺环礁,,2017-04-11
2922886,drowned reef,溺礁,,2017-04-11
2922887,drowned river,溺河,,2017-04-11
2922888,drowned river mouth,沉溺河口,,2017-04-11
2922889,drowned stream,溺河,,2017-04-11
2922890,drowned valley,溺谷,,2017-04-11
2922891,drumlin,鼓丘,,2017-04-11
2922892,drumlinoid,鼓丘状,,2017-04-11
2922893,drumloid,似鼓丘,,2017-04-11
2922894,drupe,核果,,2017-04-11
2922895,druse,晶簇；晶洞,,2017-04-11
2922896,dry basin,干盆地,,2017-04-11
2922897,dry beach,干沙滩,,2017-04-11
2922898,dry bed,干河床,,2017-04-11
2922899,dry bulk density,自然密度,,2017-04-11
2922900,dry delta,干三角洲,,2017-04-11
2922901,dry firn,干雪冰,,2017-04-11
2922902,dry gas,干气,,2017-04-11
2922903,dry hole,干井,,2017-04-11
2922904,dry ice,干冰,,2017-04-11
2922905,dry method,干法,,2017-04-11
2922906,dry ore,干矿石,,2017-04-11
2922907,dry peat,干泥炭,,2017-04-11
2922908,dry permafrost,干永冻区,,2017-04-11
2922909,dry quicksand,干沙,,2017-04-11
2922910,dry valley,旱谷,,2017-04-11
2922911,dry wash,干河床,,2017-04-11
2922912,Dryophyllum,槲叶属,,2017-04-11
2922913,Dryopithecus,森林古猿属,,2017-04-11
2922914,dry-snow avalanche,干雪崩,,2017-04-11
2922915,DTA,热差分析,,2017-04-11
2922916,ductile,延性的；韧性的,,2017-04-11
2922917,ductility,韧性；延性,,2017-04-11
2922918,ductolith,滴状岩体,,2017-04-11
2922919,dudgeonite,钙镍华,,2017-04-11
2922920,dudleyite,珍珠蛭石,,2017-04-11
2922921,dufrenite,绿磷铁矿,,2017-04-11
2922922,dufrenoysite,硫砷铅矿,,2017-04-11
2922923,duftite,砷铜铅矿,,2017-04-11
2922924,dug well,掘井,,2017-04-11
2922925,Duhem's theorem,杜氏定理,,2017-04-11
2922926,dull coal,暗炭；暗煤,,2017-04-11
2922927,dumalite,潜霞粗安岩,,2017-04-11
2922928,dumasite,假斜绿泥石；铁镁绿泥石,,2017-04-11
2922929,dumbbell,地峡,,2017-04-11
2922930,dumontite,水磷铅铀矿,,2017-04-11
2922931,dumortierite,蓝线石,,2017-04-11
2922932,dumped deposit,未淘选沉积物,,2017-04-11
2922933,dumped moraine,堤碛,,2017-04-11
2922934,dumpy level,定镜水准仪,,2017-04-11
2922935,dumreicherite,镁矾石,,2017-04-11
2922936,Duncleostus,胴壳鱼属,,2017-04-11
2922937,dune,沙丘,,2017-04-11
2922938,dune complex,沙丘带,,2017-04-11
2922939,dune lake,沙丘湖,,2017-04-11
2922940,dune ridge,沙脊,,2017-04-11
2922941,dune valley,沙丘谷,,2017-04-11
2922942,dungannonite,刚玉闪长岩,,2017-04-11
2922943,dunhamite,碲铅华,,2017-04-11
2922944,dunite,纯橄榄岩,,2017-04-11
2922945,dunsapie basalt,长橄辉斑玄武岩,,2017-04-11
2922946,dunstone,杏仁[状]细碧岩,,2017-04-11
2922947,duplex basin,复陷盆地,,2017-04-11
2922948,duplexite,硬沸石,,2017-04-11
2922949,Duplicidentata,双门齿亚目,,2017-04-11
2922950,duporthite,丝纤石,,2017-04-11
2922951,durability index,耐久率,,2017-04-11
2922952,durain,暗煤,,2017-04-11
2922953,durangite,橙砷钠石,,2017-04-11
2922954,duration,期间,,2017-04-11
2922955,durbachite,暗云正长岩,,2017-04-11
2922956,durdenite,碲铁矿；绿铁碲矿,,2017-04-11
2922957,durfeldtite,细针石；针银铅锑矿,,2017-04-11
2922958,duricrust,硬壳；钙质壳,,2017-04-11
2922959,durinite,暗煤素,,2017-04-11
2922960,durite,微暗煤,,2017-04-11
2922961,duroclarite,微暗亮煤,,2017-04-11
2922962,durovitreous,硬玻质的,,2017-04-11
2922963,dussertite,砷钡星石,,2017-04-11
2922964,dust avalancne,尘崩；干雪崩,,2017-04-11
2922965,dust basin,尘盆地,,2017-04-11
2922966,dust hole,[冰上]尘穴,,2017-04-11
2922967,dust shower,尘雨,,2017-04-11
2922968,dust storm,尘暴,,2017-04-11
2922969,dust tuff,细粒凝灰岩,,2017-04-11
2922970,dust well,[冰上]尘穴,,2017-04-11
2922971,dusting,落尘作用,,2017-04-11
2922972,dwarf fanua,矮小动物群,,2017-04-11
2922973,dyakisdodecahedron,偏方二十四面体,,2017-04-11
2922974,Dyas,二叠纪；二叠系,,2017-04-11
2922975,dyhexagonal prism,复六方柱,,2017-04-11
2922976,dyhexagonal pyramid,复六方锥,,2017-04-11
2922977,dyke,岩脉；岩墙,,2017-04-11
2922978,dyke rock,脉岩,,2017-04-11
2922979,dyke swarm,岩脉群；岩墙群,,2017-04-11
2922980,dyktyonite,网状混合岩,,2017-04-11
2922981,dynamic breccia,动力角砾岩,,2017-04-11
2922982,dynamic damping,动力阻尼,,2017-04-11
2922983,dynamic geology,动力地质学,,2017-04-11
2922984,dynamic metamorphism,动力变质作用,,2017-04-11
2922985,dynamochemical,动力化学的,,2017-04-11
2922986,dynamochemical metamorphism,动力化学变质作用,,2017-04-11
2922987,dynamofluidal,动力流动的,,2017-04-11
2922988,dynamogranite,动力花岗岩,,2017-04-11
2922989,dynamo-metamorphic rock,动力变质岩,,2017-04-11
2922990,dynamo-metamorphism,动力变质作用,,2017-04-11
2922991,dynamothermal,动力热力的,,2017-04-11
2922992,dysanalite,铌钙钛矿,,2017-04-11
2922993,dyscrasite,锑银矿,,2017-04-11
2922994,dyscrystalline,不良结晶质,,2017-04-11
2922995,dysodil,干腐植煤,,2017-04-11
2922996,dysodile,臭炭；碳氢石,,2017-04-11
2922997,dysodonts,贫齿类,,2017-04-11
2922998,dyssnite,蚀暗锰辉石,,2017-04-11
2922999,dyssophotic zone,弱光带,,2017-04-11
2923000,dystrophic lake,缺营养湖,,2017-04-11
2923001,dytetragonal prism,复正方柱,,2017-04-11
2923002,dytetragonal pyramid,复正方锥,,2017-04-11
3391629,effective solubility,有效溶解度,,2018-03-21
3391630,geotechnical,地工的,,2018-03-21
3391631,effective stress,有效应力,,2018-03-21
3391632,geotechnical engineering,大地工程,,2018-03-21
3391633,galizinite,皓矾,,2018-03-21
3391634,effective thermal conductivity,有效热导率；有效热导系数,,2018-03-21
3391635,galizinit,皓矾,,2018-03-21
3391636,geophone,震波检测器；地声探测器,,2018-03-21
3391637,earth column,土柱,,2018-03-21
3391638,geothermal heat flow,地热流,,2018-03-21
3391639,elastoplastic,弹塑性的,,2018-03-21
3391640,geothermal reservoir,地热储集层,,2018-03-21
3391641,elastoviscous,弹黏性的,,2018-03-21
3391642,geothermic,地热的；地温的,,2018-03-21
3391643,elongation,伸长,,2018-03-21
3391644,geothermics,地热学,,2018-03-21
3391645,geotechnique,地工技术；地质技术,,2018-03-21
3391646,emergent,出露地表的,,2018-03-21
3391647,global circulation,全球循环,,2018-03-21
3391648,enantiomorphous form,同形异向形,,2018-03-21
3391649,Global Positioning System (GPS),全球定位系统,,2018-03-21
3391650,encrinital limestone,海百合石灰岩,,2018-03-21
3391651,granular material,粒状物质,,2018-03-21
3391652,encrinites,海百合类,,2018-03-21
3391653,gravel pack,砾石围填,,2018-03-21
3391654,endogenous inclusion,内生包体；内源包体,,2018-03-21
3391655,ground penetration radar,透地雷达,,2018-03-21
3391656,Eh-pH diagram,氧化电位─酸碱值图,,2018-03-21
3391657,environmental impact assessment (EIA),环境影响评估,,2018-03-21
3391658,groundwater hydrology,地下水文学,,2018-03-21
3391659,environmental risk,环境风险,,2018-03-21
3391660,geophysical prospecting,地球物理测勘,,2018-03-21
3391661,earth fall,地陷,,2018-03-21
3391662,groundwater model,地下水模式；地下水模型,,2018-03-21
3391663,environmental tracer,环境示踪剂,,2018-03-21
3391664,groundwater recharge,地下水补注,,2018-03-21
3391665,epicenter,震央,,2018-03-21
3391666,groundwater resource,地下水资源,,2018-03-21
3391667,geotechnology,地工技术；地质技术,,2018-03-21
3391668,epichlore,次绿泥石,,2018-03-21
3391669,groundwater simulation,地下水模拟,,2018-03-21
3391670,epsomite salt,泻利盐；七水镁矾,,2018-03-21
3391671,equal angle projection,等角投影,,2018-03-21
3391672,equatorial calm belt,赤道无风带,,2018-03-21
3391673,geopressure,地压,,2018-03-21
3391674,earth pyramid,土柱,,2018-03-21
3391675,geoscience,地球科学,,2018-03-21
3391676,edge dislocation,边错位,,2018-03-21
3391677,geosphere,地圈,,2018-03-21
3391678,elastic,弹性的,,2018-03-21
3391679,gallizinit,皓矾,,2018-03-21
3391680,gas-oil interface,油气面；油气界面,,2018-03-21
3391681,gas-water interface,气水面；气水介面,,2018-03-21
3391682,Gondwana land,冈瓦纳大陆,,2018-03-21
3391683,groundwater recharge,地下水补注,,2018-03-21
3391684,fluid-rock interaction,岩液交互作用,,2018-03-21
3391685,fluid inclusion,液包体,,2018-03-21
3391686,ferroselite,白硒铁矿,,2018-03-21
3391687,ferrohypersthene,铁紫苏辉石,,2018-03-21
3391688,fenitization,碱性交代长英岩化[作用],,2018-03-21
3391689,fenite,碱性交代长英岩,,2018-03-21
3391690,feasibility study,可行性评估,,2018-03-21
3391691,fault-veins,断层脉,,2018-03-21
3391692,fugacity,逸压,,2018-03-21
3391693,framboidal pytite,球丛状黄铁矿,,2018-03-21
3391694,fracturing,破碎,,2018-03-21
3391695,fracture fillings,裂隙充填物,,2018-03-21
3391696,foskorite,杂磷白云石,,2018-03-21
3391697,fluoridation,氟化作用,,2018-03-21
3391698,fahlband,硫化物条带,,2018-03-21
3391699,grade-tonnage plot,品级吨位图{矿床},,2018-03-21
3391700,Goldschmidt's classification,哥氏元素分类,,2018-03-21
3391701,geothermal system,地热系统,,2018-03-21
3391702,geothermal,地热的,,2018-03-21
3391703,geostatistics,地质统计学,,2018-03-21
3391704,geophysical exploration,地球物理探勘,,2018-03-21
3391705,geometallurgy,地质冶金学,,2018-03-21
3391706,geological carbon sequestration,地质碳封存,,2018-03-21
3391707,greenhouse gas,温室气体,,2018-03-21
3391708,great oxidation event,大氧化事件,,2018-03-21
3391709,gratonite,细硫砷铅矿,,2018-03-21
3391710,gas hydrate,天然气水合物,,2018-03-21
3391711,eutectic temperature,共熔温度；共晶温度,,2018-03-21
3391712,Euler pole,尤拉极点,,2018-03-21
3391713,eudyalite,异性石,,2018-03-21
3391714,ethmoid,筛骨,,2018-03-21
3391715,eskar,蛇形丘；蛇丘,,2018-03-21
3391716,eschar,蛇形丘；蛇丘,,2018-03-21
3391717,Erian orogeny,伊里亚运动,,2018-03-21
3391718,extraterrestrial,外星的；外太空的,,2018-03-21
3391719,erathem,界,,2018-03-21
3391720,extensional collapse,伸长崩塌,,2018-03-21
3391721,extension,伸长；延伸,,2018-03-21
3391722,exposure assessment,暴露[量]评估,,2018-03-21
3391723,exotic terrane,外来地块,,2018-03-21
3391724,exhumation,剥蚀抬升,,2018-03-21
3391725,exhalite,海底喷流体,,2018-03-21
3391726,exhalative,海底喷流的,,2018-03-21
3391727,ex situ,离地；外地,,2018-03-21
3391728,event stratigraphy,事件地层学,,2018-03-21
3391729,euthallite,密方沸石,,2018-03-21
3391730,equilibrium profile,平衡剖面[海岸],,2018-03-21
3391731,ferrimagnetic ,次铁磁性的,,2018-03-21
3391732,fossil lake,干湖；消失湖,,2018-03-21
3391733,forset,前积层,,2018-03-21
3391734,fine-grained,细粒的,,2018-03-21
3391735,ferriloth,富铁沉积岩,,2018-03-21
3391736,fecal pelle,粪粒；丸粒,,2018-03-21
3391737,fault gouge,断层泥,,2018-03-21
3391738,gradualism,渐变论,,2018-03-21
3391739,global tectonics,全球构造,,2018-03-21
3391740,glaciotectonic,冰川构造的,,2018-03-21
3391741,Gilbert Chron,吉伯特时,,2018-03-21
3391742,geothermobarometry,地温地压测定法,,2018-03-21
3391743,geomagnetic-polarity time scale,地磁极时间表,,2018-03-21
3391744,geologic time scale,地质时间表,,2018-03-21
3391745,geochronometric unit,地质年代单位,,2018-03-21
3391746,growth fault,成长断层,,2018-03-21
3391747,Griffith cracks,格氏裂隙,,2018-03-21
3391748,grain-supported,颗粒支撑,,2018-03-21
3391749,grain-boundary diffusion creep,颗粒边界扩散潜移,,2018-03-21
3391750,grain-boundary diffusion,颗粒边界扩散,,2018-03-21
3391751,grain shape,颗粒形状,,2018-03-21
3391752,grain flow,颗粒流,,2018-03-21
3391753,grain boundary sliding,颗粒边界滑动,,2018-03-21
3391754,Gauss Chron,高斯时,,2018-03-21
3391755,finite-strain theory,有限应变理论,,2018-03-21
3391756,finite strain,有限应变,,2018-03-21
3391757,fault-related fold,断层关联褶皱,,2018-03-21
3391758,fault-propagation fold,断层扩展褶皱,,2018-03-21
3391759,fault-bend fold,断层弯曲褶皱,,2018-03-21
3391760,fault array,断层阵列,,2018-03-21
3391761,Fry method,福莱氏法,,2018-03-21
3391762,frontal ramp,前断坡,,2018-03-21
3391763,fringe joint,环节理,,2018-03-21
3391764,frictional sliding,摩擦滑动,,2018-03-21
3391765,fracture toughness,破裂粗糙度,,2018-03-21
3391766,fracture strength,破坏应力; 破裂强度,,2018-03-21
3391767,falling-stage system tract,下降期体系域,,2018-03-21
3391768,foreland basin,前陆盆地,,2018-03-21
3391769,fore-arc basin,弧前盆地,,2018-03-21
3391770,forced regression,被动海退,,2018-03-21
3391771,forced fold,被动褶皱,,2018-03-21
3391772,footwall ramp,下盘断坡,,2018-03-21
3391773,footwall flat,下盘断坪,,2018-03-21
3391774,footwall cutoff,下盘隔断,,2018-03-21
3391775,fold-thrust belt,褶皱逆冲[断层]带,,2018-03-21
3391776,fold mullion,褶皱窗櫺,,2018-03-21
3391777,foam structure,泡沫构造,,2018-03-21
3391778,failure stress,破坏应力； 破裂强度,,2018-03-21
3391779,fluid escape structure,流体逃逸构造,,2018-03-21
3391780,flower structure,花状构造,,2018-03-21
3391781,flow regime,流动状态,,2018-03-21
3391782,floor thrust,底逆冲断层,,2018-03-21
3391783,flooding surface,泛滥面；漫面,,2018-03-21
3391784,Flinn diagram,福林氏图,,2018-03-21
3391785,flat-pebble conglomerate,扁卵石砾岩；层间砾岩 {=intraformational conglomerate},,2018-03-21
3391786,fjord,低浅峡湾{=fjard},,2018-03-21
3391787,fission-track dating,核飞迹定年,,2018-03-21
3391788,fission tracks,核飞迹,,2018-03-21
3391789,FAD,始现面；始现基准面,,2018-03-21
3391790,Gallowaiinella,格氏【虫+筵】属；格氏纺锤虫属,,2018-03-21
3391791,gadolin,矽铍钇矿,,2018-03-21
3391792,galenite,方铅矿,,2018-03-21
3391793,genera,属{复数},,2018-03-21
3391794,geocerain,硬蜡,,2018-03-21
3391795,geocerin,硬蜡,,2018-03-21
3391796,geysirite,矽华,,2018-03-21
3391797,giant pothole,[冰川]瓯穴,,2018-03-21
3391798,girasol,青蛋白石,,2018-03-21
3391799,glacial deposit,冰川沉积物,,2018-03-21
3391800,glacial fall,冰瀑,,2018-03-21
3391801,glacial-carved valley,冰川谷,,2018-03-21
3391802,gley,灰斑土；潜育土,,2018-03-21
3391803,gneissic,片麻状,,2018-03-21
3391804,gneissoid,片麻状,,2018-03-21
3391805,graded bed,粒级层,,2018-03-21
3391806,gramenite,铁膨润石；绿脱石,,2018-03-21
3391807,grangesite,锰铁绿泥石,,2018-03-21
3391808,gray copper ore,黝铜矿,,2018-03-21
3391809,earth,地球；土,,2018-03-21
3391810,earthquake shadow zone,地震隐影区,,2018-03-21
3391811,earthquake sound,地鸣,,2018-03-21
3391812,East Pacific Rise,东太平洋隆起,,2018-03-21
3391813,echogram,回音[测深]图；音测图,,2018-03-21
3391814,ecology,生态学,,2018-03-21
3391815,electric log,电测纪录；电测图,,2018-03-21
3391816,ephemeral stream,间歇河,,2018-03-21
3391817,ephemeris,星历表,,2018-03-21
3391818,eutrophic,优养的,,2018-03-21
3391819,eutrophic lake,优养湖,,2018-03-21
3391820,evaporativity,蒸发率,,2018-03-21
3391821,even-crested ridge,平顶脊；等高山岭,,2018-03-21
3391822,extinct lake,干湖；消失湖,,2018-03-21
3391823,earthquake,地震,,2018-03-21
3391824,epifauna,底生动物群,,2018-03-21
3391825,epilimnion,上层湖水；变温层,,2018-03-21
3391826,equatorial countercurrent,赤道逆流,,2018-03-21
3391827,eruptive deposit,喷发堆积；喷发矿床,,2018-03-21
3391828,eruptive rock,喷发岩,,2018-03-21
3391829,euphotic zone,有光带,,2018-03-21
3391830,eustasy,全球海水面升降,,2018-03-21
3391831,eustatic,全球海水面升降的,,2018-03-21
3391832,euxinic,死水的；缺氧的,,2018-03-21
3391833,eaglestone,鹰石,,2018-03-21
3391834,earlandite,水柠檬钙石,,2018-03-21
3391835,earstone,耳石,,2018-03-21
3391836,earth current,接地电流；大地电流,,2018-03-21
3391837,earth curvature,地球曲率,,2018-03-21
3391838,earth flow,土流；泥流,,2018-03-21
3391839,earth hummock,土堆,,2018-03-21
3391840,earth movement,地壳运动,,2018-03-21
3391841,earth pillar,土柱,,2018-03-21
3391842,earth pitch,土沥青；矿物焦油,,2018-03-21
3391843,earthenware clay,陶土,,2018-03-21
3391844,earthquake fault,地震断层,,2018-03-21
3391845,earthquake focus,震源,,2018-03-21
3391846,earthquake intensity,震度；地震强度,,2018-03-21
3391847,earthquake magnitude,地震规模,,2018-03-21
3391848,earthquake record,地震纪录,,2018-03-21
3391849,earthquake region,震区,,2018-03-21
3391850,earthquake swarm,震群,,2018-03-21
3391851,earthquake wave,震波,,2018-03-21
3391852,earthquake zone,地震带,,2018-03-21
3391853,earthy,土状；土质,,2018-03-21
3391854,earthy breccia,土质角砾岩,,2018-03-21
3391855,earthy calamine,土状水锌矿,,2018-03-21
3391856,earthy cobalt,土状钴矿；钴土,,2018-03-21
3391857,earthy manganese,土状锰矿；锰土,,2018-03-21
3391858,eastonite,富镁黑云母,,2018-03-21
3391859,ebb,退潮；落潮,,2018-03-21
3391860,ebb and flow structure,潮流构造,,2018-03-21
3391861,ebb current,落潮流,,2018-03-21
3391862,ebb tide,退潮；落潮,,2018-03-21
3391863,ebracteate,无苞的,,2018-03-21
3391864,ebullioscopy,沸点升高测定,,2018-03-21
3391865,eccentric eruption,偏心喷发,,2018-03-21
3391866,eccentric signal,偏心标志,,2018-03-21
3391867,eccentric station,偏心测站,,2018-03-21
3391868,Eccyliopterus,轮螺属；松旋螺属,,2018-03-21
3391869,ecdemite,氯砷铅矿,,2018-03-21
3391870,ecesis,定居{生物},,2018-03-21
3391871,echellite,钠沸石,,2018-03-21
3391872,echelon structure,雁行构造,,2018-03-21
3391873,echinate,多刺的,,2018-03-21
3391874,Echinocardium,鸟海胆属；心形海胆属,,2018-03-21
3391875,Echinoconchus,轮刺贝属,,2018-03-21
3391876,Echinocystoidea,刺海林擒属,,2018-03-21
3391877,Echinocythereis,刺花介属,,2018-03-21
3391878,echinoderm,棘皮动物,,2018-03-21
3391879,Echinodermata,棘皮动物门,,2018-03-21
3391880,Echinodiscus,毛饼海胆属,,2018-03-21
3391881,echinoid,海胆,,2018-03-21
3391882,Echinoidea,海胆纲,,2018-03-21
3391883,Echinolampas,棘灯形海胆属,,2018-03-21
3391884,Echinoneus,卵圆斜海胆属,,2018-03-21
3391885,Echinosphaerites,棘海林擒属,,2018-03-21
3391886,Echinozoa,海胆亚门,,2018-03-21
3391887,echo sounder,回声测深仪,,2018-03-21
3391888,eckermannite,镁铝钠闪石,,2018-03-21
3391889,eclogite,榴辉岩,,2018-03-21
3391890,eclogite facies,榴辉岩相,,2018-03-21
3391891,ecogenesis,生态史；生态种的发生,,2018-03-21
3391892,ecologic facies,生态相,,2018-03-21
3391893,ecologic niche,生态位,,2018-03-21
3391894,ecological group,生态类群,,2018-03-21
3391895,ecological history,生态史,,2018-03-21
3391896,ecological succession,生态替续；生态演替,,2018-03-21
3391897,economic geology,经济地质学,,2018-03-21
3391898,economic mineral,经济矿物,,2018-03-21
3391899,ecostratigraphic unit,生态地层单位,,2018-03-21
3391900,ecostratigraphy,生态地层学,,2020-06-02
3391901,ecosystem,生态系统,,2018-03-21
3391902,ecoulement,重力滑落,,2018-03-21
3391903,ectinite,等化学区域变质岩,,2018-03-21
3391904,Ectocochlia,外壳亚纲,,2018-03-21
3391905,ectoderm,外层；外胚层,,2018-03-21
3391906,ectogene,外营的,,2018-03-21
3391907,ectophloic,有外靭皮组织的,,2018-03-21
3391908,Ectoprocta,外肛动物门,,2018-03-21
3391909,ectopterygoid,外翼骨,,2018-03-21
3391910,ectotheca,外壁,,2018-03-21
3391911,ectropite,蜡矽锰矿；肾矽锰矿,,2018-03-21
3391912,edaphic,土壤的,,2018-03-21
3391913,Edaphosaurus,基龙属,,2018-03-21
3391914,eddy,涡流,,2018-03-21
3391915,eddy conductivity,涡流传导率,,2018-03-21
3391916,eddy current,涡流,,2018-03-21
3391917,edelforsite,不纯矽灰石,,2018-03-21
3391918,edenite,淡闪石,,2018-03-21
3391919,Edentata,贫齿目,,2018-03-21
3391920,edge,边；棱,,2018-03-21
3391921,edge water,边际水,,2018-03-21
3391922,edge well,边际井,,2018-03-21
3391923,edge-water drive,水驱作用,,2018-03-21
3391924,edge-water encroachment,边际水入侵作用,,2018-03-21
3391925,edgewise conglomerate,竹叶砾岩,,2018-03-21
3391926,edingtonite,钡沸石,,2018-03-21
3391927,edisonite,斜方金红石,,2018-03-21
3391928,edmonsonite,镍纹石,,2018-03-21
3391929,edolite,长云角页岩,,2018-03-21
3391930,Edrioasteroidea,海座星纲,,2018-03-21
3391931,edrioasteroids,海座星类,,2018-03-21
3391932,Edwardsia,艾氏珊瑚属；爱氏海葵属,,2018-03-21
3391933,effective permeability,有效渗透率,,2018-03-21
3391934,effective porosity,有效孔隙率,,2018-03-21
3391935,effective shot depth,有效炸深,,2018-03-21
3391936,effective size,有效粒径,,2018-03-21
3391937,effervescence,起泡,,2018-03-21
3391938,efflorescence,霜华；粉化,,2018-03-21
3391939,efflorescent,粉状：霜花状,,2018-03-21
3391940,effluent,溢流；外溢,,2018-03-21
3391941,effluent lava flow,溢岩流,,2018-03-21
3391942,effluent seepage,渗出；渗流,,2018-03-21
3391943,effluent stream,出流河；地下水补给河,,2018-03-21
3391944,effusion,喷发；溢流,,2018-03-21
3391945,effusive,喷发的,,2018-03-21
3391946,effusive rock,喷发岩；喷出岩,,2018-03-21
3391947,effusive stage,喷出期,,2018-03-21
3391948,efremovite,铁磷钙石,,2018-03-21
3391949,eggonite,水磷钪石,,2018-03-21
3391950,eglestonite,氯汞矿；褐氯汞矿,,2018-03-21
3391951,Egyptian jasper,埃及碧玉,,2018-03-21
3391952,Eh,氧化还原电位,,2018-03-21
3391953,ehrwaldite,二辉辉石岩,,2018-03-21
3391954,Eifelian,艾非里统[中泥盆系],,2018-03-21
3391955,eightlings,八连晶,,2018-03-21
3391956,einkanter,单棱石,,2018-03-21
3391957,eisener hut,铁帽,,2018-03-21
3391958,eisenocher,铁华,,2018-03-21
3391959,ejecta,喷出物,,2018-03-21
3391960,ejectamenta,喷出物,,2018-03-21
3391961,ejected block,喷出块,,2018-03-21
3391962,ejection,喷出,,2018-03-21
3391963,ekerite,钠铁闪石正长岩,,2018-03-21
3391964,ekerite pegmatite,钠铁闪石伟晶岩,,2018-03-21
3391965,ekerite porphyry,钠铁闪石斑岩,,2018-03-21
3391966,ekmannite,锰叶泥石,,2018-03-21
3391967,elaeolite,脂光石；霞石{eleolite},,2018-03-21
3391968,elaeolite syenite,脂光正长岩；霞石正长岩,,2018-03-21
3391969,elaeolite syenite pegmatite,脂光正长伟晶岩；霞石正长伟晶岩,,2018-03-21
3391970,Elaphurus,麋鹿属,,2018-03-21
3391971,elastic aftereffect,弹性后效,,2018-03-21
3391972,elastic afterworking,弹性后效,,2018-03-21
3391973,elastic bitumen,弹性沥青,,2018-03-21
3391974,elastic constant,弹性常数,,2018-03-21
3391975,elastic deformation,弹性变形,,2018-03-21
3391976,elastic discontinuity,弹性不连续面,,2018-03-21
3391977,elastic limit,弹性限度,,2018-03-21
3391978,elastic mica,弹性云母,,2018-03-21
3391979,elastic mineral pitch,弹性沥青,,2018-03-21
3391980,elastic rebound,弹性回跳,,2018-03-21
3391981,elastic rebound theory,弹性回跳学说,,2018-03-21
3391982,elasticity,弹性,,2018-03-21
3391983,elasticoviscous,弹韧性的,,2018-03-21
3391984,elaterite,弹性沥青,,2018-03-21
3391985,Elatides,长叶杉属,,2018-03-21
3391986,Elatocladus,高枝杉属,,2018-03-21
3391987,elbaite,钠锂电气石,,2018-03-21
3391988,elbow of capture,袭夺弯,,2018-03-21
3391989,electric calamine,电性异极矿；电异极矿,,2018-03-21
3391990,electric potential,电位；电势,,2018-03-21
3391991,electric survey,电测调查,,2018-03-21
3391992,electrical well logging,电性井测,,2018-03-21
3391993,electrode,电极,,2018-03-21
3391994,electrolysis,电解,,2018-03-21
3391995,electrolyte,电解质,,2018-03-21
3391996,electromagnetic prospecting,电磁探勘,,2018-03-21
3391997,electromagnetic separation,电磁分离,,2018-03-21
3391998,electromagnetic separator,电磁分离机；磁选机,,2018-03-21
3391999,electron capture,电子袭夺,,2018-03-21
3392000,electron volt,电子伏特,,2018-03-21
3392001,electrostatic separation,静电分离,,2018-03-21
3392002,electrostatic valence,静电价,,2018-03-21
3392003,electrum,银金矿；银金齐,,2018-03-21
3392004,Elegantulites,丽百合属,,2018-03-21
3392005,element,元素,,2018-03-21
3392006,elemental facies,元素相；地球化学相,,2018-03-21
3392007,elementary species,原种；基本种,,2018-03-21
3392008,eleolite,脂光石；霞石,,2018-03-21
3392009,eleonorite,簇燐铁矿,,2018-03-21
3392010,elephant-head dune,象头状沙丘,,2018-03-21
3392011,elephant-hide pahoehoe,象皮绳状熔岩,,2018-03-21
3392012,Elephas namadiscus,拿玛象,,2018-03-21
3392013,eleutheromorph,自由形晶,,2018-03-21
3392014,Eleutherozoa,游移亚门,,2018-03-21
3392015,eleutherozoan,游移类,,2018-03-21
3392016,elevation,高度；上升,,2018-03-21
3392017,elevation correction,高度修正,,2018-03-21
3392018,Eligulate,无叶舌亚门,,2018-03-21
3392019,elkhornite,拉长辉石正长岩,,2018-03-21
3392020,Ellesmeroceras,爱丽斯木角石属,,2018-03-21
3392021,ellestadite,矽磷灰石,,2018-03-21
3392022,Ellipsocephalus,椭头虫属,,2018-03-21
3392023,ellipsoidal,椭球的；椭圆体的,,2018-03-21
3392024,ellipsoidal lava,枕状熔岩,,2018-03-21
3392025,Ellipsoidina,椭球虫属,,2018-03-21
3392026,ellonite,粉矽镁石,,2018-03-21
3392027,ellsworthite,铌钛铀矿；贝塔石,,2018-03-21
3392028,elpasolite,钾冰晶石,,2018-03-21
3392029,Elphidium,希望虫属；齿轮虫属,,2018-03-21
3392030,elutriation,淘析法；冲浮法,,2018-03-21
3392031,eluvial,风积的；残积的,,2018-03-21
3392032,eluvial horizon,淋滤带,,2018-03-21
3392033,eluviation,淋滤[作用],,2018-03-21
3392034,eluvium,风积层；残积层,,2018-03-21
3392035,elvan,白色石英斑岩,,2018-03-21
3392036,elvan-course,白色石英斑岩,,2018-03-21
3392037,elvanite,白色石英斑岩,,2018-03-21
3392038,emanated deposit,喷气矿床,,2018-03-21
3392039,emarginate,凹顶的,,2018-03-21
3392040,Embaiidina,纺足目,,2018-03-21
3392041,embankment,堤防,,2018-03-21
3392042,embatholithic,深蚀岩基的；岩基矿床的,,2018-03-21
3392043,embatholithic stage,深蚀岩基时期,,2018-03-21
3392044,embayed coast,湾形海岸；多湾海岸,,2018-03-21
3392045,embayed crystal,贯入晶；嵌入晶体,,2018-03-21
3392046,embayed mountain,多湾山脉,,2018-03-21
3392047,embayment,海湾；凹入,,2018-03-21
3392048,embolite,氯溴银矿,,2018-03-21
3392049,Embolomeri,楔锥目,,2018-03-21
3392050,embossed rock,羊背石,,2018-03-21
3392051,embouchure,河口,,2018-03-21
3392052,embrechites,残层混合岩,,2018-03-21
3392053,Embrithopoda,重脚目；原脚目,,2018-03-21
3392054,embryo,子芽；胚胎,,2018-03-21
3392055,embryogeny,胎体生成；胚胎发生,,2018-03-21
3392056,Embryology,胚胎学,,2018-03-21
3392057,embryonic,胚胎的,,2018-03-21
3392058,embryonic folding,胚胎皱褶,,2018-03-21
3392059,embryonic volcano,雏型火山,,2018-03-21
3392060,emerald,祖母绿；纯绿宝石,,2018-03-21
3392061,emerald copper,透视石；绿铜矿,,2018-03-21
3392062,emerald malachite,透视石；绿铜矿,,2018-03-21
3392063,emerald nickel,翠镍矿,,2018-03-21
3392064,emerald spodumene,翠锂辉石,,2018-03-21
3392065,emerged bog,浮现沼泽,,2018-03-21
3392066,emergence,上升；出露,,2018-03-21
3392067,emery,刚玉砂；刚玉粉；宝砂,,2018-03-21
3392068,emery rock,刚玉岩,,2018-03-21
3392069,emerylite,珍珠云母,,2018-03-21
3392070,eminence,高地； 高处,,2018-03-21
3392071,emmonite,钙菱锶石,,2018-03-21
3392072,emmonsite,碲铁矿,,2018-03-21
3392073,empholite,一水硬铝石,,2018-03-21
3392074,emplectite,硫铋铜矿,,2018-03-21
3392075,Emplectopteris,织羊齿属,,2018-03-21
3392076,emplektite,硫铋铜矿,,2018-03-21
3392077,emulsion,乳胶,,2018-03-21
3392078,emulsion stage,胶液时期,,2018-03-21
3392079,emulsion texture,胶液结构,,2018-03-21
3392080,en echelon,雁行；阶梯状,,2018-03-21
3392081,en echelon faults,雁行断层,,2018-03-21
3392082,enantiomorph,左右体；对映体,,2018-03-21
3392083,enantiomorphic form,左右对称形,,2018-03-21
3392084,enantiomorphous,同形异向的,,2018-03-21
3392085,enantiotropic,双变性的,,2018-03-21
3392086,enantiotropic body,双变性体,,2018-03-21
3392087,enantiotropy,互变多形,,2018-03-21
3392088,enargite,硫砷铜矿,,2018-03-21
3392089,enation,蔓延性生长,,2018-03-21
3392090,enation leaf,延生叶,,2018-03-21
3392091,enceladite,硼钛镁石,,2018-03-21
3392092,encircling cell,环绕细胞,,2018-03-21
3392093,enclave,被包体；包体,,2018-03-21
3392094,enclosed sea,内海,,2018-03-21
3392095,encrinal limestone,海百合石灰岩,,2018-03-21
3392096,encrinite,海百合石灰岩,,2018-03-21
3392097,encrinite limestone,海百合石灰岩,,2018-03-21
3392098,Encrinurella,小慧星虫属,,2018-03-21
3392099,Encrinurus,彗星虫属； 彗星三叶虫属,,2018-03-21
3392100,Encrinus,石莲属,,2018-03-21
3392101,encroachment,入侵,,2018-03-21
3392102,encrustation,结壳；被壳,,2018-03-21
3392103,end member,端成份,,2018-03-21
3392104,end moraine,终碛；端碛,,2018-03-21
3392105,endellite,安德石；多水禾乐石,,2018-03-21
3392106,endemic species,自生种；本地种,,2018-03-21
3392107,endlichite,砷钒铅矿,,2018-03-21
3392108,endo-,内-,,2018-03-21
3392109,endobatholithic,内岩基侵蚀,,2018-03-21
3392110,endobatholithic stage,内岩基侵蚀时期,,2018-03-21
3392111,endocarp,内果皮,,2018-03-21
3392112,endocast,内模；内铸型,,2018-03-21
3392113,Endoceras,内角石属,,2018-03-21
3392114,Endocochlia,内壳亚纲 {头足纲},,2018-03-21
3392115,endoconch,内壳,,2018-03-21
3392116,endocone,内椎,,2018-03-21
3392117,endoconid,下内尖,,2018-03-21
3392118,endoconulid,下内小尖,,2018-03-21
3392119,endoderm,内胚层,,2018-03-21
3392120,endodermis,内皮层,,2018-03-21
3392121,endodynamorphic soil,岩性土,,2018-03-21
3392122,endogene effect,接触变质效应,,2018-03-21
3392123,endogenetic,内营的；内成的；内生的,,2018-03-21
3392124,endogenetic rocks,内生岩；内成岩,,2018-03-21
3392125,endogenous,内成的,,2018-03-21
3392126,endogenous dome,内成火山丘,,2018-03-21
3392127,endogenous enclosure,内生包体；内源包体,,2018-03-21
3392128,endogenous vein,内成脉,,2018-03-21
3392129,endokinetic joint,内成节理,,2018-03-21
3392130,endolithic breccia,内生角砾岩,,2018-03-21
3392131,endolithic brecciation,内生角砾岩化作用,,2018-03-21
3392132,endometamorphism,岩浆接触变质作用,,2018-03-21
3392133,endomorph,被围矿物,,2018-03-21
3392134,endomorphic zone,内生变质带,,2018-03-21
3392135,endomorphism,岩浆接触变质作用,,2018-03-21
3392136,Endophyllum,内板珊瑚属,,2018-03-21
3392137,endopodite,内肢,,2018-03-21
3392138,endorheic basin,内流盆地,,2018-03-21
3392139,endorheism,内陆流域,,2018-03-21
3392140,endoseptum,内隔壁,,2018-03-21
3392141,endosiphon,内体管,,2018-03-21
3392142,endoskeleton,体内骨骼,,2018-03-21
3392143,endosperm,胚乳,,2018-03-21
3392144,endotheca,内壁,,2018-03-21
3392145,Endotherium,远藤兽属,,2018-03-21
3392146,endothermic,吸热的,,2018-03-21
3392147,endothermic reaction,吸热反应,,2018-03-21
3392148,Endothyra,内旋虫属,,2018-03-21
3392149,endurance limit,耐久限度；疲劳限度,,2018-03-21
3392150,energy coefficient,能量系数,,2018-03-21
3392151,engineering geology,工程地质学,,2018-03-21
3392152,englacial,冰川内的,,2018-03-21
3392153,englishite,水磷钙钾石,,2018-03-21
3392154,engrafted river,接枝河；接流河,,2018-03-21
3392155,enhydrite,含水玉髓晶洞,,2018-03-21
3392156,enigmatite,钛铁钠韭石,,2018-03-21
3392157,enrichment,富集[作用],,2018-03-21
3392158,ensialic geosyncline,矽铝质地槽,,2018-03-21
3392159,ensimatic geosyncline,矽镁质地槽,,2018-03-21
3392160,enstatite,顽火辉石,,2018-03-21
3392161,enstatite basalt,顽辉玄武岩,,2018-03-21
3392162,enstatite diabase,顽辉辉绿岩,,2018-03-21
3392163,enstatite diopsidite,顽辉透辉石岩,,2018-03-21
3392164,enstatite dunite,顽辉纯橄榄岩,,2018-03-21
3392165,enstatite hornblendite,顽辉角闪石岩,,2018-03-21
3392166,enstatite limburgite,顽辉玻基辉橄岩,,2018-03-21
3392167,enstatite norite,顽辉苏长岩,,2018-03-21
3392168,enstatite peridotite,顽辉橄榄岩,,2018-03-21
3392169,enstatite plagiaplite,顽辉斜长细晶岩,,2018-03-21
3392170,enstatite porphyrite,顽辉玢岩,,2018-03-21
3392171,enstatolite,顽辉岩,,2018-03-21
3392172,enstenite,直辉石类,,2018-03-21
3392173,entablature,直柱构造；直柱节理,,2018-03-21
3392174,<em>Entemnotrochus</em>,翁戒螺属,,2018-03-21
3392175,enterolithic,盘肠构造,,2018-03-21
3392176,enthalpy,焓,,2018-03-21
3392177,entine,内壁[孢粉],,2018-03-21
3392178,entire aperture,全壳口,,2018-03-21
3392179,Entomostraca,切甲亚纲；软甲亚纲,,2018-03-21
3392180,entoolitic,充填鲕状构造,,2018-03-21
3392181,Entoprocta,内肛动物门,,2018-03-21
3392182,entrail pahoehoe,参差绳状熔岩,,2018-03-21
3392183,entrapment burrow,覆埋穿孔,,2018-03-21
3392184,entrenched meander,切入河曲；嵌入曲流,,2018-03-21
3392185,entrenched valley,深切谷；槽谷,,2018-03-21
3392186,entropy,熵,,2018-03-21
3392187,entry,河口；入口,,2018-03-21
3392188,enveloping surface,包络面{褶皱},,2018-03-21
3392189,eoandesite,脱玻安山岩,,2018-03-21
3392190,Eoanura,始蛙目,,2018-03-21
3392191,eobasalt,脱玻玄武岩,,2018-03-21
3392192,Eocambrian,始寒武纪,,2018-03-21
3392193,Eocene,始新统；始新世,,2018-03-21
3392194,Eochoristites,始分喙石燕属,,2018-03-21
3392195,eocrinids,始海百合类,,2018-03-21
3392196,Eocrinoidea,始海百合纲,,2018-03-21
3392197,Eocryptozoic eon,始隐生超代,,2018-03-21
3392198,eocrystal,早期斑晶,,2018-03-21
3392199,Eogene,早[下]第三纪[系],,2018-03-21
3392200,Eogene period,早第三纪,,2018-03-21
3392201,Eogene system,下第三系,,2018-03-21
3392202,Eogyrinus,始螈属,,2018-03-21
3392203,Eohippus,始马属,,2018-03-21
3392204,Eoistelus,始等称三叶虫属,,2018-03-21
3392205,eolation,风蚀[作用],,2018-03-21
3392206,eolian,风成的,,2018-03-21
3392207,eolian rock,风成岩,,2018-03-21
3392208,eolianite,风成岩,,2018-03-21
3392209,eolith,风成岩,,2018-03-21
3392210,Eolithic age,始石器时代,,2018-03-21
3392211,Eomys,古鼠属,,2018-03-21
3392212,eon,元；超代,,2018-03-21
3392213,Eoorthis,始正形贝属,,2018-03-21
3392214,Eopaleozoic,早古生代；始古生代,,2018-03-21
3392215,eorhyolite,脱玻流纹岩,,2018-03-21
3392216,Eoschubertella,始舒氏虫属,,2018-03-21
3392217,Eosotrematorthis,东方洞正形贝属,,2018-03-21
3392218,eosphorite,曙光石；磷铝锰石,,2018-03-21
3392219,Eospirifer,始石燕属,,2018-03-21
3392220,Eosuchia,始鳄目,,2018-03-21
3392221,Eotvos,厄氏单位,,2018-03-21
3392222,Eoverbeerina,始韦氏虫属,,2018-03-21
3392223,Eozoa,始生虫；始生动物；原生动物,,2018-03-21
3392224,Eozoic era,始生代,,2018-03-21
3392225,eozoon,始生物,,2018-03-21
3392226,epeiric sea,陆缘海,,2018-03-21
3392227,epeirogenesis,造陆运动,,2018-03-21
3392228,epeirogenetic,造陆的,,2018-03-21
3392229,epeirogenetic movement,造陆运动,,2018-03-21
3392230,epeirogenic movement,造陆运动,,2018-03-21
3392231,epeirogeny,造陆运动,,2018-03-21
3392232,ephebic,成年期的,,2018-03-21
3392233,Ephedrales,麻黄目,,2018-03-21
3392234,Ephedropsida,麻黄纲,,2018-03-21
3392235,ephemeral,短暂的,,2018-03-21
3392236,Ephemerida,蜉蝣目,,2018-03-21
3392237,ephesite,钠珍珠云母,,2018-03-21
3392238,epi tectonic,浅层构造的,,2018-03-21
3392239,epibatholithic,隐岩基的,,2018-03-21
3392240,epibatholithic stage,隐岩基时期,,2018-03-21
3392241,epibiota,附生生物,,2018-03-21
3392242,epibiotic,附生生物的,,2018-03-21
3392243,epibole,极盛带,,2018-03-21
3392244,epiboulangerite,块硫锑铅矿,,2018-03-21
3392245,epicarp,外果皮,,2018-03-21
3392246,epicenter,震央,,2018-03-21
3392247,epicentrum,震央,,2018-03-21
3392248,epichlorite,次绿泥石,,2018-03-21
3392249,epiclastic,表层碎屑的,,2018-03-21
3392250,epiclastic conglomerate,表层碎屑砾岩,,2018-03-21
3392251,epiclastic rock,表层碎屑岩,,2018-03-21
3392252,epicontinental,陆缘的； 内陆的,,2018-03-21
3392253,epicontinental sea,陆缘海,,2018-03-21
3392254,epicycle,小循环；间升期,,2018-03-21
3392255,epidermis,表皮,,2018-03-21
3392256,epidesmine,辉沸石,,2018-03-21
3392257,epidiabase,变辉绿岩,,2018-03-21
3392258,epididymite,板晶石,,2018-03-21
3392259,epidiorite,变闪长岩,,2018-03-21
3392260,epidolerite,变粗玄岩,,2018-03-21
3392261,epidosite,绿帘石岩,,2018-03-21
3392262,epidote,绿帘石,,2018-03-21
3392263,epidote albite pegmatite,绿帘钠长伟晶岩,,2018-03-21
3392264,epidote gneiss,绿帘片麻岩,,2018-03-21
3392265,epidote group,绿帘石类；绿帘石群,,2018-03-21
3392266,epidote mica schist,绿帘云母片岩,,2018-03-21
3392267,epidote oligoclase pegmatite,绿帘奥长伟晶岩,,2018-03-21
3392268,epidote orthoclase pegmatite,绿帘正长伟晶岩,,2018-03-21
3392269,epidotization,绿帘石化[作用],,2018-03-21
3392270,epieugeosyncline,后成优等地槽,,2018-03-21
3392271,epigene,外成的,,2018-03-21
3392272,epigenesis,后成作用； 表生作用；[变质]矿物交代作用,,2018-03-21
3392273,epigenetic,后成的； 表生的； 次生的,,2018-03-21
3392274,epigenite,硫砷铁铜矿,,2018-03-21
3392275,epigneiss,浅带片麻岩,,2018-03-21
3392276,epigone,寄生火山[锥],,2018-03-21
3392277,epiianthinite,蚀变水斑铀矿,,2018-03-21
3392278,epimagma,浅层岩浆,,2018-03-21
3392279,epimagmatic,浅层岩浆的,,2018-03-21
3392280,epimarble,浅成大理岩,,2018-03-21
3392281,epimorph,外假形；同形附生体,,2018-03-21
3392282,epinekton,附著浮游生物,,2018-03-21
3392283,epineritic,半浅海的；中浅海的,,2018-03-21
3392284,epiphanite,富铁绿泥石；闪绿泥石,,2018-03-21
3392285,epiphosphorite,肾状磷灰石,,2018-03-21
3392286,epiphyte,附著植物,,2018-03-21
3392287,epipodite,上附肢；外肢；副肢,,2018-03-21
3392288,epirocks,浅带岩,,2018-03-21
3392289,episcolecite,变钙沸石,,2018-03-21
3392290,epi-sea,永恒海,,2018-03-21
3392291,episode,幕；期,,2018-03-21
3392292,epispharite,球沸石,,2018-03-21
3392293,epistilbite,柱沸石,,2018-03-21
3392294,epistolite,水矽铌钠石,,2018-03-21
3392295,episulcate,对槽缘型,,2018-03-21
3392296,epitaxy,顺构磊生；同位连生,,2018-03-21
3392297,epitheca,表壁；上壳；外鞘,,2018-03-21
3392298,epithermal,低温的,,2018-03-21
3392299,epithermal deposit,低温热液矿床；浅成热液矿床,,2018-03-21
3392300,epithermal veins,低温热液矿脉；浅成热液矿脉,,2018-03-21
3392301,epithomsonite,变杆沸石,,2018-03-21
3392302,epithyrid,上孔型,,2018-03-21
3392303,epixenolith,围岩捕掳体,,2018-03-21
3392304,epizonal metamorphism,浅成变质,,2018-03-21
3392305,epizone,浅成带；浅变质带,,2018-03-21
3392306,Epoch,世,,2018-03-21
3392307,Eponides,上穹虫属；美女虫属,,2018-03-21
3392308,epoptic figure,吸收影像；光轴干涉像,,2018-03-21
3392309,epsom salt,泻利盐；七水镁矾,,2018-03-21
3392310,epsomite,泻利盐；七水镁矾,,2018-03-21
3392311,equal-area net,等面积网格,,2018-03-21
3392312,equant anhedral,等径他形的,,2018-03-21
3392313,equant element,等长组构单元,,2018-03-21
3392314,equant subhedral,等径半自形的,,2018-03-21
3392315,equator,赤道,,2018-03-21
3392316,equatorial calm,赤道无风带,,2018-03-21
3392317,equatorial ridge,赤道脊,,2018-03-21
3392318,equiareal projection,等面积投影,,2018-03-21
3392319,equidimensional,等维的；等径的,,2018-03-21
3392320,equiform,等形,,2018-03-21
3392321,equigranular,等粒状[结构],,2018-03-21
3392322,equilateral shell,等边壳,,2018-03-21
3392323,equilibrant,均衡力,,2018-03-21
3392324,equilibrium,平衡,,2018-03-21
3392325,equilibrium constant,均衡常数,,2018-03-21
3392326,equiplanation,等均夷作用,,2018-03-21
3392327,equipotential surface,等位能面,,2018-03-21
3392328,Equisetales,木贼目,,2018-03-21
3392329,Equisetinae,木贼纲；节蕨纲,,2018-03-21
3392330,Equisetites,拟木贼属,,2018-03-21
3392331,Equisetum,木贼属,,2018-03-21
3392332,equivalent grade,等粒级,,2018-03-21
3392333,equivalent radius,等量半径,,2018-03-21
3392334,Equus,马属,,2018-03-21
3392335,Equus sanmeniensis,三门马,,2018-03-21
3392336,era,代,,2018-03-21
3392337,E-ray,异常光,,2018-03-21
3392338,eremeyevite,硼铝石,,2018-03-21
3392339,erg,沙海；沙质荒漠,,2018-03-21
3392340,Eria land,伊里亚古陆,,2018-03-21
3392341,Erian,伊里亚统{中泥盆系},,2018-03-21
3392342,erikite,水磷铈石；矽磷铈石,,2018-03-21
3392343,Erinaceus,剌猬属,,2018-03-21
3392344,erinite,水绿砷铜矿,,2018-03-21
3392345,erionite,毛沸石,,2018-03-21
3392346,eriophorum peat,棉草泥炭；羊胡子草泥炭,,2018-03-21
3392347,Ernestiodendron,安勒杉属,,2018-03-21
3392348,erodible,易侵蚀的,,2018-03-21
3392349,erose,叶边参差的；凹凸齿形的,,2018-03-21
3392350,erosion,侵蚀,,2018-03-21
3392351,erosion basis,侵蚀基准面,,2018-03-21
3392352,erosion caldera,侵蚀火山臼,,2018-03-21
3392353,erosion column,侵蚀柱,,2018-03-21
3392354,erosion cycle,侵蚀循环,,2018-03-21
3392355,erosion intensity,侵蚀强度,,2018-03-21
3392356,erosion lake,侵蚀湖,,2018-03-21
3392357,erosion mark,侵蚀痕,,2018-03-21
3392358,erosion pavement,侵蚀覆盖层,,2018-03-21
3392359,erosion plain,侵蚀平原,,2018-03-21
3392360,erosion plateau,侵蚀高原,,2018-03-21
3392361,erosion ramp,侵蚀礁坡,,2018-03-21
3392362,erosion ridge,侵蚀脊,,2018-03-21
3392363,erosion ripple,侵蚀波痕,,2018-03-21
3392364,erosion scarp,侵蚀崖,,2018-03-21
3392365,erosion surface,侵蚀面,,2018-03-21
3392366,erosion terrace,侵蚀阶地,,2018-03-21
3392367,erosional valley,侵蚀谷,,2018-03-21
3392368,erosive,侵蚀的,,2018-03-21
3392369,erratic,漂砾,,2018-03-21
3392370,erratic assay,异常试金,,2018-03-21
3392371,erratic block,漂砾,,2018-03-21
3392372,erratic boulder,漂砾,,2018-03-21
3392373,errite,褐矽锰矿；水矽锰矿,,2018-03-21
3392374,ersbyite,钙柱石,,2018-03-21
3392375,erubescite,斑铜矿,,2018-03-21
3392376,eruption,喷发,,2018-03-21
3392377,eruption canal,喷发管道,,2018-03-21
3392378,eruption cloud,喷发云,,2018-03-21
3392379,eruption cylinder,喷发柱,,2018-03-21
3392380,eruption fissures,喷发裂缝,,2018-03-21
3392381,eruption laccolith,喷发岩盖,,2018-03-21
3392382,eruption rain,喷发雨,,2018-03-21
3392383,eruption symptom,喷发征兆,,2018-03-21
3392384,eruptive,喷发的；爆发的,,2018-03-21
3392385,eruptive breccia,喷发角砾岩,,2018-03-21
3392386,eruptive conelet,小喷溢锥,,2018-03-21
3392387,eruptive facies,喷发岩相,,2018-03-21
3392388,eruptive fountain,[火山]喷发泉,,2018-03-21
3392389,eruptive material,喷发物,,2018-03-21
3392390,eruptive stock,火成岩株,,2018-03-21
3392391,eruptive vein,火成脉,,2018-03-21
3392392,erythrine,钴华,,2018-03-21
3392393,erythrite,钴华,,2018-03-21
3392394,erythrocalcite,集晶氯铜矿；毛铜矿,,2018-03-21
3392395,erythrosiderite,红钾铁盐,,2018-03-21
3392396,erythrozincite,锰纤维锌矿,,2018-03-21
3392397,erythrozinkite,锰纤维锌矿,,2018-03-21
3392398,esboite,球粒闪长岩,,2018-03-21
3392399,escarpment,崖；陡崖,,2018-03-21
3392400,escherite,绿帘石,,2018-03-21
3392401,eschynite,易解石,,2018-03-21
3392402,escutcheon,盾纹面,,2018-03-21
3392403,eskebornite,硒黄铜矿,,2018-03-21
3392404,esker,蛇形丘；蛇丘,,2018-03-21
3392405,esker delta,蛇丘三角洲,,2018-03-21
3392406,esker fan,蛇丘扇,,2018-03-21
3392407,esker lake,蛇丘湖,,2018-03-21
3392408,esker trough,蛇丘槽,,2018-03-21
3392409,esmeraldite,英云花岗岩,,2018-03-21
3392410,espichellite,橄闪煌斑岩,,2018-03-21
3392411,esplanade,峡谷阶地,,2018-03-21
3392412,essential colour,主色；本色,,2018-03-21
3392413,essential ejecta,火山碎屑喷出物,,2018-03-21
3392414,essential element,主要元素,,2018-03-21
3392415,essential mineral,主成份矿物；主要矿物,,2018-03-21
3392416,essexite,[含霞石]碱性辉长岩,,2018-03-21
3392417,essexite akerite,碱辉英辉正长岩,,2018-03-21
3392418,essexite aplite,碱辉细晶岩,,2018-03-21
3392419,essexite basalt,碱辉玄武岩,,2018-03-21
3392420,essexite diabase,碱辉辉绿岩,,2018-03-21
3392421,essexite diorite,碱辉闪长岩,,2018-03-21
3392422,essexite foyaite,碱辉钾长霞石正长岩,,2018-03-21
3392423,essexite gabbro,碱辉辉长岩,,2018-03-21
3392424,essexite melaphyre,碱辉黑玢岩,,2018-03-21
3392425,essexite porphyrite,碱辉玢岩,,2018-03-21
3392426,essexite pyroxenite,碱辉辉石岩,,2018-03-21
3392427,essonite,铁钙铝榴石,,2018-03-21
3392428,Estheria,叶肢介属,,2018-03-21
3392429,estipulate,无托叶的 {=exstipulate},,2018-03-21
3392430,estuarine,河口的；河口湾的,,2018-03-21
3392431,estuarine delta,河口三角洲；河口湾三角洲,,2018-03-21
3392432,estuary,河口；河口湾,,2018-03-21
3392433,etch,蚀刻；浸蚀,,2018-03-21
3392434,etch figure,蚀像,,2018-03-21
3392435,etched pothole,蚀壶穴；蚀瓯穴,,2018-03-21
3392436,etching,蚀刻,,2018-03-21
3392437,ethmoic,筛骨,,2018-03-21
3392438,ethmolith,漏斗状岩基,,2018-03-21
3392439,ethnology,民族学；人种学,,2018-03-21
3392440,etindite,白榴霞石岩,,2018-03-21
3392441,ettringite,钙铝矾；钙矾石,,2018-03-21
3392442,euautochthony,原地的,,2018-03-21
3392443,Eublastoidea,正海蕾纲,,2018-03-21
3392444,eucairite,硒银铜矿,,2018-03-21
3392445,euchroite,翠绿砷铜石,,2018-03-21
3392446,euclase,蓝柱石,,2018-03-21
3392447,euclasite,蓝柱石,,2018-03-21
3392448,eucolite,负异性石,,2018-03-21
3392449,Eucormophyta,真茎叶植物,,2018-03-21
3392450,eucrasite,铈钍矿,,2018-03-21
3392451,eucrite,钙长辉长岩；钙长无球粒陨石,,2018-03-21
3392452,eucryptite,锂霞石,,2018-03-21
3392453,eucrystalline,良晶质；优晶质,,2018-03-21
3392454,Eucytherura,真羽花介属,,2018-03-21
3392455,eudialite,异性石,,2018-03-21
3392456,eudialyte,异性石,,2018-03-21
3392457,eudialyte lujavrite,异性霞石正长岩,,2018-03-21
3392458,eudialyte syenite,异性正长岩,,2018-03-21
3392459,eudialyte-nepheline basalt,异霞玄武岩,,2018-03-21
3392460,eudidymite,双晶石；矽铍钠石,,2018-03-21
3392461,eudiometer,量气管,,2018-03-21
3392462,eugeosyncline,优地槽；活动正地向斜,,2018-03-21
3392463,eugranitic,花岗岩状 {=granitic},,2018-03-21
3392464,euhedral,自形的,,2018-03-21
3392465,euhedral cryatal,自形晶,,2018-03-21
3392466,euhedral-granular,自形粒状,,2018-03-21
3392467,eukairite,硒银铜矿,,2018-03-21
3392468,eukamptite,水黑云母,,2018-03-21
3392469,eukolite,负异性石,,2018-03-21
3392470,euktolite,橄金云斑岩 {=venanzite},,2018-03-21
3392471,Eulamellibranchia,真瓣鳃目,,2018-03-21
3392472,Euler's formula,欧拉公式；尤拉公式{结晶学},,2018-03-21
3392473,eulite,易熔辉石,,2018-03-21
3392474,Eulota,蜗牛属,,2018-03-21
3392475,eulysite,辉铁橄榄岩,,2018-03-21
3392476,eulytine,矽铋石,,2018-03-21
3392477,eulytite,矽铋石,,2018-03-21
3392478,Eumalacostraca,真软甲类,,2018-03-21
3392479,Eunotasaurus,正南龟属,,2018-03-21
3392480,Euomphalus,全脐螺属,,2018-03-21
3392481,euosmite,水脂石,,2018-03-21
3392482,eupholite,滑石槽化辉长岩,,2018-03-21
3392483,Euphorbiophyllum,大戟叶属,,2018-03-21
3392484,euphotic belt,光亮带,,2018-03-21
3392485,euphotide,槽化辉长岩,,2018-03-21
3392486,euphyllite,钠钾云母,,2018-03-21
3392487,eupyrchroite,圆层磷灰石,,2018-03-21
3392488,Eurhinosaurus,Eurhinosaurus 真鼻龙属,,2018-03-21
3392489,eurite,霏细岩,,2018-03-21
3392490,euritic,霏细质,,2018-03-21
3392491,euritic aplite,霏细细晶岩,,2018-03-21
3392492,Euryapsida,调孔亚纲；阔孔亚纲；上孔亚纲,,2018-03-21
3392493,eurybathic,广深性的；耐深的,,2018-03-21
3392494,Euryceros pachyosteus,肿骨鹿,,2018-03-21
3392495,euryhaline,广盐性的；耐盐度变化的,,2018-03-21
3392496,euryhalinous organism,广盐性生物,,2018-03-21
3392497,Euryodus,短喙螈属,,2018-03-21
3392498,Eurypterida,板足鲎亚纲；广翅鲎,,2018-03-21
3392499,Eurypterus,板足鲎属；海蝎属,,2018-03-21
3392500,Eurysiphonata,全直领类 {=鹦鹉螺类},,2018-03-21
3392501,Euryspirifer,濶石燕属,,2018-03-21
3392502,eurythermal,广温性的,,2018-03-21
3392503,eurythermal organism,广温性生物,,2018-03-21
3392504,Eusporangiatae,厚囊蕨亚目,,2018-03-21
3392505,eustatic movement,海面升降运动,,2018-03-21
3392506,Eusthenopteron,新翼鱼属,,2018-03-21
3392507,Eusuchia,真鳄亚目,,2018-03-21
3392508,eusynchite,水钒锌铅石,,2018-03-21
3392509,eutaxic,层状的,,2018-03-21
3392510,eutaxic deposit,层状矿床,,2018-03-21
3392511,eutaxite,条纹状火山杂岩,,2018-03-21
3392512,eutaxitic,条纹状,,2018-03-21
3392513,eutectic,共晶出的；共熔的,,2018-03-21
3392514,eutectic mixture,共晶混合物,,2018-03-21
3392515,eutectic point,共熔点；共晶点,,2018-03-21
3392516,eutectic ratio,共晶比,,2018-03-21
3392517,eutectic texture,共晶组织,,2018-03-21
3392518,eutectic-pegmatitic,共晶文象状,,2018-03-21
3392519,eutectofelsite,共晶霏细岩,,2018-03-21
3392520,euthalite,密方沸石,,2018-03-21
3392521,Eutheria,真兽亚纲,,2018-03-21
3392522,eutrophic peat,富泥炭,,2018-03-21
3392523,euxenite,黑稀金矿,,2018-03-21
3392524,evansite,核磷铝石,,2018-03-21
3392525,evapocryst,蒸发晶体,,2018-03-21
3392526,evapocrystic,蒸发晶状,,2018-03-21
3392527,evapolensic,蒸发纹层状,,2018-03-21
3392528,evapo-porphyrocrystic,蒸发斑晶状,,2018-03-21
3392529,evaporate,蒸发,,2018-03-21
3392530,evaporation,蒸发作用,,2018-03-21
3392531,evaporite,蒸发盐；蒸发岩,,2018-03-21
3392532,evapotranspiration,蒸发散[作用],,2018-03-21
3392533,even,平坦,,2018-03-21
3392534,even-grained,等粒状,,2018-03-21
3392535,even-pinnate,复叶,,2018-03-21
3392536,evergreenite,硫英碱性正长岩,,2018-03-21
3392537,evigtokite,水氟铝钙石,,2018-03-21
3392538,evisite,霓闪花岗正长岩,,2018-03-21
3392539,evjite,角闪辉长岩,,2018-03-21
3392540,evolute,开旋式,,2018-03-21
3392541,evolution,演化,,2018-03-21
3392542,evorsion,涡流侵蚀作用；壶穴侵蚀作用；瓯穴侵蚀作用,,2018-03-21
3392543,exanthalite,芒硝华,,2018-03-21
3392544,exanthalose,芒硝华,,2018-03-21
3392545,exaration,冰蚀作用,,2018-03-21
3392546,exarch,木质内生的,,2018-03-21
3392547,excavation,开挖；挖掘,,2018-03-21
3392548,excurrent,叶尖突出的,,2018-03-21
3392549,exfoliate,剥离,,2018-03-21
3392550,exfoliation,剥离[作用],,2018-03-21
3392551,exfoliation dome,剥离丘,,2018-03-21
3392552,exhalation,喷气,,2018-03-21
3392553,exhumed topography,重现地形,,2018-03-21
3392554,exine,外皮,,2018-03-21
3392555,exinite,壳质煤质素；膜煤素,,2018-03-21
3392556,exinonigritite,壳质煤化沥；孢膜沥青,,2018-03-21
3392557,exocarp,外果皮,,2018-03-21
3392558,exocast,外铸型；外模,,2018-03-21
3392559,exoccipital bone,外枕骨,,2018-03-21
3392560,Exocycloidea,外环目{海胆},,2018-03-21
3392561,exogene,外营的,,2018-03-21
3392562,exogenetic,外营的；外源的,,2018-03-21
3392563,exogenetic action,外营作用,,2018-03-21
3392564,exogenetic effect,外营效应,,2018-03-21
3392565,exogenite,外生矿床,,2018-03-21
3392566,exogenous ejecta,外生喷出物,,2018-03-21
3392567,exogenous enclosure,外源包体,,2018-03-21
3392568,exogenous inclusion,外源包体,,2018-03-21
3392569,exogenous vein,外成脉,,2018-03-21
3392570,exogeosyncline,前渊地槽,,2018-03-21
3392571,Exogyra,大贝蛤属；歪嘴蛎属,,2018-03-21
3392572,exokinetic fissure,外成裂隙,,2018-03-21
3392573,exokinetic joint,外成节理,,2018-03-21
3392574,exometamorphism,外变质作用,,2018-03-21
3392575,exomorph,外形的,,2018-03-21
3392576,exomorphic,外变质的,,2018-03-21
3392577,exomorphic zone,外变质带,,2018-03-21
3392578,exomorphism,外变质作用,,2018-03-21
3392579,exopodite,外肢节,,2018-03-21
3392580,exorheic,外流的,,2018-03-21
3392581,exoskeleton,外骨骼,,2018-03-21
3392582,exosphere,外气层,,2018-03-21
3392583,exothermic,放热的,,2018-03-21
3392584,exotic,外来的,,2018-03-21
3392585,exotic block,外来岩块,,2018-03-21
3392586,expanded-foot glacier,开展山足冰川,,2018-03-21
3392587,expansion,膨胀,,2018-03-21
3392588,expansion fissure,膨胀裂缝,,2018-03-21
3392589,expansion hypothesis,膨胀假说,,2018-03-21
3392590,expansion joint,膨胀节理,,2018-03-21
3392591,expansion theory,膨胀说；热胀说,,2018-03-21
3392592,experimental geology,实验地质学,,2018-03-21
3392593,exploratory well,探勘井,,2018-03-21
3392594,explosion,爆裂；爆发,,2018-03-21
3392595,explosion breccia,爆发角砾岩,,2018-03-21
3392596,explosion caldera,爆发火山臼,,2018-03-21
3392597,explosion clouds,爆发云,,2018-03-21
3392598,explosion crater,爆裂火山口,,2018-03-21
3392599,explosion earthquake,爆破地震,,2018-03-21
3392600,explosion tuff,爆发凝灰岩,,2018-03-21
3392601,explosive eruption,爆裂喷发；爆发,,2018-03-21
3392602,explosive index,爆裂指数,,2018-03-21
3392603,explosive volcano,爆裂火山,,2018-03-21
3392604,exposure,露头；曝光；暴露,,2018-03-21
3392605,exsolution,凝析作用；离溶作用；晶析作用,,2018-03-21
3392606,exsudation,盐剥作用,,2018-03-21
3392607,extended consequent river,延长顺向河,,2018-03-21
3392608,extended river,延长河,,2018-03-21
3392609,extended valley,延长谷,,2018-03-21
3392610,extension fault,伸长断层；拉张断层,,2018-03-21
3392611,extension fracture,伸长破裂；拉张破裂,,2018-03-21
3392612,extension joints,伸长节理；拉张节理,,2018-03-21
3392613,extension ore,推定矿体,,2018-03-21
3392614,extension well,延展井,,2018-03-21
3392615,extensive quantity,延量,,2018-03-21
3392616,exterior drainage,外流水系,,2018-03-21
3392617,external eruption,外喷溢,,2018-03-21
3392618,external lobe,外叶[菊石类]{in Ammonoids},,2018-03-21
3392619,external mold,外模,,2018-03-21
3392620,external rotation,外部旋转,,2018-03-21
3392621,external structure,外部构造,,2018-03-21
3392622,external suture line,外缝合线,,2018-03-21
3392623,extinct animal,绝种动物,,2018-03-21
3392624,extinct volcano,休火山,,2018-03-21
3392625,extinction,灭绝；消光,,2018-03-21
3392626,extinction angle,消光角,,2018-03-21
3392627,extinction direction,消光方向,,2018-03-21
3392628,extinguished volcano,熄灭火山,,2018-03-21
3392629,extoolitic,外鲕状构造,,2018-03-21
3392630,extramorainic,冰碛外的,,2018-03-21
3392631,extraneous ash,外来灰份,,2018-03-21
3392632,extrasiphonata,腹气管,,2018-03-21
3392633,extratelluric,外地的,,2018-03-21
3392634,extravasation,外溢[熔岩],,2018-03-21
3392635,extrusion,喷出,,2018-03-21
3392636,extrusion by deroofing,破顶喷溢,,2018-03-21
3392637,extrusion flow hypothesis,压流假说,,2018-03-21
3392638,extrusive bodies,喷出体,,2018-03-21
3392639,extrusive rock,喷出岩,,2018-03-21
3392640,extrusives,喷出岩体,,2018-03-21
3392641,exudate,渗出物,,2018-03-21
3392642,exudation vein,分凝脉,,2018-03-21
3392643,eye and eyebrow structure,眼眉状构造,,2018-03-21
3392644,eye coal,眼煤,,2018-03-21
3392645,eye stone,眼石{玛瑙},,2018-03-21
3392646,eye tubercle,眼粒；眼突,,2018-03-21
3392647,eyebrow scarp,眉状崖,,2018-03-21
3392648,eyed structure,眼球构造,,2018-03-21
3392649,eyepiece,接目镜；目镜,,2018-03-21
3392650,fabric,组构,,2018-03-21
3392651,fabric analysis,组构分析,,2018-03-21
3392652,fabric axes,组构轴,,2018-03-21
3392653,fabric element,组构要素,,2018-03-21
3392654,face,面；界面；晶面,,2018-03-21
3392655,face cleat,面；主裂面{煤层},,2018-03-21
3392656,facellite,钾霞石,,2018-03-21
3392657,facet,小面,,2018-03-21
3392658,faceted boulder,多棱面巨砾；磨面巨砾,,2018-03-21
3392659,faceted pebble,多棱面卵石,,2018-03-21
3392660,faceted spur,削切山嘴,,2018-03-21
3392661,facies,相,,2018-03-21
3392662,facies contour,等[岩]相线,,2018-03-21
3392663,facies departure map,[岩]相差异图,,2018-03-21
3392664,facies evolution,相演化,,2018-03-21
3392665,facies family,相族,,2018-03-21
3392666,facies fauna,示相动物群,,2018-03-21
3392667,facies fossil,指相化石,,2018-03-21
3392668,facies index,示相物,,2018-03-21
3392669,facies map,相图,,2018-03-21
3392670,facies sequence,相层序,,2018-03-21
3392671,facies strike,相走向,,2018-03-21
3392672,facies suite,相群,,2018-03-21
3392673,facies tract,相系,,2018-03-21
3392674,facing,砌面；饰面；顶面； 年轻方向,,2018-03-21
3392675,facsimile crystallization,拟晶结晶,,2018-03-21
3392676,faecal pellet,粪粒；丸粒,,2018-03-21
3392677,Fagus,山毛榉属,,2018-03-21
3392678,fahlbank,黝矿带,,2018-03-21
3392679,fahlers,黝铜矿,,2018-03-21
3392680,fahlerz,黝铜矿,,2018-03-21
3392681,fahlore,黝铜矿,,2018-03-21
3392682,fahlunite,褐菫青石,,2018-03-21
3392683,failure,破坏；破裂,,2018-03-21
3392684,fairchidite,碳钙钾石,,2018-03-21
3392685,fairfieldite,磷锰钙石,,2018-03-21
3392686,fakes,[云母]板状岩,,2018-03-21
3392687,falkenhaynite,硫铁锑铜矿,,2018-03-21
3392688,falkenstenite,四方沸石,,2018-03-21
3392689,fall,瀑布； 落石,,2018-03-21
3392690,fall line,瀑布线,,2018-03-21
3392691,fallen snow,落雪,,2018-03-21
3392692,falling dune,吹落沙丘,,2018-03-21
3392693,false amethyst,假紫水晶；假紫晶,,2018-03-21
3392694,false bedding,假层理；交错层,,2018-03-21
3392695,false bottom,假底岩,,2018-03-21
3392696,false cleavage,假劈理；假解理,,2018-03-21
3392697,false esker,假蛇丘,,2018-03-21
3392698,false gossan,假铁帽,,2018-03-21
3392699,false topaz,假黄晶,,2018-03-21
3392700,famatinite,脆硫锑铜矿；法马丁矿,,2018-03-21
3392701,Famennian,发门那统 {上部泥盆系},,2018-03-21
3392702,family,族；系；科,,2018-03-21
3392703,family curve,井族生产曲线,,2018-03-21
3392704,family decline curve,井族生产递减曲线,,2018-03-21
3392705,faminine ruby,淡红宝石；雌红宝石,,2018-03-21
3392706,fan,扇形地；[冲积]扇,,2018-03-21
3392707,fan bay,[冲积]扇湾,,2018-03-21
3392708,fan cleavage,扇状劈理,,2018-03-21
3392709,fan delta,扇状三角洲,,2018-03-21
3392710,fan fold,扇状褶皱,,2018-03-21
3392711,fan mesa,冲积扇方山,,2018-03-21
3392712,fan of congealed lava,熔岩扇,,2018-03-21
3392713,fan scarp,麓前断崖,,2018-03-21
3392714,fan shooting,扇状炸测,,2018-03-21
3392715,fan talus,扇状岩堆,,2018-03-21
3392716,fan terrace,扇状阶地,,2018-03-21
3392717,fanglomerate,扇积砾；扇砾岩,,2018-03-21
3392718,fanhead,冲积扇头,,2018-03-21
3392719,faratsihite,黄高岭石,,2018-03-21
3392720,faro,小环礁,,2018-03-21
3392721,farrisite,黄长石棕闪岩,,2018-03-21
3392722,farsundite,紫苏角闪花岗岩,,2018-03-21
3392723,fascicostae,簇粗线,,2018-03-21
3392724,fascicostellae,簇线,,2018-03-21
3392725,fascicular schist,长晶片岩,,2018-03-21
3392726,fasciculate,丛状,,2018-03-21
3392727,fasciole,小带,,2018-03-21
3392728,Fasciphyllum,簇珊瑚属,,2018-03-21
3392729,fasibitikite,钠闪锥辉花岗岩,,2018-03-21
3392730,fasinite,辉霞岩,,2018-03-21
3392731,fassaite,深绿辉石,,2018-03-21
3392732,fast ice,系冰,,2018-03-21
3392733,fat coal,长焰煤；肥煤；油煤,,2018-03-21
3392734,fathogram,测深图；水深图,,2018-03-21
3392735,fathom,英寻；㖊{六呎},,2018-03-21
3392736,fathometer,测深仪,,2018-03-21
3392737,fatigue,疲乏,,2018-03-21
3392738,faujasite,八面沸石,,2018-03-21
3392739,fault,断层,,2018-03-21
3392740,fault basin,断层盆地,,2018-03-21
3392741,fault bench,断层阶地,,2018-03-21
3392742,fault block,断块,,2018-03-21
3392743,fault breccia,断层角砾岩,,2018-03-21
3392744,fault cliff,断层崖,,2018-03-21
3392745,fault coast,断层岸,,2018-03-21
3392746,fault displacement,断层移距,,2018-03-21
3392747,fault embayment,断层湾,,2018-03-21
3392748,fault escarpment,断层崖,,2018-03-21
3392749,fault fissure,断层裂缝,,2018-03-21
3392750,fault gap,断层峡,,2018-03-21
3392751,fault line,断层线,,2018-03-21
3392752,fault plane,断层面,,2018-03-21
3392753,fault rock,断层岩,,2018-03-21
3392754,fault scarp,断层崖,,2018-03-21
3392755,fault scarp shoreline,断层崖滨线；断层崖海岸线,,2018-03-21
3392756,fault set,断层组,,2018-03-21
3392757,fault shoreline,断层滨线,,2018-03-21
3392758,fault spring,断层泉,,2018-03-21
3392759,fault surface,断层面,,2018-03-21
3392760,fault system,断层系,,2018-03-21
3392761,fault trace,断层迹,,2018-03-21
3392762,fault trap,断层封闭,,2018-03-21
3392763,fault trough,断层槽；地堑,,2018-03-21
3392764,fault valley,断层谷,,2018-03-21
3392765,fault wedge,断层楔,,2018-03-21
3392766,fault zone,断层带,,2018-03-21
3392767,fault-block mountain,断块山,,2018-03-21
3392768,faulting,断层作用,,2018-03-21
3392769,fault-line scarp,断层线崖,,2018-03-21
3392770,fault-line valley,断线谷,,2018-03-21
3392771,faunal,动物群的,,2018-03-21
3392772,faunal evolution,动物演化,,2018-03-21
3392773,faunal province,动物群区,,2018-03-21
3392774,faunal realm,动物群区,,2018-03-21
3392775,faunal region,动物群区,,2018-03-21
3392776,faunichron,动物群带,,2018-03-21
3392777,faunizone,动物群带,,2018-03-21
3392778,faunna,动物群,,2018-03-21
3392779,faunule,小动物群,,2018-03-21
3392780,fauserite,七水锰矾,,2018-03-21
3392781,Favositella,星蜂巢珊瑚属,,2018-03-21
3392782,Favosites,蜂巢珊瑚属,,2018-03-21
3392783,Favularia,锯齿封木属,,2018-03-21
3392784,fayalite,铁橄榄石,,2018-03-21
3392785,fayalite peridotite,铁橄榄岩,,2018-03-21
3392786,fayalitfels,细铁橄榄岩,,2018-03-21
3392787,feather amphibolite,羽状角闪岩,,2018-03-21
3392788,feather edge,薄岩楔,,2018-03-21
3392789,feather joint,羽状节理,,2018-03-21
3392790,feather ore,羽毛状锑矿石,,2018-03-21
3392791,feather-alum,铁明矾,,2018-03-21
3392792,fecal pellet,粪粒；丸粒,,2018-03-21
3392793,feeder,通道,,2018-03-21
3392794,feeder beach,补养沙滩,,2018-03-21
3392795,feeder current,供应流,,2018-03-21
3392796,feeding channel,供养孔道,,2018-03-21
3392797,feeding vent,供养道,,2018-03-21
3392798,feldspar,长石,,2018-03-21
3392799,feldspar basalt,长石玄武岩,,2018-03-21
3392800,feldspar greisen,长石云英岩,,2018-03-21
3392801,feldspar peridotite,长石橄榄岩,,2018-03-21
3392802,feldspar phyllite,长石千枚岩,,2018-03-21
3392803,feldspar porphyry,长石斑岩,,2018-03-21
3392804,feldsparization,长石化[作用],,2018-03-21
3392805,feldspathic,长石质,,2018-03-21
3392806,feldspathic augitite,长石质辉石岩,,2018-03-21
3392807,feldspathic graywacke,长石质混浊砂岩,,2018-03-21
3392808,feldspathic grit,长石质粗砂岩,,2018-03-21
3392809,feldspathic limburgite,长石质玻基辉橄岩,,2018-03-21
3392810,feldspathic sandstone,长石质砂岩,,2018-03-21
3392811,feldspathic shale,长石质页岩,,2018-03-21
3392812,feldspathic tawite,长石质方钠霓辉岩,,2018-03-21
3392813,feldspathization,长石化[作用],,2018-03-21
3392814,feldspathize,长石化,,2018-03-21
3392815,feldspathoid,似长石类,,2018-03-21
3392816,feldspatite,长石岩,,2018-03-21
3392817,Felis,猫属,,2018-03-21
3392818,Feloids,长石--似长石类,,2018-03-21
3392819,felsenmeer,[块]石海；[块]石原,,2018-03-21
3392820,felsic,长英质,,2018-03-21
3392821,felsic mineral,长英矿物,,2018-03-21
3392822,felsiphyric,隐晶基斑状；非显晶基斑状,,2018-03-21
3392823,felsite,霏细岩；致密长英岩,,2018-03-21
3392824,felsite pitchstone,霏细松脂岩,,2018-03-21
3392825,felsitic,霏细状；长英岩质,,2018-03-21
3392826,felsitic rock,霏细岩石,,2018-03-21
3392827,felsitoid,似霏细状,,2018-03-21
3392828,felsoandesite,霏细安山岩,,2018-03-21
3392829,felsobanyite,斜方矾石,,2018-03-21
3392830,felsophyre,霏细斑岩,,2018-03-21
3392831,felsophyric,霏细斑岩的,,2018-03-21
3392832,felsophyric texture,霏细斑状组织,,2018-03-21
3392833,felsosphaerite,霏细球粒,,2018-03-21
3392834,felspar,长石,,2018-03-21
3392835,felspathic sandstone,长石砂岩,,2018-03-21
3392836,felstone,霏细岩；致密长英岩,,2018-03-21
3392837,felty,毡毛状,,2018-03-21
3392838,fem,铁镁质{C.I.P.W.},,2018-03-21
3392839,female gamete,雌配子,,2018-03-21
3392840,femic,铁镁质{C.I.P.W.},,2018-03-21
3392841,femur,股骨；大腿骨,,2018-03-21
3392842,fen,沼；沼泽,,2018-03-21
3392843,fen peat,沼泥煤,,2018-03-21
3392844,fence diagram,栅状剖面图,,2018-03-21
3392845,fenestrate,多孔的,,2018-03-21
3392846,Fenestrullina,斑孔苔虫属；木栅苔藓虫,,2018-03-21
3392847,fenster,构造窗；地窗,,2018-03-21
3392848,feral landscape,崎岖地形,,2018-03-21
3392849,feranthophyllite,铁直闪石,,2018-03-21
3392850,feraxinite,铁斧石,,2018-03-21
3392851,ferberite,钨铁矿,,2018-03-21
3392852,fergusonite,褐钇稀铌矿,,2018-03-21
3392853,fermat path or ray,佛麦特路线或射线,,2018-03-21
3392854,fermorite,锶砷磷灰石,,2018-03-21
3392855,fernandinite,纤钒钙石,,2018-03-21
3392856,ferralitic soil,铁铝土,,2018-03-21
3392857,ferreto zone,水平红壤层,,2018-03-21
3392858,ferrialluaudite,高铁磷锰钠石,,2018-03-21
3392859,ferrialunogen,高铁毛矾石,,2018-03-21
3392860,ferrian braunite,高铁褐锰矿,,2018-03-21
3392861,ferribraunite,高铁褐锰矿,,2018-03-21
3392862,ferricrete,铁结砾岩,,2018-03-21
3392863,ferride,铁化物,,2018-03-21
3392864,ferriedenite,高铁淡闪石,,2018-03-21
3392865,ferrierite,镁碱沸石,,2018-03-21
3392866,ferriferous,含铁的,,2018-03-21
3392867,ferriferous augite,铁辉石,,2018-03-21
3392868,ferrigehlenite,高铁铝方柱石；高铁钙铝黄长石,,2018-03-21
3392869,ferriginous sediment,铁质沉积物,,2018-03-21
3392870,ferrihastingsite,高铁绿钙闪石,,2018-03-21
3392871,ferrimontmorillonite,高铁蒙脱石,,2018-03-21
3392872,ferrinatrite,高铁钠矾,,2018-03-21
3392873,ferristilpnomelane,高铁黑硬绿泥石,,2018-03-21
3392874,ferrisymplesite,纤维砷铁石,,2018-03-21
3392875,Ferrite,自然铁；铁铝酸钙,,2018-03-21
3392876,ferrithorite,高铁钍石,,2018-03-21
3392877,ferritization,褐铁矿化[作用],,2018-03-21
3392878,ferritremolite,高铁透闪石,,2018-03-21
3392879,ferritschermakite,高铁镁钙闪石,,2018-03-21
3392880,ferritungstite,高铁钨华,,2018-03-21
3392881,ferroactinolite,铁阳起石,,2018-03-21
3392882,ferroan dolomite,铁白云石,,2018-03-21
3392883,ferroanthophyllite,铁直闪石,,2018-03-21
3392884,ferroantigorite,铁叶蛇纹石,,2018-03-21
3392885,ferrocalcite,铁方解石,,2018-03-21
3392886,ferrocarpholite,铁纤锰柱石,,2018-03-21
3392887,ferrocobaltite,铁辉砷钴矿,,2018-03-21
3392888,ferrocolumbite,铁铌铁矿,,2018-03-21
3392889,ferrodolomite,铁白云石,,2018-03-21
3392890,ferroedenite,铁淡闪石,,2018-03-21
3392891,ferrogabbro,铁辉长岩,,2018-03-21
3392892,ferrogoslarite,铁皓矾,,2018-03-21
3392893,ferrohastingsite,铁绿钙闪石,,2018-03-21
3392894,ferrohedenbergite,[亚]铁钙辉石,,2018-03-21
3392895,ferrohortonolite,铁镁铁橄榄石,,2018-03-21
3392896,ferrolite,铁岩,,2018-03-21
3392897,ferromagnesian,铁镁质,,2018-03-21
3392898,ferromagnesian component,铁镁组分,,2018-03-21
3392899,ferromagnesian mineral,铁镁矿物,,2018-03-21
3392900,ferromagnesite,铁菱镁矿,,2018-03-21
3392901,ferromagnetic,铁磁性的,,2018-03-21
3392902,ferromangandolomite,铁锰白云石,,2018-03-21
3392903,ferromolybdite,铁钼华,,2018-03-21
3392904,ferronatrite,针铁钠矾,,2018-03-21
3392905,ferro-ortho-titanate,钛铁尖晶石,,2018-03-21
3392906,ferropallidite,水铁矾,,2018-03-21
3392907,ferropericlase,铁方镁石,,2018-03-21
3392908,ferrophengite,[亚]铁矽白云母,,2018-03-21
3392909,ferrorichterite,铁钠透闪石,,2018-03-21
3392910,ferrosalite,[亚]铁次透辉石,,2018-03-21
3392911,ferroschallerite,铁砷矽锰矿,,2018-03-21
3392912,ferrosilite,铁辉石,,2018-03-21
3392913,ferrostibianite,铁矽锑锰矿,,2018-03-21
3392914,ferrostilpnomelane,[亚]铁黑硬绿泥石,,2018-03-21
3392915,ferrotantalite,钽铁矿,,2018-03-21
3392916,ferrotellurite,铁黄碲矿,,2018-03-21
3392917,ferrotitanite,钛榴石,,2018-03-21
3392918,ferrotremolite,铁透闪石,,2018-03-21
3392919,ferrowollastonite,铁矽灰石,,2018-03-21
3392920,Ferruccite,氟硼钠石,,2018-03-21
3392921,ferruginate,铁胶结的；铁著色,,2018-03-21
3392922,ferruginous,含铁的,,2018-03-21
3392923,ferruginous cement,铁质胶结物,,2018-03-21
3392924,ferruginous chert,铁质燧石,,2018-03-21
3392925,ferruginous opal,铁蛋白石,,2018-03-21
3392926,ferruginous quartz,铁石英,,2018-03-21
3392927,ferruginous sandstone,铁质砂岩,,2018-03-21
3392928,ferruginous schist,铁质片岩,,2018-03-21
3392929,ferruginous spring,含铁泉,,2018-03-21
3392930,Fersmanite,矽钛钙钠石,,2018-03-21
3392931,fersmite,铌钙矿,,2018-03-21
3392932,fervanite,水钒铁矿,,2018-03-21
3392933,festoon,花彩；花彩弧,,2018-03-21
3392934,festooned pahoehoe,花彩绳状熔岩,,2018-03-21
3392935,fetch,风浪区,,2018-03-21
3392936,fiasconite,钙长白榴玄武岩,,2018-03-21
3392937,fibre fascicle,羽束；羽簇 {珊瑚},,2018-03-21
3392938,fibroblastic,纤维状变晶的,,2018-03-21
3392939,fibroferrite,黄矾；纤铁矾,,2018-03-21
3392940,fibro-lamellar tissue,羽层状组织{珊瑚},,2018-03-21
3392941,fibrolite,细矽线石,,2018-03-21
3392942,fibro-palagonite,纤状橙玄玻璃,,2018-03-21
3392943,fibrous,纤维状,,2018-03-21
3392944,fibrous barite,纤重晶石,,2018-03-21
3392945,fibrous gypsum,纤石膏,,2018-03-21
3392946,fibrous limonite,纤褐铁矿,,2018-03-21
3392947,fibrous peat,纤维泥煤,,2018-03-21
3392948,fibrous quartz,纤石英,,2018-03-21
3392949,fibrous structure,纤维构造,,2018-03-21
3392950,fibrous texture,纤维状组织,,2018-03-21
3392951,fibula,腓骨,,2018-03-21
3392952,fichtelite,白脂晶石,,2018-03-21
3392953,ficinite,类磷铁锰矿,,2018-03-21
3392954,Ficophyllum,榕叶属,,2018-03-21
3392955,Ficus,无花果螺属；无花果属,,2018-03-21
3392956,fiducial time,参考时间,,2018-03-21
3392957,fiedlerite,水氯铅矿,,2018-03-21
3392958,field capacity,毛细管控水量,,2018-03-21
3392959,field geology,野外地质学,,2018-03-21
3392960,figure stone,寿山石；冻石,,2018-03-21
3392961,Fijian soapstone,斐济皂石,,2018-03-21
3392962,filae,间线,,2018-03-21
3392963,filamented pahoehoe,丝绳状熔岩,,2018-03-21
3392964,Filicinaae,蕨纲,,2018-03-21
3392965,filiform,发状；丝状,,2018-03-21
3392966,filiform texture,发状组织；丝状组织,,2018-03-21
3392967,fill,填积；填土,,2018-03-21
3392968,fill terrace,填积台地,,2018-03-21
3392969,filled valley,填积谷；淤积谷,,2018-03-21
3392970,filled-lake plain,湖积平原,,2018-03-21
3392971,filler,填料,,2018-03-21
3392972,filling,填充；填塞,,2018-03-21
3392973,filling deposit,填充矿床,,2018-03-21
3392974,fillowite,粒磷锰矿,,2018-03-21
3392975,fillstrath terrace,填积阶地,,2018-03-21
3392976,film crust,冰膜,,2018-03-21
3392977,filter,滤纸 ；滤色镜；滤层；过滤器,,2018-03-21
3392978,filter bridge,狭陆桥,,2018-03-21
3392979,filter pressing,滤压作用,,2018-03-21
3392980,filtration differentiation,压滤分异,,2018-03-21
3392981,filtration spring,渗透泉,,2018-03-21
3392982,fimmenite,孢子泥煤,,2018-03-21
3392983,fin,鳍,,2018-03-21
3392984,finandranite,富钾正长岩；钾长角闪正长岩,,2018-03-21
3392985,fine adjustment,微调,,2018-03-21
3392986,fine gold,粉金；纯金,,2018-03-21
3392987,fineness,成色；纯度,,2018-03-21
3392988,fines,细土,,2018-03-21
3392989,finger,指状〔构造〕,,2018-03-21
3392990,finger coal,天然焦煤,,2018-03-21
3392991,finger lake,指状湖系,,2018-03-21
3392992,Finkelnburgia,芬根伯贝属,,2018-03-21
3392993,finnemanite,砷氯铅矿,,2018-03-21
3392994,fiord,低浅峡湾{=fjord},,2018-03-21
3392995,fiorite,珍珠矽华,,2018-03-21
3392996,fire assay,火试金[法],,2018-03-21
3392997,fire clay,耐火[黏]土,,2018-03-21
3392998,fire fountain,熔岩喷泉；岩浆喷泉,,2018-03-21
3392999,fire opal,火蛋白石,,2018-03-21
3393000,fire pit,熔岩坑；熔岩穴,,2018-03-21
3393001,fireball,流星,,2018-03-21
3393002,firedamp,煤沼气,,2018-03-21
3393003,firn,万年雪,,2018-03-21
3393004,firn field,万年雪场；万年雪原,,2018-03-21
3393005,firn limit,万年雪极限,,2018-03-21
3393006,firn snow,万年雪,,2018-03-21
3393007,firnification,万年雪作用,,2018-03-21
3393008,firth,河口湾{=frith},,2018-03-21
3393009,fischerite,水磷铝石,,2018-03-21
3393010,fish-eye stone,鱼眼石,,2018-03-21
3393011,fishtail,鱼尾状煤层,,2018-03-21
3393012,fissile,易裂的；可剥的,,2018-03-21
3393013,fissility,裂理,,2018-03-21
3393014,fission,分裂,,2018-03-21
3393015,Fissipodia,裂脚亚目{哺乳纲食肉目},,2018-03-21
3393016,fissure,裂隙；裂缝,,2018-03-21
3393017,fissure eruption,裂隙喷发,,2018-03-21
3393018,fissure filling,裂隙充填,,2018-03-21
3393019,fissure polygon,多角形裂块,,2018-03-21
3393020,fissure spring,裂隙泉,,2018-03-21
3393021,fissure vein,裂隙脉,,2018-03-21
3393022,Fistulipora,圆管苔藓虫属；笛苔藓虫属,,2018-03-21
3393023,five-ling,五晶,,2018-03-21
3393024,fix-bitumens,自生沥青,,2018-03-21
3393025,fixed carbon,固定碳,,2018-03-21
3393026,fixed cheek,固定颊{三叶虫},,2018-03-21
3393027,fixed form,定形,,2018-03-21
3393028,fixed groundwater,固定地下水,,2018-03-21
3393029,fjard,低浅峡湾,,2018-03-21
3393030,flabellate,扇状的,,2018-03-21
3393031,Flabellum,扇形珊瑚属；扇子介属,,2018-03-21
3393032,flag,薄层；薄层砂岩,,2018-03-21
3393033,Flagellata,鞭毛虫纲,,2018-03-21
3393034,flagellate,鞭毛虫；鞭毛藻,,2018-03-21
3393035,flagellate chamber,领鞭毛室{海绵}；鞭毛室{海绵},,2018-03-21
3393036,flaggy,薄层状,,2018-03-21
3393037,flagstaffite,柱状松脂石,,2018-03-21
3393038,flagstone,薄层砂岩,,2018-03-21
3393039,flake,石片；薄片；鳞片,,2018-03-21
3393040,flake gold,片金,,2018-03-21
3393041,flamboyant structure,火焰状构造,,2018-03-21
3393042,flame coal,长焰煤,,2018-03-21
3393043,flame dolomite,焰白云石,,2018-03-21
3393044,flame photometry,火焰光谱计,,2018-03-21
3393045,flame reaction,焰色反应,,2018-03-21
3393046,flame spectrum,火焰光谱,,2018-03-21
3393047,flame structure,火焰状构造,,2018-03-21
3393048,flame test,焰色试验,,2018-03-21
3393049,flank,翼,,2018-03-21
3393050,flank eruption,侧翼喷发,,2018-03-21
3393051,flank moraine,边碛,,2018-03-21
3393052,flank production,侧翼生产,,2018-03-21
3393053,flare,火苗；焰火,,2018-03-21
3393054,flaser bedding,压扁层理,,2018-03-21
3393055,flaser gabbro,糜岭岩化辉长岩,,2018-03-21
3393056,flaser gneiss,糜岭岩化片麻岩,,2018-03-21
3393057,flaser granite,糜岭岩化花岗岩,,2018-03-21
3393058,flaser structure,压扁构造；糜岭岩化构造,,2018-03-21
3393059,flash figure,闪像,,2018-03-21
3393060,flat,平伏矿体；平地；断坪,,2018-03-21
3393061,flat bog,低平地沼,,2018-03-21
3393062,flat coast,低平海岸；低平湖岸,,2018-03-21
3393063,flat joint,平伏节理,,2018-03-21
3393064,flat lode,平伏矿脉,,2018-03-21
3393065,flat mass,平伏矿床,,2018-03-21
3393066,flat sheet,平伏矿床；层状矿床,,2018-03-21
3393067,flat vein,平伏脉,,2018-03-21
3393068,flatiron,熨斗形山,,2018-03-21
3393069,flatness,扁平度,,2018-03-21
3393070,flats and pitches,平熔穴隙；阶状[铅锌]矿体,,2018-03-21
3393071,flattening,压扁作用；扁率,,2018-03-21
3393072,flat-topped crest,平顶峰,,2018-03-21
3393073,flax seed ore,亚麻仁状矿,,2018-03-21
3393074,fleckschiefer,斑点板岩{=spotted slate},,2018-03-21
3393075,fleischerite,锗铅矾； 6H纤锌矿,,2018-03-21
3393076,Flemingites,佛氏菊石属；佛莱明菊石属,,2018-03-21
3393077,Fletcheria,弗来赤珊瑚属,,2018-03-21
3393078,Fletcher's lamp,夫氏灯,,2018-03-21
3393079,Flexibilia,可曲海百合目,,2018-03-21
3393080,flexibility,弯曲性；挠曲性,,2018-03-21
3393081,flexible,可弯曲的；可挠曲的,,2018-03-21
3393082,flexible sandstone,挠曲性砂岩,,2018-03-21
3393083,flexible silver ore,弯曲闪银矿；硫铁银矿,,2018-03-21
3393084,flexural fold,挠曲褶皱,,2018-03-21
3393085,flexural slip,挠曲滑动,,2018-03-21
3393086,flexure,挠曲,,2018-03-21
3393087,flexure fold,挠曲褶皱,,2018-03-21
3393088,flexure-flow fold,曲流褶皱,,2018-03-21
3393089,flexure-slip fold,曲滑褶皱,,2018-03-21
3393090,flinkite,褐水砷锰矿,,2018-03-21
3393091,flint,燧石,,2018-03-21
3393092,flint clay,燧石状粘土；硬块粘土；硬质高岭土,,2018-03-21
3393093,flinty crush rock,燧石碎岩,,2018-03-21
3393094,flinty slate,燧石板岩,,2018-03-21
3393095,float,转石,,2018-03-21
3393096,float coal,孤立煤体,,2018-03-21
3393097,float copper,浮选铜,,2018-03-21
3393098,float gold,浮选金,,2018-03-21
3393099,float ore,浮选矿石,,2018-03-21
3393100,floating gold,浮选金,,2018-03-21
3393101,floating ice,浮冰,,2018-03-21
3393102,floating island,浮岛,,2018-03-21
3393103,floating organisms,漂浮生物；浮游生物,,2018-03-21
3393104,floating peat,漂木泥炭,,2018-03-21
3393105,floating reef,浮礁,,2018-03-21
3393106,floatings,非原地产,,2018-03-21
3393107,float stone,浮选矿石 ； 散石矽泡,,2018-03-21
3393108,floc,絮状物；小团粒,,2018-03-21
3393109,flocculant,絮凝剂,,2018-03-21
3393110,flocculate,絮凝；团集,,2018-03-21
3393111,flocculation,絮凝作用,,2018-03-21
3393112,floe,浮冰,,2018-03-21
3393113,floe-ice,浮冰,,2018-03-21
3393114,floitite,黑云绿片岩,,2018-03-21
3393115,flood basalt,洪流式玄武岩,,2018-03-21
3393116,flood basin,泛滥盆地,,2018-03-21
3393117,flood erosion,洪水侵蚀,,2018-03-21
3393118,flood frequency,洪水濒率,,2018-03-21
3393119,flood hydrograph,洪水历线图,,2018-03-21
3393120,flood level,洪水位,,2018-03-21
3393121,flood peak,洪峰,,2018-03-21
3393122,flood period,洪水期；汛期,,2018-03-21
3393123,flood plain,泛滥平原；漫滩,,2018-03-21
3393124,flood plain terrace,泛滥平原阶地,,2018-03-21
3393125,flood routing,洪水演算,,2018-03-21
3393126,flood season,洪季；涝季,,2018-03-21
3393127,flood series,洪水系列,,2018-03-21
3393128,flood tide,涨潮,,2018-03-21
3393129,flooding,洪水；泛滥,,2018-03-21
3393130,floodplain lobe,泛原蜿曲带,,2018-03-21
3393131,floodplain meander scar,泛原曲流痕,,2018-03-21
3393132,floodplain scroll,泛原曲流弯,,2018-03-21
3393133,floodplain splay,泛原冲积扇,,2018-03-21
3393134,floor,底；下盘,,2018-03-21
3393135,flora,植物群,,2018-03-21
3393136,florencite,磷铝轻稀土石,,2018-03-21
3393137,Florentiomys,佛七鼠,,2018-03-21
3393138,Florilus,团花虫,,2018-03-21
3393139,florissant flora,埋没的植物群,,2018-03-21
3393140,florizone,植物群带,,2018-03-21
3393141,flos ferri,文石华；霰石华,,2018-03-21
3393142,flotation,浮选,,2018-03-21
3393143,flour copper,粉铜,,2018-03-21
3393144,flour gold,粉金,,2018-03-21
3393145,flow,流动,,2018-03-21
3393146,flow banding,流纹；流动层理,,2018-03-21
3393147,flow breccia,流状角砾岩,,2018-03-21
3393148,flow cleavage,流劈理,,2018-03-21
3393149,flow fold,流褶皱,,2018-03-21
3393150,flow gneiss,流纹片麻岩,,2018-03-21
3393151,flow layer,流层,,2018-03-21
3393152,flow line,流线；流纹,,2018-03-21
3393153,flow mark,流痕,,2018-03-21
3393154,flow roll,流团砂岩,,2018-03-21
3393155,flow stage,流动时期,,2018-03-21
3393156,flow structure,流状构造；流纹构造,,2018-03-21
3393157,flow surface,流动表面,,2018-03-21
3393158,flow symmetry,流动对称,,2018-03-21
3393159,flow texture,流纹组织,,2018-03-21
3393160,flow unit,岩流单位,,2018-03-21
3393161,flowage,流动,,2018-03-21
3393162,flowage fold,流褶皱,,2018-03-21
3393163,flower of iron,铁华,,2018-03-21
3393164,flower of sulphur,硫华,,2018-03-21
3393165,flower of zinc,锌华,,2018-03-21
3393166,flowering plants,开花植物；有花植物,,2018-03-21
3393167,flowing well,自流井,,2018-03-21
3393168,flowstone,流水沉淀物,,2018-03-21
3393169,flowtill,塑性流冰碛土,,2018-03-21
3393170,fluellite,氟磷铝石,,2018-03-21
3393171,fluent lava,流动熔岩,,2018-03-21
3393172,fluidal structure,流纹构造；流状构造,,2018-03-21
3393173,fluidal texture,流状组织；流纹组织,,2018-03-21
3393174,fluidity,流动性；流度,,2018-03-21
3393175,fluidization,液化；流化；流态化,,2018-03-21
3393176,fluoborite,氟硼镁石,,2018-03-21
3393177,fluocerine,氟铈镧矿,,2018-03-21
3393178,fluocerite,氟铈镧矿,,2018-03-21
3393179,fluocollophanite,氟胶磷灰石；氟胶磷矿,,2018-03-21
3393180,fluorapatite,氟磷灰石,,2018-03-21
3393181,fluorbiotite,氟黑云母,,2018-03-21
3393182,fluorchondrodite,氟粒矽镁石,,2018-03-21
3393183,fluorescence,萤光,,2018-03-21
3393184,fluorite,萤石；氟石,,2018-03-21
3393185,fluorite granite,萤石花岗岩,,2018-03-21
3393186,fluormicas,氟云母类,,2018-03-21
3393187,fluorographic method,萤光法,,2018-03-21
3393188,fluorrichterite,氟钠透闪石,,2018-03-21
3393189,fluorspar,萤石；氟石,,2018-03-21
3393190,fluortremolite,氟透闪石,,2018-03-21
3393191,flute,流槽,,2018-03-21
3393192,flute cast,流槽铸型,,2018-03-21
3393193,fluted hill,槽蚀山丘,,2018-03-21
3393194,flutherite,铀灰石,,2018-03-21
3393195,fluting,冰蚀槽；槽蚀作用,,2018-03-21
3393196,fluvial,河流的,,2018-03-21
3393197,fluvial cycle,河流循环,,2018-03-21
3393198,fluvial denudation,河流剥蚀作用；水蚀作用,,2018-03-21
3393199,fluvial erosion,河流侵蚀,,2018-03-21
3393200,fluvial plain,冲积平原,,2018-03-21
3393201,fluvial terrace,河阶,,2018-03-21
3393202,fluviate lake,河成湖,,2018-03-21
3393203,fluviatile,河流的,,2018-03-21
3393204,fluviation,河流作用,,2018-03-21
3393205,fluvioclastic,河流碎屑岩,,2018-03-21
3393206,fluvioglacial,冰融的,,2018-03-21
3393207,fluvioglacial deposit,冰融沉积,,2018-03-21
3393208,fluvioglacial drift,冰融浮碛,,2018-03-21
3393209,fluvioglacial drift stone,冰融漂砾,,2018-03-21
3393210,fluvioglacial terrace,冰融冲积阶地,,2018-03-21
3393211,fluviomarine,河海,,2018-03-21
3393212,fluviomarine deposit,河海沉积物,,2018-03-21
3393213,fluvioterrestrial,河陆的,,2018-03-21
3393214,fluviraption,河流水力作用,,2018-03-21
3393215,flux,助熔剂；焊剂；流量,,2018-03-21
3393216,flux stone,助熔石,,2018-03-21
3393217,fluxing banding,流纹带,,2018-03-21
3393218,fluxing ore,助熔矿石,,2018-03-21
3393219,fluxion gneiss,流状片麻岩,,2018-03-21
3393220,fluxion structure,流动构造；流动结构,,2018-03-21
3393221,fluxoturbidite,崩滑浊流岩,,2018-03-21
3393222,flying bar,岛蚀沙洲,,2018-03-21
3393223,flysch,复理层；弗立希,,2018-03-21
3393224,foam crust,冰壳,,2018-03-21
3393225,foamy,泡沫似的；起泡沫的,,2018-03-21
3393226,focal depth,震源深度,,2018-03-21
3393227,focal distance,震源距,,2018-03-21
3393228,focus,震源；焦点,,2018-03-21
3393229,foehn,焚风,,2018-03-21
3393230,fold,褶皱；褶曲,,2018-03-21
3393231,fold axis,褶皱轴,,2018-03-21
3393232,fold breccia,褶皱角砾岩,,2018-03-21
3393233,fold coast,褶皱海岸,,2018-03-21
3393234,fold {in Brachiopods},中隆〔腕足类〕,,2018-03-21
3393235,folded mountain,褶皱山,,2018-03-21
3393236,folding,褶皱作用,,2018-03-21
3393237,foliated,叶片状的,,2018-03-21
3393238,foliated structure,叶片状构造,,2018-03-21
3393239,foliated talc,叶片滑石,,2018-03-21
3393240,foliation,叶理；剥理,,2018-03-21
3393241,following wind,顺[[浪]风,,2018-03-21
3393242,food chain,食物链,,2018-03-21
3393243,food groove,食道沟；食沟,,2018-03-21
3393244,fool's gold,愚人金,,2018-03-21
3393245,footeite,针铜氯矾,,2018-03-21
3393246,foothill,山麓,,2018-03-21
3393247,footwall,下盘,,2018-03-21
3393248,foram,有孔,,2018-03-21
3393249,foraminifer,有孔虫类,,2018-03-21
3393250,foraminifera,有孔虫,,2018-03-21
3393251,foraminiferal ooze,有孔虫软泥,,2018-03-21
3393252,forbesite,纤砷钴镍矿,,2018-03-21
3393253,force of crystallization,结晶力,,2018-03-21
3393254,forced-cut meander,强切曲流,,2018-03-21
3393255,forchammerite,绿矽锰铁矿,,2018-03-21
3393256,forcherite,橙黄蛋白石,,2018-03-21
3393257,ford,津渡；涉,,2018-03-21
3393258,fore deep,前渊,,2018-03-21
3393259,fore reef,前礁,,2018-03-21
3393260,foredune,前沿沙丘；前滩沙丘,,2018-03-21
3393261,foreign inclusion,外来包体,,2018-03-21
3393262,foreland,前陆,,2018-03-21
3393263,foreland shelf,前陆棚,,2018-03-21
3393264,forelimb,前翼,,2018-03-21
3393265,foreset bed,前积层,,2018-03-21
3393266,foreshock,前震,,2018-03-21
3393267,foreshore,前滨,,2018-03-21
3393268,foresite,假辉沸石,,2018-03-21
3393269,foreslope,前缘斜坡,,2018-03-21
3393270,forest bed,间冰林土层,,2018-03-21
3393271,forest bog,林沼,,2018-03-21
3393272,forest line,森林线,,2018-03-21
3393273,forest peat,森林泥炭,,2018-03-21
3393274,fore-trench,前槽,,2018-03-21
3393275,fore-trough,前渊,,2018-03-21
3393276,form energy,晶形能,,2018-03-21
3393277,form genus,形态属,,2018-03-21
3393278,formanite,黄钽钇矿,,2018-03-21
3393279,formation,层；地层,,2018-03-21
3393280,formation factor,地层因子,,2018-03-21
3393281,formation water,地层水,,2018-03-21
3393282,forsterite,镁橄榄石,,2018-03-21
3393283,forsterite marble,镁橄榄大理岩,,2018-03-21
3393284,fortification agate,堡垒玛瑙,,2018-03-21
3393285,fortunite,金云橄榄粗面岩,,2018-03-21
3393286,fosfo-escorodite,磷臭葱石,,2018-03-21
3393287,fosfosiderite,磷菱铁矿,,2018-03-21
3393288,foshagite,三斜矽钙石,,2018-03-21
3393289,foshallasite,鳞矽钙石,,2018-03-21
3393290,fossa,大地沟,,2018-03-21
3393291,fossa magna,大地沟；大深沟,,2018-03-21
3393292,fosse,冰缘沟； 狭沟,,2018-03-21
3393293,fosse lake,冰沟湖,,2018-03-21
3393294,fossil,化石,,2018-03-21
3393295,fossil erosion surface,古侵蚀面,,2018-03-21
3393296,fossil fuel,化石燃料,,2018-03-21
3393297,fossil glacier,古冰川,,2018-03-21
3393298,fossil ice,古冰,,2018-03-21
3393299,fossil peneplain,古准平原,,2018-03-21
3393300,fossil plain,古平原,,2018-03-21
3393301,fossil resin,化石树脂；琥珀,,2018-03-21
3393302,fossil-coenosis,化石群落,,2018-03-21
3393303,fossiliferous,含化石的,,2018-03-21
3393304,fossilification,化石化,,2018-03-21
3393305,fossilization,化石化,,2018-03-21
3393306,fossula,内沟,,2018-03-21
3393307,foucherite,土磷铁钙矿,,2018-03-21
3393308,foundation,基础,,2018-03-21
3393309,foundation soil,地基土壤,,2018-03-21
3393310,founder breccia,崩塌角砾[岩],,2018-03-21
3393311,foundering,沉降[作用],,2018-03-21
3393312,foundry sand,铸模砂,,2018-03-21
3393313,fourchite,无橄碱煌岩,,2018-03-21
3393314,fourling,四连晶,,2018-03-21
3393315,fourmarierite,红铅铀矿,,2018-03-21
3393316,foveolate,坑穴状；麻点状,,2018-03-21
3393317,fowlerite,锌蔷薇辉石,,2018-03-21
3393318,foyaite,钾长霞石正长岩,,2018-03-21
3393319,foyaite-aplite,钾长霞石正长细晶岩,,2018-03-21
3393320,foyaite-porphyry,钾长霞石正长斑岩,,2018-03-21
3393321,fractional crystallization,结晶分化作用,,2018-03-21
3393322,fractional magma,分化岩浆,,2018-03-21
3393323,fractional resorption,分化熔融,,2018-03-21
3393324,fractionation,分化作用,,2018-03-21
3393325,fracture,破裂；裂缝〔构造〕；断口；断裂,,2018-03-21
3393326,fracture cleavage,破劈理,,2018-03-21
3393327,fracture porosity,破裂孔隙,,2018-03-21
3393328,fracture spring,破裂泉,,2018-03-21
3393329,fracture zone,破裂带；破碎带；裂隙带,,2018-03-21
3393330,fragment,碎块；碎屑,,2018-03-21
3393331,fragmental rock,碎屑岩,,2018-03-21
3393332,fragmental texture,碎屑组织,,2018-03-21
3393333,fragmental volcanic rocks,碎屑火山岩,,2018-03-21
3393334,fragmentary,碎屑状；碎片状；碎粒状,,2018-03-21
3393335,fragmentation,破碎作用,,2018-03-21
3393336,framboidal texture,球丛状组织,,2018-03-21
3393337,franckeite,辉锑锡铅矿,,2018-03-21
3393338,francolite,细晶磷灰石,,2018-03-21
3393339,Franconian,弗兰哥尼统{上部寒武系},,2018-03-21
3393340,frangite,火山碎屑沉积岩,,2018-03-21
3393341,franklandite,硼钙钠石,,2018-03-21
3393342,Franklinian goesyncline,富兰克林地槽{北美洲北缘},,2018-03-21
3393343,franklinite,锌铁尖晶石,,2018-03-21
3393344,franquanite,水镁铁矾,,2018-03-21
3393345,Frasnian,弗拉斯尼统{上部泥盆系},,2018-03-21
3393346,frazil crystal,细针状冰晶,,2018-03-21
3393347,frazil ice,碎晶冰,,2018-03-21
3393348,free cheek,活动颊；游离颊,,2018-03-21
3393349,free groundwater,自由地下水,,2018-03-21
3393350,free meander,自由曲流,,2018-03-21
3393351,free period,自由周期,,2018-03-21
3393352,free-air correction,海平校正数,,2018-03-21
3393353,freestone,易碎砂岩；易刻石,,2018-03-21
3393354,free-thaw action,冻溶作用,,2018-03-21
3393355,freezing,冻结的；冰冻的,,2018-03-21
3393356,freezing interval,结晶温度间隔{=crystallization interval},,2018-03-21
3393357,freezing point,冰点,,2018-03-21
3393358,freezing season,冰冻季节,,2018-03-21
3393359,freibergite,银黝铜矿,,2018-03-21
3393360,freieslebenite,锑银铅矿,,2018-03-21
3393361,freirinite,氯砷钠铜矿,,2018-03-21
3393362,fremontite,叶双晶石；氢氧磷铝钠石,,2018-03-21
3393363,frequency,频率,,2018-03-21
3393364,frequency distribution,频率分布,,2018-03-21
3393365,frequency response,频率响应,,2018-03-21
3393366,fresh ice,新冰；淡水冰,,2018-03-21
3393367,fresh snow,新雪,,2018-03-21
3393368,freshwater,淡水,,2018-03-21
3393369,freshwater estuary,淡水河口湾,,2018-03-21
3393370,freshwater ice,淡水冰,,2018-03-21
3393371,freshwater lake,淡水湖,,2018-03-21
3393372,freshwater limestone,淡水石灰岩,,2018-03-21
3393373,fretted upland,锐蚀高地,,2018-03-21
3393374,fretwork,蜂巢构造,,2018-03-21
3393375,freyalite,硬矽铈钍矿,,2018-03-21
3393376,friable,易碎的,,2018-03-21
3393377,friction,磨擦,,2018-03-21
3393378,friction breccia,磨碎角砾,,2018-03-21
3393379,friction conglomerate,擦碎砾岩,,2018-03-21
3393380,friedelite,氯矽红锰石；3R-热臭石,,2018-03-21
3393381,frieseite,富硫银铁矿,,2018-03-21
3393382,frigidite,镍黝铜矿,,2018-03-21
3393383,frill,壳皱,,2018-03-21
3393384,fringe,前缘石堆,,2018-03-21
3393385,fringing reef,裙礁；岸礁,,2018-03-21
3393386,frith,河口湾,,2018-03-21
3393387,fritting,半熔；烧结,,2018-03-21
3393388,frohbergite,直方碲铁矿,,2018-03-21
3393389,frondelite,锰磷铁矿,,2018-03-21
3393390,front,前方；前缘；锋面,,2018-03-21
3393391,front bay,陆缘湾,,2018-03-21
3393392,front pinacoid,前轴面；前板面,,2018-03-21
3393393,front range,前山,,2018-03-21
3393394,frontal apron,前台地；冰前冲积平原,,2018-03-21
3393395,frontal bone,额骨,,2018-03-21
3393396,frontal moraine,前碛,,2018-03-21
3393397,frontal plain,前缘平原；外洗平原,,2018-03-21
3393398,frost,霜,,2018-03-21
3393399,frost action,冰冻作用,,2018-03-21
3393400,frost circle,圆形冻裂,,2018-03-21
3393401,frost crack,冻裂隙,,2018-03-21
3393402,frost creep,冻土潜移,,2018-03-21
3393403,frost gravimeter,冰重力仪,,2018-03-21
3393404,frost heaving,冰举作用；举裂作用,,2018-03-21
3393405,frost line,冰冻深度,,2018-03-21
3393406,frost mound,冰土堆,,2018-03-21
3393407,frost polygons,冰多角地形,,2018-03-21
3393408,frost scar,冻疤,,2018-03-21
3393409,frost soil,冻土,,2018-03-21
3393410,frost splitting,冰裂作用,,2018-03-21
3393411,frost stirring,冰扰作用,,2018-03-21
3393412,frost weathering,冻裂作用,,2018-03-21
3393413,frost wedging,冰楔作用,,2018-03-21
3393414,frost-crack polygon,冻裂多角形,,2018-03-21
3393415,frosting,风磨作用,,2018-03-21
3393416,frozen,冰冻的；冻结的,,2018-03-21
3393417,frozen ground,冻原；冻土,,2018-03-21
3393418,frustule,矽藻壳,,2018-03-21
3393419,fuchsite,铬云母,,2018-03-21
3393420,fucoid,爬行生痕,,2018-03-21
3393421,fuel ratio,燃烧率,,2018-03-21
3393422,fugitive constituent,逸失成分,,2018-03-21
3393423,fulcra,支骨；棘状鳞,,2018-03-21
3393424,fulcral plate,腕基支柄；腕基支板,,2018-03-21
3393425,fulcrum,沙嘴交切点,,2018-03-21
3393426,fulgurite,闪电熔结岩,,2018-03-21
3393427,full,滩脊,,2018-03-21
3393428,full moon,满月；望,,2018-03-21
3393429,fuller's earth,漂白土,,2018-03-21
3393430,fumarole,气孔；喷气孔,,2018-03-21
3393431,fumarolic incrustation,喷气结壳,,2018-03-21
3393432,fume cloud,火山蒸气云,,2018-03-21
3393433,fundamental complex,基底杂岩,,2018-03-21
3393434,fundamental gneiss,基底片麻岩,,2018-03-21
3393435,fundamental jelly,腐植胶质{=ulmin},,2018-03-21
3393436,fundamental rock,基底岩,,2018-03-21
3393437,fundamental strength,基本强度,,2018-03-21
3393438,Fungi,真菌,,2018-03-21
3393439,Fungia,蕈珊瑚；石芝属,,2018-03-21
3393440,fungus,真菌,,2018-03-21
3393441,funicular water,毛细管水,,2018-03-21
3393442,funiculus,纤带；脐带,,2018-03-21
3393443,funnel intrusion,漏斗状侵入体；岩斗,,2018-03-21
3393444,funnel joint,漏斗状节理,,2018-03-21
3393445,funnel pluton,漏斗状深成岩体,,2018-03-21
3393446,funnel sea,漏斗海,,2018-03-21
3393447,funnel-shaped bay,漏斗湾,,2018-03-21
3393448,furcate,分叉的,,2018-03-21
3393449,furrow,沟；槽,,2018-03-21
3393450,furrow cast,沟状铸型,,2018-03-21
3393451,furrow membrane,孢槽薄膜,,2018-03-21
3393452,furrow rim,孢槽缘,,2018-03-21
3393453,fusain,丝煤；乌煤,,2018-03-21
3393454,fusainisation,丝煤化[作用],,2018-03-21
3393455,fusibility,熔度；可熔性,,2018-03-21
3393456,fusibility scale,熔度表,,2018-03-21
3393457,Fusiella,小【虫+筵】属；小纺锤虫属,,2018-03-21
3393458,fusiform,纺锤状；梭状,,2018-03-21
3393459,fusiform bomb,纺锤状火山弹,,2018-03-21
3393460,fusinite,丝煤素,,2018-03-21
3393461,fusinoid,丝煤质,,2018-03-21
3393462,fusion,熔融；融合,,2018-03-21
3393463,fusion curve,熔融曲线,,2018-03-21
3393464,fusion point,熔点,,2018-03-21
3393465,fusion tectonite,构造熔岩,,2018-03-21
3393466,fusite,丝煤；乌煤,,2018-03-21
3393467,Fusulina,【虫+筵】属；纺锤虫属,,2018-03-21
3393468,fusuline,纺锤虫类,,2018-03-21
3393469,Fusulinella,似【虫+筵】；似纺锤虫,,2018-03-21
3393470,fusulinid,纺锤虫类,,2018-03-21
3393471,Fusus,纺锤螺属{=Fusinus},,2018-03-21
3393472,future ore,可能矿石,,2018-03-21
3393473,gnomonic projection,日晷投影；心射切面投影,,2018-03-21
3393474,geoid,大地水准面；地球形,,2018-03-21
3393475,galvanometer,检流计；电流计,,2018-03-21
3393476,glacial age,冰期,,2018-03-21
3393477,Goniatites,棱菊石属 {头足类},,2018-03-21
3393478,goniometer,测角计；方位计,,2018-03-21
3393479,gradiometer,梯度仪,,2018-03-21
3393480,gravitational constant,重力常数,,2018-03-21
3393481,growler,小冰山；小漂冰,,2018-03-21
3393482,geodetic coordinate,大地坐标；测地坐标,,2018-03-21
3393483,Gulf Stream,[墨西哥]湾流,,2018-03-21
3393484,gabbro,辉长岩,,2018-03-21
3393485,gabbro porphyry,辉长斑岩,,2018-03-21
3393486,gabbrodiorite porphyrite,辉长闪长玢岩,,2018-03-21
3393487,gabbroic schist,辉长片岩,,2018-03-21
3393488,gabbroid,似辉长岩,,2018-03-21
3393489,gabbronite,灰绿柱石；灰方柱石,,2018-03-21
3393490,gabbrophyre,辉长煌斑岩,,2018-03-21
3393491,gabbrophyrite,辉长玢岩,,2018-03-21
3393492,gadolinite,矽铍钇矿,,2018-03-21
3393493,gagatite,碳化木；煤玉；煤精,,2018-03-21
3393494,gage height,水位高,,2018-03-21
3393495,gageite,矽锌锰矿,,2018-03-21
3393496,gahnite,锌尖晶石,,2018-03-21
3393497,gaize,云母海绿石质砂岩,,2018-03-21
3393498,galactite,针钠沸石,,2018-03-21
3393499,Gale alidade,加尔照准仪；探勘照准仪,,2018-03-21
3393500,galena,方铅矿,,2018-03-21
3393501,Galene,静蟹属,,2018-03-21
3393502,galenobismutite,辉铋铅矿,,2018-03-21
3393503,galenoceratite,角铅矿,,2018-03-21
3393504,galenoid,方铅矿类,,2018-03-21
3393505,gallaston basalt,辉绿基橄玄岩,,2018-03-21
3393506,galleried cave,平阶岩洞,,2018-03-21
3393507,gallery,洞廊；走廊,,2018-03-21
3393508,gallium albite,镓钠长石,,2018-03-21
3393509,gallium anorthite,镓钙长石,,2018-03-21
3393510,gallium orthoclase,镓正长石,,2018-03-21
3393511,gallizinite,皓矾,,2018-03-21
3393512,galvanometric registration,电流计记录,,2018-03-21
3393513,gamagarite,水钒锰钡石,,2018-03-21
3393514,gametangium,配偶子囊；配子囊,,2018-03-21
3393515,gamete,配子；配偶子,,2018-03-21
3393516,gametophyte,配子体,,2018-03-21
3393517,gamma radiation,伽玛辐射,,2018-03-21
3393518,gamma ray,伽玛射线,,2018-03-21
3393519,gamma-gamma log,伽玛－伽玛射线井录；伽玛-伽玛射线志井,,2018-03-21
3393520,gamma-ray log,伽玛射线井录；伽玛射线志井,,2018-03-21
3393521,Gangamophyllum,圆蛤珊瑚属；圆珊瑚属,,2018-03-21
3393522,Gangamopteris,圆舌羊齿属,,2018-03-21
3393523,gangue,脉石,,2018-03-21
3393524,gangue mineral,脉石矿物,,2018-03-21
3393525,gangue rock,脉石岩,,2018-03-21
3393526,ganister,致密矽质岩,,2018-03-21
3393527,ganoid,甲鳞,,2018-03-21
3393528,ganoid scale,硬鳞,,2018-03-21
3393529,ganoin,硬鳞质,,2018-03-21
3393530,ganomalite,矽铅钙矿,,2018-03-21
3393531,ganophyllite,辉叶石,,2018-03-21
3393532,gap,裂缝；缺口；峡谷；山口,,2018-03-21
3393533,gap fault,断隔断层,,2018-03-21
3393534,gap-cap drive,气顶驱动；气帽驱动{油层},,2018-03-21
3393535,garbenschiefer,斑点板岩,,2018-03-21
3393536,garewaite,透橄煌斑岩,,2018-03-21
3393537,garganite,闪辉煌斑岩,,2018-03-21
3393538,garibaldite,β型硫；单斜硫,,2018-03-21
3393539,garlic odour,蒜臭,,2018-03-21
3393540,garnet,石榴子石；榴石,,2018-03-21
3393541,garnet diallagite,榴石异剥岩,,2018-03-21
3393542,garnet gneiss,榴石片麻岩,,2018-03-21
3393543,garnet group,石榴子石类；榴石群,,2018-03-21
3393544,garnet phyllite,榴石千枚岩,,2018-03-21
3393545,garnet pyroxene malignite,榴辉霞正长岩,,2018-03-21
3393546,garnet rock,榴石岩,,2018-03-21
3393547,garnetiferous,含石榴子石的,,2018-03-21
3393548,garnetiferous boninite,榴石玻紫安山岩,,2018-03-21
3393549,garnetite,榴石岩,,2018-03-21
3393550,garnetization,榴石化[作用],,2018-03-21
3393551,garnet-mica schist,榴石云母片岩,,2018-03-21
3393552,garnetoid,似榴石的；石榴子石状,,2018-03-21
3393553,garnierite,暗镍蛇纹石；镍叶蛇纹石,,2018-03-21
3393554,gas barren,喷气荒地,,2018-03-21
3393555,gas fluxing,[火山]气熔作用；气体助熔作用,,2018-03-21
3393556,gas phase,气相； 喷气期,,2018-03-21
3393557,gas pit,气穴,,2018-03-21
3393558,gas pocket hypothesis,气囊假说,,2018-03-21
3393559,gas sand,天然气砂岩；含气砂岩,,2018-03-21
3393560,gas streaming,气涌作用,,2018-03-21
3393561,gas vent,喷气口,,2018-03-21
3393562,gas-aqueous,水气,,2018-03-21
3393563,gaseous reagent,气体试剂,,2018-03-21
3393564,gaseous transfer,气体分移作用；气体搬运,,2018-03-21
3393565,gash fracture,裂隙,,2018-03-21
3393566,gash vein,裂隙脉,,2018-03-21
3393567,gasification,气化[作用]；充气,,2018-03-21
3393568,gasoclastic,气裂碎屑的,,2018-03-21
3393569,gas-oil ratio,气油比 {=GOR},,2018-03-21
3393570,gas-oil surface,油气面；油气界面,,2018-03-21
3393571,gasser,"喷发井, 喷气井, 产气井",,2018-03-21
3393572,gassi,沙丘沟,,2018-03-21
3393573,gastaldite,铝蓝闪石,,2018-03-21
3393574,Gastrioceras,腹棱角石属,,2018-03-21
3393575,Gastrocaulia,无绞纲；腹腔纲,,2018-03-21
3393576,gastrolith,胃石,,2018-03-21
3393577,Gastropod,腹足类,,2018-03-21
3393578,gastropore,腹孔,,2018-03-21
3393579,gastrovascular cavity,腔肠；消化腔,,2018-03-21
3393580,gastrovascular system,腔肠系；消化系,,2018-03-21
3393581,gastrula,原肠胚,,2018-03-21
3393582,gas-water surface,气水面；气水介面,,2018-03-21
3393583,gathering area,[油气]积聚地区,,2018-03-21
3393584,gathering zone,[油气]积聚带,,2018-03-21
3393585,Gault series,高尔特统{下部白垩系},,2018-03-21
3393586,gaussbergite,辉橄白榴斑岩,,2018-03-21
3393587,gauteite,中长粗安岩,,2018-03-21
3393588,gaylussite,针碳钠钙石,,2018-03-21
3393589,Gazella,羚羊属,,2018-03-21
3393590,geanticline,地背斜,,2018-03-21
3393591,gearksutite,氟铝钙石,,2018-03-21
3393592,gedanite,脂状琥珀,,2018-03-21
3393593,Gedinnian,吉丁统{下部泥盆系},,2018-03-21
3393594,gedrite,铝直闪石,,2018-03-21
3393595,gedrite schist,铝直闪片岩,,2018-03-21
3393596,geest,地表古积；残余土,,2018-03-21
3393597,gehlenite,钙铝黄长石；铝方柱石,,2018-03-21
3393598,Geiger counter,盖格计数器,,2018-03-21
3393599,Geiger-Müller counter,盖格-缪勒计数器,,2018-03-21
3393600,geikielite,镁钛矿,,2018-03-21
3393601,gel,凝胶,,2018-03-21
3393602,gelatinous,凝胶状,,2018-03-21
3393603,gelose,胶煤质,,2018-03-21
3393604,gelosic coal,藻煤；胶质煤,,2018-03-21
3393605,gel-palagonite,胶状橙玄玻璃,,2018-03-21
3393606,gem,宝石,,2018-03-21
3393607,geminate fertilization,对生受精,,2018-03-21
3393608,gemma,无性芽状体；芽孢,,2018-03-21
3393609,gemology,宝石学,,2018-03-21
3393610,Gemuendina,伪鲛属,,2018-03-21
3393611,genal angle,外颊角,,2018-03-21
3393612,gene,基因,,2018-03-21
3393613,gene complex,基因复合体,,2018-03-21
3393614,genealogical relationship,系谱关系,,2018-03-21
3393615,genealogical tree,系谱树；系统树{=family tree},,2018-03-21
3393616,general form,一般晶形；代表晶形,,2018-03-21
3393617,general geography,普通地理学,,2018-03-21
3393618,general geology,普通地质学,,2018-03-21
3393619,generating area,生成区,,2018-03-21
3393620,generative cell,生殖细胞,,2018-03-21
3393621,generic,属的,,2018-03-21
3393622,generitype,属型；模式种,,2018-03-21
3393623,generotype,性型；属型,,2018-03-21
3393624,genesiology,生殖学,,2018-03-21
3393625,genesis,成因；发生；起源,,2018-03-21
3393626,Genesse,金尼西统{上部泥盆系},,2018-03-21
3393627,genetic,遗传的；基因的,,2018-03-21
3393628,genetic connection,生成联系；血缘关系,,2018-03-21
3393629,genetic relationship,亲缘关系,,2018-03-21
3393630,genetical geomorphology,地形发生学,,2018-03-21
3393631,geniculated twin,曲膝双晶,,2018-03-21
3393632,genital marking,卵巢痕,,2018-03-21
3393633,genital plate,生殖板,,2018-03-21
3393634,genital pore,生殖孔,,2018-03-21
3393635,genomorph,形式属,,2018-03-21
3393636,genorheithrum,进化血统；基因源流,,2018-03-21
3393637,genotype,基因型； 标准种,,2018-03-21
3393638,gens,遗传之种群,,2018-03-21
3393639,genthelvite,锌榴石,,2018-03-21
3393640,genthite,暗镍蛇纹石；镍叶蛇纹石,,2018-03-21
3393641,genus,属,,2018-03-21
3393642,geobasin,大地盆地,,2018-03-21
3393643,geobios,陆相生物,,2018-03-21
3393644,geocentric,地心的,,2018-03-21
3393645,geocentric latitude,地心纬度,,2018-03-21
3393646,geocerite,硬蜡,,2018-03-21
3393647,geochemical anomaly,地化异常,,2018-03-21
3393648,geochemical culmination,地化高区；地球化学浓集,,2018-03-21
3393649,geochemical cycle,地化循环,,2018-03-21
3393650,geochemical exploration,地化探勘,,2018-03-21
3393651,geochemical facies,地球化学相,,2018-03-21
3393652,geochemical prospecting,地化探勘,,2018-03-21
3393653,geochemistry,地球化学,,2018-03-21
3393654,geochron,地质年代；地质时间,,2018-03-21
3393655,geochronic,地质年代的；地质时间的,,2018-03-21
3393656,geochronologic sequence,地质时序；地质年代顺序,,2018-03-21
3393657,geochronologic unit,地质时间单位,,2018-03-21
3393658,geochronology,地质年代学,,2018-03-21
3393659,geochronometry,地质定年法,,2018-03-21
3393660,geocronite,硫砷锑铅矿,,2018-03-21
3393661,geode,晶洞；晶球,,2018-03-21
3393662,geodepression,地洼；大沉降带,,2018-03-21
3393663,geodesic line,测地线,,2018-03-21
3393664,geodesy,大地测量学；测地学,,2018-03-21
3393665,geodetic datum,大地基[准]点,,2018-03-21
3393666,geodetic line,测地线,,2018-03-21
3393667,geofracture,大地裂；大地缝,,2018-03-21
3393668,geogenesis,地球成因论,,2018-03-21
3393669,geogeny,地球成因学,,2018-03-21
3393670,geogram,综合地层柱,,2018-03-21
3393671,geography,地理学,,2018-03-21
3393672,geohydrology,地质水文学；地下水学,,2018-03-21
3393673,geoisotherm,等地温线,,2018-03-21
3393674,geologic column,地质柱状图,,2018-03-21
3393675,geologic norm,自然侵蚀状态,,2018-03-21
3393676,geologic province,地质区,,2018-03-21
3393677,geologic structure,地质构造,,2018-03-21
3393678,geologic time unit,地质时间单位,,2018-03-21
3393679,geological age,地质年龄；地质年代,,2018-03-21
3393680,geological chronology,地质年代学；地质编年学,,2018-03-21
3393681,geological compass,地质指南针；地质罗盘,,2018-03-21
3393682,geological map,地质图,,2018-03-21
3393683,geological period,地质时代,,2018-03-21
3393684,geological section,地质剖面,,2018-03-21
3393685,geological simultaneity,地质同时,,2018-03-21
3393686,geological survey,地质调查,,2018-03-21
3393687,geological thermometer,地质温度计,,2018-03-21
3393688,geological thermometry,地温测定法,,2018-03-21
3393689,geological time,地质时间,,2018-03-21
3393690,geologist,地质学家,,2018-03-21
3393691,geology,地质学,,2018-03-21
3393692,geomagnetic,地磁的,,2018-03-21
3393693,geomagnetic pole,地磁极,,2018-03-21
3393694,geomechanics,地质力学,,2018-03-21
3393695,geometric grade scale,几何分级表,,2018-03-21
3393696,geometric mean diameter,几何平均直径,,2018-03-21
3393697,geometrical crystallography,几何结晶学,,2018-03-21
3393698,geometry number,[地形]几何数,,2018-03-21
3393699,geomonocline,地单斜,,2018-03-21
3393700,geomorphic,地形的,,2018-03-21
3393701,geomorphic cycle,地形循环；侵蚀循环,,2018-03-21
3393702,geomorphogeny,地形发生学；地形成因学,,2018-03-21
3393703,geomorphography,地形叙述学,,2018-03-21
3393704,geomorphology,地形学,,2018-03-21
3393705,geomyricite,针蜡,,2018-03-21
3393706,geopetal,层序,,2018-03-21
3393707,geopetal fabric,层序组构,,2018-03-21
3393708,geophagous,食土的,,2018-03-21
3393709,geophysical,地球物理的,,2018-03-21
3393710,geophysical survey,地球物理测勘,,2018-03-21
3393711,geophysicist,地球物理学家,,2018-03-21
3393712,geophysics,地球物理学,,2018-03-21
3393713,georgiadesite,菱氯砷铅矿,,2018-03-21
3393714,Georgian,乔治统[下部寒武系],,2018-03-21
3393715,geosere,地史演替系列,,2018-03-21
3393716,geosphere,地圈；岩石圈,,2018-03-21
3393717,geostatic,静岩压的,,2018-03-21
3393718,geostatic pressure,静岩压力；静地压力,,2018-03-21
3393719,geostrophic,地转偏力的；地转的,,2018-03-21
3393720,geosuture,大地缝；地壳缝合线,,2018-03-21
3393721,geosynclinal,地槽的,,2018-03-21
3393722,geosynclinal cycle,地槽循环,,2018-03-21
3393723,geosynclinal facies,地槽相,,2018-03-21
3393724,geosynclinal prism,地槽沉积柱,,2018-03-21
3393725,geosyncline,地槽,,2018-03-21
3393726,geotectocline,大地槽；厚地槽,,2018-03-21
3393727,geotectonics,大地构造学,,2018-03-21
3393728,geotector,检音器,,2018-03-21
3393729,geothermal gradient,地热梯度；地温梯度,,2018-03-21
3393730,geothermal metamorphism,地热变质[作用],,2018-03-21
3393731,geothermics,地热学,,2018-03-21
3393732,geothermometer,地质温度计,,2018-03-21
3393733,geotumor,地瘤； 地隆起,,2018-03-21
3393734,geoundation,地面起伏,,2018-03-21
3393735,Gephyrocapsa,颗石藻属,,2018-03-21
3393736,gerhardtite,铜硝石,,2018-03-21
3393737,germ pore,孢膜孔,,2018-03-21
3393738,germanite,锗石；硫锗铜矿,,2018-03-21
3393739,germanium albite,锗钠长石,,2018-03-21
3393740,germanium anorthite,锗钙长石,,2018-03-21
3393741,germanium orthoclass,锗正长石,,2018-03-21
3393742,germarite,紫苏辉石,,2018-03-21
3393743,germinal aperture,孢膜口孔,,2018-03-21
3393744,germinal furrow,生殖槽；孢槽[孢粉],,2018-03-21
3393745,gerontic,老年期,,2018-03-21
3393746,gersdorffite,辉砷镍矿,,2018-03-21
3393747,geyerite,硫砷铁矿,,2018-03-21
3393748,geyser,间歇[喷]泉,,2018-03-21
3393749,geyser basin,间歇泉盆地,,2018-03-21
3393750,geyser cone,喷泉丘；间歇泉锥,,2018-03-21
3393751,geyser crater,间歇喷泉口,,2018-03-21
3393752,geyser jet,间歇泉喷流,,2018-03-21
3393753,geyser pipe,间歇泉喷管,,2018-03-21
3393754,geyser pool,间歇泉喷池,,2018-03-21
3393755,geyserite,矽华,,2018-03-21
3393756,geyserite terrace,矽华台地,,2018-03-21
3393757,ghizite,方沸黑云玄武岩,,2018-03-21
3393758,ghost member,周期沉积缺失部,,2018-03-21
3393759,giant granite,巨晶花岗岩,,2018-03-21
3393760,giant stairway,冰谷阶梯,,2018-03-21
3393761,giant's kettle,[冰川]瓯穴,,2018-03-21
3393762,gibbsite,三水铝石,,2018-03-21
3393763,gibelite,歪长粗面岩,,2018-03-21
3393764,gieseckite,绿假霞石,,2018-03-21
3393765,gigantism,巨人性质；巨体状态,,2018-03-21
3393766,gigantolite,堇青云母,,2018-03-21
3393767,Gigantopethecus,巨猿属,,2018-03-21
3393768,Gigantoproductus,大长身贝属,,2018-03-21
3393769,Gigantopteris,大羽羊齿属,,2018-03-21
3393770,Gigantopteris flora,大羽羊齿植物群,,2018-03-21
3393771,gilbertite,丝光白云母,,2018-03-21
3393772,gill,鳃,,2018-03-21
3393773,gill cover,鳃盖,,2018-03-21
3393774,gill slit,鳃裂,,2018-03-21
3393775,gillespite,矽铁钡矿,,2018-03-21
3393776,gillingite,水矽铁矿,,2018-03-21
3393777,gilsonite,硬沥青,,2018-03-21
3393778,Ginkgo,银杏属；公孙树属,,2018-03-21
3393779,Ginkgoales,银杏目；公孙树目,,2018-03-21
3393780,Ginkgoidium,类银杏属,,2018-03-21
3393781,Ginkgoites,拟银杏属,,2018-03-21
3393782,Ginkgopsida,银杏纲；公孙树纲,,2018-03-21
3393783,ginorite,八水硼钙石,,2018-03-21
3393784,giobertite,菱镁矿,,2018-03-21
3393785,girasole,青蛋白石,,2018-03-21
3393786,girdle,环带,,2018-03-21
3393787,girdle diagram,环带图,,2018-03-21
3393788,girdle plane,环带平面,,2018-03-21
3393789,Girtyocoelia,粗腔海绵属；环梦海绵属,,2018-03-21
3393790,gismondine,水钙沸石,,2018-03-21
3393791,gismondite,水钙沸石,,2018-03-21
3393792,giumarrite,角闪方沸碱煌岩,,2018-03-21
3393793,Givetian,吉维齐统{中部泥盆系},,2018-03-21
3393794,glabella,头鞍{三叶虫},,2018-03-21
3393795,glacial,冰川的,,2018-03-21
3393796,glacial basin,冰川盆地,,2018-03-21
3393797,glacial boulder,冰砾,,2018-03-21
3393798,glacial boundary,冰川界限,,2018-03-21
3393799,glacial canyon,冰蚀峡谷；冰河峡谷,,2018-03-21
3393800,glacial cascade,冰瀑,,2018-03-21
3393801,glacial chute,冰流槽,,2018-03-21
3393802,glacial conglomerate,冰川砾岩,,2018-03-21
3393803,glacial cycle,冰川循环,,2018-03-21
3393804,glacial debris,冰川岩屑,,2018-03-21
3393805,glacial drainage,冰川水系；冰河系,,2018-03-21
3393806,glacial drift,冰碛；冰碛物,,2018-03-21
3393807,glacial epoch,冰期,,2018-03-21
3393808,glacial erosion,冰蚀,,2018-03-21
3393809,glacial facies,冰川相,,2018-03-21
3393810,glacial geology,冰川地质学,,2018-03-21
3393811,glacial gorge,冰蚀峡谷；冰河峡谷,,2018-03-21
3393812,glacial groove,冰刻沟,,2018-03-21
3393813,glacial ice,冰川冰,,2018-03-21
3393814,glacial lake,冰成湖；冰川湖,,2018-03-21
3393815,glacial levee,冰砾堤,,2018-03-21
3393816,glacial lobe,冰川舌,,2018-03-21
3393817,glacial marginal lake,冰缘湖,,2018-03-21
3393818,glacial marking,冰刮痕,,2018-03-21
3393819,glacial maximum,冰川极盛期；最大冰河期,,2018-03-21
3393820,glacial meal,冰岩粉,,2018-03-21
3393821,glacial milk,冰乳浆,,2018-03-21
3393822,glacial mill,冰川穴,,2018-03-21
3393823,glacial pavement,冰擦石面；冰蚀岩面,,2018-03-21
3393824,glacial period,冰期,,2018-03-21
3393825,glacial plain,冰成平原,,2018-03-21
3393826,glacial planation,冰河平夷[作用],,2018-03-21
3393827,glacial pothole,冰川瓯穴；冰洞,,2018-03-21
3393828,glacial recession,冰川后退,,2018-03-21
3393829,glacial rock,冰成岩,,2018-03-21
3393830,glacial sand,冰川砂,,2018-03-21
3393831,glacial scouring,冰挖作用；冰擦作用,,2018-03-21
3393832,glacial scratch,冰刮痕,,2018-03-21
3393833,glacial sheet,冰盖层,,2018-03-21
3393834,glacial soil,冰积土,,2018-03-21
3393835,glacial spillway,冰流溢口；冰积溢道,,2018-03-21
3393836,glacial stairway,冰谷阶地,,2018-03-21
3393837,glacial stream,冰融河,,2018-03-21
3393838,glacial stria,冰擦痕,,2018-03-21
3393839,glacial striation,冰擦痕,,2018-03-21
3393840,glacial terrace,冰成阶地；冰川阶地,,2018-03-21
3393841,glacial theory,冰川学说；冰川说,,2018-03-21
3393842,glacial till,冰碛物,,2018-03-21
3393843,glacial trough,冰川槽,,2018-03-21
3393844,glacial valley,冰川谷,,2018-03-21
3393845,glacial-control theory,冰川控制说,,2018-03-21
3393846,glaciated,冰蚀的,,2018-03-21
3393847,glaciated coast,冰蚀海岸,,2018-03-21
3393848,glaciated rock,冰擦岩；冰蚀岩,,2018-03-21
3393849,glaciation,冰川作用,,2018-03-21
3393850,glacier,冰川,,2018-03-21
3393851,glacier avalanche,冰崩,,2018-03-21
3393852,glacier band,冰川带,,2018-03-21
3393853,glacier bed,冰河床；冰川床,,2018-03-21
3393854,glacier bulb,冰河足,,2018-03-21
3393855,glacier burst,冰洪流,,2018-03-21
3393856,glacier cap,冰帽；冰盖,,2018-03-21
3393857,glacier corn,冰晶粒,,2018-03-21
3393858,glacier flood,冰川泛滥,,2018-03-21
3393859,glacier flow,冰流,,2018-03-21
3393860,glacier grain,冰粒,,2018-03-21
3393861,glacier ice,冰川冰,,2018-03-21
3393862,glacier silt,冰川粉砂,,2018-03-21
3393863,glacier tongue,冰舌；冰川舌,,2018-03-21
3393864,glacier well,冰川穴,,2018-03-21
3393865,glacier wind,冰川风,,2018-03-21
3393866,glacieret,小冰川,,2018-03-21
3393867,glacierization,冰川化,,2018-03-21
3393868,glacioaqueous,冰水的,,2018-03-21
3393869,glacioaqueous clay,冰水黏土,,2018-03-21
3393870,glaciofluvial,冰水冲积的,,2018-03-21
3393871,glaciofluvial deposit,冰水冲积物,,2018-03-21
3393872,glaciofluvial plain,冰水冲积平原,,2018-03-21
3393873,glacio-isostacy,冰川地壳均衡,,2018-03-21
3393874,glaciolacustrine,冰湖的,,2018-03-21
3393875,glaciology,冰川学,,2018-03-21
3393876,glaciomarine,冰海的,,2018-03-21
3393877,glacionatant,冰成的,,2018-03-21
3393878,gladkaite,英斜闪煌斑岩,,2018-03-21
3393879,glagerite,乳禾乐石,,2018-03-21
3393880,glance,辉矿类；硫化矿类,,2018-03-21
3393881,glance coal,沥青煤,,2018-03-21
3393882,glancespar,矽线石,,2018-03-21
3393883,glanite,似花岗石物{人造},,2018-03-21
3393884,glare ice,眩光薄冰,,2018-03-21
3393885,glaserite,硫酸钾石；钾芒硝,,2018-03-21
3393886,glass,[火山]玻璃,,2018-03-21
3393887,glass basis,玻基,,2018-03-21
3393888,glass sand,玻璃砂,,2018-03-21
3393889,glass seam,玻璃薄层,,2018-03-21
3393890,glass sponge,玻璃海绵,,2018-03-21
3393891,glass tubing,玻璃管,,2018-03-21
3393892,glass wool,玻璃绒,,2018-03-21
3393893,glass-opal,玻璃蛋白石,,2018-03-21
3393894,glassy,玻璃状；玻质的,,2018-03-21
3393895,glassy diabase,玻质辉绿岩,,2018-03-21
3393896,glassy feldspar,透长石,,2018-03-21
3393897,glassy luster,玻璃光泽,,2018-03-21
3393898,glauber salt,芒硝,,2018-03-21
3393899,glauberite,钙芒硝；硫酸钠钙石,,2018-03-21
3393900,glaucochroite,钙锰橄榄石,,2018-03-21
3393901,glaucodot[e],硫砷钴矿,,2018-03-21
3393902,glaucolite,海蓝柱石；方钠石,,2018-03-21
3393903,glauconite,海绿石,,2018-03-21
3393904,glauconite chalk,海绿白垩岩；海绿垩,,2018-03-21
3393905,glauconitic limestone,海绿石灰岩,,2018-03-21
3393906,glauconitic sandstone,海绿[石]砂岩,,2018-03-21
3393907,glauconitization,海绿石化[作用],,2018-03-21
3393908,glaucophane,蓝闪石,,2018-03-21
3393909,glaucophane mica schist,蓝闪云母片岩,,2018-03-21
3393910,glaucophane schist,蓝闪片岩,,2018-03-21
3393911,glaucophane schist facies,蓝闪片岩相,,2018-03-21
3393912,glaucophane-chlorite schist,蓝闪绿泥片岩,,2018-03-21
3393913,glaucophrite,钴𬬹铁矿,,2018-03-21
3393914,glei,灰斑土；潜育土,,2018-03-21
3393915,Gleichenia,Gleichenia 芒箕属；里白木属,,2018-03-21
3393916,Gleichenites,拟里白属{古植物},,2018-03-21
3393917,glen,峡谷,,2018-03-21
3393918,glessite,圆树脂石,,2018-03-21
3393919,glide,滑动； 滑移,,2018-03-21
3393920,glide breccia,滑动角砾[岩],,2018-03-21
3393921,glide direction,滑动方向,,2018-03-21
3393922,glide plane,滑动面,,2018-03-21
3393923,glide-plane of symmetry,滑动对称面；滑移对称面,,2018-03-21
3393924,gliding,滑移[作用]；滑动,,2018-03-21
3393925,gliding flow,滑移流动,,2018-03-21
3393926,gliding plane,滑动面；滑移面,,2018-03-21
3393927,glimmer,云母,,2018-03-21
3393928,glimmering luster,微光泽,,2018-03-21
3393929,glimmerite,云母岩,,2018-03-21
3393930,glimmerton,伊来石；水云母,,2018-03-21
3393931,glinkite,绿橄榄石,,2018-03-21
3393932,glint,界限；陡崖,,2018-03-21
3393933,glint lake,界崖线湖,,2018-03-21
3393934,glint line,界崖线,,2018-03-21
3393935,glistening luster,闪耀光泽,,2018-03-21
3393936,Globigerina,抱球虫属；球房虫属,,2018-03-21
3393937,globigerina facies,抱球虫相,,2018-03-21
3393938,globigerina mud,抱球虫泥,,2018-03-21
3393939,globigerina ooze,抱球虫软泥,,2018-03-21
3393940,Globigerinoides,似抱球虫属{有孔虫},,2018-03-21
3393941,Globorotalia,圆幅虫属{有孔虫},,2018-03-21
3393942,globosphaerite,球丛状雏晶,,2018-03-21
3393943,globular,球状,,2018-03-21
3393944,globular map projection,球形地图投影,,2018-03-21
3393945,globulite,微球体；球雏晶,,2018-03-21
3393946,glockerite,纤水绿矾,,2018-03-21
3393947,glomerocryst,丛晶；聚晶,,2018-03-21
3393948,glomeroplasmatic,聚束状[结构],,2018-03-21
3393949,glomeroporphyritic,聚合斑状[结构],,2018-03-21
3393950,glory hole,倒锥状矿穴,,2018-03-21
3393951,gloss,光泽,,2018-03-21
3393952,gloss coal,光煤；亮褐煤,,2018-03-21
3393953,glosscollite,乳白高岭土；黏禾乐石,,2018-03-21
3393954,Glossograptus,舌笔石属,,2018-03-21
3393955,Glossopteris,舌羊齿属,,2018-03-21
3393956,Glossopteris flora,舌羊齿植物群,,2018-03-21
3393957,glowing avalanche,白热灰流,,2018-03-21
3393958,glowing cloud,炽热火山灰云,,2018-03-21
3393959,gluing rock,黏合土；铁胶黏土,,2018-03-21
3393960,Glycymeris,甘蜊属,,2018-03-21
3393961,glyptogenesis,地球刻划面,,2018-03-21
3393962,Glyptograptus,雕笔石属,,2018-03-21
3393963,glyptolith,风棱石；风刻石,,2018-03-21
3393964,Glyptorthis,雕正形蜿；雕正形贝属,,2018-03-21
3393965,Glyptostrobus,水松属,,2018-03-21
3393966,gmelinite,钠菱沸石,,2018-03-21
3393967,Gnathostomata,有颚类；颌口类,,2018-03-21
3393968,gneiss,片麻岩,,2018-03-21
3393969,gneiss system,片麻岩系,,2018-03-21
3393970,gneissic granite,片麻状花岗岩,,2018-03-21
3393971,gneissic quartzite,片麻石英岩,,2018-03-21
3393972,gneiss-mica schist,片麻云母片岩,,2018-03-21
3393973,gneissoid gabbro,似片麻辉长岩,,2018-03-21
3393974,gneissose granite,似片麻花岗岩,,2018-03-21
3393975,gneissosity,片麻理；片麻构造,,2018-03-21
3393976,Gnetales,蔴黄目；实蔴藤目,,2018-03-21
3393977,Gnetophtya,实蔴藤植物,,2018-03-21
3393978,Gnetopsida,实蔴藤纲,,2018-03-21
3393979,gob,采矿废石,,2018-03-21
3393980,Gobius,虾虎鱼属,,2018-03-21
3393981,goethite,针铁矿,,2018-03-21
3393982,gold amalgam,金汞齐；金汞膏,,2018-03-21
3393983,gold dust,金末,,2018-03-21
3393984,gold field,金矿田,,2018-03-21
3393985,gold mine,金矿场,,2018-03-21
3393986,gold ore,金矿,,2018-03-21
3393987,gold quartz,含金石英；金丝水晶,,2018-03-21
3393988,gold sands,金砂,,2018-03-21
3393989,gold topaz,金黄晶；金黄玉,,2018-03-21
3393990,golden beryl,金绿柱石,,2018-03-21
3393991,goldstone,人造闪耀玻璃,,2018-03-21
3393992,Gomphoceras,楔角石属,,2018-03-21
3393993,gondite,锰铝榴英岩,,2018-03-21
3393994,Gondolella,舟牙形属；牙形刺属,,2018-03-21
3393995,Gondwana,冈瓦纳大陆,,2018-03-21
3393996,gongylite,黄褐云母；黄块云母,,2018-03-21
3393997,Goniocideris,角头帕属{棘皮动物},,2018-03-21
3393998,Goniophyllum,方锥珊瑚属,,2018-03-21
3393999,gonnardite,纤沸石,,2018-03-21
3394000,gonotheca,生殖房；生殖鞘,,2018-03-21
3394001,gonozooid,生殖虫体,,2018-03-21
3394002,gooderite,钠长霞石正长岩,,2018-03-21
3394003,goose silver ore,鹅银矿,,2018-03-21
3394004,goose-dung ore,鹅粪矿； 杂臭葱石,,2018-03-21
3394005,gorceixite,磷钡铝石,,2018-03-21
3394006,Gordius,金线虫属；铁线虫属,,2018-03-21
3394007,gordonite,磷镁铝石,,2018-03-21
3394008,gordunite,石榴透辉橄榄岩,,2018-03-21
3394009,gorge,峡；峡谷,,2018-03-21
3394010,Gorgonia,柳珊瑚属,,2018-03-21
3394011,goshenite,透绿柱石,,2018-03-21
3394012,goslarite,皓矾,,2018-03-21
3394013,gossan,铁帽,,2018-03-21
3394014,gossaniferous,含铁帽的,,2018-03-21
3394015,gossany lode,铁帽矿脉,,2018-03-21
3394016,gothardite,硫砷铅矿,,2018-03-21
3394017,gothite,针铁矿,,2018-03-21
3394018,Gotlandian,哥特兰纪{志留纪}；后岛纪{志留纪},,2018-03-21
3394019,gouge,断层泥；脉壁泥,,2018-03-21
3394020,gour,边缘沉积；缘岩堆积{石灰岩},,2018-03-21
3394021,goyazite,磷铝锶石,,2018-03-21
3394022,goz,长沙脊,,2018-03-21
3394023,gozzan,铁帽,,2018-03-21
3394024,grab sampler,抓样器,,2018-03-21
3394025,Grabauites,葛氏角石属,,2018-03-21
3394026,graben,地堑,,2018-03-21
3394027,gradation,均夷作用；粒级作用,,2018-03-21
3394028,gradation period,均夷期,,2018-03-21
3394029,grade,均夷；粒级；品位,,2018-03-21
3394030,grade level,均夷面,,2018-03-21
3394031,grade of metamorphism,变质程度,,2018-03-21
3394032,grade scale,[粒度]分级标准,,2018-03-21
3394033,graded,均夷的； 级配的,,2018-03-21
3394034,graded bedding,粒级层理,,2018-03-21
3394035,graded shoreline,均衡海滨线,,2018-03-21
3394036,graded slope,均衡坡面,,2018-03-21
3394037,graded stream,均夷河流,,2018-03-21
3394038,graded unconformity,渐变不整合；隐晦不整合,,2018-03-21
3394039,gradient,梯度,,2018-03-21
3394040,grading,粒度分级,,2018-03-21
3394041,grading factor,分选因子；淘选因子,,2018-03-21
3394042,graftonite,磷铁锰矿,,2018-03-21
3394043,grahamite,矽质中铁陨石；脆沥青,,2018-03-21
3394044,grain,颗粒；纹理,,2018-03-21
3394045,grain density,颗粒密度,,2018-03-21
3394046,grain growth,晶粒生长,,2018-03-21
3394047,grain size,粒度；粒径,,2018-03-21
3394048,graminite,铁膨润石；绿脱石,,2018-03-21
3394049,grammatite,透闪石,,2018-03-21
3394050,granat,石榴子石 {德文},,2018-03-21
3394051,grandidierite,矽硼镁铝矿,,2018-03-21
3394052,graniphyric,花斑状；文象斑状,,2018-03-21
3394053,granite,花岗岩,,2018-03-21
3394054,granite tectonics,花岗岩构造学,,2018-03-21
3394055,granite wash,花岗岩冲积物,,2018-03-21
3394056,granite-aplite,花岗细晶岩,,2018-03-21
3394057,granitectonic,花岗岩侵入构造,,2018-03-21
3394058,granite-gneiss,花岗片麻岩,,2018-03-21
3394059,granite-greisen,花岗云英岩,,2018-03-21
3394060,granite-like rock,似花岗岩,,2018-03-21
3394061,granitelle,二云花岗岩,,2018-03-21
3394062,granite-pegmatite,花岗伟晶岩,,2018-03-21
3394063,granite-porphyry,花岗斑岩,,2018-03-21
3394064,granitic,花岗岩体,,2018-03-21
3394065,granitic rock,花岗质岩石；花岗岩类,,2018-03-21
3394066,granitise,花岗岩化,,2018-03-21
3394067,granitite,黑云花岗岩,,2018-03-21
3394068,granitization,花岗岩化[作用],,2018-03-21
3394069,granitoid,花岗岩类；花岗岩状,,2020-02-03
3394070,granitotrachytic,花岗粗面状,,2018-03-21
3394071,granoblastic,花岗变晶状,,2018-03-21
3394072,granodiorite,花岗闪长岩,,2018-03-21
3394073,granodiorite-aplite,花岗闪长细晶岩,,2018-03-21
3394074,granodiorite-granophyre,花岗闪长花斑岩,,2018-03-21
3394075,granodiorite-porphyry,花岗闪长斑岩,,2018-03-21
3394076,granodioritic,花岗闪长质,,2018-03-21
3394077,granodolerite,花岗粗玄岩,,2018-03-21
3394078,granofels,粗变岩；粒状变质岩,,2018-03-21
3394079,granogabbro,花岗辉长岩,,2018-03-21
3394080,granogabbro porphyrite,花岗辉长玢岩,,2018-03-21
3394081,granolite,花岗状火成岩,,2018-03-21
3394082,granomerite,全晶质岩,,2018-03-21
3394083,granopatic,花岗状,,2018-03-21
3394084,granophyre,花岗斑岩；微文象花岗岩,,2018-03-21
3394085,granophyric,花岗斑岩状；微文象花岗岩状,,2018-03-21
3394086,granosphaerite,放射聚心球状,,2018-03-21
3394087,granular,粒状[结构],,2018-03-21
3394088,granular amphibolite,粒状角闪岩,,2018-03-21
3394089,granular cementation,粒间胶结作用,,2018-03-21
3394090,granular chert,粒状燧石；结晶燧石,,2018-03-21
3394091,granular disintegration,粒状崩解,,2018-03-21
3394092,granular gneiss,粒状片麻岩,,2018-03-21
3394093,granular ice,粒状冰；粒冰,,2018-03-21
3394094,granular limestone,粒状石灰岩,,2018-03-21
3394095,granular rock,粒状岩,,2018-03-21
3394096,granular snow,粒状雪；粒雪,,2018-03-21
3394097,granularity,粒度,,2018-03-21
3394098,granulated chert,粗粒燧石,,2018-03-21
3394099,granulated tin,粒锡,,2018-03-21
3394100,granulation,粒化作用,,2018-03-21
3394101,granule,小砾；细砾,,2018-03-21
3394102,granule texture,均粒结构,,2018-03-21
3394103,granulite,粒变岩；麻粒岩,,2018-03-21
3394104,granulite facies,粒变岩相；麻粒岩相,,2018-03-21
3394105,granulitic,粒化的,,2018-03-21
3394106,granulitic structure,粒化构造,,2018-03-21
3394107,granulitic texture,等粒结构；等粒组织,,2018-03-21
3394108,granulitization,粒变岩化作用；麻粒岩化作用,,2018-03-21
3394109,granulometry,粒度测定法,,2018-03-21
3394110,granulose,粒状,,2018-03-21
3394111,grape formation,葡萄状沉积层,,2018-03-21
3394112,grapestone,葡萄灰岩,,2018-03-21
3394113,grapevine drainage,格状水系,,2018-03-21
3394114,graphic,文像的,,2018-03-21
3394115,graphic granite,文像花岗岩,,2018-03-21
3394116,graphic intergrowth,文像共生,,2018-03-21
3394117,graphic log,图解井录； 标本井录,,2018-03-21
3394118,graphic structure,文像构造,,2018-03-21
3394119,graphic texture,文象组织,,2018-03-21
3394120,graphiphyric(C.I.P.W.),花斑状,,2018-03-21
3394121,graphite,石墨,,2018-03-21
3394122,graphite acid,石墨酸,,2018-03-21
3394123,graphite basalt,石墨玄武岩,,2018-03-21
3394124,graphite gneiss,石墨片麻岩,,2018-03-21
3394125,graphite mica schist,石墨云母片岩,,2018-03-21
3394126,graphite schist,石墨片岩,,2018-03-21
3394127,graphite slate,石墨板岩,,2018-03-21
3394128,graphitization,石墨化[作用],,2018-03-21
3394129,graphitoid,不纯石墨；隐晶石墨,,2018-03-21
3394130,graphophyre,花斑岩,,2018-03-21
3394131,graphophyric(C.I.P.W.),花斑状,,2018-03-21
3394132,graptolite,笔石类,,2018-03-21
3394133,graptolithic facies,笔石相,,2018-03-21
3394134,Graptolithina,笔石纲[类],,2018-03-21
3394135,graptolitic facies,笔石相,,2018-03-21
3394136,grass colored garnet,草色榴石,,2018-03-21
3394137,grass quartz,草水晶,,2018-03-21
3394138,graticule,方格网；方格板,,2018-03-21
3394139,grating,光栅；格子,,2018-03-21
3394140,grating structure,格状构造,,2018-03-21
3394141,grating texture,格状结构,,2018-03-21
3394142,gravel,砾石；砾,,2018-03-21
3394143,gravel bed,砾石层；砾层,,2018-03-21
3394144,gravel desert,砾漠,,2018-03-21
3394145,gravel plain,砾原,,2018-03-21
3394146,gravelly,含砾石的,,2018-03-21
3394147,gravelly soil,砾土,,2018-03-21
3394148,gravelstone,砾石；砾岩,,2018-03-21
3394149,gravimeter,重力仪,,2018-03-21
3394150,gravimetry,重力测量,,2018-03-21
3394151,gravitation,万有引力,,2018-03-21
3394152,gravitational differentiation,重力分异,,2018-03-21
3394153,gravitational gliding,重力滑移[作用],,2018-03-21
3394154,gravitational separation,重力分离,,2018-03-21
3394155,gravity,重力,,2018-03-21
3394156,gravity anomaly,重力异常,,2018-03-21
3394157,gravity compaction,重力压密[作用],,2018-03-21
3394158,gravity fault,重力断层,,2018-03-21
3394159,gravity flow,重力流,,2018-03-21
3394160,gravity groundwater,重力地下水,,2018-03-21
3394161,gravity meter,重力仪,,2018-03-21
3394162,gravity sliding,重力滑移,,2018-03-21
3394163,gravity spring,重力泉,,2018-03-21
3394164,gravity water,重力水,,2018-03-21
3394165,gravity wave,重力波,,2018-03-21
3394166,gravity-collapse structure,重力崩陷构造,,2018-03-21
3394167,gray antimony,辉锑矿,,2018-03-21
3394168,gray copper,黝铜矿,,2018-03-21
3394169,gray hematite,镜铁矿,,2018-03-21
3394170,graywacke conglomerate,浊砂砾岩,,2018-03-21
3394171,grazing mark,食草痕；啮痕,,2018-03-21
3394172,grease ice,凝脂冰,,2018-03-21
3394173,greasy,油脂状,,2018-03-21
3394174,greasy luster,油脂光泽,,2018-03-21
3394175,great circle,大圆{投影法},,2018-03-21
3394176,great fracture zone,大裂带,,2018-03-21
3394177,green diallage,绿异剥石,,2018-03-21
3394178,green earth,绿土；海绿石土；绿泥石土,,2018-03-21
3394179,green feldspar,天河石；微斜长石,,2018-03-21
3394180,green iron ore,绿铁矿,,2018-03-21
3394181,green lead ore,氯铅矿,,2018-03-21
3394182,green malachite,孔雀石,,2018-03-21
3394183,green mud,绿泥,,2018-03-21
3394184,green sandstone,绿砂岩,,2018-03-21
3394185,green vitriol,水绿矾,,2018-03-21
3394186,greenalite,铁蛇纹石,,2018-03-21
3394187,greenalite rock,铁蛇纹岩,,2018-03-21
3394188,greenlandite,铌铁矿,,2018-03-21
3394189,greenockite,硫镉矿,,2018-03-21
3394190,greenovite,红榍石,,2018-03-21
3394191,greenrock,绿岩,,2018-03-21
3394192,greensand,绿砂,,2018-03-21
3394193,greensand marl,绿砂泥灰土,,2018-03-21
3394194,greenschist,绿片岩,,2018-03-21
3394195,greenschist facies,绿片岩相,,2018-03-21
3394196,greenschist metamorphism,绿片岩变质作用,,2018-03-21
3394197,gregaritic,辉石聚斑状[组织],,2018-03-21
3394198,gregorite,碳铋矿,,2018-03-21
3394199,greisen,云英岩,,2018-03-21
3394200,greisenization,云英岩化[作用],,2018-03-21
3394201,grenatite,十字石,,2018-03-21
3394202,grengesite,锰铁绿泥石,,2018-03-21
3394203,Grenville orogeny,格林维尔造山运动,,2018-03-21
3394204,greywacke,杂砂岩；混浊砂岩,,2018-03-21
3394205,greywacke schist,杂砂片岩,,2018-03-21
3394206,greywether,灰色风化石；灰羊石,,2018-03-21
3394207,grid,格网,,2018-03-21
3394208,gridiron twinning,格网双晶；十字双晶,,2018-03-21
3394209,griffithite,铁皂石；水绿皂石,,2018-03-21
3394210,grike,竖溶隙,,2018-03-21
3394211,grind,研磨,,2018-03-21
3394212,grindstone,磨石,,2018-03-21
3394213,griphite,磷锂碱石,,2018-03-21
3394214,griquaite,石榴辉石岩,,2018-03-21
3394215,grit,粗砂岩,,2018-03-21
3394216,gritty,粗砂质,,2018-03-21
3394217,grochauite,板晶绿泥石；镁蠕绿泥石,,2018-03-21
3394218,groin,防波堤；丁坝；拦沙坝,,2018-03-21
3394219,gronlandite,紫苏闪石岩,,2018-03-21
3394220,groove,细槽；沟,,2018-03-21
3394221,groove cast,槽铸型,,2018-03-21
3394222,grooved lava,槽面熔岩,,2018-03-21
3394223,grooved shell,有沟壳,,2018-03-21
3394224,grooved upland,沟切高原；槽蚀高原,,2018-03-21
3394225,groroilite,土状黑锰矿；沼锰土,,2018-03-21
3394226,grorudite,锥辉花岗岩,,2018-03-21
3394227,gross calorific value,总热值,,2018-03-21
3394228,gross heat of combustion,总燃烧热力,,2018-03-21
3394229,grossular,钙铝榴石,,2018-03-21
3394230,grossularite,钙铝榴石,,2018-03-21
3394231,grossularoid,似钙铝榴石,,2018-03-21
3394232,grothine,块矽镁石,,2018-03-21
3394233,grothite,钇铈榍石,,2018-03-21
3394234,grotto,小岩洞,,2018-03-21
3394235,ground,地面；场,,2018-03-21
3394236,ground avalanche,冰底崩塌； 深层崩塌,,2018-03-21
3394237,ground gypsum,地石膏,,2018-03-21
3394238,ground ice,底冰,,2018-03-21
3394239,ground magnetometer,地面磁测仪,,2018-03-21
3394240,ground moraine,底碛,,2018-03-21
3394241,ground moraine shoreline,底碛海滨线,,2018-03-21
3394242,ground motion,地动,,2018-03-21
3394243,ground pressure,地压,,2018-03-21
3394244,ground resistivity,地面电阻率,,2018-03-21
3394245,ground slope,地坡,,2018-03-21
3394246,ground swell,高长浪,,2018-03-21
3394247,ground-ice layer,冰层,,2018-03-21
3394248,ground-ice mound,冰堆,,2018-03-21
3394249,ground-ice wedge,冰楔,,2018-03-21
3394250,grounding,著地,,2018-03-21
3394251,groundmass,石基；基质,,2018-03-21
3394252,groundwater,地下水,,2018-03-21
3394253,groundwater cascade,地下水跌流；地下水跌落,,2018-03-21
3394254,groundwater dam,地下水阻隔层,,2018-03-21
3394255,groundwater decrement,地下水流失,,2018-03-21
3394256,groundwater discharge,地下水流失,,2018-03-21
3394257,groundwater divide,地下水分隔,,2018-03-21
3394258,groundwater flow,地下水流,,2018-03-21
3394259,groundwater level,地下水位,,2018-03-21
3394260,groundwater reservoir,地下水库,,2018-03-21
3394261,groundwater runoff,地下水迳流,,2018-03-21
3394262,groundwater surface,地下水面,,2018-03-21
3394263,groundwater table,地下水面,,2018-03-21
3394264,group,群；组；属,,2018-03-21
3394265,group velocity,群速,,2018-03-21
3394266,groutite,斜方水锰矿,,2018-03-21
3394267,growth fabric,生长组构,,2018-03-21
3394268,growth lattice,生长格子；礁架{珊瑚},,2018-03-21
3394269,growth layer,年轮,,2018-03-21
3394270,growth line,生长线,,2018-03-21
3394271,growth of crystal,晶体生长,,2018-03-21
3394272,growth ring,年轮,,2018-03-21
3394273,growth twin,生长双晶,,2018-03-21
3394274,growth-zone fabric,生长带组构,,2018-03-21
3394275,groyne,防波堤；丁坝；拦沙坝,,2018-03-21
3394276,grub,蛴螬虫,,2018-03-21
3394277,grunauite,辉铋镍矿,,2018-03-21
3394278,grunerite,铁闪石,,2018-03-21
3394279,grunerite schist,铁闪片岩,,2018-03-21
3394280,gruneritization,铁闪石化,,2018-03-21
3394281,grunlingite,杂硫碲铋矿,,2018-03-21
3394282,grus,花岗岩屑,,2018-03-21
3394283,Gryphaea,螺蛎属；卷嘴蛎属{双壳类},,2018-03-21
3394284,guadalcazarite,锌黑辰砂,,2018-03-21
3394285,Guadalupian,瓜达路统[二叠系],,2018-03-21
3394286,guanajuatite,硒铋矿,,2018-03-21
3394287,guanite,鸟粪石,,2018-03-21
3394288,guano,鸟粪；鸟粪层,,2018-03-21
3394289,guano phosphorite,粪磷岩；粪质磷灰石,,2018-03-21
3394290,guanovulite,钾铵矾；填卵石,,2018-03-21
3394291,guanoxalate,草酸钾铁石,,2018-03-21
3394292,guard,鞘,,2018-03-21
3394293,guardiaite,霞长粗安岩,,2018-03-21
3394294,guarinite,片榍石,,2018-03-21
3394295,guejarite,柱辉铜锑矿；辉铜锑矿,,2018-03-21
3394296,guern,锥状沙丘,,2018-03-21
3394297,guide fossil,标准化石；指准化石,,2018-03-21
3394298,guide mineral,指引矿物,,2018-03-21
3394299,guildite,四水铜铁矾,,2018-03-21
3394300,guimaraesite,水磷铍钙锌石,,2018-03-21
3394301,guitermanite,杂锑硫砷铅矿,,2018-03-21
3394302,gulch,峡谷,,2018-03-21
3394303,gulf,海湾,,2018-03-21
3394304,gulf of ore,富矿带,,2018-03-21
3394305,gulf-cut island,湾切岛,,2018-03-21
3394306,gull,岩缝,,2018-03-21
3394307,gullet,海峡,,2018-03-21
3394308,gully,小峡谷；雏谷,,2018-03-21
3394309,gully erosion,小峡谷侵蚀；雏谷侵蚀,,2018-03-21
3394310,gully gravure,小峡谷刻蚀；雏谷刻蚀,,2018-03-21
3394311,Gulo,狼獾属,,2018-03-21
3394312,Gumbelina,钡尔虫属,,2018-03-21
3394313,gumbelite,镁白云母,,2018-03-21
3394314,gumbo,强黏性黏土,,2018-03-21
3394315,gumbotil,黏韧冰碛；胶水土；风化底碛土,,2018-03-21
3394316,gummite,杂脂次铀矿,,2018-03-21
3394317,gunnisonite,杂萤石,,2018-03-21
3394318,Gunz glaciation,群智冰期,,2018-03-21
3394319,Gunz-Mindel,群智─民德间冰期,,2018-03-21
3394320,gut,狭道；浅水道,,2018-03-21
3394321,gutta-percha clay,胶黏土,,2018-03-21
3394322,gutter,河槽,,2018-03-21
3394323,Guttulina,滴水虫属；小滴虫属,,2018-03-21
3394324,guyot,海桌山,,2018-03-21
3394325,gymnite,非晶质叶蛇纹石,,2018-03-21
3394326,Gymnolaemata,裸唇纲；裸唇目,,2018-03-21
3394327,Gymnosolen,锥管藻属；裸枝叠层石属,,2018-03-21
3394328,gymnosperm,裸子植物,,2018-03-21
3394329,Gymnospermae,裸子植物门,,2018-03-21
3394330,gymnospermous,裸子植物的,,2018-03-21
3394331,Gypidula,鹰奴贝属；鹰头贝属{腕足动物},,2018-03-21
3394332,Gyposaurus,兀龙属,,2018-03-21
3394333,gyprock,石膏岩,,2018-03-21
3394334,gypsification,石膏化[作用],,2018-03-21
3394335,Gypsina,石膏虫属,,2018-03-21
3394336,gypsinate,石膏胶结,,2018-03-21
3394337,gypsite,土状石膏,,2018-03-21
3394338,gypsoide,石膏式矿物,,2018-03-21
3394339,gypsum,石膏,,2018-03-21
3394340,gypsum cave,石膏穴,,2018-03-21
3394341,gypsum flower,石膏花,,2018-03-21
3394342,gypsum plate,石膏试板,,2018-03-21
3394343,gypsum rock,石膏岩,,2018-03-21
3394344,gypsum test plate,石膏试板,,2018-03-21
3394345,gypsum twin,石膏双晶,,2018-03-21
3394346,gypsum type,石膏式晶组,,2018-03-21
3394347,gyroceracone,环角石式壳,,2018-03-21
3394348,Gyroceras,环角石属,,2018-03-21
3394349,Gyroceratites,大环角石属,,2018-03-21
3394350,gyrocone,环角石式壳,,2018-03-21
3394351,gyroid,螺旋二十四面体；五角二十四面体,,2018-03-21
3394352,gyroidal group,螺旋形群；五角廿四面体群,,2018-03-21
3394353,Gyroidina,项环虫属；圆形虫属,,2018-03-21
3394354,gyrolite,片水矽钙石,,2018-03-21
3394355,gyttja,黑腐泥；骸泥,,2018-03-21
3655699,habit,癖性；习性,,2019-01-10
3655700,habitat,栖息地；产地,,2019-01-10
3655701,habitus,癖性；习性,,2019-01-10
3655702,hachure,晕翳；影线,,2019-01-10
3655703,hackle,巨齿状节理,,2019-01-10
3655704,hackly,锯齿状,,2019-01-10
3655705,hackly fracture,巨齿状断口,,2019-01-10
3655706,hackmanite,紫方钠石,,2019-01-10
3655707,hacksaw structure,锯齿状构造,,2019-01-10
3655708,hadal,超深海的,,2019-01-10
3655709,hade,[倾角的]余角,,2019-01-10
3655710,haemafibrite,血纤维石,,2019-01-10
3655711,haematite,赤铁矿,,2019-01-10
3655712,hagemannite,杂氟钠霜晶石,,2019-01-10
3655713,haidingerite,砷钙石,,2019-01-10
3655714,hail,[冰]雹,,2019-01-10
3655715,hail imprint,雹痕,,2019-01-10
3655716,hainite,铈片榍石,,2019-01-10
3655717,hair salt,发盐；毛矾石,,2019-01-10
3655718,hair zeolite,发沸石,,2019-01-10
3655719,hairy,毛状；发状,,2019-01-10
3655720,hakutoite,英钠粗面岩,,2019-01-10
3655721,haldenhang,崖角缓坡；底坡,,2019-01-10
3655722,half graben,半地堑,,2019-01-10
3655723,half reaction,半反应,,2019-01-10
3655724,half-crystal,半成晶,,2019-01-10
3655725,half-life,半衰期,,2019-01-10
3655726,half-tube,半管,,2019-01-10
3655727,halides,卤化物类,,2019-01-10
3655728,Halimeda,仙掌藻属{钙藻类}； 海仙人掌属；绿钙藻属,,2019-01-10
3655729,Haliotis,石决明：九孔贝,,2019-01-10
3655730,halite,石盐,,2019-01-10
3655731,halitic,石盐质的,,2019-01-10
3655732,hälleflinta,长英质变质火山岩,,2019-01-10
3655733,halleflintgneiss,长英片麻岩,,2019-01-10
3655734,hallite,铁叶绿泥石,,2019-01-10
3655735,hallonite,二水钴矿,,2019-01-10
3655736,halloysite,禾乐石,,2019-01-10
3655737,halmyrolysis,海底换质作用,,2019-01-10
3655738,halmyrosis,海底换质作用,,2019-01-10
3655739,halo,晕轮,,2019-01-10
3655740,halo anhydrite,卤硬石膏,,2019-01-10
3655741,halo carnallite,卤光卤石,,2019-01-10
3655742,halo kainite,卤钾镁矾,,2019-01-10
3655743,halo kieserite,卤水镁矾,,2019-01-10
3655744,halo langbeinite,卤无水钾镁矾,,2019-01-10
3655745,Halobia,海燕蛤属,,2019-01-10
3655746,halobios,海洋生物；盐生生物,,2019-01-10
3655747,halogen,卤素；卤族,,2019-01-10
3655748,halogenic deposit,卤成沉积矿床,,2019-01-10
3655749,haloids,卤化物,,2019-01-10
3655750,halokinesis,岩盐流作用；岩盐动力学；盐构造学,,2019-01-10
3655751,halophyte,耐盐植物；盐生植物,,2019-01-10
3655752,halo sylvite,卤钾盐,,2019-01-10
3655753,halotrichine,铁明矾,,2019-01-10
3655754,halotrichite,铁明矾,,2019-01-10
3655755,halotypite,钛锆矿,,2019-01-10
3655756,Halysites,链珊瑚属,,2019-01-10
3655757,ham,泥岩硬块残留体,,2019-01-10
3655758,hämafibrite,血纤维石,,2019-01-10
3655759,hamartite,氟碳铈矿,,2019-01-10
3655760,hambergite,硼铍石,,2019-01-10
3655761,Hamites,钩菊石属,,2019-01-10
3655762,hamlinite,磷铝锶石,,2019-01-10
3655763,hamlinite group,磷铝锶石群,,2019-01-10
3655764,hammada,石漠,,2019-01-10
3655765,hammock,小丘； 圆丘； 波状地,,2019-01-10
3655766,hammock structure,[矿脉]吊床状构造,,2019-01-10
3655767,hampshirite,滑蛇纹石,,2019-01-10
3655768,hamrongite,细粒黑云煌斑岩,,2019-01-10
3655769,hamrongite-porphyrite,黑云煌斑玢岩,,2019-01-10
3655770,Hanchungolithus,汉中三瘤虫属{三叶虫类},,2019-01-10
3655771,hancockite,铅绿帘石,,2019-01-10
3655772,hand auger,手[摇]钻,,2019-01-10
3655773,hand level,手用水平仪,,2019-01-10
3655774,hand specimen,手[持]标本；陈列标本,,2019-01-10
3655775,hand-goniometer,手持测角仪,,2019-01-10
3655776,hanger,上盘,,2019-01-10
3655777,hanging drumlin,悬鼓丘,,2019-01-10
3655778,hanging glacier,悬冰川,,2019-01-10
3655779,hanging side,上盘,,2019-01-10
3655780,hanging valley,[冰川]悬谷,,2019-01-10
3655781,hanging wall,上盘,,2019-01-10
3655782,hanging-wall cutoff,上盘隔断,,2019-01-10
3655783,hanging-wall flat,上盘断坪,,2019-01-10
3655784,hanging-wall ramp,上盘断坡,,2019-01-10
3655785,hanksite,碳钾钠矾,,2019-01-10
3655786,hanleite,镁铬榴石,,2019-01-10
3655787,hannayite,水磷铵镁石,,2019-01-10
3655788,Hannobar basalt,汉诺坝玄武岩,,2019-01-10
3655789,Hanzawaia,半泽氏虫属,,2019-01-10
3655790,haplite,细晶岩,,2019-01-10
3655791,Haplocrinus,脆海百合属,,2019-01-10
3655792,haplodiorite,细岗闪长岩,,2019-01-10
3655793,haplogranite,细晶花岗岩,,2019-01-10
3655794,haplome,褐榴石,,2019-01-10
3655795,Haplozoa,简单棘皮亚门,,2019-01-10
3655796,Hapsiphyllum,表珊瑚属,,2019-01-10
3655797,hard coal,硬煤；无烟煤,,2019-01-10
3655798,hard rock,硬岩,,2019-01-10
3655799,hard water,硬水,,2019-01-10
3655800,hardground,硬灰岩层,,2019-01-10
3655801,hardness,硬度,,2019-01-10
3655802,hardness curve,硬度曲线,,2019-01-10
3655803,hardness scale,硬度计；硬度表,,2019-01-10
3655804,hardpan,犁底层；硬盘；地下砾层,,2019-01-10
3655805,hard-rock geology,硬岩地质学,,2019-01-10
3655806,hard-rock phosphate,硬岩磷酸盐,,2019-01-10
3655807,hardystonite,锌黄长石,,2019-01-10
3655808,harkerite,碳硼矽钙镁石,,2019-01-10
3655809,harmonic fold,和谐褶皱,,2019-01-10
3655810,harmonic folding,和谐褶皱作用,,2019-01-10
3655811,harmotome,交沸石,,2019-01-10
3655812,harmotomite,交沸石,,2019-01-10
3655813,Harpoceras,镰菊石属,,2019-01-10
3655814,harpolith,岩镰,,2019-01-10
3655815,harringtonite,中沸石,,2019-01-10
3655816,harrisite,方黝铜矿；方辉铜矿；钙长橄榄岩,,2019-01-10
3655817,harstigite,矽铍锰钙石,,2019-01-10
3655818,harting,晶蜡石,,2019-01-10
3655819,hartite,晶蜡石,,2019-01-10
3655820,hartmannite,红锑镍矿,,2019-01-10
3655821,hartschiefer,带状变质岩,,2019-01-10
3655822,harzburgite,直辉橄榄岩,,2019-01-10
3655823,hastate,箭头状的；戟状的,,2019-01-10
3655824,hastingsite,绿钠钙闪石,,2019-01-10
3655825,hastingsite granite,绿钠钙闪石花岗岩,,2019-01-10
3655826,hatchettine,伟晶蜡石,,2019-01-10
3655827,hatchettite,伟晶蜡石,,2019-01-10
3655828,hatchettolite,铀烧绿石,,2019-01-10
3655829,hatherlite,歪长云闪正长岩,,2019-01-10
3655830,hatherlite porphyry,歪长云闪正长斑岩,,2019-01-10
3655831,hauchecornite,硫锑铋镍矿,,2019-01-10
3655832,hauerite,褐硫锰矿,,2019-01-10
3655833,hauptsalt,矽杂盐,,2019-01-10
3655834,Hausmannia,荷叶蕨属,,2019-01-10
3655835,hausmannite,黑锰矿,,2019-01-10
3655836,hautefeuillite,水钙磷镁石,,2019-01-10
3655837,Hauterivian,欧特里阶{白垩系，欧洲},,2019-01-10
3655838,haüyne,蓝方石,,2019-01-10
3655839,haüyne andesite,蓝方安山岩,,2019-01-10
3655840,haüyne aplite,蓝方细晶岩,,2019-01-10
3655841,haüyne basalt,蓝方玄武岩,,2019-01-10
3655842,haüyne basanite,蓝方碧玄岩,,2019-01-10
3655843,haüynite,蓝方石{=haüyne},,2019-01-10
3655844,haüynitite,蓝方辉石岩,,2019-01-10
3655845,haüynolith,蓝方石岩,,2019-01-10
3655846,haüynophyre,蓝方斑岩,,2019-01-10
3655847,Hawaiian activity,夏威夷式[火山]活动,,2019-01-10
3655848,Hawaiian-type bomb,夏威夷式火山弹,,2019-01-10
3655849,Hawaiian-type eruption,夏威夷式喷发,,2019-01-10
3655850,hawaiite,中长玄武岩；浅绿橄榄石,,2019-01-10
3655851,Hayasakaia,早坂珊瑚属,,2019-01-10
3655852,haydenite,黄菱沸石,,2019-01-10
3655853,hayesine,钠硼解石,,2019-01-10
3655854,haystack hill,锥丘；溶蚀丘,,2019-01-10
3655855,haytorite,硼石髓,,2019-01-10
3655856,head,头；源头,,2019-01-10
3655857,headland,岬[角],,2019-01-10
3655858,headland beach,岬[角]滩,,2019-01-10
3655859,headland mesa,突出方山,,2019-01-10
3655860,headpool,源头湖,,2019-01-10
3655861,headwall,斗壁；后壁；端墙,,2019-01-10
3655862,headward erosion,溯源侵蚀,,2019-01-10
3655863,headwater erosion,溯源侵蚀,,2019-01-10
3655864,heat budget,热平衡；热收支量,,2019-01-10
3655865,heat capacity,热容量,,2019-01-10
3655866,heat conductivity,热传导,,2019-01-10
3655867,heat content,热含量；焓,,2019-01-10
3655868,heat exchange,热交换,,2019-01-10
3655869,heat flow,热流,,2019-01-10
3655870,heat gradient,热梯度,,2019-01-10
3655871,heat of crystallization,结晶热,,2019-01-10
3655872,heat of dissociation,解离热,,2019-01-10
3655873,heat of melting,熔化热；融解热,,2019-01-10
3655874,heat of solution,溶解热,,2019-01-10
3655875,heat pump,热泵,,2019-01-10
3655876,heat storage well,储热井,,2019-01-10
3655877,heat transfer,热传输,,2019-01-10
3655878,heat transport,热传输,,2019-01-10
3655879,heave,横差；平错； 鼓起；胀起,,2019-01-10
3655880,heaving shale,软弱页岩,,2019-01-10
3655881,heavy liquid,重液,,2019-01-10
3655882,heavy metal,重金属,,2019-01-10
3655883,heavy mineral,重矿物,,2019-01-10
3655884,heavy oil,重油,,2019-01-10
3655885,heavy solution,重液,,2019-01-10
3655886,heavy spar,重晶石,,2019-01-10
3655887,heavy water,重水,,2019-01-10
3655888,heavy-bedded,中度分离的,,2019-01-10
3655889,Hebraic granite,文像花岗岩,,2019-01-10
3655890,hebronite,锂磷铝石,,2019-01-10
3655891,hecatolite,月长石,,2019-01-10
3655892,hectorite,锂膨润石,,2019-01-10
3655893,hedenbergite,钙铁辉石,,2019-01-10
3655894,Hedenstroemia,海氏菊石属,,2019-01-10
3655895,hedreocraton,大陆古陆,,2019-01-10
3655896,hedrumite,霞碱正长斑岩,,2019-01-10
3655897,hedyphane,砷钙铅矿,,2019-01-10
3655898,Hegetotheria,魁兽亚目；黑格兽亚目,,2019-01-10
3655899,Heidelberg man,海得堡人{人种},,2019-01-10
3655900,heintzeite,硼钾镁石,,2019-01-10
3655901,heintzite,硼钾镁石,,2019-01-10
3655902,heirographen,象形石,,2019-01-10
3655903,Helderbergian,海得贝格统{下部泥盆系},,2019-01-10
3655904,helenite,弹性地蜡,,2019-01-10
3655905,Heliastraea,太阳海石花属；太阳海花石属,,2019-01-10
3655906,helical fracture,螺旋状断口；螺旋状破裂,,2019-01-10
3655907,helicitic structure,残缕状构造,,2019-01-10
3655908,helicoid spiral,蜗牛式旋壳,,2019-01-10
3655909,Helicoplacus,海螺属；螺海参属,,2019-01-10
3655910,Helicospheaera,日球石属；日团石属,,2019-01-10
3655911,helictite,石枝；不规则石钟乳,,2019-01-10
3655912,heligmite,弯石笋；斜生石笋,,2019-01-10
3655913,heliolite,日长石,,2019-01-10
3655914,Heliolites,日射珊瑚属,,2019-01-10
3655915,heliophyllite,直氯砷铅矿,,2019-01-10
3655916,Heliophyllum,日射脊板珊瑚属；脊板珊瑚属,,2019-01-10
3655917,Heliopore,蓝珊瑚属,,2019-01-10
3655918,heliotrope,血玉髓；血石,,2019-01-10
3655919,Helix,蜗牛属,,2019-01-10
3655920,hellandite,钙铒钇矿,,2019-01-10
3655921,helminth,蠕绿泥石,,2019-01-10
3655922,Helohyus,长嘴猪属,,2019-01-10
3655923,Helopus,盘足龙属,,2019-01-10
3655924,helsinkite,钠长绿帘岩,,2019-01-10
3655925,Helvetian,海尔微统{下部中新统},,2019-01-10
3655926,helvine,日光榴石,,2019-01-10
3655927,helvite,日光榴石,,2019-01-10
3655928,hemachate,血点玛瑙,,2019-01-10
3655929,hemafibrite,红纤维石,,2019-01-10
3655930,hemagate,血点玛瑙,,2019-01-10
3655931,hematite,赤铁矿,,2019-01-10
3655932,hematite rock,赤铁岩,,2019-01-10
3655933,hematite schist,赤铁片岩,,2019-01-10
3655934,hematolite,红砷铝锰石,,2019-01-10
3655935,hematophanite,红铁铅矿,,2019-01-10
3655936,hemera,古生物的极盛期,,2019-01-10
3655937,hemi-,半,,2019-01-10
3655938,Hemiaster,半星海胆属,,2019-01-10
3655939,hemibasal pinacoid,半底面；半底轴面,,2019-01-10
3655940,Hemichordata,半索动物纲,,2019-01-10
3655941,Hemicidaris,半头帕海胆属,,2019-01-10
3655942,hemicolloid,半胶质,,2019-01-10
3655943,hemicone,半圆锥；冲积锥,,2019-01-10
3655944,hemicrystalline,半结晶质；半晶质,,2019-01-10
3655945,Hemicycadales,半苏铁目,,2019-01-10
3655946,Hemicyclaspis,半环鱼属,,2019-01-10
3655947,Hemicythere,半神介属；半女神介属,,2019-01-10
3655948,Hemicytherura,异金星介,,2019-01-10
3655949,hemidome,半坡面；半穹窿,,2019-01-10
3655950,hemihedral,半面像的,,2019-01-10
3655951,hemihedral form,半面形,,2019-01-10
3655952,hemihedral hemimorphic class,半面式异极像晶族,,2019-01-10
3655953,hemihedrism,半面像,,2019-01-10
3655954,hemihedron,半面体,,2019-01-10
3655955,hemihedry,半面像,,2019-01-10
3655956,hemi-heterocercal fin,拟歪尾[鲭],,2019-01-10
3655957,hemiholohedral,半全面像的,,2019-01-10
3655958,hemimorph,异极像,,2019-01-10
3655959,hemimorphic,异极的,,2019-01-10
3655960,hemimorphic axis,异极轴,,2019-01-10
3655961,hemimorphic class,异极像族,,2019-01-10
3655962,hemimorphic form,异极形,,2019-01-10
3655963,hemimorphic hemihedral class,异极半面向晶族,,2019-01-10
3655964,hemimorphism,异极像性,,2019-01-10
3655965,hemimorphite,异极矿,,2019-01-10
3655966,hemipelagic deposit,半远洋沉积物,,2019-01-10
3655967,hemipinacoid,半轴面,,2019-01-10
3655968,hemiprism,半柱；半柱形,,2019-01-10
3655969,Hemipronites,半脊贝属,,2019-01-10
3655970,Hemiptera,半翅目属,,2019-01-10
3655971,Hemiptychina,半褶贝属；半凸贝属,,2019-01-10
3655972,hemipyramid,半锥体,,2019-01-10
3655973,hemisphere,半球,,2019-01-10
3655974,hemispheric,半球形的,,2019-01-10
3655975,hemitite,赤铁矿,,2019-01-10
3655976,hemitrope,半体双晶,,2019-01-10
3655977,hemitrope twin,半体双晶,,2019-01-10
3655978,henidium,单板{腕足动物}；半胶合板,,2019-01-10
3655979,henwoodite,磷铁松绿石,,2019-01-10
3655980,hepatic cinnabar,肝辰砂,,2019-01-10
3655981,hepatic mercuric ore,肝汞矿,,2019-01-10
3655982,hepatic mercury ore,肝汞矿,,2019-01-10
3655983,hepatic pyrite,磁黄铁矿；白铁矿；肝铁矿,,2019-01-10
3655984,Hepaticae,苔类,,2019-01-10
3655985,hepatite,肝臭重晶石,,2019-01-10
3655986,heptorite,暗色蓝方煌斑岩,,2019-01-10
3655987,herbaceous,草本的,,2019-01-10
3655988,herbivorous tooth,食草牙,,2019-01-10
3655989,Hercynian,海西运动,,2019-01-10
3655990,Hercynian Orogeny,海西运动,,2019-01-10
3655991,hercynite,铁尖晶石,,2019-01-10
3655992,herderite,磷铍钙石,,2019-01-10
3655993,hereditary unit,遗传单位,,2019-01-10
3655994,hereditary variation,遗传[性]变异,,2019-01-10
3655995,heredity,遗传,,2019-01-10
3655996,Hermanites,海媒介属,,2019-01-10
3655997,hermatopelago,沉礁滩,,2019-01-10
3655998,hermatypic,造礁的；藻珊礁的,,2019-01-10
3655999,hermesite,汞黝铜矿,,2019-01-10
3656000,hermit-crab,寄居蟹,,2019-01-10
3656001,heronite,碱长球斑浅成岩,,2019-01-10
3656002,herrengrundite,钙铜矾,,2019-01-10
3656003,herrerite,铜菱锌矿,,2019-01-10
