ID,英文名稱,中文名稱,圖片,更新日期
2039861,A register,A暂存器；算术暂存器,,2014-05-14
2039862,A/D converter {= ADC},A/D转换器；类比数位转换器,,2014-05-14
2039864,Abbe grinding mill,阿贝研磨机,,2014-05-14
2039865,Abbe refractometer,阿贝折射计,,2014-05-14
2039866,Abbe substage condenser,阿贝次阶电容器,,2014-05-14
2039867,Abel tester,阿贝耳[闪点]测定器,,2014-05-14
2039868,abrasion tester,磨耗试验机,,2014-05-14
2039869,abrasive belt,磨带,,2014-05-14
2039870,abrasive cutoff machine,磨切机,,2014-05-14
2039871,abrasive cut-off machine,磨切机,,2014-05-14
2039872,abrasive cutoff saw,磨切锯,,2014-05-14
2039873,abrasive cut-off saw,磨切锯,,2014-05-14
2039874,abrasive hardness tester,抗磨硬度试验机,,2014-05-14
2039875,absolute electrometer,绝对静电计,,2014-05-14
2039876,absolute manometer,绝对[流体]压力计,,2014-05-14
2039877,absolute pressure gage,绝对压力计,,2014-05-14
2039878,absolute pressure gauge,绝对压力计,,2014-05-14
2039879,absorber,吸收器,,2014-05-14
2039880,absorptiometer,液体吸气计；[液体]调稠器；吸收[比色]计,,2014-05-14
2039881,absorption adapter,吸收应接器,,2014-05-14
2039882,absorption apparatus,吸收装置,,2014-05-14
2039883,absorption bottle,吸收瓶,,2014-05-14
2039884,absorption cell,吸收槽；吸收池,,2014-05-14
2039885,absorption column,吸收管柱；吸收塔,,2014-05-14
2039886,absorption frequency meter,吸收[式]频率计,,2014-05-14
2039887,absorption pipet,吸球吸管；吸收吸管,,2014-05-14
2039888,absorption pipette,吸球吸管；吸收吸管,,2014-05-14
2039889,absorption spectrometer,吸收[光]谱仪,,2014-05-14
2039890,absorption spectrophotometer,吸收分光光度计,,2014-05-14
2039891,absorption tower,吸收塔,,2014-05-14
2039892,absorption tube,吸收管,,2014-05-14
2039893,absorption vessel,吸收槽；吸收器[皿],,2014-05-14
2039894,absorption wavemeter,吸收式波长计,,2014-05-14
2039895,absorption wave-meter,吸收式波长计,,2014-05-14
2039896,AC converter,交流转换器,,2014-05-14
2039897,AC dynamo,交流发电机,,2014-05-14
2039898,AC generator,交流发电机,,2014-05-14
2039899,AC inert-arc welder,交流定弧熔接器,,2014-05-14
2039900,AC potentiometer,交流电位计,,2014-05-14
2039901,AC transformer,交流变压器,,2014-05-14
2039902,accelerated solvent extractor {= ASE},加速溶剂萃取仪,,2014-05-14
2039903,accelerated testing cabinet,加速试验机；加速试验箱,,2014-05-14
2039904,accelerating electrode,加速电极,,2014-05-14
2039905,accelerator,加速器,,2014-05-14
2039906,accelerator spectrometer,加速器谱仪,,2014-05-14
2039907,accelerometer,加速[度]计,,2014-05-14
2039908,acceptor,接受器,,2014-05-14
2039909,accordion,伸缩接头,,2014-05-14
2039910,accumulator,蓄电池；累积器；累进器{电脑},,2014-05-14
2039911,AC-DC receiver,交直流接收机；交直流收音机,,2014-05-14
2039912,acetifier,醋化器,,2014-05-14
2039913,acetimeter,乙酸[比重]计；醋酸[比重]计,,2020-03-23
2039914,acetometer,乙酸[比重]计；醋酸[比重]计,,2020-03-23
2039915,acetylation flask,乙醯化瓶,,2014-05-14
2039916,acetylene burner,乙炔灯,,2014-05-14
2039917,achromatic lens,消色差透镜,,2014-05-14
2039918,achromatic objective,消色差物镜,,2014-05-14
2039919,achromatic prism,消色差棱镜,,2014-05-14
2039920,achromatic telescope,消色差望远镜,,2014-05-14
2039921,acid bath,酸浴,,2014-05-14
2039922,acid battery,酸性电池[组],,2014-05-14
2039923,acid buret,酸滴定管,,2014-05-14
2039924,acid cooler,酸冷却器,,2014-05-14
2039925,acid digestion bomb,弹式消化器；耐酸消化弹,,2014-05-14
2039926,acid dipper,耐酸杓,,2014-05-14
2039927,acid egg,蛋形升酸器；酸蛋{仪器名},,2014-05-14
2039928,acid egg pump,酸蛋泵,,2014-05-14
2039929,acid funnel,耐酸漏斗,,2014-05-14
2039930,acid glove,耐酸手套,,2014-05-14
2039931,acid hydrolysis tube,酸性水解管,,2014-05-14
2039932,acid ladle,耐酸杓,,2014-05-14
2039933,acid pump,酸[液]泵,,2014-05-14
2039934,acid sight box,窥酸箱,,2014-05-14
2039935,acid storage battery,酸性蓄电池[组],,2014-05-14
2039936,acid test tube,耐酸试管,,2014-05-14
2039937,acid tongs,耐酸钳,,2014-05-14
2039938,acidimeter,酸量计；酸[液]比重计,,2014-05-14
2039939,acidometer,酸量计；酸[液]比重计,,2014-05-14
2039940,acid-proof slab,耐酸板,,2014-05-14
2039941,acoustic filter,滤声器,,2014-05-14
2039942,acoustic frequency generator,声频发生器,,2014-05-14
2039943,acoustic oscillograph,示声波器,,2014-05-14
2039944,acoustic resonator,共鸣器,,2014-05-14
2039945,acoustical meter,比声计,,2014-05-14
2039946,acoustical radiator,声辐射器,,2014-05-14
2039947,acrometer,油[类]比重计,,2014-05-14
2039948,actino-electricity meter,光化电流计,,2014-05-14
2039949,actinograph,光量仪；辐射仪,,2014-05-14
2039950,actinometer,光量计；感光计,,2014-05-14
2039951,activator,活化器,,2014-05-14
2039952,active device,有源装置；主动装置；有源元件；主动元件,,2014-05-14
2039953,active element,有源元件；主动元件,,2014-05-14
2039954,active network,有源网路；主动网路,,2014-05-14
2039955,active transducer,主动转换器；有源转换器,,2014-05-14
2039956,actuator,引动器；致动器；激发器,,2014-05-14
2039957,acyclic dynamo,非周期性发电机,,2014-05-14
2039958,acyclic generator,非周期性发电机,,2014-05-14
2039959,adapter,应接器；应接管；转接器,,2020-03-23
2039960,adaptometer,适应计；暗适应测试仪,,2014-05-14
2039961,adaptor,应接器；应接管；转接器,,2020-03-23
2039963,adder,加[法]器,,2014-05-14
2039964,adding machine,相加机；加数机,,2014-05-14
2039965,addition adapter,添加应接器；加料应接器,,2014-05-14
2039966,addition funnel,添加漏斗；加料漏斗,,2014-05-14
2039967,addition tube,添加管；加料管,,2014-05-14
2039968,address counter,位址计数器,,2014-05-14
2039969,address register,位址暂存器,,2014-05-14
2039970,adhesive meter,胶黏计；黏著计,,2014-05-14
2039971,adiabatic calorimeter,绝热卡计,,2014-05-14
2039972,adiabatic reactor,绝热反应器,,2014-05-14
2039973,adiabatic twin calorimeter,绝热双卡计,,2014-05-14
2039974,adjustable bearing,可调轴承,,2014-05-14
2039975,adjustable clamp,可调夹,,2014-05-14
2039976,adjustable orifice,可调流孔；可调孔口,,2014-05-14
2039977,adjustable resistance,可变电阻；变阻器,,2014-05-14
2039978,adjustable screw,可调螺旋；调节螺旋,,2014-05-14
2039979,adjustable speed motor,调速马达；调速电动机,,2014-05-14
2039980,adjustable wrench,可调扳手,,2014-05-14
2039982,adsorber,吸附器,,2014-05-14
2039983,adsorption chromatographic column,吸附层析管柱,,2014-05-14
2039984,adsorption column,吸附管柱；吸附塔,,2014-05-14
2039985,adsorption tube,吸附管,,2014-05-14
2039986,advanced igniter,提早点火器,,2014-05-14
2039987,advanced ignitor,提早点火器,,2014-05-14
2039988,aeration candle,通气管,,2014-05-14
2039989,aeration cell,充气电池；通气电池,,2014-05-14
2039990,aeration device,通气装置,,2014-05-14
2039991,aeration tank,通气槽；曝气槽,,2014-05-14
2039992,aeration tower,通气塔,,2014-05-14
2039993,aeration tube,通气管,,2014-05-14
2039994,aeration wheel,通气轮,,2014-05-14
2039995,aerator,通气器；曝气槽,,2014-05-14
2039996,aerial,天线,,2014-05-14
2039997,aerial cable,空中电缆,,2014-05-14
2039998,aerial camera,高空照相机,,2014-05-14
2039999,aerial dust filter,空中滤尘器,,2014-05-14
2040000,aero-mag-mix stirrer,通气磁混合搅拌器,,2014-05-14
2040001,aerometer,量气计；气体比重计,,2014-05-14
2040002,aero-mix-stirrer,通气混合搅拌器,,2014-05-14
2040003,aeropulverizer,吹气磨粉机；喷磨机,,2014-05-14
2040004,aerosol bomb,喷雾弹,,2014-05-14
2040005,aerosol sprayer,[气溶胶]喷雾器,,2014-05-14
2040006,aerosol valve,喷雾阀,,2014-05-14
2040007,aerostatic press,气[体]压[出]机,,2014-05-14
2040011,after filter,后滤器,,2014-05-14
2040012,afterburner,后燃器,,2014-05-14
2040013,aftercooler,后冷却器,,2014-05-14
2040014,afterfilter,后滤器,,2014-05-14
2040015,agar funnel,洋菜漏斗,,2014-05-14
2040016,agar surface electrode,洋菜表面电极,,2014-05-14
2040017,agate mortar,玛瑙研钵,,2014-05-14
2040018,aging oven,老化烘箱,,2014-05-14
2040019,agitated vessel,搅拌槽,,2014-05-14
2040020,agitator,搅拌器,,2014-05-14
2040021,agitator drier,搅拌干燥器,,2014-05-14
2040022,air accumulator,空气蓄压器,,2014-05-14
2040023,air agitator,空气搅拌器,,2014-05-14
2040024,air analyzer,空气分析仪,,2014-05-14
2040025,air atomizing burner,空气雾化燃烧器,,2014-05-14
2040026,air bag,里胎；气囊,,2014-05-14
2040027,air bag buffer,气囊缓冲器,,2014-05-14
2040028,air bath,空气浴,,2014-05-14
2040029,air blast,喷气器,,2014-05-14
2040030,air blast circuit breaker,气冲断路器,,2014-05-14
2040031,air bleeder,空气分供管；放气管,,2014-05-14
2040032,air blower,鼓风机,,2014-05-14
2040033,air bottle,压缩空气瓶,,2014-05-14
2040034,air box,风箱,,2014-05-14
2040035,air break switch,气断开关,,2014-05-14
2040036,air bubble level,气泡水平仪,,2014-05-14
2040037,air bubbler,空气起泡器,,2014-05-14
2040038,air buffer,空气缓冲器,,2014-05-14
2040039,air burner,喷灯,,2014-05-14
2040040,air casing,气夹层；气套,,2014-05-14
2040041,air cell,空气室,,2014-05-14
2040042,air chamber,空气室,,2014-05-14
2040043,air choke valve,阻气阀,,2014-05-14
2040044,air circuit breaker,空气[电路]断路器；空气断电器,,2014-05-14
2040045,air circulation incubator,空气循环保温箱,,2014-05-14
2040046,air clamp,气力夹,,2014-05-14
2040047,air classifier,风力类析器；风选器；风选机；空气分级机,,2014-05-14
2040048,air cleaner,空气清洁器；空气净化器,,2014-05-14
2040049,air cock,气旋塞；气栓,,2014-05-14
2040050,air compressor,空气压缩机,,2014-05-14
2040051,air compressor pump,空气压缩泵,,2014-05-14
2040052,air condenser,空气冷凝器；空气电容器,,2014-05-14
2040053,air conditioner,空气调节机；空调机,,2014-05-14
2040054,air container,空气贮槽,,2014-05-14
2040055,air control register,风量控制记录器；风量控制暂存器,,2014-05-14
2040056,air cooled crystallizer,气冷结晶器,,2014-05-14
2040057,air cooled engine,气冷引擎；气冷发动机,,2014-05-14
2040058,air cooled jacket,气冷套,,2014-05-14
2040059,air cooled motor,气冷马达；气冷电动机,,2014-05-14
2040060,air cooled reactor,气冷反应器,,2014-05-14
2040061,air cooled tube,气冷[电子]管,,2014-05-14
2040062,air cooler,空气冷却器,,2014-05-14
2040063,air core coil,空心线圈,,2014-05-14
2040064,air core reactor,空心反应器,,2014-05-14
2040065,air core transformer,空心变压器,,2014-05-14
2040066,air curtain,[空]气幕,,2014-05-14
2040067,air cushion,气垫,,2014-05-14
2040068,air cylinder,气缸；空气钢瓶,,2014-05-14
2040069,air drier,空气干燥器；风干器,,2014-05-14
2040070,air driven stirrer,气动搅拌器,,2014-05-14
2040071,air drum,气筒,,2014-05-14
2040072,air drying tower,空气干燥塔,,2014-05-14
2040073,air duct,空气导管,,2014-05-14
2040074,air ejector,空气喷射器；射气器；气冲器,,2014-05-14
2040075,air elutriator,风力淘析器；空气淘析器,,2014-05-14
2040076,air escape valve,放气阀；逸气阀；泄气阀,,2014-05-14
2040077,air exhauster,排气器；排气机,,2014-05-14
2040078,air expander,空气膨胀机,,2014-05-14
2040079,air extracting pump,抽气泵,,2014-05-14
2040080,air extractor,抽气机；抽气器,,2014-05-14
2040081,air fan,风扇,,2014-05-14
2040082,air faucet,气嘴,,2014-05-14
2040083,air filter,空气滤器,,2014-05-14
2040084,air flowmeter,空气流速计,,2014-05-14
2040085,air funnel,通风筒；气道,,2014-05-14
2040086,air gage,气压表；气压计,,2014-05-14
2040087,air gate,气门,,2014-05-14
2040088,air gauge,气压表；气压计,,2014-05-14
2040089,air grate,通风栅,,2014-05-14
2040090,air grinder,气动研磨机,,2014-05-14
2040091,air gun,[空]气枪,,2014-05-14
2040092,air hammer,气[动]锤；空气锤,,2014-05-14
2040093,air heater,空气加热器,,2014-05-14
2040094,air hoist,气压起重机；气压吊重机,,2014-05-14
2040095,air holder,空气贮存器,,2014-05-14
2040096,air hose,空气软管,,2014-05-14
2040097,air injection engine,空气喷油引擎；空气喷油发动机；空气喷射引擎,,2014-05-14
2040098,air injector,空气注射器,,2014-05-14
2040099,air inlet valve,进气阀,,2014-05-14
2040100,air leakage meter,漏气计,,2014-05-14
2040101,air lift,气升器,,2014-05-14
2040102,air lift agitator,气升搅拌器,,2014-05-14
2040103,air lift pump,空气升液泵,,2014-05-14
2040104,air liquefier,空气液化器,,2014-05-14
2040105,air lock,气闸；气锁,,2014-05-14
2040106,air manometer,空气压力计,,2014-05-14
2040107,air meter,风速计；气速表；气流计,,2014-05-14
2040108,air monitor,空气监测器,,2014-05-14
2040109,air motor,空气动力机；气动马达,,2014-05-14
2040110,air multi-check comparator,气压复测校验仪,,2014-05-14
2040111,air nozzle,空气喷嘴,,2014-05-14
2040112,air oven,空气烘箱,,2014-05-14
2040113,air pipe,空气管,,2014-05-14
2040114,air plug,空气塞,,2014-05-14
2040115,air precooler,空气预冷器,,2014-05-14
2040116,air preheater,空气预热器,,2014-05-14
2040117,air pump,空气泵；抽气机,,2014-05-14
2040118,air purifier,空气净化器,,2014-05-14
2040119,air purifying device,空气净化装置,,2014-05-14
2040120,air pyrometer,空气高温计,,2014-05-14
2040121,air receiver,贮气箱；集气箱,,2014-05-14
2040122,air refrigeration machine,空气冷冻机,,2014-05-14
2040123,air regenerating device,空气净化装置,,2014-05-14
2040124,air regeneration device,空气净化装置；空气净化器,,2014-05-14
2040125,air regulator,空气调节器,,2014-05-14
2040126,air relief valve,释气阀,,2014-05-14
2040127,air sampler,空气取样器,,2014-05-14
2040128,air scrubber,空气洗涤器,,2014-05-14
2040129,air separation tower,空气分离塔,,2014-05-14
2040130,air separator,空气分离器,,2014-05-14
2040131,air sparger,空气喷气器,,2014-05-14
2040132,air speed meter,风速计,,2014-05-14
2040133,air starter,空气起动器,,2014-05-14
2040134,air sterilizer,空气灭菌器,,2014-05-14
2040135,air stirrer,空气搅拌器,,2014-05-14
2040136,air strainer,空气[粗]滤器,,2014-05-14
2040137,air suction pipe,空气吸管,,2014-05-14
2040138,air tester,空气试验器,,2014-05-14
2040139,air thermometer,空气温度计,,2014-05-14
2040140,air tight container,气密容器,,2014-05-14
2040141,air tire,气胎,,2014-05-14
2040142,air tool,气动工具,,2014-05-14
2040143,air turbine,空气涡轮,,2014-05-14
2040144,air valve,气阀,,2014-05-14
2040145,air velocity indicator,风速指示器,,2014-05-14
2040146,air vessel,空气容器,,2014-05-14
2040147,air washer,空气洗涤器,,2014-05-14
2040148,air whistle valve,气笛阀,,2014-05-14
2040149,air-activated conveyer,气动运送机,,2014-05-14
2040150,air-aspirated engine,吸气引擎,,2014-05-14
2040151,air-breather,通风装置,,2014-05-14
2040152,airflow meter,空气流速计,,2014-05-14
2040153,airlift,气升器,,2014-05-14
2040154,airlift agitator,气升搅拌器,,2014-05-14
2040155,airlift pump,气升泵,,2014-05-14
2040156,air-operated valve,气动阀,,2014-05-14
2040157,air-quenching cooler,空气骤冷器,,2014-05-14
2040158,air-swept mill,风扫磨,,2014-05-14
2040159,alarm,警报器,,2014-05-14
2040160,alarm bell,警铃,,2014-05-14
2040161,alarm clock,警报钟；闹钟,,2014-05-14
2040162,alarm device,警报装置,,2014-05-14
2040163,alarm display,警报显示器,,2014-05-14
2040164,alarm horn,警报器,,2014-05-14
2040165,alarm lamp,警报灯,,2014-05-14
2040166,alarm relay,警报继电器,,2014-05-14
2040167,alarm signal,警报信号,,2014-05-14
2040168,alarm thermometer,警报温度计,,2014-05-14
2040169,alarm valve,警报阀,,2014-05-14
2040170,alarm whistle,警报笛,,2014-05-14
2040171,albuminimeter,白蛋白计,,2014-05-14
2040172,albuminometer,白蛋白计,,2014-05-14
2040173,albuminoscope,白蛋白[检验]器,,2014-05-14
2040174,albumoscope,白蛋白[检验]器,,2014-05-14
2040175,alcohol blast burner,酒精喷灯,,2014-05-14
2040176,alcohol burner,酒精灯,,2014-05-14
2040177,alcohol distillation apparatus,酒精蒸馏装置,,2014-05-14
2040178,alcohol engine,酒精发动机；酒精引擎,,2014-05-14
2040179,alcohol hydrometer,酒精比重计,,2014-05-14
2040180,alcohol lamp,酒精灯,,2014-05-14
2040181,alcohol level,酒精水平仪,,2014-05-14
2040182,alcohol meter,酒精计,,2014-05-14
2040183,alcohol stove,酒精炉,,2014-05-14
2040184,alcohol surge tank,酒精缓冲槽,,2014-05-14
2040185,alcohol thermometer,酒精温度计,,2014-05-14
2040186,alcoholometer,酒精比重计,,2014-05-14
2040187,aligner,对准器,,2014-05-14
2040188,alignment indicator,对准指示器,,2014-05-14
2040189,alkali bulb,碱吸收器,,2014-05-14
2040190,alkali hydrometer,碱液比重计,,2014-05-14
2040191,alkali storage cell,碱性蓄电池,,2014-05-14
2040192,alkali-chlorine cell,碱氯电解槽,,2014-05-14
2040193,alkalimeter,碱量计；二氧化碳定量器,,2014-05-14
2040194,alkaline accumulator,碱性蓄电池,,2014-05-14
2040195,alkaline battery,碱性电池[组],,2014-05-14
2040196,alkaline cell,碱性电池,,2014-05-14
2040197,alkaline storage battery,碱性蓄电池[组],,2014-05-14
2040198,alkaline storage cell,碱性蓄电池,,2014-05-14
2040199,alkali-resistant beaker,耐碱烧杯,,2014-05-14
2040200,alkali-resistant bottle,耐碱瓶,,2014-05-14
2040201,alkali-resistant flask,耐碱烧瓶,,2014-05-14
2040202,alkali-resistant glass tubing,耐碱玻璃管,,2014-05-14
2040203,alkali-resistant test tube,耐碱试管,,2014-05-14
2040204,alkali-solution buret,碱溶液滴定管,,2014-05-14
2040205,alkoxyl apparatus,烷氧树脂装置,,2014-05-14
2040206,allocator,配置器；分配器,,2014-05-14
2040207,alloy junction transistor,合金介面电晶体,,2014-05-14
2040208,all-wave receiver,全波接收机；全波收音机,,2014-05-14
2040209,alpha chamber,阿伐腔；α腔,,2014-05-14
2040210,alpha counter,阿伐计数器；α计数器,,2014-05-14
2040211,alpha meter,阿伐计；α计,,2014-05-14
2040212,alpha scintillation counter,阿伐闪烁计数器；α闪烁计数器,,2014-05-14
2040213,alpha scintillation scaler,阿伐闪烁示数器；α闪烁示数器,,2014-05-14
2040214,alpha scintillation spectrometer,阿伐闪烁谱仪；α闪烁谱仪,,2014-05-14
2040215,alpha spectrometer,阿伐[射线]谱仪,,2014-05-14
2040216,alphanumeric display,文数显示器,,2014-05-14
2040217,alpha-ray spectrometer,阿伐射线谱仪,,2014-05-14
2040218,alpha-ray track apparatus,阿伐射线检径器；α射线检径器,,2014-05-14
2040219,alternating accumulator,交流蓄电池,,2014-05-14
2040220,alternating current generator,交流发电机,,2014-05-14
2040221,alternating current meter,交流电流计,,2014-05-14
2040222,alternating current motor,交流电动机；交流马达,,2014-05-14
2040223,alternating current rectifier,交流整流器,,2014-05-14
2040224,alternating current transformer,交流变压器,,2014-05-14
2040225,alternating current tube,交流[电子]管,,2014-05-14
2040226,alternating current voltmeter,交流伏特计；交流电压计,,2014-05-14
2040227,alternating gradient synchrotron,交错梯度同步加速器；交变梯度同步加速器,,2014-05-14
2040228,alternative switch,转换开关,,2014-05-14
2040229,alternator,交流发电机,,2014-05-14
2040230,altimeter,高度计,,2014-05-14
2040231,altitude recorder,高度记录器,,2014-05-14
2040232,aluminum rectifier,铝整流器,,2014-05-14
2040233,alundum combustion boat,刚铝石燃烧船形皿；刚玉燃烧船形皿,,2014-05-14
2040234,alundum crucible,刚铝石坩埚；刚玉坩埚,,2014-05-14
2040235,alundum extraction thimble,刚铝石萃取套筒；刚玉萃取套筒,,2014-05-14
2040236,alundum filter,刚铝石滤器；刚玉滤器,,2014-05-14
2040237,amalgam decomposer,汞齐分解器,,2014-05-14
2040238,amalgam electrode,汞齐电极,,2014-05-14
2040239,amalgamating-pan,汞齐化盘；混汞盘,,2014-05-14
2040240,amalgamator,[混汞]提金器,,2014-05-14
2040241,amber bottle,琥珀色瓶；棕色瓶,,2014-05-14
2040242,amber buret,琥珀色滴定管；棕色滴定管,,2014-05-14
2040243,amino acid autoanalyzer,胺基酸自动分析仪,,2014-05-14
2040244,ammeter,安培计；电流计,,2014-05-14
2040245,ammonia absorber,氨吸收器,,2014-05-14
2040246,ammonia applicator,洒氨器,,2014-05-14
2040247,ammonia compressor,氨压缩机,,2014-05-14
2040248,ammonia converter,氨合成器,,2014-05-14
2040249,ammonia dissociation buret,氨解离滴定管,,2014-05-14
2040250,ammonia distiller,氨蒸馏器,,2014-05-14
2040251,ammonia electrode,氨电极,,2014-05-14
2040252,ammonia gas mask,防氨面具,,2014-05-14
2040253,ammonia machine,氨冷冻机,,2014-05-14
2040254,ammonia satuator saturator,氨饱和器,,2014-05-14
2040255,ammonia saturator,氨饱和器,,2014-05-14
2040256,ammonia still,氨蒸馏器,,2014-05-14
2040257,ammonia washer,氨洗涤器；洗氨器,,2014-05-14
2040258,ammoniameter,氨量计,,2014-05-14
2040259,ammoniometer,氨量计,,2014-05-14
2040260,amperemeter,安培计；电流计,,2014-05-14
2040261,ampere-turns,安培匝,,2014-05-14
2040262,amperometer,安培计；电流计,,2014-05-14
2040263,amperostat,恒电流仪；定电流仪,,2014-05-14
2040264,amplifier,放大器,,2014-05-14
2040265,amplifying tube,放大[电子]管,,2014-05-14
2040266,amplitude analyzer,振幅分析仪,,2014-05-14
2040267,amplitude distribution analyzer,振幅分布分析仪,,2014-05-14
2040268,amplitude limiter,振幅限制器,,2014-05-14
2040269,amplitude modulator,调幅器,,2014-05-14
2040270,ampoule,安瓿,,2014-05-14
2040271,ampoule sealing burner,安瓿封口灯,,2014-05-14
2040272,ampoule torch burner,安瓿喷灯,,2014-05-14
2040273,ampul,安瓿,,2014-05-14
2040274,ampul cutter,安瓿切器,,2014-05-14
2040275,ampul cutting machine,安瓿切割机,,2014-05-14
2040276,ampul filler,安瓿灌装器,,2014-05-14
2040277,ampul leakage tester,安瓿测漏器,,2014-05-14
2040278,ampul sealing burner,安瓿封口灯,,2014-05-14
2040279,ampul sealing machine,安瓿封口机,,2014-05-14
2040280,ampul torch burner,安瓿喷灯,,2014-05-14
2040281,ampule,安瓿,,2014-05-14
2040282,ampule sealing burner,安瓿封口灯,,2014-05-14
2040283,ampule torch burner,安瓿喷灯,,2014-05-14
2040284,anaerobic culture apparatus,厌氧培养器；厌氧培养箱,,2014-05-14
2040285,anaerobic culture dish,厌氧培养皿,,2014-05-14
2040286,anallatic lens,移准距点透镜,,2014-05-14
2040287,anallatic telescope,内焦准式望远镜；视距望远镜,,2014-05-14
2040288,analog adder,类比加法器,,2014-05-14
2040289,analog communication analyzer,类比通讯分析仪,,2014-05-14
2040290,analog computer,类比计算机,,2014-05-14
2040291,analog device,类比装置,,2014-05-14
2040292,analog divider,类比除法器,,2014-05-14
2040293,analogic oscilloscope,类比示波器,,2014-05-14
2040294,analog-to-digital (A/D) converter,类比数位（A/D）转换器,,2014-05-14
2040295,analog-to-digital converter {= ADC},类比数位转换器,,2014-05-14
2040296,analytical balance,分析天平,,2014-05-14
2040297,analytical macrobalance,分析常量天平,,2014-05-14
2040298,analytical weights,分析砝码,,2014-05-14
2040299,analyzer,分析仪；分析器；偏光镜,,2014-05-14
2040300,analyzer kit,分析组合套组,,2014-05-14
2040301,anemobiagraph,压力风速计,,2014-05-14
2040302,anemometer,流速计；风速计,,2014-05-14
2040303,anemostat,流速稳定器,,2014-05-14
2040304,anerobic culture apparatus,厌氧培养器；厌氧培养箱,,2014-05-14
2040305,anerobic culture dish,厌氧培养皿,,2014-05-14
2040306,aneroid altimeter,无液高度计,,2014-05-14
2040307,aneroid barograph,无液气压仪；空盒气压仪,,2014-05-14
2040308,aneroid barometer,无液气压计,,2014-05-14
2040309,anesthesia unit,麻醉机,,2014-05-14
2040310,angle adapter,角形应接管,,2014-05-14
2040311,angle centrifuge,斜角离心机,,2014-05-14
2040312,angle clamp,角夹,,2014-05-14
2040313,angle cock,角旋塞,,2014-05-14
2040314,angle cutter,角铁切割机,,2014-05-14
2040315,angle form thermoregulator,弯角温度调节器,,2014-05-14
2040316,angle gage,量角规,,2014-05-14
2040317,angle gauge,量角规,,2014-05-14
2040318,angle gear,角齿轮,,2014-05-14
2040319,angle iron shear,角铁剪切机,,2014-05-14
2040320,angle meter,量角器,,2014-05-14
2040321,angle pedestal,斜轴承,,2014-05-14
2040322,angle reducer,异径肘管,,2014-05-14
2040323,angle resolved ultraviolet photoelectron spectrometer {= ARUPS},角析[真空]紫外光电子能谱仪,,2014-05-14
2040324,angle tongs,角钳,,2014-05-14
2040325,angle valve,角[形]阀,,2014-05-14
2040326,angle washer,角[形]垫圈,,2014-05-14
2040327,angular belting,转角调带装置,,2014-05-14
2040328,angular bevel gear,斜交斜齿轮,,2014-05-14
2040329,angular contact ball bearing,斜角滚珠轴承,,2014-05-14
2040330,angular cutter,角铣刀,,2014-05-14
2040331,angular reflector,[特]角反射器,,2014-05-14
2040332,angular resolver,角解析器,,2014-05-14
2040333,anharmonic oscillator,非谐振子；非谐振荡器,,2014-05-14
2040334,animal balance,动物天平,,2014-05-14
2040335,anion exchange column,阴离子交换管柱,,2014-05-14
2040336,Anjelini furnace,安及力尼[直接弧光]炉,,2014-05-14
2040337,annealing box,退火箱,,2014-05-14
2040338,annealing cup crucible,退火杯形坩埚,,2014-05-14
2040339,annealing furnace,退火炉,,2014-05-14
2040340,annealing hearth,退火敞炉,,2014-05-14
2040341,annealing pot,退火罐,,2014-05-14
2040342,annex storage,附添加储存器；附属储存器,,2014-05-14
2040343,annihilator,灭火器,,2014-05-14
2040344,annuciator,报号器；告示器,,2014-05-14
2040345,annular furnace,环形炉,,2014-05-14
2040346,anode,阳极；氧化极,,2014-05-14
2040347,anode battery,阳极电池[组],,2014-05-14
2040348,anode electrode,阳极,,2014-05-14
2040349,anode feed resistance,阳极馈电电阻,,2014-05-14
2040350,anode plate,阳极板,,2014-05-14
2040351,answer lamp,回答灯,,2014-05-14
2040352,antechamber,预燃室,,2014-05-14
2040353,antenna,天线,,2014-05-14
2040354,anthracene scintillation counter,蒽闪烁计数器,,2014-05-14
2040355,anthracometer,二氧化碳[测定]计,,2014-05-14
2040356,antibackfire device,逆火防止装置,,2014-05-14
2040357,anti-bumping disc,抗爆沸圆板,,2014-05-14
2040358,anti-capacitance switch,反电容开关,,2014-05-14
2040359,anticathode,对阴极,,2014-05-14
2040360,anticoincidence gate,反符合闸,,2014-05-14
2040361,anticoincidence unit,反符合单元,,2014-05-14
2040362,antidiffusion screen,防扩散屏,,2014-05-14
2040363,antidimming disc,[防雾]保明片；抗蒙片,,2014-05-14
2040364,anti-friction bearing,抗摩擦轴承,,2014-05-14
2040365,anti-hunt device,防震器；遏振器,,2014-05-14
2040366,anti-icer,防结冰装置,,2014-05-14
2040367,antilogous pole,晶热电负极,,2014-05-14
2040368,antioxidant apparatus,抗氧化装置,,2014-05-14
2040369,anti-reflection film,防反射膜,,2014-05-14
2040370,anti-static brush,抗静电刷,,2014-05-14
2040371,anvil,砧,,2014-05-14
2040372,anvil beak,砧嘴,,2014-05-14
2040373,anvil bed,砧座,,2014-05-14
2040374,anvil block,砧板,,2014-05-14
2040375,anvil chisel,砧凿,,2014-05-14
2040376,anvil cutter,砧剪,,2014-05-14
2040377,anvil horn,砧角,,2014-05-14
2040378,anvil jolter,砧台式震实造模机,,2014-05-14
2040379,apertometer,[数值]孔径计,,2014-05-14
2040380,aperture,孔；孔径,,2014-05-14
2040381,aperture card,孔径卡,,2014-05-14
2040382,aperture compensator,孔径补整器；孔径调准器,,2014-05-14
2040384,apochromatic lens,复消色差透镜,,2014-05-14
2040385,apochromatic objective,复消色差物镜,,2014-05-14
2040386,apparatus,装置；仪器,,2014-05-14
2040387,apparent power meter,视电力表；表观电力表,,2014-05-14
2040388,applanatic lens,消球差透镜；齐明透镜,,2014-05-14
2040389,applicator,器具,,2014-05-14
2040390,apron board,护板,,2014-05-14
2040391,apron carrier,裙板输送机,,2014-05-14
2040392,apron conveyer,裙式运送机,,2014-05-14
2040393,apron elevator,裙板升降机,,2014-05-14
2040394,apron feeder,裙饲机；裙式进料器,,2014-05-14
2040395,aquametry apparatus,水分分析装置,,2014-05-14
2040396,aquarium reactor,水池[核]反应器,,2014-05-14
2040397,aquatest,水分滴定仪,,2014-05-14
2040398,arbiter,仲裁器,,2014-05-14
2040399,arbitrary function generator,任意函数产生器,,2014-05-14
2040400,arbitrary sequence computer,任序计算机,,2014-05-14
2040401,arbitrator,仲裁器,,2014-05-14
2040402,arc chamber,[电]弧箱；放电室,,2014-05-14
2040403,arc chute,[电]弧槽,,2014-05-14
2040404,arc converter,[电]弧换流器,,2014-05-14
2040405,arc deflector,电弧偏转器,,2014-05-14
2040406,arc detector,电弧检验器,,2014-05-14
2040407,arc extinguish chamber,消弧室,,2014-05-14
2040408,arc furnace,电弧炉,,2014-05-14
2040409,arc generator,电弧发生器,,2014-05-14
2040410,arc guide,电弧导路[装置],,2014-05-14
2040411,arc ignitor,电点弧装置点火器,,2014-05-14
2040412,arc interlocking relay,连锁电弧连互锁继电器,,2014-05-14
2040413,arc lamp,弧[光]灯,,2014-05-14
2040414,arc light,弧光灯,,2014-05-14
2040415,arc oscillator,电弧振荡器,,2014-05-14
2040416,arc rectifier,电弧整流器,,2014-05-14
2040417,arc shield,电弧遮屏；电弧筒,,2014-05-14
2040418,arc stabilizer,电弧稳定器,,2014-05-14
2040419,arc striking mechanism,电弧触发器,,2014-05-14
2040420,arc suppressing transformer,抑弧变压器,,2014-05-14
2040421,arc suppression coil,抑弧线圈,,2014-05-14
2040422,arc transmitter,电弧[式]发送器,,2014-05-14
2040423,arc welding generator,弧焊[发电]机,,2014-05-14
2040424,archless kiln,无拱窑,,2014-05-14
2040425,ardometer,光测高温计,,2014-05-14
2040426,area monitor,地区监测器,,2014-05-14
2040427,areopycnometer,稠液比重瓶,,2014-05-14
2040428,areosaccharimeter,糖比重计,,2014-05-14
2040429,argentometer,银盐比重计,,2014-05-14
2040430,argon bulb rectifier,氩管整流器,,2014-05-14
2040431,argon lamp,氩灯,,2014-05-14
2040432,argon laser,氩雷射,,2014-05-14
2040433,argon plasma source,氩电浆源,,2014-05-14
2040434,argon purifier,氩净化器,,2014-05-14
2040435,argon/krypton laser apparatus,氩/氪雷射装置,,2014-05-14
2040436,arithmetic register,算术暂存器,,2014-05-14
2040437,arithmometer,计数器；加减计算机,,2014-05-14
2040438,arm board,起纹板,,2014-05-14
2040439,arm brace,上臂支柱,,2014-05-14
2040440,arm crane,旋臂起重机,,2014-05-14
2040441,arm elevator,旋臂升降机,,2014-05-14
2040442,armature,电枢；衔铁；磁舌,,2014-05-14
2040443,armature bender,电枢弯机,,2014-05-14
2040444,armature coil,电枢线圈,,2014-05-14
2040445,armature core,[电]枢心,,2014-05-14
2040446,armature drum,电枢鼓,,2014-05-14
2040447,armature growler,电枢试验器,,2014-05-14
2040448,armature lever,电枢杆,,2014-05-14
2040449,armature pinion,电枢小齿轮,,2014-05-14
2040450,armature tester,电枢试验器,,2014-05-14
2040451,armature type magneto,电枢式磁电机,,2014-05-14
2040452,armature winding,电枢线卷；电枢绕组,,2014-05-14
2040453,armature winding machine,电枢绕线机,,2014-05-14
2040454,armor cutter,铠甲线剪,,2014-05-14
2040455,armor rod,护条,,2014-05-14
2040456,armored thermometer,带套温度计,,2014-05-14
2040457,array register,阵列暂存器,,2014-05-14
2040458,arrester,制动器；捕集器；捕捉器；避雷器；放电器；阻止器,,2014-05-14
2040459,arrestor,制动器；捕集器；捕捉器；避雷器；放电器；阻止器,,2014-05-14
2040460,arsenic detection kit,砷测定套组,,2014-05-14
2040461,arsenic tube,试砷管,,2014-05-14
2040462,arsine apparatus,胂测定器,,2014-05-14
2040463,arsine generator,胂发生器,,2014-05-14
2040464,artery forceps,动脉[止血]钳,,2014-05-14
2040465,artery hemostat,动脉止血器,,2014-05-14
2040466,artificial drier,人工干燥器,,2014-05-14
2040467,artificial heart,人工心脏,,2014-05-14
2040468,artificial kidney,人工肾脏,,2014-05-14
2040469,artificial magnet,人造磁铁；人造磁体,,2014-05-14
2040470,artificial satellite,人造卫星,,2014-05-14
2040473,asbestos board,石绵板；石棉板,,2014-05-14
2040474,asbestos center gauze,石绵心网；石棉心网,,2014-05-14
2040475,asbestos felt,石绵毡；石棉毡,,2014-05-14
2040476,asbestos filter,石绵滤器；石棉滤器,,2014-05-14
2040477,asbestos finger cot,石绵指套；石棉指套,,2014-05-14
2040478,asbestos gasket,石绵垫片；石棉垫片,,2014-05-14
2040479,asbestos glove,石绵手套；石棉手套,,2014-05-14
2040480,asbestos mat,石绵垫；石棉垫,,2014-05-14
2040481,asbestos mitten,石绵拇指分开手套；石棉拇指分开手套,,2014-05-14
2040482,asbestos pad,石绵垫；石棉垫,,2014-05-14
2040483,asbestos pipe,石绵管；石棉管,,2014-05-14
2040484,asbestos sheet,石绵板；石棉板,,2014-05-14
2040485,asbestos washer,石绵垫圈；石棉垫圈,,2014-05-14
2040486,asbestos wire,石绵线铁丝网；石棉线,,2014-05-14
2040487,asbestos wire gauze,石绵[铁丝]网；石棉[铁丝]网,,2014-05-14
2040488,asbestos-cement board,石绵水泥板；石棉水泥板,,2014-05-14
2040489,asbestos-cement pipe,石绵水泥管；石棉水泥管,,2014-05-14
2040490,asbestos-centered wire gauze,石绵心[铁丝]网；石棉心[铁丝]网,,2014-05-14
2040491,ascending chromatograph,上升层析仪,,2014-05-14
2040493,ash damper,灰槽门,,2014-05-14
2040494,ash door,除灰门,,2014-05-14
2040495,ash ejector,冲灰器,,2014-05-14
2040496,ash expeller,排灰器,,2014-05-14
2040497,ash furnace,灰炉,,2014-05-14
2040498,ash hopper,灰斗,,2014-05-14
2040499,ash oven,灰炉,,2014-05-14
2040500,ash pan,灰盘,,2014-05-14
2040501,ash pan damper,灰盘挡板,,2014-05-14
2040502,ash pan dump,灰盘倾卸门,,2014-05-14
2040503,ash pan hopper,灰盘漏斗,,2014-05-14
2040504,ash storage silo,储灰塔,,2014-05-14
2040505,ashing dish,灰化盘,,2014-05-14
2040506,ashing furnace,灰化炉,,2014-05-14
2040507,aspect card,标志卡,,2014-05-14
2040508,asphalt converter,柏油制造罐；沥青制造罐,,2014-05-14
2040509,asphalt kettle,柏油釜；沥青釜,,2014-05-14
2040510,asphalt mixer,柏油混合机；沥青混合机,,2014-05-14
2040511,asphalt penetrometer,柏油穿透计,,2014-05-14
2040512,asphalt thermometer,柏油温度计,,2014-05-14
2040513,aspheric lens,非球面透镜,,2014-05-14
2040514,aspirated engine,吸气式发动机；吸气式引擎,,2014-05-14
2040515,aspiration apparatus for urea determination,定脲抽气装置,,2014-05-14
2040516,aspirator,抽气器；抽气机,,2014-05-14
2040517,aspirator bottle,抽气瓶,,2014-05-14
2040518,aspirator filter pump,抽气滤泵,,2014-05-14
2040519,aspirator pump,抽气泵,,2014-05-14
2040520,aspirator vacuum pump,抽气真空泵,,2014-05-14
2040521,assay balance,检定天平,,2014-05-14
2040522,Assmann psychrometer,阿士曼湿度计,,2014-05-14
2040523,astable multivibrator,无定态复振器；无定态多谐振动器；非稳定复振器,,2014-05-14
2040524,astatic electrodynamometer,无定向电测力计,,2014-05-14
2040525,astatic galvanometer,无定向检流计；无定向电流计,,2014-05-14
2040526,astatic governor,无定向调速机；无定向调节器,,2014-05-14
2040527,astatic needle,无定向磁针,,2014-05-14
2040528,astatic watt-hour meter,无定向瓦时计,,2014-05-14
2040529,astigmatic lens,散光透镜,,2014-05-14
2040530,astrographic objective,天文摄影[机]物镜,,2014-05-14
2040531,astronomical telescope,天文望远镜,,2014-05-14
2040532,asymmetric cell,不对称电池,,2014-05-14
2040533,asymmetric light source,不对称光源,,2014-05-14
2040534,asymmetric multivibrator,不对称复振器；不对称多谐振动器,,2014-05-14
2040535,asynchronous computer,异步计算机,,2014-05-14
2040536,asynchronous condenser,异步调相机,,2014-05-14
2040537,asynchronous generator,异步发电机,,2014-05-14
2040538,asynchronous motor,异步电动机；异步马达,,2014-05-14
2040539,asynchronous phase modifier,异步调相机,,2014-05-14
2040540,atmometer,汽化计,,2014-05-14
2040541,atmospheric condenser,空气冷凝器；大气冷凝器,,2014-05-14
2040542,atmospheric cooling tower,空气冷却塔,,2014-05-14
2040543,atmospheric drier,空气干燥器,,2014-05-14
2040544,atmospheric drum drier,空气鼓形干燥器,,2014-05-14
2040545,atmospheric gas burner,常压煤气炉；常压煤气灯,,2014-05-14
2040546,atmospheric pressure ionization mass spectrometer {= API-MS},大气压离子化质谱仪 {API-MS},,2014-05-14
2040547,atom smasher,原子击破机,,2014-05-14
2040548,atom smashing machine,原子击破机,,2014-05-14
2040549,atomic absorption spectrometer {= AAS},原子吸收光谱仪 {AAS},,2014-05-14
2040550,atomic emission spectrometer {= AES},原子发射光谱仪 {AES},,2014-05-14
2040551,atomic force microscope {= AFM},原子力显微镜 {AFM},,2014-05-14
2040552,atomic fuel,原子燃料,,2014-05-14
2040553,atomic furnace,原子[热]炉,,2014-05-14
2040554,atomic gun,原子枪,,2014-05-14
2040555,atomic model,原子模型,,2014-05-14
2040556,atomic pile,原子堆,,2014-05-14
2040557,atomic reactor,原子反应器,,2014-05-14
2040558,atomic resonator,原子共振器,,2014-05-14
2040559,atomic trigger,原子引爆器,,2014-05-14
2040560,atomizer,喷雾器；雾化器；原子化器,,2014-05-14
2040561,atomizer bulb,雾化器球管,,2014-05-14
2040562,atomizing burner,雾化燃油器；雾化燃烧器,,2014-05-14
2040563,atomizing deaerator,喷雾除气器,,2014-05-14
2040564,atomizing disc,喷雾盘,,2014-05-14
2040565,atomizing nozzle,雾化喷嘴；喷雾嘴,,2014-05-14
2040566,atomizing pump,雾化泵,,2014-05-14
2040567,atomizing spray nozzle,雾化喷嘴；喷雾嘴,,2014-05-14
2040568,attached support processor,附接处理器,,2014-05-14
2040569,attachment lens,补助透镜,,2014-05-14
2040570,attemperator,调温器,,2014-05-14
2040571,attendant console,值机台,,2014-05-14
2040572,attention device,警示装置,,2014-05-14
2040573,attenuation compensator,衰减补偿器；减弱补偿器,,2014-05-14
2040574,attenuation equalizer,衰减等化器；减弱等化器,,2014-05-14
2040575,attenuation gage,衰减测量计,,2014-05-14
2040576,attenuation gauge,衰减测量计,,2014-05-14
2040577,attenuation network,衰减网路,,2014-05-14
2040578,attenuation partition,衰减隔片,,2014-05-14
2040579,attenuator,衰减器；减弱器,,2014-05-14
2040580,attracted disc electrometer,吸盘静电计,,2014-05-14
2040581,attrition mill,磨粉机；磨碎机,,2014-05-14
2040582,audibility meter,听力计,,2014-05-14
2040583,audible alarm,音响警报器,,2014-05-14
2040584,audio analyzer,音频信号分析仪,,2014-05-14
2040585,audio frequency amplifier,声频放大器；音频放大器,,2014-05-14
2040586,audio frequency generator,声频发生器；声频产生器,,2014-05-14
2040587,audio frequency oscillator,声频振荡器,,2014-05-14
2040588,audio frequency spectrometer,声频谱仪,,2014-05-14
2040589,audio oscillator,声频振荡器,,2014-05-14
2040590,audio response system,声频响应系统,,2014-05-14
2040591,audio response unit,成音响应器；声频响应器,,2014-05-14
2040592,audio system,声频系统,,2014-05-14
2040593,audiometer,听力计；音波计；测听计,,2014-05-14
2040594,audiomonitor,监听器,,2014-05-14
2040595,auger,螺旋钻,,2014-05-14
2040596,Auger electron spectrometer {= AES},欧杰电子能谱仪 {AES},,2014-05-14
2040597,auger machine,螺旋造砖机；钻探机,,2014-05-14
2040598,Auger microprobe,欧杰微探针,,2014-05-14
2040599,auger stem,螺钻杆,,2014-05-14
2040600,augmenter,增效器；增益器,,2014-05-14
2040601,augmenter tube,增大管,,2014-05-14
2040602,aurora tube,极光管,,2014-05-14
2040603,auto volatile organic compound canister sampler,挥发性有机化合物[不锈钢筒]自动采样器,,2014-05-14
2040604,autoanalyzer,自动分析仪,,2014-05-14
2040605,autocatalytic reactor,自催化反应器；自催速反应器{核能},,2014-05-14
2040606,auto-circuit breaker,自动[电路]断路器,,2014-05-14
2040607,autoclavable filter,可热压滤器,,2014-05-14
2040608,autoclavable membrane,可热压薄膜,,2014-05-14
2040609,autoclavable probe,可热压探针,,2014-05-14
2040610,autoclave,热压器；高压锅；高压釜；杀菌釜,,2014-05-14
2040611,autoclave press,热压锅,,2014-05-14
2040612,autoclave sterilizer,热压灭菌器,,2014-05-14
2040613,autocoder,自动写码器；自动编码器,,2014-05-14
2040614,auto-collimating measuring telescope,自准直量度望远镜,,2014-05-14
2040615,autocollimating spectrometer,自准直光谱仪；自准直分光计,,2014-05-14
2040616,autocollimating spectroscope,自准直分光镜,,2014-05-14
2040617,autocollimating telescope,自准直望远镜,,2014-05-14
2040618,autocollimation spectroscope,自准直分光镜,,2014-05-14
2040619,autocollimator,自准直仪,,2014-05-14
2040620,auto-converter,自动转化器,,2014-05-14
2040621,autodyne receiver,自拍接收机；自差接收机,,2014-05-14
2040622,auto-focus tube,自聚焦[X射线]管,,2014-05-14
2040623,auto-focus X-ray tube,自聚焦X射线管,,2014-05-14
2040624,autographic recorder,自动[测绘]记录器,,2014-05-14
2040625,auto-jigger,自耦变压器,,2014-05-14
2040626,auto-manual switch,自动╱手动开关,,2014-05-14
2040627,automatic acid rain monitor,固定型酸雨自动监测器,,2014-05-14
2040628,automatic aerosol dispenser,自动气溶胶分配器,,2014-05-14
2040629,automatic air brake,自动气刹车[器],,2014-05-14
2040630,automatic alarm,自动警报器,,2014-05-14
2040631,automatic answering unit,自动应答装置,,2014-05-14
2040632,automatic blood cell differential counter,自动血球分类计数器,,2014-05-14
2040633,automatic blood culture system,自动血液细菌培养系统,,2014-05-14
2040634,automatic blowoff valve,自动排放阀,,2014-05-14
2040635,automatic brake,自动刹车[器],,2014-05-14
2040636,automatic brake valve,自动刹车阀,,2014-05-14
2040637,automatic breaker,自动断路器,,2014-05-14
2040638,automatic buret,自动滴定管,,2014-05-14
2040639,automatic burette,自动滴定管,,2014-05-14
2040640,automatic calling unit,自动呼叫器,,2014-05-14
2040641,automatic cap,自动瓶盖,,2014-05-14
2040642,automatic carriage,自动输送架；自动输送筒,,2014-05-14
2040643,automatic cell counter,自动细胞计数器,,2014-05-14
2040644,automatic changeover switch,自动切换开关,,2014-05-14
2040645,automatic charging equipment,自动加料设备；自动充电装置,,2014-05-14
2040646,automatic circuit breaker,自动[电路]断路器,,2014-05-14
2040647,automatic controller,自动控制器,,2014-05-14
2040648,automatic coupler,自动联结器；自动偶合器,,2014-05-14
2040649,automatic current regulator,自动电流调节器；自动稳流器,,2014-05-14
2040650,automatic cutoff,自动限电器；自动截止器,,2014-05-14
2040651,automatic cutoff governor,自动切断调速器,,2014-05-14
2040652,automatic cutout,自动断流器；自动切断器,,2014-05-14
2040653,automatic damper regulator,自动气闸调节器,,2014-05-14
2040654,automatic data printer,自动资料印表机,,2014-05-14
2040655,automatic data processing equipment {= ADPE},自动资料处理装置,,2014-05-14
2040656,automatic diluter,自动稀释器,,2014-05-14
2040657,automatic discharger,自动卸料器；自动放电器；自动排放装置,,2014-05-14
2040658,automatic dissolver,自动溶解器,,2014-05-14
2040659,automatic doser,自动配料机；自动剂量器,,2014-05-14
2040660,automatic drill,自动钻,,2014-05-14
2040661,automatic elemental analyzer,自动元素分析仪,,2014-05-14
2040662,automatic expansion valve,自动膨胀阀,,2014-05-14
2040663,automatic feed punch,自馈打卡机,,2014-05-14
2040664,automatic feed switch,自馈卡键,,2014-05-14
2040665,automatic feeder,自动进料器,,2014-05-14
2040666,automatic filter,自动[过]滤器,,2014-05-14
2040667,automatic fraction collector,自动流分收集器,,2014-05-14
2040668,automatic gas analyzer,自动气体分析仪,,2014-05-14
2040669,automatic interlocker,自动互锁机；自动连锁机；自动联锁机,,2014-05-14
2040670,automatic interlocking device,自动互锁装置；自动连锁装置；自动联锁装置,,2014-05-14
2040671,automatic interrupt system,自动岔断系统,,2014-05-14
2040672,automatic ionosphere recorder,自动游离层记录器；游离层自动记录仪,,2014-05-14
2040673,automatic organic elemental analyzer,自动[有机]元素分析仪,,2014-05-14
2040674,automatic packing machine,自动包装机,,2014-05-14
2040675,automatic pasteurizer,自动低温灭菌器,,2014-05-14
2040676,automatic pipet,自动吸管,,2014-05-14
2040677,automatic pipette,自动吸管,,2014-05-14
2040678,automatic punch,自动打孔机,,2014-05-14
2040679,automatic recorder,自动记录器,,2014-05-14
2040680,automatic regulator,自动调节器,,2014-05-14
2040681,automatic scintillation scanner,自动闪烁扫描器,,2014-05-14
2040682,automatic seamer,自动封盖机,,2014-05-14
2040683,automatic sender,自动发送机；自动发报机,,2014-05-14
2040684,automatic shaking feeder,自摇进料器；自动摇动式进料器,,2014-05-14
2040685,automatic shunt,自动分流器,,2014-05-14
2040686,automatic sprayer,自动喷雾器,,2014-05-14
2040687,automatic sprinkler,自动喷洒器,,2014-05-14
2040688,automatic stabilizer,自动稳定器；自动安定器,,2014-05-14
2040689,automatic starter,自动起动器,,2014-05-14
2040690,automatic sterilizer,自动灭菌器,,2014-05-14
2040691,automatic switch,自动开关,,2014-05-14
2040692,automatic switching system,自动交换系统；自动开关系统,,2014-05-14
2040693,automatic synchronizer,自动同步装置,,2014-05-14
2040694,automatic tape punch,自动打带机,,2014-05-14
2040695,automatic tape transmitter,自动送带机；自动送带器,,2014-05-14
2040696,automatic telegraph,自动电报机,,2014-05-14
2040697,automatic telescope,自动望远镜,,2014-05-14
2040698,automatic thermostat,自动恒温器,,2014-05-14
2040699,automatic time switch,自动定时开关,,2014-05-14
2040700,automatic timed magneto,自动定时磁电机,,2014-05-14
2040701,automatic titrator,自动滴定器,,2014-05-14
2040702,automatic titrimeter,自动滴定计,,2014-05-14
2040703,automatic ventilator,自动通风器；自动通风机,,2014-05-14
2040704,automatic voltage regulator,自动电压调节器,,2014-05-14
2040705,automatic voltage stabilizer,自动电压稳定器；自动电压安定器,,2014-05-14
2040706,automatic volume contractor,自动体积压缩机,,2014-05-14
2040707,automatic volume expander,自动体积膨胀机,,2014-05-14
2040708,automatic weighing equipment,自动称重装置；自动称重设备,,2014-05-14
2040709,automatic welder,自动熔接机；自动熔接器,,2014-05-14
2040710,automaton,自动器；自动机,,2014-05-14
2040711,automonitor,自动监测器,,2014-05-14
2040712,auto-protective X-ray tube,自动防护X射线管,,2014-05-14
2040713,auto-pulse magnetic fuel pump,自动脉动磁控燃油泵,,2014-05-14
2040714,auto-punch hardness tester,自动[撞针]硬度试验机,,2014-05-14
2040715,autoranging instrument,自动测距仪；自调幅度仪器,,2014-05-14
2040716,autorecorder,自动记录器,,2014-05-14
2040717,autorelay,自动替续器；自动继电器,,2014-05-14
2040718,auto-relay,自动替续器；自动继电器,,2014-05-14
2040719,autoselector,自动选择器,,2014-05-14
2040720,auto-selector,自动选择器,,2014-05-14
2040721,autostarter,自动起动器,,2014-05-14
2040722,auto-starter,自动起动器,,2014-05-14
2040723,autosyns,自动同步器,,2014-05-14
2040724,auto-syns,自动同步器,,2014-05-14
2040725,autotransformer,自偶变压器；单卷变压器,,2014-05-14
2040726,auto-transformer,自偶变压器；单卷变压器,,2014-05-14
2040727,autotransformer starter,自偶变压起动器,,2014-05-14
2040728,auto-transformer starter,自偶变压起动器,,2014-05-14
2040729,auxiliary absorber,辅助吸收器,,2014-05-14
2040730,auxiliary air pump,辅助空气泵,,2014-05-14
2040731,auxiliary brake,辅助刹车[器],,2014-05-14
2040732,auxiliary circulating pump,辅助循环泵,,2014-05-14
2040733,auxiliary electrode,辅助电极,,2014-05-14
2040734,auxiliary engine,辅助引擎；辅助发动机,,2014-05-14
2040735,auxiliary equipment,辅助设备,,2014-05-14
2040736,auxiliary feed pump,辅助进料泵；辅助给水泵,,2014-05-14
2040737,auxiliary fuel tank,副燃料箱；副油箱,,2014-05-14
2040738,auxiliary generator,辅助发电机,,2014-05-14
2040739,auxiliary ignition system,辅助点火系统,,2014-05-14
2040740,auxiliary kiln drive,辅助转窑机,,2014-05-14
2040741,auxiliary lamp,辅助灯,,2014-05-14
2040742,auxiliary member,辅助构件,,2014-05-14
2040743,auxiliary memory,辅助记忆器；辅助记忆体,,2014-05-14
2040744,auxiliary motor,辅助电动机；辅助马达,,2014-05-14
2040745,auxiliary pump,辅助泵,,2014-05-14
2040746,auxiliary register,辅助暂存器,,2014-05-14
2040747,auxiliary relay,辅助继电器；辅助替续器,,2014-05-14
2040748,auxiliary reservoir,辅助贮器；辅助储器,,2014-05-14
2040749,auxiliary scale,辅助尺,,2014-05-14
2040750,auxiliary shaft,辅助轴；副轴,,2014-05-14
2040751,auxiliary stack,辅助烟囱,,2014-05-14
2040752,auxiliary storage {= AS},辅助储存器；辅助记忆体,,2014-05-14
2040753,auxiliary storage device,辅助储存装置,,2014-05-14
2040754,auxiliary switch,辅助开关,,2014-05-14
2040755,auxiliary telescope,辅助望远镜,,2014-05-14
2040756,auxiliary vacuum chamber,辅助真空室,,2014-05-14
2040757,avalanche diode,崩泻二极体；突崩二极体,,2014-05-14
2040758,avalanche laser,崩溃式雷射,,2014-05-14
2040759,avalanche transistor,崩泻电晶体：突崩电晶体,,2014-05-14
2040760,average value voltmeter,均值伏特计,,2014-05-14
2040761,aviation mask,航空面罩,,2014-05-14
2040762,avoirdupois balance,[英制]常衡天平,,2014-05-14
2040763,avometer,万用电表 {安培-伏特-欧姆计},,2014-05-14
2040764,axial bearing,轴向轴承,,2014-05-14
2040765,axial blower,轴流鼓风机,,2014-05-14
2040766,axial brake,轴向刹车[器],,2014-05-14
2040767,axial compressor,轴流压缩机,,2014-05-14
2040768,axial engine,轴流引擎；轴流发动机；轴向发动机,,2014-05-14
2040769,axial fan,轴流风扇,,2014-05-14
2040770,axial flow compressor,轴流压缩机,,2014-05-14
2040771,axial flow fan,轴流风扇,,2014-05-14
2040772,axial flow pump,轴流泵,,2014-05-14
2040773,axial flow turbine,轴流涡轮机,,2014-05-14
2040774,axial load member,纵载构件,,2014-05-14
2040775,axial-flow centrifugal pump,轴流离心泵,,2014-05-14
2040776,axial-flow pump,轴流泵,,2014-05-14
2040777,axle,车轴；轮轴；轴,,2014-05-14
2040778,Ayrton shunt,艾而通分流器,,2014-05-14
2040779,azeotrope tower,共沸塔,,2014-05-14
2040780,azotometer,氮[定]量计,,2014-05-14
2040781,B register,B暂存器；基暂存器,,2014-05-14
2040782,B relay,B替续器；B继电器,,2014-05-14
2040783,B scope,B示波器；B显示器,,2014-05-14
2040784,babastard cut file,粗锉,,2014-05-14
2040785,babastard file,粗锉,,2014-05-14
2040786,Babcock flask,巴寇烧瓶,,2014-05-14
2040787,back belt,倒行皮带,,2014-05-14
2040788,back bone,背板,,2014-05-14
2040789,back drying machine,再干机,,2014-05-14
2040790,back electromotive force cell,反电动势电池,,2014-05-14
2040791,back flash arrester,回闪阻止器,,2014-05-14
2040792,back gear,倒退齿轮；倒档齿轮,,2014-05-14
2040793,back nut,后螺帽,,2014-05-14
2040794,back pressure turbine,反压[涡]轮机,,2014-05-14
2040795,back pressure valve,反压阀；止回阀,,2014-05-14
2040796,back roll,后辊；后滚筒,,2014-05-14
2040797,back tube plate,后管板,,2014-05-14
2040798,backbone,背板；主干,,2014-05-14
2040799,back-boundary cell,后[置]膜[层]光电管,,2014-05-14
2040800,backing pump,初步泵；支援泵,,2014-05-14
2040801,backing screen,底网,,2014-05-14
2040802,backing storage,辅助储存器；备份储存器,,2014-05-14
2040803,Backman tower,白克门塔,,2014-05-14
2040804,backmix reactor,逆混反应器,,2014-05-14
2040805,backscattering gage,回散射[测量]计,,2014-05-14
2040806,backscattering gauge,回散射[测量]计,,2014-05-14
2040807,back-up ring,托环；衬垫,,2014-05-14
2040808,backward diode,反向二极体,,2014-05-14
2040809,backward wave oscillator,逆波振荡器；反向波振荡器,,2014-05-14
2040810,backwasher,逆流洗涤机,,2014-05-14
2040811,bacteria colony counter,菌落计数器,,2014-05-14
2040812,bacteria counter,数菌器,,2014-05-14
2040813,bacteria counting chamber,数菌盘,,2014-05-14
2040814,bacteria filter,滤菌器；细菌滤器,,2014-05-14
2040815,bacteria grinder,磨菌器,,2014-05-14
2040816,bacteriological culture dish,细菌培养皿,,2014-05-14
2040817,Badisch converter,巴迪希转化器,,2014-05-14
2040818,baffle,挡板；折流板；缓冲板,,2014-05-14
2040819,baffle evaporator,挡板蒸发器,,2014-05-14
2040820,baffle plate,挡板；折流板,,2014-05-14
2040821,baffle plate tower,挡板塔,,2014-05-14
2040822,baffle tower,挡板塔,,2014-05-14
2040823,baffle wall,折流墙,,2014-05-14
2040824,baffled evaporator,挡板蒸发器,,2014-05-14
2040825,bag conveyer,袋运送机；送袋机,,2014-05-14
2040826,bag filter,袋[状过]滤器,,2014-05-14
2040827,bag piling machine,堆包机,,2014-05-14
2040828,bag sewing machine,缝袋机,,2014-05-14
2040829,bag type dust collector,袋式集尘器,,2014-05-14
2040830,bagasse digester,蔗渣蒸煮器；蔗渣消化器,,2014-05-14
2040831,bagging hopper,装袋漏斗,,2014-05-14
2040832,bail,保护环,,2014-05-14
2040833,Baily furnace,贝力[电]炉,,2014-05-14
2040834,Baker-Perkin type mixer,贝克尔－柏金混合机,,2014-05-14
2040835,baking furnace,烘[焙]炉,,2014-05-14
2040836,baking oven,烘[烤]箱,,2014-05-14
2040837,balance,天平；秤,,2014-05-14
2040838,balance arm,天平臂,,2014-05-14
2040839,balance beam,天平梁,,2014-05-14
2040840,balance desiccator,天平干燥器,,2014-05-14
2040841,balance dynamometer,平衡测力计；平衡功率计,,2014-05-14
2040842,balance engine,天平式引擎；天平式发动机,,2014-05-14
2040843,balance pan,天平盘,,2014-05-14
2040844,balance rest,天平座,,2014-05-14
2040845,balance weigh-boat,称量船形皿,,2014-05-14
2040846,balance weight,砝码,,2014-05-14
2040847,balance weight lever,平衡重杆,,2014-05-14
2040848,balance wheel,平衡轮；摆轮,,2014-05-14
2040849,balanced modulator,平衡调制器,,2014-05-14
2040850,balanced oscillator,均衡振荡器,,2014-05-14
2040851,balancer,平衡器；均衡器,,2014-05-14
2040852,balancing machine,平衡试验机；均衡试验机,,2014-05-14
2040853,balancing motor,均衡电动机；均衡马达,,2014-05-14
2040854,balancing ring,均衡圈,,2014-05-14
2040855,balancing tab,均衡调整片,,2014-05-14
2040856,balancing tube,均衡管,,2014-05-14
2040857,bale breaker,拆包机,,2014-05-14
2040858,baler,打包机,,2014-05-14
2040859,baling press,打包机,,2014-05-14
2040860,ball bearing,滚珠轴承；球轴承,,2014-05-14
2040861,ball gage,球量规,,2014-05-14
2040862,ball gauge,球量规,,2014-05-14
2040863,ball grinder,球磨机,,2014-05-14
2040864,ball insulator,球形绝缘体,,2014-05-14
2040865,ball joint,球形接头,,2014-05-14
2040866,ball mill,球磨机,,2014-05-14
2040867,ball mill refiner,球磨精研机,,2014-05-14
2040868,ball safety valve,球形安全阀,,2014-05-14
2040869,ball valve,球阀,,2014-05-14
2040870,ball-and-roll bearing,滚珠与滚子轴承,,2014-05-14
2040871,ball-and-socket bearing,球窝轴承,,2014-05-14
2040872,ball-and-socket coupling,球窝联结器,,2014-05-14
2040873,ballast resistor,镇流电阻器,,2014-05-14
2040874,ballast tube,镇流管,,2014-05-14
2040875,ball-end magnet,球端磁体；球端磁铁,,2014-05-14
2040876,Balling scale,巴林比重计,,2014-05-14
2040877,ballistic electrometer,冲撃静电计,,2014-05-14
2040878,ballistic galvanometer,冲撃电流计；冲撃检流计,,2014-05-14
2040879,ballistic pendulum,冲击摆,,2014-05-14
2040880,ball-mill pulverizer,球磨机,,2014-05-14
2040881,balloon,球形瓶；气球,,2014-05-14
2040882,balloon filter,[素烧]圆滤器,,2014-05-14
2040883,balloon flask,球形烧瓶,,2014-05-14
2040884,Banbury mixer,班布瑞[密闭式]混炼机,,2014-05-14
2040885,band brake,带式刹车[器],,2014-05-14
2040886,band casting machine,带式铸造机,,2014-05-14
2040887,band clutch,带离合器,,2014-05-14
2040888,band conveyer,带[式]运[送]机,,2014-05-14
2040889,band conveyor,带[式]运[送]机,,2014-05-14
2040890,band coupling,带联结器,,2014-05-14
2040891,band drier,带式干燥机,,2014-05-14
2040892,band elimination filter,除带滤波器；带除滤波器,,2014-05-14
2040893,band filter,带通滤波器,,2014-05-14
2040894,band hook,带钩,,2014-05-14
2040895,band polishing machine,带式抛光机,,2014-05-14
2040896,band pulley,带轮,,2014-05-14
2040897,band saw,带锯[机],,2014-05-14
2040898,band selector,选带器,,2014-05-14
2040899,band spring,带型弹簧,,2014-05-14
2040900,band stop filter,带阻滤波器；带除滤波器,,2014-05-14
2040901,band suppression filter,带阻滤波器,,2014-05-14
2040902,banding machine,紧带机；捆包机,,2014-05-14
2040903,bandknife machine,带型刀剖皮机,,2014-05-14
2040904,bandknife splitting machine,带型刀剖皮机；带型刀分条机,,2014-05-14
2040905,bandpass amplifier,带通放大器,,2014-05-14
2040906,bandpass filter,带通滤波器,,2014-05-14
2040907,bar bender,弯杆机,,2014-05-14
2040908,bar capstan,推杆绞盘,,2014-05-14
2040909,bar cutter,切杆机,,2014-05-14
2040910,bar gage,杆规；压力计,,2014-05-14
2040911,bar iron crane,铁条起重机,,2014-05-14
2040912,bar link chain,棒连杆链,,2014-05-14
2040913,bar magnet,条形磁铁,,2014-05-14
2040914,bar mill,棒磨机,,2014-05-14
2040915,bar printer,杆式印表机,,2014-05-14
2040916,bar spring,棒状弹簧,,2014-05-14
2040917,bare reactor,裸反应器,,2014-05-14
2040918,bare thermocouple,裸热电偶,,2014-05-14
2040919,bark breaker,树皮碎裂机,,2014-05-14
2040920,bark mill,树皮粉碎机,,2014-05-14
2040921,bark press,压树皮机,,2014-05-14
2040922,barker,去皮机；剥皮机,,2014-05-14
2040923,barking drum,桶式去皮机,,2014-05-14
2040924,barograph,气压仪,,2014-05-14
2040925,barometer,气压计,,2014-05-14
2040926,barometric condenser,气压冷凝器,,2014-05-14
2040927,barometric jet condenser,气压喷射冷凝器,,2014-05-14
2040928,barometric leg,气压真空柱,,2014-05-14
2040929,baroscope,验压器；气压镜,,2014-05-14
2040930,barostat,恒压器,,2014-05-14
2040931,barothermograph,气压温度记录器,,2014-05-14
2040932,barothermophdrograph,气压温度湿度记录器,,2014-05-14
2040933,barrel,桶；筒,,2014-05-14
2040934,barrel elevator,桶式升降机,,2014-05-14
2040935,barrel engine,桶式发动机；桶式引擎,,2014-05-14
2040936,barrel lapping machine,缸筒研光机；制筒卷边机,,2014-05-14
2040937,barrel mill,桶磨机,,2014-05-14
2040938,barrel packing machine,装桶机,,2014-05-14
2040939,barrel pump,桶式泵,,2014-05-14
2040940,barrel roll,辊桶机,,2014-05-14
2040941,barrel sprayer,桶式喷雾器,,2014-05-14
2040942,barrette file,三角锉,,2014-05-14
2040943,barretter,镇流电阻器,,2014-05-14
2040944,barricade,隔板；缓冲盘；阻栅,,2014-05-14
2040945,barrier,遮断机,,2014-05-14
2040946,barrier layer photocell,障层光电管,,2014-05-14
2040947,barring gear,转动定位装置,,2014-05-14
2040948,barrow,手推车,,2014-05-14
2040949,base address register,基址暂存器,,2014-05-14
2040950,base bearing,主轴承；底轴承,,2014-05-14
2040951,base plate,托盘；底板,,2014-05-14
2040952,base register,基底暂存器,,2014-05-14
2040953,basic autocoder,基本自动写码器；基本自动编码器,,2014-05-14
2040954,basic electric furnace,碱式电炉,,2014-05-14
2040955,basic furnace,碱性炉,,2014-05-14
2040956,basic hearth,碱性炉,,2014-05-14
2040957,basic open-hearth furnace,碱性敞炉；碱性平炉,,2014-05-14
2040958,basin,盆；皿；洗盘；炉盘；槽；池,,2014-05-14
2040959,basket,篮,,2014-05-14
2040960,basket centrifuge,篮式离心机,,2014-05-14
2040961,basket electrode,篮式电极,,2014-05-14
2040962,basket elevator,篮式升降机,,2014-05-14
2040963,basket extractor,篮式萃取器,,2014-05-14
2040964,basket filter,篮式滤器,,2014-05-14
2040965,basket type evaporator,篮式蒸发器,,2014-05-14
2040966,bastard flat file,粗扁锉,,2014-05-14
2040967,batch car,批料车,,2014-05-14
2040968,batch drier,批式干燥机；分批干燥机,,2014-05-14
2040969,batch feeder,批式进料机；分批进料机,,2014-05-14
2040970,batch furnace,批式熔炉；分批熔炉,,2014-05-14
2040971,batch house,配料间,,2014-05-14
2040972,batch mixer,批式混合机；分批混合机,,2014-05-14
2040973,batch reactor,批式反应器,,2014-05-14
2040974,batch sand mixer,批式混砂机；分批混砂机,,2014-05-14
2040975,batch sand plant,批式砂处理装置；分批砂处理装置,,2014-05-14
2040976,batch still,批式蒸馏器；分批蒸馏器,,2014-05-14
2040977,batcher,配料器,,2014-05-14
2040978,bath,浴；浴器,,2014-05-14
2040979,bathing unit,沐浴装置,,2014-05-14
2040980,battery,电池[组]；电瓶,,2014-05-14
2040981,battery box,电池箱,,2014-05-14
2040982,battery charger,电池充电器,,2014-05-14
2040983,battery commutator,电池[正负]互换器,,2014-05-14
2040984,battery container,电池容器,,2014-05-14
2040985,battery eliminator,电池[组]代用器,,2014-05-14
2040986,battery out machine,平坯机,,2014-05-14
2040987,battery tester,电池检验器,,2014-05-14
2040988,batting out machine,平坯机,,2014-05-14
2040989,Baumé hydrometer,波美[液体]比重计,,2014-05-14
2040990,Baumé meter,波美计,,2014-05-14
2040991,bayonet cap,插接头,,2014-05-14
2040992,bayonet gage stick,探针式量油杆,,2014-05-14
2040993,bayonet gauge stick,探针式量油杆,,2014-05-14
2040994,bayonet joint,插旋接头,,2014-05-14
2040995,bayonet shaped spike,三棱道钉,,2014-05-14
2040996,bazooka,配阻平衡器；火箭筒,,2014-05-14
2040997,beacon receiver,标向[波]接收机；信标接收机,,2014-05-14
2040998,bead,珠；撑轮圈,,2014-05-14
2040999,beaker,烧杯,,2014-05-14
2041000,beaker clamp,烧杯夹,,2014-05-14
2041001,beam,梁；射束,,2014-05-14
2041002,beam chopper,光束斩波器,,2014-05-14
2041003,beam direction indicator,射束方向指示器,,2014-05-14
2041004,beam hole,射束孔；光束孔；射柱孔,,2014-05-14
2041005,beam indicator,射束指示器,,2014-05-14
2041006,beam power amplifier,电子束功率放大器,,2014-05-14
2041007,beam power tube,电子束功率管,,2014-05-14
2041008,beam shutter,射束断续器；光束断续器；射束光闸,,2014-05-14
2041009,beam splitter,射束裂光镜；射束分束器,,2014-05-14
2041010,beam switching tube,射束交换管,,2014-05-14
2041011,beam trap,射束阱,,2014-05-14
2041012,beam tube,射束管,,2014-05-14
2041013,beam valve,电子束真空管,,2014-05-14
2041014,beam-deflection tube,射束偏转管,,2014-05-14
2041015,bearing,轴承,,2014-05-14
2041016,bearing ball,轴承滚珠,,2014-05-14
2041017,bearing block,轴承座,,2014-05-14
2041018,bearing box,轴承箱,,2014-05-14
2041019,bearing bracket,轴承架,,2014-05-14
2041020,bearing brass,轴承铜衬,,2014-05-14
2041021,bearing bushing,轴承衬套,,2014-05-14
2041022,bearing cage,轴承笼,,2014-05-14
2041023,bearing cap,轴承盖,,2014-05-14
2041024,bearing collar,轴承圈,,2014-05-14
2041025,bearing compass,定位罗盘,,2014-05-14
2041026,bearing disc,轴承盘,,2014-05-14
2041027,bearing groove,轴承油沟,,2014-05-14
2041028,bearing housing,轴承箱；轴承壳,,2014-05-14
2041029,bearing liner,轴承衬[里],,2014-05-14
2041030,bearing lining,轴承衬[里],,2014-05-14
2041031,bearing neck,轴承颈,,2014-05-14
2041032,bearing needle,轴承滚针,,2014-05-14
2041033,bearing pedestal,轴承台,,2014-05-14
2041034,bearing plate,轴承板,,2014-05-14
2041035,bearing race,轴承滚圈,,2014-05-14
2041036,bearing retainer,轴承护圈,,2014-05-14
2041037,bearing ring,轴承[油]环,,2014-05-14
2041038,bearing scraper,轴承刮刀,,2014-05-14
2041039,bearing shell,轴承罩,,2014-05-14
2041040,bearing shim,轴承垫片,,2014-05-14
2041041,bearing shiver,轴承松紧片,,2014-05-14
2041042,bearing spring,轴承托簧,,2014-05-14
2041043,bearing stand,轴承管,,2014-05-14
2041044,bearing support,轴承支座,,2014-05-14
2041045,bearing wedge,轴承楔,,2014-05-14
2041046,beat frequency oscillator,拍频振荡器；差频振荡器,,2014-05-14
2041047,beat receiver,拍频接收机,,2014-05-14
2041048,beater,打浆机；捣碎机,,2014-05-14
2041049,beater chest,打浆机贮槽,,2014-05-14
2041050,beater indicator,拍频指示器,,2014-05-14
2041051,beater roll,打浆辊,,2014-05-14
2041052,beating apparatus,打浆装置,,2014-05-14
2041053,Beckmann thermometer,贝克曼温度计,,2014-05-14
2041054,bed,垫；床,,2014-05-14
2041055,bed plate,底板；座板,,2014-05-14
2041056,bedside monitor,床边监视器,,2014-05-14
2041057,beehive coke oven,蜂巢[式]炼焦炉,,2014-05-14
2041058,beehive type radiator,蜂巢[式]散热器,,2014-05-14
2041059,beetle,木槌；搅打机,,2014-05-14
2041060,bell and spigot joint,插承接头,,2014-05-14
2041061,bell crank,钟形曲柄；双臂曲柄,,2014-05-14
2041062,bell crank lever,钟式曲柄杆；双臂曲柄杆,,2014-05-14
2041063,bell flowmeter,钟式流量计,,2014-05-14
2041064,bell glass,玻璃罩,,2014-05-14
2041065,bell jar,钟形罩,,2014-05-14
2041066,bell manometer,浮钟压力计,,2014-05-14
2041067,bell ringer,摇钟机,,2014-05-14
2041068,bell shaped valve,钟形阀 {杯形阀},,2014-05-14
2041069,bell socket,钟形承座,,2014-05-14
2041070,bell-jar cell,钟罩电解槽,,2014-05-14
2041071,bellows,风箱；伸缩囊,,2014-05-14
2041072,bellows manometer,伸缩盒压力计；伸缩型压力计,,2014-05-14
2041073,bellows type flowmeter,伸缩管流量计,,2014-05-14
2041074,bellows type strain gage,伸缩管应变计,,2014-05-14
2041075,bellows type strain gauge,伸缩管应变计,,2014-05-14
2041076,bell-shaped valve,钟形阀 {杯形阀},,2014-05-14
2041077,bell-type furnace,钟式炉,,2014-05-14
2041078,bell-type generator,浮筒式[乙炔]发生器,,2014-05-14
2041079,belt,带；皮带,,2014-05-14
2041080,belt and bucket elevator,带斗升降机,,2014-05-14
2041081,belt building machine,制带机,,2014-05-14
2041082,belt clamp,皮带扣,,2014-05-14
2041083,belt conveyer,带运机,,2014-05-14
2041084,belt coupling,皮带联结器,,2014-05-14
2041085,belt cutting machine,切带机,,2014-05-14
2041086,belt dressing,护带,,2014-05-14
2041087,belt drum,皮带圆筒,,2014-05-14
2041088,belt elevator,带式升降机,,2014-05-14
2041089,belt fastener,皮带扣,,2014-05-14
2041090,belt filter,带滤机,,2014-05-14
2041091,belt fork,皮带叉,,2014-05-14
2041092,belt gear,皮带传动装置,,2014-05-14
2041093,belt grinder,带磨机,,2014-05-14
2041094,belt guide,皮带导件,,2014-05-14
2041095,belt hook,皮带钩,,2014-05-14
2041096,belt hook clipper,皮带接扣,,2014-05-14
2041097,belt idler,皮带惰轮,,2014-05-14
2041098,belt lace,皮带接头,,2014-05-14
2041099,belt lacer,皮带接头器,,2014-05-14
2041100,belt lacing machine,皮带接头机,,2014-05-14
2041101,belt lifter,扶带器,,2014-05-14
2041102,belt polishing machine,带式抛光机,,2014-05-14
2041103,belt pulley,皮带轮,,2014-05-14
2041104,belt rail,护条,,2014-05-14
2041105,belt reversing gear,皮带反向装置,,2014-05-14
2041106,belt sander,带式砂磨机,,2014-05-14
2041107,belt saw,带锯,,2014-05-14
2041108,belt shifter,移带叉,,2014-05-14
2041109,belt stretcher,伸带器,,2014-05-14
2041110,belt tension carriage,皮带张力车架,,2014-05-14
2041111,belt tightener,紧带器,,2014-05-14
2041112,belt transport detector,传送带侦检器,,2014-05-14
2041113,belt tunnel dehydrator,隧带脱水机,,2014-05-14
2041114,belting,皮带传动装置,,2014-05-14
2041115,bench,台；座,,2014-05-14
2041116,bench board,桌型仪表板,,2014-05-14
2041117,bench clamp,台夹,,2014-05-14
2041118,bench comparator,台式比测仪,,2014-05-14
2041119,bench drill,台式钻床,,2014-05-14
2041120,bench grinder,台式磨床,,2014-05-14
2041121,bench level,台式水平仪,,2014-05-14
2041122,bench milling machine,台式铣床,,2014-05-14
2041123,bench mold,台制砂模,,2014-05-14
2041124,bench saw,台锯,,2014-05-14
2041125,bench vise,台钳,,2014-05-14
2041126,bend,曲管；弯头；弯管,,2014-05-14
2041127,bender,弯曲机；弯曲模；弯管器,,2014-05-14
2041128,bending beam apparatus,弯柄仪,,2014-05-14
2041129,bending machine,弯曲机,,2014-05-14
2041130,bending press,[弯]曲压机,,2014-05-14
2041131,bending test machine,弯曲试验机,,2014-05-14
2041132,bent adaptor,弯形应接器；弯形转接器,,2014-05-14
2041133,bent crystal spectrometer,弯晶谱仪,,2014-05-14
2041134,bent crystal X-ray spectrograph,弯晶X射线摄谱仪,,2014-05-14
2041135,bent lathe tool,弯头车刀,,2014-05-14
2041136,bent lever,曲头杆,,2014-05-14
2041137,beryllium moderated reactor,铍缓和反应器,,2014-05-14
2041138,beta counter,贝他[射线]计数器；β[射线]计数器,,2014-05-14
2041139,beta gage,贝他规；贝他测量计；β规；β测量计,,2014-05-14
2041140,beta gauge,贝他规；贝他测量计；β规；β测量计,,2014-05-14
2041141,beta monitor,贝他[射线]监测器；β[射线]监测器,,2014-05-14
2041142,beta scintillation spectrometer,贝他闪烁谱计；β闪烁谱计,,2014-05-14
2041143,beta screen,贝他[射线]屏,,2014-05-14
2041144,beta spectrograph,贝他摄谱仪；β摄谱仪,,2014-05-14
2041145,beta spectrometer,贝他[射线]谱计；β[射线]谱计；贝他[射线]谱仪；β[射线]谱仪,,2014-05-14
2041146,beta spectrum analyzer,贝他能谱分析仪,,2014-05-14
2041147,beta survey meter,贝他测量计；β测量计,,2014-05-14
2041148,beta thickness gage,贝他厚度计；β厚度计,,2014-05-14
2041149,beta thickness gauge,贝他厚度计；β厚度计,,2014-05-14
2041150,beta-gamma exposure dose ratemeter,贝他-加马曝露剂量率计；β-γ曝露剂量率计,,2014-05-14
2041151,beta-ionization chamber,贝他游离室；β游离室,,2014-05-14
2041152,beta-ray counter,贝他[射线]计数器；β[射线]计数器,,2014-05-14
2041153,beta-ray electroscope,贝他射线验电器；β射线验电器,,2014-05-14
2041154,beta-ray ionization detector,贝他射线游离侦检器；β射线游离侦检器,,2014-05-14
2041155,beta-ray monitor,贝他[射线]监测器；β[射线]监测器,,2014-05-14
2041156,beta-ray plaque,贝他射线板；β射线板,,2014-05-14
2041157,beta-ray spectrometer,贝他[射线]谱计；β[射线]谱计；贝他[射线]谱仪；β[射线]谱仪,,2014-05-14
2041158,beta-sensitive ionization chamber,贝他灵敏游离腔；β灵敏游离腔,,2014-05-14
2041159,betatron,贝他加速器；β加速器；电子[感应]加速器,,2014-05-14
2041160,bevatron,贝伐加速器,,2014-05-14
2041161,bevel faced hammer,斜面锤,,2014-05-14
2041162,bevel friction gear,斜磨擦齿轮,,2014-05-14
2041163,bevel friction wheel,斜磨擦轮；锥形磨擦轮,,2014-05-14
2041164,bevel gage,斜角规,,2014-05-14
2041165,bevel gauge,斜角规,,2014-05-14
2041166,bevel gear,斜齿轮,,2014-05-14
2041167,bevel gear cutter,斜齿轮铣刀,,2014-05-14
2041168,bevel gear cutting machine,斜齿轮切齿机,,2014-05-14
2041169,bevel gear grinder,斜齿轮磨床,,2014-05-14
2041170,bevel gear lapping machine,斜齿轮研磨床,,2014-05-14
2041171,bevel gear shaper,斜齿轮刨床,,2014-05-14
2041172,bevel pinion,小斜齿轮,,2014-05-14
2041173,bevel protractor,测角规,,2014-05-14
2041174,bevel seated valve,斜座阀,,2014-05-14
2041175,bevel shear,斜剪机,,2014-05-14
2041176,bevel square,斜角规,,2014-05-14
2041177,bevel tool,去角刀具,,2014-05-14
2041178,bevel wheel,斜轮；锥形轮,,2014-05-14
2041179,beveling machine,斜边机,,2014-05-14
2041180,bias battery,偏压电池[组],,2014-05-14
2041181,bias cutter,切条机；斜切机；[偏]斜铣刀,,2014-05-14
2041182,bias rectifier,偏压整流器,,2014-05-14
2041183,bias resistor,偏压电阻器,,2014-05-14
2041184,bias tape,斜带,,2014-05-14
2041185,Biazzi continuous process unit,比亚吉连续器,,2014-05-14
2041186,bicathode tube,双阴极管,,2014-05-14
2041187,bichromate cell,二铬酸[盐]电池；重铬酸[盐]电池,,2014-05-14
2041188,bicolor indicator,双色指示器,,2014-05-14
2041189,bicolor light,双色灯,,2014-05-14
2041190,bicolorimeter,双色比色计,,2014-05-14
2041191,biconcave lens,双凹透镜,,2014-05-14
2041192,biconvex lens,双凸透镜,,2014-05-14
2041193,bifilar electrometer,双线静电计,,2014-05-14
2041194,bifilar micrometer,双线测微计,,2014-05-14
2041195,bifilar pendulum,双线摆,,2014-05-14
2041196,bifilar type galvanometer,双线式电流计,,2014-05-14
2041197,bifocal lens,双焦[点]透镜,,2014-05-14
2041198,bifurcating box,双叉分接匣,,2014-05-14
2041199,big end bearing,大端轴承,,2014-05-14
2041200,big end bolt,大端螺栓,,2014-05-14
2041201,bilateral slit,双向狭缝,,2014-05-14
2041202,bildner,食醋速酿器,,2014-05-14
2041203,bill hook,钩刀,,2014-05-14
2041204,billet mill,小坯辊轧机,,2014-05-14
2041205,billet roll,小坯轧辊,,2014-05-14
2041206,bimetal fuse,双金属保险丝,,2014-05-14
2041207,bimetal regulator,双金属调整器,,2014-05-14
2041208,bimetallic capacitor,双金属电容器,,2014-05-14
2041209,bimetallic condenser,双金属电容器,,2014-05-14
2041210,bimetallic electrode,双金属电极,,2014-05-14
2041211,bimetallic strip,双金属片,,2014-05-14
2041212,bimetallic thermometer,双金属温度计,,2014-05-14
2041213,bimetallic thermostat,双金属恒温器,,2014-05-14
2041214,bi-motor,双马达；双发动机,,2014-05-14
2041215,bin drier,箱型干燥器；干燥箱,,2014-05-14
2041216,bin system,储仓系统,,2014-05-14
2041217,binary computer,二进计算机,,2014-05-14
2041218,binary electrometer,双极静电计,,2014-05-14
2041219,binary half-adder,二进半加器,,2014-05-14
2041220,binary scaler,二进位定标器,,2014-05-14
2041221,binary-vapor engine,双汽发动机；双汽引擎,,2014-05-14
2041222,binate electrometer,对分静电计,,2014-05-14
2041223,binder bolt,有帽螺栓,,2014-05-14
2041224,binder lever,紧杆,,2014-05-14
2041225,binding post,接线柱,,2014-05-14
2041226,binding screw,接线螺旋,,2014-05-14
2041227,binocular eyepiece,双目镜,,2014-05-14
2041228,binocular magnifier,双目放大镜,,2014-05-14
2041229,binocular microscope,双目显微镜,,2014-05-14
2041230,binocular telescope,双目望远镜,,2014-05-14
2041231,biological shield,生物屏蔽；生物掩体；生物防护屏,,2014-05-14
2041232,bioluminescence photometer,生物发光量测仪,,2014-05-14
2041233,biometer,生物[二氧化碳测定]计,,2014-05-14
2041234,bipolar dynamo,双极发电机,,2014-05-14
2041235,bipolar electric motor,双极电动机；双极马达,,2014-05-14
2041236,bipolar electrode,双极电极,,2014-05-14
2041237,bipolar processor,双极处理器,,2014-05-14
2041238,bipolar switch,双极开关,,2014-05-14
2041239,bipolar transistor,双极电晶体,,2014-05-14
2041240,biprism,双棱镜,,2014-05-14
2041241,birefringence filter,双折射滤波器；双折射滤光片,,2014-05-14
2041242,birotor centrifugal pump,双转子离心泵,,2014-05-14
2041243,bistable multivibrator,双稳复振器；双稳定多重振动器,,2014-05-14
2041244,biswitch,双向切换器；双向开关,,2014-05-14
2041245,bit,钻；钻头；刀口；刀尖,,2014-05-14
2041246,bit brace,曲柄钻孔器,,2014-05-14
2041247,bit gage,钻深[量]规；钻头[量]规,,2014-05-14
2041248,bit gauge,钻深[量]规；钻头[量]规,,2014-05-14
2041249,bit holder,钻套；锥柄,,2014-05-14
2041250,bit insert,钻头,,2014-05-14
2041251,bit race,钻头定具,,2014-05-14
2041252,bit stop,钻深触止器,,2014-05-14
2041253,bit tool,镶尖刀具,,2014-05-14
2041254,bit-slice processor,数元截割处理机,,2014-05-14
2041255,black ash furnace,黑灰炉,,2014-05-14
2041256,black body,黑体,,2014-05-14
2041257,black body radiator,黑体辐射器；黑体辐射体,,2014-05-14
2041258,black body type cell,黑体式光电管；黑体式光电池,,2014-05-14
2041259,black bolt,黑皮螺栓；粗制螺栓,,2014-05-14
2041260,black field microscope,暗视野显微镜；暗视场显微镜,,2014-05-14
2041261,black pot,炼硫釜,,2014-05-14
2041262,black radiator,黑体辐射器；黑体辐射体,,2014-05-14
2041263,black-body thermometer,黑体温度计,,2014-05-14
2041264,blacksmith forge,锻铁炉,,2014-05-14
2041265,blacksmith hammer,锻铁锤,,2014-05-14
2041266,blacksmith sledge,锻铁大锤,,2014-05-14
2041267,blacksmith's hammer,锻铁锤,,2014-05-14
2041268,blade,叶片；轮叶,,2014-05-14
2041269,blade beam,螺距测量器,,2014-05-14
2041270,blade bearing,刀片座,,2014-05-14
2041271,blade clip,刀片夹,,2014-05-14
2041272,blade compounding,轮叶组合,,2014-05-14
2041273,blade jaw,刀片夹,,2014-05-14
2041274,blade ring,轮叶环；叶片环,,2014-05-14
2041275,blade shielding,轮叶护片；叶片护片,,2014-05-14
2041276,blade shrounding ring,轮叶护环；叶片护环,,2014-05-14
2041277,blade socket,轮叶根座；叶片根座,,2014-05-14
2041278,blade stopper,轮叶挡件；叶片挡件,,2014-05-14
2041279,blade tip,轮叶尖,,2014-05-14
2041280,blade wheel,叶轮,,2014-05-14
2041281,bladed rotor,叶片转子,,2014-05-14
2041282,Blake jaw crusher,布雷克颚[式压]碎机,,2014-05-14
2041283,blank,毛坯,,2014-05-14
2041284,blank cap,盲盖,,2014-05-14
2041285,blank deleter,消空位器,,2014-05-14
2041286,blank holder,压料板,,2014-05-14
2041287,blanking cover,盲盖,,2014-05-14
2041288,blast blower,鼓风机,,2014-05-14
2041289,blast box,风箱,,2014-05-14
2041290,blast burner,喷灯,,2014-05-14
2041291,blast cock,放气塞,,2014-05-14
2041292,blast fan,鼓风扇；鼓风机,,2014-05-14
2041293,blast furnace,鼓风炉 {高炉},,2014-05-14
2041294,blast furnace gas engine,鼓风炉气引擎,,2014-05-14
2041295,blast gate,鼓风门,,2014-05-14
2041296,blast heater,鼓风加热器,,2014-05-14
2041297,blast lamp,喷灯,,2014-05-14
2041298,blast main,鼓风[总]管,,2014-05-14
2041299,blast meter,测风计,,2014-05-14
2041300,blast nozzle,鼓风喷嘴,,2014-05-14
2041301,blast orifice,鼓风孔口,,2014-05-14
2041302,blast pipe,鼓风管,,2014-05-14
2041303,blast regulator,风量调节器,,2014-05-14
2041304,blast smelting furnace,鼓风熔炉,,2014-05-14
2041305,blast volume meter,风量计,,2014-05-14
2041306,blasting cap,火帽；雷管,,2014-05-14
2041307,blasting fuse,引线；雷管,,2014-05-14
2041308,blasting machine,电发火器；发爆器；引爆器,,2014-05-14
2041309,blasting needle,引爆撞针,,2014-05-14
2041310,bleach tank,漂白槽,,2014-05-14
2041311,bleacher,漂白器,,2014-05-14
2041312,bleaching cistern,漂白槽,,2014-05-14
2041313,bleaching engine,漂白机,,2014-05-14
2041314,bleaching machine,漂白机,,2014-05-14
2041315,bleck,印板,,2014-05-14
2041316,bleed steam pressure meter,分供汽压计,,2014-05-14
2041317,bleed valve,泄放阀,,2014-05-14
2041318,bleeder,泄放器；分泄器,,2014-05-14
2041319,bleeder heater,分供加热管,,2014-05-14
2041320,bleeder resistor,旁漏电阻器；分泄电阻器,,2014-05-14
2041321,bleeder turbine,分供涡轮机,,2014-05-14
2041322,bleeder valve,泄放阀,,2014-05-14
2041323,blender,掺合机；捏和机；搅碎机,,2014-05-14
2041324,blending bin,掺合箱,,2014-05-14
2041325,blending kettle,掺合锅,,2014-05-14
2041326,blending tank,掺合槽,,2014-05-14
2041327,blind flange,管口盖板,,2014-05-14
2041328,blind roaster,闭式焙烧炉；套[式]炉,,2014-05-14
2041329,block,架；台；组合；块,,2014-05-14
2041331,block brake,块状刹车[器],,2014-05-14
2041332,block breaker,块碎机,,2014-05-14
2041333,block brush,块状电刷,,2014-05-14
2041334,block chain,块状链,,2014-05-14
2041335,block clutch,块状离合器,,2014-05-14
2041336,block gage,板规；块规,,2014-05-14
2041337,block gauge,板规；块规,,2014-05-14
2041338,block indicator,闭塞指示器,,2014-05-14
2041339,block layer cell,障层光电池,,2014-05-14
2041340,block layer rectifier,封层整流器,,2014-05-14
2041341,block press,压块机,,2014-05-14
2041342,block switch,分段开关,,2014-05-14
2041343,blocking capacitor,隔直流电容器；阻隔电容器,,2014-05-14
2041344,blocking condenser,隔直流电容器；阻隔电容器,,2014-05-14
2041345,blocking device,闭塞装置,,2014-05-14
2041346,blocking layer cell,障层光电池,,2014-05-14
2041347,blocking layer photocell,阻挡层光电池；障层光电管,,2014-05-14
2041348,blocking oscillator,间歇振荡器,,2014-05-14
2041349,blocking press,压块机,,2014-05-14
2041350,blood capsule,血袋,,2014-05-14
2041351,blood coagulometer,血液凝聚计,,2014-05-14
2041352,blood collector,集血器,,2014-05-14
2041353,blood sugar tube,血糖试管,,2014-05-14
2041354,bloom,[金属]块料；中坯,,2014-05-14
2041355,bloomer,块料炉；中坯炉,,2014-05-14
2041356,blooming mill,块料轧机；中坯轧机,,2014-05-14
2041357,blooming roll,块料轧辊；中坯轧辊,,2014-05-14
2041358,blow cock,排放旋塞,,2014-05-14
2041359,blow gun,喷枪,,2014-05-14
2041360,blow lamp,喷灯,,2014-05-14
2041361,blow pipe,吹管,,2014-05-14
2041362,blow tank,泄料槽,,2014-05-14
2041363,blow torch,喷灯,,2014-05-14
2041364,blow valve,送风阀,,2014-05-14
2041365,blower,鼓风机；风箱,,2014-05-14
2041366,blowhole,气孔,,2014-05-14
2041367,blowing engine,鼓风机,,2014-05-14
2041368,blowing fan,鼓风扇,,2014-05-14
2041369,blowing furnace,吹风炉,,2014-05-14
2041370,blown casting,吹制铸件,,2014-05-14
2041371,blowoff,排放器,,2014-05-14
2041372,blowoff branch,排放支管,,2014-05-14
2041373,blowoff cock,排放旋塞,,2014-05-14
2041374,blow-off cock,排放旋塞,,2014-05-14
2041375,blowoff muffler,排放消音器,,2014-05-14
2041376,blowoff pipe,排放管,,2014-05-14
2041377,blowoff tank,排放箱,,2014-05-14
2041378,blowoff valve,排放阀,,2014-05-14
2041379,blowout coil,熄弧线圈,,2014-05-14
2041380,blowout switch,排出开关,,2014-05-14
2041381,blowout valve,排出阀,,2014-05-14
2041382,blowpipe,吹管,,2014-05-14
2041383,blowpipe torch,喷灯；气炬,,2014-05-14
2041384,blowtorch,喷灯；汽油吹管,,2014-05-14
2041385,blowtorch burner,喷灯,,2014-05-14
2041386,blue-printing machine,晒图机,,2014-05-14
2041387,blunger,拌和机；圆筒掺和机,,2014-05-14
2041388,blunt file,钝锉；粗锉,,2014-05-14
2041389,board,板；电盘,,2014-05-14
2041390,board forming machine,抄板机,,2014-05-14
2041391,board gage,板规,,2014-05-14
2041392,board gauge,板规,,2014-05-14
2041393,boarding,板条,,2014-05-14
2041394,boarding machine,起纹机,,2014-05-14
2041395,boat,船；舟皿,,2014-05-14
2041396,boat reactor,船形反应器,,2014-05-14
2041397,bob,吊锤；暗冒口,,2014-05-14
2041398,bobbin,筒管；卷线轴,,2014-05-14
2041399,bobbin core,磁带心；线轴磁心,,2014-05-14
2041400,BOD bottle,生化需氧量瓶,,2014-05-14
2041401,body hook,罐钩,,2014-05-14
2041402,boiler,锅炉,,2014-05-14
2041403,boiler accessories,锅炉附件,,2014-05-14
2041404,boiler barrel,锅胴；锅炉圆桶,,2014-05-14
2041405,boiler bearer,锅炉座,,2014-05-14
2041406,boiler bedding,锅炉台座,,2014-05-14
2041407,boiler brace,锅炉撑臂,,2014-05-14
2041408,boiler bracket,锅炉承架,,2014-05-14
2041409,boiler cradle,锅炉架,,2014-05-14
2041410,boiler drum,锅炉鼓,,2014-05-14
2041411,boiler feed pump,锅炉给水泵,,2014-05-14
2041412,boiler feeder,锅炉给水器,,2014-05-14
2041413,boiler flue,锅炉烟道,,2014-05-14
2041414,boiler furnace,锅炉,,2014-05-14
2041415,boiler gage board,锅炉仪表板,,2014-05-14
2041416,boiler gauge board,锅炉仪表板,,2014-05-14
2041417,boiler house,锅炉房,,2014-05-14
2041418,boiler jacket,锅炉外套,,2014-05-14
2041419,boiler pedestal,锅炉托架,,2014-05-14
2041420,boiler saddle,锅炉架,,2014-05-14
2041421,boiler safety valve,锅炉安全阀,,2014-05-14
2041422,boiler scaling tool,除锅垢器,,2014-05-14
2041423,boiler seating,锅炉座,,2014-05-14
2041424,boiler stud,锅炉螺桩,,2014-05-14
2041425,boiler tube,锅炉管,,2014-05-14
2041426,boiler water sampler,锅炉水取样器,,2014-05-14
2041427,boiling kier,沸煮锅,,2014-05-14
2041428,boiling kiln,沸煮炉,,2014-05-14
2041429,boiling nuclear superheat reactor,沸水核过热反应器,,2014-05-14
2041430,boiling sulfur reactor,沸硫反应器,,2014-05-14
2041431,boiling water bath,沸水浴,,2014-05-14
2041432,boiling water homogeneous reactor,沸水均匀反应器,,2014-05-14
2041433,boiling water reactor,沸水反应器,,2014-05-14
2041434,bolometer,辐射热计,,2014-05-14
2041435,bolster,承梁；承块,,2014-05-14
2041436,bolster hanger,承梁吊杆,,2014-05-14
2041437,bolster plank,承梁板,,2014-05-14
2041438,bolster spring,承梁弹簧,,2014-05-14
2041439,bolt,螺栓,,2014-05-14
2041440,bolt and nut machine,螺栓螺帽制造机,,2014-05-14
2041441,bolt blank,螺旋毛坯,,2014-05-14
2041442,bolt clipper,螺栓剪钳,,2014-05-14
2041443,bolt coupling,螺钳联结器,,2014-05-14
2041444,bolt cutter,螺栓切机,,2014-05-14
2041445,bolt head,螺栓头,,2014-05-14
2041446,bolt lock,闩锁；螺闩锁,,2014-05-14
2041447,bolt making machine,螺栓制造机,,2014-05-14
2041448,bolted flange,螺栓凸缘；螺栓法兰,,2014-05-14
2041449,bolted joint,螺栓接头,,2014-05-14
2041450,bolting machine,筛选机,,2014-05-14
2041451,bomb,弹；高压罐,,2014-05-14
2041452,bomb calorimeter,弹卡计；高压罐量热计,,2014-05-14
2041453,bomb furnace,封管炉,,2014-05-14
2041454,bombarding-beam tube,撞撃射束管,,2014-05-14
2041455,bond tester,黏结强度试验机,,2014-05-14
2041456,bonded type strain gage,固定应变计,,2014-05-14
2041457,bonded type strain gauge,固定应变计,,2014-05-14
2041458,bonder,接合器,,2014-05-14
2041459,bonding clamp,压线夹；接线夹,,2014-05-14
2041460,bonding pad,接合垫,,2014-05-14
2041461,bonnet valve,帽状阀,,2014-05-14
2041462,book mold,书型模,,2014-05-14
2041463,book mould,书型模,,2014-05-14
2041464,boom,构架；吊杆,,2014-05-14
2041465,boom rest,构架扶架,,2014-05-14
2041466,boom support,构架支座,,2014-05-14
2041467,boosing bar,拔模杆,,2014-05-14
2041468,booster,增压器；升压器；增幅器；助力器；爆管,,2014-05-14
2041469,booster amplifier,助力增幅器,,2014-05-14
2041470,booster battery,升压电池[组],,2014-05-14
2041471,booster brake,助力刹车[器],,2014-05-14
2041472,booster diffusion pump,助力扩散泵,,2014-05-14
2041473,booster ejecter,助力喷射器,,2014-05-14
2041474,booster engine,助力机,,2014-05-14
2041475,booster fan,助力扇；增压风机,,2014-05-14
2041476,booster heater,中间加热器,,2014-05-14
2041477,booster magneto,助力磁电机,,2014-05-14
2041478,booster pump,助力泵；增强泵,,2014-05-14
2041479,booster rocket,助力火箭,,2014-05-14
2041480,booster rod,加强杆；加强棒,,2014-05-14
2041481,booster spring,助力弹簧,,2014-05-14
2041482,booster storage battery,升压蓄电池[组],,2014-05-14
2041483,booster transformer,增幅[器]变压器；增压[器]变压器,,2014-05-14
2041484,boosting transformer,增压变压器,,2014-05-14
2041485,bootstrap loader,靴带式载入器,,2014-05-14
2041486,borax-paraffin collimator,硼砂石蜡准直器,,2014-05-14
2041487,border-punched card,边[界打]孔卡,,2014-05-14
2041488,borer,钻；打孔器；搪孔机；搪床,,2014-05-14
2041489,boring and drilling machine,钻镗床,,2014-05-14
2041490,boring and turning mill,立式车床,,2014-05-14
2041491,boring bar,搪杆；钻杆,,2014-05-14
2041492,boring cutter,搪刀,,2014-05-14
2041493,boring head,搪刀头,,2014-05-14
2041494,boring machine,镗床,,2014-05-14
2041495,boring table,搪孔台,,2014-05-14
2041496,boring tool,搪孔刀具,,2014-05-14
2041497,boron chamber,硼室；硼腔,,2014-05-14
2041498,boron counter,硼计数器,,2014-05-14
2041499,boron counter tube,硼计数管,,2014-05-14
2041500,boroscope,测孔仪,,2014-05-14
2041501,bosh,炉腹,,2014-05-14
2041502,bottle,瓶,,2014-05-14
2041503,bottle machine,制瓶机,,2014-05-14
2041504,bottle rest,瓶架,,2014-05-14
2041505,bottling machine,装瓶机,,2014-05-14
2041506,bottom heat pan,底热锅,,2014-05-14
2041507,bow collector,弓形集电器,,2014-05-14
2041508,bowl classifier,碗式类析器,,2014-05-14
2041509,bowl mill,盘球滚磨机,,2014-05-14
2041510,box bridge,匣式电桥,,2014-05-14
2041511,box furnace,箱形炉；箱式炉,,2014-05-14
2041512,box loom,多梭织机,,2014-05-14
2041513,box negative plate,箱型负极板；盒式负极板,,2014-05-14
2041514,box respirator,箱型呼吸器,,2014-05-14
2041515,box tire,滚圈,,2014-05-14
2041516,box type electric furnace,箱型电炉,,2014-05-14
2041517,box-car integrator and averager,箱型积分平均仪,,2014-05-14
2041518,brace,撑臂；托架,,2014-05-14
2041519,brace bit,曲柄钻头,,2014-05-14
2041520,bracket,托；架,,2014-05-14
2041521,Bragg spectrometer,布拉格谱仪,,2014-05-14
2041522,braided cable,辫缆；编织电缆,,2014-05-14
2041523,braided hose,编织软管,,2014-05-14
2041524,braiding machine,编织机,,2014-05-14
2041525,brake,止动机；止动器；刹车[器],,2014-05-14
2041526,brake dynamometer,刹车测力计；刹车功率计,,2014-05-14
2041527,brake handle,刹车柄；制动器手柄,,2014-05-14
2041528,brake hose,刹车软管,,2014-05-14
2041529,brake magnet,刹车磁铁,,2014-05-14
2041530,brake shoe,刹车块,,2014-05-14
2041531,branch cable,支电缆,,2014-05-14
2041532,branch exchange,交换分机,,2014-05-14
2041533,branch line,[分]支线路,,2014-05-14
2041534,branch pipe,支管,,2014-05-14
2041535,branch switch,分路开关,,2014-05-14
2041536,branch tube,支管,,2014-05-14
2041537,branching filter,分支滤波器,,2014-05-14
2041538,brass wire brush,黄铜丝刷,,2014-05-14
2041539,breadboard,插接板；[接线]面包板；试验板,,2014-05-14
2041540,breaker,碎裂机；破碎机；断路器,,2014-05-14
2041541,breaker beater,离解打浆机,,2014-05-14
2041542,breaker calender,整平砑光机,,2014-05-14
2041543,breaker plate,碎料板；断路器板,,2014-05-14
2041544,breakpoint switch,断点开关,,2014-05-14
2041545,breast roll,胸辊,,2014-05-14
2041546,breast wall,胸墙,,2014-05-14
2041547,breather pipe,通气管,,2014-05-14
2041548,breathing bag,呼吸袋,,2014-05-14
2041549,breathing mask,呼吸面具,,2014-05-14
2041550,breeder,滋生[反应]器,,2014-05-14
2041551,breeder blanket,滋生反应器包覆层,,2014-05-14
2041552,breeder reactor,滋生反应器,,2014-05-14
2041553,bremsstrahlung gage,制动辐射计,,2014-05-14
2041554,bremsstrahlung gauge,制动辐射计,,2014-05-14
2041555,brewing kettle,酿造锅,,2014-05-14
2041556,brick lining,砖衬,,2014-05-14
2041557,bridge arm,电桥臂,,2014-05-14
2041558,bridge crane,架空起重机；桥式起重机,,2014-05-14
2041559,bridge electrometer,桥式静电计,,2014-05-14
2041560,bridge gage,桥形[量]规,,2014-05-14
2041561,bridge gauge,桥形[量]规,,2014-05-14
2041562,bridge megger,桥式高阻计,,2014-05-14
2041563,bridge tap,桥接,,2014-05-14
2041564,bridge type ohmmeter,桥式欧姆计,,2014-05-14
2041565,bridge wall,坝墙,,2014-05-14
2041566,bridge wall tank,坝墙槽炉,,2014-05-14
2041567,bridging amplifier,电桥放大器；桥接放大器,,2014-05-14
2041568,bridging coil,桥接线圈,,2014-05-14
2041569,bridging condenser,电桥电容器；桥接电容器,,2014-05-14
2041570,bright emitter,白炽发射体；白热发射体,,2014-05-14
2041571,bright emitter valve,白炽真空管；白热真空管,,2014-05-14
2041572,Brix meter,布里糖度计,,2014-05-14
2041573,Brix scale hydrometer,布里糖度比重计,,2014-05-14
2041574,broach,拉刀,,2014-05-14
2041575,broach file,什锦锉,,2014-05-14
2041576,broach grinder,拉刀磨床,,2014-05-14
2041577,broach grinding machine,拉刀磨床,,2014-05-14
2041578,broach guide,拉刀导件,,2014-05-14
2041579,broach head,拉刀头,,2014-05-14
2041580,broach jig,拉刀工模,,2014-05-14
2041581,broach machine,拉床；扩孔机,,2014-05-14
2041582,broach reamer,锥形铰刀,,2014-05-14
2041583,broach sharpener,拉刀磨锐机,,2014-05-14
2041584,broaching bit,扩孔钻头,,2014-05-14
2041585,broaching machine,拉床；扩孔机,,2014-05-14
2041586,broaching tool,拉刀,,2014-05-14
2041587,broad cone nozzle,宽锥形喷嘴,,2014-05-14
2041588,broad fan nozzle,宽扇形喷嘴,,2014-05-14
2041589,broadband amplifier,宽[频]带放大器,,2014-05-14
2041590,broadband converter,宽[频]带变频器,,2014-05-14
2041591,broadband demodulator,宽[频]带解调器,,2014-05-14
2041592,broadband filter,宽[频]带滤波器,,2014-05-14
2041593,broiler,焙器,,2014-05-14
2041594,bromine counter,溴计数器,,2014-05-14
2041595,bruiser,捣碎机；压碎机,,2014-05-14
2041596,brush,刷；电刷,,2014-05-14
2041597,brush arm,电刷臂,,2014-05-14
2041598,brush assembly,碳刷组,,2014-05-14
2041599,brush carriage,[电]刷架,,2014-05-14
2041600,brush carrier,电刷架,,2014-05-14
2041601,brush clamp,电刷夹,,2014-05-14
2041602,brush cutoff,刷式截止器,,2014-05-14
2041603,brush cylinder,刷式滚筒,,2014-05-14
2041604,brush gage,电刷量规,,2014-05-14
2041605,brush gauge,电刷量规,,2014-05-14
2041606,brush holder,刷柄,,2014-05-14
2041607,brush motor,换向器电动机；整流式电动机；换向器马达；整流式马达,,2014-05-14
2041608,brush rocker,电刷摇移器；电刷摇杆,,2014-05-14
2041609,brush washer,刷洗机,,2014-05-14
2041610,brush wheel,刷轮；磨轮；砂轮,,2014-05-14
2041611,brush yoke,刷架；刷座,,2014-05-14
2041612,brush-dewing machine,给湿刷毛机,,2014-05-14
2041613,brusher,机械刷；刷式清理机,,2014-05-14
2041614,brushing and finishing machine,烫绒机；刷烫机,,2014-05-14
2041615,brushing machine,刷光机；刷毛机,,2014-05-14
2041616,brushing table,刷胚台,,2014-05-14
2041617,brushless washer,无刷清洗机,,2014-05-14
2041618,brush-lifting device,举刷装置,,2014-05-14
2041619,bubble cap,[蒸馏]泡罩,,2014-05-14
2041620,bubble cap column,泡罩[蒸馏]塔,,2014-05-14
2041621,bubble cap tower,泡罩塔,,2014-05-14
2041622,bubble cell,气泡[浮选]槽；水平仪,,2014-05-14
2041623,bubble chamber,气泡室,,2014-05-14
2041624,bubble counter,气泡计数器；计泡器,,2014-05-14
2041625,bubble deck,起泡盘；泡罩塔盘,,2014-05-14
2041626,bubble filter,气泡式滤器,,2014-05-14
2041627,bubble gage,气泡指示器；计泡器,,2014-05-14
2041628,bubble gauge,气泡指示器；计泡器,,2014-05-14
2041629,bubble inclinometer,气泡测斜仪；气泡倾斜计,,2014-05-14
2041630,bubble level,气泡水准仪,,2014-05-14
2041631,bubble machine,气泡式浮选机,,2014-05-14
2041632,bubble plate column,泡板柱；泡板塔,,2014-05-14
2041633,bubble protractor,气泡式分度规；气泡式量角器,,2014-05-14
2041634,bubble pump,气泡泵,,2014-05-14
2041635,bubble quadrant,气泡式测角仪,,2014-05-14
2041636,bubble reactor,气泡反应器,,2014-05-14
2041637,bubble statoscope,气泡灵敏气压计,,2014-05-14
2041638,bubble tower,泡罩塔,,2014-05-14
2041639,bubble tube,气泡管,,2014-05-14
2041640,bubble type viscometer,气泡黏度计,,2014-05-14
2041641,bubble type viscosimeter,气泡黏度计,,2014-05-14
2041642,bubble viscometer,气泡黏度计,,2014-05-14
2041643,bubble viscosimeter,气泡黏度计,,2014-05-14
2041644,bubble-cap absorption tower,泡罩吸收塔,,2014-05-14
2041645,bubble-column machine,泡柱式浮选机,,2014-05-14
2041646,bubbler,起泡器；扩散器,,2014-05-14
2041647,bubble-tube level,气泡管水准仪,,2014-05-14
2041648,bubbling absorber,鼓泡式吸收器；气泡吸收器,,2014-05-14
2041649,bubbling carburetor,气泡汽化器,,2014-05-14
2041650,bubbling washer,气泡洗涤机,,2014-05-14
2041651,Buchholz relay,[布氏]气体继电器,,2014-05-14
2041652,Büchner filter,布赫纳滤器；布氏滤器,,2014-05-14
2041653,Büchner funnel,布赫纳漏斗；布氏漏斗,,2014-05-14
2041654,buck mortar,推式研钵,,2014-05-14
2041655,buck scraper,铲形耙斗；弹板刮土机,,2014-05-14
2041656,buck stacker,堆垛机,,2014-05-14
2041657,buck-and-boost regulator,电压升降调节器,,2014-05-14
2041658,bucker,碾碎机,,2014-05-14
2041659,bucket,斗；箕斗；桶；铲斗；戽斗,,2014-05-14
2041660,bucket arm,斗柄,,2014-05-14
2041661,bucket board,戽[斗]板,,2014-05-14
2041662,bucket car,箕斗车,,2014-05-14
2041663,bucket carrier,斗式运输器,,2014-05-14
2041664,bucket chain,箕链；斗链,,2014-05-14
2041665,bucket chain excavator,箕链挖掘机；链斗式挖掘机,,2014-05-14
2041666,bucket conveyer,斗式运送机,,2014-05-14
2041667,bucket crane,吊斗起重机,,2014-05-14
2041668,bucket current-meter,斗式流速计,,2014-05-14
2041669,bucket disc spring,斗盘弹簧,,2014-05-14
2041670,bucket elevator,斗式升降机,,2014-05-14
2041671,bucket excavator,斗式挖掘机,,2014-05-14
2041672,bucket loader,斗式装料机,,2014-05-14
2041673,bucket paternoster,斗链,,2014-05-14
2041674,bucket pump,斗式泵,,2014-05-14
2041675,bucket rack,桶架,,2014-05-14
2041676,bucket rig,戽索,,2014-05-14
2041677,bucket ring,动叶环；叶片环,,2014-05-14
2041678,bucket spindle,斗轴,,2014-05-14
2041679,bucket spray pump,桶喷洒泵,,2014-05-14
2041680,bucket sprayer,桶式喷雾器,,2014-05-14
2041681,bucket steam trap,斗式储水器；斗式蒸汽阱,,2014-05-14
2041682,bucket valve,斗式[除水]阀,,2014-05-14
2041683,bucket wheel,斗式链轮；杓轮,,2014-05-14
2041684,bucket wheel blower,斗轮式鼓风机,,2014-05-14
2041685,bucket wheel loader,斗轮式装料机,,2014-05-14
2041686,bucket-and-belt elevator,斗带式升降机,,2014-05-14
2041687,bucking coil,补偿线圈；反[去]磁线圈；反感线圈,,2014-05-14
2041688,bucking electrode,遮罩电极；屏蔽电极,,2014-05-14
2041689,bucking hammer,[矿石]打碎锤,,2014-05-14
2041690,buckle,带扣；环扣,,2014-05-14
2041691,buckle chain,活节链,,2014-05-14
2041692,buckle folding machine,栅栏式折页机,,2014-05-14
2041693,buck-saw,架锯；框锯；弓锯；大木锯,,2014-05-14
2041694,bucky screen,防扩散屏,,2014-05-14
2041695,buff,抛光轮；擦光轮,,2014-05-14
2041696,buffer,缓冲器,,2014-05-14
2041697,buffer amplifier,缓冲放大器,,2014-05-14
2041698,buffer attenuator,缓冲衰减器,,2014-05-14
2041699,buffer battery,缓冲电池[组],,2014-05-14
2041700,buffer bin,缓冲料仓；缓冲料箱,,2014-05-14
2041701,buffer box,缓冲器座；缓冲器套筒,,2014-05-14
2041702,buffer capacitor,缓冲电容器,,2014-05-14
2041703,buffer case,缓冲筒；减震器,,2014-05-14
2041704,buffer casing,缓冲器套筒,,2014-05-14
2041705,buffer coil,缓冲线圈,,2014-05-14
2041706,buffer condenser,缓冲电容器,,2014-05-14
2041707,buffer disc,缓冲盘,,2014-05-14
2041708,buffer drum,缓冲磁鼓,,2014-05-14
2041709,buffer gear,缓冲装置,,2014-05-14
2041710,buffer head,缓冲头,,2014-05-14
2041711,buffer plate,缓冲板,,2014-05-14
2041712,buffer plunger,缓冲柱塞,,2014-05-14
2041713,buffer ram,缓冲杆,,2014-05-14
2041714,buffer register,缓冲暂存器,,2014-05-14
2041715,buffer rod,缓冲杆,,2014-05-14
2041716,buffer shell,缓冲器套筒；缓冲器座,,2014-05-14
2041717,buffer slip,缓冲滑片,,2014-05-14
2041718,buffer spring,缓冲弹簧；阻尼弹簧,,2014-05-14
2041719,buffer stay,缓冲杆,,2014-05-14
2041720,buffer stem,缓冲杆,,2014-05-14
2041721,buffer stop,止冲器,,2014-05-14
2041722,buffer storage,缓冲储存器,,2014-05-14
2041723,buffer store,缓冲积蓄器,,2014-05-14
2041724,buffer tube,缓冲管,,2014-05-14
2041725,buffer unit,缓冲装置,,2014-05-14
2041726,buffered computer,缓冲型计算机,,2014-05-14
2041727,buffering memory,缓冲记忆器,,2014-05-14
2041728,buffering piston,缓冲活塞,,2014-05-14
2041729,buffing attachment,抛光[附件]装置,,2014-05-14
2041730,buffing cone,抛光锥[体],,2014-05-14
2041731,buffing machine,擦光机；抛光机,,2014-05-14
2041732,buffing roll,擦光辊；抛光辊,,2014-05-14
2041733,buffing wheel,擦光轮；抛光轮,,2014-05-14
2041734,bugduster,除尘器,,2014-05-14
2041735,buggy,料车；手推车；矿车,,2014-05-14
2041736,buhr mill,磨盘式磨粉机；砥石磨粉机,,2014-05-14
2041737,buhr stone mill,磨盘式磨粉机；砥石磨粉机,,2014-05-14
2041738,building-block machine,组合机床；联合机床,,2014-05-14
2041739,building-out capacitor,附加电容器,,2014-05-14
2041740,building-out condenser,附加电容器；附加冷凝器,,2014-05-14
2041741,built-in calibrator,内建校准器,,2014-05-14
2041742,built-up coil,组合线圈,,2014-05-14
2041743,built-up gear,组合齿轮,,2014-05-14
2041744,built-up rotor,组合电枢；组装转子,,2014-05-14
2041745,bulb,球管；球；[灯]泡,,2014-05-14
2041746,bulb barometer,球管气压计,,2014-05-14
2041747,bulb stopper,球塞,,2014-05-14
2041748,bulb tube,球形凸管,,2014-05-14
2041749,bulb-blowing machine,吹[灯]泡机,,2014-05-14
2041750,bulb-neck splicing machine,管颈连接机,,2014-05-14
2041751,bulb-tubulating machine,接管机,,2014-05-14
2041752,bulb-type ampul,球形安瓿,,2014-05-14
2041753,bulb-type charger,球管式充电器,,2014-05-14
2041754,bulging dies,撑压模,,2014-05-14
2041755,bulging lathe,旋压车床,,2014-05-14
2041756,bulk container,散装容器；散装货柜,,2014-05-14
2041757,bulk core memory,大容量磁心记忆器；大容量核心记忆器,,2014-05-14
2041758,bulk elevator,散装升运机,,2014-05-14
2041759,bulk loader,散装装料机,,2014-05-14
2041760,bulk resistor,体电阻器,,2014-05-14
2041761,bulk storage,大容量储存器,,2014-05-14
2041762,bulk unloader,散装卸料机,,2014-05-14
2041763,bulk weigher,散装秤；斗式秤,,2014-05-14
2041764,bulkmeter,容积流量仪,,2014-05-14
2041765,bull block,抽线模,,2014-05-14
2041766,bull plug,管塞,,2014-05-14
2041767,bull press,型钢矫正压力机,,2014-05-14
2041768,bull ring,研磨圈,,2014-05-14
2041769,bull rod,钻杆；盘条,,2014-05-14
2041770,bull rope,传动索,,2014-05-14
2041771,bull screen,碎料筛,,2014-05-14
2041772,bull shaker,摇动筛,,2014-05-14
2041773,bull wheel,大齿轮；大轮 {起重机的水平转盘},,2014-05-14
2041774,bulldog wrench,管子扳手,,2014-05-14
2041775,bullen-nail,阔头钉；圆头钉,,2014-05-14
2041776,bullet connector,插塞接头,,2014-05-14
2041777,bull-headed rail,[圆头]工字钢轨；圆头[工字]钢轨,,2014-05-14
2041778,bullnose tool,外圆车刀；大型圆头粗车刀,,2014-05-14
2041779,bump bag,缓冲袋,,2014-05-14
2041780,bump guard,缓冲保护器,,2014-05-14
2041781,bumper,保险杠；缓冲器,,2014-05-14
2041782,bumper arm,缓冲器臂,,2014-05-14
2041783,bumper block,缓冲垫座,,2014-05-14
2041784,bumper bracket,缓冲架,,2014-05-14
2041785,bumping bag,缓冲袋,,2014-05-14
2041786,bumping table,振动台,,2014-05-14
2041787,buncher,[电子]聚束器,,2014-05-14
2041788,buncher grid,聚束栅,,2014-05-14
2041789,bunching machine,搓捻机；合股机,,2014-05-14
2041790,bundle buster,盘条挂送装置；自动送坯装置,,2014-05-14
2041791,bundle conductor,导线束；成束导线,,2014-05-14
2041792,bundler,捆束机,,2014-05-14
2041793,bunker vibrator,料斗振动器,,2014-05-14
2041794,Bunsen beaker,本生烧杯,,2014-05-14
2041795,Bunsen burner,本生灯,,2014-05-14
2041796,Bunsen cell,本生电池,,2014-05-14
2041797,Bunsen coulometer,本生电量计,,2014-05-14
2041798,Bunsen flask,本生烧瓶,,2014-05-14
2041799,Bunsen funnel,本生漏斗,,2014-05-14
2041800,Bunsen ice calorimeter,本生冰卡计,,2014-05-14
2041801,Bunsen photometer,本生光度计,,2014-05-14
2041802,Bunsen valve,本生阀,,2014-05-14
2041803,Bunsen voltameter,本生电量计,,2014-05-14
2041804,Bunte apparatus,本悌气体分析计,,2014-05-14
2041805,buoy,浮标；浮体,,2014-05-14
2041806,buoyage,浮标；浮体,,2014-05-14
2041807,Burch grizzly,圆环筛；环形格筛,,2014-05-14
2041808,burden charging carriage,配料车,,2014-05-14
2041809,burden squeezer,炉料压紧器,,2014-05-14
2041810,buret,滴定管,,2014-05-14
2041811,buret brush,滴定管刷,,2014-05-14
2041812,buret cabinet,滴定管柜,,2014-05-14
2041813,buret clamp,滴定管夹,,2014-05-14
2041814,buret cover,滴定管盖,,2014-05-14
2041815,buret float,滴定管浮标,,2014-05-14
2041816,buret holder,滴定管夹,,2014-05-14
2041817,buret meniscus magnifier,滴定管液面放大镜,,2014-05-14
2041818,buret meniscus reader,滴定管液面读镜,,2014-05-14
2041819,buret stand,滴定管架,,2014-05-14
2041820,buret support,滴定管架,,2014-05-14
2041821,buret tip,滴定管尖,,2014-05-14
2041822,burette,滴定管,,2014-05-14
2041823,burette clamp,滴定管夹,,2014-05-14
2041824,burette holder,滴定管夹,,2014-05-14
2041825,burial tank,埋藏槽,,2014-05-14
2041826,burner,灯；炉；燃烧器,,2014-05-14
2041827,burner cap,灯罩,,2014-05-14
2041828,burner flame retainer,护焰围,,2014-05-14
2041829,burner flame spreader,展焰器,,2014-05-14
2041830,burner gas cooler,炉气冷却器,,2014-05-14
2041831,burner grid,灯栅,,2014-05-14
2041832,burner guard,护焰障；护焰罩,,2014-05-14
2041833,burner halo support,燃烧器环形架,,2014-05-14
2041834,burner hearth,炉底；炉床,,2014-05-14
2041835,burner lighter,燃烧器点火器,,2014-05-14
2041836,burner manifold,燃烧器燃料管,,2014-05-14
2041837,burner port,燃烧口,,2014-05-14
2041838,burner ring,喷灯[口]环,,2014-05-14
2041839,burner tip,燃烧器火嘴,,2014-05-14
2041840,burnished bolt,精制螺栓；压光螺栓,,2014-05-14
2041841,burnisher,压光器；辊光器；磨光器；抛光器,,2014-05-14
2041842,burnishing barrel,压光滚筒,,2014-05-14
2041843,burnishing lathe,抛光车床,,2014-05-14
2041844,burnishing machine,压光机,,2014-05-14
2041845,burnishing wheel,磨光轮,,2014-05-14
2041846,burn-out indicator,烧毁指示器,,2014-05-14
2041847,burr,光口绞刀,,2014-05-14
2041848,burr grinder,磨盘式磨碎机；砥石磨碎机,,2014-05-14
2041849,burr pump,舱底泵；污水泵,,2014-05-14
2041850,burr-drill,圆头锉；钻[孔]锥,,2014-05-14
2041851,burring chisel,去毛头凿,,2014-05-14
2041852,burring machine,去毛头机；除草子机,,2014-05-14
2041853,burring mill,磨盘式磨粉机；砥石磨粉机,,2014-05-14
2041854,burring reamer,去毛头铰刀,,2014-05-14
2041855,burrstone mill,石磨机,,2014-05-14
2041856,bursting test machine,爆裂试验仪,,2014-05-14
2041857,burst-slug detector,释热元件损伤探测器,,2014-05-14
2041858,bus,汇流排,,2014-05-14
2041859,bus bar,汇流条；汇流排；母线,,2014-05-14
2041860,bus driver,汇流排驱动器,,2014-05-14
2041861,bus hub,汇流排插座,,2014-05-14
2041862,bus reactor,汇流排电抗器,,2014-05-14
2041863,bus regulator,汇流排电压调整器,,2014-05-14
2041864,bus ring,集电环,,2014-05-14
2041865,bus tie switch,汇流排联络开关,,2014-05-14
2041866,bus voltage regulator,汇流排电压调整器,,2014-05-14
2041867,bus-bar current transformer,母线变流器,,2014-05-14
2041868,bus-bar disconnecting switch,母线隔离开关,,2014-05-14
2041869,bus-bar wire,汇流排；母线,,2014-05-14
2041870,bush,套筒；轴衬；衬套；导套,,2014-05-14
2041871,bush bearing,套筒轴承,,2014-05-14
2041872,bush chain,套筒链,,2014-05-14
2041873,bush ring,衬环；轴套,,2014-05-14
2041874,bushing adapter,套筒应接器；轴衬转接器,,2014-05-14
2041875,bushing current transformer,套筒[式]变流器,,2014-05-14
2041876,bushing extractor,起衬套器,,2014-05-14
2041877,bushing press,套筒压机,,2014-05-14
2041878,bushing puller,套筒拆卸器,,2014-05-14
2041879,bushing reamer,套筒扩孔器,,2014-05-14
2041880,bushing ring,衬环；轴套,,2014-05-14
2041881,bushing type condenser,套筒[式]电容器,,2014-05-14
2041882,bushing type current transformer,套管比流器；套管式电流变压器,,2014-05-14
2041883,bush-roller chain,套筒滚柱链,,2014-05-14
2041884,bustle pipe,环管；围管,,2014-05-14
2041885,butt and collar joint,套筒接头,,2014-05-14
2041886,butt and strap hinge,搭接铰链,,2014-05-14
2041887,butt hinge,平接铰链,,2014-05-14
2041888,butt joint,对接接头,,2014-05-14
2041889,butt rammer,平底捣锤；平底舂,,2014-05-14
2041890,butt resistance welder,对接电阻熔接机,,2014-05-14
2041891,butterfly agitator,蝶形搅拌器,,2014-05-14
2041892,butterfly bamper,蝶阀,,2014-05-14
2041893,butterfly bolt,蝶形螺栓,,2014-05-14
2041894,butterfly burner,蝶形灯,,2014-05-14
2041895,butterfly clack,蝶形瓣 {蝶形阀},,2014-05-14
2041896,butterfly damper,蝶[形]挡板；蝶[形]阀,,2014-05-14
2041897,butterfly gate,蝶闸,,2014-05-14
2041898,butterfly nut,蝶形螺帽,,2014-05-14
2041899,butterfly oscillator,蝶形振荡器,,2014-05-14
2041900,butterfly resonator,蝶形共振器,,2014-05-14
2041901,butterfly screw,蝶形螺钉,,2014-05-14
2041902,butterfly throttle,蝶形节流阀,,2014-05-14
2041903,butterfly throttle valve,蝶形节流阀,,2014-05-14
2041904,butterfly valve,蝶形阀,,2014-05-14
2041905,butter-making machine,制乳油机,,2014-05-14
2041906,butt-muff,对接套筒,,2014-05-14
2041907,butt-muff coupling,对接套筒联结器,,2014-05-14
2041908,button panel,按钮控制板,,2014-05-14
2041909,button set,按钮组,,2014-05-14
2041910,button switch,按钮开关,,2014-05-14
2041911,button-head bolt,扁圆头螺栓,,2014-05-14
2041912,button-head screw,扁圆头螺钉,,2014-05-14
2041913,button-headed bolt,扁圆头螺栓,,2014-05-14
2041914,button-headed screw,扁圆头螺钉,,2014-05-14
2041915,buttress thread screw,斜梯形纹螺钉；锯齿形螺钉,,2014-05-14
2041916,butt-welded drill,对接熔接钻头,,2014-05-14
2041917,butt-welder,对接熔接机,,2014-05-14
2041918,butyrometer,乳油计,,2014-05-14
2041919,butyrorefractometer,乳油折射计,,2014-05-14
2041920,buzz saw,圆锯,,2014-05-14
2041921,buzzer,砂轮；磨轮；蜂鸣器,,2014-05-14
2041922,buzzer type oscillator,蜂音振荡器,,2014-05-14
2041923,buzzer wavemeter,蜂鸣器式波长计；蜂音波长计,,2014-05-14
2041924,buzzy,伸缩式风钻；伸缩式凿岩机,,2014-05-14
2041925,bypass cock,旁路旋塞,,2014-05-14
2041926,bypass fume hood,旁路排烟橱；旁路排烟柜,,2014-05-14
2041927,bypass meter,旁路流量计,,2014-05-14
2041928,bypass pipe,旁路管,,2014-05-14
2041929,bypass resistor,旁路电阻[器],,2014-05-14
2041930,bypass rotameter,旁路浮子流量计,,2014-05-14
2041931,bypass switch,旁路开关,,2014-05-14
2041932,bypass valve,旁路阀,,2014-05-14
2041933,cabbaging press,碎片压机,,2014-05-14
2041934,cabinet,橱；箱；柜,,2014-05-14
2041935,cabinet drier,干燥橱；箱式干燥机,,2014-05-14
2041936,cabinet file,梳形锉刀；半圆锉,,2014-05-14
2041937,cabinet switch,开关箱,,2014-05-14
2041938,cable belt conveyer,缆带式运送机,,2014-05-14
2041939,cable boat,放缆船,,2014-05-14
2041940,cable box,电缆接线箱,,2014-05-14
2041941,cable bracket,电缆架；电缆箱,,2014-05-14
2041942,cable brake,索刹车[器]；缆索刹车[器],,2014-05-14
2041943,cable branching box,电缆分线箱,,2014-05-14
2041944,cable cart,电缆盘拖车,,2014-05-14
2041945,cable channel,电缆管道；电缆槽,,2014-05-14
2041946,cable chute,电缆槽；电缆沟,,2014-05-14
2041947,cable clamp,[电]缆夹,,2014-05-14
2041948,cable clip,[电]缆夹；索夹,,2014-05-14
2041949,cable coil,电缆盘,,2014-05-14
2041950,cable conduct,电缆套管,,2014-05-14
2041951,cable conduit,电缆管道,,2014-05-14
2041952,cable connector,电缆连接器,,2014-05-14
2041953,cable conveyer,缆索运送机,,2014-05-14
2041954,cable coupler,电缆联结器,,2014-05-14
2041955,cable coupling capacitor,电缆偶合电容器,,2014-05-14
2041956,cable crane,缆索起重机,,2014-05-14
2041957,cable current transformer,电缆变流器,,2014-05-14
2041958,cable diameter gage,缆径测量仪,,2014-05-14
2041959,cable diameter gauge,缆径测量仪,,2014-05-14
2041960,cable distribution box,电缆分线盒,,2014-05-14
2041961,cable distribution head,电缆分线头,,2014-05-14
2041962,cable drag conveyer,缆运机,,2014-05-14
2041963,cable drag conveyor,缆运机,,2014-05-14
2041964,cable driven car,缆索牵引车,,2014-05-14
2041965,cable drum,缆索卷筒；电缆卷轴,,2014-05-14
2041966,cable eccentricity gage,缆索偏心度测量仪；缆索偏心度测量计,,2014-05-14
2041967,cable eccentricity gauge,缆索偏心度测量仪；缆索偏心度测量计,,2014-05-14
2041968,cable end connector,电缆端接器,,2014-05-14
2041969,cable excavator,缆索挖掘机,,2014-05-14
2041970,cable fault detector,电缆故障侦检器,,2014-05-14
2041971,cable fault indicator,电缆故障指示器,,2014-05-14
2041972,cable grip,[电]缆夹；电缆握套；电缆紧线器,,2014-05-14
2041973,cable gripper,[电]缆夹；电缆握套；电缆紧线器,,2014-05-14
2041974,cable guide,电缆导管,,2014-05-14
2041975,cable hanger,[电]缆吊架 {电缆挂钩},,2014-05-14
2041976,cable head,电缆分线头,,2014-05-14
2041977,cable hoist,电缆绞盘,,2014-05-14
2041978,cable hook,[电]缆挂钩,,2014-05-14
2041979,cable hut,电缆分线箱；缆线配线房,,2014-05-14
2041980,cable isolator,电缆隔离器,,2014-05-14
2041981,cable jack,[电]缆插口,,2014-05-14
2041982,cable jacket,电缆护套；电缆套管,,2014-05-14
2041983,cable joint,电缆接头,,2014-05-14
2041984,cable joint box,电缆接线匣,,2014-05-14
2041985,cable lift,缆索升降机,,2014-05-14
2041986,cable nippers,电缆[剪]钳,,2014-05-14
2041987,cable pulley,索轮,,2014-05-14
2041988,cable rack,电缆架,,2014-05-14
2041989,cable reel,[电]缆卷轴,,2014-05-14
2041990,cable roller,电缆导输,,2014-05-14
2041991,cable shaker,缆索式摇动器,,2014-05-14
2041992,cable sheath,电缆护套；电缆鞘,,2014-05-14
2041993,cable shield,电缆输入套管,,2014-05-14
2041994,cable shoe,缆端啣套,,2014-05-14
2041995,cable shroud,电缆[管]套,,2014-05-14
2041996,cable sleeve,电缆连接套管,,2014-05-14
2041997,cable sling,电缆吊钩,,2014-05-14
2041998,cable socket,电缆插座,,2014-05-14
2041999,cable terminal box,电缆终端盒,,2014-05-14
2042000,cable testing bridge,电缆测试[电]桥,,2014-05-14
2042001,cable trailer,缆筒拖车,,2014-05-14
2042002,cable trough conveyer,索槽运送机,,2014-05-14
2042003,cable trough conveyor,索槽运送机,,2014-05-14
2042004,cable winch,电缆绞车；绞缆盘,,2014-05-14
2042005,cable-drawn scoop,缆索传动斗,,2014-05-14
2042006,cable-driven car,缆索牵引车,,2014-05-14
2042007,cable-operated brake,缆索操作刹车[器],,2014-05-14
2042008,cable-towed machine,缆索牵引机,,2014-05-14
2042009,cableway,索道；电缆管道；缆道,,2014-05-14
2042010,cableway excavator,牵缆挖掘机；索道式挖掘机,,2014-05-14
2042011,cabling machine,搓绳机,,2014-05-14
2042012,cacciatore,水银地震计,,2014-05-14
2042013,cadmium cell,镉电池,,2014-05-14
2042014,cadmium covered detector,敷镉侦检器,,2014-05-14
2042015,cadmium eliminator column,除镉塔；脱镉塔；除镉管柱,,2014-05-14
2042016,cadmium filter,镉滤器,,2014-05-14
2042017,cadmium nickel accumulator,镉镍蓄电池,,2014-05-14
2042018,cadmium photocell,镉光电池,,2014-05-14
2042019,cadmium regulator,镉调节器,,2014-05-14
2042020,cadmium screen,镉屏,,2014-05-14
2042021,cadmium standard cell,镉标准电池,,2014-05-14
2042022,cadmium sulfide photocell,硫化镉光电池,,2014-05-14
2042023,cadmium sulphide photocell,硫化镉光电池,,2014-05-14
2042024,cadmium vapor lamp,镉汽灯,,2014-05-14
2042025,cadmium-nickel accumulator,镉镍蓄电池,,2014-05-14
2042026,cadmium-selenium photocell,镉硒光电池,,2014-05-14
2042027,caesium atomic clock,铯原子钟,,2014-05-14
2042028,caesium photocell,铯光电池,,2014-05-14
2042029,caesium-oxygen cell,铯氧电池,,2014-05-14
2042030,cage drum,笼式卷筒；笼式卷筒,,2014-05-14
2042031,cage grid,笼形栅极,,2014-05-14
2042032,cage lifter,[笼式]升降机,,2014-05-14
2042033,cage mill,笼式磨机,,2014-05-14
2042034,cage mixer,笼式搅拌机,,2014-05-14
2042035,cage motor,笼式电动机；笼式马达,,2014-05-14
2042036,cage oil press,笼式榨油机,,2014-05-14
2042037,cage rotor,笼式转子,,2014-05-14
2042038,cage type valve,笼形阀,,2014-05-14
2042039,cage wheel elevator,笼轮式升降机,,2014-05-14
2042040,cage-contained stirrer,有罩搅拌器,,2014-05-14
2042041,caging machine,装罐机,,2014-05-14
2042042,caging mechanism,锁定机构,,2014-05-14
2042043,caging unit,装罐设备；装罐机,,2014-05-14
2042044,caisson,弹药箱；沈箱,,2014-05-14
2042045,cake breaker,豆饼碎裂机；碎饼机,,2014-05-14
2042046,cake compresser,压饼机,,2014-05-14
2042047,cake conveyer,滤泥运送机；滤饼运送机,,2014-05-14
2042048,cake cutter,切饼机,,2014-05-14
2042049,cake mill,豆饼磨碎机,,2014-05-14
2042050,cake scraper,滤饼刮板,,2014-05-14
2042051,calandria pan,排管式蒸发罐,,2014-05-14
2042052,calandria vacuum pan,排管真空罐；排管真空釜,,2014-05-14
2042053,calcar,熔玻璃炉；煅烧炉,,2014-05-14
2042054,calcar arch,熔玻璃炉,,2014-05-14
2042055,calcarone,炼硫窑,,2014-05-14
2042056,calcimeter,钙量计；二氧化碳测定计,,2014-05-14
2042057,calcinator,煅烧炉；煅烧器；煅烧机；灰化炉,,2014-05-14
2042058,calcinatory,煅烧炉；煅烧器；煅烧机；灰化炉,,2014-05-14
2042059,calcine cooler,煅料冷却器,,2014-05-14
2042060,calciner,煅烧炉,,2014-05-14
2042061,calcing kiln,煅烧窑,,2014-05-14
2042062,calcining compartment,煅烧室,,2014-05-14
2042063,calcining furnace,煅烧炉,,2014-05-14
2042064,calcining kiln,煅烧窑,,2014-05-14
2042065,calcium chloride tube,氯化钙管,,2014-05-14
2042066,calculagraph,计时器,,2014-05-14
2042067,calculating apparatus,计算装置,,2014-05-14
2042068,calculating board,[电力系统的]计算台；计算板；计算盘,,2014-05-14
2042069,calculating device,计算装置,,2014-05-14
2042070,calculating machine,计算机,,2014-05-14
2042071,calculating punch,计算打孔机,,2014-05-14
2042072,calculating rule,计算尺,,2014-05-14
2042073,calculator,计算器,,2014-05-14
2042074,calender,砑光机；压延机；捏和机；轮压机,,2014-05-14
2042075,calender roll,砑光辊,,2014-05-14
2042076,caliber compass,异脚圆规；量规,,2014-05-14
2042077,caliber gage,测径规,,2014-05-14
2042078,caliber gauge,测径规,,2014-05-14
2042079,caliber rule,测径尺,,2014-05-14
2042080,caliber square,测径角尺,,2014-05-14
2042081,calibrated pipet,[已]校准吸管,,2014-05-14
2042082,calibrated pipette,[已]校准吸管,,2014-05-14
2042083,calibrater,校准器,,2014-05-14
2042084,calibrating buret,校准用滴定管,,2014-05-14
2042085,calibrating burette,校准用滴定管,,2014-05-14
2042086,calibrating pipet,校准用吸管,,2014-05-14
2042087,calibrating pipette,校准用吸管,,2014-05-14
2042088,calibration battery,校准电池,,2014-05-14
2042089,calibrator,校准器,,2014-05-14
2042090,caliper,卡钳；双脚规；测径器；卡尺,,2014-05-14
2042091,caliper gage,卡规；测径规,,2014-05-14
2042092,caliper gauge,卡规；测径规,,2014-05-14
2042093,caliper micrometer,螺旋测微计；测微测径器,,2014-05-14
2042094,calipers,卡钳；双脚规；测径器；卡尺,,2014-05-14
2042095,calipers rule,卡尺,,2014-05-14
2042096,calipers square clasp,游标卡尺的滑尺；卡尺方形钩滑尺,,2014-05-14
2042097,call announcer,呼叫报号器,,2014-05-14
2042098,calling indicator,呼叫指示器,,2014-05-14
2042099,calliper,卡钳；双脚规；测径器；卡尺,,2014-05-14
2042100,calliper gage,卡规；测径规,,2014-05-14
2042101,calliper gauge,卡规；测径规,,2014-05-14
2042102,calliper micrometer,螺旋测微计；测微测径器,,2014-05-14
2042103,callipers,卡钳；双脚规；测径器；卡尺,,2014-05-14
2042104,callipers rule,卡尺,,2014-05-14
2042105,callipers square clasp,游标卡尺的滑尺；卡尺方形钩滑尺,,2014-05-14
2042106,calmet burner,垂直燃烧器,,2014-05-14
2042107,calomel cell,甘汞电池,,2014-05-14
2042108,calomel electrode,甘汞电极,,2014-05-14
2042109,calomel normal electrode,甘汞标准电极,,2014-05-14
2042110,calomel reference electrode,甘汞参考电极,,2014-05-14
2042111,caloric meter,量热计,,2014-05-14
2042112,calorimeter,热量计；卡计；量热计；蒸气干度计,,2014-05-14
2042113,calorimeter vessel,量热器筒,,2014-05-14
2042114,calorimetric bomb,卡计弹,,2014-05-14
2042115,calorimetric power meter,量热功率计,,2014-05-14
2042116,calorimetric pyrometer,量热高温计,,2014-05-14
2042117,calorisator,热法浸提器,,2014-05-14
2042118,calorizator,热法浸提器,,2014-05-14
2042119,calorizer,热浸镀铝器,,2014-05-14
2042120,cam agitator,凸轮搅拌器,,2014-05-14
2042121,cam and piston pump,凸轮活塞泵,,2014-05-14
2042122,cam and ratch drive,凸轮和棘轮传动装置,,2014-05-14
2042123,cam and ratchet drive,凸轮和棘轮传动装置,,2014-05-14
2042124,cam angle indicator,凸轮角指示器,,2014-05-14
2042125,cam angle recorder,凸轮角记录仪,,2014-05-14
2042126,cam box,凸轮箱,,2014-05-14
2042127,cam ejector,凸轮顶出器,,2014-05-14
2042128,cam follower,凸轮随动器,,2014-05-14
2042129,cam gear,凸轮[传动]装置；凸轮轴齿轮,,2014-05-14
2042130,cam governor,凸轮调速器,,2014-05-14
2042131,cam grinder,凸轮磨床,,2014-05-14
2042132,cam hammer,凸轮锤,,2014-05-14
2042133,cam lever,凸轮杆,,2014-05-14
2042134,cam plastometer,凸轮塑性计,,2014-05-14
2042135,cam pump,凸轮泵,,2014-05-14
2042136,cam reduction gear,凸轮减速装置,,2014-05-14
2042137,cam scale,凸盘秤,,2014-05-14
2042138,cam-and-lever mechanism,凸轮杠杆机构,,2014-05-14
2042139,cam-and-rack unit,凸轮齿条组合,,2014-05-14
2042140,cambered roll,凸面轧辊,,2014-05-14
2042141,cam-controlled ejector,凸轮控制顶出器,,2014-05-14
2042142,cam-controlled press,凸轮控制压机,,2014-05-14
2042143,camera,照相机；摄影机；摄像机,,2014-05-14
2042144,camera calibrator,照相机校准器,,2014-05-14
2042145,camera gun,照相枪,,2014-05-14
2042146,camera lucida,描像镜；投影描绘器,,2014-05-14
2042147,camera obscura,暗箱,,2014-05-14
2042148,camera preamplifier,照相机前置放大器,,2014-05-14
2042149,camera shutter controller,照相机快门调节器,,2014-05-14
2042150,camera timer,照相机计时器,,2014-05-14
2042151,camera tube,摄像管；照相管,,2014-05-14
2042152,camshaft,凸轮轴,,2014-05-14
2042153,camshaft lathe,凸轮轴车床,,2014-05-14
2042154,can chamber,罐式燃烧室,,2014-05-14
2042155,can combustor,罐式燃烧器,,2014-05-14
2042156,can dump,脱冰机,,2014-05-14
2042157,can seamer,封罐机,,2014-05-14
2042158,canal drier,隧道式干燥机,,2014-05-14
2042159,canal ray tube,极隧射线管；阳极射线管,,2014-05-14
2042160,can-annular combustion chamber,环罐式燃烧室；环管燃烧室,,2014-05-14
2042161,canary lamp,鲜黄色灯泡,,2014-05-14
2042162,canceller,消除器；补偿设备,,2014-05-14
2042163,cane cutter,切蔗机,,2014-05-14
2042164,cane harvesting machine,甘蔗收获机,,2014-05-14
2042165,cane loader,甘蔗装载机,,2014-05-14
2042166,cane masher,甘蔗压榨机,,2014-05-14
2042167,cane scale,[甘]蔗[磅]秤,,2014-05-14
2042168,cane shredder,撕蔗机,,2014-05-14
2042169,cane unloader,卸蔗机,,2014-05-14
2042170,canister,罐；滤毒罐；防护筒,,2014-05-14
2042171,canned motor,密封发动机；密封马达,,2014-05-14
2042172,canned pump,密封泵；加套泵,,2014-05-14
2042173,cannon ball mill,铁球磨,,2014-05-14
2042174,cannula,套管；插管,,2014-05-14
2042175,cannular combustion chamber,环管燃烧室,,2014-05-14
2042176,cannular combustor,环管烧烧室,,2014-05-14
2042177,canopy,罩；盖,,2014-05-14
2042178,cant file,扁三角锉；斜面锉[刀],,2014-05-14
2042179,cant scraper,三角刮刀；三棱刮刀,,2014-05-14
2042180,canted nozzle,倾斜喷嘴,,2014-05-14
2042181,canted venturi,倾斜喷管,,2014-05-14
2042182,cantilever beam,悬臂梁,,2014-05-14
2042183,cantilever microbalance,悬臂微量天平,,2014-05-14
2042184,can-type chamber,罐式燃烧室,,2014-05-14
2042185,can-type combustor,罐式燃烧器,,2014-05-14
2042186,canvas apron,帆布运送带,,2014-05-14
2042187,canvas conveyer,帆布运送机,,2014-05-14
2042188,canvas filter,帆布滤器,,2014-05-14
2042189,cap,盖；罩,,2014-05-14
2042190,cap cover furnace,罩式炉,,2014-05-14
2042191,cap key,套筒扳手,,2014-05-14
2042192,cap stopper,帽塞,,2014-05-14
2042193,capacitance balancing potentiometer,电容均衡[式]电位计,,2014-05-14
2042194,capacitance box,电容箱,,2014-05-14
2042195,capacitance bridge,电容电桥,,2014-05-14
2042196,capacitance liquid level gage,电容液位计,,2014-05-14
2042197,capacitance liquid level gauge,电容液位计,,2014-05-14
2042198,capacitance meter,电容计,,2014-05-14
2042199,capacitance micrometer,电容测微计,,2014-05-14
2042200,capacitance microphone,电容传声器；静电传声器,,2014-05-14
2042201,capacitance moisture meter,电容湿度计,,2014-05-14
2042202,capacitance potentiometer,电容电位计,,2014-05-14
2042203,capacitance pressure transducer,电容压力转换器,,2014-05-14
2042204,capacitance relay,电容继电器,,2014-05-14
2042205,capacitance strain gage,电容应变计,,2014-05-14
2042206,capacitance tester,电容试验器,,2014-05-14
2042207,capacitance tube,电容管,,2014-05-14
2042208,capacitance-coupled flip-flop,电容偶合正反器,,2014-05-14
2042209,capacitance-resistance filter,电容电阻滤波器,,2014-05-14
2042210,capacitance-resistance oscillator,电容电阻振荡器,,2014-05-14
2042211,capacitive micrometer,电容测微计,,2014-05-14
2042212,capacitor impulse type tachometer,电容器脉冲[式]转速计,,2014-05-14
2042213,capacitor microelement,电容器微件,,2014-05-14
2042214,capacitor motor,电容电动机；电容马达,,2014-05-14
2042215,capacitor storage,电容储存器,,2014-05-14
2042216,capacitor tachometer,电容转速器,,2014-05-14
2042217,capacitor tester,电容器试验器,,2014-05-14
2042218,capacitor-diode storage,电容器二极管储存器,,2014-05-14
2042219,capacitor-start motor,电容起动电动机；电容起动马达,,2018-10-22
2042220,capacity altimeter,电容高度计,,2014-05-14
2042221,capacity bridge,电容[电]桥,,2014-05-14
2042222,capacity checker,电容检验器,,2014-05-14
2042223,capacity goniometer,电容测角计,,2014-05-14
2042224,capacity meter,容量计；电容计,,2014-05-14
2042225,capacity relay,电容继电器,,2014-05-14
2042226,capilary viscometer,毛细管黏度计,,2014-05-14
2042227,capilary viscosimeter,毛细管黏度计,,2014-05-14
2042228,capillarimeter,毛细检液管,,2014-05-14
2042229,capillary electrode,毛细管电极,,2014-05-14
2042230,capillary electrometer,毛细管静电计,,2014-05-14
2042231,capillary electrophoresis {= CE},毛细管电泳[仪],,2014-05-14
2042232,capillary manometer,毛细管压力计,,2014-05-14
2042233,capillary oiler,毛细管给油器,,2014-05-14
2042234,capillary tube,毛细管,,2014-05-14
2042235,capillary tubing,毛细管,,2014-05-14
2042236,capillary viscometer,毛细管黏度计,,2014-05-14
2042237,capillary viscosimeter,毛细管黏度计,,2014-05-14
2042238,capillator,毛细管比色计,,2014-05-14
2042239,capping machine,加盖机,,2014-05-14
2042240,capstan,绞盘,,2014-05-14
2042241,capstan amplifier,绞盘放大器,,2014-05-14
2042242,capsule,胶囊；小皿；小盖皿,,2014-05-14
2042243,capsule cleaner,胶囊清洁器,,2014-05-14
2042244,capsule filler,胶囊装填器,,2014-05-14
2042245,capsule filling machine,胶囊装填机,,2014-05-14
2042246,capsule machine,胶囊制造机,,2014-05-14
2042247,capsule mold,胶囊模,,2014-05-14
2042248,capsule mould,胶囊模,,2014-05-14
2042249,captive balloon,系留气球,,2014-05-14
2042250,car,车,,2014-05-14
2042251,car conveyer,台车运送机,,2014-05-14
2042252,car conveyor,台车运送机,,2014-05-14
2042253,car jack,车辆起重器,,2014-05-14
2042254,car tunnel furnace,隧道式炉,,2014-05-14
2042255,car type conveyer,台车运送机,,2014-05-14
2042256,car type oven,台车[式]烘炉,,2014-05-14
2042257,carbacidometer,[空气]碳酸计；[大气]碳酸计,,2014-05-14
2042258,carbide lamp,乙炔灯,,2014-05-14
2042259,carbide tool,碳化物刀具；碳化物工具；碳化刀,,2014-05-14
2042260,carboloy nozzle,碳化钨合金喷嘴,,2014-05-14
2042261,carbometer,[空气]碳酸计,,2014-05-14
2042262,carbon apparatus,碳量器,,2014-05-14
2042263,carbon arc lamp,碳弧灯,,2014-05-14
2042264,carbon arrester,碳避雷器,,2014-05-14
2042265,carbon bit,金刚石钻头,,2014-05-14
2042266,carbon bolometer,碳辐射热计,,2014-05-14
2042267,carbon brush,碳刷,,2014-05-14
2042268,carbon circuit breaker,碳断路器,,2014-05-14
2042269,carbon collector,集碳器,,2014-05-14
2042270,carbon crucible,石墨坩埚；碳坩埚,,2014-05-14
2042271,carbon determinator,定碳仪,,2014-05-14
2042272,carbon dioxide absorber,二氧化碳吸收器,,2014-05-14
2042273,carbon dioxide absorption cartridge,二氧化碳吸收筒,,2014-05-14
2042274,carbon dioxide generator,二氧化碳产生器；二氧化碳发生器,,2014-05-14
2042275,carbon dioxide laser,二氧化碳雷射,,2014-05-14
2042276,carbon electrode,碳[电]极,,2014-05-14
2042277,carbon equivalent meter,碳当量计,,2014-05-14
2042278,carbon filament lamp,碳丝灯,,2014-05-14
2042279,carbon filter,碳滤器,,2014-05-14
2042280,carbon granule microphone,碳粒传声器,,2014-05-14
2042281,carbon lamp,碳丝灯,,2014-05-14
2042282,carbon microphone,碳粒传声器,,2014-05-14
2042283,carbon monoxide converter,一氧化碳转化器,,2014-05-14
2042284,carbon monoxide laser,一氧化碳雷射,,2014-05-14
2042285,carbon pile,碳堆,,2014-05-14
2042286,carbon pole,碳[电]极,,2014-05-14
2042287,carbon protector,碳避雷器,,2014-05-14
2042288,carbon reactor,石墨反应器,,2014-05-14
2042289,carbon residue coking bulb,残碳焦化球管,,2014-05-14
2042290,carbon resistance furnace,碳[电]阻电炉,,2014-05-14
2042291,carbon resistance thermometer,碳[电]阻温度计,,2014-05-14
2042292,carbon resistor,碳电阻器,,2014-05-14
2042293,carbon resistor bolometer,碳电阻辐射热计,,2014-05-14
2042294,carbon rheostat,碳变阻器,,2014-05-14
2042295,carbon setting chamber,碳粒沉积室,,2014-05-14
2042296,carbon steel drill,碳钢钻头,,2014-05-14
2042297,carbonating tower,碳酸化塔,,2014-05-14
2042298,carbonator,碳酸化器,,2014-05-14
2042299,carbon-film potentiometer,碳膜电位计,,2014-05-14
2042300,carbonic oxide cell,碳氧[物]电池,,2014-05-14
2042301,carbonized cathode,碳化阴极,,2014-05-14
2042302,carbonizer,碳化器,,2014-05-14
2042303,carbonometer,碳酸计；碳酸气计,,2014-05-14
2042304,carborundum detector,金刚砂检波器,,2014-05-14
2042305,carborundum furnace,金刚砂电炉；碳化矽电炉,,2014-05-14
2042306,carborundum grinding wheel,金刚砂[磨]轮,,2014-05-14
2042307,carborundum saw,金刚砂锯,,2014-05-14
2042308,carboy,[酸]坛；[籐护]坛,,2014-05-14
2042309,carburater,汽化器；化油器；增碳器,,2014-05-14
2042310,carburator,汽化器；化油器；增碳器,,2014-05-14
2042311,carburatter,汽化器；化油器；增碳器,,2014-05-14
2042312,carburattor,汽化器；化油器；增碳器,,2014-05-14
2042313,carbureted engine,汽化式发动机；汽化式引擎,,2014-05-14
2042314,carbureter,汽化器；化油器；增碳器,,2014-05-14
2042315,carburetor,汽化器；化油器；增碳器,,2014-05-14
2042316,carburetter,汽化器；化油器；增碳器,,2014-05-14
2042317,carburettor,汽化器；化油器；增碳器,,2014-05-14
2042318,carburizing bath,渗碳池,,2014-05-14
2042319,carburizing furnace,渗碳炉,,2014-05-14
2042320,carcinotron,回波振荡器；返波器,,2014-05-14
2042321,card bin,卡片箱,,2014-05-14
2042322,card collator,对卡机；卡片整理机,,2014-05-14
2042323,card dialer,卡片拨号器,,2014-05-14
2042324,card editor,卡片编辑器,,2014-05-14
2042325,card feed,馈卡机件,,2014-05-14
2042326,card hopper,馈卡槽；卡斗,,2014-05-14
2042327,card interpreter,卡片译印机；卡解译机,,2014-05-14
2042328,card programmed calculator,卡片程式计算器,,2014-05-14
2042329,card programmed computer,卡片程式计算机,,2014-05-14
2042330,card punch,打卡机,,2014-05-14
2042331,card punching machine,打卡机,,2014-05-14
2042332,card reader,读卡机,,2014-05-14
2042333,card reader-punch,读卡打卡机；卡片读-打机,,2014-05-14
2042334,card receiver,收卡器,,2014-05-14
2042335,card reproducer,卡片复制机；卡片再制器,,2014-05-14
2042336,card sorter,卡片分类机,,2014-05-14
2042337,card stacker,堆卡机；叠卡器,,2014-05-14
2042338,card transceiver,卡片收发机,,2014-05-14
2042339,card verifier,验卡机,,2014-05-14
2042340,cardan gear,万向接头传动装置,,2014-05-14
2042341,cardan joint,万向接头,,2014-05-14
2042342,cardiac pacemaker,心脏节律器,,2014-05-14
2042343,card-to-magnetic tape converter,卡片磁带变换器,,2014-05-14
2042344,cargo boom,起重臂,,2014-05-14
2042345,carriage hoist,起重车,,2014-05-14
2042346,carriage jack,车辆起重器,,2014-05-14
2042347,carriage wrench,套筒扳手,,2014-05-14
2042348,carrier,载体；输送机；台车；托架,,2014-05-14
2042349,carrier amplifier,载波放大器,,2014-05-14
2042350,carrier detector,载波侦检器,,2014-05-14
2042351,carrier generator,载波发生器；载波产生器,,2014-05-14
2042352,carrier loader,运载车,,2014-05-14
2042353,carrier terminal,载波终端机,,2014-05-14
2042354,carrier-actuated relay,载波驱动继电器,,2014-05-14
2042355,carrier-and-stacker,堆垛车,,2014-05-14
2042356,carry scraper,铲运机,,2014-05-14
2042357,carry storage register,进位暂存器,,2014-05-14
2042358,carryall scraper,通用铲运机,,2014-05-14
2042359,carryload scraper,铲运机,,2014-05-14
2042360,cart balance,车秤,,2014-05-14
2042361,cartridge,匣；筒,,2014-05-14
2042362,cartridge filter,滤筒,,2014-05-14
2042363,cartridge fuse,熔丝管；保险丝管,,2014-05-14
2042364,cartridge heater,插装加热器,,2014-05-14
2042365,cartridge pump,插装泵,,2014-05-14
2042366,cartridge valve,插装阀,,2014-05-14
2042367,car-type conveyor,台车运送机,,2014-05-14
2042368,carving machine,雕刻机,,2014-05-14
2042369,cascade accelerator,串级加速器；级联加速器,,2014-05-14
2042370,cascade amplifier,串级放大器；级联放大器,,2014-05-14
2042371,cascade battery,串级电池[组]；级联电池[组],,2014-05-14
2042372,cascade breaker,串级断路器；级联断路器,,2014-05-14
2042373,cascade buncher,串级聚束器；级联聚束器,,2014-05-14
2042374,cascade concentrator,串级浓缩器；级联浓缩器,,2014-05-14
2042375,cascade condenser,串级冷凝器；级联冷凝器,,2014-05-14
2042376,cascade cooler,串级冷却器；级联冷却器,,2014-05-14
2042377,cascade decoder,串级解码器；级联解码器,,2014-05-14
2042378,cascade evaporator,串级蒸发器；级联蒸发器,,2014-05-14
2042379,cascade motor,串激电动机；串激马达；串级电动机；串级马达,,2014-05-14
2042380,cascade starter,串级起动器；级联起动器,,2014-05-14
2042381,cascade tower,串级塔,,2014-05-14
2042382,case,箱；盒,,2014-05-14
2042383,cased impeller,箱形叶轮,,2014-05-14
2042384,cased-in blower,盒形鼓风机,,2014-05-14
2042385,casing,套；护罩,,2014-05-14
2042386,casing adapter,套管[异径]接头,,2014-05-14
2042387,casing collar locator,套管接箍定位器,,2014-05-14
2042388,casing coupling,套管接头,,2014-05-14
2042389,casing cutter,套管割刀,,2014-05-14
2042390,casing elevator,罩式升降机,,2014-05-14
2042391,casing perforator,套管穿孔机,,2014-05-14
2042392,casing scraper,清管器,,2014-05-14
2042393,casing tester,套管试验器,,2014-05-14
2042394,cask,桶,,2014-05-14
2042395,casket,小桶,,2014-05-14
2042396,casserole,有柄平底皿,,2014-05-14
2042397,cassette,磁带卡,,2014-05-14
2042398,cassette tape,卡式磁带,,2014-05-14
2042399,cast die,铸模,,2014-05-14
2042400,cast iron resistor,铸铁电阻器,,2014-05-14
2042401,casting analyzer,铸件检查仪,,2014-05-14
2042402,casting furnace,铸造用炉,,2014-05-14
2042403,casting mold,铸模,,2014-05-14
2042404,casting mould,铸模,,2014-05-14
2042405,cast-iron pan,铸铁锅,,2014-05-14
2042406,cast-iron retort,铸铁甑,,2014-05-14
2042407,cast-steel roll,铸钢轧辊,,2014-05-14
2042408,catadioptric objective,反[射]折射物镜,,2014-05-14
2042409,catalyst bed,触媒床,,2014-05-14
2042410,catalyst burn-off still,触媒清烧蒸馏器,,2014-05-14
2042411,catalytic combustion system,催化燃烧系统[装置],,2014-05-14
2042412,catalytic converter,催化转化器；触媒转化器,,2014-05-14
2042413,catalytic convertor,催化转化器；触媒转化器,,2014-05-14
2042414,catalytic cracker,催化裂解器；触媒裂解器,,2014-05-14
2042415,catalytic reactor,催化反应器,,2014-05-14
2042416,catalytic reformer,催化重组器；触媒重组器,,2014-05-14
2042417,catathermometer,冷却率温度计,,2014-05-14
2042418,catch basin,承接盘,,2014-05-14
2042419,catch box,截液器,,2014-05-14
2042420,catch pot,捕汁器,,2014-05-14
2042421,catch tank,截液槽；收集槽；溢水箱,,2014-05-14
2042422,catchall,总受器；捕液器,,2014-05-14
2042423,catch-all,总受器；捕液器,,2014-05-14
2042424,catcher,承接器；捕获器；接受器,,2014-05-14
2042425,catelectrode,阴极,,2014-05-14
2042426,catenary support,悬链支架,,2014-05-14
2042427,caterpillar crane,履带式起重机,,2014-05-14
2042428,caterpillar elevator,履带式升降机,,2014-05-14
2042429,cathetometer,高差计；微高[测定]计,,2014-05-14
2042430,cathode,阴极,,2014-05-14
2042431,cathode bias resistor,阴极偏压电阻器,,2014-05-14
2042432,cathode cavity,阴极空腔,,2014-05-14
2042433,cathode lens,阴极透镜,,2014-05-14
2042434,cathode ray accelerator,阴极射线加速器,,2014-05-14
2042435,cathode ray display,阴极射线管显示器,,2014-05-14
2042436,cathode ray gun,[阴极射线]电子枪,,2014-05-14
2042437,cathode ray indicator,阴极射线指示器,,2014-05-14
2042438,cathode ray magnetron,阴极射线磁控管,,2014-05-14
2042439,cathode ray oscillograph,阴极射线示波器,,2014-05-14
2042440,cathode ray oscillograph tube,阴极射线示波管,,2014-05-14
2042441,cathode ray oscilloscope,阴极射线示波器,,2014-05-14
2042442,cathode ray picture tube,阴极射线映像管,,2014-05-14
2042443,cathode ray polarograph,阴极射线极谱仪,,2014-05-14
2042444,cathode ray readout screen,阴极射线读出幕,,2014-05-14
2042445,cathode ray spectroradiometer,阴极射线光谱辐射计,,2014-05-14
2042446,cathode ray tube {= CRT},阴极射线管,,2014-05-14
2042447,cathode ray tube display,阴极射线管显示器,,2014-05-14
2042448,cathode ray tube spot scanner,阴极射线管光点扫描器,,2014-05-14
2042449,cathode ray tube storage,阴极射线管储存器,,2014-05-14
2042450,cathode ray tube terminal,阴极射线管终端机,,2014-05-14
2042451,cathode ray type indicator,阴极射线指示器,,2014-05-14
2042452,cathode ray voltmeter,阴极射线伏特计,,2014-05-14
2042453,cathode-coupled amplifier,阴极偶合放大器,,2014-05-14
2042454,cathodograph,阴极射线照相机,,2014-05-14
2042455,cation exchange column,阳离子交换管柱,,2014-05-14
2042456,cationic membrane cell,阳离子膜电池,,2014-05-14
2042457,catoptric system,反射光组,,2014-05-14
2042458,catoptron,反射镜,,2014-05-14
2042459,catoptroscope,反射验物镜,,2014-05-14
2042460,caulking ring,垫圈；密封圈,,2014-05-14
2042461,caustic pot,熬碱锅,,2014-05-14
2042462,caustic scrubber,碱洗涤器；碱洗气器,,2014-05-14
2042463,causticizer,苛化器,,2014-05-14
2042464,causticizing agitator,苛化搅拌器,,2014-05-14
2042465,causticizing tank,苛化槽,,2014-05-14
2042466,cavity resonator,空腔共振器,,2014-05-14
2042467,cavity wavemeter,空腔波长计,,2014-05-14
2042470,ceiling box,吊线盒,,2014-05-14
2042471,cell,电解槽；电池；光电管；池；槽,,2014-05-14
2042472,cell liquor interrupter,电解液断流器,,2014-05-14
2042473,cell liquor percolation pipe,电解液渗滤管,,2014-05-14
2042474,cell tester,电池测试器,,2014-05-14
2042475,Cellarius tourill,色拉芮士吸收器,,2014-05-14
2042476,cellular board,分房式电盘,,2014-05-14
2042477,cellular cooler,蜂巢形冷却器,,2014-05-14
2042478,cellular filter,蜂巢形滤器,,2014-05-14
2042479,Celsius thermometer,摄氏温度计,,2014-05-14
2042480,cement cooler,水泥冷却器,,2014-05-14
2042481,cement needle,水泥硬固检验计,,2014-05-14
2042482,cementating furnace,渗碳炉,,2014-05-14
2042483,cementing machine,上胶机,,2014-05-14
2042484,center calipers,测径规,,2014-05-14
2042485,center callipers,测径规,,2014-05-14
2042486,center coupler,中心联接器,,2014-05-14
2042487,center tap,中分接头,,2014-05-14
2042488,centering machine,定心机,,2014-05-14
2042489,centerscope,定点放大镜,,2014-05-14
2042490,centigrade thermometer,摄氏温度计；百分温度计,,2014-05-14
2042491,central anode photocell,中心阳极光电管,,2014-05-14
2042492,central control board,中心控制台；中心仪表板,,2014-05-14
2042493,central control desk,中央控制台；中心控制台,,2014-05-14
2042494,central igniter,中心点火器,,2014-05-14
2042495,central processing unit {= CPU},中央处理器；中央处理单元,,2014-05-14
2042496,central processor,中央处理机,,2014-05-14
2042497,central shaft,中心轴,,2014-05-14
2042498,central spindle,中心[转]轴,,2014-05-14
2042499,central winder,中心卷取机,,2014-05-14
2042500,central-lift agitator,中央气升搅拌器,,2014-05-14
2042501,centrifugal,离心机,,2014-05-14
2042502,centrifugal amalgamator,离心混汞器,,2014-05-14
2042503,centrifugal aspirator,离心抽气器,,2014-05-14
2042504,centrifugal blower,离心[式]鼓风机,,2014-05-14
2042505,centrifugal booster pump,离心[式]增压泵,,2014-05-14
2042506,centrifugal brake,离心刹车[器],,2014-05-14
2042507,centrifugal break,离心断路器,,2014-05-14
2042508,centrifugal breather,离心通风器,,2014-05-14
2042509,centrifugal clarifier,离心澄清器,,2014-05-14
2042510,centrifugal classifier,离心类析器,,2014-05-14
2042511,centrifugal cleaner,离心清洁器；离心除尘器,,2014-05-14
2042512,centrifugal clutch,离心离合器,,2014-05-14
2042513,centrifugal collector,离心收集器；离心集尘器,,2014-05-14
2042514,centrifugal compressor,离心压缩机,,2014-05-14
2042515,centrifugal concentrator,离心浓缩机；离心选矿机,,2014-05-14
2042516,centrifugal cyclone,离心旋风[分离]器,,2014-05-14
2042517,centrifugal dehydrator,离心脱水机,,2014-05-14
2042518,centrifugal dirt collector,离心集尘器；离心集污器,,2014-05-14
2042519,centrifugal distributor,离心分布器,,2014-05-14
2042520,centrifugal drier,离心干燥机,,2014-05-14
2042521,centrifugal dust collector,离心集尘器,,2014-05-14
2042522,centrifugal dust separator,离心粉尘分离器,,2014-05-14
2042523,centrifugal exhauster,离心排气管；离心排气机,,2014-05-14
2042524,centrifugal extractor,离心萃取器；离心萃取机,,2014-05-14
2042525,centrifugal fan,离心风扇,,2014-05-14
2042526,centrifugal filter,离心滤器,,2014-05-14
2042527,centrifugal gas washer,离心气体洗涤器,,2014-05-14
2042528,centrifugal governor,离心调速器,,2014-05-14
2042529,centrifugal grinder,离心研磨机,,2014-05-14
2042530,centrifugal humidifier,离心增湿器,,2014-05-14
2042531,centrifugal hydroextractor,离心脱水机,,2014-05-14
2042532,centrifugal impeller mixer,离心叶轮混合器,,2014-05-14
2042533,centrifugal jig,离心簸选机,,2014-05-14
2042534,centrifugal jigger,离心簸选机,,2014-05-14
2042535,centrifugal lubricator,离心润滑器,,2014-05-14
2042536,centrifugal mill,离心磨机,,2014-05-14
2042537,centrifugal oiler,离心给油器,,2014-05-14
2042538,centrifugal pendulum,离心摆,,2014-05-14
2042539,centrifugal pump,离心泵,,2014-05-14
2042540,centrifugal purifier,离心净化机,,2014-05-14
2042541,centrifugal relay,离心继电器,,2014-05-14
2042542,centrifugal roll mill,离心辊磨,,2014-05-14
2042543,centrifugal screen,离心筛,,2014-05-14
2042544,centrifugal scrubber,离心洗气器,,2014-05-14
2042545,centrifugal separator,离心分离器,,2014-05-14
2042546,centrifugal spray tower,离心喷雾塔,,2014-05-14
2042547,centrifugal sprayer,离心喷雾器,,2014-05-14
2042548,centrifugal stirrer,离心搅拌器,,2014-05-14
2042549,centrifugal supercharger,离心增压器,,2014-05-14
2042550,centrifugal superfractionator,离心超分馏器,,2014-05-14
2042551,centrifugal switch,离心开关,,2014-05-14
2042552,centrifugal tachometer,离心转速计,,2014-05-14
2042553,centrifugal thickener,离心增稠器,,2014-05-14
2042554,centrifugal ventilator,离心通风机,,2014-05-14
2042555,centrifugal washer,离心洗涤器,,2014-05-14
2042556,centrifuge,离心机,,2014-05-14
2042557,centrifuge basket,离心机篮,,2014-05-14
2042558,centrifuge dehumidifier,离心除湿器,,2014-05-14
2042559,centrifuge shield,离心套管,,2014-05-14
2042560,centrifuge trunnion carrier,离心管套座,,2014-05-14
2042561,centrifuge tube,离心管,,2014-05-14
2042562,centripetal pump,向心泵,,2014-05-14
2042563,centripetal turbine,向心涡轮机,,2014-05-14
2042564,ceramic burner,陶瓷燃烧器,,2014-05-14
2042565,ceramic bushing,陶瓷套筒,,2014-05-14
2042566,ceramic capacitor,陶瓷电容器,,2014-05-14
2042567,ceramic condenser,陶瓷电容器,,2014-05-14
2042568,ceramic crucible,陶瓷坩埚,,2014-05-14
2042569,ceramic insulator,陶瓷绝缘体,,2014-05-14
2042570,ceramic reactor,陶质反应器,,2014-05-14
2042571,ceramic wafer,陶瓷晶片,,2014-05-14
2042572,ceraunograph,雷电计,,2014-05-14
2042573,cermet resistor,金属陶瓷电阻器,,2014-05-14
2042574,certified buret,检定滴定管,,2014-05-14
2042575,certified pipet,检定吸管,,2014-05-14
2042576,certified pipette,检定吸管,,2014-05-14
2042577,certified volumetric flask,检定量瓶,,2014-05-14
2042578,certified weights,检定砝码,,2014-05-14
2042579,cesium atomic clock,铯原子钟,,2014-05-14
2042580,cesium photocell,铯光电池,,2014-05-14
2042581,cesium-oxygen cell,铯氧电池,,2014-05-14
2042582,cesspipe,污水管,,2014-05-14
2042584,chain adjuster,链调整器；调链器,,2014-05-14
2042585,chain balance,链式天平；链码天平,,2014-05-14
2042586,chain belt,链带,,2014-05-14
2042587,chain belt conveyer,链带运送机,,2014-05-14
2042588,chain block,链吊车；链式起重机,,2014-05-14
2042589,chain conveyer,链式运送机,,2014-05-14
2042590,chain elevator,链条升降机；链式升降机,,2014-05-14
2042591,chain feeder,链式进料器,,2014-05-14
2042592,chain gage,链式水标尺,,2014-05-14
2042593,chain gauge,链式水标尺,,2014-05-14
2042594,chain hoist,链式起重机,,2014-05-14
2042595,chain lifter,链式升降机,,2014-05-14
2042596,chain shaker,链摇动器,,2014-05-14
2042597,chain wheel,链轮,,2014-05-14
2042598,chain-drum balance,链鼓天平,,2014-05-14
2042599,chainomatic balance,链式天平；链码天平,,2014-05-14
2042600,chamber,棚；室；腔,,2014-05-14
2042601,chamber drier,隔间干燥器,,2014-05-14
2042602,chamber filter press,厢式压滤机,,2014-05-14
2042603,chamber kiln,室窑,,2014-05-14
2042604,chamber scrubber,厢式洗气器,,2014-05-14
2042605,change gear,变换齿轮,,2014-05-14
2042606,changeover switch,换向开关,,2014-05-14
2042607,changeover valve,换向阀,,2014-05-14
2042608,change-speed gear,变速齿轮,,2014-05-14
2042609,channel type flowmeter,槽式流量计,,2014-05-14
2042610,character emitter,字元发出器,,2014-05-14
2042611,character generator,字元产生器,,2014-05-14
2042612,character reader,字元阅读机,,2014-05-14
2042613,charcoal filter,木炭滤器,,2014-05-14
2042614,charge conveyer,加料运送机,,2014-05-14
2042615,charge elevator,加料升降机,,2014-05-14
2042616,charge hopper,加料斗,,2014-05-14
2042617,charger,加料机；充电器,,2014-05-14
2042618,charging diode,充电二极管,,2014-05-14
2042619,charging generator,充电发电机,,2014-05-14
2042620,charging indicator,充电指示器,,2014-05-14
2042621,charging pump,供给泵,,2014-05-14
2042622,charging tube,注入管,,2014-05-14
2042623,charging valve,充气阀,,2014-05-14
2042624,chart recorder,[图]记录器,,2014-05-14
2042625,chaser mill,辊辗机,,2014-05-14
2042626,check bolt,防松螺栓,,2014-05-14
2042627,check gage,校对规,,2014-05-14
2042628,check gauge,校对规,,2014-05-14
2042629,check indicator,核对指示器,,2014-05-14
2042630,check nut,并紧螺帽,,2014-05-14
2042631,check register,核对暂存器,,2014-05-14
2042632,check valve,单向阀；止回阀,,2014-05-14
2042633,chemical balance,化学天平,,2014-05-14
2042634,chemical cell,化学电池,,2014-05-14
2042635,chemical dosimeter,化学剂量计,,2014-05-14
2042636,chemical filter,化学滤毒器,,2014-05-14
2042637,chemical force microscope {= CFM},化学力显微镜,,2014-05-14
2042638,chemical hygrometer,化学湿度计,,2014-05-14
2042639,chemical reactor,化学反应器,,2014-05-14
2042640,chemical stencil,化学模绘板,,2014-05-14
2042641,chemiluminescence immunoassay analyzer,化学发光免疫分析仪；化学冷光免疫分析仪,,2014-05-14
2042642,chemiluminescence photometer,化学发光量测仪；化学冷光量测仪,,2014-05-14
2042643,chest,柜；箱,,2014-05-14
2042644,chimney,烟囱,,2014-05-14
2042645,chimney stack,烟囱,,2014-05-14
2042646,chisel,錾；凿,,2014-05-14
2042647,chloride type battery,氯化物电池[组],,2014-05-14
2042648,chlorinator,氯化器,,2014-05-14
2042649,chlorine gas chamber,氯气室,,2014-05-14
2042650,chlorine saturator,氯饱和器,,2014-05-14
2042651,chlorometer,氯量计,,2014-05-14
2042652,choke,抗流器；闸口,,2014-05-14
2042653,choke valve,阻气阀,,2014-05-14
2042654,chopper,断路器；限制器；斩波器；斩光器；遮光器,,2014-05-14
2042655,chopper amplifier,断续放大器；斩波放大器,,2014-05-14
2042656,chopper monochromator,斩波光单色器,,2014-05-14
2042657,chopper spectrophotometer,斩波光谱仪,,2014-05-14
2042658,chopper-stabilized amplifier,斩波稳定放大器,,2014-05-14
2042659,chromatograph,层析仪,,2014-05-14
2042660,chromatographic column,层析管柱,,2014-05-14
2042661,chrome board,彩[色石]印纸板,,2014-05-14
2042662,chromel triangle,铬齐三角；镍铬合金三角,,2014-05-14
2042663,chromel wire gauze,铬齐[线]网,,2014-05-14
2042664,chromel-alumel thermocouple,铬铝热电偶；铬[镍]-铝[镍]热电偶,,2014-05-14
2042665,chromic acid bath,铬酸浴,,2014-05-14
2042666,chromic acid cell,铬酸电池,,2014-05-14
2042667,chromometer,色度计；比色计,,2014-05-14
2042668,chromophotometer,光色度计,,2014-05-14
2042669,chromosaccharometer,比色糖量计,,2014-05-14
2042670,chromoscope,验色器,,2014-05-14
2042671,chronograph,计时仪；记时仪,,2014-05-14
2042672,chronometer,测时计；经线仪,,2014-05-14
2042673,chronoscope,测时器,,2014-05-14
2042674,chronotron,脉冲时差器,,2014-05-14
2042675,churn,搅动器,,2014-05-14
2042676,chute,斜槽；滑槽,,2014-05-14
2042677,chute feeder,斜槽进料器,,2014-05-14
2042678,chute hopper,斜槽漏斗,,2014-05-14
2042679,cinder bed,炉渣床；煤渣床,,2014-05-14
2042680,cinder catcher,集灰器,,2014-05-14
2042681,cinder collector,集渣器,,2014-05-14
2042682,cinder monkey,[高炉]渣口,,2014-05-14
2042683,cinder trap,捕渣器,,2014-05-14
2042684,cinder valve,卸灰阀,,2014-05-14
2042685,circle sprinkler,环形喷洒器,,2014-05-14
2042686,circlip pliers,卡簧钳,,2014-05-14
2042687,circuit analyzer,电路分析器,,2014-05-14
2042688,circuit breaker,断路器；断电器,,2014-05-14
2042689,circuit closer,闭路器,,2014-05-14
2042690,circuit controller,电路控制器,,2014-05-14
2042691,circuit tester,电路试验器；电路测试器,,2014-05-14
2042692,circuit-control relay,电路控制继电器,,2014-05-14
2042693,circular bubble,圆水准器,,2014-05-14
2042694,circular counter,圆盘计数器,,2014-05-14
2042695,circular cutter,圆盘铣刀；切圆机,,2014-05-14
2042696,circular dial,圆度盘,,2014-05-14
2042697,circular dividing machine,圆周分度机,,2014-05-14
2042698,circular electrode,圆盘电极；盘状电极,,2014-05-14
2042699,circular file,圆锉刀,,2014-05-14
2042700,circular galvanometer,圆形电流计,,2014-05-14
2042701,circular magnet,圆形磁铁,,2014-05-14
2042702,circular micrometer,圆径测微计,,2014-05-14
2042703,circular plane,圆铇,,2014-05-14
2042704,circular polariscope,圆偏光镜；圆[形]旋光计；圆偏光仪,,2014-05-14
2042705,circular protractor,圆分度器,,2014-05-14
2042706,circular reflector,圆形反射器,,2014-05-14
2042707,circular saw,圆锯,,2014-05-14
2042708,circular saw sharpener,圆锯锐齿机,,2014-05-14
2042709,circular scale indicator,圆形标[度指]示计,,2014-05-14
2042710,circular shears,圆剪机,,2014-05-14
2042711,circular sprinkler,环形喷洒器；环形喷洒机,,2014-05-14
2042712,circularly polarized light,圆偏振光,,2014-05-14
2042713,circularly polarized radiation,圆偏振辐射,,2014-05-14
2042714,circulating drier,循环式干燥机,,2014-05-14
2042715,circulating memory,循环记忆体；循环记忆器,,2014-05-14
2042716,circulating pump,循环泵,,2014-05-14
2042717,circulating register,循环暂存器；环流暂存器,,2014-05-14
2042718,circulating storage,循环储存器,,2014-05-14
2042719,circulation boiler,循环锅炉,,2014-05-14
2042720,circulator,循环器,,2014-05-14
2042721,circumference gage,圆周规,,2014-05-14
2042722,circumference gauge,圆周规,,2014-05-14
2042723,circumference slide cal1ipers,圆周滑动卡尺,,2014-05-14
2042724,circumference slide calipers,圆周滑动卡尺,,2014-05-14
2042725,cistern,槽；水箱,,2014-05-14
2042726,cistern barometer,槽式气压计,,2014-05-14
2042727,cistern manometer,槽式压力计,,2014-05-14
2042728,clack,瓣；瓣阀,,2014-05-14
2042729,clack valve,翼门止回阀；瓣状阀,,2014-05-14
2042730,Claisen-type adapter,克来生型应接器,,2014-05-14
2042731,clam,夹；钳,,2014-05-14
2042732,clamp,夹；钳,,2014-05-14
2042733,clamp dog,夹紧牵转具,,2014-05-14
2042734,clamp fastener,定夹器,,2014-05-14
2042735,clamp holder,持夹器,,2014-05-14
2042736,clamp ring,夹紧圈,,2014-05-14
2042737,clamp sleeve,夹紧套圈,,2014-05-14
2042738,clamper,定位器；夹持器,,2014-05-14
2042739,clamping collar,夹紧环,,2014-05-14
2042740,clamping fixture,夹具,,2014-05-14
2042741,clamping ring,夹紧圈,,2014-05-14
2042742,clamping sleeve,夹紧套圈,,2014-05-14
2042743,clamping washer,夹紧垫圈,,2014-05-14
2042744,clamshell crane,抓斗吊车；起重机,,2014-05-14
2042745,clap valve,蝶形阀 {蝶形瓣},,2014-05-14
2042746,clapper relay,铃锤式继电器,,2014-05-14
2042747,clapper switch,铃锤式开关,,2014-05-14
2042748,clarifier,澄清器,,2014-05-14
2042749,clariflocculator,澄清絮凝器,,2014-05-14
2042750,clarifying tank,澄清槽,,2014-05-14
2042751,clash gear,滑动齿轮,,2014-05-14
2042752,clash gearbox,滑动齿轮传动箱,,2014-05-14
2042753,clasp,夹；扣；钩,,2014-05-14
2042754,clasp joint,钩接,,2014-05-14
2042755,class-conscious dies,分级模具,,2014-05-14
2042756,classer,分级机；选粒机,,2014-05-14
2042757,classification screen,分级筛,,2014-05-14
2042758,classificator,分级器；分类器；选粒机,,2014-05-14
2042759,classifier,类析器；分类器,,2014-05-14
2042760,classifying cyclone,[分级]旋风分离器,,2014-05-14
2042761,classifying screen,分级筛,,2014-05-14
2042762,clavier,键盘,,2014-05-14
2042763,claw,爪；皮带爪,,2014-05-14
2042764,claw hammer,拔钉锤,,2014-05-14
2042765,claw-type yaw probe,爪型偏向探针,,2014-05-14
2042766,clay conduit,黏土导管,,2014-05-14
2042767,clay crucible,黏土坩埚,,2014-05-14
2042768,clay mixer,黏土拌合器；混土器,,2014-05-14
2042769,clay pipe,瓦管,,2014-05-14
2042770,clay pot,黏土釜,,2014-05-14
2042771,clay press,压黏土机,,2014-05-14
2042772,clay shredder,切泥机,,2014-05-14
2042773,clay vessel,陶皿,,2014-05-14
2042774,clay-graphite crucible,黏土石墨坩埚,,2014-05-14
2042775,cleading,护罩,,2014-05-14
2042776,clean bench,洁净[工作]台；无尘实验台,,2014-05-14
2042777,clean room,无尘室,,2014-05-14
2042778,cleaner,清洁器,,2014-05-14
2042779,cleaning blower,吹净器,,2014-05-14
2042780,cleaning cylinder,洗选滚筒,,2014-05-14
2042781,cleaning machine,清洗机,,2014-05-14
2042782,cleaning screen,洗选筛,,2014-05-14
2042783,cleaning sieve,洗选筛,,2014-05-14
2042784,cleaning spiral,洗选螺旋管,,2014-05-14
2042785,cleaning strainer,滤净器,,2014-05-14
2042786,cleaning tank,冲洗槽,,2014-05-14
2042787,cleanser,滤水器,,2014-05-14
2042788,cleansing blower,吹净器,,2014-05-14
2042789,cleansing doctor,刮浆刀,,2014-05-14
2042790,cleansing drum,清洗[卷]筒,,2014-05-14
2042791,clean-up barrel,清洗[滚]桶,,2014-05-14
2042792,clear fused-quartz cell,透明[熔凝]石英槽,,2014-05-14
2042793,clearance gage,测隙规,,2014-05-14
2042794,clearance gauge,测隙规,,2014-05-14
2042795,clearance nut,余隙螺帽,,2014-05-14
2042796,clearanceometer,测隙计,,2014-05-14
2042797,clearer,清除器；排除器,,2014-05-14
2042798,clearer fused-quartz cell,透明[熔凝]石英槽,,2014-05-14
2042799,cleat,线夹,,2014-05-14
2042800,cleat insulator,绝缘夹板,,2014-05-14
2042801,clench,夹钳,,2014-05-14
2042802,clench type clip,U形夹,,2014-05-14
2042803,clencher,紧钳；夹子,,2014-05-14
2042804,clevis,U形钩,,2014-05-14
2042805,clevis eye,U形环,,2014-05-14
2042806,click,掣子,,2014-05-14
2042807,click pulley,掣子滑轮；棘轮,,2014-05-14
2042808,climb indicator,升速指示器；爬升指示器,,2014-05-14
2042809,clinch,夹钳,,2014-05-14
2042810,clinch type clip,U形夹,,2014-05-14
2042811,clincher,紧钳；夹子,,2014-05-14
2042812,clinical dosimeter,临床剂量计,,2014-05-14
2042813,clinical thermometer,体温计；临床温度计,,2014-05-14
2042814,clinograph,测斜仪,,2014-05-14
2042815,clinometer,测斜计,,2014-05-14
2042816,clinoscope,倾斜仪,,2014-05-14
2042817,clip,夹,,2014-05-14
2042818,clip brake,夹紧式刹车[器],,2014-05-14
2042819,clip connector,[电极]夹连器,,2014-05-14
2042820,clip hook,夹箍钩,,2014-05-14
2042821,clip ring,扣环,,2014-05-14
2042822,clip screw,游标螺丝,,2014-05-14
2042823,clipper,剪；削波器；截波器,,2014-05-14
2042824,clipper amplifier,削波放大器；截波放大器,,2014-05-14
2042825,clipper tube,削波管,,2014-05-14
2042826,clipping amplifier,削波放大器；截波放大器,,2014-05-14
2042827,clipping machine,剪断机,,2014-05-14
2042828,clipping press,切边压机,,2014-05-14
2042829,clock,时钟,,2014-05-14
2042830,clock dial micrometer,钟盘测微计,,2014-05-14
2042831,clock oscillator,计时振荡器,,2014-05-14
2042832,clock pulse generator,时钟脉冲产生器,,2014-05-14
2042833,clock signal generator,时钟信号产生器,,2014-05-14
2042834,clock switch,定时开关,,2014-05-14
2042835,clock type speedometer,钟式速度计,,2014-05-14
2042836,clockwork,钟表机构；发条装置,,2014-05-14
2042837,clockwork timer,钟表计时器,,2014-05-14
2042838,close roaster,闭式焙烧炉,,2014-05-14
2042839,closed agitator,密闭搅拌器,,2014-05-14
2042840,closed belt conveyer,封闭型带运机,,2014-05-14
2042841,closed buffer case,闭式缓冲箱,,2014-05-14
2042842,closed buffer shell,[封]闭式缓冲筒,,2014-05-14
2042843,closed carbon arc lamp,[封]闭式碳弧灯,,2014-05-14
2042844,closed cell,密闭槽,,2014-05-14
2042845,closed chamber,密闭室,,2014-05-14
2042846,closed circuit battery,闭路电池[组]；常流电池[组],,2014-05-14
2042847,closed circuit cell,闭路电池；常流电池,,2014-05-14
2042848,closed circuit crusher,闭路压碎机,,2014-05-14
2042849,closed circuit laser,闭路雷射,,2014-05-14
2042850,closed circuit television,闭路电视,,2014-05-14
2042851,closed coil armature,闭圈电枢,,2014-05-14
2042852,closed coil spring,闭圈弹簧,,2014-05-14
2042853,closed container,密闭容器,,2014-05-14
2042854,closed cooling box,密闭冷却箱,,2014-05-14
2042855,closed core transformer,闭铁心变压器,,2014-05-14
2042856,closed cycle reactor,闭环反应器,,2014-05-14
2042857,closed die,密闭[式]模具,,2014-05-14
2042858,closed effuser,闭合逸散器；闭合泻流器,,2014-05-14
2042859,closed exhaust valve,密闭排气阀,,2014-05-14
2042860,closed forging die,密闭锻模,,2014-05-14
2042861,closed ionization chamber,密闭游离腔；封闭[式]游离室,,2014-05-14
2042862,closed separating funnel,密闭分液漏斗,,2014-05-14
2042863,closed vacuum system,密闭真空系统,,2014-05-14
2042864,closed valve gear,密闭阀动机构；密闭阀动齿轮,,2014-05-14
2042865,closed vessel,密闭容器,,2014-05-14
2042866,closed-cycle cascade helium refrigerator,闭合循环级联氦冷冻器,,2014-05-14
2042867,closed-cycle maser,闭合循环迈射,,2014-05-14
2042868,closed-cycle refrigerator,闭合循环冷冻器,,2014-05-14
2042869,closed-cycle turbine,闭式循环涡轮机,,2014-05-14
2042870,closed-end spanner,闭口扳手,,2014-05-14
2042871,closed-end spark plug,闭端火星塞,,2014-05-14
2042872,closed-end wrench,闭口扳手,,2014-05-14
2042873,closed-flux device,闭磁路装置；闭合磁通量装置,,2014-05-14
2042874,closed-slot armature,闭槽电枢,,2014-05-14
2042875,closed-type bearing,密闭式轴承,,2014-05-14
2042876,closed-type die,密闭[式]模具,,2014-05-14
2042877,closed-type screen,封闭式筛,,2014-05-14
2042878,closing relay,闭合继电器,,2014-05-14
2042879,closing solenoid,闭合螺线管；闭合电磁圈,,2014-05-14
2042880,cloth envelop collector,布袋集尘器；布袋收集器,,2014-05-14
2042881,cloth screen,布筛,,2014-05-14
2042882,cloud chamber,雾室,,2014-05-14
2042883,cloverleaf cam,三叶凸轮,,2014-05-14
2042884,cluster coupling,多头管接头,,2014-05-14
2042885,cluster engine,发动机组,,2014-05-14
2042886,cluster fitting,多头管接头,,2014-05-14
2042887,cluster gage,仪表组,,2014-05-14
2042888,cluster gauge,仪表组,,2014-05-14
2042889,cluster gear,齿轮组,,2014-05-14
2042890,cluster head,多轴头,,2014-05-14
2042891,cluster mill,丛集轧机,,2014-05-14
2042892,cluster roll,多辊轧机,,2014-05-14
2042893,cluster spring,组合弹簧,,2014-05-14
2042894,cluster switch,组[合]开关,,2014-05-14
2042895,clutch,离合器,,2014-05-14
2042896,clutch magnet,离合[器]磁铁,,2014-05-14
2042897,clutch motor,带离合器电动机；带离合器马达,,2014-05-14
2042898,CO2 laser,二氧化碳雷射,,2014-05-16
2042899,coach wrench,活动扳手,,2014-05-14
2042900,coagulating bath,凝聚槽,,2014-05-14
2042901,coagulation bath,凝聚槽,,2014-05-14
2042902,coagulation tank,凝聚槽,,2014-05-14
2042903,coagulator,凝聚器；凝结器,,2014-05-14
2042904,coagulometer,凝血计；凝聚计,,2014-05-14
2042905,coal beater,煤块打碎机,,2014-05-14
2042906,coal breaker,碎煤机,,2014-05-14
2042907,coal burner,粉煤燃烧嘴；煤燃烧器,,2014-05-14
2042908,coal conveyer,运煤机,,2014-05-14
2042909,coal cracker,碎煤机,,2014-05-14
2042910,coal crusher,碎煤机,,2014-05-14
2042911,coal furnace,煤炉,,2014-05-14
2042912,coal gas producer,煤气发生炉,,2014-05-14
2042913,coal gasifier,煤气化器,,2014-05-14
2042914,coal grab,抓煤机,,2014-05-14
2042915,coal hammer,碎煤锤,,2014-05-14
2042916,coal handling plant,输煤设备,,2014-05-14
2042917,coal hoist,扬煤机；升煤机,,2014-05-14
2042918,coal hopper,煤漏斗；煤斗,,2014-05-14
2042919,coal loader,装煤机,,2014-05-14
2042920,coal machinery,采煤机械,,2014-05-14
2042921,coal meter,量煤计,,2014-05-14
2042922,coal picker,选煤机,,2014-05-14
2042923,coal pulverizer,煤粉碎机,,2014-05-14
2042924,coalescent filter,聚结过滤器,,2014-05-14
2042925,coalescer,聚结器,,2014-05-14
2042926,coalescer chamber,聚结室,,2014-05-14
2042927,coal-fired furnace,燃煤加热炉,,2014-05-14
2042928,coarse control rod,粗[调]控制棒,,2014-05-14
2042929,coarse crusher,粗[级]压碎机,,2014-05-14
2042930,coarse cutter,粗切机,,2014-05-14
2042931,coarse file,粗锉,,2014-05-14
2042932,coarse mesh filter,粗网滤器,,2014-05-14
2042933,coarse oil filter,粗滤油器,,2014-05-14
2042934,coarse oil screen,粗滤油网,,2014-05-14
2042935,coarse plain emery wheel,粗砂轮,,2014-05-14
2042936,coarse screw tap,粗螺丝攻,,2014-05-14
2042937,coarse sensor,粗感测器,,2014-05-14
2042938,coarse strainer,粗滤器,,2014-05-14
2042939,coarse thread screw,粗纹螺钉,,2014-05-14
2042940,coarse tooth cutter,粗齿铣刀,,2014-05-14
2042941,coarse wheel,粗砂轮,,2014-05-14
2042942,coarse-adjusting rheostat,粗调变阻器,,2014-05-14
2042943,coarse-pitch screw,大螺距螺钉,,2014-05-14
2042944,coated abrasive grinder,砂带磨床,,2014-05-14
2042945,coated cathode,涂被阴极；涂层阴极,,2014-05-14
2042946,coated electrode,涂被电极；涂层电极,,2014-05-14
2042947,coated lens,涂层透镜；镀膜透镜,,2014-05-14
2042948,coated sheet,镀膜薄板；涂层薄板,,2014-05-14
2042949,coated tape,涂粉磁带；涂物带,,2014-05-14
2042950,coater,涂料器；涂布器,,2014-05-14
2042951,coating thickness meter,镀膜厚度计；涂层厚度计,,2014-05-14
2042952,coaxial attenuator,同轴衰减器,,2014-05-14
2042953,coaxial bolometer,同轴辐射热计,,2014-05-14
2042954,coaxial connector,同轴[电缆]连接器,,2014-05-14
2042955,coaxial filter,同轴滤波器,,2014-05-14
2042956,coaxial injector,同轴喷射器；同轴注入器,,2014-05-14
2042957,coaxial phase shifter,同轴移相器,,2014-05-14
2042958,coaxial plasma engine,同轴电浆引擎；同轴电浆发动机,,2014-05-14
2042959,coaxial relay,同轴继电器,,2014-05-14
2042960,coaxial resonator,同轴谐振器；同轴共振器,,2014-05-14
2042961,coaxial transistor,同轴电晶体,,2014-05-14
2042962,coaxial wavemeter,同轴波长计；同轴波频计,,2014-05-14
2042963,coaxial-line resonator,同轴线共振器,,2014-05-14
2042964,cobalt glass,钴玻璃,,2014-05-14
2042965,cobalt-60 teletherapy units,钴六十远隔治疗机,,2014-05-14
2042966,cock,旋塞；[活]栓,,2014-05-14
2042968,cock tap,龙头,,2014-05-14
2042969,cock wheel,惰轮,,2014-05-14
2042970,cocktail shaker,摇动器,,2014-05-14
2042971,cocoon drying machine,蚕茧干燥机,,2014-05-14
2042972,code converter,换码器,,2014-05-14
2042973,code receiver,[电]码收报机,,2014-05-14
2042974,code selector,选码器,,2014-05-14
2042975,code translator,译码器,,2014-05-14
2042976,coder,编码器,,2014-05-14
2042977,coercimeter,矫顽[磁]力计,,2014-05-14
2042978,coercive force meter,矫顽[磁]力计,,2014-05-14
2042979,coercive meter,矫顽磁性测量计,,2014-05-14
2042980,cogged flywheel,附齿飞轮,,2014-05-14
2042981,cogging mill,粗轧机,,2014-05-14
2042982,cogwheel,嵌齿轮,,2014-05-14
2042983,coherence anti-Stokes Raman spectroscope,相干反斯托克斯拉曼光谱仪；同调反斯托克斯拉曼光谱仪,,2014-05-14
2042984,coherent beam amplifier,同调光束放大器；相干光束放大器,,2014-05-14
2042985,coherent generator,同调发生器；相干发生器,,2014-05-14
2042986,coherent optical locator,同调光定位器；相干光定位器,,2014-05-14
2042987,coherent oscillator,同调振荡器；相干振荡器,,2014-05-14
2042988,coherent receiver,同调接收器；相干接收器,,2014-05-14
2042989,coherer,金屑检波器；粉末检波器,,2014-05-14
2042990,coil,旋管；线圈,,2014-05-14
2042991,coil condenser,旋管冷凝器,,2014-05-14
2042992,coil evaporator,旋管蒸发器,,2014-05-14
2042993,coil galvanometer,线圈电流计,,2014-05-14
2042994,coil pan,旋管[结晶]罐,,2014-05-14
2042995,coil radiator,旋管散热器,,2014-05-14
2042996,coil vacuum pan,旋管真空[结晶]罐,,2014-05-14
2042997,coiled radiator,旋管散热器,,2014-05-14
2042998,coil-in-box condenser,旋管水箱冷凝器,,2014-05-14
2042999,coil-spring damper,螺簧阻尼器,,2014-05-14
2043000,coil-spring shock absorber,螺簧减震器,,2014-05-14
2043001,coil-type pan,旋管锅,,2014-05-14
2043002,coincidence counter,符合计数器,,2014-05-14
2043003,coincidence pendulum,符合摆,,2014-05-14
2043004,coincidence proportional counter,符合正比计数器,,2014-05-14
2043005,coincidence scaler,符合定标器,,2014-05-14
2043006,coincidence sorter,符合[脉冲]选择器,,2014-05-14
2043007,coincidence-anticoincidence scaler,符合/反符合[计数]定标器,,2014-05-14
2043008,coincident-current memory,符流记忆器,,2014-05-14
2043009,coincident-flux magnetic storage,符[合]磁通储存器,,2014-05-14
2043010,coke filter,焦炭过滤器,,2014-05-14
2043011,coke furnace,炼焦炉,,2014-05-14
2043012,coke oven,炼焦炉,,2014-05-14
2043013,coke oven battery,炼焦炉组,,2014-05-14
2043014,coke quenching machine,熄焦机,,2014-05-14
2043015,coke scrubber,焦炭洗气器；焦炭洗涤器,,2014-05-14
2043016,coke tower,焦炭塔,,2014-05-14
2043017,coke-fired crucible furnace,焦炭坩埚炉,,2014-05-14
2043018,coke-packed tower,焦炭填充塔,,2014-05-14
2043019,coker,焦化设备；炼焦器,,2014-05-14
2043020,coking chamber,炼焦室,,2014-05-14
2043021,colander,滤器,,2014-05-14
2043022,cold calender,冷轧机,,2014-05-14
2043023,cold cathode counting tube,冷阴极计数管,,2014-05-14
2043024,cold cathode indicator tube,冷阴极指示管,,2014-05-14
2043025,cold cathode ionization gage,冷阴极游离[真空]计,,2014-05-14
2043026,cold cathode ionization gauge,冷阴极游离[真空]计,,2014-05-14
2043027,cold cathode rectifier,冷阴极整流器,,2014-05-14
2043028,cold cathode tube,冷阴极管,,2014-05-14
2043029,cold extrusion press,冷挤压机,,2014-05-14
2043030,cold reactor,冷反应器,,2014-05-14
2043031,cold trap,冷阱,,2014-05-14
2043032,collar bearing,套环轴承,,2014-05-14
2043033,collator,校对机；对并器,,2014-05-14
2043034,collecting aperture,集光孔,,2014-05-14
2043035,collecting mirror,聚光镜,,2014-05-14
2043036,collector,收集器；集尘器；集电器；聚光器,,2014-05-14
2043037,collector electrode,集板电极；收集[器]电极,,2014-05-14
2043038,collet,筒夹,,2014-05-14
2043039,collimating lens,准直透镜,,2014-05-14
2043040,collimating mirror,准直镜,,2014-05-14
2043041,collimation converter,准直仪；平行光管；准直转换器,,2014-05-14
2043042,collimator,准直仪；平行光管,,2014-05-14
2043043,collimator lens,准直仪透镜,,2014-05-14
2043044,collimator prism,准直仪棱镜,,2014-05-14
2043045,collimator tube,准直管；平行光管,,2014-05-14
2043046,colloid mill,胶体磨机,,2014-05-14
2043047,colloid rectifier,胶体整流器,,2014-05-14
2043048,colloidal metal cell,胶态金属[粒]光电管,,2014-05-14
2043049,colloidal mill,胶体磨机,,2014-05-14
2043050,colony counter,菌落计数器,,2014-05-14
2043051,color absorber,滤光器；滤光片,,2014-05-14
2043052,color analyzer,颜色分析仪,,2014-05-14
2043053,color code resistor,色码电阻器,,2014-05-14
2043054,color coder,彩色[信号]编码器,,2014-05-14
2043055,color comparator,比色器；比色计,,2014-05-14
2043056,color comparator pyrometer,比色高温计,,2014-05-14
2043057,color comparator tube,比色管,,2014-05-14
2043058,color decoder,色彩[信号]解码器,,2014-05-14
2043059,color densitometer,比色密度计；比色[光]密度计,,2014-05-14
2043060,color encoder,色彩编码器,,2014-05-14
2043061,color equalizer,色彩等化器,,2014-05-14
2043062,color fadeometer,褪色计,,2014-05-14
2043063,color filter,滤色器,,2014-05-14
2043064,color glass filter,有色玻璃滤光片,,2014-05-14
2043065,color grinder,涂料研磨机；颜料研磨机,,2014-05-14
2043066,color killer,消色器,,2014-05-14
2043067,color mill,涂料磨机；颜料磨机,,2014-05-14
2043068,color mixer,调色机,,2014-05-14
2043069,color pyrometer,[比]色高温计,,2014-05-14
2043070,color reaction plate,呈色反应板,,2014-05-14
2043071,color-comparator tube,比色管,,2014-05-14
2043072,colorimeter,比色计,,2014-05-14
2043073,colorimetric disc,比色盘,,2014-05-14
2043074,colorimetric dosimeter,比色剂量计,,2014-05-14
2043075,colorimetric pyrometer,比色高温计,,2014-05-14
2043076,colorimetric relay,比色继电器,,2014-05-14
2043077,column,塔；[管]柱,,2014-05-14
2043078,column autoclave,柱式高压釜,,2014-05-14
2043079,column drier,柱式干燥机,,2014-05-14
2043080,column packing,管柱填充[物],,2014-05-14
2043081,column precipitator,柱式沉淀器；沉淀柱,,2014-05-14
2043082,column press,柱式[加]压机,,2014-05-14
2043083,column still,柱式蒸馏器,,2014-05-14
2043084,column type scrubber,柱式洗气器；柱式洗涤器,,2014-05-14
2043085,combination bearing,组合轴承,,2014-05-14
2043086,combination calipers,内外卡钳；组合卡钳,,2014-05-14
2043087,combination callipers,内外卡钳；组合卡钳,,2014-05-14
2043088,combination dial pressure gage,复式刻度压力计,,2014-05-14
2043089,combination dial pressure gauge,复式刻度压力计,,2014-05-14
2043090,combination die,组合模；多腔模,,2014-05-14
2043091,combination electrode,复合电极,,2014-05-14
2043092,combination furnace,复式炉,,2014-05-14
2043093,combination gage,组合[量]规,,2014-05-14
2043094,combination gauge,组合[量]规,,2014-05-14
2043095,combination gear,组合齿轮,,2014-05-14
2043096,combination lathe,组合车床,,2014-05-14
2043097,combination pump,复合泵,,2014-05-14
2043098,combination square,组合角尺,,2014-05-14
2043099,combination switch,复合开关,,2014-05-14
2043100,combination turbine,组合涡轮机；复合涡轮机,,2014-05-14
2043101,combined circulation boiler,组合循环锅炉；复合循环锅炉,,2014-05-14
2043102,combined flow turbine,混流式涡轮机,,2014-05-14
2043103,combined lathe,组合车床,,2014-05-14
2043104,combined pressure gage,复式压力计,,2014-05-14
2043105,combined pressure gauge,复式压力计,,2014-05-14
2043106,combing machine,梳选机,,2014-05-14
2043107,combustion apparatus,燃烧装置,,2014-05-14
2043108,combustion boat,燃烧船,,2014-05-14
2043109,combustion chamber,燃烧室,,2014-05-14
2043110,combustion chamber superheater,燃烧室过热器,,2014-05-14
2043111,combustion engine,燃机,,2014-05-14
2043112,combustion flue gas apparatus,燃烧烟道氧测定器,,2014-05-14
2043113,combustion furnace,燃烧炉,,2014-05-14
2043114,combustion gas analyzer,燃烧气体分析仪,,2014-05-14
2043115,combustion heater,燃烧加热器,,2014-05-14
2043116,combustion indicator,燃烧指示器,,2014-05-14
2043117,combustion recorder,燃烧记录器,,2014-05-14
2043118,combustion tester,燃烧试验器,,2014-05-14
2043119,combustion train,燃烧[装置]列,,2014-05-14
2043120,combustion tube,燃烧管,,2014-05-14
2043121,combustion turbine,燃气涡轮机,,2014-05-14
2043122,combustion vessel,燃烧容器,,2014-05-14
2043123,combustor,燃烧室；燃烧器,,2014-05-14
2043124,comminutor,粉碎机,,2014-05-14
2043125,common emitter,共射极,,2014-05-14
2043126,communicating vessel,连通器,,2014-05-14
2043127,commutating motor,整流电动机；整流马达,,2014-05-14
2043128,commutating switch,换向开关；整流开关,,2014-05-14
2043129,commutator,整流器；换向器,,2014-05-14
2043130,commutator ammeter,整流式安培计,,2014-05-14
2043131,commutator bar,整流条,,2014-05-14
2043132,commutator controller,整流式控制器；换向控制器,,2014-05-14
2043133,commutator frequency changer,整流式变频器,,2014-05-14
2043134,commutator induction motor,整流式感应电动机；整流式感应马达,,2014-05-14
2043135,commutator modulator,整流式调制器；整流式调幅器,,2014-05-14
2043136,commutator motor,整流[式]电动机；整流[式]马达,,2014-05-14
2043137,commutator rectifier,换向整流器,,2014-05-14
2043138,compact battery,紧致电池[组],,2014-05-14
2043139,compact heat exchanger,紧致热交换器,,2014-05-14
2043140,compacting machine,压紧机,,2014-05-14
2043141,compactness meter,紧密度计,,2014-05-14
2043142,compactor,压紧机,,2014-05-14
2043143,compandor,[音幅] 伸缩器,,2014-05-14
2043144,comparascope,显微比较镜,,2014-05-14
2043145,comparator,比较器；比长仪,,2014-05-14
2043146,comparator block,比色组合板,,2014-05-14
2043147,comparator micrometer,比较测微计,,2014-05-14
2043148,comparator microscope,比较显微镜,,2014-05-14
2043149,comparer,比较器,,2014-05-14
2043150,comparison bridge,比较电桥 {如：惠司同电桥},,2014-05-14
2043151,comparison coder,比较编码器,,2014-05-14
2043152,comparison colorimeter,比色计,,2014-05-14
2043153,comparison indicator,比较指示器,,2014-05-14
2043154,comparison lamp,比较灯；比测灯,,2014-05-14
2043155,comparison microscope,比较显微镜；比测显微镜,,2014-05-14
2043156,comparison oscilloscope,比较示波器,,2014-05-14
2043157,comparison potentiometer,比测电位计,,2014-05-14
2043158,comparison prism,比较棱镜；比谱棱镜,,2014-05-14
2043159,comparison spectroscope,比较分光镜；比谱分光镜,,2014-05-14
2043160,comparison tester,比较试验机,,2014-05-14
2043161,comparoscope,显微比较镜,,2014-05-14
2043162,compartment drier,厢式干燥器；隔间干燥器,,2014-05-14
2043163,compartment incubator,厢式培养器,,2014-05-14
2043164,compartment tray,隔间盘,,2014-05-14
2043165,compass,罗盘,,2014-05-14
2043166,compass calipers,量规；弯脚卡钳,,2014-05-14
2043167,compass callipers,量规；弯脚卡钳,,2014-05-14
2043168,compasses,圆规,,2014-05-14
2043169,compatible hardware,相容硬体,,2014-05-14
2043170,compensated air thermometer,补偿空气温度计；补偿气温计,,2014-05-14
2043171,compensated amplifier,补偿放大器,,2014-05-14
2043172,compensated attenuator,补偿衰减器,,2014-05-14
2043173,compensated bridge,补偿电桥,,2014-05-14
2043174,compensated carburetor,补偿汽化器,,2014-05-14
2043175,compensated dynamo,补偿发电机,,2014-05-14
2043176,compensated induction generator,补偿感应发电机,,2014-05-14
2043177,compensated induction motor,补偿感应电动机；补偿感应马达,,2014-05-14
2043178,compensated ionization chamber,补偿游离室,,2014-05-14
2043179,compensated operational amplifier,补偿运算放大器,,2014-05-14
2043180,compensated pendulum,补偿摆,,2014-05-14
2043181,compensated reflector,补偿反射器,,2014-05-14
2043182,compensated relief valve,补偿释放阀,,2014-05-14
2043183,compensated repulsion motor,补偿推斥电动机；补偿推斥马达,,2014-05-14
2043184,compensated semiconductor,补偿半导体,,2014-05-14
2043185,compensated voltmeter,补偿伏特计,,2014-05-14
2043186,compensating accumulator,补偿累积器,,2014-05-14
2043187,compensating air valve,补偿空气阀,,2014-05-14
2043188,compensating bridge,补偿电桥,,2014-05-14
2043189,compensating buffer,补偿缓冲器,,2014-05-14
2043190,compensating coil,补偿线圈,,2014-05-14
2043191,compensating collar,补整轴环,,2014-05-14
2043192,compensating condenser,补偿电容器,,2014-05-14
2043193,compensating controller,补偿控制器,,2014-05-14
2043194,compensating eyepiece,补偿目镜,,2014-05-14
2043195,compensating filter,补偿滤波器,,2014-05-14
2043196,compensating gear,补整机构；均力装置,,2014-05-14
2043197,compensating mirror,补偿镜,,2014-05-14
2043198,compensating ocular,补偿目镜,,2014-05-14
2043199,compensating pipe,胀缩管,,2014-05-14
2043200,compensating planimeter,补偿求积仪；补偿面积计,,2014-05-14
2043201,compensating resistor,补偿电阻器,,2014-05-14
2043202,compensating shunt,补偿分流器,,2014-05-14
2043203,compensation ampere-turns,补偿安培匝,,2014-05-14
2043204,compensation valve,补偿阀,,2014-05-14
2043205,compensative shunt,补偿分流器,,2014-05-14
2043206,compensator,补偿器；补整器,,2014-05-14
2043208,compiler,编译器,,2014-05-14
2043209,complement flip-flop,补数正反器；互补正反器,,2014-05-14
2043210,complementary amplifier,互补放大器,,2014-05-14
2043211,complementary DC amplifier,互补直流放大器,,2014-05-14
2043212,complementary filter,互补滤波器,,2014-05-14
2043213,complementary transistor,互补电晶体,,2014-05-14
2043214,complementer,互补器,,2014-05-14
2043215,completely mixed reactor,完全混合反应器,,2014-05-14
2043216,completely shrouded impeller,全闭式叶轮,,2014-05-14
2043217,complex multiplier register,复数乘法暂存器,,2014-05-14
2043218,component bridge,三用电桥,,2014-05-14
2043219,composite bearing,复合轴承,,2014-05-14
2043220,composite cathode,复合阴极,,2014-05-14
2043221,composite chamber,复合[燃烧]室,,2014-05-14
2043222,composite color absorber,复合滤光器；复合滤光片,,2014-05-14
2043223,composite die,组合模,,2014-05-14
2043224,composite display,复合显示器,,2014-05-14
2043225,composite filter,复合滤波器；混成滤波器,,2014-05-14
2043226,composite lens,复合透镜,,2014-05-14
2043227,composite sampler,复合取样器,,2014-05-14
2043228,composite wave filter,复合滤波器；混成滤波器,,2014-05-14
2043229,composition resistor,组合电阻器,,2014-05-14
2043230,compound ball bearing,复式滚珠轴承,,2014-05-14
2043231,compound ball mill,复合球磨机,,2014-05-14
2043232,compound die,复合模,,2014-05-14
2043233,compound dynamo,复激[式]发电机,,2014-05-14
2043234,compound generator,复激[式]发电机,,2014-05-14
2043235,compound indicator,复式指示计,,2014-05-14
2043236,compound interferometer,复式干涉计,,2014-05-14
2043237,compound lens,复合透镜,,2014-05-14
2043238,compound lever balance,复杆天平,,2014-05-14
2043239,compound microscope,复合显微镜,,2014-05-14
2043240,compound motor,复激电动机；复激马达,,2014-05-14
2043241,compound pendulum,复摆,,2014-05-14
2043242,compound pilot valve,复式导引阀,,2014-05-14
2043243,compound pressure gage,复合压力计,,2014-05-14
2043244,compound pressure gauge,复合压力计,,2014-05-14
2043245,compound pump,复式泵,,2014-05-14
2043246,compound reaction turbine,复式反动涡轮机,,2014-05-14
2043247,compound turbine,复式涡轮机,,2014-05-14
2043248,compound wound motor,复激电动机；复激马达,,2014-05-14
2043249,compound wound relay,复绕继电器,,2014-05-14
2043250,compress coating machine,压锭衣机,,2014-05-14
2043251,compressed air agitator,压缩空气搅拌器,,2014-05-14
2043252,compressed air burner,打气灯,,2014-05-14
2043253,compressed air circuit breaker,压缩空气断路器,,2014-05-14
2043254,compressed air condenser,压缩空气电容器,,2014-05-14
2043255,compressed air cylinder,压缩空气钢瓶,,2014-05-14
2043256,compressed air drill,气动钻,,2014-05-14
2043257,compressed air hammer,压缩空气锤,,2014-05-14
2043258,compressed air hammer drill,气动锤钻,,2014-05-14
2043259,compressed air sand blaster,压缩空气喷砂机,,2014-05-14
2043260,compressed air sprayer,气压喷雾器,,2014-05-14
2043261,compressed gas condenser,压缩气体电容器,,2014-05-14
2043262,compressed gas cylinder,压缩气体钢瓶,,2014-05-14
2043263,compression engine,压缩机；压缩引擎,,2014-05-14
2043264,compression gage,压缩计,,2014-05-14
2043265,compression gauge,压缩计,,2014-05-14
2043266,compression tester,压缩试验器,,2014-05-14
2043267,compression testing machine,压缩试验机,,2014-05-14
2043268,compressometer,压缩计,,2014-05-14
2043269,compressor,压缩机,,2014-05-14
2043270,compressor governor,压缩机调压器,,2014-05-14
2043271,computer,[电子]计算机；电脑,,2014-05-14
2043272,computer chronograph,计算机记时仪；计算机计时仪,,2014-05-14
2043273,computer display,计算机显示器,,2014-05-14
2043274,computer memory,计算机记忆器,,2014-05-14
2043275,computerized tomographic simulator,电脑断层摄影模拟仪；电脑断层扫描模拟仪,,2014-05-14
2043276,computing amplifier,计算放大器,,2014-05-14
2043277,computing logger,计算登录器,,2014-05-14
2043278,computing machine,计算机,,2014-05-14
2043279,computing relay,计算继电器；计算替续器,,2014-05-14
2043280,concatenated motor,串级电动机；串级马达,,2014-05-14
2043281,concave grating,凹面光栅,,2014-05-14
2043282,concave grating spectrograph,凹面光栅谱仪,,2014-05-14
2043283,concave grating spectrometer,凹面光栅分光计,,2014-05-14
2043284,concave lens,凹透镜,,2014-05-14
2043285,concave mirror,凹面镜,,2014-05-14
2043286,concave slide,凹槽载片,,2014-05-14
2043287,concentration cell,浓差电池,,2014-05-14
2043288,concentrator,浓缩器；集讯机,,2014-05-14
2043289,concentric lens,同心透镜,,2014-05-14
2043290,concentric resonator,同心共振器,,2014-05-14
2043291,concentric ring tripod,同心环三脚架,,2014-05-14
2043292,concurrent computer,同作计算机,,2014-05-14
2043293,condensate collector,凝液收集器,,2014-05-14
2043294,condensate pump,凝液泵,,2014-05-14
2043295,condensate tank,冷凝液槽,,2014-05-14
2043296,condensation chamber,冷凝室,,2014-05-14
2043297,condensation kettle,缩合反应器,,2014-05-14
2043298,condensation meter,凝液量计,,2014-05-14
2043299,condenser,冷凝器；电容器；聚光器；调相机,,2014-05-14
2043300,condenser arrester,电容避雷器,,2014-05-14
2043301,condenser electrometer,电容静电计,,2014-05-14
2043302,condenser electroscope,电容式验电器,,2014-05-14
2043303,condenser ionization chamber,电容器游离室,,2014-05-14
2043304,condenser motor,电容式电动机；电容式马达,,2014-05-14
2043305,condenser storage,电容储存器,,2014-05-14
2043306,condenser transducer,电容[信号]转换器；静电[信号]转换器,,2014-05-14
2043307,condensing chamber,冷凝室；电容腔,,2014-05-14
2043308,condensing electrometer,电容静电计,,2014-05-14
2043309,condensing lens,聚光透镜,,2014-05-14
2043310,condensing mirror,聚光镜,,2014-05-14
2043311,condensing monochromator,聚光单色仪；聚光单色器,,2014-05-14
2043312,condensing tower,冷凝塔,,2014-05-14
2043313,condensing tube,冷凝管,,2014-05-14
2043314,condensing worm,冷凝蜗管,,2014-05-14
2043315,conditioner,调和器；调节器,,2014-05-14
2043316,conditioning chamber,调节室,,2014-05-14
2043317,conditioning oven,调节炉,,2014-05-14
2043318,conductance bridge hydrometer,电导桥式比重计,,2014-05-14
2043319,conducting hearth,传导敞炉,,2014-05-14
2043320,conductivity bridge,电导[电]桥,,2014-05-14
2043321,conductivity cell,电导[测定]槽,,2014-05-14
2043322,conductivity meter,电导计；导电度计,,2014-05-14
2043323,conductivity tester,电导试验器,,2014-05-14
2043324,conductometer,热导计；电导计,,2014-05-14
2043325,conductometer apparatus,导电度测定器,,2014-05-14
2043326,conduit,导管,,2014-05-14
2043327,conduit box,导线管接合匣,,2014-05-14
2043328,conduit connection box,导线管接合匣,,2014-05-14
2043329,cone blender,锥形掺合机,,2014-05-14
2043330,cone crusher,锥形压碎机,,2014-05-14
2043331,cone feeder,锥形进料器,,2014-05-14
2043332,cone gage,锥度量规,,2014-05-14
2043333,cone gauge,锥度量规,,2014-05-14
2043334,cone mill,锥形磨,,2014-05-14
2043335,cone pelletizer,锥形制粒机,,2014-05-14
2043336,cone penetrometer,锥形穿透计,,2014-05-14
2043337,cone thickener,锥形增稠器,,2014-05-14
2043338,cone valve,锥形阀,,2014-05-14
2043339,cone-and-plate viscometer,板锥黏度计,,2014-05-14
2043340,cone-and-plate viscosimeter,板锥黏度计,,2014-05-14
2043341,cone-channel condenser,光锥聚光器,,2014-05-14
2043342,cone-type mixer,锥形混合机,,2014-05-14
2043343,confocal laser scan microscope,共焦雷射扫描显微镜,,2014-05-14
2043344,confocal microscope,共焦显微镜,,2014-05-14
2043345,confocal resonator,共焦共振器,,2014-05-14
2043346,congealer,冷冻器；冻凝器,,2014-05-14
2043347,conical ball mill,锥形球磨机,,2014-05-14
2043348,conical beaker,锥形烧杯,,2014-05-14
2043349,conical bearing,锥形轴承,,2014-05-14
2043350,conical bellows,锥形伸缩囊,,2014-05-14
2043351,conical breaker,锥形碎矿机,,2014-05-14
2043352,conical combustor,锥形燃烧室,,2014-05-14
2043353,conical disc mill,锥盘磨,,2014-05-14
2043354,conical flask,锥形[烧]瓶；三角瓶,,2014-05-14
2043355,conical graduate,锥形量杯,,2014-05-14
2043356,conical horn,锥形喇叭,,2014-05-14
2043357,conical mill,锥形磨,,2014-05-14
2043358,conical mixer,锥形混合器,,2014-05-14
2043359,conical pendulum,锥摆,,2014-05-14
2043360,conical reflector,锥形反射器,,2014-05-14
2043361,conical settler,锥形沉降器,,2014-05-14
2043362,connecting box,接合匣,,2014-05-14
2043363,connecting tube,连接管,,2014-05-14
2043364,connection block,接线板,,2014-05-14
2043365,connection box,接合匣,,2014-05-14
2043366,connector,连接管；连接件；连接器,,2014-05-14
2043367,connector assembly,连接器组合,,2014-05-14
2043368,conoscope,锥光偏振仪,,2014-05-14
2043369,consecutive computer,连序计算机,,2014-05-14
2043370,consistency indicator,稠度指示器,,2014-05-14
2043371,consistency meter,稠度计,,2014-05-14
2043372,consistency regulator,稠度调节器,,2014-05-14
2043373,consistometer,稠度计,,2014-05-14
2043374,console,控制台,,2014-05-14
2043375,console cabinet,控制室,,2014-05-14
2043376,console display,控制台显示器,,2014-05-14
2043377,console scope,控制台显示器；控制台示波器,,2014-05-14
2043378,consolidometer,固结计；压实计,,2014-05-14
2043379,constant cell,定压电池,,2014-05-14
2043380,constant current dynamo,定流发电机,,2014-05-14
2043381,constant current generator,定流发电机,,2014-05-14
2043382,constant current transformer,定电流变压器,,2014-05-14
2043383,constant current welding machine,定流熔接机,,2014-05-14
2043384,constant delivery pump,定量泵,,2014-05-14
2043385,constant deviation prism,恒偏向棱镜,,2014-05-14
2043386,constant deviation spectrograph,恒偏向摄谱仪,,2014-05-14
2043387,constant deviation spectroscope,恒偏向分光镜；等偏分光镜,,2014-05-14
2043388,constant displacement pump,定量泵,,2014-05-14
2043389,constant energy welding machine,定能量熔接机,,2014-05-14
2043390,constant head feeder,定高差进料器,,2014-05-14
2043391,constant head tank,定高差储槽,,2014-05-14
2043392,constant humidity cabinet,恒湿箱,,2014-05-14
2043393,constant potential generator,定电位发电机,,2014-05-14
2043394,constant potential transformer,定电压变压器；定电位变压器,,2014-05-14
2043395,constant power generator,定功率发电机,,2014-05-14
2043396,constant pressure calorimeter,定压卡计,,2014-05-14
2043397,constant pressure pump,定压泵,,2014-05-14
2043398,constant speed engine,定速发动机；定速引擎,,2014-05-14
2043399,constant speed motor,定速电动机；定速马达,,2014-05-14
2043400,constant temperature bath,恒温浴,,2014-05-14
2043401,constant temperature cabinet,恒温箱,,2014-05-14
2043402,constant temperature oven,恒温烘箱,,2014-05-14
2043403,constant temperature regulator,恒温调节器,,2014-05-14
2043404,constant voltage generator,定压发电机,,2014-05-14
2043405,constant voltage motor,定压电动机；定压马达,,2014-05-14
2043406,constant voltage transformer,定电压变压器,,2014-05-14
2043407,constant volume bomb,定容弹,,2014-05-14
2043408,constant volume calorimeter,定容卡计,,2014-05-14
2043409,constricted stem ampul,缩颈安瓿,,2014-05-14
2043410,constricted stem ampule,缩颈安瓿,,2014-05-14
2043411,consumable electrode,消耗性电极,,2014-05-14
2043412,consumable electrode furnace,自耗[电极]炉,,2014-05-14
2043413,contact chamber,接触室,,2014-05-14
2043414,contact condenser,接触冷凝器,,2014-05-14
2043415,contact goniometer,接触测角计,,2014-05-14
2043416,contact key,接触电钥,,2014-05-14
2043417,contact micrometer,接触测微计,,2014-05-14
2043418,contact oven,接触炉；催化剂炉,,2014-05-14
2043419,contact rectifier,接触整流器,,2014-05-14
2043420,contact servomechanism,继电器伺服机[构]；接点式伺服机[构],,2014-05-14
2043421,contact surface separator,接触表面分离器,,2014-05-14
2043422,contact tank,接触槽,,2014-05-14
2043423,contact thermometer,接触温度计,,2014-05-14
2043424,contact tower,接触塔,,2014-05-14
2043425,contactor servomechanism,继电器伺服机[构]；接点式伺服机[构],,2014-05-14
2043426,container,容器；货柜,,2014-05-14
2043427,contamination counter,污染计数器,,2014-05-14
2043428,contamination meter,污染[测量]计,,2014-05-14
2043429,contamination monitor,污染监测器,,2014-05-14
2043430,contamination tester,污染试验器,,2014-05-14
2043431,continuous analytic instrument,连续分析装置；连续分析仪,,2014-05-14
2043432,continuous analytical instrument,连续分析装置；连续分析仪,,2014-05-14
2043433,continuous centrifuge,连续离心机,,2014-05-14
2043434,continuous crystallizer,连续结晶器,,2014-05-14
2043435,continuous drier,连续干燥器,,2014-05-14
2043436,continuous filter,连续滤器,,2014-05-14
2043437,continuous flow calorimeter,续流卡计,,2014-05-14
2043438,continuous kiln,连续窑,,2014-05-14
2043439,continuous precipitator,连续沉淀器；连续集尘器,,2014-05-14
2043440,continuous reactor,连续反应器,,2014-05-14
2043441,continuous rheostat,平滑调节变阻器,,2014-05-14
2043442,continuous stirred tank reactor {= CSTR},连续搅拌槽反应器,,2014-05-14
2043443,continuous thickener,连续增稠器；连续式浓缩器,,2014-05-14
2043444,continuous tunnel drier,连续隧式干燥室,,2014-05-14
2043445,continuous wave laser,连续波雷射,,2014-05-14
2043446,continuous-wave transmitter,连续波发送机；连续波发射器,,2014-05-14
2043447,contour gage,轮廓规,,2014-05-14
2043448,contour gauge,轮廓规,,2014-05-14
2043449,contour measuring machine,轮廓测定机,,2014-05-14
2043450,contour measuring projector,轮廓测定投影器,,2014-05-14
2043451,contour milling machine,靠模铣床,,2014-05-14
2043452,contour polishing wheel,外形抛光轮,,2014-05-14
2043453,contour roll,型辊,,2014-05-14
2043454,contourgraph,轮廓仪,,2014-05-14
2043455,contraction scale,缩尺,,2014-05-14
2043456,contrarotating agitator,对转式搅拌器,,2014-05-14
2043457,contrary-turning propeller,对转螺旋桨,,2014-05-14
2043458,contrast filter,对比滤光镜,,2014-05-14
2043459,contrast micrometer,对比测微计,,2014-05-14
2043460,contrast photometer,对比光度计；反衬光度计,,2014-05-14
2043461,contrast potentiometer,对比电位计,,2014-05-14
2043462,control accelerator,控制加速器,,2014-05-14
2043463,control accelerometer,控制加速计,,2014-05-14
2043464,control amplifier,控制放大器,,2014-05-14
2043465,control board,控制仪表板,,2014-05-14
2043466,control box,控制箱,,2014-05-14
2043467,control counter,控制计数器,,2014-05-14
2043468,control gage,标准规,,2014-05-14
2043469,control gauge,标准规,,2014-05-14
2043470,control panel,控制仪表板,,2014-05-14
2043471,control processor,控制处理器,,2014-05-14
2043472,control register,控制暂存器,,2014-05-14
2043473,control relay,控制继电器；控制替续器,,2014-05-14
2043474,control rod,控制杆；控制棒,,2014-05-14
2043475,control sensor,控制感测器,,2014-05-14
2043476,control storage,控制储存器,,2014-05-14
2043477,control switch,控制开关,,2014-05-14
2043478,control valve,控制阀,,2014-05-14
2043479,control valve actuator,控制阀引动器,,2014-05-14
2043480,control wheel,操纵轮,,2014-05-14
2043481,controllable impedance,可调电抗,,2014-05-14
2043482,controlled oscillator,控制振荡器,,2014-05-14
2043483,controlled rectifier,可控整流器,,2014-05-14
2043484,controller,控制器,,2014-05-14
2043485,convergent electron lens,会聚式电子透镜,,2014-05-14
2043486,convergent lens,聚光透镜；会聚透镜,,2014-05-14
2043487,convergent mirror,聚光面镜,,2014-05-14
2043488,convergent nozzle,渐缩喷嘴,,2014-05-14
2043489,convergent-divergent nozzle,细腰喷嘴,,2014-05-14
2043490,converter,转化器；转化炉；换流器；变流机；变频器,,2014-05-14
2043491,converter blast box,转化炉风箱,,2014-05-14
2043492,convex glass,凸透镜,,2014-05-14
2043493,convex lens,凸透镜,,2014-05-14
2043494,convex mirror,凸面镜,,2014-05-14
2043495,conveyer,运送机,,2014-05-14
2043496,conveyer apron,运送带,,2014-05-14
2043497,conveyer belt,运送带,,2014-05-14
2043498,conveyer trough,运送槽,,2014-05-14
2043499,conveyor,运送机,,2014-05-14
2043500,cooker,蒸煮器,,2014-05-14
2043501,cooking tank,蒸煮槽,,2014-05-14
2043502,cooler,冷却器,,2014-05-14
2043503,cooler bin,冷却箱,,2014-05-14
2043504,Coolidge tube,库立吉[Ｘ射线]管,,2014-05-14
2043505,cooling air jacket,冷却空气套,,2014-05-14
2043506,cooling bath,冷却浴,,2014-05-14
2043507,cooling box,冷却箱,,2014-05-14
2043508,cooling chamber,冷却室,,2014-05-14
2043509,cooling coil,冷却旋管；冷却线圈,,2014-05-14
2043510,cooling jacket,冷却套,,2014-05-14
2043511,cooling pump,冷却泵,,2014-05-14
2043512,cooling telethermometer,冷却遥测温度计,,2014-05-14
2043513,cooling tower,冷却塔,,2014-05-14
2043514,cooling tube,冷却管,,2014-05-14
2043515,Cooper-Hewitt arc,古[伯]-休[易特]弧,,2014-05-14
2043516,coordinate measuring machine,三次元量测仪,,2014-05-14
2043517,coordinate type potentiometer,坐标型电位计,,2014-05-14
2043518,cope,上模箱；上砂箱,,2014-05-14
2043519,cope box,上模箱；上砂箱,,2014-05-14
2043520,coping saw,镂锯,,2014-05-14
2043521,coplanar grid tube,共面双栅[电子]管,,2014-05-14
2043522,copper blast furnace,铜鼓风炉,,2014-05-14
2043523,copper converter,炼铜转化炉,,2014-05-14
2043524,copper coulometer,铜电量计,,2014-05-14
2043525,copper furnace,冶铜炉,,2014-05-14
2043526,copper gasket,铜垫片,,2014-05-14
2043527,copper oxide cell,氧化铜光[伏打]电池,,2014-05-14
2043528,copper oxide photovoltaic cell,氧化铜光[伏打]电池,,2014-05-14
2043529,copper oxide rectifier,氧化铜整流器,,2014-05-14
2043530,copper pipe,铜管,,2014-05-14
2043531,copper plate,铜板,,2014-05-14
2043532,copper precipitation unit,沈铜装置,,2014-05-14
2043533,copper refinery,铜精炼厂,,2014-05-14
2043534,copper sleeve,铜套,,2014-05-14
2043535,copper smelter,炼铜炉,,2014-05-14
2043536,copper sulfide rectifier,硫化铜整流器,,2014-05-14
2043537,copper voltameter,铜电量计,,2014-05-14
2043538,copper-constantan thermocouple,铜康[铜]热电偶,,2014-05-14
2043539,copper-zinc accumulator,铜锌蓄电池,,2014-05-14
2043540,copper-zinc cell,铜锌电池,,2014-05-14
2043541,core,砂心；炉心,,2014-05-14
2043542,core coil,空心线圈,,2014-05-14
2043543,core memory,磁心记忆器；核心记忆器,,2014-05-14
2043544,core storage,磁心储存器；核心储存器,,2014-05-14
2043545,core strainer,砂心粗滤器,,2014-05-14
2043546,core tape,磁心带；核心带,,2014-05-14
2043547,core type transformer,核心式变压器；铁心式变压器,,2014-05-14
2043548,coreless induction furnace,无心感应电炉,,2014-05-14
2043549,core-rope memory,磁心线记忆器；核心线记忆器,,2014-05-14
2043550,cork,[软]木塞,,2014-05-14
2043551,cork borer,[木塞]打孔器,,2014-05-14
2043552,cork boring machine,[木塞]打孔机,,2014-05-14
2043553,cork drill,[木塞]钻孔器,,2014-05-14
2043554,cork extractor,起[软木]塞器,,2014-05-14
2043555,cork gage,塞径规,,2014-05-14
2043556,cork gauge,塞径规,,2014-05-14
2043557,cork press,压[软木]塞器,,2014-05-14
2043558,cork presser,压[软木]塞管；压[软木]塞器,,2014-05-14
2043559,cork puller,起[软木]塞器,,2014-05-14
2043560,cork screw,木塞螺旋钻,,2014-05-14
2043561,cork stopper,[软]木塞,,2014-05-14
2043562,corker,压塞机,,2014-05-14
2043563,corner chisel,角錾,,2014-05-14
2043564,corner cube,角隅棱镜；三面直角棱镜,,2014-05-14
2043565,corner cube prism,角隅棱镜；三面直角棱镜,,2014-05-14
2043566,corner reflector,角形反射器；回向反射器,,2014-05-14
2043567,corner saw,角锯,,2014-05-14
2043568,corner valve,角阀,,2014-05-14
2043569,cornish bit,扩孔刀；搪刀,,2014-05-14
2043570,corona counter,电晕放电计数管,,2014-05-14
2043571,corona stabilizer,电晕稳定器,,2014-05-14
2043572,corona tube regulator,电晕管稳压器,,2014-05-14
2043573,corona voltmeter,电晕伏特计,,2014-05-14
2043574,corpuscular counter,粒子计数器,,2014-05-14
2043575,correcting coil,校正线圈,,2014-05-14
2043576,correcting filter,校正滤光片,,2014-05-14
2043577,correcting lens,补正透镜,,2014-05-14
2043578,correction magnet,校正磁铁,,2014-05-14
2043579,correction meniscus,校正凹凸透镜,,2014-05-14
2043580,correction wedge,校准光楔,,2014-05-14
2043581,corrector,改正器,,2014-05-14
2043582,corrosion resisting bearing,耐腐蚀轴承,,2014-05-14
2043583,corrugated board,瓦楞板；浪板,,2014-05-14
2043584,corrugated cooler,浪板冷却器,,2014-05-14
2043585,corrugated pipe,波纹管,,2014-05-14
2043586,corrugated plate,波形板；浪板；瓦楞板,,2014-05-14
2043587,corrugated tube,波纹管,,2014-05-14
2043588,cosmic-ray counter,宇宙射线计数器,,2014-05-14
2043589,cosmic-ray meter,宇宙射线测量计,,2014-05-14
2043590,cosmotron,宇宙级加速器,,2014-05-14
2043591,cot chamber,闭路呼吸室；闭路呼吸器,,2014-05-14
2043592,cotton gin,轧棉机,,2014-05-14
2043593,cotton wool filter,棉绒过滤器,,2014-05-14
2043594,Couette viscometer,库页特黏度计,,2014-05-14
2043595,Couette viscosimeter,库页特黏度计,,2014-05-14
2043596,coulombmeter,电量计；库仑计,,2014-05-14
2043597,coulometer,电量计；库仑计,,2014-05-14
2043598,coulometric hygrometer,库仑湿度计,,2014-05-14
2043599,count detector,计数侦检器,,2014-05-14
2043600,counter,计数器,,2014-05-14
2043601,counter balance,托盘天平,,2014-05-14
2043602,counter chamber,计数室,,2014-05-14
2043603,counter electrode,相对电极；反电极；极板{电容器的},,2014-05-14
2043604,counter electromotive force inverter,反电动势变流器,,2014-05-14
2043605,counter electromotive force relay,反电动势继电器,,2014-05-14
2043606,counter electromotive force starter,反电动势起动器,,2014-05-14
2043607,counter oscillator,偶合振荡器,,2014-05-14
2043608,counter register,计数暂存器,,2014-05-14
2043609,counter spectrometer,计数能谱计,,2014-05-14
2043610,counter strain gage,计数应变计,,2014-05-14
2043611,counter strain gauge,计数应变计,,2014-05-14
2043612,counter telescope,计数[器]望远镜,,2014-05-14
2043613,counter timer,计数计时器,,2014-05-14
2043614,counter tube,计数器管,,2014-05-14
2043615,counterarc circuit breaker,制弧断路器,,2014-05-14
2043616,counter-arc circuit breaker,制弧断路器,,2014-05-14
2043617,counterbuff,缓冲器；防撞器,,2014-05-14
2043618,countercurrent cell,逆流电池,,2014-05-14
2043619,countercurrent centrifuge,逆流离心机,,2014-05-14
2043620,countercurrent chromatograph {= CCC},逆向流层析仪,,2014-05-14
2043621,counterflow drier,逆流干燥器,,2014-05-14
2043622,counterpoised balance,配重天平,,2014-05-14
2043623,counter-type frequency meter,计数式频率计,,2014-05-14
2043624,counting accelerometer,计数加速度计,,2014-05-14
2043625,counting recorder,计数记录器,,2014-05-14
2043626,counting register,计数记录器,,2014-05-14
2043627,counting relay,计数继电器,,2014-05-14
2043628,counting tube,计数管,,2014-05-14
2043629,counting-rate meter,计数率计,,2014-05-14
2043630,coupled laser,偶合雷射,,2014-05-14
2043631,coupled optical resonator,偶合光共振腔,,2014-05-14
2043632,coupled pendulum,偶合摆,,2014-05-14
2043633,coupled-cavity maser,偶合空腔迈射；偶合空腔微波激射器,,2014-05-14
2043634,coupler,联结器；偶合器,,2014-05-14
2043635,coupler plug,偶联插头；联结插头,,2014-05-14
2043636,coupler socket,偶联插座；连接插座,,2014-05-14
2043637,coupling amplifier,偶合放大器,,2014-05-14
2043638,coupling capacitor,偶合电容器,,2014-05-14
2043639,coupling cock,联结旋塞,,2014-05-14
2043640,coupling coil,偶合线圈,,2014-05-14
2043641,coupling condenser,偶合电容器,,2014-05-14
2043642,coupling device,联结装置,,2014-05-14
2043643,coupling filter,偶合滤波器,,2014-05-14
2043644,coupling flange,连接法兰；连接凸缘,,2014-05-14
2043645,coupling iris,偶合光阑,,2014-05-14
2043646,coupling probe,偶合探针,,2014-05-14
2043647,coupling sleeve,连接套管,,2014-05-14
2043648,coupling transformer,偶合变压器,,2014-05-14
2043649,cover,盖；套,,2014-05-14
2043650,cover glass,盖玻片,,2014-05-14
2043651,cowl,通风帽；罩,,2014-05-14
2043652,cowl ventilator,带罩通风器,,2014-05-14
2043654,crab,纹盘车,,2014-05-14
2043655,crab bail ladle,有吊架浇斗,,2014-05-14
2043656,crab machine,起重绞车,,2014-05-14
2043657,crack detector,裂纹侦检器,,2014-05-14
2043658,crack meter,裂缝探测仪,,2014-05-14
2043659,cracker,破碎机；裂解器,,2014-05-14
2043660,cracking furnace,裂解炉,,2014-05-14
2043661,cracking unit,裂解装置,,2014-05-14
2043662,cradle,摇台,,2014-05-14
2043663,cradle feeder,摇饲机,,2014-05-14
2043664,cramp,夹器；钳,,2014-05-14
2043665,crane,起重机；吊车,,2014-05-14
2043666,crane car,起重车,,2014-05-14
2043667,crane carrier,起重机载运车,,2014-05-14
2043668,crane controller,起重机控制器,,2014-05-14
2043669,crane motor,起重电动机；起重马达,,2014-05-14
2043670,crane winch,起重绞车,,2014-05-14
2043671,crank duster,手摇撒粉器,,2014-05-14
2043672,crank lever,曲柄杆,,2014-05-14
2043673,crankshaft grinder,曲轴磨床,,2014-05-14
2043674,crash pad,防震垫,,2014-05-14
2043675,crasher,粉碎机,,2014-05-14
2043676,crater carbon arc lamp,陷口式碳弧灯,,2014-05-14
2043677,cream separator,乳油分离器,,2014-05-14
2043678,creamometer,乳油计,,2014-05-14
2043679,creased pipe,褶形管,,2014-05-14
2043680,creator,创建器,,2014-05-14
2043681,creep tester,蠕变试验仪；潜变试验仪,,2014-05-14
2043682,creep testing machine,蠕变试验机；潜变试验机,,2014-05-14
2043683,crest ammeter,巅值安培计；峰值安培计,,2014-05-14
2043684,crest indicator,巅值指示器；峰值指示器,,2014-05-14
2043685,crest meter,巅值计；峰值计,,2014-05-14
2043686,crest voltmeter,峰值电压计；峰值伏特计,,2014-05-14
2043687,crimping machine,皱缩机,,2014-05-14
2043688,critical angle refractometer,临界角折射计,,2014-05-14
2043689,critical point tester,临界点测定器,,2014-05-14
2043690,crock,瓮,,2014-05-14
2043691,crocodile clip,鳄鱼夹,,2014-05-14
2043692,crocodile shears,鳄式剪切机,,2014-05-14
2043693,crocodile spanner,鳄鱼扳手,,2014-05-14
2043694,crocodile squeezer,鳄式挤制机,,2014-05-14
2043695,crocodile wrench,鳄鱼扳手,,2014-05-14
2043696,Crookes tube,克鲁克斯[放电]管,,2014-05-14
2043697,cross,十字管,,2014-05-14
2043698,cross arm block,横臂滑轮组,,2014-05-14
2043699,cross armed governor,交臂调速计,,2014-05-14
2043700,cross assembler,交互组合器,,2014-05-14
2043701,cross connecting board,交接板,,2014-05-14
2043702,cross feed valve,双向进料阀,,2014-05-14
2043703,cross field generator,正交[磁]场发电机,,2014-05-14
2043704,cross field multiplier,正交场乘[法]器,,2014-05-14
2043705,cross field spectrometer,正交场能谱仪,,2014-05-14
2043706,cross fire burner,交叉火喷灯,,2014-05-14
2043707,cross flow heat exchanger,交叉流动热交换器,,2014-05-14
2043708,cross flow zone refiner,交叉流动带域精炼器,,2014-05-14
2043709,cross focus tube,交叉聚焦[X-射线]管,,2014-05-14
2043710,cross focus X-ray tube,交叉聚焦X-射线管,,2014-05-14
2043711,cross grid,十字格栅；十字栅极,,2014-05-14
2043712,cross level,横向水准仪；横向水平仪,,2014-05-14
2043713,cross pipe,十字管,,2014-05-14
2043714,cross polarizer plate,正交极化板,,2014-05-14
2043715,cross prism,正交棱镜,,2014-05-14
2043716,cross switch,十字开关,,2014-05-14
2043717,cross type universal joint,十字形通用接头,,2014-05-14
2043718,cross valve,十字阀,,2014-05-14
2043719,crossbar switch,纵横交换键,,2014-05-14
2043720,crossbit,十字形钻头,,2014-05-14
2043721,crosscut bit,十字形钻头,,2014-05-14
2043722,crosscut file,交绞锉,,2014-05-14
2043723,crosscut saw,横割锯,,2014-05-14
2043724,crossed belt,交叉皮带,,2014-05-14
2043725,crossed field spectrometer,交叉场谱仪,,2014-05-14
2043726,crossed lens,最小球差单透镜,,2014-05-14
2043727,crossed Nicol prism,正交尼寇棱镜,,2014-05-14
2043728,crossed slot coupler,交叉槽式偶合器,,2014-05-14
2043729,cross-edged bit,十字形钻头,,2014-05-14
2043730,crossed-slot coupler,交叉槽式偶合器,,2014-05-14
2043731,crossflow heat exchanger,交叉流动热交换器,,2014-05-14
2043732,cross-over roll,交叉绝缘器,,2014-05-14
2043733,crown,瓶盖；窑顶；灯帽,,2014-05-14
2043734,crown wheel,冠状轮,,2014-05-14
2043736,CRT controller,阴极射线管控制器,,2014-05-14
2043737,CRT display,阴极射线管显示器,,2014-05-14
2043738,CRT storage,阴极射线管储存器,,2014-05-14
2043739,CRT terminal,阴极射线管终端机,,2014-05-14
2043740,crucible,坩埚,,2014-05-14
2043741,crucible disc,坩埚[滤]片,,2014-05-14
2043742,crucible furnace,坩埚炉,,2014-05-14
2043743,crucible holder,坩埚架；坩埚座,,2014-05-14
2043744,crucible lifter,坩埚吊钳,,2014-05-14
2043745,crucible pouring device,坩埚浇铸装置,,2014-05-14
2043746,crucible shank,坩埚柄,,2014-05-14
2043747,crucible tongs,坩埚钳,,2014-05-14
2043748,cruciform girder,十字桁；十字[横]梁,,2014-05-14
2043749,cruciform screw drive,十字形螺丝起子,,2014-05-14
2043750,cruciform screwdriver,十字形螺丝起子,,2014-05-14
2043751,crude coking still,原油结焦蒸馏器,,2014-05-14
2043752,crude still,原油蒸馏器,,2014-05-14
2043753,crusher,压碎机,,2014-05-14
2043754,crusher shredder,压碎撕裂机,,2014-05-14
2043755,crutcher,搅和机,,2014-05-14
2043756,cryogenerator,低温发生器；低温发电机,,2014-05-14
2043757,cryogenic bolometer,低温测辐射热计,,2014-05-14
2043758,cryogenic box,低温箱,,2014-05-14
2043759,cryogenic coupler,低温联结器,,2014-05-14
2043760,cryogenic fluid pump,低温流体泵；冷剂泵,,2014-05-14
2043761,cryogenic magnetic energy storage,低温磁能量储存器,,2014-05-14
2043762,cryogenic pump,低温泵,,2014-05-14
2043763,cryogenic refrigerator,低温冷冻机,,2014-05-14
2043764,cryogenic storage container,低温冷藏箱,,2014-05-14
2043765,cryogetter pump,低温吸气泵,,2014-05-14
2043766,cryometer,低温计,,2014-05-14
2043767,cryophorus,蒸凝器,,2014-05-14
2043768,cryopump,低温泵,,2014-05-14
2043769,cryoscope,凝固点测定计,,2014-05-14
2043770,cryostat,低温恒温器,,2014-05-14
2043771,cryptoscope,萤光镜,,2014-05-14
2043772,crystal bar photocell,晶体棒光电管,,2014-05-14
2043773,crystal calibrator,晶体校准器,,2014-05-14
2043774,crystal cell,晶体光电池,,2014-05-14
2043775,crystal checker,晶体检验器,,2014-05-14
2043776,crystal chronometer,晶体测时计,,2014-05-14
2043777,crystal clock,晶体[时]钟,,2014-05-14
2043778,crystal controlled oscillator,晶[体]控[制]振荡器,,2014-05-14
2043779,crystal controlled transmitter,晶体控制发送机,,2014-05-14
2043780,crystal converter,晶体频器,,2014-05-14
2043781,crystal counter,晶体计数器,,2014-05-14
2043782,crystal cutting machine,晶体切割机,,2014-05-14
2043783,crystal detector,晶体侦检器,,2014-05-14
2043784,crystal diode,晶体二极体,,2014-05-14
2043785,crystal dosimeter,晶体剂量计,,2014-05-14
2043786,crystal filter,晶体滤波器,,2014-05-14
2043787,crystal grower,晶体生长器；长晶器,,2014-05-14
2043788,crystal impedance meter,晶体阻抗计,,2014-05-14
2043789,crystal loudspeaker,晶体扬声器,,2014-05-14
2043790,crystal microphone,晶体传声器,,2014-05-14
2043791,crystal model,晶体模型,,2014-05-14
2043792,crystal monochromator,晶体单色器；晶体单光器,,2014-05-14
2043793,crystal oscillator,晶体振荡器,,2014-05-14
2043794,crystal pressure gage,晶体压力计,,2014-05-14
2043795,crystal pressure gauge,晶体压力计,,2014-05-14
2043796,crystal receiver,晶体接收器,,2014-05-14
2043797,crystal rectifier,晶体整流器,,2014-05-14
2043798,crystal reflector,晶体反射器,,2014-05-14
2043799,crystal resonator,晶体共振器,,2014-05-14
2043800,crystal spectrometer,晶体能谱计,,2014-05-14
2043801,crystal tetrode,晶体四极体,,2014-05-14
2043802,crystal thermostat,晶体恒温器,,2014-05-14
2043803,crystal triode,晶体三极体,,2014-05-14
2043804,crystal voltmeter,晶体伏特计,,2014-05-14
2043805,crystal wavemeter,晶体波长计,,2014-05-14
2043806,crystalline membrane electrode,晶膜电极,,2014-05-14
2043807,crystallizer,结晶器,,2014-05-14
2043808,crystallizing dish,结晶皿,,2014-05-14
2043809,crystallizing evaporator,结晶蒸发器,,2014-05-14
2043810,crystallizing pan,结晶盘；结晶罐,,2014-05-14
2043811,crystallograph,晶体分析仪；检晶仪,,2014-05-14
2043813,cubical cavity,立方形空腔[谐振器],,2014-05-14
2043814,cubing machine,压块机,,2014-05-14
2043815,cullender,滤器；滤锅,,2014-05-14
2043816,culture bottle,培养瓶,,2014-05-14
2043817,culture dish,培养皿,,2014-05-14
2043818,culture dish carrier,培养皿提篮,,2014-05-14
2043819,culture flask,培养瓶,,2014-05-14
2043820,culture tray,培养盘,,2014-05-14
2043821,cumulative compound generator,积复绕发电机,,2014-05-14
2043822,cumulative compound machine,积复绕电机,,2014-05-14
2043823,cumulative compound motor,积复绕电动机；积复绕马达,,2014-05-14
2043824,cup anemometer,杯式风速计,,2014-05-14
2043825,cup barometer,杯式气压计,,2014-05-14
2043826,cup elevator,杯式升降机,,2014-05-14
2043827,cup grinding wheel,杯形磨轮,,2014-05-14
2043828,cup meter,风速计,,2014-05-14
2043829,cup valve,杯形阀,,2014-05-14
2043830,cup-cross anemometer,转杯风速计,,2014-05-14
2043831,cupel,灰[吹]皿,,2014-05-14
2043832,cupelling furnace,灰皿炉,,2014-05-14
2043833,cupola,熔铁炉,,2014-05-14
2043834,cupola blower,熔铁炉鼓风机,,2014-05-14
2043835,cupola crucible,熔铁炉坩埚,,2014-05-14
2043836,cupola furnace,熔铁炉,,2014-05-14
2043837,cupolette,小型熔铁炉,,2014-05-14
2043838,cuprous oxide rectifier,氧化亚铜整流器,,2014-05-14
2043839,cup-type current meter,[旋]杯式流速计,,2014-05-14
2043840,cup-type elevator,杯式升降机,,2014-05-14
2043841,Curie electroscope,居里验电器,,2014-05-14
2043842,curing chamber,熟化室,,2014-05-14
2043843,curing oven,熟化烘箱；熟化炉,,2014-05-14
2043844,curling die,卷边模,,2014-05-14
2043845,curling machine,卷边机,,2014-05-14
2043846,current address register,现址暂存器,,2014-05-14
2043847,current amplifier,电流放大器,,2014-05-14
2043848,current balance,电流秤；电流天平,,2014-05-14
2043849,current balance relay,衡流继电器,,2014-05-14
2043850,current balancing autotransformer,衡流自偶变压器,,2014-05-14
2043851,current balancing auto-transformer,衡流自偶变压器,,2014-05-14
2043852,current breaker,断路器；电流开关,,2014-05-14
2043853,current compensator,电流补偿器,,2014-05-14
2043854,current condenser,电容器,,2014-05-14
2043855,current converter,换流器,,2014-05-14
2043856,current damper,电流阻尼器,,2014-05-14
2043857,current detector,检流器,,2014-05-14
2043858,current differential relay,差流继电器,,2014-05-14
2043859,current direction relay,电流方向继电路,,2014-05-14
2043860,current divider,[电流]分流器,,2014-05-14
2043861,current equalizer,[电流]均流器,,2014-05-14
2043862,current indicator,[电流]示流器,,2014-05-14
2043863,current indicator lamp,[电流]示流灯,,2014-05-14
2043864,current limiter,[电流]限流器,,2014-05-14
2043865,current limiting reactor,限[制电]流电抗器,,2014-05-14
2043866,current meter,流速计；电流计,,2014-05-14
2043867,current multiplication type transistor,电流倍增型电晶体,,2014-05-14
2043868,current overload relay,电流过载继电器,,2014-05-14
2043869,current probe,电流探针,,2014-05-14
2043870,current rectifier,整流器,,2014-05-14
2043871,current regulator,电流调节器；稳流器,,2014-05-14
2043872,current relay,电流继电器；电流替续器,,2014-05-14
2043873,current stabilizer,稳流器,,2014-05-14
2043874,current switch,电流开关,,2014-05-14
2043875,current tap,分插座；分接头,,2014-05-14
2043876,current telemeter,电流遥测计,,2014-05-14
2043877,current terminal,电流端点；电流端子,,2014-05-14
2043878,current transformer,电流变流器；电流变换器,,2014-05-14
2043880,current-limiting relay,限流继电器,,2014-05-14
2043881,current-limiting resistor,限流电阻器,,2014-05-14
2043882,current-limiting thermostat,限流恒温器,,2014-05-14
2043883,current-pneumatic transducer,电流气动转换器,,2014-05-14
2043884,current-ratio regulator,电流比调节器,,2014-05-14
2043885,current-time integrator,电流时间积分器,,2014-05-14
2043886,current-type flowmeter,速度式流量计,,2014-05-14
2043887,current-type telemeter,电流式遥测计,,2014-05-14
2043888,current-voltage regulator,电流电压调节器,,2014-05-14
2043889,curve follower,读线器；曲线读取器,,2014-05-14
2043890,curve gage,曲线规,,2014-05-14
2043891,curve gauge,曲线规,,2014-05-14
2043892,curve plate,曲面板,,2014-05-14
2043893,curve ruler,曲线定规,,2014-05-14
2043894,curve tracer,曲线描绘器,,2014-05-14
2043895,curved crystal spectrograph,弯晶摄谱仪,,2014-05-14
2043896,curved crystal spectrometer,弯晶分光计,,2014-05-14
2043897,curvimeter,曲率计,,2014-05-14
2043898,curvometer,曲率计,,2014-05-14
2043899,cushion,垫,,2014-05-14
2043900,cushion block,垫块,,2014-05-14
2043901,cushion chamber,缓冲腔,,2014-05-14
2043902,cushion plate,缓冲板,,2014-05-14
2043903,cushion pocket,缓冲囊,,2014-05-14
2043904,cushion ring,垫圈,,2014-05-14
2043905,cushion socket,簧片插座,,2014-05-14
2043906,cushion valve,缓冲阀,,2014-05-14
2043907,cut meter,切速表,,2014-05-14
2043908,cutie pie,检射计,,2014-05-14
2043909,cut-in relay,切入继电器,,2014-05-14
2043910,cutoff clamp,断流夹；断流钳,,2014-05-14
2043911,cut-off clamp,断流夹；断流钳,,2014-05-14
2043912,cutoff governor,停供调速器,,2014-05-14
2043913,cutoff relay,断流继电器,,2014-05-14
2043914,cutoff switch,断流开关,,2014-05-14
2043915,cutoff valve,断流阀,,2014-05-14
2043916,cutout,切断器；断流器,,2014-05-14
2043917,cutout board,断电板,,2014-05-14
2043918,cutout box,断电器匣,,2014-05-14
2043919,cutout relay,断流继电器,,2014-05-14
2043920,cutout switch,断流开关,,2014-05-14
2043921,cutter,切断器；切机；铣刀；刀具,,2014-05-14
2043922,cutter adapter,刀具接头,,2014-05-14
2043923,cutter file,切削锉,,2014-05-14
2043924,cutting arc,切削[电]弧,,2014-05-14
2043925,cutting chisel,切削錾,,2014-05-14
2043926,cutting electrode,切削电极,,2014-05-14
2043927,cutting pliers,钢丝钳；剪线钳,,2014-05-14
2043928,cutting torch,熔切炬,,2014-05-14
2043929,cuvet adapter,光析槽应接器；吸光槽应接器,,2014-05-14
2043930,cuvette adapter,光析槽应接器；吸光槽应接器,,2014-05-14
2043931,CW gas laser,连续波气体雷射,,2014-05-14
2043932,CW laser,连续波雷射,,2014-05-14
2043933,CW magnetron,连续波磁控管,,2014-05-14
2043934,CW maser,连续波迈射；连续波微波激射器,,2014-05-14
2043935,cyanide bath,氰化物浴,,2014-05-14
2043936,cycle counter,循环计数器；周期计数器,,2014-05-14
2043937,cycle meter,周波计,,2014-05-14
2043938,cycle timer,周期定时器,,2014-05-14
2043939,cycler,周期计,,2014-05-14
2043940,cyclic integrator,周期积分器,,2014-05-14
2043941,cyclic storage,循环储存器,,2014-05-14
2043942,cyclic voltammeter {= CV},循环伏安仪；循环伏安计,,2014-05-14
2043943,cycling solenoid valve,周期电磁阀,,2014-05-14
2043944,cycloidal blower,摆旋鼓风机；摆线鼓风机,,2014-05-14
2043945,cycloidal mass spectrometer,摆旋质谱仪：摆线质谱仪,,2014-05-14
2043946,cycloidal pendulum,圆滚摆,,2014-05-14
2043947,cycloidal pump,摆旋泵；摆线泵,,2014-05-14
2043948,cyclometer,转数计；弧度计,,2014-05-14
2043949,cyclometer counter,转数[计数]器,,2014-05-14
2043950,cyclone,旋风[分离]器,,2014-05-14
2043951,cyclone air cleaner,旋风空气清洁器,,2014-05-14
2043952,cyclone burner,旋风燃烧器,,2014-05-14
2043953,cyclone evaporator,旋风蒸发器,,2014-05-14
2043954,cyclone exhauster,旋风排气机,,2014-05-14
2043955,cyclone filter,旋风滤器,,2014-05-14
2043956,cyclone gasifier,旋风气化炉,,2014-05-14
2043957,cyclone scrubber,旋风洗气器；旋风洗涤器,,2014-05-14
2043958,cyclone separator,旋风分离器；旋流分离器,,2014-05-14
2043959,cyclone settler,旋风沉降器,,2014-05-14
2043960,cyclotron,回旋加速器,,2014-05-14
2043961,cylinder,钢瓶；量筒；汽缸；滚筒；圆筒,,2014-05-14
2043962,cylinder brush,量筒刷,,2014-05-14
2043963,cylinder drier,圆筒干燥器,,2014-05-14
2043964,cylinder mixer,圆筒混合机,,2014-05-14
2043965,cylinder sorter,圆筒分级机,,2014-05-14
2043966,cylindrical lens,圆柱透镜；柱面透镜,,2014-05-14
2043967,cylindrical parabolic reflector,抛物柱面反射器,,2014-05-14
2043968,cylindrical reflector,圆柱反射器,,2014-05-14
2043969,cylindrical retort,圆筒甑,,2014-05-14
2043970,cylindrical square,圆柱矩规,,2014-05-14
2043971,cylindrometer,柱径计,,2014-05-14
2043972,cymograph,[转筒]记波器,,2014-05-14
2043973,cymometer,波频计,,2014-05-14
2043974,cymoscope,检波器,,2014-05-14
2043975,D/A converter {= DAC},D/A转换器；数位类比转换器,,2014-05-14
2043977,damped balance,阻尼天平,,2014-05-14
2043978,damped ballistic galvanometer,阻尼冲击电流计；阻尼冲击检流计,,2014-05-14
2043979,damper,阻尼器,,2014-05-14
2043980,damping diode,阻尼二极体,,2014-05-14
2043981,damping magnet,阻尼磁铁,,2014-05-14
2043982,dandy roll,压纹辊,,2014-05-14
2043983,Daniell cell,丹尼耳电池,,2014-05-14
2043984,dark field condenser,暗[视]场聚光镜,,2014-05-14
2043985,dark field illuminator,暗[视]场照明器；暗[视]场施照器,,2014-05-14
2043986,dark field microscope,暗[视]场显微镜,,2014-05-14
2043987,darkroom,暗室,,2014-05-14
2043988,darkroom lamp,暗室灯,,2014-05-14
2043989,dashpot,缓冲器；缓冲筒,,2014-05-14
2043990,dashpot check valve,缓冲单向阀,,2014-05-14
2043991,dasymeter,气体密度计,,2014-05-14
2043992,data buffer,资料缓冲器；数据缓冲器,,2014-05-14
2043993,data bus buffer/latch,资料汇流排缓冲器/闩,,2014-05-14
2043994,data concentrator,资料集讯机,,2014-05-14
2043995,data entry device,资料登录装置；数据输入装置,,2014-05-14
2043996,data limit register,资料限度暂存器,,2014-05-14
2043997,data logger,数据[自动]录志器；资料记录器,,2014-05-14
2043998,data loop transceiver,资料环路收发器,,2014-05-14
2043999,data processing machine,资料处理机,,2014-05-14
2044000,data processor,资料处理器；数据处理器,,2014-05-14
2044001,data register,资料暂存器,,2014-05-14
2044002,data selector/multiplexer,资料选择器/多工器,,2014-05-14
2044003,data set clock,资料器时钟；资料收送[控制]时钟,,2014-05-14
2044004,data set coupler,资料偶合器,,2014-05-14
2044005,data sink,资料槽；数据接收器,,2014-05-14
2044006,data tape,资料带,,2014-05-14
2044007,data terminal,资料终端机,,2014-05-14
2044008,data terminal equipment,资料终端设备,,2014-05-14
2044009,data transceiver,资料收发器,,2014-05-14
2044010,data use identifier,资料使用识别器,,2014-05-14
2044011,daylight lamp,昼光灯,,2014-05-14
2044012,db meter,分贝计,,2014-05-14
2044013,DC ammeter,直流电流计,,2014-05-14
2044015,DC amplifier,直流放大器,,2014-05-14
2044017,DC booster,直流升压器,,2014-05-14
2044019,dc flip-flop,直流正反器,,2014-05-14
2044020,DC generator,直流发电机,,2014-05-14
2044021,dc motor,直流电动机；直流马达,,2014-05-14
2044022,dc potentiometer,直流电位计,,2014-05-14
2044023,dc radiometer,直流辐射计,,2014-05-14
2044024,dc servo-motor,直流伺服电动机；直流伺服马达,,2014-05-14
2044025,dc tachometer,直流转速计,,2014-05-14
2044026,De Laval centrifuge,德拉瓦离心机,,2014-05-14
2044027,deadbeat galvanometer,不摆[式]电流计；速示电流计,,2014-05-14
2044028,dead-beat galvanometer,不摆[式]电流计；速示电流计,,2014-05-14
2044029,deadweight safety valve,重码安全阀,,2014-05-14
2044030,deaerating tank,脱气槽,,2014-05-14
2044031,decade bridge,十进电桥,,2014-05-14
2044032,decade resistance box,十进电阻箱,,2014-05-14
2044033,decade scaler,十进位定标器,,2014-05-14
2044034,decantation tank,倾析槽,,2014-05-14
2044035,decanter,倾析器,,2014-05-14
2044036,decay tank,衰变槽,,2014-05-14
2044037,deceleration valve,减速阀,,2014-05-14
2044038,decelerator,减速器,,2014-05-14
2044039,decelerometer,减速计,,2014-05-14
2044040,decentred lens,非同心透镜,,2014-05-14
2044041,decibel meter,分贝计,,2014-05-14
2044042,decimal computer,十进位计算机,,2014-05-14
2044043,decimal rheostat,十进位变阻器,,2014-05-14
2044044,decimal scaler,十进位定标器,,2014-05-14
2044045,decimetric height finder,分米波测高计,,2014-05-14
2044046,decoder,解码器,,2014-05-14
2044047,decompressor,减压器,,2014-05-14
2044048,deconcentrator,减浓器,,2014-05-14
2044049,decontamination apparatus,除污装置,,2014-05-14
2044050,decorating kiln,釉彩窑,,2014-05-14
2044051,decrement gage,减缩压力计；减压表,,2014-05-14
2044052,decrement gauge,减缩压力计；减压表,,2014-05-14
2044053,deethanizer,去乙烷塔,,2014-05-14
2044054,defecator,澄清器,,2014-05-14
2044055,deficit semiconductor,欠缺半导体；亏蚀半导体,,2014-05-14
2044056,deflagrating spoon,燃烧匙,,2014-05-14
2044057,deflation valve,放气阀,,2014-05-14
2044058,deflecting roundel,折光镜,,2014-05-14
2044059,deflection potentiometer,偏转电位计,,2014-05-14
2044060,deflection separator,折流分离器,,2014-05-14
2044061,deflection vane anemometer,偏转轮叶风速计,,2014-05-14
2044062,deflector,折流器；偏转器,,2014-05-14
2044063,degumming bath,去胶浴,,2014-05-14
2044064,dehumidifier,除湿器,,2014-05-14
2044065,dehydrating column,脱水塔,,2014-05-14
2044066,dehydration press,压榨脱水机,,2014-05-14
2044067,dehydrator,脱水塔；脱水器,,2014-05-14
2044068,deion grid circuit breaker,去离子[栅]断路器,,2014-05-14
2044069,delay counter,延迟计数器；迟延计数器,,2014-05-14
2044070,delay-action switch,延迟开关,,2014-05-14
2044071,delay-line register,延迟线暂存器,,2014-05-14
2044072,delivery tube,导管,,2014-05-14
2044073,demand indicator,需量指示器,,2014-05-14
2044074,demand meter,需量计,,2014-05-14
2044075,demethanizer,去甲烷塔,,2014-05-14
2044076,demijohn,酸坛,,2014-05-14
2044077,demister,除雾器,,2014-05-14
2044078,demodulator,解调器,,2014-05-14
2044079,demulsibility tester,[去]乳化度检验器,,2014-05-14
2044080,denitration tower,脱硝塔,,2014-05-14
2044081,densimeter,密度计；比重计,,2014-05-14
2044082,densitometer,光密度计,,2014-05-14
2044083,density bottle,密度瓶,,2014-05-14
2044084,density gage,密度计,,2014-05-14
2044085,density gauge,密度计,,2014-05-14
2044086,dephlegmator,分馏柱；分馏塔；分凝器,,2014-05-14
2044087,depolarizing cathode,去极化阴极,,2014-05-14
2044088,deposit tank,沉积槽,,2014-05-14
2044089,depressimeter,凝固点降低计,,2014-05-14
2044090,depropanizer,去丙烷塔,,2014-05-14
2044091,depth gage,深度计,,2014-05-14
2044092,depth gauge,深度计,,2014-05-14
2044093,depth-and-angle gage,深度-角度规,,2014-05-14
2044094,depth-and-angle gauge,深度-角度规,,2014-05-14
2044095,derrick,起重架,,2014-05-14
2044096,desiccator,干燥器,,2014-05-14
2044097,desiccator plate,干燥器板,,2014-05-14
2044098,desulphurizing furnace,脱硫炉,,2014-05-14
2044099,detachable plugboard,活动插座板,,2014-05-14
2044100,detector,侦检器；侦测器,,2014-05-14
2044101,detector tube,检波管；侦检管,,2014-05-14
2044102,detector valve,检波管；侦检器阀,,2014-05-14
2044103,detergency comparator,清洁[能]力比较器,,2014-05-14
2044104,detonating cap,起爆管；雷管,,2014-05-14
2044105,detonator,起爆管；雷管；传爆器；起爆器,,2014-05-14
2044106,developing bath,显影浴,,2014-05-14
2044107,developing machine,显影机；显色机,,2014-05-14
2044108,developing tank,展开槽；显影槽,,2014-05-14
2044109,device,装置；器械；元件；设备,,2014-05-14
2044110,dew point hygrometer,露点湿度计,,2014-05-14
2044111,dew point meter,露点计,,2014-05-14
2044112,dew point recorder,露点记录器,,2014-05-14
2044113,Dewar flask,杜瓦瓶,,2014-05-14
2044114,Dewar jar,杜瓦瓶,,2014-05-14
2044115,dial balance,刻度盘天平,,2014-05-14
2044116,dial gauge,[刻]度盘规,,2014-05-14
2044117,dial indicator,针盘指示计；针盘指示器,,2014-05-14
2044118,dialyser,透析器；渗析器,,2014-05-14
2044119,dialysis cell,透析槽；渗析槽,,2014-05-14
2044120,dialyzator,透析器；渗析器,,2014-05-14
2044121,dialyzer,透析器；渗析器,,2014-05-14
2044122,dialyzing thimble,透析筒；渗析筒,,2014-05-14
2044123,diaphanometer,透明度计,,2014-05-14
2044124,diaphragm,光阑；隔膜；膜片,,2014-05-14
2044125,diaphragm box level gage,隔膜盒液位计,,2014-05-14
2044126,diaphragm box level gauge,隔膜盒液位计,,2014-05-14
2044127,diaphragm cell,隔膜电解槽；隔膜电池,,2014-05-14
2044128,diaphragm chamber,隔膜室,,2014-05-14
2044129,diaphragm control valve,隔膜控制阀,,2014-05-14
2044130,diaphragm facepiece,隔膜面罩,,2014-05-14
2044131,diaphragm mask,隔膜面具,,2014-05-14
2044132,diaphragm molding machine,压膜式造模机,,2014-05-14
2044133,diaphragm motor,隔膜电动机；隔膜马达,,2014-05-14
2044134,diaphragm pressure gage,隔膜压力计,,2014-05-14
2044135,diaphragm pressure gauge,隔膜压力计,,2014-05-14
2044136,diaphragm pump,[薄膜式]隔离泵；隔膜泵,,2014-05-14
2044137,diaphragm screen,隔膜筛,,2014-05-14
2044138,diaphragm strain gage,隔膜应变计,,2014-05-14
2044139,diaphragm strain gauge,隔膜应变计,,2014-05-14
2044140,diaphragm valve,隔膜阀,,2014-05-14
2044141,diathermometer,透热计,,2014-05-14
2044142,dichroic mirror,二向分色镜；二向分光镜,,2014-05-14
2044143,dichroic reflector,二向分色反射镜,,2014-05-14
2044144,dichromate cell,二铬酸[盐]电池；重铬酸[盐]电池,,2014-05-14
2044145,dichroscope,二[向]色镜,,2014-05-14
2044146,die,模；模具,,2014-05-14
2044147,die box,模盒,,2014-05-14
2044148,die casting machine,压铸机,,2014-05-14
2044149,die sinking machine,刻模机,,2014-05-14
2044150,dielectric drier,高频干燥器；介电干燥器,,2014-05-14
2044151,dielectric dryer,高频干燥器；介电干燥器,,2014-05-14
2044152,diesel engine,柴油引擎；柴油发动机,,2014-05-14
2044154,dietary scale balance,膳食天平,,2014-05-14
2044155,dietetic balance,膳食天平,,2014-05-14
2044156,differential ammeter,差动安培计；微差安培计,,2014-05-14
2044157,differential amplifier,差动放大器；微分放大器,,2014-05-14
2044158,differential analyzer,微分解析仪；微分分析仪；微差分析仪,,2014-05-14
2044159,differential attachment,差动[附件]装置,,2014-05-14
2044160,differential booster,差动升压器,,2014-05-14
2044161,differential calorimeter,差示卡计；差示量热计,,2014-05-14
2044162,differential diaphragm,差压隔膜,,2014-05-14
2044163,differential dilatometer,微差膨胀器,,2014-05-14
2044164,differential discriminator,微分鉴别器,,2014-05-14
2044165,differential draught gage,差压通风计,,2014-05-14
2044166,differential draught gauge,差压通风计,,2014-05-14
2044167,differential electrometer,差示静电计,,2014-05-14
2044168,differential expansion detector,差式膨胀侦检器,,2014-05-14
2044169,differential expansion indicator,差示膨胀指示器,,2014-05-14
2044170,differential galvanometer,差绕电流计；差动电流计；微差电流计,,2014-05-14
2044171,differential gear,差速齿轮；差动齿轮,,2014-05-14
2044172,differential generator,差绕发电机,,2014-05-14
2044173,differential indicator,差示指示器,,2014-05-14
2044174,differential ionization chamber,微差游离室,,2014-05-14
2044175,differential manometer,差压计,,2014-05-14
2044176,differential micrometer,差动测微计,,2014-05-14
2044177,differential motor,差绕电动机；差绕马达,,2014-05-14
2044178,differential optical absorption spectrometer {= DOAS},差异吸收光谱仪 {开径式监测仪器},,2014-05-14
2044179,differential potentiometer,微分电位计；差示电位计,,2014-05-14
2044180,differential pressure amplifier,差压放大器,,2014-05-14
2044181,differential pressure cell,差压计；微压差计,,2014-05-14
2044182,differential pressure gage,微差压力器,,2014-05-14
2044183,differential pressure gauge,微差压力器,,2014-05-14
2044184,differential pressure regulator,差压调节器,,2014-05-14
2044185,differential pressure transducer,差压转换器,,2014-05-14
2044186,differential pressure transmitter,差压传送器,,2014-05-14
2044187,differential pulley,差动滑轮；差动滑车,,2014-05-14
2044188,differential pulley block,差动滑车组,,2014-05-14
2044189,differential pump,差动泵,,2014-05-14
2044190,differential refractometer,差示折射计；微差折射器,,2014-05-14
2044191,differential relay,差动继电器,,2014-05-14
2044192,differential scanning calorimeter {= DSC},示差扫瞄卡计；示差扫瞄热量分析仪,,2014-05-14
2044193,differential thermal analyzer {= DTA},微差热分析仪；热差分析仪,,2014-05-14
2044194,differential thermocouple,差示热电偶；微差热电偶,,2014-05-14
2044195,differential thermometer,差示温度计；微差温度计,,2014-05-14
2044196,differential transformer,差示变压器；微差变压器,,2014-05-14
2044197,differential U-tube,[气压]差示U形管,,2014-05-14
2044198,differentially-wound motor,差绕电动机；差绕马达,,2014-05-14
2044199,diffraction grating,绕射光栅,,2014-05-14
2044200,diffraction spectrometer,绕射谱仪,,2014-05-14
2044201,diffractometer,绕射计；绕射仪,,2014-05-14
2044202,diffuser,扩散器；浸提器,,2014-05-14
2044203,diffuser pump,扩散泵,,2014-05-14
2044204,diffusing lens,漫射透镜,,2014-05-14
2044205,diffusion battery,[气溶胶]扩散器组,,2014-05-14
2044206,diffusion cell,浸提池；扩散池,,2014-05-14
2044207,diffusion chamber,扩散室,,2014-05-14
2044208,diffusion photometer,漫射光度计,,2014-05-14
2044209,diffusion pump,扩散泵,,2014-05-14
2044210,diffusion ring,扩散环,,2014-05-14
2044211,diffusor,扩散器；浸提器,,2014-05-14
2044212,digester,蒸煮器；消化器；消化槽,,2014-05-14
2044213,digesting kettle,蒸煮锅,,2014-05-14
2044214,digestion tank,消化槽；蒸煮槽,,2014-05-14
2044215,digestor,蒸煮器；消化器；消化槽,,2014-05-14
2044216,digimatic osmometer,数位型渗透压计,,2014-05-14
2044217,digit emitter,数位发射器,,2014-05-14
2044218,digit plane driver,数位[平]面驱动器,,2014-05-14
2044219,digit selector,数位选择器,,2014-05-14
2044220,digital computer,数位计算机；数位电脑,,2014-05-14
2044221,digital controller,数位控制器,,2014-05-14
2044222,digital emitter,数位发射器,,2014-05-14
2044223,digital multimeter {= DMM},数位三用电表,,2014-05-14
2044224,digital multiplier,数位乘法器,,2014-05-14
2044225,digital recorder,数位记录器,,2014-05-14
2044226,digital spectrometer,数位分光计,,2014-05-14
2044227,digital storage oscilloscope,数位示波器,,2014-05-14
2044228,digital-to-analog converter {= DAC},数位类比转换器,,2014-05-14
2044229,digitizer,数位转换器；数化器,,2014-05-14
2044230,dilatometer,[热]膨胀计,,2014-05-14
2044231,dilator,扩张器,,2014-05-14
2044232,dilution bottle,稀释瓶,,2014-05-14
2044233,dilution indicator,稀释指示计,,2014-05-14
2044234,dimmer,减光器,,2014-05-14
2044235,diode,二极体；二极管,,2014-05-14
2044236,diode array,二极体阵列,,2014-05-14
2044237,diode switch,二极体开关,,2014-05-14
2044238,diode voltmeter,二极体伏特计,,2014-05-14
2044239,dioptermeter,视度仪,,2014-05-14
2044240,dip circle,磁倾计,,2014-05-14
2044241,dip counter,液浸计数器,,2014-05-14
2044242,dip pipe level gauge,浸管液面计,,2014-05-14
2044243,dip tube,倾斜管；液浸管,,2014-05-14
2044244,dipping bath,浸浴,,2014-05-14
2044245,dipping counter,液浸计数器,,2014-05-14
2044246,dipping electrode,浸液电极,,2014-05-14
2044247,dipping mangle,浸渍器,,2014-05-14
2044248,dipping refractometer,液浸折射计,,2014-05-14
2044249,dipping tank,浸渍槽,,2014-05-14
2044250,direct arc furnace,直接电弧炉,,2014-05-14
2044251,direct contact condenser,直接接触冷凝器,,2014-05-14
2044252,direct contact heat exchanger,直接接触热交换器,,2014-05-14
2044253,direct current generator,直流发电机,,2014-05-14
2044254,direct current motor,直流电动机,,2014-05-14
2044255,direct fired heater,直接火加热炉,,2014-05-14
2044256,direct reading balance,直读天平；直示天平,,2014-05-14
2044257,direct recorder,直接记录器,,2014-05-14
2044258,direct vision prism,直视棱镜,,2014-05-14
2044259,direct vision spectroscope,直视分光镜,,2014-05-14
2044260,direct-acting controller,直接[作用]控制器,,2014-05-14
2044261,direct-coupled amplifier,直流偶合放大器,,2014-05-14
2044262,direct-coupled flip-flop,直接偶合正反器,,2014-05-14
2044263,direct-current amplifier,直流放大器,,2014-05-14
2044264,direction finder,探向器；定向仪,,2014-05-14
2044265,directional antenna,定向天线,,2014-05-14
2044266,directional relay,单向继电器；单向替续器,,2014-05-14
2044267,director,导向器,,2014-05-14
2044268,dirt collector,集尘器；集污器,,2014-05-14
2044269,disappearing filament pyrometer,隐丝高温计；光学高温计,,2014-05-14
2044270,disc,盘；片；碟[片]；磁盘,,2014-05-14
2044271,disc armature,盘形电枢,,2014-05-14
2044272,disc bellows,盘式伸缩囊,,2014-05-14
2044273,disc centrifuge,盘式离心机,,2014-05-14
2044274,disc crusher,盘式压碎机,,2014-05-14
2044275,disc evaporater,盘式蒸发器,,2014-05-14
2044276,disc filter,盘滤机；圆盘滤片,,2014-05-14
2044277,disc flow condenser,盘式流动冷凝器,,2014-05-14
2044278,disc grinder,盘式砂轮机,,2014-05-14
2044279,disc pulverizer,盘式粉碎机,,2014-05-14
2044280,disc recorder,磁碟式记录器；圆盘录音机,,2014-05-14
2044281,disc shredder,盘式撕碎机,,2014-05-14
2044282,disc valve,圆盘阀,,2014-05-14
2044283,discharge roll,出料辊；卸料辊；卸料滚筒,,2014-05-14
2044284,discharge roller,出料辊；卸料辊；卸料滚筒,,2014-05-14
2044285,discharge tube,放电管,,2014-05-14
2044286,discharge tube rectifier,放电管整流器,,2014-05-14
2044287,discharge valve,排放阀,,2014-05-14
2044288,discharger,放电器；排放器,,2014-05-14
2044289,discharging resistor,放电电阻器,,2014-05-14
2044290,discriminator,鉴别器；鉴频器,,2014-05-14
2044291,dishing press,碟压机,,2014-05-14
2044292,disinfector,消毒器,,2014-05-14
2044293,disintegrator,散解机；解散机；粉碎机,,2014-05-14
2044294,disk,盘；片；碟[片]；磁盘,,2014-05-14
2044295,disk armature,盘形电枢,,2014-05-14
2044296,disk controller,磁碟控制器,,2014-05-14
2044297,disk feeder,盘饲机；盘式进料器,,2014-05-14
2044298,disk meter,盘式流量计,,2014-05-14
2044299,disk pack,磁碟包；磁碟组,,2014-05-14
2044300,disk saw,圆盘锯,,2014-05-14
2044301,disk storage drive,磁碟[储存驱动]机,,2014-05-14
2044302,disk type rectifier,盘式整流器,,2014-05-14
2044303,disk type thermistor,盘式热阻器,,2014-05-14
2044304,disk valve,盘阀,,2014-05-14
2044305,diskette,磁片,,2014-05-14
2044306,disk-seal triode,盘封三极管；碟封三极管,,2014-05-14
2044307,dispensing balance,药剂天平,,2014-05-14
2044308,dispensing device,散布装置,,2014-05-14
2044309,dispensing pump,分配泵,,2014-05-14
2044310,disperser,分散器,,2014-05-14
2044311,dispersion prism,色散棱镜,,2014-05-14
2044312,displacement blower,排量鼓风机,,2014-05-14
2044313,displacement camera,位移摄影机,,2014-05-14
2044314,displacement compressor,排量压缩机,,2014-05-14
2044315,displacement controller,位移控制器,,2014-05-14
2044316,displacement float level gauge,移标式液位计,,2014-05-14
2044317,displacement flowmeter,位移流量计；排量流量计,,2014-05-14
2044318,displacement generator,位移信号发生器,,2014-05-14
2044319,displacement meter,排量测计；位移感测器,,2014-05-14
2044320,displacement pump,排量泵；位移泵,,2014-05-14
2044321,displacement tank,排液槽,,2014-05-14
2044322,displacement transducer,位移转换器,,2014-05-14
2044323,displacer,置换器,,2014-05-14
2044324,display device,显示装置,,2014-05-14
2044325,display drum,显示磁鼓,,2014-05-14
2044326,display lamp,显示灯；指示灯；展示灯,,2014-05-14
2044327,display processor,显示处理器,,2014-05-14
2044328,display register,显示暂存器,,2014-05-14
2044329,display terminal,显示终端机,,2014-05-14
2044330,display tube,显示管,,2014-05-14
2044331,disposable bag,抛弃式袋,,2014-05-14
2044332,disposable pipet,抛弃式吸管,,2014-05-14
2044333,disposable pipette,抛弃式吸管,,2014-05-14
2044334,disposal pond,处置池,,2014-05-14
2044335,dissecting microscope,解剖显微镜,,2014-05-14
2044336,dissecting needle,解剖针,,2014-05-14
2044337,dissector,析像管；解剖器,,2014-05-14
2044338,dissociator,解离器,,2014-05-14
2044339,dissolution cell,溶解槽,,2014-05-14
2044340,dissolved oxygen analyzer,溶氧分析仪,,2014-05-14
2044341,dissolver,溶解器,,2014-05-14
2044342,distance collar,定距环,,2014-05-14
2044343,distance gage,测距表,,2014-05-14
2044344,distance gauge,测距表,,2014-05-14
2044345,distance meter,测距仪,,2014-05-14
2044346,distance reading tachometer,遥测转速计,,2014-05-14
2044347,distance recorder,遥测记录器,,2014-05-14
2044348,distance regulator,遥控调节器,,2014-05-14
2044349,distance relay,远距继电器,,2014-05-14
2044350,distance ring,定距环,,2014-05-14
2044351,distance starter,远距离起动器,,2014-05-14
2044352,distance thermometer,遥测温度计,,2014-05-14
2044353,distillation column,蒸馏塔；蒸馏[管]柱,,2014-05-14
2044354,distillation still,蒸馏锅；蒸馏器 ; 蒸馏釜,,2014-05-14
2044355,distillation tower,蒸馏塔,,2014-05-14
2044356,distillation trap,蒸馏阱,,2014-05-14
2044357,distillator,蒸馏器,,2014-05-14
2044358,distillatory,蒸馏器,,2014-05-14
2044359,distiller,蒸馏器,,2014-05-14
2044360,distillery,蒸馏室；酒厂,,2014-05-14
2044361,distilling column,蒸馏塔；蒸馏[管]柱,,2014-05-14
2044362,distilling condenser,蒸馏冷凝器,,2014-05-14
2044363,distilling flask,蒸馏瓶,,2014-05-14
2044364,distomat,测距仪,,2014-05-14
2044365,distortion meter,失真计,,2014-05-14
2044366,distributed amplifier,分布放大器,,2014-05-14
2044367,distributed computer system,分布[型]计算机系统,,2014-05-14
2044368,distributing board,配电板,,2014-05-14
2044369,distributing box,配电箱；分线盒,,2014-05-14
2044370,distributing disc,配电盘,,2014-05-14
2044371,distribution amplifier,[信号]分配放大器,,2014-05-14
2044372,distribution block,接线板,,2014-05-14
2044373,distribution board,配电板；配电盘,,2014-05-14
2044374,distribution box,配电箱；分线盒,,2014-05-14
2044375,distribution fuse board,保险丝配电板,,2014-05-14
2044376,distribution manifold,分配歧管,,2014-05-14
2044377,distribution photometer,[光]分布光度计；配光光度计,,2014-05-14
2044378,distribution shaft,分配轴,,2014-05-14
2044379,distribution switchboard,配电盘,,2014-05-14
2044380,distribution transformer,配电变压器,,2014-05-14
2044381,distribution valve,分配阀,,2014-05-14
2044382,distributor,分布器；分配器；分电器,,2014-05-14
2044383,distributor condenser,分电器电容器,,2014-05-14
2044384,distributor rotor,分电器转子,,2014-05-14
2044385,divergent lens,发散透镜；凹透镜,,2014-05-14
2044386,divergent meniscus,发散凹凸透镜,,2014-05-14
2044387,divergent mirror,发散镜,,2014-05-14
2044388,divergent nozzle,发散喷嘴,,2014-05-14
2044389,divergent nozzle pump,发散喷嘴扩散泵,,2014-05-14
2044390,diverging lens,发散透镜,,2014-05-14
2044391,diverging nozzle,发散喷嘴,,2014-05-14
2044392,diversion valve,转向阀,,2014-05-14
2044393,diverter pole generator,分极发电机,,2014-05-14
2044394,diverter switch,转换开关,,2014-05-14
2044395,divider,除[法]器；分规；分配器,,2014-05-14
2044396,dividers,圆规；两脚规,,2014-05-14
2044397,dividing disc,分度盘,,2014-05-14
2044398,dividing filter,分除滤波器,,2014-05-14
2044399,dividing machine,分度仪；分度机；刻度机,,2014-05-14
2044400,dividing rule,刻度尺,,2014-05-14
2044401,diving cooler,浸入式冷却器,,2014-05-14
2044402,diving pump,潜水泵；深水泵,,2014-05-14
2044405,doctor,刮刀；定厚器,,2014-05-14
2044406,Dodge jaw crusher,道奇颚[式压]碎机,,2014-05-14
2044407,donkey pump,副泵；辅助泵,,2014-05-14
2044408,door shield,炉门挡板,,2014-05-14
2044409,Dorr clarifier,道尔澄清机,,2014-05-14
2044410,Dorr thickener,道尔增稠器；道尔增浓器,,2014-05-14
2044411,Dorrco filter,道可滤机,,2014-05-14
2044412,dose calibrator,剂量校正器,,2014-05-14
2044413,dose meter,剂量计,,2014-05-14
2044414,dose rate meter,剂量率计,,2014-05-14
2044415,dosimeter,剂量计,,2014-05-14
2044416,dosimeter probe,剂量计探针,,2014-05-14
2044417,dosing machine,配料机,,2014-05-14
2044418,double acting atomizer,双动雾化器,,2014-05-14
2044419,double acting pump,双动泵；双向作用泵,,2014-05-14
2044420,double acting sprayer,双动喷雾器,,2014-05-14
2044421,double aperture lens,双孔透镜,,2014-05-14
2044422,double barrel pump,双筒泵,,2014-05-14
2044423,double beam balance,双梁天平；双梁天平,,2016-04-22
2044424,double beam spectrometer,双射束谱仪；双光束分光计,,2014-05-14
2044425,double bridge,双电桥,,2014-05-14
2044426,double calipers,复式卡钳,,2014-05-14
2044427,double callipers,复式卡钳,,2014-05-14
2044428,double check valve,双重止回阀,,2014-05-14
2044429,double cloud chamber,双雾室,,2014-05-14
2044430,double cone classifier,双锥类析器,,2014-05-14
2044431,double crystal spectrograph,双晶摄谱仪,,2014-05-14
2044432,double crystal spectrometer,双晶分光计,,2014-05-14
2044433,double dial balance,双刻盘天平,,2014-05-14
2044434,double diode,双二极体,,2014-05-14
2044435,double dish,培养皿,,2014-05-14
2044436,double effect evaporator,双效蒸发器,,2014-05-14
2044437,double filter,双式滤器,,2014-05-14
2044438,double fission chamber,双裂变室；双分裂腔,,2014-05-14
2044439,double fluid cell,双液电池,,2014-05-14
2044440,double focus X-ray tube,双焦点X射线管,,2014-05-14
2044441,double focusing mass spectrometer,双聚焦质谱仪,,2014-05-14
2044442,double Gauss lens,双高斯透镜,,2014-05-14
2044443,double governor,双调节器,,2014-05-14
2044444,double hearth furnace,双膛炉,,2014-05-14
2044445,double helix crystallizer,双螺线结晶器,,2014-05-14
2044446,double image,双像透镜,,2014-05-14
2044447,double image lens,双像透镜,,2014-05-14
2044448,double image micrometer,双像测微计,,2014-05-14
2044449,double image prism,双像棱镜,,2014-05-14
2044450,double injector,复式喷射器；双注射器,,2014-05-14
2044451,double ionization chamber,双游离室,,2014-05-14
2044452,double mirror galvanometer,双镜电流计,,2014-05-14
2044453,double motion agitator,双动搅拌器,,2014-05-14
2044454,double oscillator,双式振荡器,,2014-05-14
2044455,double oscillograph,双[射]束示波器,,2014-05-14
2044456,double paddle mixer,双桨混合机,,2014-05-14
2044457,double pass interferometer,双程干涉仪,,2014-05-14
2044458,double pipe condenser,套管冷凝器,,2014-05-14
2044459,double pipe cooler,套管冷却器,,2014-05-14
2044460,double pipet,双[爪]吸[量]管,,2014-05-14
2044461,double pipette,双[爪]吸[量]管,,2014-05-14
2044462,double pole switch,双极开关,,2014-05-14
2044463,double prism monochromator,双棱镜单色器,,2014-05-14
2044464,double resonant oscillator,双共振振荡体,,2014-05-14
2044465,double resonator,双共鸣器,,2014-05-14
2044466,double roll crusher,双辊压碎机,,2014-05-14
2044467,double scale voltmeter,双标度伏特计,,2014-05-14
2044468,double seat balanced valve,双座平衡阀,,2014-05-14
2044469,double seat valve,双座阀,,2014-05-14
2044470,double slide rheostat,双滑动变阻器,,2014-05-14
2044471,double slide wire bridge,双滑线电桥,,2014-05-14
2044472,double slidewire bridge,双滑线电桥,,2014-05-14
2044473,double slide-wire bridge,双滑线电桥,,2014-05-14
2044474,double suction pump,双吸泵,,2014-05-14
2044475,double tube reactor,套管反应器,,2014-05-14
2044476,double vernier,复游标,,2014-05-14
2044478,double-base diode,双基二极体,,2014-05-14
2044479,double-beam densitometer,双[光]束密度计,,2014-05-14
2044480,double-beam infrared spectrophotometer,双[光]束红外线光谱仪,,2014-05-14
2044481,double-beam oscillograph,双射束示波器,,2014-05-14
2044482,double-beam oscilloscope,双射束示波器,,2014-05-14
2044483,double-beam paramagnetic thermal oxygen analyzer,双束顺磁热氧分析仪,,2014-05-14
2044484,double-beam ultraviolet spectrophotometer,双[光]束紫外线光谱仪,,2014-05-14
2044485,double-concave lens,双凹透镜,,2014-05-14
2044486,double-convex,双凸透镜,,2014-05-14
2044487,double-convex lens,双凸透镜,,2014-05-14
2044488,double-current generator,交直流发电机；双流发电机,,2014-05-14
2044489,double-current relay,交直流继电路,,2014-05-14
2044490,double-effect evaporator,双效蒸发器,,2014-05-14
2044491,double-frequency generator,双频发电机,,2014-05-14
2044492,double-Gauss lenses,双高斯透镜,,2014-05-14
2044493,double-grid tube,双栅[真空]管,,2014-05-14
2044494,double-layer,双层透镜,,2014-05-14
2044495,double-layer lens,双层透镜,,2014-05-14
2044496,double-layer screen,双层屏,,2014-05-14
2044497,double-pole double-throw switch,双极双向开关,,2014-05-14
2044498,double-pole dynamo,双极电机,,2014-05-14
2044499,double-pole relay,双极继电器,,2014-05-14
2044500,double-pole single-throw switch,双极单向开关,,2014-05-14
2044501,double-pole switch,双极开关,,2014-05-14
2044502,double-range voltmeter,双量程伏特计,,2014-05-14
2044503,double-roll crusher,双辊压碎机,,2014-05-14
2044504,double-seal bearing,双封轴承,,2014-05-14
2044505,double-sealed bearing,双封轴承,,2014-05-14
2044506,double-stage compressor,双级压缩机,,2014-05-14
2044507,doublet magnifier,二重放大镜,,2014-05-14
2044508,doublet oscillator,偶极振荡体,,2014-05-14
2044509,doublet resonant oscillator,双共振振荡体,,2014-05-14
2044510,double-throw switch,双向开关,,2014-05-14
2044511,double-trace oscilloscope,双射线示波器,,2014-05-14
2044512,double-walled funnel,双层漏斗,,2014-05-14
2044513,double-winding armature,双绕组电枢,,2014-05-14
2044514,double-wound relay,双绕继电器,,2014-05-14
2044515,double-Z-arm mixer,双曲臂混合机,,2014-05-14
2044516,doubling calender,重合压延机；重合砑光机,,2014-05-14
2044517,doubling machine,折叠机；折叠机,,2014-05-14
2044518,doughnut coil,环形线圈,,2014-05-14
2044519,doughnut toroid,环形管,,2014-05-14
2044520,doughnut tube,环形管,,2014-05-14
2044521,dovetail condenser,鸠尾电容器,,2014-05-14
2044522,dowel,定位梢,,2014-05-14
2044523,dowel pin,定位梢,,2014-05-14
2044524,down runner,直浇口,,2014-05-14
2044525,down sprue,下浇道；竖浇道,,2014-05-14
2044526,downcomer,降流管,,2014-05-14
2044527,downcomer pipe,下导管；下水管,,2014-05-14
2044528,down-counter,倒数器；逐减计数器,,2014-05-14
2044529,downdraft gas producer,下吸式煤气发生炉,,2014-05-14
2044530,down-pipe,[液体]下流管,,2014-05-14
2044531,downspout,[液体]下流管,,2014-05-14
2044532,draft chamber,通风室,,2014-05-14
2044533,draft fan,通风扇,,2014-05-14
2044534,draft furnace,通风炉,,2014-05-14
2044535,draft gage,通风计,,2014-05-14
2044536,draft gauge,通风计,,2014-05-14
2044537,draft register,调风器,,2014-05-14
2044538,draft regulator,通风调整器,,2014-05-14
2044539,draft tube,通风管,,2014-05-14
2044540,drag carrier,拖曳输送机,,2014-05-14
2044541,drag chain cooler,拖链冷却器,,2014-05-14
2044542,drag classifier,耙式类析器,,2014-05-14
2044543,drag conveyer,刮板运送机；牵引运送机,,2014-05-14
2044544,drag scraper,拖刮机,,2014-05-14
2044545,drag torque type viscometer,拖扭矩式黏度计,,2014-05-14
2044546,drag torque type viscosimeter,拖扭矩式黏度计,,2014-05-14
2044547,drain board,滴水板,,2014-05-14
2044548,drain box,排放箱,,2014-05-14
2044549,drain cooler,泄水冷却器,,2014-05-14
2044550,drain gate,排泄门；排泄门,,2014-05-14
2044551,drain hole,排泄孔；排泄孔,,2014-05-14
2044552,drain pipe,排泄管,,2014-05-14
2044553,drain pump,排泄泵,,2014-05-14
2044554,drain trap,排泄阱,,2014-05-14
2044555,drain valve,排水阀；排泄阀,,2014-05-14
2044556,drainage conduit,排水管,,2014-05-14
2044557,drainage machine,排水机,,2014-05-14
2044558,drainage pipe,放泄管；放泄管,,2014-05-14
2044559,drainage pump,排水泵；排泄泵；排泄泵,,2014-05-14
2044560,drainboard,滴水板,,2014-05-14
2044561,drainer,排水器；滴水板,,2014-05-14
2044562,draining board,滴水板,,2014-05-14
2044563,draining dish,滴漏皿,,2014-05-14
2044564,draining pump,排水泵；排泄泵；排泄泵,,2014-05-14
2044565,draining table,排水台,,2014-05-14
2044567,draught chamber,通风室,,2014-05-14
2044568,draught damper,通风挡板,,2014-05-14
2044569,draught deflector,挡风器,,2014-05-14
2044570,draught fan,通风扇,,2014-05-14
2044571,draught furnace,通风炉,,2014-05-14
2044572,draught gage,通风计,,2014-05-14
2044573,draught gauge,通风计,,2014-05-14
2044574,draught hood,烟橱通风罩；通风橱,,2014-05-14
2044575,draw bar,拉杆,,2014-05-14
2044576,draw file,细锉,,2014-05-14
2044577,draw scraper,拉刮刀,,2014-05-14
2044578,draw vice,拉线钳,,2014-05-14
2044579,draw-bar dynamometer,拉杆测力计,,2014-05-14
2044580,drawing apparatus,绘图仪,,2014-05-14
2044581,drawing die,拉模,,2014-05-14
2044582,drawing fan,抽风机,,2014-05-14
2044583,drawing furnace,回火炉,,2014-05-14
2044584,drawing machine,拉丝机；抽线机；绘图机,,2014-05-14
2044585,drawing template,绘图板,,2014-05-14
2044586,drawoff cock,排出栓,,2014-05-14
2044587,drawoff plug,排出塞,,2014-05-14
2044588,drawoff pump,排出泵,,2014-05-14
2044589,drawoff valve,排气阀；排液阀；排出阀,,2014-05-14
2044590,dresser,选矿机,,2014-05-14
2044591,dressing riddle,细筛,,2014-05-14
2044592,dribble applicator,滴流机,,2014-05-14
2044593,dribbling nozzle,滴流喷嘴,,2014-05-14
2044594,drier,干燥器；干燥机；干燥室,,2014-05-14
2044595,drier agitator,干燥机搅拌器,,2014-05-14
2044596,drier bin,干燥箱,,2014-05-14
2044597,drift pin,冲梢,,2014-05-14
2044598,drift punch,冲梢,,2014-05-14
2044599,drift transistor,漂移电晶体,,2014-05-14
2044600,drift-corrected amplifier,漂移修正放大器,,2014-05-14
2044601,drill,钻；钻头；钻床,,2014-05-14
2044602,drill file,圆边锉,,2014-05-14
2044603,drill grinder,钻头磨床,,2014-05-14
2044604,drill machine,钻床,,2014-05-14
2044605,driller,钻机；钻床,,2014-05-14
2044606,drilling machine,钻孔机,,2014-05-14
2044607,drip condenser,滴水冷凝器,,2014-05-14
2044608,drip cooler,滴水冷却器,,2014-05-14
2044609,drip pump,小型抽水泵,,2014-05-14
2044610,dripping board,滴干板,,2014-05-14
2044611,drive amplifier,激发放大器,,2014-05-14
2044612,drive belt,传动皮带,,2014-05-14
2044613,drive control relay,继电切换器,,2014-05-14
2044614,drive gear,驱动齿轮；主动齿轮,,2014-05-14
2044615,drive motor,传动马达；传动电动机；驱动马达；驱动电动机,,2014-05-14
2044616,driven gear,从动齿轮,,2014-05-14
2044617,driver,驱动器；激发器；螺丝起子,,2014-05-14
2044618,driver amplifier,激发放大器,,2014-05-14
2044619,driver motor,驱动马达；驱动电动机,,2014-05-14
2044620,driving screw,导螺杆,,2014-05-14
2044621,dromometer,速度计,,2014-05-14
2044622,drop hammer,落锤,,2014-05-14
2044623,drop hammer tester,落锤试验机,,2014-05-14
2044624,drop lubricator,滴油器,,2014-05-14
2044625,drop oiler,滴油器,,2014-05-14
2044626,drop shutter,快门；开关,,2014-05-14
2044627,dropper,滴管,,2014-05-14
2044628,dropper bulb,滴管球,,2014-05-14
2044629,dropping board,滴干板,,2014-05-14
2044630,dropping bottle,滴瓶,,2014-05-14
2044631,dropping electrode,滴液电极；液滴电极,,2014-05-14
2044632,dropping pipet,滴[液吸]管,,2014-05-14
2044633,dropping pipette,滴[液吸]管,,2014-05-14
2044634,dropping resistor,减压电阻器,,2014-05-14
2044635,drug mill,药磨,,2014-05-14
2044636,drum,鼓；桶；磁鼓,,2014-05-14
2044637,drum armature,鼓形电枢,,2014-05-14
2044638,drum controller,鼓形控制器；磁鼓控制器,,2014-05-14
2044639,drum cooler,桶式冷却器,,2014-05-14
2044640,drum drier,桶式干燥器,,2014-05-14
2044641,drum filter,桶式滤器,,2014-05-14
2044642,drum furnace,回转炉；鼓形炉,,2014-05-14
2044643,drum lens,鼓形透镜,,2014-05-14
2044644,drum memory,磁鼓记忆体,,2014-05-14
2044645,drum mill,转筒磨粉机,,2014-05-14
2044646,drum pelletizer,圆筒制粒机,,2014-05-14
2044647,drum recorder,桶式记录器,,2014-05-14
2044648,drum scanner,鼓形扫描器,,2014-05-14
2044649,drum screen,滚动筛,,2014-05-14
2044650,drum separator,桶式分离器；鼓式分离器,,2014-05-14
2044651,drum sieve,圆筒筛,,2014-05-14
2044652,drum starter,鼓形起动器,,2014-05-14
2044653,drum storage,磁鼓[储存器],,2014-05-14
2044654,drum type counter,鼓式计数器,,2014-05-14
2044655,drum type recorder,鼓式记录器,,2014-05-14
2044656,dry accumulator,干式蓄电池,,2014-05-14
2044657,dry and wet bulb hygrometer,干湿球湿度计,,2014-05-14
2044658,dry and wet bulb thermometer,干湿球温度计,,2014-05-14
2044659,dry battery,干电池[组],,2014-05-14
2044660,dry box,干燥箱,,2014-05-14
2044661,dry calorimeter,干式量热计；干式卡计,,2014-05-14
2044662,dry cell,干电池,,2014-05-14
2044663,dry cell battery,干电池组,,2014-05-14
2044664,dry cell tube,干电池[电子]管；干电池真空管,,2014-05-14
2044665,dry disc rectifier,干板整流器,,2014-05-14
2044666,dry electro-filter,静电滤尘器,,2014-05-14
2044667,dry electrolytic rectifier,干电解质整流器,,2014-05-14
2044668,dry ice bath,干冰浴,,2014-05-14
2044669,dry lens,干透镜,,2014-05-14
2044670,dry oven,[干燥]烘箱,,2014-05-14
2044671,dry rectifier,干[电解质]整流器,,2014-05-14
2044672,dry transformer,干式变压器,,2014-05-14
2044673,dry type rectifier,干式整流器,,2014-05-14
2044674,dry-bulb thermometer,干球温度计,,2014-05-14
2044675,dryer,干燥器；干燥机；干燥室,,2014-05-14
2044676,drying cabinet,干燥橱,,2014-05-14
2044677,drying chamber,干燥室,,2014-05-14
2044678,drying chest,干燥箱,,2014-05-14
2044679,drying oven,[干燥]烘箱,,2014-05-14
2044680,drying stove,干燥炉,,2014-05-14
2044681,drying tower,干燥塔,,2014-05-14
2044682,drying tray,干燥盘,,2014-05-14
2044683,drying tube,干燥管,,2014-05-14
2044684,drying U-tube,U形干燥管,,2014-05-14
2044685,dry-type transformer,干式变压器,,2014-05-14
2044689,dual action pump,双作用泵,,2014-05-14
2044690,dual amplifier,双重放大器,,2014-05-14
2044691,dual burner,双燃料燃烧器,,2014-05-14
2044692,dual channel controller,双波道控制器,,2014-05-14
2044693,dual channel oscilloscope,双波道示波器,,2014-05-14
2044694,dual cycle reactor,双循环反应器,,2014-05-14
2044695,dual fuel burner,双燃料燃烧器,,2014-05-14
2044696,dual gage,双刻度表,,2014-05-14
2044697,dual gauge,双刻度表,,2014-05-14
2044698,dual grid power tube,双栅功率管,,2014-05-14
2044699,dual grid tube,双栅[电子]管,,2014-05-14
2044700,dual indicator,双针指示器；复式指示器,,2014-05-14
2044701,dual lens,双透镜,,2014-05-14
2044702,dual traverse barograph,双杆气压仪,,2014-05-14
2044703,dual triode,双三极体；双三极管,,2014-05-14
2044704,dual valve,双阀,,2014-05-14
2044705,dual-beam synchronoscope,双束同步示波器,,2014-05-14
2044706,dual-frequency motor,双频[率]电动机；双频[率]马达,,2014-05-14
2044707,dual-pressure controller,高低压控制器,,2014-05-14
2044708,dual-trace oscillograph,双迹示波器,,2014-05-14
2044709,dual-voltage motor,双电压马达；双电压电动机,,2014-05-14
2044710,ductilimeter,延性计,,2014-05-14
2044711,ductilometer,延性计,,2014-05-14
2044712,dumb level,定镜水准仪,,2014-05-14
2044713,dummy level,定镜水准仪；模拟水准仪,,2014-05-14
2044714,dummy strain gage,补偿应变计,,2014-05-14
2044715,dummy strain gauge,补偿应变计,,2014-05-14
2044716,dump tank,泄热槽,,2014-05-14
2044717,dumping device,倾卸装置；卸料装置,,2014-05-14
2044718,duodiode,双二极体,,2014-05-14
2044719,duo-diode triode,孪二极三极管,,2014-05-14
2044720,duolaser,双雷射,,2014-05-14
2044721,duoplasmatron,双电浆管,,2014-05-14
2044722,duotriode,双三极体,,2014-05-14
2044723,dupler,倍增器,,2014-05-14
2044724,duplex bridge,双工电桥,,2014-05-14
2044725,duplex computer,双工计算机,,2014-05-14
2044726,duplex diode,双二极体,,2014-05-14
2044727,duplex gage,双针计,,2014-05-14
2044728,duplex gauge,双针计,,2014-05-14
2044729,duplex injector,复式射出器；复式注射器,,2014-05-14
2044730,duplex nozzle,双口喷嘴,,2014-05-14
2044731,duplex pump,双缸泵,,2014-05-14
2044732,duplex reciprocating pump,双缸往复泵,,2014-05-14
2044733,duplex regulator,双效调节器,,2014-05-14
2044734,duplex triode,双三极体；双三极管,,2014-05-14
2044735,duplex-diode triode,双二极三极体,,2014-05-14
2044736,duplex-spiral classifier,双螺旋类析器,,2014-05-14
2044737,duplex-type atomizer,复式喷雾器,,2014-05-14
2044738,duplicator,倍增器；复制机；复印机,,2014-05-14
2044739,durometer,硬度计,,2014-05-14
2044740,dust accumulator,集尘器,,2014-05-14
2044741,dust blower,喷粉机；喷粉器,,2014-05-14
2044742,dust cage,集尘罩,,2014-05-14
2044743,dust cap,防尘罩,,2014-05-14
2044744,dust catcher,捕尘器,,2014-05-14
2044745,dust chamber,集尘室,,2014-05-14
2044746,dust cleaner,除尘器；清尘器,,2014-05-14
2044747,dust collector,集尘器,,2014-05-14
2044748,dust counter,尘量计,,2014-05-14
2044749,dust exhauster,排尘器,,2014-05-14
2044750,dust exhaustor,排尘器,,2014-05-14
2044751,dust extractor,吸尘器,,2014-05-14
2044752,dust filter,滤尘器,,2014-05-14
2044753,dust gauze,防尘网,,2014-05-14
2044754,dust gun,喷粉枪,,2014-05-14
2044755,dust hood,防尘罩,,2014-05-14
2044756,dust meter,量尘计,,2014-05-14
2044757,dust monitor,粉尘监测器,,2014-05-14
2044758,dust nozzle,喷粉嘴,,2014-05-14
2044759,dust precipitator,集尘器,,2014-05-14
2044760,dust remover,去尘器,,2014-05-14
2044761,dust respirator,防尘呼吸器,,2014-05-14
2044762,dust sampler,粉尘取样器,,2014-05-14
2044763,dust screen,防尘网,,2014-05-14
2044764,dust scrubber,除尘器,,2014-05-14
2044765,dust separator,粉尘分离器,,2014-05-14
2044766,dust settler,聚尘器,,2014-05-14
2044767,dust settling chamber,集尘室；捕尘腔,,2014-05-14
2044768,dust shield,防尘罩,,2014-05-14
2044769,dust trap,捕尘器,,2014-05-14
2044770,duster,除尘器；撒粉器,,2014-05-14
2044771,dust-proof machine,防尘式机器,,2014-05-14
2044772,dye bath,染浴；染缸,,2014-05-14
2044773,dye cell,染料槽,,2014-05-14
2044774,dye laser,染料雷射,,2014-05-14
2044775,dyeing machine,印染机,,2014-05-14
2044776,dyeometer,染色计,,2014-05-14
2044777,dynameter,放大率计,,2014-05-14
2044778,dynamic analyzer,动态分析仪,,2014-05-14
2044779,dynamic balancer,动态平衡器,,2014-05-14
2044780,dynamic condenser,动态电容器,,2014-05-14
2044781,dynamic damper,动力阻尼器；消震器,,2014-05-14
2044782,dynamic digital torque meter,动力数位扭矩计,,2014-05-14
2044783,dynamic flip-flop,动态正反器,,2014-05-14
2044784,dynamic laser,气动雷射,,2014-05-14
2044785,dynamic microphone,动态传声器；动态麦克风,,2014-05-14
2044786,dynamic random-access memory {= DRAM},动态随机存取记忆体,,2014-05-14
2044787,dynamic signal analyzer {= DSA},动态信号分析仪,,2014-05-14
2044788,dynamic spectrum analyzer,动态频谱分析仪,,2014-05-14
2044789,dynamic strain amplifier,动态应变放大器,,2014-05-14
2044790,dynamic strain indicator,动态应变指示器,,2014-05-14
2044791,dynamic strain meter,动态应变计,,2014-05-14
2044792,dynamic system simulator,动态系统模拟器,,2014-05-14
2044793,dynamic system synthesizer,动态系统合成器,,2014-05-14
2044794,dynamic trigger,动态触发器,,2014-05-14
2044795,dynamo,电机；发电机,,2014-05-14
2044796,dynamo armature,发电机电枢,,2014-05-14
2044797,dynamo brush,发电机电刷,,2014-05-14
2044798,dynamo exploder,电气发爆器；点火机,,2014-05-14
2044799,dynamo-electric machine,电动发电机,,2014-05-14
2044800,dynamometer,测力计；功率计,,2014-05-14
2044801,dynamotor,马达发电两用机,,2014-05-14
2044802,dynode,二次发射极,,2014-05-14
2044803,E beam laser,电子束雷射,,2014-05-14
2044804,E beam pumped laser,电子束激升雷射,,2014-05-14
2044805,E scope,电子显示器,,2014-05-14
2044806,ear receiver,[头带式]耳机；[头带式]听筒,,2014-05-14
2044807,earphone,耳机；听筒,,2014-05-14
2044808,earpiece,耳机；听筒,,2014-05-14
2044809,earth bar,接地棒,,2014-05-14
2044810,earth coil,地磁[感应]线圈,,2014-05-14
2044811,earth current resistor,接地电流电阻器,,2014-05-14
2044812,earth detector,漏电侦检器；接地侦测器,,2014-05-14
2044813,earth induction compass,地磁感应罗盘,,2014-05-14
2044814,earth inductor,地磁感应器,,2014-05-14
2044815,earth-current meter,接地电流计,,2014-05-14
2044816,earthing autotransformer,接地自偶变压器,,2014-05-14
2044817,earthing auto-transformer,接地自偶变压器,,2014-05-14
2044818,earthing brush,接地电刷,,2014-05-14
2044819,earthing inductor,接地感应器,,2014-05-14
2044820,earthing leakage indicator,[接地]漏电指示器,,2014-05-14
2044821,earthing reactor,接地电抗器,,2014-05-14
2044822,earthing relay,接地继电器,,2014-05-14
2044823,earthing rod,接地柱；接地棒,,2014-05-14
2044824,earth-resistance meter,接地电阻计,,2014-05-14
2044825,ebullator,沸腾器,,2014-05-14
2044826,ebulliometer,沸点计,,2014-05-14
2044827,ebullioscope,沸点计,,2014-05-14
2044829,eccentric pump,偏心泵,,2014-05-14
2044830,eccentric vibrating screen,偏心振动筛,,2014-05-14
2044831,eccentricity tester,偏心度试验器,,2014-05-14
2044832,eccentric-type vibrator,偏心式振动器,,2014-05-14
2044834,ECG {electrocardiograph},心电图机,,2014-05-14
2044835,echelette grating,红外光栅；小阶梯光栅,,2014-05-14
2044836,echelon lens,阶梯透镜,,2014-05-14
2044837,echelon prism,阶梯棱镜,,2014-05-14
2044838,echo altimeter,回波高度计,,2014-05-14
2044839,echo amplifier,回波放大器,,2014-05-14
2044840,echo board,回声屏；回波屏,,2014-05-14
2044841,echo box,回波[共振]腔,,2014-05-14
2044842,echo depth sounder,回声测深仪,,2014-05-14
2044843,echo depth sounding sonar,回波声纳,,2014-05-14
2044844,echo Doppler indicator,回波都卜勒指示器,,2014-05-14
2044845,echo killer,回波抑制器,,2014-05-14
2044846,echo locator,回声定位器；回波定位器,,2014-05-14
2044847,echo meter,回声计；回波计,,2014-05-14
2044848,echo sounder,回声测深仪,,2014-05-14
2044849,echo sounding machine,回声测深机,,2014-05-14
2044850,echo suppressor,回波抑制器,,2014-05-14
2044851,echo-box actuator,回波腔引动器,,2014-05-14
2044852,echograph,回声仪,,2014-05-14
2044853,economizer,省油器；节热器,,2014-05-14
2044855,eddy current gage,涡流计,,2014-05-14
2044856,eddy current gauge,涡流计,,2014-05-14
2044857,eddy current retarder,涡流阻尼器,,2014-05-14
2044858,eddy current tachometer,涡流转速计,,2014-05-14
2044859,edge runner,轮碾机,,2014-05-14
2044860,Edison accumulator,爱迪生蓄电池[组] {铁镍蓄电池},,2020-03-23
2044861,Edison battery {nickel iron battery},爱迪生电池组 {镍铁电池组},,2014-05-14
2044862,Edison bridge,爱迪生电桥,,2014-05-14
2044863,Edison cell,爱迪生电池,,2014-05-14
2044864,Edison storage battery {Edison battery; iron-nickel accumulator},爱迪生蓄电池[组] {铁镍蓄电池[组]},,2014-05-14
2044865,Edison-Lalande cell,爱迪生-拉朗得电池,,2014-05-14
2044867,EDS {energy dispersive X-ray spectrometer},X射线能量散布分析仪,,2014-05-14
2044868,eduction tube,引入管,,2014-05-14
2044869,eductor,引入管,,2014-05-14
2044871,EEG recorder,脑电位[录制]仪,,2014-05-14
2044872,effluent pump,排除泵,,2014-05-14
2044873,effluent splitter,流出物分流器,,2014-05-14
2044874,efflux viscometer,射流黏度计,,2014-05-14
2044875,efflux viscosimeter,射流黏度计,,2014-05-14
2044876,effuser,逸散器,,2014-05-14
2044877,effusiometer,逸散计,,2014-05-14
2044881,eidograph,伸缩绘图仪,,2014-05-14
2044882,eikonometer,光像测定器；光像测影仪,,2014-05-14
2044883,eikonoscope,光电[显]像管；光电[发]像管,,2014-05-14
2044884,Einthoven galvanometer,艾因托电流计,,2014-05-14
2044885,Einzel lens,单透镜；离子聚焦镜,,2014-05-14
2044886,ejector,射出器；顶出器,,2014-05-14
2044887,ejector condenser,喷射冷凝器,,2014-05-14
2044888,elaeometer,油比重计,,2014-05-14
2044889,elastic buffer,弹性缓冲器,,2014-05-14
2044890,elastic peak electron spectroscope {= EPES},弹性峰电子能谱仪,,2014-05-14
2044891,elbow,弯管；肘管；弯头,,2014-05-14
2044892,elbow refractor,折轴折射镜,,2014-05-14
2044893,elbow sight,潜望镜,,2014-05-14
2044894,elbow telescope,肘形望远镜,,2014-05-14
2044895,electric accumulator,蓄电池,,2014-05-14
2044896,electric actuator,电引动器,,2014-05-14
2044897,electric agitator,电动搅拌器,,2014-05-14
2044898,electric altimeter,电测高度计,,2014-05-14
2044899,electric arc furnace,电弧炉,,2014-05-14
2044900,electric arc lamp,电弧灯,,2014-05-14
2044901,electric bar,电[热]棒,,2014-05-14
2044902,electric bridge,电桥,,2014-05-14
2044903,electric capacity altimeter,电容高度计,,2014-05-14
2044904,electric cell,[光]电管；[光]电池,,2014-05-14
2044905,electric condenser,电容器,,2014-05-14
2044906,electric conductivity detector,电导侦检器,,2014-05-14
2044907,electric controller,电动控制器,,2014-05-14
2044908,electric dialyzer,电透析器；电渗析器,,2014-05-14
2044909,electric discharge detector,放电侦检器,,2014-05-14
2044910,electric discharge pyrolyzer,放电热解器,,2014-05-14
2044911,electric dry oven,电烘箱,,2014-05-14
2044912,electric dust collector,电集尘器,,2014-05-14
2044913,electric dust precipitator,电集尘器,,2014-05-14
2044914,electric dynamometer,电测力计,,2014-05-14
2044915,electric filter,电滤波器,,2014-05-14
2044916,electric flowmeter,电[磁]流量计,,2014-05-14
2044917,electric force microscope {= EFM},电力显微镜,,2014-05-14
2044918,electric furnace,电炉,,2014-05-14
2044919,electric generator,发电机,,2014-05-14
2044920,electric heater,电热器,,2014-05-14
2044921,electric heating pad,电热垫,,2014-05-14
2044922,electric hot plate,电热板,,2014-05-14
2044923,electric hygrometer,电湿度计,,2014-05-14
2044924,electric ignitor,电点火器,,2014-05-14
2044925,electric impulse counter,电脉冲计数器,,2014-05-14
2044926,electric induction furnace,感应电炉,,2014-05-14
2044927,electric integrator,电积分器,,2014-05-14
2044928,electric kymograph,电转筒记录器,,2014-05-14
2044929,electric machine,电力机械,,2014-05-14
2044930,electric microbalance,电动微量天平,,2014-05-14
2044931,electric micrometer,电动测微计,,2014-05-14
2044932,electric mixer,电动混合器,,2014-05-14
2044933,electric motor,电动机；电动马达,,2014-05-14
2044934,electric muffle furnace,电高温炉,,2014-05-14
2044935,electric oven,电烘箱,,2014-05-14
2044936,electric pneumatic valve,电动气动阀,,2014-05-14
2044937,electric precipitator,电集尘器；电沉淀器,,2014-05-14
2044938,electric pyrometer,电高温计,,2014-05-14
2044939,electric resistance box,电阻箱,,2014-05-14
2044940,electric resistance pyrometer,电阻高温计,,2014-05-14
2044941,electric resistance thermometer,电阻温度计,,2014-05-14
2044942,electric scanner,电扫描器,,2014-05-14
2044943,electric screen,电屏；[电]投影幕,,2014-05-14
2044944,electric sterilizer,电灭菌器,,2014-05-14
2044945,electric still,电蒸馏器,,2014-05-14
2044946,electric telemeter,电遥测计,,2014-05-14
2044947,electric teletachometer,电遥测转速计,,2014-05-14
2044948,electric thermometer,电温度计,,2014-05-14
2044949,electric transducer,电换能器；电转换器,,2014-05-14
2044950,electric wave filter,电滤波器,,2014-05-14
2044951,electric welder,电熔接器,,2014-05-14
2044952,electrical pyrometer,电高温计,,2014-05-14
2044953,electrical safety analyzer,电性安全分析仪,,2014-05-14
2044954,electrical stimulator,电刺激器,,2014-05-14
2044955,electric-generator tachometer,发电转速计,,2014-05-14
2044956,electric-hydraulic controller,电动液压控制器,,2014-05-14
2044957,electrification detector,起电侦检器,,2014-05-14
2044958,electroacoustic transducer,电声转换器,,2014-05-14
2044959,electrobalance,电动天平,,2014-05-14
2044960,electro-calorimeter,电量热计；电卡计,,2014-05-14
2044961,electrochemical atomic force microscope {= ECAFM},电化学原子力显微镜,,2014-05-14
2044962,electrochemical capacitor,电化电容器,,2014-05-14
2044963,electrochemical cell,电化电池,,2014-05-14
2044964,electrochemical detector,电化侦检器,,2014-05-14
2044965,electrochemical scanning tunnelling microscope {= ECSTM},电化学扫瞄穿遂显微镜,,2014-05-14
2044966,electrochemical valve,电化阀,,2014-05-14
2044967,electrochromic display {= ECD},电子呈色显示器,,2014-05-14
2044968,electrocolorimeter,电色度计,,2014-05-14
2044969,electrode,电极,,2014-05-14
2044970,electrode control board,电极控制板,,2014-05-14
2044971,electrodeless discharge detector,无电极放电侦检器,,2014-05-14
2044972,electrodeposition cell,电沉积槽,,2014-05-14
2044973,electrodialyzer,电透析器；电渗析器,,2014-05-14
2044974,electrodissolver,电溶解器,,2014-05-14
2044975,electrodynamic ammeter,电动安培计,,2014-05-14
2044976,electrodynamic seismograph,电动地震仪,,2014-05-14
2044977,electrodynamometer,电测力计；电功率计,,2014-05-14
2044978,electro-dynamometer voltmeter,力测伏特计,,2014-05-14
2044979,electrodynamometer wattmeter,力测瓦特计,,2014-05-14
2044980,electroencephalograph {= EEG},脑电位仪；脑波仪,,2014-05-14
2044981,electroencephalograph {= EEG} recorder,脑电位纪录器；脑波仪纪录器,,2014-05-14
2044982,electrohydraulic actuator,电动液压引动器；电动液压致动器,,2014-05-14
2044983,electro-hydraulic actuator,电动液压引动器；电动液压致动器,,2014-05-14
2044984,electrokinetic transducer,电动力转换器,,2014-05-14
2044985,electrolysis bath,电解槽,,2014-05-14
2044986,electrolyte hydrometer,电解液比重计,,2014-05-14
2044987,electrolytic bath,电解槽；电解池,,2014-05-14
2044988,electrolytic cell,电解槽,,2014-05-14
2044989,electrolytic condenser,电解[质]电容器,,2014-05-14
2044990,electrolytic detector,电解式侦检器；电解质侦检器,,2014-05-14
2044991,electrolytic interrupter,电解断续器,,2014-05-14
2044992,electrolytic meter,电解电量计,,2014-05-14
2044993,electrolytic photocell,电解[质]光电池,,2014-05-14
2044994,electrolytic rectifier,电解[质]整流器,,2014-05-14
2044995,electrolytic surge-arrester,电解放电器,,2014-05-14
2044996,electrolytic tank,电解槽,,2014-05-14
2044997,electrolytic voltameter,电解电量计,,2014-05-14
2044998,electrolyzer,电解槽,,2014-05-14
2044999,electrolyzing cell,电解槽,,2014-05-14
2045000,electromagnet,电磁体；电磁铁,,2014-05-14
2045001,electromagnetic AC relay,电磁交流继电器,,2014-05-14
2045002,electromagnetic AC-relay,电磁交流继电器,,2014-05-14
2045003,electromagnetic ammeter,电磁安培计,,2014-05-14
2045004,electromagnetic balance,电磁天平,,2014-05-14
2045005,electromagnetic blowout,电磁熄弧器,,2014-05-14
2045006,electromagnetic coil,电磁感应圈,,2014-05-14
2045007,electromagnetic compatibility analyzer {= EMC analyzer},电磁相容分析仪,,2014-05-14
2045008,electromagnetic coupler,电磁偶合器,,2014-05-14
2045009,electromagnetic damper,电磁阻尼器,,2014-05-14
2045010,electromagnetic electron lens,电磁电子透镜,,2014-05-14
2045011,electromagnetic flowmeter,电磁流量计,,2014-05-14
2045012,electromagnetic horn,电磁喇叭,,2014-05-14
2045013,electromagnetic lens,电磁透镜,,2014-05-14
2045014,electromagnetic microphone,电磁传声器,,2014-05-14
2045015,electromagnetic mirror,电磁镜,,2014-05-14
2045016,electromagnetic oscillograph,电磁示波仪；电磁示波器,,2014-05-14
2045017,electromagnetic pump,电磁泵,,2014-05-14
2045018,electromagnetic rectifier,电磁整流器,,2014-05-14
2045019,electromagnetic relay,电磁继电器,,2014-05-14
2045020,electromagnetic seismograph,电磁地震仪,,2014-05-14
2045021,electromagnetic separator,电磁分离器,,2014-05-14
2045022,electromagnetic transmitter,电磁发送机,,2014-05-14
2045023,electromagnetic vibrator,电磁振动器,,2014-05-14
2045024,electromagnetic viscometer,电磁黏度计,,2014-05-14
2045025,electromagnetic viscosimeter,电磁黏度计,,2014-05-14
2045026,electromanometer,电子压力计,,2014-05-14
2045027,electromechanical accelerometer,机电加速[度]计,,2014-05-14
2045028,electromechanical amplifier,机电放大器,,2014-05-14
2045029,electromechanical counter,机电计数器,,2014-05-14
2045030,electromechanical integrator,机电积分器,,2014-05-14
2045031,electromechanical transducer,机电换能器；机电[信号]转换器,,2014-05-14
2045032,electrometer,静电计,,2014-05-14
2045033,electrometer amplifier,静电计放大器,,2014-05-14
2045034,electrometer tube,静电计管,,2014-05-14
2045035,electromotor,[电动]马达；电动机,,2014-05-14
2045036,electromyograph {= EMG},肌电图仪,,2014-05-14
2045037,electromyograph machine,肌电图仪,,2014-05-14
2045038,electron accelerator,电子加速器,,2014-05-14
2045039,electron affinity detector,电子亲和性侦检器；电子亲和力侦检器,,2014-05-14
2045040,electron betatron,电子贝他加速器,,2014-05-14
2045041,electron camera,电子照相机；电子摄影机,,2014-05-14
2045042,electron capture detector,电子捕获侦检器；电子捕捉侦检器,,2014-05-14
2045043,electron collection counter,电子收集计数器,,2014-05-14
2045044,electron collector,电子收集器,,2014-05-14
2045045,electron cyclotron,电子回旋加速器,,2014-05-14
2045046,electron drift detector,电子漂移侦检器,,2014-05-14
2045047,electron energy loss spectrometer,电子能量损失谱仪,,2014-05-14
2045048,electron gun,电子枪,,2014-05-14
2045049,electron impact ion source,电子撞击离子源,,2014-05-14
2045050,electron impact source,电子撞击离子源,,2014-05-14
2045051,electron injector,电子注射器,,2014-05-14
2045052,electron ionization source,电子游离源；电子离子化源,,2014-05-14
2045053,electron lens,电子透镜,,2014-05-14
2045054,electron microprobe,电子显微探针,,2014-05-14
2045055,electron microscope,电子显微镜,,2014-05-14
2045056,electron multiplier,电子倍增器,,2014-05-14
2045057,electron multiplier tube,电子倍增管,,2014-05-14
2045058,electron orbit oscillator,电子循轨振荡器,,2014-05-14
2045059,electron oscillator,电子振荡器,,2014-05-14
2045060,electron oscillograph,电子示波仪,,2014-05-14
2045061,electron paramagnetic resonance spectrometer {= EPR spectrometer},电子顺磁共振[光]谱仪,,2014-05-14
2045062,electron ray tube,电子射线管,,2014-05-14
2045063,electron spectrograph,电子摄谱仪,,2014-05-14
2045064,electron spectrometer,电子[能]谱仪,,2014-05-14
2045065,electron spin resonance spectrometer {= ESR},电子自旋共振[光]谱仪,,2014-05-14
2045066,electron synchrotron,电子同步加速器,,2014-05-14
2045067,electron telescope,电子望远镜,,2014-05-14
2045068,electron trap,电子阱,,2014-05-14
2045069,electron tube,电子管,,2014-05-14
2045070,electron valve,电子阀,,2014-05-14
2045071,electron wave magnetron,电子波磁控管,,2014-05-14
2045072,electron wave tube,电子波管,,2014-05-14
2045073,electron-beam drilling machine,电子束钻孔机,,2014-05-14
2045074,electron-beam generator,电子束产生器；电子束发生器,,2014-05-14
2045075,electron-beam injected transistor amplifier,电子束注入电晶体放大器,,2014-05-14
2045076,electron-beam probe,电子束探针,,2014-05-14
2045077,electron-beam scanner,电子束扫描器,,2014-05-14
2045078,electron-beam semiconductor amplifier,电子束半导体放大器,,2014-05-14
2045079,electron-beam tube,电子束管,,2014-05-14
2045080,electron-collection counter,电子收集计数器,,2014-05-14
2045081,electron-coupled oscillator,电子偶合振荡器,,2014-05-14
2045082,electron-density measurement probe,电子密度量测探针,,2014-05-14
2045083,electron-diffraction camera,电子绕射照相机,,2014-05-14
2045084,electronic analog computer,电子类比计算机,,2014-05-14
2045085,electronic balance,电子天平,,2014-05-14
2045086,electronic chronometer,电子测时计；电子计时器,,2014-05-14
2045087,electronic color scanner,电子彩色扫描器,,2014-05-14
2045088,electronic computer,电子计算机,,2014-05-14
2045089,electronic controller,电子控制器,,2014-05-14
2045090,electronic counter,电子计数器,,2014-05-14
2045091,electronic data processing machine,电子资料处理机,,2014-05-14
2045092,electronic densitometer,电子密度计；电子光密度计,,2014-05-14
2045093,electronic differential analyzer,电子微分分析器,,2014-05-14
2045094,electronic digital computer,电子数位计算机,,2014-05-14
2045095,electronic digital integrator,电子数位积分器,,2014-05-14
2045096,electronic flowmeter,电子流量计,,2014-05-14
2045097,electronic integrator,电子积分器,,2014-05-14
2045098,electronic level,电子水平仪,,2014-05-14
2045099,electronic magnetometer,电子磁力计；电子磁强计,,2014-05-14
2045100,electronic micrometer,电子测微计,,2014-05-14
2045101,electronic oscillator,电子振荡仪,,2014-05-14
2045102,electronic oscillograph,电子示波仪,,2014-05-14
2045103,electronic oscilloscope,电子示波器,,2014-05-14
2045104,electronic photometer,电子光度计,,2014-05-14
2045105,electronic photovoltaic cell,电子光[伏打]电池,,2014-05-14
2045106,electronic potentiometer,电子电位计,,2014-05-14
2045107,electronic probe,电子探针,,2014-05-14
2045108,electronic programmer,电子程序器,,2014-05-14
2045109,electronic pulsator,电子脉动器,,2014-05-14
2045110,electronic pulse counter,电子脉动计数器,,2014-05-14
2045111,electronic pump,电子泵,,2014-05-14
2045112,electronic recorder,电子记录器,,2014-05-14
2045113,electronic relay,电子继电器；电子替续器,,2014-05-14
2045114,electronic scanner,电子扫描器,,2014-05-14
2045115,electronic screen,电子[萤光]屏,,2014-05-14
2045116,electronic seismograph,电子地震仪,,2014-05-14
2045117,electronic simulator,电子模拟器,,2014-05-14
2045118,electronic sorter,电子分类机；电子分类器,,2014-05-14
2045119,electronic telescope,电子式望远镜,,2014-05-14
2045120,electronic thermostat,电子恒温器,,2014-05-14
2045121,electronic thickness gage,电子测厚仪,,2014-05-14
2045122,electronic thickness gauge,电子测厚仪,,2014-05-14
2045123,electronic torque meter,电子扭矩仪,,2014-05-14
2045124,electronic tracer,电子示踪器,,2014-05-14
2045125,electronic tube,电子管,,2014-05-14
2045126,electronic video recorder,电子录影机,,2014-05-14
2045127,electrooptical beam splitter,电光分光镜,,2014-05-14
2045128,electrooptical deflector,电光偏转器,,2014-05-14
2045129,electrooptical detector,电光侦检器,,2014-05-14
2045130,electroosmotic driver,电渗透驱动器,,2014-05-14
2045131,electrophoresis apparatus,电泳装置,,2014-05-14
2045132,electrophoresis cell,电泳槽,,2014-05-14
2045133,electrophoresis scanner,电泳扫描器,,2014-05-14
2045134,electrophoretic display device {= EDP},电泳显示器,,2014-05-14
2045135,electrophorus,起电盘,,2014-05-14
2045136,electrophotometer,光电光度计,,2014-05-14
2045137,electroplating bath,电镀浴；电镀槽,,2014-05-14
2045138,electropneumatic relay,电子气动继电器；电子气动替续器,,2014-05-14
2045139,electropneumatic switch,电动气动开关；电动气动切换器,,2014-05-14
2045140,electropsychrometer,电湿度计,,2014-05-14
2045141,electropyrometer,电阻高温计,,2014-05-14
2045142,electroscope,验电器,,2014-05-14
2045143,electrostatic accelerator,静电加速器,,2014-05-14
2045144,electrostatic acoustical instrument,静电声学仪器,,2014-05-14
2045145,electrostatic actuator,静电致动器；静电激发器,,2014-05-14
2045146,electrostatic altimeter,静电高度计,,2014-05-14
2045147,electrostatic analyzer,静电分析仪,,2014-05-14
2045148,electrostatic cleaner,静电除尘器,,2014-05-14
2045149,electrostatic condenser,静电电容器,,2014-05-14
2045150,electrostatic coupler,静电偶合器,,2014-05-14
2045151,electrostatic dust precipitator,静电集尘器,,2014-05-14
2045152,electrostatic duster,静电撒粉器,,2014-05-14
2045153,electrostatic electron lens,静电电子透镜,,2014-05-14
2045154,electrostatic electron microscope,静电电子显微镜,,2014-05-14
2045155,electrostatic filter,静电过滤器,,2014-05-14
2045156,electrostatic fluxmeter,静电通量计,,2014-05-14
2045157,electrostatic force microscope {= EFM},静电力显微镜,,2014-05-14
2045158,electrostatic galvanometer,静电电流计,,2014-05-14
2045159,electrostatic generator,静电发电机,,2014-05-14
2045160,electrostatic gyroscope,静电陀螺仪；静电回转仪,,2014-05-14
2045161,electrostatic lens,静电透镜,,2014-05-14
2045162,electrostatic loudspeaker,静电扬声器,,2014-05-14
2045163,electrostatic machine,静电起电机,,2014-05-14
2045164,electrostatic microphone,电容传声器；静电传声器,,2014-05-14
2045165,electrostatic microscope,静电显微镜,,2014-05-14
2045166,electrostatic oscillograph,静电示波器,,2014-05-14
2045167,electrostatic precipitator,静电沉淀器；静电集尘器,,2014-05-14
2045168,electrostatic separator,静电分离器,,2014-05-14
2045169,electrostatic shield,静电屏,,2014-05-14
2045170,electrostatic storage tube,静电储存管,,2014-05-14
2045171,electrostatic transducer,静电[信号]转换器；电容[信号]转换器,,2014-05-14
2045172,electrostatic voltmeter,静电电压计；静电伏特计,,2014-05-14
2045173,electrostatic wattmeter,静电瓦特计,,2014-05-14
2045174,electrothermal atomizer,电热原子化器,,2014-05-14
2045175,electrothermal furnace,电热炉,,2014-05-14
2045176,electrothermal voltmeter,电热电压计；电热伏特计,,2014-05-14
2045177,electrotube,电子管,,2014-05-14
2045178,electroviscometer,电黏度计,,2014-05-14
2045179,electroviscosimeter,电黏度计,,2014-05-14
2045180,Elema furnace,碳化矽[棒]高温炉；爱玛炉,,2014-05-14
2045181,elemental analyzer,元素分析仪,,2014-05-14
2045182,element-selective detector,元素选择性侦检器,,2014-05-14
2045183,elevator,升降机,,2014-05-14
2045184,Elliot tester,艾略特[闪电]测定器,,2014-05-14
2045185,ellipsoidal mirror,椭球[面]镜,,2014-05-14
2045186,ellipsoidal reflector,椭球反射镜；椭球反射器,,2014-05-14
2045187,ellipsometer,椭圆偏光计；椭圆偏光仪,,2014-05-14
2045188,elliptic trammels,椭圆规,,2014-05-14
2045189,Elmo pump,爱尔莫真空泵,,2014-05-14
2045190,Elmore continuous centrifuge,艾耳莫连续离心机,,2014-05-14
2045191,elongation meter,伸长计,,2014-05-14
2045192,elongation ruler,伸长量尺,,2014-05-14
2045193,elutriator,淘析器,,2014-05-14
2045194,emanation electroscope,放射性验电器,,2014-05-14
2045195,emanator,射气测量器；射气测量计,,2014-05-14
2045196,emanometer,射气计；射气仪,,2014-05-14
2045198,emergency governor,紧急调速器,,2014-05-14
2045199,emergency switch,紧急开关,,2014-05-14
2045200,Emerson beater,艾默生打浆机,,2014-05-14
2045201,Emerson calorimeter,艾默生卡计,,2014-05-14
2045202,emery wheel,砂轮,,2014-05-14
2045204,emission cell,发射光电管,,2014-05-14
2045205,emission detector,发射侦检器,,2014-05-14
2045206,emission electron microscope,发射电子显微镜,,2014-05-14
2045207,emission regulator,发射调节器,,2014-05-14
2045208,emission spectrograph,发射摄谱仪,,2014-05-14
2045209,emission spectrometer,发射[光]谱仪,,2014-05-14
2045210,emission spectrophotometer,发射分光光度计；发射光谱仪,,2014-05-14
2045211,emission spectroscope,发射分光镜；发射分光仪,,2014-05-14
2045212,emitron,光电摄影管,,2014-05-14
2045213,emitron camera,光电摄像管照相机,,2014-05-14
2045214,emulsifier,乳化器,,2014-05-14
2045215,emulsion machine,乳化机,,2014-05-14
2045216,enamel drier,搪瓷干燥器；搪瓷干燥室,,2014-05-14
2045217,enamel furnace,搪瓷炉,,2014-05-14
2045218,enamelled resistor,珐瑯电阻器,,2014-05-14
2045219,enclosed switch,封闭式开关,,2014-05-14
2045220,end cell,末端电池 {调节电池},,2014-05-14
2045221,end-window counter,端窗计数器,,2014-05-14
2045222,end-window G-M tube,端窗G-M计数管,,2014-05-14
2045223,energy absorber,能量吸收器,,2014-05-14
2045224,energy converter,能量转换器,,2014-05-14
2045225,energy dispersive spectrometer {= EDS},能量分散[式]光谱仪,,2014-05-14
2045226,energy dispersive X-ray spectrometer {= EDS; EDX},X射线能量散布分析仪,,2014-05-14
2045227,energy exchanger,能量交换器,,2014-05-14
2045228,energy meter,能量计；电[度]表；火表；积算电力计,,2014-05-14
2045229,engine,引擎；发动机,,2014-05-14
2045230,Engler flask,恩戈勒烧瓶,,2014-05-14
2045231,Engler viscometer,恩戈勒黏度计,,2014-05-14
2045232,Engler viscosimeter,恩戈勒黏度计,,2014-05-14
2045233,enhanced reactor,强化反应器,,2014-05-14
2045234,enlarging adapter,加大应接器,,2014-05-14
2045235,enriched-fuel reactor,浓缩燃料反应器；浓化燃料反应器,,2014-05-14
2045236,enriched-uranium reactor,浓缩铀反应器；浓化铀反应器,,2014-05-14
2045237,entrainment separator,雾沫分离器,,2014-05-14
2045238,entrainment trap,雾沫阱,,2014-05-14
2045239,envelope oscilloscope,包络示波器,,2014-05-14
2045240,envelope threshold detector,包络低限侦检器,,2014-05-14
2045241,enzyme electrode,酵素电极；酶电极,,2014-05-14
2045242,enzyme immunoassay analyzer {= EIA},酵素免疫分析仪,,2014-05-14
2045243,enzyme-selective detector,酶选择性侦检器,,2014-05-14
2045244,EPD {electrophoretic display device},电泳显示器,,2014-05-14
2045246,epidiascope,两用投影机,,2014-05-14
2045247,episcope,实体投影机,,2014-05-14
2045248,episcotister,减光盘,,2014-05-14
2045249,epithermal reactor,超热[中子]反应器,,2014-05-14
2045250,epithermal thorium reactor,超热[能]钍反应器,,2014-05-14
2045252,equality-of-brightness photometer,等亮度光度计,,2014-05-14
2045253,equalization tank,均化槽,,2014-05-14
2045254,equalizer,均衡器；均质器；均压器；补偿器,,2014-05-14
2045255,equatorial instrument,赤道仪,,2014-05-14
2045256,equilizer,平衡器,,2014-05-14
2045257,equivalent lens,等焦透镜,,2014-05-14
2045258,equivalent valve,等效[电子]阀,,2014-05-14
2045259,eradicator,刮肉机；刮除机,,2014-05-14
2045260,erase oscillator,消讯振荡器,,2014-05-14
2045261,erasing head,消讯磁头,,2014-05-14
2045262,erect image telescope,正像望远镜,,2014-05-14
2045263,erect image view finder,正像检像器,,2014-05-14
2045264,erecting eyepiece,正像目镜,,2014-05-14
2045265,erecting lens,正像透镜,,2014-05-14
2045266,erecting prism,正像棱镜,,2014-05-14
2045267,ergograph,测功器；测力器,,2014-05-14
2045268,ergometer,测功计；测力计,,2014-05-14
2045269,eriometer,绕射测微计；绕射测微器,,2014-05-14
2045270,Erlenmeyer flask,[厄氏]锥形瓶；锥形烧瓶,,2014-05-14
2045272,Esaki diode,江崎二极体,,2014-05-14
2045273,ESCA {electron spectroscopy for chemical analysis} spectrometer,化学分析电子[能]谱仪,,2014-05-14
2045274,escape pipe,排泄管；排水管；排气管,,2014-05-14
2045275,ESI-MS {electrospray ionization mass spectrometer},电喷洒游离质谱仪,,2014-05-14
2045277,ESR spectrometer,电子自旋共振[光]谱仪,,2014-05-14
2045278,etalon,[光干涉仪]标准具,,2014-05-14
2045279,etching machine,蚀刻机,,2014-05-14
2045280,ether thermoscope,醚验温器,,2014-05-14
2045281,eudiometer,[燃气]量气管；测气计,,2014-05-14
2045282,eutectometer,共熔点测定计,,2014-05-14
2045283,evaporating dish,蒸发皿,,2014-05-14
2045284,evaporation pan,蒸发锅,,2014-05-14
2045285,evaporative condenser,蒸发冷凝器,,2014-05-14
2045286,evaporative crystallizer,蒸发结晶器,,2014-05-14
2045287,evaporator,蒸发器,,2014-05-14
2045288,evaporimeter,蒸发计,,2014-05-14
2045289,event-related potential recorder and stimulator {= ERP recorder and stimulator},诱导电位记录及刺激器,,2014-05-14
2045290,exchange column,交换管柱,,2014-05-14
2045291,exchange register,交换暂存器,,2014-05-14
2045292,excimer laser,准分子雷射；激生分子雷射,,2014-05-14
2045293,exciter,激发器；激磁机,,2014-05-14
2045294,excitron,[激弧]汞整流管,,2014-05-14
2045295,exhaust gas analyzer,排气分析器,,2014-05-14
2045296,exhaust gas scrubber,排气洗涤器,,2014-05-14
2045297,exhaust pipe,排气管,,2014-05-14
2045298,exhaust steam separator,排汽分离器,,2014-05-14
2045299,exhaust-driven supercharger,排气驱动增压器,,2014-05-14
2045300,exhauster,排气机,,2014-05-14
2045301,exit tube,排气管,,2014-05-14
2045302,expander,膨胀器；扩张器；膨胀机,,2014-05-14
2045303,expansion chamber,膨胀室,,2014-05-14
2045304,expansion circuit breaker,膨胀断[电]路器,,2014-05-14
2045305,expansion gage,膨胀计,,2014-05-14
2045306,expansion gauge,膨胀计,,2014-05-14
2045307,expansion indicator,膨胀指示器,,2014-05-14
2045308,expansion pyrometer,膨胀高温计,,2014-05-14
2045309,expansion tank,膨胀槽,,2014-05-14
2045310,expansion thermometer,膨胀温度计,,2014-05-14
2045311,experiment table,实验台,,2014-05-14
2045312,explosimeter,测爆计,,2014-05-14
2045313,explosion bomb,[密闭]爆炸器,,2014-05-14
2045314,explosion chamber,爆发室[断路器],,2014-05-14
2045315,explosion chamber breaker,消弧室断路器；爆发室断路器,,2014-05-14
2045316,explosion pipet,爆炸球管,,2014-05-14
2045317,explosion pipette,爆炸球管,,2014-05-14
2045318,explosion tube,爆炸管,,2014-05-14
2045319,explosion-proof stirrer,防爆式搅拌器,,2014-05-14
2045320,exponential horn,指数喇叭,,2014-05-14
2045321,exposure meter,曝光计,,2014-05-14
2045322,exsiccator,干燥器,,2014-05-14
2045323,extensimeter,伸长计,,2014-05-14
2045324,extensometer,伸长计,,2014-05-14
2045325,exterior focusing telescope,外调焦对光望远镜,,2014-05-14
2045326,external cathode counter,外阴极计数器,,2014-05-14
2045327,external cavity tube,外腔管；外腔[放电]管,,2014-05-14
2045328,external combustion engine,外燃机,,2014-05-14
2045329,external focusing telescope,外调焦对光望远镜,,2014-05-14
2045330,external gage,外径规,,2014-05-14
2045331,external gauge,外径规,,2014-05-14
2045332,external gear pump,外齿轮泵,,2014-05-14
2045333,external lock system,外锁系统,,2014-05-14
2045334,external storage,外储存器,,2014-05-14
2045335,extinction meter,消光[式曝光]计,,2014-05-14
2045336,extinguisher,灭火器,,2014-05-14
2045337,extracorporeal shock wave lithotriptor,体外震波碎石机,,2014-05-14
2045338,extraction battery,萃取器组,,2014-05-14
2045339,extraction thimble,萃取套筒,,2014-05-14
2045340,extraction tower,萃取塔,,2014-05-14
2045341,extractive FTIR,抽气式傅立叶转换红外光谱仪；抽气式FTIR,,2014-05-14
2045342,extractor,萃取器,,2014-05-14
2045343,extremely low frequency electromagnetic field monitor,极低频电磁场检测仪,,2014-05-14
2045344,extruder,挤压机；挤制机,,2014-05-14
2045345,extrusion press,挤压机,,2014-05-14
2045346,eye dropper,滴管,,2014-05-14
2045347,eye lens,[接]目镜,,2014-05-14
2045348,eye protector,护目镜,,2014-05-14
2045349,eye shield,护目罩；防护眼镜,,2014-05-14
2045350,eyeglass,眼镜；[接]目镜,,2014-05-14
2045351,eyepiece,[接]目镜,,2014-05-14
2045352,Eykman depressimeter,厄克曼凝固点降低计,,2014-05-14
2045353,Faber viscometer,法伯黏度计,,2014-05-14
2045354,Faber viscosimeter,法伯黏度计,,2014-05-14
2045356,fabric filter,织物过滤器,,2014-05-14
2045357,Fabry-Pérot amplifier,法布立-培若放大器,,2014-05-14
2045358,Fabry-Pérot etalon,法布立-培若标准具{干涉仪},,2014-05-14
2045359,face guard,面罩；防护面具,,2014-05-14
2045360,face mask,面罩,,2014-05-14
2045361,face shield,面罩,,2014-05-14
2045362,facepiece,面罩,,2014-05-14
2045363,faceplate starter,控电板起动器,,2014-05-14
2045364,faceted lens,多面体透镜,,2014-05-14
2045365,faceted mirrors,组合反射镜；多面反射镜,,2014-05-14
2045366,facsimile,传真机,,2014-05-14
2045367,facsimile printer,传真机,,2014-05-14
2045368,fadeometer,褪色计,,2014-05-14
2045369,Fahrenheit hydrometer,华氏比重计,,2014-05-14
2045370,Fahrenheit thermometer,华氏温度计,,2014-05-14
2045371,falling body,落体,,2014-05-14
2045372,falling body viscometer,落体黏度计,,2014-05-14
2045373,falling body viscosimeter,落体黏度计,,2014-05-14
2045374,falling film type absorber,落膜式吸收器,,2014-05-14
2045375,falling needle viscometer,落针黏度计,,2014-05-14
2045376,falling needle viscosimeter,落针黏度计,,2014-05-14
2045377,falling sphere viscometer,落球黏度计,,2014-05-14
2045378,falling sphere viscosimeter,落球黏度计,,2014-05-14
2045379,falling-ball viscometer,落球黏度计,,2014-05-14
2045380,falling-ball viscosimeter,落球黏度计,,2014-05-14
2045381,fallout detector,落尘侦检器,,2014-05-14
2045382,fallout meter,落尘[剂量]计,,2014-05-14
2045383,false bottom retort,假底甑,,2014-05-14
2045384,fan atomizer,扇形喷雾器,,2014-05-14
2045385,fan blade,扇叶,,2014-05-14
2045386,fan blower,扇[形鼓]风机,,2014-05-14
2045387,fan dynamometer,风扇测力计；风扇功率计,,2014-05-14
2045388,fan ventilator,风扇通风器,,2014-05-14
2045389,fantom antenna,幻像天线,,2014-05-14
2045390,fan-ventilated motor,风扇冷却电动机；风扇冷却马达,,2014-05-14
2045391,Faraday cylinder,法拉第圆筒,,2014-05-14
2045392,Faraday tube,法拉第管,,2014-05-14
2045393,faradmeter,法拉计；电容计,,2014-05-14
2045394,far-field scanning optical microscope {= FSOM},远场扫描光学显微镜,,2014-05-14
2045395,far-infrared detector,远红外[线]侦检器,,2014-05-14
2045396,far-infrared interferometer,远红外干涉仪,,2014-05-14
2045397,Farnsworth image dissector,法斯沃析像器,,2014-05-14
2045398,fast atom bombardment mass spectrometer {= FAB-MS},快速原子撞击质谱仪,,2014-05-14
2045399,fast bolometer,快速辐射热计,,2014-05-14
2045400,fast breeder,快滋生器,,2014-05-14
2045401,fast breeder reactor {= FBR},快滋生反应器,,2014-05-14
2045402,fast chopper neutron spectrometer,快斩取器中子谱仪；快斩选择中子谱仪,,2014-05-14
2045403,fast neutron spectrometer,快中子谱仪,,2014-05-14
2045404,fast plutonium reactor,快钸反应器,,2014-05-14
2045405,fast reactor,快[中子]反应器,,2014-05-14
2045406,fast relay,快速继电器,,2014-05-14
2045407,fast-response probe,灵敏探针,,2014-05-14
2045408,fathometer,水深计,,2014-05-14
2045409,fatigue impact test machine,疲劳冲撃试验机；疲乏冲撃试验机,,2014-05-14
2045410,fatigue test machine,疲劳试验机；疲乏试验器,,2014-05-14
2045411,fatigue tester,疲劳试验机；疲乏试验器,,2014-05-14
2045412,faucet,管接口；水龙头,,2014-05-14
2045413,fault detector,故障侦检器,,2014-05-14
2045414,fault finder,故障检查器,,2014-05-14
2045415,fault indicator,故障指示器,,2014-05-14
2045416,fault localizer,故障点探测器；故障局限器,,2014-05-14
2045417,fault locator,故障位置测定器,,2014-05-14
2045418,FAX,传真机,,2014-05-14
2045419,FBR {= fast breeder reactor},快滋生反应器,,2014-05-14
2045420,feather edged file,菱形锉刀；薄边锉,,2014-05-14
2045421,feather valve,弹性阀,,2014-05-14
2045422,feed pump,进料泵,,2014-05-14
2045423,feed regulator,进料调节器,,2014-05-14
2045424,feed roller,进料辊；进料滚筒,,2014-05-14
2045425,feed tank,进料槽,,2014-05-14
2045426,feed water filter,给水过滤器,,2014-05-14
2045427,feed water pump,给水泵,,2014-05-14
2045428,feedback amplifier,回馈放大器；反馈放大器,,2014-05-14
2045429,feedback controller,回馈控制器,,2014-05-14
2045430,feedback counter,回馈计数器,,2014-05-14
2045431,feedback filter,回馈滤波器,,2014-05-14
2045432,feedback oscillator,回馈振荡器,,2014-05-14
2045433,feedback relay amplifier,回馈继电放大器,,2014-05-14
2045434,feedback transmitter,回馈传送机,,2014-05-14
2045435,feedback-stabilized amplifier,回馈稳定[化]放大器,,2014-05-14
2045436,feeder,进料器；饲机,,2014-05-14
2045437,feeder reactor,馈线电抗器；馈反应器,,2014-05-14
2045438,feeding pump,进料泵,,2014-05-14
2045439,feedwater filter,给水过滤器,,2014-05-14
2045440,feeler gage,厚薄规；测隙规,,2014-05-14
2045441,feeler gauge,厚薄规；测隙规,,2014-05-14
2045442,feeler microscope,接触式显微镜,,2014-05-14
2045443,felt deadener,毛毡消音器,,2014-05-14
2045444,felt filter,毡滤器,,2014-05-14
2045445,felt suction box,毡吸箱,,2014-05-14
2045447,fermentation cellar,发酵窖,,2014-05-14
2045448,fermentation chamber,发酵室,,2014-05-14
2045449,fermentation tank,发酵槽,,2014-05-14
2045450,fermentation tube,发酵管,,2014-05-14
2045451,fermentation vat,发酵缸,,2014-05-14
2045452,fermenter,发酵槽,,2014-05-14
2045453,Fermi accelerator,费米加速器,,2014-05-14
2045454,ferrite circulator,铁氧体循环器,,2014-05-14
2045455,ferrite isolator,铁氧体隔离器,,2014-05-14
2045456,ferroelectric amplifier,铁电放大器,,2014-05-14
2045457,ferromagnetic amplifier,铁磁放大器,,2014-05-14
2045458,ferromagnetic body,铁磁体,,2014-05-14
2045459,ferromagnetic modulator,铁磁调制器,,2014-05-14
2045460,Fery pyrometer,费里高温计,,2014-05-14
2045461,Fery total radiation pyrometer,费里总辐射高温计,,2014-05-14
2045463,Fessenden oscillator,菲生登振荡器,,2014-05-14
2045468,fiber board,纤维板,,2014-05-14
2045469,fiber electrometer,悬丝静电计；弦线静电计,,2014-05-14
2045470,fiber electroscope,弦线验电器,,2014-05-14
2045471,fiber laser,纤维雷射,,2014-05-14
2045472,fiber-optic coupler,纤维光学偶合器,,2014-05-14
2045473,fiber-optic memory,纤维光学记忆器,,2014-05-14
2045474,fiber-optic scanner,纤维光学扫描器,,2014-05-14
2045475,fiberscope,纤维镜,,2014-05-14
2045476,field camera,外景摄影机；轻便摄影机,,2014-05-14
2045477,field control motor,磁场控制电动机；磁场控制马达,,2014-05-14
2045478,field desorption microscope,场脱附显微镜,,2014-05-14
2045479,field discharge switch,[磁]场放电开关,,2014-05-14
2045480,field emission microscope {= FEM},场发射显微镜,,2014-05-14
2045481,field emission scanning electron microscope {= FESEM},场发射扫描电子显微镜,,2014-05-14
2045482,field emission transmission electron microscope {= FETEM},场发射穿透电子显微镜,,2014-05-14
2045483,field glass,视场透镜,,2014-05-14
2045484,field glasses,望远镜,,2014-05-14
2045485,field intensity meter,场强度计,,2014-05-14
2045486,field ion emission microscope,场离子发射显微镜,,2014-05-14
2045487,field ion microscope {= FIM},场离子显微镜,,2014-05-14
2045488,field lens,视场[透]镜,,2014-05-14
2045489,field magnet,场磁体；场磁铁,,2014-05-14
2045490,field regulator,磁场调节器,,2014-05-14
2045491,field rheostat,[磁]场变阻器,,2014-05-14
2045492,field spool,磁场络管,,2014-05-14
2045493,field strength meter,场强度计,,2014-05-14
2045494,field tube,场管,,2014-05-14
2045495,field-flow fractionation separator {= FFF separator},场流分离仪；场流分离系统,,2014-05-14
2045496,filament battery,灯丝电池组；A电池组,,2014-05-14
2045497,filament battery,灯丝电池组；A电池组,,2014-05-14
2045498,filament pyrometer,灯丝高温计,,2014-05-14
2045499,filament rheostat,灯丝变阻器,,2014-05-14
2045500,filament transformer,灯丝变压器,,2014-05-14
2045501,filament winder,绕丝机,,2014-05-14
2045502,filamentary transistor,丝形电晶体,,2014-05-14
2045503,filar micrometer,游丝测微计,,2014-05-14
2045504,file drum,储存磁鼓,,2014-05-14
2045505,filings coherer,锉屑检波器,,2014-05-14
2045506,fillet chronograph,纸带计时仪；纸带记时仪,,2014-05-14
2045507,filling funnel,注液漏斗,,2014-05-14
2045508,filling machine,装填机,,2014-05-14
2045509,film badge,胶片佩章,,2014-05-14
2045510,film capacitor,薄膜电容器,,2014-05-14
2045511,film cutout,薄膜断流器；薄膜切断器,,2014-05-14
2045512,film dosimeter,胶片剂量计,,2014-05-14
2045513,film drier,薄膜干燥器,,2014-05-14
2045514,film evaporator,薄膜蒸发器,,2014-05-14
2045515,film memory,薄膜记忆器,,2014-05-14
2045516,film optical sensing device,胶片光感器,,2014-05-14
2045517,film projector,电影放映机,,2014-05-14
2045518,film reader,[微]胶卷阅读机,,2014-05-14
2045519,film recorder,录影机；录音机,,2014-05-14
2045520,film resistance meter,薄膜阻力计,,2014-05-14
2045521,film sound recorder,胶片录音机,,2014-05-14
2045522,film tester,膜试验器,,2014-05-14
2045523,filmgraph,胶片录音设备,,2014-05-14
2045524,film-type detector,膜式侦检器,,2014-05-14
2045525,film-type evaporator,液膜蒸发器；膜式蒸发器,,2014-05-14
2045526,filter amplifier,滤波放大器,,2014-05-14
2045527,filter box,滤箱,,2014-05-14
2045528,filter compressor,过滤器压缩机,,2014-05-14
2045529,filter cone,滤锥,,2014-05-14
2045530,filter crucible,过滤坩埚,,2014-05-14
2045531,filter diaphragm cell,滤膜电解池,,2014-05-14
2045532,filter disc,滤片,,2014-05-14
2045533,filter drum,滤桶,,2014-05-14
2045534,filter flask,过滤瓶,,2022-07-15
2045535,filter funnel,过滤漏斗,,2014-05-14
2045536,filter glass,滤光玻璃,,2014-05-14
2045537,filter impedance compensator,滤波器阻抗补偿器,,2014-05-14
2045538,filter lens,滤光透镜,,2014-05-14
2045539,filter oscillator,滤光振荡器,,2014-05-14
2045540,filter photometer,滤光光度计,,2014-05-14
2045541,filter pocket,滤袋,,2014-05-14
2045542,filter press,压滤机,,2014-05-14
2045543,filter pump,[过]滤泵,,2014-05-14
2045544,filter screen,滤网,,2014-05-14
2045545,filter sheet,滤板,,2014-05-14
2045546,filter stand,漏斗架,,2014-05-14
2045547,filter tank,过滤槽,,2014-05-14
2045548,filter tube,滤管,,2014-05-14
2045549,filtering candle,滤筒,,2014-05-14
2045550,filtering crucible,过滤坩埚,,2014-05-14
2045551,filtering flask,过滤瓶,,2022-07-15
2045552,filtering frame,滤框,,2014-05-14
2045553,filtering funnel,过滤漏斗,,2014-05-14
2045554,filtering jar,滤缸,,2014-05-14
2045555,filterplexer,吸音器,,2014-05-14
2045556,FIM {= field ion microscope},场离子显微镜,,2014-05-14
2045557,finder adapter,前附透镜；瞄准镜,,2014-05-14
2045558,finder hood,瞄准装置遮光罩,,2014-05-14
2045559,finder lens,探测器透镜,,2014-05-14
2045560,finder telescope,瞄准望远镜,,2014-05-14
2045561,fine balance,精密天平,,2014-05-14
2045562,fine crusher,细[级]压碎机,,2014-05-14
2045563,fine file,细锉,,2014-05-14
2045564,fine filter,精细滤器,,2014-05-14
2045565,fine pulverizer,精细粉碎机；细级粉碎机,,2014-05-14
2045566,fine screen,精筛,,2014-05-14
2045567,fine-focus X-ray tube,细焦X射线管,,2014-05-14
2045568,finger cathode,指状阴极,,2014-05-14
2045569,finimeter,储量计；储氧计,,2014-05-14
2045570,finishing machine,整理机,,2014-05-14
2045571,finned cooler,鳍片冷却器,,2014-05-14
2045572,finned radiator,鳍片散热器,,2014-05-14
2045573,finned tube,鳍片管,,2014-05-14
2045574,finsen lamp,水银灯,,2014-05-14
2045575,fire alarm,火警警报器,,2014-05-14
2045576,fire annihilator,灭火器,,2014-05-14
2045577,fire cock,消防栓,,2014-05-14
2045578,fire detector,火警侦检器,,2014-05-14
2045579,fire extinguisher,灭火器,,2014-05-14
2045580,fire foam producing machine,灭火泡沫发生器,,2014-05-14
2045581,fire hydrant,消防栓,,2014-05-14
2045582,fire lighter,点火器,,2014-05-14
2045583,fire mask,消防面罩,,2014-05-14
2045584,fire pump,消防泵,,2014-05-14
2045585,fire sprinkler,消防洒水器,,2014-05-14
2045586,fire valve,灭火阀,,2014-05-14
2045587,fireclay crucible,耐火坩埚,,2014-05-14
2045588,firewarning light,火警灯,,2014-05-14
2045589,firing box,燃烧室；燃烧箱,,2014-05-14
2045590,firing chamber,燃烧室,,2014-05-14
2045591,first-aid box,急救箱,,2014-05-14
2045592,first-aid cabinet,急救箱；急救柜,,2014-05-14
2045593,first-aid case,急救箱,,2014-05-14
2045594,first-aid kit,急救[药]箱,,2014-05-14
2045595,fish tail,鱼尾灯头,,2014-05-14
2045596,Fisher subsieve sizer,费氏微筛分粒器,,2014-05-14
2045597,fish-eye camera,鱼眼照相机；水中照相机,,2014-05-14
2045598,fission chamber,裂变室；核分裂室,,2014-05-14
2045599,fission counter,裂变计数器；核分裂计数器,,2014-05-14
2045600,fitting,配件；接头,,2014-05-14
2045601,five-electrode tube,五极管,,2014-05-14
2045602,fixed bed,固定床,,2014-05-14
2045603,fixed bed reactor,固定床反应器,,2014-05-14
2045604,fixed type bar,固定印字杆,,2014-05-14
2045605,fixed-bed absorber,固定床吸收器,,2014-05-14
2045606,fixed-bed adsorber,固定床吸附器,,2014-05-14
2045607,fixed-bed catalytic reactor,固定床催化反应器,,2014-05-14
2045608,fixed-bed reactor,固定床反应器,,2014-05-14
2045609,fixed-focus camera,定焦[距]摄影机,,2014-05-14
2045610,fixed-focus lens,定焦[距]透镜,,2014-05-14
2045611,fixed-frequency filter,固定频率滤波器,,2014-05-14
2045612,fixed-tuned amplifier,固定调谐放大器,,2014-05-14
2045613,fixing bath,定影浴,,2014-05-14
2045614,fixture,夹具,,2014-05-14
2045615,Fizeau interferometer,菲左干涉仪,,2014-05-14
2045616,flaker,刨片机,,2014-05-14
2045617,flaking machine,刨片机,,2014-05-14
2045618,flame arc lamp,弧光灯,,2014-05-14
2045619,flame arrester,消燄器,,2014-05-14
2045620,flame damper,消燄器,,2014-05-14
2045621,flame detector,火焰侦检器,,2014-05-14
2045622,flame gun,喷火枪,,2014-05-14
2045623,flame ignitor,点火器,,2014-05-14
2045624,flame ionization detector {= FID},火焰游离侦检器,,2014-05-14
2045625,flame ionization gage,火焰游离计,,2014-05-14
2045626,flame ionization gauge,火焰游离计,,2014-05-14
2045627,flame lighter,点火器,,2014-05-14
2045628,flame photometer,火焰光度计,,2014-05-14
2045629,flame photometric detector,火焰光度侦检器,,2014-05-14
2045630,flame projector,火焰喷射器,,2014-05-14
2045631,flame reflector,火焰反射器,,2014-05-14
2045632,flame safety-lamp,安全灯,,2014-05-14
2045633,flame spectrometer,火焰分光计；火焰光谱仪,,2014-05-14
2045634,flame sprayer,喷焰器,,2014-05-14
2045635,flame spreader,火焰扩张器,,2014-05-14
2045636,flame temperature detector,火焰温度侦检器,,2014-05-14
2045637,flame thermionic detector,火焰热离子侦检器,,2014-05-14
2045638,flame thermocouple detector,火焰热电偶侦检器,,2014-05-14
2045639,flame thrower,火焰喷射器,,2014-05-14
2045640,flame tube,焰管,,2014-05-14
2045641,flameless burner,无焰灯；非火焰灯,,2014-05-14
2045642,flameless ionization detector,非[火]焰游离侦检器；无[火]焰游离侦检器,,2014-05-14
2045643,flame-proof electric motor,防焰电动机；防焰马达,,2014-05-14
2045644,flame-proof motor,防焰电动机；防焰马达,,2014-05-14
2045645,flame-proof switch,防焰开关,,2014-05-14
2045646,flame-proof transformer,防焰变压器,,2014-05-14
2045647,flamer,火焰喷射器,,2014-05-14
2045648,flange,法兰；凸缘,,2014-05-14
2045649,flanged radiator,法兰散热器；凸缘散热器,,2014-05-14
2045650,flanged tube,法兰管；凸缘管,,2014-05-14
2045651,flap attenuator,叶片衰减器,,2014-05-14
2045652,flared top adapter,广顶应接器,,2014-05-14
2045653,flaring horn,蜿展喇叭,,2014-05-14
2045654,flaring tube,蜿展管,,2014-05-14
2045655,flash bulb,闪光灯；镁光灯,,2014-05-14
2045656,flash chamber,骤沸室,,2014-05-14
2045657,flash column,骤沸塔,,2014-05-14
2045658,flash condenser,骤沸冷凝器,,2014-05-14
2045659,flash distillation column,骤馏塔,,2014-05-14
2045660,flash drier,骤干器,,2014-05-14
2045661,flash film evaporator,[急]骤[薄]膜蒸发器,,2014-05-14
2045662,flash heater,急速加热器,,2014-05-14
2045663,flash lamp,闪光灯,,2014-05-14
2045664,flash pasteurizer,瞬间杀菌器,,2014-05-14
2045665,flash point apparatus,闪[火]点测定器,,2014-05-14
2045666,flash point tester,闪[火]点测定器；闪点测定仪,,2014-05-14
2045667,flash tank,瞬间蒸发槽；膨胀箱,,2014-05-14
2045668,flasher,闪烁光源；闪光器,,2014-05-14
2045669,flashing chamber,骤沸室,,2014-05-14
2045670,flashing discharge tube,闪光放电管,,2014-05-14
2045671,flashing indicator,闪光指示器,,2014-05-14
2045672,flashing-discharging tube,闪光放电管,,2014-05-14
2045673,flashlight,手电筒；闪光灯,,2014-05-14
2045674,flask,烧瓶,,2014-05-14
2045675,flat bed plotter,平板绘图仪,,2014-05-14
2045676,flat bottom ampoule,平底安瓿,,2014-05-14
2045677,flat bottom ampul,平底安瓿,,2014-05-14
2045678,flat bottom flask,平底烧瓶,,2014-05-14
2045679,flat clamp,平压夹,,2014-05-14
2045680,flat file,扁锉,,2014-05-14
2045681,flat tongs,平口钳,,2014-05-14
2045682,flat valve,平阀,,2014-05-14
2045683,flat-crystal spectrometer,平面晶体光谱仪,,2014-05-14
2045684,flat-image amplifier,平面影像放大器,,2014-05-14
2045685,flatness measuring instrument,平度测量仪,,2014-05-14
2045686,flatter generator,噪音发生器,,2014-05-14
2045687,flaw detector,[金属]探伤器；探瑕仪,,2014-05-14
2045688,Fleming tube,夫来明管,,2014-05-14
2045689,Fleming valve,夫来明[电子]管；夫来明阀,,2014-05-14
2045690,flexible connector,可挠连接器,,2014-05-14
2045691,flexible coupling,活动接头；挠性接头,,2014-05-14
2045692,flexible fuel tank,挠性燃料桶,,2014-05-14
2045693,flexible hose,可挠软管,,2014-05-14
2045694,flexible joint,活动接头；挠性接头,,2014-05-14
2045695,flexible lubricator,挠性润滑器,,2014-05-14
2045696,flexible metal hose,可挠金属软管,,2014-05-14
2045697,flexible metal tubing,[耐]挠性金属软管,,2014-05-14
2045698,flexible metallic conduit,可挠金属导管,,2014-05-14
2045699,flexible metallic tubing,挠性金属管,,2014-05-14
2045700,flexible pin coupling,可挠梢子联结器,,2014-05-14
2045701,flexible pipe,挠性管,,2014-05-14
2045702,flexible pipe coupling,挠性管节,,2014-05-14
2045703,flexible piping union,挠性管活节,,2014-05-14
2045704,flexible rule,卷尺,,2014-05-14
2045705,flexible steam pipe,挠性蒸汽管,,2014-05-14
2045706,flexible steel wire rope,柔软钢丝索,,2014-05-14
2045707,flexible tube,挠性管,,2014-05-14
2045708,flexible tube valve,挠性管用阀,,2014-05-14
2045709,flexible waveguide,挠性波导管,,2014-05-14
2045710,flexible-hose pump,挠性软管泵；无脉动泵,,2014-05-14
2045711,flexi-disc adapter,伸缩圆盘应接器,,2014-05-14
2045712,flexing machine,挠曲试验机,,2014-05-14
2045713,flexion spring,挠曲计,,2014-05-14
2045714,flexometer,挠度计,,2014-05-14
2045715,flicker photometer,闪烁光度计,,2014-05-14
2045716,flight conveyer,梯板运送机；梯运机,,2014-05-14
2045717,flint-glazing calender,燧石砑光机,,2014-05-14
2045718,flip-flop,正反器；触发器,,2014-05-14
2045719,flip-flop circuit,正反电路,,2014-05-14
2045720,flip-flop counter,正反计数器,,2014-05-14
2045721,flip-flop register,正反暂存器,,2014-05-14
2045722,float gage,浮标[测量]计,,2014-05-14
2045723,float gauge,浮标[测量]计,,2014-05-14
2045724,float level controller,浮子液位控制器,,2014-05-14
2045725,float switch,浮控开关,,2014-05-14
2045726,float type densitometer,浮标密度计,,2014-05-14
2045727,float type flowmeter,浮子流量计,,2014-05-14
2045728,float type manometer,浮标压力计,,2014-05-14
2045729,float valve,浮阀,,2014-05-14
2045730,float viscometer,浮标黏度计,,2014-05-14
2045731,float viscosimeter,浮标黏度计,,2014-05-14
2045732,floating battery,浮控电池[组]；浮接电池[组],,2014-05-14
2045733,floating bell manometer,浮钟压力计,,2014-05-14
2045734,float-level gage,浮子液位计,,2014-05-14
2045735,float-level gauge,浮子液位计,,2014-05-14
2045736,float-level indicator,浮子液位指示器,,2014-05-14
2045737,float-type gyroscope,悬浮陀螺仪；浮式陀螺仪,,2014-05-14
2045738,flocculation tank,絮凝槽,,2014-05-14
2045739,flocculator,絮凝器,,2014-05-14
2045740,floppy disc,[软]磁碟片；软磁碟,,2014-05-14
2045741,florence flask,平底烧瓶,,2014-05-14
2045742,flotation balance,浮力天平,,2014-05-14
2045743,flotation clarifier,浮选澄清器,,2014-05-14
2045744,flotation separator,浮选分离器,,2014-05-14
2045745,flotation tank,浮选槽,,2014-05-14
2045746,flow box,流料箱,,2014-05-14
2045747,flow calorimeter,流动卡计,,2014-05-14
2045748,flow colorimeter,流动比色计,,2014-05-14
2045749,flow colourimeter,流动比色计,,2014-05-14
2045750,flow control valve,流量控制阀,,2014-05-14
2045751,flow controller,流量控制器,,2014-05-14
2045752,flow cytometer,流式细胞仪,,2014-05-14
2045753,flow gage,流量计,,2014-05-14
2045754,flow gauge,流量计,,2014-05-14
2045755,flow indicator,流量指示器,,2014-05-14
2045756,flow injection analyzer {= FIA},流动注入分析仪,,2014-05-14
2045757,flow measuring probe,流量探针,,2014-05-14
2045758,flow mixer,流动混合器,,2014-05-14
2045759,flow monitor,流量监测器,,2014-05-14
2045760,flow ratio controller,流比控制器,,2014-05-14
2045761,flow reactor,流动反应器,,2014-05-14
2045762,flow recorder,流量记录器,,2014-05-14
2045763,flow recorder controller,流量记录控制器,,2014-05-14
2045764,flow regulating valve,流量调节阀,,2014-05-14
2045765,flow regulator,流量调节器,,2014-05-14
2045766,flow splitter,分流器,,2014-05-14
2045767,flow straightener,驯流器；流动整直器,,2014-05-14
2045768,flowmeter,流量计,,2014-05-14
2045769,flow-type gas laser,流动[式]气体雷射,,2014-05-14
2045770,flue gas analyzer,烟道气分析仪,,2014-05-14
2045771,fluid bed,流体床,,2014-05-14
2045772,fluid level gage,液位计,,2014-05-14
2045773,fluid level gauge,液位计,,2014-05-14
2045774,fluidity meter,流度计,,2014-05-14
2045775,fluidized bed,流[体]化床,,2014-05-14
2045776,fluidized bed reactor,流[体]化床反应器,,2014-05-14
2045777,fluidized reactor,流[体]化反应器,,2014-05-14
2045778,fluidized-bed reactor,流[体]化床反应器,,2014-05-14
2045779,fluidized-fuel reactor,流[体]化燃料反应器,,2014-05-14
2045780,fluorescence detector,萤光侦检器,,2014-05-14
2045781,fluorescence microscope,萤光显微镜,,2014-05-14
2045782,fluorescence monitor,萤光监测器,,2014-05-14
2045783,fluorescence spectrometer,萤光光谱仪,,2014-05-14
2045784,fluorescence spectrophotometer,萤光分光光度计,,2014-05-14
2045785,fluorescence spectroscope,萤光光谱仪,,2014-05-14
2045786,fluorescent bulb,萤光灯泡,,2014-05-14
2045787,fluorescent detector,萤光侦检器,,2014-05-14
2045788,fluorescent lamp,萤光灯；日光灯,,2014-05-14
2045789,fluorescent light,萤光[光源]；萤光灯,,2014-05-14
2045790,fluorescent photometer,萤光光度计,,2014-05-14
2045791,fluorescent screen,萤光屏,,2014-05-14
2045792,fluorescent tube,萤光管,,2014-05-14
2045793,fluorimetric detector,萤光侦检器,,2014-05-14
2045794,fluorometer fluorimeter,萤光计,,2014-05-14
2045795,fluorophotometer,萤光光度计,,2014-05-14
2045796,fluoroscope,萤光镜,,2014-05-14
2045797,flux counter,通量计数器,,2014-05-14
2045798,flux detector,通量侦检器,,2014-05-14
2045799,fluxgate magnetometer,通量闸磁力计,,2014-05-14
2045800,fluxmeter,磁通[量]计,,2014-05-14
2045801,fly bar,辗齿,,2014-05-14
2045802,fly wheel,飞轮,,2014-05-14
2045803,flying microscope,飞点显微镜,,2014-05-14
2045804,flying spot scanner,飞点扫描器；光点扫描器,,2014-05-14
2045805,F-M discriminator,调频鉴频器,,2014-05-14
2045806,foam breaker,除泡器；消泡器,,2014-05-14
2045807,foam generator,泡沫发生器,,2014-05-14
2045808,focal length meter,焦距仪,,2014-05-14
2045809,focimeter,焦距计,,2014-05-14
2045810,foco-collimator,测焦距准直[光]管,,2014-05-14
2045811,focometer,焦距计,,2014-05-14
2045812,focus lamp,焦点灯,,2014-05-14
2045813,focus level,焦点水平仪,,2014-05-14
2045814,focused ion beam microanalyzer,聚焦离子束微分析仪,,2014-05-14
2045815,focusing electrode,聚焦电极,,2014-05-14
2045816,focusing lens,聚焦透镜,,2014-05-14
2045817,focusing magnet,聚焦磁铁,,2014-05-14
2045818,focusing microscope,聚焦显微镜,,2014-05-14
2045819,focusing reflector,聚焦反射器,,2014-05-14
2045820,focusing regulator,聚焦调节器,,2014-05-14
2045821,focusing ring,聚焦圈,,2014-05-14
2045822,focusing spectrometer,聚焦光谱仪,,2014-05-14
2045823,focusing tube,聚焦管,,2014-05-14
2045824,fog chamber,雾室,,2014-05-14
2045825,fog generator,烟雾发生器,,2014-05-14
2045826,foil detector,箔式侦检器,,2014-05-14
2045827,foil dosimeter,箔式剂量计,,2014-05-14
2045828,foil electroscope,金箔验电器,,2014-05-14
2045829,foil strain gage,箔式应变计,,2014-05-14
2045830,foil strain gauge,箔式应变计,,2014-05-14
2045831,folded dipole reflector,折式偶极反射器,,2014-05-14
2045832,folded laser,折式雷射,,2014-05-14
2045833,Folin urea apparatus,弗林尿素测定器,,2014-05-14
2045834,foot bellows,足踏风箱,,2014-05-14
2045835,foot blower,足踏风箱,,2014-05-14
2045836,force gage,测力计,,2014-05-14
2045837,force gauge,测力计,,2014-05-14
2045838,force sensor,力感测器,,2014-05-14
2045839,forced circulation evaporator,强制循环蒸发器,,2014-05-14
2045840,forced circulation furnace,强制循环炉,,2014-05-14
2045841,forced circulation type evaporator,强制循环蒸发器,,2014-05-14
2045842,forced draft cooling tower,强制通风冷却塔,,2014-05-14
2045843,forced draft fan,鼓风扇,,2014-05-14
2045844,forced draft stoker,鼓风加煤机,,2014-05-14
2045845,forced-draft fan,鼓风扇,,2014-05-14
2045846,forceps,镊[子],,2014-05-14
2045847,forepump,预抽真空泵；前置泵,,2014-05-14
2045848,fork file,平圆角锉,,2014-05-14
2045849,fork oscillator,音叉振荡器,,2014-05-14
2045850,fork tongs,叉式钳,,2014-05-14
2045851,fork wrench,叉形扳手,,2014-05-14
2045852,fossil fuel cell,化石燃料电池,,2014-05-14
2045853,Foucault pendulum,富可摆,,2014-05-14
2045854,foundry mold,铸模,,2014-05-14
2045855,four beam balance,四梁天平；四梁天平,,2016-04-22
2045856,four electrode tube,四极管,,2014-05-14
2045857,four electrode vacuum tube,四极真空管,,2014-05-14
2045858,four pole motor,四极电动机,,2014-05-14
2045859,four-ball tester,四球试验机,,2014-05-14
2045860,four-electrode tube,四极管,,2014-05-14
2045861,four-electrode vacuum tube,四极真空管,,2014-05-14
2045862,Fourier analyzer,傅立叶分析器,,2014-05-14
2045863,Fourier-transform mass spectrometer {= FT-MS},傅立叶转换质谱仪,,2014-05-14
2045864,four-level laser,四能阶雷射,,2014-05-14
2045865,four-pi counter,4π计数器,,2014-05-14
2045866,four-way valve,四通阀,,2014-05-14
2045867,fraction collector,分液收集器；流分收集器,,2014-05-14
2045868,fractional column,分馏[管]柱；分馏塔,,2014-05-14
2045869,fractional condenser,分凝器,,2014-05-14
2045870,fractional condensing tube,分凝管,,2014-05-14
2045871,fractional distillation flask,分馏[烧]瓶,,2014-05-14
2045872,fractional distillation tube,分馏管,,2014-05-14
2045873,fractional distilling flask,分馏[烧]瓶,,2014-05-14
2045874,fractional weights,小砝码,,2014-05-14
2045875,fractionating column,分馏塔；分馏[管]柱,,2014-05-14
2045876,fractionating flask,分馏[烧]瓶,,2014-05-14
2045877,fractionating tower,分馏塔,,2014-05-14
2045878,fractionator,分馏器,,2014-05-14
2045879,frame and plate filter,板框滤机,,2014-05-14
2045880,frame filter press,框式压滤机,,2014-05-14
2045881,framing camera,分幅照相机；分幅摄影机,,2014-05-14
2045882,free air thermometer,大气温度计,,2014-05-14
2045883,free electrolaser,自由电子雷射,,2014-05-14
2045884,free electron laser,自由电子雷射,,2014-05-14
2045885,free gyroscope,自由陀螺仪,,2014-05-14
2045886,free piston compressor,自由活塞压缩机,,2014-05-14
2045887,free piston gage,自由活塞压力计,,2014-05-14
2045888,free piston gauge,自由活塞压力计,,2014-05-14
2045889,free-flow bender,开放式弯曲[模]机,,2014-05-14
2045890,free-running laser,自激雷射,,2014-05-14
2045891,free-running multivibrator,自发复振器,,2014-05-14
2045892,freeze drier,冷冻干燥机；冻干机,,2014-05-14
2045893,freezer,冷冻箱；冷冻库,,2014-05-14
2045894,freezing machine,冷冻机,,2014-05-14
2045895,freezing point apparatus,凝固点测定器,,2014-05-14
2045896,frequency analyzer,频率分析仪,,2014-05-14
2045897,frequency booster,倍频器,,2014-05-14
2045898,frequency bridge,频率电桥,,2014-05-14
2045899,frequency changer,变频器,,2014-05-14
2045900,frequency compensator,频率补偿器,,2014-05-14
2045901,frequency converter,变频器；频率转换器,,2014-05-14
2045902,frequency counter,计频器,,2014-05-14
2045903,frequency discriminator,鉴频器,,2014-05-14
2045904,frequency divider,分频器,,2014-05-14
2045905,frequency doubler,倍频器,,2014-05-14
2045906,frequency eliminator,除频器,,2014-05-14
2045907,frequency filter,滤频器,,2014-05-14
2045908,frequency indicator,示频计；示频器,,2014-05-14
2045909,frequency meter,频率计,,2014-05-14
2045910,frequency modulator,调频器,,2014-05-14
2045911,frequency monitor,频率监测器,,2014-05-14
2045912,frequency multiplier,倍频器；频率倍增器,,2014-05-14
2045913,frequency recorder,频率记录器,,2014-05-14
2045914,frequency regulator,频率调节器,,2014-05-14
2045915,frequency separator,频率分离器,,2014-05-14
2045916,frequency spectrograph,频谱仪,,2014-05-14
2045917,frequency stabilized laser,稳频雷射,,2014-05-14
2045918,frequency translator,变频器,,2014-05-14
2045919,frequency trebler,频率三倍器；三倍倍频器,,2014-05-14
2045920,frequency-change oscillator,变频振荡器,,2014-05-14
2045921,frequency-change-over switch,频率转换开关,,2014-05-14
2045922,frequency-domain analyzer,频域分析器,,2014-05-14
2045923,frequency-modulated cyclotron,调频回旋加速器,,2014-05-14
2045924,frequency-modulated laser,调频雷射,,2014-05-14
2045925,frequency-modulated oscillator,调频振荡器,,2014-05-14
2045926,frequency-modulated radar,调频雷达,,2014-05-14
2045927,frequency-modulation laser,调频雷射,,2014-05-14
2045928,frequency-modulation tube,调频管,,2014-05-14
2045929,frequency-response analyzer,频率响应分析器,,2014-05-14
2045930,frequency-shift keyer,频率键控器,,2014-05-14
2045931,frequency-shift type telemeter,移频遥测计,,2014-05-14
2045932,friction board,耐磨板,,2014-05-14
2045933,friction brake,摩擦刹车[器],,2014-05-14
2045934,friction buffer,摩擦缓冲器,,2014-05-14
2045935,friction clutch,摩擦离合器,,2014-05-14
2045936,friction damper,摩擦阻尼器；摩擦减振器,,2014-05-14
2045937,friction dynamometer,摩擦测力计；摩擦功率计,,2014-05-14
2045938,friction separator,摩擦分离器,,2014-05-14
2045939,frictional electrostatic machine,摩擦起电器,,2014-05-14
2045940,frictional force microscope {= FFM},摩擦力显微镜,,2014-05-14
2045941,frictional machine,摩擦起电机,,2014-05-14
2045942,frigorimeter,低温计,,2014-05-14
2045943,fritted glass filter,烧结玻璃滤器,,2014-05-14
2045944,front layer photocell,前[置]膜[层]光电管,,2014-05-14
2045945,front lens,前透镜,,2014-05-14
2045946,front-mounted connector,面板连接器,,2014-05-14
2045947,frost-point hygrometer,霜点湿度计,,2014-05-14
2045948,frost-point tester,霜点试验器,,2014-05-14
2045949,frothmeter,泡沫计,,2014-05-14
2045951,FT-MS {= Fourier-transform mass spectrometer},傅立叶转换质谱仪,,2014-05-14
2045952,fuel cell,燃料电池,,2014-05-14
2045953,fuel core,燃料炉心；炉心,,2014-05-14
2045954,fuel electrode,燃料电极,,2014-05-14
2045955,fuel oil bunker,燃料油库,,2014-05-14
2045956,fuel-changing chamber,燃料置换室,,2014-05-14
2045957,fulchronograph,雷电[流]记录仪,,2014-05-14
2045958,full adder,全加器,,2014-05-14
2045959,full wave diode detector,全波二极体检波器,,2014-05-14
2045960,full wave rectifier,全波整流器,,2014-05-14
2045961,fulminating cap,雷帽,,2014-05-14
2045962,fumigator,烟薰器,,2014-05-14
2045963,function calculator,函数计算机,,2014-05-14
2045964,function fitter,函数[波]拟合器,,2014-05-14
2045965,function generator,函数波发生器,,2014-05-14
2045966,function multiplier,函数相乘器,,2014-05-14
2045967,function potentiometer,函数电位计,,2014-05-14
2045968,functional potentiometer,函数电位计,,2014-05-14
2045969,functionalized probe,功能探头,,2014-05-14
2045970,funnel,漏斗,,2014-05-14
2045971,funnel stand,漏斗架,,2014-05-14
2045972,funnel stem brush,漏斗颈刷,,2014-05-14
2045973,funnel support,漏斗架,,2014-05-14
2045974,funnel-top buret,漏斗滴定管,,2014-05-14
2045975,furnace,炉,,2014-05-14
2045976,fuse base,熔线座,,2014-05-14
2045977,fuse board,熔线板,,2014-05-14
2045978,fuse box,熔线盒；保险丝盒,,2014-05-14
2045979,fuse switch,熔线开关,,2014-05-14
2045980,fused electrolytic cell,熔质电解槽,,2014-05-14
2045981,fused silica reflector,熔凝矽石反射器；石英玻璃反射器,,2014-05-14
2045982,fusible cone,熔锥,,2014-05-14
2045983,fusible cutout,可熔断流器；熔断开关,,2014-05-14
2045984,fusion pyrometer,熔化高温计,,2014-05-14
2045985,fusion reactor,[核]熔合反应器,,2014-05-14
2045986,fusion tube,熔[融]管,,2014-05-14
2045987,GaAs laser,砷化镓雷射,,2014-05-14
2045988,gage,规；量规；表；计；尺,,2014-05-14
2045990,gage panel,仪表板,,2014-05-14
2045991,gait analyzer,步态分析仪,,2014-05-14
2045992,galactometer,乳比重计,,2014-05-14
2045993,gallium arsenide solar cell,砷化镓太阳[能]电池,,2014-05-14
2045994,galvanic battery,贾法尼电池[组]；原电池[组],,2014-05-14
2045995,galvanic cell,贾法尼电池,,2014-05-14
2045996,galvanic element,原电池,,2014-05-14
2045997,galvanic pile,[贾法尼]电堆；[贾法尼]电池[组],,2014-05-14
2045998,galvanometer,电流计；检流计,,2014-05-14
2045999,galvanometer amplifier,电流计放大器,,2014-05-14
2046000,galvanometer light modulator,电流计光调制器,,2014-05-14
2046001,galvanometer oscillograph,电流计示波器,,2014-05-14
2046002,galvanometer recorder,电流计记录器,,2014-05-14
2046003,galvanometer shunt,电流计分流器,,2014-05-14
2046004,galvanometer-type relay,电流计式继电器,,2014-05-14
2046005,galvanoscope,检流器；验电流器,,2014-05-14
2046006,gamma camera,加马照相机,,2014-05-14
2046007,gamma counter,加马计数器,,2014-05-14
2046008,gamma knife stereotactic radiosurgery system,加马刀立体定位放射手术系统,,2014-05-14
2046009,gamma photometer,加马光度计；γ光度计,,2014-05-14
2046010,gamma ray attenuator,加马射线衰减器；γ射线衰减器,,2014-05-14
2046011,gamma ray counter,加马射线计数器；γ射线计数器,,2014-05-14
2046012,gamma ray dosimeter,加马射线剂量计；γ射线剂量计,,2014-05-14
2046013,gamma ray electroscope,加马射线验电器；γ射线验电器,,2014-05-14
2046014,gamma ray gage,加马射线测量计；γ射线测量计,,2014-05-14
2046015,gamma ray gauge,加马射线测量计；γ射线测量计,,2014-05-14
2046016,gamma ray laser,加马射线雷射；γ射线雷射,,2014-05-14
2046017,gamma ray meter,加马射线[强度]计；γ射线[强度]计,,2014-05-14
2046018,gamma ray spectrograph,加马射线谱仪；γ射线谱仪,,2014-05-14
2046019,gamma ray thickness recorder,加马射线测厚仪；γ射线测厚仪,,2014-05-14
2046020,gamma spectrometer,加马分光计能谱仪；γ分光计能谱仪,,2014-05-14
2046021,gamma spectroscope,加马分光仪；γ分光仪,,2014-05-14
2046022,gamma thickness gage,加马射线测厚仪；γ射线测厚仪,,2014-05-14
2046023,gamma thickness gauge,加马射线测厚仪；γ射线测厚仪,,2014-05-14
2046024,gamma-control amplifier,加马指数控制放大器；γ指数控制放大器,,2014-05-14
2046025,gamma-meter,加马计；γ计,,2014-05-14
2046026,gamma-ray pinhole camera,加马射线针孔照相机,,2014-05-14
2046027,gamma-ray spectrometer,加马射线谱仪,,2014-05-14
2046028,gang condenser,共轴电容器,,2014-05-14
2046029,gang socket,成排插座,,2014-05-14
2046030,gang switch,共轴开关,,2014-05-14
2046031,gang tuning capacitor,共轴调谐电容器,,2014-05-14
2046032,gang variable condenser,共轴可变电容器,,2014-05-14
2046033,gap arrester,气隙避雷器,,2014-05-14
2046034,gap gage,间隙规；间隙计,,2014-05-14
2046035,gap gauge,间隙规；间隙计,,2014-05-14
2046036,gas absorber,气体吸收器,,2014-05-14
2046037,gas alarm,毒气警报器,,2014-05-14
2046038,gas analyzer,气体分析仪,,2014-05-14
2046039,gas blow torch,喷气炬,,2014-05-14
2046040,gas buret,气体量管,,2014-05-14
2046041,gas burner,煤气灯；气体燃烧器,,2014-05-14
2046042,gas calorimeter,气卡计,,2014-05-14
2046043,gas cartridge,蓄气筒,,2014-05-14
2046044,gas cell,气体电池,,2014-05-14
2046045,gas chromatograph {= GC},气相层析仪,,2014-05-14
2046046,gas chromatograph-mass spectrometer {= GC-MS},气相层析质谱仪,,2014-05-14
2046047,gas chromatograph-nuclear magnetic resonance spectrometer {= GC-NMR},气相层析核磁共振谱仪,,2014-05-14
2046048,gas chromatography/on-line monitoring device,气相层析自动监测仪,,2014-05-14
2046049,gas collector,集气器,,2014-05-14
2046050,gas compressor,气体压缩机,,2014-05-14
2046051,gas condenser,气体冷凝器,,2014-05-14
2046052,gas coulometer,气体电量计,,2014-05-14
2046053,gas cylinder,[气体]钢瓶,,2014-05-14
2046054,gas density balance,气体密度天平,,2014-05-14
2046055,gas density detector,气体密度侦检器,,2014-05-14
2046056,gas density meter,气体密度计,,2014-05-14
2046057,gas density recorder,气体密度记录器,,2014-05-14
2046058,gas detector,气体侦检器,,2014-05-14
2046059,gas diode,充气二极管,,2014-05-14
2046060,gas discharge detector,气体放电侦检器,,2014-05-14
2046061,gas discharge gage,气体放电真空计,,2014-05-14
2046062,gas discharge gauge,气体放电真空计,,2014-05-14
2046063,gas discharge lamp,气体放电灯,,2014-05-14
2046064,gas discharge tube,气体放电管,,2014-05-14
2046065,gas discharger,气体放电器,,2014-05-14
2046066,gas distributing pipe,分气管,,2014-05-14
2046067,gas distributor,气体分配器,,2014-05-14
2046068,gas drier,气体干燥器,,2014-05-14
2046069,gas driven displacement pump,气动排量泵,,2014-05-14
2046070,gas driven generator,气动发电机；煤气发电机,,2014-05-14
2046071,gas drying bottle,气体干燥瓶,,2014-05-14
2046072,gas electrode,气体电极,,2014-05-14
2046073,gas engine,燃气引擎；燃气发动机,,2014-05-14
2046074,gas expansion thermometer,气体[膨胀]温度计,,2014-05-14
2046075,gas filter,气体过滤器,,2014-05-14
2046076,gas flow counter,通气计数器,,2014-05-14
2046077,gas flow impedance detector,气流阻抗侦检器,,2014-05-14
2046078,gas flow indicator,气流指示器,,2014-05-14
2046079,gas flow recorder,气体流量记录器,,2014-05-14
2046080,gas flowmeter,气体流量计,,2014-05-14
2046081,gas furnace,燃气炉,,2014-05-14
2046082,gas gage,煤气表,,2014-05-14
2046083,gas gauge,煤气表,,2014-05-14
2046084,gas generating bottle,气体发生瓶；气体产生瓶,,2014-05-14
2046085,gas generator,气体产生器；气体发生器,,2014-05-14
2046086,gas governor,气体调整器,,2014-05-14
2046087,gas heater,煤气加热器,,2014-05-14
2046088,gas helmet,防毒面盔,,2014-05-14
2046089,gas holder,储气器,,2014-05-14
2046090,gas hood,气罩,,2014-05-14
2046091,gas hose,瓦斯软管；气管,,2014-05-14
2046092,gas indicator,气体指示器,,2014-05-14
2046093,gas inlet casing,进气护罩,,2014-05-14
2046094,gas jet,煤气喷嘴；气体喷嘴,,2014-05-14
2046095,gas lamp,煤气灯,,2014-05-14
2046096,gas laser,气体雷射,,2014-05-14
2046097,gas leak indicator,漏气指示器,,2014-05-14
2046098,gas leakage tester,漏气试验器,,2014-05-14
2046099,gas lift,气体提升设备,,2014-05-14
2046100,gas lift pump,气升泵,,2014-05-14
2046101,gas lift unit,气升装置；气体升液装置,,2014-05-14
2046102,gas light,燃气灯,,2014-05-14
2046103,gas line,气体管线；燃气管线,,2014-05-14
2046104,gas linking valve,燃气连结阀,,2014-05-14
2046105,gas load calorimeter,气体负载量热计；气体负载卡计,,2014-05-14
2046106,gas loaded accumulator,充气蓄能器,,2014-05-14
2046107,gas lock,气塞,,2014-05-14
2046108,gas main,总气管,,2014-05-14
2046109,gas manometer,气体压力计,,2014-05-14
2046110,gas mantle,煤气网罩,,2014-05-14
2046111,gas mask,防毒面具,,2014-05-14
2046112,gas mask canister,防毒面具罐,,2014-05-14
2046113,gas measuring apparatus,气体流量计,,2014-05-14
2046114,gas measuring tube,量气管,,2014-05-14
2046115,gas metallizator,金属喷涂器,,2014-05-14
2046116,gas meter,气量计；气量表,,2014-05-14
2046117,gas mixture lens,混合气体透镜,,2014-05-14
2046118,gas monitor,气体监测器,,2014-05-14
2046119,gas motor,煤气机,,2014-05-14
2046120,gas odorometer,气体臭味计,,2014-05-14
2046121,gas oil pressure gage,气体油料压力计,,2014-05-14
2046122,gas oil pressure gauge,气体油料压力计,,2014-05-14
2046123,gas oil pump,气体油料泵,,2014-05-14
2046124,gas oil solenoid valve,气体油料螺管阀,,2014-05-14
2046125,gas pipet,量气管,,2014-05-14
2046126,gas pipette,量气管,,2014-05-14
2046127,gas producer,煤气发生炉；气体产生器,,2014-05-14
2046128,gas protection glove,防毒[气]手套,,2014-05-14
2046129,gas protection goggles,防毒[气]护目镜,,2014-05-14
2046130,gas purifier,气体净化器,,2014-05-14
2046131,gas pyrometer,气体高温计,,2014-05-14
2046132,gas receiver,气体接收器,,2014-05-14
2046133,gas regulator,气体调节器,,2014-05-14
2046134,gas relay,气体继电器,,2014-05-14
2046135,gas resistance detector,气阻侦检器,,2014-05-14
2046136,gas rotameter,气体浮子流量计；气体转子流量计,,2014-05-14
2046137,gas sample collector,气体取样器,,2014-05-14
2046138,gas sample tube,气体取样管；气体采样管,,2014-05-14
2046139,gas sampler,气体取样器,,2014-05-14
2046140,gas sampling probe,气体取样[探测]管,,2014-05-14
2046141,gas scrubber,洗气器；气体洗涤器,,2014-05-14
2046142,gas separator,气体分离器,,2014-05-14
2046143,gas strainer,滤气器,,2014-05-14
2046144,gas syringe,气体注射器,,2014-05-14
2046145,gas thermometer,气体温度计,,2014-05-14
2046146,gas trap,气阱,,2014-05-14
2046147,gas triode,充气三极管,,2014-05-14
2046148,gas tube,充气[电子]管,,2014-05-14
2046149,gas tube rectifier,气管整流器,,2014-05-14
2046150,gas turbine,气涡轮机,,2014-05-14
2046151,gas voltameter,气体电量计,,2014-05-14
2046152,gas volumeter,量气计,,2014-05-14
2046153,gas washing bottle,洗气瓶,,2014-05-14
2046154,gas weighing balloon,称气球[形]瓶,,2014-05-14
2046155,gas-accumulator relay,气体积聚继电器,,2014-05-14
2046156,gas-cooled reactor,气冷反应器,,2014-05-14
2046157,gas-decay tank,气体衰变槽,,2014-05-14
2046158,gaseous conduction rectifier,充气管整流器,,2014-05-14
2046159,gaseous electronic detector,气态电子侦检器,,2014-05-14
2046160,gaseous ionization counter,气体游离计数器,,2014-05-14
2046161,gaseous laser,气体雷射,,2014-05-14
2046162,gaseous rectifier,气体整流器,,2014-05-14
2046163,gaseous regulator,气体调节器,,2014-05-14
2046164,gaseous scintillation counter,气体闪烁计数器,,2014-05-14
2046165,gaseous scintillator,气体闪烁器,,2014-05-14
2046166,gasetron,汞弧整流器；水银整流器,,2014-05-14
2046167,gas-filled capacitor,充气电容器,,2014-05-14
2046168,gas-filled counter,充气计数器,,2014-05-14
2046169,gas-filled detector,充气侦检器,,2014-05-14
2046170,gas-filled gap,充气放电器,,2014-05-14
2046171,gas-filled photocell,充气光电管,,2014-05-14
2046172,gas-filled rectifier,充气整流器,,2014-05-14
2046173,gas-filled rectifier tube,充气整流管,,2014-05-14
2046174,gas-filled relay,充气继电器；充气继动器,,2014-05-14
2046175,gas-filled stabilizer,充气管稳定器,,2014-05-14
2046176,gas-filled thermometer,充气温度计,,2014-05-14
2046177,gas-filled thyratron,充气闸流管,,2014-05-14
2046178,gas-filled triode,充气三极管,,2014-05-14
2046179,gas-filled tube,充气[电子]管,,2014-05-14
2046181,gas-filled valve,充气阀,,2014-05-14
2046182,gas-filled X-ray tube,充气X射线管,,2014-05-14
2046183,gas-gel chromatograph,气体凝胶层析仪,,2014-05-14
2046184,gas-holder tank,储气槽,,2014-05-14
2046185,gasifier,气化器,,2014-05-14
2046186,gas-jet tube,煤气喷管；气体喷管,,2014-05-14
2046187,gasket,垫圈；垫片,,2014-05-14
2046188,gas-liquid chromatograph {= GLC},气液层析仪,,2014-05-14
2046189,gas-liquid partition chromatograph,气液分配层析仪,,2014-05-14
2046190,gasohol engine,酒精汽油引擎；酒精汽油发动机,,2014-05-14
2046191,gasoline burner,汽油灯,,2014-05-14
2046192,gasoline cistern,汽油罐,,2014-05-14
2046193,gasoline corrosion test cup,汽油腐蚀测试杯,,2014-05-14
2046194,gasoline depth gage,汽油油位表,,2014-05-14
2046195,gasoline depth gauge,汽油油位表,,2014-05-14
2046196,gasoline economizer,省油器,,2014-05-14
2046197,gasoline engine,汽油引擎；汽油[发动]机,,2014-05-14
2046198,gasoline feed pump,汽油泵,,2014-05-14
2046199,gasoline filter,汽油过滤器,,2014-05-14
2046200,gasoline gage,汽油表,,2014-05-14
2046201,gasoline gauge,汽油表,,2014-05-14
2046202,gasoline gumming test cup,汽油胶化测试杯,,2014-05-14
2046203,gasoline-electric tractor,汽油电力拖车,,2014-05-14
2046204,gasoline-electric vehicle,汽油电力车,,2014-05-14
2046205,gasoline-engine driven machine,汽油动力机,,2014-05-14
2046206,gasometer,量气计,,2014-05-14
2046207,gasometer flask,量气瓶,,2014-05-14
2046208,gas-protection clothing,防毒衣,,2014-05-14
2046209,gas-sensing membrane electrode,气敏膜电极,,2014-05-14
2046210,gas-solid chromatograph{= GSC},气固层析仪,,2014-05-14
2046211,gastight syringe,气密注射器,,2014-05-14
2046212,gate amplifier,闸门放大器,,2014-05-14
2046213,gate diode,闸控二极体,,2014-05-14
2046214,gate generator,闸波发生器,,2014-05-14
2046215,gate tube,闸[电子]管,,2014-05-14
2046216,gate valve,闸阀,,2014-05-14
2046217,gated radiometer,选通辐射计,,2014-05-14
2046218,gated scaler,自选通定标器,,2014-05-14
2046219,gauge,规；量规；表；计；尺,,2014-05-14
2046221,gauge panel,仪表板,,2014-05-14
2046222,gauged buret,审定滴定管,,2014-05-14
2046223,Gauss meter,高斯计；磁强计,,2014-05-14
2046224,Gaussian ocular,高斯目镜,,2014-05-14
2046225,Gaussmeter,高斯计；磁强计,,2014-05-14
2046226,gauze filter,网状滤器,,2014-05-14
2046227,gauze strainer,网状粗滤器,,2014-05-14
2046231,GCxGC,二维气相层析仪,,2014-05-14
2046233,gear pump,齿轮泵,,2014-05-14
2046234,gear shifting box,变速箱,,2014-05-14
2046235,gear wheel,齿轮,,2014-05-14
2046236,gearbox,齿轮箱；变速箱；传动箱,,2014-05-14
2046237,Geiger counter,盖革计数器,,2014-05-14
2046238,Geiger-Müller counter,盖[革]-缪[勒]计数器,,2014-05-14
2046239,gel exclusion chromatograph,凝胶排斥层析仪,,2014-05-14
2046240,gel filtration chromatograph,凝胶过滤层析仪,,2014-05-14
2046241,gel fractionator,凝胶份化器,,2014-05-14
2046242,gel permeation chromatograph,凝胶渗透层析仪,,2014-05-14
2046243,general purpose computer,通用计算机,,2014-05-14
2046244,general-purpose function generator,通用函数波发生器,,2014-05-14
2046245,generating voltmeter,发电机型伏特计,,2014-05-14
2046246,generator,发电机；产生器；发生器,,2014-05-14
2046247,geodimeter,光程测距仪,,2014-05-14
2046248,geometer,胶强度计,,2014-05-14
2046249,geophone,地质探测器；听地器,,2014-05-14
2046250,geothermometer,地热温度计,,2014-05-14
2046251,germanium diode,锗二极体,,2014-05-14
2046252,germanium probe,锗探针,,2014-05-14
2046253,germanium rectifier,锗整流器,,2014-05-14
2046254,germanium-resistance thermometer,锗[热]电阻温度计,,2014-05-14
2046255,germinator,发芽器,,2014-05-14
2046256,getter pump,吸气泵,,2014-05-14
2046257,getter-ion pump,吸气离子泵,,2014-05-14
2046258,gimbal,平衡环；常平架,,2014-05-14
2046259,glaciometer,冰川仪,,2014-05-14
2046260,glarimeter,[纸面]光泽计,,2014-05-14
2046261,glass adapter,玻璃应接器,,2014-05-14
2046262,glass atomizer,玻璃雾化器,,2014-05-14
2046263,glass beaker,玻璃烧杯,,2014-05-14
2046264,glass blower,吹玻璃机,,2014-05-14
2046265,glass blowing burner,吹玻璃灯,,2014-05-14
2046266,glass blowing machine,吹玻璃机,,2014-05-14
2046267,glass bottle,玻璃瓶,,2014-05-14
2046268,glass capillary,玻璃毛细管,,2014-05-14
2046269,glass capillary gas chromatograph,玻璃毛细管气相层析仪,,2014-05-14
2046270,glass cock,玻璃旋塞,,2014-05-14
2046271,glass coil,玻璃旋管,,2014-05-14
2046272,glass condenser,玻璃聚光器；玻璃冷凝器；玻璃介质电容器,,2014-05-14
2046273,glass container,玻璃容器,,2014-05-14
2046274,glass cutter,切玻璃器；玻璃割刀,,2014-05-14
2046275,glass desiccator,玻璃干燥器,,2014-05-14
2046276,glass dimmer,玻璃减光器,,2014-05-14
2046277,glass dish,玻璃皿,,2014-05-14
2046278,glass dosimeter,玻璃剂量计,,2014-05-14
2046279,glass drawing machine,玻璃拉制机,,2014-05-14
2046280,glass drill,玻璃钻,,2014-05-14
2046281,glass electrode,玻璃电极,,2014-05-14
2046282,glass filter,玻璃滤器；玻璃滤光器,,2014-05-14
2046283,glass flask,玻璃烧瓶,,2014-05-14
2046284,glass funnel,玻璃漏斗,,2014-05-14
2046285,glass gage,水位计；[玻管]液位计,,2014-05-14
2046286,glass gauge,水位计；[玻管]液位计,,2014-05-14
2046287,glass grinder,玻璃研磨机；玻璃磨光机,,2014-05-14
2046288,glass joint,玻璃接头,,2014-05-14
2046289,glass laser,玻璃雷射,,2014-05-14
2046290,glass marker,玻璃刻度器,,2014-05-14
2046291,glass reflector,玻璃反射器,,2014-05-14
2046292,glass retort,玻璃甑；玻璃曲颈瓶,,2014-05-14
2046293,glass rod,玻[璃]棒,,2014-05-14
2046294,glass thermometer,玻璃温度计,,2014-05-14
2046295,glass tube,玻璃管,,2014-05-14
2046296,glass tube cutter,玻璃切刀,,2014-05-14
2046297,glass tube rectifier,玻璃管整流器,,2014-05-14
2046298,glass weighing bottle,玻璃称量瓶,,2014-05-14
2046299,glass wool filter,玻璃绵滤器；玻璃绒滤器,,2014-05-14
2046300,glass-dielectric capacitor,玻璃介质电容器,,2014-05-14
2046301,glassfiber filter,玻璃纤维过滤器,,2014-05-14
2046302,glassing machine,磨光机,,2014-05-14
2046303,glass-lined kettle,玻璃衬锅,,2014-05-14
2046304,glass-stopped bottle,玻璃塞瓶,,2014-05-14
2046305,glazer,磨光机,,2014-05-14
2046307,globe photometer,球形光度计,,2014-05-14
2046308,globe valve,球阀,,2014-05-14
2046309,glossimeter,光泽计,,2014-05-14
2046310,glossmeter,光泽计,,2014-05-14
2046311,glove,手套,,2014-05-14
2046312,glove box,手套[工作]箱,,2014-05-14
2046313,glow amplifier,辉光放大器；电辉放大器,,2014-05-14
2046314,glow cathode rectifier,辉光阴极整流器,,2014-05-14
2046315,glow discharge detector,辉光放电侦检器,,2014-05-14
2046316,glow discharge spectrometer {= GDS},辉光放电分光仪,,2014-05-14
2046317,glow lamp,辉光灯,,2014-05-14
2046318,glow oscillator,辉光振荡器,,2014-05-14
2046319,glow tube oscilloscope,辉光[放电]管示波器,,2014-05-14
2046320,glow tube rectifier,辉光管整流器,,2014-05-14
2046321,glow-discharge display panel,辉光放电显示板,,2014-05-14
2046322,glow-discharge electron gun,辉光放电电子枪,,2014-05-14
2046323,glow-discharge lamp,辉光放电管,,2014-05-14
2046324,glowing filament pyrometer,白热灯丝高温计,,2014-05-14
2046325,glow-tube oscilloscope,辉光[放电]管示波器,,2014-05-14
2046326,glue spreader,涂胶机,,2014-05-14
2046327,glycerol bath,甘油浴,,2014-05-14
2046328,goggles,护目镜,,2014-05-14
2046329,Golay cell,高莱侦测器；高莱[气槽]辐射计,,2014-05-14
2046330,Golay detector,高莱侦测器,,2014-05-14
2046331,Golay pneumatic cell,高莱气槽辐射计；高莱侦测器,,2014-05-14
2046332,gold leaf electrometer,金箔静电计,,2014-05-14
2046333,gold leaf electroscope,金箔验电器,,2014-05-14
2046334,goniometer,测角计；方位计,,2014-05-14
2046335,goniophotometer,测角光度计,,2014-05-14
2046336,governor,调节器；调速器,,2014-05-14
2046337,governor pump,调速器泵,,2014-05-14
2046338,governor valve,调速阀；调节阀,,2014-05-14
2046339,graded tube,刻度管,,2014-05-14
2046340,grader,分级机,,2014-05-14
2046341,gradient microphone,梯度传声器；梯度麦克风,,2014-05-14
2046342,grading ring,分层圈,,2014-05-14
2046343,grading sieve,分级筛,,2014-05-14
2046344,gradiometer,梯度计,,2014-05-14
2046345,graduated bottle,刻度瓶,,2014-05-14
2046346,graduated cylinder,量筒,,2014-05-14
2046347,graduated dial,刻度[转]盘,,2014-05-14
2046348,graduated disk,刻度盘,,2014-05-14
2046349,graduated dropper,刻度滴管,,2014-05-14
2046350,graduated eyepiece,刻度目镜,,2014-05-14
2046351,graduated flask,定量烧瓶,,2014-05-14
2046352,graduated rule,刻度尺,,2014-05-14
2046353,graduated scale,分度尺,,2014-05-14
2046354,graduator,分度器,,2014-05-14
2046355,graining machine,压纹机,,2014-05-14
2046356,gramophone,留声机,,2014-05-14
2046357,granular carbon transmitter,碳粒发话机；碳粒发话器,,2014-05-14
2046358,granulating machine,制粒机；造粒机,,2014-05-14
2046359,granulating screen,制粒筛,,2014-05-14
2046360,granulator,制粒机,,2014-05-14
2046361,grapher,描图记录器,,2014-05-14
2046362,graphic meter,图示计,,2014-05-14
2046363,graphic panel,图解仪表板；图示板,,2014-05-14
2046364,graphic recorder,图解记录器,,2014-05-14
2046365,graphite bar electric furnace,石墨棒电炉,,2014-05-14
2046366,graphite crucible,石墨坩埚,,2014-05-14
2046367,graphite electrode,石墨电极,,2014-05-14
2046368,graphite pyrometer,石墨高温计,,2014-05-14
2046369,graphite reactor,石墨反应器,,2014-05-14
2046370,graphite-moderated reactor,石墨减速反应器,,2014-05-14
2046371,grating,光栅,,2014-05-14
2046372,grating spectrograph,光栅摄谱仪,,2014-05-14
2046373,grating spectrometer,光栅分光计；光栅光谱仪,,2014-05-14
2046374,grating spectroscope,光栅分光仪；光栅分光镜,,2014-05-14
2046375,gravimeter,重力计；比重计,,2014-05-14
2046376,gravitation filter,重力[过]滤器,,2014-05-14
2046377,gravitometer,比重计,,2014-05-14
2046378,gravity balance,重力秤；重力天平,,2014-05-14
2046379,gravity battery,重力电池[组],,2014-05-14
2046380,gravity bottle,比重瓶,,2014-05-14
2046381,gravity cell,重力电池,,2014-05-14
2046382,gravity filter,重力[过]滤器,,2014-05-14
2046383,gravity meter,重力计,,2014-05-14
2046384,gravity separator,重力分离器,,2014-05-14
2046385,gravity thickener,重力增浓器,,2014-05-14
2046386,grazing incidence X-ray diffractometer,掠角[入射]X光绕射仪,,2014-05-14
2046387,grease consistometer,润滑脂稠度计,,2014-05-14
2046388,grease penetrometer,润滑脂穿透计,,2014-05-14
2046389,grease-spot photometer,油斑光度计,,2014-05-14
2046390,grid condenser,栅极电容器,,2014-05-14
2046391,grid detector,栅极检波器,,2014-05-14
2046392,grid-controlled rectifier,栅控整流器,,2014-05-14
2046393,grid-glow tube,栅极辉光管,,2014-05-14
2046394,gridiron pendulum,栅形补偿摆,,2014-05-14
2046395,grid-leak detector,栅漏检波器,,2014-05-14
2046396,grinder,磨床；研磨机,,2014-05-14
2046397,grinding mill,研磨机,,2014-05-14
2046398,grit arrester,除砂器,,2014-05-14
2046399,grit catcher,除砂器,,2014-05-14
2046400,grooved roller,沟纹辊,,2014-05-14
2046401,ground antenna,地面天线,,2014-05-14
2046402,ground rod,接地棒,,2014-05-14
2046403,ground wire,[接]地线,,2014-05-14
2046404,grounded antenna,接地天线,,2014-05-14
2046405,grounding transformer,接地变压器,,2014-05-14
2046406,group amplifier,群合放大器,,2014-05-14
2046407,group filter,群合滤波器,,2014-05-14
2046408,group selector,选群器,,2014-05-14
2046410,guard board,防护板,,2014-05-14
2046411,guard lamp,警示灯,,2014-05-14
2046412,guard ring,保护环,,2014-05-14
2046413,guard tube,防护管；保护管,,2014-05-14
2046414,guard-ring condenser,环护电容器,,2014-05-14
2046415,guide tube,导管,,2014-05-14
2046416,gum strip calender,修胶压延机,,2014-05-14
2046417,gyrating breaker,回转碎裂机,,2014-05-14
2046418,gyrating crusher,回转压碎机,,2014-05-14
2046419,gyrator,回转器,,2014-05-14
2046420,gyratory breaker,回转碎裂机,,2014-05-14
2046421,gyratory crusher,回转压碎机,,2014-05-14
2046422,gyratory screen,回转筛,,2014-05-14
2046423,gyro,回转仪；陀螺仪,,2014-05-14
2046424,gyro vibration absorber,回转减振器,,2014-05-14
2046425,gyrocompass,回转罗盘,,2014-05-14
2046426,gyroscope,陀螺仪；回转仪,,2014-05-14
2046427,gyroscope level,回转水准仪,,2014-05-14
2046428,gyroscopic level,回转水准仪,,2014-05-14
2046429,gyroscopic stabilizer,回转稳定器,,2014-05-14
2046430,gyro-sextant,回转六分仪,,2014-05-14
2046431,gyrostabilizer,回转稳定器,,2014-05-14
2046432,gyrostat,回转轮,,2014-05-14
2046433,gyrotron,磁旋管,,2014-05-14
2046434,H beam,H梁,,2014-05-14
2046435,haematological pipet,血液吸量管,,2014-05-14
2046436,haematological pipette,血液吸量管,,2014-05-14
2046437,haemoglobinometer,血红素计；血红蛋白计,,2014-05-14
2046438,haemometer,血红素计；血红蛋白计,,2014-05-14
2046439,hair hygrograph,毛发湿度仪,,2014-05-14
2046440,hair hygrometer,毛发湿度计,,2014-05-14
2046441,hairline pointer,瞄准器,,2014-05-14
2046442,half adder,半加器,,2014-05-14
2046443,half cell,半电池,,2014-05-14
2046444,half element cell,半电池,,2014-05-14
2046445,half shadow polarimeter,半明偏光计；半明旋光计,,2014-05-14
2046446,half-wave motor,半波电动机,,2014-05-14
2046447,half-wave plate,半波片,,2014-05-14
2046448,half-wave rectifier,半波整流器,,2014-05-14
2046449,Hall gauss meter,霍尔[效应]高斯计,,2014-05-14
2046450,Hall-effect gauss meter,霍尔[效应]高斯计,,2014-05-14
2046451,halogen counter,卤素计数器,,2014-05-14
2046452,halogen quench counter,卤素计数器；卤素淬灭计数器,,2014-05-14
2046453,halogen quench tube,卤素[淬灭]管,,2014-05-14
2046454,halogen tube,卤素管,,2014-05-14
2046455,halometer,盐晶计；盐量计,,2014-05-14
2046456,hammer breaker,槌击断路器；锤碎机,,2014-05-14
2046457,hammer crusher,锤式压碎机,,2014-05-14
2046458,hammer mill,锤磨机,,2014-05-14
2046459,hand balance,手提天平；手秤,,2014-05-14
2046460,hand centrifuge,手摇离心机,,2014-05-14
2046461,hand crusher,手摇压碎机,,2014-05-14
2046462,hand drill,手摇钻,,2014-05-14
2046463,hand face shield,手持面罩,,2014-05-14
2046464,hand generator,手摇发电机,,2014-05-14
2046465,hand jack,手动千斤顶,,2014-05-14
2046466,hand pump,手摇泵,,2014-05-14
2046467,hand saw,手锯,,2014-05-14
2046468,hand tally,手摇计算器；计数器,,2014-05-14
2046469,hand tool,手工具,,2014-05-14
2046470,hanging theodolite,悬式经纬仪,,2014-05-14
2046471,hard adder,硬加器,,2014-05-14
2046472,hard rubber bead,硬橡皮撑轮圈,,2014-05-14
2046473,hard tube,高度真空管；刚性[真空]管,,2014-05-14
2046474,hardening furnace,硬化炉；淬火炉,,2014-05-14
2046475,hardness meter,硬度计,,2014-05-14
2046476,hardness tester,硬度试验计；硬度试验机,,2014-05-14
2046477,harmonic amplifier,谐波放大器,,2014-05-14
2046478,harmonic analyzer,谐波分析器,,2014-05-14
2046479,harmonic balancer,谐波均衡器,,2014-05-14
2046480,harmonic detector,谐波侦检器,,2014-05-14
2046481,harmonic generator,谐波发生器,,2014-05-14
2046482,harmonic oscillator,谐波振荡器,,2014-05-14
2046483,harmonograph,谐波记录器；谐波仪,,2014-05-14
2046484,hazemeter,能见度计；浊蒙计；浊度计,,2014-05-14
2046485,head tank,顶槽；顶匣,,2014-05-14
2046486,header,集管[箱],,2014-05-14
2046487,heat economizer,省热器,,2014-05-14
2046488,heat exchanger,热交换器,,2014-05-14
2046489,heat interchanger,换热器,,2014-05-14
2046490,heat pump,热泵,,2014-05-14
2046491,heat regenerator,热再生器；蓄热器,,2014-05-14
2046492,heat reservoir,贮热器,,2014-05-14
2046493,heat shield,热屏,,2014-05-14
2046494,heater,加热器；加热炉,,2014-05-14
2046495,heating coil,加热旋管；加热盘管；加热线圈,,2014-05-14
2046496,heating jacket,加热套,,2014-05-14
2046497,heating mantle,加热包,,2014-05-14
2046498,heating pad,加热垫,,2014-05-14
2046499,heating plate,加热板,,2014-05-14
2046500,heating resistor,热电阻器,,2014-05-14
2046501,heating tape,加热带,,2014-05-14
2046502,heating tube,加热管,,2014-05-14
2046503,heat-sensitive sensor,热敏感测器,,2014-05-14
2046504,heavy duty balance,重载天平,,2014-05-14
2046505,heavy water reactor,重水反应器,,2014-05-14
2046506,height gage,高度规,,2014-05-14
2046507,height gauge,高度规,,2014-05-14
2046508,helical accelerator,螺旋加速器,,2014-05-14
2046509,helical agitator,[等径]螺旋搅拌器,,2014-05-14
2046510,helical antenna,螺旋天线,,2014-05-14
2046511,helical balance,螺旋天平,,2014-05-14
2046512,helical orbit beta-ray spectrometer,螺旋轨道贝他射线谱仪,,2014-05-14
2046513,helical potentiometer,螺旋电位计,,2014-05-14
2046514,helical spring,螺旋弹簧,,2014-05-14
2046515,helicoidal pump,螺旋泵,,2014-05-14
2046516,heliometer,日径仪；量日仪,,2014-05-14
2046517,heliostat,定日镜,,2014-05-14
2046518,heliotrope,反光镜,,2014-05-14
2046519,helium compressor,氦压缩机,,2014-05-14
2046520,helium ionization detector,氦游离侦检器,,2014-05-14
2046521,helium leak detector,氦气测漏仪,,2014-05-14
2046522,helium photoionization detector,氦光游离侦检器,,2014-05-14
2046523,helium-neon laser,氦氖雷射,,2014-05-14
2046524,helix,螺旋管,,2014-05-14
2046525,hemacytometer,血球计,,2014-05-14
2046526,hemadynamometer,血压计；血液动力计,,2014-05-14
2046527,hematimeter,血球计,,2014-05-14
2046528,hematinometer,血红素计,,2014-05-14
2046529,hematodynamometer,血压计；血液动力计,,2014-05-14
2046530,hematological pipet,血液吸量管,,2014-05-14
2046531,hematological pipette,血液吸量管,,2014-05-14
2046532,hemocytometer,血球计,,2014-05-14
2046533,hemodialysis apparatus,血液透析装置,,2014-05-14
2046534,hemoglobinometer,血红素计；血红蛋白计,,2014-05-14
2046535,hemomanometer,血压计,,2014-05-14
2046536,hemometer,血红素计；血红蛋白计,,2014-05-14
2046537,He-Ne laser,氦氖雷射,,2014-05-14
2046538,henrymeter,电感计,,2014-05-14
2046539,heptagonal prism,七角棱镜,,2014-05-14
2046540,heptode,七极管,,2014-05-14
2046541,hermaphroditic connector,阴阳连接器,,2014-05-14
2046542,heterochromatic photometer,多色光度计,,2014-05-14
2046543,heterodyne detector,外差检波器,,2014-05-14
2046544,heterodyne harmonic analyzer,外差谐波分析器,,2014-05-14
2046545,heterodyne oscillator,外差振荡器,,2014-05-14
2046546,heterodyne receiver,外差接收机,,2014-05-14
2046547,heterodyne wavemeter,外差波长计,,2014-05-14
2046548,heterogeneous reactor,不匀[相]反应器；非均[相]反应器,,2014-05-14
2046549,hexagon head bolt,六角头螺栓,,2014-05-14
2046550,hexode,六极管,,2014-05-14
2046551,hexode mixer tube,六极混频管,,2014-05-14
2046553,hiccough,电子放大镜,,2014-05-14
2046554,hiccup,电子放大镜,,2014-05-14
2046555,high energy accelerator,高能加速器,,2014-05-14
2046556,high frequency ammeter,高频安培计,,2014-05-14
2046557,high frequency ventilator {= HFV},高频[率]呼吸器；高频[率]通气机,,2014-05-14
2046558,high pass filter,高通滤波器,,2014-05-14
2046559,high potential condenser,高压电容器,,2014-05-14
2046560,high power amplifier,高功率放大器,,2014-05-14
2046561,high power microscope,高倍显微镜,,2014-05-14
2046562,high pressure bomb,高压釜,,2014-05-14
2046563,high pressure sterilizer,高压灭菌器,,2014-05-14
2046564,high purity germanium detector,高纯度锗侦检器,,2014-05-14
2046565,high repetition rate laser,速发雷射；高重复率雷射,,2014-05-14
2046566,high resolution electron energy loss spectrometer {= HREELS},高解析电子能量损失频谱仪,,2014-05-14
2046567,high resolution mass spectrometer,高解析质谱仪,,2014-05-14
2046568,high sensitivity demodulator,高灵敏度解调器,,2014-05-14
2046569,high sensitivity detector,高灵敏度侦检器,,2014-05-14
2046570,high sensitivity galvanometer,高灵敏度电流计,,2014-05-14
2046571,high speed circuit breaker,高速断路器,,2014-05-14
2046573,high speed motor,高速电动机,,2014-05-14
2046574,high temperature burner,高温灯,,2014-05-14
2046575,high vacuum diffusion pump,高真空扩散泵,,2014-05-14
2046576,high vacuum furnace,高真空电炉,,2014-05-14
2046577,high vacuum gage,高真空压力计,,2014-05-14
2046578,high vacuum gauge,高真空压力计,,2014-05-14
2046579,high vacuum pump,高真空泵,,2014-05-14
2046580,high vacuum rectifier,高真空整流器,,2014-05-14
2046581,high vacuum tube,高真空管,,2014-05-14
2046582,high μ tube,高磁化率管；高μ管,,2014-05-14
2046583,high-energy accelerator,高能加速器,,2014-05-14
2046584,high-energy level reactor,高能反应器,,2014-05-14
2046585,high-energy reactor,高能反应器,,2014-05-14
2046586,high-enrichment reactor,高浓化反应器；高浓缩反应器,,2014-05-14
2046587,high-flux reactor,高通率反应器,,2014-05-14
2046588,high-frequency alternator,高频交流发电机,,2014-05-14
2046589,high-frequency ammeter,高频安培计,,2014-05-14
2046590,high-frequency amplifier,高频放大器,,2014-05-14
2046591,high-frequency generator,高频产生器；高频发电机,,2014-05-14
2046592,high-frequency induction furnace,高频感应电炉；高周波感应电炉,,2014-05-14
2046593,high-frequency magneto,高频磁电机；高频磁力发电机,,2014-05-14
2046594,high-frequency microvoltmeter,高频微伏计,,2014-05-14
2046595,high-frequency oscillator,高频振荡器,,2014-05-14
2046596,high-frequency receiver,高频接收器,,2014-05-14
2046597,high-frequency torque fatigue tester,高频扭转疲劳试验机,,2014-05-14
2046598,high-frequency transformer,高频变压器,,2014-05-14
2046599,high-frequency wattmeter,高频瓦特计,,2014-05-14
2046600,high-pass filter,高通滤波器,,2014-05-14
2046601,high-performance liquid chromatograph {= HPLC},高效[能]液相层析仪,,2014-05-14
2046602,high-performance thin layer chromatograph,高效[能]薄层分析仪,,2014-05-14
2046603,high-power microscope,高倍显微镜,,2014-05-14
2046604,high-power reactor,高功率反应器,,2014-05-14
2046605,high-power-density reactor,高功率密度反应器,,2014-05-14
2046606,high-power-output reactor,高功率输出反应器,,2014-05-14
2046607,high-pressure cloud chamber,高压[云]雾室,,2014-05-14
2046608,high-pressure compressor,高压压缩机,,2014-05-14
2046609,high-pressure gage,高压计,,2014-05-14
2046610,high-pressure gauge,高压计,,2014-05-14
2046611,high-pressure liquid chromatograph,高压液相层析仪,,2014-05-14
2046612,high-pressure pump,高压泵,,2014-05-14
2046613,high-pressure reactor,高压反应器,,2014-05-14
2046614,high-pressure sterilizer,高压灭菌器,,2014-05-14
2046615,high-pressure syringe,高压注射器,,2014-05-14
2046616,high-pressure valve,高压阀,,2014-05-14
2046617,high-pressure vessel,高压容器,,2014-05-14
2046618,high-resolution detector,高解析侦检器,,2014-05-14
2046619,high-sensitive detector,高敏感侦检器,,2014-05-14
2046620,high-speed camera,高速照相机,,2014-05-14
2046621,high-speed centrifuge,高速离心机,,2014-05-14
2046622,high-speed circuit breaker,高速断路器,,2014-05-14
2046623,high-speed diffusion pump,高速扩散泵,,2014-05-14
2046624,high-speed evaporator,高速蒸发器,,2014-05-14
2046625,high-speed oscilloscope,高速示波器,,2014-05-14
2046626,high-speed reader,高速阅读机,,2014-05-14
2046627,high-temperature reactor,高温反应器,,2014-05-14
2046628,high-temperature thermometer,高温温度计,,2014-05-14
2046629,high-tension ammeter,高[电]压安培计,,2014-05-14
2046630,high-tension condenser,高[电]压电容器,,2014-05-14
2046631,high-tension distributor,高[电]压分电器,,2014-05-14
2046632,high-tension magneto,高[电]压磁电机,,2014-05-14
2046633,high-tension neon tube,高[电]压氖管,,2014-05-14
2046634,high-tension transformer,高压变压器,,2014-05-14
2046635,high-tension voltmeter,高压伏特计,,2014-05-14
2046636,high-voltage power supply,高压电源[供应器],,2014-05-14
2046637,high-voltage rectifier,高[电]压整流器,,2014-05-14
2046638,high-volume air sampler,高量空气采样器,,2014-05-14
2046639,hodoscope,测迹仪；辐射计数器,,2014-05-14
2046640,hoist,起重机；吊车,,2014-05-14
2046641,holder,夹；座；架,,2014-05-14
2046642,holding tank,贮留槽；储存槽,,2014-05-14
2046643,hold-up tank,滞留槽,,2014-05-14
2046644,hollow cathode lamp,中空阴极[灯]管；空心阴极[灯]管,,2014-05-14
2046645,hollow prism,空心棱镜,,2014-05-14
2046646,holograph,全像仪,,2014-05-14
2046647,holographic grating,全讯光栅；全像光栅,,2014-05-14
2046648,homing device,导归器；归航装置,,2014-05-14
2046649,homogeneous reactor,匀相反应器；均[匀]相反应器,,2014-05-14
2046650,homogenizer,均质机；匀合器,,2014-05-14
2046651,homopolar generator,单极发电机；同极发电机,,2014-05-14
2046652,hood,通风橱；排气罩,,2014-05-14
2046653,hopback,啤酒花浸取槽,,2014-05-14
2046654,hopper,加料斗；加料漏斗,,2014-05-14
2046655,horismascope,白蛋白计；尿蛋白计,,2014-05-14
2046656,horizon glass,水平镜,,2014-05-14
2046657,horizontal centrifugal screen,卧式离心筛,,2014-05-14
2046658,horizontal centrifuge,卧式离心机,,2014-05-14
2046659,horizontal pendulum,水平摆,,2014-05-14
2046660,horizontal retort,卧甑；水平甑,,2014-05-14
2046661,horizontal tube evaporator,平管蒸发器,,2014-05-14
2046662,horn,喇叭；号角,,2014-05-14
2046663,horn gap arrester,角隙避雷针,,2014-05-14
2046664,horn radiator,喇叭形辐射器；号角形辐射器,,2014-05-14
2046665,hornless loudspeaker,无喇叭扬声器,,2014-05-14
2046666,hose clamp,软管夹,,2014-05-14
2046667,host computer,主电脑,,2014-05-14
2046668,hot baffle,挡热板,,2014-05-14
2046669,hot cathode,热阴极,,2014-05-14
2046670,hot cathode ionization gage,热阴极离子化真空计；热阴极游离真空计,,2014-05-14
2046671,hot cathode ionization gauge,热阴极离子化真空计；热阴极游离真空计,,2014-05-14
2046672,hot cathode rectifier,热阴极整流器,,2014-05-14
2046673,hot cathode tube,热阴极管,,2014-05-14
2046674,hot cathode X-ray tube,热阴极X射线管,,2014-05-14
2046675,hot filter,[加]热滤器,,2014-05-14
2046676,hot laboratory,放射[性]实验室；放射线实验室,,2014-05-14
2046677,hot plate,加热板,,2014-05-14
2046678,hot press,热压机,,2014-05-14
2046679,hot water funnel,热水漏斗,,2014-05-14
2046680,hot well,热阱；热套管,,2014-05-14
2046681,hot wire galvanometer,热线电流计,,2014-05-14
2046682,hot wire measure gauge,热线压力计,,2014-05-14
2046683,hot wire microphone,热线传声器,,2014-05-14
2046684,hot wire oscillograph,热线示波器,,2014-05-14
2046685,hot-air drier,热风干燥器,,2014-05-14
2046686,hot-air funnel,热气漏斗；双层漏斗,,2014-05-14
2046687,hot-cathode lamp,热阴极灯,,2014-05-14
2046688,hot-cathode magnetron ionization gage,热阴极磁控游离[真空]计,,2014-05-14
2046689,hot-cathode magnetron ionization gauge,热阴极磁控游离[真空]计,,2014-05-14
2046690,hot-cathode rectifier,热阴极整流器,,2014-05-14
2046691,hot-cathode tube,热阴极管,,2014-05-14
2046692,hot-cathode valve,热阴极管；热阴极阀,,2014-05-14
2046693,hot-cathode X-ray tube,热阴极X射线管,,2014-05-14
2046694,hot-filament ionization gage,热灯丝游离[真空]计,,2014-05-14
2046695,hot-filament ionization gauge,热灯丝游离[真空]计,,2014-05-14
2046696,hot-spot indicator,热点指示器,,2014-05-14
2046697,hot-strip ammeter,热片安培计,,2014-05-14
2046698,hot-wire ammeter,热线安培计,,2014-05-14
2046699,hot-wire anemometer,热线流速计；热线风速计,,2014-05-14
2046700,hot-wire bridge,热线电桥,,2014-05-14
2046701,hot-wire gage,热线压力计,,2014-05-14
2046702,hot-wire galvanometer,热线电流计,,2014-05-14
2046703,hot-wire gauge,热线压力计,,2014-05-14
2046704,hot-wire manometer,热线压力计,,2014-05-14
2046705,hot-wire microphone,热线传声器,,2014-05-14
2046706,hot-wire oscillograph,热线示波器,,2014-05-14
2046707,hot-wire pressure gage,热线压力计,,2014-05-14
2046708,hot-wire pressure gauge,热线压力计,,2014-05-14
2046709,hot-wire probe,热线探针,,2014-05-14
2046710,hot-wire thermal conductivity detector,热线热导侦检器,,2014-05-14
2046711,hot-wire thermal conductivity gas analyzer,热线热导气体分析仪,,2014-05-14
2046712,hot-wire vacuum gage,热线真空计,,2014-05-14
2046713,hot-wire vacuum gauge,热线真空计,,2014-05-14
2046714,hot-wire voltmeter,热线伏特计,,2014-05-14
2046715,hot-wire wattmeter,热线瓦特计,,2014-05-14
2046718,hum filter,[交流电]哼声滤器；滤哼器,,2014-05-14
2046719,humidifier,增湿器,,2014-05-14
2046720,humidistat,恒湿器；恒湿箱,,2014-05-14
2046721,humidity drier,调湿干燥器,,2014-05-14
2046722,hummer,哼声器,,2014-05-14
2046723,hybrid computer,并合计算机；复合计算机,,2014-05-14
2046724,hybrid control computer,并合控制计算机,,2014-05-14
2046725,hybrid function generator,并合函数[波]产生器,,2014-05-14
2046726,hybrid integrator,并合积分器,,2014-05-14
2046727,hybrid transformer,并合变压器；混合变压器,,2014-05-14
2046728,hydraulic accumulator,液压蓄能器；水压蓄能器,,2014-05-14
2046729,hydraulic actuator,液压引动器；液压致动器,,2014-05-14
2046730,hydraulic agitator,液压搅拌器,,2014-05-14
2046731,hydraulic calender,液压砑光机,,2014-05-14
2046732,hydraulic centrifuge,液压离心机,,2014-05-14
2046733,hydraulic compressor,液压压缩机,,2014-05-14
2046734,hydraulic dynamometer,液压测力计；液压功率计,,2014-05-14
2046735,hydraulic gage,液压表；液压计,,2014-05-14
2046736,hydraulic jack,液压千斤顶,,2014-05-14
2046737,hydraulic jig,水簸器,,2014-05-14
2046738,hydraulic press,液压机；水压机,,2014-05-14
2046739,hydraulic pump,水力泵；液压泵,,2014-05-14
2046740,hydraulic ram,冲撃起水机；液压撞锤,,2014-05-14
2046741,hydraulic ram pump,液压冲撃泵,,2014-05-14
2046742,hydraulic separator,水力分离器,,2014-05-14
2046743,hydraulic tachometer,水力转速计；液压转速计,,2014-05-14
2046744,hydrocarbon analyzer,碳氢化合物分析仪,,2014-05-14
2046745,hydroclassifier,水力类析器,,2014-05-14
2046746,hydrocyclone,流体旋风器；液力分离锥,,2014-05-14
2046747,hydroextractor,脱水机,,2014-05-14
2046748,hydrogen chloride sampling train,氯化氢采样组装,,2014-05-14
2046749,hydrogen discharge tube,氢放电管,,2014-05-14
2046750,hydrogen electrode,氢电极,,2014-05-14
2046751,hydrogen flame detector,氢[火]焰侦检器,,2014-05-14
2046752,hydrogen flame ionization detector,氢[火]焰游离侦检器,,2014-05-14
2046753,hydrogen flame temperature detector,氢[火]焰温度侦检器,,2014-05-14
2046754,hydrogen gas generator,氢[气]发生器；氢[气]产生器,,2014-05-14
2046755,hydrogen generator,氢[气]发生器,,2014-05-14
2046756,hydrogen ion comparator,氢离子比色计,,2014-05-14
2046757,hydrogen ion potentiometer,氢离子电位计,,2014-05-14
2046758,hydrogen thermometer,氢温度计,,2014-05-14
2046759,hydrogen voltameter,氢伏特计,,2014-05-14
2046760,hydrogenation apparatus,氢化装置,,2014-05-14
2046761,hydrogenator,氢化器,,2014-05-14
2046762,hydrogen-chlorine cell,氢氯电解槽,,2014-05-14
2046763,hydrogen-cooled turbine generator,氢冷式涡轮发电机,,2014-05-14
2046764,hydrogen-cooled turbo-generator,氢冷式涡轮发电机,,2014-05-14
2046765,hydrogen-discharge tube,氢放电管,,2014-05-14
2046766,hydrogen-oxygen coulombmeter,氢氧电量计,,2014-05-14
2046767,hydrogen-oxygen coulometer,氢氧电量计,,2014-05-14
2046768,hydrogen-oxygen fuel cell,氢氧燃料电池,,2014-05-14
2046769,hydrogyro,液体浮悬陀螺仪,,2014-05-14
2046770,hydrometer,液体比重计,,2014-05-14
2046771,hydrophone,水中听音器；水听器,,2014-05-14
2046772,hydropress,液压机,,2014-05-14
2046773,hydroscope,水下望远镜；深度计，湿度计,,2014-05-14
2046774,hydrostatic balance,液体静压秤；液体静压天平,,2014-05-14
2046775,hydrostatic force meter,[液体]静压测力计,,2014-05-14
2046776,hydrostatic gage,[液体]静压压力计,,2014-05-14
2046777,hydrostatic gauge,[液体]静压压力计,,2014-05-14
2046778,hydrostatic press,液体静压机,,2014-05-14
2046779,hydrotimetric buret,水硬度滴定管,,2014-05-14
2046780,hyetometer,雨量计,,2014-05-14
2046781,hygrograph,湿度仪,,2014-05-14
2046782,hygrometer,湿度计,,2014-05-14
2046783,hygroscope,验湿器；湿度计,,2014-05-14
2046784,hygrostat,恒湿器；恒湿装置,,2014-05-14
2046785,hyperchromatic lens,多色差透镜,,2014-05-14
2046786,hypo bath,海波浴；显影浴,,2014-05-14
2046787,hypsometer,[沸点]测高计,,2014-05-14
2046788,hypsothermometer,沸点测高计,,2014-05-14
2046789,hysteresimeter,磁滞计,,2014-05-14
2046790,hysteresis meter,磁滞计,,2014-05-14
2046791,I beam,I梁,,2014-05-14
2046792,I/P transducer,电流气动转换器,,2014-05-14
2046794,IC laser scanning inspection system,积体电路雷射扫描检测系统,,2014-05-14
2046795,IC lead vision inspection system,积体电路接脚视像检测系统,,2014-05-14
2046796,ice bath,冰浴,,2014-05-14
2046797,ice breaker,碎冰器,,2014-05-14
2046798,ice calorimeter,冰卡计；冰量热计,,2014-05-14
2046799,ice chopper,碎冰机,,2014-05-14
2046800,ice condenser,冰冷凝器,,2014-05-14
2046801,ice crusher,碎冰机,,2014-05-14
2046802,ice mill,磨冰机,,2014-05-14
2046803,ice scraper,刮冰机,,2014-05-14
2046804,ice-making machine,制冰机,,2014-05-14
2046805,iconometer,光像测定器；图像计,,2014-05-14
2046806,iconoscope,光电[显]像管,,2014-05-14
2046808,ideal transducer,理想转换器,,2014-05-14
2046809,ideal transformer,理想变压器；理想变量器,,2014-05-14
2046810,ideal tubular reactor,理想管式反应器,,2014-05-14
2046811,igniter,点火器,,2014-05-14
2046812,ignition device,点火装置,,2014-05-14
2046813,ignitor,点火器,,2014-05-14
2046814,ignitron,水银整流管,,2014-05-14
2046815,illuminated body,受照体,,2014-05-14
2046816,illuminatic photometer,照明光度计,,2014-05-14
2046817,illuminating apparatus,照明器,,2014-05-14
2046818,illumination photometer,照明光度计,,2014-05-14
2046819,illuminator,照明器；施照器,,2014-05-14
2046820,illuminometer,照度计,,2014-05-14
2046821,image amplifier,影像放大器,,2014-05-14
2046822,image analyzer,影像分析仪,,2014-05-14
2046823,image converter,显像管；影像转换器,,2014-05-14
2046824,image detector,探像器；影像侦测器,,2014-05-14
2046825,image dissector,析像管；筛像管,,2014-05-14
2046826,image iconoscope,影像[超级]光电显像管,,2014-05-14
2046827,image intensifier,像亮化器；像强化器；影像增强器,,2014-05-14
2046828,image multiplier,影像倍增器,,2014-05-14
2046829,image orthicon,[直线性]光电显像管；[直线性]光电发像管；[直线性]光电摄像管,,2014-05-14
2046830,image scanner,影像扫描器,,2014-05-14
2046831,image sensor,影像感测器,,2014-05-14
2046832,image storage,影像储存器,,2014-05-14
2046833,image translator,影像变换器,,2014-05-14
2046834,image tube,影像管,,2014-05-14
2046835,immersion cooler,沉浸冷却器,,2014-05-14
2046836,immersion electrode,液浸电极；浸没电极,,2014-05-14
2046837,immersion heater,液浸加热器；浸没加热器,,2014-05-14
2046838,immersion lens,浸没透镜；液浸透镜,,2014-05-14
2046839,immersion objective,浸[没]物镜,,2014-05-14
2046840,immersion pump,浸液泵,,2014-05-14
2046841,immersion reflectometer,浸没反射计,,2014-05-14
2046842,immersion refractometer,浸没折射计,,2014-05-14
2046843,immersion well photoreactor,浸没井光反应装置,,2014-05-14
2046844,impact attenuator,碰撞衰减器,,2014-05-14
2046845,impact mill,冲撃磨机,,2014-05-14
2046846,impact pulverizer,冲撃粉碎机,,2014-05-14
2046847,impact tester,撞撃试验器；撞撃试验机,,2014-05-14
2046848,impact testing machine,撞撃试验机,,2014-05-14
2046849,impedance analyzer,阻抗分析仪,,2014-05-14
2046850,impedance bridge,阻抗电桥,,2014-05-14
2046851,impedance magnetometer,阻抗磁强计,,2014-05-14
2046852,impedance relay,阻抗继电器,,2014-05-14
2046853,impedance transformer,阻抗变量器；阻抗变压器,,2014-05-14
2046854,impedance-coupled amplifier,阻抗偶合放大器,,2014-05-14
2046855,impedometer,波导阻抗计,,2014-05-14
2046856,impeller pump,叶轮泵,,2014-05-14
2046857,impeller type pulverizer,叶轮式粉碎机,,2014-05-14
2046858,impregnated clothing,浸渍防毒衣,,2014-05-14
2046859,impulsator,脉冲发生器,,2014-05-14
2046860,impulse analyzer,脉冲分析器,,2014-05-14
2046861,impulse counter,脉冲计数器,,2014-05-14
2046862,impulse current generator,脉冲电流产生器,,2014-05-14
2046863,impulse exciter,脉冲激发器,,2014-05-14
2046864,impulse generator,脉冲发电器；脉冲产生器,,2014-05-14
2046865,impulse oscillograph,脉冲示波器,,2014-05-14
2046866,impulse regenerator,脉冲再生器,,2014-05-14
2046867,impulse relay,脉冲继电器,,2014-05-14
2046868,impulse repeater,脉冲转发器,,2014-05-14
2046869,impulse scaler,脉冲计数器,,2014-05-14
2046870,impulse sender,脉冲发送器,,2014-05-14
2046871,impulse tachometer,脉冲转速计,,2014-05-14
2046872,impulse voltage generator,脉冲电压产生器,,2014-05-14
2046873,incandescent burner,白炽[燃烧]灯,,2014-05-14
2046874,incandescent lamp,白炽灯,,2014-05-14
2046875,incinerator,焚化炉,,2014-05-14
2046876,inclined gage,斜管液位计,,2014-05-14
2046877,inclined gauge,斜管液位计,,2014-05-14
2046878,inclined manometer,斜管压力计,,2014-05-14
2046879,inclined retort,斜甑,,2014-05-14
2046880,inclined tube evaporator,斜管蒸发器,,2014-05-14
2046881,inclinometer,倾斜计；磁倾计；倾斜仪,,2014-05-14
2046882,incremental computer,递增计算机,,2014-05-14
2046883,incremental integrator,递增积分器,,2014-05-14
2046884,incremental recorder,递增记录器,,2014-05-14
2046885,incubator,培养器；孵化器；保温箱,,2014-05-14
2046886,incubator cabinet,培养室,,2014-05-14
2046887,index glass,[指]标镜,,2014-05-14
2046888,index plate,分度盘；标盘,,2014-05-14
2046889,indicanometer,靛素计,,2014-05-14
2046890,indicating flowmeter,指示流量计,,2014-05-14
2046891,indicating gage,指示计,,2014-05-14
2046892,indicating gauge,指示计,,2014-05-14
2046893,indicating instrument,指示仪器,,2014-05-14
2046894,indicating lamp,指示灯,,2014-05-14
2046895,indicator,指示器,,2014-05-14
2046896,indicator electrode,指示电极,,2014-05-14
2046897,indicator lamp,指示灯,,2014-05-14
2046898,indium foil detector,铟箔侦检器,,2014-05-14
2046899,indium phosphide solar cell,磷化铟太阳[能]电池,,2014-05-14
2046900,induced draft cooling tower,抽气通风冷却塔,,2014-05-14
2046901,induced-draft fan,抽气通风扇,,2014-05-14
2046902,"Inductance (L), Capacitance (C), and Resistance (R) meter {= LCR meter}",电感电容电阻测试仪,,2014-05-14
2046903,inductance bridge,电感电桥,,2014-05-14
2046904,induction accelerator,感应加速器,,2014-05-14
2046905,induction accumulator,感应积蓄器；感应蓄电器,,2014-05-14
2046906,induction alternator,感应交流发电机,,2014-05-14
2046907,induction ammeter,感应安培计,,2014-05-14
2046908,induction coil,感应圈,,2014-05-14
2046909,induction compass,感应罗盘,,2014-05-14
2046910,induction dynamometer,感应功率计,,2014-05-14
2046911,induction electron accelerator,感应电子加速器,,2014-05-14
2046912,induction electron accumulator,感应电子蓄电器,,2014-05-14
2046913,induction flowmeter,感应流量计,,2014-05-14
2046914,induction frequency meter,感应频率计,,2014-05-14
2046915,induction furnace,感应电炉,,2014-05-14
2046916,induction generator,感应发电机,,2014-05-14
2046917,induction heater,感应加热器,,2014-05-14
2046918,induction interrupter,感应断续器,,2014-05-14
2046919,induction machine,感应电机,,2014-05-14
2046920,induction motor,感应电动机；感应马达,,2014-05-14
2046921,induction regulator,感应调整器,,2014-05-14
2046922,induction relay,感应继电器,,2014-05-14
2046923,induction synchronous motor,感应同步电动机,,2014-05-14
2046924,induction type voltage regulator,感应式电压调节器,,2014-05-14
2046925,induction voltage regulator,感应电压调整器,,2014-05-14
2046926,induction wattmeter,感应瓦特计,,2014-05-14
2046927,inductive resistor,有感电阻器；感应电阻器,,2014-05-14
2046928,inductive shunt,有感分流器；感应分流器,,2014-05-14
2046929,inductively coupled plasma mass spectrometer {= ICP-MS},感应耦合电浆质谱仪；感应偶合电浆质谱仪,,2014-05-14
2046930,inductometer,电感计,,2014-05-14
2046931,inductor,感应器；感应体,,2014-05-14
2046932,inductor alternator,感应体交流发电机,,2014-05-14
2046933,inductor generator,感应体发电机,,2014-05-14
2046934,industrial safety mask,工业安全面具,,2014-05-14
2046935,inertia bar,惯量棒,,2014-05-14
2046936,inertia stabilizer,惯性稳定器,,2014-05-14
2046937,inertia starter,惯性起动器,,2014-05-14
2046938,influence machine,感应起电机,,2014-05-14
2046939,influent tank,进流槽,,2014-05-14
2046940,information processor,资讯处理器；信息处理器,,2014-05-14
2046941,information separator,资讯分离器；信息分离器,,2014-05-14
2046942,information storing device,信息储存器；资讯储存器,,2014-05-14
2046943,infracord spectrophotometer,红外记录分光光度计,,2014-05-14
2046944,infrared absorption spectrometer,红外[线]吸收光谱仪,,2014-05-14
2046945,infrared analyzer,红外[线]分析仪,,2014-05-14
2046946,infrared beam splitter,红外[线]裂光镜,,2014-05-14
2046947,infrared detector,红外[线]侦检器,,2014-05-14
2046948,infrared drier,红外[线]干燥器,,2014-05-14
2046949,infrared drying oven,红外[线]烘箱,,2014-05-14
2046950,infrared filter,红外[线]滤光器,,2014-05-14
2046951,infrared gas analyzer,红外[线]气体分析器,,2014-05-14
2046952,infrared heater,红外[线]加热器,,2014-05-14
2046953,infrared illuminator,红外[线]施照器；红外线照明器,,2014-05-14
2046954,infrared lamp,红外[线]灯,,2014-05-14
2046955,infrared laser,红外[线]雷射,,2014-05-14
2046956,infrared microscope,红外[线]显微镜,,2014-05-14
2046957,infrared photometer,红外[线]光度计,,2014-05-14
2046958,infrared pyrometer,红外[线]高温计,,2014-05-14
2046959,infrared radiometer,红外[线]辐射计,,2014-05-14
2046960,infrared receiver,红外[线]接收器,,2014-05-14
2046961,infrared scanner,红外[线]扫描器,,2014-05-14
2046962,infrared scanning radiometer,红外[线]扫描辐射计,,2014-05-14
2046963,infrared sensor,红外[线]感测器,,2014-05-14
2046964,infrared spectrophotometer,红外[线]分光光度计；红外[线]光谱仪,,2014-05-14
2046965,infrared spectroscope,红外[线]分光镜,,2014-05-14
2046966,infrared telescope,红外[线]望远镜,,2014-05-14
2046967,infrared transmitter,红外[线]发射器,,2014-05-14
2046968,infusion pump,注射帮浦；输液帮浦,,2014-05-14
2046969,inhaler,吸入器,,2014-05-14
2046970,injection grid,注频栅极；注入栅极,,2014-05-14
2046971,injection heater,注射加热器,,2014-05-14
2046972,injection laser,注入型雷射,,2014-05-14
2046973,injection molding machine,射出成型机,,2014-05-14
2046974,injection pump,注射泵,,2014-05-14
2046975,injection syringe,注射器,,2014-05-14
2046976,injector,注射器；射出器,,2014-05-14
2046977,ink vapor recorder,墨汽记录器,,2014-05-14
2046978,inlet manifold,进气歧管；入口歧管,,2014-05-14
2046979,inlet splitter,入口分流器,,2014-05-14
2046980,in-line filter,管线过滤器,,2014-05-14
2046981,inoculum pan,培养皿,,2014-05-14
2046982,in-phase potentiometer,同相[位]电位计,,2014-05-14
2046983,input amplifier,输入放大器,,2014-05-14
2046984,input buffer,输入缓冲器,,2014-05-14
2046985,input generator,输入[信号]产生器,,2014-05-14
2046986,input register,输入暂存器,,2014-05-14
2046987,input resonator,输入共振器,,2014-05-14
2046988,input/output processor,输入／输出处理器,,2014-05-14
2046989,input-output register,输入输出暂存器,,2014-05-14
2046990,inside calipers,内卡钳；内径规,,2014-05-14
2046991,inside callipers,内卡钳；内径规,,2014-05-14
2046992,inside gage,内径规；内卡钳,,2014-05-14
2046993,inside gauge,内径规；内卡钳,,2014-05-14
2046994,inside micrometer,内测微计,,2014-05-14
2046995,inspirator,吸气器,,2014-05-14
2046996,instruction counter,指令计数器,,2014-05-14
2046997,instruction register,指令暂存器,,2014-05-14
2046998,instrument panel,仪表板,,2014-05-14
2046999,insulation testing set,绝缘试验器；绝缘测试器,,2014-05-14
2047000,insulation-resistance tester,绝缘电阻试验器；绝缘电阻测试器,,2014-05-14
2047001,insulator,绝缘体；绝缘器,,2014-05-14
2047002,intake silencer,进气消音器,,2014-05-14
2047003,intake valve,进气阀,,2014-05-14
2047004,integraph,积分仪；积分器,,2014-05-14
2047005,integrated circuit {= IC},积体电路,,2014-05-14
2047006,integrated demand meter,累积需量计,,2014-05-14
2047007,integrating amplifier,积分放大器,,2014-05-14
2047008,integrating capacitor,积分电容器,,2014-05-14
2047009,integrating dosimeter,积算剂量计；累计剂量计,,2014-05-14
2047010,integrating galvanometer,积算电流计；积分电流器；累计电流计,,2014-05-14
2047011,integrating ionization chamber,积算游离室,,2014-05-14
2047012,integrating luxmeter,积算照度计；积分照度计,,2014-05-14
2047013,integrating luxometer,积算照度计；积分照度计,,2014-05-14
2047014,integrating meter,积量计,,2014-05-14
2047015,integrating photometer,积算光度计；积分光度计,,2014-05-14
2047016,integrating sphere,积分球,,2014-05-14
2047017,integrating wattmeter,积算瓦特计；积分瓦特计,,2014-05-14
2047018,integrator,积算器；积分器；积分仪,,2014-05-14
2047019,integrometer,转量计算器,,2014-05-14
2047020,intelligent terminal,智慧[型]终端机,,2014-05-14
2047021,intensifier,增强器；强化器；亮化器,,2014-05-14
2047022,intensifying screen,增光屏,,2014-05-14
2047023,intensimeter,强度计,,2014-05-14
2047024,intensitometer,强度计,,2014-05-14
2047025,intensity modulated indicator,亮度调制指示器,,2014-05-14
2047026,intensity modulation scanner,亮度调制扫描器,,2014-05-14
2047027,intensity reducer,减强器,,2014-05-14
2047028,interchangable connector,可替换连接器,,2014-05-14
2047029,interchangeable type bar,可换印字杆,,2014-05-14
2047030,interface controller,界面控制器,,2014-05-14
2047031,interfacial tensimeter,界面张力计,,2014-05-14
2047032,interference comparator,[光]干涉比较仪,,2014-05-14
2047033,interference dilatometer,干涉膨胀计,,2014-05-14
2047034,interference eliminator,干扰消除器,,2014-05-14
2047035,interference filter,干涉滤光器,,2014-05-14
2047036,interference generator,干扰发生器,,2014-05-14
2047037,interference locator,干扰定位器,,2014-05-14
2047038,interference microscope,干涉[式]显微镜,,2014-05-14
2047039,interference photometer,干涉光度计,,2014-05-14
2047040,interference reflector,干涉反射镜,,2014-05-14
2047041,interference refractometer,干涉折射计,,2014-05-14
2047042,interference spectroscope,干涉分光镜；干涉分光仪,,2014-05-14
2047043,interferometer,干涉计；干涉仪,,2014-05-14
2047044,interferometer radiometer,干涉辐射计,,2014-05-14
2047045,interferometric manometer,干涉压力计,,2014-05-14
2047046,interferometric radiometer,干涉辐射计,,2014-05-14
2047047,interferoscope,干涉镜,,2014-05-14
2047048,interlocked circuit breaker,互锁断路器,,2014-05-14
2047049,intermediate crusher,中级压碎机,,2014-05-14
2047050,intermediate frequency amplifier,中频放大器,,2014-05-14
2047051,intermediate frequency transformer,中频变压器,,2014-05-14
2047052,intermediate image spectrometer,中间成像能谱计,,2014-05-14
2047053,intermediate lens,中间透镜,,2014-05-14
2047054,intermediate reactor,中能[中子]反应器；中速[中子]反应器,,2014-05-14
2047055,intermediate switch,中间接线器,,2014-05-14
2047057,intermittent drier,间歇干燥室,,2014-05-14
2047058,intermittent kiln,间歇窑,,2014-05-14
2047059,intermittent mixer,间歇混合机,,2014-05-14
2047060,intermittent recorder,打点式记录器；间歇式记录器,,2014-05-14
2047061,internal bevel gear,内斜齿轮,,2014-05-14
2047062,internal calipers,内径规；内卡钳,,2014-05-14
2047063,internal callipers,内径规；内卡钳,,2014-05-14
2047064,internal combustion engine,内燃机,,2014-05-14
2047065,internal gear pump,内齿轮泵,,2014-05-14
2047066,internal micrometer,内测微计,,2014-05-14
2047067,internal mixer,密闭混合机,,2014-05-14
2047068,interphase reactor,相间反应器,,2014-05-14
2047069,interpolation filter,内插滤波器,,2014-05-14
2047070,interpole shunt,极闸分流器,,2014-05-14
2047071,interrupter,断续器,,2014-05-14
2047072,interruptor,断续器,,2014-05-14
2047073,interval timer,间隔定时器,,2014-05-14
2047074,intrinsic semiconductor,本质性半导体；固有半导体,,2014-05-14
2047075,inverse speed motor,降速电动机；降速马达,,2014-05-14
2047076,invert range finder,倒像测距仪,,2014-05-14
2047077,inverted amplifier,反相放大器,,2014-05-14
2047078,inverted rectifier,反用整流器；反向整流器,,2014-05-14
2047079,inverted vacuum tube,反用真空管,,2014-05-14
2047080,inverter,反用[整流]器；反向器；反相器；换流器,,2014-05-14
2047081,inverting amplifier,反相放大器,,2014-05-14
2047082,inverting prism,倒像棱镜,,2014-05-14
2047083,iodine coulometer,碘电量计,,2014-05-14
2047084,iodine number flask,碘值[烧]瓶,,2014-05-14
2047085,ion accelerator,离子加速器,,2014-05-14
2047086,ion activity electrode,离子活性电极,,2014-05-14
2047087,ion chamber,离子室,,2014-05-14
2047088,ion chromatograph,离子层析仪,,2014-05-14
2047089,ion collector,离子收集器,,2014-05-14
2047090,ion concentration cell,离子浓度电池,,2014-05-14
2047091,ion counter,离子计数器,,2014-05-14
2047092,ion detector,离子侦检器,,2014-05-14
2047093,ion exchange column,离子交换管柱,,2014-05-14
2047094,ion exchanger,离子交换器,,2014-05-14
2047095,ion gage,离子真空计,,2014-05-14
2047096,ion gauge,离子真空计,,2014-05-14
2047097,ion gun,离子枪,,2014-05-14
2047098,ion magnetron,离子磁控管,,2014-05-14
2047099,ion pump,离子泵,,2014-05-14
2047100,ion repeller,离子反射器,,2014-05-14
2047101,ion resonance analyzer,离子共振分析仪,,2014-05-14
2047102,ion resonance mass spectrometer,离子共振质谱仪,,2014-05-14
2047103,ion scattering spectrometer {= ISS},离子散射谱仪,,2014-05-14
2047104,ion transport cell,离子迁移室,,2014-05-14
2047105,ion trap,离子阱,,2014-05-14
2047106,ion trap mass spectrometer,离子阱质谱仪,,2014-05-14
2047107,ion tube,离子管,,2014-05-14
2047108,ion-exchange reactor,离子交换反应器,,2014-05-14
2047109,ionic centrifuge,离子离心机,,2014-05-14
2047110,ionic microscope,离子显微镜,,2014-05-14
2047111,ionic quantimeter,离子量计,,2014-05-14
2047112,ionic wind voltmeter,离子风伏特计,,2014-05-14
2047113,ionization cell,游离[测定]池,,2014-05-14
2047114,ionization chamber,游离室,,2014-05-14
2047115,ionization counter,游离计数器,,2014-05-14
2047116,ionization cross-section detector,游离截面侦检器,,2014-05-14
2047117,ionization detector,游离侦检器；游离侦测器,,2014-05-14
2047118,ionization dosimeter,游离剂量计,,2014-05-14
2047119,ionization gage,游离真空计,,2014-05-14
2047120,ionization gauge,游离真空计,,2014-05-14
2047121,ionization manometer,游离压力计,,2014-05-14
2047122,ionization pump,游离泵,,2014-05-14
2047123,ionization vacuum gage,游离真空计,,2014-05-14
2047124,ionization vacuum gauge,游离真空计,,2014-05-14
2047125,ionometer,离子计,,2014-05-14
2047126,ionophone,离子扬声器,,2014-05-14
2047127,ionotron,静电离子消除器；电浆[离子]加速器,,2014-05-14
2047128,ion-scattering spectrometer,离子散射谱仪,,2014-05-14
2047129,IR laser,红外[线]雷射,,2020-03-23
2047130,iraser,红外[线]雷射,,2020-03-23
2047131,iris diaphragm,彩帘光阑,,2014-05-14
2047132,iron core reactor,铁心电抗器,,2014-05-14
2047133,iron core transformer,铁心变压器,,2014-05-14
2047134,iron stand,铁架,,2014-05-14
2047135,iron-nickel accumulator,铁镍蓄电池[组] {爱迪生蓄电池},,2020-03-23
2047136,irreversible cell,不可逆电池,,2014-05-14
2047137,isochronous cyclotron,等时回旋加速器,,2014-05-14
2047138,isodose recorder,等剂量记录器,,2014-05-14
2047139,isokinetic measurement system,等速肌力测试系统,,2014-05-14
2047140,isolated mask,隔离[防毒]面具,,2014-05-14
2047141,isolating switch,隔离开关,,2014-05-14
2047142,isophotometer,等光度计,,2014-05-14
2047143,isothermal reactor,等温反应器,,2014-05-14
2047144,isotope can,同位素容器,,2014-05-14
2047145,isotope dispenser,同位素配量器；同位素计量器,,2014-05-14
2047146,isotope scanner,同位素扫描器,,2014-05-14
2047147,isotron,同位素分离器,,2014-05-14
2047149,jack,起重器；千斤顶,,2014-05-14
2047150,jacket,套；夹套,,2014-05-14
2047151,jacketed evaporator,夹套蒸发器,,2014-05-14
2047152,jacketed kettle,套锅,,2014-05-14
2047153,jackhammer drill,手提锤钻,,2014-05-14
2047154,jar fermenter,缸式发酵槽,,2014-05-14
2047155,jaw breaker,颚式碎裂机,,2014-05-14
2047156,jaw crusher,颚式压碎机,,2014-05-14
2047157,jet chamber,喷雾室,,2014-05-14
2047158,jet condenser,喷[射冷]凝器,,2014-05-14
2047159,jet drier,喷射干燥器,,2014-05-14
2047160,jet ejector,喷射式射出器,,2014-05-14
2047161,jet ejector pump,喷射泵,,2014-05-14
2047162,jet mill,喷射磨机,,2014-05-14
2047163,jet pump,喷射泵,,2014-05-14
2047164,jig,簸选机,,2014-05-14
2047165,jigger,簸选机,,2014-05-14
2047166,jigging screen,簸选筛,,2014-05-14
2047167,jigging sieve,簸选筛,,2014-05-14
2047168,joint,接头,,2014-05-14
2047169,joint box,接线盒,,2014-05-14
2047170,joint sleeve,接线套管；连接套筒,,2014-05-14
2047171,Jones reductor,琼斯还原器,,2014-05-14
2047172,joulemeter,焦耳计,,2014-05-14
2047173,junction box,接线盒,,2014-05-14
2047174,junction laser,接面[型]雷射,,2014-05-14
2047175,junction transistor,接合电晶体；接面[型]电晶体,,2014-05-14
2047176,kalimeter,二氧化碳定量器；碳酸[碱]定量器；碱度计,,2014-05-14
2047177,katathermometer,冷却率温度计,,2014-05-14
2047178,kelvin balance,克耳文[电]秤,,2014-05-14
2047179,kelvin bridge,克耳文电桥,,2014-05-14
2047180,Kelvin probe,克耳文探头,,2014-05-14
2047181,key board,键盘,,2014-05-14
2047182,key button,链钮；钥钮,,2014-05-14
2047183,key punch,按键打孔机,,2014-05-14
2047184,keyboard perforator,键盘穿孔机,,2014-05-14
2047185,keyboard printer,键盘列表机,,2014-05-14
2047186,keyboard punch,键盘打孔机,,2014-05-14
2047187,keyboard send/receive {= KSR},键盘收发机,,2014-05-14
2047188,kick sorter,脉冲高度分析器,,2014-05-14
2047189,kiln,窑,,2014-05-14
2047190,kinematic viscometer,动黏度计,,2014-05-14
2047191,kinematic viscosimeter,动黏度计,,2014-05-14
2047192,kinetic pump,动能泵,,2014-05-14
2047193,king bolt,大螺栓,,2014-05-14
2047194,Kipp gas generator,基普[气体]发生器,,2014-05-14
2047195,Kipp generator,基普[气体]发生器,,2014-05-14
2047196,klystron,调速电子管,,2014-05-14
2047197,klystron amplifier,调速管放大器,,2014-05-14
2047198,klystron cavity,调速管谐振器,,2014-05-14
2047199,klystron multiplier,调速管倍增强器,,2014-05-14
2047200,klystron oscillator,调速管振荡器,,2014-05-14
2047201,kneader,捏揉机,,2014-05-14
2047202,knife barker,刀式去皮机,,2014-05-14
2047203,knife blade,刀片,,2014-05-14
2047204,knife switch,闸刀开关,,2014-05-14
2047205,knob,钮,,2014-05-14
2047206,knock indicator,爆震指示器,,2014-05-14
2047207,konimeter,空气尘量计,,2014-05-14
2047208,krypton ionization detector,氪游离侦检器,,2014-05-14
2047210,kymograph,[转筒]记波器,,2014-05-14
2047211,laboratory,实验室,,2014-05-14
2047212,laboratory cart,实验室手推车,,2014-05-14
2047213,lactometer,乳比重计,,2014-05-14
2047214,lagged-demand meter,时滞需量计,,2014-05-14
2047215,lamp bracket,灯架,,2014-05-14
2047216,lapping tool,研光具,,2014-05-14
2047217,lasecon,雷射转换器,,2014-05-14
2047219,laser amplifier,雷射放大器,,2014-05-14
2047220,laser beam diagnostics,雷射光束能量分布仪,,2014-05-14
2047221,laser beam splitter,雷射裂光镜,,2014-05-14
2047222,laser calorimeter,雷射量热计,,2014-05-14
2047223,laser camera,雷射摄像机；雷射照像机,,2014-05-14
2047224,laser cavity,雷射腔,,2014-05-14
2047225,laser controlled thermonuclear reactor {= LCTR},雷射控制热核反应器,,2014-05-14
2047226,laser demodulator,雷射解调器,,2014-05-14
2047227,laser designator,雷射指示器,,2014-05-14
2047228,laser desorption mass spectrometer,雷射脱附质谱仪,,2014-05-14
2047229,laser detector,雷射侦检器,,2014-05-14
2047230,laser diode,雷射二极体,,2014-05-14
2047231,laser Doppler anemometer,雷射都卜勒风速计,,2014-05-14
2047232,laser Doppler displacement meter,雷射都卜勒测距仪,,2014-05-14
2047233,laser Doppler microscope,雷射都卜勒显微镜,,2014-05-14
2047234,laser Doppler velocimeter,雷射[都卜勒]速度计；雷射都卜勒测速计,,2014-05-14
2047235,laser energy meter,雷射能量计,,2014-05-14
2047236,laser etalon,雷射标准具,,2014-05-14
2047237,laser gage,雷射测径仪,,2014-05-14
2047238,laser gauge,雷射测径仪,,2014-05-14
2047239,laser generator,雷射发生器,,2014-05-14
2047240,laser gun,雷射枪,,2014-05-14
2047241,laser gyroscope,雷射陀螺仪,,2014-05-14
2047242,laser image-speckle interferometer,雷射影像－斑点干涉仪,,2014-05-14
2047243,laser interferometer,雷射干涉仪,,2014-05-14
2047244,laser level,雷射水平仪,,2014-05-14
2047245,laser lever,雷射杠杆,,2014-05-14
2047246,laser locator,雷射定位器；雷射探测器,,2014-05-14
2047247,laser marking system,雷射打印系统,,2014-05-14
2047248,laser oscillator,雷射振荡器,,2014-05-14
2047249,laser power meter,雷射功率计,,2014-05-14
2047250,laser printer,雷射印表机,,2014-05-14
2047251,laser pumping cavity,雷射激发腔,,2014-05-14
2047252,laser Raman scattering spectrometer,雷射拉曼散射光谱仪,,2014-05-14
2047253,laser range finder,雷射测距仪,,2014-05-14
2047254,laser rangefinder,雷射测距仪,,2014-05-14
2047255,laser receiver,雷射接收器,,2014-05-14
2047256,laser resonator,雷射谐振器,,2014-05-14
2047257,laser resonator cavity,雷射共振腔,,2014-05-14
2047258,laser rod,雷射棒,,2014-05-14
2047259,laser rotational sensor,雷射转动感测器,,2014-05-14
2047260,laser scanner for barcode reader,雷射扫描条码器,,2014-05-14
2047261,laser scattering spectrometer,雷射散射光谱仪,,2014-05-14
2047262,laser target designator,雷射目标指示仪,,2014-05-14
2047263,laser transceiver,雷射收发器,,2014-05-14
2047264,laser transmitter,雷射发射器,,2014-05-14
2047265,laser velocimeter,雷射速度计；雷射测速计,,2014-05-14
2047267,latch block,闩柄,,2014-05-14
2047268,latent heat calorimeter,潜热卡计,,2014-05-14
2047269,lateral shear interferometer,横向剪切干涉仪,,2014-05-14
2047270,latexometer,乳胶计,,2014-05-14
2047271,lathe,车床；铣床,,2014-05-14
2047272,lattice type filter,格型滤波器,,2014-05-14
2047273,lattice-type filter,格型滤波器,,2014-05-14
2047277,leaching tank,沥取槽,,2014-05-14
2047278,lead accumulator,铅蓄电池,,2014-05-14
2047279,lead chamber,铅室,,2014-05-14
2047280,lead container,铅容器,,2014-05-14
2047281,lead coulometer,铅电量计,,2014-05-14
2047282,lead storage battery,铅蓄电池[组],,2014-05-14
2047283,lead sulfide photodetector,硫化铅光侦检器,,2014-05-14
2047284,lead-baffled collimator,铅闸准直仪,,2014-05-14
2047285,lead-zinc accumulator,铅锌蓄电池,,2014-05-14
2047286,lead-zinc storage battery,铅锌蓄电池,,2014-05-14
2047287,leaf electrometer,[金]箔静电计,,2014-05-14
2047288,leaf filter,叶滤器,,2014-05-14
2047289,leak detector,测漏器,,2014-05-14
2047290,leak localizer,测漏器；渗漏定位器,,2014-05-14
2047291,leak tester,检漏器,,2014-05-14
2047292,leak vibroscope,扩音测漏仪；振动测漏仪,,2014-05-14
2047293,leakage alarm,漏泄警报器,,2014-05-14
2047294,leakage detector,测漏器；漏泄侦检器,,2014-05-14
2047295,leakage indicator,漏电指示器,,2014-05-14
2047296,leakage tester,检漏器,,2014-05-14
2047297,leakproof gasket,防漏垫圈,,2014-05-14
2047298,leakproof pump,密封泵,,2014-05-14
2047299,leather board,革板,,2014-05-14
2047302,length gage,长度计,,2014-05-14
2047303,length gauge,长度计,,2014-05-14
2047304,length register,长度暂存器,,2014-05-14
2047305,length scale,长度规,,2014-05-14
2047306,lens,透镜,,2014-05-14
2047307,lens centration equipment,透镜定心仪,,2014-05-14
2047308,lens condenser,透镜聚光器,,2014-05-14
2047309,lens cone,镜筒,,2014-05-14
2047310,lens holder,透镜架,,2014-05-14
2047311,lens pyrometer,透镜高温计,,2014-05-14
2047312,lens spectrometer,透镜分光计；透镜光谱仪,,2014-05-14
2047313,lens tester,透镜检验器,,2014-05-14
2047314,lens type radiation pyrometer,透镜辐射高温计,,2014-05-14
2047315,lens-coupled viewfinder,透镜偶合瞄准器,,2014-05-14
2047316,lensometer,焦度计,,2014-05-14
2047317,level,水准仪；水平仪,,2014-05-14
2047318,level compensator,水准仪补偿器,,2014-05-14
2047319,level controller,液位调节器,,2014-05-14
2047320,level gage,液位计,,2014-05-14
2047321,level gauge,液位计,,2014-05-14
2047322,level indicator,液位指示器,,2014-05-14
2047323,level recorder,液位记录器,,2014-05-14
2047324,level regulator,液位调节器,,2014-05-14
2047325,leveling bottle,水准瓶,,2014-05-14
2047326,leveling bulb,水准球管,,2014-05-14
2047327,leveling rod,水准尺,,2014-05-14
2047328,levelling bottle,水准瓶,,2014-05-14
2047329,levelling bulb,水准球管,,2014-05-14
2047330,levelling rod,水准尺,,2014-05-14
2047331,level-sensing device,液位感测器,,2014-05-14
2047332,lever balance,杠杆天平,,2014-05-14
2047333,life guard,排障器,,2014-05-14
2047334,lift,升液器；升降机,,2014-05-14
2047335,lift pump,升液泵；提升泵；吸取泵,,2014-05-14
2047336,lifter,升降机；升液器,,2014-05-14
2047337,light amplification by stimulated emission of radiation {= laser},雷射,,2014-05-14
2047338,light amplifier,光增强器,,2014-05-14
2047339,light beam galvanometer,光束电流计,,2014-05-14
2047340,light beam liquid level detector,光束液位侦检器,,2014-05-14
2047341,light beam splitter,光束分光镜,,2014-05-14
2047342,light beam welding machine,光束熔焊机,,2014-05-14
2047343,light consumer,减光器,,2014-05-14
2047344,light emitting diode {= LED},发光二极体,,2014-05-14
2047345,light filter,滤光器,,2014-05-14
2047346,light intensity meter,照度计；光强度计,,2014-05-14
2047347,light meter,照度计；光强度计,,2014-05-14
2047348,light modulator,调光器,,2014-05-14
2047349,light pen,光笔,,2014-05-14
2047350,light pipe,光导管,,2014-05-14
2047351,light source,光源,,2014-05-14
2047352,light trap,光阱,,2014-05-14
2047353,light water reactor,轻水[式]反应器,,2014-05-14
2047354,light-distribution photometer,[光]分布光度计；配光光度计,,2014-05-14
2047355,lighter,点火器；打火机,,2014-05-14
2047356,light-house tube,盘封三极管；碟封三极管,,2014-05-14
2047357,lightning arrester,避雷器,,2014-05-14
2047358,lightning conductor,避雷针,,2014-05-14
2047359,lightning protector plate,避雷板,,2014-05-14
2047360,lightning rod,避雷针,,2014-05-14
2047361,light-scattering photometer,光散射光度计,,2014-05-14
2047362,light-sensitive detector,光敏侦检器,,2014-05-14
2047363,lime slaker,消石灰器；石灰熟化器,,2014-05-14
2047364,limit gage,限规,,2014-05-14
2047365,limit switch,限制开关,,2014-05-14
2047366,limiter,限制器,,2014-05-14
2047367,limiting amplifier,限制放大器,,2014-05-14
2047368,line amplifier,线路放大器,,2014-05-14
2047369,line light source,线光源,,2014-05-14
2047370,line printer,列印机；列表机,,2014-05-14
2047371,line source,线光源,,2014-05-14
2047372,line switch,线路开关,,2014-05-14
2047373,line tape,卷尺,,2014-05-14
2047374,linear accelerator,线性加速器；直线加速器,,2014-05-14
2047375,linear accelerograph,线性加速记录器,,2014-05-14
2047376,linear amplifier,线性放大器,,2014-05-14
2047377,linear buffer,线性缓冲器,,2014-05-14
2047378,linear detector,线性侦测器；线性侦检器,,2014-05-14
2047379,linear electron accelerator,线性电子加速器；直线电子加速器,,2014-05-14
2047380,linear multiple accelerator,线性倍增加速器,,2014-05-14
2047381,linear oscillator,线性振荡器,,2014-05-14
2047382,linear potentiometer,线性电位计,,2014-05-14
2047383,linear power amplifier,线性功率放大器,,2014-05-14
2047384,linear quantizer,线性量化器,,2014-05-14
2047385,linear rectifier,线性整流器,,2014-05-14
2047386,linear sweep generator,线性扫描发生器,,2014-05-14
2047387,linear temperature programmer {= LTP},线性程控升温器,,2014-05-14
2047388,linear transducer,线性转换器,,2014-05-14
2047389,linear video amplifier,线性视频放大器,,2014-05-14
2047390,Lippich prism,李皮奇棱镜,,2014-05-14
2047391,liquefier,液化器,,2014-05-14
2047392,liquid air container,液态空气容器,,2014-05-14
2047393,liquid air trap,液态空气阱,,2014-05-14
2047394,liquid calorimeter,液体卡计,,2014-05-14
2047395,liquid chromatograph {= LC},液相层析仪,,2014-05-14
2047396,liquid column manometer,液柱[流体]压力计,,2014-05-14
2047397,liquid compass,液体罗盘,,2014-05-14
2047398,liquid crystal display device,液晶显示器,,2014-05-14
2047399,liquid damped compass,液体阻尼罗盘,,2014-05-14
2047400,liquid density meter,液体密度计,,2014-05-14
2047401,liquid filter,液体过滤器,,2014-05-14
2047402,liquid fire extinguisher,液体灭火器,,2014-05-14
2047403,liquid flowmeter,液体流量计,,2014-05-14
2047404,liquid fuel reactor,液体燃料反应器,,2014-05-14
2047405,liquid laser,液体雷射,,2014-05-14
2047406,liquid level gage,液位计,,2014-05-14
2047407,liquid level gauge,液位计,,2014-05-14
2047408,liquid level indicator,液位指示器,,2014-05-14
2047409,liquid level meter,液位计,,2014-05-14
2047410,liquid level recorder,液位记录器,,2014-05-14
2047411,liquid level sensor,液位感测器,,2014-05-14
2047412,liquid membrane electrode,液膜电击,,2014-05-14
2047413,liquid metal reactor,液态金属反应器,,2014-05-14
2047414,liquid nitrogen cold trap,液态氮冷阱,,2014-05-14
2047415,liquid nitrogen container,液态氮容器,,2014-05-14
2047416,liquid partition chromatograph {= LPC},液相分配层析仪,,2014-05-14
2047417,liquid phase chromatograph,液相层析仪,,2014-05-14
2047418,liquid receiver,受液器,,2014-05-14
2047419,liquid rectifier,液体整流器；电解整流计,,2014-05-14
2047420,liquid rheostat,液体变阻器,,2014-05-14
2047421,liquid sampler,液体取样器,,2014-05-14
2047422,liquid scintillation beta counter,液体闪烁贝他计数器,,2014-05-14
2047423,liquid scintillation counter,液体闪烁计数器,,2014-05-14
2047424,liquid scintillation detector,液体闪烁侦检器,,2014-05-14
2047425,liquid scintillation spectrometer,液体闪烁分光仪；液体闪烁谱仪,,2014-05-14
2047426,liquid sealed type gas meter,液封气量计,,2014-05-14
2047427,liquid trap,液阱,,2014-05-14
2047428,liquid-damped compass,液体阻尼罗盘,,2014-05-14
2047429,liquid-liquid chromatograph {= LLC},液液层析仪,,2014-05-14
2047430,liquid-liquid partition chromatograph,液液分配层析仪,,2014-05-14
2047431,liquid-metal breeder reactor,液态金属滋生反应器,,2014-05-14
2047432,liquid-metal fast breeder reactor,液态金属快[中子]滋生反应器,,2014-05-14
2047433,liquid-metal fuel reactor,液态金属燃料反应器,,2014-05-14
2047434,liquid-metal heat exchanger,液态金属热交换器,,2014-05-14
2047435,liquid-metal ion gun,液态金属离子枪,,2014-05-14
2047436,liquid-metal-cooled reactor,液态金属冷却反应器,,2014-05-14
2047437,liquid-solid adsorption chromatograph {= LSAC},液固吸附层析仪,,2014-05-14
2047438,liquid-solid chromatograph {= LSC},液固层析仪,,2014-05-14
2047439,lithium-drifted germanium detector,锂漂移锗侦检器,,2014-05-14
2047440,lithium-drifted silicon detector,锂漂移矽侦检器,,2014-05-14
2047442,load cell,测力器；荷重元[件],,2014-05-14
2047443,lobe pump,叶瓣泵,,2014-05-14
2047444,localizer,定位器；局限器{辐射治疗},,2014-05-14
2047445,location counter,位置计数器,,2014-05-14
2047446,locator,定位器,,2014-05-14
2047447,lock-in amplifier,锁相放大器,,2014-05-14
2047448,locking bed,锁定盘；锁定座,,2014-05-14
2047449,log drum,录志磁鼓,,2014-05-14
2047450,logarithmic amplifier,对数放大器,,2014-05-14
2047451,logarithmic-spiral monochromator,对数螺线单光器,,2014-05-14
2047452,logger,记录器；测井仪；[自动]录志器,,2014-05-14
2047453,logic analyzer,逻辑分析器；逻辑分析仪,,2014-05-14
2047454,logical connector,逻辑连接器,,2014-05-14
2047455,logic-controlled sequential computer,逻辑控制顺序计算机,,2014-05-14
2047456,long tube evaporator,长管蒸发器,,2014-05-14
2047457,long-stemmed funnel,长颈漏斗,,2014-05-14
2047458,long-tube evaporator,长管蒸发器,,2014-05-14
2047459,loop box,环路盒；回路盒,,2014-05-14
2047460,loudspeaker,扬声器；扩音器,,2014-05-14
2047461,low background alpha spectrum analyzer,低背景阿伐能谱分析仪,,2014-05-14
2047462,low background gamma spectrum analyzer,低背景加马能谱分析仪,,2014-05-14
2047463,low background liquid scintillation analyzer,低背景液体闪烁分析仪,,2014-05-14
2047464,low energy electron diffractometer {= LEED},低能电子绕射仪,,2014-05-14
2047465,low frequency generator,低频发生器,,2014-05-14
2047466,low frequency signal generator,低频信号发生器,,2014-05-14
2047467,low oil content circuit breaker,低油式断路器,,2014-05-14
2047468,low pass filter,低通滤波器,,2014-05-14
2047469,low performance liquid chromatograph {= LPLC},低效液相层析仪,,2014-05-14
2047470,low-and-high pass filter,带阻滤波器,,2014-05-14
2047471,low-energy reactor,低能反应器,,2014-05-14
2047472,low-flux reactor,低通率反应器,,2014-05-14
2047474,low-frequency induction furnace,低频感应电炉,,2014-05-14
2047475,low-frequency oscillator,低频振荡器,,2014-05-14
2047476,low-frequency signal generator,低频信号发生器,,2014-05-14
2047477,low-frequency transformer,低频变压器,,2014-05-14
2047478,low-power microscope,低倍显微镜,,2014-05-14
2047479,low-power reactor,低功率反应器,,2014-05-14
2047480,low-power-output reactor,低功率输出反应器,,2014-05-14
2047481,low-pressure cloud chamber,低压雾室,,2014-05-14
2047482,low-pressure detector,低压侦检器,,2014-05-14
2047483,low-pressure electric discharge detector,低压放电侦检器,,2014-05-14
2047489,lubricator,润滑器,,2014-05-14
2047490,lumen meter,流明计,,2014-05-14
2047491,luminary,照明器,,2014-05-14
2047492,luminescent counter,发光计数器；冷光计数器,,2014-05-14
2047493,luminometer,光亮度计,,2014-05-14
2047494,luminous body,发光体,,2014-05-14
2047495,luminous carbon arc lamp,发光碳弧灯,,2014-05-14
2047496,luxmeter,照度计,,2014-05-14
2047497,luxometer,照度计,,2014-05-14
2047498,lye tank,碱液槽,,2014-05-14
2047499,lyophil apparatus,[低压]冻干器；冷冻干燥机,,2014-05-14
2047500,lyophilizer,[低压]冻干机；冷冻干燥机,,2014-05-14
2047501,lysimeter,溶度计{测定土壤中可溶物质含量之仪器},,2014-05-14
2047502,Mach-Zehnder interferometer,马赫－陈德干涉仪,,2014-05-14
2047503,macrobalance,常量天平,,2014-05-14
2047504,magic eye,幻眼管；电眼,,2014-05-14
2047505,magic lantern,幻灯；映画器,,2014-05-14
2047506,magnesia crucible,镁氧坩埚,,2014-05-14
2047507,magnet,磁铁；磁体,,2014-05-14
2047508,magnet brake,磁刹车,,2014-05-14
2047509,magnetic amplifier,磁放大器,,2014-05-14
2047510,magnetic amplifier regulator,磁放大调节器,,2014-05-14
2047511,magnetic balance,磁秤；磁[力]天平,,2014-05-14
2047512,magnetic blast breaker,磁冲断路器,,2014-05-14
2047513,magnetic brake,磁力刹车[器],,2014-05-14
2047514,magnetic clutch,电磁离合器,,2014-05-14
2047515,magnetic core storage,磁心储存器,,2014-05-14
2047516,magnetic crack detector,磁探伤器；磁探裂器,,2014-05-14
2047517,magnetic damper,磁阻尼器,,2014-05-14
2047518,magnetic detector,磁侦检器,,2014-05-14
2047519,magnetic dial,磁标盘,,2014-05-14
2047520,magnetic disc,磁碟,,2014-05-14
2047521,magnetic drum,磁鼓,,2014-05-14
2047522,magnetic electron lens,磁电子透镜,,2014-05-14
2047523,magnetic flaw detector,磁探伤器；磁探瑕器；磁探裂器,,2014-05-14
2047524,magnetic flowmeter,磁流量计,,2014-05-14
2047525,magnetic force microscope {= MFM},磁力显微镜,,2014-05-14
2047526,magnetic hot plate,磁热板,,2014-05-14
2047527,magnetic induction accelerator,磁感应加速器,,2014-05-14
2047528,magnetic induction flowmeter,磁感应流量计,,2014-05-14
2047529,magnetic ionized manometer,磁游离压力计,,2014-05-14
2047530,magnetic lens,磁透镜,,2014-05-14
2047531,magnetic level detector,磁液位侦检器,,2014-05-14
2047532,magnetic loudspeaker,磁扩音器；磁扬声器,,2014-05-14
2047533,magnetic microphone,磁传声器,,2014-05-14
2047534,magnetic microscope,磁显微镜,,2014-05-14
2047535,magnetic mirror,磁镜,,2014-05-14
2047536,magnetic mixer,磁混合器,,2014-05-14
2047537,magnetic needle compass,磁针罗盘,,2014-05-14
2047538,magnetic pendulum,磁摆,,2014-05-14
2047539,magnetic pole,磁极,,2014-05-14
2047540,magnetic probe,磁探针,,2014-05-14
2047541,magnetic pyrometer,磁高温计,,2014-05-14
2047542,magnetic recorder,磁录机,,2014-05-14
2047543,magnetic resonance accelerator,磁共振加速器,,2014-05-14
2047544,magnetic resonance force microscope {= MRFM},磁共振力显微镜,,2014-05-14
2047546,magnetic screen,磁屏,,2014-05-14
2047547,magnetic sector mass spectrometer,[扇形]磁场质谱仪,,2014-05-14
2047548,magnetic separator,磁分离器；磁选机,,2014-05-14
2047549,magnetic shield,磁[性防护]屏；磁[性防护]罩,,2014-05-14
2047550,magnetic shift register,磁移暂存器,,2014-05-14
2047551,magnetic shunt,分磁器,,2014-05-14
2047552,magnetic spectrograph,磁[摄]谱仪,,2014-05-14
2047553,magnetic spectrometer,磁分光计；磁谱计；磁谱仪,,2014-05-14
2047554,magnetic stirrer,磁搅拌器,,2014-05-14
2047555,magnetic switch,电磁开关,,2014-05-14
2047556,magnetic tachometer,磁转速计,,2014-05-14
2047557,magnetic tape,磁带,,2014-05-14
2047558,magnetic tape drive,磁带[驱动]机,,2014-05-14
2047559,magnetic tape reader,磁带阅读机,,2014-05-14
2047560,magnetic thermometer,磁温度计,,2014-05-14
2047561,magnetic transducer,磁转换器,,2014-05-14
2047562,magnetic trap,磁阱,,2014-05-14
2047563,magnetic variometer,磁变[记录]仪,,2014-05-14
2047564,magnetic-lens spectrometer,磁透镜分光计；磁透镜[能]谱仪,,2014-05-14
2047565,magnetic-tape reader,磁带阅读机,,2014-05-14
2047566,magnetizer,磁化器,,2014-05-14
2047567,magneto,磁电机,,2014-05-14
2047569,magneto dynamo,磁铁发电机,,2014-05-14
2047570,magneto generator,磁发电机,,2014-05-14
2047571,magnetoelectric tachometer,磁电式转速计,,2014-05-14
2047572,magnetograph,地磁记录仪,,2014-05-14
2047573,magnetometer,磁强计；地磁仪；磁力计,,2014-05-14
2047574,magneto-optic polarizer,磁偏光器,,2014-05-14
2047575,magneto-resistor meter,磁阻计,,2014-05-14
2047576,magnetoscope,验磁器,,2014-05-14
2047577,magnetostatic electron lens,静磁电子透镜,,2014-05-14
2047578,magnetostatic lens,静磁透镜,,2014-05-14
2047579,magnetostriction compass,磁[致]伸缩罗盘,,2014-05-14
2047580,magnetostriction oscillator,磁[致]伸缩振荡器,,2014-05-14
2047581,magnetron,磁控[电子]管,,2014-05-14
2047582,magnifier,放大镜；扩大器；放大器,,2014-05-14
2047583,magnifying glass,放大镜,,2014-05-14
2047584,magnifying lens,放大镜,,2014-05-14
2047585,main bearing,主轴承,,2014-05-14
2047586,main distribution board,主配电盘,,2014-05-14
2047587,main electrode,主电极,,2014-05-14
2047588,main switch,主开关,,2014-05-14
2047589,main switch board,主开关盘,,2014-05-14
2047590,majority carrier,多数载子,,2014-05-14
2047591,manifold,歧管,,2014-05-14
2047592,manipulator,操纵器；机械[手]臂,,2014-05-14
2047593,manocryometer,加压熔点计,,2014-05-14
2047594,manograph,压力记录器,,2014-05-14
2047595,manometer,[流体]压力计,,2014-05-14
2047596,manometric thermometer,压差温度计,,2014-05-14
2047597,manostat,恒压计；恒压器,,2014-05-14
2047598,mantle,罩；外套；包,,2014-05-14
2047599,mantle heater,加热包,,2014-05-14
2047600,manual controller,手动控制器,,2014-05-14
2047601,manual pump,手动泵,,2014-05-14
2047602,manual switch,手动开关,,2014-05-14
2047603,marker,标识器；标示器,,2014-05-14
2047605,maser interferometer,迈射干涉仪,,2014-05-14
2047606,mashbach,发酵桶,,2014-05-14
2047607,mask,面具；罩,,2014-05-14
2047608,mass analyser,质量分析器,,2014-05-14
2047609,mass analyzer,质量分析器；质量分析仪,,2014-05-14
2047610,mass centrifuge,质量离心机,,2014-05-14
2047611,mass detector,质量侦检器,,2014-05-14
2047612,mass flowmeter,质量流量计,,2014-05-14
2047613,mass integral detector,质量累积侦检器,,2014-05-14
2047614,mass separator,[同位素]质量分离器,,2014-05-14
2047615,mass spectrograph,质谱仪,,2014-05-14
2047616,mass spectrometer,质谱仪,,2014-05-14
2047617,mass synchrometer,同步质谱仪；质量同步[分析]仪,,2014-05-14
2047618,master altimeter,校正用高度计,,2014-05-14
2047619,master clock,主时钟,,2014-05-14
2047620,master controller,主控制器,,2014-05-14
2047621,master oscillator,主控振荡器,,2014-05-14
2047622,master synchronizer,主同步器,,2014-05-14
2047623,master tape,主带,,2014-05-14
2047624,master timer,主定时器,,2014-05-14
2047625,matrix printer,矩阵印字机；矩阵列印机,,2014-05-14
2047626,maximum and minimum thermometer,最高最低温度计,,2014-05-14
2047627,maximum thermometer,最高温度计,,2014-05-14
2047628,m-derived filter,m导出式滤波器,,2014-05-14
2047629,measuring bottle,量瓶,,2014-05-14
2047630,measuring bridge,量电[阻]桥；量测电桥,,2014-05-14
2047631,measuring buret,量液滴定管,,2014-05-14
2047632,measuring burette,量液滴定管,,2014-05-14
2047633,measuring cone,量径锥,,2014-05-14
2047634,measuring cylinder,量筒,,2014-05-14
2047635,measuring flask,量瓶,,2014-05-14
2047636,measuring glass,量杯,,2014-05-14
2047637,measuring pipet,量[液]吸管；刻度吸管,,2014-05-14
2047638,measuring pipette,量[液]吸管；刻度吸管,,2014-05-14
2047639,measuring pump,计量泵,,2014-05-14
2047640,measuring stick,量尺,,2014-05-14
2047641,measuring tank,量槽,,2014-05-14
2047642,mechanical agitator,机械搅拌器,,2014-05-14
2047643,mechanical atomizer,机械雾化器,,2014-05-14
2047644,mechanical counter,机械计数器,,2014-05-14
2047645,mechanical damper,机械阻尼器,,2014-05-14
2047646,mechanical differential analyzer,机械[式]微分分析器,,2014-05-14
2047647,mechanical draft cooling tower,机械通风冷却塔,,2014-05-14
2047648,mechanical filter,机械滤器,,2014-05-14
2047649,mechanical monochromator,机械单色器,,2014-05-14
2047650,mechanical oscillator,机械振荡器,,2014-05-14
2047651,mechanical recorder,机械记录器,,2014-05-14
2047652,mechanical rectifier,机械整流器,,2014-05-14
2047653,mechanical shaker,机械摇动器；机械振荡器,,2014-05-14
2047654,mechanical smoke filter,机械滤烟器,,2014-05-14
2047655,mechanical stabilizer,机械稳定器,,2014-05-14
2047656,mechanical stirrer,机械搅拌器,,2014-05-14
2047657,mechanical vibrator,机械振动器,,2014-05-14
2047658,mechanoelectronic transducer,机械电子转换器,,2014-05-14
2047659,mechano-electronic transducer,机械电子转换器,,2014-05-14
2047660,medical laser imager,医学影像雷射记录仪,,2014-05-14
2047661,medical scintillation spectrometer,医用闪烁谱仪；医用闪烁分光计,,2014-05-14
2047662,medicine dropper,药用滴管,,2014-05-14
2047663,medium-power reactor,中等功率反应器,,2014-05-14
2047664,megaphone,扬声器；扩音器,,2014-05-14
2047665,megger,[测]高阻计,,2014-05-14
2047666,melt tank,熔化槽,,2014-05-14
2047667,melter,熔化器,,2014-05-14
2047668,melting cone,熔锥,,2014-05-14
2047669,melting point apparatus,熔点测定器；熔点测定装置,,2014-05-14
2047670,melting point tube,熔点测定管,,2014-05-14
2047671,membrane filter,薄膜[过]滤器；膜滤器,,2014-05-14
2047672,membrane indicator electrode,[薄]膜指示电极,,2014-05-14
2047673,membrane pump,薄膜泵,,2014-05-14
2047674,membrane separator,薄膜分离器,,2014-05-14
2047675,memory address register,记忆位址暂存器,,2014-05-14
2047676,memory buffer register,记忆缓冲暂存器,,2014-05-14
2047677,memory data register,记忆资料暂存器,,2014-05-14
2047678,memory register {= MR},记忆注录器；记忆暂存器,,2014-05-14
2047679,meniscus lens,凹凸透镜；弯月形透镜,,2014-05-14
2047680,meniscus reader,[弯]液面读镜,,2014-05-14
2047681,meniscus shaped lens,弯月形透镜,,2014-05-14
2047682,meniscus sight diaphragm,[弯]液面观察屏,,2014-05-14
2047683,mercurial air pump,汞空气泵,,2014-05-14
2047684,mercury arc lamp,水银[弧光]灯,,2014-05-14
2047685,mercury arc oscillator,汞弧振荡器,,2014-05-14
2047686,mercury arc rectifier,汞[汽]弧整流器,,2014-05-14
2047687,mercury arrester,水银避雷器,,2014-05-14
2047688,mercury barometer,水银气压计,,2014-05-14
2047689,mercury bulb,汞球管,,2014-05-14
2047690,mercury cell,汞电解槽；水银电池,,2014-05-14
2047691,mercury cleaner,汞清洁器,,2014-05-14
2047692,mercury commutator,汞整流器,,2014-05-14
2047693,mercury contact,汞电键；水银接点继电器,,2014-05-14
2047694,mercury coulombmeter,汞电量计；汞库仑计,,2014-05-14
2047695,mercury coulometer,汞电量计；汞库仑计,,2014-05-14
2047696,mercury decomposer,汞分解器,,2014-05-14
2047697,mercury diffusion pump,汞扩散泵,,2014-05-14
2047698,mercury diffusion vacuum pump,汞扩散[真空]泵,,2014-05-14
2047699,mercury dropping electrode,汞滴电极,,2014-05-14
2047700,mercury interrupter,汞断续器,,2014-05-14
2047701,mercury jet magnetometer,汞喷射磁强计,,2014-05-14
2047702,mercury lamp,水银灯；汞灯,,2014-05-14
2047703,mercury light,水银灯；汞灯,,2014-05-14
2047704,mercury oxide cell,氧化汞电池,,2014-05-14
2047705,mercury porosimeter,汞细孔计,,2014-05-14
2047706,mercury pump,汞泵；水银泵,,2014-05-14
2047707,mercury rectifier,汞整流器,,2014-05-14
2047708,mercury seal stopcock,汞封栓,,2014-05-14
2047709,mercury switch,水银开关,,2014-05-14
2047710,mercury tank,汞槽,,2014-05-14
2047711,mercury thermometer,水银温度计,,2014-05-14
2047712,mercury thermostat,汞[控]恒温器,,2014-05-14
2047713,mercury vacuum gage,汞真空计,,2014-05-14
2047714,mercury vacuum gauge,汞真空计,,2014-05-14
2047715,mercury vacuum pump,汞真空泵,,2014-05-14
2047716,mercury vapor arc rectifier,汞汽弧整流器,,2014-05-14
2047717,mercury vapor diffusion pump,汞[汽]扩散[真空]泵,,2014-05-14
2047718,mercury vapor diffusion vacuum pump,汞[汽]扩散[真空]泵,,2014-05-14
2047719,mercury vapor rectifier,汞汽整流器,,2014-05-14
2047720,mercury vapour arc rectifier,汞[汽]弧整流器,,2014-05-14
2047721,mesa transistor,突丘电晶体；凸型电晶体,,2014-05-14
2047722,metabolism apparatus,代谢[作用]测定器,,2014-05-14
2047723,metal bath,金属浴,,2014-05-14
2047724,metal block calorimeter,金属热量计,,2014-05-14
2047725,metal detector,金属侦检器,,2014-05-14
2047726,metal hose,金属软管,,2014-05-14
2047727,metal lens,金属透镜,,2014-05-14
2047728,metal rectifier,金属整流器,,2014-05-14
2047729,metal surface plasmon and second harmonic generator,金属表面电浆子及二次谐波产生器,,2014-05-14
2047730,metal tank rectifier,金属箱整流器,,2014-05-14
2047731,metal tape,钢卷尺,,2014-05-14
2047732,metallic indicator electrode,金属指示电极,,2014-05-14
2047733,metallic thermometer,金属温度计,,2014-05-14
2047734,metallographic microscope,金相显微镜,,2014-05-14
2047735,metallurgical microscope,冶金显微镜,,2014-05-14
2047736,metaloscope,金相显微镜,,2014-05-14
2047737,metascope,红外线探测器,,2014-05-14
2047738,meteorograph,气象计；气象记录器；气象仪,,2014-05-14
2047739,meter,计；表,,2014-05-14
2047740,meter bridge,滑线电桥,,2014-05-14
2047741,meter stick,米尺,,2014-05-14
2047742,metering pump,计量泵,,2014-05-14
2047743,methanator,甲烷化器,,2014-05-14
2047744,metronome,节拍器,,2014-05-14
2047746,mhometer,姆欧计；电导计,,2014-05-14
2047747,Michelson interferometer,迈克生干涉仪,,2014-05-14
2047748,micro flame ionization detector,微火焰游离侦检器,,2014-05-14
2047749,micro gasburner,微焰煤气灯,,2020-03-23
2047750,micro interferometer,显微干涉计,,2014-05-14
2047751,micro safety burner,安全微灯,,2014-05-14
2047752,micro torque potentiometer,微扭矩电位计,,2014-05-14
2047753,microadsorption column,微吸附管柱,,2014-05-14
2047754,microadsorption detector,微吸附侦检器,,2014-05-14
2047755,microammeter,微安培计,,2014-05-14
2047756,microanalyser,微量分析仪,,2014-05-14
2047757,microautoradiograph,微[型]自动放射显影机,,2014-05-14
2047758,microbalance,微量天平,,2014-05-14
2047759,microbarograph,微气压记录仪,,2014-05-14
2047760,microbarometer,微气压计,,2014-05-14
2047761,microbulb pipet,微球型吸管,,2014-05-14
2047762,microbulb pipette,微球型吸管,,2014-05-14
2047763,microburner,微焰煤气灯；微[型]灯,,2020-03-23
2047764,microcaliper,千分卡钳；微测径器,,2014-05-14
2047765,microcalliper,千分卡钳；微测径器,,2014-05-14
2047766,microcamera,微[型]照相机,,2014-05-14
2047767,micro-capillary pipet,微毛细吸管,,2014-05-14
2047768,micro-capillary pipette,微毛细吸管,,2014-05-14
2047769,microchronograph,微计时仪；微记时仪,,2014-05-14
2047770,microchronometer,微测时计,,2014-05-14
2047771,microcoulomb detector,微库仑侦检器,,2014-05-14
2047772,microdensitometer,显微光密度计,,2014-05-14
2047773,microdiffusiometer,微扩散计,,2014-05-14
2047774,microfaradmeter,微法拉计,,2014-05-14
2047775,micro-galvanometer,微量电流计,,2014-05-14
2047776,micromanipulator,微操纵器,,2014-05-14
2047777,micromanometer,微压[压力]计,,2014-05-14
2047778,micrometer,测微计；分厘卡,,2014-05-14
2047779,micrometer eyepiece,测微目镜,,2014-05-14
2047780,micrometer gage,测微规,,2014-05-14
2047781,micrometer gauge,测微规,,2014-05-14
2047782,micrometer microscope,测微显微镜,,2014-05-14
2047783,micrometer screw gage,螺旋测微计,,2014-05-14
2047784,micrometer screw gauge,螺旋测微计,,2014-05-14
2047785,micrometer telescope,测微望远镜,,2014-05-14
2047786,micrometric gage,测微压力计,,2014-05-14
2047787,micrometric gauge,测微压力计,,2014-05-14
2047788,micronizer,微磨机,,2014-05-14
2047789,microphone,传声器；麦克风,,2014-05-14
2047790,microphotoelectric photometer,微光电光度计,,2014-05-14
2047791,microphotographic camera,微缩照相机,,2014-05-14
2047792,microphotometer,测微光度计,,2014-05-14
2047793,micropipet,微量吸管,,2014-05-14
2047794,micropipette,微量吸管,,2014-05-14
2047795,micropolarimeter,测微偏振计；测微偏光计,,2014-05-14
2047796,micropolariscope,测微偏光镜,,2014-05-14
2047797,micropolarograph,显微极谱仪,,2014-05-14
2047798,microporous filter,微孔[过]滤器,,2014-05-14
2047799,microporous separator,微孔分离器,,2014-05-14
2047800,micropressure gage,微压计,,2014-05-14
2047801,micropressure gauge,微压计,,2014-05-14
2047802,microprobe,微探针,,2014-05-14
2047803,microprocessor,微处理机,,2014-05-14
2047804,microprocessor balance,微处理机天平,,2014-05-14
2047805,microprojector,显微投影机,,2014-05-14
2047806,micropyrometer,精测高温计,,2014-05-14
2047807,microradiometer,微量[热]辐射计；微辐射计,,2014-05-14
2047808,microreactor,微型反应器,,2014-05-14
2047809,microrespirometer,微量呼吸器,,2014-05-14
2047810,microsafety burner,微焰安全灯；微型安全灯,,2014-05-14
2047811,microscope,显微镜,,2014-05-14
2047812,microscope base,显微镜座,,2014-05-14
2047813,microscope camera,显微照相机,,2014-05-14
2047814,microscope micrometer,显微测微计,,2014-05-14
2047815,microscope tube,显微镜筒,,2014-05-14
2047816,microseismograph,微地震仪,,2014-05-14
2047817,microspectroscope,显微分光镜,,2014-05-14
2047818,microstress gage,微应力计,,2014-05-14
2047819,microstress gauge,微应力计,,2014-05-14
2047820,microswitch,微开关,,2014-05-14
2047821,microsyringe,微量注射器,,2014-05-14
2047822,micro-telescope,显微望远镜,,2014-05-14
2047823,microtome,切片机,,2014-05-14
2047824,microtome knife,切片刀,,2014-05-14
2047825,microtron,电子回旋加速器,,2014-05-14
2047826,microtron resonator,电子回旋加速共振器,,2014-05-14
2047827,microwave amplification by stimulated emission of radiation {= maser},迈射,,2014-05-14
2047828,microwave detector,微波侦检器,,2014-05-14
2047829,microwave extraction system,微波萃取设备,,2014-05-14
2047830,microwave generator,微波发生器,,2014-05-14
2047831,microwave interferometer,微波干涉计,,2014-05-14
2047832,microwave lens,微波透镜；天线,,2014-05-14
2047833,microwave modulator,微波调制器,,2014-05-14
2047834,microwave oven,微波烘箱；微波炉,,2014-05-14
2047835,microwave polarizer,微波偏振镜,,2014-05-14
2047836,microwave sensor,微波感测器,,2014-05-14
2047838,midget condenser,小型电容器,,2014-05-14
2047839,migration tube,[离子]迁移管,,2014-05-14
2047840,milk cryoscope,乳[汁]凝固点测定计,,2014-05-14
2047841,milk testing balance,乳试验天平,,2014-05-14
2047842,mill,磨机；磨,,2014-05-14
2047843,mill Bristol,卡片纸板,,2014-05-14
2047844,millboard,书皮纸板,,2014-05-14
2047845,milled board,书皮纸板,,2014-05-14
2047846,milliammeter,毫安培计,,2014-05-14
2047847,milling machine,研磨机,,2014-05-14
2047848,millivoltmeter,毫伏特计,,2014-05-14
2047849,mimeograph,油印机,,2014-05-14
2047850,mineral microscope,矿物显微镜,,2014-05-14
2047851,miniature transformer,袖珍变压器,,2014-05-14
2047852,minicomputer,小型计算机；小型电脑,,2014-05-14
2047853,minipump,小型泵,,2014-05-14
2047854,mirror,镜,,2014-05-14
2047855,mirror colorimeter,镜式比色计,,2014-05-14
2047856,mirror condenser,镜聚光器；反射聚光器,,2014-05-14
2047857,mirror extensometer,镜式伸长计,,2014-05-14
2047858,mirror filter reflectometer,滤镜反光计,,2014-05-14
2047859,mirror galvanometer,反射镜电流计,,2014-05-14
2047860,mirror spectrophotometer,镜式分光光度计,,2014-05-14
2047861,mist collector,集雾器,,2014-05-14
2047862,mist generator,烟雾发生器,,2014-05-14
2047863,mist separator,分雾器,,2014-05-14
2047864,mixed flow reactor,混合流动反应器,,2014-05-14
2047865,mixed-flow centrifugal pump,混合流离心泵,,2014-05-14
2047866,mixer,混合器；混合机；混频电子管,,2014-05-14
2047867,mixer-settler,混合器－沉降器,,2014-05-14
2047868,mixing roll,混合辊,,2014-05-14
2047869,mixing tank,混合槽,,2014-05-14
2047870,mixing vessel,混合容器,,2014-05-14
2047871,mobile crane,移动式起重机,,2014-05-14
2047872,mobile reactor,移动反应器,,2014-05-14
2047873,mobilometer,稠度计,,2014-05-14
2047874,mode filter,滤模器,,2014-05-14
2047875,model,模型,,2014-05-14
2047876,modifier register,修饰暂存器,,2014-05-14
2047877,modular connector,模组连接器,,2014-05-14
2047878,modulating motor,调节马达,,2014-05-14
2047879,modulation meter,调制计；调变计,,2014-05-14
2047880,modulator,调制器；调变器,,2014-05-14
2047881,moistat,湿度调节器；恒湿器,,2014-05-14
2047882,moisture balance,水分天平；湿度天平,,2014-05-14
2047883,moisture detector,水分侦检器；湿度侦检器,,2014-05-14
2047884,moisture determination apparatus,水分测定器,,2014-05-14
2047885,moisture eliminator,除湿器,,2014-05-14
2047886,moisture register,湿度记录器,,2014-05-14
2047887,moisture tester,水分试验器,,2014-05-14
2047888,mold,模；模具,,2014-05-14
2047889,molding machine,铸模机,,2014-05-14
2047890,molding press,压模机,,2014-05-14
2047891,molecular beam apparatus,分子束装置,,2014-05-14
2047892,molecular distillation apparatus,分子蒸馏器,,2014-05-14
2047893,molecular filter,分子过滤器,,2014-05-14
2047894,molecular jet separator,喷射式分子分离器,,2014-05-14
2047895,molecular model,分子模型,,2014-05-14
2047896,molecular pump,分子泵,,2014-05-14
2047897,molecular sieve column,分子筛管柱,,2014-05-14
2047898,molecular still,分子蒸馏器,,2014-05-14
2047899,molecular vacuum gage,分子真空计,,2014-05-14
2047900,molecular vacuum gauge,分子真空计,,2014-05-14
2047901,molten salt reactor,熔盐反应器,,2014-05-14
2047902,monitor,监测器,,2014-05-14
2047903,monitoring amplifier,监测放大器,,2014-05-14
2047904,monitoring counter,监测计数器,,2014-05-14
2047905,monitoring tank,侦测槽,,2014-05-14
2047906,monkey spanner,猴头扳手；活动扳手,,2014-05-14
2047907,monkey wrench,猴头扳手；活动扳手,,2014-05-14
2047908,monochromatic burner,单色灯,,2014-05-14
2047909,monochromatic filter,单色光滤片,,2014-05-14
2047910,monochromatic pyrometer,单色光高温计,,2014-05-14
2047911,monochromatic saccharimeter,单色光糖量计,,2014-05-14
2047912,monochromating crystal spectrometer,单色晶体分光计；单色晶体谱仪,,2014-05-14
2047913,monochromator,单色[光]器；单光器,,2014-05-14
2047914,monocular microscope,单目显微镜,,2014-05-14
2047915,monocular range finder,单目测距仪,,2014-05-14
2047916,monofier,振荡放大器,,2014-05-14
2047917,monophase transformer,单相变压器,,2014-05-14
2047918,monopole mass spectrometer,单极质谱仪,,2014-05-14
2047919,monopole spectrometer,单极分光计,,2014-05-14
2047920,mortar,研钵,,2014-05-14
2047921,mortar pestle,研杵,,2014-05-14
2047922,motion analyzer,运动分析器,,2014-05-14
2047923,motor,马达；电动机,,2014-05-14
2047924,motor actuator,马达引动器,,2014-05-14
2047925,motor booster,电动升压机,,2014-05-14
2047926,motor converter,电动换流机,,2014-05-14
2047927,motor dynamometer,电力测力计；电力功率计,,2014-05-14
2047928,motor generator,电动发电机组,,2014-05-14
2047929,motor meter,马达表；电动机型仪表,,2014-05-14
2047930,motor starter,电动机起动器,,2014-05-14
2047931,mould,模；模具,,2014-05-14
2047932,mounting bracket,安装架,,2014-05-14
2047933,mounting tripod,三脚架,,2014-05-14
2047934,moving bed,移动床,,2014-05-14
2047935,moving bed reactor,移动床反应器,,2014-05-14
2047936,moving coil galvanometer,圈转电流计,,2014-05-14
2047937,moving magnet galvanometer,磁转电流计,,2014-05-14
2047938,moving mirror oscillograph,镜转示波器,,2014-05-14
2047939,moving wire detector,移动丝侦检器,,2014-05-14
2047940,moving wire hydrogen flame ionization detector,移动丝氢焰游离侦检器,,2014-05-14
2047941,moving-coil ammeter,圈转安培计,,2014-05-14
2047942,moving-coil galvanometer,圈转电流计,,2014-05-14
2047943,moving-coil loudspeaker,圈转扬声器,,2014-05-14
2047944,moving-coil microphone,圈转传声器；圈转麦克风,,2014-05-14
2047945,moving-coil pickup,圈转拾声器,,2014-05-14
2047946,moving-conductor loudspeaker,动导体扬声器,,2014-05-14
2047947,moving-conductor microphone,动导体传声器；动导体麦克风,,2014-05-14
2047948,moving-iron loudspeaker,动铁扬声器,,2014-05-14
2047951,MRI tomograph {magnetic resonance imaging tomograph},磁振造影[断层扫描]仪,,2014-05-14
2047952,mud press,滤泥机,,2014-05-14
2047953,muffle,高温炉；蒙烰炉；消音器,,2014-05-14
2047954,muffle furnace,高温炉；蒙烰炉,,2014-05-14
2047955,muffle roaster,闭式焙烧炉,,2014-05-14
2047956,muffler,消音器,,2014-05-14
2047957,multibeam interferometer,多光束干涉计,,2014-05-14
2047958,multiblade mixer,多叶混合器,,2014-05-14
2047959,multicelluar electrostatic voltmeter,复室静电伏特计,,2014-05-14
2047960,multichannel analyzer,多通道分析器,,2014-05-14
2047961,multichannel dispenser,多爪分注器,,2014-05-14
2047962,multichannel recorder,多频道记录器,,2014-05-14
2047963,multi-detector chromatograph,多侦检器层析仪,,2014-05-14
2047964,multidimensional gas chromatograph,多维气相层析仪,,2014-05-14
2047965,multieffect evaporator,多效蒸发器,,2014-05-14
2047966,multi-electrode,复电极,,2014-05-14
2047967,multi-electrode tube,多极[电子]管,,2014-05-14
2047968,multi-grid tube,多栅[电子]管,,2014-05-14
2047969,multilayer capacitor,多层电容器,,2014-05-14
2047970,multilayer coil,多层线圈,,2014-05-14
2047971,multilayer filter,多层滤光器；多层滤波器,,2014-05-14
2047972,multimeter,多用电表,,2014-05-14
2047973,multi-path Fourier transform infrared spectrometer {= multi-path FTIR},多[路]径傅立叶转换红外光谱仪,,2014-05-14
2047975,multiphase converter,多相换流器,,2014-05-14
2047976,multiplate cloud chamber,多板式雾室,,2014-05-14
2047977,multiplate condenser,多片电容器,,2014-05-14
2047978,multiplate fission chamber,多板式分裂腔,,2014-05-14
2047979,multiple aperture core,多孔磁心；多孔核心,,2014-05-14
2047980,multiple beta gage,多源β[测量]计；多源贝他[测量]计,,2014-05-14
2047981,multiple beta gauge,多源β[测量]计；多源贝他[测量]计,,2014-05-14
2047982,multiple break circuit breaker,复断式断路器,,2014-05-14
2047983,multiple connector,多头连接器,,2014-05-14
2047984,multiple effect evaporator,多效蒸发器,,2014-05-14
2047985,multiple evaporator,多效蒸发器,,2014-05-14
2047986,multiple ion detector {= MID},多离子侦检器,,2014-05-14
2047987,multiple stage compressor,多阶压缩机,,2014-05-14
2047988,multiple stage pump,多阶泵,,2014-05-14
2047989,multiple tube laser,多管式雷射,,2014-05-14
2047990,multiple tuned antenna,复调[谐]天线,,2014-05-14
2047991,multiple-beam interferometer,多光束干涉计,,2014-05-14
2047992,multiple-blade mixer,多叶混合器,,2014-05-14
2047993,multiple-break switch,多断开关,,2014-05-14
2047994,multiple-point recorder,多点记录器,,2014-05-14
2047995,multiple-point recording potentiometer,多点式记录电位计,,2014-05-14
2047996,multiplex data terminal,多工资料终端机,,2014-05-14
2047997,multiplex radiotelephone,多功能无线电话,,2014-05-14
2047998,multiplex telegraph,复式电报机,,2014-05-14
2047999,multiplexer,多工器,,2014-05-14
2048000,multiplicand register,被乘数暂存器,,2014-05-14
2048001,multiplier,倍增器；相乘器；扩程器,,2014-05-14
2048002,multiplier register,乘数暂存器,,2014-05-14
2048003,multiplier-quotient register,乘数商暂存器,,2014-05-14
2048004,multiplying glass,放大镜,,2014-05-14
2048005,multipoint recorder,多点记录器,,2014-05-14
2048006,multipole switch,多极开关,,2014-05-14
2048007,multipurpose reactor,多用途反应器,,2014-05-14
2048008,multirange voltmeter,多程电压计,,2014-05-14
2048009,multireflector,多层反射器,,2014-05-14
2048010,multi-region reactor,多区反应器,,2014-05-14
2048011,multi-ribbon blender,多带掺合机,,2014-05-14
2048012,multiscaler,多层定标器,,2014-05-14
2048013,multispectral scanner,多谱扫描器,,2014-05-14
2048014,multitank breaker,多槽断路器,,2014-05-14
2048015,multitrace oscilloscope,多迹示波器,,2014-05-14
2048016,multivibrator,多谐振动器,,2014-05-14
2048017,mutual inductance bridge,互感电桥,,2014-05-14
2048018,n/p solar cell,n/p太阳[能]电池,,2014-05-14
2048019,naked reactor,裸反应器,,2014-05-14
2048020,nanoammeter,奈安培计；毫微安培计,,2014-05-14
2048021,narrow band quantum counter,窄带量子计数器,,2014-05-14
2048022,narrow mouth flask,细口烧瓶,,2014-05-14
2048023,narrow-mouth bottle,细口瓶,,2014-05-14
2048024,narrow-mouth flask,细口烧瓶,,2014-05-14
2048025,narrow-necked bottle,细颈瓶,,2014-05-14
2048026,natural draft cooling tower,自然通风冷却塔,,2014-05-14
2048027,natural function generator,自然函数发生器,,2014-05-14
2048028,natural gas burner,天然气灯,,2014-05-14
2048029,natural law function generator,自然定律函数发生器,,2014-05-14
2048030,natural logarithm function generator,自然对数函数发生器,,2014-05-14
2048033,ND filter {neutral density filter; neutral filter},全波减光镜,,2014-05-14
2048034,Nd:glass laser,[掺]钕玻璃雷射,,2014-05-14
2048035,Nd:YAG laser {neodymium-doped yttrium aluminium garnet laser},钕：钇铝石榴石雷射；掺钕钇铝石榴石雷射,,2014-05-14
2048037,near infrared absorption spectrometer,近红外[光]吸收光谱仪,,2014-05-14
2048038,near thermal reactor,近热反应器,,2014-05-14
2048039,near-field scanning optical microscope {= NSOM},近场扫描光学显微镜,,2014-05-14
2048040,needle bearing,滚针轴承,,2014-05-14
2048041,needle dispenser,针形配量器；针形计量器,,2014-05-14
2048042,needle electrode,针电极,,2014-05-14
2048043,needle galvanometer,磁针电流计,,2014-05-14
2048044,needle valve,针阀,,2014-05-14
2048045,negative bath,底片感光浴,,2014-05-14
2048046,negative booster,降压器,,2014-05-14
2048047,negative electrode,负[电]极,,2014-05-14
2048048,negative eyepiece,负目镜,,2014-05-14
2048049,negative lens,负透镜,,2014-05-14
2048050,negative plate,负极板；阴极板,,2014-05-14
2048051,negative pole,负极,,2014-05-14
2048052,neon arc lamp,氖弧灯,,2014-05-14
2048053,neon filled tube,氖光管,,2014-05-14
2048054,neon ionization detector,氖游离侦检器,,2014-05-14
2048055,neon lamp,氖灯；电虹灯,,2014-05-14
2048056,neon tube,氖管；霓虹灯管,,2014-05-14
2048057,neon tube oscillator,氖管振荡器,,2014-05-14
2048058,neon-grid screen,氖栅屏,,2014-05-14
2048059,neon-helium laser,氖氦雷射,,2014-05-14
2048060,neon-xenon laser,氖氙雷射,,2014-05-14
2048061,nephelometer,浊度计,,2014-05-14
2048062,nephometer,云量计,,2014-05-14
2048063,nephoscope,测云器,,2014-05-14
2048064,network analyzer,网路分析仪,,2014-05-14
2048065,network calculator,网路计算器,,2014-05-14
2048066,neutral body,中性体；中立体,,2014-05-14
2048067,neutral density filter {= ND filter},全波减光镜；全波滤光器,,2014-05-14
2048068,neutral filter {neutral density filter},全波减光镜；全波滤光器,,2014-05-14
2048069,neutral reactor,中性线 [接地]电抗器,,2014-05-14
2048070,neutralizing capacitor,平衡电容器,,2014-05-14
2048071,neutralizing condenser,平衡电容器,,2014-05-14
2048072,neutralizing tank,中和槽,,2014-05-14
2048073,neutrodyne receiver,平衡接收机,,2014-05-14
2048074,neutron collimator,中子准直仪,,2014-05-14
2048075,neutron computerized tomograph {= NCT},中子电脑断层扫瞄仪,,2014-05-14
2048076,neutron counter,中子计数器,,2014-05-14
2048077,neutron detector,中子侦检器,,2014-05-14
2048078,neutron diffraction apparatus,中子绕射装置,,2014-05-14
2048079,neutron diffraction camera,中子绕射照相机,,2014-05-14
2048080,neutron diffractometer,中子绕射仪,,2014-05-14
2048081,neutron filter,滤中子器,,2014-05-14
2048082,neutron generator,中子发生器,,2014-05-14
2048083,neutron howitzer,中子发射器,,2014-05-14
2048084,neutron monitor,中子监测器,,2014-05-14
2048085,neutron monochromator,中子单能器,,2014-05-14
2048086,neutron reflecting mirror,中子反射镜,,2014-05-14
2048087,neutron reflectometer,中子反射仪,,2014-05-14
2048088,neutron scintillator,中子闪烁器,,2014-05-14
2048089,neutron spectrometer,中子[能]谱计,,2014-05-14
2048090,neutron velocity selector,中子速度选择器,,2014-05-14
2048091,neutron-shield tank,中子屏蔽槽,,2014-05-14
2048092,Newton disk,牛顿色板,,2014-05-14
2048093,Newtonian telescope,牛顿望远镜,,2014-05-14
2048094,nichrome triangle,镍铬三角架,,2014-05-14
2048095,nickel crucible,镍坩埚,,2014-05-14
2048096,nickel iron battery {Edison batter},镍铁电池组 {爱迪生电池组},,2014-05-14
2048097,nickel-cadmium battery,镍镉蓄电池[组],,2014-05-14
2048098,nickel-cadmium cell,镍镉电池,,2014-05-14
2048099,nickel-iron cell,镍铁电池,,2014-05-14
2048100,Nicol prism,尼克耳棱镜,,2014-05-14
2048101,night glass,夜用望远镜,,2014-05-14
2048102,night glasses,夜用望远镜,,2014-05-14
2048103,nigrometer,黑度计,,2014-05-14
2048104,nilometer,水位计,,2014-05-14
2048105,niter pot,硝锅,,2014-05-14
2048106,nitration pot,硝化锅,,2014-05-14
2048107,nitrator,硝化器,,2014-05-14
2048108,nitrogen bulb,定氮球管,,2014-05-14
2048109,nitrogen oxides analyzer,氮氧化物分析仪,,2014-05-14
2048110,nitrogen oxides sampling train,氮氧化物采样组装,,2014-05-14
2048111,nitrometer,氮量计,,2014-05-14
2048112,nitrometer tube,测氮管,,2014-05-14
2048114,noise amplifier,杂讯放大器,,2014-05-14
2048115,noise audiometer,噪音计,,2014-05-14
2048116,noise limiter,噪音消除器,,2014-05-14
2048117,noise meter,噪音计,,2014-05-14
2048118,noise muffler,噪音消减器,,2014-05-14
2048119,noise reducer,噪音消减器,,2014-05-14
2048120,noise silencer,噪音消除器,,2014-05-14
2048121,noise suppressor,杂讯抑制器；噪音消除器,,2014-05-14
2048122,noise thermometer,杂讯温度计；噪音温度计,,2014-05-14
2048123,non-breeder reactor,非滋生反应器,,2014-05-14
2048124,noncontact atomic force microscope {= NCAFM},非接触原子力显微镜,,2014-05-14
2048125,nondestructive detector,非破坏性侦检器,,2014-05-14
2048126,nondispersive infrared analyzer {= NDIR},非分散式红外[线]分析仪,,2014-05-14
2048127,nondispersive photometer,非色散光度计,,2014-05-14
2048128,non-inductive resistor,无感电阻器,,2014-05-14
2048129,non-inductive shunt,无感分流器,,2014-05-14
2048130,nonisothermal reactor,非等温反应器,,2014-05-14
2048131,nonlinear amplifier,非线性放大器,,2014-05-14
2048132,non-luminous body,非发光体,,2014-05-14
2048133,non-mobile reactor,非移动反应器,,2014-05-14
2048134,non-polarized relay,非极化继电器,,2014-05-14
2048135,non-regenerative reactor,非再生反应器,,2014-05-14
2048136,non-resonating transformer,非共振变压器,,2014-05-14
2048137,non-selective absorbent,中性滤光片；非选择性滤光片,,2014-05-14
2048138,non-selective detector,非选择性侦检器,,2014-05-14
2048139,non-self quenching counter,非自灭计数器,,2014-05-14
2048140,normal buret,标准滴定管,,2014-05-14
2048141,normal calomel electrode,标准甘汞电极,,2014-05-14
2048142,normal cell,标准电池,,2014-05-14
2048143,normal square,矩规,,2014-05-14
2048144,notch filter,凹口波滤波器,,2014-05-14
2048145,notch generator,凹口波发生器,,2014-05-14
2048146,nozzle,喷嘴,,2014-05-14
2048148,nuclear magnetic resonance spectrometer {= NMR},核磁共振[谱]仪,,2014-05-14
2048149,nuclear pile,核反应器；核堆,,2014-05-14
2048150,nuclear reactor,核反应器；核反应炉；原子炉,,2018-03-20
2048151,nucleometer,核子计,,2014-05-14
2048152,null electrode,零位电极,,2014-05-14
2048153,null indicator,零示器,,2014-05-14
2048154,nuts,螺帽,,2014-05-14
2048155,object glass,物镜,,2014-05-14
2048156,object lens,物镜,,2014-05-14
2048157,objective,物镜,,2014-05-14
2048158,objective lens,物镜,,2014-05-14
2048159,objective micrometer,物镜测微计,,2014-05-14
2048160,objective prism,物镜棱镜,,2014-05-14
2048161,octave band analyzer,倍频程带分析器；八音度带分析器,,2014-05-14
2048162,octode,八极管,,2014-05-14
2048163,ocular,目镜,,2014-05-14
2048164,ocular micrometer,目镜测微计,,2014-05-14
2048165,odometer,里程计；测距计,,2014-05-14
2048166,odorimeter,气味计,,2014-05-14
2048167,odorometer,气味计,,2014-05-14
2048168,oerstedmeter,磁场强度计,,2014-05-14
2048169,ohmmeter,欧姆计；电阻计,,2014-05-14
2048170,oil atomizer,油雾化器；喷油器,,2014-05-14
2048171,oil bath,油浴,,2014-05-14
2048172,oil burner,油燃烧器,,2014-05-14
2048173,oil capacitor,油[介质]电容器,,2014-05-14
2048174,oil circuit breaker,油[压]断路器,,2014-05-14
2048175,oil condenser,油[介质]电容器,,2014-05-14
2048176,oil conservator,贮油器,,2014-05-14
2048177,oil dehydrator,油[料]脱水器,,2014-05-14
2048178,oil diffusion pump,油扩散泵,,2014-05-14
2048179,oil eliminator,除油器,,2014-05-14
2048180,oil extractor,油萃取器,,2014-05-14
2048181,oil filter,滤油器,,2014-05-14
2048182,oil hydraulic press,油压机,,2014-05-14
2048183,oil hydrometer,油比重计,,2014-05-14
2048184,oil jack,油压千斤顶,,2014-05-14
2048185,oil leak detector,漏油侦检器,,2014-05-14
2048186,oil press,榨油机；油压机,,2014-05-14
2048187,oil pump,油泵,,2014-05-14
2048188,oil saver,省油器,,2014-05-14
2048189,oil separator,油分离器,,2014-05-14
2048190,oil sprayer,喷油器,,2014-05-14
2048191,oil strainer,滤油器,,2014-05-14
2048192,oil switch,油开关,,2014-05-14
2048193,oil thief,油样采集管；油品取样器,,2014-05-14
2048194,oil vacuum pump,油真空泵,,2014-05-14
2048195,oil-blast circuit breaker,油冲断路器,,2014-05-14
2048196,oil-cooled transformer,油冷变压器,,2014-05-14
2048197,oil-cooled tube,油冷[电子]管,,2014-05-14
2048198,oil-cooled valve,油冷[电子]阀,,2014-05-14
2048199,oiler,给油器,,2014-05-14
2048200,oil-immersed transformer,油浸变压器,,2014-05-14
2048201,oil-immersed tube,油浸管,,2014-05-14
2048202,oil-level gage,油位计；油位指示器,,2014-05-14
2048203,oil-level gauge,油位计；油位指示器,,2014-05-14
2048204,oil-level indicator,油位指示器,,2014-05-14
2048205,oil-water separator,油水分离器,,2014-05-14
2048206,oleometer,油比重计,,2014-05-14
2048207,ombrometer,雨量计,,2014-05-14
2048208,omegatron,回旋[高频]质谱仪,,2014-05-14
2048209,omegatron mass spectrometer,回旋[高频]质谱仪,,2014-05-14
2048210,omniaerial,多向天线；全向天线,,2014-05-14
2048211,omnidirectional antenna,多向天线；全向天线,,2014-05-14
2048212,omnigraph,电码习听器；缩图器,,2014-05-14
2048213,omoecope,渗透试验器,,2014-05-14
2048214,ondoscope,示波器,,2014-05-14
2048215,one digit adder,一位加器,,2014-05-14
2048216,one-fluid cell,单液电池,,2014-05-14
2048217,on-off controller,开关控制器,,2014-05-14
2048218,opacimeter,不透明度计,,2014-05-14
2048219,opaque projector,实物投影机,,2014-05-14
2048220,open belt,开口皮带,,2014-05-14
2048221,open carbon arc lamp,敞露式碳弧灯,,2014-05-14
2048222,open circuit battery,暂流电池[组],,2014-05-14
2048223,open circuit cell,暂流电池,,2014-05-14
2048224,open fire tester,开杯燃点测定器,,2014-05-14
2048225,open roaster,敞煅炉,,2014-05-14
2048226,open tank filter,敞滤槽,,2014-05-14
2048227,open-circuit indicator,断路指示器,,2014-05-14
2048228,open-cup tester,开杯燃点测定器,,2014-05-14
2048229,opener,开罐器,,2014-05-14
2048230,open-hearth furnace,平炉；敞炉,,2014-05-14
2048231,open-path Fourier transform infrared spectrometer,开放路径式傅立叶转换红外光谱仪,,2014-05-14
2048232,opera glass,观剧镜 {小双筒望远镜},,2014-05-14
2048233,operation register,运算暂存器,,2014-05-14
2048234,operational amplifier,运算放大器,,2014-05-14
2048235,ophthalmometer,眼膜曲率计,,2014-05-14
2048236,ophthalmoscope,眼膜曲率镜,,2014-05-14
2048237,ophthalmotonometer,眼压计,,2014-05-14
2048238,optical altimeter,光学高度计,,2014-05-14
2048239,optical ammeter,光学电流计,,2014-05-14
2048240,optical amplifier,光学放大器,,2014-05-14
2048241,optical beam splitter,光束裂光镜,,2014-05-14
2048242,optical bench,光具座；光学座,,2014-05-14
2048243,optical boroscope,光学测孔仪,,2014-05-14
2048244,optical character reader,光学字元阅读器；感光字元阅读机,,2014-05-14
2048245,optical character viewer,光学察字器；感光察字器,,2014-05-14
2048246,optical chopper,截光器；光斩波器,,2014-05-14
2048247,optical comparator,光学比较器,,2014-05-14
2048248,optical densitometer,光密度计,,2014-05-14
2048249,optical detector,光学侦检器,,2014-05-14
2048250,optical emission spectrograph,发光摄谱仪,,2014-05-14
2048251,optical encoder,光编码器,,2014-05-14
2048252,optical filter,滤光器,,2014-05-14
2048253,optical frequency amplifier,光频放大器,,2014-05-14
2048254,optical goniometer,光学测角计,,2014-05-14
2048255,optical hygrometer,光学湿度计,,2014-05-14
2048256,optical indicator,光学指示器,,2014-05-14
2048257,optical interferometer,光学干涉计,,2014-05-14
2048258,optical isolator,光频隔离器,,2014-05-14
2048259,optical lens polisher,光学透镜磨光器,,2014-05-14
2048260,optical level,光学水平仪,,2014-05-14
2048261,optical maser,光学迈射,,2014-05-14
2048262,optical micrometer,光学测微计,,2014-05-14
2048263,optical microscope,光学显微镜,,2014-05-14
2048264,optical mixer,光学混频器,,2014-05-14
2048265,optical multichannel analyzer,光学多频道分析仪,,2014-05-14
2048266,optical plummet,光测悬锤,,2014-05-14
2048267,optical profiler,光学轮廓仪,,2014-05-14
2048268,optical projector,光学投影机,,2014-05-14
2048269,optical pyrometer,光学高温计,,2014-05-14
2048270,optical radar altimeter,光学雷达测高度计,,2014-05-14
2048271,optical range finder,光学测距仪,,2014-05-14
2048272,optical reflector,反光镜；光学反射器,,2014-05-14
2048273,optical resonator,光学共振器,,2014-05-14
2048274,optical ring resonator,光环共振器,,2014-05-14
2048275,optical rotatory dispersion spectrophotometer {= ORD},旋光色散光谱仪,,2014-05-14
2048276,optical scanner,光扫描器,,2014-05-14
2048277,optical sensor,光学感测器,,2014-05-14
2048278,optical spectrograph,光学摄谱仪,,2014-05-14
2048279,optical spectrum analyzer,光谱分析仪,,2014-05-14
2048280,optical square,直角转光器,,2014-05-14
2048281,optical tachometer,光学转速计,,2014-05-14
2048282,optical target coordinator,光目标坐标方位仪,,2014-05-14
2048283,optical theodolite,光学经纬仪,,2014-05-14
2048284,optical waveguide detector,光[学]波导侦检器,,2014-05-14
2048285,optimeter,光学[比较]计,,2014-05-14
2048286,optitherm radiometer,光辐射计,,2014-05-14
2048287,optoacoustic detector,光声侦检器,,2014-05-14
2048288,optometer,验光计,,2014-05-14
2048289,orb-ion pump,弹道离子泵,,2014-05-14
2048290,orbital simulator,轨道模拟器,,2014-05-14
2048291,orbital telescope,轨道望远镜,,2014-05-14
2048292,orbiting telescope,轨道望远镜,,2014-05-14
2048294,orifice flowmeter,孔口流量计,,2014-05-14
2048295,orifice meter,孔口流量计,,2014-05-14
2048296,Orsat analyzer,奥色特气体分析器,,2014-05-14
2048297,Orsat apparatus,奥色特气体分析仪,,2014-05-14
2048298,Orsat gas analyzer,奥色特气体分析器,,2014-05-14
2048299,Orsat gas apparatus,奥色特气体分析器,,2014-05-14
2048300,orthochromatic filter,正色滤光器,,2014-05-14
2048301,orthoscope,平行光偏振仪,,2014-05-14
2048302,orthoscopic eyepiece,无畸变目镜,,2014-05-14
2048303,oscillating agitator,振荡搅拌器,,2014-05-14
2048304,oscillating conveyer,摆动运送机；摆运机,,2014-05-14
2048305,oscillating pump,摆动泵,,2014-05-14
2048306,oscillating screen,振荡筛,,2014-05-14
2048307,oscillating sieve,振荡筛,,2014-05-14
2048308,oscillator,振荡器,,2014-05-14
2048309,oscillator amplifier,振荡放大器,,2014-05-14
2048310,oscillator type liquid level detector,振荡式液位侦检器,,2014-05-14
2048311,oscillator type pressure transducer,振荡式压力转换器,,2014-05-14
2048312,oscillograph,示波器,,2014-05-14
2048313,oscillograph galvanometer,示波电流计,,2014-05-14
2048314,oscillograph recorder,示波记录器,,2014-05-14
2048315,oscillograph tube,示波管,,2014-05-14
2048316,oscilloscope,示波器,,2014-05-14
2048317,oscilloscope tube,示波管,,2014-05-14
2048318,osmometer,渗透压力计；渗压计,,2014-05-14
2048319,osmotic cell,渗透槽,,2014-05-14
2048320,outlet box,出线匣,,2014-05-14
2048321,outlet tape punch,输出打带机,,2014-05-14
2048322,output buffer,输出缓冲器,,2014-05-14
2048323,output tape punch,输出打带机；输出带打孔机,,2014-05-14
2048324,oven,烘箱,,2014-05-14
2048325,overcompound generator,高复激发电机,,2014-05-14
2048326,overcurrent release,过电流释放器,,2014-05-14
2048327,overflow indicator,溢流指示器,,2014-05-14
2048328,overhead projector,投影机,,2014-05-14
2048329,overload circuit breaker,超载断路器,,2014-05-14
2048330,overload release,超载释放器,,2014-05-14
2048331,overvoltage protective device,过电压保护装置,,2014-05-14
2048332,overvoltage release,过电压释放器,,2014-05-14
2048333,overvoltage suppressor,过电压抑制器,,2014-05-14
2048334,oxidation reduction cell,氧化还原电池,,2014-05-14
2048335,oxidation-reduction cell,氧化还原电池,,2014-05-14
2048336,oxy-acetylene burner,氧炔燃烧器,,2014-05-14
2048337,oxygen analyzer,氧分析器,,2014-05-14
2048338,oxygen bomb,氧弹,,2014-05-14
2048339,oxygen bomb calorimeter,氧弹卡计,,2014-05-14
2048340,oxygen breathing apparatus,氧呼吸器,,2014-05-14
2048341,oxygen cylinder,氧气钢瓶,,2014-05-14
2048342,oxygen generator,氧气发生器,,2014-05-14
2048343,oxygen inhalation apparatus,氧吸入器,,2014-05-14
2048344,oxygen lance,氧吹管,,2014-05-14
2048345,oxygen mask,氧气罩,,2014-05-14
2048346,oxygen probe,氧探针,,2014-05-14
2048347,oxygen protection apparatus,氧防护器,,2014-05-14
2048348,oxygenator,充氧器；加氧器,,2014-05-14
2048349,oxyhydrogen blowpipe,氢氧吹管,,2014-05-14
2048350,oxyhydrogen flame,氢氧焰,,2014-05-14
2048351,ozonator,臭氧发生器,,2014-05-14
2048352,ozonizer,臭氧发生器,,2014-05-14
2048353,ozonometer,臭氧计,,2014-05-14
2048354,P/I transducer,气动电流转换器,,2014-05-14
2048355,p/n solar cell,p/n太阳[能]电池,,2014-05-14
2048357,pachymeter,测厚计,,2014-05-14
2048358,pack column,填充管柱,,2014-05-14
2048359,package boiler,袖珍锅炉；套装锅炉,,2014-05-14
2048360,packager,打包机,,2014-05-14
2048361,packaging machine,打包机,,2014-05-14
2048362,packed bed,填充床,,2014-05-14
2048363,packed bed reactor,填充床反应器,,2014-05-14
2048364,packed column,填充塔；填充管柱,,2014-05-14
2048365,packed scrubber,填充洗气器,,2014-05-14
2048366,packed spray tower,填充喷雾塔,,2014-05-14
2048367,packed tower,填充塔,,2014-05-14
2048368,packer,装填机,,2014-05-14
2048369,packing machine,装填机；包装机,,2014-05-14
2048370,packing press,压装机,,2014-05-14
2048371,packing ring,填充环；垫圈,,2014-05-14
2048372,pad,缓冲器；衬垫,,2014-05-14
2048373,padder,浸染机；微调电容器,,2014-05-14
2048374,padding capacitor,垫整电容器,,2014-05-14
2048375,padding condenser,垫整电容器,,2014-05-14
2048376,padding machine,浸染机,,2014-05-14
2048377,paddle agitator,浆式搅拌器,,2014-05-14
2048378,paddle mixer,桨式混合器,,2014-05-14
2048379,paddle pump,叶片泵,,2014-05-14
2048380,paddle stirrer,桨式搅拌器,,2014-05-14
2048381,paddle wheel,桨轮,,2014-05-14
2048382,paint mill,涂料磨机,,2014-05-14
2048383,paint mixer,涂料混合器,,2014-05-14
2048384,paint spray-gun,喷漆枪,,2014-05-14
2048385,paired buret,配对滴定管,,2014-05-14
2048386,paired eyepiece,双目镜,,2014-05-14
2048387,pallet board,托[坯]板,,2014-05-14
2048388,pan,锅；皿；盘；罐,,2014-05-14
2048389,pan conveyer,盘运机,,2014-05-14
2048390,pan scale,盘秤,,2014-05-14
2048391,panchromatic vision filter,泛色滤光器,,2014-05-14
2048392,panel,屏；板；壁,,2014-05-14
2048393,panel box,分线箱,,2014-05-14
2048394,panoramic camera,广角照相机,,2014-05-14
2048395,panoramic projector,广角投影机,,2014-05-14
2048396,panoramic sight,广角瞄准镜,,2014-05-14
2048397,panoramoscope,泛频示波器,,2014-05-14
2048398,pantagraph,比例画图器,,2014-05-14
2048399,pantograph,比例画图器,,2014-05-14
2048400,pantometer,角度计；测角器,,2014-05-14
2048401,paper chromatographic scanner,纸层析扫描器,,2014-05-14
2048402,paper condenser,纸[介质]电容器,,2014-05-14
2048403,paper tape,纸带,,2014-05-14
2048404,paper-tape decoder,纸带解码器,,2014-05-14
2048405,paper-tape punch,纸带打孔机,,2014-05-14
2048406,paper-tape reader,纸带阅读机,,2014-05-14
2048407,paper-type decoder,纸带解码器,,2014-05-14
2048408,parabolic condenser,抛物面聚光器,,2014-05-14
2048409,parabolic control valve,抛物线控制阀,,2014-05-14
2048410,parabolic governor,抛物线调速器,,2014-05-14
2048411,parabolic mirror,抛物面镜,,2014-05-14
2048412,parabolic reflector,抛物[柱]面反射器,,2014-05-14
2048413,paraboloid condenser,抛物[旋转]面聚光器,,2014-05-14
2048414,paraboloidal mirror,抛物[旋转]面镜,,2014-05-14
2048415,paraffin condenser,石蜡电容器,,2014-05-14
2048416,paraffined paper condenser,蜡纸电容器,,2014-05-14
2048417,parallax correcting finder,校正视差瞄准器,,2014-05-14
2048418,parallel adder,并[列]加器,,2014-05-14
2048419,parallel computer,平行计算机,,2014-05-14
2048420,parallel plane polariscope,平行面偏光[分析]器,,2014-05-14
2048421,parallel register,并行暂存器,,2014-05-14
2048422,parallel resistor,并联电阻器,,2014-05-14
2048423,parallel rod,平行杆,,2014-05-14
2048424,parallel rod oscillator,平行杆振荡器,,2014-05-14
2048425,parallel wire resonator,平行线共振器,,2014-05-14
2048426,parallel-conducting-plate dielectric resonator dielectrometer,平行金属板介质共振器介电测量仪,,2014-05-14
2048427,parallel-plane capacitor,平行板电容器,,2014-05-14
2048428,parallel-plate capacitor,平行板电容器,,2014-05-14
2048429,parallel-plate condenser,平行板电容器,,2014-05-14
2048430,parallel-plate counter,平行板计数器,,2014-05-14
2048431,paramagnetic oxygen analyzer,顺磁氧分析仪,,2014-05-14
2048432,parametric amplifier,参数放大器；变抗放大器,,2014-05-14
2048433,parametron,变抗振荡器；变抗[放大]管,,2014-05-14
2048434,paraphase amplifier,变相放大器,,2014-05-14
2048435,paraphase oscillator,参数振荡器,,2014-05-14
2048436,paraphase transformer,对相变量器,,2014-05-14
2048437,parasitic aerial,寄生天线,,2014-05-14
2048438,parasitic suppressor,寄生振荡抑制器,,2014-05-14
2048439,partial condenser,部分冷凝器,,2014-05-14
2048440,partial deflection potentiometer,部分偏转电位计,,2014-05-14
2048441,partial pressure analyzer,[气体]分压分析仪,,2014-05-14
2048442,partial radiation pyrometer,部分辐射高温计,,2014-05-14
2048443,partially silvered mirror,半涂银面镜,,2014-05-14
2048444,particle accelerator,粒子加速器,,2014-05-14
2048445,particle size analyzer,粒径分析仪,,2014-05-14
2048446,passameter,外径计,,2014-05-14
2048447,passimeter,内径计,,2014-05-14
2048448,passive transducer,被动转换器,,2014-05-14
2048449,passometer,数步计,,2014-05-14
2048450,pasteur filter,巴斯德滤[菌]器,,2014-05-14
2048451,pasteur flask,巴斯德[培养]烧瓶,,2014-05-14
2048452,pasteurizer,巴斯德杀菌器；低温杀菌器；巴氏杀菌器,,2014-05-14
2048453,patch board,插线板,,2014-05-14
2048454,patch panel,插线板,,2014-05-14
2048456,peak chopper,峰值限幅器,,2014-05-14
2048457,peak clipper,峰值限值器；限幅器,,2014-05-14
2048458,peak identifier,峰鉴定器,,2014-05-14
2048459,peak indicator,峰值指示器,,2014-05-14
2048460,peak limiter,峰值限制器,,2014-05-14
2048461,peak sensor,峰感测器,,2014-05-14
2048462,peak transformer,峰值变压器,,2014-05-14
2048463,peak voltmeter,峰值电压计；峰值伏特计,,2014-05-14
2048464,peaker,尖波器,,2014-05-14
2048465,peak-pass amplifier,高峰信号放大器,,2014-05-14
2048466,peanut tube,小真空管,,2014-05-14
2048467,pebble mill,卵石磨,,2014-05-14
2048468,pedometer,数步计,,2014-05-14
2048469,peeler,剥皮机,,2014-05-14
2048470,peep hole,视孔；窥孔,,2014-05-14
2048471,peep-sight,瞄准器,,2014-05-14
2048472,peep-sight alidade,测斜照准仪,,2014-05-14
2048473,peg count meter,记次计,,2014-05-14
2048474,pellet press,压粒机；压片机,,2014-05-14
2048475,pellet type thermistor,片式热敏电阻器,,2014-05-14
2048476,pelletizer,制粒机,,2014-05-14
2048477,pelorus,方位仪,,2014-05-14
2048478,pencil-type probe,笔形探针,,2014-05-14
2048479,pendulous accelerometer,摆式加速计,,2014-05-14
2048480,pendulum,[钟]摆,,2014-05-14
2048481,pendulum anemometer,摆式风速计,,2014-05-14
2048482,pendulum astrolabe,摆式星[象]盘,,2014-05-14
2048483,pendulum clinometer,摆式测斜计,,2014-05-14
2048484,pendulum dynamometer,摆式测力计；摆式功率计,,2014-05-14
2048485,pendulum governor,摆式调速器,,2014-05-14
2048486,pendulum gradient indicator,摆式梯度指示器,,2014-05-14
2048487,pendulum impact tester,摆式冲撃试验机,,2014-05-14
2048488,pendulum inclinometer,摆式测斜计,,2014-05-14
2048489,pendulum magnetometer,摆式磁强计,,2014-05-14
2048490,pendulum manometer,摆式压力计,,2014-05-14
2048491,pendulum press,摆式压机,,2014-05-14
2048492,pendulum pump,摆泵,,2014-05-14
2048493,pendulum shutter,摆动闸门,,2014-05-14
2048494,pendulum stabilizer,摆式稳定器,,2014-05-14
2048495,pendulum viscometer,摆式黏度计,,2014-05-14
2048496,pendulum viscosimeter,摆式黏度计,,2014-05-14
2048497,pendulum-type tachometer,摆式转速计,,2014-05-14
2048498,pendulum-type tension testing machine,摆式张力试验机,,2014-05-14
2048499,penetrameter,穿透计；射线穿透仪,,2014-05-14
2048500,penetrometer,穿透计；射线穿透仪,,2014-05-14
2048501,penetron,射线穿透仪,,2014-05-14
2048502,pentac lens,五元件透镜,,2014-05-14
2048503,pentagonal prism,五角棱镜,,2014-05-14
2048504,pentagrid converter,五栅变频管；五栅转换器,,2014-05-14
2048505,pentagrid tube,五栅管,,2014-05-14
2048506,pentode,五极管,,2014-05-14
2048507,pen-type dosimeter,笔型剂量计,,2014-05-14
2048508,perambulator,计程器,,2014-05-14
2048509,perceptron,辨认器,,2014-05-14
2048510,percolating filter,渗滤器,,2014-05-14
2048511,percolator,渗滤器,,2014-05-14
2048512,perforated electrode,穿孔电极；多孔电极,,2014-05-14
2048513,perforated paper tape,穿孔纸带,,2014-05-14
2048514,perforated plate column,多孔[层]板塔；多孔[层]板柱,,2014-05-14
2048515,perforated plate tower,多孔层板塔,,2014-05-14
2048516,perforated tape,穿孔带,,2014-05-14
2048517,perforated tape reader,穿孔带阅读机,,2014-05-14
2048518,perforated tape recorder,穿孔纸带记录器,,2014-05-14
2048519,perforating machine,穿孔机,,2014-05-14
2048520,perforator,穿孔机,,2014-05-14
2048521,performance monitor,性能监测器,,2014-05-14
2048522,perimeter,目场计；视野计,,2014-05-14
2048523,periodic annealing furnace,周期退火炉,,2014-05-14
2048524,periodic annealing oven,周期退火烘箱,,2014-05-14
2048525,periodic galvanometer,摆动电流计；周期电流计；周期检流计,,2014-05-14
2048526,peripheral device,周边装置,,2014-05-14
2048527,peripheral equipment,周边设备,,2014-05-14
2048528,peripheral interface adapter,周边介面配接器；周边介面转接器,,2014-05-14
2048529,peripheral processor,周边处理器,,2014-05-14
2048530,peripheral processor unit,周边处理单元,,2014-05-14
2048531,peripheral pump,周边泵,,2014-05-14
2048532,periscope,潜望镜,,2014-05-14
2048533,periscopic rangefinder,潜望测距器,,2014-05-14
2048534,peristaltic pump,蠕动泵,,2014-05-14
2048535,permanent magnet,永久磁铁,,2014-05-14
2048536,permanent magnet receiver,永磁接收器,,2014-05-14
2048537,permanent-magnet loudspeaker,永磁扬声器,,2014-05-14
2048538,permanent-magnet receiver,永磁接收器,,2014-05-14
2048539,permatron,磁控[闸流]管,,2014-05-14
2048540,permeability apparatus,透过性测定仪,,2014-05-14
2048541,permeability bridge,磁导率电桥,,2014-05-14
2048542,permeability meter,透气计；磁导计,,2014-05-14
2048543,permeable protective clothing,透气防毒衣；透气防护衣,,2014-05-14
2048544,permeameter,透气计；磁导计,,2014-05-14
2048545,persistron,持久显示管,,2014-05-14
2048546,personal computer {= PC},个人电脑,,2014-05-14
2048547,personnel monitor,人员监测器,,2014-05-14
2048548,perspectagraph,透视纠正仪,,2014-05-14
2048549,perspective glass,望远镜,,2014-05-14
2048550,pestle,杵,,2014-05-14
2048552,petri dish,培养皿,,2014-05-14
2048553,petrographic microscope,岩石显微镜,,2014-05-14
2048554,pH controller,pH控制器,,2014-05-14
2048555,pH electrode,pH电极,,2014-05-14
2048556,pH meter,pH计；酸[碱]度计,,2014-05-14
2048557,pH monitor,pH监测器,,2014-05-14
2048558,pH value comparator,pH比值器,,2014-05-14
2048559,phanatron,热阴极含气整流管,,2014-05-14
2048560,phantastran,幻管；幻象延迟器,,2014-05-14
2048561,phantastron,幻管；幻象延迟器,,2014-05-14
2048562,phantom antenna,幻象天线,,2014-05-14
2048563,phase adapter,相位变换器；换相器,,2014-05-14
2048564,phase adjuster,相位调整器,,2014-05-14
2048565,phase advancer,进相[位]器；进相机,,2014-05-14
2048566,phase changer,换相器,,2014-05-14
2048567,phase comparator,相位比较器,,2014-05-14
2048568,phase contrast microscope,相衬显微镜；相位差显微镜,,2014-05-14
2048569,phase controller,相位控制器,,2014-05-14
2048570,phase converter,换相器,,2014-05-14
2048571,phase correcting unit,相位改正器,,2014-05-14
2048572,phase corrector,相位改正器,,2014-05-14
2048573,phase demodulator,相位解调器,,2014-05-14
2048574,phase detector,相位侦检器；检相器,,2014-05-14
2048575,phase indicator,相位指示器,,2014-05-14
2048576,phase localizer,相位定位器,,2014-05-14
2048577,phase microscope,相衬显微镜；相位差显微镜,,2014-05-14
2048578,phase modifier,调相器,,2014-05-14
2048579,phase modulator,相位调制器,,2014-05-14
2048580,phase multiplier,相位倍增器,,2014-05-14
2048581,phase objective,相位物镜,,2014-05-14
2048582,phase plate,相位板,,2014-05-14
2048583,phase regulator,相位调节器,,2014-05-14
2048584,phase relay,相位继电器,,2014-05-14
2048585,phase reverser,反相器,,2014-05-14
2048586,phase selector,相位选择器,,2014-05-14
2048587,phase separator,相分离器,,2014-05-14
2048588,phase shifter,移相器,,2014-05-14
2048590,phase splitter,分相器,,2014-05-14
2048591,phase synchronized oscillator,相位同步振荡器,,2014-05-14
2048592,phase transformer,相变换器,,2014-05-14
2048593,phase-amplitude discriminator,相幅鉴别器,,2014-05-14
2048594,phase-amplitude indicator,相幅指示器,,2014-05-14
2048595,phase-angle indicator,相角指示器,,2014-05-14
2048596,phase-angle meter,相角计,,2014-05-14
2048597,phase-balance relay,相位平衡继电器,,2014-05-14
2048598,phase-compensating device,相位补偿装置,,2014-05-14
2048600,phase-difference indicator,相位差指示器,,2014-05-14
2048601,phase-difference microscope,相位差显微镜,,2014-05-14
2048602,phase-interferometer,相位干涉仪,,2014-05-14
2048603,phase-inverting amplifier,反相放大器,,2014-05-14
2048604,phase-lock detector,锁相侦检器,,2014-05-14
2048605,phasemeter,相位计,,2014-05-14
2048606,phase-modulated transmitter,调相发送机,,2014-05-14
2048607,phase-reversal relay,反相继电器,,2014-05-14
2048608,phase-rotation relay,相转继电器,,2014-05-14
2048609,phase-sensitive detector,相敏侦检器,,2014-05-14
2048610,phase-sensitive modulator,相敏调制器,,2014-05-14
2048611,phase-sensitive rectifier,相敏整流器,,2014-05-14
2048612,phase-sequence indicator,相序指示器,,2014-05-14
2048613,phase-sequence meter,相序计,,2014-05-14
2048614,phase-sequence relay,相序继电器,,2014-05-14
2048615,phase-shift coder,相移编码器,,2014-05-14
2048616,phase-shift microphone,相移传声器,,2014-05-14
2048617,phase-shift modulator,相移调制器,,2014-05-14
2048618,phase-shift oscillator,相移振荡器,,2014-05-14
2048619,phase-shift trigger,相移触发器,,2014-05-14
2048620,phase-shifting autotransformer,相移自变压器,,2014-05-14
2048621,phase-shifting transformer,相移变压器,,2014-05-14
2048622,phase-splitting amplifier,分相放大器,,2014-05-14
2048623,phase-tracking interferometer,相位追踪干涉计；相位追踪干涉仪,,2014-05-14
2048624,phase-voltage regulator,相位电压调节器,,2014-05-14
2048625,phasing synchro,相位同步机,,2014-05-14
2048626,phasing transformer,相变换器,,2014-05-14
2048627,phasitron,调频管；调相管,,2014-05-14
2048628,phonautograph,声波记振仪,,2014-05-14
2048629,phonic motor,单音电动机；单音马达,,2014-05-14
2048630,phonic wheel,音轮,,2014-05-14
2048631,phonodeik,声波显示器,,2014-05-14
2048632,phonograph,留声机,,2014-05-14
2048633,phonographic recorder,录音机,,2014-05-14
2048634,phonometer,测音计；声强度计,,2014-05-14
2048635,phonon parametric amplifier,声子参数放大器,,2014-05-14
2048636,phonoscope,验音器,,2014-05-14
2048637,phono-selectoscope,声频选择器,,2014-05-14
2048638,phonotelemeter,声测距仪,,2014-05-14
2048639,phonozenograph,声波测向器,,2014-05-14
2048640,phosphor laser,磷光体雷射,,2014-05-14
2048641,phosphorometer,磷光计,,2014-05-14
2048642,phosphoroscope,磷光镜；磷光测定器,,2014-05-14
2048643,phosphorous analyzer,磷分析仪,,2014-05-14
2048644,photistor,光[敏]电晶体,,2014-05-14
2048645,photoacoustic cell,光声池,,2014-05-14
2048646,photoacoustic detector,光声侦检器,,2014-05-14
2048647,photocathode,光[电]阴极,,2014-05-14
2048648,photocell,光电管；光电池,,2014-05-14
2048649,photocell pyrometer,光电管高温计,,2014-05-14
2048650,photochemical cell,光化学电池,,2014-05-14
2048651,photochronograph,照相记时仪；照相计时仪,,2014-05-14
2048652,photoconductive cell,光电导管；光导电池,,2014-05-14
2048653,photoconductive tube,光电导管,,2014-05-14
2048654,photoconverter,光转换器,,2014-05-14
2048655,photocopier,影印机；光复制机,,2014-05-14
2048656,photocurrent generator,光电流发生器,,2014-05-14
2048657,photodensitometer,光密度计,,2014-05-14
2048658,photodetector,光侦检器,,2014-05-14
2048659,photodiode,光电二极管,,2014-05-14
2048660,photodosimeter,感光剂量计,,2014-05-14
2048661,photoelastic polariscope,光弹性偏光仪,,2014-05-14
2048662,photoelastic stressmeter,光弹性应力计,,2014-05-14
2048663,photoelectric alarm,光电警报器,,2014-05-14
2048664,photoelectric amplifier,光电放大器,,2014-05-14
2048665,photoelectric cathode,光电阴极,,2014-05-14
2048666,photoelectric cell,光电管；光电池,,2014-05-14
2048667,photoelectric color analyzer,光电颜色分析仪,,2014-05-14
2048668,photoelectric colorimeter,光电比色计,,2014-05-14
2048669,photoelectric compensator,光电补偿器,,2014-05-14
2048670,photoelectric controller,光电控制器,,2014-05-14
2048671,photoelectric counter,光电计数器,,2014-05-14
2048672,photoelectric coupler,光电耦合器,,2014-05-14
2048673,photoelectric densitometer,光电密度计,,2014-05-14
2048674,photoelectric detector,光电侦检器,,2014-05-14
2048675,photoelectric double-slit interferometer,光电双狭缝干涉计,,2014-05-14
2048676,photoelectric dust meter,光电测尘计,,2014-05-14
2048677,photoelectric flame failure detector,光电灭焰侦检器,,2014-05-14
2048678,photoelectric fluorometer,光电萤光计,,2014-05-14
2048679,photoelectric function generator,光电函数发生器,,2014-05-14
2048680,photoelectric galvanometer,光电电流计,,2014-05-14
2048681,photoelectric grader,光电分级机,,2014-05-14
2048682,photoelectric indicator,光电指示器,,2014-05-14
2048683,photoelectric integrator,光电积分器,,2014-05-14
2048684,photoelectric microphotometer,光电测微光度计,,2014-05-14
2048685,photoelectric multiplier,光电倍增器；光电倍增管,,2014-05-14
2048686,photoelectric photometer,光电光度计,,2014-05-14
2048687,photoelectric polarimeter,光电偏光计；光电旋光计；光电偏振计,,2014-05-14
2048688,photoelectric power converter,光电功率变换器,,2014-05-14
2048689,photoelectric pyrometer,光电高温计,,2014-05-14
2048690,photoelectric reader,光电阅读机,,2014-05-14
2048691,photoelectric recorder,光电记录器,,2014-05-14
2048692,photoelectric regulator,光电调节器,,2014-05-14
2048693,photoelectric relay,光电继电器,,2014-05-14
2048694,photoelectric scanner,光电扫描器,,2014-05-14
2048695,photoelectric sclerometer,光电硬度计,,2014-05-14
2048696,photoelectric seismometer,光电地震仪,,2014-05-14
2048697,photoelectric selector,光电选择器,,2014-05-14
2048698,photoelectric sender,光电发送器,,2014-05-14
2048699,photoelectric sensor,光电感测器,,2014-05-14
2048700,photoelectric sextant,光电六分仪,,2014-05-14
2048701,photoelectric sorter,光电分类器,,2014-05-14
2048702,photoelectric spectrophotometer,光电分光光度计；光电光谱仪,,2014-05-14
2048703,photoelectric tachometer,光电转速计,,2014-05-14
2048704,photoelectric tape reader,光电读带机,,2014-05-14
2048705,photoelectric telemeter,光电遥测计,,2014-05-14
2048706,photoelectric timer,光电定时器,,2014-05-14
2048707,photoelectric transmissometer,光电视程计；光电透射计,,2014-05-14
2048708,photoelectric tube,光电管,,2014-05-14
2048709,photoelectromagnetic cell,光电磁管,,2014-05-14
2048710,photoemissive cell,光电发射管,,2014-05-14
2048711,photoemissive relay,光电发射继电器,,2014-05-14
2048712,photoflash bulb,闪光灯[泡],,2014-05-14
2048713,photoflash light,闪光灯,,2014-05-14
2048714,photoflood lamp,强光灯；溢光灯,,2014-05-14
2048715,photofluoroscope,萤光屏显像器,,2014-05-14
2048716,photogalvanic cell,光电池,,2014-05-14
2048717,photogoniometer,光学测角器,,2014-05-14
2048718,photographic barograph,摄影气压记录仪,,2014-05-14
2048719,photographic dosimeter,感光剂量计；摄影剂量仪,,2014-05-14
2048720,photographic finder,探像器,,2014-05-14
2048721,photographic lens,照相透镜,,2014-05-14
2048722,photographic recorder,照相记录器,,2014-05-14
2048723,photographic screen,滤色屏,,2014-05-14
2048724,photographic spectroscope,照相分光镜,,2014-05-14
2048725,photographic telescope,照相望远镜,,2014-05-14
2048726,photoionization detector {= PID},光游离侦检器,,2014-05-14
2048727,photomask,光罩,,2014-05-14
2048728,photometer,光度计,,2014-05-14
2048729,photometer head,光度计头,,2014-05-14
2048730,photometric pyrometer,光度高温计,,2014-05-14
2048731,photometric titration apparatus,光电滴定装置,,2014-05-14
2048732,photomicrographic apparatus,显微照相装置,,2014-05-14
2048733,photomicroscope,照相显微镜,,2014-05-14
2048734,photomodulator,光调制器,,2014-05-14
2048735,photomultiplier,光电倍增器；光电倍增管,,2014-05-14
2048736,photomultiplier cell,光电倍增管；光电倍增池,,2014-05-14
2048737,photomultiplier detector,光电倍增侦检器,,2014-05-14
2048738,photomultiplier tube{= PMT},光电倍增管,,2014-05-14
2048739,photon counter,光子计数器,,2014-05-14
2048740,photon detector,光子侦检器,,2014-05-14
2048741,photon engine,光子发动机；光子引擎,,2014-05-14
2048742,photonic cell,光子电池,,2014-05-14
2048743,photopen,光笔,,2014-05-14
2048744,photopen recorder,光笔记录器,,2014-05-14
2048745,photophone,光电话机；影像电话机,,2014-05-14
2048746,photoprinter,光印表机；相片列印机,,2014-05-14
2048747,photoreactor,光[化学]反应器,,2014-05-14
2048748,photoreceptor,光感受器,,2014-05-14
2048749,photorecorder,照相记录器,,2014-05-14
2048750,photorectifier,光整流器,,2014-05-14
2048751,photorelay,光继电器,,2014-05-14
2048752,photoresistance cell,光敏电阻器,,2014-05-14
2048753,photoresistor,光敏电阻器,,2014-05-14
2048754,photoscope,透视镜,,2014-05-14
2048755,photosensitive cell,光敏电池,,2014-05-14
2048756,photosensitive glass,光敏玻璃；感光玻璃,,2014-05-14
2048757,photosensor,光感测器,,2014-05-14
2048758,photostereograph,光立体测图仪,,2014-05-14
2048759,photoswitch,光控开关,,2014-05-14
2048760,phototelescope,照相望远镜,,2014-05-14
2048761,phototheodolite,照相经纬仪,,2014-05-14
2048762,photothermal microspectroscope {= PTMS},光热显微光谱仪,,2014-05-14
2048763,photothermionic image converter,光热离子变像管,,2014-05-14
2048764,photothyristor,光闸流管,,2014-05-14
2048765,phototimer,光定时器,,2014-05-14
2048766,photo-tracer,光线描图器,,2014-05-14
2048767,phototransducer,光电转换器,,2014-05-14
2048768,phototransistor,光[电]电晶体,,2014-05-14
2048769,phototriode,光电三极管,,2014-05-14
2048770,phototube,光电管,,2014-05-14
2048771,photovalve,光[电]阀,,2014-05-14
2048772,photovaristor,光敏电阻器,,2014-05-14
2048773,photovisual objective,拟视照相[物]镜,,2014-05-14
2048774,photovoltaic cell,光[伏打]电池,,2014-05-14
2048775,photronic cell,隔层光电池；隔层光电管,,2014-05-14
2048776,pH-stat,恒酸度器；pH恒稳器,,2014-05-14
2048778,physical pendulum,复摆；物理摆,,2014-05-14
2048779,physical photometer,物理光度计,,2014-05-14
2048780,physiologic monitor,生理监视器,,2014-05-14
2048781,physiological photometer,生理光度计,,2014-05-14
2048782,pick brush,集电刷,,2014-05-14
2048783,pickling basket,浸酸篮,,2014-05-14
2048784,pick-off diode,选截二极管,,2014-05-14
2048785,pickup,拾声器；拾波器；拾取器,,2014-05-14
2048786,pickup amplifier,拾声放大器；拾波放大器,,2014-05-14
2048787,pickup brush,集电刷；集流刷,,2014-05-14
2048788,pickup coil,拾波线圈,,2014-05-14
2048789,pickup probe,拾取探针；接收探针,,2014-05-14
2048790,pickup tongs,葫芦形夹钳,,2014-05-14
2048791,picnometer,比重瓶,,2014-05-14
2048792,picoammeter,皮安培计；微微安培计,,2014-05-14
2048793,picosecond laser,皮秒雷射,,2014-05-14
2048794,picture monitor,图示监测器；图像监视器,,2014-05-14
2048796,piezoelectric detector,压电侦检器,,2014-05-14
2048797,piezoelectric filter,压电滤波器,,2014-05-14
2048798,piezoelectric loudspeaker,压电扬声器,,2014-05-14
2048799,piezoelectric microphone,压电传声器,,2014-05-14
2048800,piezoelectric oscillator,压电振荡器,,2014-05-14
2048801,piezoelectric oscillograph,压电示波器,,2014-05-14
2048802,piezoelectric pickup,压电拾声器,,2014-05-14
2048803,piezoelectric pressure gage,压电压力计,,2014-05-14
2048804,piezoelectric pressure gauge,压电压力计,,2014-05-14
2048805,piezoelectric pressure indicator,压电压力指示器,,2014-05-14
2048806,piezoelectric probe,压电探计,,2014-05-14
2048807,piezoelectric quartz detector,压电石英侦检器,,2014-05-14
2048808,piezoelectric quartz filter,压电石英滤波器,,2014-05-14
2048809,piezoelectric receiver,压电接收器；压电受话器,,2014-05-14
2048810,piezoelectric rectifier,压电整流器,,2014-05-14
2048811,piezoelectric relay,压电继电器,,2014-05-14
2048812,piezoelectric resonater,压电共振器,,2014-05-14
2048813,piezoelectric seismometer,压电地震仪,,2014-05-14
2048814,piezoelectric sender,压电发送器,,2014-05-14
2048815,piezoelectric sorption detector,压电吸著侦检器,,2014-05-14
2048816,piezoelectric stabilizer,压电稳定器,,2014-05-14
2048817,piezoelectric strain gage,压电应变计,,2014-05-14
2048818,piezoelectric strain gauge,压电应变计,,2014-05-14
2048819,piezoelectric transducer,压电转换器,,2014-05-14
2048820,piezoelectric vibrator,压电振动器,,2014-05-14
2048821,piezoelectrometer,压电静电计,,2014-05-14
2048822,piezometer,测压计；压强计,,2014-05-14
2048823,piezo-oscillator,压电振荡器,,2014-05-14
2048824,piezoresistor,压电电阻器,,2014-05-14
2048825,piezoresonator,压电共振器,,2014-05-14
2048826,piezosensor,压电感测器,,2014-05-14
2048827,piezotransistor,压电电晶体,,2014-05-14
2048828,pile oscillator,堆振荡器,,2014-05-14
2048829,pill cutter,切丸刀,,2014-05-14
2048830,pill press,压丸机,,2014-05-14
2048831,pill-box counter,球形盒计数器,,2014-05-14
2048832,pilot balloon,测风气球,,2014-05-14
2048833,pilot burner,引火燃烧器；引燃器,,2014-05-14
2048834,pilot cell,引示电池,,2014-05-14
2048835,pilot exciter,引示激磁机；副激磁机,,2014-05-14
2048836,pilot frequency oscillator,导频振荡器,,2014-05-14
2048837,pilot gas burner,引火煤气灯；引火气体燃烧器,,2014-05-14
2048838,pilot lamp,指示灯,,2014-05-14
2048839,pilot light,指示灯,,2014-05-14
2048840,pilot light burner,引火灯,,2014-05-14
2048841,pilot motor,控制马达；引示电动机,,2014-05-14
2048842,pilot reactor,引示反应器,,2014-05-14
2048843,pilot relay,引示继电器,,2014-05-14
2048844,pilot valve,引示阀,,2014-05-14
2048845,pilot wire regulator,引示线调节器,,2014-05-14
2048846,pilot-flame burner,引火焰灯,,2014-05-14
2048847,pin board,插线板；插接板；插脚板,,2014-05-14
2048848,pin file,针锉,,2014-05-14
2048849,pin valve,针阀,,2014-05-14
2048850,pincer clamp,夹钳,,2014-05-14
2048851,pincers,钳子；镊子,,2014-05-14
2048852,pincette,[小]钳子；[小]镊子,,2014-05-14
2048853,pinch clamp,弹簧夹；节流夹,,2014-05-14
2048854,pinchcock,弹簧夹；节流夹,,2014-05-14
2048855,pinch-cock clamp,节流夹,,2014-05-14
2048856,pinchers,钳子；镊子,,2014-05-14
2048857,pinhole camera,针孔照相机；针孔摄影机,,2014-05-14
2048858,pinion,小齿轮,,2014-05-14
2048859,pintle atomizer,针形喷雾器,,2014-05-14
2048860,pintle nozzle,针形喷嘴,,2014-05-14
2048861,pintle valve,针尖阀；针形阀,,2014-05-14
2048862,pip generator,尖波发生器,,2014-05-14
2048863,pipe,管,,2014-05-14
2048864,pipe bender,弯管器；弯管机,,2014-05-14
2048865,pipe calipers,管卡钳,,2014-05-14
2048866,pipe callipers,管卡钳,,2014-05-14
2048867,pipe casing,管套,,2014-05-14
2048868,pipe clamp,管夹,,2014-05-14
2048869,pipe coupling,管接头,,2014-05-14
2048870,pipe cutter,截管器,,2014-05-14
2048871,pipe expander,扩管机,,2014-05-14
2048872,pipe fitting,管配件,,2014-05-14
2048873,pipe heater,管式加热器,,2014-05-14
2048874,pipe instrument,管乐器,,2014-05-14
2048875,pipe still,管馏器,,2014-05-14
2048876,pipe tongs,管钳,,2014-05-14
2048877,pipe wrench,管钳,,2014-05-14
2048878,pipet,吸[量]管；吸[移]管,,2014-05-14
2048879,pipet bulb,安全吸球；吸[量]球,,2014-05-14
2048880,pipet controller,吸管控制器,,2014-05-14
2048881,pipet drier,吸管干燥器；吸管干燥箱,,2014-05-14
2048882,pipet filler,吸管吸液器,,2014-05-14
2048883,pipet jar,吸管筒,,2014-05-14
2048884,pipet rack,吸[量]管架,,2014-05-14
2048885,pipet rinser,吸管润洗器,,2014-05-14
2048886,pipet stand,吸管架,,2014-05-14
2048887,pipet support,吸管架,,2014-05-14
2048888,pipet washer,吸管清洗器,,2014-05-14
2048889,pipette,吸[量]管；吸[移]管,,2014-05-14
2048890,pipette bulb,安全吸球；吸[量]球,,2014-05-14
2048891,pipette controller,吸管控制器,,2014-05-14
2048892,pipette drier,吸管干燥器；吸管干燥箱,,2014-05-14
2048893,pipette filler,吸管吸液器,,2014-05-14
2048894,pipette jar,吸管筒,,2014-05-14
2048895,pipette rack,吸[量]管架,,2014-05-14
2048896,pipette rinser,吸管润洗器,,2014-05-14
2048897,pipette stand,吸管架,,2014-05-14
2048898,pipette support,吸管架,,2014-05-14
2048899,pipette washer,吸管清洗器,,2014-05-14
2048900,piston,活塞,,2014-05-14
2048901,piston actuator,活塞引动器,,2014-05-14
2048902,piston attenuator,活塞衰减器,,2014-05-14
2048903,piston compressor,活塞压缩机,,2014-05-14
2048904,piston damper,活塞阻尼器,,2014-05-14
2048905,piston drill,活塞钻机,,2014-05-14
2048906,piston engine,活塞发动机；活塞引擎,,2014-05-14
2048907,piston flowmeter,活塞流量计,,2014-05-14
2048908,piston gage,活塞压力计,,2014-05-14
2048909,piston gauge,活塞压力计,,2014-05-14
2048910,piston hydrophone,活塞水听器,,2014-05-14
2048911,piston meter,活塞流量计,,2014-05-14
2048912,piston pressure gage,活塞压力计,,2014-05-14
2048913,piston pressure gauge,活塞压力计,,2014-05-14
2048914,piston puller,活塞拉晶器；活塞拉拔器,,2014-05-14
2048915,piston pump,活塞泵,,2014-05-14
2048916,piston ring,活塞环,,2014-05-14
2048917,piston ring pliers,活塞环张口钳；活塞环安装钳,,2014-05-14
2048918,piston supercharger,活塞增压器,,2014-05-14
2048919,piston throttle,活塞节流阀,,2014-05-14
2048920,piston valve,活塞阀,,2014-05-14
2048921,piston viscometer,活塞黏度计,,2014-05-14
2048922,piston viscosimeter,活塞黏度计,,2014-05-14
2048923,pistonphone,活塞校音器,,2014-05-14
2048924,piston-type indicator,活塞式指示器,,2014-05-14
2048925,pitch adder,俯仰角加法器,,2014-05-14
2048926,pitch detector,俯仰侦检器,,2014-05-14
2048927,pitch gage,螺距规,,2014-05-14
2048928,pitch gauge,螺距规,,2014-05-14
2048929,pitch gyroscope,俯仰陀螺仪,,2014-05-14
2048930,pitch indicator,俯仰指示器,,2014-05-14
2048931,pitch rate gyroscope,俯仰角速度陀螺仪,,2014-05-14
2048932,pitch sensor,俯仰感测器,,2014-05-14
2048933,pitching tank,种母槽,,2014-05-14
2048934,pith-ball electroscope,蓪草球验电器；木髓球验电器,,2014-05-14
2048935,pitometer,自记流速计；皮氏压差计,,2014-05-14
2048936,Pitot flow meter,皮托[流量]计,,2014-05-14
2048937,Pitot meter,皮托[流量]计；皮托[流速]计,,2014-05-14
2048938,pitot tube,皮托管,,2014-05-14
2048939,pitsaw file,半圆锉,,2014-05-14
2048940,pivot,枢；枢轴,,2014-05-14
2048941,pivot bearing,枢轴承；支臼,,2014-05-14
2048942,plain bearing,普通轴承；滑动轴承,,2014-05-14
2048943,plain caliper gage,普通卡规,,2014-05-14
2048944,plain caliper gauge,普通卡规,,2014-05-14
2048945,plain calliper gage,普通卡规,,2014-05-14
2048946,plain calliper gauge,普通卡规,,2014-05-14
2048947,plain chisel,扁钻；扁錾,,2014-05-14
2048948,plain pipet,无刻度吸管,,2014-05-14
2048949,plain pipette,无刻度吸管,,2014-05-14
2048950,plain shunt,平面分流器,,2014-05-14
2048951,plain-break breaker,平断断路器,,2014-05-14
2048952,plain-grating spectrograph,平面光栅摄谱仪,,2014-05-14
2048953,plaiter,褶机,,2014-05-14
2048954,planar diode,平面[型]二极管,,2014-05-14
2048955,planar transistor,平面[型]电晶体,,2014-05-14
2048956,plane electrode,平面电极,,2014-05-14
2048957,plane grating,平面光栅,,2014-05-14
2048958,plane mirror,平面镜,,2014-05-14
2048959,plane polariscope,平面偏光镜；平面偏光仪；平面旋光仪,,2014-05-14
2048960,plane-concave lens,平凹透镜,,2014-05-14
2048961,plane-convex lens,平凸透镜,,2014-05-14
2048962,planet agitator,回绕式搅拌器,,2014-05-14
2048963,planet stirrer,回绕式搅拌器,,2014-05-14
2048964,planimeter,面积[积分]计；测面[积]仪,,2014-05-14
2048965,plano-concave lens,平凹透镜,,2014-05-14
2048966,plano-convex lens,平凸透镜,,2014-05-14
2048967,planometer,测平仪,,2014-05-14
2048968,plasma accelerator,电浆加速器,,2014-05-14
2048969,plasma arc furnace,电浆电弧炉,,2014-05-14
2048970,plasma cathode,电浆阴极,,2014-05-14
2048971,plasma chromatograph,电浆层析仪,,2014-05-14
2048972,plasma diode,电浆二极体,,2014-05-14
2048973,plasma engine,电浆引擎,,2014-05-14
2048974,plasma generator,电浆发生器,,2014-05-14
2048975,plasma gun,电浆枪,,2014-05-14
2048976,plasma injector,电浆注射器,,2014-05-14
2048977,plasma laser,电浆雷射,,2014-05-14
2048978,plasma linac,电浆直线加速器,,2014-05-14
2048979,plasma oscillator,电浆振荡器,,2014-05-14
2048980,plasma reactor,电浆反应器,,2014-05-14
2048981,plasma torch,电浆炬,,2014-05-14
2048982,plasma-pump laser,电浆激升雷射,,2014-05-14
2048983,plasmatron,电浆调变器；充气二极管,,2014-05-14
2048984,plastic buret,塑胶滴定管,,2014-05-14
2048985,plastic burette,塑胶滴定管,,2014-05-14
2048986,plastic capacitor,塑胶电容器,,2014-05-14
2048987,plastic container,塑胶容器,,2014-05-14
2048988,plastic film detector,塑胶膜侦检器,,2014-05-14
2048989,plastic funnel,塑胶漏斗,,2014-05-14
2048990,plastic injection molding machine,塑胶射出成型机,,2014-05-14
2048991,plastic injection moulding machine,塑胶射出成型机,,2014-05-14
2048992,plastic moderated reactor,塑胶缓和反应器,,2014-05-14
2048993,plastic molding press,塑胶模压机,,2014-05-14
2048994,plastic moulding press,塑胶模压机,,2014-05-14
2048995,plastic nozzle,塑胶喷嘴,,2014-05-14
2048996,plastic rinser,塑胶润洗器,,2014-05-14
2048997,plastic scintillator,塑胶闪烁器,,2014-05-14
2048998,plastic scintillator detector,塑胶闪烁侦检器,,2014-05-14
2048999,plastic scoop,塑胶杓,,2014-05-14
2049000,plasticator,塑化机,,2014-05-14
2049001,plasticimeter,塑胶试验计；塑性[试验]计,,2014-05-14
2049002,plastimeter,塑性计；测黏计,,2014-05-14
2049003,plastograph,塑性测定器；塑性仪,,2014-05-14
2049004,plastometer,塑性计；测黏计,,2014-05-14
2049005,plate and frame filter press,板框压滤机,,2014-05-14
2049006,plate battery,板极电池[组]；B电池[组],,2014-05-14
2049007,plate bypass capacitor,屏极旁路电容器,,2014-05-14
2049008,plate bypass condenser,屏极旁路电容器,,2014-05-14
2049009,plate calender,屏极砑光机,,2014-05-14
2049010,plate capacitor,平板电容器,,2014-05-14
2049011,plate column,层板塔；层板[管]柱,,2014-05-14
2049012,plate condenser,平板电容器,,2014-05-14
2049013,plate cooler,板式冷却器,,2014-05-14
2049014,plate electrode,板状电极,,2014-05-14
2049015,plate filter,板式过滤器,,2014-05-14
2049016,plate frame filter press,板框压滤机,,2014-05-14
2049017,plate gage,板规,,2014-05-14
2049018,plate gauge,板规,,2014-05-14
2049019,plate heat exchanger,板式热交换器,,2014-05-14
2049020,plate heater,板式加热器；加热板,,2014-05-14
2049021,plate level,板型水平仪,,2014-05-14
2049022,plate penetrometer,板式穿透计,,2014-05-14
2049023,plate tower,层板塔,,2014-05-14
2049024,plate-frame filter press,板框压滤机,,2014-05-14
2049025,platen,滚筒；平台,,2014-05-14
2049026,platform balance,台秤；平台秤；地磅,,2014-05-14
2049027,platform drier,平台干燥机,,2014-05-14
2049028,platform scale,台秤；磅秤；平台秤,,2014-05-14
2049029,platform vibrator,平台振动器,,2014-05-14
2049030,plating bath,电镀浴,,2014-05-14
2049031,plating tank,电镀槽,,2014-05-14
2049032,platinized carbon electrode,镀铂碳[电]极,,2014-05-14
2049033,platinotron,磁控放大管,,2014-05-14
2049034,platinum bolometer,铂辐射热计,,2014-05-14
2049035,platinum crucible,铂坩埚,,2014-05-14
2049036,platinum dish,铂皿,,2014-05-14
2049037,platinum gauze,铂网,,2014-05-14
2049038,platinum gauze electrode,铂网电极,,2014-05-14
2049039,platinum loop,铂圈,,2014-05-14
2049040,platinum photocell,铂光电管；铂光电池,,2014-05-14
2049041,platinum platinum-rhodium thermocouple,铂-铂铑热电偶,,2014-05-14
2049042,platinum resistance sensor,铂电阻感测器,,2014-05-14
2049043,platinum resistance thermometer,铂电阻温度计,,2014-05-14
2049044,platinum still,铂蒸馏器,,2014-05-14
2049045,platinum thermoelement,铂热敏元件,,2014-05-14
2049046,platinum tube,铂管,,2014-05-14
2049047,platinum-wire electrode,铂丝电极,,2014-05-14
2049048,platinum-wire ring,铂丝环,,2014-05-14
2049049,platinum-wire temperature sensor,铂丝温度感测器,,2014-05-14
2049050,playback head,回放头；读取头,,2014-05-14
2049051,plenum chamber,充气室,,2014-05-14
2049052,plenum fan,送风扇,,2014-05-14
2049053,pliers,钳[子],,2014-05-14
2049054,pliotron,热阴极真空管,,2014-05-14
2049055,plotter,绘图器,,2014-05-14
2049056,plotting board,绘图板,,2014-05-14
2049057,plotting scale,绘图比例尺；制图尺,,2014-05-14
2049058,plotting table,绘图桌；绘图台,,2014-05-14
2049059,plug,管塞；插头；塞；栓,,2014-05-14
2049060,plug adapter,插头转接器,,2014-05-14
2049061,plug and socket,插头和插座；插接组,,2014-05-14
2049062,plug flow reactor,塞流反应器,,2014-05-14
2049063,plug fuse,插头熔线；插接熔线；插接保险丝,,2014-05-14
2049064,plug gage,塞规,,2014-05-14
2049065,plug gauge,塞规,,2014-05-14
2049066,plug switch,插头开关,,2014-05-14
2049067,plug valve,塞阀,,2014-05-14
2049068,plugboard,插头板；插接板,,2014-05-14
2049069,plug-in amplifier,插入式放大器,,2014-05-14
2049070,plug-in device,插入式装置,,2014-05-14
2049071,plug-in logic element,插入式逻辑元件,,2014-05-14
2049072,plug-in transformer,插入式变压器,,2014-05-14
2049073,plug-in unit,插入[式]单元,,2014-05-14
2049074,plumb bob,铅锤,,2014-05-14
2049075,plumb level,[铅锤]水平仪；[铅锤]水准仪,,2014-05-14
2049076,plumbago crucible,石墨坩埚,,2014-05-14
2049077,plumbago pot,石墨锅,,2014-05-14
2049078,plumbing mirror,垂准镜；铅锤探测镜,,2014-05-14
2049079,plummet level,铅垂线水平仪,,2014-05-14
2049080,plunge battery,浸液电池[组],,2014-05-14
2049081,plunger,柱塞；栓,,2014-05-14
2049082,plunger duster,柱塞喷粉器,,2014-05-14
2049083,plunger pump,柱塞泵,,2014-05-14
2049084,plunger switch,插棒式开关,,2014-05-14
2049085,plunger valve,柱塞阀,,2014-05-14
2049086,plus screw driver,十字螺丝起子,,2014-05-14
2049087,plutonium reactor,钸反应器,,2014-05-14
2049088,pluviograph,雨量计；雨量仪,,2014-05-14
2049089,pluviometer,雨量计；雨量器,,2014-05-14
2049090,pluvioscope,雨量计；雨量仪,,2014-05-14
2049091,PM10 high volume sampler,PM10高流量采样器 { PM10即为”十微米微粒”},,2014-05-14
2049093,pneumatic actuator,气动引动器；气动致动器,,2014-05-14
2049094,pneumatic amplifier,气动放大器,,2014-05-14
2049095,pneumatic analog computer,气动类比计算机,,2014-05-14
2049096,pneumatic atomizer,气动喷雾器,,2014-05-14
2049097,pneumatic brake,气动制动器；气动刹车,,2014-05-14
2049098,pneumatic bumper,气动减震器,,2014-05-14
2049099,pneumatic capstan,气动绞盘,,2014-05-14
2049100,pneumatic cell,气槽辐射计；气体探测管；气动式电池,,2014-05-14
2049101,pneumatic clamp,气动夹具,,2014-05-14
2049102,pneumatic classifier,气动类析器,,2014-05-14
2049103,pneumatic compass,气动罗盘,,2014-05-14
2049104,pneumatic compressor,气动压缩机,,2014-05-14
2049105,pneumatic computer,气动计算机,,2014-05-14
2049106,pneumatic control valve,气动控制阀,,2014-05-14
2049107,pneumatic controller,气动控制器,,2014-05-14
2049108,pneumatic conveyer,气动运送机；气运机,,2014-05-14
2049109,pneumatic crane,气动起重机；气动吊车,,2014-05-14
2049110,pneumatic device,气动装置,,2014-05-14
2049111,pneumatic discharger,气动卸料器,,2014-05-14
2049112,pneumatic drier,气流干燥器,,2014-05-14
2049113,pneumatic drill,气钻,,2014-05-14
2049114,pneumatic electric relay,气动[电流]继电器,,2014-05-14
2049115,pneumatic elevator,气动升降机,,2014-05-14
2049116,pneumatic feeder,气动进料器,,2014-05-14
2049117,pneumatic flow transmitter,气动流量传送器,,2014-05-14
2049118,pneumatic force meter,气动测力计,,2014-05-14
2049119,pneumatic governor,气动调速机,,2014-05-14
2049120,pneumatic grinder,气动磨机,,2014-05-14
2049121,pneumatic gun,气动枪；气枪,,2014-05-14
2049122,pneumatic hammer,气动锤,,2014-05-14
2049123,pneumatic hoist,气动吊车,,2014-05-14
2049124,pneumatic hydraulic governor,气动液压调速器,,2014-05-14
2049125,pneumatic jack,气动千斤顶,,2014-05-14
2049126,pneumatic lift,气动升降机,,2014-05-14
2049127,pneumatic liquid density gage,气动液体密度计,,2014-05-14
2049128,pneumatic liquid density gauge,气动液体密度计,,2014-05-14
2049129,pneumatic liquid level gage,气动液位计,,2014-05-14
2049130,pneumatic liquid level gauge,气动液位计,,2014-05-14
2049131,pneumatic loudspeaker,气动扬声器,,2014-05-14
2049132,pneumatic motor,气动马达,,2014-05-14
2049133,pneumatic operated valve,气动操作阀,,2014-05-14
2049134,pneumatic press,气动压机,,2014-05-14
2049135,pneumatic pressure regulator,气动调压器,,2014-05-14
2049136,pneumatic pulsator,气动脉动器,,2014-05-14
2049137,pneumatic pump,气动泵,,2014-05-14
2049138,pneumatic recorder,气动记录器,,2014-05-14
2049139,pneumatic regulator,气动调节器,,2014-05-14
2049140,pneumatic relay,气动继电器；气动替续器,,2014-05-14
2049141,pneumatic robot,气动机械人,,2014-05-14
2049142,pneumatic saw,气动锯,,2014-05-14
2049143,pneumatic sensor,气动感测器,,2014-05-14
2049144,pneumatic separator,气动分离机,,2014-05-14
2049145,pneumatic servo,气动伺服装置；气动伺服系统,,2014-05-14
2049146,pneumatic servomotor,气动伺服马达,,2014-05-14
2049147,pneumatic set controller,气动设定控制器,,2014-05-14
2049148,pneumatic shaker,气动摇动器,,2014-05-14
2049149,pneumatic sprayer,气动喷雾器,,2014-05-14
2049150,pneumatic starter,气动起动机,,2014-05-14
2049151,pneumatic stirrer,气动搅拌器,,2014-05-14
2049152,pneumatic switch,气动开关,,2014-05-14
2049153,pneumatic syringe,气动针筒,,2014-05-14
2049154,pneumatic thickener,气动增浓器,,2014-05-14
2049155,pneumatic transmission line,气动传送线路,,2014-05-14
2049156,pneumatic transmission receiver,气动传送接受器,,2014-05-14
2049157,pneumatic transmitter,气动传送器,,2014-05-14
2049158,pneumatic trough,集气槽,,2014-05-14
2049159,pneumatic tube,气送管,,2014-05-14
2049160,pneumatic valve,气动阀,,2014-05-14
2049161,pneumatic valve positioner,气动阀定位器,,2014-05-14
2049162,pneumatic vibrator,气动振动器,,2014-05-14
2049163,pneumatic wrench,气动扳手,,2014-05-14
2049164,pneumatic-current transducer,气动电流转换器,,2014-05-14
2049165,pneumatic-voltage transducer {= P/V transducer},气动电压转换器,,2014-05-14
2049166,p-n-p photosensor,p-n-p光感测器,,2014-05-14
2049167,pocket calculator,袖珍式计算器,,2014-05-14
2049168,pocket compass,袖珍罗盘,,2014-05-14
2049169,pocket dosimeter,袖珍剂量计,,2014-05-14
2049171,pocket grinder,[口]袋式磨机,,2014-05-14
2049172,pocket ionization chamber,袖珍[型]游离室,,2014-05-14
2049173,pocket multimeter,袖珍多用电表,,2014-05-14
2049174,poidometer,[带运机]称量计；[输送带]称量计,,2014-05-14
2049175,point counter,点端式计数器；点计数器,,2014-05-14
2049176,point counter tube,点端式计数管,,2014-05-14
2049177,point-contact diode,点接触二极管；触点式二极体,,2014-05-14
2049178,pointer,指针；指示器,,2014-05-14
2049179,pointer gage,指针式仪表,,2014-05-14
2049180,pointer gauge,指针式仪表,,2014-05-14
2049181,point-focusing monochromator,点焦单色仪,,2014-05-14
2049182,pointolite,点源灯；点光源,,2014-05-14
2049183,poison disposal pond,毒物处置池,,2014-05-14
2049184,polar relay,极性继电器,,2014-05-14
2049185,polarimeter,偏振计；偏光计；旋光计；旋光仪,,2014-05-14
2049186,polariscope tube,偏光管；旋光管,,2014-05-14
2049187,polarity indicator,极性指示器、示极器,,2014-05-14
2049188,polarization analyzer,偏光[分析]镜；偏光分析仪,,2014-05-14
2049189,polarization battery,极化电池[组],,2014-05-14
2049190,polarization cell,极化电池,,2014-05-14
2049191,polarization interferometer,极化干涉计,,2014-05-14
2049192,polarization lamp,偏光灯,,2014-05-14
2049193,polarization microscope,偏光显微镜,,2014-05-14
2049194,polarization photometer,偏光光度计,,2014-05-14
2049195,polarization tube,偏光管,,2014-05-14
2049196,polarizator,偏光镜,,2014-05-14
2049197,polarized ammeter,极化安培计,,2014-05-14
2049198,polarized cell,极化电池,,2014-05-14
2049199,polarized light microscope,偏光显微镜,,2014-05-14
2049200,polarized magnetic amplifier,极化磁放大器,,2014-05-14
2049201,polarized plug,定极插头；极化插头,,2014-05-14
2049202,polarized relay,极化继电器,,2014-05-14
2049203,polarizer,偏光镜；偏振镜；偏极片,,2014-05-14
2049204,polarizing coil,极化线圈,,2014-05-14
2049205,polarizing eyepiece,偏振目镜；偏极化目镜,,2014-05-14
2049206,polarizing filter,偏振滤光器；偏光滤光器,,2014-05-14
2049207,polarizing microscope,偏光显微镜,,2014-05-14
2049208,polarizing mirror,偏振反射镜；偏光反射镜,,2014-05-14
2049209,polarizing plate,偏振片；偏光片,,2014-05-14
2049210,polarizing prism,偏振棱镜；偏光棱镜,,2014-05-14
2049211,polarizing pyrometer,偏角高温计；偏光高温计,,2014-05-14
2049212,polarizing spectrophotometer,偏振分光光度计,,2014-05-14
2049213,polarizing type optical compensator,偏光式光学补偿器,,2014-05-14
2049214,polarizing type optical pyrometer,偏光式光测高温计,,2014-05-14
2049215,polarograph,极谱仪,,2014-05-14
2049216,polarographic detector,极谱侦检器,,2014-05-14
2049217,polaroid,偏振片；偏光片,,2014-05-14
2049218,polaroid glass,偏光玻璃,,2014-05-14
2049219,pole,杆；柱；极,,2014-05-14
2049220,pole changer,换极器,,2014-05-14
2049221,pole coil,磁极线圈,,2014-05-14
2049222,pole core,[磁]极心,,2014-05-14
2049223,pole shoe,极靴,,2014-05-14
2049224,pole-changing motor,换极电动机；换极马达,,2014-05-14
2049225,pole-changing switch,换极开关,,2014-05-14
2049226,policeman,淀帚；刮刀,,2019-09-04
2049227,polisher,抛光机,,2014-05-14
2049228,polishing file,抛光锉；细锉,,2014-05-14
2049229,polishing tool,抛光工具,,2014-05-14
2049230,polychromatic radiator,多色辐射器,,2014-05-14
2049231,polychrome receiver,多色接收器；彩色接收器,,2014-05-14
2049232,polycrystalline laser,多晶雷射,,2014-05-14
2049233,polyelectrode,多重电极；混成电极；混合电极,,2014-05-14
2049234,polygon mirror,多面镜；多角镜,,2014-05-14
2049235,poly-lens objective,多透镜物镜,,2014-05-14
2049236,polymeter,多功能测定计,,2014-05-14
2049237,polyphase alternator,多相发电机,,2014-05-14
2049238,polyphase commutation machine,多相整流电机,,2014-05-14
2049239,polyphase commutator motor,多相整流电动机,,2014-05-14
2049240,polyphase converter,多相换流机,,2014-05-14
2049241,polyphase generator,多相发电机,,2014-05-14
2049242,polyphase induction motor,多相感应电动机,,2014-05-14
2049243,polyphase kilowatt-hour meter,多相电度表；多相瓩时计,,2014-05-14
2049244,polyphase motor,多相电动机；多相马达,,2014-05-14
2049245,polyphase rectifier,多相整流器,,2014-05-14
2049246,polyphase synchronous generator,多相同步发电机,,2014-05-14
2049247,polyphase transformer,多相变压器,,2014-05-14
2049248,polyphase watt-hour meter,多相瓦时计,,2014-05-14
2049249,polyphase wattmeter,多相瓦特计,,2014-05-14
2049250,pony mixer,小型混合机；小型搅拌器,,2014-05-14
2049251,pool reactor,池式反应器,,2014-05-14
2049252,pool-cathode mercury arc rectifier,[阴极]汞弧整流器,,2014-05-14
2049253,pool-type reactor,池式反应器,,2014-05-14
2049254,pop regulator,急泄调整器,,2014-05-14
2049255,pop safety valve,急泄安全阀,,2014-05-14
2049256,pop valve,急泄阀,,2014-05-14
2049257,poppet valve,提动阀,,2014-05-14
2049258,porcelain ball mill,瓷球磨机,,2014-05-14
2049259,porcelain body,瓷坯,,2014-05-14
2049260,porcelain capacitor,瓷电容器,,2014-05-14
2049261,porcelain condenser,瓷电容器,,2014-05-14
2049262,porcelain crucible,瓷坩埚,,2014-05-14
2049263,porcelain cup,瓷杯,,2014-05-14
2049264,porcelain filter,瓷滤器,,2014-05-14
2049265,porcelain fitting,瓷配件,,2014-05-14
2049266,porcelain funnel,瓷漏斗,,2014-05-14
2049267,porcelain insulator,瓷绝缘器,,2014-05-14
2049268,porcelain mill,瓷磨机,,2014-05-14
2049269,porcelain mortar,瓷研钵,,2014-05-14
2049270,porcelain pipe,瓷管,,2014-05-14
2049271,porcelain spatula,瓷刮勺,,2014-05-14
2049272,porcelain spoon,瓷匙,,2014-05-14
2049273,porcelain tube,瓷管,,2014-05-14
2049274,poroscope,孔隙仪,,2014-05-14
2049275,porosimeter,孔隙计,,2014-05-14
2049276,porosity apparatus,孔隙仪,,2014-05-14
2049277,porous cell,多孔槽；素烧槽,,2014-05-14
2049278,porous cup,多孔杯；素烧杯,,2014-05-14
2049279,porous diaphragm cell,多孔隔膜电解槽,,2014-05-14
2049280,porous electrode,多孔电极,,2014-05-14
2049281,porous filter cylinder,多孔滤筒；素烧滤筒,,2014-05-14
2049282,porous metal filter,多孔金属过滤器,,2014-05-14
2049283,porous plate,多孔板；素烧板,,2014-05-14
2049284,porous porcelain cup,多孔瓷杯,,2014-05-14
2049285,porous tile,多孔板；素烧板,,2014-05-14
2049286,portable battery,手提电池[组],,2014-05-14
2049287,portable blower,手提鼓风机,,2014-05-14
2049288,portable boiler,移动式锅炉,,2014-05-14
2049289,portable computer,手提[式]计算机,,2014-05-14
2049290,portable conductivity meter,轻便[型]电导度计,,2014-05-14
2049291,portable conveyer,轻便运送机,,2014-05-14
2049292,portable crane,移动式起重机,,2014-05-14
2049293,portable floor crane,移动式落地起重机,,2014-05-14
2049294,portable gas chromatograph,可携式气相层析仪,,2014-05-14
2049295,portable ionization chamber,可携式游离腔,,2014-05-14
2049296,portable ionization counter,可携式游离计数器,,2014-05-14
2049297,portable ionization detector,可携式游离侦检器,,2014-05-14
2049298,portable laser,轻便[型]雷射,,2014-05-14
2049299,portable pH meter,轻便[型]pH计；轻便[型]酸度计,,2014-05-14
2049300,portable spot welder,轻便[型]点焊机,,2014-05-14
2049301,portal crane,龙门[型]起重机,,2014-05-14
2049302,portal frame type platform,门架式工作台,,2014-05-14
2049303,posistor,正[温度系数]热敏电阻,,2014-05-14
2049304,position finder,定位器,,2014-05-14
2049305,position gage,定位规,,2014-05-14
2049306,position gauge,定位规,,2014-05-14
2049307,position indicator,位置指示器,,2014-05-14
2049308,position sensor,位置感测器,,2014-05-14
2049309,position tracker,位置跟踪器；位置追踪器,,2014-05-14
2049310,position transducer,位置转换器,,2014-05-14
2049311,position transmitter,位置传送器,,2014-05-14
2049312,positioner,定位器,,2014-05-14
2049313,position-error probe,位差探针,,2014-05-14
2049314,position-filar micrometer,位丝测微计,,2014-05-14
2049315,positioning controller,定位调整器,,2014-05-14
2049316,positioning motor,定位电动机,,2014-05-14
2049317,positioning relay,定位继电器,,2014-05-14
2049318,position-sensitive detector,位置敏感侦检器,,2014-05-14
2049319,positive booster,升压器,,2014-05-14
2049320,positive displacement pump,正排量泵,,2014-05-14
2049321,positive electrode,正[电]极,,2014-05-14
2049322,positive eyepiece,正[像]目镜,,2014-05-14
2049323,positive lens,正透镜,,2014-05-14
2049324,positive phase sequence relay,正相序继电器,,2014-05-14
2049325,positive plate,正极板,,2014-05-14
2049326,positive pole,正极,,2014-05-14
2049327,positive temperature coefficient resistor {= PTC-resistor},正温度系数电阻器,,2014-05-14
2049328,positive α bolometer,正α辐射热计 {α：电阻温度系数},,2014-05-14
2049329,positive-displacement flowmeter,正排量流量计,,2014-05-14
2049330,positive-displacement meter,正排量计,,2014-05-14
2049331,positive-displacement pump,正排量泵,,2014-05-14
2049332,positive-grid oscillator,正栅振荡器,,2014-05-14
2049333,positive-pressure exhauster,正压排气机,,2014-05-14
2049334,positron emission tomograph {= PET},正子发射断层扫描仪,,2014-05-14
2049335,post processor,后处理机,,2014-05-14
2049336,pot arch,烘罐窑,,2014-05-14
2049337,pot crusher,罐式压碎机,,2014-05-14
2049338,pot furnace,罐炉,,2014-05-14
2049339,pot still,罐蒸馏器,,2014-05-14
2049340,potance file,平头尖锉,,2014-05-14
2049341,potash bulb,钾碱球管,,2014-05-14
2049342,potcher,漂洗槽,,2014-05-14
2049343,potential attenuator,电位衰减器,,2014-05-14
2049344,potential divider,分电位器；分电压器,,2014-05-14
2049345,potential galvanometer,电位电流计,,2014-05-14
2049346,potential gradient detector,电位梯度侦检器,,2014-05-14
2049347,potential indicator,电位指示器,,2014-05-14
2049348,potential rectifier,电压整流器,,2014-05-14
2049349,potential regulator,电压调节器；调电压器,,2014-05-14
2049350,potential stabilizer,电压稳定器；电位稳定器,,2014-05-14
2049351,potential transformer,电位变压器,,2014-05-14
2049352,potentiometer,电位计；电压器,,2014-05-14
2049353,potentiometer function generator,电位计函数产生器,,2014-05-14
2049354,potentiometer multiplier,电位计乘器,,2014-05-14
2049355,potentiometer recorder,电位记录器,,2014-05-14
2049356,potentiometric detector,电位侦检器,,2014-05-14
2049357,potentiometric recorder,电位记录器,,2014-05-14
2049358,potentiometric titrator,电位滴定仪,,2014-05-14
2049359,potentiostat,恒电位器,,2014-05-14
2049360,potette boot,蘸料筒,,2014-05-14
2049361,potted capacitor,密封式电容器,,2014-05-14
2049362,pottery kiln,陶器窑,,2014-05-14
2049363,powder camera,粉末[绕射]照相机,,2014-05-14
2049364,powder diffraction camera,粉末绕射照相机,,2014-05-14
2049365,powder flowmeter,粉末流量计,,2014-05-14
2049366,powder metallurgy press,粉末冶金压机,,2014-05-14
2049367,power amplifier,功率放大器,,2014-05-14
2049368,power attenuator,功率衰减器,,2014-05-14
2049369,power board,配电板；配电盘,,2014-05-14
2049370,power brake,动力刹车[器],,2014-05-14
2049371,power breeder,动力滋生[反应]器,,2014-05-14
2049372,power breeder reactor,动力滋生反应器,,2014-05-14
2049373,power combiner,功率合并器,,2014-05-14
2049374,power controller,功率调节器,,2014-05-14
2049375,power detector,功率侦检器,,2014-05-14
2049376,power diode,高功率二极管,,2014-05-14
2049377,power distributing board,配电盘,,2014-05-14
2049378,power distributing panel,配电盘,,2014-05-14
2049379,power divider,功率分配器,,2014-05-14
2049380,power drill,动力钻[床],,2014-05-14
2049381,power equalizer,功率均化器,,2014-05-14
2049382,power factor controller,功率因数控制器,,2014-05-14
2049383,power factor indicator,功率因数指示器,,2014-05-14
2049384,power factor meter,功率因数计,,2014-05-14
2049385,power factor testing set,功率因数试验器,,2014-05-14
2049386,power hoist,动力吊车,,2014-05-14
2049387,power indicator,功率指示器,,2014-05-14
2049388,power jack,动力千斤顶,,2014-05-14
2049389,power klystron,功率调速[电子]管,,2014-05-14
2049390,power level indicator,功率阶指示器；动力阶指示器,,2014-05-14
2049391,power leveler,功率平衡器,,2014-05-14
2049392,power lift,动力升降机,,2014-05-14
2049393,power meter,功率计,,2014-05-14
2049394,power monitor,功率监测器,,2014-05-14
2049395,power oscillator,功率振荡器,,2014-05-14
2049396,power pack,电源供给箱,,2014-05-14
2049397,power panel,电源板；配电盘,,2014-05-14
2049398,power pentode,高功率五极管,,2014-05-14
2049399,power pulser,高功率脉冲产生器；高功率脉波产生器,,2014-05-14
2049400,power pump,动力泵,,2014-05-14
2049401,power reactor,动力反应器,,2014-05-14
2049402,power recorder,功率记录器,,2014-05-14
2049403,power rectifier,高功率整流器,,2014-05-14
2049404,power regulator,功率调节器,,2014-05-14
2049405,power rheostat,高功率变阻器,,2014-05-14
2049406,power saw,动力锯,,2014-05-14
2049407,power selsyn,动力自动同步机,,2014-05-14
2049408,power splitter,功率分配器,,2014-05-14
2049409,power supply,电源供应器；电力供应器,,2014-05-14
2049410,power tester,功率试验器,,2014-05-14
2049411,power transformer,电力变压器；电源变压器,,2014-05-14
2049412,power transistor,功率电晶体,,2014-05-14
2049413,power tube,高功率管,,2014-05-14
2049414,power valve,高功率阀,,2014-05-14
2049415,power-off indicator,停电指示器,,2014-05-14
2049416,power-off relay,断电继电器；断电替续器,,2014-05-14
2049417,powerstat,恒[电]压器；调压变压器,,2014-05-14
2049418,preamble generator,序号产生器,,2014-05-14
2049419,preamplifier,前置放大器,,2014-05-14
2049420,precession camera,进动照相机；旋进照相机,,2014-05-14
2049421,precession gyroscope,进动陀螺仪；旋进陀螺仪；进动回转仪,,2014-05-14
2049422,precipitation tank,沉淀槽,,2014-05-14
2049423,precipitator,沉淀器；集尘器,,2014-05-14
2049424,precise orientation sensor,精密定向感测器,,2014-05-14
2049425,precision balance,精密天平,,2014-05-14
2049426,precision capacitor,精密电容器,,2014-05-14
2049427,precision counter,精密计数器,,2014-05-14
2049428,precision depth recorder,精密深度记录器,,2014-05-14
2049429,precision frequency meter,精密频率计,,2014-05-14
2049430,precision grinder,精密磨床,,2014-05-14
2049431,precision instrument,精密仪器,,2014-05-14
2049432,precision tensiometer,精密张力计,,2014-05-14
2049433,precision thermometer,精密温度计,,2014-05-14
2049434,precoat filter,预敷过滤器,,2014-05-14
2049435,precondenser,预[冷]凝器,,2014-05-14
2049436,precooler,预冷器,,2014-05-14
2049437,predetector,预侦检器,,2014-05-14
2049438,predicting filter,预测滤波器,,2014-05-14
2049439,pre-drier,预干燥器,,2014-05-14
2049440,pre-equalizer,前置均化器,,2014-05-14
2049441,pre-evaporator,预蒸发器,,2014-05-14
2049442,preflash tower,初馏塔,,2014-05-14
2049443,preheater,预热器,,2014-05-14
2049444,preignition chamber,预燃室,,2014-05-14
2049445,preliminary crusher,初级压碎机,,2014-05-14
2049446,preliminary filter,初滤机,,2014-05-14
2049447,preprocessor,前处理机,,2014-05-14
2049448,prepump,前置泵,,2014-05-14
2049449,preregulator,前置调节器,,2014-05-14
2049450,presaturator,预饱和器,,2014-05-14
2049451,prescription balance,药剂天平,,2014-05-14
2049452,preselector,前置选择器,,2014-05-14
2049453,preset counter,预设计数器,,2014-05-14
2049454,preset oscillator,预设振荡器,,2014-05-14
2049455,press,[加]压机,,2014-05-14
2049456,press mold,压模,,2014-05-14
2049457,press mould,压模,,2014-05-14
2049458,press welder,压焊机,,2014-05-14
2049459,presser,加压器；压实器；压紧器,,2014-05-14
2049460,pressure accumulator,蓄压器,,2014-05-14
2049461,pressure alarm,压力警报器,,2014-05-14
2049462,pressure altimeter,气压高度计,,2014-05-14
2049463,pressure altitude sensor,气压高度感测器,,2014-05-14
2049464,pressure anemometer,压力风速计,,2014-05-14
2049465,pressure atomizer,压力喷雾器,,2014-05-14
2049466,pressure balanced valve,压力均衡阀,,2014-05-14
2049467,pressure blower,压力鼓风机,,2014-05-14
2049468,pressure boiler,高压锅炉,,2014-05-14
2049469,pressure booster,升压器,,2014-05-14
2049470,pressure bottle,耐压瓶,,2014-05-14
2049471,pressure controller,压力控制器,,2014-05-14
2049472,pressure cooker,加压蒸煮器；压力锅,,2014-05-14
2049473,pressure damper regulator,压控闸门调节器,,2014-05-14
2049474,pressure distributor,压力分配器,,2014-05-14
2049475,pressure equalizer,均压器,,2014-05-14
2049476,pressure equalizing funnel,均压漏斗,,2014-05-14
2049477,pressure filter,压滤器,,2014-05-14
2049478,pressure flask,耐压烧瓶,,2014-05-14
2049479,pressure gage,压力计,,2014-05-14
2049480,pressure gage tester,压力计试验器,,2014-05-14
2049481,pressure gauge,压力计,,2014-05-14
2049482,pressure gauge tester,压力计试验器,,2014-05-14
2049483,pressure governor,压力调节器,,2014-05-14
2049484,pressure gradient microphone,压力梯度传声器；压力梯度麦克风,,2014-05-14
2049485,pressure gun,压力枪,,2014-05-14
2049486,pressure inclination gage,倾斜压力计,,2014-05-14
2049487,pressure inclination gauge,倾斜压力计,,2014-05-14
2049488,pressure indicator,压力指示器,,2014-05-14
2049489,pressure limiting valve,限压阀,,2014-05-14
2049490,pressure manometer,压力计,,2014-05-14
2049491,pressure meter,压力计,,2014-05-14
2049492,pressure microphone,压力传声器,,2014-05-14
2049493,pressure monitor,压力监测器,,2014-05-14
2049494,pressure nozzle,压力喷嘴,,2014-05-14
2049495,pressure probe,压力探针,,2014-05-14
2049496,pressure programmer,压力规画器；压力程控器,,2014-05-14
2049497,pressure pump,压力泵,,2014-05-14
2049498,pressure ratio controller,压力比控制器,,2014-05-14
2049499,pressure recorder,压力记录器,,2014-05-14
2049500,pressure reducing valve,减压阀,,2014-05-14
2049501,pressure reduction valve,减压阀,,2014-05-14
2049502,pressure regulating valve,压力调节阀,,2014-05-14
2049503,pressure regulator,压力调节器,,2014-05-14
2049504,pressure relay,压力继电器,,2014-05-14
2049505,pressure release valve,减压阀,,2014-05-14
2049506,pressure relief valve,释压阀,,2014-05-14
2049507,pressure reservoir,贮压器,,2014-05-14
2049508,pressure retaining valve,保压阀,,2014-05-14
2049509,pressure sand filter,加压沙滤器,,2014-05-14
2049510,pressure screen,压力筛,,2014-05-14
2049511,pressure sensitive element,压感元件；压敏元件,,2014-05-14
2049512,pressure sensor,压力感测器,,2014-05-14
2049513,pressure strainer,加压[粗]滤器,,2014-05-14
2049514,pressure switch,压力开关,,2014-05-14
2049515,pressure syringe,压力注射筒,,2014-05-14
2049516,pressure tank,压力槽,,2014-05-14
2049517,pressure tap,压力分接头,,2014-05-14
2049518,pressure tester,压力试验器,,2014-05-14
2049519,pressure transducer,压力转换器；压力转能器,,2014-05-14
2049520,pressure transmitter,压力传送器,,2014-05-14
2049521,pressure tube,压力管,,2014-05-14
2049522,pressure tube anemometer,压力管风速计,,2014-05-14
2049523,pressure type capacitor,压力式电容器,,2014-05-14
2049524,pressure type electrostatic accelerator,压力式静电加速器,,2014-05-14
2049525,pressure type flowmeter,压力式流量计,,2014-05-14
2049526,pressure valve,压力阀,,2014-05-14
2049527,pressure variograph,气压变量仪,,2014-05-14
2049528,pressure variometer,气压变量计,,2014-05-14
2049529,pressure vessel,压力容器；压力槽,,2014-05-14
2049530,pressure-control relay,压力控制继电器,,2014-05-14
2049531,pressure-controlled valve,压力控制阀,,2014-05-14
2049532,pressure-sensitive element,压感元件；压敏元件,,2014-05-14
2049533,pressure-to-current transducer,压力电流转换器,,2014-05-14
2049534,pressure-to-voltage transducer,压力电压转换器,,2014-05-14
2049535,pressure-type capacitor,压力式电容器,,2014-05-14
2049536,pressuring container,加压容器,,2014-05-14
2049537,pressurization bag,加压袋,,2014-05-14
2049538,pressurized boiler,加压锅炉,,2014-05-14
2049539,pressurized container,加压容器,,2014-05-14
2049540,pressurized heavy water reactor {= PHWR},加压重水反应器,,2014-05-14
2049541,pressurized reactor,加压反应器,,2014-05-14
2049542,pressurized water reactor,压水[式]反应器,,2014-05-14
2049543,pressurizer,加压器,,2014-05-14
2049544,pressurizing tank,加压槽,,2014-05-14
2049545,pretrigger,预触发器,,2014-05-14
2049546,prilling tower,制粒塔,,2014-05-14
2049547,primary battery,一次电池[组]；原电池[组],,2014-05-14
2049548,primary blower,主鼓风机,,2014-05-14
2049549,primary breaker,初碎机；主[电路]断路器,,2014-05-14
2049550,primary capacitor,原电容器；主电容器；一次电容器,,2014-05-14
2049551,primary cell,一次电池；原电池,,2014-05-14
2049552,primary coil,原线圈；主线圈；初级线圈,,2014-05-14
2049553,primary compensator,初级补偿器,,2014-05-14
2049554,primary condenser,初级冷凝器；原电容器；主电容器,,2014-05-14
2049555,primary crusher,初级压碎机,,2014-05-14
2049556,primary filter,初级过滤器,,2014-05-14
2049557,primary heater,主加热器,,2014-05-14
2049558,primary mill,初磨机,,2014-05-14
2049559,primary motor,主电动机；主马达,,2014-05-14
2049560,primary nuclear reactor,初始核反应器；主核反应器,,2014-05-14
2049561,primary pump,初始泵；主泵,,2014-05-14
2049562,primary radar,初级雷达,,2014-05-14
2049563,primary reactor,主反应器,,2014-05-14
2049564,primary relay,初始继电器,,2014-05-14
2049565,primary screen,初分筛,,2014-05-14
2049566,primary settler,初级沉降槽,,2014-05-14
2049567,primary storage,主储存器,,2014-05-14
2049568,primary throttle valve,主节流阀；初次节流阀,,2014-05-14
2049569,primary tower,初馏塔,,2014-05-14
2049570,primary transducer,初级转换器,,2014-05-14
2049571,primary transformer,初级变压器,,2014-05-14
2049572,primary winding,原绕组；一次绕组,,2014-05-14
2049573,prime mover,原动机,,2014-05-14
2049574,prime pump,起动泵,,2014-05-14
2049575,primer,始爆器,,2014-05-14
2049576,priming pump,起动泵,,2014-05-14
2049577,principal controller,主控制器,,2014-05-14
2049578,printed circuit board,印刷电路板,,2014-05-14
2049579,printed circuit card,印刷电路卡,,2014-05-14
2049580,printer,印表机；印刷机,,2014-05-14
2049581,printer-plotter,印字绘图机,,2014-05-14
2049582,printing calculator,列印计算器,,2014-05-14
2049583,priority encoder,优先[序]编码器,,2014-05-14
2049584,priority indicator,优先[序]指示器,,2014-05-14
2049585,prism,棱镜,,2014-05-14
2049586,prism level,棱镜水平仪,,2014-05-14
2049587,prism spectrograph,棱镜[光]谱仪,,2014-05-14
2049588,prism spectrometer,棱镜分光计；棱镜光谱仪,,2014-05-14
2049589,prism spectrophotometer,棱镜分光光度计,,2014-05-14
2049590,prism spectroscope,棱镜分光镜,,2014-05-14
2049591,prism table,棱镜座,,2014-05-14
2049592,prismatic binoculars,棱镜双目望远镜,,2014-05-14
2049593,prismatic camera,棱镜照相机,,2014-05-14
2049594,prismatic condenser,棱镜聚光器,,2014-05-14
2049595,prismatic focusing magnifier,棱镜聚焦放大镜,,2014-05-14
2049596,probabilistic automata,随机自动机,,2014-05-14
2049597,probabilistic sequential machine,随机顺序机,,2014-05-14
2049598,probability density analyzer,机率密度分析仪,,2014-05-14
2049599,probability distribution analyzer,机率分布分析器,,2014-05-14
2049600,probe,探针；探头,,2014-05-14
2049601,probe characterizer,探头表征器,,2014-05-14
2049602,probe coil,探头线圈,,2014-05-14
2049603,probe counter,探头计数器；探针计数器,,2014-05-14
2049604,probe microanalyzer,探针微量分析仪,,2014-05-14
2049605,probe tube,探针管,,2014-05-14
2049606,process analyzer,程序分析仪；线上分析仪,,2014-05-14
2049607,process chromatograph,程序层析仪,,2014-05-14
2049608,process simulator,程序模拟器,,2014-05-14
2049609,processing amplifier,处理放大器,,2014-05-14
2049610,processing controller,程序控制器,,2014-05-14
2049611,processor,处理器；处理机,,2014-05-14
2049612,processor scheduler,处理器排程器,,2014-05-14
2049613,producer,发生器；产生器,,2014-05-14
2049614,product demodulator,乘积解调器,,2014-05-14
2049615,product detector,乘积侦检器,,2014-05-14
2049616,product modulator,乘积调变器,,2014-05-14
2049617,production reactor,生产反应器；制造反应器,,2014-05-14
2049618,profile gage,轮廓量规,,2014-05-14
2049619,profile gauge,轮廓量规,,2014-05-14
2049620,profile grinder,[光学]轮廓研磨机,,2014-05-14
2049621,profile projector,轮廓投影机,,2014-05-14
2049622,profile tracer,轮廓描迹器,,2014-05-14
2049623,profilograph,轮廓仪,,2014-05-14
2049624,profilometer,轮廓仪；表面测平仪,,2014-05-14
2049625,program analyzer,程式分析器,,2014-05-14
2049626,program counter,程式计数器,,2014-05-14
2049627,program drum,程式磁鼓,,2014-05-14
2049628,program register,程式暂存器,,2014-05-14
2049629,program-controlled sequential computer,程式控制顺序计算机,,2014-05-14
2049630,programmable calculator,可程式计算器,,2014-05-14
2049631,programmable controller,可程式控制器,,2014-05-14
2049632,programmable film reader,可程式微卷阅读器,,2014-05-14
2049633,programmable oven,程控式烘箱,,2014-05-14
2049634,programmable signal generator,可程式信号产生器,,2014-05-14
2049635,programmed controller,程控控制器,,2014-05-14
2049636,programmed switch,程控开关,,2014-05-14
2049637,programmer,规画器；程控器,,2014-05-14
2049638,progressive gage,级进规,,2014-05-14
2049639,progressive gauge,级进规,,2014-05-14
2049640,projected scale instrument,投影标尺仪器,,2014-05-14
2049641,projecting arc lamp,投射弧灯,,2014-05-14
2049642,projecting lamp,投射灯,,2014-05-14
2049643,projection cathode-ray tube,投射式阴极射线管,,2014-05-14
2049644,projection comparator,投影比测仪,,2014-05-14
2049645,projection compass,投影罗盘,,2014-05-14
2049646,projection eyepiece,投影目镜,,2014-05-14
2049647,projection interferometer,投影干涉计,,2014-05-14
2049648,projection kinescope,投影显像管,,2014-05-14
2049649,projection lamp,投影灯,,2014-05-14
2049650,projection lantern,投影灯；幻灯,,2014-05-14
2049651,projection lens,投影透镜,,2014-05-14
2049652,projection microscope,投影显微镜,,2014-05-14
2049653,projection objective,投影物镜；放映物镜,,2014-05-14
2049654,projection oscilloscope,映射示波器,,2014-05-14
2049655,projection printer,投影晒像器,,2014-05-14
2049656,projection screen,投影屏；银幕,,2014-05-14
2049657,projector,投射器；投影机；幻灯机；放映机,,2014-05-14
2049658,projector head,投影机头,,2014-05-14
2049659,proof plane,验电板,,2014-05-14
2049660,propagator,繁殖槽,,2014-05-14
2049661,propeller,螺旋桨；推进器,,2014-05-14
2049662,propeller agitator,螺旋桨搅拌器,,2014-05-14
2049663,propeller mixer,螺旋桨混合器,,2014-05-14
2049664,propeller pump,螺旋桨泵,,2014-05-14
2049665,propeller stirrer,螺旋桨搅拌器,,2014-05-14
2049666,propeller type accelerometer,螺旋桨式加速[度]计,,2014-05-14
2049667,propeller type speed meter,螺旋桨式速度计,,2014-05-14
2049668,propeller type velocity meter,螺旋桨式流速计；螺旋桨式速度计,,2014-05-14
2049669,proportional amplifier,比例放大器,,2014-05-14
2049670,proportional compass,比例分规,,2014-05-14
2049671,proportional controller,比例控制器,,2014-05-14
2049672,proportional counter,正比计数器；比例计数器,,2014-05-14
2049673,proportional counter tube,正比计数管；比例计数管,,2014-05-14
2049674,proportional detector,正比侦检器；比例侦检器,,2014-05-14
2049675,proportional gamma spectrometer,正比加马谱仪,,2014-05-14
2049676,proportional ionization chamber,比例游离室；正比游离室,,2014-05-14
2049677,proportional liquid sampler,比例液体取样器,,2014-05-14
2049678,proportional pump,比例泵,,2014-05-14
2049679,proportional regulator,比例调节器,,2014-05-14
2049680,proportional sampler,比例取样器,,2014-05-14
2049681,proportional spectrometer,比例谱仪,,2014-05-14
2049682,proportional valve,比例阀,,2014-05-14
2049683,proportional-derivative controller,比例微分控制器,,2014-05-14
2049684,proportional-integral controller,比例积分控制器,,2014-05-14
2049685,proportional-integral-derivative controller,比例积分微分控制器,,2014-05-14
2049686,proportional-reset controller,比例重整控制器,,2014-05-14
2049687,proportional-reset-derivative controller,比例重整微分控制器,,2014-05-14
2049688,proportioning pump,定量泵,,2014-05-14
2049689,propulsion reactor,推进反应器,,2014-05-14
2049690,protecting glass,玻璃保护罩,,2014-05-14
2049691,protecting tube,防护管；避雷管；保护管,,2014-05-14
2049692,protection valve,安全阀,,2014-05-14
2049693,protective boots,防护靴,,2014-05-14
2049694,protective circuit breaker,保护断路器；防护断路器,,2014-05-14
2049695,protective clothing,防护衣,,2014-05-14
2049696,protective glove,防护手套,,2014-05-14
2049697,protective goggles,护目镜；防护眼镜,,2014-05-14
2049698,protective relay,保护继电器；防护继电器,,2014-05-14
2049699,protective resistor,保护电阻器；防护电阻器,,2014-05-14
2049700,protective shield,保护屏；防护屏,,2014-05-14
2049701,protective shoes,防护鞋,,2014-05-14
2049702,protective sleeve,保护套管；防护套管,,2014-05-14
2049703,protective spectacles,防护眼镜,,2014-05-14
2049704,protective suit,防护衣,,2014-05-14
2049705,protective X-ray tube,安全X射线管,,2014-05-14
2049706,protector,保护器；防护器,,2014-05-14
2049707,protectoscope,测望镜,,2014-05-14
2049708,proton microscope,质子显微镜,,2014-05-14
2049709,proton synchrotron,质子同步加速器,,2014-05-14
2049710,proton-electron spectrometer,质子电子谱仪,,2014-05-14
2049711,proton-recoil chamber,质子回跳腔；质子反冲腔,,2014-05-14
2049712,proton-recoil counter,质子回跳计数器；质子反冲计数器,,2014-05-14
2049713,prototype model,原始模型；样机,,2014-05-14
2049714,prototype reactor,原型反应器；雏型反应器,,2014-05-14
2049715,protractor,分角器；分度规；分度器；量角器,,2014-05-14
2049716,proximity detector,近接侦检器；近距离侦检器,,2014-05-14
2049717,proximity meter,近接探测仪,,2014-05-14
2049718,proximity transducer,近接转换器,,2014-05-14
2049719,proxylin apparatus,生氧防毒器,,2014-05-14
2049720,pseudo-lens,幻视透镜,,2014-05-14
2049721,pseudo-random number generator,假随机数发生器,,2014-05-14
2049722,pseudoscope,幻视镜,,2014-05-14
2049723,psophometer,噪声计；杂讯计,,2014-05-14
2049724,psychrograph,干湿球湿度仪,,2014-05-14
2049725,psychrometer,干湿球湿度计,,2014-05-14
2049728,p-type transistor,p型电晶体,,2014-05-14
2049729,pull box,拉线盒,,2014-05-14
2049730,pull tension gage,张力计；拉力计,,2014-05-14
2049731,pull tension gauge,张力计；拉力计,,2014-05-14
2049732,puller,拔取器；拉晶机,,2014-05-14
2049733,pulley,滑轮；滑车,,2014-05-14
2049734,pulley block,滑轮组；滑车组,,2014-05-14
2049735,pulley block hoist,滑轮吊车,,2014-05-14
2049736,pulling controller,拉晶控制器；牵引控制器,,2014-05-14
2049737,pulling device,牵引装置,,2014-05-14
2049738,pull-up resistor,提升电阻器,,2014-05-14
2049739,pulsating motor,脉动电动机；脉动马达,,2014-05-14
2049740,pulsating pump,脉动泵,,2014-05-14
2049741,pulsating relay,脉动继电器,,2014-05-14
2049742,pulsating sampler,脉动取样机,,2014-05-14
2049743,pulsating screen,脉动筛,,2014-05-14
2049744,pulsation absorber,脉动减震器,,2014-05-14
2049745,pulsation damper,脉动阻尼器,,2014-05-14
2049746,pulsation damping dashpot,脉动[阻尼]缓冲筒,,2014-05-14
2049747,pulsation tachometer,脉动转速计,,2014-05-14
2049748,pulsator,脉动泵,,2014-05-14
2049749,pulse amplifier,脉波放大器；脉冲放大器,,2014-05-14
2049750,pulse analyzer,脉波分析器；脉冲分析器,,2014-05-14
2049751,pulse column,脉动塔；脉动柱；脉冲塔,,2014-05-14
2049752,pulse controller,脉波控制器；脉冲控制器,,2014-05-14
2049753,pulse converter,脉波转换器；脉冲转换器,,2014-05-14
2049754,pulse counter,脉波计数器；脉冲计数器,,2014-05-14
2049755,pulse damper,脉动阻尼器；脉冲阻尼器,,2014-05-14
2049756,pulse decoder,脉波解码器,,2014-05-14
2049757,pulse demoder,脉波解调器,,2014-05-14
2049758,pulse discriminator,脉冲鉴别器,,2014-05-14
2049759,pulse former,脉波生成器；脉冲生成器,,2014-05-14
2049760,pulse generator,脉冲发生器；脉波发生器,,2014-05-14
2049761,pulse ionization chamber,脉冲游离腔；脉冲游离室,,2014-05-14
2049762,pulse laser,脉波雷射；脉冲雷射,,2014-05-14
2049763,pulse modulator,脉波调制器,,2014-05-14
2049764,pulse monitor,脉波监测器；脉冲监测器,,2014-05-14
2049765,pulse motor,脉动电动机；脉动马达,,2014-05-14
2049766,pulse oscillator,脉波振荡器,,2014-05-14
2049767,pulse oscillograph,脉波示波仪,,2014-05-14
2049768,pulse oscilloscope,脉波示波器,,2014-05-14
2049769,pulse reactor,脉波反应器；脉动反应器,,2014-05-14
2049770,pulse selector,脉波选择器；脉冲选择器,,2014-05-14
2049771,pulse separator,脉波分离器；脉冲分离器,,2014-05-14
2049772,pulse shaper,脉波整形器,,2014-05-14
2049773,pulse stretcher,脉波展宽器,,2014-05-14
2049774,pulse transformer,脉波变压器；脉冲变压器,,2014-05-14
2049775,pulse transmitter,脉波传送器；脉冲传送器,,2014-05-14
2049776,pulse trigger,脉波触发器；脉冲触发器,,2014-05-14
2049777,pulse-amplitude analyzer,脉波振幅分析器,,2014-05-14
2049778,pulse-amplitude discriminator,脉幅式鉴别器,,2014-05-14
2049779,pulse-controlled generator,脉波控制发生器；脉冲控制发生器,,2014-05-14
2049780,pulse-count converter,脉波计数转换器；脉冲计数转换器,,2014-05-14
2049781,pulsed cyclotron,脉冲回旋加速器,,2014-05-14
2049782,pulsed encoder,脉波编码器,,2014-05-14
2049783,pulsed klystron,脉冲调速管,,2014-05-14
2049784,pulse-frequency divider,脉波分频器；脉冲分频器,,2014-05-14
2049785,pulse-height analyzer,脉高分析器,,2014-05-14
2049786,pulse-height discriminator,脉高鉴别器,,2014-05-14
2049787,pulse-height selector,脉高选择器,,2014-05-14
2049788,pulse-modulated magnetron,脉波调制磁控管；脉冲调制磁控管,,2014-05-14
2049789,pulser,脉波器；脉冲器,,2014-05-14
2049790,pulse-width discriminator,脉宽鉴别器,,2014-05-14
2049791,pulse-width modulator,脉宽调变器,,2014-05-14
2049792,pulse-width recorder,脉宽记录器,,2014-05-14
2049793,pulsing transformer,脉动变压器,,2014-05-14
2049794,pulsometer,气压扬水器；脉搏计,,2014-05-14
2049795,pulverator,粉碎机,,2014-05-14
2049796,pulverizer,粉碎机,,2014-05-14
2049797,pulverizing mill,粉碎机,,2014-05-14
2049798,pump,泵；帮浦,,2014-05-14
2049799,pump adapter,泵应接器,,2014-05-14
2049800,pump agitator,泵式搅拌器,,2014-05-14
2049801,pump oscillator,交流电产生器{迈射用},,2014-05-14
2049802,punch,打孔机；冲床,,2014-05-14
2049803,punch card machines,打卡机,,2014-05-14
2049804,punch card reader,[孔卡]读卡机,,2014-05-14
2049805,punch card recorder,孔卡记录器,,2014-05-14
2049806,punch press,冲压机；压孔机,,2014-05-14
2049807,punch-card machine,打卡机,,2014-05-14
2049809,punch-card recorder,孔卡记录器,,2014-05-14
2049810,punch-card sorter,孔卡分类机,,2014-05-14
2049811,punched card machine,孔卡处理机,,2014-05-14
2049812,punched card reader,[孔卡]读卡机,,2014-05-14
2049813,punched tape machine,孔带[处理]机,,2014-05-14
2049814,puncheon,钻孔具；打印器,,2014-05-14
2049815,punching machine,冲孔机；打孔机；冲床,,2014-05-14
2049816,puncture tester,耐电压试验器；戳穿强度仪,,2014-05-14
2049817,purge and trap apparatus,吹气捕捉设备,,2014-05-14
2049818,purge valve,冲洗阀,,2014-05-14
2049819,purger,冲洗器,,2014-05-14
2049820,purifier,净化器；纯化器,,2014-05-14
2049821,push button controller,按钮控制器,,2014-05-14
2049822,push-button switch,按钮开关,,2014-05-14
2049823,push-down register,下推暂存器,,2014-05-14
2049824,push-down storage,下推储存器,,2014-05-14
2049825,push-on starter,按钮起动器,,2014-05-14
2049826,push-pull amplifier,推挽[式]放大器,,2014-05-14
2049827,push-pull oscillator,推挽[式]振荡器,,2014-05-14
2049828,push-pull rectifier,推挽[式]整流器,,2014-05-14
2049829,push-pull transformer,推挽[式]变压器,,2014-05-14
2049830,push-up storage,上推储存器,,2014-05-14
2049832,pycnometer,比重瓶,,2014-05-14
2049833,pyknometer,比重瓶,,2014-05-14
2049834,pyranometer,天空辐射计,,2014-05-14
2049835,pyrheliometer,日光热量计,,2014-05-14
2049836,pyroelectric detector,热电侦检器；焦电侦检器,,2014-05-14
2049837,pyrolysis gas chromatograph {= Py/GC},热裂解气相层析仪,,2014-05-14
2049838,pyrolysis reactor,热解反应器,,2014-05-14
2049839,pyrolyzer,热解器,,2014-05-14
2049840,pyrometer,[光学]高温计,,2014-05-14
2049841,pyrometric cone,[示温]熔锥,,2014-05-14
2049842,pyrostat,高温恒温器,,2014-05-14
2049843,pyrotron,高温器,,2014-05-14
2049844,Q meter,测Q计,,2014-05-14
2049846,Q-switched laser,调Q雷射,,2014-05-14
2049847,quadrant,四分仪,,2014-05-14
2049848,quadrant electrometer,象限静电计,,2014-05-14
2049849,quadratic potentiometer,二次电位计；平方电位计,,2014-05-14
2049850,quadratron,[热阴极]四极管,,2014-05-14
2049851,quadrature amplifier,正交放大器,,2014-05-14
2049852,quadrature potentiometer,正交电位计,,2014-05-14
2049853,quadruple burner,四头灯,,2014-05-14
2049854,quadruple effect evaporator,四效蒸发器,,2014-05-14
2049855,quadrupole focusing lens,四极调焦透镜,,2014-05-14
2049856,quadrupole mass spectrometer,四极质谱仪,,2014-05-14
2049857,quantizer,量化器,,2014-05-14
2049858,quantometer,光子计数器,,2014-05-14
2049859,quantum counter,量子计数器,,2014-05-14
2049860,quarter-square multiplier,四分之一平方乘器,,2014-05-14
2049861,quarter-turn belt,直角回转皮带,,2014-05-14
2049862,quarter-wave antenna,四分之一波长天线,,2014-05-14
2049863,quarter-wave line transformer,四分之一波长线变压器,,2014-05-14
2049864,quarter-wave plate,四分之一波长片；四分之一波长片,,2014-05-14
2049865,quarter-wave transformer,四分之一波长变压器,,2014-05-14
2049866,quartz controlled oscillator,石英[控制]振荡器,,2014-05-14
2049867,quartz crucible,石英坩埚,,2014-05-14
2049868,quartz filter,石英滤波器,,2014-05-14
2049869,quartz flash tube,石英闪光管,,2014-05-14
2049870,quartz frequency stabilizer,石英稳频器,,2014-05-14
2049871,quartz lamp,石英[水银]灯,,2014-05-14
2049872,quartz lens,石英透镜,,2014-05-14
2049873,quartz oscillator,石英振荡器,,2014-05-14
2049874,quartz pipe,石英管,,2014-05-14
2049875,quartz prism,石英棱镜,,2014-05-14
2049876,quartz resonator,石英共振器,,2014-05-14
2049877,quartz spectrograph,石英谱仪,,2014-05-14
2049878,quartz spectrophotometer,石英分光光度计,,2014-05-14
2049879,quartz stabilizer,石英稳定器,,2014-05-14
2049880,quartz thermometer,石英温度计,,2014-05-14
2049881,quartz transducer,石英换能器；石英转换器,,2014-05-14
2049882,quartz transmitter,石英发送机,,2014-05-14
2049883,quartz tube,石英管,,2014-05-14
2049884,quartz-controlled transmitter,石英控制传送器,,2014-05-14
2049885,quartz-crystal clock,石英晶体钟,,2014-05-14
2049886,quartz-crystal controlled receiver,石英晶体控制接收机,,2014-05-14
2049887,quartz-crystal microbalance {= QCM},石英晶体微量天平,,2014-05-14
2049888,quartz-crystal oscillator,石英晶体振荡器,,2014-05-14
2049889,quartz-crystal resonator,石英晶体共振器,,2014-05-14
2049890,quartz-crystal stabilizer,石英晶体稳定器,,2014-05-14
2049891,quartz-fiber balance,石英纤维天平,,2014-05-14
2049892,quartz-fiber dosimeter,石英纤维剂量计,,2014-05-14
2049893,quartz-fiber electroscope,石英纤维验电器,,2014-05-14
2049894,quartz-glass thermometer,石英玻璃温度计,,2014-05-14
2049895,quasi-hyperbolic reflector,准双曲面反射器,,2014-05-14
2049896,quasi-linear amplifier,准线性放大器,,2014-05-14
2049897,quasi-parabolic reflector,准抛物面反射器,,2014-05-14
2049898,quasi-peak detector,准峰检波器,,2014-05-14
2049899,quench-arc circuit breaker,消弧断路器,,2014-05-14
2049900,quencher,骤冷室；消音器；消光器；淬火器,,2014-05-14
2049901,quenching furnace,淬火炉,,2014-05-14
2049902,quenching tank,骤冷槽,,2014-05-14
2049903,quick annealing oven,快速退火炉,,2014-05-14
2049904,quick break switch,速断开关,,2014-05-14
2049905,quick freezing unit,快速冷冻机,,2014-05-14
2049906,quick return valve,速回阀,,2014-05-14
2049907,quick triple valve,速动三通阀,,2014-05-14
2049908,quick-acting regulator,速动调节器,,2014-05-14
2049909,quick-acting starter,快速起动器,,2014-05-14
2049910,quick-acting valve,速动阀,,2014-05-14
2049911,quick-closing valve,速关阀,,2014-05-14
2049912,quick-opening valve,速启阀,,2014-05-14
2049913,quick-operating relay,速动继电器,,2014-05-14
2049914,quick-release relay,快释继电器,,2014-05-14
2049915,quick-release valve,快泄阀,,2014-05-14
2049916,quick-response transducer,快速应答转换器；快速应答换能器,,2014-05-14
2049917,quick-setting level,速调水平仪,,2014-05-14
2049918,quiet motor,静音马达,,2014-05-14
2049919,quinhydrone electrode,醌二酚电极,,2014-05-14
2049920,quotient-multiplier register,商乘数暂存器,,2014-05-14
2049921,rack,架,,2014-05-14
2049922,rack-and-lever jack,齿杆千斤顶,,2014-05-14
2049923,radar,雷达,,2014-05-14
2049924,radar altimeter,雷达高度计,,2014-05-14
2049925,radar controller,雷达控制器,,2014-05-14
2049926,radar converter,雷达信号转换器,,2014-05-14
2049927,radar display,雷达显示器,,2014-05-14
2049928,radar prism,雷达棱镜,,2014-05-14
2049929,radar radiolocator,雷达无线电定位器,,2014-05-14
2049930,radar range finder,雷达测距仪,,2014-05-14
2049931,radar scanner,雷达扫描器,,2014-05-14
2049932,radar speedometer,雷达测速器,,2014-05-14
2049933,radar transmitter,雷达传送器,,2014-05-14
2049934,radarscope,雷达指示器；雷达示波器,,2014-05-14
2049935,radial bearing,径向轴承,,2014-05-14
2049936,radial buffer,弧面缓冲器,,2014-05-14
2049937,radial burner,辐形灯,,2014-05-14
2049938,radial compressor,径向[流]压缩机,,2014-05-14
2049939,radial diffuser,径向扩散器,,2014-05-14
2049940,radial flow compressor,径向流压缩机,,2014-05-14
2049941,radial flow pump,径向流泵,,2014-05-14
2049942,radial flow turbine,径向流涡轮[机],,2014-05-14
2049943,radial photometer,径向光度计,,2014-05-14
2049944,radial-axial compressor,径-轴向[流]压缩机,,2014-05-14
2049945,radial-flow centrifugal pump,径向流离心泵,,2014-05-14
2049946,radiant arc furnace,辐射电弧炉,,2014-05-14
2049947,radiant heater,辐射加热器,,2014-05-14
2049948,radiant superheater,辐射过热器,,2014-05-14
2049949,radiant tube furnace,辐射管炉,,2014-05-14
2049950,radiant type boiler,辐射式锅炉,,2014-05-14
2049951,radiation battery,辐射电池[组],,2014-05-14
2049952,radiation chopper,辐射选波器,,2014-05-14
2049953,radiation counter,辐射计数器,,2014-05-14
2049954,radiation detector,辐射侦检器,,2014-05-14
2049955,radiation dosage indicator,辐射剂量指示器,,2014-05-14
2049956,radiation dosimeter,辐射剂量计,,2014-05-14
2049957,radiation filter,辐射滤器,,2014-05-14
2049958,radiation fluxmeter,辐射通量计,,2014-05-14
2049959,radiation furnace,辐射电炉；辐射加热器,,2014-05-14
2049960,radiation gage,辐射规；辐射计,,2014-05-14
2049961,radiation gauge,辐射规；辐射计,,2014-05-14
2049962,radiation indicator,辐射指示器,,2014-05-14
2049963,radiation meter,辐射计,,2014-05-14
2049964,radiation probe,辐射探针,,2014-05-14
2049965,radiation pyrometer,辐射高温计,,2014-05-14
2049966,radiation screen,辐射屏,,2014-05-14
2049967,radiation sensor,辐射感测器,,2014-05-14
2049968,radiation shield,辐射防护屏,,2014-05-14
2049969,radiation shutter,辐射闸门,,2014-05-14
2049970,radiation source,辐射源,,2014-05-14
2049971,radiation thermometer,辐射温度计,,2014-05-14
2049972,radiation thickness gage,放射性测厚计,,2014-05-14
2049973,radiation thickness gauge,放射性测厚计,,2014-05-14
2049974,radiator,辐射器；散热器,,2014-05-14
