ID,英文名稱,中文名稱,圖片,更新日期
20271424,"(2,7) code","(2,7) 码",,2023-01-17
20271425,"(a,b) tree","(a,b) 树",,2023-01-17
20271426,(arithmetic) overflow,（算术）溢位,,2024-12-30
20271427,(arithmetic) underflow,（算术）欠位,,2023-01-17
20271428,(average) transinformation rate,（平均）传送资讯率,,2023-01-17
20271429,(data) code (in telecommunication),（资料）码（在电信方面）,,2023-01-17
20271430,(data) processing,（资料）处理,,2026-05-04
20271431,(electromagnetic) emission,（电磁）发射,,2023-01-17
20271432,(formal) parrameter,（形式）参数,,2023-01-17
20271433,(in process control) analog input,（程序控制中之）类比输入,,2023-01-17
20271434,(N)-address,（N）位址,,2023-01-17
20271435,(N)-address mapping,（N）位址对映,,2023-01-17
20271436,(N)-connection,（N）连接,,2023-01-17
20271437,(N)-connection endpoint,（N）连接端点,,2023-01-17
20271438,(N)-connection endpoint identifier,（N）连接端点识别符,,2023-01-17
20271439,(N)-data communication,（N）资料通讯,,2023-01-17
20271440,(N)-data sink,（N）资料槽,,2023-01-17
20271441,(N)-data source,（N）资料源,,2023-01-17
20271442,(N)-data transmission,（N）资料传输,,2023-01-17
20271443,(N)-directory,（N）目录,,2023-01-17
20271444,(N)-duplex transmission,（N）双工传输,,2023-01-17
20271445,(N)-entity,（N）实体,,2023-01-17
20271446,(N)-expedited data unit,（N）快速资料单元,,2023-01-17
20271447,(N)-facility,（N）设施,,2023-01-17
20271448,(N)-function,（N）功能,,2023-01-17
20271449,(N)-half duplex transmission,（N）半双工传输,,2023-01-17
20271450,(N)-interface control information,（N）介面控制资讯,,2023-01-17
20271451,(N)-interface data,（N）介面资料,,2023-01-17
20271452,(N)-interface data unit,（N）介面资料单元,,2023-01-17
20271453,(N)-layer,（N）层,,2023-01-17
20271454,(N)-one-way communication,（N）单向通讯；（N）单路通讯,,2023-01-17
20271455,(N)-protocol,（N）协定,,2023-01-17
20271456,(N)-protocol connection identifier,（N）协定连接识别符,,2023-01-17
20271457,(N)-protocol control information,（N）协定控制资讯,,2023-01-17
20271458,(N)-protocol data unit,（N）协定资料单元,,2023-01-17
20271459,(N)-protocol identifier,（N）协定识别符,,2023-01-17
20271460,(N)-relay,（N）中继,,2023-01-17
20271461,(N)-service,（N）服务,,2023-01-17
20271462,(N)-service access point,（N）服务收送点；（N）服务接取点,,2023-01-17
20271463,(N)-service connection identifier,（N）服务连接识别符,,2023-01-17
20271464,(N)-service unit data,（N）服务单元资料,,2023-01-17
20271465,(N)-simplex transmission,（N）单工传输,,2023-01-17
20271466,(N)-subsystem,（N）子系统,,2023-01-17
20271467,(N)-suffix code,（N）尾缀码；（N）尾置码,,2023-01-17
20271468,(N)-transit delay,（N）中转延迟,,2023-01-17
20271469,(N)-two-way alternate communication,（N）双向交替通讯,,2023-01-17
20271470,(N)-two-way simultaneous communication,（N）双向同时通讯,,2023-01-17
20271471,(N)-user data,（N）使用者资料,,2023-01-17
20271472,(storage) location,（储存）位置,,2024-02-01
20271473,(technical) process,（技术）处理,,2023-01-17
20271474,.3GR files,.3GR 格式档案,,2023-01-17
20271475,.AFM files,.AFM 格式档案,,2023-01-17
20271476,.AIF,.AIF 格式档案,,2023-01-17
20271477,.ARC files,.ARC 格式档案,,2023-01-17
20271478,.ARJ files,.ARJ 格式档案,,2023-01-17
20271479,.ART files,.ART 格式档案,,2023-01-17
20271480,.ASC files,.ASC 格式档案,,2023-01-17
20271481,.ASP+ files,.ASP+ 格式档案,,2023-01-17
20271482,.ASPX files,.ASPX 格式档案,,2023-01-17
20271483,.AU files,.AU 格式档案,,2023-01-17
20271484,.AVI files,.AVI 格式档案,,2023-01-17
20271485,.BAT files,.BAT 格式档案,,2023-01-17
20271486,.BMP files,.BMP 图形格式档案,,2023-01-17
20271487,.COM files,.COM 格式档案,,2023-01-17
20271488,.CPT files,.CPT 格式档案,,2023-01-17
20271489,.CRD files,.CRD 格式档案,,2023-01-17
20271490,.DLL files,.DLL 格式档案,,2023-01-17
20271491,.DOC files,.DOC 文件格式档案,,2023-01-17
20271492,.DOT files,.DOT 格式档案,,2023-01-17
20271493,.EPS files,.EPS 格式档案,,2023-01-17
20271494,.EXE files,.EXE 执行格式档案,,2023-01-17
20271495,.FON files,.FON 格式档案,,2023-01-17
20271496,.GIF files,.GIF 图形格式档案,,2023-01-17
20271497,.HQX files,.HQX 格式档案,,2023-01-17
20271498,.HTM files,.HTML 网页格式档案,,2023-01-17
20271499,.IEF files,.IEF 格式档案,,2023-01-17
20271500,.INI files,.INI 格式档案,,2023-01-17
20271501,.JPG files,.JPG 图形格式档案,,2023-01-17
20271502,.ME files,.ME 格式档案,,2023-01-17
20271503,.MID files,.MID 音乐格式档案,,2023-01-17
20271504,.MOD files,.MOD 格式档案,,2023-01-17
20271505,.MOV files,.MOV 影片格式档案,,2023-01-17
20271506,.MOZ files,.MOZ 格式档案,,2023-01-17
20271507,.MP3 files,.MP3 格式档案,,2023-01-17
20271508,.MPG files,.MPG 格式档案,,2023-01-17
20271509,.NET,.NET 作业系统平台,,2023-01-17
20271510,.NET Client Profile,.NET 作业系统平台客户设定档,,2023-01-17
20271511,.NET Enterprise Server,.NET 作业系统平台企业伺服器,,2023-01-17
20271512,.NET environment,.NET 作业系统平台环境,,2023-01-17
20271513,.NET Framework,.NET 作业系统平台框架,,2023-01-17
20271514,.newsrc,.newsrc 格式档案,,2023-01-17
20271515,.PCX files,.PCX 格式档案,,2023-01-17
20271516,.PDD files,.PDD 格式档案,,2023-01-17
20271517,.PDF,.PDF 格式档案,,2023-01-17
20271518,.PDF files,.PDF 格式档案,,2023-01-17
20271519,.PFA files,.PFA 格式档案,,2023-01-17
20271520,.PFB files,.PFB 格式档案,,2023-01-17
20271521,.PFM files,.PFM 格式档案,,2023-01-17
20271522,.S3M files,.S3M 格式档案,,2023-01-17
20271523,.SCR files,.SCR 格式档案,,2023-01-17
20271524,.SEA files,.SEA 格式档案,,2023-01-17
20271525,.SFL files,.SFL 格式档案,,2023-01-17
20271526,.SFP files,.SFP 格式档案,,2023-01-17
20271527,.shtml,.shtml 副档名,,2023-01-17
20271528,.SIT files,.SIT 格式档案,,2023-01-17
20271529,.SND files,.SND 格式档案,,2023-01-17
20271530,.SYS files,.SYS 格式档案,,2023-01-17
20271531,.TIF files,.TIF 格式档案；加标影像档案,,2023-01-17
20271532,.TMP files,.TMP 格式档案；暂时性档案,,2023-01-17
20271533,.TTF files,.TTF 字型格式档案,,2023-01-17
20271534,.TXT files,.TXT 格式档案；正文档案,,2023-01-17
20271535,.UUE files,UUE 编码格式档案,,2023-01-17
20271536,.VBP files,.VBP 格式档案,,2023-01-17
20271537,.vi,.vi 副档名,,2023-01-17
20271538,.WAF files,.WAF 格式档案,,2023-01-17
20271539,.WAV files,.WAV 格式档案,,2023-01-17
20271540,.WKS files,.WKS 格式档案,,2023-01-17
20271541,.WMF files,.WMF 格式档案,,2023-01-17
20271542,.WP5 files,.WP5 格式档案,,2023-01-17
20271543,.WPD files,.WPD 格式档案,,2023-01-17
20271544,.XLS files,.XLS 格式档案,,2023-01-17
20271545,.ZIP files,.ZIP 格式档案,,2023-01-17
20271546,@,在；每；at,,2023-01-17
20271547,@stake,@stake 软体安全,,2023-01-17
20271548,[quantity] value,[量] 值,,2023-01-17
20271549,[standard] base line,[标准] 基线,,2023-01-17
20271550,<to> click,点选,,2023-01-17
20271551,<to> display,显示,,2023-01-17
20271552,<to> expand,扩充,,2023-01-17
20271553,<to> fill,填充,,2023-01-17
20271554,<to> iconize,图符化,,2023-01-17
20271555,<to> maximize,最大化,,2023-01-17
20271556,<to> minimize,最小化,,2023-01-17
20271557,<to> mirror,镜像,,2023-01-17
20271558,<to> obscure,模糊,,2023-01-17
20271559,<to> occlude,阻隔,,2023-01-17
20271560,<to> resize,调整大小,,2023-01-17
20271561,<to> shrink,收缩,,2023-01-17
20271562,<to> stow,装载,,2023-01-17
20271563,<to> stretch,伸展,,2023-01-17
20271564,0/1 knapsack problem,0/1 背包问题,,2023-01-17
20271565,0-ary function,零元函数,,2023-01-17
20271566,0-based indexing,零基索引,,2023-01-17
20271567,1 1/2 spacing,1.5 倍行间距,,2023-01-17
20271568,1 dimensional{=1D},1 维,,2023-01-17
20271569,1. process,处理；过程,,2023-01-17
20271570,1.TR.6,1.TR.6 控制通道协定,,2023-01-17
20271571,1/2-inch tape backup,1/2 吋磁带备份,,2023-01-17
20271572,1/4-inch tape cartridge,1/4 吋匣式磁带,,2023-01-17
20271573,100 Gigabit Ethernet,100GB 乙太网路；100 吉比乙太网路；1000 亿位元乙太网路,,2023-01-17
20271574,100% pure Java,100% 纯 Java 程式语言；100% 爪哇程式语言,,2023-01-17
20271575,1000 Gigabit,1000 吉比；10000 亿位元,,2023-01-17
20271576,1000Base-FX ethernet,1000Base 光纤雷射乙太网路；1000 Mbps 光纤雷射乙太网路,,2023-01-17
20271577,1000Base-LX ethernet,1000Base 长波雷射乙太网路；1000 Mbps 长波雷射乙太网路,,2023-01-17
20271578,1000Base-SX ethernet,1000Base 短波雷射乙太网路；1000 Mbps 短波雷射乙太网路,,2023-01-17
20271579,1000Base-T ethernet,1000Base 双绞线乙太网路；1000 Mbps 双绞线乙太网路,,2023-01-17
20271580,1000Base-T1 ethernet,1000Base 汽车乙太网路；1000 Mbps 汽车乙太网路,,2023-01-17
20271581,1000Base-X ethernet,1000Base 雷射乙太网路；1000 Mbps 雷射乙太网路,,2023-01-17
20271582,100Base,100Base 技术,,2024-10-17
20271583,100Base-CX ethernet,100Base 同轴线乙太网路；100 Mbps 同轴线乙太网路,,2023-01-17
20271584,100Base-F ethernet,100Base 光纤乙太网路；100 Mbps 光纤乙太网路,,2023-01-17
20271585,100Base-FX ethernet,100Base 光纤雷射乙太网路；100 Mbps 光纤雷射乙太网路,,2023-01-17
20271586,100Base-T ethernet,100Base 双绞线乙太网路；100 Mbps 双绞线乙太网路,,2023-01-17
20271587,100Base-T1 ethernet,100Base 汽车乙太网路；100 Mbps 汽车乙太网路,,2023-01-17
20271588,100base-T2 ethernet,100Base 双对绞线乙太网路；100 Mbps 双对绞线乙太网路,,2023-01-17
20271589,100Base-T4 ethernet,100Base 四对绞线乙太网路；100 Mbps 四对绞线乙太网路,,2023-01-17
20271590,100Base-VG ethernet,100Base 语音等级乙太网路；100 Mbps 语音等级乙太网路,,2023-01-17
20271591,100Base-VG-AnyLan ethernet,100Base 语音等级任意乙太网路；100 Mbps 语音等级任意乙太网路,,2023-01-17
20271592,100Base-X ethernet,100Base 雷射乙太网路；100 Mbps 雷射乙太网路,,2023-01-17
20271593,100Base-xx ethernet,100Base 乙太网路规格；100 Mbps 乙太网路规格,,2023-01-17
20271594,100G ethernet,100 十亿位元乙太网路,,2023-01-17
20271595,100GBase ethernet,100 十亿位元乙太网路,,2023-01-17
20271596,100GE ethernet,100 十亿位元乙太网路；100GB 乙太网,,2023-01-17
20271597,100MHz bus,100 百万赫汇流排,,2023-01-17
20271598,1024 exabytes,zeta 位元组,,2023-01-17
20271599,1024 petabytes,1024 拍位元组,,2023-01-17
20271600,1024 terrabytes,1024 兆位元组,,2023-01-17
20271601,1024 zettabytes,二的 80 次方位元组；1024 十亿兆位元组,,2023-01-17
20271602,1024QAM,1024 正交振幅调变,,2023-01-17
20271603,104-key keyboard,104 键键盘,,2023-01-17
20271604,1080i,1080 条交错式水平扫描线（清晰度1080i）,,2023-01-17
20271605,1080p,1080 条逐行水平扫描线（辨别率1080p）,,2023-01-17
20271606,1080p/24,1080 条逐行水平扫描线/24Hz,,2023-01-17
20271607,10ATM,10 大气压,,2023-11-21
20271608,10base2,10base2规格,,2023-01-17
20271609,10Base-2 ethernet,10Base-2 乙太网路；10 Mbps 200 公尺乙太网路,,2023-01-17
20271610,10Base-36 ethernet,10Base-36 乙太网路；10 Mbps 3600 公尺乙太网路,,2023-01-17
20271611,10base5,10base5规格,,2023-01-17
20271612,10Base-F,10Mbps 乙太网光纤标准,,2023-01-17
20271613,10Base-FB ethernet,10Base 光纤骨干乙太网路；10 Mbps 光纤骨干乙太网路,,2023-01-17
20271614,10Base-FL ethernet,10Base 光纤链路乙太网路；10 Mbps 光纤链路乙太网路,,2023-01-17
20271615,10Base-FP ethernet,10Base 无源光纤乙太网路；10 Mbps 无源光纤乙太网路,,2023-01-17
20271616,10Base-n ethernet,10Base 系列乙太网路；10 Mbps 系列乙太网路,,2023-01-17
20271617,10Base-T,10Mbps 双绞线乙太网路,,2023-01-17
20271618,10Base-T ethernet,10Base 双绞线乙太网路；10 Mbps 双绞线乙太网路,,2023-01-17
20271619,10-bit color,10 位元色彩,,2023-01-17
20271620,10-bit pixel compression,10 位元像素压缩,,2023-01-17
20271621,10broad36,10broad36规格,,2023-01-17
20271622,10BT,10 百万 bps 双绞线乙太网路,,2023-01-17
20271623,10-foot UI,10 呎使用者介面,,2023-01-17
20271624,10-foot user interface,100 呎使用者介面,,2023-01-17
20271625,10G Ethernet,10 十亿位元乙太网路；10 吉位元乙太网路,,2023-01-17
20271626,10-gigabit ethernet,10 吉位元乙太网路；一百亿位元乙太网路,,2023-01-17
20271627,110 block,110 段,,2023-01-17
20271628,1170,1170  介面规格,,2023-01-17
20271629,121,一对一,,2023-01-17
20271630,1284,IEEE 1284 平行介面标准,,2023-01-17
20271631,1284.4,IEEE 1284.4 标准,,2023-01-17
20271632,128-bit operating system,128 位元作业系统,,2023-01-17
20271633,128-bit video card,128 位元视讯卡,,2023-01-17
20271634,12-bit FAT,12 位元档案配置表,,2023-01-17
20271635,1-3 tree,1-3 树,,2023-01-17
20271636,1394,IEEE 1394 高效能串联汇流排,,2023-01-17
20271637,1394 IEEE standard,1394 高效能串联汇流排 IEEE 标准,,2023-01-17
20271638,15-bit color,15 位元色彩,,2023-01-17
20271639,15-pin D-sub,15 针 D 形小型接头,,2023-01-17
20271640,16 mm,16 毫米缩微软片,,2023-01-17
20271641,16/32 bit computer,16/32 位元电脑,,2023-01-17
20271642,161 kV AC relay panel,161 kV  交流电继电器盘；交流 161 kV 电驿盘,,2023-01-17
20271643,16450,16450 通用异步收发器,,2023-01-17
20271644,16550,16550 通用异步收发器,,2023-01-17
20271645,16550A,16550A 收发传输器,,2023-01-17
20271646,16650,16650 通用异步收发器,,2023-01-17
20271647,16750C,16750C 收发传输器,,2023-01-17
20271648,16-bit application,16 位元应用,,2023-01-17
20271649,16-bit computer,16 位元电脑,,2023-01-17
20271650,16-bit microcomputer,16 位元微电脑,,2023-01-17
20271651,16-bit operating system,16 位元作业系统,,2023-01-17
20271652,16-bit sound card,16 位元音效卡,,2023-01-17
20271653,16-bit word,16 位元字,,2023-01-17
20271654,16-way,16 路,,2023-01-17
20271655,1802,1802 微处理机,,2023-01-17
20271656,19mm tape,19 毫米带,,2023-01-17
20271657,1base5 ethernet,1base5 乙太网路,,2023-01-17
20271658,1-bit DAC,1 位元数位类比转换,,2023-01-17
20271659,1-bit sample,1 位元取样,,2023-01-17
20271660,1-click,单击,,2023-01-17
20271661,1ClickCharge,单击收费,,2023-01-17
20271662,1G ethernet,十亿位元乙太网路,,2023-01-17
20271664,1-pass color printer,单遍彩色列印机,,2023-01-17
20271665,1-point CDV,单点单元延迟变异,,2023-01-17
20271666,1seg,1 段,,2023-01-17
20271667,1st generation{=1G},第一代,,2023-01-17
20271668,1st party cookie,第一方网路饼干,,2023-01-17
20271669,1-wire,单线,,2023-01-17
20271670,1x Radio Transmission Technology{=1xRTT},一倍上下单向传送；第一代无线传送技术,,2023-01-17
20271671,2 binary 1 quaternary,2个二进制位元编码为四进制讯号,,2023-01-17
20271672,2 pages,两页,,2023-01-17
20271673,2 port,双埠,,2023-01-17
20271674,2.5G,第 2.5 代无线通信技术,,2023-01-17
20271675,2.5G ethernet,第 2.5 代乙太网路,,2023-01-17
20271676,2.5G wireless,第 2.5 代无线通信技术,,2023-01-17
20271677,2:2 pulldown,2:2 下拉；电视广播,,2023-01-17
20271678,2:3 pulldown,2:3 下拉；将电影转换为电视／视频,,2023-01-17
20271679,20-GATE,20-GATE 代数语言,,2023-01-17
20271680,2160p,2160 垂直像素,,2023-01-17
20271681,216-color browser-safe palette,216 浏览安全调色,,2023-01-17
20271682,22 kV AC relay panel,22 kV 交流电继电器盘；交流 22 kV 电驿盘,,2023-01-17
20271683,22 kV/380 V station distribution transformer,22 kV / 380 V 车站配电变压器,,2023-01-17
20271684,2-205 rule,2-205 规则,,2023-01-17
20271685,2-3 tree,2-3 树,,2023-01-17
20271686,2-3 tree insert,2-3 树插入,,2023-01-17
20271687,2-3 tree search,2-3 树搜寻,,2023-01-17
20271688,2-3-4 tree,2-3-4 树,,2023-01-17
20271689,23B+D,23 个 B 通道和一个 64 KbpsD 通道,,2023-01-17
20271690,24x7,一天 24 小时；一星期 7 天；全天候营业,,2023-01-17
20271691,2B+D,2B+D 介面,,2023-01-17
20271692,2B1D,二元速率介面,,2023-01-17
20271693,2B1Q,2B1Q编码策略,,2023-01-17
20271694,2-bit byte,2 位元的位元组,,2023-01-17
20271695,2D accelerator,2 维加速器,,2023-01-17
20271696,2D barcode,二维条码,,2023-01-17
20271697,2D graphics,二维图学,,2023-01-17
20271698,2D printer,二维列印机,,2023-01-17
20271699,2DD diskette,双面倍密度磁片,,2023-01-17
20271700,2G,第二代,,2023-01-17
20271701,2G wireless,2G 无线,,2023-01-17
20271703,2K format,2K 格式,,2023-01-17
20271704,2K resolution,2K 解析度,,2023-01-17
20271705,2K TV,2K 电视,,2023-01-17
20271706,2MPEG-audio layer 3,2MPEG 声频层 3,,2023-01-17
20271707,2nd Generation Wireless,第 2 代无线通信技术,,2023-01-17
20271708,2-point CDV,双点单元延迟变异,,2023-01-17
20271709,2-tier architecture,2 层式架构,,2023-01-17
20271710,2-tree,2 树,,2023-01-17
20271711,2-wire normal quality,2 线正规品质,,2023-01-17
20271712,3270,3270 终端机,,2023-01-17
20271713,32-bit application,32 位元应用；32 位元应用软体,,2023-01-17
20271714,32-bit chip,32 位元晶片,,2023-01-17
20271715,32-bit color depth,32 位元色彩深度,,2023-01-17
20271716,32-bit compatibility mode,32 位元相容性模式,,2023-01-17
20271717,32-bit computer,32 位元电脑,,2023-01-17
20271718,32-bit computing,32 位元计算,,2023-01-17
20271719,32-bit CPU,32 位元中央处理器,,2023-01-17
20271720,32-bit driver,32 位元驱动器,,2023-01-17
20271721,32-bit file access,32 位元档案存取,,2023-01-17
20271722,32-bit file allocation table,32 位元档案配置表,,2023-01-17
20271723,32-bit legacy mode,32 位元传统模式,,2023-01-17
20271724,32-bit memory chip,32 位元记忆晶片,,2023-01-17
20271725,32-bit operating system,32 位元作业系统,,2023-01-17
20271726,32-bit processing,32 位元处理,,2023-01-17
20271727,32-bit processor,32 位元处理器,,2023-01-17
20271728,32-bit version,32 位元版本,,2023-01-17
20271729,32-bit video card,32 位元视讯卡,,2023-01-17
20271730,32-bit window,32 位元视窗软体,,2023-01-17
20271731,32-bit word,32 位元字组,,2023-01-17
20271732,35 mm film,35 毫米影片,,2023-01-17
20271733,386 enhance mode,386增强模式,,2023-01-17
20271734,386SPART.PAR,386SPART.PAR 隐藏档案,,2023-01-17
20271735,3-bit byte,3 位元的位元组,,2023-01-17
20271736,3-car unit,三车组,,2023-01-17
20271737,3COM,3COM 公司,,2023-01-17
20271738,3Com Corporation,3Com 公司,,2023-01-17
20271739,3-cube connected,3 立方体连接,,2023-01-17
20271740,3D accelerator,3D 加速器,,2023-01-17
20271741,3D anaglyph,立体浮雕；3D 浮雕,,2023-01-17
20271742,3D animation,三维动画,,2023-01-17
20271743,3D audio,3D 声频,,2023-01-17
20271744,3D Blu-ray,三维蓝光光碟,,2023-01-17
20271745,3D browser,三维浏览器,,2023-01-17
20271746,3D CAD,3D 电脑辅助设计,,2023-01-17
20271747,3D chat,3D 网路聊天系统,,2023-01-17
20271748,3D cinema,3D 电影,,2023-01-17
20271749,3D computer animation,三维电脑动画,,2023-01-17
20271750,3D digitizer,3D 数化器,,2023-01-17
20271751,3D Fax,3D 传真,,2023-01-17
20271752,3D gaming,3D 竞赛,,2023-01-17
20271753,3D glasses,3D 眼镜,,2023-01-17
20271754,3D graphics,3D 图形,,2023-01-17
20271755,3D graphics pipeline,3D 图形管线,,2023-01-17
20271756,3D imaging,3D 成像,,2023-01-17
20271757,3D immersion,3D 融入,,2023-01-17
20271758,3D matrix metering,三度空间矩阵计量,,2023-01-17
20271759,3D memory,3D 记忆体,,2023-01-17
20271760,3D modeling,三维塑模,,2023-01-17
20271761,3D modes,3D 模式,,2023-01-17
20271762,3D mouse,三度空间滑鼠；3D滑鼠,,2023-01-17
20271763,3D movie,立体电影；3D 电影,,2023-01-17
20271764,3D NOW,AMD公司的3D图型技术,,2023-01-17
20271765,3D passthrough,三维透通,,2023-01-17
20271766,3D personal printer,3D 个人列印机,,2023-01-17
20271767,3D pipeline,3D 管线,,2023-01-17
20271768,3D pixel,三维像素,,2023-01-17
20271769,3D positional sound,3D 位置音响,,2023-01-17
20271770,3D printer,3D 列印机,,2023-01-17
20271771,3D printing,3D 列印,,2023-01-17
20271772,3D printing materials,3D 列印材料,,2023-01-17
20271773,3D rendering,3D 渲染,,2023-01-17
20271774,3D secure,3D 保全,,2023-01-17
20271775,3D sensing,3D感测,,2023-01-17
20271776,3D shutter glasses,3D 快门眼镜,,2023-01-17
20271777,3D software,三维软体,,2023-01-17
20271778,3D sound,立体音响；3D 音响,,2023-01-17
20271779,3D stacking memory,3D 堆叠记忆体,,2023-01-17
20271780,3D stereo,立体身历声；3D 身历声,,2023-01-17
20271781,3D stereoscopic video,3D 立体视讯,,2023-01-17
20271782,3D studio,3D 摄影室；3D 工作室,,2023-01-17
20271783,3D summary,3D 汇总,,2023-01-17
20271784,3D sync,3D 同步,,2023-01-17
20271785,3D tablet,3D 输入板,,2023-01-17
20271786,3D tag volume,三维标签体,,2023-01-17
20271787,3D touch,3D 触控,,2023-01-17
20271788,3D TV,3D 电视,,2023-01-17
20271789,3D TV glasses,3D 电视眼镜,,2023-01-17
20271790,3D types,3D 型式,,2023-01-17
20271791,3D video,3D 视讯,,2023-01-17
20271792,3D viewer,3D 观察器,,2023-01-17
20271793,3D virtual world,3D 虚拟世界,,2023-01-17
20271794,3D vision,3D 视觉,,2023-01-17
20271795,3D visualization,3D 视觉化,,2023-01-17
20271796,3-dB bandwidth,3 分贝频宽,,2023-01-17
20271797,3-dimensional,三维；三度空间,,2023-01-17
20271798,3DNow!,3DNow! 浮点指令集,,2023-01-17
20271799,3DO,3DO 技术,,2023-01-17
20271800,3G,第三代无线通讯技术,,2023-01-17
20271801,3G adapter,第三代无线通讯技术配接器；3G 转接器,,2023-01-17
20271802,3G card,3G 卡,,2023-01-17
20271803,3G cellular modem,第三代无线通讯胞状数据机,,2023-01-17
20271804,3G core network,第三代无线通讯核心网路,,2023-01-17
20271805,3G dongle,第三代无线通讯伺服器钥,,2023-01-17
20271806,3G extender,第三代无线通讯延伸器,,2023-01-17
20271807,3G modem,第三代无线通讯数据机,,2023-01-17
20271808,3G network,第三代无线通讯网路,,2023-01-17
20271809,3G phone,第三代无线通讯电话,,2023-01-17
20271810,3G sharing,第三代无线通讯共享,,2023-01-17
20271811,3G wireless,3G 无线,,2023-01-17
20271812,3G/4G cellular modem,3G/4G 蜂巢式调变解调器,,2023-01-17
20271813,3G/4G sharing,3G/4G 共享,,2023-01-17
20271814,3GB barrier,3GB 屏障,,2023-01-17
20271815,3GB memory limit,3GB 记忆体极限,,2023-01-17
20271817,3rd generation language,第三代语言,,2023-01-17
20271818,3rd Generation Wireless,第 3 代无线技术通信,,2023-01-17
20271819,3rd party,第三方,,2023-01-17
20271820,3-tier application,三层式应用,,2023-01-17
20271821,3-tier architecture,三层式架构,,2023-01-17
20271822,3-way reach forklift truck,三向式堆高机,,2023-01-17
20271823,3-way reach forklift truck battery charger,三向式堆高机电池充电器　,,2023-01-17
20271824,Ⅲ-Ⅴ compound semiconductor,三五族化合物半导体,,2023-01-17
20271825,4.5G,第 4.5 代,,2023-01-17
20271826,404 error,404 错误,,2023-01-17
20271827,431A,431A 插头,,2023-01-17
20271828,4510,4510 处理机,,2023-01-17
20271829,4700 Support Facility,4700 支援设施,,2023-01-17
20271830,473L Query,473L 查询语言,,2023-01-17
20271831,48-bit word,48 位元字组,,2023-01-17
20271832,49L key,49L 钥匙,,2023-01-17
20271833,4-bit bipolar microprocessor slice,4 位元双极性微处理机截片,,2023-01-17
20271834,4-bit byte,4 位元的位元组,,2023-01-17
20271835,4-bit color,4 位元色彩,,2023-01-17
20271836,4-bit cyclic redundancy check,4 位元循环冗余检查,,2023-01-17
20271837,4bone,IPv4 之暱称,,2023-01-17
20271838,4-foot tuned loop,4 呎调谐回路,,2023-01-17
20271839,4-foot untuned loop,4 呎非调谐回路,,2023-01-17
20271840,4G extender,4G 扩充器,,2023-01-17
20271841,4G modem,4G 数据机,,2023-01-17
20271842,4G network,4G 网路,,2023-01-17
20271843,4G sharing,4G共享,,2023-01-17
20271844,4G to Wi-Fi,4G 至 Wi-Fi,,2023-01-17
20271845,4G wireless,4G 无线,,2023-01-17
20271847,4K 3D TV,4K 3D 电视,,2023-01-17
20271848,4k Blu-ray player,4k 蓝光播放机,,2023-01-17
20271849,4K camera,4K 摄影机,,2023-01-17
20271850,4K format,4K 格式,,2023-01-17
20271851,4K HDTV,4K 高画质电视,,2023-01-17
20271852,4K monitor,4K 监视器,,2023-01-17
20271853,4K movies,4K 电影,,2023-01-17
20271854,4k passthrough,4k 传递,,2023-01-17
20271855,4K resolution,4K 解析度,,2023-01-17
20271856,4K TV,4K 电视机,,2023-01-17
20271857,4K Ultra HD,4K 超高画质,,2023-01-17
20271858,4K upscaling,4K 升级,,2023-01-17
20271859,4K video,4K 视讯,,2023-01-17
20271860,4K x 2K,4K 乘 2K,,2023-01-17
20271861,4mm tape,4mm 磁带,,2023-01-17
20271862,4NT,命令指令,,2023-01-17
20271863,4-pass color,4 通颜色,,2023-01-17
20271864,4-pass color printer,4 通彩色印表机,,2023-01-17
20271865,4th generation language,第 4 代语言,,2023-01-17
20271866,4-way,4 路,,2023-01-17
20271867,4wire ear & mouth trunk unit{=4W E&M},四蕊通话路径卡,,2023-01-17
20271868,4-wire normal quality,4 线正规品质,,2023-01-17
20271869,5 GHz,五十亿赫兹,,2023-01-17
20271870,5 GHz band,5 GHz 频带,,2023-01-17
20271871,5 nines,五个九（99.999%）,,2023-01-17
20271872,5.1 channel,5.1 声道,,2023-01-17
20271873,50/50 blend,50/50 混合,,2023-01-17
20271874,500 error,500 错误,,2023-01-17
20271875,50L key,50L 钥匙,,2023-01-17
20271876,50-pin,50 接脚,,2023-01-17
20271877,50-pin telco connector,50 接脚电信接头,,2023-01-17
20271878,5250 emulator,5250 模拟器,,2023-01-17
20271879,5-4-3 rule,5-4-3 规则,,2023-01-17
20271880,555,555 时钟晶片,,2023-01-17
20271881,556,556 双时钟晶片,,2023-01-17
20271882,558,558 计时晶片,,2023-01-17
20271883,56 Kbps modem,56 Kbps 数据机,,2023-01-17
20271884,56k line,56k 数位连接线,,2023-01-17
20271885,56K modem,56K 数据机,,2023-01-17
20271886,5-bit byte,5 位元位元组,,2023-01-17
20271887,5D camera,5D 摄影机,,2023-01-17
20271888,5ESS Switch,5ESS 电子交换系统,,2023-01-17
20271889,5G Ethernet,5G 乙太网路,,2023-01-17
20271890,5G frequency bands,5G 频带,,2023-01-17
20271891,5K iMac,5K iMac 桌上型电脑品牌,,2023-01-17
20271892,5K resolution,5K 解析度,,2023-01-17
20271893,5K video,5K 视讯,,2023-01-17
20271894,5-pin to 11-pin adapter,5 接脚到 11 接脚配接器,,2023-01-17
20271895,5v,5 伏,,2023-01-17
20271896,5VA class material,5VA 级材料,,2023-01-17
20271897,5VB class material,5VB 级材料,,2023-01-17
20271898,5W1H,六何,,2023-01-17
20271899,5x86,5x86 中央处理器,,2023-01-17
20271900,6 degree of freedom robot{=6DOFR},6 自由度机器人,,2023-01-17
20271901,6.1 channel,6.1 声道,,2023-01-17
20271902,6.3mm connector,6.3mm 连接器,,2023-01-17
20271903,64-bit,64 位元,,2023-01-17
20271904,64-bit chip,64 位元晶片,,2023-01-17
20271905,64-bit computer,64 位元电脑,,2023-01-17
20271906,64-bit computing,64 位元计算,,2023-01-17
20271907,64-bit CPU,64 位元中央处理器,,2023-01-17
20271908,64-bit graphics accelerator,64 位元图形加速器,,2023-01-17
20271909,64-bit memory chip,64 位元记忆体晶片,,2023-01-17
20271910,64-bit operating system,64 位元作业系统,,2023-01-17
20271911,64-bit processing,64 位元处理,,2023-01-17
20271912,64-bit processor,64 位元处理器,,2023-01-17
20271913,64-bit version,64 位元版本,,2023-01-17
20271914,64-bit video card,64 位元视讯卡,,2023-01-17
20271915,64-bit window,64 位元视窗软体,,2023-01-17
20271916,64-way,64 路,,2023-01-17
20271917,6501,6501 微处理机,,2023-01-17
20271918,650x,650x 微处理机族,,2023-01-17
20271919,6510,6510 微处理机,,2023-01-17
20271920,66 block,66 资料段,,2023-01-17
20271921,6802,6802 微处理器,,2023-01-17
20271922,68050,68050 电脑,,2023-01-17
20271923,68060,68060 电脑,,2023-01-17
20271924,6809,6809 微处理器,,2023-01-17
20271925,680x0,680 系列电脑,,2023-01-17
20271926,686,686 处理机,,2023-01-17
20271927,68K,MC68000 族微处理机,,2023-01-17
20271928,6-bit byte,6 位元位元组,,2023-01-17
20271929,6bone,IPv6 实验网路,,2023-01-17
20271930,6K camera,6K 像素解析度相机,,2023-01-17
20271931,6K resolution,6000 像素解析度,,2023-01-17
20271932,6Key rollover{=6KRO},6 键翻转,,2023-01-17
20271933,6P2C,六位址二触点连接器,,2023-01-17
20271934,6P4C,六位址四触点连接器,,2023-01-17
20271935,6T SRAM,六晶体静态随机存取记忆体,,2023-01-17
20271936,6-way CPU,6 路中央处理器,,2023-01-17
20271937,7.1 channel,家庭影院音响系统（7.1 频道）,,2023-01-17
20271938,70 mm film,70 毫米影片,,2023-01-17
20271939,754,IEEE 754 浮点标准,,2023-01-17
20271940,7-bit ASCII,7 位元美国资讯交换标准码,,2023-01-17
20271941,7-bit byte,7 位元位元组,,2023-01-17
20271942,7-segment digit,七段数字,,2023-01-17
20271943,7-segment display,七段显示器,,2023-01-17
20271944,8 bit sample,8 位元样本,,2023-01-17
20271945,8 bits,8 位元,,2023-01-17
20271946,8 channel audio input card,8 通道语音输入卡,,2023-01-17
20271947,8 channel audio output card,8 通道语音输出卡,,2023-01-17
20271948,8 mm,8 毫米,,2023-01-17
20271949,8 mm film,8 毫米影片,,2023-01-17
20271950,8 queens problem,8 皇后问题,,2023-01-17
20271951,8 queens puzzle,8 皇后谜题,,2023-01-17
20271952,80/20 rule,80/20 规则,,2023-01-17
20271953,8008,8008 微处理器,,2023-01-17
20271954,80186,Intel 80186 微处理机,,2023-01-17
20271955,80188,80188 微处理机,,2023-01-17
20271956,802,802 网路标准（IEEE）,,2023-01-17
20271957,802.11,802.11 无线网路介面规格,,2023-01-17
20271958,802.11a,802.11a 通信协定,,2023-01-17
20271959,802.11b,802.11b区域网路协定,,2023-01-17
20271960,802.11e,802.11e 无线区域网路标准,,2023-01-17
20271961,802.11g,802.11g 无线区域网路标准,,2023-01-17
20271962,802.11i,802.11i 无线区域网路标准,,2023-01-17
20271963,802.11x,802.11x 无线区域网路标准,,2023-01-17
20271964,802.14,802.14 标准,,2023-01-17
20271965,802.15,802.15 无线区域网路标准,,2023-01-17
20271966,802.15.1,802.15.1 标准,,2023-01-17
20271967,802.16,802.162 多频无线通信标准,,2023-01-17
20271968,802.1q,802.1q 通信标准,,2023-01-17
20271969,802.1x,802.1X 无线区域网路标准,,2023-01-17
20271970,802.2,802.2标准,,2023-01-17
20271971,802.3,802.3 乙太区域网路标准,,2023-01-17
20271972,802.3ae,802.3ae 10Gbps 乙太网路标准,,2023-01-17
20271973,802.3z,802.3z 标准,,2023-01-17
20271974,80211b,802.11b (无线传输技术),,2023-01-17
20271975,80487,80487 数学共处理机,,2023-01-17
20271976,8051,8051 处理器,,2023-01-17
20271977,8052,8052 处理器,,2023-01-17
20271978,80586,80586 处理器；Pentium 处理器,,2023-01-17
20271979,80686,80686 处理器；Pentium Pro处理器,,2023-01-17
20271980,8086 emulator,8086 仿真器,,2023-01-17
20271981,80-column card,80 栏卡,,2023-01-17
20271982,80x87,80x87 数学运算处理器,,2023-01-17
20271983,822,822 规格,,2023-01-17
20271984,82430HX,82430HX 规格,,2023-01-17
20271985,82430MX,82430MX 规格,,2023-01-17
20271986,82430VX,82430VX 规格,,2023-01-17
20271987,8514,8514 图象显示标准,,2023-01-17
20271988,8514-A,8514-A 显示配接器,,2023-01-17
20271989,88open,88开放系统环境,,2023-01-17
20271990,8-bit ASCII,8 位元美国资讯交换标准码,,2023-01-17
20271991,8-bit audio,8 位元声频,,2023-01-17
20271992,8-bit byte,8 位元位元组,,2023-01-17
20271993,8-bit clean,8 位元清净,,2023-01-17
20271994,8-bit color,8 位元色彩,,2023-01-17
20271995,8-bit computing,8 位元计算,,2023-01-17
20271996,8-bit CPU,8 位元中央处理器,,2023-01-17
20271997,8-bit memory chip,8 位元记忆体晶片,,2023-01-17
20271998,8-bit microcontroller unit{=8-bit MCU},8 位元微控制器单元,,2023-01-17
20271999,8-bit processing,8 位元处理,,2023-01-17
20272000,8-bit sound,8 位元音响,,2023-01-17
20272001,8-bit sound card,8 位元音效卡,,2023-01-17
20272002,8K monitor,8K 监视器,,2023-01-17
20272003,8K resolution,8K 解析度,,2023-01-17
20272004,8K TV,8K 电视,,2023-01-17
20272005,8-level vestigial sideband,八阶残边带,,2023-01-17
20272006,8M station marker,8M 车站标志,,2023-01-17
20272007,8mm tape,8 毫米磁带,,2023-01-17
20272008,8mm video,8 毫米视讯,,2023-01-17
20272009,8-pin,8 接脚,,2023-01-17
20272010,8-second rule,8 秒规则,,2023-01-17
20272011,8TK Interlocking Unit{=8TK},连锁单位,,2023-01-17
20272012,8-track tape,8 轨磁带,,2023-01-17
20272013,8x86,Intel 8x86 微处理机,,2023-01-17
20272014,90-90 rule,90-90 规则,,2023-01-17
20272015,90-column card,90 栏卡,,2023-01-17
20272016,9445,9445 微处理机,,2023-01-17
20272017,99.999,五个九高可靠度,,2023-01-17
20272018,9PAC,9PAC 报表产生器(IBM 7090),,2023-01-17
20272019,A algorithm,A演算法,,2023-01-17
20272020,A and B roll editing,A与B滚动编辑,,2023-01-17
20272021,A and B rolls,A与B轮置卷盘,,2023-01-17
20272022,A band,A 频带,,2023-01-17
20272023,A car/B car,A 车 / B 车,,2023-01-17
20272024,a circular order,通缉,,2023-01-17
20272025,A class fire door,甲种防火门,,2023-01-17
20272026,a complete catchweigher mounted on a vehicle,车载式分重一体秤,,2023-01-17
20272027,A departmental reporting system{=ADRS},部门报告系统,,2023-01-17
20272028,a depository of development documents,开发文件贮藏所；ADDD 工具,,2023-01-17
20272029,A drive,A 磁碟机,,2023-01-17
20272030,a fortiori analysis,乘积分析,,2023-01-17
20272031,A hardware programming language{=AHPL},硬体程式设计语言,,2023-01-17
20272032,a judgment of  not guilty,无罪判决；无罪判决 　,,2023-01-17
20272033,a judgment of guilty,有罪判决,,2023-01-17
20272034,A language encouraging program hierarchy,ALEPH 语言,,2023-01-17
20272035,A language for attributed definitions,ALADIN 语言,,2023-01-17
20272036,A language with an extensible compiler,ALEC 语言,,2023-01-17
20272037,A multi-access on-line system{=AMOS},多存取连线系统,,2023-01-17
20272038,A parse request language,APAREL 程式语言,,2023-01-17
20272039,a prior information,先验资讯,,2023-01-17
20272040,a priori,预先,,2023-01-17
20272041,A programming language{=APL},APL程式设计语言,,2023-01-17
20272042,a public document,公文书,,2023-01-17
20272043,a registered trademark of alesis{=ADAT},Alesis 公司注册商标,,2023-01-17
20272044,A retrieval process language{=ARPL},检索处理语言,,2023-01-17
20272045,a ruling not to prosecute,不起诉处分,,2023-01-17
20272046,A set of two mechanically assembled antennas,机械式组合之双天线组,,2023-01-17
20272047,A simulation process oriented language{=ASPOL},ASPOL 模拟过程导向语言,,2023-01-17
20272048,A sizes,A 度,,2023-01-17
20272049,A string,A字串,,2023-01-17
20272050,a tools integration standard,工具整合标准；ATIS 标准,,2023-01-17
20272051,A type right of way,A 式专用路权,,2023-01-17
20272052,a value not less than the threshold for supervision,查核金额以上之采购,,2023-01-17
20272053,A version of UNIX,Apple UNIX 作业系统,,2023-01-17
20272054,a written judgment,判决书,,2023-01-17
20272055,A#,A# 代数系统,,2023-01-17
20272056,A&B,A&B 位元发讯程序,,2023-01-17
20272057,a&b bit signaling,a&b 位元发信,,2023-01-17
20272058,A* algorithm,A*演算法,,2023-01-17
20272059,A* search,A*搜寻,,2023-01-17
20272060,A. C. dump,交流断电,,2023-01-17
20272061,A.C. interference,交流干扰,,2023-01-17
20272062,A.C. ringer,交流电铃,,2023-01-17
20272063,A.C. servo,交流伺服系统,,2023-01-17
20272064,A/B roll,A/B 映放,,2023-01-17
20272065,A/B switch,A/B 开关,,2023-01-17
20272066,A/B switch box,A/B开关盒,,2023-01-17
20272067,A/B switching,A/B 切换,,2023-01-17
20272068,A/B/C roll,A/B/C 映放,,2023-01-17
20272069,a/c set errors,a/c 集合错误,,2023-01-17
20272070,A/D conversion,类比／数位转换,,2023-01-17
20272071,A/D converter,类比／数位转换器,,2023-01-17
20272072,A/D converter controller,类比／数位转换控制器,,2023-01-17
20272073,A/D encoder,类比/数位编码器,,2023-01-17
20272074,A/D interface,类比对数位转换介面,,2023-01-17
20272075,A/R age month,A/R帐龄月数；应收帐龄,,2023-01-17
20272076,A/R due month,A/R到期月；应收帐到期月,,2023-01-17
20272077,A/UX,A/UX 作业系统,,2023-01-17
20272078,A:,A 磁碟机,,2023-01-17
20272079,A+,A+,,2023-01-17
20272080,A1 security,A1安全,,2023-01-17
20272081,A20 handler,A20 处置器,,2023-01-17
20272082,a2b,a2b 网站,,2023-01-17
20272083,A3 letter folding machine,A3 尺寸信件折叠机,,2023-01-17
20272084,A3 size paper,A3 尺寸纸,,2023-01-17
20272085,A4,A4 纸张 (纸的国际的标准尺寸之一),,2023-01-17
20272086,A4 letter folding machine,A4 尺寸信件折叠机,,2023-01-17
20272087,A4 paper,A4 纸,,2023-01-17
20272088,A4 size paper,A4 尺寸纸,,2023-01-17
20272089,A5 size paper,A5 尺寸纸,,2023-01-17
20272090,a56,a56 组译器,,2023-01-17
20272091,AAL parameter,AAL 参数；ATM 调适层参数,,2023-01-17
20272092,AAMOF,事实上；实际上,,2023-01-17
20272093,A-AND-NOT-B gate,A 「及反」 B 闸,,2023-01-17
20272094,AARP probe packets,AARP 探测封包,,2023-01-17
20272095,A-associate request,A 结合请求,,2023-01-17
20272096,A-B box,A-B 箱,,2023-01-17
20272097,A-B roll,A-B 双卷,,2023-01-17
20272098,abacus,算盘,,2023-01-17
20272099,abampere{=abA},绝对安培,,2023-01-17
20272100,abandon,放弃；作废,,2023-01-17
20272101,abandoned call,放弃呼叫,,2023-01-17
20272102,abandonware,被放弃软体,,2023-01-17
20272103,ABAP,ABAP 程式语言,,2023-01-17
20272104,ABAP Objects,ABAP Objects 程式语言,,2023-01-17
20272105,abate,中止,,2023-01-17
20272106,abbe constant,阿贝常数,,2023-01-17
20272107,Abbe principle,阿贝原理,,2023-01-17
20272108,abbreviate,简写；缩写,,2023-01-17
20272109,abbreviated address,简略位址,,2023-01-17
20272110,abbreviated address call,简略位址呼叫,,2023-01-17
20272111,abbreviated address calling,简码呼叫,,2023-01-17
20272112,abbreviated addressing,简略定址,,2023-01-17
20272113,abbreviated answer,简略回答,,2023-01-17
20272114,abbreviated argument list,简略引数表,,2023-01-17
20272115,abbreviated call,简略呼叫；简呼,,2023-01-17
20272116,abbreviated call letters,简略呼叫字母,,2023-01-17
20272117,abbreviated character,简化字元,,2023-01-17
20272118,abbreviated combined relation condition,简化复合关系条件,,2023-01-17
20272119,abbreviated dial system,简略拨号系统,,2023-01-17
20272120,abbreviated dialing,简略拨号,,2023-01-17
20272121,abbreviated form,简化形式；简表,,2023-01-17
20272122,abbreviated header,缩化标题,,2023-01-17
20272123,abbreviated indication,简略指示,,2023-01-17
20272124,abbreviated installation,简略安装,,2023-01-17
20272125,abbreviated keyword,简略关键字,,2023-01-17
20272126,abbreviated name,缩写名称,,2023-01-17
20272127,abbreviated notation,简略记法,,2023-01-17
20272128,abbreviated relation condition,简略关系条件,,2023-01-17
20272129,abbreviated table,简略表,,2023-01-17
20272130,abbreviated test language for avionics systems,简略航空电子学系统测试语言；ATLAS测试语言,,2023-01-17
20272131,abbreviating keyboard command,简略键盘命令,,2023-01-17
20272132,abbreviation document,缩写文件,,2023-01-17
20272133,abbreviation extraction,缩写撷取,,2023-01-17
20272134,abbreviation{=ABB},缩写；缩语,,2023-01-17
20272135,ABC ALGOL,ABC ALGOL语言,,2023-01-17
20272136,ABC analysis,ABC分析,,2023-01-17
20272137,ABC automatic coding system,ABC器材自动编码系统,,2023-01-17
20272138,ABCD data switch,ABCD 资料交换开关,,2023-01-17
20272139,ABCL/1,ABCL/1 目标为基同作语言,,2023-01-17
20272140,ABCL/R,ABCL/R 语言,,2023-01-17
20272141,ABCL/R2,ABCL/R2 物件导向语言,,2023-01-17
20272142,abcoulomb,绝对库伦,,2023-01-17
20272143,abduction,最佳推导,,2023-01-17
20272144,abductive reasoning,反绎推理,,2023-01-17
20272145,abend,异常终止[See abnormal end],,2023-01-17
20272146,abend dump,异常终止倾印,,2023-01-17
20272147,abend exit,异常终止出口,,2023-01-17
20272148,abend recovery program,异常终止复原程式,,2023-01-17
20272149,aberration,像差；脱离常轨,,2023-01-17
20272150,abettor,从犯；帮助犯,,2023-01-17
20272151,abfarad{=abF},绝对法拉特,,2023-01-17
20272152,abhenry,绝对亨利,,2023-01-17
20272153,ablative optical disk,烧蚀光碟,,2023-01-17
20272154,ABLE,ABLE 会计师简单语言,,2023-01-17
20272155,abnormal,异常,,2023-01-17
20272156,abnormal circumstance,异常情况,,2023-01-17
20272157,abnormal dump out,异常倾印输出,,2023-01-17
20272158,abnormal end of task,任务异常终止,,2023-01-17
20272159,abnormal end of task dump,任务异常终止倾印,,2023-01-17
20272160,abnormal end of task exit,任务异常终止出口,,2023-01-17
20272161,abnormal end{=Abend},异常终止,,2023-01-17
20272162,abnormal ending,异常结束,,2023-01-17
20272163,abnormal error,异常错误,,2023-01-17
20272164,abnormal execution,异常执行,,2023-01-17
20272165,abnormal exit,异常跳出,,2023-01-17
20272166,abnormal failure,异常故障,,2023-01-17
20272167,abnormal false,异常伪；异常假,,2023-01-17
20272168,abnormal flag,异常旗标,,2023-01-17
20272169,abnormal glow discharge,异常辉光放电,,2023-01-17
20272170,abnormal input cause,异常输入原因,,2023-01-17
20272171,abnormal release,异常释放,,2023-01-17
20272172,abnormal release of connection,连接之异常释放,,2023-01-17
20272173,abnormal release provider,异常版本提供者         　　,,2023-01-17
20272174,abnormal release user,异常版本使用者,,2023-01-17
20272175,abnormal return,异常转回,,2023-01-17
20272176,abnormal return address,异常转回位址,,2023-01-17
20272177,abnormal termination,异常终止,,2023-01-17
20272178,Abnormal Text/Codes for Categorical Observations,分类观察不正常之文字／代码,,2023-01-17
20272179,abnormal true test,异常真测试,,2023-01-17
20272180,abohm,绝对欧姆,,2023-01-17
20272181,abored cycle,中止周期,,2023-01-17
20272182,abort,打断；放弃；异常中止,,2023-01-17
20272183,abort advisory channel,异常终止咨询通道,,2023-01-17
20272184,abort function,异常中止功能；中止函式,,2023-01-17
20272185,abort key,放弃键,,2023-01-17
20272186,abort light,故障信号灯,,2023-01-17
20272187,abort program assembly,异常终止程式组合,,2023-01-17
20272188,abort sensing and implementation system,异常终止感测和实作系统,,2023-01-17
20272189,abort sequence,异常中止顺序,,2023-01-17
20272190,abort statement,异常中止叙述,,2023-01-17
20272191,abort switch{=AS},紧急中止开关；异常中止开关,,2023-01-17
20272192,abort timer,放弃计时器,,2023-01-17
20272193,"Abort, Retry, Ignore, Fail",中止，重试，忽略，失效,,2023-09-20
20272194,aborted connection,异常中止连接,,2023-01-17
20272195,aborted cycle,中止周期,,2023-01-17
20272196,abortive release,放弃后释放,,2023-01-17
20272197,about,关于；关于,,2023-01-17
20272198,above the line cost,特效成本,,2023-01-17
20272199,above the scroll,网页卷轴标示,,2023-01-17
20272200,abovefloor wheel lathe,地面车轮车床,,2023-01-17
20272201,abrasion paper,砂纸,,2023-01-17
20272202,abrasion resistance,耐摩擦度,,2023-01-17
20272203,abrasion test,耐摩擦试验,,2023-01-17
20272204,abrasion testing machine,磨损试验机,,2023-01-17
20272205,abrasive resistance,耐摩擦性,,2023-01-17
20272206,abrasiveness,耐摩擦度,,2023-01-17
20272207,abrupt junction,突陡接面,,2023-01-17
20272208,abscissa,横坐标；横轴,,2023-01-17
20272209,absent by enforced net deprivation,网路缺席,,2023-01-17
20272210,ABSET,ABSET 宣告式语言,,2023-01-17
20272211,absiemens{=abS},绝对西门子,,2023-01-17
20272212,absolute,绝对,,2023-01-17
20272213,absolute accuracy,绝对准确度,,2023-01-17
20272214,absolute address,绝对位址,,2023-01-17
20272215,absolute addressing,绝对定址,,2023-01-17
20272216,absolute addressing index,绝对定址索引,,2023-01-17
20272217,absolute altitude,绝对高度,,2023-01-17
20272218,absolute ampere{=ABAMP},绝对安培,,2023-01-17
20272219,absolute assembler,绝对组合程式,,2023-01-17
20272220,absolute assembly language{=AAL},绝对组合语言,,2023-01-17
20272221,absolute blackbody,绝对黑体,,2023-01-17
20272222,absolute block,绝对闭塞,,2023-01-17
20272223,absolute cell reference,绝对储存格引用,,2023-01-17
20272224,absolute code,绝对码,,2023-01-17
20272225,absolute coding,绝对编码,,2023-01-17
20272226,absolute command,绝对命令,,2023-01-17
20272227,absolute congestion threshold,绝对拥挤定限,,2023-01-17
20272228,absolute coordinate,绝对坐标,,2023-01-17
20272229,absolute data,绝对资料,,2023-01-17
20272230,absolute deviation,绝对偏差,,2023-01-17
20272231,absolute diskette read,绝对磁片读取,,2023-01-17
20272232,absolute diskette write,绝对磁片写入,,2023-01-17
20272233,absolute electrostatic unit{=AESU},绝对静电单位,,2023-01-17
20272234,absolute error,绝对误差,,2023-01-17
20272235,absolute expression,绝对表式,,2023-01-17
20272236,absolute filter,绝对滤波器,,2023-01-17
20272237,absolute format,绝对格式,,2023-01-17
20272238,absolute gain,绝对增益,,2023-01-17
20272239,absolute indexed mode,绝对索引模式,,2023-01-17
20272240,absolute insert mode,绝对插入模式,,2023-01-17
20272241,absolute instruction,绝对指令,,2023-01-17
20272242,absolute language,绝对语言,,2023-01-17
20272243,absolute link,绝对链接,,2023-01-17
20272244,absolute loader,绝对载入器,,2023-01-17
20272245,absolute location,绝对位置,,2023-01-17
20272246,absolute machine code,绝对机器码,,2023-01-17
20272247,absolute maximum rating,绝对最大额定值,,2023-01-17
20272248,absolute mode,绝对模式,,2023-01-17
20272249,absolute module,绝对模组,,2023-01-17
20272250,absolute move,绝对移动,,2023-01-17
20272251,absolute name,绝对名称,,2023-01-17
20272252,absolute number,绝对数字,,2023-01-17
20272253,absolute object program,绝对目的程式,,2023-01-17
20272254,absolute order,绝对次序,,2023-01-17
20272255,absolute orientation,绝对方向,,2023-01-17
20272256,absolute overwrite mode,绝对重写模式,,2023-01-17
20272257,absolute path,绝对路径,,2023-01-17
20272258,absolute pathname,绝对路径名,,2023-01-17
20272259,absolute plotter control,绝对绘图器控制,,2023-01-17
20272260,absolute point,绝对点,,2023-01-17
20272261,absolute pointing device,绝对指向装置,,2023-01-17
20272262,absolute position,绝对位置,,2023-01-17
20272263,absolute positioning,绝对定位,,2023-01-17
20272264,absolute pressure,绝对压力,,2023-01-17
20272265,absolute pressure transducer,绝对压力转换器,,2023-01-17
20272266,absolute program,绝对程式,,2023-01-17
20272267,absolute program loader,绝对程式载入器,,2023-01-17
20272268,absolute programming,绝对程式设计,,2023-01-17
20272269,absolute proportionate width,绝对比例宽度,,2023-01-17
20272270,absolute radio frequency channel,绝对射频通道,,2023-01-17
20272271,Absolute Range for Ordinal and Continuous Observations,绝对范围–按顺序和接续的之观察,,2023-01-17
20272272,absolute reference,绝对引用,,2023-01-17
20272273,absolute resolution,绝对解析度,,2023-01-17
20272274,absolute section,绝对区段,,2023-01-17
20272275,absolute shared region,绝对共享区域,,2023-01-17
20272276,absolute system,绝对系统,,2023-01-17
20272277,absolute term,绝对项,,2023-01-17
20272278,absolute time,绝对时间,,2023-01-17
20272279,absolute time base error{=ATBE},绝对时基误差,,2023-01-17
20272280,absolute truth,绝对真,,2023-01-17
20272281,absolute URL,绝对网址,,2023-01-17
20272282,absolute vacuum gauge,绝对真空计,,2023-01-17
20272283,absolute value,绝对值,,2023-01-17
20272284,absolute value computer,绝对值电脑,,2023-01-17
20272285,absolute value device,绝对值装置,,2023-01-17
20272286,absolute value sign,绝对值符号,,2023-01-17
20272287,absolute vector,绝对向量,,2023-01-17
20272288,absolute virtual address,绝对虚拟位址,,2023-01-17
20272289,absolute weight,绝对粗细,,2023-01-17
20272290,absolute wrap,绝对自动换行,,2023-01-17
20272291,absolute zero,绝对零度,,2023-01-17
20272292,absorbed energy,吸收能,,2023-01-17
20272293,absorbed light,吸收光,,2023-01-17
20272294,absorbency,吸收性,,2023-01-17
20272295,absorbent paper,吸水纸,,2023-01-17
20272296,absorber,吸收器,,2023-01-17
20272297,Absorber Vibration Flexible Hose,避震软管,,2023-01-17
20272298,absorbing clamp,吸收夹具,,2023-01-17
20272299,absorptance,吸收比,,2023-01-17
20272300,absorption,吸收,,2023-01-17
20272301,absorption band,吸收频带,,2023-01-17
20272302,absorption coefficient of photoconductor,光导体吸收系数,,2023-01-17
20272303,absorption current,吸收电流,,2023-01-17
20272304,absorption fading,吸收衰落,,2023-01-17
20272305,absorption frequency,吸收频率,,2023-01-17
20272306,absorption index{=AI},吸收指数,,2023-01-17
20272307,absorption limiting frequency,吸收极限频率；吸收截止频率；吸收限制频率,,2023-01-17
20272308,absorption loss,吸收损耗,,2023-01-17
20272309,absorption region,吸收区域,,2023-01-17
20272310,absorption tester,吸收试验器,,2023-01-17
20272311,absorptivity,吸收率；吸收力；吸收性,,2023-01-17
20272312,absorptivity wave meter,吸收率波长计,,2023-01-17
20272313,abstract,摘要；抽象,,2023-01-17
20272314,abstract algorithm,抽象演算法,,2023-01-17
20272315,abstract base class,抽象基底类别,,2023-01-17
20272316,abstract class,抽象类,,2023-01-17
20272317,abstract code,抽象码,,2023-01-17
20272318,abstract coding,抽象编码,,2023-01-17
20272319,abstract communication service interface{=ACSI},抽象通讯服务介面；抽象通信服务介面,,2023-01-17
20272320,Abstract Completion Date/Time,摘要完成日期／时间,,2023-01-17
20272321,abstract component,抽象组件,,2023-01-17
20272322,abstract data syntax,抽象资料语法,,2023-01-17
20272323,abstract data type,抽象资料类型,,2023-01-17
20272324,abstract declarator,抽象宣告符,,2023-01-17
20272325,abstract family of languages{=AFL},抽象语言系列,,2023-01-17
20272326,abstract file,摘要档案,,2023-01-17
20272327,abstract file identifier,摘要〔抽象〕档案识别符,,2023-01-17
20272328,abstract graphic symbol,抽象图形符号,,2023-01-17
20272329,abstract identifier,抽象识别符,,2023-01-17
20272330,abstract individual,抽象单体,,2023-01-17
20272331,abstract information element,抽象资讯元件,,2023-01-17
20272332,abstract interpretation,抽象解译,,2023-01-17
20272333,abstract machine,抽象机,,2023-01-17
20272334,abstract machine notation{=AMN},抽象机记法,,2023-01-17
20272335,abstract method,抽象方法,,2023-01-17
20272336,abstract model,抽象模型,,2023-01-17
20272337,abstract moving image,抽象移动影像,,2023-01-17
20272338,abstract presentation element,抽象表达元件,,2023-01-17
20272339,abstract procedure statement,抽象程序叙述,,2023-01-17
20272340,abstract superclass,抽象超类别,,2023-01-17
20272341,abstract symbol,抽象符号,,2023-01-17
20272342,abstract syntax,抽象语法,,2023-01-17
20272343,abstract syntax name,抽象语法名称,,2023-01-17
20272344,abstract syntax notation,抽象语法记法,,2023-01-17
20272345,Abstract Syntax Notation 1{=ASN.1},抽象语法记法（一）,,2023-01-17
20272346,abstract syntax notation one{=ASN.1},抽象语法记法 1,,2023-01-17
20272347,abstract syntax of SGML,SGML 的抽象语法,,2023-01-17
20272348,abstract syntax tree,抽象语法树,,2023-01-17
20272349,abstract type and scheme definition language{=ASDL},抽象类型与方案定义语言,,2023-01-17
20272350,abstract window toolkit,抽象视窗套件,,2023-01-17
20272351,abstract windowing toolkit{=AWT},抽象视窗套件,,2023-01-17
20272352,Abstracted By,摘要者,,2023-01-17
20272353,abstracting service,摘要服务,,2023-01-17
20272354,abstraction,抽象化,,2023-01-17
20272355,abstraction layer,抽象化层,,2023-01-17
20272356,abstraction layer notification,抽象层通知,,2023-01-17
20272357,abstraction level,抽象化层次,,2023-01-17
20272358,ABSTRIPS,ABSTRIPS程式,,2023-01-17
20272359,ABSYS,ABSYS 宣告式语言,,2023-01-17
20272360,A-bus,A 汇流排；主汇流排,,2023-01-17
20272361,Abutment,桥台,,2023-01-17
20272362,abvolt{=abV},绝对伏,,2023-01-17
20272363,abwatt{=abW},绝对瓦,,2023-01-17
20272364,AC   voltmeter,交流电伏特计,,2023-01-17
20272365,AC  ammeter{=AAM},交流电安培计,,2023-01-17
20272366,AC 3,AC 3 编码系统,,2023-01-17
20272367,AC adapter,AC配接器；交流配接器,,2023-01-17
20272368,AC adaptor,交流转接器,,2023-01-17
20272369,AC ammeter,交流安培计,,2023-01-17
20272370,ac bias recording,交流偏压记录,,2023-01-17
20272371,AC coefficient,交流系数,,2023-01-17
20272372,AC distribution panel{=ADP},交流电配电盘,,2023-01-17
20272373,AC dump,AC 倾印,,2023-01-17
20272374,AC erasing,交流清除法,,2023-01-17
20272375,AC filter,交流电滤波器,,2023-01-17
20272376,AC flipflop,交流正反器,,2023-01-17
20272377,AC indicator,交流指示器,,2023-01-17
20272378,AC Linearity,AC线性；A/D 变换直线性,,2023-01-17
20272379,AC mains power port,交流电源埠,,2023-01-17
20272380,AC mode,交流模式,,2023-01-17
20272381,AC signaling,交流振铃；交流发信号,,2023-01-17
20272382,AC signaling system,交流发信系统,,2023-01-17
20272383,ac standard router,交流标准路由器,,2023-01-17
20272384,AC test,交流电测试,,2023-01-17
20272385,AC to DC converter,交流至直流转换器,,2023-01-17
20272386,AC voltage detector{=ACVD},交流电压侦测器,,2023-01-17
20272387,AC voltage stablization board,交流电稳压板,,2023-01-17
20272388,AC/DC cabinet,交/直流电源机箱,,2023-01-17
20272389,ac/dc comparator,交直流比较器,,2023-01-17
20272390,ac/dc conversion,交直流转换,,2023-01-17
20272391,AC/DC converter,交直流转换器,,2023-01-17
20272392,ac/dc ringing,交直流振铃,,2023-01-17
20272393,AC2,AC2 声频格式,,2023-01-17
20272394,Academic Degree,学位,,2023-01-17
20272395,Academic Degree Granted Date,学位授与日期,,2023-01-17
20272396,Academic Degree Program Date Range,学位学程起始结束日期范围,,2023-01-17
20272397,Academic Degree Program Participation Date Range,学位学程参与之日期范围,,2023-01-17
20272398,academic information systems,学术资讯系统,,2023-01-17
20272399,academic library,学术图书馆,,2023-01-17
20272400,accelerated depreciation,加速折旧,,2023-01-17
20272401,accelerated graphics Port{=AGP},加速图形埠,,2023-01-17
20272402,accelerated hub architecture,加速集线器架构,,2023-01-17
20272403,accelerated life test,加速寿命试验,,2023-01-17
20272404,accelerated processor,加速处理器,,2023-01-17
20272405,accelerated random search,加速随机搜寻,,2023-01-17
20272406,accelerated test,加速测试,,2023-01-17
20272407,acceleration,加速,,2023-01-17
20272408,acceleration amplitude uniformity for vibration table,振动台面加速度振幅均匀度,,2023-01-17
20272409,acceleration card,加速卡,,2023-01-17
20272410,acceleration constant,加速常数,,2023-01-17
20272411,acceleration factor,加速因数,,2023-01-17
20272412,acceleration in tangential direction,切线方向加速度,,2023-01-17
20272413,acceleration period,加速期,,2023-01-17
20272414,acceleration root-mean-square value ratio of band-in to band-out,带内对带外加速度均方根比,,2023-01-17
20272415,acceleration service,加速服务,,2023-01-17
20272416,acceleration shock response spectrum,加速冲击响应频谱,,2023-01-17
20272417,acceleration signal-to-noise ratio for vibration table,振动台面加速度信杂比,,2026-02-02
20272418,acceleration spectral density,加速度频谱密度,,2023-01-17
20272419,acceleration time,加速时间,,2023-01-17
20272420,accelerator,加速器,,2023-01-17
20272421,accelerator board,加速器板,,2023-01-17
20272422,accelerator card,加速器卡,,2023-01-17
20272423,accelerator editor,加速编辑器,,2023-01-17
20272424,accelerator key,加速键,,2023-01-17
20272425,accelerator key string,加速键字串,,2023-01-17
20272426,accelerator mapping,加速对映,,2023-01-17
20272427,accelerator of hardening,硬化剂,,2023-01-17
20272428,accelerator resource,加速器资源,,2023-01-17
20272429,accelerator table,加速器表,,2023-01-17
20272430,accelerometer,加速(度)计,,2023-01-17
20272431,accelerometer nonlinearity coefficient,加速计非线性系数,,2023-01-17
20272432,accent,重音；音调,,2023-01-17
20272433,accent component table,音调组件表,,2023-01-17
20272434,Accent programming language,Accent 程式语言,,2023-01-17
20272435,accent sensitive,区分腔调字；重音敏感,,2023-01-17
20272436,accented letter,扬音字母,,2023-01-17
20272437,accented variant,标音变体,,2023-01-17
20272438,accentuator,加重音符号,,2023-01-17
20272439,accept,接受,,2023-01-17
20272440,Accept Acknowledgment Type,接受确认型式,,2023-01-17
20272441,accept action,接受动作,,2023-01-17
20272442,accept command key indicator,接受命令键指示器,,2023-01-17
20272443,accept date,接受日期,,2023-01-17
20272444,accept for update,接受更新,,2023-01-17
20272445,accept operation,接受作业,,2023-01-17
20272446,accept phase,接受阶段,,2023-01-17
20272447,accept response,接受回应,,2023-01-17
20272448,accept sequence error,接受顺序错误,,2023-01-17
20272449,accept statement,接受叙述,,2023-01-17
20272450,accept with error,有错误仍予接受,,2023-01-17
20272451,accept with warning,有警告仍予接受,,2023-01-17
20272452,acceptability constant{=k},允收常数,,2023-01-17
20272453,acceptable estimates,可接受估计量,,2023-01-17
20272454,acceptable failure rate{=AFR},可接受故障率,,2023-01-17
20272455,acceptable level of risk,可承受风险等级,,2023-01-17
20272456,acceptable program,可接受程式,,2023-01-17
20272457,acceptable quality level{=AQL},可接受品质位准,,2023-01-17
20272458,acceptable reliability level{=ARL},可接受的可靠性位准,,2023-01-17
20272459,acceptable string,可接受字串,,2023-01-17
20272460,acceptable use policy{=AUP},使用规章,,2023-01-17
20272461,acceptance,验收,,2023-01-17
20272462,acceptance acknowledge,接受应答,,2023-01-17
20272463,acceptance and transfer{=A&T},验收与移转,,2023-01-17
20272464,acceptance angle,接受角,,2023-01-17
20272465,acceptance cone,接受入射角；受光锥区,,2023-01-17
20272466,acceptance criteria,验收准则,,2023-01-17
20272467,acceptance criterion,验收准则,,2023-01-17
20272468,acceptance data package{=ADP},验收资料包,,2023-01-17
20272469,acceptance functional test procedure{=AFTP},验收功能测试程序,,2023-01-17
20272470,acceptance functional test{=AFT},验收功能测试,,2023-01-17
20272471,acceptance inspection,验收检验,,2023-01-17
20272472,acceptance inspection package{=AIP},验收检验套装软体,,2023-01-17
20272473,acceptance of conformity assessment results,符合性评鉴结果之接受,,2023-01-17
20272474,acceptance of work,工作验收,,2023-01-17
20272475,acceptance problem,验收问题,,2023-01-17
20272476,acceptance quality level,验收品质等级,,2023-01-17
20272477,acceptance requirement package,验收需求包,,2023-01-17
20272478,acceptance requirements{=AR},验收需求,,2023-01-17
20272479,acceptance review,验收检视,,2023-01-17
20272480,acceptance test conditions{=ATC},验收测试条件,,2023-01-17
20272481,acceptance test procedure{=ATP},验收测试程序,,2023-01-17
20272482,acceptance test{=AT},验收测试,,2023-01-17
20272483,acceptance testing,验收测试,,2023-01-17
20272484,acceptance trials,验收试验,,2023-01-17
20272485,acceptance window,接受时窗,,2023-01-17
20272486,accepted date,接受日期,,2023-01-17
20272487,accepted date of article,文章被接受的日期,,2023-01-17
20272488,accepted limit,接受极限,,2023-01-17
20272489,accepted sequence,接受顺序,,2023-01-17
20272490,accepted tolerance,接受容许度,,2023-01-17
20272491,accepted value,接受值,,2023-01-17
20272492,accepting,接收,,2023-01-17
20272493,accepting ACPM,接受结合控制协定机,,2023-01-17
20272494,accepting state,接收状态,,2023-01-17
20272495,accepting station,接收站,,2023-01-17
20272496,acceptor,接收器,,2023-01-17
20272497,acceptor circuit,接受器电路,,2023-01-17
20272498,acceptor handshake{=AH},接收器交握,,2023-01-17
20272499,acceptor of data,资料接收器,,2023-01-17
20272500,access,存取；接取；进出；近用,,2023-09-20
20272501,access activated,存取已启动,,2023-01-17
20272502,access activation initiated by user,由使用者启动的接取启用,,2023-01-17
20272503,access activity,存取活动,,2023-01-17
20272504,access algorithm,存取演算法,,2023-01-17
20272505,access analysis,存取分析,,2023-01-17
20272506,access and control point{=A&CP},存取和控制点,,2023-01-17
20272507,access arm,存取臂,,2023-01-17
20272508,access arrangement,存取安排,,2023-01-17
20272509,access assembly,存取组合,,2023-01-17
20272510,access attribute,存取属性,,2023-01-17
20272511,access attribute of segment,段存取属性,,2023-01-17
20272512,access authority,存取权限,,2023-01-17
20272513,access authorization,存取授权,,2023-01-17
20272514,access barred,存取禁止,,2023-01-17
20272515,access barred signal,存取禁止信号,,2023-01-17
20272516,access bit,存取位元,,2023-01-17
20272517,access block,存取块,,2023-01-17
20272518,access boundary,存取边界,,2023-01-17
20272519,access button,存取钮,,2023-01-17
20272520,access by record file address,利用记录档案位址存取,,2023-01-17
20272521,access capability,存取〔接取〕能力,,2023-01-17
20272522,access category,存取种类,,2023-01-17
20272523,access channel,存取通道,,2023-01-17
20272524,access channel control,存取通道控制,,2023-01-17
20272525,access charge,存取费用,,2023-01-17
20272526,access check,存取检查,,2023-01-17
20272527,access circuit,存取电路,,2023-01-17
20272528,access code{=AC},存取码,,2023-01-17
20272529,access coding,存取编码,,2023-01-17
20272530,access common system table,存取公用系统表,,2023-01-17
20272531,access compatibility,存取相容性,,2023-01-17
20272532,access concentrator,存取集线机；存取集讯器,,2023-01-17
20272533,access conflict,存取冲突,,2023-01-17
20272534,access connection element,存取〔接取〕连接元件,,2023-01-17
20272535,access consideration,存取考虑,,2023-01-17
20272536,access constraint,存取约束,,2023-01-17
20272537,access contention,存取〔接取〕竞争,,2023-01-17
20272538,access contention resolution,存取〔接取〕竞争解决方案,,2023-01-17
20272539,access context,存取上下文,,2023-01-17
20272540,access control bit,存取控制位元,,2023-01-17
20272541,access control byte,存取控制位元组,,2023-01-17
20272542,access control center,存取控制中心,,2023-01-17
20272543,access control code,存取控制码,,2023-01-17
20272544,access control entry{=ACE},存取控制项,,2023-01-17
20272545,access control facility 2,存取控制设施2,,2023-01-17
20272546,access control field{=ACF},存取控制栏,,2023-01-17
20272547,access control key,存取控制键,,2023-01-17
20272548,access control level,存取控制等级,,2023-01-17
20272549,access control list,存取控制列表,,2023-01-17
20272550,access control list entry,存取控制列表项,,2023-01-17
20272551,access control lock,存取控制锁,,2023-01-17
20272552,access control mechanism,存取控制机制,,2023-01-17
20272553,access control procedure,存取控制程序,,2023-01-17
20272554,access control protocol,存取控制协定,,2023-01-17
20272555,access control requirement,存取控制需求,,2023-01-17
20272556,access control section,存取控制区段,,2023-01-17
20272557,access control service,存取控制服务,,2023-01-17
20272558,access control system{=ACS},存取控制系统,,2023-01-17
20272559,access control word{=ACW},存取控制字,,2023-01-17
20272560,access control{=AC},存取控制,,2023-01-17
20272561,access controller,存取控制器,,2023-01-17
20272562,access cycle{=AC},存取周期,,2023-01-17
20272563,access cylinder,存取磁柱,,2023-01-17
20272564,access date,存取日期,,2023-01-17
20272565,access deactivated,存取已解除,,2023-01-17
20272566,access decision,存取决策,,2023-01-17
20272567,access declaration,存取宣告,,2023-01-17
20272568,access delivery indication,存取〔接取〕递送指示,,2023-01-17
20272569,access delivery indicator,存取〔接取〕递送指示符,,2023-01-17
20272570,access delivery information,存取〔接取〕递送资讯,,2023-01-17
20272571,access denial,存取拒绝,,2023-01-17
20272572,access denied,存取遭拒,,2023-01-17
20272573,access device{=AD},存取装置,,2023-01-17
20272574,access digital section,接取数位区间,,2023-01-17
20272575,access domain,存取域,,2023-01-17
20272576,Access Door,检修门,,2023-01-17
20272577,access environment,存取环境,,2023-01-17
20272578,access exception,存取异常,,2023-01-17
20272579,access existing permanent file,存取现存永久档案,,2023-01-17
20272580,access facility,存取设施,,2023-01-17
20272581,access failure,存取失败,,2023-01-17
20272582,access file,存取档案,,2023-01-17
20272583,access floor,活动地板,,2023-01-17
20272584,access for firemen,消防人员通路,,2023-01-17
20272585,access function,存取功能,,2023-01-17
20272586,access function register{=AFR},存取功能暂存器,,2023-01-17
20272587,access gap,存取间隙,,2023-01-17
20272588,access gate,存取闸,,2023-01-17
20272589,access grant channel,存取授权通道,,2023-01-17
20272590,access group,存取〔接取〕群组,,2023-01-17
20272591,access hole{=AH},存取孔,,2023-01-17
20272592,access information,存取〔接取〕资讯,,2023-01-17
20272593,access information element,接取资讯元件,,2023-01-17
20272594,access intent,存取意向,,2023-01-17
20272595,access interface,存取介面,,2023-01-17
20272596,access interrupt,存取中断,,2023-01-17
20272597,access interrupt mark,存取中断标示,,2023-01-17
20272598,access isolation mechanism{=AIM},存取隔离机制,,2023-01-17
20272599,access key,存取键,,2023-01-17
20272600,access key organization,存取键组织,,2023-01-17
20272601,access layer,存取层,,2023-01-17
20272602,access level,存取层次；存取等级,,2023-01-17
20272603,access level structure,存取层次结构,,2023-01-17
20272604,access line,存取线路,,2023-01-17
20272605,access line facilities,存取线路设施,,2023-01-17
20272606,access link,存取读写链接,,2023-01-17
20272607,access list,存取串列,,2023-01-17
20272608,access lock,存取锁,,2023-01-17
20272609,access log,存取日志,,2023-01-17
20272610,access machine,存取机,,2023-01-17
20272611,access macro,存取巨集,,2023-01-17
20272612,access macro instruction,存取巨集指令,,2023-01-17
20272613,access management,存取管理,,2023-01-17
20272614,access management service,存取管理服务,,2023-01-17
20272615,access manager{=AM},存取管理器,,2023-01-17
20272616,access mask,存取遮罩,,2023-01-17
20272617,access mask register,存取遮罩暂存器,,2023-01-17
20272618,access matrix,存取矩阵,,2023-01-17
20272619,access mechanism,存取机构,,2023-01-17
20272620,access memory,存取记忆体,,2023-01-17
20272621,access method block,存取方法区块,,2023-01-17
20272622,access method block list{=AMBL},存取方法块列表,,2023-01-17
20272623,access method control block{=ACB},存取方法控制块,,2023-01-17
20272624,access method data statistics block{=AMDSB},存取方法数据统计块,,2023-01-17
20272625,access method for indexed data,索引资料存取法,,2023-01-17
20272626,access method interface{=AMI},存取方法介面,,2023-01-17
20272627,access method module,存取法模组,,2023-01-17
20272628,access method routine,存取方法常式,,2023-01-17
20272629,access method services{=AMS},存取方法服务,,2023-01-17
20272630,access method summary,存取方法摘要,,2023-01-17
20272631,access method{=AM},存取方法；存取法,,2023-01-17
20272632,access mode,存取模,,2023-01-17
20272633,access model,存取模型,,2023-01-17
20272634,access name,存取名称,,2023-01-17
20272635,access network,存取网路,,2023-01-17
20272636,access network interface,存取网路介面,,2023-01-17
20272637,access node,存取节点,,2023-01-17
20272638,access number,接取号码,,2023-01-17
20272639,access object,存取目标,,2023-01-17
20272640,access operation,存取操作,,2023-01-17
20272641,access oriented,存取导向,,2023-01-17
20272642,access oriented programming,存取导向程式设计,,2023-01-17
20272643,access originator,存取发起者,,2023-01-17
20272644,access path,存取路径,,2023-01-17
20272645,access path control,存取路径控制,,2023-01-17
20272646,access path independence,存取路径独立,,2023-01-17
20272647,access path of data structure,资料结构的存取路径,,2023-01-17
20272648,access path period,存取路径周期,,2023-01-17
20272649,access path selection,存取路径选择,,2023-01-17
20272650,access path specification language{=APSL},存取路径规格语言,,2023-01-17
20272651,access path widening,存取路径加宽,,2023-01-17
20272652,access period,存取周期,,2023-01-17
20272653,access permission,存取允许；存取许可,,2023-01-17
20272654,access permition,存取许可,,2023-01-17
20272655,access phase,存取阶段,,2023-01-17
20272656,access point,存取点,,2023-01-17
20272657,access point name,存取点名称,,2023-01-17
20272658,access port,存取埠,,2023-01-17
20272659,access prefix,存取前缀,,2023-01-17
20272660,access priority,存取优先权,,2023-01-17
20272661,access privilege,存取特权,,2023-01-17
20272662,access procedure,存取程序,,2023-01-17
20272663,access profile,存取设定档,,2023-01-17
20272664,access program,存取程式,,2023-01-17
20272665,access protection field,存取保护栏,,2023-01-17
20272666,access protocol,存取协定,,2023-01-17
20272667,access provider,接取提供者,,2023-01-17
20272668,access queue,存取队列,,2023-01-17
20272669,access rate,存取速率,,2023-01-17
20272670,access record,存取记录,,2023-01-17
20272671,access restriction,存取限制,,2023-01-17
20272672,access restriction enforcement,存取限制加强,,2023-01-17
20272673,access right,存取权；使用权限,,2023-01-17
20272674,access right assertion,存取权判定,,2023-01-17
20272675,access right grant or deny,存取权授与或拒绝,,2023-01-17
20272676,access right terminal,直接存取终端机,,2023-01-17
20272677,access router,存取路由器,,2023-01-17
20272678,access routine,存取常式,,2023-01-17
20272679,access routine code file,存取常式码档案,,2023-01-17
20272680,access routine recompilation,存取常式重新编译,,2023-01-17
20272681,access routine specification,存取常式规格,,2023-01-17
20272682,access rule,存取规则,,2023-01-17
20272683,access scan,存取扫描,,2023-01-17
20272684,access scheme,存取方案,,2023-01-17
20272685,Access Security,行进安全,,2023-01-17
20272686,access sequence,存取顺序,,2023-01-17
20272687,access server,存取伺服器,,2023-01-17
20272688,access service,存取服务,,2023-01-17
20272689,access sharing,存取共享,,2023-01-17
20272690,access side,存取〔接取〕侧,,2023-01-17
20272691,access signaling system,存取〔接取〕信号系统,,2023-01-17
20272692,access specification,存取规格,,2023-01-17
20272693,access specification language,存取规格语言,,2023-01-17
20272694,access specifier,存取规格符,,2023-01-17
20272695,access speed,存取速率,,2023-01-17
20272696,access stencil,存取模板,,2023-01-17
20272697,access stream,存取流,,2023-01-17
20272698,access structure,存取结构,,2023-01-17
20272699,access switch,存取交换,,2023-01-17
20272700,access system,存取系统,,2023-01-17
20272701,access table,存取表,,2023-01-17
20272702,access tandem,存取串接,,2023-01-17
20272703,access technique,存取技术,,2023-01-17
20272704,access technology,存取技术,,2023-01-17
20272705,access tiering,存取分层,,2023-01-17
20272706,access time gap,存取时间间隙,,2023-01-17
20272707,access time{=AT},存取时间,,2023-01-17
20272708,access to a system or scheme,往系统或计划之途径,,2023-01-17
20272709,access token,存取符记,,2023-01-17
20272710,access transparency,存取透明性,,2023-01-17
20272711,access transport,存取〔接取〕传送,,2023-01-17
20272712,access type,存取型式,,2023-01-17
20272713,access type bits{=ATB},存取型式位元,,2023-01-17
20272714,access type definition,存取类型定义,,2023-01-17
20272715,access unit{=AU},存取单元,,2023-01-17
20272716,access value,存取值,,2023-01-17
20272717,access variables,存取变数,,2023-01-17
20272718,access verb,存取动词,,2023-01-17
20272719,access violation,存取违规,,2023-01-17
20272720,access width,存取宽度,,2023-01-17
20272721,access will be granted,授权存取,,2023-01-17
20272722,access window,存取视窗,,2023-01-17
20272723,Access.bus,Access.bus 协定,,2023-01-17
20272724,accessed anchor end,接取链结锚终点,,2023-01-17
20272725,accessed anchor list,接取链结锚表列,,2023-01-17
20272726,accessed anchor role,接取链结锚角色,,2023-01-17
20272727,accessed link element ID,接取链接元件 C134ID,,2023-01-17
20272728,accessed link element type,接取链接元件型式,,2023-01-17
20272729,accessibility,可存取性,,2023-01-17
20272730,accessibility character,可存取性字元,,2023-01-17
20272731,accessibility feature,可存取性特征,,2023-01-17
20272732,accessibility setting,可存取性设定,,2023-01-17
20272733,accessibility setting mode,可存取性设定模式,,2023-01-17
20272734,accessible,可存取的,,2023-01-17
20272735,accessible address space,可存取位址空间,,2023-01-17
20272736,accessible document,可存取文件,,2023-01-17
20272737,accessible field,可存取栏,,2023-01-17
20272738,accessible state,可存取状态,,2023-01-17
20272739,accessible user interface,无障碍使用者介面,,2023-01-17
20272740,accessiblity,可存取性,,2023-01-17
20272741,accessiblity domain,存取范围定义域；可存取定义域,,2023-01-17
20272742,accessing batch processing environment,存取批次处理环境,,2023-01-17
20272743,accessing cost for instruction and data,指令和资料的成本存取,,2023-01-17
20272744,accessing cost for item outside stack,存取堆叠外项目的成本,,2023-01-17
20272745,accessing environment of task,存取任务环境,,2023-01-17
20272746,accessing formula,存取公式,,2023-01-17
20272747,accessing independent processing environment,存取独立处理环境,,2023-01-17
20272748,accessing interactive processing environment,存取交互式处理环境,,2023-01-17
20272749,accessing operation,存取操作,,2023-01-17
20272750,accession designation number{=ADN},存取指定号码,,2023-01-17
20272751,Accession Identifier,存取识别符,,2023-01-17
20272752,accession number,存取编号,,2023-01-17
20272753,accession working group,入会工作小组,,2023-01-17
20272754,accesso punishment,从犯；帮助犯,,2023-01-17
20272755,accessor,存取器,,2023-01-17
20272756,accessor control,存取器控制,,2023-01-17
20272757,accessor function,存取子函式；存取程序功能,,2023-01-17
20272758,accessor privilege,存取器特权,,2023-01-17
20272759,accessor type,存取子类型；存取程序类型,,2023-01-17
20272760,accessories,附属应用程式,,2023-01-17
20272761,accessory,附件；配件,,2023-01-17
20272762,accessory card,配件卡,,2023-01-17
20272763,accessory mount,配件座,,2023-01-17
20272764,accessory power supply{=APS},辅助电源,,2023-01-17
20272765,accessory shoe,附件滑轨,,2023-01-17
20272766,accident,偶发事故,,2023-01-17
20272767,Accident Code,事故代码,,2023-01-17
20272768,Accident Date/Time,事故日期／时间,,2023-01-17
20272769,Accident Death Indicator,事故死亡指示符,,2023-01-17
20272770,Accident Description,事故叙述,,2023-01-17
20272771,Accident Job Related Indicator,事故职业相关指示符,,2023-01-17
20272772,Accident Location,事故地点,,2023-01-17
20272773,accident prevention,安全防护,,2023-01-17
20272774,accident rate,事故率,,2023-01-17
20272775,accidental data,非限定资料,,2023-01-17
20272776,accidental failure period,偶发失效期,,2023-01-17
20272777,accidental threat,偶发威胁,,2023-01-17
20272778,accommodate,接纳,,2023-01-17
20272779,accommodation,膳宿,,2023-01-17
20272780,Accommodation Code,安置代码,,2023-01-17
20272781,accommodation factor,调适因数,,2023-01-17
20272782,Accommodation Type,安置型式,,2023-01-17
20272783,accomodating,安置,,2023-01-17
20272784,accompanied modulation,伴随调变；伴随调制,,2023-01-17
20272785,accompanying check digit,随同检查位元,,2023-01-17
20272786,accompanying sound trap,伴音陷波,,2023-01-17
20272787,according file,根据档案,,2023-01-17
20272788,accordion,手风琴,,2023-01-17
20272789,accordion fold,手风琴式折页,,2023-01-17
20272790,accordion seek,往复寻觅,,2023-01-17
20272791,account balance,帐户结余,,2023-01-17
20272792,account code,帐户码,,2023-01-17
20272793,account control,帐户控制,,2023-01-17
20272794,account creation report,新建帐户报表,,2023-01-17
20272795,account data,帐户资料；顾客资料,,2023-01-17
20272796,account delete report,删除帐户报表,,2023-01-17
20272797,account detail,帐户明细,,2023-01-17
20272798,Account ID,帐户ID,,2023-01-17
20272799,account information,帐户资讯,,2023-01-17
20272800,account management control,帐户管理控制,,2023-01-17
20272801,account manager,客户经理 ；业务经理,,2023-01-17
20272802,account name,帐户名称,,2023-01-17
20272803,account number,帐号；会计编号,,2023-01-17
20272804,account payable,应付帐款,,2023-01-17
20272805,account payable software,应付帐款软体,,2023-01-17
20272806,account policy,帐户政策,,2023-01-17
20272807,account receivable,应收帐款,,2023-01-17
20272808,account receivable software,应收帐款软体,,2023-01-17
20272809,account reconciliation program{=ARP},会计对帐程式,,2023-01-17
20272810,Account Status,帐户状态,,2023-01-17
20272811,account string,帐户字串,,2023-01-17
20272812,account template,帐户模板,,2023-01-17
20272813,account type,帐号类型,,2023-01-17
20272814,account{=A/C},帐户；科目；会计；帐款,,2023-01-17
20272815,accountability,可归责性,,2023-01-17
20272816,accountability in data entry{=AIDE},资料登录之可信度,,2023-01-17
20272817,accountability information,可归责性资讯,,2023-01-17
20272818,accounting,帐务；会计,,2023-01-17
20272819,accounting and financial management,会计与财务管理,,2023-01-17
20272820,accounting application program,会计应用程式,,2023-01-17
20272821,accounting check,会计核对,,2023-01-17
20272822,accounting code,会计码,,2023-01-17
20272823,accounting cycle,会计周期,,2023-01-17
20272824,accounting data system{=ADS},会计资料系统,,2023-01-17
20272825,accounting equation,会计方程式,,2023-01-17
20272826,accounting file,帐务档,,2023-01-17
20272827,accounting format,会计格式,,2023-01-17
20272828,accounting information,会计资讯,,2023-01-17
20272829,accounting information system{=AIS},会计资讯系统,,2023-01-17
20272830,accounting language,会计语言,,2023-01-17
20272831,accounting line number{=ALN},计行用号码,,2023-01-17
20272832,accounting machine,记帐机；电子记帐机,,2023-01-17
20272833,accounting management,帐务管理,,2023-01-17
20272834,accounting management system{=AMS},会计管理系统,,2023-01-17
20272835,accounting manager,会计经理,,2023-01-17
20272836,accounting period,会计周期,,2023-01-17
20272837,accounting procedure,会计程序,,2023-01-17
20272838,accounting ratio,会计比率,,2023-01-17
20272839,accounting regime,会计管辖,,2023-01-17
20272840,accounting report,会计报表,,2023-01-17
20272841,accounting software,会计软体,,2023-01-17
20272842,accounting summary report,会计汇总表,,2023-01-17
20272843,accounting system,会计系统；帐务系统,,2023-01-17
20272844,accounting tabulating{=AT},会计制表,,2023-01-17
20272845,accounts payable system,应付帐款系统,,2023-01-17
20272846,accounts receivable age month,应收帐款帐龄月数,,2023-01-17
20272847,accounts receivable file,应收帐款档,,2023-01-17
20272848,accounts receivable system,应收帐款系统,,2023-01-17
20272849,accreditation,身份鉴定,,2023-01-17
20272850,accreditation authority,身份鉴定机构,,2023-01-17
20272851,accreditation body,认证机构,,2023-01-17
20272852,accreditation symbol,认证标志,,2023-01-17
20272853,accredited,授权；委派；鉴定合格的,,2023-01-17
20272854,accrual accounting,应计的帐务,,2023-01-17
20272855,accrual basis,应计基础,,2023-01-17
20272856,accrued,应计的,,2023-01-17
20272857,accrued by period,依期间应计,,2023-01-17
20272858,accumulate,累计,,2023-01-17
20272859,accumulated depreciation,累计折旧,,2023-01-17
20272860,accumulated propagation delay,累积传播延迟,,2023-01-17
20272861,accumulating final total,最后累计总数,,2023-01-17
20272862,accumulating reproducer,累积复制器,,2023-01-17
20272863,accumulation and distribution unit{=ADU},累积与分配单元,,2023-01-17
20272864,accumulation distribution unit,累积分配单元,,2023-01-17
20272865,accumulation field,累计栏,,2023-01-17
20272866,accumulative reception,累积接收,,2023-01-17
20272867,accumulative value,累积值,,2023-01-17
20272868,accumulator expansion,累加器扩充,,2023-01-17
20272869,accumulator field,累加器栏位,,2023-01-17
20272870,accumulator instruction,累积器指令,,2023-01-17
20272871,accumulator jump instruction,累积器跳越指令,,2023-01-17
20272872,accumulator left shift{=ALS},累加器左移,,2023-01-17
20272873,accumulator minus judgement{=AMJ},累加器减判定,,2023-01-17
20272874,accumulator read-in module{=ARM},累加器读入模组,,2023-01-17
20272875,accumulator register{=AR},累加暂存器,,2023-01-17
20272876,accumulator right shift,累加器右移,,2023-01-17
20272877,accumulator shift instruction,累积器移位指令,,2023-01-17
20272878,accumulator shift right{=ASR},累加器右移,,2023-01-17
20272879,accumulator transfer instruction,累积器转移指令,,2023-01-17
20272880,accumulator{=ACC},累加器,,2023-01-17
20272881,accuracy,精确度,,2023-01-17
20272882,accuracy class,准确度等级,,2023-01-17
20272883,accuracy class of automatic weighing instrument,自动衡器的准确度等级,,2023-01-17
20272884,accuracy class of non-automatic weighing instrument,非自动衡器的准确度等级,,2023-01-17
20272885,accuracy constraint,准确度约束,,2023-01-17
20272886,accuracy control character,准确度控制字元,,2023-01-17
20272887,accuracy control system,准确度控制系统,,2023-01-17
20272888,accuracy life,精确生命期,,2023-01-17
20272889,accuracy of equalization,等化准确度,,2023-01-17
20272890,accuracy of measurement,量测准确度,,2023-01-17
20272891,accuracy of measuring instrument,量测仪器准确度,,2023-01-17
20272892,accurate position indicator{=API},精确位置指示器,,2023-01-17
20272893,accurately,准确地,,2023-01-17
20272894,accurately defined system{=ADS},确切定义系统,,2023-01-17
20272895,accutuned coaxial magnetron,精调同轴磁控管,,2023-01-17
20272896,acetate,醋酸盐胶片,,2023-01-17
20272897,acetate base,醋酸盐基,,2023-01-17
20272898,acetate foil,醋酸箔,,2023-01-17
20272899,acetate proof,胶片稿样,,2023-01-17
20272900,acetone,丙酮,,2023-01-17
20272901,ACF/VTAM application program,ACF/VTAM应用程式,,2023-01-17
20272902,ACF/VTAM definition,ACF/VTAM定义,,2023-01-17
20272903,ACF/VTAM definition library,ACF/VTAM定义程式库,,2023-01-17
20272904,achievable rate,可达率,,2023-01-17
20272905,achievable region,可达区域,,2023-01-17
20272906,achieved reliability,达成可靠度,,2023-01-17
20272907,achromatic,无色,,2023-01-17
20272908,achromatic lens,消色差透镜,,2023-01-17
20272909,ACIA Interface Signals,异步通讯介面配接器介面信号；ACIA 介面信号,,2023-01-17
20272910,acid base indicator,酸碱指示剂,,2023-01-17
20272911,acid free paper,无酸纸,,2023-01-17
20272912,acid free paper indicator,无酸纸张指示符,,2023-01-17
20272913,acid free tissue,无酸薄纱纸,,2023-01-17
20272914,acid resist,抗触膜,,2023-01-17
20272915,acid storage battery,酸性蓄电池,,2023-01-17
20272916,acidity,酸度,,2023-01-17
20272917,acids and bases,酸和碱,,2023-01-17
20272918,ACK/NAK Transmission,认可/不认可传输；ACK/NAK 传输,,2023-01-17
20272919,Ackermann,阿可曼函数,,2023-01-17
20272920,acknowledge character{=ACK},确认字元,,2023-01-17
20272921,acknowledge pending waiting,认可搁置等候；确认搁置等候,,2023-01-17
20272922,acknowledge receipt,确认收据；认可收据,,2023-01-17
20272923,acknowledge reply,认可回复,,2023-01-17
20272924,acknowledge{=ACK},认可；确认；应答,,2023-01-17
20272925,acknowledged connectionless mode transmission,已确认无连接模式传输,,2023-01-17
20272926,acknowledged information transfer service,应答资讯传送服务,,2023-01-17
20272927,acknowledged state variable,应答状态变数,,2023-01-17
20272928,acknowledgement,认可；确认；应答,,2023-01-17
20272929,acknowledgement bit,确认位元；认可位元,,2023-01-17
20272930,acknowledgement frame,确认讯框；认可讯框,,2023-01-17
20272931,acknowledgment,应答,,2023-01-17
20272932,acknowledgment character,应答字元,,2023-01-17
20272933,Acknowledgment Code,确认码,,2023-01-17
20272934,acknowledgment request,应答请求,,2023-01-17
20272935,acknowledgment required flag,应答要求旗标,,2023-01-17
20272936,acknowledgment signal,应答信号；确认信号,,2023-01-17
20272937,ACMS central controller,ACMS中央控制器,,2023-01-17
20272938,ACMS operator,ACMS作业员,,2023-01-17
20272939,ACMS operator command,ACMS操作员命令,,2023-01-17
20272940,ACMS user,ACMS使用者,,2023-01-17
20272941,ACMS/AD,应用控制与管理系统／应用发展,,2023-01-17
20272942,A-conversion,A 转换,,2023-01-17
20272943,Acorn Archimedes,Acorn 个人电脑,,2023-01-17
20272944,Acorn RISC machine,Acorn RISC 机器,,2023-01-17
20272945,acorn tube,橡实管,,2023-01-17
20272946,ACOS,ACOS 语言,,2023-01-17
20272947,acoustic,声响,,2023-01-17
20272948,acoustic barrier,隔音墙,,2023-01-17
20272949,acoustic coupler,声响耦合器,,2023-01-17
20272950,acoustic coupler operation,声响耦合器作业,,2023-01-17
20272951,acoustic coupling,声响耦合,,2023-01-17
20272952,acoustic data,声响资料,,2023-01-17
20272953,acoustic data analysis center{=ADAC},声响资料分析中心,,2023-01-17
20272954,acoustic data processor{=ADP},声响资料处理机,,2023-01-17
20272955,acoustic delay,声响延迟,,2023-01-17
20272956,acoustic delay line{=ADL},声响延迟线,,2023-01-17
20272957,acoustic densimeter,声密度计,,2023-01-17
20272958,acoustic emanations,声响放射,,2023-01-17
20272959,acoustic enclosure,音箱,,2023-01-17
20272960,acoustic fingerprint,声学指纹,,2023-01-17
20272961,acoustic fingerprinting,声纹辨识,,2023-01-17
20272962,acoustic frequency,声频,,2023-01-17
20272963,acoustic hood,隔音箱,,2023-01-17
20272964,acoustic impedance,声响阻抗,,2023-01-17
20272965,acoustic impedance audiometry,声阻抗测听术,,2023-01-17
20272966,acoustic input device,声响输入装置,,2023-01-17
20272967,acoustic intelligence data system{=AIDS},声响智慧资料系统,,2023-01-17
20272968,acoustic memory,声响记忆体,,2023-01-17
20272969,acoustic model,声音模型,,2023-01-17
20272970,acoustic modem,声响数据机,,2023-01-17
20272971,acoustic optic modulator{=AOM},声光调变器,,2023-01-17
20272972,acoustic panel,声响面板,,2023-01-17
20272973,acoustic radiation force,声放射力,,2023-01-17
20272974,acoustic sensor,声响感测器,,2023-01-17
20272975,acoustic signal,声响信号,,2023-01-17
20272976,acoustic storage,声响储存器,,2023-01-17
20272977,acoustic thermometer,声学温度计,,2023-01-17
20272978,acoustic transfer impedance,声响转移阻抗,,2023-01-17
20272979,acoustic transmission system{=ATS},声响传输系统,,2023-01-17
20272980,acoustical,音响的,,2023-01-17
20272981,acoustical absorption coefficient{=AAC},音响吸收系数,,2023-01-17
20272982,acoustical hologram,音响全像,,2023-01-17
20272983,acoustical holography,音响全像术,,2023-01-17
20272984,acoustical imaging,音响成像,,2023-01-17
20272985,acoustical louver,吸音百叶,,2023-01-17
20272986,acoustical sound enclosure,隔音箱,,2023-01-17
20272987,acoustics,音响学；声学,,2023-01-17
20272988,acousto optic deflector,声光偏转器,,2023-01-17
20272989,acousto optic device,声光元件,,2023-01-17
20272990,acousto optic effect,声光效应,,2023-01-17
20272991,acousto optic medium,声光媒介,,2023-01-17
20272992,acousto optic modulator{=AOM},声光调变器,,2023-01-17
20272993,acousto optic Q-switching,声光 Q 开关,,2023-01-17
20272994,acoustooptic ceramic,声光陶瓷,,2023-01-17
20272995,acoustooptic crystal,声光晶体,,2023-01-17
20272996,acoustooptic modulation,声光调变,,2023-01-17
20272997,acoustooptical receiver,声光接收机,,2023-01-17
20272998,acquire,获取,,2023-01-17
20272999,acquire printer ports,获取列印机连接埠,,2023-01-17
20273000,acquire program device operation,程式装置获取作业,,2023-01-17
20273001,acquirement,取得,,2023-01-17
20273002,acquirer,收单机构,,2023-01-17
20273003,acquisition,获取；撷取,,2023-01-17
20273004,acquisition date,获取日期,,2023-01-17
20273005,acquisition device processing code,获取设备处理码；获取装置处理码,,2023-01-17
20273006,acquisition device processing description,获取设备处理描述；获取装置处理描述,,2023-01-17
20273007,acquisition list,撷取表列,,2023-01-17
20273008,acquisition matrix,获取矩阵,,2023-01-17
20273009,acquisition mode,探测模式；撷取模式（指信号）,,2023-01-17
20273010,acquisition number,获取号码；获取号码,,2023-01-17
20273011,acquisition of signal{=AOS},信号获取,,2023-01-17
20273012,acquisition process,获取过程,,2023-01-17
20273013,acquisition radar,获取雷达；探测雷达,,2023-01-17
20273014,acquisition range,获取范围；探测范围,,2023-01-17
20273015,acquisition termination condition,获取终止条件,,2023-01-17
20273016,acquisition time,获取时间,,2023-01-17
20273017,acquisition time limit,撷取时间限制,,2023-01-17
20273018,acquisition tracking subsystem,获取追踪子系统；探测跟踪子系统,,2023-01-17
20273019,acquisition/order number,获取／订购号码,,2023-01-17
20273020,acquisitions in series,撷取系列,,2023-01-17
20273021,acquisitions in study,检查撷取,,2023-01-17
20273022,acquittance,电报收妥通知,,2023-01-17
20273023,Acrobat,Acrobat 文件处理系统,,2023-01-17
20273024,Acrobat Reader,Acrobat 阅读器,,2023-01-17
20273025,acronym,缩写字；字首；字首语；头字语,,2023-01-17
20273026,across applications,应用间的,,2023-01-17
20273027,across mike,侧式麦克风,,2023-01-17
20273028,across tape{=AT},交叉磁带,,2023-01-17
20273029,across-the-board,全面的,,2023-01-17
20273030,ACSE,应用控制服务元件,,2023-01-17
20273031,ACSE service provider,结合控制服务元件服务提供者,,2023-01-17
20273032,ACSE service user,结合控制服务元件服务用户,,2023-01-17
20273033,act fork,决策叉路,,2023-01-17
20273034,Act of Land Registration,土地登记法规,,2023-01-17
20273035,ACT ONE,ACT ONE 语言,,2023-01-17
20273036,ACT++,ACT++ 语言,,2023-01-17
20273037,Act1,Act1 语言,,2023-01-17
20273038,Act2,Act2 语言,,2023-01-17
20273039,Act3,Act3 语言,,2023-01-17
20273040,actinic light,化学光线,,2023-01-17
20273041,actinide series,锕系(元素) ( 从锕至铹的15个元素组成的系列 ),,2023-01-17
20273042,action,行动；作用；措施；指令；动作,,2023-01-17
20273043,action (in database),(资料库之)动作,,2023-01-17
20273044,action area,动作区,,2023-01-17
20273045,action bar,指令工具列,,2023-01-17
20273046,action body,动作本体,,2023-01-17
20273047,Action By,行动者,,2023-01-17
20273048,action cam,运动相机,,2023-01-17
20273049,action center,行动中心,,2023-01-17
20273050,action code,动作码,,2023-01-17
20273051,Action Code – RXA,动作代码–RXA,,2023-01-17
20273052,action command,动作命令,,2023-01-17
20273053,action current,作用电流,,2023-01-17
20273054,action cycle,动作周期,,2023-01-17
20273055,Action Date/Time,动作日期／时间,,2023-01-17
20273056,action description,动作描述,,2023-01-17
20273057,action detail,行动明细报表,,2023-01-17
20273058,action detail report,行动明细报表,,2023-01-17
20273059,action directive,动作指令,,2023-01-17
20273060,action entry,动作登录,,2023-01-17
20273061,action field,动作档,,2023-01-17
20273062,action file,现用档,,2023-01-17
20273063,action group,指令群,,2023-01-17
20273064,action info,动作资讯,,2023-01-17
20273065,action item,作用项目,,2023-01-17
20273066,action label,动作标签；动作标号,,2023-01-17
20273067,action line,作用线,,2023-01-17
20273068,action list,作用列表,,2023-01-17
20273069,action menu,作用选项单,,2023-01-17
20273070,action message,动作讯息,,2023-01-17
20273071,action object,作用物件,,2023-01-17
20273072,action panel,指令面板,,2023-01-17
20273073,action paper,压感纸,,2023-01-17
20273074,action period,作用周期,,2023-01-17
20273075,action potential,动作电位,,2023-01-17
20273076,action prompt,动作提示,,2023-01-17
20273077,action provider component,动作提供者组件,,2023-01-17
20273078,action query,动作查询,,2023-01-17
20273079,action rate,作用率,,2023-01-17
20273080,Action Reason,执行原因,,2023-01-17
20273081,action reply,动作回应,,2023-01-17
20273082,action routine,作用常式,,2023-01-17
20273083,action schedule,行动时程,,2023-01-17
20273084,action sequence,动作序列,,2023-01-17
20273085,action sequence diagram,作用顺序图,,2023-01-17
20273086,action site,作用地点,,2023-01-17
20273087,action specification,动作规格,,2023-01-17
20273088,action spot,作用点,,2023-01-17
20273089,action stack,作用堆叠,,2023-01-17
20273090,action statement,行动陈述,,2023-01-17
20273091,action status,行动状态,,2023-01-17
20273092,action stub,动作存根,,2023-01-17
20273093,action table,动作表,,2023-01-17
20273094,Action Taken in Response to The Event,对事件反应采取之行动,,2023-01-17
20273095,action task list,行动任务串列,,2023-01-17
20273096,action template,动作模板,,2023-01-17
20273097,action time{=AT},作用时间,,2023-01-17
20273098,action token,作用符记,,2023-01-17
20273099,action/adventure,动作/冒险片,,2023-01-17
20273100,actionable intelligence,可操作的情报,,2023-01-17
20273101,ActionScript,ActionScript 语言,,2023-01-17
20273102,Actis,Actis 方法,,2023-01-17
20273103,activate,启动,,2023-01-17
20273104,activate access,启动存取,,2023-01-17
20273105,activate button,启动钮,,2023-01-17
20273106,activate counter{=AC},启动计数器,,2023-01-17
20273107,activate indication,启动指示,,2023-01-17
20273108,activate key,启动键,,2023-01-17
20273109,activate logical unit{=ACTLU},启动逻辑单元,,2023-01-17
20273110,activate mechanism,启动机制,,2023-01-17
20273111,activate object,启动物件,,2023-01-17
20273112,activate physical unit{=ACTPU},启动实体单元,,2023-01-17
20273113,activate preset,启用预设值,,2023-01-17
20273114,activate primitive,启动基元,,2023-01-17
20273115,activate request,启动请求,,2023-01-17
20273116,activate signal,启动信号,,2023-01-17
20273117,activate task,启动任务,,2023-01-17
20273118,activate task list,启动任务串列；启动工作清单,,2023-01-17
20273119,activate this window,启动视窗；活化此视窗,,2023-01-17
20273120,activate user,启动使用者,,2023-01-17
20273121,activate user task,启动使用者任务,,2023-01-17
20273122,activated sludge process,活性污泥法,,2023-01-17
20273123,activated XSL,启动的 XSL,,2023-01-17
20273124,activating,启动,,2023-01-17
20273125,activating signal,启动信号,,2023-01-17
20273126,activation,启动；活动；活化,,2026-05-04
20273127,activation (in computer programming),(电脑程式设计之)启动,,2023-01-17
20273128,activation block,启动区块,,2023-01-17
20273129,Activation Date,活动日期,,2023-01-17
20273130,activation energy,启动能量,,2023-01-17
20273131,activation energy of diffusion,扩散启动能量,,2023-01-17
20273132,activation environment,启动环境,,2023-01-17
20273133,activation flag,启动旗标,,2023-01-17
20273134,activation fragment,启动片段,,2023-01-17
20273135,activation function,启动功能,,2023-01-17
20273136,activation information of directional protection,方向保护启动资讯,,2023-01-17
20273137,activation item,启动项,,2023-01-17
20273138,activation key,启动金钥；启动键,,2023-01-17
20273139,activation list,启动串列,,2023-01-17
20273140,activation mechanism,启动机制,,2023-01-17
20273141,activation of homing,启动自动导引系统,,2023-01-17
20273142,activation pointer,启动指标,,2023-01-17
20273143,activation procedure,启动程序,,2023-01-17
20273144,activation processor,启动处理机,,2023-01-17
20273145,activation record template,启动记录模板,,2023-01-17
20273146,activation record{=AR},活动记录；启动记录,,2023-01-17
20273147,activation request,启动请求,,2023-01-17
20273148,activation server,启动伺服器,,2023-01-17
20273149,activation table,启动表,,2023-01-17
20273150,activation tree,启动树,,2023-01-17
20273151,activator,活化剂,,2023-01-17
20273152,active,现用；有效；主动,,2023-01-17
20273153,active acoustic device{=AAD},主动声响装置；有源声装置,,2023-01-17
20273154,active address key,现用位址键,,2023-01-17
20273155,active addressing,主动定址,,2023-01-17
20273156,active agent,主动代理,,2023-01-17
20273157,active alignment,主动校准,,2023-01-17
20273158,active and inactive stack,现用及不活动堆叠,,2023-01-17
20273159,active antenna,主动天线,,2023-01-17
20273160,active archiving,现用归档,,2023-01-17
20273161,active area,有效区,,2023-01-17
20273162,active array,主动阵列,,2023-01-17
20273163,active array antenna,主动阵列天线,,2023-01-17
20273164,active attack,主动攻击,,2023-01-17
20273165,active autofocus,主动式自动对焦,,2023-01-17
20273166,active backplane,主动底板,,2023-01-17
20273167,active backup line,有效备用线路,,2023-01-17
20273168,active balance return loss,主动平衡回波损耗,,2023-01-17
20273169,active bank,现行记忆库,,2023-01-17
20273170,active block,现用区块,,2023-01-17
20273171,active braking,主动煞车,,2023-01-17
20273172,active break point,作用中断点；现用间断点,,2023-01-17
20273173,active bubble generator,主动磁泡产生器,,2023-01-17
20273174,active card,现用卡片,,2023-01-17
20273175,active cell,有效格,,2023-01-17
20273176,active channel,主动通道；现用通道,,2023-01-17
20273177,active channel state,现用通道状态,,2023-01-17
20273178,active chat,现用网路聊天系统,,2023-01-17
20273179,active circuit,有效电路,,2023-01-17
20273180,active coded font,现用编码字型,,2023-01-17
20273181,active communication satellite,有效通讯卫星,,2023-01-17
20273182,active component,主动组件,,2023-01-17
20273183,active computer,现用电脑,,2023-01-17
20273184,active content,现用内容,,2023-01-17
20273185,active context handle,主动式内容控制；现用上下文处置,,2023-01-17
20273186,active contract,有效合约,,2023-01-17
20273187,active cooling,主动式冷却,,2023-01-17
20273188,active cruise control,主动巡航控制,,2023-01-17
20273189,active data,现用资料,,2023-01-17
20273190,active data area,现用资料区,,2023-01-17
20273191,active data set,现用资料集,,2023-01-17
20273192,active data structure,有效资料结构,,2023-01-17
20273193,active database,现用资料库,,2023-01-17
20273194,active DBMS,主动资料库管理系统,,2023-01-17
20273195,active decision support system,现用决策支援系统,,2023-01-17
20273196,active default detection,现用系统预设检测,,2023-01-17
20273197,active desktop,现用桌面,,2023-01-17
20273198,active desktop componnet,现用桌面组件,,2023-01-17
20273199,active detection,有源探测,,2023-01-17
20273200,active device,有效装置,,2023-01-17
20273201,active directory,现用目录,,2023-01-17
20273202,active directory forest,现用目录林,,2023-01-17
20273203,active directory server,现用目录伺服器,,2023-01-17
20273204,active directory service interface,现用目录服务介面,,2023-01-17
20273205,active directory tree,现用目录树,,2023-01-17
20273206,active disc table{=ADT},现用磁碟表,,2023-01-17
20273207,active display,有效显示,,2023-01-17
20273208,active DO loop,现用 DO 循环,,2023-01-17
20273209,active document,现用文件；主动文件,,2023-01-17
20273210,active document applications,现用文件应用程式；主动文件应用,,2023-01-17
20273211,active document server,现用文件伺服程式；现用文件伺服器,,2023-01-17
20273212,active document support,主动文件支援,,2023-01-17
20273213,active document type,现用文件型式；主动文件型式,,2023-01-17
20273214,active document type declaration,现用文件型式宣告；主动文件型式宣告,,2023-01-17
20273215,active driver,现用驱动器,,2023-01-17
20273216,active earth pressure,主动土压力,,2023-01-17
20273217,active edge list,现用边列表,,2023-01-17
20273218,active electronic countermeasure,现行电子反制,,2023-01-17
20273219,active element,主动元件,,2023-01-17
20273220,active element group{=AEG},主动元件组,,2023-01-17
20273221,active energy,有效能量,,2023-01-17
20273222,active energy meter,有效能量仪表,,2023-01-17
20273223,active environment group,现用环境组,,2023-01-17
20273224,active fault,活动断层,,2023-01-17
20273225,active feedback,主动回馈,,2023-01-17
20273226,active file,现用档案,,2023-01-17
20273227,active file directory,现用档案目录,,2023-01-17
20273228,active file list,现用档案串列,,2023-01-17
20273229,active file table{=AFT},现用档案表,,2023-01-17
20273230,active filter,主动滤波器,,2023-01-17
20273231,active form,现用表格,,2023-01-17
20273232,active frame,现用框,,2023-01-17
20273233,active gate,有源闸,,2023-01-17
20273234,active glasses,主动式眼镜,,2023-01-17
20273235,active guidance,有源导引,,2023-01-17
20273236,active HDMI cable,主动 HDMI 电缆,,2023-01-17
20273237,active high,高态有效,,2023-01-17
20273238,active high clock,高态有效时钟,,2023-01-17
20273239,active high signal,高态有效信号,,2023-01-17
20273240,active homing,主动归航,,2023-01-17
20273241,active HTML documents,主动式 HTML 文件,,2023-01-17
20273242,active hub,现用集线器；主动集线器,,2023-01-17
20273243,active hyperlink,现用超链结,,2023-01-17
20273244,active impedance,主动阻抗,,2023-01-17
20273245,active impostor acceptance,现行假冒接受度,,2023-01-17
20273246,active IMS,现用 IMS,,2023-01-17
20273247,active instruction,有效指令,,2023-01-17
20273248,active instruction counter{=AIC},现用指令计数器,,2023-01-17
20273249,active interface,现用介面,,2023-01-17
20273250,active item record count,使用中记录项数,,2023-01-17
20273251,active jamming,有源干扰,,2023-01-17
20273252,active job,现用工件,,2023-01-17
20273253,active junction box,有源连接盒,,2023-01-17
20273254,Active Language I,AL I 语言,,2023-01-17
20273255,active ledger,现用帐,,2023-01-17
20273256,active libraries,现用程式馆,,2023-01-17
20273257,active line,现用链；现用线路,,2023-01-17
20273258,active line state,现用线路状态,,2023-01-17
20273259,active lines per frame,每框有效扫描行数,,2023-01-17
20273260,active link,有效链接,,2023-01-17
20273261,active link pack{=ALPA},有效链接包；现用链接包,,2023-01-17
20273262,active link type,现用链结型式；主动链路型式,,2023-01-17
20273263,active link type declaration,主动链路型式宣告；现用链结型式宣告,,2023-01-17
20273264,active list structure,现用串列结构,,2023-01-17
20273265,active logging,现用登录,,2023-01-17
20273266,active low,低态有效,,2023-01-17
20273267,active low clock,低态有效时钟,,2023-01-17
20273268,active low inverter,低态有效反向器,,2023-01-17
20273269,active maintenance downtime,有效维护当机时间,,2023-01-17
20273270,active management technology,主动管理技术,,2023-01-17
20273271,active master file,现用主档案,,2023-01-17
20273272,active master item,现用主项,,2023-01-17
20273273,active material,活性物质,,2023-01-17
20273274,active matrix,主动矩阵,,2023-01-17
20273275,active matrix addressing,动态矩阵定址,,2023-01-17
20273276,active matrix display,主动矩阵显示,,2023-01-17
20273277,active matrix display device,主动矩阵显示装置,,2023-01-17
20273278,active matrix liquid crystal display{=AMLCD},动态矩阵液晶显示器,,2023-01-17
20273279,active medium,活性介质,,2023-01-17
20273280,active member,有效成员,,2023-01-17
20273281,active memory,现用记忆体,,2023-01-17
20273282,active memory cell,现用记忆体格,,2023-01-17
20273283,active message processing,有效讯息处理,,2023-01-17
20273284,active microwave remote sensing,有源微波遥感,,2023-01-17
20273285,active mode locking,主动锁模,,2023-01-17
20273286,active monitor,现用监视器,,2023-01-17
20273287,active monitor present,现用监视器显示,,2023-01-17
20273288,active monitoring,主动监视,,2023-01-17
20273289,active movie,现用视讯技术,,2023-01-17
20273290,active network,现用网路,,2023-01-17
20273291,active node,现用节点,,2023-01-17
20273292,active object,现用物件,,2023-01-17
20273293,active only,仅限于使用中的,,2023-01-17
20273294,active open,现用开放,,2023-01-17
20273295,active operating system fingerprinting,主动作业系统指纹辨识；活动作业系统指纹辨识,,2023-01-17
20273296,active operator,有效运算子,,2023-01-17
20273297,active optical fiber,现用光纤,,2023-01-17
20273298,active page,现用页,,2023-01-17
20273299,active page field,现用页栏,,2023-01-17
20273300,active page queue,现用页伫列,,2023-01-17
20273301,active page register{=APR},现用页暂存器,,2023-01-17
20273302,active paging,现用分页,,2023-01-17
20273303,active partition,现用分区,,2023-01-17
20273304,active parts,现用零件,,2023-01-17
20273305,active phase,现用阶段,,2023-01-17
20273306,active pixel sensor,主动像素感测器,,2023-01-17
20273307,active policy set,现行政策集,,2023-01-17
20273308,active position,现用位置,,2023-01-17
20273309,active power,有效功率,,2023-01-17
20273310,active procedure,现用过程,,2023-01-17
20273311,active process,活动中的作业元,,2023-01-17
20273312,active processor module,现用处理机模组,,2023-01-17
20273313,active program,现用程式,,2023-01-17
20273314,active property list,现用性质表列,,2023-01-17
20273315,active pull up,主动上拉,,2023-01-17
20273316,active query,主动查询,,2023-01-17
20273317,active queue,现用伫列,,2023-01-17
20273318,active reconfiguring message{=ARM},主动重组态讯息,,2023-01-17
20273319,active record,现行记录,,2023-01-17
20273320,active record code,现行记录码,,2023-01-17
20273321,active redundancy,工作冗余,,2023-01-17
20273322,active relay station{=ARS},有源中继站,,2023-01-17
20273323,active repair time,有效修复时间,,2023-01-17
20273324,active repeater satellite,主动中继卫星,,2023-01-17
20273325,active return loss,主动转回损失,,2023-01-17
20273326,active RFID tag,主动式无线射频识别标签,,2023-01-17
20273327,active rule base,现用规则库,,2023-01-17
20273328,active satellite,现用卫星,,2023-01-17
20273329,active satellite attitude control,主动卫星姿态控制,,2023-01-17
20273330,active scanning interval,有效扫描间隔时间,,2023-01-17
20273331,active scanning line,有效扫描线,,2023-01-17
20273332,active screen,现用画面,,2023-01-17
20273333,active screen buffer,作用中萤幕缓冲区；现用萤幕缓冲,,2023-01-17
20273334,active search list,现用搜寻串列,,2023-01-17
20273335,active segment field{=ASF},现用段栏,,2023-01-17
20273336,Active Server Pages{=ASP},主动伺服器网页；动态伺服器网页,,2023-01-17
20273337,active sheet,现用表单,,2023-01-17
20273338,active shutter glasses,主动快门眼镜,,2023-01-17
20273339,active side,现用侧,,2023-01-17
20273340,active simulation,主动模拟,,2023-01-17
20273341,active singing point,主动振鸣点,,2023-01-17
20273342,active site,现用站,,2023-01-17
20273343,active star,主动星形网路,,2023-01-17
20273344,active star network,主动星形网路,,2023-01-17
20273345,active star topology,主动星状拓扑,,2023-01-17
20273346,active state,现用状态,,2023-01-17
20273347,active station,现用站,,2023-01-17
20273348,active status register{=ASR},现行状态暂存器,,2023-01-17
20273349,active streaming format,主动式串流格式,,2023-01-17
20273350,active subfile,现用子档,,2023-01-17
20273351,active system,主动系统,,2023-01-17
20273352,active tab,作用中栏标；现用栏标,,2023-01-17
20273353,active tag,主动标签；有源标签,,2023-01-17
20273354,active task,现行任务,,2023-01-17
20273355,active task list{=ATL},现行任务串列,,2023-01-17
20273356,active template library,现用样板程式库,,2023-01-17
20273357,active testing,主动测试,,2023-01-17
20273358,active threat,主动威胁,,2023-01-17
20273359,active time list{=ATL},有效时间表,,2023-01-17
20273360,active title bar,现用标题带；现用视窗标题列,,2023-01-17
20273361,active title bar text,现用标题带文字；现用视窗标题列文字,,2023-01-17
20273362,active topology,现用拓扑,,2023-01-17
20273363,active tracking,主动追踪,,2023-01-17
20273364,active transducer,主动转换器,,2023-01-17
20273365,active transfer command{=ATC},有效转移命令,,2023-01-17
20273366,active type,现用型式,,2023-01-17
20273367,active user,有效使用者,,2023-01-17
20273368,active version,现行版本,,2023-01-17
20273369,active vision,主动视觉,,2023-01-17
20273370,active vocabulary,现用词汇,,2023-01-17
20273371,active volume,现用卷,,2023-01-17
20273372,active window,现用视窗,,2023-01-17
20273373,active window caption color,现用视窗标题色彩,,2023-01-17
20273374,active wiretapping,主动篡改线路讯息,,2023-01-17
20273375,active work space{=AWS},现行工作空间,,2023-01-17
20273376,Active/Inactive Flag,活动／不活动之旗标,,2023-01-17
20273377,ActiveX,ActiveX 技术,,2023-01-17
20273378,ActiveX control,ActiveX 控制,,2023-01-17
20273379,ActiveX data objects,ActiveX 资料物件,,2023-01-17
20273380,activity,活动率；活动性,,2023-01-17
20273381,activity address code,活动位址代码,,2023-01-17
20273382,activity attribute,活动属性,,2023-01-17
20273383,activity chain address,活动炼接位址,,2023-01-17
20273384,activity code,活动码,,2023-01-17
20273385,activity content,活动内容,,2023-01-17
20273386,Activity Date/Time,活动日期／时间,,2023-01-17
20273387,activity directed simulation,活动导向模拟,,2023-01-17
20273388,activity DTD or LPDs,有效的 DTD 或 C226LPD,,2023-01-17
20273389,activity grid,活动栅,,2023-01-17
20273390,activity identifier,活动识别符,,2023-01-17
20273391,activity inventory,活动一览表,,2023-01-17
20273392,activity level,活动等级,,2023-01-17
20273393,activity loading,活动率负载,,2023-01-17
20273394,activity logger,活动记录器,,2023-01-17
20273395,activity logging,活动率登录,,2023-01-17
20273396,activity management,活动管理,,2023-01-17
20273397,activity manager,活动管理器,,2023-01-17
20273398,activity monitor,活动监视器,,2023-01-17
20273399,activity plan,活动计划,,2023-01-17
20273400,activity plan editor,活动计划编辑器,,2023-01-17
20273401,activity plan monitor,活动计划监视器,,2023-01-17
20273402,activity ratio,活动比,,2023-01-17
20273403,activity save area{=ASA},活动保存区,,2023-01-17
20273404,activity tracker,活动追踪器,,2023-01-17
20273405,activity tracking,活动追踪,,2023-01-17
20273406,activity tracking policy,活动追踪政策,,2023-01-17
20273407,activity trail,活动存底,,2023-01-17
20273408,activity type,活动型式,,2023-01-17
20273409,actor,actor 物件,,2023-01-17
20273410,actor model,角色模型,,2023-01-17
20273411,actual,实际,,2023-01-17
20273412,actual address,实际位址,,2023-01-17
20273413,actual argument,实际引数,,2023-01-17
20273414,actual class,实际类别,,2023-01-17
20273415,actual coding,实际编码,,2023-01-17
20273416,actual cost,实际成本,,2023-01-17
20273417,actual cost over standard cost,实际成本高于标准成本,,2023-01-17
20273418,actual cost this period,本期实际成本,,2023-01-17
20273419,actual costing,实际成本法,,2023-01-17
20273420,actual cost-to-date,至本日累计实际成本,,2023-01-17
20273421,actual count,实际盘点,,2023-01-17
20273422,actual counted quantity,实际盘点数量,,2023-01-17
20273423,actual current signal,实际电流讯号,,2023-01-17
20273424,actual data transfer rate,实际资料传送率,,2023-01-17
20273425,actual decimal point,实际小数点,,2023-01-17
20273426,actual density,实际密度,,2023-01-17
20273427,Actual Dispense Amount,实际配药数量,,2023-01-17
20273428,Actual Dispense Units,实际配药单位,,2023-01-17
20273429,Actual Dosage Form,实际剂量形式,,2023-01-17
20273430,actual frame duration,实际讯框期间,,2023-01-17
20273431,actual key,实际键,,2023-01-17
20273432,Actual Length of Inpatient Stay,实际住院天数,,2023-01-17
20273433,actual logical file name,实际逻辑档名,,2023-01-17
20273434,actual lower bound,实际下限,,2023-01-17
20273435,actual nonterminal name,实际非终端名,,2023-01-17
20273436,actual number of active and suspended record,使用中及暂停使用记录之笔数,,2023-01-17
20273437,actual numerical value,实际数值,,2023-01-17
20273438,actual output,实际输出,,2023-01-17
20273439,actual output alpha factor,实际输出alpha因子,,2023-01-17
20273440,actual parameter,实际参数,,2023-01-17
20273441,actual parameter association,实际参数结合,,2023-01-17
20273442,actual parameter list,实际参数串列,,2023-01-17
20273443,actual parameter part,实际参数部分,,2023-01-17
20273444,actual parameter word,实际参数字,,2023-01-17
20273445,actual point of frog,实际岔心点,,2023-01-17
20273446,Actual Problem Resolution Date/Time,实际问题解决日期／时间,,2023-01-17
20273447,actual program absolute address,实际程式绝对位址,,2023-01-17
20273448,actual quantity,实际数量,,2023-01-17
20273449,actual quantity over standard quantity,实际数量高于标准数量,,2023-01-17
20273450,actual quantity under standard quantity,实际数量低于标准数量,,2023-01-17
20273451,actual recipient,实际接受者,,2023-01-17
20273452,actual record length,实际记录长度,,2023-01-17
20273453,actual retention time{=ART},实际保持时间,,2023-01-17
20273454,actual return code{=ARC},实际转回码,,2023-01-17
20273455,actual row,实际列,,2023-01-17
20273456,actual run time,实际运行时间,,2023-01-17
20273457,actual run time data area,实际运行时间资料区,,2023-01-17
20273458,actual scale interval,实际尺度区间；实际标度间隔,,2023-01-17
20273459,actual scale interval of a weighing instrument,衡器实际标尺分度值；衡器实际标尺区间,,2023-01-17
20273460,actual selling price,实际销售价格,,2023-01-17
20273461,actual selsyn,实际自同步机,,2023-01-17
20273462,actual sequence,实际顺序,,2023-01-17
20273463,actual size,实际大小,,2023-01-17
20273464,actual source,实源,,2023-01-17
20273465,actual start,实际开始,,2023-01-17
20273466,actual start date,实际开始日期,,2023-01-17
20273467,actual storage,实际储存器,,2023-01-17
20273468,Actual Strength,实际剂量强度,,2023-01-17
20273469,Actual Strength Unit,实际剂量强度单位,,2023-01-17
20273470,actual switching point,实际换点,,2023-01-17
20273471,actual time,实际时间,,2023-01-17
20273472,actual time of completion{=ATC},实际完成时间,,2023-01-17
20273473,actual time of reception{=ATOR},实际接收时间,,2023-01-17
20273474,actual time over standard time,实际时间高于标准时间,,2023-01-17
20273475,actual transfer rate,实际传送率,,2023-01-17
20273476,actual transmission,实际传输,,2023-01-17
20273477,actual upper bound,实际上限,,2023-01-17
20273478,actual variable parameter,实际变数参数,,2023-01-17
20273479,actual velocity{=AV},实际速度,,2023-01-17
20273480,actual word,实际字,,2023-01-17
20273481,actual work center,实际工作中心,,2023-01-17
20273482,actual working time,实际工作时间,,2023-01-17
20273483,actual/formal parameter correspondence,实际对形式参数之对应关系,,2023-01-17
20273484,actuality,现场报导,,2023-01-17
20273485,actuality audio,实况声讯,,2023-01-17
20273486,actually semicomputable,实际半可计算的,,2023-01-17
20273487,actuating code,动作码,,2023-01-17
20273488,actuating device,动作装置；调节装置,,2023-01-17
20273489,actuating error signal,动作误差信号,,2023-01-17
20273490,actuating force,驱动力,,2023-01-17
20273491,actuating logic,动作逻辑,,2023-01-17
20273492,actuating signal,致动信号,,2023-01-17
20273493,actuating system,动作系统,,2023-01-17
20273494,actuation time,动作时间,,2023-01-17
20273495,actuator,致动器,,2023-01-17
20273496,actuator arm,致动器臂,,2023-01-17
20273497,actuator lever,致动器杆,,2023-01-17
20273498,acutance,锐度,,2023-01-17
20273499,acute,锐角,,2023-01-17
20273500,acute angle,锐角,,2023-01-17
20273501,acyclic,非循环,,2023-01-17
20273502,acyclic circuit,非循环电路,,2023-01-17
20273503,acyclic dependence relation,非循环相依关系,,2023-01-17
20273504,acyclic digraph,非循环有向图,,2023-01-17
20273505,acyclic feeding,非循环馈送,,2023-01-17
20273506,acyclic feeding graph,非循环馈送图,,2023-01-17
20273507,acyclic graph,非循环图,,2023-01-17
20273508,acyclic network,非循环网路,,2023-01-17
20273509,acyclic process,非循环过程,,2023-01-17
20273510,acyclic set,非循环集,,2023-01-17
20273511,Ad banner,广告横幅,,2023-01-17
20273512,AD fraud,广告诈欺,,2023-01-17
20273513,ad hoc,特定的；随意的,,2023-01-17
20273514,ad hoc analysis,特定分析,,2023-01-17
20273515,ad hoc approach,特定方式,,2023-01-17
20273516,ad hoc committee,特设委员会；临时委员会,,2023-01-17
20273517,ad hoc logic,特定逻辑,,2023-01-17
20273518,ad hoc mobile network,特定移动式网路,,2023-01-17
20273519,ad hoc mode,随意模式,,2023-01-17
20273520,ad hoc network,随意网路,,2023-01-17
20273521,ad hoc on demand distance vector,特定应需距离向量,,2023-01-17
20273522,ad hoc polymorphism,特定同质法,,2023-01-17
20273523,ad hoc query,特定查询,,2023-01-17
20273524,ad hoc report,特定报表,,2023-01-17
20273525,ad hoc request,随意请求,,2023-01-17
20273526,ad hoc routing,随意选路,,2023-01-17
20273527,ad hoc selection method,特定方式选择法,,2023-01-17
20273528,Ad impression,广告标语,,2023-01-17
20273529,ad network,广告网路,,2023-01-17
20273530,Ad request,广告索阅；广告请求,,2023-01-17
20273531,ad serving,广告服务；广告递送,,2023-01-17
20273532,Ad Valorem Taxation,从价税收,,2023-01-17
20273533,Ad View,广告点选人数,,2023-01-17
20273534,AD&PCM bus,AD & PCM 汇流排,,2023-01-17
20273535,Ada,Ada 程式语言,,2023-01-17
20273536,ADA (Ada),ADA程式语言,,2023-01-17
20273537,Ada 9X,Ada 9X 语言,,2023-01-17
20273538,Ada language structure,Ada 语言结构,,2023-01-17
20273539,Ada programming support environment,Ada 程式设计支援环境,,2023-01-17
20273540,Ada semantic interface specification,Ada 程式语言语意介面规格,,2023-01-17
20273541,Ada yy,Ada 程式语言 (yy 为年份),,2023-01-17
20273542,Ada/Ed,Ada 编辑器,,2023-01-17
20273543,Ada++,Ada++ 程式语言,,2023-01-17
20273544,ADABAS,ADABAS 关连式资料库管理系统,,2023-01-17
20273545,Adam7,Adam7 编码方法,,2023-01-17
20273546,ADAMO,ADAMO 资料管理系统,,2023-01-17
20273547,Ada-O,Ada-O 程式语言,,2023-01-17
20273548,Adaplex,Adaplex 语言；Ada 延伸语言,,2023-01-17
20273549,adaptability,适应性,,2023-01-17
20273550,adaptable data base system{=ADABAS},ADABAS资料库系统,,2023-01-17
20273551,adaptable fraction,组合式分数,,2023-01-17
20273552,adaptable user interface{=AUI},可调式使用者介面,,2023-01-17
20273553,adaptation,适应,,2023-01-17
20273554,adaptation box{=AB},配线箱,,2023-01-17
20273555,adaptation cycle,调适周期,,2023-01-17
20273556,adaptation kit upgrade,适应套件升级,,2023-01-17
20273557,adaptation kit{=AK},成套配合件,,2023-01-17
20273558,adaptation layer,调适层,,2023-01-17
20273559,adaptation level,适应位准,,2023-01-17
20273560,adapter bindings,配接器绑定,,2023-01-17
20273561,adapter card,适配器插件；配接器卡,,2023-01-17
20273562,adapter check,配接器检查,,2023-01-17
20273563,adapter configuration facility,配接器组态设施,,2023-01-17
20273564,adapter configuration profile,配接器组态设定档,,2023-01-17
20273565,adapter control block{=ACB},配接器控制块,,2023-01-17
20273566,adapter plug,配接器插头,,2023-01-17
20273567,adapter request block,配接器请求块,,2023-01-17
20273568,adapter setup code,配接器设置码,,2023-01-17
20273569,adapter support interface,配接器支援介面,,2023-01-17
20273570,adapter unit,配接器单元,,2023-01-17
20273571,adapter{=ADPT},配接器；附加卡；整流器,,2023-01-17
20273572,adapting,可调适,,2023-01-17
20273573,adaption layer controller,配接层控制器,,2023-01-17
20273574,adaptive amplifier{=AA},可调适放大器适应放大器,,2023-01-17
20273575,adaptive answering,适应答,,2023-01-17
20273576,adaptive antenna,适应性天线,,2023-01-17
20273577,adaptive ARQ,可调适型ARQ,,2023-01-17
20273578,adaptive automatic equalizer,适应自动等化器,,2023-01-17
20273579,adaptive behavior,适应行为,,2023-01-17
20273580,adaptive bit allocation,适应性位元分配,,2023-01-17
20273581,adaptive bitrate,适应位元率；自适性位元速率,,2023-01-17
20273582,adaptive brake lights,自适应刹车灯,,2023-01-17
20273583,adaptive bridge,配适桥接,,2023-01-17
20273584,adaptive channel allocation,适应通道分配,,2023-01-17
20273585,adaptive channel estimation{=ACE},适应性通道估测,,2023-01-17
20273586,adaptive communication,适应式通信,,2023-01-17
20273587,adaptive communication environment,适应通信环境,,2023-01-17
20273588,adaptive compression,自适应压缩,,2023-01-17
20273589,adaptive computing,自适应计算,,2023-01-17
20273590,adaptive content,适应性内容,,2023-01-17
20273591,adaptive control action,适应控制作用,,2023-01-17
20273592,adaptive control of constraint{=ACC},约束适应控制,,2023-01-17
20273593,adaptive control sequence,适应控制顺序,,2023-01-17
20273594,adaptive control{=AC},适应控制；调适控制,,2023-01-17
20273595,adaptive cruise control,自适应巡航控制；主动式巡航控制,,2023-01-17
20273596,adaptive cruise control system,适应巡航控制系统,,2023-01-17
20273597,adaptive data reporting system{=ADRS},可调适资料报告系统；适应资料报告系统,,2023-01-17
20273598,adaptive database manager{=ADM},可调适资料库管理器；适应资料库管理器,,2023-01-17
20273599,adaptive delta modulation,适应增量调变,,2023-01-17
20273600,adaptive delta pulse code modulation{=ADPCM},适应增量脉冲码调变,,2023-01-17
20273601,adaptive detector,调适检测器,,2023-01-17
20273602,adaptive differential pulse code modulation{=ADPCM},适应性差分脉码调变,,2023-01-17
20273603,adaptive digital pulse code modulation{=PCM},适应数位脉冲码调变,,2023-01-17
20273604,adaptive digital vocoder{=ADV},可调适数位声码器；适应数位声码器,,2023-01-17
20273605,adaptive equalization,适应性等化,,2023-01-17
20273606,adaptive expert system,可调适专家系统,,2023-01-17
20273607,adaptive filter,适应性滤波器,,2023-01-17
20273608,adaptive filtering,可调适过滤,,2023-01-17
20273609,adaptive front lighting system,适应性头灯系统,,2023-01-17
20273610,adaptive headlight,自适应头灯,,2023-01-17
20273611,adaptive heap sort,适应堆排序法,,2023-01-17
20273612,adaptive Huffman encoding,适应型霍夫曼编码,,2023-01-17
20273613,adaptive hypermedia,自适应超媒体,,2023-01-17
20273614,adaptive hypertext,自适应超文件,,2023-01-17
20273615,adaptive integration method,适应积分法,,2023-01-17
20273616,adaptive interface,适应介面,,2023-01-17
20273617,adaptive jamming,适应式干扰,,2023-01-17
20273618,adaptive k-d tree,适应 k-d 树,,2023-01-17
20273619,adaptive layer controller,调适层控制器,,2023-01-17
20273620,adaptive learning,适应学习,,2023-01-17
20273621,adaptive linear element{=Adaline},适应线性元件,,2023-01-17
20273622,adaptive logic,自适应逻辑,,2023-01-17
20273623,adaptive logic circuit{=ALC},可调适逻辑电路；适应逻辑电路,,2023-01-17
20273624,adaptive maintenance,适应维护,,2023-01-17
20273625,adaptive mission oriented software system{=AMOSS},可调适任务导向软体系统；适应任务导向软体系统,,2023-01-17
20273626,adaptive modulation{=AM},可调适调变；适应调变,,2023-01-17
20273627,adaptive multifunction circuit{=AMC},可调适多功能电路；适应多功能电路,,2023-01-17
20273628,adaptive multirate,适应多重速率,,2023-01-17
20273629,adaptive neural network,适应神经网路,,2023-01-17
20273630,adaptive organization,适应组织,,2023-01-17
20273631,adaptive palette,最适化色盘,,2023-01-17
20273632,adaptive predictive,适应预测,,2023-01-17
20273633,adaptive predictive coding{=APC},可调适预测编码；适应预测编码,,2023-01-17
20273634,adaptive predictive encoding{=APE},可调适预测式编码；适应预测编码,,2023-01-17
20273635,adaptive quantization,适应性量化,,2023-01-17
20273636,adaptive radar,调适雷达,,2023-01-17
20273637,adaptive rate based,适应速率为基,,2023-01-17
20273638,adaptive refinement,适应精化,,2023-01-17
20273639,adaptive reliability control system{=ARCS},可调适可靠性控制系统；适应可靠性控制系统,,2023-01-17
20273640,adaptive remote control,调适遥控,,2023-01-17
20273641,adaptive resonance theory network{=ART},适应共振理论网路,,2023-01-17
20273642,adaptive robot,适应机器人,,2023-01-17
20273643,adaptive routing,可调适选路,,2023-01-17
20273644,adaptive server enterprise,适应伺服器企业,,2023-01-17
20273645,adaptive simulated annealing,适应式模拟锻炼 (演算法),,2023-01-17
20273646,adaptive Smith predictor,适应性史密斯预测器,,2023-01-17
20273647,adaptive sort,适应式排序,,2023-01-17
20273648,adaptive speed control{=ASC},可调适速率控制；适应速率控制,,2023-01-17
20273649,adaptive streaming,自适应串流,,2023-01-17
20273650,adaptive subbend coding,可调适副频带编码,,2023-01-17
20273651,adaptive sync,自适应同步,,2023-01-17
20273652,adaptive synchronization,自适应同步,,2023-01-17
20273653,adaptive system,调适系统,,2023-01-17
20273654,adaptive telemetry,调适遥测,,2023-01-17
20273655,adaptive testing,适应测试,,2023-01-17
20273656,adaptive threshold control,适应定限控制,,2023-01-17
20273657,adaptive threshold logic elements,适应定限逻辑元件,,2023-01-17
20273658,adaptive thresholding,适应定限,,2023-01-17
20273659,adaptive time sharing,调适性系统,,2023-01-17
20273660,adaptive training,适应性训练,,2023-01-17
20273661,adaptive transform acoustic coding,适应变换声响编码,,2023-01-17
20273662,adaptive transform coding{=ATC},调适变换编码,,2023-01-17
20273663,adaptive user interface,适应用户介面,,2023-01-17
20273664,adaptive vertical sync,自适应垂直同步,,2023-01-17
20273665,adaptive wavelet,适应子波,,2023-01-17
20273666,adaptive website,自适应网站,,2023-01-17
20273667,adaptor,配接器,,2023-01-17
20273668,adaptor connector,配接器连接器,,2023-01-17
20273669,Ad-aware,Ad-aware 防毒软体,,2023-01-17
20273670,Adcock array,亚德克阵列,,2023-01-17
20273671,add,加,,2023-01-17
20273672,add accumulator{=ADA},累加器加指令,,2023-01-17
20273673,add application,新增应用程式,,2023-01-17
20273674,add as,加入为；加为,,2023-01-17
20273675,add bill,新增清单,,2023-01-17
20273676,add bookmark,新增书签,,2023-01-17
20273677,add control unit{=ACU},加法控制单元；加法控制器,,2023-01-17
20273678,add cut line,加入裁切行,,2023-01-17
20273679,add device driver,新增驱动程式,,2023-01-17
20273680,add existing item,加入现有项目,,2023-01-17
20273681,add existing project,加入现有专案,,2023-01-17
20273682,add file,附加档案,,2023-01-17
20273683,add folder,加入资料夹,,2023-01-17
20273684,add hardware,新增硬体,,2023-01-17
20273685,add help files,加入说明档案,,2023-01-17
20273686,add immediate to accumulator,加立即数至累加器,,2023-01-17
20273687,add immediately{=AI},立即加；直接加,,2023-01-17
20273688,add ins,增益集,,2023-01-17
20273689,add item,加入项目,,2023-01-17
20273690,add list,加列表,,2023-01-17
20273691,add mode,加法模式；加法模态,,2023-01-17
20273692,add new,加入新的,,2023-01-17
20273693,add new hardware,加入新硬体,,2023-01-17
20273694,add new item,加入新项目,,2023-01-17
20273695,add new project,加入新专案,,2023-01-17
20273696,add new solution item,加入新解决方案项目,,2023-01-17
20273697,add normalized,正规化加,,2023-01-17
20273698,add number to accumulator,加数到累加器,,2023-01-17
20273699,add operation,加法运算,,2023-01-17
20273700,add or subtract{=AOS},加或减,,2023-01-17
20273701,add personal mailbox,新增个人信箱,,2023-01-17
20273702,add project,新增专案,,2023-01-17
20273703,add register{=ADR},加法暂存器,,2023-01-17
20273704,add time,加算时间,,2023-01-17
20273705,add to,新增至,,2023-01-17
20273706,add to output,加入到输出,,2023-01-17
20273707,add to solution,加入到解决方案,,2023-01-17
20273708,add to storage,加入储存,,2023-01-17
20273709,add to storage concept,加入储存概念,,2023-01-17
20273710,add transaction,新增异动,,2023-01-17
20273711,add value machine{=AVM},加值机,,2023-01-17
20273712,add/drop multiplex,塞取多工,,2023-01-17
20273713,add/drop multiplexer,加/减多工器,,2023-01-17
20273714,add/drop multiplexing,加/减多工法,,2023-01-17
20273715,add/remove,新增/移除,,2023-01-17
20273716,add/remove program,新增/移除程式,,2023-01-17
20273717,add-delete list,增删表,,2023-01-17
20273718,add-drop multiplexer{=ADM},塞取多工机,,2023-01-17
20273719,added bit,附加位元,,2023-01-17
20273720,added energy,增加电能,,2023-01-17
20273721,added entry{=AE},被加项,,2023-01-17
20273722,addend address,加数位址,,2023-01-17
20273723,addend partial product register,加数部分积暂存器,,2023-01-17
20273724,addend register,加数暂存器,,2023-01-17
20273725,addend string,加数串,,2023-01-17
20273726,addend{=ADND},加数,,2023-01-17
20273727,addendum,补充规定,,2023-01-17
20273728,Addendum Continuation Pointer,附加接续指标,,2023-01-17
20273729,adder amplifier,加法放大器,,2023-01-17
20273730,adder for multiple operands{=AMO},多运算元加法器,,2023-01-17
20273731,adder left input register{=ALIR},加法器左输入暂存器,,2023-01-17
20273732,adder output buffer{=AOB},加法器输出缓冲器,,2023-01-17
20273733,adder tree{=AT},加法器树,,2023-01-17
20273734,adder{=ADR},加法器,,2023-01-17
20273735,adder-accumulator,加法器累积器,,2023-01-17
20273736,adder-subtracter,加法器减法器,,2023-01-17
20273737,addiction,沉溺；成瘾,,2023-01-17
20273738,add-in,增益功能；增加,,2023-01-17
20273739,add-in memory,添加记忆体,,2023-01-17
20273740,adding operator,加法运算子,,2023-01-17
20273741,adding wheel,加法轮,,2023-01-17
20273742,addition circuit,加法电路,,2023-01-17
20273743,addition command,加法命令,,2023-01-17
20273744,addition entry point,加法入口点,,2023-01-17
20273745,addition formula,加法公式,,2023-01-17
20273746,addition item,加法项,,2023-01-17
20273747,addition of polynomial,多项式加法,,2023-01-17
20273748,addition operator,加法运算子,,2023-01-17
20273749,addition record,补充记录；增加记录,,2023-01-17
20273750,addition speed,加法速率,,2023-01-17
20273751,addition table,加法表,,2023-01-17
20273752,addition theorem,加法定理,,2023-01-17
20273753,addition without carry,无进位加法,,2023-01-17
20273754,addition without carry gate,无进位加法闸,,2023-01-17
20273755,addition{=ADD},加法（指令）；加法（电路）,,2023-01-17
20273756,additional,附加；其他的；额外的,,2023-01-17
20273757,additional area,附加区,,2023-01-17
20273758,additional call library,附加呼叫程式馆,,2023-01-17
20273759,additional calling party number,附加主叫者号码；附加主叫方号码,,2023-01-17
20273760,additional channel,附加通道,,2023-01-17
20273761,additional character,附加字元,,2023-01-17
20273762,additional code,附加码,,2023-01-17
20273763,additional compilation data,附加编译资料,,2023-01-17
20273764,additional connected number,附加连接号码,,2023-01-17
20273765,additional detail,附加明细,,2023-01-17
20273766,additional disk,附加磁碟,,2023-01-17
20273767,additional file access control mechanism,额外档案存取控制机制,,2023-01-17
20273768,additional function,附加功能,,2023-01-17
20273769,additional group of bits,额外位元群组,,2023-01-17
20273770,additional header data,附加标头资料,,2023-01-17
20273771,additional high layer functions,附加高层功能,,2023-01-17
20273772,additional hysteresis,附加磁滞,,2023-01-17
20273773,additional information transfer,附加资讯转送,,2023-01-17
20273774,additional input source,附加输入源,,2023-01-17
20273775,Additional Insured on Auto,汽车是否额外之保险,,2023-01-17
20273776,additional low layer functions,附加低阶层功能,,2023-01-17
20273777,additional manufacturing operation description,附加制造作业描述,,2023-01-17
20273778,additional materials,附加材料,,2023-01-17
20273779,additional memory,附加记忆体,,2023-01-17
20273780,additional memory module{=AMM},附加记忆体模组,,2023-01-17
20273781,additional message,附加讯息,,2023-01-17
20273782,additional operation,附加作业,,2023-01-17
20273783,additional operation description,附加作业描述,,2023-01-17
20273784,additional patient history,附加病历,,2023-01-17
20273785,additional programmed request,附加程式请求,,2023-01-17
20273786,additional property source,额外性质源,,2023-01-17
20273787,additional record,附加记录,,2023-01-17
20273788,additional reference signal transmission{=ART},附加参考信号传输,,2023-01-17
20273789,additional rent,附加租金,,2023-01-17
20273790,additional routing operation description,附加选路作业描述,,2023-01-17
20273791,additional spring,附加弹簧；紧急弹簧,,2023-01-17
20273792,additional steel bar,补助筋；补强筋,,2023-01-17
20273793,additional test force,附加测试力,,2023-01-17
20273794,additional time,附加时间,,2023-01-17
20273795,additional typeless function,附加无类型函数,,2023-01-17
20273796,additional variable,附加变数,,2023-01-17
20273797,additive,相加的,,2023-01-17
20273798,additive attributes,增添属性,,2023-01-17
20273799,additive blend,加乘式混合,,2023-01-17
20273800,additive color,相加的色彩,,2023-01-17
20273801,additive color system,相加式色彩系统,,2023-01-17
20273802,additive colour mixing,加法混色,,2023-01-17
20273803,additive fabrication,积层加工,,2023-01-17
20273804,additive frame counter,相加框计数器,,2023-01-17
20273805,additive Gaussian noise channel{=AWGN},加成性高斯杂讯通道,,2023-01-17
20273806,additive manufacturing integrated energy{=AMIE},增量制造能源整合,,2023-01-17
20273807,additive manufacturing{=AM},积层制造,,2023-01-17
20273808,additive marking,附加标示,,2023-01-17
20273809,additive operator,加法算子,,2023-01-17
20273810,additive partition,相加式分区,,2023-01-17
20273811,additive primaries,加色法原色,,2023-01-17
20273812,additive primary colours,加色法原色,,2023-01-17
20273813,additive process,加色法,,2023-01-17
20273814,additive smoothing,相加式平滑,,2023-01-17
20273815,additive stream,相加流,,2023-01-17
20273816,additive synthesis,相加合成,,2023-01-17
20273817,additive white Gaussian noise channel,加成性白高斯杂讯通道,,2023-01-17
20273818,additive white Gaussian noise{=AWGN},加成性白高斯杂讯,,2023-01-17
20273819,addometer,加算器,,2023-01-17
20273820,addon,附加；附件；附加设备,,2023-01-17
20273821,add-on and add-in memory,附加式及添加式记忆体,,2023-01-17
20273822,add-on board,附加卡,,2023-01-17
20273823,add-on security,附加保全措施,,2023-01-17
20273824,add-on symbol,附加符号,,2023-01-17
20273825,add-on-board,扩充板,,2023-01-17
20273826,add-remove,新增－移除；增加－删除,,2023-01-17
20273827,address 1 code,位址 1 码,,2023-01-17
20273828,address access control,位址存取控制器,,2023-01-17
20273829,address access time,位址存取时间,,2023-01-17
20273830,address access type,位址存取型式,,2023-01-17
20273831,address adder{=ADA},位址加法器,,2023-01-17
20273833,address administration,位址管理,,2024-02-01
20273834,address alignment,位址调正,,2023-01-17
20273835,address area,位址区,,2023-01-17
20273836,address arithmetic,位址算术,,2023-01-17
20273837,address array,位址阵列,,2023-01-17
20273838,address assignment,位址指定,,2023-01-17
20273839,address bar,地址栏,,2023-01-17
20273840,address blank,位址空白,,2023-01-17
20273841,address book,通讯录,,2023-01-17
20273842,address boundary,位址边界,,2023-01-17
20273843,address buffer,位址缓冲器,,2023-01-17
20273844,address bus driver,位址汇流排驱动器,,2023-01-17
20273845,address bus structure,位址汇流排结构,,2023-01-17
20273846,address bus{=AB},位址汇流排,,2023-01-17
20273847,address byte,位址位元组,,2023-01-17
20273848,address calculation sorting,位址计算排序,,2023-01-17
20273849,address card,位址卡,,2023-01-17
20273850,address chaining,位址炼接,,2023-01-17
20273851,address change,位址变更,,2023-01-17
20273852,address check boundary{=ACB},位址检查边界,,2023-01-17
20273853,address check{=ADRCHK},位址检查,,2023-01-17
20273854,address circuit,位址电路,,2023-01-17
20273855,address cleansing,地址清洗,,2023-01-17
20273856,address code,位址码,,2023-01-17
20273857,address code modulation,位址码调变,,2023-01-17
20273858,address code sensor,位址码感测器,,2023-01-17
20273859,address communication system,位址通讯系统,,2023-01-17
20273860,address comparator,位址比较器,,2023-01-17
20273861,address compare control,位址比较控制,,2023-01-17
20273862,address compare register{=ACR},位址比较暂存器,,2023-01-17
20273863,address complete,位址完成,,2023-01-17
20273864,address complete message,定址完成讯息,,2023-01-17
20273865,address complete signal,位址完全信号,,2023-01-17
20273866,address component,位址成分,,2023-01-17
20273867,address computation,位址计算,,2023-01-17
20273868,address computing sort,住址计算,,2023-01-17
20273869,address conflict,位址冲突,,2023-01-17
20273870,address constant{=ADDCON},位址常数,,2023-01-17
20273871,address content independence,位址与内容无关,,2023-01-17
20273872,address control,位址控制,,2023-01-17
20273873,address control register{=ACR},位址控制暂存器,,2023-01-17
20273874,address control unit{=ACU},位址控制单元,,2023-01-17
20273875,address conversion,位址转换,,2023-01-17
20273876,address counter{=AC},位址计数器,,2023-01-17
20273877,address couple field,位址对偶栏位,,2023-01-17
20273878,address data strobe{=ADS},位址资料选通,,2023-01-17
20273879,address decoder{=AD},位址解码器,,2023-01-17
20273880,address decrement,位址减量,,2023-01-17
20273881,address delimiter,位址定界符,,2023-01-17
20273882,address demultiplexer,位址多工解讯器,,2023-01-17
20273883,address descriptor,位址描述符,,2023-01-17
20273884,address designator,位址指定符,,2023-01-17
20273885,address disable{=ADDSB},位址禁止,,2023-01-17
20273886,address display,位址显示,,2023-01-17
20273887,address display subsystem{=ADS},位址显示子系统,,2023-01-17
20273888,address display system,位址显示系统,,2023-01-17
20273889,address distance distribution,位址距离分配,,2023-01-17
20273890,address driver,位址驱动器,,2023-01-17
20273891,address element,位址元件,,2023-01-17
20273892,address enable{=AE},位址赋能,,2023-01-17
20273893,address error exception,位址错误异常,,2023-01-17
20273894,address error{=ADE},位址误差,,2023-01-17
20273895,address exit,位址出口,,2023-01-17
20273896,address extension,位址延伸,,2023-01-17
20273897,address fault,位址错误,,2023-01-17
20273898,address field computation,位址栏计算,,2023-01-17
20273899,address field extension,位址栏延伸,,2023-01-17
20273900,address field extension bit,位址栏位延伸位元,,2023-01-17
20273901,address field{=ADDF},位址栏,,2023-01-17
20273902,address filed (A),位址栏（A）,,2023-01-17
20273903,address filed extension,位址栏延伸,,2023-01-17
20273904,address fix state clear,位址固定状态清除,,2023-01-17
20273905,address format,位址格式,,2023-01-17
20273906,address function,位址功能,,2023-01-17
20273907,address functional instruction,位址功能指令,,2023-01-17
20273908,address generation unit{=AGU},位址产生单元；位址产生装置,,2023-01-17
20273909,address generation{=AG},位址产生,,2023-01-17
20273910,address generator{=AG},位址产生器,,2023-01-17
20273911,address header,位址标头,,2023-01-17
20273912,address identification,位址识别,,2023-01-17
20273913,address identification code,位址识别码,,2023-01-17
20273914,address in{=ADRI},位址输入,,2023-01-17
20273915,address incomplete signal,位址不完全信号,,2023-01-17
20273916,address increment,位址增量,,2023-01-17
20273917,address incrementer,位址增量器,,2023-01-17
20273918,address indicating group allocation,位址指示群分配,,2023-01-17
20273919,address indicating group{=AIG},位址指示群,,2023-01-17
20273920,address indicator,位址指示符,,2023-01-17
20273921,address information{=AIF},位址资讯,,2023-01-17
20273922,address instruction,位址指令；址指令,,2023-01-17
20273923,address interleaving,位址交插,,2023-01-17
20273924,address key,位址键,,2023-01-17
20273925,address key register{=AKR},位址键暂存器,,2023-01-17
20273926,address label,位址标号,,2023-01-17
20273927,address language,位址语言,,2023-01-17
20273928,address latch,位址闩,,2023-01-17
20273929,address latch element{=ALE},位址闩元件,,2023-01-17
20273930,address latch enable{=ALE},位址闩赋能,,2023-01-17
20273931,address latching unit,位址闩锁单元,,2023-01-17
20273932,address line,位址线,,2023-01-17
20273933,address list,位址列表,,2023-01-17
20273934,address load key,位址载入键,,2023-01-17
20273935,address localization,位址局部化,,2023-01-17
20273936,address locator logic{=ALL},位址定位器逻辑,,2023-01-17
20273937,address lookup utility,位址查找公用程式,,2023-01-17
20273938,address main line,位址主线,,2023-01-17
20273939,address map,位址映射,,2023-01-17
20273940,address map register,位址映射暂存器,,2023-01-17
20273941,address mapping,位址对映,,2023-01-17
20273942,address mapping table{=AMT},位址对映表,,2023-01-17
20273943,address mark{=AM},位址标示,,2023-01-17
20273944,address marker byte,位址标志位元组,,2023-01-17
20273945,address marker{=AM},位址标志,,2023-01-17
20273946,address mask,位址遮罩,,2023-01-17
20273947,address master,位址主管,,2023-01-17
20273948,address match,位址匹配,,2023-01-17
20273949,address memory,位址记忆体,,2023-01-17
20273950,address message,位址讯息,,2023-01-17
20273951,address mode{=AM},位址模式,,2023-01-17
20273952,address model,位址模型,,2023-01-17
20273953,address modification,位址修改,,2023-01-17
20273954,address modifier{=AM},位址修饰符,,2023-01-17
20273955,address modify,位址修改,,2023-01-17
20273956,address module{=AM},位址模组；定址器,,2023-01-17
20273957,address multiple access,位址多次存取,,2023-01-17
20273958,Address of Outside Site(s),外部场所地址,,2023-01-17
20273959,address offset,定址位移,,2023-01-17
20273960,address operand,位址运算元,,2023-01-17
20273961,address operator,位址运算子,,2023-01-17
20273962,address out bus,位址输出汇流排,,2023-01-17
20273963,address out of range,位址溢出,,2023-01-17
20273964,address out{=ADO},位址输出,,2023-01-17
20273965,address output file,位址输出档案,,2023-01-17
20273966,address part,位址部分,,2023-01-17
20273967,address path,位址路径,,2023-01-17
20273968,address pointer,位址指标,,2023-01-17
20273969,address pool,位址池,,2023-01-17
20273970,address port,位址埠,,2023-01-17
20273971,address precise interruption,位址精确中断,,2023-01-17
20273972,address prefixing,位址前导法,,2023-01-17
20273973,address pres/restr indicator,位址显示／不显示指示符,,2023-01-17
20273974,address presentation restricted indicator,位址显示限制指示符,,2023-01-17
20273975,address printer,位址列印机,,2023-01-17
20273976,address priority,位址优先,,2023-01-17
20273977,address read wire,位址读出线,,2023-01-17
20273978,address recall register{=ARR},位址再呼叫暂存器,,2023-01-17
20273979,address recognition,位址识别,,2023-01-17
20273980,address recognition unit{=ARU},位址识别单元,,2023-01-17
20273981,address reference,位址参考,,2023-01-17
20273982,address reference table,位址参考表,,2023-01-17
20273983,address register{=ADDR},位址暂存器,,2023-01-17
20273984,address relocation,位址再定位,,2023-01-17
20273985,address resolution,位址解析,,2023-01-17
20273986,address resolution protocol{=ARP},位址解析协定,,2023-01-17
20273987,address restriction,位址限制,,2023-01-17
20273988,address routing indicator,位址选路指示器,,2023-01-17
20273989,address save register,位址保存暂存器,,2023-01-17
20273990,address scrambler,位址拌码器,,2023-01-17
20273991,address selection{=ADSEL},位址选择,,2023-01-17
20273992,address selective{=ADSEL},位址选择,,2023-01-17
20273993,address selector,位址选择器,,2023-01-17
20273994,address sensor,位址感测器,,2023-01-17
20273995,address separator,位址分隔符,,2023-01-17
20273996,address sequence,位址序列,,2023-01-17
20273997,address set key,位址设定键,,2023-01-17
20273998,address shift register{=ASR},位址移位暂存器,,2023-01-17
20273999,address signal,位址信号,,2023-01-17
20274000,address size,位址大小,,2023-01-17
20274001,address skew,位址偏离,,2023-01-17
20274002,address sort routine,位址排序常式,,2023-01-17
20274003,address space extension block{=ASXB},位址空间延伸块,,2023-01-17
20274004,address space identifier{=ASID},位址空间识别符,,2023-01-17
20274005,address space number{=ASN},位址空间数,,2023-01-17
20274006,address space vector table{=ASVT},位址空间向量表,,2023-01-17
20274007,address space{=AS},位址空间,,2023-01-17
20274008,address start,位址开端,,2023-01-17
20274009,address start register{=ASR},位址开始暂存器,,2023-01-17
20274010,address stop{=ADDSTOP},位址符合停机,,2023-01-17
20274011,address strap,位址带,,2023-01-17
20274012,address stream,位址流,,2023-01-17
20274013,address strobe,位址选通,,2023-01-17
20274014,address subelement,位址子元件,,2023-01-17
20274015,address subscription,位址订用,,2023-01-17
20274016,address substitution,位址替代,,2023-01-17
20274017,address switch,位址开关,,2023-01-17
20274018,address switch register{=ASR},位址交换暂存器,,2023-01-17
20274019,address syllable,位址字节,,2023-01-17
20274020,address synchronizing track{=AST},位址同步轨迹,,2023-01-17
20274021,address system,位址系统,,2023-01-17
20274022,address table,位址表,,2023-01-17
20274023,address table sorting,位址表排序,,2023-01-17
20274024,address tape,位址带,,2023-01-17
20274025,address to block mapping,位址至区块对映,,2023-01-17
20274026,address trace,位址追踪,,2023-01-17
20274027,address track,位址轨,,2023-01-17
20274028,address transfer operator,位址传送运算子,,2023-01-17
20274029,address transform instruction,位址变换指令,,2023-01-17
20274030,address transformation,位址转译,,2023-01-17
20274031,address translation,位址变换,,2023-01-17
20274032,address translation buffer{=ATB},位址变换缓冲,,2023-01-17
20274033,address translation gateway,位址变换闸道,,2023-01-17
20274034,address translation slave store,位址变换从属储存器,,2023-01-17
20274035,address translation table{=ATT},位址变换表,,2023-01-17
20274036,address translator{=AT},位址转译器；位址翻译器,,2023-01-17
20274037,address vector,位址向量,,2023-01-17
20274038,address window,位址视窗,,2023-01-17
20274039,address wire{=A wire},位址线,,2023-01-17
20274040,address word,位址字,,2023-01-17
20274041,address write wire,位址读入线,,2023-01-17
20274042,address write{=AW},位址写入,,2023-01-17
20274043,address{=ADR},位址,,2023-01-17
20274044,addressability,定址能力,,2023-01-17
20274045,addressability measure,定址能力量测,,2023-01-17
20274046,addressability problem,定址问题,,2023-01-17
20274047,addressability(in computer graphics),(电脑图学之)可定址性,,2023-01-17
20274048,addressable,可定址,,2023-01-17
20274049,addressable cursor,可定址游标,,2023-01-17
20274050,addressable fire detector system,可定址火灾侦侧系统,,2023-01-17
20274051,addressable horizontal position,可定址的水平位置,,2023-01-17
20274052,addressable memory,可定址记忆体,,2023-01-17
20274053,addressable memory space,可定址记忆体空间,,2023-01-17
20274054,addressable point,可定址点,,2023-01-17
20274055,addressable position,可定址位置,,2023-01-17
20274056,addressable register,可定址暂存器,,2023-01-17
20274057,addressable storage,可定址储存,,2023-01-17
20274058,addressable track,可定址磁轨,,2023-01-17
20274059,addressable vertical position,可定址垂直位置,,2023-01-17
20274060,addressable-pollable terminal,可定址可查询终端机,,2023-01-17
20274061,address-calculation sort,位址计算式排序,,2023-01-17
20274062,address-complete signal,位址完整信号,,2023-01-17
20274063,addressed,被定址的,,2023-01-17
20274064,addressed call mode{=ACM},定址呼叫模,,2023-01-17
20274065,addressed direct access,定址直接存取,,2023-01-17
20274066,addressed location,定址位置,,2023-01-17
20274067,addressed memory,定址记忆体,,2023-01-17
20274068,addressed receiving station,定址接收站,,2023-01-17
20274069,addressed sequential access,定址循序存取,,2023-01-17
20274070,addressed storage,定址储存器,,2023-01-17
20274071,addressed vertical positions,已定址垂直位置,,2023-01-17
20274072,addressee,收讯者付费；收讯者记帐,,2023-01-17
20274073,addresses,位址,,2023-01-17
20274074,addresses of address,位址的位址,,2023-01-17
20274075,address-incomplete signal,位址不完整信号,,2023-01-17
20274076,addressing authority,定址当局,,2023-01-17
20274077,addressing capability,定址能力,,2023-01-17
20274078,addressing capacity,定址容量,,2023-01-17
20274079,addressing character,定址字元,,2023-01-17
20274080,addressing decode,定址解码,,2023-01-17
20274081,addressing domain,定址网域,,2023-01-17
20274082,addressing environment,定址环境,,2023-01-17
20274083,addressing error,定址错误,,2023-01-17
20274084,addressing exception,定址异常,,2023-01-17
20274085,addressing information,定址资讯,,2023-01-17
20274086,addressing interrupt,定址中断,,2023-01-17
20274087,addressing level,定址位准,,2023-01-17
20274088,addressing machine,印地址机,,2023-01-17
20274089,addressing matrix,定址矩阵,,2023-01-17
20274090,addressing method,定址方法,,2023-01-17
20274091,addressing mode bit,定址模式位元,,2023-01-17
20274092,addressing mode{=AMODE},定址模式,,2023-01-17
20274093,addressing operation,定址作业,,2023-01-17
20274094,addressing range,定址范围,,2023-01-17
20274095,addressing space,定址空间,,2023-01-17
20274096,addressing system,定址系统,,2023-01-17
20274097,addressing technique,定址技术,,2023-01-17
20274098,addressing types,定址类型,,2023-01-17
20274099,addressing{=ADDR},定址,,2023-01-17
20274100,addressless instruction,无位址指令,,2023-01-17
20274101,addressless instruction format,无位址指令格式,,2023-01-17
20274102,address-of operator,取址运算子,,2023-01-17
20274103,addressograph,印地址机,,2023-01-17
20274104,adds generated,已产生之新增部份,,2023-01-17
20274105,add-substract time,加减法时间,,2023-01-17
20274106,add-subtract,加减,,2023-01-17
20274107,add-subtract time{=AST},加减时间,,2023-01-17
20274108,add-subtract unit{=ASU},加减装置,,2023-01-17
20274109,add-without-carry gate,无进位加法闸；加不进位闸,,2023-01-17
20274110,ADELE,ADELE 程式语言,,2023-01-17
20274111,ADF allocation,应用资料档案配置,,2023-01-17
20274112,ADF peronalizer,ADF 个人化器,,2023-01-17
20274113,adhesion,黏附性,,2023-01-17
20274114,adhesive binding,胶装,,2023-01-17
20274115,adhesive label,附著标签,,2023-01-17
20274116,adhesive lettering,黏贴字,,2023-01-17
20274117,adhesive paper,胶底纸,,2023-01-17
20274118,adhocinstitution{=临时仲裁},临时仲裁,,2023-01-17
20274119,adiabatic,绝热的,,2023-01-17
20274120,adiabatic flame temperature,绝热的火焰温度,,2023-01-17
20274121,adiabatic temperature,绝热温度,,2023-01-17
20274122,Aditi,Aditi 演绎资料库系统,,2023-01-17
20274123,adjacency,相邻,,2023-01-17
20274124,adjacency list,相邻串列,,2023-01-17
20274125,adjacency list representation,相邻列表表示法,,2023-01-17
20274126,adjacency list structure,相邻串列结构,,2023-01-17
20274127,adjacency matrix,相邻矩阵,,2023-01-17
20274128,adjacency matrix representation,相邻矩阵表示法,,2023-01-17
20274129,adjacency relation,邻接关系,,2023-01-17
20274130,adjacent,相邻的,,2023-01-17
20274131,adjacent bit dependent code,邻位元相依码,,2023-01-17
20274132,adjacent channel interference,相邻通道干扰,,2023-01-17
20274133,adjacent channel power ratio{=ACPR},相邻频道功率比,,2023-01-17
20274134,adjacent channel selectivity,相邻通道选择性,,2023-01-17
20274135,adjacent channel suppression,相邻通道抑制,,2023-01-17
20274136,adjacent channel{=AC},相邻通道,,2023-01-17
20274137,adjacent code,相邻码,,2023-01-17
20274138,adjacent domain,相邻网域,,2023-01-17
20274139,adjacent edge,相邻边,,2023-01-17
20274140,adjacent error correcting code,相邻误差校正码,,2023-01-17
20274141,adjacent free area,相邻自由区,,2023-01-17
20274142,adjacent group dependent code,邻组相依码,,2023-01-17
20274143,adjacent identifier,相邻识别符,,2023-01-17
20274144,adjacent layer,相邻层,,2023-01-17
20274145,adjacent level,相邻位准,,2023-01-17
20274146,adjacent link storage image,相邻链接储存影像,,2023-01-17
20274147,adjacent matrix,相邻矩阵,,2023-01-17
20274148,adjacent node,相邻节点,,2023-01-17
20274149,adjacent region,相邻区域,,2023-01-17
20274150,adjacent subareas,相邻次区,,2023-01-17
20274151,adjoint address,毗连型位址,,2023-01-17
20274152,adjoint addressing,毗连型定址,,2023-01-17
20274153,adjoint nonterminal,毗连非终端符号,,2023-01-17
20274154,adjoint source,伴随源,,2023-01-17
20274155,adjudcation,判决,,2023-01-17
20274156,adjudicator,裁决者,,2023-01-17
20274157,adjunct circuit,附加电路；附属电路,,2023-01-17
20274158,adjust,调整,,2023-01-17
20274159,adjust column,调整栏位,,2023-01-17
20274160,adjust text mode,调整本文模式,,2023-01-17
20274161,adjustable array,可调阵列,,2023-01-17
20274162,adjustable extent,可调范围,,2023-01-17
20274163,adjustable head hold,可调磁头架,,2023-01-17
20274164,adjustable short circuit termination,可调短路终端,,2023-01-17
20274165,adjustable size aggregate,可调大小聚合,,2023-01-17
20274166,adjustable size specification,可调大小规格,,2023-01-17
20274167,adjustable tray,可调式托盘,,2023-01-17
20274168,adjustable weight,可调权重,,2023-01-17
20274169,adjusted ring length,调整环长度,,2023-01-17
20274170,adjuster,调整器,,2023-01-17
20274171,adjusting bolt,调整螺栓,,2023-01-17
20274172,adjusting cavity,调整腔,,2023-01-17
20274173,adjusting entry,调整登录,,2023-01-17
20274174,adjusting key,调整键,,2023-01-17
20274175,adjustment,调整,,2023-01-17
20274176,adjustment amount,调整量,,2023-01-17
20274177,adjustment array,调整阵列,,2023-01-17
20274178,adjustment extension,调整延伸,,2023-01-17
20274179,adjustment free,免调整,,2023-01-17
20274180,adjustment of a measuring instrument,量测仪器调整,,2023-01-17
20274181,AdLog,AdLog 语言,,2023-01-17
20274182,admin,管理者,,2023-01-17
20274183,admin privileges,管理者特权,,2023-01-17
20274184,adminestrative procedure,行政程序,,2023-01-17
20274185,Administered – at Location,施药地点,,2023-01-17
20274186,Administered Amount,施药数量,,2023-01-17
20274187,Administered Code,施药代码,,2023-01-17
20274188,Administered Dosage Form,施药剂量形式,,2023-01-17
20274189,Administered Per (Time Unit),施药每次(时间单位),,2023-01-17
20274190,Administered Strength,施药剂量强度,,2023-01-17
20274191,Administered Strength Units,施药剂量强度单位,,2023-01-17
20274192,Administered Units,施药单位,,2023-01-17
20274193,Administering Provider,施药提供者,,2023-01-17
20274194,administration,管理,,2023-01-17
20274195,administration account,管理者帐户,,2023-01-17
20274196,administration center,管理中心,,2023-01-17
20274197,administration console,管理控制台,,2023-01-17
20274198,administration data network{=ADNET},管理数据网路,,2023-01-17
20274199,Administration Device,执行设备,,2023-01-17
20274200,administration domain name,管理网域名称,,2023-01-17
20274201,administration engineer,管理工程师,,2023-01-17
20274202,administration management domain{=ADMD},行政管理领域,,2023-01-17
20274203,Administration Method,施药方法,,2023-01-17
20274204,Administration Notes,施药注记备考备考,,2023-01-17
20274205,administration on demand,随选行政管理,,2023-01-17
20274206,administration program{=AP},管理程式,,2023-01-17
20274207,administration server,管理伺服器,,2023-01-17
20274208,administration server database,管理伺服器资料库,,2023-01-17
20274209,administration service,管理服务,,2023-01-17
20274210,Administration Site,执行场所,,2023-01-17
20274211,administration software,管理软体,,2023-01-17
20274212,Administration Sub – ID Counter,执行次ID计数器,,2023-01-17
20274213,administration system,管理系统,,2023-01-17
20274214,administrative,行政管理,,2023-01-17
20274215,administrative analysis{=AAIS},行政管理分析,,2023-01-17
20274216,administrative and maintenance message operational,行政管理与维护讯息作业,,2023-01-17
20274217,administrative area map level,行政区地图等级,,2023-01-17
20274218,administrative client,管理客户,,2023-01-17
20274219,administrative command schedule,管理命令排程,,2023-01-17
20274220,administrative communications requirements{=ACR},行政管理通信需求,,2023-01-17
20274221,administrative computer program,行政管理电脑程式,,2023-01-17
20274222,administrative control system,行政管理控制系统,,2023-01-17
20274223,administrative controls,行政管理控制,,2023-01-17
20274224,administrative data processing{=ADP},行政管理资料处理,,2023-01-17
20274225,administrative directory management domain,行政管理目录管理领域（邮电单位）,,2023-01-17
20274226,administrative distance,管理距离,,2023-01-17
20274227,administrative domain{=AD},管理域,,2023-01-17
20274228,Administrative Expenditure,工务行政费,,2023-01-17
20274229,administrative identification{=ADMINID},行政管理识别,,2023-01-17
20274230,administrative information,行政管理资讯,,2023-01-17
20274231,administrative management society{=AMS},行政管理协会,,2023-01-17
20274232,administrative management{=ADM},行政管理,,2023-01-17
20274233,administrative message switching,行政管理讯息交换,,2023-01-17
20274234,administrative message switching program,行政管理讯息交换程式,,2023-01-17
20274235,administrative network,行政管理网路,,2023-01-17
20274236,administrative operations,管理作业,,2023-01-17
20274237,administrative privileges,行政管理特权,,2023-01-17
20274238,administrative process,行政管理过程；行政管理流程,,2023-01-17
20274239,administrative process act,行政程序法,,2023-01-17
20274240,administrative role of a registration authority,注册机构的行政角色,,2023-01-17
20274241,administrative science,行政管理科学,,2023-01-17
20274242,administrative security,行政管理安全性,,2023-01-17
20274243,Administrative Sex,性别管理,,2023-01-17
20274244,administrative support,行政管理支援,,2023-01-17
20274245,administrative support system,行政管理支援系统,,2023-01-17
20274246,administrative telephone,行政电话,,2023-01-17
20274247,administrative terminal system{=ATS},行政管理终端系统,,2023-01-17
20274248,administrative time,行政管理时间,,2023-01-17
20274249,administrative unit,管理单元,,2023-01-17
20274250,administrative unit group,管理单元群,,2023-01-17
20274251,administrative unit level n,管理单元n等级,,2023-01-17
20274252,administrative utility,行政管理公用程式,,2023-01-17
20274253,administrative vulnerability,行政管理易损性,,2023-01-17
20274254,administrator account,管理者帐号,,2023-01-17
20274255,administrator collection,管理者集合,,2023-01-17
20274256,administrator options,管理者选项,,2023-01-17
20274257,administrator privilege,管理者特权,,2023-01-17
20274258,administrator{=ADMIN},管理者,,2023-01-17
20274259,administrator's duty,管理员职责,,2023-01-17
20274260,administrator's guide,管理员指引,,2023-01-17
20274261,administrivia,行政管理,,2023-01-17
20274262,Admins,资料库管理系统名称；公司名称,,2023-01-17
20274263,ADMIRAL run tape{=ART},ADMIRAL运行带,,2023-01-17
20274264,admissibility,可采纳度,,2023-01-17
20274265,admissibility condition,可采纳条件,,2023-01-17
20274266,admissibility of A*,A乘方算法的可采纳性,,2023-01-17
20274267,admissibility of graph search control strategy,图搜寻控制策略可用性,,2023-01-17
20274268,admissibility of search algorithms,搜寻演算法的可采纳度,,2023-01-17
20274269,admissible,容许的,,2023-01-17
20274270,admissible algorithm,容许的演算法,,2023-01-17
20274271,admissible character,容许字元,,2023-01-17
20274272,admissible class of grammars,可容许文法类,,2023-01-17
20274273,admissible control,容许控制,,2023-01-17
20274274,admissible error,容许误差,,2023-01-17
20274275,admissible hypothesis,容许假设,,2023-01-17
20274276,admissible interpolation constraint,容许内插约束,,2023-01-17
20274277,admissible mark,容许标示,,2023-01-17
20274278,admissible number,容许数,,2023-01-17
20274279,admissible parameter,容许参数,,2023-01-17
20274280,admissible partition,容许分区,,2023-01-17
20274281,admissible sequence,容许序列,,2023-01-17
20274282,admissible state semantics,容许的状态语意,,2023-01-17
20274283,admissible statistical hypothesis,容许统计假设,,2023-01-17
20274284,admissible symbol,容许符号,,2023-01-17
20274285,admissible variation,容许变动,,2023-01-17
20274286,admissible vertex,容许的顶点,,2023-01-17
20274287,admission,住院（医）,,2023-01-17
20274288,admission delay,容许延迟,,2023-01-17
20274289,admission ID,住院ID（医）,,2023-01-17
20274290,Admission Level of Care Code,入院照护层级代码,,2023-01-17
20274291,admission repeat request,允许重复请求,,2023-01-17
20274292,admission route,住院路径（医）,,2023-01-17
20274293,admission rule,容许规则,,2023-01-17
20274294,Admission Type,入院型式,,2023-01-17
20274295,Admit Date/Time,入院日期／时间,,2023-01-17
20274296,Admit Reason,入院原因,,2023-01-17
20274297,Admit Source,入院来源,,2023-01-17
20274298,admittance,导纳,,2023-01-17
20274299,admittance chart,导纳图,,2023-01-17
20274300,admittance function,导纳函数,,2023-01-17
20274301,admittance matrix,导纳矩阵,,2023-01-17
20274302,admittance parameter,导纳参数,,2023-01-17
20274303,admitting date,住院日期（医）,,2023-01-17
20274304,admitting diagnoses description,住院诊断描述（医）,,2023-01-17
20274305,admitting diagnosis code sequence,住院诊断码序列（医）,,2023-01-17
20274306,Admitting Doctor,接收就诊者入院之医生,,2023-01-17
20274307,admitting time,住院时间（医）,,2023-01-17
20274308,admixture,添加剂,,2023-01-17
20274309,Adobe,Adobe 公司,,2023-01-17
20274310,Adobe Acrobat,Adobe 公司 Acrobat 文件处理系统；读取 PD F档案软体,,2023-01-17
20274311,Adobe Acrobat Reader,Adobe 公司 Acrobat 文件处理系统阅读器；读取 PDF 档案软体,,2023-01-17
20274312,Adobe Animate,Adobe 公司动画程式,,2023-01-17
20274313,Adobe certified expert,Adobe 公司认证专家,,2023-01-17
20274314,Adobe Director,Adobe 公司多媒体软体,,2023-01-17
20274315,Adobe document structuring conventions,Adobe文件结构规约,,2023-01-17
20274316,Adobe font metrics file,Adobe 字型量度档,,2023-01-17
20274317,Adobe fonts,Adobe 公司字型,,2023-01-17
20274318,Adobe Illustrator,Adobe Illustrator 绘图软体,,2023-01-17
20274319,Adobe Illustrator file{=AI file},Adobe Illustrator 绘图软体档,,2023-01-17
20274320,Adobe photoshop,Adobe 公司的 Photoshop 影像调处软体,,2023-01-17
20274321,Adobe Reader,Adobe 公司阅读器,,2023-01-17
20274322,Adobe Systems{=Inc.},Adobe 系统公司,,2023-01-17
20274323,Adobe type manager{=ATM},Adobe字型管理软体,,2023-01-17
20274324,adopted authority,沿用的权力,,2023-01-17
20274325,ADP,自动化资料处理,,2023-01-17
20274326,ADP system,ADP系统；自动资料处理系统,,2023-01-17
20274327,ADP system security,ADP系统安全,,2023-01-17
20274328,adpedance,导抗,,2023-01-17
20274329,ADS,ADS 专家系统,,2023-01-17
20274330,ADSL Forum,非对称数位用户线论坛,,2023-01-17
20274331,ADSL terminal unit remote,非对称数位用户线远程终端单元,,2023-01-17
20274332,ADSL transceiver unit,ADSL 收发器单元,,2023-01-17
20274333,ADSL transceiver unit central office end,总局机房端非对称数位用户线收发器单元,,2023-01-17
20274334,ADSL transceiver unit remote terminal end,远程终端机端非对称数位用户线收发单元,,2023-01-17
20274335,adsorption,吸收,,2023-01-17
20274336,ADSTAR distributed storage management,ADSTAR 分散式的储存管理,,2023-01-17
20274338,adult language,成熟语言,,2023-01-17
20274339,advance,先行；高级；先进,,2023-01-17
20274340,advance administrative system,先进管理系统,,2023-01-17
20274341,advance approach indication{=AAK},预设趋近指示,,2023-01-17
20274342,advance booking charter{=ABC},预订包机,,2023-01-17
20274343,advance call,预约呼叫,,2023-01-17
20274344,advance card technology Canada,加拿大卡片科技推广促进会,,2023-01-17
20274345,advance control,先行控制,,2023-01-17
20274346,advance data link controller,进阶资料链接控制器,,2023-01-17
20274347,advance deviation report{=ADR},偏差先期报告；预先偏差报告,,2023-01-17
20274348,Advance Directive Code,进阶指令代码,,2023-01-17
20274349,advance education center{=AEC},预培训中心,,2023-01-17
20274350,advance encryption standard{=AES},先进加密标准,,2023-01-17
20274351,advance information memory{=AIM},高级资讯记忆体,,2023-01-17
20274352,advance interrupt control transfer,先行中断控制转移,,2023-01-17
20274353,advance item,先行项,,2023-01-17
20274354,advance item technique,先进项目技术,,2023-01-17
20274355,advance memory systems inc.{=AMS},先进记忆体系统公司,,2023-01-17
20274356,advance mode,先行模式,,2023-01-17
20274357,advance payment,预付款,,2023-01-17
20274358,advance preparation,先行准备,,2023-01-17
20274359,advance preparation service,提前准备服务,,2023-01-17
20274360,advance process control,进阶程序控制,,2023-01-17
20274361,advance read status transfer,先行读状态转移,,2023-01-17
20274362,advance sheet,预排稿,,2023-01-17
20274363,advance signal processing system,先行信号处理系统,,2023-01-17
20274364,advance time,先行时间,,2023-01-17
20274365,advance version program,高级版本程式,,2023-01-17
20274366,advanced,高级；进阶；先进,,2023-01-17
20274367,advanced acoustic signal processor{=AASP},高级声响信号处理机,,2023-01-17
20274368,advanced administration system{=AAS},高级管理系统,,2023-01-17
20274369,advanced airborne digital computer{=AADC},高级机载数位电脑,,2023-01-17
20274370,advanced application support facility,高级应用支援设施,,2023-01-17
20274371,advanced audio coding{=AAC},进阶音讯编码,,2025-02-18
20274372,advanced audio distribution profile{=A2DP},高级音讯分发设定档,,2023-01-17
20274373,advanced authoring format,进阶创作格式,,2023-01-17
20274374,advanced avionics data handling system{=AADHS},先进航空资料处置系统,,2023-01-17
20274375,advanced avionics digital computer{=AADC},先进航空数位电脑,,2023-01-17
20274376,advanced avionics interface program{=AAIP},先进航空介面程式；高级航空介面程式,,2023-01-17
20274377,advanced ballistic computer{=ABC},先进弹道电脑；高级弹道电脑,,2023-01-17
20274378,advanced ballistic missile defense agency{=ABMDA},高级弹道飞弹防卫局,,2023-01-17
20274379,Advanced Beneficiary Notice Code,给付前告知代码,,2023-01-17
20274380,advanced bipolar monolithic{=ABM},高级双极单石,,2023-01-17
20274381,advanced business application programming workbench{=ABAP workbench},高级商用应用程式设计工作台,,2023-01-17
20274382,advanced business processor{=ABP},高级商用处理机,,2023-01-17
20274383,advanced calendar,万年历,,2023-01-17
20274384,advanced COM executive{=ACE},高级COM执行,,2023-01-17
20274385,advanced command and control architectural testbed{=ACCAT},先进的命令与控制结构试验台,,2023-01-17
20274386,advanced communication function or facility,进阶通信功能或设施,,2023-01-17
20274387,advanced communication function/network control program{=ACF/NCP},先进功能网路控制程式,,2023-01-17
20274388,advanced communications,高级通信,,2023-01-17
20274389,advanced communications function for the virtual telecommunications access method,虚拟电信存取方法的进阶通讯功能,,2023-01-17
20274390,advanced communications function{=ACF},高级通信函数；高级通讯功能,,2023-01-17
20274391,advanced communications network services{=ACNS},高级通信网路服务；高级通讯网络服务,,2023-01-17
20274392,advanced communications service{=ACS},先进通信服务,,2023-01-17
20274393,advanced communications technology{=ACT},先进通信技术,,2023-01-17
20274394,advanced computational processor{=ACP},先进计算处理机,,2023-01-17
20274395,advanced computer,先进电脑,,2023-01-17
20274396,advanced computer for medical environment{=ACME},医疗环境用高级电脑,,2023-01-17
20274397,advanced computer technique project{=ACTP},高级电脑技术专案,,2023-01-17
20274398,advanced computer technology project{=ACTP},高级电脑技术方案,,2023-01-17
20274399,advanced computer technology{=ACT},高级电脑技术,,2023-01-17
20274400,advanced computing environment{=ACE},先进的计算环境,,2023-01-17
20274401,advanced configuration and power interface{=ACPI},先进组态与电力介面,,2023-01-17
20274402,advanced continuous simulation language,高级连续模拟语言,,2023-01-17
20274403,advanced control,前置控制,,2023-01-17
20274404,advanced control signal processor{=ACSP},高级控制信号处理机,,2023-01-17
20274405,advanced cryptographic system{=ACS},高级密码系统,,2023-01-17
20274406,advanced data,高阶资料,,2023-01-17
20274407,advanced data acquisition routine{=ADAR},高级资料获取常式,,2023-01-17
20274408,advanced data code{=ADC},高级资料码,,2023-01-17
20274409,advanced data communication control procedures{=ADCCP},先进资料通信控制程序（美国 ANSI 协定）,,2023-01-17
20274410,advanced data communication control protocol{=ADCCP},先进资料通信控制协定,,2023-01-17
20274411,advanced data communications control protocol,先进数据通信高阶资料控制协定,,2023-01-17
20274412,advanced data connector,先进资料连接器,,2023-01-17
20274413,advanced data display system{=ADDS},高级资料显示系统,,2023-01-17
20274414,advanced data entry executive{=ADEX},高级资料登录管理器；高级资料登录执行,,2023-01-17
20274415,advanced data entry{=ADE},高级资料登录,,2023-01-17
20274416,advanced data link control,高级资料链接控制,,2023-01-17
20274417,advanced data link controller{=ADLC},先进资料链接控制器,,2023-01-17
20274418,advanced data management system{=ADMS},高级资料管理系统,,2023-01-17
20274419,advanced data processing{=ADP},高级资料处理,,2023-01-17
20274420,advanced data system{=ADS},高级资料系统,,2023-01-17
20274421,advanced database system{=ADBS},高级资料库系统,,2023-01-17
20274422,advanced debugging system{=ADS},高级除错系统,,2023-01-17
20274423,advanced defense communication satellite,高级国防通信卫星,,2023-01-17
20274424,advanced defense communication satellite program,高级国防通信卫星计划,,2023-01-17
20274425,advanced defense communication system{=ADCS},高级国防通讯系统,,2023-01-17
20274426,advanced digital network,进阶数位网路,,2023-01-17
20274427,advanced digital recording,进阶数位记录,,2023-01-17
20274428,advanced diskette operating system{=ADOS},高级磁片作业系统,,2023-01-17
20274429,advanced distance integration,进阶距离整合,,2023-01-17
20274430,advanced document revision notice{=ADRN},文件修订先期通知,,2023-01-17
20274431,advanced DOS,高级磁碟作业系统,,2023-01-17
20274432,advanced driver assistance system{=ADAS},先进驾驶辅助系统,,2023-01-17
20274433,advanced early warning system{=AEWS},高级早期警告系统；高级预警系统,,2023-01-17
20274434,advanced encryption standard{=AES},进阶加密标准,,2023-01-17
20274435,advanced fault resolution{=AFR},先期故障解析,,2023-01-17
20274436,advanced feed hole,前向齿孔,,2023-01-17
20274437,advanced file organization{=AFO},高级档案组织,,2023-01-17
20274438,advanced financial reporting system{=AFRS},先进财务报告系统,,2023-01-17
20274439,advanced format,先进格式,,2023-01-17
20274440,advanced function common control unit,进阶功能共用控制单元,,2023-01-17
20274441,advanced function for communication,高级通讯功能,,2023-01-17
20274442,advanced function image and graphics,进阶功能影像及图形,,2023-01-17
20274443,advanced function presentation application programming interface,进阶功能表示应用程式介面,,2023-01-17
20274444,advanced function presentation data stream,进阶功能演示资料流,,2023-01-17
20274445,advanced function presentation printer{=AFP printer},先进功能展示列印机,,2023-01-17
20274446,advanced function presentation{=AFP},先进功能演示,,2023-01-17
20274447,advanced function printing{=AFP},先进功能列印,,2023-01-17
20274448,advanced function{=AF},高级功能,,2023-01-17
20274449,advanced graphic system{=AGS},先进图形系统,,2023-01-17
20274450,advanced host controller interface{=AHCI},进阶主机控制器介面,,2023-01-17
20274451,advanced hybrid computing system{=AHCS},高级并合计算系统,,2023-01-17
20274452,advanced information manager{=AIM},高级资讯管理程式,,2023-01-17
20274453,advanced information system{=AIS},高级资讯系统,,2023-01-17
20274454,advanced information technology,高级资讯技术,,2023-01-17
20274455,advanced instruction station,进阶指令站,,2023-01-17
20274456,advanced instruction system{=AIS},高级指令系统,,2023-01-17
20274457,advanced instrumentation and data analysis system{=AIDAS},高级仪表测量与资料分析系统,,2023-01-17
20274458,advanced integrated data system{=AIDS},高级整合资料系统,,2023-01-17
20274459,advanced integrated multipoint control,先进整合多点控制,,2023-01-17
20274460,advanced integrated safety and optimizing computer{=ADVISOR},高级整合安全与最佳化电脑,,2023-01-17
20274461,advanced intelligent network,进阶智慧型网路,,2023-01-17
20274462,advanced intelligent tape,进阶智慧型磁带,,2023-01-17
20274463,advanced interactive debugging system{=AIDS},高级交互除错系统；高级交谈除错系统,,2023-01-17
20274464,advanced interactive executive{=AIX},高级交谈执行程序,,2023-01-17
20274465,advanced intercontinental missile system,先进洲际导弹系统,,2023-01-17
20274466,advanced interface module{=AIM},高级介面模组,,2023-01-17
20274467,advanced interior communication system{=AICS},高级内部通讯系统,,2023-01-17
20274468,advanced life information system{=ALIS},高级生命资讯系统；高级寿命资讯系统,,2023-01-17
20274469,advanced linear programming system{=ALPS},高级线性规划系统,,2023-01-17
20274470,advanced lithium battery,进阶锂电池,,2023-01-17
20274471,advanced lithography,高级平版印刷术,,2023-01-17
20274472,advanced long term evolution{=LTE-A},进阶长期演进技术,,2023-01-17
20274473,advanced manipulation language{=AML},高级调处语言,,2023-01-17
20274474,advanced manual line{=AML},先进手控线路,,2023-01-17
20274475,advanced manufacturing language{=AML},高级制造语言,,2023-01-17
20274476,advanced math library{=AML},高级数学程式馆,,2023-01-17
20274477,advanced memory unit{=AMU},先进记忆体单位,,2023-01-17
20274478,advanced metal evaporated,进阶金属蒸发,,2023-01-17
20274479,advanced meter management{=AMM},智慧电表管理,,2023-01-17
20274480,advanced metering infrastructure{=AMI},智慧电表基础建设,,2023-01-17
20274481,advanced micro device,进阶微装置,,2023-01-17
20274482,advanced micro devices inc.{=AMD},先进微型装置公司,,2023-01-17
20274483,Advanced Micro Devices Incorporated,AMD 电脑公司,,2023-01-17
20274484,advanced microcomputer development system{=AMDS},高级微电脑开发系统,,2023-01-17
20274485,advanced microprocessor programming language{=AMPL},高级微处理机程式设计语言,,2023-01-17
20274486,advanced microprogrammable processor{=AMPP},高级可微程式处理机,,2023-01-17
20274487,advanced minuteman computer{=AMC},先进义勇兵飞弹电脑,,2023-01-17
20274488,advanced mobile phone,进阶移动电话,,2023-01-17
20274489,advanced mobile phone service/system,进阶移动电话服务 / 系统,,2023-01-17
20274490,advanced mobile phone service{=AMPS},先进移动电话服务,,2023-01-17
20274491,advanced mobile phone system,进阶行动电话系统,,2023-01-17
20274492,advanced mode,高级模式,,2023-01-17
20274493,advanced modular audio visual unit{=AMAVU},先进模组视听装置,,2023-01-17
20274494,advanced motion control{=AMC},高级运动控制,,2023-01-17
20274495,advanced network design and management system{=ANDMS},高级网路设计与管理系统,,2023-01-17
20274496,advanced network system architecture{=ANSA},先进网路系统架构,,2023-01-17
20274497,advanced numerical control APT{=ANCA},高级数控自动程控工具,,2023-01-17
20274498,advanced numerical control ART{=ANC ART},高级数值控制ART语言,,2023-01-17
20274499,advanced on-board processor{=AOP},先进机载处理器,,2023-01-17
20274500,advanced operating environment,进阶操作环境,,2023-01-17
20274501,advanced operating facilities{=AOF},高级作业设施,,2023-01-17
20274502,advanced operating system{=AOS},高级作业系统,,2023-01-17
20274503,advanced optical character reader{=AOCR},先进光学字元阅读机,,2023-01-17
20274504,advanced optical character recognition{=AOCR},高级光学字元识别,,2023-01-17
20274505,advanced optical disc,进阶光碟,,2023-01-17
20274506,advanced orbital launch operation,高级轨道发射操作,,2023-01-17
20274507,advanced packaging tool{=APT},进阶打包工具,,2023-01-17
20274508,advanced peer to peer internetworking,先进同级间网际网路,,2023-01-17
20274509,advanced peer to peer networking{=APPN},先进同级间网路连结；先进同级间联网,,2023-01-17
20274510,advanced persistent threat{=APT},进阶持续性渗透攻击,,2023-01-17
20274511,advanced photo system,进阶照像系统,,2023-01-17
20274512,advanced placement program{=APP},高级布局程式,,2023-01-17
20274513,advanced planner and optimizer,进阶计划与最佳化器,,2023-01-17
20274514,advanced power management{=APM},先进电力管理,,2023-01-17
20274515,advanced printer function{=APF},高级列印机功能,,2023-01-17
20274516,advanced procedure,高级程序,,2023-01-17
20274517,advanced program to program communication,先进程式对程式通信,,2023-01-17
20274518,advanced query,高级查询,,2023-01-17
20274519,advanced radio data information service,进阶无线电数据资讯服务,,2023-01-17
20274520,advanced real time processing system{=ARPS},先进即时处理系统,,2023-01-17
20274521,advanced realtime thread,进阶即时执行绪,,2023-01-17
20274522,advanced reconfigurable computer system{=ARCS},高级可重组态电脑系统,,2023-01-17
20274523,advanced reconnaissance satellite,高级侦察卫星,,2023-01-17
20274524,advanced record system{=ARS},先进记录系统,,2023-01-17
20274525,advanced reentry program{=ARP},先进的再入程式,,2023-01-17
20274526,advanced remote display station{=ARDS},高级远程显示站,,2023-01-17
20274527,advanced remote job entry{=ARJE},高级远程工件登录,,2023-01-17
20274528,advanced report author,进阶报表制作程式,,2023-01-17
20274529,advanced research planning document{=ARPD},高级研究计划文件,,2023-01-17
20274530,advanced research project agency network{=ARPAnet},（美国国防部）ARPA网路,,2023-01-17
20274531,advanced research projects agency network{=ARPANET},高级研究规划局网路,,2023-01-17
20274532,advanced research projects agency{=ARPA},高级研究规划局；高级研究规划局网路,,2023-01-17
20274533,advanced revelation,AREV 资料库开发环境,,2023-01-17
20274534,advanced RISC computing specification,高阶 RISC 计算规格,,2023-01-17
20274535,advanced RISC machine,进阶精简指令集机器；安谋电脑,,2023-01-17
20274536,advanced scientific array processor{=ASAP},高级科学阵列处理机,,2023-01-17
20274537,advanced scientific computer{=ASC},高级科学计算机,,2023-01-17
20274538,advanced scientific instrument{=ASI},高级科学仪器,,2023-01-17
20274539,advanced SCSI peripheral interface,高阶 SCSI 周边介面；ASPI 介面,,2023-01-17
20274540,advanced SCSI programming interface{=ASPI},高级小电脑系统介面程式设计介面,,2023-01-17
20274541,advanced seismic computer{=ASC},高级地震计算机,,2023-01-17
20274542,Advanced Semiconductor Material Lithography{=ASML},艾司摩尔半导体公司,,2023-01-17
20274543,advanced signal processing system,高级信号处理系统,,2023-01-17
20274544,advanced signal processing{=ASP},高级信号处理,,2023-01-17
20274545,advanced signal processor{=ASP},高级信号处理机,,2023-01-17
20274546,advanced simulation center{=ASC},高级模拟中心,,2023-01-17
20274547,advanced simulation facility{=ASF},先进模拟设施,,2023-01-17
20274548,advanced software,高级软体,,2023-01-17
20274549,advanced software environment,ASE 软体环境,,2023-01-17
20274550,advanced software facility,高级软体设施,,2023-01-17
20274551,advanced software system{=ADSS},高级软体系统,,2023-01-17
20274552,advanced solid logic technology{=ASLT},先进固体逻辑技术,,2023-01-17
20274553,advanced sort,进阶排序,,2023-01-17
20274554,advanced static test recording apparatus{=ASTRA},高级静态测试记录仪器,,2023-01-17
20274555,advanced station,先行站,,2023-01-17
20274556,advanced statistical analysis program{=ASTAP},高级统计分析程式,,2023-01-17
20274557,advanced streaming format,进阶串流格式,,2023-01-17
20274558,advanced structural analyzer{=ASTRA},高级结构分析程式,,2023-01-17
20274559,advanced support processor{=ASP},先进支援处理机,,2023-01-17
20274560,advanced system architecture,高级系统架构,,2023-01-17
20274561,advanced system data processing simulation{=ASDPSIM},高级系统资料处理模拟,,2023-01-17
20274562,advanced system engineering{=ASE},高级系统工程,,2023-01-17
20274563,advanced system research{=ASR},高级系统研究,,2023-01-17
20274564,advanced system{=AS},高级系统,,2023-01-17
20274565,advanced systems development division{=ASDD},先进系统开发部,,2023-01-17
20274566,advanced systems inc.,先进系统公司,,2023-01-17
20274567,advanced systems management system{=ASMS},高级系统管理系统,,2023-01-17
20274568,advanced table lookup{=ATL},先进查表法,,2023-01-17
20274569,advanced technology attachment interface with extensions,ATA-2 介面,,2023-01-17
20274570,advanced technology attachment packet interface,进阶技术附件分封介面,,2023-01-17
20274571,advanced technology attachment{=ATA},先进技术附件,,2023-01-17
20274572,advanced technology extended,ATX 主机板规格,,2023-01-17
20274573,advanced technology{=AT},先进技术,,2023-01-17
20274574,advanced teleprocessing system{=ATS},先进电传处理系统,,2023-01-17
20274575,advanced television enhancement forum,高阶电视增强论坛,,2023-01-17
20274576,advanced television system commission,高阶电视系统委员会,,2023-01-17
20274577,advanced television systems committee,高阶电视系统委员会,,2023-01-17
20274578,advanced television{=ATV},高级电视,,2023-01-17
20274579,advanced terminal controller{=ATC},先进终端控制器,,2023-01-17
20274580,advanced terminal management system{=ATMS},先进终端管理系统,,2023-01-17
20274581,advanced through the lens flash metering,先进镜后闪光计量,,2023-01-17
20274582,advanced use,高阶使用,,2023-01-17
20274583,advanced users terminal{=AUT},高级用户终端机,,2023-01-17
20274584,advanced utility,先进公用程式,,2023-01-17
20274585,advanced vertical,高阶垂直,,2023-01-17
20274586,advanced very high resolution radiometer{=AVHRR},先进超高解析辐射计,,2023-01-17
20274587,advanced video CODEC,高阶视讯编解码器,,2023-01-17
20274588,advanced video coding{=AVC},进阶视讯编码,,2023-01-17
20274589,advanced waveffect{=AWE},先进波形效果,,2023-01-17
20274590,advanced wireless service,先进无线服务,,2023-01-17
20274591,advanced-level user,高阶用户,,2023-01-17
20274592,advancing colour,前进色,,2023-01-17
20274593,advancing page,导前页,,2023-01-17
20274594,advancing phrase,导前片语,,2023-01-17
20274595,advancing shoring method,先进支撑工法,,2023-01-17
20274596,Advantage Gen,Advantage Gen 语言,,2023-01-17
20274597,advective duct,对流性波导,,2023-01-17
20274598,advenced graphics port,高阶图形埠,,2023-01-17
20274599,Adventure,Adventure 游戏,,2023-01-17
20274600,adventure definition language,ADL 游戏语言,,2023-01-17
20274601,adversary,敌手,,2023-01-17
20274602,advertisement,广告,,2023-01-17
20274603,advertisement model element,广告模型元件,,2023-01-17
20274604,advertiser supported software,广告商支持软体,,2023-01-17
20274605,advertising supported software,广告支援的软体,,2023-01-17
20274606,advertising terminology on the internet,网际网路广告术语,,2023-01-17
20274607,advertorial,社论式广告；主文内广告,,2023-01-17
20274608,advice,参考说明,,2023-01-17
20274609,advice added to delineation,略图参考说明,,2023-01-17
20274610,advice language,指导语言,,2023-01-17
20274611,advice of allotment,分配建议,,2023-01-17
20274612,advice of charge,计费通知；计费资料显示,,2023-01-17
20274613,advice of charge charging,计费费用通知,,2023-01-17
20274614,advice of charge information,计费资讯通知,,2023-01-17
20274615,advice taking,取得参考,,2023-01-17
20274616,advisor,顾问,,2023-01-17
20274617,advisor business oriented language{=ABOL},咨询业务导向语言,,2023-01-17
20274618,advisory,咨询性；咨询,,2023-01-17
20274619,advisory board,咨询会,,2023-01-17
20274620,advisory circular,咨询循环,,2023-01-17
20274621,advisory committee on reactor safeguards,反应器安全保护咨询委员会,,2023-01-17
20274622,advisory council on science policy{=ACSP},科学政策咨询委员会,,2023-01-17
20274623,advisory engineer,咨询工程师,,2023-01-17
20274624,advisory group on electronic devices{=AGED},电子装置咨询小组,,2023-01-17
20274625,advisory information,咨询资讯,,2023-01-17
20274626,advisory lock,劝导锁定,,2023-01-17
20274627,advisory route,建议路线,,2023-01-17
20274628,advisory service,咨询服务,,2023-01-17
20274629,advisory system,咨询系统,,2023-01-17
20274630,ADVSYS,ADVSYS 游戏语言,,2023-01-17
20274631,adware,广告软体,,2023-01-17
20274632,AE indicator,位址赋能指示符,,2023-01-17
20274633,Aegis,AEGIS 作业系统,,2023-01-17
20274634,Aeolus,Aeolus 语言,,2023-01-17
20274635,aerial,架空；天线,,2023-01-17
20274636,aerial array,天线阵列,,2023-01-17
20274637,aerial attenuator,天线衰减器,,2023-01-17
20274638,aerial balance,天线平衡,,2023-01-17
20274639,aerial bare line,架空裸线,,2023-01-17
20274640,aerial cable,架空电缆,,2023-01-17
20274641,aerial image,空中影像,,2023-01-17
20274642,aerial insert,架空插入,,2023-01-17
20274643,aerial lead-in,架空引入,,2023-01-17
20274644,aerial line,架空线,,2023-01-17
20274645,aerial network,天线网路；架空网路,,2023-01-17
20274646,aerial optical cable,空中光缆,,2023-01-17
20274647,aerial perspective,空中透视,,2023-01-17
20274648,aerial photography,空中照相术,,2023-01-17
20274649,aerial radio,航空无线电,,2023-01-17
20274650,aerial rotating equipment,天线旋转设备；天线转动设备,,2023-01-17
20274651,aerial switching,天线交换,,2023-01-17
20274652,aerial system,天线系统,,2023-01-17
20274653,aerial telegraph conductor,架空电报导线,,2023-01-17
20274654,aerodiscone antenna,机载盘锥形天线,,2023-01-17
20274655,aerodrome control radio,机场控制无线电；机场管制无线电,,2023-01-17
20274656,aerodynamics,气体动态学,,2023-01-17
20274657,aerograph,喷笔,,2023-01-17
20274658,aeronautical advisory station,航空咨询站,,2023-01-17
20274659,aeronautical broadcast service,航空广播服务,,2023-01-17
20274660,aeronautical broadcasting station,航空广播站,,2023-01-17
20274661,aeronautical communication,航空通信,,2023-01-17
20274662,aeronautical communication station,航空通信站,,2023-01-17
20274663,aeronautical communication system abbreviation,航空通讯系统缩写,,2023-01-17
20274664,aeronautical communications satellite,航空通信卫星,,2023-01-17
20274665,aeronautical computer laboratory{=ACL},航空计算机实验室,,2023-01-17
20274666,aeronautical emergency frequency,航空紧急频率,,2023-01-17
20274667,aeronautical fixed service,航空固定服务,,2023-01-17
20274668,aeronautical fixed station,航空固定站,,2023-01-17
20274669,aeronautical fixed telecommunication network,导航用固定电信网路,,2023-01-17
20274670,aeronautical fixed telecommunications network{=AFTN},固定航空电讯网路,,2023-01-17
20274671,aeronautical ground radio station,航空用无线电基地台,,2023-01-17
20274672,aeronautical marker beacon station,航空标志信标站,,2023-01-17
20274673,aeronautical mobile radio service,航空行动无线电服务,,2023-01-17
20274674,aeronautical mobile satellite,航空行动卫星,,2023-01-17
20274675,aeronautical mobile service{=AMS},航空移动服务,,2023-01-17
20274676,aeronautical multicom land station,航空多台通信地面站,,2023-01-17
20274677,aeronautical multicom mobile station,航空多台通信移动站,,2023-01-17
20274678,aeronautical multicom service,航空多台通信服务,,2023-01-17
20274679,aeronautical navigational radio service,航空导航无线电服务,,2023-01-17
20274680,aeronautical radio,航空无线电,,2023-01-17
20274681,aeronautical radio beacon,航空无线电信标,,2023-01-17
20274682,aeronautical radio beacon station,航空无线电信标站,,2023-01-17
20274683,aeronautical radio incorporated,航空无线电公司,,2023-01-17
20274684,aeronautical radio navigation mobile station,航空无线电导航行动电台,,2023-01-17
20274685,aeronautical radio navigation service,航空无线电导航服务,,2023-01-17
20274686,aeronautical radio service,航空无线电服务,,2023-01-17
20274687,aeronautical radio station,航空无线电台,,2023-01-17
20274688,aeronautical satellite communication,航空卫星通信,,2023-01-17
20274689,aeronautical satellite communications center{=ASCC},航空卫星通讯中心,,2023-01-17
20274690,aeronautical station,航空站,,2023-01-17
20274691,aeronautical station master log,航空站主日志,,2023-01-17
20274692,aeronautical telecommunication,航空电信,,2023-01-17
20274693,aeronautical telecommunication agency,航空电信机构,,2023-01-17
20274694,aeronautical telecommunication log,航空电信日志,,2023-01-17
20274695,aeronautical telecommunication service,航空电信服务,,2023-01-17
20274696,aeronautical telemetering,航空遥测,,2023-01-17
20274697,aeronautical telemetering land station,航空遥测地面站,,2023-01-17
20274698,aeronautical telemetering mobile station,航空遥测移动站,,2023-01-17
20274699,aeronautical utility land station,航空通用地面站,,2023-01-17
20274700,aeronautical utility mobile station,航空通用移动站,,2023-01-17
20274701,aeronautics and space,航空及太空；航太,,2023-01-17
20274702,"aeronautics and space, aerospace",航空及太空；航太,,2023-01-17
20274703,aerophare,无线电信标；航空指示灯,,2023-01-17
20274704,aerophone,空中电话,,2023-01-17
20274705,aeroplane rule,航空器规则,,2023-01-17
20274706,aeroplane station,飞机电台,,2023-01-17
20274707,aerosol,喷雾装,,2023-01-17
20274708,aerospace,航太,,2023-01-17
20274709,aerospace business environment simulator{=ABES},航空作业环境模拟器,,2023-01-17
20274710,aerospace computer,太空计算机,,2023-01-17
20274711,aerospace computer program{=ACP},太空计算机程式；航空计算机程式,,2023-01-17
20274712,aerospace defense command{=ADCOM},太空防卫命令；航空防卫命令,,2023-01-17
20274713,aerospace digital development{=ADD},太空数位开发；航空数位开发,,2023-01-17
20274714,aerospace engineering,太空工程,,2023-01-17
20274715,aerospace ground support equipment{=AGE},太空地面支援设备；航空地面支援设备,,2023-01-17
20274716,aerospace hybrids,太空用并合电路,,2023-01-17
20274717,aerospace industries association{=AIA},航空工业协会,,2023-01-17
20274718,aerospace intelligence data system{=AIDS},太空智慧资料系统；航空智慧资料系统,,2023-01-17
20274719,aerospace program oriented language{=APOL},太空程式导向语言；航空程式导向语言,,2023-01-17
20274720,aerospace safety research and data institute{=ASRDI},航空安全研究与资料研究所,,2023-01-17
20274721,aerospace traffic control center{=ATCC},航空交通控制中心,,2023-01-17
20274722,aerostat radar,飞船载装雷达,,2023-01-17
20274723,A-EXCEPT-B gate,A 惟非 B 闸；A 与非 B 闸,,2023-01-17
20274724,AFAIK,就我所知,,2023-01-17
20274725,AFC call staff room{=ASR},自动收费维修员工室,,2023-01-17
20274726,AFC room,票证设备室,,2023-01-17
20274727,AFC time constant,AFC 时间常数,,2023-01-17
20274728,affected signaling point,受影响之信号点,,2023-01-17
20274729,affected subsystem number,受影响之子系统号码,,2023-01-17
20274730,affective computing,情绪计算,,2023-01-17
20274731,Affero General Public License,Affero 通用公共授权条款；阿菲罗通用公共许可证,,2023-01-17
20274732,affiliate,联盟,,2023-01-17
20274733,affiliate program,联盟计划,,2023-01-17
20274734,affiliation element,所属组织元素,,2023-01-17
20274735,affine cipher,仿射密码,,2023-01-17
20274736,affine mapping,仿射映像,,2023-01-17
20274737,affine transformation,仿射变换,,2023-01-17
20274738,affine type,仿射型式,,2023-01-17
20274739,affinity,相似；亲和力；仿射性,,2023-01-17
20274740,affinity group,同质群组；亲和团体,,2023-01-17
20274741,affirmation,收信确认,,2023-01-17
20274742,affirmative acknowledgement,肯定应答,,2023-01-17
20274743,affirmative response,肯定回应,,2023-01-17
20274744,affix,附标,,2023-01-17
20274745,affix grammar,缀词文法,,2023-01-17
20274746,affordance,可视线索,,2023-01-17
20274747,aficionado,迷；酷爱,,2023-01-17
20274748,AFIPS,美国资讯处理协会联盟,,2023-01-17
20274749,aflex,aflex 扫描产生器,,2023-01-17
20274750,AFP conversion and indexing facility,AFP 转换与索引设施,,2023-01-17
20274751,AFP font collection,AFP 字型集,,2023-01-17
20274752,AFP printer driver,AFP 列印机驱动器,,2023-01-17
20274753,AFP reblocking program,AFP 重组区块程式,,2023-01-17
20274754,AFP resources,AFP 资源,,2023-01-17
20274755,AFP statistics report,AFP 统计报表,,2023-01-17
20274756,AFP toolbox,AFP 工具箱,,2023-01-17
20274757,AFP upload,AFP 上载,,2023-01-17
20274758,AFP viewer plug-in,先进功能演示观察器外挂程式；先进功能列印观察器外挂程式,,2023-01-17
20274759,AFP workbench for Windows,AFP 视窗版工作台,,2023-01-17
20274760,AFP workbench Viewer,AFP 工作台观察器,,2023-01-17
20274761,AFR,自动格式组织,,2023-01-17
20274762,African network information center{=AfriNIC},非洲网路资讯中心,,2023-01-17
20274763,after baking,二次焙烧,,2023-01-17
20274764,after care,维修,,2023-01-17
20274765,after change,变更后,,2023-01-17
20274766,after cost,事后成本；后续成本,,2023-01-17
20274767,after effect,后效,,2023-01-17
20274768,after etching,残余腐蚀,,2023-01-17
20274769,after exposure,后期曝光,,2023-01-17
20274770,after frame,后框,,2023-01-17
20274771,after glow,余辉,,2023-01-17
20274772,after heating,后余热,,2023-01-17
20274773,after image,余像；后像；残留影像,,2023-01-17
20274774,after image journal,余像日志,,2023-01-17
20274775,after image journaling,余像日志登载,,2023-01-17
20274776,after journal,后日志,,2023-01-17
20274777,after look journalising,视后日志登载,,2023-01-17
20274778,after PCs,后个人电脑时代,,2023-01-17
20274779,after phrase,后片语,,2023-01-17
20274780,after pulse,后脉波,,2023-01-17
20274781,after receipt of order{=ARO},定单接收后,,2023-01-17
20274782,after recording,后期录音法,,2023-01-17
20274783,after reload,重新载入后,,2023-01-17
20274784,after service,售后服务,,2023-01-17
20274785,after space,后空白行,,2023-01-17
20274786,after specification,后规格,,2023-01-17
20274787,after table,后工作台,,2023-01-17
20274788,after the fact,事后,,2023-01-17
20274789,after treatment,后处理,,2023-01-17
20274790,after update,更新后,,2023-01-17
20274791,afterburner,后燃烧室,,2023-01-17
20274792,afterimage,后像；余像；残留影像,,2023-01-17
20274793,aftermarket,售后市场,,2023-01-17
20274794,aftermarket firmware,售后市场韧体,,2023-01-17
20274795,afterword,后记,,2023-01-17
20274796,against the light,背光,,2023-01-17
20274797,AGC power amplifier{=APA},自动增益功率放大器,,2023-01-17
20274798,age,老化,,2023-01-17
20274799,age code,帐龄码,,2023-01-17
20274800,age verification service,年龄验证服务,,2023-01-17
20274801,aged,老化,,2023-01-17
20274802,aged key,陈年金钥,,2023-01-17
20274803,aged packet,老化小包,,2023-01-17
20274804,aged trial balance,帐龄试算表,,2023-01-17
20274805,ageing,老化,,2023-01-17
20274806,agelbraic code-excited linear prediction{=ACELP},代数码活跃线性预测,,2023-01-17
20274807,Agence France Press,法新社,,2023-01-17
20274808,agency,机构；署；局,,2023-01-17
20274809,agency CA,代理证明机构,,2023-01-17
20274810,agency for international development{=AID},国际开发总署,,2023-01-17
20274811,agency name,代理商名称,,2023-01-17
20274812,agency theory,代理者理论,,2023-01-17
20274813,agenda,活动预计表,,2023-01-17
20274814,agent,代理者,,2023-01-17
20274815,agent architecture,代理架构,,2023-01-17
20274816,agent communication language,代理通信语言,,2023-01-17
20274817,agent name delivery,代理名称递送,,2023-01-17
20274818,agent policy manager,代理政策管理器,,2023-01-17
20274819,agent team,代理团队,,2023-01-17
20274820,agent technology,代理技术,,2023-01-17
20274821,agent turnover,业务代理流动,,2023-01-17
20274822,agent-based software engineering,代理人基软体工程,,2023-01-17
20274823,agent-based system,代理人基系统,,2023-01-17
20274824,agentless,无代理,,2023-01-17
20274825,agent-oriented programming,代理人导向程式设计,,2023-01-17
20274826,agglomeration,凝集,,2023-01-17
20274827,aggregate,聚合,,2023-01-17
20274828,aggregate assignment,集合赋值,,2023-01-17
20274829,aggregate bit rate,集合位元率,,2023-01-17
20274830,aggregate channel,集合通道,,2023-01-17
20274831,aggregate expression,聚合表式,,2023-01-17
20274832,aggregate field,聚合栏,,2023-01-17
20274833,aggregate function,聚合函数,,2023-01-17
20274834,aggregate location,聚合位置链结,,2023-01-17
20274835,aggregate location link,聚合位置链接,,2023-01-17
20274836,aggregate notation,聚合记法,,2023-01-17
20274837,aggregate object,聚合物件,,2023-01-17
20274838,aggregate output,聚合输出,,2023-01-17
20274839,aggregate point of presence with gigabit capacity,吉（十亿）传输汇集点,,2023-01-17
20274840,aggregate query,汇总查询,,2023-01-17
20274841,aggregate reversals,聚合反向,,2023-01-17
20274842,aggregate signal,聚合信号,,2023-01-17
20274843,aggregate speed,聚合速率,,2023-01-17
20274844,aggregate traversal,聚合遍历,,2023-01-17
20274845,aggregate type,聚合型,,2023-01-17
20274846,aggregate value,聚合值,,2023-01-17
20274847,aggregation,聚合,,2023-01-17
20274848,aggregation effect,聚合效应,,2023-01-17
20274849,aggregation hierarchy,聚合阶层,,2023-01-17
20274850,aggregation problem,聚合问题,,2023-01-17
20274851,aggregator,聚合器,,2023-01-17
20274852,aggressive device,主动装置,,2023-01-17
20274853,agile,敏捷,,2023-01-17
20274854,agile alliance,敏捷联盟,,2023-01-17
20274855,agile applet,灵巧小型应用程式,,2023-01-17
20274856,agile development,敏捷式开发,,2023-01-17
20274857,agile manifesto,敏捷宣言,,2023-01-17
20274858,agile programming,敏捷程式设计,,2023-01-17
20274859,agile radar,灵巧雷达,,2023-01-17
20274860,agile software development,灵巧软体开发,,2023-01-17
20274861,Agilent,安捷伦公司,,2023-01-17
20274862,agility,灵巧,,2023-01-17
20274863,aging,老化,,2023-01-17
20274864,aging effect,老化效应,,2023-01-17
20274865,aging failure,老化故障,,2023-01-17
20274866,aging periods,帐龄期间,,2023-01-17
20274867,aging time,老化时间,,2023-01-17
20274868,agitation,扰动,,2023-01-17
20274869,agitation error,扰动误差,,2023-01-17
20274870,AGL,AGL 程式语言,,2023-01-17
20274871,AGM theory for belief revision,信念修正之AGM理论,,2023-01-17
20274872,AGORA,AGORA 分散式物件导向语言,,2023-01-17
20274873,AGP 1x,AGP 1x 加速图形埠,,2023-01-17
20274874,AGP 2x,AGP 2x 加速图形埠,,2023-01-17
20274875,AGP 4x,AGP 4x 加速图形埠,,2023-01-17
20274876,AGP 8x,AGP 8x 加速图形埠,,2023-01-17
20274877,AGP Aperture,AGP 加速图形埠孔径,,2023-01-17
20274878,AGP Pro,AGP Pro 加速图形埠,,2023-01-17
20274879,agree,议定（资讯安全）,,2023-01-17
20274880,agreed,已议定（资讯安全）,,2023-01-17
20274881,agreed indication,统一指示,,2023-01-17
20274882,agreed service time,同意之服务时间,,2023-01-17
20274883,agreement,协定,,2023-01-17
20274884,agreement group,协定团体,,2023-01-17
20274885,agricultural information online access,农业资讯线上存取,,2023-01-17
20274886,agument transfer instruction,引数转移指令,,2023-01-17
20274887,ahead of schedule,计划进度超前,,2023-01-17
20274888,AI,人工智慧,,2023-01-17
20274889,AI assistant,人工智慧助理,,2023-01-17
20274890,AI complete problem,人工智慧完全问题,,2023-01-17
20274891,AI fake,人工智慧伪造,,2023-01-17
20274892,AI language,人工智慧语言,,2023-01-17
20274893,AI markup language{=AIML},人工智慧标示语言,,2023-01-17
20274894,AI programming,人工智慧程式设计,,2023-01-17
20274895,AI programming language,人工智慧程式设计语言,,2023-01-17
20274896,AI robot,人工智慧机器人,,2023-01-17
20274897,AI system,人工智慧系统,,2023-01-17
20274898,AI winter,人工智慧寒冬,,2023-01-17
20274899,AIDA,AIDA 语言,,2023-01-17
20274900,AIDBA,广告传播之五步骤,,2023-01-17
20274901,aided range gearing,辅助距离传动,,2023-01-17
20274902,aided range tracking,辅助距离追踪,,2023-01-17
20274903,aided tracking,辅助追踪,,2023-01-17
20274904,aided tracking mechanism,辅助追踪机构,,2023-01-17
20274905,aided tracking system,辅助追踪系统,,2023-01-17
20274906,AIDS,AIDS 病毒,,2023-01-17
20274907,aids distribution list{=ADL},辅助分配表,,2023-01-17
20274908,aids service,辅助服务,,2023-01-17
20274909,A-IGNORE-B gate,A 忽略 B 闸,,2023-01-17
20274910,Aiken relay calculator{=ARC},艾肯继电器式计算器,,2023-01-17
20274911,aiming beam,目标光束,,2023-01-17
20274912,aiming circle,目标圆；瞄准圈,,2023-01-17
20274913,aiming field,目标栏,,2023-01-17
20274914,aiming symbol,目标符号；瞄准符号,,2023-01-17
20274915,A-IMPLIES-B gate,A 蕴含 B 闸,,2023-01-17
20274916,AIR,AIR 红外线标准,,2023-01-17
20274917,air bearing disk,空气轴承磁碟,,2023-01-17
20274918,air bell,气铃,,2023-01-17
20274919,air blade coating,气刀涂布,,2023-01-17
20274920,air blast,气爆,,2023-01-17
20274921,air boundary layer,空气分界层,,2023-01-17
20274922,air brake governor proving{=ABGP},煞车验证调节器,,2023-01-17
20274923,air brake governor release{=ABGR},煞车释放调节器,,2023-01-17
20274924,air breather,通风装置,,2023-01-17
20274925,air brush coating,气刷被覆,,2023-01-17
20274926,air buoyancy correction,空气浮力修正,,2023-01-17
20274927,air burst,空中爆发,,2023-01-17
20274928,air check,广播核对,,2023-01-17
20274929,air circuit breaker switch gear,空气断路器开关装置,,2023-01-17
20274930,air circuit breaker{=ACB},空气断路器,,2023-01-17
20274931,air compressor,空气压缩器,,2023-01-17
20274932,air compressor circuit breaker{=CB07},空气压缩器断路器,,2023-01-17
20274933,air compressor control relay,空气压缩机控制继电器；空气压缩器控制电驿,,2023-01-17
20274934,air compressor cutoff pressure switch,空气压缩机切断压力开关；空气压缩器切断开关,,2023-01-17
20274935,air compressor fault pressure switch,空气压缩机故障压力开关；空压机故障压力开关,,2023-01-17
20274936,air compressor motor circuit breaker{=CMCB},空气压缩机马达断路器,,2023-01-17
20274937,air compressor motor contactor{=ACMC},空压机马达接触器,,2023-01-17
20274938,air compressor starter resistor time,空气压缩机启动电阻器时间；空压机启动电阻延时,,2023-01-17
20274939,air compressor starting pressure switch,空气压缩机启动压力开关；空压机启动压力开关,,2023-01-17
20274940,air condition circuit breaker{=ACB},空调断路器,,2023-01-17
20274941,air condition equipment contactor,空调设备接触器；空调接触器,,2023-01-17
20274942,air condition equipment fuse,空调设备保险丝；空调保险丝,,2023-01-17
20274943,air condition fault,空调故障,,2023-01-17
20274944,air condition system,空调系统,,2023-01-17
20274945,air conditioner fault relay,空调故障继电器；空调故障电驿,,2023-01-17
20274946,air conditioner on relay{=ACOR},空调继电器,,2023-01-17
20274947,air conditioning overload,空调超载；空调过载,,2023-01-17
20274948,air conditioning room,空调室,,2023-01-17
20274949,air conditioning system,空调系统,,2023-01-17
20274950,air conditioning{=AC},空调,,2023-01-17
20274951,air conduction,空气传导,,2023-01-17
20274952,air control authority,空中管理局,,2023-01-17
20274953,air cooled water chiller{=ACH},气冷式冰水主机,,2023-01-17
20274954,air cooled{=AC},空气冷却,,2023-01-17
20274955,air cooler,空气冷却器,,2023-01-17
20274956,air cooling,气冷,,2023-01-17
20274957,air curtain fan{=ACF},空气幕风机,,2023-01-17
20274958,air cushion,空气垫,,2023-01-17
20274959,air data,大气资料,,2023-01-17
20274960,air data computer,大气资料计算机,,2023-01-17
20274961,air data processor,大气资料处理机,,2023-01-17
20274962,air date,播送日期,,2023-01-17
20274963,air defense,防空,,2023-01-17
20274964,air defense computer,防空计算机,,2023-01-17
20274965,air defense radar,防空雷达,,2023-01-17
20274966,air dielectric coaxial cable,空气绝缘同轴电缆,,2023-01-17
20274967,air discharge method,空气放电法,,2023-01-17
20274968,air doctor dampening system,空气括刀润湿系统,,2023-01-17
20274969,air drier,空气干燥器,,2023-01-17
20274970,air duct,通风导管,,2023-01-17
20274971,air eraser,擦版气笔,,2023-01-17
20274972,air film slide table,气膜滑台,,2023-01-17
20274973,air filter,空气过滤器,,2023-01-17
20274974,air floated magnetic head,空气浮动磁头,,2023-01-17
20274975,air floating head,气浮头,,2023-01-17
20274976,air flow rate,气流率,,2023-01-17
20274977,air flow sensor,气流感测器,,2023-01-17
20274978,air flow type ink-jet printing head,气流型墨喷印刷头,,2023-01-17
20274979,air force,空军,,2023-01-17
20274980,air force association,空军协会,,2023-01-17
20274981,air force coding system{=AFCS},空军编码系统,,2023-01-17
20274982,air force communication service{=AFCS},空军通信服务,,2023-01-17
20274983,air force communication station,空军通信站,,2023-01-17
20274984,air force communication system{=AFCS},空军通讯系统,,2023-01-17
20274985,air force communication{=AFCOM},空军通信,,2023-01-17
20274986,air force communications system,空军通信系统,,2023-01-17
20274987,air force computer acquisition office{=AFCAO},空军计算机采购处,,2023-01-17
20274988,air force computer program library{=AFCPL},空军计算机程式馆；空军计算机程式库,,2023-01-17
20274989,air force cryptographic code system,空军密码系统,,2023-01-17
20274990,air force data automation agency{=AFDAA},空军资料自动化局,,2023-01-17
20274991,air force data communication system{=AFDATACOM},空军资料通信系统,,2023-01-17
20274992,air force data services center{=AFDSC},空军资料服务中心,,2023-01-17
20274993,air force data system design center{=AFDSDC},空军资料系统设计中心,,2023-01-17
20274994,air force electronic data processing center{=AFEDPC},空军电子资料处理中心,,2023-01-17
20274995,air force intelligence data handling system{=AIDS},空军情报资料处理系统；空军情报数据处理系统,,2023-01-17
20274996,air force office of scientific research{=AFOSR},空军科学研究处,,2023-01-17
20274997,air force online data system{=AFOLDS},空军线上资料系统,,2023-01-17
20274998,air force technical applications center{=AFTAC},空军技术应用中心,,2023-01-17
20274999,air force test and evaluation center{=AFTEC},空军测试与评价中心,,2023-01-17
20275000,air gap{=AG},气隙,,2023-01-17
20275001,air handling unit{=AHU},空调箱,,2023-01-17
20275002,air hole,气孔,,2023-01-17
20275003,air hose,气压管,,2023-01-17
20275004,air indicator,气动指针,,2023-01-17
20275005,air inlet/outlet,空气入口或空气出口,,2023-01-17
20275006,air insulated monolithic{=AIM},空气绝缘单石,,2023-01-17
20275007,air insulated switch gear{=AIS},空气绝缘开关箱,,2023-01-17
20275008,air interface,空中介面；无线介面,,2023-01-17
20275009,air isolated monolithic circuit{=AIMC},空气隔离单石电路,,2023-01-17
20275010,air isolation,空气隔离,,2023-01-17
20275011,air knife,气刀,,2023-01-17
20275012,air leakage,气漏,,2023-01-17
20275013,air lens,空气透镜,,2023-01-17
20275014,air link,空中链路,,2023-01-17
20275015,air lubricated guide,空气润滑导轨,,2023-01-17
20275016,air mass{=AM},空气质量,,2023-01-17
20275017,air master,播放用主档,,2023-01-17
20275018,air material command compiler,AIMACO 语言,,2023-01-17
20275019,air medium,广播媒体,,2023-01-17
20275020,air mouse,虚拟飞行滑鼠,,2023-01-17
20275021,air movement data{=AMD},飞行资料,,2023-01-17
20275022,air moving devices{=AMDS},气动装置,,2023-01-17
20275023,air navigation computer,航空导航计算机,,2023-01-17
20275024,air net,空中网,,2023-01-17
20275025,air operational communications network,航空作业通信网路,,2023-01-17
20275026,air permeability,透气度,,2023-01-17
20275027,air pressure annunciator{=DSAP},空压指示灯,,2023-01-17
20275028,Air Pressure Regulator,气压调节器,,2023-01-17
20275029,air pressure switch,空气压力开关,,2023-01-17
20275030,air printer,无线列印机；无线印表机,,2023-01-17
20275031,air raid shelter,防空避难设备,,2023-01-17
20275032,air ready,备妥播送,,2023-01-17
20275033,air reservoir,空气储存器；蓄压缸,,2023-01-17
20275034,air resistance,空气阻力,,2023-01-17
20275035,air right,空权,,2023-01-17
20275036,air route surveillance radar{=ARSR},航线监视雷达,,2023-01-17
20275037,air route traffic control{=ARTC},空中路线交通控制,,2023-01-17
20275038,air sander,空气洒砂器,,2023-01-17
20275039,air show,电视播送,,2023-01-17
20275040,air speed,空速,,2023-01-17
20275041,air spring,空气弹簧,,2023-01-17
20275042,air surveillance radar,空中监视雷达,,2023-01-17
20275043,air tight seal,气密,,2023-01-17
20275044,air time,播送时间,,2023-01-17
20275045,air to air,空对空,,2023-01-17
20275046,air to air communication,空对空通信,,2023-01-17
20275047,air to ground code{=AGC},空对地通信码,,2023-01-17
20275048,air to ground communication,空对地通信,,2023-01-17
20275049,air traffic,空中交通,,2023-01-17
20275050,air traffic control center,空中交通控制中心,,2023-01-17
20275051,air traffic control communications,空中交通控制通信,,2023-01-17
20275052,air traffic control radar{=ATC radar},空中交通控制雷达,,2023-01-17
20275053,air traffic control system,空中交通控制系统,,2023-01-17
20275054,air traffic control{=ATC},空中交通控制,,2023-01-17
20275055,air transportable earth station,可空运地面站,,2023-01-17
20275056,air tube headset,空气管耳机,,2023-01-17
20275057,air/ground interface simulation{=AGISIM},空地介面模拟,,2023-01-17
20275058,air/ground liaison code{=AGLC},空地联络码,,2023-01-17
20275059,airable,适用电视台,,2023-01-17
20275060,Airbnb,爱彼迎民宿网,,2023-01-17
20275061,airborne command post,航空指挥所,,2023-01-17
20275062,airborne communicator,机载通信装置,,2023-01-17
20275063,airborne computer,机载计算机,,2023-01-17
20275064,airborne data acquisition{=ADAC},机载资料获取,,2023-01-17
20275065,airborne data processor{=ADP},机载资料处理机,,2023-01-17
20275066,airborne data terminal set,机载资料终端装置,,2023-01-17
20275067,airborne digital recorder{=ADR},机载数位记录器,,2023-01-17
20275068,airborne electronic computer,航空电子计算机,,2023-01-17
20275069,airborne integrated data system{=AIDS},机载整合资料系统,,2023-01-17
20275070,airborne integrated display system{=AIDS},机载整合显示系统,,2023-01-17
20275071,airborne light optic fiber technology{=ALOFT},机载光纤技术,,2023-01-17
20275072,airborne line printer{=ALP},航线列印机,,2023-01-17
20275073,airborne meteorological data collection system,机载气象资料收集系统,,2023-01-17
20275074,airborne mouse,虚拟飞行滑鼠,,2023-01-17
20275075,airborne navigation computer{=ANC},机载导航计算机,,2023-01-17
20275076,airborne radar,机载雷达,,2023-01-17
20275077,airborne warning and control system computer,机载警告及控制系统电脑,,2023-01-17
20275078,airborne-based navigation,机载导航；空基导航,,2023-01-17
20275079,airbrush,喷刷；喷漆器,,2023-01-17
20275080,airbrushed strokes,喷枪笔画,,2023-01-17
20275081,aircom system,空军通信系统,,2023-01-17
20275082,air-cored,空气芯,,2023-01-17
20275083,air-cored tag,空气芯标签,,2023-01-17
20275084,aircraft echo,飞行物回波；飞行物雷达回波,,2023-01-17
20275085,aircraft interphone system,航机内通话系统,,2023-01-17
20275086,aircraft launching satellite,航机发射卫星,,2023-01-17
20275087,aircraft to satellite link,飞机对卫星通信链路,,2023-01-17
20275088,aircraft transmitter-receiver,机载收发机,,2023-01-17
20275089,aircraft wireless control,机上无线电控制,,2023-01-17
20275090,air-dry paper,气干纸,,2023-01-17
20275091,air-drying,气干,,2023-01-17
20275092,airfield control communication,机场控制通信,,2023-01-17
20275093,air-floating head,气浮头,,2023-01-17
20275094,airflow,气流,,2023-01-17
20275095,airfoil,翼面,,2023-01-17
20275096,air-ground communication network,地空通信网路,,2023-01-17
20275097,airial density,磁面密度,,2023-01-17
20275098,air-jet coating,喷气涂布,,2023-01-17
20275099,air-knife coating,气刀涂布,,2023-01-17
20275100,airline,航空公司,,2023-01-17
20275101,airline computer tracing system,航线计算机追踪系统,,2023-01-17
20275102,airline electronic engineering commission{=AEEC},航空电子工程委员会,,2023-01-17
20275103,airline reservation system,飞机订票系统,,2023-01-17
20275104,airmail paper,航空信纸,,2023-01-17
20275105,airplane mode,飞行模式,,2023-01-17
20275106,airplane rule,飞机规则,,2023-01-17
20275107,airplay,播放影带,,2023-01-17
20275108,airport simulation,机场模拟,,2023-01-17
20275109,airport surface detection radar,机场地面侦测雷达,,2023-01-17
20275110,airport surveillance radar{=ASR},机场监视雷达,,2023-01-17
20275111,airport traffic controller{=APTC},空中交通控制器,,2023-01-17
20275112,airports council internation,国际航空站协会,,2023-01-17
20275113,air-supported radome,空气支撑天线罩,,2023-01-17
20275114,airwaves,空中电波,,2023-01-17
20275115,airway and air communication service,航线和航空通信服务,,2023-01-17
20275116,airy disc,空气环,,2023-01-17
20275117,AIX operating system,AIX 作业系统,,2023-01-17
20275118,Akamai,阿卡麦公司,,2023-01-17
20275119,akamaize,akama 快速下载法,,2023-01-17
20275120,akick,阿基克；IRC 频道管理员,,2023-01-17
20275121,Akomy,阿克麦方案,,2023-01-17
20275122,Aladdin free public license{=AFPL},阿拉丁免费公共许可证,,2023-01-17
20275123,Alambic,蒸馏器,,2023-01-17
20275124,Alan Turing,Alan Turing,,2023-01-17
20275125,A-language,A 语言,,2023-01-17
20275126,alarm and event{=AE},告警及事件,,2023-01-17
20275127,alarm bell,警铃,,2023-01-17
20275128,alarm box,警报箱,,2023-01-17
20275129,alarm buzzer for door closer,闭门警报蜂鸣器,,2023-01-17
20275130,alarm center,警报中心,,2023-01-17
20275131,alarm check valve{=ACV},警报止回阀,,2023-01-17
20275132,alarm circuit,警报电路,,2023-01-17
20275133,alarm clock,警报时钟,,2023-01-17
20275134,alarm code,警报码,,2023-01-17
20275135,alarm command,告警指令,,2023-01-17
20275136,alarm control{=ALMC},警报控制,,2023-01-17
20275137,alarm controller system{=ACS},警报控制器系统,,2023-01-17
20275138,alarm device,警报装置,,2023-01-17
20275139,alarm dismissal probability,漏警机率,,2023-01-17
20275140,alarm display,警报显示,,2023-01-17
20275141,alarm filtering,警报过滤,,2023-01-17
20275142,alarm free,警报解除,,2023-01-17
20275143,alarm indication monitor{=AIM},警报指示监视器,,2023-01-17
20275144,alarm indication signal,警报指示信号,,2023-01-17
20275145,alarm indicator panel{=AIP},警报指示控制板,,2023-01-17
20275146,alarm master{=ALM},主警报装置,,2023-01-17
20275147,alarm message,警报讯息,,2023-01-17
20275148,alarm monitor computer{=AMC},警报监视器计算机,,2023-01-17
20275149,alarm network,告警网路（数位家庭）,,2023-01-17
20275150,alarm rate,警报率,,2023-01-17
20275151,alarm receiver,警报接收机,,2023-01-17
20275152,alarm relay,警报继电器,,2023-01-17
20275153,alarm return address,警报返回位址,,2023-01-17
20275154,alarm sensor,警报感测器,,2023-01-17
20275155,alarm severity assignment profile,告警严重性指定剖绘,,2023-01-17
20275156,alarm signal,警报信号,,2023-01-17
20275157,alarm switch,警报开关,,2023-01-17
20275158,alarm system,警报系统,,2023-01-17
20275159,alarm unit{=AU},警报装置,,2023-01-17
20275160,alarm{=ALM},警报；警铃,,2023-01-17
20275161,alarmed,警报（资讯安全）,,2023-01-17
20275162,alarmed cable,警报用电缆,,2023-01-17
20275163,alarm-repeated transmission,重复警报传输,,2023-01-17
20275164,A-law,A 法则,,2023-01-17
20275165,A-law companding,A 法则压伸,,2023-01-17
20275166,A-law quantization,A 法则量化,,2023-01-17
20275167,ALBCL card,ALBCL 电源供应卡,,2023-01-17
20275168,albedowave,反照波,,2023-01-17
20275169,album,相簿,,2023-01-17
20275170,album paper,相薄纸,,2023-01-17
20275171,albumen print,蛋白列印,,2023-01-17
20275172,albumin,蛋白,,2023-01-17
20275173,albumin process,蛋白制版法,,2023-01-17
20275174,alcohol,酒精,,2023-01-17
20275175,Alcool 90,Alcool 90 语言,,2023-01-17
20275176,ALCOR,ALCOR 语言,,2023-01-17
20275177,Aldat,Aldat 资料库语言,,2023-01-17
20275178,Aldus Persuasion,Aldus Persuasion 简报程式,,2023-01-17
20275179,ALEF,ALEF 语言,,2023-01-17
20275180,Aleph,Aleph 排版语言,,2023-01-17
20275181,alert,警报信号,,2023-01-17
20275182,alert box,警报盒,,2023-01-17
20275183,alert character,警示字元,,2023-01-17
20275184,Alert Device Code,警示装置代码,,2023-01-17
20275185,alert frequency,警示频率,,2023-01-17
20275186,Alert Level,警告层级,,2023-01-17
20275187,alerting,警示；警讯（资讯安全）,,2023-01-17
20275188,alerting message,警示讯息；告警讯息,,2023-01-17
20275189,alerting signal,警报信号；告警信号,,2023-01-17
20275190,alertoi,警报器,,2023-01-17
20275191,alertor,警报器,,2023-01-17
20275192,Alex,Alex 语言,,2023-01-17
20275193,Alexa in the car,汽车用 Amazon Echo 设备,,2023-01-17
20275194,Alexa Phone,阿雷沙 Phone（智慧手机）,,2023-01-17
20275195,Alexa Rank,阿雷沙 Rank（网站排名）,,2023-01-17
20275196,Alexa Show,阿雷沙 Show,,2023-01-17
20275197,Alexa Spot,阿雷沙 Spot（厨房卧室设备）,,2023-01-17
20275198,Alexa Voice Service,阿雷沙语音服务,,2023-01-17
20275199,Alexis,Alexis 输入规格语言,,2023-01-17
20275200,algebra,代数,,2023-01-17
20275201,algebra of communicating processes,通信处理代数,,2023-01-17
20275202,algebra oriented language,代数导向语言,,2023-01-17
20275203,algebra translator{=ALTRAN},代数翻译器,,2023-01-17
20275204,algebraic,代数,,2023-01-17
20275205,algebraic adder,代数加法器,,2023-01-17
20275206,algebraic calculator language{=ALCAL},代数计算器语言,,2023-01-17
20275207,algebraic code,代数码,,2023-01-17
20275208,algebraic code-excited linear prediction{=ACELP},代数码激励线性预测,,2024-07-17
20275209,algebraic coding,代数编码,,2023-01-17
20275210,algebraic coding theory,代数编码理论,,2023-01-17
20275211,algebraic compiler{=ALCOM},代数编译程式,,2023-01-17
20275212,algebraic data type{=ADT},代数资料类型,,2023-01-17
20275213,algebraic decoder,代数解码器,,2023-01-17
20275214,algebraic decoding,代数解码,,2023-01-17
20275215,algebraic expressing,代数式,,2023-01-17
20275216,algebraic expression,代数表式,,2023-01-17
20275217,algebraic expression manipulation statement,代数表式调处叙述,,2023-01-17
20275218,algebraic formal pattern recognition,代数形式图型识别,,2023-01-17
20275219,algebraic interpretive dialogue{=AID},代数解译对话,,2023-01-17
20275220,algebraic language,代数语言,,2023-01-17
20275221,algebraic linguistics,代数语言学,,2023-01-17
20275222,algebraic logic,代数逻辑,,2023-01-17
20275223,algebraic logic functional language{=ALF},代数逻辑函数语言,,2023-01-17
20275224,algebraic manipulation,代数调处,,2023-01-17
20275225,algebraic manipulation bit,代数调处位元,,2023-01-17
20275226,algebraic manipulation language,代数调处语言,,2023-01-17
20275227,algebraic manipulation package,代数调处套装软体,,2023-01-17
20275228,algebraic multiple error correcting code,代数多错误校正码,,2023-01-17
20275229,algebraic number,实数,,2023-01-17
20275230,algebraic oriented language{=ALGOL},代数导向语言,,2023-01-17
20275231,algebraic product,代数乘积,,2023-01-17
20275232,algebraic programming language,代数规划语言,,2023-01-17
20275233,algebraic semantics,代数语意学,,2023-01-17
20275234,algebraic sign,代数记号,,2023-01-17
20275235,algebraic sign conventions,代数符号规则,,2023-01-17
20275236,algebraic simplification,代数简化,,2023-01-17
20275237,algebraic spatial image restoration,代数空间影像复原,,2023-01-17
20275238,algebraic specification,代数规格,,2023-01-17
20275239,algebraic specification language,代数规格语言,,2023-01-17
20275240,algebraic structure,代数结构,,2023-01-17
20275241,algebraic sum,代数和,,2023-01-17
20275242,algebraic transformation,代数变换,,2023-01-17
20275243,algebraic translator and compiler{=ALTAC},代数翻译器与编译器,,2023-01-17
20275244,algebraic-oriented language{=ALGOL},代数导向语言,,2023-01-17
20275245,algedonic regulation,依据结果调整系统可靠度之规则,,2023-01-17
20275246,ALGOL,ALGOL语言,,2023-01-17
20275247,ALGOL 10,ALGOL 10 语言,,2023-01-17
20275248,ALGOL 50,ALGOL 50语言,,2023-01-17
20275249,ALGOL 58,ALGOL 58 语言,,2023-01-17
20275250,ALGOL 60,ALGOL 60语言,,2023-01-17
20275251,ALGOL 60 Revised,ALGOL 60 语言修订版,,2023-01-17
20275252,ALGOL 68,ALGOL 68 程式语言,,2023-01-17
20275253,ALGOL 68 Revised,ALGOL 68 语言修订版,,2023-01-17
20275254,ALGOL 68C,ALGOL 68C 语言,,2023-01-17
20275255,ALGOL 68-R,ALGOL 68-R 语言,,2023-01-17
20275256,ALGOL 68RS,ALGOL 68RS 语言,,2023-01-17
20275257,ALGOL 68S,ALGOL 68S 程式语言,,2023-01-17
20275258,ALGOL and FORTRAN{=AF},ALGOL 语言和 FORTRAN 语言,,2023-01-17
20275259,ALGOL based associative language,ALGOL为基础相联语言,,2023-01-17
20275260,ALGOL C,ALGOL C 语言,,2023-01-17
20275261,ALGOL compiler{=ALCOM},ALGOL语言编译器,,2023-01-17
20275262,ALGOL computer{=ALCO},ALGOL计算机,,2023-01-17
20275263,ALGOL D,ALGOL D 语言,,2023-01-17
20275264,ALGOL extended for design{=AED},设计用ALGOL扩充语言；设计用延伸ALGOL语言,,2023-01-17
20275265,ALGOL function,ALGOL函数,,2023-01-17
20275266,ALGOL like language,类ALGOL语言,,2023-01-17
20275267,ALGOL like programming language,类ALGOL程式设计语言,,2023-01-17
20275268,ALGOL machine,ALGOL计算机,,2023-01-17
20275269,ALGOL N,ALGOL N 语言,,2023-01-17
20275270,ALGOL real time language{=ARL},ALGOL 即时语言,,2023-01-17
20275271,ALGOL statement,ALGOL叙述,,2023-01-17
20275272,ALGOL W,ALGOL W 语言,,2023-01-17
20275273,ALGOL X,ALGOL X 语言,,2023-01-17
20275274,ALGOL Y,ALGOL Y 语言,,2023-01-17
20275275,algorithm analysis,演算法分析,,2023-09-20
20275276,algorithm based fault tolerance,以演算法为本的错误容忍,,2023-01-17
20275277,algorithm BSTW,演算法 BSTW,,2023-01-17
20275278,algorithm chart,演算法图,,2024-02-01
20275279,algorithm comparison,演算法比较,,2023-01-17
20275280,algorithm complexity,演算法复杂性,,2023-01-17
20275281,algorithm convergence,演算法收敛,,2023-09-20
20275282,algorithm decoder,演算法解码器,,2023-09-20
20275283,algorithm description,ALDES 演算法描述语言,,2023-01-17
20275284,algorithm description language,演算法描述语言,,2023-09-20
20275285,Algorithm Descriptor,演算法描述符,,2023-01-17
20275286,algorithm design,演算法设计,,2023-09-20
20275287,algorithm diagram,演算法图,,2023-09-20
20275288,algorithm FGK,演算法 FGK,,2023-01-17
20275289,algorithm flow chart,演算法流程图,,2023-09-20
20275290,algorithm generator,演算法产生器,,2023-09-20
20275291,algorithm insolubility,演算法不可解性,,2024-02-01
20275292,algorithm language,演算法语言,,2023-01-17
20275293,algorithm library,演算法程式馆,,2023-01-17
20275294,algorithm logic,演算法逻辑,,2024-02-01
20275295,algorithm module,演算法模组,,2023-09-20
20275296,algorithm optimization,演算法最佳化,,2023-09-20
20275297,algorithm organization,演算法组织,,2023-09-20
20275298,algorithm pattern,演算法图型,,2023-09-20
20275299,algorithm processor,演算法处理机,,2023-09-20
20275300,algorithm refinement,演算法精化,,2023-09-20
20275301,algorithm routine,演算法常式,,2024-02-01
20275302,algorithm secrecy,演算法保密,,2023-01-17
20275303,algorithm simulation,演算法模拟,,2024-02-01
20275304,algorithm structure,演算法结构,,2023-09-20
20275305,algorithm translation,演算法翻译,,2023-09-20
20275306,algorithm V,演算法 V,,2023-01-17
20275307,algorithm{=ALG},演算法,,2023-09-20
20275308,algorithmic,演算法,,2023-09-20
20275309,algorithmic approach,演算法途径,,2023-09-20
20275310,algorithmic assembly language,ALIAS 演算法组合语言,,2023-01-17
20275311,algorithmic code,演算法码,,2023-09-20
20275312,algorithmic control system{=ALCS},演算法控制系统,,2023-09-20
20275313,algorithmic cost model,演算法成本模型,,2023-09-20
20275314,algorithmic dispatching,演算法调度,,2023-09-20
20275315,algorithmic error,演算法误差,,2023-09-20
20275316,algorithmic interpretation of grammar,文法的演算法解译,,2023-09-20
20275317,algorithmic language 60,ALGOL 60 程式语言；ALGOL 60 演算法语言,,2024-02-01
20275318,algorithmic language 68,ALGOL 68 程式语言；ALGOL 68 演算法语言,,2024-02-01
20275319,algorithmic language program,演算法语言程式,,2023-09-20
20275320,algorithmic language program conversion,演算法语言程式转换,,2023-09-20
20275321,algorithmic language{=ALGOL},演算法语言；ALGOL 语言,,2023-09-20
20275322,algorithmic logic,演算法逻辑,,2023-09-20
20275323,algorithmic macro design system,演算法巨集设计系统,,2023-09-20
20275324,algorithmic measure of reliability,可靠性的演算法量度,,2023-09-20
20275325,algorithmic model,演算法模型,,2023-01-17
20275326,algorithmic oriented language{=ALGOL},ALGOL 演算法导向语言,,2023-09-20
20275327,algorithmic pattern generation system,演算法型样产生系统,,2023-09-20
20275328,algorithmic pattern generation testing,演算法图形产生测试法,,2023-01-17
20275329,algorithmic processor description language{=APDL},演算法处理机描述语言,,2023-09-20
20275330,algorithmic programming language{=APL},演算法程式设计语言,,2023-09-20
20275331,algorithmic remote manipulation{=ARM},演算法远程调处,,2023-09-20
20275332,algorithmic routine,演算法常式,,2023-09-20
20275333,algorithmic rule,演算法规则,,2023-09-20
20275334,algorithmic scheduling,演算法排程,,2023-09-20
20275335,algorithmic simulation,演算法模拟,,2023-09-20
20275336,algorithmic state machine{=ASM},演算法状态机,,2023-09-20
20275337,algorithmic statement,演算法叙述,,2023-09-20
20275338,algorithmic test case generation,演算法测试案例产生,,2023-01-17
20275339,algorithmic transformation,演算法变换,,2023-09-20
20275340,algorithmic unsolvability,演算法不可解性,,2023-09-20
20275341,algorithmic/procedural language{=APL},演算法／程序语言,,2023-09-20
20275342,ALGY,ALGY 语言,,2023-01-17
20275343,alias,别名,,2023-01-17
20275344,alias analysis,别名分析,,2023-01-17
20275345,alias description entry,别名描述项,,2023-01-17
20275346,alias entry,别名入口,,2023-01-17
20275347,alias name,别名,,2023-01-17
20275348,alias name translation facility,别名翻译设施,,2023-01-17
20275349,alias section,别名区段,,2023-01-17
20275350,alias type transformation,别名型变换,,2023-01-17
20275351,aliased imaging,别称成像；别名成像,,2023-01-17
20275352,aliasing,别名；混淆现象,,2023-01-17
20275353,aliasing bug,别名错误,,2023-01-17
20275354,aliasing distortion,频叠失真,,2023-01-17
20275355,aliasing error,混淆错误,,2023-01-17
20275356,aliasing problem,别名问题；假信号清除问题,,2023-01-17
20275357,aliasing(in computer graphics),(电脑图学之)取样失真,,2023-01-17
20275358,Alibaba,阿里巴巴,,2023-01-17
20275359,alibi type transformation,坐标固定图象移动的变换,,2023-01-17
20275360,Alice,Alice 平行电脑；爱丽丝平行电脑,,2023-01-17
20275361,alice blue,艾莉斯蓝,,2023-01-17
20275362,alien crosstalk,外来串音,,2023-01-17
20275363,alien tone,外加噪音,,2023-01-17
20275364,alife,人工生命,,2023-01-17
20275365,A-light,A 信号,,2023-01-17
20275366,align,对准；安排订单,,2023-01-17
20275367,align center,置中对齐,,2023-01-17
20275368,align left,靠左对齐,,2023-01-17
20275369,align orders,安排订单,,2023-01-17
20275370,align right,靠右对齐,,2023-01-17
20275371,align text,调整本文,,2023-01-17
20275372,align to grid,贴齐格线,,2023-01-17
20275373,aligned,对准,,2023-01-17
20275374,aligned bundle,调整线圈；校准光束,,2023-01-17
20275375,aligned column flow object class,对齐栏流动物件类别,,2023-01-17
20275376,aligned position,对准位置,,2023-01-17
20275377,aligner,对准仪,,2023-01-17
20275378,alignment,调正；对齐；对准,,2023-01-17
20275379,alignment antenna{=AA},定位天线,,2023-01-17
20275380,alignment clause,调正子句,,2023-01-17
20275381,alignment code,调正码,,2023-01-17
20275382,alignment connector,调正连接器,,2023-01-17
20275383,alignment disk,调正磁碟,,2023-01-17
20275384,alignment diskette,调正磁片,,2023-01-17
20275385,alignment frame,校准框,,2023-01-17
20275386,alignment function,调正功能,,2023-01-17
20275387,alignment indicator,调正指示器,,2023-01-17
20275388,alignment line,对齐线,,2023-01-17
20275389,alignment mark,调正标示,,2023-01-17
20275390,alignment mode,对齐模式,,2023-01-17
20275391,alignment network,调正网路,,2023-01-17
20275392,alignment not successful,对齐不成功,,2023-01-17
20275393,alignment of data,资料调正,,2023-01-17
20275394,alignment of sleeve,袖套校准,,2023-01-17
20275395,alignment pattern,调正型样,,2023-01-17
20275396,Alignment Pin,调正插针,,2023-01-17
20275397,alignment point flow object class,对齐点流动物件类别,,2023-01-17
20275398,alignment position,对齐位置,,2023-01-17
20275399,alignment precision,调正精度,,2023-01-17
20275400,alignment requirement,调正需求,,2023-01-17
20275401,alignment restriction,调正限制,,2023-01-17
20275402,alignment routine,调正常式,,2023-01-17
20275403,alignment rule,调正规则,,2023-01-17
20275404,alignment signal,调正信号,,2023-01-17
20275405,alignment tape,调正带,,2023-01-17
20275406,alignment telescope,对准望远镜,,2023-01-17
20275407,alignment time,调正时间,,2023-01-17
20275408,alignment tool,调正工具,,2023-01-17
20275409,alignment zone,对齐区,,2023-01-17
20275410,alive circuit,带电电路,,2023-01-17
20275411,alizarin crimson,暗红,,2023-01-17
20275412,alkali,碱性；碱性物质,,2023-01-17
20275413,alkali metals,碱性金属,,2023-01-17
20275414,alkali reactivity,碱性材反应,,2023-01-17
20275415,alkaline cell,碱性电池,,2023-01-17
20275416,alkaline earth metal,碱土金属,,2023-01-17
20275417,alkaline storage battery,碱性蓄电池,,2023-01-17
20275418,alkaline zinc-air battery,碱性锌空气电池,,2023-01-17
20275419,alkaline zinc-manganese dioxide cell,碱性氧化锌锰电池,,2023-01-17
20275420,alkalinity,碱度,,2023-01-17
20275421,alkali-proof paper,耐碱纸,,2023-01-17
20275422,alkyd resin,醇酸树脂,,2023-01-17
20275423,ALL,ALL 指令,,2023-01-17
20275424,all advised,全部通知；通知所有电台,,2023-01-17
20275425,all asynchronous device driver subroutine library,全异步装置驱动程式子常式程式馆,,2023-01-17
20275426,all band,全波段；全频带,,2023-01-17
20275427,all busy,全忙,,2023-01-17
20275428,all busy circuit,全忙电路,,2023-01-17
20275429,all canceled order,全部巳取消订单,,2023-01-17
20275430,all channel decoder,全通道解码器,,2023-01-17
20275431,all clear,全清除,,2023-01-17
20275432,all common control system,全公用控制系统,,2023-01-17
20275433,all conversion tool,全转换工具,,2023-01-17
20275434,all digital calibration circuit{=ADCC},全数位校准电路,,2023-01-17
20275435,all digital phase locked loop{=ADPLL},全数位式锁相回路,,2023-01-17
20275436,all digital phase-locked loop{=ADPLL},全数位锁相回路,,2023-01-17
20275437,all file sharing,全档案共享,,2023-01-17
20275438,all files,所有档案,,2023-01-17
20275439,all in one,一体；合一,,2023-01-17
20275440,all magnetic logic,全磁逻辑,,2023-01-17
20275441,all mark,全标示,,2023-01-17
20275442,all number calling,全号呼叫,,2023-01-17
20275443,all numbers calling,全体呼叫；全数呼叫,,2023-01-17
20275444,all numeral numbering{=ANN},全数字编号,,2023-01-17
20275445,all numerical dialling,全数字拨号,,2023-01-17
20275446,all online,全连线；全线上,,2023-01-17
20275447,all optical,全光学,,2023-01-17
20275448,all optical network,全光学网路,,2023-01-17
20275449,all parallel A/D converter,全平行类比／数位转换器,,2023-01-17
20275450,all parts,所有部分；系列；全系列,,2023-01-17
20275451,all points addressable display,全点可定址显示器,,2023-01-17
20275452,all points addressable{=APA},全点可定址,,2023-01-17
20275453,all points usable,全点可用,,2023-01-17
20275454,all relay automatic telephone system,全继电器自动电话系统,,2023-01-17
20275455,all relay selector,全继电器式选择器,,2023-01-17
20275456,all rights,所有权利,,2023-01-17
20275457,all solution relation,全解关系,,2023-01-17
20275458,all time,全部时间,,2023-01-17
20275459,all trunks busy cyclic retest,长途全忙回圈重复试验,,2023-01-17
20275460,all trunks busy register,长途全线忙线记录器,,2023-01-17
20275461,all trunks busy{=ATB},长途全线忙线,,2023-01-17
20275462,all types,所有类型,,2023-01-17
20275463,all wave,全波；全波无线电接收机,,2023-01-17
20275464,all zero character signal,全 0 字元信号,,2023-01-17
20275465,all zero filter,全零滤波器,,2023-01-17
20275466,all zero signal,全零信号,,2023-01-17
20275467,all zero statement label,全零叙述标号,,2023-01-17
20275468,all-around profile,整体规范,,2023-01-17
20275469,all-caps word,全部大写字,,2023-01-17
20275470,all-channel antenna,全通道天线,,2023-01-17
20275471,all-clear key,全清键,,2023-01-17
20275472,all-clear signal lamp,全清信号灯,,2023-01-17
20275473,all-cloud environment,全云环境,,2023-01-17
20275474,all-elbows,全肘,,2023-01-17
20275475,Allergen Code/Mnemonic/ Description,过敏原代码／助记符号／描述,,2023-01-17
20275476,Allergen Group Code/Mnemonic/ Description,过敏群组代码／助记符号／描述,,2023-01-17
20275477,Allergen Type Code,过敏型式代码,,2023-01-17
20275478,allergy,过敏,,2023-01-17
20275479,Allergy Action Code,过敏反应代码,,2023-01-17
20275480,Allergy Clinical Status Code,过敏临床状态代码,,2023-01-17
20275481,Allergy Reaction Code,过敏反应代码,,2023-01-17
20275482,Allergy Severity Code,过敏严重性代码,,2023-01-17
20275483,Allergy Unique Identifier,过敏唯一识别符,,2023-01-17
20275484,all-fire current,全火电流；最少起火电流,,2023-01-17
20275485,alliance,联盟,,2023-01-17
20275486,alligator,电工工具,,2023-01-17
20275487,all-in-1,一体；合一,,2023-01-17
20275488,all-in-one computer,一体机电脑,,2023-01-17
20275489,all-in-one PC,一体机个人电脑,,2023-01-17
20275490,allocatable space,可配置空间,,2023-01-17
20275491,allocate,配置；指定；分配,,2023-01-17
20275492,allocate a device,配置装置,,2023-01-17
20275493,allocate and free statement,配置与释放叙述,,2023-01-17
20275494,allocate block,配置块,,2023-01-17
20275495,allocate event,配置事件,,2023-01-17
20275496,allocate file,配置档案,,2023-01-17
20275497,allocate node,配置节点,,2023-01-17
20275498,allocate storage,配置储存,,2023-01-17
20275499,allocated,分配,,2023-01-17
20275500,allocated configuration index,配置组态索引,,2023-01-17
20275501,allocated memory,配置记忆体,,2023-01-17
20275502,allocated resource,分配资源,,2023-01-17
20275503,allocated resource table,配置资源表,,2023-01-17
20275504,allocated resource table address,配置资源表位址,,2023-01-17
20275505,allocated resource table entry,配置资源表入口,,2023-01-17
20275506,allocated service,配置服务,,2023-01-17
20275507,allocating character string variable,配置字元串变数,,2023-01-17
20275508,allocating data array,配置资料阵列,,2023-01-17
20275509,allocating phase,配置阶段,,2023-01-17
20275510,allocating physical file space,配置实体档案空间,,2023-01-17
20275511,allocating system resource,配置系统资源,,2023-01-17
20275512,allocation,分配；配置；指派；配置算法,,2023-01-17
20275513,allocation algorithm,配置演算法,,2023-01-17
20275514,allocation and loading program,配置与载入程式,,2023-01-17
20275515,allocation block size,块大小配置,,2023-01-17
20275516,allocation built-in function,配置内建函数,,2023-01-17
20275517,allocation class,配置等级,,2023-01-17
20275518,allocation map,分配图,,2023-01-17
20275519,allocation method,配置法,,2023-01-17
20275520,allocation model,配置模型,,2023-01-17
20275521,allocation of data set,资料集配置,,2023-01-17
20275522,allocation plan,配置计划,,2023-01-17
20275523,allocation problem,分配问题,,2023-01-17
20275524,allocation quantity audit,配置量审计,,2023-01-17
20275525,allocation quantity production,配置数量生产,,2023-01-17
20275526,allocation records,配置记录,,2023-01-17
20275527,allocation routine,配置常式,,2023-01-17
20275528,allocation schema,分配概要,,2023-01-17
20275529,allocation statement,配置叙述,,2023-01-17
20275530,allocation strategy module,配置策略模组,,2023-01-17
20275531,allocation table,分配表；配置表,,2023-01-17
20275532,allocation unit,单位配置,,2023-01-17
20275533,allocation variance,配置方差,,2023-01-17
20275534,allocation/pick variance,配置／检料方差,,2023-01-17
20275535,allocator,分配器,,2023-01-17
20275536,allocator queue table,配置伫列表,,2023-01-17
20275537,all-on-one processor,单板处理机,,2023-01-17
20275538,allopoiesis,生异系统,,2023-01-17
20275539,allopoietic machine,生异式机器,,2023-01-17
20275540,all-or-nothing approach,全有或全无方式,,2023-01-17
20275541,all-or-nothing check,全有或全无核对,,2023-01-17
20275542,all-or-nothing gate,全有或全无闸,,2023-01-17
20275543,allotropy,同素异体,,2023-01-17
20275544,allotter,配置器,,2023-01-17
20275545,allotter switch,分配器交换,,2023-01-17
20275546,Allotting,分配,,2023-01-17
20275547,allotting switch,分配交换,,2023-01-17
20275548,all-over-water propagation,全水上传播,,2023-01-17
20275549,allow,容许,,2023-01-17
20275550,allow declaration,容许宣告,,2023-01-17
20275551,allow mode,容许模,,2023-01-17
20275552,allow multiple instances,容许多重实例,,2023-01-17
20275553,Allow Substitution Code,允许替代代码,,2023-01-17
20275554,Allow Substitutions,允许替代品,,2023-01-17
20275555,allowable bearing capacity,容许承载力,,2023-01-17
20275556,allowable distance between stations,电台间容雀Z离,,2023-01-17
20275557,allowable logical control structure,可容许逻辑控制结构,,2023-01-17
20275558,allowable minimum distance,最小容许距离,,2023-01-17
20275559,allowable resources,可容许资源,,2023-01-17
20275560,allowable stress,容许应力,,2023-01-17
20275561,allowable value,可容许值,,2023-01-17
20275562,allowable working speed,可容许工作速率,,2023-01-17
20275563,allowance,容差,,2023-01-17
20275564,allowance for doubtful accounts,备抵呆帐,,2023-01-17
20275565,allowed cell rate,容许细胞率,,2023-01-17
20275566,allowed failure effect{=AFE},容许故障效应,,2023-01-17
20275567,allowed frequency,可用频率,,2023-01-17
20275568,allowed predecessor,容许前导子,,2023-01-17
20275569,allowed successor,容许后继子,,2023-01-17
20275570,ALLOY,ALLOY 程式语言,,2023-01-17
20275571,alloy belt printer,合金带列印机,,2023-01-17
20275572,alloy diode,合金二极体,,2023-01-17
20275573,alloy junction,合金接面,,2023-01-17
20275574,alloy magnetic particle tape,合金粒子磁带,,2023-01-17
20275575,alloy transistor,合金电晶体,,2023-01-17
20275576,all-pass element,全通元件,,2023-01-17
20275577,all-pass filter,全通滤波器,,2023-01-17
20275578,all-pass network,全通网路,,2023-01-17
20275579,all-pass structure,全通结构,,2023-01-17
20275580,all-path explorer,全路径探索,,2023-01-17
20275581,all-path-busy,通路全忙,,2023-01-17
20275582,all-point addressability,全点定址能力,,2023-01-17
20275583,all-point addressable graphic,全点可定址图形,,2023-01-17
20275584,all-point addressable mode,全点可定址模式,,2023-01-17
20275585,all-pole filter,全极滤波器,,2023-01-17
20275586,all-purpose computer,万用电脑,,2023-01-17
20275587,all-purpose controller,万用控制器,,2023-01-17
20275588,all-purpose language,万用语言,,2023-01-17
20275589,all-purpose robot,万用机器人,,2023-01-17
20275590,all-purpose{=AP},万用,,2023-01-17
20275591,all-round computer center,综合电脑中心,,2023-01-17
20275592,all-source analysts,全源分析者,,2023-01-17
20275593,all-space,全空号,,2023-01-17
20275594,all-station address,全站位址,,2023-01-17
20275595,all-step control,全步控制,,2023-01-17
20275596,all-wave antenna,全波天线,,2023-01-17
20275597,all-wave receiver,全波接收器,,2023-01-17
20275598,all-weather automatic landing,全天候自动著陆,,2023-01-17
20275599,Almador,Almador芯片组,,2023-01-17
20275600,almost blank subframe{=ABS},近乎空白子讯框,,2023-01-17
20275601,Al-Ni-Co permanent magnet,铝镍钴永久磁铁,,2023-01-17
20275602,Aloha,Aloha 传送系统,,2023-01-17
20275603,Aloha method,Aloha传送系统方法,,2023-01-17
20275604,Aloha Net,Aloha网路,,2023-01-17
20275605,Aloha procedures,Aloha程序,,2023-01-17
20275606,ALOHA slotted,时槽式 ALOHA,,2023-01-17
20275607,ALOHA System,ALOHA系统,,2023-01-17
20275608,ALPAK,ALPAK 程式库,,2023-01-17
20275609,ALPHA,ALPHA程式规划语言,,2023-01-17
20275610,Alpha AXP 21164,Alpha AXP 21164 处理器,,2023-01-17
20275611,alpha blending,alpha 混合,,2023-01-17
20275612,alpha channel,alpha通道,,2023-01-17
20275613,alpha channel transparency,alpha 通道透通性,,2023-01-17
20275614,alpha characters,字母字元,,2023-01-17
20275615,alpha code,字母码,,2023-01-17
20275616,alpha cutoff,α修剪,,2023-01-17
20275617,alpha decay,α 衰减,,2023-01-17
20275618,alpha factor,alpha因子,,2023-01-17
20275619,alpha field,字母栏,,2023-01-17
20275620,Alpha Flux,α通量,,2023-01-17
20275621,alpha format,字母格式,,2023-01-17
20275622,alpha literal,字母文字,,2023-01-17
20275623,alpha particle,阿尔发粒子；α 粒子,,2023-01-17
20275624,alpha particle sensitivity,阿尔发粒子敏感性；α 粒子敏感性,,2023-01-17
20275625,alpha processor,alpha 处理器,,2023-01-17
20275626,alpha radiation,α 辐射,,2023-01-17
20275627,alpha release,阿尔法版；α内部测试版,,2023-01-17
20275628,alpha scope,阿尔发显示器；α 显示器,,2023-01-17
20275629,alpha skip search algorithm,字母跨越搜寻演算法,,2023-01-17
20275630,alpha spectrometer,α 谱计；阿尔发谱计,,2023-01-17
20275631,alpha system,字母系统,,2023-01-17
20275632,alpha test,阿法测试,,2023-01-17
20275633,alpha testing,a测试,,2023-01-17
20275634,alpha value,α值,,2023-01-17
20275635,alpha variable,字母变数,,2023-01-17
20275636,alpha version,阿尔法版；α内部测试版,,2023-01-17
20275637,alpha/beta pruning,α/β 修剪,,2023-01-17
20275638,alpha-2 code,双字母编码,,2023-01-17
20275639,alpha-3 identifier,三字母识别符,,2023-01-17
20275640,alphabet,字符,,2023-01-17
20275641,alphabet (general sense),字母（一般意义）,,2023-01-17
20275642,alphabet attribute,语文属性,,2023-01-17
20275643,alphabet character,字母字元,,2023-01-17
20275644,alphabet data,字母资料,,2023-01-17
20275645,alphabet data code,字母资料码,,2023-01-17
20275646,alphabet general sense,字母通用感测,,2023-01-17
20275647,alphabet length,字母长度,,2023-01-17
20275648,alphabet name,字母名,,2023-01-17
20275649,alphabet number,字母数,,2023-01-17
20275650,alphabet sequence,字母顺序,,2023-01-17
20275651,alphabet sorting,字符排序,,2023-01-17
20275652,alphabet symbol,字母符号,,2023-01-17
20275653,alphabet translation,按字母翻译,,2023-01-17
20275654,alpha-beta pruning,αβ 修剪,,2023-01-17
20275655,alphabetic,字母的；字符的,,2023-01-17
20275656,alphabetic address,字母位址,,2023-01-17
20275657,alphabetic addressing,字母定址,,2023-01-17
20275658,alphabetic arrangement,字母顺序排列,,2023-01-17
20275659,alphabetic character,字母字元,,2023-01-17
20275660,alphabetic character set,字母字元集,,2023-01-17
20275661,alphabetic character subset,字母字元子集,,2023-01-17
20275662,alphabetic class,字母类,,2023-01-17
20275663,alphabetic code,字母码；字符码,,2023-01-17
20275664,alphabetic code element set,字母码元件集,,2023-01-17
20275665,alphabetic code set,字母码集,,2023-01-17
20275666,alphabetic coded character set,字母编码字元集,,2023-01-17
20275667,alphabetic coded set,字母编码集,,2023-01-17
20275668,alphabetic coding,字母编码,,2023-01-17
20275669,alphabetic data,字母资料,,2023-01-17
20275670,alphabetic data code,字母资料码,,2023-01-17
20275671,alphabetic data item,字母资料项,,2023-01-17
20275672,alphabetic data set,字母资料集,,2023-01-17
20275673,alphabetic field,字母栏,,2023-01-17
20275674,alphabetic flag,字母旗标,,2023-01-17
20275675,alphabetic information,字母资讯,,2023-01-17
20275676,alphabetic item,字母项；字符项,,2023-01-17
20275677,alphabetic print control,字母列印控制,,2023-01-17
20275678,alphabetic punch,字母打孔,,2023-01-17
20275679,alphabetic shift,字母移位,,2023-01-17
20275680,alphabetic signal,字母信号,,2023-01-17
20275681,alphabetic string,字母串；字符串；字母字串,,2023-01-17
20275682,alphabetic substitution,字母替代,,2023-01-17
20275683,alphabetic symbol,字母符号,,2023-01-17
20275684,alphabetic variant,字母变体,,2023-01-17
20275685,alphabetic word,字母字；字符字,,2023-01-17
20275686,alphabetical order,英文字母顺序,,2023-01-17
20275687,alphabetic-numeric,字母数字,,2023-01-17
20275688,alphabetizing convention,字母顺序约定,,2023-01-17
20275689,alphacom module control{=AMC},模组控制器电路板,,2023-01-17
20275690,alphacom program clock{=APC},程式&时钟板,,2023-01-17
20275691,alphageometric,几何法字图,,2023-01-17
20275692,alpha-geometric,字母几何图,,2023-01-17
20275693,alpha-geometric mode,字母几何图模式,,2023-01-17
20275694,alpha-geometric operation,字母几何图操作,,2023-01-17
20275695,alphameric,文数,,2023-01-17
20275696,alphameric character,文数字元,,2023-01-17
20275697,alphameric character recognition,文数字元识别,,2023-01-17
20275698,alphameric character set,文数字元集,,2023-01-17
20275699,alphameric class,文数类,,2023-01-17
20275700,alphameric code,文数码,,2023-01-17
20275701,alphameric coding,文数编码,,2023-01-17
20275702,alphameric conversion,文数转换,,2023-01-17
20275703,alphameric conversion code,文数转换码,,2023-01-17
20275704,alphameric edited,文数编辑,,2023-01-17
20275705,alphameric field descriptor,文数栏描述符,,2023-01-17
20275706,alphameric graphic display,文数字图形显示,,2023-01-17
20275707,alphameric index,文数索引,,2023-01-17
20275708,alphameric information,文数资讯,,2023-01-17
20275709,alphameric instruction,文数指令,,2023-01-17
20275710,alphameric keyboard,文数键盘,,2023-01-17
20275711,alphameric listing,文数列表,,2023-01-17
20275712,alphameric literal,文数文字,,2023-01-17
20275713,alphameric logic package,文数逻辑包,,2023-01-17
20275714,alphameric printer,文数列印机,,2023-01-17
20275715,alphameric read out,文数读出,,2023-01-17
20275716,alphameric reader,文数阅读机,,2023-01-17
20275717,alphameric symbol,文数符号,,2023-01-17
20275718,alphameric visual display,文数视觉显示,,2023-01-17
20275719,alphamosaic,摩西文字法,,2023-01-17
20275720,alphanum,文数,,2023-01-17
20275721,alphanumeric,文数,,2023-01-17
20275722,alphanumeric character,文数字元,,2023-01-17
20275723,alphanumeric character entry,文数字元登录,,2023-01-17
20275724,alphanumeric character set,文数字元集,,2023-01-17
20275725,alphanumeric character subset,文数字元子集,,2023-01-17
20275726,alphanumeric code,文数码,,2023-01-17
20275727,alphanumeric code element set,文数字码元件集,,2023-01-17
20275728,alphanumeric code set,文数码集,,2023-01-17
20275729,alphanumeric coded,文数编码,,2023-01-17
20275730,alphanumeric coded character set,文数编码字元集,,2023-01-17
20275731,alphanumeric coded set,文数编码集,,2023-01-17
20275732,alphanumeric coding,文数编码,,2023-01-17
20275733,alphanumeric conversion code,文数转换码,,2023-01-17
20275734,alphanumeric data,文数资料,,2023-01-17
20275735,alphanumeric data item,文数资料项,,2023-01-17
20275736,alphanumeric display device,文数字显示器,,2023-01-17
20275737,alphanumeric display equipment{=ANDE},文数显示设备,,2023-01-17
20275738,alphanumeric display{=AND},文数显示,,2023-01-17
20275739,alphanumeric edited character,文数编辑字元,,2023-01-17
20275740,alphanumeric edited data item,文数编辑资料项,,2023-01-17
20275741,alphanumeric field,文数栏,,2023-01-17
20275742,alphanumeric generator{=ANG},文数产生器,,2023-01-17
20275743,alphanumeric graphic display,文数图形显示,,2023-01-17
20275744,alphanumeric impact printer{=AIP},文数撞击列印机,,2023-01-17
20275745,alphanumeric information,文数资讯,,2023-01-17
20275746,alphanumeric instruction,文数指令,,2023-01-17
20275747,alphanumeric key,文数字键,,2023-01-17
20275748,alphanumeric keyboard,文数键盘,,2023-01-17
20275749,alphanumeric literal,文数文字,,2023-01-17
20275750,alphanumeric logic package{=ANLP},文数逻辑包,,2023-01-17
20275751,alphanumeric machine,文数机,,2023-01-17
20275752,alphanumeric operation,文数操作,,2023-01-17
20275753,alphanumeric output{=ANO},文数输出,,2023-01-17
20275754,alphanumeric printer,文数列印机,,2023-01-17
20275755,alphanumeric reader,文数阅读机,,2023-01-17
20275756,alphanumeric set,文数字集,,2023-01-17
20275757,alphanumeric shift,文数移位,,2023-01-17
20275758,alphanumeric sort,文数排序,,2023-01-17
20275759,alphanumeric string,文数字字串,,2023-01-17
20275760,alphanumeric string variable,文数串变数,,2023-01-17
20275761,alphanumeric style,文数式样,,2023-01-17
20275762,alphanumeric symbol,文数符号,,2023-01-17
20275763,alphanumeric tube,文数管,,2023-01-17
20275764,alphanumeric user identification code,文数字使用者识别码,,2023-01-17
20275765,alphanumeric visual display,文数字视觉显示,,2023-01-17
20275766,alphanumeric word,文数字的文字,,2023-01-17
20275767,alphanumerical,文数,,2023-01-17
20275768,alphanumerical code,文数码,,2023-01-17
20275769,alphanumerical information,文数资讯,,2023-01-17
20275770,alphanumerical keyboard device,文数键盘装置,,2023-01-17
20275771,alphanumerish,文数配合速记法,,2023-01-17
20275772,alphaWorks,alphaWorks 论坛,,2023-01-17
20275773,already removed,已经移除；已被删除,,2023-01-17
20275774,alt bit,交替位元,,2023-01-17
20275775,Alt key,Alt键,,2023-01-17
20275776,alt mode,交替模式,,2023-01-17
20275777,Alta Vista,Alta Vista 搜寻引擎,,2023-01-17
20275778,ALTAC,ALTAC 程式语言,,2023-01-17
20275779,alter context,变更上下文,,2023-01-17
20275780,alter context acknowledge,变更上下文确认,,2023-01-17
20275781,alter display,更改显示；变更显示,,2023-01-17
20275782,alter file,变更档案,,2023-01-17
20275783,alter key{=ALTK},改变键；变更键,,2023-01-17
20275784,alter mode,变更模式,,2023-01-17
20275785,alter route,转路,,2023-01-17
20275786,alter statement,变更叙述,,2023-01-17
20275787,alter switch,变更开关,,2023-01-17
20275788,alterable attribute,可变属性,,2023-01-17
20275789,alterable machine structure,可变机器结构,,2023-01-17
20275790,alterable memory,可变记忆体,,2023-01-17
20275791,alterable read only memory{=AROM},可变唯读记忆体,,2023-01-17
20275792,alterable read-only operating system{=AROS},可变唯读作业系统,,2023-01-17
20275793,alteration switch,变换开关,,2023-01-17
20275794,altered,已改变的；被改变的,,2023-01-17
20275795,altering,变更,,2023-01-17
20275796,altering error,变更错误,,2023-01-17
20275797,altering message,修改讯息,,2023-01-17
20275798,alternate,交替；替代,,2023-01-17
20275799,alternate acknowledge,交替应答,,2023-01-17
20275800,alternate area,交替区,,2023-01-17
20275801,alternate binary code,交替二进制码,,2023-01-17
20275802,alternate buffer file,交替缓冲档案,,2023-01-17
20275803,alternate capture method,替用撷取方法,,2023-01-17
20275804,alternate channel,替用通道,,2023-01-17
20275805,alternate channel interference,替用通道干扰,,2023-01-17
20275806,Alternate Character Set Handling Scheme,替代字元集处理方案,,2023-01-17
20275807,alternate circuit route,替用电路路线,,2023-01-17
20275808,alternate code,交替码,,2023-01-17
20275809,alternate coding key,替用码键,,2023-01-17
20275810,alternate collating sequence,替用对照顺序,,2023-01-17
20275811,alternate communication,交替通信,,2023-01-17
20275812,alternate communication facility,替用通信设施,,2023-01-17
20275813,alternate communications facility,替用通信设备,,2023-01-17
20275814,alternate console,替用控制台,,2023-01-17
20275815,alternate current,交流电,,2023-01-17
20275816,alternate cursor,替用游标,,2023-01-17
20275817,alternate data retry{=ADR},替用资料再试,,2023-01-17
20275818,alternate delimiter type,替用定界符型,,2023-01-17
20275819,alternate digit inversion,交替数位反转,,2023-01-17
20275820,alternate digital conversion code,替用数位转换码,,2023-01-17
20275821,alternate direction,换向,,2023-01-17
20275822,alternate display{=AD},替用显示,,2023-01-17
20275823,alternate entry,交替登录,,2023-01-17
20275824,alternate error,交替误差,,2023-01-17
20275825,alternate error procedure,交替误差程序,,2023-01-17
20275826,alternate error procedure routine,交替误差程序常式,,2023-01-17
20275827,alternate error return,交替误差转回,,2023-01-17
20275828,alternate exception action,替用异常动作,,2023-01-17
20275829,alternate file,替用档案,,2023-01-17
20275830,alternate file access control mechanism,替用档案存取控制机制,,2023-01-17
20275831,alternate frequencies,交替频率,,2023-01-17
20275832,alternate frequency,备用频率,,2023-01-17
20275833,alternate humidity test,交替湿度测试,,2023-01-17
20275834,alternate Image,替用影像,,2023-01-17
20275835,alternate index,替用索引,,2023-01-17
20275836,alternate input library,替用输入程式馆,,2023-01-17
20275837,alternate key,替用键,,2023-01-17
20275838,alternate key stroke,交替敲键,,2023-01-17
20275839,alternate level,交替位准,,2023-01-17
20275840,alternate library facility,替用程式馆设施,,2023-01-17
20275841,alternate mark inversion code,交替标示反码,,2023-01-17
20275842,alternate mark inversion{=AMI},交替标示反转,,2023-01-17
20275843,alternate medium source,替用媒体源,,2023-01-17
20275844,alternate name,替用名称,,2023-01-17
20275845,alternate named file,替用附名档案,,2023-01-17
20275846,alternate newsgroup,替代新闻群组,,2023-01-17
20275847,alternate operation,交替操作,,2023-01-17
20275848,alternate optima,最佳替用,,2023-01-17
20275849,alternate order,轮流,,2023-01-17
20275850,alternate path,替用路径,,2023-01-17
20275851,alternate path retry{=APR},替换路径再试,,2023-01-17
20275852,Alternate Patient ID – CSR,替代病患ID–CSR,,2023-01-17
20275853,Alternate Patient ID – PID,替代病患ID–PID,,2023-01-17
20275854,alternate prefix,替用前缀,,2023-01-17
20275855,alternate program communication block,交替程式通信块,,2023-01-17
20275856,alternate program{=ALP},交替程式,,2023-01-17
20275857,alternate reality gaming{=ARG},平行实境游戏；另类实境游戏,,2023-01-17
20275858,alternate recipient,替代接受者,,2023-01-17
20275859,alternate record key,替用记录键,,2023-01-17
20275860,alternate record key clause,交替记录关键子句,,2023-01-17
20275861,alternate recovery,替用恢复,,2023-01-17
20275862,alternate return,交替转回,,2023-01-17
20275863,alternate return formal,交替转回形式,,2023-01-17
20275864,alternate return specifier,交替转回说明符,,2023-01-17
20275865,Alternate Route,替用路线,,2023-01-17
20275866,alternate routine,替用常式,,2023-01-17
20275867,alternate routing,替用选路,,2023-01-17
20275868,alternate routing code,替用选路码,,2023-01-17
20275869,alternate run,交替运行,,2023-01-17
20275870,alternate screen size,替用萤幕大小,,2023-01-17
20275871,alternate signal stack,替用信号堆叠,,2023-01-17
20275872,alternate size,交替大小,,2023-01-17
20275873,alternate source,交替源,,2023-01-17
20275874,Alternate Study ID,替代检查ID,,2023-01-17
20275875,alternate system input source,交替系统输入源,,2023-01-17
20275876,alternate tape,替用带,,2023-01-17
20275877,alternate term plan{=ATP},交替项计划,,2023-01-17
20275878,alternate terminal,替用终端机,,2023-01-17
20275879,alternate text,替用正文,,2023-01-17
20275880,alternate title,替代标题,,2023-01-17
20275881,alternate track,替用轨,,2023-01-17
20275882,alternate track table,替用轨表,,2023-01-17
20275883,alternate transmission,交替传输,,2023-01-17
20275884,alternate try routine,交替尝试常规,,2023-01-17
20275885,alternate use,交替使用,,2023-01-17
20275886,alternate view,交替视域,,2023-01-17
20275887,Alternate Visit ID,替代就诊ID,,2023-01-17
20275888,alternate work center,替用工作中心,,2023-01-17
20275889,alternating bilinear form,交错双线性形式；交错双线性格式,,2023-01-17
20275890,alternating binary coding,交替二进制编码,,2023-01-17
20275891,alternating bit protocol,交替位元协定,,2023-01-17
20275892,alternating code,交替码,,2023-01-17
20275893,alternating component,交流成分,,2023-01-17
20275894,alternating current analog computer,交流类比计算机,,2023-01-17
20275895,alternating current computer,交流计算机,,2023-01-17
20275896,alternating current converter,交流转换器,,2023-01-17
20275897,alternating current dialing,交流拨号,,2023-01-17
20275898,alternating current relay,交流继电器,,2023-01-17
20275899,alternating current selection,交流选择,,2023-01-17
20275900,alternating current servo mechanism,交流伺服机构,,2023-01-17
20275901,alternating current signaling,交流发信号,,2023-01-17
20275902,alternating current supervision,交流监督,,2023-01-17
20275903,alternating current system,交流系统,,2023-01-17
20275904,alternating current to direct current,交流直流转换,,2023-01-17
20275905,alternating current transmission,交流电传输,,2023-01-17
20275906,alternating current/direct current{=AC/DC},交流电/直流电,,2023-01-17
20275907,alternating current{=AC},交流电；交流,,2023-01-17
20275908,alternating logic,交替逻辑,,2023-01-17
20275909,alternating nonreturn-to-zero{=ANRZ},交替不归零；交替不归零制,,2023-01-17
20275910,alternating path,替用路径,,2023-01-17
20275911,alternating quadratic form,交替二次形式,,2023-01-17
20275912,alternating Turing machine,替用杜林机,,2023-01-17
20275913,alternating voice and data,交替语音及资料,,2023-01-17
20275914,alternation,交变；交替,,2023-01-17
20275915,alternation gate,交替闸,,2023-01-17
20275916,alternation switch,交替开关,,2023-01-17
20275917,alternation theorem,交替定理,,2023-01-17
20275918,alternative,替代；替选方案,,2023-01-17
20275919,alternative allocation,替代配置,,2023-01-17
20275920,Alternative Attribute,替用属性,,2023-01-17
20275921,alternative box,替代箱,,2023-01-17
20275922,alternative chain,替代炼,,2023-01-17
20275923,alternative class,替代类,,2023-01-17
20275924,alternative collating sequence,替代对照顺序,,2023-01-17
20275925,alternative cylinder,替代柱,,2023-01-17
20275926,alternative denial,交斥,,2023-01-17
20275927,alternative denial gate,交斥闸,,2023-01-17
20275928,alternative file attribute,替代档案属性,,2023-01-17
20275929,alternative initial microprogram load{=ALT IMPL},替代初始微程式载入,,2023-01-17
20275930,alternative initial program load{=AIPL},替代初始程式载入；择一初始程式载入,,2023-01-17
20275931,alternative option,选择方案,,2023-01-17
20275932,alternative path,备用路径；替代路径,,2023-01-17
20275933,alternative reconciliation strategy,替代的调适策略,,2023-01-17
20275934,alternative representation,替代表示法,,2023-01-17
20275935,alternative return points,选择转回点,,2023-01-17
20275936,alternative route,替代路由；备用路由,,2023-01-17
20275937,alternative routing,替代选路,,2023-01-17
20275938,alternative sector,替代扇区,,2023-01-17
20275939,alternative signaling route,替代信号路由,,2023-01-17
20275940,alternative single character pattern,替用单独字元型样,,2023-01-17
20275941,alternative strategy criteria,替代的策略准则,,2023-01-17
20275942,alternative system console,替代系统控制台,,2023-01-17
20275943,alternative test method,替代测试法,,2023-01-17
20275944,alternative text,替用正文,,2023-01-17
20275945,alternative track,替代轨,,2023-01-17
20275946,alternative trunking,替代中继法,,2023-01-17
20275947,alternative type,替代型式,,2023-01-17
20275948,alternator,交替符,,2023-01-17
20275949,alterroute,转路,,2023-01-17
20275950,altimeter,高度表；测高仪,,2023-01-17
20275951,altimeter coder,高度测量编码器,,2023-01-17
20275952,altitude hole effect,高度空穴效应,,2023-01-17
20275953,ALTRAN,ALTRAN语言,,2023-01-17
20275954,ALU architecture,ALU 架构,,2023-01-17
20275955,ALU input and output{=AIO},ALU输入与输出,,2023-01-17
20275956,ALU operation{=AO},ALU作业,,2023-01-17
20275957,ALU shift register{=ASR},算术逻辑单元移位暂存器,,2023-01-17
20275958,alum,明矾,,2023-01-17
20275959,Alumel,铝合金热电偶,,2023-01-17
20275960,alumina ceramic,氧化铝陶瓷,,2023-01-17
20275961,aluminium foil,铝箔,,2023-01-17
20275962,aluminium paper,铝纸,,2023-01-17
20275963,aluminium plate,铝版,,2023-01-17
20275964,aluminized explosive,铝制炸药,,2023-01-17
20275965,alumino thermic welding,铝热銲,,2023-01-17
20275966,aluminum electrolytic capacitor,铝电解电容器,,2023-01-17
20275967,aluminum nitride ceramic,氮化铝陶瓷,,2023-01-17
20275968,aluminum nozzle discharge,铝喷嘴释放,,2023-01-17
20275969,aluminum panel,铝板,,2023-01-17
20275970,aluminum substrate disk,铝基磁碟,,2023-01-17
20275971,aluminum-air cell,铝空气电池,,2023-01-17
20275972,Alvey,Alvey 计划,,2023-01-17
20275973,always on,永远开启,,2023-01-17
20275974,always on / dynamic,永远开启 / 动态,,2023-01-17
20275975,always on top,永远在顶端,,2023-01-17
20275976,always-on connectivity,恒固连接性,,2023-01-17
20275977,AM and FM amplitude,调幅与调频,,2023-01-17
20275978,AM broadcasting,调幅广播,,2023-01-17
20275979,AM station,调幅电台,,2023-01-17
20275980,AM to FM converter,调幅至调频转换器,,2023-01-17
20275981,amalgamate,合并,,2023-01-17
20275982,amalgamation,合并,,2023-01-17
20275983,Amanda,Amanda 程式语言,,2023-01-17
20275984,amateur,业余,,2023-01-17
20275985,amateur band,业余频带,,2023-01-17
20275986,amateur operator,业余报务员；业余话务员,,2023-01-17
20275987,amateur packet radio,业余封包无线电,,2023-01-17
20275988,amateur portable mobile station,业余可携式行动电台,,2023-01-17
20275989,amateur radio,业余无线电,,2023-01-17
20275990,amateur radio communication,业余无线电通信,,2023-01-17
20275991,amateur satellite,业余卫星,,2023-01-17
20275992,amateur station call letter,业余电台呼叫,,2023-01-17
20275993,amateur station{=AT},业余电台,,2023-01-17
20275994,amatol,阿马托炸药 ( 一种无烟炸药 ),,2023-01-17
20275995,Amaya,一种网页浏览器,,2023-01-17
20275996,Amazon elastic compute cloud,亚马逊弹性计算云,,2023-01-17
20275997,amazoned,亚马逊化,,2023-01-17
20275998,Amber,Amber 程式语言,,2023-01-17
20275999,amberlith,琥珀胶片,,2023-01-17
20276000,ambient,周围,,2023-01-17
20276001,ambient color,周围色彩,,2023-01-17
20276002,ambient compensation,环境校正；环境补偿,,2023-01-17
20276003,ambient condition,周围条件,,2023-01-17
20276004,ambient humidity,周围湿度,,2023-01-17
20276005,ambient light,周围光线,,2023-01-17
20276006,ambient light camera,环境光摄影机；可见光摄影机,,2023-01-17
20276007,ambient light sensor{=ALS},环境光感测器,,2023-01-17
20276008,ambient lighting,周围照明,,2023-01-17
20276009,ambient noise,周围杂讯,,2023-01-17
20276010,ambient operating temperature,周围操作温度,,2023-01-17
20276011,ambient pressure,周围压力,,2023-01-17
20276012,ambient property,环境特性,,2023-01-17
20276013,ambient stray magnetic field,周围杂散磁场,,2023-01-17
20276014,ambient temperature,周围温度,,2023-01-17
20276015,ambiguity,歧义,,2023-01-17
20276016,ambiguity data,歧义资料,,2023-01-17
20276017,ambiguity delay,歧义延迟,,2023-01-17
20276018,ambiguity diagram,模糊图,,2023-01-17
20276019,ambiguity encoding,歧义编码,,2023-01-17
20276020,ambiguity error,歧义错误,,2023-01-17
20276021,ambiguity feature,歧义特征,,2023-01-17
20276022,ambiguity function,模糊函数,,2023-01-17
20276023,ambiguity of phrase structure,片语结构岐义,,2023-01-17
20276024,ambiguity problem,歧义问题,,2023-01-17
20276025,ambiguity processor architecture,歧义处理机架构,,2023-01-17
20276026,ambiguity resolution,歧义消解,,2023-01-17
20276027,ambiguous content mode,歧义的内容模型,,2023-01-17
20276028,ambiguous content model,歧义的内容模式,,2023-01-17
20276029,ambiguous data,歧义资料,,2023-01-17
20276030,ambiguous expression,歧义表式,,2023-01-17
20276031,ambiguous file,歧义档案,,2023-01-17
20276032,ambiguous grammar,歧义文法,,2023-01-17
20276033,ambiguous language,歧义语言,,2023-01-17
20276034,ambiguous phrase of combination type,组合型模糊片语,,2023-01-17
20276035,ambiguous phrase of overlap type,重叠型模糊片语,,2023-01-17
20276036,Ambiguous Reference,岐义参考,,2023-01-17
20276037,ambiguous symbol,歧义符号,,2023-01-17
20276038,ambiguous user,非定义的用户,,2023-01-17
20276039,ambimousterous,双手可用滑鼠,,2023-01-17
20276040,AMBIT,AMBIT 程式语言,,2023-01-17
20276041,AMBIT/G,AMBIT/G 图形语言,,2023-01-17
20276042,AMBIT/L,AMBIT/L 表列语言,,2023-01-17
20276043,AMBIT/S,AMBIT/S 字串语言,,2023-01-17
20276044,ambulatory monitoring,可走动病患监护；非卧床监护,,2023-01-17
20276045,Ambulatory Payment Classification Code,门诊给付分类码,,2024-10-17
20276046,Ambulatory Status,不卧床状态,,2023-01-17
20276047,AMBUSH,AMBUSH 程式语言,,2023-01-17
20276048,AMD,AMD 公司,,2023-01-17
20276049,AMD 760,AMD 760 芯片组,,2023-01-17
20276050,AMD K7,AMD K7处理器,,2023-01-17
20276051,AMD laptop,AMD 公司膝上型电脑,,2023-01-17
20276052,AMD PC,AMD 公司个人电脑,,2023-01-17
20276053,AMD personal computer,AMD 公司个人电脑,,2023-01-17
20276054,Amdahl,Amdahl电脑公司,,2023-01-17
20276055,Amdahl Corporation,Amdahl公司,,2023-01-17
20276056,Amdahl diagnostics assistance center{=AMDAC},Amdahl诊断辅助中心,,2023-01-17
20276057,Amdahl internally developed software{=AIDS},Amdahl内部开发软体,,2023-01-17
20276058,Amdahl's Law,Amdahl's定律,,2023-01-17
20276059,amendment,修订文件；修正,,2023-01-17
20276060,amendment file,修正档案,,2023-01-17
20276061,amendment record,修正记录,,2023-01-17
20276062,amendment tape,修正磁带,,2023-01-17
20276063,amendment to an national standard,国家标准的修正,,2023-01-17
20276064,America Online{=AOL},美国线上公司,,2023-01-17
20276065,American academy of arts and science{=AAAS},美国艺术和科学研究院,,2023-01-17
20276066,American academy of science{=AAS},美国科学院,,2023-01-17
20276067,American accounting association{=AAA},美国会计协会,,2023-01-17
20276068,American association for artificial intelligence{=AAA},美国人工智慧协会,,2023-01-17
20276069,American association of electrical engineers{=AAEE},美国电机工程师协会,,2023-01-17
20276070,American association of engineers{=AAE},美国工程师协会,,2023-01-17
20276071,American association of industrial management{=AAIM},美国工业管理协会,,2023-01-17
20276072,American association of microprocessor engineers{=AAME},美国微处理机工程师协会,,2023-01-17
20276073,American automatic control council{=AACC},美国自动控制委员会,,2023-01-17
20276074,American bar association,美国律师公会,,2023-01-17
20276075,American bar association digital signature guidelines,美国律师公会数位签章指引,,2023-01-17
20276076,American Bell,美国贝尔公司,,2023-01-17
20276077,American broadcasting companies inc.{=ABC},美国广播公司,,2023-01-17
20276078,American College of Radiology{=ACR},美国放射线学会；美国放射线学院,,2023-01-17
20276079,American communication association{=ACA},美国通讯协会,,2023-01-17
20276080,American communications{=AMERICOM},美国通讯,,2023-01-17
20276081,American computer exchange,美国电脑交易所,,2023-01-17
20276082,American Depository Receipt,美国存托凭证,,2023-01-17
20276083,American Documentation Institute,美国资料文献协会,,2023-01-17
20276084,American electric power inc{=AEP},美国电力公司,,2023-01-17
20276086,American electronics association{=AEA},美国电子学协会,,2023-01-17
20276087,American engineering standards committee{=AESC},美国工程标准委员会,,2023-01-17
20276088,American federation for information processing{=AFIP},美国资讯处理联合会,,2023-01-17
20276089,American federation of information processing societies{=AFIPS},美国资讯处理联合会,,2023-01-17
20276090,American federation of television and radio ar             tists,美国电视和收音机艺术家联合会,,2023-01-17
20276091,American flag sort,美国旗标排序,,2023-01-17
20276092,American Institute for Certified Pubic Accountants,AICPA 研究所,,2023-01-17
20276093,American institute for decision science{=AIDS},美国决策学学会,,2023-01-17
20276094,American institute of aeronautics and astronautics{=AIAA},美国航空与太空学会,,2023-01-17
20276095,American institute of consulting engineers,美国顾问工程师学会,,2023-01-17
20276096,American institute of electrical engineers{=AIEE},美国电机工程师学会,,2023-01-17
20276097,American institute of industrial engineers{=AIIE},美国工业工程师学会,,2023-01-17
20276098,American institute of physics{=AIP},美国物理学会,,2023-01-17
20276099,American institute of radio engineers{=AIRE},美国无线电工程师学会,,2023-01-17
20276100,American management associations{=AMA},美国管理协会,,2023-01-17
20276101,American megatrends Inc.,一家美国Bios厂商,,2023-01-17
20276102,American micro system{=AMI},美国微型系统,,2023-01-17
20276103,American mobile telecommunications association,美国移动电信协会,,2023-01-17
20276104,American National Electrical Manufacturers Association{=NEMA},美国国家电机制造业协会；美国电机制造业协会,,2023-01-17
20276105,American national standard control character{=ANSCC},美国国家标准控制字元,,2023-01-17
20276106,American national standard label{=ANSL},美国国家标准标号,,2023-01-17
20276107,American national standard{=ANS},美国国家标准,,2023-01-17
20276108,American National Standards Institute standards,ANSI 标准,,2023-01-17
20276109,American national standards institute{=ANSI},美国国家标准协会,,2023-01-17
20276110,American national standards institution,美国国家标准局,,2023-01-17
20276111,American power conversion,美国电力转换,,2023-01-17
20276112,American radio association{=ARA},美国无线线电协会,,2023-01-17
20276113,American registry for Internet numbers,美国网际网路号码注册当局,,2023-01-17
20276114,American registry of Internet numbers,美国网际网路注册数,,2023-01-17
20276115,American Sciety of Mchanical Engineers,美国机械工程师学会,,2023-01-17
20276116,American sign language{=ASL},美国记号语言,,2023-01-17
20276117,American Society for Information Science,美国资讯科学学会,,2023-01-17
20276118,American society of composers and performers{=ASCAP},美国作曲家及演奏家协会,,2023-01-17
20276119,"AMERICAN SOCIETY OF HRATING , ERFRIHERATING AND AIR CONDITIONING ENFINEERS{=ASHRAE}",美国加热冷冻及空调工程协会,,2023-01-17
20276120,American standard,美国标准,,2023-01-17
20276121,American standard association,美国标准协会,,2023-01-17
20276122,American standard code for information interchange{=ASCII},美国资讯交换标准码,,2023-01-17
20276123,American standard code{=ASC},美国标准码,,2023-01-17
20276124,American standard wire{=ASW},美国标准线规,,2023-01-17
20276125,American standards association{=ASA},美国标准协会,,2023-01-17
20276126,American statistical association{=ASA},美国统计协会,,2023-01-17
20276127,American Stock Exchange,美国证券交易所,,2023-01-17
20276128,American telephone and telegraph company{=ATT},美国电话电报公司,,2023-01-17
20276129,"American telephone and telegraph, Inc.",AT&T 公司,,2023-01-17
20276130,American wire gauge,美国线规,,2023-01-17
20276131,American women in radio and television,美国电视与无线电无线电工作女性协会,,2023-01-17
20276132,Americas' SAP Users' Group,美国 SAP 使用者群,,2023-01-17
20276133,AMI coding,交替标示反转编码,,2023-01-17
20276134,AMI line encoding,AMI 线编码,,2023-01-17
20276135,Ami Pro,Ami Pro 文书处理器,,2023-01-17
20276136,AMI signal,交替标示反转信号,,2023-01-17
20276137,AMI violation,交替标示反转违规,,2023-01-17
20276138,amiable compositeur,衡平仲裁,,2023-01-17
20276139,amiable composition,衡平仲裁,,2023-01-17
20276140,Amiga,Amiga 家用电脑,,2023-01-17
20276141,Amiga E,Amiga E 编译器,,2023-01-17
20276142,Amiga network,Amiga 网路,,2023-01-17
20276143,Amiga user group,家用电脑用户群,,2023-01-17
20276144,amine,胺,,2023-01-17
20276145,amino acid,氨基酸,,2023-01-17
20276146,AML Entry,AML/E 程式语言,,2023-01-17
20276147,AML/2,阵列机语言/2,,2023-01-17
20276148,ammeter,电流计；安培计,,2023-01-17
20276149,ammeter changeover switch,安培计切换开关,,2023-01-17
20276150,ammine,氨络物,,2023-01-17
20276151,ammonia,氨水；阿摩尼亚,,2023-01-17
20276152,ammonia-air fuel cell,氨空气燃料电池,,2023-01-17
20276153,ammonium bichromate,重铬酸铵,,2023-01-17
20276154,ammonium bromide,溴化铵,,2023-01-17
20276155,ammonium dihydrogen phosphate{=ADP},磷酸二氢铵,,2023-01-17
20276156,ammonium nitrate,硝酸铵,,2023-01-17
20276157,ammonium nitrate satchel charge,硝酸铵包充电,,2023-01-17
20276158,ammonol,由氨诱导的炸弹,,2023-01-17
20276159,ammunition,弹药,,2023-01-17
20276160,ammunition data card,弹药资料卡,,2023-01-17
20276161,ammunition supply point,弹药供应点,,2023-01-17
20276162,A-mode ultrasonic scanning,A 型超音波扫描,,2023-01-17
20276163,amorphous film,非晶薄膜,,2023-01-17
20276164,amorphous magnetic material,非晶磁性材料,,2023-01-17
20276165,amorphous memory,无定形记忆体,,2023-01-17
20276166,amorphous semiconductor,非晶半导体,,2023-01-17
20276167,amorphous semiconductor memory,无定形半导体记忆体,,2023-01-17
20276168,amorphous silicon,非晶矽,,2023-01-17
20276169,amorphous silicon solar cell,非晶矽太阳电池,,2023-01-17
20276170,amortization,分期偿还,,2023-01-17
20276171,amortized cost,偿还成本,,2023-01-17
20276172,AMOS memory,AMOS记忆体；突崩注入型金氧半导体记忆体,,2023-01-17
20276173,amount,金额,,2023-01-17
20276174,amount due,到期金额,,2023-01-17
20276175,amount for supervision and amount for publication,查核金额及公告金额,,2023-01-17
20276176,amount of change,变动量,,2023-01-17
20276177,amount of information,资讯量,,2023-01-17
20276178,amount of secrecy,守密量,,2023-01-17
20276179,amount of substance,实质数量,,2023-01-17
20276180,amount of words in coincident code,同码字数,,2023-01-17
20276181,amount of words/characters in coincident code,同码字／词数,,2023-01-17
20276182,amp off,背景执行,,2023-01-17
20276183,amper,＆字元,,2023-01-17
20276184,amperage,电流强度,,2023-01-17
20276185,ampere,安培,,2023-01-17
20276186,ampere hour{=Ah},安培时,,2023-01-17
20276187,ampere per meter,每公尺安培,,2023-01-17
20276188,ampere per meter squared,每平方公尺安培,,2023-01-17
20276189,ampere turn{=AT},安培匝,,2023-01-17
20276190,ampere volt ohm meter{=AVO},万用表,,2023-01-17
20276191,ampere-hour meter{=AhM},安培时计,,2023-01-17
20276192,ampere-hour{=Ah},安培时,,2023-01-17
20276193,ampere-second{=As},安培秒,,2023-01-17
20276194,ampere-turn{=AT},安培匝数,,2023-01-17
20276195,amperometer,电流表,,2023-01-17
20276196,ampersand,& 号,,2023-01-17
20276197,ampersand code,连字号编码；& 号编码,,2023-01-17
20276198,Amphenol,Amphenol 连接器制造商,,2023-01-17
20276199,amphibious communication net,水陆两用通信网,,2023-01-17
20276200,amphibious warfare,两栖战争,,2023-01-17
20276201,amphoteric impurity,两性杂质,,2023-01-17
20276202,amphoterism,两性,,2023-01-17
20276203,AMPLE,AMPLE程式语言,,2023-01-17
20276204,amplification,放大,,2023-01-17
20276205,amplification by stimulated emission of radiation,受激辐射放大,,2023-01-17
20276206,amplification coefficient,放大系数,,2023-01-17
20276207,amplification factor,放大因数,,2023-01-17
20276208,amplification of spontaneous emission,自发辐射放大,,2023-01-17
20276209,amplification ratio,放大比,,2023-01-17
20276210,amplified phone,扩音电话,,2023-01-17
20276211,amplifier,放大器,,2023-01-17
20276212,amplifier classes,放大器类别,,2023-01-17
20276213,amplifier in,放大器输入端,,2023-01-17
20276214,amplifier input{=AI},放大器输入,,2023-01-17
20276215,amplifier out,放大器输出端,,2023-01-17
20276216,amplifier output stage{=AOS},放大器输出级,,2023-01-17
20276217,amplifier output{=AO},放大器输出,,2023-01-17
20276218,amplifier power supply{=APS},放大器电源,,2023-01-17
20276219,amplifier repeater,放大中继器,,2023-01-17
20276220,amplifier unit{=AMU},扩音机,,2023-01-17
20276221,amplify,放大,,2023-01-17
20276222,amplitron,增幅管,,2023-01-17
20276223,amplitude,振幅,,2023-01-17
20276224,amplitude absolute average value,振幅绝对平均值,,2023-01-17
20276225,amplitude adder,振幅加法器,,2023-01-17
20276226,amplitude analyzer,振幅分析器,,2023-01-17
20276227,amplitude comparator,振幅比较器,,2023-01-17
20276228,amplitude comparison monopulse,比较振幅单脉波,,2023-01-17
20276229,amplitude control,振幅控制,,2023-01-17
20276230,amplitude detection,振幅检测,,2023-01-17
20276231,amplitude discriminator,振幅鉴别器,,2023-01-17
20276232,amplitude distortion,振幅失真,,2023-01-17
20276233,amplitude domain multiple access,振幅域多重存取,,2023-01-17
20276234,amplitude fluctuation,振幅波动；振幅扰动,,2023-01-17
20276235,amplitude limiter,振幅限制器,,2023-01-17
20276236,amplitude limiting,限幅,,2023-01-17
20276237,amplitude lopper,限幅器,,2023-01-17
20276238,amplitude modulated transmitter{=AM transmitter},调幅发射机,,2023-01-17
20276239,amplitude modulation broadcasting,调幅广播,,2023-01-17
20276240,amplitude modulation depth,调幅深度,,2023-01-17
20276241,amplitude modulation meter,振幅调变仪表；调幅仪表,,2023-01-17
20276242,amplitude modulation phase modulation{=AM-PM},调幅-调相,,2023-01-17
20276243,amplitude modulation phase-shift keying{=AM-PSK},调幅相移键控,,2023-01-17
20276244,amplitude modulation radio,调幅广播收音机,,2023-01-17
20276245,amplitude modulation sensitivity,调幅灵敏度,,2023-01-17
20276246,amplitude modulation with vestigial sideband,残边带振幅调变；残边带调幅,,2023-01-17
20276247,amplitude modulation/frequency modulation{=AM/FM},调幅／调频,,2023-01-17
20276248,amplitude modulation{=AM},调幅；振幅调变,,2023-01-17
20276249,amplitude modulator,振幅调变器；调幅器,,2023-01-17
20276250,amplitude noise,振幅杂讯,,2023-01-17
20276251,amplitude pattern antenna measurement,天线振幅场型量测,,2023-01-17
20276252,amplitude peak value,振幅峰值,,2023-01-17
20276253,amplitude peak-to-peak value,振幅峰对峰值,,2023-01-17
20276254,amplitude resolution,振幅解析度,,2023-01-17
20276255,amplitude response,振幅回应,,2023-01-17
20276256,amplitude root-mean-square value,振幅均方根值,,2023-01-17
20276257,amplitude segmentation,振幅分段,,2023-01-17
20276258,amplitude sensing,振幅感测,,2023-01-17
20276259,amplitude sensor,振幅感测器,,2023-01-17
20276260,amplitude separation data detection{=ASDD},振幅分离资料检测,,2023-01-17
20276261,amplitude shift,振幅移位,,2023-01-17
20276262,amplitude shift keying modulation,振幅移位键控调变；幅移键控调变,,2023-01-17
20276263,amplitude shift keying{=ASK},幅移键控,,2023-01-17
20276264,amplitude spectrum,振幅频谱,,2023-01-17
20276265,amplitude stability,振幅稳定度,,2023-01-17
20276266,amplitude taper efficiency,振幅削幅效率,,2023-01-17
20276267,amplitude test cassette,振幅测试卡座,,2023-01-17
20276268,amplitude triangulation,振幅三角剖分,,2023-01-17
20276269,amplitude variation,振幅变动,,2023-01-17
20276270,amplitude vs. frequency distortion,幅频失真,,2023-01-17
20276271,amplitude-frequency characteristic,振幅－频率特性,,2023-01-17
20276272,amplitude-frequency modulation{=AFM},振幅－频率调变,,2023-01-17
20276273,amplitude-phase diagram,振幅－相位图,,2023-01-17
20276274,amplitude-time converter,振幅时间转换器,,2023-01-17
20276275,AMRS control center,自动读表管控中心,,2023-01-17
20276276,an,硝酸铵,,2023-01-17
20276277,an act is punishable only if expressly so provided by the law in force at the time of its commission,罪刑法定主义,,2023-01-17
20276278,An analytical information management system{=AAIMS},分析资讯管理系统,,2023-01-17
20276279,AN code,AN码,,2023-01-17
20276280,an evolutionary system for online processing{=AESOP},AESOP 系统；线上处理改良系统,,2023-01-17
20276281,an evolutionary system for online programming,线上程式设计改良系统,,2023-01-17
20276282,AN frame relay function,AN讯框传送功能,,2023-01-17
20276283,an open assembly,公然聚众,,2023-01-17
20276284,an slurry,硝酸铵混浊液,,2023-01-17
20276285,an/fo,an/fo爆炸物,,2023-01-17
20276286,anacom,分析计算机,,2023-01-17
20276287,anacronym,缩写字,,2023-01-17
20276288,anaglyph,浮雕装饰,,2023-01-17
20276289,anaglyph 3D,立体 3D 显示技术,,2023-01-17
20276290,anaglyphic glasses,浮雕眼镜,,2023-01-17
20276291,anagram,回文,,2023-09-20
20276292,analizer,分析器,,2023-01-17
20276293,analog,类比,,2023-01-17
20276294,analog adder,类比加法器,,2023-01-17
20276295,analog amplifiei,类比放大器,,2023-01-17
20276296,analog amplifier,类比放大器,,2023-01-17
20276297,analog approach,类比方法,,2023-01-17
20276298,analog assignment of variables,变数类比赋值,,2023-01-17
20276299,analog audio,类比音讯,,2023-01-17
20276300,analog audio cable,类比音讯缆线,,2023-01-17
20276301,analog backup,类比备份,,2023-01-17
20276302,analog broadcast,类比广播,,2023-01-17
20276303,analog calculation,类比计算,,2023-01-17
20276304,analog camera,类比摄影机,,2023-01-17
20276305,analog cassette,类比卡带,,2023-01-17
20276306,analog channel,类比通道,,2023-01-17
20276307,analog circuit analysis by time-sharing system{=ANCIR/TSS},采用分时系统的类比电路分析,,2023-01-17
20276308,Analog Clock{=AC},类比钟,,2023-01-17
20276309,analog communication,类比通信,,2023-01-17
20276310,analog comparator,类比比较器,,2023-01-17
20276311,analog compiler,类比编译器,,2023-01-17
20276312,analog compiler system,类比编译程式系统,,2023-01-17
20276313,analog component video,类比组件视讯,,2023-01-17
20276314,analog component VTR,类比成分磁带录影机,,2023-01-17
20276315,analog computer system{=ACS},类比电脑系统,,2023-01-17
20276316,analog computer{=ANACOM},类比计算机,,2023-01-17
20276317,analog computing,类比计算,,2023-01-17
20276318,analog connection,类比连接,,2023-01-17
20276319,analog control,类比控制,,2023-01-17
20276320,analog control technique,类比控制技术,,2023-01-17
20276321,analog conversion,类比转换,,2023-01-17
20276322,analog copy machine,类比影印机,,2023-01-17
20276323,analog data,类比资料,,2023-01-17
20276324,analog data recording transcriber{=ADRT},类比资料记录转录器,,2023-01-17
20276325,analog data sink,类比资料槽,,2023-01-17
20276326,analog data source,类比资料源,,2023-01-17
20276327,analog decoding,类比解码,,2023-01-17
20276328,analog delay unit{=ADU},类比延迟单元；类比延迟装置,,2023-01-17
20276329,analog device,类比装置,,2023-01-17
20276330,Analog Devices Inc.{=ADI},亚德诺半导体股份有限公司,,2023-01-17
20276331,analog differential analyzer{=ADA},类比微分分析器,,2023-01-17
20276332,analog digital,类比数位,,2023-01-17
20276333,analog display,类比显示,,2023-01-17
20276334,analog display services interface,类比显示服务介面,,2023-01-17
20276335,analog display unit{=ADU},类比显示单元,,2023-01-17
20276336,analog divider,类比除法器,,2023-01-17
20276337,analog domain,类比领域,,2023-01-17
20276338,analog emulation system,类比仿真系统,,2023-01-17
20276339,analog encoding,类比编码,,2023-01-17
20276340,analog facility terminal,类比设施终端,,2023-01-17
20276341,analog feedback system,类比回馈系统,,2023-01-17
20276342,analog feedback{=AF},类比回馈,,2023-01-17
20276343,analog film,类比软片；类比薄膜,,2023-01-17
20276344,analog form,类比形式,,2023-01-17
20276345,analog format,类比格式,,2023-01-17
20276346,analog function generator{=AFG},类比功能产生器,,2023-01-17
20276347,analog gate,类比闸,,2023-01-17
20276348,analog generator,类比产生器,,2023-01-17
20276349,analog ground,类比接地,,2023-01-17
20276350,analog hardware design language,类比硬体设计语言；AHDL语言,,2023-01-17
20276351,analog hybrid{=AH},类比并合,,2023-01-17
20276352,analog image,类比影像,,2023-01-17
20276353,analog indicator,类比指示器,,2023-01-17
20276354,analog input,类比输入,,2023-01-17
20276355,Analog Input Card,类比输入卡,,2023-01-17
20276356,analog input channel,类比输入通道,,2023-01-17
20276357,analog input channel (in process control),（过程控制中之）类比输入通道,,2023-01-17
20276358,analog input channel amplifier,类比输入通道放大器,,2023-01-17
20276359,analog input expander,类比输入扩充器,,2023-01-17
20276360,analog input in process control,程序控制中之类比输入,,2023-01-17
20276361,analog input module{=AIM},类比输入模组,,2023-01-17
20276362,analog input operation,类比输入操作,,2023-01-17
20276363,analog input system{=AIS},类比输入系统,,2023-01-17
20276364,analog input/output package{=AIOP},类比输入输出软体包,,2023-01-17
20276365,analog instrument,类比仪器,,2023-01-17
20276366,analog integrated circuit,类比积体电路,,2023-01-17
20276367,analog integration,类比整合,,2023-01-17
20276368,analog integrators of discrete function{=AIDF},离散函数类比积分器,,2023-01-17
20276369,analog intelligence test,类比智慧测试,,2023-01-17
20276370,analog interpolation,类比内插法,,2023-01-17
20276371,analog line,类比线,,2023-01-17
20276372,analog line driver{=ALD},类比线驱动器,,2023-01-17
20276373,analog loop back,类比回路返回,,2023-01-17
20276374,analog magnetic head,类比磁头,,2023-01-17
20276375,analog memory,类比记忆体,,2023-01-17
20276376,analog memory device{=AMD},类比记忆体装置,,2023-01-17
20276377,analog microcircuit,类比微电路,,2023-01-17
20276378,analog mobile phone,类比行动电话,,2023-01-17
20276379,analog modulation,类比调变,,2023-01-17
20276380,analog module,类比模组,,2023-01-17
20276381,analog monitor,类比监视器,,2023-01-17
20276382,analog monitor module{=AMM},类比监视器模组,,2023-01-17
20276383,analog multiplexer,类比多工器,,2023-01-17
20276384,analog multiplication,类比乘法,,2023-01-17
20276385,analog multiplier,类比乘法器,,2023-01-17
20276386,analog nest units,类比巢式单元,,2023-01-17
20276387,analog network,类比网路,,2023-01-17
20276388,analog nonlinear editor,类比非线性编辑器,,2023-01-17
20276389,analog oscilloscope,类比示波器,,2023-01-17
20276390,analog output,类比输出,,2023-01-17
20276391,analog output card,类比输出卡,,2023-01-17
20276392,analog output channel,类比输出通道,,2023-01-17
20276393,analog output channel amplifier,类比输出通道放大器,,2023-01-17
20276394,analog output submodule{=AOS},类比输出子模组,,2023-01-17
20276395,analog phase-locked loop{=APLL},类比锁相回路,,2023-01-17
20276396,analog phone,类比电话,,2023-01-17
20276397,analog phone adapter,类比电话配接器,,2023-01-17
20276398,analog plug,类比插件,,2023-01-17
20276399,analog port,类比埠,,2023-01-17
20276400,analog process,类比处理,,2023-01-17
20276401,analog process computer,类比处理电脑,,2023-01-17
20276402,analog processing of image coding,影像编码的类比处理,,2023-01-17
20276403,analog processing unit{=APU},类比处理单元；类比处理机,,2023-01-17
20276404,analog processor controller,类比处理机控制器,,2023-01-17
20276405,analog program tape{=APT},类比程式带,,2023-01-17
20276406,analog pulse modulation,类比脉波调变,,2023-01-17
20276407,analog read only memory{=ANAROM},模拟唯读储存器；类比唯读记忆体,,2023-01-17
20276408,analog recording,类比记录,,2023-01-17
20276409,analog recording dynamic analyzer{=ARDA},类比记录动态分析程式,,2023-01-17
20276410,analog recording system{=ARS},类比记录系统,,2023-01-17
20276411,analog representation,类比表示式,,2023-01-17
20276412,analog resolution,类比解析度,,2023-01-17
20276413,analog scaling,类比定标,,2023-01-17
20276414,analog scanner,类比扫描器,,2023-01-17
20276415,analog scope,类比显示器,,2023-01-17
20276416,analog select keyboard{=ASK},类比选择键盘,,2023-01-17
20276417,analog shift register{=ASR},类比移位暂存器,,2023-01-17
20276418,analog signal,类比信号,,2023-01-17
20276419,analog signal converter{=ASC},类比信号转换器,,2023-01-17
20276420,analog signal generator,类比信号产生器,,2023-01-17
20276421,analog simulation,类比模拟,,2023-01-17
20276422,analog simulation system{=ASS},类比模拟系统,,2023-01-17
20276423,analog simultaneous voice and data,类比同时语音及资料,,2023-01-17
20276424,analog socket,类比插座,,2023-01-17
20276425,analog sound,类比声音,,2023-01-17
20276426,analog stereo,类比立体声,,2023-01-17
20276427,analog stop control,类比停止控制,,2023-01-17
20276428,analog storage,类比储存器,,2023-01-17
20276429,analog switch,类比开关,,2023-01-17
20276430,analog switching,类比交换,,2023-01-17
20276431,analog switching hybrids,类比交换并合电路,,2023-01-17
20276432,analog system,类比系统,,2023-01-17
20276433,analog telephone,类比电话,,2023-01-17
20276434,analog to digital conversion,类比至数位转换,,2023-01-17
20276435,analog to digital converter{=ADC},类比至数位转换器,,2023-01-17
20276436,analog to digital convertor,类比至数位转换器,,2023-01-17
20276437,analog to digital encoder,类比至数位编码器,,2023-01-17
20276438,analog to digital LSI,类比至数位大型积体电路,,2023-01-17
20276439,analog to digital recorder{=ADR},类比至数位记录器,,2023-01-17
20276440,analog to digital recording system{=ADRS},类比至数位记录系统,,2023-01-17
20276441,analog to digital sensing,类比至数位感测,,2023-01-17
20276442,analog to digital simulation language,类比至数位模拟语言,,2023-01-17
20276443,analog to digital{=A/D},类比至数位,,2023-01-17
20276444,analog to frequency converter{=AFC},类比至频率转换器,,2023-01-17
20276445,analog to time to digit{=ATD},类比至时间至数位,,2023-01-17
20276446,analog transducer,类比换能器,,2023-01-17
20276447,analog translator{=ANATRAN},类比翻译器,,2023-01-17
20276448,analog transmission,类比传输,,2023-01-17
20276449,analog transmission line{=ATL},类比传输线,,2023-01-17
20276450,analog TV,类比电视,,2023-01-17
20276451,analog variable,类比变数,,2023-01-17
20276452,analog variable assignment,类比变数指定,,2023-01-17
20276453,analog video,类比至数位转换器,,2023-01-17
20276454,analog video bandwidth{=AVB},类比视讯频宽,,2023-01-17
20276455,analog visual signal,类比视觉信号,,2023-01-17
20276456,analog voltage,类比电压,,2023-01-17
20276457,analog VTR,类比影像录影机,,2023-01-17
20276458,analog waveform,类比波形,,2023-01-17
20276459,analog/digital transducers,类比数位转换器,,2023-01-17
20276460,analog-digital adapter,类比数位配接器,,2023-01-17
20276461,analog-digital automatic program tester,类比数位自动程式试验器,,2023-01-17
20276462,analog-digital chip,类比数位晶片,,2023-01-17
20276463,analog-digital computer,类比数位电脑,,2023-01-17
20276464,analog-digital computing system,类比数位计算系统,,2023-01-17
20276465,analog-digital control system,类比数位控制系统,,2023-01-17
20276466,analog-digital conversion,类比数位转换,,2023-01-17
20276467,analog-digital conversion equipment,类比数位转换设备,,2023-01-17
20276468,analog-digital convert,类比数位转换,,2023-01-17
20276469,analog-digital converter hybrid,类比数位转换器并合,,2023-01-17
20276470,analog-digital converter{=ADC},类比数位转换器,,2023-01-17
20276471,analog-digital data interconversion,类比数位资料互换,,2023-01-17
20276472,analog-digital element,类比数位元素,,2023-01-17
20276473,analog-digital encoder,类比数位编码器,,2023-01-17
20276474,analog-digital interface,类比数位介面,,2023-01-17
20276475,analog-digital real time computer,类比数位即时电脑,,2023-01-17
20276476,analog-digital simulation computer,类比数位模拟电脑,,2023-01-17
20276477,analog-digital subsystem,类比数位子系统,,2023-01-17
20276478,analog-digital-analog converter,类比－数位－类比转换器,,2023-01-17
20276479,analog-digital-analog converter system,类比－数位－类比转换器系统,,2023-01-17
20276480,analogical inference,类比推理,,2023-01-17
20276481,analogical learning,类比学习,,2023-01-17
20276482,analogical problem solving,类比问题求解,,2023-01-17
20276483,analogue,类比,,2023-01-17
20276484,analogue broadcast,类比广播,,2023-01-17
20276485,analogue camera,类比摄影机,,2023-01-17
20276486,analogue cassette,类比卡式,,2023-01-17
20276487,analogue computer,类比计算机,,2023-01-17
20276488,analogue data processing device,类比资料处理装置,,2023-01-17
20276489,analogue domain,类比领域,,2023-01-17
20276490,analogue film,类比软片；类比薄膜,,2023-01-17
20276491,analogue hole,类比孔,,2023-01-17
20276492,analogue input,类比输入,,2023-01-17
20276493,analogue integrated circuit,类比积体电路,,2023-01-17
20276494,analogue loop test,类比回路测试,,2023-01-17
20276495,analogue modem,类比数据机,,2023-01-17
20276496,analogue output,类比输出,,2023-01-17
20276497,analogue phone,类比电话,,2023-01-17
20276498,analogue record,类比记录,,2023-01-17
20276499,analogue setting,类比设定,,2023-01-17
20276500,analogue shift register,类比移位暂存器,,2023-01-17
20276501,analogue signal,类比信号,,2023-01-17
20276502,analogue storage module,类比储存模组,,2023-01-17
20276503,analogue subset,类比子集,,2023-01-17
20276504,analogue supervision,类比监控,,2023-01-17
20276505,analogue timing pulse,类比计时脉冲,,2023-01-17
20276506,analogue to digital conversion,类比数位转换,,2023-01-17
20276507,analogue to digital converter{=ADC},类比至数位转换器,,2023-01-17
20276508,analogue translator,类比翻译器,,2023-01-17
20276509,analogue/digital data port,类比/数位资料埠,,2023-01-17
20276510,analogy,类比,,2023-01-17
20276511,analogy computing device,类比计算装置,,2023-01-17
20276512,analogy model,类比模型,,2023-01-17
20276513,analysis,分析,,2023-01-17
20276514,analysis algorithm,分析演算法,,2023-09-20
20276515,analysis block,分析块,,2023-01-17
20276516,analysis by synthesis,合成分析法,,2023-01-17
20276517,analysis graphics,分析图形,,2023-01-17
20276518,analysis informations system,分析资讯系统,,2023-01-17
20276519,analysis language,分析语言,,2023-01-17
20276520,analysis mode,分析模式,,2023-01-17
20276521,analysis model,分析模型,,2023-01-17
20276522,analysis of accounts{=A/A},会计分析,,2023-01-17
20276523,analysis of algorithm,分析演算法,,2023-01-17
20276524,analysis of spare parts change{=ASPC},备件更换分析,,2023-01-17
20276525,analysis package{=ANAPAC},分析程式包,,2023-01-17
20276526,analysis pass,分析遍,,2023-01-17
20276527,analysis phase,分析阶段,,2023-01-17
20276528,analysis procedure,分析程序,,2023-01-17
20276529,analysis program,分析程式,,2023-01-17
20276530,analysis report,分析报告,,2023-01-17
20276531,analysis routine,分析常式,,2023-01-17
20276532,analysis system{=ANSYS},分析系统,,2023-01-17
20276533,analysis/synthesis system,分析／合成系统,,2023-01-17
20276534,analyst,分析员,,2023-01-17
20276535,analyst assistance program{=AAP},分析员辅助程式,,2023-01-17
20276536,analyst privilege class,分析员特权类别,,2023-01-17
20276537,analyst programmer{=AP},程式分析员,,2023-01-17
20276538,Analyte Repeat Status,分析重复状态,,2023-01-17
20276539,analytic attribute,分析属性,,2023-01-17
20276540,analytic engine,分析机,,2023-01-17
20276541,analytic extension,解析延伸,,2023-01-17
20276542,analytic geometry interpretive language{=AGILE},解析几何解译语言,,2023-01-17
20276543,analytic hierarchy process,分析阶层处理,,2023-01-17
20276544,analytic hierarchy processing,分析层级处理；分析阶层处理,,2023-01-17
20276545,analytic investigation,解析调查,,2023-01-17
20276546,analytic language,分析语言,,2023-01-17
20276547,analytic language manipulation system{=ALMS},解析语言调处系统,,2023-01-17
20276548,analytic learning,分析学习,,2023-01-17
20276549,analytic models accuracy,分析模型准确度,,2023-01-17
20276550,analytic models calibration,分析模型校准,,2023-01-17
20276551,analytic plotter,解析绘图器,,2023-01-17
20276552,analytic procedure,解析程序,,2023-01-17
20276553,analytic program,解析程式,,2023-01-17
20276554,analytic programmer,分析程式员,,2023-01-17
20276555,Analytic Relationship,分析关系,,2023-01-17
20276556,analytic study,分析学习,,2023-01-17
20276557,analytical attack,分析攻击,,2023-01-17
20276558,analytical balance,分析天平,,2023-01-17
20276559,analytical database engine,解析资料库引擎,,2023-01-17
20276560,analytical engine,分析机,,2023-01-17
20276561,analytical function generator,解析函数产生器,,2023-01-17
20276562,analytical graphics,解析图形,,2023-01-17
20276563,analytical machine,解析机,,2023-01-17
20276564,analytical method,分析法,,2023-01-17
20276565,analytical model,分析模型,,2023-01-17
20276566,analytical modelling,解析塑模,,2023-01-17
20276567,analyzability,可分析性,,2023-01-17
20276568,analyze,分析,,2023-01-17
20276569,analyzer,分析程式；分析器,,2023-01-17
20276570,analyzer/recorder/controller{=ARC},分析器－记录器－控制器,,2023-01-17
20276571,analyzing grammar,分析文法,,2023-01-17
20276572,anamorphic,歪像,,2023-01-17
20276573,anamorphic scale factor,叠构尺度因数；叠构标度因数；叠构尺度因素,,2023-01-17
20276574,anamorphic scaling,可变定标,,2023-01-17
20276575,anaphylaxis failure,过敏性故障,,2023-01-17
20276576,anastatic printing,艺术凸版,,2023-01-17
20276577,anastigmat,消像散镜片,,2023-01-17
20276578,anastigmatic lens,消像差透镜,,2023-01-17
20276579,anatomic site,解剖位置,,2023-01-17
20276580,anatomic structure,解剖结构,,2023-01-17
20276581,ancestor,源始；上代,,2023-01-17
20276582,ancestor directory,上代目录,,2023-01-17
20276583,ancestor node,上代节点,,2023-01-17
20276584,ancestor process,先代过程,,2023-01-17
20276585,ancestral task,源始任务,,2023-01-17
20276586,ancestry filter,源始过滤器,,2023-01-17
20276587,ancestry filtered form,源始过滤型式,,2023-01-17
20276588,ancestry filtered form strategy,源始过滤型策略,,2023-01-17
20276589,anchor,链结锚,,2023-01-17
20276590,anchor flow object class,标的流动物件类别,,2023-01-17
20276591,anchor method,地锚工法,,2023-01-17
20276592,Anchor Pile,锚定桩,,2023-01-17
20276593,anchor point,定锚点,,2023-01-17
20276594,anchor role,链锚角色,,2023-01-17
20276595,anchorage,连结器固定座；锚座,,2023-01-17
20276596,Anchorage Assemblies,锚定组件,,2023-01-17
20276597,Anchorage Insert,锚定预埋套筒,,2023-01-17
20276598,anchored choice,固定选择,,2023-01-17
20276599,anchored recognition,固定识别,,2023-01-17
20276600,anchoring,加链结锚；锚定,,2023-01-17
20276601,ancient language,古代语言,,2023-01-17
20276602,ancillary,辅助,,2023-01-17
20276603,ancillary circuit,辅助电路,,2023-01-17
20276604,ancillary construction contract,子施工标,,2023-01-17
20276605,ancillary control process buffer descriptor{=ABD},辅助控制过程缓冲描述符,,2023-01-17
20276606,ancillary control process{=ACP},辅助控制过程,,2023-01-17
20276607,ancillary data,辅助资料,,2023-01-17
20276608,ancillary device,辅助装置,,2023-01-17
20276609,ancillary equipment,辅助设备,,2023-01-17
20276610,ancillary facility,辅助设施,,2023-01-17
20276611,ancillary milestone,子里程碑,,2023-01-17
20276612,ancillary peripheral,辅助周边设备,,2023-01-17
20276613,ancillary support,辅助支援,,2023-01-17
20276614,ancillary support routine,辅助支援常式,,2023-01-17
20276615,ancillary transmission equipment,辅助传输设备,,2023-01-17
20276616,ancillary volume,附件体积,,2023-01-17
20276617,AND,及；与,,2023-01-17
20276618,AND absolute{=ANA},「与」绝对,,2023-01-17
20276619,AND attribute ID,「及」属性识别符；AND 属性识别符,,2023-01-17
20276620,AND circuit,「及」电路,,2023-01-17
20276621,AND constant,「与」常数,,2023-01-17
20276622,AND element,「及」元件；「与」元件,,2023-01-17
20276623,AND function,「及」功能,,2023-01-17
20276624,AND gate{=AG},「与」闸；「及」闸,,2023-01-17
20276625,AND group,「及」群,,2023-01-17
20276626,AND immediate with accumulator{=ANI},立即和累加器作「及」算,,2023-01-17
20276627,AND inverter,「及」反向器,,2023-01-17
20276628,AND logic gates,「及」逻辑闸；「与」逻辑闸,,2023-01-17
20276629,AND logic product,「与」逻辑积,,2023-01-17
20276630,AND mode,结合模式,,2023-01-17
20276631,AND negative gate,「与」负闸,,2023-01-17
20276632,AND node,「及」节点,,2023-01-17
20276633,AND operation,AND 运算；「与」运算；「与」操作；「及」运算,,2023-01-17
20276634,AND operator,「及」运算子,,2023-01-17
20276635,AND parallelism,「与」平行性,,2023-01-17
20276636,AND register,「与」暂存器,,2023-01-17
20276637,AND relationship,「与」关系,,2023-01-17
20276638,AND subclasses,「及」子类别,,2023-01-17
20276639,AND symbol,「与」符号,,2023-01-17
20276640,AND THEN control,「及则」控制,,2023-01-17
20276641,AND tie,「与」连结,,2023-01-17
20276642,AND tree,「与」树,,2023-01-17
20276643,AND tube,「与」管,,2023-01-17
20276644,AND with accumulator,同累加器相「与」,,2023-01-17
20276645,and/or,及或（资讯安全）；且或,,2023-01-17
20276646,AND/OR expression,「与或」表式,,2023-01-17
20276647,AND/OR form,「与或」形式,,2023-01-17
20276648,AND/OR form for goal expression,目标表式的「与或」形式,,2023-01-17
20276649,AND/OR graph,「与或」图,,2023-01-17
20276650,AND/OR search graph,「与或」搜寻图,,2023-01-17
20276651,and/or stack register,及或堆叠暂存器,,2023-01-17
20276652,AND/OR tree,「与或」树,,2023-01-17
20276653,Andersen Consulting,安徒生咨询公司（更名为埃森哲）,,2023-01-17
20276654,anding,与操作,,2023-01-17
20276655,AND-NOT circuit,「及非」电路；「与非」电路,,2023-01-17
20276656,AND-NOT gate,「及非」闸；「与非」闸,,2023-01-17
20276657,AND-NOT operation,「及非」操作；「与非」操作,,2023-01-17
20276658,AND-OR circuit,「及或」电路；「与或」电路,,2023-01-17
20276659,AND-OR delay,「及或」延迟；「与或」延迟,,2023-01-17
20276660,AND-OR extender{=AOX},「及或」延伸器；「与或」延伸器,,2023-01-17
20276661,AND-OR function,「及或」功能；「与或」功能,,2023-01-17
20276662,AND-OR gate,「及或」闸；「与或」闸,,2023-01-17
20276663,AND-OR inverter,「及或」反向器,,2023-01-17
20276664,AND-OR-AND circuit,「及或及」电路；「与或与」电路,,2023-01-17
20276665,AND-OR-AND gate,「及或及」闸；「与或与」闸,,2023-01-17
20276666,AND-OR-INVERT gate,「及或反」闸；「与或反」闸,,2023-01-17
20276667,AND-OR-NOT,及或非；与或非,,2023-01-17
20276668,AND-OR-NOT gate,「及或非」闸；「与或非」闸,,2023-01-17
20276669,Andorra kernel language,Andorra 核心语言,,2023-01-17
20276670,Andorra-I,Andorra-I 语言,,2023-01-17
20276671,Andorra-Prolog,Andorra-Prolog 语言,,2023-01-17
20276672,AND-OR-trigger,「与或」触发器,,2023-01-17
20276673,Andrei Markov,安德烈马可夫,,2023-01-17
20276674,Andrew file system,Andrew档案系统,,2023-01-17
20276675,Andrew message system,Amdrew 讯息系统,,2023-01-17
20276676,Andrew Project,安德鲁专案,,2023-01-17
20276677,Andrew Toolkit,Andrew 套件,,2023-01-17
20276678,Andriod,安卓,,2023-01-17
20276679,Android,安卓,,2023-01-17
20276680,Android 1.5,安卓 1.5,,2023-01-17
20276681,Android 1.6,安卓 1.6 操作系统；Android 操作系统的 Donut 版,,2023-01-17
20276682,Android 2.0,安卓 2.0 操作系统；Android 操作系统的 Éclair 版,,2023-01-17
20276683,Android 2.2,安卓 2.2 操作系统；Android 操作系统的 Froyo 版,,2023-01-17
20276684,Android 3.0,安卓 3.0 操作系统；Android 操作系统的 Honeycomb 版,,2023-01-17
20276685,Android 4.0,安卓 4.0 操作系统；Android 操作系统的 Ice Cream Sandwich 版,,2023-01-17
20276686,Android 4.1,安卓 4.1 版作业系统,,2023-01-17
20276687,Android 4.2,安卓 4.2 版作业系统,,2023-01-17
20276688,Android 4.3,安卓 4.3 版作业系统,,2023-01-17
20276689,Android 4.4,安卓 4.4 版作业系统,,2023-01-17
20276690,Android 5.0,安卓 5.0 版作业系统,,2023-01-17
20276691,Android 6.0,安卓 6.0 版作业系统,,2023-01-17
20276692,Android 7.0,安卓 7.0 版作业系统,,2023-01-17
20276693,Android 8.0,安卓 8.0 版作业系统,,2023-01-17
20276694,Android 9.0,安卓 9.0 版作业系统,,2023-01-17
20276695,Android antivirus program,安卓防毒程式,,2023-01-17
20276696,Android app,安卓作业系统应用软体,,2023-01-17
20276697,Android app player,安卓 app 播放器；Android 应用播放器,,2023-01-17
20276698,Android app store,安卓 app 商店；Android 应用商店,,2023-01-17
20276699,Android application framework,Android 应用程式框架；安卓应用程式框架,,2023-01-17
20276700,Android Auto,安卓 Auto；车载应用处理机,,2023-01-17
20276701,Android camera,安卓摄影机,,2023-01-17
20276702,Android car system,安卓汽车系统,,2023-01-17
20276703,Android cloud to device messaging,安卓云到装置传讯,,2026-05-04
20276704,Android computer,安卓电脑,,2023-01-17
20276705,Android connector,安卓连接器,,2023-01-17
20276706,Android desktop,安卓桌上电脑,,2023-01-17
20276707,Android emulator,安卓仿真器,,2023-01-17
20276708,Android fragmentation,安卓片段,,2023-01-17
20276709,Android G1,安卓 G1 手机；第一代 Android 手机,,2023-01-17
20276710,Android G2,安卓 G2 手机；第二代 Android 手机,,2023-01-17
20276711,Android hands free,安卓免持式,,2023-01-17
20276712,Android in the car,车用安卓手机,,2023-01-17
20276713,Android laptop,安卓膝上型电脑,,2023-01-17
20276714,Android marketplace,安卓市场,,2023-01-17
20276715,Android minicomputer,安卓迷你电脑,,2023-01-17
20276716,Android models,安卓模型,,2023-01-17
20276717,Android music dock,安卓音乐盒,,2023-01-17
20276718,Android notebook,安卓笔电,,2023-01-17
20276719,Android P,安卓作业系统 Google 版本,,2023-01-17
20276720,Android PC,安卓个人电脑,,2023-01-17
20276721,Android phone,安卓手机,,2023-01-17
20276722,Android player,安卓播放机,,2023-01-17
20276723,Android recovery image,安卓复原影像,,2023-01-17
20276724,Android ROM,安卓唯读记忆体,,2023-01-17
20276725,Android smartphone,安卓智慧手机,,2023-01-17
20276726,Android smartwatch,安卓智慧手表,,2023-01-17
20276727,Android Software Stack,Android软体堆叠；安卓软体堆叠,,2023-01-17
20276728,Android store,安卓商店,,2023-01-17
20276729,Android tablet,安卓平板电脑,,2023-01-17
20276730,Android TV,安卓电视,,2023-01-17
20276731,Android version,安卓版本,,2023-01-17
20276732,Android vs. iPhone,安卓对 iPhone 功能转换,,2023-01-17
20276733,Android watch,安卓手表,,2023-01-17
20276734,Android Wear,安卓穿戴式系统,,2023-01-17
20276735,AND-to-OR circuit,「及」至「或」电路；「与」至「或」电路,,2023-01-17
20276736,AND-to-OR function,「及」至「或」功能；「与」至「或」功能,,2023-01-17
20276737,anechoic chamber,吸音室；消声室,,2023-01-17
20276738,anechoic material,无反射材料,,2023-01-17
20276739,anechoic room,无响室；无回音室,,2023-01-17
20276740,anechoic water tank,无响水槽,,2023-01-17
20276741,anemometer,风速计,,2023-01-17
20276742,anesthesia,麻醉,,2023-01-17
20276743,Anesthesia Code,麻醉代码,,2023-01-17
20276744,anesthesia depth monitor,麻醉深度监视器,,2023-01-17
20276745,Anesthesia Minutes,麻醉纪录,,2023-01-17
20276746,Anesthesiologist,麻醉师,,2023-01-17
20276747,Angel,Angel 作业系统,,2023-01-17
20276748,angel investor,天使投资者,,2023-01-17
20276749,angelfish device,鲨鱼楔形装置,,2023-01-17
20276750,angelfish propagation,鲨鱼楔形传播,,2023-01-17
20276751,angio flag,升管摄影旗标,,2023-01-17
20276752,angiogram coronary artery lesions,冠状动脉障碍 X C306光图,,2023-01-17
20276753,angle,角,,2023-01-17
20276754,angle attack,角度攻击,,2023-01-17
20276755,angle bar,转向棍,,2023-01-17
20276756,angle block,角区块,,2023-01-17
20276757,angle bracket,角括号,,2023-01-17
20276758,angle cut,斜角切,,2023-01-17
20276759,angle cutter,斜切裁纸刀,,2023-01-17
20276760,angle discriminant,角度鉴别,,2023-01-17
20276761,angle diversity,角度分集,,2023-01-17
20276762,angle gauge block,角度块规；角规块,,2023-01-17
20276763,angle lap stain method,磨角染色法,,2023-01-17
20276764,angle modulation,角度调制,,2023-01-17
20276765,angle noise,角度杂讯,,2023-01-17
20276766,angle number,角度号码,,2023-01-17
20276767,angle of arrival,到达角,,2023-01-17
20276768,angle of departure,分离角,,2023-01-17
20276769,angle of fall,降落角,,2023-01-17
20276770,angle of impact,撞击角,,2023-01-17
20276771,angle of incidence,入射角,,2023-01-17
20276772,angle of inclination,倾斜角度；坡度,,2023-01-17
20276773,angle of rise,上升角,,2023-01-17
20276774,angle of view,视角,,2023-01-17
20276775,angle of wipe,刮墨角,,2023-01-17
20276776,angle position,角位置,,2023-01-17
20276777,angle steel,角钢,,2023-01-17
20276778,angle symbol,角符号,,2023-01-17
20276779,angle tracking,角度追踪,,2023-01-17
20276780,angle valve,角阀,,2023-01-17
20276781,angle vibration generator,角振动产生器,,2023-01-17
20276782,angle weld,角銲,,2023-01-17
20276783,angle-measured,量测角度,,2023-01-17
20276784,angle-spherical,球面角,,2023-01-17
20276785,angle-to-digit converter,角度至数字转换器,,2023-01-17
20276786,anglicize,英语化,,2023-01-17
20276787,Anglo-Saxon point,安格鲁－萨克森点,,2023-01-17
20276788,Angstrom,埃,,2023-01-17
20276789,angstrom unit,埃 (一埃等于十分一毫微米),,2023-01-17
20276790,angular acceleration,旋转角加速,,2023-01-17
20276791,angular degree,角度,,2023-01-17
20276792,angular displacement,角度位移,,2023-01-17
20276793,angular field,视场,,2023-01-17
20276794,angular frequency,角频率,,2023-01-17
20276795,angular position,角度位置,,2023-01-17
20276796,angular position counter{=APC},角位置计数器,,2023-01-17
20276797,angular position transducer,角位转换器,,2023-01-17
20276798,angular rate sensor{=ARS},角速率感测器,,2023-01-17
20276799,angular sensitivity,角灵敏度,,2023-01-17
20276800,angular step,角度步进,,2023-01-17
20276801,angular transformation,角度变换,,2023-01-17
20276802,angular velocity,角速度,,2023-01-17
20276803,angular velocity polygon,角速率多边形,,2023-01-17
20276804,anhydrous plate wash,无水洗版液,,2023-01-17
20276805,aniline dye carbon paper,苯胺染料碳纸,,2023-01-17
20276806,aniline ink,苯胺油墨,,2023-01-17
20276807,aniline printing,苯胺印刷,,2023-01-17
20276808,anilox roller,网纹辘,,2023-01-17
20276809,animal balance,动物天平,,2023-01-17
20276810,animal glue,动物胶,,2023-01-17
20276811,animal size,动物胶,,2023-01-17
20276812,animal tub size{=ATS},槽法施胶,,2023-01-17
20276813,animal tub sized paper,槽法施胶纸张,,2023-01-17
20276814,animated button,动画按钮,,2023-01-17
20276815,animated cursor,动画游标,,2023-01-17
20276816,animated GIF,GIF动画格式,,2023-01-17
20276817,animated Gif / Gif89a,GIF / Gif89a 动画格式,,2023-01-17
20276818,animated graphic,动画图形,,2023-01-17
20276819,animatic,电视商业动画,,2023-01-17
20276820,animation,动画,,2023-01-17
20276821,animation control,动画控制,,2023-01-17
20276822,animation framework extension{=AFX},动画框架延伸,,2023-01-17
20276823,animation language,动画语言,,2023-01-17
20276824,animation system,动画系统,,2023-01-17
20276825,animator,动画家,,2023-01-17
20276826,animatronic,电子化卡通制作,,2023-01-17
20276827,anime,动漫画,,2023-01-17
20276828,Animoji,动画表情,,2023-01-17
20276829,anion,阴离子；带负荷离子,,2023-01-17
20276830,anisochronous,准同步；非等时,,2023-01-17
20276831,anisochronous signal,准同步信号,,2023-01-17
20276832,anisochronous transmission,准同步传输；非等时传输,,2023-01-17
20276833,anisotropic,各向异性；非等方,,2023-01-17
20276834,anisotropic dielectric,非等向性介质,,2023-01-17
20276835,anisotropic etching,非等向蚀刻,,2023-01-17
20276836,anisotropic filtering,各向异性过滤,,2023-01-17
20276837,anisotropic medium,非等向媒介；异向介质,,2023-01-17
20276838,anisotropic sound bearing medium,各向异性传声媒介,,2023-01-17
20276839,anisotropic stress effect{=ASE},各向异性应力效应,,2023-01-17
20276840,anisotropy,非等向性,,2023-01-17
20276841,anisotropy index,非等向性指数,,2023-01-17
20276842,anisotype heterojunction,非等向异质接面,,2023-01-17
20276843,aniwriter,仿真打字机,,2023-01-17
20276844,anna kournikova virus,一种电脑病毒,,2023-01-17
20276845,anncr.,播音员,,2023-01-17
20276846,anneal,退火,,2023-01-17
20276847,annealed polyethylene naphthalate,炼制酸乙二酯,,2023-01-17
20276848,annealing,降温；退火,,2023-01-17
20276849,annex,附件,,2023-01-17
20276850,annex memory,附件记忆体,,2023-01-17
20276851,annex storage,附件储存,,2023-01-17
20276852,annex store,附件储存,,2023-01-17
20276853,annihilation,消除,,2023-01-17
20276854,annihilator,消除器,,2023-01-17
20276855,annotate,注释,,2023-01-17
20276856,ANNotated Ada,ANNA规格语言,,2023-01-17
20276857,annotated image exchange,带注影像交换,,2023-01-17
20276858,annotated value,标注值,,2023-01-17
20276859,annotation,注解；注；诠释,,2023-01-17
20276860,annotation display format ID,注解显示格式 C312ID,,2023-01-17
20276861,annotation link,注解链接,,2023-01-17
20276862,annotation object,注解物件,,2023-01-17
20276863,annotation position,注解位置,,2023-01-17
20276864,Announced Land Current Value,公告土地现值,,2023-01-17
20276865,announcement,发布,,2023-01-17
20276866,announciator,报警器,,2023-01-17
20276867,annoybot,烦人机器人,,2023-01-17
20276868,annoyware,烦扰软体,,2023-01-17
20276869,annual change traffic{=ACT},年度变更量,,2023-01-17
20276870,annual forecast,年度预测,,2023-01-17
20276871,annual interest rate,年利率,,2023-01-17
20276872,annual percentage rate{=APR},年百分比率,,2023-01-17
20276873,annual report{=AR},年度报告,,2023-01-17
20276874,annual typewriter,手动式打字机,,2023-01-17
20276875,annual units,全年单位量,,2023-01-17
20276876,annual usage,年度使用量,,2023-01-17
20276877,annual usage extension,全年使用量延伸（金额）,,2023-01-17
20276878,annular chamber,环室,,2023-01-17
20276879,annular slot antenna,环形槽状天线,,2023-01-17
20276880,annulled branch,延迟分支,,2023-01-17
20276881,annunciator,发讯器,,2023-01-17
20276882,annunciator circuit breaker,指示灯断路器；指示灯电路断路器,,2023-01-17
20276883,annunciator console buzzer,驾控台蜂鸣器,,2023-01-17
20276884,annunciator console{=A21},驾控台,,2023-01-17
20276885,annunciator jack,告示器插座,,2023-01-17
20276886,anode,阳极,,2023-01-17
20276887,anode oxidation method,阳极氧化法,,2023-01-17
20276888,anodized aluminium plate,阳极氧化铝版,,2023-01-17
20276889,anodizing,阳极处理；阳极氧化法,,2023-01-17
20276890,anolog,类比,,2023-01-17
20276891,anomalous line condition received,接收到异常线路条件,,2023-01-17
20276892,anomalous loop impedance,异常回路阻抗,,2023-01-17
20276893,anomalous mode,异常模,,2023-01-17
20276894,anomalous propagation,异常传播,,2023-01-17
20276895,anomalous transmission method,异常传输法,,2023-01-17
20276896,anomalous transmission{=AT},异常传输,,2023-01-17
20276897,anomaly,异常,,2023-01-17
20276898,anomaly detection,异常侦测,,2023-01-17
20276899,anomaly-based approach,异常型法,,2023-01-17
20276900,anomie,脱序,,2023-01-17
20276901,anonymised data,匿名化资料,,2023-01-17
20276902,anonymity,匿名,,2023-01-17
20276903,anonymization,匿名化,,2023-01-17
20276904,anonymizer,匿名上网服务,,2023-01-17
20276905,anonymous,匿名,,2023-01-17
20276906,anonymous blog,匿名部落格,,2023-01-17
20276907,anonymous browsing,匿名浏览,,2023-01-17
20276908,anonymous class,匿名类别,,2023-01-17
20276909,anonymous email,匿名电子邮件,,2023-01-17
20276910,anonymous FTP,匿名FTP匿名档传送协定,,2023-01-17
20276911,anonymous interrupt processing,匿名中断处理,,2023-01-17
20276912,anonymous login,匿名登入,,2023-01-17
20276913,anonymous marketplace,匿名市场,,2023-01-17
20276914,anonymous post,匿名告示,,2023-01-17
20276915,anonymous processor pool,匿名处理机集用场,,2023-01-17
20276916,anonymous program unit,匿名程式单位,,2023-01-17
20276917,anonymous refund,匿名还款,,2023-01-17
20276918,anonymous remailer,匿名重发信者,,2023-01-17
20276919,anonymous server,匿名伺服器,,2023-01-17
20276920,anonymous structure,匿名结构,,2023-01-17
20276921,anonymous union,匿名联盟,,2023-01-17
20276922,anonymous web browsing,匿名网页浏览,,2023-01-17
20276923,anonymous web proxy,匿名网页代理伺服器,,2023-01-17
20276924,anonymous web surfing,匿名网页泡网,,2023-01-17
20276925,another tool for language recognition,ANTLR 语言辨识工具,,2023-01-17
20276926,ANSI,美国国家标准学会,,2023-01-17
20276927,ANSI blocking data,美国国家标准编块资料,,2023-01-17
20276928,ANSI bomb,ANSI 炸弹,,2023-01-17
20276929,ANSI C,美国国家标准学会 C 语言,,2023-01-17
20276930,ansi C Compliance,符合 ANSI C 规范,,2023-01-17
20276931,ANSI character set,ANSI  字元集,,2023-01-17
20276932,ANSI FORTRAN IV,美国国家标准学会 FORTRAN IV 语言,,2023-01-17
20276933,ANSI keyboard,美国国家标准学会键盘,,2023-01-17
20276934,ANSI label,美国国家标准学会标号,,2023-01-17
20276935,ANSI lumen,ANSI流明,,2023-01-17
20276936,ANSI minimal BASIC,ANSI最小BASIC语言；最小培基语言,,2023-01-17
20276937,ANSI protocol cassette buffer,ANSI  协定卡式缓冲,,2023-01-17
20276938,ANSI SQL standard scalable and portable,ANSI SQL 可扩充缩放及可携式标准,,2023-01-17
20276939,ANSI standards,美国国家标准学会标准,,2023-01-17
20276940,ansi string,ANSI 字串,,2023-01-17
20276941,ANSI Subcommittee X 3s3,ANSI Subcommittee X 3s3 小组委员会,,2023-01-17
20276942,ANSI X12,美国国家标准学会 X12 标准,,2023-01-17
20276943,ANSI Z39.50,美国国家标准学会 Z39.50 标准,,2023-01-17
20276944,ANSI.SYS,DOS 设备驱动程式,,2023-01-17
20276945,ANSI/SPARC architecture,ANSI/SPARC架构,,2023-01-17
20276946,ANSI/SPARC model,ANSI/SPARC 模型,,2023-01-17
20276947,ANSI/X3/SPARC,ANSI/X3/SPARC报告,,2023-01-17
20276948,ANSI-ASCII mode,美国国家标准学会－美国资讯交换标准码模式,,2023-01-17
20276949,answer,回答,,2023-01-17
20276950,answer back,回答,,2023-01-17
20276951,answer back check,回答检查,,2023-01-17
20276952,answer back code{=ABC},回答码,,2023-01-17
20276953,answer back device{=ABD},回答装置,,2023-01-17
20276954,answer back key,回答键,,2023-01-17
20276955,answer back mechanism,回答机构,,2023-01-17
20276956,answer back memory,回答记忆体,,2023-01-17
20276957,answer back message,回答讯息,,2023-01-17
20276958,answer back sequence,应答回复序列；应答序列,,2023-01-17
20276959,answer back signal,回答信号,,2023-01-17
20276960,answer back unit,回答装置,,2023-01-17
20276961,answer byte,回答位元组,,2023-01-17
20276962,answer delay,应答延误,,2023-01-17
20276963,answer extraction,回答撷取,,2023-01-17
20276964,answer extraction process,回答撷取过程,,2023-01-17
20276965,answer failed,应答失败,,2023-01-17
20276966,answer lamp,应答灯,,2023-01-17
20276967,answer list,应答表,,2023-01-17
20276968,answer message,回答讯息,,2023-01-17
20276969,answer mode,回答模,,2023-01-17
20276970,answer now,立即应答；开始应答,,2023-01-17
20276971,answer only,仅答,,2023-01-17
20276972,answer only modem,唯收数据机；仅答数据机,,2023-01-17
20276973,answer phone,应答电话,,2023-01-17
20276974,answer schema,应答概要,,2023-01-17
20276975,answer seizure ratio,应答占用率,,2023-01-17
20276976,answer statement,回答叙述,,2023-01-17
20276977,answer time recorder{=ATR},回答时间记录器,,2023-01-17
20276978,answer timeout,应答逾时,,2023-01-17
20276979,answer tone,回答音调；答话音,,2023-01-17
20276980,answer/originate modem,收发数据机,,2023-01-17
20276981,answering,应答；回应,,2023-01-17
20276982,answering circuit,应答电路,,2023-01-17
20276983,answering equipment,应答设备,,2023-01-17
20276984,answering extraction,应答撷取,,2023-01-17
20276985,answering frequency,应答频率,,2023-01-17
20276986,answering interval,应答间隔,,2023-01-17
20276987,answering sign,应答记号,,2023-01-17
20276988,answering time,应答时间,,2023-01-17
20276989,Answers.com,网站 www.answers.com,,2023-01-17
20276990,Ant,Ant 软体建立工具,,2023-01-17
20276991,antecedent,前提；先行者,,2023-01-17
20276992,antecedent goal,先行目标,,2023-01-17
20276993,antecedent rule,先行规则,,2023-01-17
20276994,antenna,天线,,2023-01-17
20276995,antenna absolute gain measurement,天线绝对增益量测,,2023-01-17
20276996,antenna adapter,天线配接器,,2023-01-17
20276997,antenna alignment test set,天线调正测试装置,,2023-01-17
20276998,antenna amplitude pattern measurement,天线振幅型样量测,,2023-01-17
20276999,antenna aperture,天线孔径,,2023-01-17
20277000,antenna aperture distribution,天线孔径分布,,2023-01-17
20277001,antenna aperture efficiency,天线孔径效率,,2023-01-17
20277002,antenna array,天线阵列,,2023-01-17
20277003,antenna array of Alford loops,奥尔福德回路天线阵列,,2023-01-17
20277004,antenna bandwidth,天线频宽,,2023-01-17
20277005,antenna beam,天线波束,,2023-01-17
20277006,antenna beam shape factor,天线波束形状因数,,2023-01-17
20277007,antenna beam shaping,天线波束整形,,2023-01-17
20277008,antenna beam width,天线波束宽度；天线波束宽,,2023-01-17
20277009,antenna beams diversity,天线波束分集,,2023-01-17
20277010,antenna beamwidth,天线束宽；天线波束宽度,,2023-01-17
20277011,antenna booster,天线增强器,,2023-01-17
20277012,antenna capture area,天线撷取面积,,2023-01-17
20277013,antenna depolarization,天线去极化,,2023-01-17
20277014,antenna dipole,偶极天线；双极天线,,2023-01-17
20277015,antenna directivity,天线方向性；天线指向性,,2023-01-17
20277016,antenna directivity diagram,天线方向图；天线指向图,,2023-01-17
20277017,antenna directivity measurement,天线定向性量测；天线指向性量测,,2023-01-17
20277018,antenna duplexer,天线双工器,,2023-01-17
20277019,antenna effective aperture,天线有效孔径,,2023-01-17
20277020,antenna effective height,天线有效高度,,2023-01-17
20277021,antenna efficiency,天线效率,,2023-01-17
20277022,antenna elevation angle,天线仰角,,2023-01-17
20277023,antenna exchanger,天线交换器,,2023-01-17
20277024,antenna factor,天线系数；天线因子,,2023-01-17
20277025,antenna farm,传播天线地区,,2023-01-17
20277026,antenna feed,天线馈送,,2023-01-17
20277027,antenna focal length,天线焦距,,2023-01-17
20277028,antenna follower,天线跟踪器,,2023-01-17
20277029,antenna foundation,天线基座,,2023-01-17
20277030,antenna front to back ratio,天线前后比,,2023-01-17
20277031,antenna gain,天线增益,,2023-01-17
20277032,antenna gain measurement,天线增益量测,,2023-01-17
20277033,antenna half power angle,天线半功率角,,2023-01-17
20277034,antenna highness,天线高度,,2023-01-17
20277035,antenna impedance,天线阻抗,,2023-01-17
20277036,antenna impedance characteristic,天线阻抗特性,,2023-01-17
20277037,antenna impedance measurement,天线阻抗量测,,2023-01-17
20277038,antenna input impedance,天线输入阻抗,,2023-01-17
20277039,antenna joiner,天线接合器,,2023-01-17
20277040,antenna matching unit,天线匹配装置；天线匹配单元,,2023-01-17
20277041,antenna measurement range,天线量测距离,,2023-01-17
20277042,antenna mode of folded dipole,折叠双极天线模式,,2023-01-17
20277043,antenna mount,天线架；天线座,,2023-01-17
20277044,antenna multicoupler,天线多路耦合器；天线共用器,,2023-01-17
20277045,antenna noise,天线杂讯,,2023-01-17
20277046,antenna noise temperature,天线杂讯温度,,2023-01-17
20277047,antenna output,天线输出,,2023-01-17
20277048,antenna output impedance,天线输出阻抗,,2023-01-17
20277049,antenna pattern,天线型样；天线场图,,2023-01-17
20277050,antenna pattern gain,天线型样增益,,2023-01-17
20277051,antenna phase center,天线相位中心,,2023-01-17
20277052,antenna phase measurement,天线相角量测,,2023-01-17
20277053,antenna platform,天线平台,,2023-01-17
20277054,antenna pointing loss,天线指向损失,,2023-01-17
20277055,antenna polar pattern measurement,天线极图量测,,2023-01-17
20277056,antenna polarization,天线极化,,2023-01-17
20277057,antenna polarization isolation,天线极化隔离,,2023-01-17
20277058,antenna polarization loss,天线极化损失,,2023-01-17
20277059,antenna polarization measurement,天线极化量测,,2023-01-17
20277060,antenna polarization misalignment,天线极化失准,,2023-01-17
20277061,antenna port,天线埠,,2023-01-17
20277062,antenna power gain,天线功率增益,,2023-01-17
20277063,antenna preamplifier,天线前置放大器,,2023-01-17
20277064,antenna radiation efficiency measurement,天线辐射效率量测,,2023-01-17
20277065,antenna radiation mechanism,天线辐射机制,,2023-01-17
20277066,antenna radiation pattern,天线辐射图；天线辐射场型,,2023-01-17
20277067,antenna range,天线范围；天线距离,,2023-01-17
20277068,antenna rotating equipment,天线旋转设备,,2023-01-17
20277069,antenna servo,天线伺服装置,,2023-01-17
20277070,antenna side lobe,天线旁瓣；天线副瓣,,2023-01-17
20277071,antenna socket,天线插座,,2023-01-17
20277072,antenna standing wave ratio,天线驻波比,,2023-01-17
20277073,antenna support,天线杆,,2023-01-17
20277074,antenna switch,天线开关,,2023-01-17
20277075,antenna switching,天线切换,,2023-01-17
20277076,antenna temperature,天线温度,,2023-01-17
20277077,antenna terminal,天线终端,,2023-01-17
20277078,antenna tower,天线塔,,2023-01-17
20277079,antenna tracking and stabilization system,天线追踪及稳定系统,,2023-01-17
20277080,antenna traveling wave ratio,天线行波比,,2023-01-17
20277081,antenna tuner,天线调谐器,,2023-01-17
20277082,antenna waveguide section,天线波导区段,,2023-01-17
20277083,antenna waveguide switch,天线波导转换,,2023-01-17
20277084,Antennagate,天线门,,2023-01-17
20277085,antenna-splitting device,天线共用器；天线分离装置,,2023-01-17
20277086,anthropomorphic,拟人的,,2023-01-17
20277087,anthropomorphic dummy,拟人虚拟,,2023-01-17
20277088,anthropomorphic robot,拟人机器人,,2023-01-17
20277089,anthropomorphism,拟人化,,2023-01-17
20277090,anti adware,反广告软体,,2023-01-17
20277091,anti alias fill,消除锯齿填色,,2023-01-17
20277092,anti alias filter{=AAF},抗混叠滤波器；反假像滤波器,,2023-01-17
20277093,anti clash,抗冲撞,,2023-01-17
20277094,anti clash key,抗撞击键,,2023-01-17
20277095,anti click circuit,抗喀呖音电路,,2023-01-17
20277096,anti climber,防爬器,,2023-01-17
20277097,anti collision,防碰撞,,2023-01-17
20277098,anti collision test,防撞试验,,2023-01-17
20277099,anti comet tail gun{=ACT gun},抗彗尾枪,,2023-01-17
20277100,anti Compton gamma ray spectrometer,反康普顿伽马射线谱仪,,2023-01-17
20277101,anti contention,反竞争,,2023-01-17
20277102,anti creep device,防缓降装置,,2023-01-17
20277103,anti curl coating,防卷曲涂层；防卷曲被覆,,2023-01-17
20277104,anti deep device,防缓降装置,,2023-01-17
20277105,anti dependence,反相依,,2023-01-17
20277106,anti eavesdrop,防窃听,,2023-01-17
20277107,anti eavesdrop device,防窃听装置,,2023-01-17
20277108,anti ferromagnetism,反铁磁性,,2023-01-17
20277109,anti flicker switch,抗闪烁开关,,2023-01-17
20277110,anti glare filter,防眩光滤镜,,2023-01-17
20277111,anti glare LCD screen,防眩光液晶萤幕,,2023-01-17
20277112,anti glare screen,防眩光萤幕,,2023-01-17
20277113,anti halation backing,防光晕背层,,2023-01-17
20277114,anti halation layer,防光晕层,,2023-01-17
20277115,anti halo layer,防光晕层,,2023-01-17
20277116,anti homomorphism,反同态；异质同形,,2023-01-17
20277117,anti interference,防干扰,,2023-01-17
20277118,anti jam display{=AJD},反干扰显示器,,2023-01-17
20277119,anti jam frequency,抗干扰频率,,2023-01-17
20277120,anti jam receiver,抗干扰接收机,,2023-01-17
20277121,anti jam{=AJ},抗干扰；反干扰,,2023-01-17
20277122,anti lock braking,防锁死煞车,,2023-01-17
20277123,anti magnetic,反磁性,,2023-01-17
20277124,anti magnetic material,反磁性材料,,2023-01-17
20277125,anti malware,反恶意软体,,2023-01-17
20277126,anti Newton glass,防牛顿环镜片,,2023-01-17
20277127,anti noise circuit,抗杂讯电路,,2023-01-17
20277128,anti noise coding,反杂讯编码,,2023-01-17
20277129,anti noise microphone,抗噪音麦克风,,2023-01-17
20277130,anti parasite software,防寄生虫软体,,2023-01-17
20277131,anti piracy,防盗版,,2023-01-17
20277132,anti plagiarism software,防剽窃软体,,2023-01-17
20277133,anti radar,反雷达,,2023-01-17
20277134,anti reflective screen,防反光萤幕,,2023-01-17
20277135,anti removal device,防移除装置,,2023-01-17
20277136,anti replay,防重播,,2023-01-17
20277137,anti replay protocol,防重播协定,,2023-01-17
20277138,anti reset windup,反重设向上弯曲,,2023-01-17
20277139,anti roll unit,防倾杆单元,,2023-01-17
20277140,anti satellite,反卫星,,2023-01-17
20277141,anti setoff spray,防静电喷雾器,,2023-01-17
20277142,anti side tone,消侧音,,2023-01-17
20277143,anti spam,抗垃圾邮件,,2023-01-17
20277144,anti spyware,反间谍软体,,2023-01-17
20277145,anti stealth technology,反隐形技术,,2023-01-17
20277146,anti Stokes scattering,反史托克斯散射,,2023-01-17
20277147,anti tamper enclosure,反破坏范围,,2023-01-17
20277148,anti TR,反收发,,2023-01-17
20277149,anti vignette,反晕影,,2023-01-17
20277150,anti-aliased,抗混淆,,2023-01-17
20277151,antialiasing,抗失真,,2023-01-17
20277152,anti-aliasing,抗混淆；抗假像,,2023-01-17
20277153,anti-aliasing filter,抗混叠滤波器,,2023-01-17
20277154,anti-aliasing lowpass frequency-selective filter,抗混叠低通频率选择滤波器,,2023-01-17
20277155,antiarmor missile,反装甲飞弹,,2023-01-17
20277156,antiballistic missile system,反弹道飞弹系统,,2023-01-17
20277157,antibiotics,抗生素,,2023-01-17
20277158,anti-blooming,防膨胀；防高光溢出,,2023-01-17
20277159,antibugging,除错法,,2023-01-17
20277160,antichain,抗炼接,,2023-01-17
20277161,anticipated carry adder,预期进位加法器,,2023-01-17
20277162,anticipated cost,预期成本,,2023-01-17
20277163,anticipated cost/unit,预期单位成本,,2023-01-17
20277164,anticipated demand,预期需求,,2023-01-17
20277165,anticipated fixed cost,预期固定成本,,2023-01-17
20277166,anticipated input,预期输入,,2023-01-17
20277167,anticipated output,预期输出,,2023-01-17
20277168,Anticipated Price,预期价格,,2023-01-17
20277169,Anticipated Problem Resolution Date/Time,预期问题解决之日期／时间,,2023-01-17
20277170,anticipated request,预期请求,,2023-01-17
20277171,anticipation,预报,,2023-01-17
20277172,anticipation mode,预报模式,,2023-01-17
20277173,anticipatory,预期分页,,2023-01-17
20277174,anticipatory buffering,先行缓冲,,2023-01-17
20277175,anticipatory carry adder,先行进位加法器,,2023-01-17
20277176,anticipatory control,先行控制,,2023-01-17
20277177,anticipatory documentation,先行文件,,2023-01-17
20277178,anticipatory input,先行输入,,2023-01-17
20277179,anticipatory paging,先行分页,,2023-01-17
20277180,anticipatory staging,先行分段,,2023-01-17
20277181,anticlimber,防爬装置,,2023-01-17
20277182,anticlutter receiver,抗杂波接收机,,2023-01-17
20277183,anticoincidence,异,,2023-01-17
20277184,anticoincidence circuit,反重合电路,,2023-01-17
20277185,anticoincidence element,异元件,,2023-01-17
20277186,anticoincidence gate,异闸,,2023-01-17
20277187,anticoincidence operation,异操作,,2023-01-17
20277188,anticoincidence pulse,异脉波,,2023-01-17
20277189,anticoincidence unit,异单元,,2023-01-17
20277190,anticollision radar,防撞雷达,,2023-01-17
20277191,anticommunication,反沟通；抗沟通,,2023-01-17
20277192,anticomputer,反计算机,,2023-01-17
20277193,antidependence,反相依,,2023-01-17
20277194,antidisintermediation,保留中介商,,2023-01-17
20277195,anti-fading antenna,抗衰褪天线,,2023-01-17
20277196,antiferroelectric ceramic,反铁电陶瓷,,2023-01-17
20277197,antiferroelectric crystal,反铁电晶体,,2023-01-17
20277198,antifoggant,防雾剂,,2023-01-17
20277199,antifogging agent,防雾剂,,2023-01-17
20277200,antifreeze,抗冻结,,2023-01-17
20277201,antifuse,反熔丝,,2023-01-17
20277202,Antigen,一种防毒软体,,2023-01-17
20277203,antiglare screen,防眩萤幕,,2023-01-17
20277204,antiglare treatment,防眩光处置,,2023-01-17
20277205,antigravity hangers,抗引力挂钩,,2023-01-17
20277206,antihunting circuit,反摆动电路,,2023-01-17
20277207,anti-islanding,反孤岛,,2023-01-17
20277208,anti-jamming,反干扰,,2023-01-17
20277209,anti-jamming block out{=AJBO},反干扰阻断,,2023-01-17
20277210,antijamming margin,反干扰容限,,2023-01-17
20277211,antijamming measure,反干扰措施,,2023-01-17
20277212,antilaser,防雷射光；防激光,,2023-01-17
20277213,antilog multiplier,反对数乘法器,,2023-01-17
20277214,antilogarithm,反对数,,2023-01-17
20277215,antimatter,反物质 ( 由反粒子构成的物质 ),,2023-01-17
20277216,antimony sulfide vidicon,硫化锑摄影管,,2023-01-17
20277217,antinode,波腹；反波节,,2023-01-17
20277218,antion on the award,对仲裁判断起诉,,2023-01-17
20277219,antiparallel,反平行的,,2023-01-17
20277220,antipattern,反图样,,2023-01-17
20277221,antipersonnel,用于对抗人的,,2023-01-17
20277222,antiphase,反相,,2023-01-17
20277223,anti-phishing,反网路钓鱼,,2023-01-17
20277224,antipodal signal,反极信号,,2023-01-17
20277225,antique feather-weight,轻磅仿古纸,,2023-01-17
20277226,antique finish paper,仿古纸,,2023-01-17
20277227,antique paper,防卷曲涂层,,2023-01-17
20277228,antique white,古董白,,2023-01-17
20277229,antirace coding,抗抢先编码,,2023-01-17
20277230,antireciprocal circuit,反可逆电路,,2023-01-17
20277231,antireflection coating,抗反射涂层；抗反射膜,,2023-01-17
20277232,anti-saturated logic,抗饱和逻辑,,2023-01-17
20277233,antisaturated logic circuit,反饱和逻辑电路,,2023-01-17
20277234,antisaturation,反饱和,,2023-01-17
20277235,antisetoff powder,吸墨粉,,2023-01-17
20277236,antisideband,反边带,,2023-01-17
20277237,antisidetone set,消侧音装置,,2023-01-17
20277238,anti-sliding device,防滑装置,,2023-01-17
20277239,Anti-Spyware Coalition{=ASC},反间谍软体联盟,,2023-01-17
20277240,antistatic,抗静电,,2023-01-17
20277241,antistatic bag,防静电袋,,2023-01-17
20277242,antistatic device,抗静电装置,,2023-01-17
20277243,antistatic liquid,抗静电液体,,2023-01-17
20277244,antistatic mat,防静电毯,,2023-01-17
20277245,antistatic pad,防静电垫,,2023-01-17
20277246,antistatic spray,防静电喷雾,,2023-01-17
20277247,antistatic strap,防静电带,,2023-01-17
20277248,antistatic wristband,防静电腕带,,2023-01-17
20277249,antistop list,关键词表,,2023-01-17
20277250,antisymmetric,反对称,,2023-01-17
20277251,antisymmetric cryptology,非对称密码术,,2023-01-17
20277252,antitank,反战车的,,2023-01-17
20277253,antitheft,防盗窃,,2023-01-17
20277254,antithetic variates,对偶变量,,2023-01-17
20277255,antitone mapping,反序映像,,2023-01-17
20277256,antitrust case,反托拉斯案件；反垄断案件,,2023-01-17
20277257,antivibration,防震,,2023-01-17
20277258,antiviral,防毒的,,2023-01-17
20277259,antiviral program,防毒程式,,2023-01-17
20277260,antiviral research community,防毒的研究族群,,2023-01-17
20277261,antivirus,防毒,,2023-01-17
20277262,antivirus bulletin board,防毒布告栏,,2023-01-17
20277263,antivirus program,防毒程式,,2023-01-17
20277264,antivirus scanner,防毒扫描器,,2023-01-17
20277265,antivirus software,防毒软体,,2023-01-17
20277266,antivirus storm,防病毒风暴,,2023-01-17
20277267,antivirus virus,防毒的病毒,,2023-01-17
20277268,antomated bibliography,自动书目,,2023-01-17
20277269,antomated glossary,自动字汇,,2023-01-17
20277270,antomated production managemnt,自动生产管理,,2023-01-17
20277271,ANU ML,澳国大学SML系统,,2023-01-17
20277272,anunal typewriter,手动式打字机,,2023-01-17
20277273,any key,任何键,,2023-01-17
20277274,any quantity,任意量,,2023-01-17
20277275,any screen computer,任何萤幕电脑,,2023-01-17
20277276,Any Sequence Queue,任意顺序队列,,2023-01-17
20277277,any transport over MPLS,经 MPLS 之任何传送,,2023-01-17
20277278,any type,任意型式,,2023-01-17
20277279,any type of list,型式的表列,,2023-01-17
20277280,anycast,任意传送法,,2023-01-17
20277281,AnyLan,AnyLan 网路,,2023-01-17
20277282,Anynet,一键控制软体,,2023-01-17
20277283,any-or-all gate,任一或全部闸,,2023-01-17
20277284,anything as a service{=XaaS},一切当服务；一切即服务,,2023-01-17
20277285,anytime algorithm,随时演算法,,2023-01-17
20277286,any-to-any connectivity,任一点对点连接性；任意点间连接性,,2023-01-17
20277287,AOL Netfind,AOL 网索引,,2023-01-17
20277288,aol.com,美国线上公司网页,,2023-01-17
20277289,AOLnet,America Online 公司的高速网路,,2023-01-17
20277290,A-OR-NOT-B gate,A「或非」B 闸,,2023-01-17
20277291,APA printers,APA 列印机,,2023-01-17
20277292,Apache,Apache 伺服器,,2023-01-17
20277293,Apache Cordova,阿帕契科尔多瓦,,2023-01-17
20277294,Apache OpenOffice,阿帕契开源办公室软体,,2023-01-17
20277295,Apache Web server,Apache 网页伺服器,,2023-01-17
20277296,Apache XML delivery toolkit,Apache 可延伸标示语言递送套件,,2023-01-17
20277297,APC/SBC hybrid coding,APC/SBC 混合编码,,2023-01-17
20277298,aperiodic,非周期,,2023-01-17
20277299,Aperiodic Antenna,非周期天线,,2023-01-17
20277300,aperiodic circuit,非周期电路,,2023-01-17
20277301,aperiodic Markov chain,非周期马可夫炼,,2023-01-17
20277302,aperiodic model,非周期模型,,2023-01-17
20277303,aperiodic signal,非周期信号,,2023-01-17
20277304,aperture,孔径；口径,,2023-01-17
20277305,aperture blockage,孔径遮蔽,,2023-01-17
20277306,aperture board,窗孔卡片,,2023-01-17
20277307,aperture card,孔径卡,,2023-01-17
20277308,aperture core,带孔磁心,,2023-01-17
20277309,aperture delay,孔径延迟,,2023-01-17
20277310,aperture distortion,孔径失真,,2023-01-17
20277311,aperture distribution,孔径分布,,2023-01-17
20277312,aperture effect,孔径效应,,2023-01-17
20277313,aperture field,孔径电场；孔径场,,2023-01-17
20277314,aperture grille,光圈格栅,,2023-01-17
20277315,aperture priority,孔径优先,,2023-01-17
20277316,aperture time,孔径时间,,2023-01-17
20277317,aperture type antenna,孔径型天线,,2023-01-17
20277318,aperture uncertainty,孔径不确定性,,2023-01-17
20277319,aperture value,孔径值,,2023-01-17
20277320,apex,顶点；反射点,,2023-01-17
20277321,apex cardiography,心尖搏动描记术,,2023-01-17
20277322,aphabetic word,字母字,,2023-01-17
20277323,APL,APL 语言,,2023-01-17
20277324,APL application,APL应用程序,,2023-01-17
20277325,APL compiler,APL编译器,,2023-01-17
20277326,APL construction,APL语言构造,,2023-01-17
20277327,APL environment,APL语言环境,,2023-01-17
20277328,APL evaluation,APL语言评估,,2023-01-17
20277329,APL extension,APL语言延伸,,2023-01-17
20277330,APL implementation,APL语言实施,,2023-01-17
20277331,APL language,APL语言,,2023-01-17
20277332,APL standard,APL标准,,2023-01-17
20277333,APL/360,APL/360语言,,2023-01-17
20277334,APL2,APL2 语言,,2023-01-17
20277335,aplanat,消球差透镜,,2023-01-17
20277336,aplanatic lens,消球差透镜,,2023-01-17
20277337,APLGOL,APLGOL 语言,,2023-01-17
20277338,Aplio/Phone,阿波里欧／电话,,2023-01-17
20277339,APLWEB,APLWEB 工具,,2023-01-17
20277340,APMIS,农产品市场资讯系统,,2023-01-17
20277341,apochromat,复消色差透镜,,2023-01-17
20277342,apochromatic lens,复消色差透镜,,2023-01-17
20277343,apogee,最高点；最远点,,2023-01-17
20277344,Apostolico-Giancarlo algorithm,阿波斯托利克－贾恩卡洛演算法,,2023-01-17
20277345,apostrophe,单引号,,2023-01-17
20277346,apostrophe character,单引号字元,,2023-01-17
20277347,apostrophe edit,单引号编辑,,2023-01-17
20277348,apostrophe edit descriptor,单引号编辑描述符,,2023-01-17
20277349,apostrophe editing,单引号编辑,,2023-01-17
20277350,app,应用软体,,2023-01-17
20277351,app centric,应用软体安全性,,2023-01-17
20277352,App Economy,应用软体经济,,2023-01-17
20277353,app emulator,应用软体模拟器,,2023-01-17
20277354,App Engine,应用软体引擎,,2023-01-17
20277355,APP extension,应用软体扩充,,2023-01-17
20277356,APP file,应用软体档案,,2023-01-17
20277357,app gap,应用软体差距,,2023-01-17
20277358,app indexing,应用程式索引,,2023-01-17
20277359,app killer,杀手级应用,,2023-01-17
20277360,app launcher,应用启动器,,2023-01-17
20277361,app on tap,点击应用程式,,2023-01-17
20277362,app pinning,屏幕固定,,2023-01-17
20277363,app player,应用播放器,,2023-01-17
20277364,app reskinning,应用换肤,,2023-01-17
20277365,app screen,应用程式萤幕,,2023-01-17
20277366,app store,应用商店,,2023-01-17
20277367,app streaming,应用程式流,,2023-01-17
20277368,app tray,应用抽屉,,2023-01-17
20277369,apparatus dew point temperature,设备露点温度,,2023-01-17
20277370,apparatus with radar for measuring rate of motor car,机动车雷达测速仪,,2023-01-17
20277371,apparatus with space filter for measuring rate of motor car,空间滤波式机动车测速仪,,2023-01-17
20277372,apparent,视在,,2023-01-17
20277373,apparent density,外表密度,,2023-01-17
20277374,apparent energy,视在电能,,2023-01-17
20277375,apparent mass,视质量,,2023-01-17
20277376,apparent permeability,视在磁导率,,2023-01-17
20277377,apparent power,外表功率,,2023-01-17
20277378,apparent quality factor,视在品质因子,,2023-01-17
20277379,apparent storage,表观储存器,,2023-01-17
20277380,apparent temperature,视在温度；表观温度,,2023-01-17
20277381,AppCenter Server,应用中心伺服器,,2023-01-17
20277382,appeal,申诉；诉求；上诉,,2023-01-17
20277383,Appeal Reason,移转原因,,2023-01-17
20277384,appearance,外貌,,2023-01-17
20277385,appearance potential spectroscopy{=APS},视在电势谱,,2023-01-17
20277386,appearance scheme,外貌方案,,2023-01-17
20277387,appearance test,外貌测试,,2023-01-17
20277388,appellation,称呼,,2023-01-17
20277389,append,附加,,2023-01-17
20277390,append command,附加命令,,2023-01-17
20277391,append file,附加档案,,2023-01-17
20277392,append lines command,附加行命令,,2023-01-17
20277393,append link,附加链接,,2023-01-17
20277394,append macro,附加巨集,,2023-01-17
20277395,append object,附加物件,,2023-01-17
20277396,append record,附加记录,,2023-01-17
20277397,append task,附加任务,,2023-01-17
20277398,append to existing,附加到现存,,2023-01-17
20277399,appendage,附件,,2023-01-17
20277400,Appendage Task,附加作业,,2023-01-17
20277401,appended space,附加空格,,2023-01-17
20277402,appendix,附录,,2023-01-17
20277403,appendix matter,附录部,,2023-01-17
20277404,appendix matter element,附录部元素,,2023-01-17
20277405,appendix reference,附录参考,,2023-01-17
20277406,AppKit,AppKit 应用套件,,2023-01-17
20277407,applanation tonometer,压平式眼压计,,2023-01-17
20277408,applause,喝采；认可,,2023-01-17
20277409,APPLE,APPLE 语言,,2023-01-17
20277410,Apple 1,苹果第一代电脑,,2023-01-17
20277411,Apple 2,苹果公司第二代电脑,,2023-01-17
20277412,Apple A series,苹果 A 系列,,2023-01-17
20277413,Apple A4,苹果 A 系列,,2023-01-17
20277414,Apple A5,苹果 A 系列 5,,2023-01-17
20277415,Apple A6,苹果公司 A6 系列,,2023-01-17
20277416,Apple A7,苹果公司 A7 系列,,2023-01-17
20277417,Apple A7x,苹果公司 A7x 系列,,2023-01-17
20277418,Apple A8,苹果公司 A8 系列,,2023-01-17
20277419,Apple A8x,苹果公司 A8x 系列,,2023-01-17
20277420,Apple app store,苹果公司应用程式商店,,2023-01-17
20277421,Apple attachment unit interface,Apple 附接装置介面,,2023-01-17
20277422,Apple autonomous vehicle,苹果自驾车,,2023-01-17
20277423,Apple car,苹果车,,2023-01-17
20277424,Apple CarPlay,苹果公司汽车操控系统,,2023-01-17
20277425,Apple computer,苹果计算机,,2023-01-17
20277426,"Apple Computer, Inc.",Apple 电脑公司，苹果电脑公司,,2023-01-17
20277427,Apple coprocessor,苹果公司共处理机,,2023-01-17
20277428,Apple CPUs,苹果公司中央处理器,,2023-01-17
20277429,Apple desktop bus{=ADB},苹果牌个人电脑汇流排,,2023-01-17
20277430,Apple device,苹果公司装置,,2023-01-17
20277431,Apple dock,苹果公司插座坞,,2023-01-17
20277432,Apple dock connector,苹果公司插座坞接头,,2023-01-17
20277433,Apple electric car,苹果公司电动车,,2023-01-17
20277434,Apple Events,苹果事件,,2023-01-17
20277435,Apple file exchange,苹果档案交换,,2023-01-17
20277436,Apple file system,苹果档案系统,,2023-01-17
20277437,Apple handoff,苹果交递,,2023-01-17
20277438,Apple HomePod,家的新声（HomePod 是一款创新突破的扬声器）,,2023-01-17
20277439,Apple iCloud,苹果公司云,,2023-01-17
20277440,Apple iFrame,苹果 iFrame 视讯格式,,2023-01-17
20277441,Apple II,Apple II 个人电脑；苹果II 型个人电脑,,2023-01-17
20277442,Apple II+,Apple II+ 电脑,,2023-01-17
20277443,Apple IIc,Apple IIc 电脑,,2023-01-17
20277444,Apple IIe,Apple IIe 个人电脑,,2023-01-17
20277445,Apple IIGS,Apple IIGS 个人电脑,,2023-01-17
20277446,Apple III,Apple III 个人电脑,,2023-01-17
20277447,Apple intermediate codec{=AIC},苹果中间编码译码器,,2023-01-17
20277448,Apple iOS,苹果公司作业系统,,2023-01-17
20277449,Apple key,Apple 键,,2023-01-17
20277450,Apple Lisa,苹果 Lisa 图形介面个人电脑,,2023-01-17
20277451,Apple live streaming,苹果直播串流,,2023-01-17
20277452,Apple lossless,苹果无损音讯,,2023-01-17
20277453,Apple Mac,Apple 麦金塔电脑,,2023-01-17
20277454,Apple Macintosh,Apple Macintosh个人电脑,,2023-01-17
20277455,Apple mail,苹果电子邮件,,2023-01-17
20277456,Apple maps,苹果地图,,2023-01-17
20277457,Apple media hub,苹果媒体集线器,,2023-01-17
20277458,Apple menu,苹果选项单,,2023-01-17
20277459,Apple message,苹果讯息,,2023-01-17
20277460,Apple mobile operating system,苹果行动作业系统,,2023-01-17
20277461,Apple Newton,Apple Newton 个人数位助理,,2023-01-17
20277462,Apple open collaboration environment,Apple 开放协同环境,,2023-01-17
20277463,Apple OS,苹果作业系统,,2023-01-17
20277464,Apple park,苹果园区,,2023-01-17
20277465,Apple Pay,苹果付费语言,,2023-01-17
20277466,Apple pencil,苹果触控笔,,2023-01-17
20277467,Apple phone,苹果手机,,2023-01-17
20277468,Apple picking,苹果挑选,,2023-01-17
20277469,Apple processor,苹果处理器,,2023-01-17
20277470,Apple S series,苹果 S 系列,,2023-01-17
20277471,Apple set top box,苹果机上盒,,2023-01-17
20277472,Apple smartwatch,苹果智慧手表,,2023-01-17
20277473,Apple store,苹果商店,,2023-01-17
20277474,Apple stylus,苹果触控笔,,2023-01-17
20277475,Apple Swift,苹果 Swift 程式语言,,2023-01-17
20277476,Apple system-on-chip,苹果单晶片系统,,2023-01-17
20277477,Apple T series,苹果 T 系列,,2023-01-17
20277478,Apple tablet,苹果平板电脑,,2023-01-17
20277479,Apple Talk address resolution,AppleTalk 通信协定位址解析,,2023-01-17
20277480,Apple Tax,苹果税,,2023-01-17
20277481,Apple text message,苹果短信,,2023-01-17
20277482,Apple TV,苹果电视,,2023-01-17
20277483,Apple TV 4K,苹果 4K 电视,,2023-01-17
20277484,Apple TV set,苹果电视套组,,2023-01-17
20277485,Apple video hub,苹果视讯集线器,,2023-01-17
20277486,Apple virtual assistant,苹果虚拟助理,,2023-01-17
20277487,Apple W series,苹果 W 系列,,2023-01-17
20277488,Apple Wallet,苹果钱包,,2023-01-17
20277489,Apple Watch,苹果手表,,2023-01-17
20277490,Apple Watch 2,苹果手表 2,,2023-01-17
20277491,Apple Watch Hermes,爱马仕苹果手表,,2023-01-17
20277492,Apple Watch Nike+,耐吉苹果手表,,2023-01-17
20277493,Apple Watch Series 2,苹果手表系列 2,,2023-01-17
20277494,Apple-IBM alliance,苹果－IBM 联盟,,2023-01-17
20277495,Appleization,苹果化,,2023-01-17
20277496,AppleScript,AppleScript 语言,,2023-01-17
20277497,Appleshare,Apple电脑通讯协定,,2023-01-17
20277498,AppleShare PC,苹果共享个人电脑,,2023-01-17
20277499,Applesoft BASIC,Applesoft BASIC 程式语言,,2023-01-17
20277500,Applet,小型应用程式,,2023-01-17
20277501,Applet class loader,Applet 类别载入器,,2023-01-17
20277502,applet container,小型应用程式容器,,2023-01-17
20277503,AppleTalk,Appletalk 通信协定,,2023-01-17
20277504,AppleTalk address resolution protocol,AppleTalk 位址解析协定,,2023-01-17
20277505,AppleTalk data stream protocol,Appletalk 资料流通讯协定；ADSP 协定,,2023-01-17
20277506,AppleTalk echo protocol,AppleTalk 回音协定,,2023-01-17
20277507,AppleTalk filing protocol,Appletalk 档案协定；AFP 协定,,2023-01-17
20277508,AppleTalk filtering interface,Appletalk过滤介面,,2023-01-17
20277509,AppleTalk link access protocol,AppleTalk 链接存取协定,,2023-01-17
20277510,AppleTalk transaction protocol,Appletalk 交易协定,,2023-01-17
20277511,AppleTalk update based routing protocol,Appletalk 更新为本的选路协定,,2023-01-17
20277512,applett,小应用程式,,2023-01-17
20277513,AppleWorks,苹果工具,,2023-01-17
20277514,appliance,电器,,2023-01-17
20277515,appliance computing,远端伺服器计算,,2023-01-17
20277516,appliance impedance,设备阻抗,,2023-01-17
20277517,applicability,适用性,,2023-01-17
20277518,applicability statement 1,适用性叙述1,,2023-01-17
20277519,applicability statement 2,适用性叙述2,,2023-01-17
20277520,applicable,可适用的,,2023-01-17
20277521,applicable operating system,可用操作系统,,2023-01-17
20277522,applicable programming,可用程式设计,,2023-01-17
20277523,applicant,申请者,,2023-01-17
20277524,applicant tracking system,申请者追踪系统,,2023-01-17
20277525,application,应用；应用程式；应用软体,,2023-01-17
20277526,Application Acknowledgment Type,应用确认型式,,2023-01-17
20277527,application adapter,应用转接器,,2023-01-17
20277528,application address,应用程式位址,,2023-01-17
20277529,application area,应用程式区,,2023-01-17
20277530,application artefact,应用程式产出,,2023-01-17
20277531,application assembler,应用程式组合者,,2023-01-17
20277532,application association,应用结合,,2023-01-17
20277533,application association information,应用结合资讯,,2023-01-17
20277534,application association specific,应用结合特定,,2023-01-17
20277535,application authentication key,应用鉴别金键,,2023-01-17
20277536,application binary interface{=ABI},应用二进制介面,,2023-01-17
20277537,application blacklist,应用程式黑名单,,2023-01-17
20277538,application BOS,应用有界物件集,,2023-01-17
20277539,application capability type,应用能力型式；应用能力类型,,2023-01-17
20277540,application center,应用程式中心,,2023-01-17
20277541,application centric,应用为中心,,2023-01-17
20277542,application certification key,应用认证金钥,,2023-01-17
20277543,Application Change Type,应用改变型式,,2023-01-17
20277544,application class,应用程式类别,,2023-01-17
20277545,application client,应用客户,,2023-01-17
20277546,application client container,应用客户容器,,2023-01-17
20277547,application client module,应用客户模组,,2023-01-17
20277548,application clustering,应用程式丛集,,2023-01-17
20277549,application comments,应用注解,,2023-01-17
20277550,application common service element,应用共用服务元件,,2023-01-17
20277551,application compatibility toolkit,应用程式相容性工具箱,,2023-01-17
20277552,application component provider,应用组件提供者,,2023-01-17
20277553,application configuration access protocol{=ACAP},组态应用存取协定,,2023-01-17
20277554,application conformance,应用符合性,,2023-01-17
20277555,application context,应用上下文,,2023-01-17
20277556,application context name,应用全文名称；应用上下文名称,,2023-01-17
20277557,application context proforma,应用上下文一览表,,2023-01-17
20277558,Application control – level Errors,应用控制—层次错误数,,2023-01-17
20277559,application control and management system{=ACMS},应用控制与管理系统,,2023-01-17
20277560,application control block generation,应用控制程式块产生,,2023-01-17
20277561,application control block{=ACB},应用程式控制块,,2023-01-17
20277562,application control key,应用控制金键,,2023-01-17
20277563,application control mode,应用控制模式,,2023-01-17
20277564,application control{=AC},应用控制,,2023-01-17
20277565,application controller,应用控制器,,2023-01-17
20277566,application controller concept,应用程式控制器概念,,2023-01-17
20277567,application convention,应用规约,,2023-01-17
20277568,application coordinator,应用协调器,,2023-01-17
20277569,application data,应用资料,,2023-01-17
20277570,application data description,应用程式资料描述,,2023-01-17
20277571,application data file,应用资料档,,2023-01-17
20277572,application data file activator,应用资料档运用者,,2023-01-17
20277573,application data structure{=ADS},应用程式资料结构,,2023-01-17
20277574,application database,应用资料库,,2023-01-17
20277575,application dedicated terminal,应用专属终端机,,2023-01-17
20277576,application definition,应用程式定义,,2023-01-17
20277577,application definition file,应用程式定义档案,,2023-01-17
20277578,application definition record{=ADR},应用定义记录；应用程式定义记录,,2023-01-17
20277579,application definition utility,应用程式定义公用程式,,2023-01-17
20277580,application delivery controller{=ADC},应用传递控制器,,2023-01-17
20277581,application design,应用程式设计,,2023-01-17
20277582,application design service{=ADS},应用程式设计服务,,2023-01-17
20277583,application design tool,应用程式设计工具,,2023-01-17
20277584,application designer,应用程式设计师,,2023-01-17
20277585,Application Developer,应用发展者,,2023-01-17
20277586,application development,应用程式开发,,2023-01-17
20277587,application development cycle,应用程式开发周期,,2023-01-17
20277588,application development environment,应用程式开发环境,,2023-01-17
20277589,application development facility,应用发展设施,,2023-01-17
20277590,application development language,应用程式发展语言,,2023-01-17
20277591,Application Development Process,应用软体发展程序,,2023-01-17
20277592,application development services,应用程式开发服务,,2023-01-17
20277593,application development software,应用发展软体,,2023-01-17
20277594,application development system,应用程式开发系统,,2023-01-17
20277595,application development tool,应用发展工具,,2023-01-17
20277596,application development workbench,应用程式开发工作台,,2023-01-17
20277597,application distribution program,应用程式分配计划,,2023-01-17
20277598,application domain,应用领域,,2023-01-17
20277599,application enablement services,应用程式赋能服务,,2023-01-17
20277600,application encipherment key,应用加密金钥,,2023-01-17
20277601,application entity,应用实体,,2023-01-17
20277602,application entity invocation identifier,应用个体调用识别符,,2023-01-17
20277603,application entity invocation{=AEI},应用实体调用,,2023-01-17
20277604,application entity qualifier,应用个体限定符,,2023-01-17
20277605,application entity title{=AET},应用实体标题,,2023-01-17
20277606,application entity type,应用实体类型,,2023-01-17
20277607,application environment,应用环境,,2023-01-17
20277608,application environment specification{=AES},应用环境规格,,2023-01-17
20277609,application error,应用程式错误,,2023-01-17
20277610,application event,应用软体事件,,2023-01-17
20277611,application execution controller,应用程式执行控制器,,2023-01-17
20277612,application executive,应用程式执行语言,,2023-01-17
20277613,application extension,应用程式延伸,,2023-01-17
20277614,application failure,应用失效,,2023-01-17
20277615,application family identifier,应用属别识别符；应用属别识别码,,2023-01-17
20277616,application file,应用程式档案,,2023-01-17
20277617,Application for Land Expropriation,土地征收之声请,,2023-01-17
20277618,application foundation classes{=AFC},应用程式基础类库,,2023-01-17
20277619,application framework,应用程式框架,,2023-01-17
20277620,application function,应用功能,,2023-01-17
20277621,application gateway,应用闸道,,2023-01-17
20277622,application generation,应用程式产生,,2023-01-17
20277623,application generator,应用程式产生器,,2023-01-17
20277624,Application Group Name,应用群组名,,2023-01-17
20277625,application heap,应用堆,,2023-01-17
20277626,application identifier,应用识别符；应用识别码,,2023-01-17
20277627,application independent coding method,应用无关编码法,,2023-01-17
20277628,application infrastructure provider,应用基础建设提供者,,2023-01-17
20277629,application install ad,应用程式安装钮,,2023-01-17
20277630,application integrated modules{=AIM},应用程式整合模组,,2023-01-17
20277631,application integration,应用软体整合,,2023-01-17
20277632,application integration architecture{=AIA},应用整合架构,,2023-01-17
20277633,application integrity,应用程式完整性,,2023-01-17
20277634,application interface module{=AIM},应用程式介面模组,,2023-01-17
20277635,application interface{=API},应用介面,,2023-01-17
20277636,application job,应用作业,,2023-01-17
20277637,application language,应用程式语言；应用语言,,2023-01-17
20277638,application layer,应用层,,2023-01-17
20277639,application layer forward error correction{=AL-FEC},应用层正向错误校正,,2023-01-17
20277640,application layer gateway,应用程式层闸道,,2023-01-17
20277641,application layer protocol data unit,应用层协定资料单元,,2023-01-17
20277642,application level,应用层,,2023-01-17
20277643,application level function,应用程式层次功能,,2023-01-17
20277644,application level gateway,应用程式级闸道,,2023-01-17
20277645,application library,应用程式馆；应用程式库,,2023-01-17
20277646,application library file{=ALF},应用程式馆档案；应用程式库档案,,2023-01-17
20277647,application lifecycle management,应用程式生命周期管理,,2023-01-17
20277648,application link,应用程式链,,2023-01-17
20277649,application link enabling,应用程式链赋能,,2023-01-17
20277650,application load balancing,应用负载平衡,,2023-01-17
20277651,application load list{=ALL},应用程式载入串列,,2023-01-17
20277652,application logic,应用程式逻辑,,2023-01-17
20277653,application management,应用程式管理,,2023-01-17
20277654,application management activity,应用程式管理活动,,2023-01-17
20277655,application management application entity,应用管理应用个体,,2023-01-17
20277656,application management package,应用程式管理程式包,,2023-01-17
20277657,application management system{=AMS},应用程式管理系统,,2023-01-17
20277658,application manager,应用程式管理器,,2023-01-17
20277659,application manual,应用手册,,2023-01-17
20277660,application mapping service{=AMS},应用映像服务,,2023-01-17
20277661,application master,应用程式主档,,2023-01-17
20277662,application message authentication key,应用讯息鉴别金键,,2023-01-17
20277663,application message handler{=AMH},应用程式讯息处置器,,2023-01-17
20277664,application message type,应用讯息型式,,2023-01-17
20277665,application module,应用模组,,2023-01-17
20277666,application module library{=AML},应用模组程式馆,,2023-01-17
20277667,application network,应用网路,,2023-01-17
20277668,application note,应用注解,,2023-01-17
20277669,application notes,应用说明,,2023-01-17
20277670,application number,申请号,,2023-01-17
20277671,application object,应用物件（数位家庭）,,2023-01-17
20277672,application object file,应用物件档案,,2023-01-17
20277673,application ordering,应用排序,,2023-01-17
20277674,application oriented,应用导向,,2023-01-17
20277675,application oriented language{=AOL},应用导向语言,,2023-01-17
20277676,application oriented system,应用导向系统,,2023-01-17
20277677,application OSI management,应用开放系统互连管理,,2023-01-17
20277678,application package,应用套装软体,,2023-01-17
20277679,application parameter,应用参数,,2023-01-17
20277680,application partitioning,应用程式分区,,2023-01-17
20277681,application performance,应用效能,,2023-01-17
20277682,application performance management,应用程式性能管理,,2023-01-17
20277683,application performance monitoring,应用程式效能监视,,2023-01-17
20277684,application plane,应用平面,,2023-01-17
20277685,application platform,应用程式平台,,2023-01-17
20277686,application portability,应用可携性,,2023-01-17
20277687,application portfolio,应用组合；应用档案,,2023-01-17
20277688,application problem,应用问题,,2023-01-17
20277689,application process identifier,应用处理识别符,,2023-01-17
20277690,application process invocation,应用处理调用,,2023-01-17
20277691,application process title,应用处理标题,,2023-01-17
20277692,application process type,应用处理类型,,2023-01-17
20277693,application process{=AP},应用处理,,2023-01-17
20277694,application processing function,应用处理功能,,2023-01-17
20277695,application processor,应用处理机,,2023-01-17
20277696,application profile,应用设定档,,2023-01-17
20277697,application program addressing,应用程式定址,,2023-01-17
20277698,application program block{=APB},应用程式段,,2023-01-17
20277699,application program checkpoint,应用程式检查点,,2023-01-17
20277700,application program division{=APD},应用程式部门,,2023-01-17
20277701,application program identifier,应用程式识别符,,2023-01-17
20277702,application program interface{=API},应用程式介面,,2023-01-17
20277703,application program library,应用程式馆；应用程式库,,2023-01-17
20277704,application program maintenance expenditure,应用程式维护支出,,2023-01-17
20277705,application program output limits,应用程式输出极限,,2023-01-17
20277706,application program preparation,应用程式准备,,2023-01-17
20277707,application program request,应用程式请求,,2023-01-17
20277708,application program routine,应用程式常式,,2023-01-17
20277709,application program run unit,应用程式运行单位,,2023-01-17
20277710,application program schedule,应用程式时程,,2023-01-17
20277711,application program scheduling,应用程式排程,,2023-01-17
20277712,application program sensitivity,应用程式敏感度,,2023-01-17
20277713,application program termination,应用程式终止,,2023-01-17
20277714,application program{=AP},应用程式,,2023-01-17
20277715,application programmability,应用程式可程式性,,2023-01-17
20277716,application programme,应用程式,,2023-01-17
20277717,application programmer,应用程式设计师,,2023-01-17
20277718,application programming interface,应用程式设计介面,,2023-01-17
20277719,application programming model{=APM},应用程式设计模型,,2023-01-17
20277720,application programming services,应用程式设计服务,,2023-01-17
20277721,application protocol,应用协定,,2023-01-17
20277722,application protocol control information,应用层协定控制资讯,,2023-01-17
20277723,application protocol data unit{=APDU},应用协定资料单元,,2023-01-17
20277724,application protocol entity,应用协定实体,,2023-01-17
20277725,application prototype environment,应用程式原型环境,,2023-01-17
20277726,application proxy,应用程式代理,,2023-01-17
20277727,application queue,应用程式伫列,,2023-01-17
20277728,application reference manual{=ARM},应用参考手册,,2023-01-17
20277729,application registration file,应用程式登记档,,2023-01-17
20277730,application requirements profile,应用需求规范,,2023-01-17
20277731,application resource unit{=ARU},应用资源单元,,2023-01-17
20277732,application response measurement,应用回应测量,,2023-01-17
20277733,application review{=AR},应用程式覆查,,2023-01-17
20277734,application routine,应用常式,,2023-01-17
20277735,application rule ordering,应用规则排序,,2023-01-17
20277736,Application Rules for MRT,捷运及地下街移设与连通申请办法,,2023-01-17
20277737,application security,应用程式安全性,,2023-01-17
20277738,application security layer,应用安全层,,2023-01-17
20277739,application selection menu,应用程式选项单,,2023-01-17
20277740,application server,应用程式伺服器,,2023-01-17
20277741,application server computing,应用程式伺服器运算,,2023-01-17
20277742,application serves provider{=ASP},应用服务提供者,,2023-01-17
20277743,application service,应用服务,,2023-01-17
20277744,application service data unit{=ASDU},应用服务资料单元,,2023-01-17
20277745,application service element,应用服务元件,,2023-01-17
20277746,application service object,应用服务物件,,2023-01-17
20277747,application service provider industry consortium,应用服务提供者工业协会,,2023-01-17
20277748,application service provider{=ASP},应用系统服务提供者,,2023-01-17
20277749,application sharing,应用软体共享,,2023-01-17
20277750,application shortcut key,应用捷径键,,2023-01-17
20277751,application sizing,应用定型；应用程式估算,,2023-01-17
20277752,Application Slave,应用从属,,2023-01-17
20277753,application software,应用软体,,2023-01-17
20277754,application software engineering,应用软体工程,,2023-01-17
20277755,application software generator,应用软体产生器,,2023-01-17
20277756,application software language,应用软体语言,,2023-01-17
20277757,application software package,应用套装软体,,2023-01-17
20277758,application software platform,应用软体平台,,2023-01-17
20277759,application software preparation,应用软体准备,,2023-01-17
20277760,application software prototyping,应用软体原型设计,,2023-01-17
20277761,application software system,应用软体系统,,2023-01-17
20277762,application source,应用源,,2023-01-17
20277763,application source program,应用原始程式,,2023-01-17
20277764,application specific,应用特有的；应用特定的,,2023-01-17
20277765,application specific IC,特定应用积体电路；专用积体电路,,2023-01-17
20277766,application specific information,特定应用资讯；应用专有的资讯,,2023-01-17
20277767,application specific integrated circuit,应用特定积体电路,,2023-01-17
20277768,application specific language,特定应用语言,,2023-01-17
20277769,application specific standard product,应用特定标准产品,,2023-01-17
20277770,application specification,应用规格,,2023-01-17
20277771,application stack,应用程式堆叠,,2023-01-17
20277772,application standard,应用标准,,2023-01-17
20277773,application store,应用程式商店,,2023-01-17
20277774,application streaming,应用程式串流,,2023-01-17
20277775,application structure,应用程式结构,,2023-01-17
20277776,application structure definition,应用程式结构定义,,2023-01-17
20277777,application structure preserving,应用程式结构保存,,2023-01-17
20277778,application structure review,应用程式结构覆查,,2023-01-17
20277779,application structure specification,应用程式结构规格,,2023-01-17
20277780,application study,应用研究,,2023-01-17
20277781,application subprogram,应用次程式,,2023-01-17
20277782,application subtask,应用子任务,,2023-01-17
20277783,application suite,应用套,,2023-01-17
20277784,application supplier,应用供应者,,2023-01-17
20277785,application support,应用支援,,2023-01-17
20277786,application support environment{=ASE},应用支援环境,,2023-01-17
20277787,application support package,应用支援套装软体,,2023-01-17
20277788,application support program,应用支援程式,,2023-01-17
20277789,application system,应用系统,,2023-01-17
20277790,application system level,应用系统层次,,2023-01-17
20277791,application system/400{=AS/400},应用系统/400,,2023-01-17
20277792,application task,应用任务,,2023-01-17
20277793,application terminal language{=ATL},应用终端语言,,2023-01-17
20277794,application testing,应用测试,,2023-01-17
20277795,application timer,应用计时器,,2023-01-17
20277796,application to application,各应用间,,2023-01-17
20277797,application transaction program,应用异动程式,,2023-01-17
20277798,application viewing,应用程式查看；应用程式检视,,2023-01-17
20277799,application virtual machine{=AVM},应用虚拟机,,2023-01-17
20277800,application virtualization,应用程式虚拟化,,2023-01-17
20277801,application visualisation system{=AVS},应用视觉化系统,,2023-01-17
20277802,application vulnerability description language,应用软体安全弱点描述语言,,2023-01-17
20277803,application walkthrough,应用程式走查；应用程式逐步解说,,2023-01-17
20277804,application ware,应用体,,2023-01-17
20277805,application whitelist,应用程式白名单,,2023-01-17
20277806,application wide class,泛应用类别,,2023-01-17
20277807,application window,应用程式视窗,,2023-01-17
20277808,application workspace,应用程式工作区,,2023-01-17
20277809,Application/Method Identifier,应用／方法识别符,,2023-01-17
20277810,application/octet stream,应用程式/八位元组串流,,2023-01-17
20277811,application-based IDS,应用程式型入侵侦测系统,,2023-01-17
20277812,application-defined networking,经应用程式定义网路,,2023-01-17
20277813,application-oriented language,应用导向语言,,2023-01-17
20277814,application-required language,应用需求语言,,2023-01-17
20277815,applications management,应用管理,,2023-01-17
20277816,applications on tap,线上可用的应用,,2023-01-17
20277817,applications programmer,应用程式设计师,,2023-01-17
20277818,applications programming,应用规划,,2023-01-17
20277819,applications software,应用软体,,2023-01-17
20277820,applications software kit{=ASK},应用软体套件,,2023-01-17
20277821,Applications Standby,应用程式待命,,2023-01-17
20277822,applicative language,应用式语言,,2023-01-17
20277823,applicative language for digital signal processing,DSP 应用语言；ALDSP 语言,,2023-01-17
20277824,applicative order reduction,适用次序缩减,,2023-01-17
20277825,applicator,涂药器；应用物,,2023-01-17
20277826,applied algorithm design,应用演算法设计,,2023-01-17
20277827,applied cant,实置超高,,2023-01-17
20277828,applied cost,应用成本,,2023-01-17
20277829,applied data research inc.{=ADR},应用资料研究公司,,2023-01-17
20277830,applied field,应用栏,,2023-01-17
20277831,applied information management system{=AIMS},应用资讯管理系统,,2023-01-17
20277832,applied logic,应用逻辑,,2023-01-17
20277833,applied mathematics,应用数学学会,,2023-01-17
20277834,applied occurrence,应用性出现,,2023-01-17
20277835,applied voltage,应用电压,,2023-01-17
20277836,applied voltage test,加压测试,,2023-01-17
20277837,Applique,附加器,,2023-01-17
20277838,APPLOG,APPLOG 语言,,2023-01-17
20277839,apply,应用,,2023-01-17
20277840,apply operator,应用运算子,,2023-01-17
20277841,apply to,适用,,2023-01-17
20277842,appoint,委任,,2023-01-17
20277843,appointment,派用（资讯安全）,,2023-01-17
20277844,appointment call,预约电话,,2023-01-17
20277845,Appointment Duration,约诊期间,,2023-01-17
20277846,Appointment Duration Units,约诊期间单位,,2023-01-17
20277847,Appointment Reason,约诊原因,,2023-01-17
20277848,Appointment Reminder,闹铃提醒,,2023-01-17
20277849,appointment television,排定收视,,2023-01-17
20277850,Appointment Timing Quantity,约诊时间数量,,2023-01-17
20277851,Appointment Type,约诊型式,,2023-01-17
20277852,apportion design,分配设计,,2023-01-17
20277853,apportion model,分配模型,,2023-01-17
20277854,Approach,Approach资料库软体,,2023-01-17
20277855,approach aid,逼近辅助,,2023-01-17
20277856,approach and landing system,进场著陆系统,,2023-01-17
20277857,approach aperture,近接光圈,,2023-01-17
20277858,Approach Lock,接近锁定,,2023-01-17
20277859,approach vector,途径向量,,2023-01-17
20277860,appropriate,适当的,,2023-01-17
20277861,appropriate automation,适当自动化,,2023-01-17
20277862,appropriate privilege,适当权限,,2023-01-17
20277863,appropriately,适当地,,2023-01-17
20277864,Appropriation of Land Held by Public Bodies,公地拨用,,2023-01-17
20277865,approval,核可；核准；认可,,2023-01-17
20277866,Approval of Land Expropriation,土地征收之核准,,2023-01-17
20277867,approval test,认可测试,,2023-01-17
20277868,approved,核准；认可的,,2023-01-17
20277869,approved circuit,认可电路,,2023-01-17
20277870,approved order,核准的订单,,2023-01-17
20277871,approved scanning vendor,认可扫描供应商,,2023-01-17
20277872,approved type,认可型式,,2023-01-17
20277873,approximable in polynomial time,多项式时间可近似,,2023-01-17
20277874,approximate,近似,,2023-01-17
20277875,approximate analysis,近似分析,,2023-01-17
20277876,approximate calculation,近似计算,,2023-01-17
20277877,approximate computing,近似计算,,2023-01-17
20277878,approximate continuity,近似连续性,,2023-01-17
20277879,approximate data,近似资料,,2023-01-17
20277880,approximate equality,近似相等,,2023-01-17
20277881,approximate error,近似误差,,2023-01-17
20277882,approximate evaluation,近似求值,,2023-01-17
20277883,approximate method,近似法,,2023-01-17
20277884,approximate process,近似处理,,2023-01-17
20277885,approximate quantity,近似量,,2023-01-17
20277886,approximate reasoning,近似推理,,2023-01-17
20277887,approximate representation,近似表示,,2023-01-17
20277888,approximate solution,近似解,,2023-01-17
20277889,approximate treatment,近似处置,,2023-01-17
20277890,approximate value,近似值,,2023-01-17
20277891,approximately,近似；大的,,2023-01-17
20277892,approximation,近似,,2023-01-17
20277893,approximation algorithm,近似演算法,,2023-01-17
20277894,approximation effect,近似效应,,2023-01-17
20277895,approximation system,近似系统,,2023-01-17
20277896,approximation theory,近似理论,,2023-01-17
20277897,appz,应用程式 appz,,2023-01-17
20277898,apron,附表,,2023-01-17
20277899,APT,自动程式规划工具,,2023-01-17
20277900,APT Ⅲ,APT Ⅲ 工具,,2023-01-17
20277901,APT compiler,APT语言编译器,,2023-01-17
20277902,APT construction,APT语言构造,,2023-01-17
20277903,APT language,APT语言,,2023-01-17
20277904,aptent,应用加含内含,,2023-01-17
20277905,apt-get,apt-get 指令,,2023-01-17
20277906,aptitude test,性向测验,,2023-01-17
20277907,Aptiva,IBM Aptiva 个人电脑,,2023-01-17
20277908,aptX,音讯编解码器,,2023-01-17
20277909,AQL,AQL语言,,2023-01-17
20277910,AQL test,AQL 测试,,2023-01-17
20277911,aqua,青色,,2023-01-17
20277912,aqua film,水溶菲林,,2023-01-17
20277913,aquamarine,青绿,,2023-01-17
20277914,aquatint,水彩色调,,2023-01-17
20277915,aquatone,充珂罗版,,2023-01-17
20277916,AR goggles,扩增实境护目镜,,2023-01-17
20277917,AR headset,扩增实境磁头组,,2023-01-17
20277918,AR process,AR 过程；自回归过程,,2023-01-17
20277919,AR/VR,扩增实境/虚拟实境,,2023-01-17
20277920,AR/VR headset,扩增实境/虚拟实境磁头组,,2023-01-17
20277921,arabic gum,阿拉伯胶,,2023-01-17
20277922,arabic numerals,阿拉伯数字,,2023-01-17
20277923,Arabic teleprinter,阿拉伯字母电传列印机,,2023-01-17
20277924,arachniography,网页的目录,,2023-01-17
20277925,arachnotaxis,网址集合的表格,,2023-01-17
20277926,Arago,阿拉哥,,2023-01-17
20277927,arbiter,仲裁器,,2023-01-17
20277928,arbiter cell,仲裁单元,,2023-01-17
20277929,arbitrability,仲裁容许性,,2023-01-17
20277930,arbitrage,谋利；套利,,2023-01-17
20277931,arbitrage de jure,法律仲裁,,2023-01-17
20277932,arbitrarily sectioned file,任意分段档案,,2023-01-17
20277933,arbitrarily segmented global memory,任意分段总体记忆体,,2023-01-17
20277934,arbitrarily traversable graph,任意遍历图,,2023-01-17
20277935,arbitrary,追加费用；任意,,2023-01-17
20277936,arbitrary access,任意存取,,2023-01-17
20277937,arbitrary cell method,任意单元法,,2023-01-17
20277938,arbitrary distribution,任意分配,,2023-01-17
20277939,arbitrary function generator{=AFG},任意函数产生器,,2023-01-17
20277940,arbitrary input,任意输入,,2023-01-17
20277941,arbitrary number,任意数,,2023-01-17
20277942,arbitrary placement,任意布局,,2023-01-17
20277943,arbitrary polygon,任意多边形,,2023-01-17
20277944,arbitrary precision calculator,任意精度计算器,,2023-01-17
20277945,arbitrary selection,任意选择,,2023-01-17
20277946,arbitrary sequence,任意顺序,,2023-01-17
20277947,arbitrary sequence computer,任意顺序计算机,,2023-01-17
20277948,arbitrary sign,任意记号,,2023-01-17
20277949,arbitrary site failure,任意地点故障,,2023-01-17
20277950,arbitrary statement,任意叙述,,2023-01-17
20277951,arbitrary text string,任意正文字串,,2023-01-17
20277952,arbitrary unit{=AU},任意单位,,2023-01-17
20277953,arbitrary value,任意值,,2023-01-17
20277954,arbitrary write model,任意写入模型,,2023-01-17
20277955,arbitrate,仲裁,,2023-01-17
20277956,arbitrate verification,仲裁验证,,2023-01-17
20277957,arbitrated loop,已裁定之环路,,2023-01-17
20277958,arbitration,仲裁,,2023-01-17
20277959,arbitration agreement,仲裁协议,,2023-01-17
20277960,arbitration clause,仲裁条款,,2023-01-17
20277961,arbitration logic,仲裁逻辑,,2023-01-17
20277962,arbitration procedure,仲裁程序,,2023-01-17
20277963,arbitration process,仲裁过程,,2023-01-17
20277964,arbitration system,仲裁系统,,2023-01-17
20277965,arbitration unit,仲裁单位,,2023-01-17
20277966,arbitrator,仲裁器,,2023-01-17
20277967,Arbor software,Arbor 软体,,2023-01-17
20277968,arborescence,树状,,2023-01-17
20277969,ArborText,ArborText 工具,,2023-01-17
20277970,arc,arc卷宗；弧,,2023-01-17
20277971,arc box,电弧箱,,2023-01-17
20277972,arc discharge,弧光放电,,2023-01-17
20277973,arc discharge tube,弧光放电管,,2023-01-17
20277974,arc label,弧标,,2023-01-17
20277975,arc lamp,弧灯,,2023-01-17
20277976,arc length,弧长,,2023-01-17
20277977,arc parameters,弧参数,,2023-01-17
20277978,arc radius,弧度,,2023-01-17
20277979,arcade game,骑楼游戏,,2023-01-17
20277980,arcade line,骑楼线,,2023-01-17
20277981,arccosine,反余弦,,2023-01-17
20277982,archie,公用软体查询系统,,2023-01-17
20277983,archie server,公用软体查询伺服器,,2023-01-17
20277984,Archimedes,Archimedes 个人电脑,,2023-01-17
20277985,Archimedian spiral antenna,阿基米德螺旋天线,,2023-01-17
20277986,architect,建筑师,,2023-01-17
20277987,architected,已架构,,2023-01-17
20277988,architectural characteristics,架构特性,,2023-01-17
20277989,architectural comparison,架构比较,,2023-01-17
20277990,architectural component,架构组件,,2023-01-17
20277991,architectural definition,架构定义,,2023-01-17
20277992,architectural design,架构设计,,2023-01-17
20277993,architectural detail,架构明细,,2023-01-17
20277994,architectural difference,架构差异,,2023-01-17
20277995,architectural feature,架构特征,,2023-01-17
20277996,architectural form,架构格式,,2023-01-17
20277997,architectural limit,架构限制,,2023-01-17
20277998,architectural protection,架构保护,,2023-01-17
20277999,architectural structure,体系结构,,2023-01-17
20278000,architecture,架构；结构,,2023-01-17
20278001,architecture CAD,架构计算机辅助设计,,2023-01-17
20278002,architecture design,架构设计,,2023-01-17
20278003,architecture evaluation,架构评估,,2023-01-17
20278004,architecture extended,架构延伸,,2023-01-17
20278005,"architecture for voice, video, and integrated data",语音、影像与整合资料架构,,2023-01-17
20278006,architecture form,架构形式,,2023-01-17
20278007,architecture free processor,无架构式处理机,,2023-01-17
20278008,architecture function,架构功能,,2023-01-17
20278009,architecture function set,架构功能集,,2023-01-17
20278010,architecture modeling,架构塑模,,2023-01-17
20278011,architecture neutral,架构中性；结构中立,,2023-01-17
20278012,architecture neutral distributed format,架构中性分散格式,,2023-01-17
20278013,architecture neutral distribution format{=ANDF},分散架构中性分布格式,,2023-01-17
20278014,architecture police,架构警察；结构警察,,2023-01-17
20278015,architecture prototyping,架构原型设计,,2023-01-17
20278016,architecture simulation,架构模拟,,2023-01-17
20278017,architecture vision,架构视域,,2023-01-17
20278018,"architecture, engineering and construction XML",建筑、工程与营造可延伸标示语言,,2023-01-17
20278019,architectures for distributed systems,分散系统架构,,2023-01-17
20278020,ArchitextSpider,ArchitextSpider 搜寻引擎,,2023-01-17
20278021,archival,归档,,2023-01-17
20278022,archival back up,归档备份,,2023-01-17
20278023,archival database,归档资料库,,2023-01-17
20278024,archival device,归档装置,,2023-01-17
20278025,archival location,档案位置；归档位置,,2023-01-17
20278026,archival memory,归档记忆体,,2023-01-17
20278027,archival repository,归档案卷库,,2023-01-17
20278028,archival security program{=ASP},档案库保密程式；归档保全程式,,2023-01-17
20278029,archival storage,归档储存,,2023-01-17
20278030,archival storage and recovery program,归档储存与恢复程式,,2023-01-17
20278031,archival storage format,归档储存格式,,2023-01-17
20278032,archive,卷宗；归档；典藏,,2023-01-17
20278033,archive attribute,归档属性；卷宗属性,,2023-01-17
20278034,archive bit,归档位元,,2023-01-17
20278035,archive copy,归档副本,,2023-01-17
20278036,archive diskette,归档磁片,,2023-01-17
20278037,archive file,归档档案,,2023-01-17
20278038,archive header format,归档标头格式,,2023-01-17
20278039,archive hierarchy,归档阶层,,2023-01-17
20278040,archive manager,归档管理者,,2023-01-17
20278041,archive manual page,归档人工页,,2023-01-17
20278042,archive program,归档程式,,2023-01-17
20278043,archive robert jung{=ARJ},ARJ 压缩程式,,2023-01-17
20278044,archive set,归档集,,2023-01-17
20278045,archive site,归档站,,2023-01-17
20278046,archived file,归档档案,,2023-01-17
20278047,archived member,归档项,,2023-01-17
20278048,archiver,归档者；归档程式,,2023-01-17
20278049,archives,档案库；档案室,,2023-01-17
20278050,archives on line{=ARCHON},案卷库连线,,2023-01-17
20278051,ArchiveSink,ArchiveSink 码,,2023-01-17
20278052,archiving,归档,,2023-01-17
20278053,archiving list,归档表列；归档列表,,2023-01-17
20278054,archiving logs,归档日志,,2023-01-17
20278055,archiving program,归档程式,,2023-01-17
20278056,arcing,弧线移动,,2023-01-17
20278057,ARCnet,ARCnet区域网路,,2023-01-17
20278058,arcsine,反正弦,,2023-01-17
20278059,arctangent,反正切,,2023-01-17
20278060,ardent,热烈；激情；强烈,,2023-01-17
20278061,are you sure,确定要；你确定？,,2023-01-17
20278062,are you sure you want to change,确定要变更；确定要变更?,,2023-01-17
20278063,area,区；面,,2023-01-17
20278064,area analysis,区域分析,,2023-01-17
20278065,area and zip code,区域及邮递区号,,2023-01-17
20278066,area argument,区域引数,,2023-01-17
20278067,area array,区域阵列,,2023-01-17
20278068,area array package,区域阵列套装软体,,2023-01-17
20278069,area array sensor,区域阵列感测器,,2023-01-17
20278070,area assignment,区域指定,,2023-01-17
20278071,area attribute,区域属性,,2023-01-17
20278072,area border router,区域边界选路器,,2023-01-17
20278073,area chart,面积图,,2023-01-17
20278074,area code,区域码,,2023-01-17
20278075,area code of telephone,电话区域码,,2023-01-17
20278076,Area Codec 97,AC 97系统,,2023-01-17
20278077,area communication,区域通信,,2023-01-17
20278078,area communication organization,区域通信组织,,2023-01-17
20278079,area composition,区域排版,,2023-01-17
20278080,area condition,区域条件,,2023-01-17
20278081,area container,区域容器,,2023-01-17
20278082,area control center,地区控制中心,,2023-01-17
20278083,area control error{=ACE},区域控制错误,,2023-01-17
20278084,area control frequency,区域控制频率,,2023-01-17
20278085,area correction parameters,区域校正参数,,2023-01-17
20278086,area coverage,覆盖区域,,2023-01-17
20278087,area data set,区域资料集,,2023-01-17
20278088,area definition,区域定义,,2023-01-17
20278089,area density,区域密度,,2023-01-17
20278090,area description,区域描述,,2023-01-17
20278091,area descriptors,区域描述符,,2023-01-17
20278092,area entry,区域入口,,2023-01-17
20278093,area fill,区域填充,,2023-01-17
20278094,area filling,区域填充,,2023-01-17
20278095,area format,区域格式,,2023-01-17
20278096,area high temperature alarm{=AHTA},区域高温警报,,2023-01-17
20278097,area identification field,区识别栏,,2023-01-17
20278098,area identifier,区域识别符,,2023-01-17
20278099,area image sensor,区域影像感测器,,2023-01-17
20278100,area light,区域光,,2023-01-17
20278101,area light source,区域光源,,2023-01-17
20278102,area memory map,区域记忆体映射,,2023-01-17
20278103,area name,区域名,,2023-01-17
20278104,area navigation computer,区域导航电脑,,2023-01-17
20278105,area of dominant influence,主要影响区,,2023-01-17
20278106,area of safe operation{=ASO},安全作业区,,2023-01-17
20278107,area packing density,区域缩紧密度,,2023-01-17
20278108,area protection,区域保护,,2023-01-17
20278109,area recording density,区域记录密度,,2023-01-17
20278110,area research,区域研究,,2023-01-17
20278111,area retrieval,区域检索,,2023-01-17
20278112,area router,区域选路器,,2023-01-17
20278113,area routing,区域选路,,2023-01-17
20278114,area scattering,区域散射,,2023-01-17
20278115,area search,区域搜寻,,2023-01-17
20278116,area security table,区域安全表,,2023-01-17
20278117,area selection,区域选择,,2023-01-17
20278118,area signal center,区域信号中心；地区信号中心,,2023-01-17
20278119,area signal system,区域信号系统；地区信号系统,,2023-01-17
20278120,area target,区域目标,,2023-01-17
20278121,area trace,面积追踪,,2023-01-17
20278122,area traffic control{=ATC},区域交通控制,,2023-01-17
20278123,Area Transfer,区域转移,,2023-01-17
20278124,area type,区域型式,,2023-01-17
20278125,area variable,区域变数,,2023-01-17
20278126,areal density,面密度,,2023-01-17
20278127,areal packing density,面缩紧密度,,2023-01-17
20278128,areal recording density,面记录密度,,2023-01-17
20278129,areal storage density,面储存密度,,2023-01-17
20278130,Areas in Storage,储存器配置区,,2023-01-17
20278131,Arecibo reflector,厄瑞西柏反射器,,2023-01-17
20278132,A-register,A 暂存器；算术暂存器,,2023-01-17
20278133,arena,竞技场（记忆体）,,2023-01-17
20278134,argon ion laser,氩离子雷射,,2023-01-17
20278135,argument,引数,,2023-01-17
20278136,Argument Addresses,引数位址,,2023-01-17
20278137,argument area,引数区,,2023-01-17
20278138,argument association,引数结合,,2023-01-17
20278139,argument block pointer,引数块指标,,2023-01-17
20278140,argument byte,引数位元组,,2023-01-17
20278141,argument capability,引数能力,,2023-01-17
20278142,argument checking,引数检查,,2023-01-17
20278143,argument constant,引数常数,,2023-01-17
20278144,argument conversion,引数转换,,2023-01-17
20278145,argument count,引数计数,,2023-01-17
20278146,argument descriptor,引数描述符,,2023-01-17
20278147,argument error,引数错误,,2023-01-17
20278148,argument field,引数栏,,2023-01-17
20278149,argument handling,引数处置,,2023-01-17
20278150,argument list,引数表,,2023-01-17
20278151,argument list overflow,引数表溢出,,2023-01-17
20278152,argument macros,引数巨集,,2023-01-17
20278153,argument passing,引数传递,,2023-01-17
20278154,argument pointer{=AP},引数指标,,2023-01-17
20278155,argument register,引数暂存器,,2023-01-17
20278156,argument segment,引数段,,2023-01-17
20278157,argument sequence,引数顺序,,2023-01-17
20278158,argument stack,引数堆叠,,2023-01-17
20278159,argument subscript,引数下标,,2023-01-17
20278160,argument table,引数表,,2023-01-17
20278161,argument transfer instructions,引数转移指令,,2023-01-17
20278162,argument transmission,引数传输,,2023-01-17
20278163,argument type,引数型式,,2023-01-17
20278164,argument value,引数值,,2023-01-17
20278165,argument vector,引数向量,,2023-01-17
20278166,arise,发生,,2023-01-17
20278167,arithmetic,算术,,2023-01-17
20278168,arithmetic addition,算术加法,,2023-01-17
20278169,arithmetic address,算术位址,,2023-01-17
20278170,arithmetic and control,算术与控制,,2023-01-17
20278171,arithmetic and logic box{=ALB},算术与逻辑箱,,2023-01-17
20278172,arithmetic and logic operation,算术与逻辑运算,,2023-01-17
20278173,"arithmetic and logic unit{=ALU, mill}",算术与逻辑单元,,2023-01-17
20278174,arithmetic array element,算术阵列元素,,2023-01-17
20278175,arithmetic array identification{=AAID},算术阵列识别,,2023-01-17
20278176,arithmetic assignment,算术赋值,,2023-01-17
20278177,arithmetic assignment statement,算术赋值叙述,,2023-01-17
20278178,arithmetic base,算术基底,,2023-01-17
20278179,arithmetic base and scale conversion,算术基底与标度转换,,2023-01-17
20278180,arithmetic bus{=AB},算术汇流排,,2023-01-17
20278181,arithmetic capability,算术能力,,2023-01-17
20278182,arithmetic check,算术检查,,2023-01-17
20278183,arithmetic circuit,算术电路,,2023-01-17
20278184,arithmetic circuitry,算术电路,,2023-01-17
20278185,arithmetic code,算数编码,,2023-01-17
20278186,arithmetic coding,算术编码,,2023-01-17
20278187,arithmetic components,算术组件,,2023-01-17
20278188,arithmetic computing machine,算术计算机,,2023-01-17
20278189,arithmetic constant,算术常数,,2023-01-17
20278190,arithmetic constant expression,算术常数表式,,2023-01-17
20278191,arithmetic constant word,算术常数字,,2023-01-17
20278192,arithmetic control section{=ARC},算术控制区段,,2023-01-17
20278193,arithmetic control unit{=ACU},算术控制单元,,2023-01-17
20278194,arithmetic conversion,算术转换,,2023-01-17
20278195,arithmetic data,算术资料,,2023-01-17
20278196,arithmetic data attributes,算术资料属性,,2023-01-17
20278197,arithmetic debug,算术除错,,2023-01-17
20278198,arithmetic debugging,算术除错,,2023-01-17
20278199,arithmetic design system{=ADS},算术设计系统,,2023-01-17
20278200,arithmetic device,算术装置,,2023-01-17
20278201,arithmetic difference,算术差,,2023-01-17
20278202,arithmetic distance,算术距离,,2023-01-17
20278203,arithmetic element,算术元件,,2023-01-17
20278204,arithmetic element program,算术元件程式,,2023-01-17
20278205,arithmetic enable control,算术赋能控制,,2023-01-17
20278206,arithmetic error,算术误差,,2023-01-17
20278207,arithmetic error code,算术误差码,,2023-01-17
20278208,arithmetic exception,算术异常,,2023-01-17
20278209,arithmetic expression,算术表式,,2023-01-17
20278210,arithmetic facility,算术设施,,2023-01-17
20278211,arithmetic fault,算术错失,,2023-01-17
20278212,arithmetic fault access,算术错失存取,,2023-01-17
20278213,arithmetic field,算术栏,,2023-01-17
20278214,arithmetic flag{=AF},算术旗标,,2023-01-17
20278215,arithmetic formula{=AF},算术公式,,2023-01-17
20278216,arithmetic function,算术函数,,2023-01-17
20278217,arithmetic function designator{=AFD},算术函数指定符,,2023-01-17
20278218,arithmetic function identifier{=AFID},算术函数识别符,,2023-01-17
20278219,arithmetic geometric mean,算术几何平均,,2023-01-17
20278220,arithmetic grammar,算术文法,,2023-01-17
20278221,arithmetic greater than{=AGT},算术大于,,2023-01-17
20278222,arithmetic identifier,算术识别符,,2023-01-17
20278223,arithmetic IF statement,算术若叙述,,2023-01-17
20278224,arithmetic input right{=AIR},算术输入改正；算术输入角,,2023-01-17
20278225,arithmetic instruction,算术指令,,2023-01-17
20278226,arithmetic item,算术项,,2023-01-17
20278227,arithmetic library,运算程式馆,,2023-01-17
20278228,arithmetic limit match,算术限制匹配,,2023-01-17
20278229,arithmetic logic,算术逻辑,,2023-01-17
20278230,arithmetic logic and control unit{=ALCU},算术逻辑与控制单元,,2023-01-17
20278231,arithmetic logic processor{=ALP},算术逻辑处理机,,2023-01-17
20278232,arithmetic logic register stack{=ALRS},算术逻辑暂存器堆叠,,2023-01-17
20278233,arithmetic logic section{=ALS},算术与逻辑区段,,2023-01-17
20278234,arithmetic logic unit data flow,算术逻辑单元资料流,,2023-01-17
20278235,arithmetic logic unit{=ALU},算术逻辑单元,,2023-01-17
20278236,arithmetic mask register{=AMR},算术遮罩暂存器,,2023-01-17
20278237,arithmetic mask trap,算术遮蔽陷阱,,2023-01-17
20278238,arithmetic mean,算术平均值,,2023-01-17
20278239,arithmetic microoperation,算术微作业,,2023-01-17
20278240,arithmetic mode,算术模式,,2023-01-17
20278241,arithmetic mode conversion,算术模转换,,2023-01-17
20278242,arithmetic operand,算术运算元,,2023-01-17
20278243,arithmetic operation,算术运算,,2023-01-17
20278244,arithmetic operator,算术运算子,,2023-01-17
20278245,arithmetic option statement,算术任选叙述,,2023-01-17
20278246,arithmetic organ,算术器,,2023-01-17
20278247,arithmetic oriented programming,算术导向程式设计,,2023-01-17
20278248,arithmetic output control unit{=AOCU},算术输出控制单元,,2023-01-17
20278249,arithmetic output data{=AOD},算术输出资料,,2023-01-17
20278250,arithmetic output unit{=AOU},算术输出单元,,2023-01-17
20278251,arithmetic overflow,算术溢出,,2023-01-17
20278252,arithmetic picture data,算术图象资料,,2023-01-17
20278253,arithmetic pipeline,算术管线,,2023-01-17
20278254,arithmetic point,小数点,,2023-01-17
20278255,arithmetic portion,算术部分,,2023-01-17
20278256,arithmetic primary,算术初等项,,2023-01-17
20278257,arithmetic processing unit{=APU},算术处理单元,,2023-01-17
20278258,arithmetic processor array,算术处理机阵列,,2023-01-17
20278259,arithmetic processor{=AP},算术处理机,,2023-01-17
20278260,arithmetic product,算术乘积,,2023-01-17
20278261,arithmetic progression,算术级数,,2023-01-17
20278262,arithmetic quadruple,算术四元,,2023-01-17
20278263,arithmetic reading test{=ART},算术读出测试,,2023-01-17
20278264,arithmetic register{=AR},算术暂存器,,2023-01-17
20278265,arithmetic relation,算术关系,,2023-01-17
20278266,arithmetic relational expression,算术关系表式,,2023-01-17
20278267,arithmetic routine,算术常式,,2023-01-17
20278268,arithmetic scan,算术扫描,,2023-01-17
20278269,arithmetic section,算术区段,,2023-01-17
20278270,arithmetic shift,算术移位,,2023-01-17
20278271,arithmetic shift combined,组合算术移位,,2023-01-17
20278272,arithmetic shift left{=ASL},算术左移,,2023-01-17
20278273,arithmetic shift right{=ASR},算术右移,,2023-01-17
20278274,arithmetic simple variable{=ASV},算术简单变数,,2023-01-17
20278275,arithmetic skill,算术技巧,,2023-01-17
20278276,arithmetic speed,算术速率,,2023-01-17
20278277,arithmetic speed evaluation,算术速率评估,,2023-01-17
20278278,arithmetic statement,算术叙述,,2023-01-17
20278279,arithmetic statement function{=ASF},算术叙述函数,,2023-01-17
20278280,arithmetic subroutine,算术次常式,,2023-01-17
20278281,arithmetic sum,算术和,,2023-01-17
20278282,arithmetic system,算术系统,,2023-01-17
20278283,arithmetic technique,算术技术,,2023-01-17
20278284,arithmetic term,算术项,,2023-01-17
20278285,arithmetic test program,算术测试程式,,2023-01-17
20278286,arithmetic trap,算术陷阱,,2023-01-17
20278287,arithmetic trap enable,允许算术陷阱,,2023-01-17
20278288,arithmetic trap mask,算术陷阱遮罩,,2023-01-17
20278289,arithmetic type,算术类型,,2023-01-17
20278290,arithmetic underflow,算术下溢,,2023-01-17
20278291,arithmetic unit,算术单元；运算单元,,2023-01-17
20278292,arithmetic variable,算术变数,,2023-01-17
20278293,arithmetic verb,算术动词,,2023-01-17
20278294,arithmetic weight,算术权,,2023-01-17
20278295,arithmetical average,算术平均,,2023-01-17
20278296,arithmetical check,算术检查,,2023-01-17
20278297,arithmetical circuit,算术电路,,2023-01-17
20278298,arithmetical computing machine,算术计算机,,2023-01-17
20278299,arithmetical data,算术数据,,2023-01-17
20278300,arithmetical instruction,算术指令,,2023-01-17
20278301,arithmetical mean test,算术平均值测试,,2023-01-17
20278302,arithmetical mode conversion,算术模式转换,,2023-01-17
20278303,arithmetical operation,算术运算,,2023-01-17
20278304,arithmetical operator,算术运算子,,2023-01-17
20278305,arithmetical predicate,算术述词,,2023-01-17
20278306,arithmetical progression{=AP},算术级数,,2023-01-17
20278307,arithmetically,在算术方法上,,2023-01-17
20278308,arithmetization,算术化,,2023-01-17
20278309,arithmetization of formal system,正式系统算术化,,2023-01-17
20278310,arithmograph,运算图,,2023-01-17
20278311,arithmometer,四则运算器,,2023-01-17
20278312,arity,引数数目,,2023-01-17
20278313,ARJ,压缩档格式,,2023-01-17
20278314,arm,臂,,2023-01-17
20278315,arm a timer,启动计时器,,2023-01-17
20278316,ARM agent,ARM 代理,,2023-01-17
20278317,ARM big.LITTLE,安谋国际科技公司的异质运算,,2023-01-17
20278318,ARM Corp.,ARM 公司,,2023-01-17
20278319,arm lock magnet{=ALM},臂锁磁铁,,2023-01-17
20278320,ARM Microprocessor,ARM微处理器,,2023-01-17
20278321,arm to arm,臂对臂,,2023-01-17
20278322,armature,电枢,,2023-01-17
20278323,armature control,电枢控制,,2023-01-17
20278324,Armco iron,阿姆科铁,,2023-01-17
20278325,armed forces radio service{=AFRS},武装部队无线电服务；武装部队无线电勤务,,2023-01-17
20278326,armed interrupt,待命中断,,2023-01-17
20278327,armed state,待命状态,,2023-01-17
20278328,armenian dram,亚美尼亚德蓝,,2023-01-17
20278329,arming,武装；装备,,2023-01-17
20278330,ARM-instrumented application,进阶精简指令集机器应用；ARM 仪器应用,,2023-01-17
20278331,armor,盔甲,,2023-01-17
20278332,armor piercing,透甲胄,,2023-01-17
20278333,armored cable,铠装缆线,,2023-01-17
20278334,armored virus,铠装病毒,,2023-01-17
20278335,armour-plated,钢板,,2023-01-17
20278336,Armstrong axioms,阿姆斯壮公理,,2023-01-17
20278337,Armstrong oscillator,阿姆斯壮振荡器,,2023-01-17
20278338,army field data system,陆军野战资料系统,,2023-01-17
20278339,A-roll,A 卷,,2023-01-17
20278340,aromatic compound,芳香族化合物,,2023-01-17
20278341,ARP request,ARP请求,,2023-01-17
20278342,ARPA network{=ARPANET},ARPA网路,,2023-01-17
20278343,ARPANET,ARPANET 网路,,2023-01-17
20278344,ARQ error control,ARQ 错误控制,,2023-01-17
20278345,arrange,安排,,2023-01-17
20278346,arrange buttons,排列按钮,,2023-01-17
20278347,arrange icons,排列图示,,2023-01-17
20278348,arrange selection,排列选取范围,,2023-01-17
20278349,arrange tables,排列资料表,,2023-01-17
20278350,arranged content fixed,固定商定内容,,2023-01-17
20278351,arranged content variable,可变商定内容,,2023-01-17
20278352,arrangement,安排,,2023-01-17
20278353,arrangement of bar,配置钢筋,,2023-01-17
20278354,arrangement rule,安排规则,,2023-01-17
20278355,arranging routine,安排常式,,2023-01-17
20278356,array,阵列,,2023-01-17
20278357,array acceptor,阵列接收器,,2023-01-17
20278358,array access mode,阵列存取模式,,2023-01-17
20278359,array aggregate,阵列聚合,,2023-01-17
20278360,array algorithm,阵列演算法,,2023-09-20
20278361,array allocation,阵列分配,,2023-01-17
20278362,array allocation routine,阵列分配常式,,2023-01-17
20278363,array allocation statement,阵列分配叙述,,2023-01-17
20278364,array and vector computer,阵列向量计算机,,2023-01-17
20278365,array antenna,阵列天线,,2023-01-17
20278366,array architecture,阵列架构,,2023-01-17
20278367,array assignment,阵列赋值,,2023-01-17
20278368,array attribute,阵列属性,,2023-01-17
20278369,array automata,阵列自动机,,2023-01-17
20278370,array bandwidth,阵列频宽,,2023-01-17
20278371,array bound,阵列界限,,2023-01-17
20278372,array boundary,阵列界限,,2023-01-17
20278373,array box,阵列箱,,2023-01-17
20278374,array cell,阵列储存格,,2023-01-17
20278375,array column,阵列栏,,2023-01-17
20278376,array compiler,阵列编译器,,2023-01-17
20278377,array component,阵列成分,,2023-01-17
20278378,array component syntax,阵列分量语法,,2023-01-17
20278379,array computer,阵列电脑；阵列计算机,,2023-01-17
20278380,array control unit{=ACU},阵列控制单元,,2023-01-17
20278381,array copy subroutine,阵列复制次常式,,2023-01-17
20278382,array covariance,阵列协方差；阵列共异变数,,2023-01-17
20278383,array creation,阵列建立,,2023-01-17
20278384,array cross section,阵列截面,,2023-01-17
20278385,array data structure,阵列资料结构,,2023-01-17
20278386,array declaration,阵列宣告,,2023-01-17
20278387,array declaration syntax,阵列宣告语法,,2023-01-17
20278388,array declarator,阵列宣告符,,2023-01-17
20278389,array declarator statement,阵列宣告符叙述,,2023-01-17
20278390,array define,阵列定义,,2023-01-17
20278391,array destruction,阵列破坏,,2023-01-17
20278392,array dimension,阵列维数,,2023-01-17
20278393,array directivity,阵列方向性,,2023-01-17
20278394,array element,阵列元素,,2023-01-17
20278395,array element reference,阵列元素引用,,2023-01-17
20278396,array element subscript,阵列元素下标,,2023-01-17
20278397,array element successor function,阵列元素后继子函数,,2023-01-17
20278398,array expression,阵列表式,,2023-01-17
20278399,array extent,阵列范围,,2023-01-17
20278400,array factor,阵列系数；阵列因数,,2023-01-17
20278401,array feed network,阵列馈送网路,,2023-01-17
20278402,array feed of paraboloidal reflector,抛物面反射器阵列馈送,,2023-01-17
20278403,array field,阵列场,,2023-01-17
20278404,array file,阵列档案,,2023-01-17
20278405,array folding adder,阵列折叠加法器,,2023-01-17
20278406,array formal parameter,阵列形式参数,,2023-01-17
20278407,array formal specification,阵列形式规格,,2023-01-17
20278408,array grammar,阵列文法,,2023-01-17
20278409,array index,阵列索引,,2023-01-17
20278410,array indexing,阵列索引,,2023-01-17
20278411,array information vector table,陈列资讯,,2023-01-17
20278412,array initialization,阵列初始化,,2023-01-17
20278413,array initialization statement,阵列初始化叙述,,2023-01-17
20278414,array input statement,阵列输入叙述,,2023-01-17
20278415,array interconnection,阵列互连,,2023-01-17
20278416,array item,阵列项,,2023-01-17
20278417,array junction box,阵列接线盒,,2023-01-17
20278418,array language,阵列语言,,2023-01-17
20278419,array layout,阵列布区,,2023-01-17
20278420,array linkage field,阵列链接栏,,2023-01-17
20278421,array list,阵列表,,2023-01-17
20278422,array logic,阵列逻辑,,2023-01-17
20278423,array lookahead adder,阵列预看加法器,,2023-01-17
20278424,array machine,阵列机,,2023-01-17
20278425,array machine language{=AML},阵列机器语言,,2023-01-17
20278426,array manipulation,阵列调处,,2023-01-17
20278427,array memory,阵列记忆体,,2023-01-17
20278428,array memory packet,阵列记忆包,,2023-01-17
20278429,array merging,阵列合并,,2023-01-17
20278430,array module,阵列模组,,2023-01-17
20278431,array multiplication,阵列乘法,,2023-01-17
20278432,array multiplier,阵列乘法器,,2023-01-17
20278433,array name,阵列名称,,2023-01-17
20278434,array name argument,阵列名称引数,,2023-01-17
20278435,array name table,阵列名称表,,2023-01-17
20278436,array names parameter,阵列名称参数,,2023-01-17
20278437,Array of Structures,结构阵列,,2023-01-17
20278438,array operation,阵列运算,,2023-01-17
20278439,array parameter,阵列参数,,2023-01-17
20278440,array pipeline,阵列管线,,2023-01-17
20278441,array pipelining,阵列管线,,2023-01-17
20278442,array pipelining algorithm,阵列管线演算法,,2023-01-17
20278443,array pipelining parameter,阵列管线参数,,2023-01-17
20278444,array pipelining scheme,阵列管线方案,,2023-01-17
20278445,array pitch,阵列间距,,2023-01-17
20278446,array pointer,阵列指标,,2023-01-17
20278447,array polynomial,阵列多项式,,2023-01-17
20278448,array printer,阵列列印机,,2023-01-17
20278449,array printing statement,阵列列印叙述,,2023-01-17
20278450,array processing,阵列处理,,2023-01-17
20278451,array processing computation,阵列处理计算,,2023-01-17
20278452,array processor access method{=APAM},阵列处理机存取方法,,2023-01-17
20278453,array processor software{=APS},阵列处理机软体,,2023-01-17
20278454,array processor{=AP},阵列处理机,,2023-01-17
20278455,array product,阵列乘积,,2023-01-17
20278456,array reading statement,阵列读入叙述,,2023-01-17
20278457,array references,阵列引用,,2023-01-17
20278458,array register,阵列暂存器,,2023-01-17
20278459,array representation,阵列表示法,,2023-01-17
20278460,array row,阵列列,,2023-01-17
20278461,array search,阵列搜寻,,2023-01-17
20278462,array search program,阵列搜寻程式,,2023-01-17
20278463,array section,阵列区段,,2023-01-17
20278464,array segment,阵列段,,2023-01-17
20278465,array selection circuit,阵列选择电路,,2023-01-17
20278466,array sequential allocation,阵列顺序分配,,2023-01-17
20278467,array shrinking,阵列缩小,,2023-01-17
20278468,array slice,阵列片,,2023-01-17
20278469,array sort,陈列排序,,2023-01-17
20278470,array storage allocation,阵列储存分配,,2023-01-17
20278471,array stream,阵列流,,2023-01-17
20278472,array subscript,阵列下标,,2023-01-17
20278473,array substring reference,阵列子串引用,,2023-01-17
20278474,array symbol,阵列符号,,2023-01-17
20278475,array symbol table,阵列符号表,,2023-01-17
20278476,array synthesis,阵列合成,,2023-01-17
20278477,array table,阵列表,,2023-01-17
20278478,array theory,阵列理论,,2023-01-17
20278479,array transform processor{=ATP},阵列变换处理机,,2023-01-17
20278480,array tuple,阵列元组,,2023-01-17
20278481,array type,阵列类型,,2023-01-17
20278482,array type conversion,阵列类型转换,,2023-01-17
20278483,array type definition,阵列类型定义,,2023-01-17
20278484,array unit,阵列单元,,2023-01-17
20278485,array vector{=AV},阵列向量,,2023-01-17
20278486,array-array operation,阵列－阵列运算,,2023-01-17
20278487,arrayed waveguide grating,阵列波导光栅,,2023-01-17
20278488,array-like,类阵列,,2023-01-17
20278489,arrest,拘提,,2023-01-17
20278490,arrival event,到达事件,,2023-01-17
20278491,arrival function,到达函数,,2023-01-17
20278492,arrival operation,到达作业,,2023-01-17
20278493,arrival rate,到达率,,2023-01-17
20278494,arrival sequence access path,到达顺序存取路径,,2023-01-17
20278495,arrival wave,来波,,2023-01-17
20278496,arriving orders,抵达的订单,,2023-01-17
20278497,arrow,箭头,,2023-01-17
20278498,arrow diagram,箭头图,,2023-01-17
20278499,arrow diagramming method{=ADM},箭线式网图法,,2023-01-17
20278500,arrow junction label,箭头连接标号,,2023-01-17
20278501,arrow key,箭头键,,2023-01-17
20278502,arrow network,箭头式网路,,2023-01-17
20278503,arrow notation,箭头记法,,2023-01-17
20278504,arrow number,箭头号码,,2023-01-17
20278505,arrow-curved,弯曲箭头,,2023-01-17
20278506,arrow-wave,波浪箭头,,2023-01-17
20278507,art copy,美术稿,,2023-01-17
20278508,art director,艺术导演,,2023-01-17
20278509,Art Nouveau movement,新艺术运动,,2023-01-17
20278510,art paper,粉纸；美术纸,,2023-01-17
20278511,art work on light box,艺术灯箱,,2023-01-17
20278512,artefact,假影；人工物品,,2023-01-17
20278513,Artemis microkernel,Artemis 微核心,,2023-01-17
20278514,article,技术论文,,2023-01-17
20278515,article 2B,第 2B 条,,2023-01-17
20278516,article generation,文章生成,,2023-01-17
20278517,article understanding,文章理解,,2023-01-17
20278518,article unique ID,文章唯一识别符,,2023-01-17
20278519,articulate,肢接,,2023-01-17
20278520,articulated arm,肢接臂,,2023-01-17
20278521,articulated computing hierarchy system,肢接计算阶层系统,,2023-01-17
20278522,articulated computing hierarchy{=ARCH},肢接计算阶层,,2023-01-17
20278523,articulated index,肢接索引,,2023-01-17
20278524,articulated robot,肢接机器人,,2023-01-17
20278525,articulation,清晰度,,2023-01-17
20278526,articulation efficiency,清晰度效率,,2023-01-17
20278527,articulation index{=AI},清晰度指数,,2023-01-17
20278528,articulation point,肢接点,,2023-01-17
20278529,articulation reduction,清晰度缩减,,2023-01-17
20278530,articulation reference equivalent,清晰度参考当量,,2023-01-17
20278531,articulatory,关节的,,2023-01-17
20278532,artifact,人造物；加工品,,2023-01-17
20278533,artificial activity,人工活动,,2023-01-17
20278534,artificial aging,人工老化,,2023-01-17
20278535,artificial antenna,人造天线,,2023-01-17
20278536,artificial black signal,人造黑信号,,2023-01-17
20278537,Artificial Blood,人工血液,,2023-01-17
20278538,artificial brain,人工脑,,2023-01-17
20278539,artificial circuit,人工电路,,2023-01-17
20278540,artificial cognition,人工认知,,2023-01-17
20278541,artificial constraint,人工约束,,2023-01-17
20278542,artificial dielectric,人造电介质,,2023-01-17
20278543,artificial dielectric lens antenna,人造介质透镜天线,,2023-01-17
20278544,artificial ear,人造耳；人工耳,,2023-01-17
20278545,artificial empathy,人工同理心,,2023-01-17
20278546,artificial error signal,人工错误信号,,2023-01-17
20278547,artificial evolution,人工进化,,2023-01-17
20278548,artificial expertise,人工专家经验,,2023-01-17
20278549,artificial feedback device,人工回馈装置,,2023-01-17
20278550,artificial hand,人工模拟手；人造手,,2023-01-17
20278551,artificial intellect,人工智力,,2023-01-17
20278552,artificial intelligence anxiety,人工智慧焦虑,,2023-01-17
20278553,artificial intelligence application{=AIA},人工智慧应用,,2023-01-17
20278554,artificial intelligence approach,人工智慧途径,,2023-01-17
20278555,artificial intelligence bot,人工智慧机器人,,2023-01-17
20278556,artificial intelligence in medicine{=AIM},医学人工智慧,,2023-01-17
20278557,Artificial Intelligence Lab,人工智慧实验室,,2023-01-17
20278558,artificial intelligence language,人工智慧语言,,2023-01-17
20278559,artificial intelligence markup language,人工智慧标示语言,,2023-01-17
20278560,artificial intelligence processing unit{=APU},人工智慧处理单元,,2023-01-17
20278561,artificial intelligence programming,人工智慧程式设计,,2023-01-17
20278562,artificial intelligence programming language,人工智慧程式语言,,2023-01-17
20278563,artificial intelligence robot{=AIBO},人工智慧型机器人,,2023-01-17
20278564,artificial intelligence technology,人工智慧技术,,2023-01-17
20278565,artificial intelligence{=AI},人工智慧,,2023-01-17
20278566,artificial ionization,人造电离,,2023-01-17
20278567,artificial language,人造语言,,2023-01-17
20278568,artificial life,人工生命,,2023-01-17
20278569,artificial light,人工光；人工灯,,2023-01-17
20278570,artificial line,仿真线,,2023-01-17
20278571,artificial linguistic computer entity,人工语言电脑个体,,2023-01-17
20278572,artificial load,仿真负载,,2023-01-17
20278573,artificial mains network,人工主网路；人造电源网路,,2023-01-17
20278574,artificial mastoid,人工乳突,,2023-01-17
20278575,artificial mouth,人工嘴,,2023-01-17
20278576,artificial network,人工网路,,2023-01-17
20278577,artificial neural net,人工类神经网,,2023-01-17
20278578,artificial neural network{=ANN},人工类神经网路,,2023-01-17
20278579,artificial neural system{=ANS},人工类神经系统,,2023-01-17
20278580,artificial neuron,人工神经元,,2023-01-17
20278581,artificial passenger,仿真乘客,,2023-01-17
20278582,artificial perception,人工感知,,2023-01-17
20278583,artificial process,人工处理,,2023-01-17
20278584,artificial reality,人工实境,,2023-01-17
20278585,artificial reality engine,人工实境引擎,,2023-01-17
20278586,artificial redundancy,人工冗余,,2023-01-17
20278587,artificial reflection communication,人造反射通信,,2023-01-17
20278588,artificial satellite,人造卫星,,2023-01-17
20278589,artificial speech,人工语音,,2023-01-17
20278590,artificial syntax,人工语法,,2023-01-17
20278591,artificial systems,人工系统,,2023-01-17
20278592,artificial texture,人工纹理,,2023-01-17
20278593,artificial traffic,人工流量,,2023-01-17
20278594,artificial traffic equipment,人工流量设备,,2023-01-17
20278595,artificial traffic generator,人工流量产生器,,2023-01-17
20278596,artificial traffic load,人工流量负载,,2023-01-17
20278597,artificial transmission line{=ATL},人工传输线,,2023-01-17
20278598,artificial variable,人工变数,,2023-01-17
20278599,artificial vector,人工向量,,2023-01-17
20278600,artificial vision,人工视觉,,2023-01-17
20278601,artificial voice,人工语音,,2023-01-17
20278602,artificial voice generator,人工语音产生器,,2023-01-17
20278603,artificial white signal,人造白信号,,2023-01-17
20278604,artificial work load model,人工工作量模型,,2023-01-17
20278605,artificial world,人工世界,,2023-01-17
20278606,artificially constructed language,人造语言,,2023-01-17
20278607,artificially random self-motivated{=ARASEM},人工随机自激,,2023-01-17
20278608,artificially-aged,人工老化,,2023-01-17
20278609,artilect,人工制品,,2023-01-17
20278610,artillery,大砲,,2023-01-17
20278611,artillery location radar,炮位侦察雷达,,2023-01-17
20278612,artillery reconnaissance and fire-directing radar,火炮侦察及炮击指引雷达,,2023-01-17
20278613,artist,艺术家,,2023-01-17
20278614,Artistic license,艺术执照,,2023-01-17
20278615,artwork,原图,,2023-01-17
20278616,artwork delivery system,原图递送系统,,2023-01-17
20278617,artwork master,主原图,,2023-01-17
20278618,artwork reference,原图参考,,2023-01-17
20278619,artwork tape,图稿胶带,,2026-05-04
20278620,as a service{=aaS},作为服务,,2023-01-17
20278621,AS/400,(IBM) AS/400 系统,,2023-01-17
20278622,AS/400 Integrated PC Server,（IBM） AS/400 系统整合个人电脑伺服器,,2023-01-17
20278623,ASA,美国标准协会,,2023-01-17
20278624,ASA code,美国标准协会码,,2023-01-17
20278625,ASA FORTRAN,美国标准协会 FORTRAN 语言,,2023-01-17
20278626,asaembling,组合,,2023-01-17
20278627,Asain Internet network,亚洲网际网路,,2023-01-17
20278628,ASAP,尽快,,2023-01-17
20278629,asbestos,石棉,,2023-01-17
20278630,ascend,上升,,2023-01-17
20278631,ascender,升序指示器；升高幅度,,2023-01-17
20278632,ascender height,升序指示器高度,,2023-01-17
20278633,ascending,上升的；升序,,2023-01-17
20278634,ascending chain,升序炼,,2023-01-17
20278635,ascending key,升序键,,2023-01-17
20278636,ascending key phrase,升序键片语,,2023-01-17
20278637,ascending node,上升节点,,2023-01-17
20278638,ascending order,升序,,2023-01-17
20278639,ascending phrase,升序片语,,2023-01-17
20278640,ascending priority queue,升序优先伫列,,2023-01-17
20278641,ascending register,递增记录器；递升记录器,,2023-01-17
20278642,ascending sequence,升序顺序,,2023-01-17
20278643,ascending sort,升序排序,,2023-01-17
20278644,ascending three dots,向上递升三点,,2023-01-17
20278645,ascertain,确认,,2023-01-17
20278646,ASCII,美国资讯交换标准码,,2023-01-17
20278647,ASCII art,ASCII艺术,,2023-01-17
20278648,ASCII character,美国资讯交换标准码字符；ASCII 字元,,2023-01-17
20278649,ASCII character set,美国资讯交换标准码字元集,,2023-01-17
20278650,ASCII character table,ASCII字元表,,2023-01-17
20278651,ASCII characters,美国资讯交换标准码字元,,2023-01-17
20278652,ASCII chart,美国资讯交换标准码图表,,2023-01-17
20278653,ASCII code,美国资讯交换标准码,,2023-01-17
20278654,ASCII collating sequence,美国资讯交换标准码对照顺序,,2023-01-17
20278655,ASCII control characters,ASCII控制字元,,2023-01-17
20278656,ASCII conversion chart,美国资讯交换标准码转换图,,2023-01-17
20278657,ASCII file,ASCII档案,,2023-01-17
20278658,ASCII front panel{=AFP},美国资讯交换标准码面板,,2023-01-17
20278659,ASCII graphics,ASCII图学,,2023-01-17
20278660,ASCII keyboard,美国资讯交换标准码键盘,,2023-01-17
20278661,ASCII Label,ASCII 标签,,2023-01-17
20278662,ASCII protocol,美国资讯交换标准码协定,,2023-01-17
20278663,ASCII sort,美国资讯交换标准码分类,,2023-01-17
20278664,ASCII stream file,美国资讯交换标准码资料流档案,,2023-01-17
20278665,ASCII subset,美国资讯交换标准码子集,,2023-01-17
20278666,ASCII table,ASCII 表；ASCII 字元对照表,,2023-01-17
20278667,ASCII terminal,ASCII终端机,,2023-01-17
20278668,ASCII terminal code,ASCII终端机码,,2023-01-17
20278669,ASCII text,美国资讯交换标准码本文,,2023-01-17
20278670,ASCII text file,美国资讯交换标准码正文档案,,2023-01-17
20278671,ASCII transfer,ASCII传送,,2023-01-17
20278672,ASCII value,美国资讯交换标准码价值,,2023-01-17
20278673,ASCII-armored text,ASCII 防护本文,,2023-01-17
20278674,ASCII-based domain name,ASCII 网域名称,,2023-01-17
20278675,ASCIIbetical order,ASCII次序,,2023-01-17
20278676,ASCIIZ string,ASCIIZ字串,,2023-01-17
20278677,asequential material element,非循序素材元素,,2023-01-17
20278678,asequential serial item,非循序期刊项目,,2023-01-17
20278679,ASF,Microsoft 高级流媒体格式文件,,2023-01-17
20278680,ASF file,ASF 档案,,2023-01-17
20278681,ASF streaming redirector file,ASF 串流改向器档,,2023-01-17
20278682,as-grown crystal,原生晶体,,2023-01-17
20278683,ash,ash 工具,,2023-01-17
20278684,ash of rose,檀香色,,2023-01-17
20278685,Ashcroft-Manna technique,阿士克罗夫特－曼纳技术；Ashcroft-Manna 技术,,2023-01-17
20278686,Ashmedai,Ashmedai 套装软体,,2023-01-17
20278687,Ashton-Tate corporation,阿史顿－泰特公司；Ashton-Tate 公司,,2023-01-17
20278688,Asia and Oceania workshop,亚洲及大洋洲专题讨论组织,,2023-01-17
20278689,Asia cellular satellite system,亚洲行动电话卫星系统,,2023-01-17
20278690,Asia Pacific network information centre,亚太网路资讯中心,,2023-01-17
20278691,Asian language fonts,亚洲语言字型,,2023-01-17
20278692,Asian language printing,亚洲语言列印,,2023-01-17
20278693,Asia-Pacific Economic Cooperation{=APEC},亚太经济合作,,2023-01-17
20278694,Asia-Pacific information infrastructure{=APII},亚太资讯基础建设,,2023-01-17
20278695,Asimov,艾西莫夫（科幻小说家）,,2023-01-17
20278697,Ask Jeeves,Ask Jeeves 元搜寻引擎,,2023-01-17
20278698,asking for correction{=AFC},请求更正,,2023-01-17
20278699,asking for the floor,要求发言权,,2023-01-17
20278700,ASLIB,特殊图书馆及资讯局,,2023-01-17
20278701,ASM conference board{=ACB},语音开关会议板,,2023-01-17
20278702,ASM input board{=AIB},语音开关输入板,,2023-01-17
20278703,ASM output board{=AOB},语音开关输出板,,2023-01-17
20278704,ASN.1,抽象语法记法（一）,,2023-01-17
20278705,ASN.1 character set,ASN.1 字元集,,2023-01-17
20278706,ASN.1 encoding rule,ASN.1 C387编码规则,,2023-01-17
20278707,ASP Aggregator,ASP Aggregator 公司,,2023-01-17
20278708,ASP.NET,ASP.NET网页程式语言,,2023-01-17
20278709,ASP+,ASP.NET网页程式语言,,2023-01-17
20278710,A-space,A 空间,,2023-01-17
20278711,aspect,方面；样子,,2023-01-17
20278712,aspect card,标号卡片,,2023-01-17
20278713,aspect ratio{=AR},纵横比；方向比,,2023-01-17
20278714,aspect-oriented programming,特性导向程式设计,,2023-01-17
20278715,asphaltum,沥青,,2023-01-17
20278716,aspherical,非球状,,2023-01-17
20278717,aspherical lens,非球面透镜,,2023-01-17
20278718,ASPI driver,进阶SCSI程式介面驱动器,,2023-01-17
20278719,Aspirin,Aspirin 语言,,2023-01-17
20278720,ASR keyboard,自动收发键盘,,2023-01-17
20278721,assemble,组合,,2023-01-17
20278722,assemble debugging system,组合除错系统,,2023-01-17
20278723,assemble duration,组合历时,,2023-01-17
20278724,assemble edit,组合编辑,,2023-01-17
20278725,assemble editing,组合编辑,,2023-01-17
20278726,assemble error,组合错误,,2023-01-17
20278727,assemble level,组合等级,,2023-01-17
20278728,assemble list,组合列表,,2023-01-17
20278729,assemble operator,组合运算子,,2023-01-17
20278730,assemble program,组合程式,,2023-01-17
20278731,assemble time,组合时间,,2023-01-17
20278732,assemble to order,订单式组合,,2023-01-17
20278733,assemble to stock,库存式组合,,2023-01-17
20278734,assemble-and-go,组合并运行,,2023-01-17
20278735,assembled orgin,组合根源,,2023-01-17
20278736,assembled origin,组合后原点,,2023-01-17
20278737,assembled source program statement,组合后原始程式叙述,,2023-01-17
20278738,assembled source statement,组合后原始叙述,,2023-01-17
20278739,assemble-FORTRAN linkage,组合－FORTRAN 语言链接,,2023-01-17
20278740,assembler,组合程式；组译器,,2023-01-17
20278741,assembler argument,组合程式引数,,2023-01-17
20278742,assembler base,组合程式库,,2023-01-17
20278743,assembler code,组合程式码,,2023-01-17
20278744,assembler command,组合程式命令,,2023-01-17
20278745,assembler command string,组合程式命令串,,2023-01-17
20278746,assembler compiler,组合程式编译器,,2023-01-17
20278747,assembler control,组合程式控制,,2023-01-17
20278748,assembler development system,组合程式发展系统,,2023-01-17
20278749,assembler directive,组合程式指引,,2023-01-17
20278750,assembler directive command,组合程式指引命令,,2023-01-17
20278751,assembler error code,组合程式错误码,,2023-01-17
20278752,assembler error message,组合程式错误讯息,,2023-01-17
20278753,assembler expression,组合程式表式,,2023-01-17
20278754,assembler generating system,组合程式产生系统,,2023-01-17
20278755,assembler generator,组合程式产生器,,2023-01-17
20278756,assembler grammar,组合程式文法,,2023-01-17
20278757,assembler implicit address,组合程式内隐位址,,2023-01-17
20278758,assembler instruction,组译器指令,,2023-01-17
20278759,assembler language{=AL},组合语言,,2023-01-17
20278760,assembler level,组合程式层次,,2023-01-17
20278761,assembler like format,类组合程式格式,,2023-01-17
20278762,assembler list,组合程式列表,,2023-01-17
20278763,assembler listing,组合程式列表,,2023-01-17
20278764,assembler load,组合程式载入,,2023-01-17
20278765,assembler loader,组合程式载入器,,2023-01-17
20278766,assembler loader package,组合程式载入器套装软体,,2023-01-17
20278767,assembler machine,组合程式机器,,2023-01-17
20278768,assembler macro call,组合程式巨集呼叫,,2023-01-17
20278769,assembler member,组合程式成员,,2023-01-17
20278770,assembler microprogramming language,组合微程式设计语言,,2023-01-17
20278771,assembler operation code,组合程式操作码,,2023-01-17
20278772,assembler operation directive,组合程式操作指引,,2023-01-17
20278773,assembler operator,组合程式运算子,,2023-01-17
20278774,assembler option,组合程式选项,,2023-01-17
20278775,assembler output,组合程式输出,,2023-01-17
20278776,assembler output listing,组合程式输出列表,,2023-01-17
20278777,assembler program,组合程式,,2023-01-17
20278778,assembler pseudo operation,组合程式伪操作,,2023-01-17
20278779,assembler pseudooperation,组译器拟操作,,2023-01-17
20278780,assembler routine,组合程式常式,,2023-01-17
20278781,assembler source code,组合程式原始码,,2023-01-17
20278782,assembler source file,组合程式原始档案,,2023-01-17
20278783,assembler source program,组合程式原始程式,,2023-01-17
20278784,assembler statement,组合程式叙述,,2023-01-17
20278785,assembler system,组合程式系统,,2023-01-17
20278786,assembler translator,组合程式翻译器,,2023-01-17
20278787,assembler/disassembler,组合器／拆卸器；组合器／解组合器,,2023-01-17
20278788,assembling,组合,,2023-01-17
20278789,Assembling A Program,组合一程式,,2023-01-17
20278790,assembling file,组合档案,,2023-01-17
20278791,assembling jig,装配架,,2023-01-17
20278792,assembling list,组合列表,,2023-01-17
20278793,assembling phase,组合阶段,,2023-01-17
20278794,assembling time,组合时间；组合历时,,2023-01-17
20278795,assembling user routine,组合使用者常式,,2023-01-17
20278796,assembly,组合；组合语言；装配,,2023-01-17
20278797,assembly and checkout,装配与检验,,2023-01-17
20278798,assembly and disassembly,组合与反组合；装配与拆卸,,2023-01-17
20278799,assembly and equipment,组合与设备,,2023-01-17
20278800,assembly and maintenance,装配与维护,,2023-01-17
20278801,assembly and repair{=AR},装配与修复,,2023-01-17
20278802,assembly and test,装配与测试,,2023-01-17
20278803,assembly area,组装区,,2023-01-17
20278804,assembly automation,装配自动化,,2023-01-17
20278805,assembly average,组合平均,,2023-01-17
20278806,assembly buffer{=AB},组合缓冲器,,2023-01-17
20278807,assembly chaining,组合炼接,,2023-01-17
20278808,assembly code,组合代码,,2023-01-17
20278809,assembly code list,组合代码列表,,2023-01-17
20278810,assembly code table,组合代码表,,2023-01-17
20278811,assembly coding,组合编码,,2023-01-17
20278812,assembly coding convention,组合编码规约,,2023-01-17
20278813,assembly coding form,组合编码形式,,2023-01-17
20278814,assembly coding format,组合编码格式,,2023-01-17
20278815,Assembly Conditional,条件组合,,2023-01-17
20278816,assembly control,组合控制,,2023-01-17
20278817,assembly control statement,组合控制陈述,,2023-01-17
20278818,assembly cycle time,组合周期时间,,2023-01-17
20278819,assembly debug program,组合除错程式,,2023-01-17
20278820,assembly directive,组合程式指引,,2023-01-17
20278821,assembly drawing,装配图,,2023-01-17
20278822,assembly duration,组合历时,,2023-01-17
20278823,assembly expression,组合表式,,2023-01-17
20278824,assembly identification number{=AIN},组合识别号码,,2023-01-17
20278825,assembly instruction,组合指令,,2023-01-17
20278826,assembly job step,组合工件步骤,,2023-01-17
20278827,assembly language character set,组合语言字元集,,2023-01-17
20278828,assembly language coding form,组合语言写码表格,,2023-01-17
20278829,assembly language coding{=ALC},组合语言编码,,2023-01-17
20278830,assembly language compiler,组合语言编译器,,2023-01-17
20278831,assembly language component,组合语言组件,,2023-01-17
20278832,assembly language display support,组合语言显示支援,,2023-01-17
20278833,assembly language editor,组合语言编辑器,,2023-01-17
20278834,assembly language environment,组合语言环境,,2023-01-17
20278835,assembly language expansion,组合语言扩充,,2023-01-17
20278836,assembly language for Multics,Multics 组合语言,,2023-01-17
20278837,assembly language format,组合语言格式,,2023-01-17
20278838,assembly language graphics programmer,组合语言图形程式员,,2023-01-17
20278839,assembly language input,组合语言输入,,2023-01-17
20278840,assembly language instruction,组合语言指令,,2023-01-17
20278841,assembly language instruction code,组合语言指令码,,2023-01-17
20278842,assembly language list,组合语言列表,,2023-01-17
20278843,assembly language listing,组合语言列表,,2023-01-17
20278844,assembly language output,组合语言输出,,2023-01-17
20278845,assembly language processor{=ALP},组合语言处理机,,2023-01-17
20278846,assembly language program tape,组合语言程式带,,2023-01-17
20278847,assembly language program{=ALP},组合语言程式,,2023-01-17
20278848,assembly language programmer,组合语言程式设计师,,2023-01-17
20278849,assembly language programming{=ALP},组合语言程式设计,,2023-01-17
20278850,assembly language source file,组合语言原始档案,,2023-01-17
20278851,assembly language subprogram,组合语言次程式,,2023-01-17
20278852,assembly language support,组合语言支援,,2023-01-17
20278853,assembly language symbolic debug,组合语言符号除错,,2023-01-17
20278854,assembly language{=AL},组合语言,,2023-01-17
20278855,assembly layout{=ASLO},装配布局；装配图,,2023-01-17
20278856,assembly level,组合层次,,2023-01-17
20278857,assembly level programming,组合层次程式设计,,2023-01-17
20278858,assembly line,组合列；装配线,,2023-01-17
20278859,Assembly Line Balancing,装配线平衡,,2023-01-17
20278860,assembly line balancing program,装配线平衡程式,,2023-01-17
20278861,assembly line listing control,组合列列表控制,,2023-01-17
20278862,assembly line processing,组合列处理,,2023-01-17
20278863,assembly list,组合列表,,2023-01-17
20278864,assembly listing,组合列表,,2023-01-17
20278865,assembly micro library{=AML},组合微程式馆,,2023-01-17
20278866,assembly mnemonic,组合助忆,,2023-01-17
20278867,assembly order{=AO},组合次序,,2023-01-17
20278868,assembly output language,组合输出语言,,2023-01-17
20278869,assembly parameter,组合参数,,2023-01-17
20278870,assembly phase,组合阶段；编译状态,,2023-01-17
20278871,assembly print wheel,组合列印轮,,2023-01-17
20278872,assembly process,组合过程,,2023-01-17
20278873,assembly program{=AP},组合程式,,2023-01-17
20278874,assembly programming system{=APS},组合程式设计系统,,2023-01-17
20278875,assembly register,组合暂存器,,2023-01-17
20278876,assembly robot,组合机器人,,2023-01-17
20278877,assembly routine,组合常式,,2023-01-17
20278878,assembly section,组合区段,,2023-01-17
20278879,assembly space,组合空间,,2023-01-17
20278880,assembly statement,组合叙述,,2023-01-17
20278881,assembly statement coding,组合叙述编码,,2023-01-17
20278882,assembly statement instruction,组合叙述指令,,2023-01-17
20278883,assembly statement program,组合叙述程式,,2023-01-17
20278884,assembly subroutine,组合次常式,,2023-01-17
20278885,assembly system,组合系统,,2023-01-17
20278886,assembly technique,组合技术,,2023-01-17
20278887,assembly test,组合测试,,2023-01-17
20278888,assembly test program{=ATP},组合测试程式,,2023-01-17
20278889,assembly testing,组合测试,,2023-01-17
20278890,assembly time,组合时间,,2023-01-17
20278891,assembly under test{=AUT},被测组合；被测组件,,2023-01-17
20278892,assembly unit,组合单元,,2023-01-17
20278893,assembly/disassembly facility,组合／拆卸设施,,2023-01-17
20278894,assembly/disassembly function,组合／拆卸功能,,2023-01-17
20278895,assert,宣告,,2023-01-17
20278896,assertion,判定,,2023-01-17
20278897,assertion data,判定资料,,2023-01-17
20278898,assertion database,判定资料库,,2023-01-17
20278899,assertion item,判定项,,2023-01-17
20278900,assertion language,判定语言,,2023-01-17
20278901,assertion list,判定列表,,2023-01-17
20278902,assertion monitoring,监测声明；判定监视,,2023-01-17
20278903,assertion specification language,判定规格语言,,2023-01-17
20278904,assertion statement,判定叙述,,2023-01-17
20278905,assertion table,判定表,,2023-01-17
20278906,assess,评鉴,,2023-01-17
20278907,assess energy,评鉴能量,,2023-01-17
20278908,assessed capability,评鉴能力,,2023-01-17
20278909,assessment,评价,,2023-01-17
20278910,assessment constraints,评鉴限制条件,,2023-01-17
20278911,assessment indicator,评鉴指标,,2023-01-17
20278912,assessment input,评鉴输入,,2023-01-17
20278913,assessment instrument,评鉴手法,,2023-01-17
20278914,assessment of technical proposal,技术标审查,,2023-01-17
20278915,assessment output,评鉴输出,,2023-01-17
20278916,assessment participant,评鉴参与者,,2023-01-17
20278917,assessment process,评鉴过程,,2023-01-17
20278918,assessment purpose,评鉴目的,,2023-01-17
20278919,assessment record,评鉴纪录,,2023-01-17
20278920,assessment routine,评价常式,,2023-01-17
20278921,assessment scope,评鉴范围,,2023-01-17
20278922,assessment sponsor,评鉴主办者,,2023-01-17
20278923,assessment team,评鉴小组,,2023-01-17
20278924,assessor,评鉴者,,2023-01-17
20278925,asset,资产,,2023-01-17
20278926,asset ledger,资产帐,,2023-01-17
20278927,asset management,资产管理,,2023-01-17
20278928,asset register,资产注册处,,2023-01-17
20278929,Asset Source for Software Engineering Technology,软体工程技术资产源,,2023-01-17
20278930,asset utilization business model,资产利用商业模式,,2023-01-17
20278931,assign,指定；赋值,,2023-01-17
20278932,assign a channel,指定通道,,2023-01-17
20278933,assign awaiting TEI,指定等待TEI,,2023-01-17
20278934,assign clause,指定子句,,2023-01-17
20278935,assign keyboard command,指定键盘命令,,2023-01-17
20278936,assign network,指定网路,,2023-01-17
20278937,assign network address,指定网路位址,,2023-01-17
20278938,assign network address command,指定网路位址命令,,2023-01-17
20278939,assign phase,指定阶段,,2023-01-17
20278940,assign representation,指定表示,,2023-01-17
20278941,assign statement,指定叙述,,2023-01-17
20278942,assign/free area,指定／自由区域,,2023-01-17
20278943,assignable data type,可指定资料型,,2023-01-17
20278944,assigned,指定；赋值,,2023-01-17
20278945,assigned access name,指定存取名称,,2023-01-17
20278946,assigned branch,指定分支,,2023-01-17
20278947,assigned capacity,赋值容量,,2023-01-17
20278948,assigned channel,指配通道,,2023-01-17
20278949,assigned descriptive name,指定描述名称,,2023-01-17
20278950,Assigned Document Authenticator,指派文件鉴定者,,2023-01-17
20278951,assigned frequency,指配频率,,2023-01-17
20278952,assigned frequency band,指配频带,,2023-01-17
20278953,assigned GO TO statement,指定GOTO叙述,,2023-01-17
20278954,assigned numbers,指定数,,2023-01-17
20278955,Assigned Patient Location,指定病患位置,,2023-01-17
20278956,assigned priority,指定优先,,2023-01-17
20278957,assigned slot release{=ASR},指定槽释放,,2023-01-17
20278958,assigned volume resource,指定的卷资源,,2023-01-17
20278959,assignee,受让人,,2023-01-17
20278960,assignee number,指定人号码,,2023-01-17
20278961,assigning logical name to device,指定装置逻辑名称,,2023-01-17
20278962,assignment,指定；赋值,,2023-01-17
20278963,assignment access plan,指定存取计划,,2023-01-17
20278964,assignment algorithm,指定演算法,,2023-01-17
20278965,assignment arithmetic if clause,指定算术if子句,,2023-01-17
20278966,assignment arithmetic operation,指定算术运算,,2023-01-17
20278967,assignment axiom,指定公理,,2023-01-17
20278968,assignment by name,依名称指派,,2023-01-17
20278969,assignment command,指定命令,,2023-01-17
20278970,assignment compatible type,指定相容类型,,2023-01-17
20278971,assignment component,指定组件,,2023-01-17
20278972,assignment control number,指定控制号码,,2023-01-17
20278973,assignment directive,指定指引,,2023-01-17
20278974,assignment edge,指定边,,2023-01-17
20278975,assignment expression,指定表式,,2023-01-17
20278976,assignment half word,指定半形字,,2023-01-17
20278977,assignment index,指定索引；赋值索引,,2023-01-17
20278978,assignment indexing,指定索引,,2023-01-17
20278979,Assignment of  Benefits,指定津贴,,2023-01-17
20278980,assignment of benefit,受益指定,,2023-01-17
20278981,assignment operation,指定运算,,2023-01-17
20278982,assignment operator,指定运算子,,2023-01-17
20278983,assignment period,指定周期,,2023-01-17
20278984,assignment priority,指定优先,,2023-01-17
20278985,assignment problem,指定问题,,2023-01-17
20278986,assignment register,指定暂存器,,2023-01-17
20278987,assignment rule,指定规则,,2023-01-17
20278988,assignment statement,指定叙述,,2023-01-17
20278989,assignment statement expression,指定叙述表式,,2023-01-17
20278990,assignment statement loop,指定叙述回路,,2023-01-17
20278991,assignment statement syntax,指定叙述语法,,2023-01-17
20278992,assignment switchboard,指定开关板,,2023-01-17
20278993,assignment symbol,指定符号,,2023-01-17
20278994,assignment table,指定表,,2023-01-17
20278995,assignment to common storage,分配至公共储存器,,2023-01-17
20278996,assignment-suppressing character,指定抑制字元,,2023-01-17
20278997,assistance program,辅助程式,,2023-01-17
20278998,assistant,助理,,2023-01-17
20278999,assistant engineer{=AE},助理工程师,,2023-01-17
20279000,Assistant Result Interpreter,协助结果判读者,,2023-01-17
20279001,assisted access,辅助存取,,2023-01-17
20279002,assisted call,辅助呼叫,,2023-01-17
20279003,assisted GPS,辅助全球卫星定位系统,,2023-01-17
20279004,assisted instruction,辅助指令,,2023-01-17
20279005,assisting train,支援列车,,2023-01-17
20279006,assistive technology,改造技术,,2023-01-17
20279007,associate,组合,,2023-01-17
20279008,associate producer,副 制作人,,2023-01-17
20279009,associate responder,结合回应者,,2023-01-17
20279010,associated,结合；相联；关联,,2023-01-17
20279011,associated address,相联位址,,2023-01-17
20279012,associated areas list,关联区域表列,,2023-01-17
20279013,associated data,相联资料,,2023-01-17
20279014,associated data signal,相联资料信号,,2023-01-17
20279015,associated data terminal,相联资料终端机,,2023-01-17
20279016,Associated Diagnosis Code,相关诊断代码,,2023-01-17
20279017,associated digraph,相联有向图,,2023-01-17
20279018,associated element type,结合元件型式；关联元素型式,,2023-01-17
20279019,associated equipment{=AE},关联设备,,2023-01-17
20279020,associated feature,关联特征,,2023-01-17
20279021,associated field value,相联栏位值,,2023-01-17
20279022,associated file,相联档案,,2023-01-17
20279023,associated file extension,关联副档名,,2023-01-17
20279024,associated key,关联键,,2023-01-17
20279025,associated mode,相联模式,,2023-01-17
20279026,associated model,关联模型,,2023-01-17
20279027,associated notation,结合记法；关联记法,,2023-01-17
20279028,associated notation name,结合记法名称；关联记法名称,,2023-01-17
20279029,associated operator,相联运算子,,2023-01-17
20279030,associated page table,相联页表,,2023-01-17
20279031,associated pair,相联偶对,,2023-01-17
20279032,associated physical address,关联实体位址,,2023-01-17
20279033,associated printing,关联列印,,2023-01-17
20279034,associated program,关联程式,,2023-01-17
20279035,associated queue element,关联队列元素,,2023-01-17
20279036,associated record,关联记录,,2023-01-17
20279037,associated scalar type,相联标量型式,,2023-01-17
20279038,associated service system,关联服务系统,,2023-01-17
20279039,associated set type,关联集合型式,,2023-01-17
20279040,associated software tool,关联软体工具,,2023-01-17
20279041,associated table,结合表,,2023-01-17
20279042,associated value,关联值,,2023-01-17
20279043,associated variable,关联变数,,2023-01-17
20279044,associated word,关联字,,2023-01-17
20279045,associating files,关联档；相关文件,,2023-01-17
20279046,associating input,联想输入,,2023-01-17
20279047,associating inputing,联想输入,,2023-01-17
20279048,association,协会；结合,,2023-01-17
20279049,association abrupt release,结合突发释放,,2023-01-17
20279050,association class,结合类别,,2023-01-17
20279051,association control protocol machine,结合控制协定机,,2023-01-17
20279052,association control service element{=ACSE},结合控制服务元件,,2023-01-17
20279053,association diagram,相联图,,2023-01-17
20279054,association for computational linguistics{=ACL},计算语言学协会,,2023-01-17
20279055,Association for Computing Machinery　 (,计算机器协会,,2023-01-17
20279056,association for computing machinery{=ACM},计算机协会,,2023-01-17
20279057,association for educational data systems{=AEDS},教育资料系统协会,,2023-01-17
20279058,association for SIMULA users,SIMULA 用户协会,,2023-01-17
20279059,association for systems management{=ASM},系统管理协会,,2023-01-17
20279060,association Francaise de normalisation{=AFNOR},法国标准化组织协会,,2023-01-17
20279061,Association Francaise des Utilisateurs d,法国 Unix 使用者协会,,2023-01-17
20279062,association Francaise pour la normalisation,法国国家标准局,,2023-01-17
20279063,association graph,结合图,,2023-01-17
20279064,association initiator,结合启动者,,2023-01-17
20279065,association list,结合串列,,2023-01-17
20279066,Association of American Publishers{=AAP},美国出版商协会,,2023-01-17
20279067,Association of C and C++ Users,C 和 C++ 语言使用者协会,,2023-01-17
20279068,association of computer users{=ACU},计算机使用者协会,,2023-01-17
20279069,association of data processing service organizations,资料处理服务组织协会,,2023-01-17
20279070,association of data terminal distributors{=ADTD},资料终端机批发商协会,,2023-01-17
20279071,association of database producers,资料库生产者协会,,2023-01-17
20279072,association of electrical industries{=AEI},电气工业协会,,2023-01-17
20279073,association of field service managers{=AFSM},现场服务经理人协会,,2023-01-17
20279074,association of industrial scientists{=AIS},工业科学家协会,,2023-01-17
20279075,association of Internet professionals,网际网路专家协会,,2023-01-17
20279076,association of lisp users,Lisp 语言使用者协会,,2023-01-17
20279077,Association of Radio Industries and Businesses{=ARIB},日本电波产业会；无线电工业和商业协会,,2023-01-17
20279078,association of radio industry businesses,无线电工商协会,,2023-01-17
20279079,association of shareware professionals,共用软体专业者协会,,2023-01-17
20279080,association or application association,结合或应用结合,,2023-01-17
20279081,association orderly release,结合依序释放,,2023-01-17
20279082,association responder,结合回应者,,2023-01-17
20279083,association rule,相联规则,,2023-01-17
20279084,associative,结合性,,2023-01-17
20279085,associative addressing,结合定址,,2023-01-17
20279086,associative array,相联阵列,,2023-01-17
20279087,associative array processor,相联阵列处理机,,2023-01-17
20279088,Associative Array Register,相联阵列暂存器,,2023-01-17
20279089,associative behavior,结合行为,,2023-01-17
20279090,associative bipolar cell,结合双极格,,2023-01-17
20279091,associative block design,结合块设计,,2023-01-17
20279092,associative cache,结合快取,,2023-01-17
20279093,associative cell,结合格,,2023-01-17
20279094,associative code,结合码,,2023-01-17
20279095,associative data processing{=ADP},相联资料处理,,2023-01-17
20279096,associative data structure package{=ASP},相联资料结构包,,2023-01-17
20279097,associative descriptor scheme,相联描述符方案,,2023-01-17
20279098,associative directory,相联目录,,2023-01-17
20279099,associative file,相联档案,,2023-01-17
20279100,associative function,相联功能,,2023-01-17
20279101,associative index method{=AIM},关联索引方法,,2023-01-17
20279102,Associative Indexing,相联索引,,2023-01-17
20279103,associative key,结合键,,2023-01-17
20279104,associative language,结合语言,,2023-01-17
20279105,associative learning,相联学习,,2023-01-17
20279106,associative logic parallel system{=ALPS},相联逻辑平行系统,,2023-01-17
20279107,associative memory address{=AMA},相联记忆体位址,,2023-01-17
20279108,associative memory array{=AMA},相联记忆体阵列,,2023-01-17
20279109,associative memory computer{=AMC},相联记忆体计算机,,2023-01-17
20279110,associative memory data{=AMD},相联记忆体数据,,2023-01-17
20279111,associative memory equipment{=AME},相联记忆体设备,,2023-01-17
20279112,associative memory match,相联记忆体匹配,,2023-01-17
20279113,associative memory parallel processing language{=AMPPL},相联记忆体平行处理语言,,2023-01-17
20279114,associative memory technology,结合记忆体技术,,2023-01-17
20279115,associative memory{=ASSM},相联记忆体,,2023-01-17
20279116,associative MOSFET cell,相联金氧半导体场效电晶体格,,2023-01-17
20279117,associative network,相联网路,,2023-01-17
20279118,associative output unit{=AOU},相联输出单元,,2023-01-17
20279119,associative page organization,相联页组织,,2023-01-17
20279120,associative parallel processor{=APP},相联平行处理机,,2023-01-17
20279121,associative pointer{=APTR},关联指标,,2023-01-17
20279122,associative processing,相联处理,,2023-01-17
20279123,associative processor controller{=APC},相联处理机控制器,,2023-01-17
20279124,associative processor{=AP},相联处理机,,2023-01-17
20279125,associative programming,相联程式设计,,2023-01-17
20279126,associative programming language{=APL},相联程式设计语言,,2023-01-17
20279127,associative push down memory{=APDM},相联下推记忆体,,2023-01-17
20279128,associative push down store{=APDS},相联后进先出储存器；相联下推式储存,,2023-01-17
20279129,associative read only memory{=AROM},关联唯读记忆体,,2023-01-17
20279130,associative recall,结合唤回,,2023-01-17
20279131,associative register{=AR},相联暂存器,,2023-01-17
20279132,associative search,相联搜寻,,2023-01-17
20279133,associative storage,结合储存,,2023-01-17
20279134,associative storage pool,相联储存池,,2023-01-17
20279135,associative storage register,相联储存暂存器,,2023-01-17
20279136,associative store,相联储存,,2023-01-17
20279137,associative structure,相联结构,,2023-01-17
20279138,associative structure computer{=ASC},相联结构计算机,,2023-01-17
20279139,associative syntactic calculus,相联语法演算,,2023-01-17
20279140,associative table looking,结合查表,,2023-01-17
20279141,associative(selective combination) weigher,组合秤（选择性组合）,,2023-01-17
20279142,associative/parallel implementation,相联／平行实施,,2023-01-17
20279143,associativity,结合性,,2023-01-17
20279144,associativity of substitutions,替代结合性,,2023-01-17
20279145,associativity operator,结合运算子,,2023-01-17
20279146,assorted link speed,匹配链速率,,2023-01-17
20279147,assorted terminal type,匹配终端类型,,2023-01-17
20279148,assume,假设,,2023-01-17
20279149,assumed decimal point,假设小数点,,2023-01-17
20279150,assumed priority,假定优先级,,2023-01-17
20279151,assumed size aggregate,假设大小之聚合,,2023-01-17
20279152,assumed size array,假定大小阵列,,2023-01-17
20279153,assumed value,假定值,,2023-01-17
20279154,assurance,保证,,2023-01-17
20279155,assurance class,保证类别,,2023-01-17
20279156,assurance level,保证等级,,2023-01-17
20279157,assured,确保；保证,,2023-01-17
20279158,assured data transfer,保证式资料转送,,2023-01-17
20279159,assured operation,确保作业,,2023-01-17
20279160,"AST Research, Inc.",AST 研究公司,,2023-01-17
20279161,astable,不稳定,,2023-01-17
20279162,astable circuit,不稳定电路,,2023-01-17
20279163,astable multivibrator,不稳定多阶复振器,,2023-01-17
20279164,astatic construction,静态建筑,,2023-01-17
20279165,astatic control,无定向控制,,2023-01-17
20279166,astatic microphone,无定向麦克风；全向麦克风,,2023-01-17
20279167,asterisk,星号；定址内容运算子,,2023-01-17
20279168,asterisk dummy argument,星号虚拟引数,,2023-01-17
20279169,asterisk notation,星号记法,,2023-01-17
20279170,asterisk picture,星号图象,,2023-01-17
20279171,asterisk picture character,星号图象字元,,2023-01-17
20279172,asterisk protection,星号保护,,2023-01-17
20279173,asterix,星号,,2023-01-17
20279174,astigmation,像散；散光；乱视,,2023-01-17
20279175,astigmation control,像散控制,,2023-01-17
20279176,astigmatism,纵横像差,,2023-01-17
20279177,astigmatism correction,像散校正,,2023-01-17
20279178,astigmatizer,像散装置,,2023-01-17
20279179,Astral,Astral 语言,,2023-01-17
20279180,astroid,星形线,,2023-01-17
20279181,astroid-shaped curve,星形曲线,,2023-01-17
20279182,astronomical calculation,天文计算,,2023-01-17
20279183,astronomical sign,天文符号,,2023-01-17
20279184,astronomical unit,天文单位,,2023-01-17
20279185,astrophotography,天体摄影术,,2023-01-17
20279186,asymetric multiprocessing,非对称多元处理,,2023-01-17
20279187,asymmetric,非对称的,,2023-01-17
20279188,asymmetric algorithm,非对称演算法,,2023-01-17
20279189,asymmetric alternating current charge,非对称交流电充电,,2023-01-17
20279190,asymmetric chevron,非对称人字形,,2023-01-17
20279191,asymmetric choice net,非对称选择网,,2023-01-17
20279192,asymmetric communications,非对称的通讯,,2023-01-17
20279193,asymmetric compression,非对称压缩,,2023-01-17
20279194,asymmetric cryptographic algorithm,非对称式密码演算法,,2023-01-17
20279195,asymmetric cryptographic system,非对称密码系统,,2023-01-17
20279196,asymmetric cryptographic technique,非对称式密码技术,,2023-01-17
20279197,asymmetric cryptography,非对称密码,,2023-01-17
20279198,asymmetric cryptosystem,非对称密码系统,,2023-01-17
20279199,Asymmetric Devices,非对称装置,,2023-01-17
20279200,asymmetric digital subscriber line{=ADSL},非对称数位用户线,,2023-01-17
20279201,asymmetric digital subscriber loop,非对称数位用户回路,,2023-01-17
20279202,asymmetric distortion,非对称失真,,2023-01-17
20279203,asymmetric duplex,非对称双工,,2023-01-17
20279204,asymmetric encryption,非对称式加密,,2023-01-17
20279205,asymmetric half disc{=AHD},非对称半磁碟,,2023-01-17
20279206,asymmetric half duplex,非对称半双工,,2023-01-17
20279207,Asymmetric I／0,非对称输入/输出,,2023-01-17
20279208,asymmetric I/O,非对称 I/O,,2023-01-17
20279209,asymmetric key encryption,非对称的金钥加密,,2023-01-17
20279210,asymmetric key pair,非对称金钥对,,2023-01-17
20279211,asymmetric modem,非对称数据机,,2023-01-17
20279212,asymmetric modulator,非对称调变器,,2023-01-17
20279213,asymmetric multiprocessing,非对称多重处理,,2023-01-17
20279214,asymmetric multiprocessor,非对称多处理机,,2023-01-17
20279215,asymmetric network,非对称网路,,2023-01-17
20279216,asymmetric nonlinearity,非对称非线性,,2023-01-17
20279217,asymmetric protocol,非对称协定,,2023-01-17
20279218,asymmetric relation,非对称关系,,2023-01-17
20279219,asymmetric relay,非对称继电器,,2023-01-17
20279220,asymmetric system,非对称系统,,2023-01-17
20279221,asymmetrical balance,非对称平衡,,2023-01-17
20279222,asymmetrical control (single phase),非对称控制（单相）；不对称控制（单相）,,2023-01-17
20279223,asymmetrical control（single phase）,非对称控制（单相）,,2023-01-17
20279224,asymmetrical coupler,非对称耦合器,,2023-01-17
20279225,asymmetrical digital subscriber line,非对称数位用户线,,2023-01-17
20279226,Asymmetrical Distortion,非对称失真,,2023-01-17
20279227,asymmetrical input,非对称输入,,2023-01-17
20279228,asymmetrical modulation,非对称调变,,2023-01-17
20279229,asymmetrical output,非对称输出,,2023-01-17
20279230,asymmetrical sideband transmission,非对称边带传输,,2023-01-17
20279231,asymmetrical terminal voltage,非对称端电压,,2023-01-17
20279232,asymmetrical transmission,非对称传输,,2023-01-17
20279233,asymmetrical voltage,非对称电压,,2023-01-17
20279234,asymmetry potential,非对称电位,,2023-01-17
20279235,asymptote,渐近线,,2023-01-17
20279236,asymptotic bound,渐近界限,,2023-01-17
20279237,asymptotic coding gain,渐近编码增益,,2023-01-17
20279238,asymptotic equation,渐近方程式,,2023-01-17
20279239,asymptotic error,渐近误差,,2023-01-17
20279240,asymptotic error constant,渐近误差常数,,2023-01-17
20279241,asymptotic expression,渐近式,,2023-01-17
20279242,asymptotic lower bound,渐近下界限,,2023-01-17
20279243,asymptotic representation,渐近表示,,2023-01-17
20279244,asymptotic space complexity,渐近空间复杂度,,2023-01-17
20279245,asymptotic stability,渐近稳定性,,2023-01-17
20279246,asymptotic time,渐近时间,,2023-01-17
20279247,asymptotic time complexity,渐近时间复杂性,,2023-01-17
20279248,asymptotic upper bound,渐进上界限,,2023-01-17
20279249,asymptotic value,渐近值,,2023-01-17
20279250,asymptotically,渐近,,2023-01-17
20279251,asymptotically efficient estimate,渐近有效估计,,2023-01-17
20279252,asymptotically normal random variable,渐近正规随机变数,,2023-01-17
20279253,asymptotically tight bound,渐近紧密界限,,2023-01-17
20279254,async,异步；非同步,,2023-01-17
20279255,async USB DAC,非同步随身碟数位类比转换器,,2023-01-17
20279256,async-cancel safety,非同步取消安全,,2023-01-17
20279257,asynchable abort,非同步中止,,2023-01-17
20279258,asynchable commit,非同步认可,,2023-01-17
20279259,asynchrone,异步；非同步,,2023-01-17
20279260,asynchronization,异步,,2023-01-17
20279261,asynchronous,非同步；异步,,2023-01-17
20279262,asynchronous adapter{=ASA},异步配接器,,2023-01-17
20279263,asynchronous address communication system{=AACS},异步定址通讯系统,,2023-01-17
20279264,asynchronous algorithm,非同步演算法,,2023-01-17
20279265,asynchronous attack,异步冲击,,2023-01-17
20279266,asynchronous balanced mode{=ABM},异步平衡模式,,2023-01-17
20279267,asynchronous block transmission,异步块传输,,2023-01-17
20279268,asynchronous bus,异步汇流排,,2023-01-17
20279269,asynchronous byte oriented full duplex,异步位元导向全双工,,2023-01-17
20279270,asynchronous call,非同步呼叫,,2023-01-17
20279271,asynchronous circuit,异步电路,,2023-01-17
20279272,asynchronous clock,异步时钟,,2023-01-17
20279273,asynchronous communication,异步通信,,2023-01-17
20279274,asynchronous communication adapter{=ACA},异步通信配接器,,2023-01-17
20279275,asynchronous communication base{=ACB},异步通信基底,,2023-01-17
20279276,asynchronous communication controller,异步通信控制器,,2023-01-17
20279277,asynchronous communication interface,异步通信介面,,2023-01-17
20279278,asynchronous communication interface adapter{=ACIA},异步通信介面配接器,,2023-01-17
20279279,asynchronous communication port,异步通信埠,,2023-01-17
20279280,asynchronous communication satellite,非同步通讯卫星,,2023-01-17
20279281,asynchronous communication system,异步通信系统,,2023-01-17
20279282,asynchronous communications,非同步通讯,,2023-01-17
20279283,asynchronous communications interface adapter{=ACIA},非同步通信配接器,,2023-01-17
20279284,asynchronous communications server,非同步通讯伺服器,,2023-01-17
20279285,asynchronous completion routine,异步完成常式,,2023-01-17
20279286,asynchronous computer,异步计算机,,2023-01-17
20279287,asynchronous concurrent event,异步并行事件,,2023-01-17
20279288,asynchronous control,异步控制,,2023-01-17
20279289,asynchronous crypto unit,异步密码单元,,2023-01-17
20279290,asynchronous data multiplexer synchronizer{=ADMS},异步资料多工同步器,,2023-01-17
20279291,asynchronous data transceiver{=ADT},异步资料收发器,,2023-01-17
20279292,asynchronous data transfer,异步资料转移,,2023-01-17
20279293,asynchronous data transmission,异步资料传输,,2023-01-17
20279294,asynchronous debugging,异步除错,,2023-01-17
20279295,asynchronous device,异步装置,,2023-01-17
20279296,asynchronous digital computer,异步数位计算机,,2023-01-17
20279297,asynchronous directly-coupled computer,非同步直接耦合计算机,,2023-01-17
20279298,asynchronous directory operation,异步目录作业,,2023-01-17
20279299,asynchronous disconnected mode{=ADM},异步切断模,,2023-01-17
20279300,asynchronous display,异步显示,,2023-01-17
20279301,asynchronous DS-CDMA,非同步直接序列分码多重存取,,2023-01-17
20279302,asynchronous DS-CDMA system,非同步直接序列分码多重存取系统；非同步 DS-CDMA  系统,,2023-01-17
20279303,asynchronous entry point,异步登录点,,2023-01-17
20279304,asynchronous event,异步事件,,2023-01-17
20279305,asynchronous exception,异步异常,,2023-01-17
20279306,asynchronous exchange,异步交换,,2023-01-17
20279307,asynchronous execution,异步执行,,2023-01-17
20279308,asynchronous exit,异步出口,,2023-01-17
20279309,asynchronous finite automata,异步有限自动机,,2023-01-17
20279310,asynchronous finite state machine,异步有限状态机,,2023-01-17
20279311,asynchronous garbage collector,异步废料收集器,,2023-01-17
20279312,asynchronous gate element,异步闸元件,,2023-01-17
20279313,asynchronous I/O,非同步输出入,,2023-01-17
20279314,asynchronous I/O completion,非同步 I/O 完成,,2023-01-17
20279315,asynchronous I/O operation,非同步 I/O 操作,,2023-01-17
20279316,asynchronous input,异步输入,,2023-01-17
20279317,asynchronous interface,异步介面,,2023-01-17
20279318,asynchronous interface adapter,异步介面配接器,,2023-01-17
20279319,asynchronous interface module{=AIM},异步介面模组,,2023-01-17
20279320,Asynchronous JavaScript and XML{=AJAX},非同步 JavaScript 及 XML 技术,,2023-01-17
20279321,asynchronous line controller,异步线路控制器,,2023-01-17
20279322,asynchronous line interface{=ALI},异步线路介面,,2023-01-17
20279323,asynchronous line module{=ALM},异步线路模组,,2023-01-17
20279324,asynchronous line unit{=ALU},异步线路单元,,2023-01-17
20279325,asynchronous logic,非同步逻辑,,2023-01-17
20279326,asynchronous logic system,异步逻辑系统,,2023-01-17
20279327,asynchronous login terminal,异步登入终端机,,2023-01-17
20279328,asynchronous machine,异步机,,2023-01-17
20279329,asynchronous memory access,异步记忆体存取,,2023-01-17
20279330,asynchronous memory capability,异步记忆能力,,2023-01-17
20279331,asynchronous memory system,异步记忆系统,,2023-01-17
20279332,asynchronous mode,非同步模式,,2023-01-17
20279333,Asynchronous Modem Controller Diagnostic,异步数据机控制器诊断,,2023-01-17
20279334,asynchronous modem{=AM},异步数据机,,2023-01-17
20279335,asynchronous module,异步模组,,2023-01-17
20279336,asynchronous monitor,异步监视器,,2023-01-17
20279337,asynchronous multiplexer,异步多工器,,2023-01-17
20279338,asynchronous multiplexer adapter{=AMA},异步多工配接器,,2023-01-17
20279339,asynchronous multiprocessing,非同步多重处理,,2023-01-17
20279340,asynchronous network,异步网路,,2023-01-17
20279341,asynchronous neural network,非同步类神经网路,,2023-01-17
20279342,asynchronous notification,异步通知,,2023-01-17
20279343,asynchronous operation,异步作业,,2023-01-17
20279344,asynchronous operation pending,异步作业搁置,,2023-01-17
20279345,asynchronous operation window,非同步操作讯窗,,2023-01-17
20279346,asynchronous operator,异步运算子,,2023-01-17
20279347,asynchronous output,异步输出,,2023-01-17
20279348,asynchronous parallel algorithm,异步平行演算法,,2023-01-17
20279349,asynchronous parallelism,非同步平行性,,2023-01-17
20279350,asynchronous pass through over TCP,非同步透通传输控制协定,,2023-01-17
20279351,asynchronous procedure,异步程序,,2023-01-17
20279352,asynchronous procedure call{=APC},异步程序呼叫,,2023-01-17
20279353,asynchronous processing,异步处理,,2023-01-17
20279354,asynchronous processing unit{=APU},异步处理单元,,2023-01-17
20279355,asynchronous protocol,非同步协定,,2023-01-17
20279356,asynchronous protocol specification,异步协定标准,,2023-01-17
20279357,asynchronous query,非同步查询,,2023-01-17
20279358,asynchronous record,异步记录,,2023-01-17
20279359,asynchronous record operation,异步记录作业,,2023-01-17
20279360,asynchronous refresh,非同步复新,,2023-01-17
20279361,asynchronous remote takeover server,异步远程接管伺服器,,2023-01-17
20279362,asynchronous remote takeover terminal,异步远程接管终端,,2023-01-17
20279363,asynchronous request,异步请求,,2023-01-17
20279364,asynchronous response,异步回应,,2023-01-17
20279365,asynchronous response mode{=ARM},异步回应模式,,2023-01-17
20279366,asynchronous ripple adder{=ARA},异步涟波加法器,,2023-01-17
20279367,asynchronous routine,异步常式,,2023-01-17
20279368,asynchronous sending,异步发送,,2023-01-17
20279369,asynchronous sending mode,异步发送模式,,2023-01-17
20279370,asynchronous sensing,异步感测,,2023-01-17
20279371,asynchronous sequential circuit,异步顺序电路,,2023-01-17
20279372,asynchronous sequential machine{=ASM},异步顺序机,,2023-01-17
20279373,asynchronous sequential network,异步顺序网路,,2023-01-17
20279374,asynchronous serial transmission,异步串联传输,,2023-01-17
20279375,asynchronous service access protocol,非同步服务存取协定,,2023-01-17
20279376,asynchronous shift register,异步移位暂存器,,2023-01-17
20279377,asynchronous signal,异步信号；非同步信号,,2023-01-17
20279378,asynchronous signaling,异步发信号,,2023-01-17
20279379,asynchronous start/stop teletypewriter,异步起停电传打字机,,2023-01-17
20279380,asynchronous start-stop teletypewriter,非同步起停式电传打字机,,2023-01-17
20279381,asynchronous structure,异步结构,,2023-01-17
20279382,asynchronous switching,异步交换,,2023-01-17
20279383,asynchronous system,异步系统,,2023-01-17
20279384,asynchronous system trap level,异步系统陷阱阶,,2023-01-17
20279385,asynchronous system trap{=AST},异步系统陷阱,,2023-01-17
20279386,asynchronous tag,非同步标签,,2023-01-17
20279387,asynchronous terminal,异步终端机,,2023-01-17
20279388,asynchronous terminal adapter{=ATA},异步终端配接器,,2023-01-17
20279389,asynchronous terminal controller{=ATC},异步终端控制器,,2023-01-17
20279390,asynchronous terminal status word,异步终端状态字,,2023-01-17
20279391,asynchronous terminal support,异步终端支援,,2023-01-17
20279392,asynchronous termination,异步终止,,2023-01-17
20279393,asynchronous time division,非同步分时,,2023-09-20
20279394,asynchronous time division multiplexer{=ATDM},非同步分时多工器,,2023-01-17
20279395,asynchronous time division multiplexing,非同步分时多工,,2023-01-17
20279396,asynchronous timing,异步计时,,2023-01-17
20279397,asynchronous to synchronous inverter,异步至同步反向器；非同步至同步反向器,,2023-01-17
20279398,asynchronous transaction processor{=ATP},异步异动处理机,,2023-01-17
20279399,asynchronous transfer,异步转移,,2023-01-17
20279400,asynchronous transfer mode switch,非同步转移模式交换； ATM交换机,,2023-01-17
20279401,asynchronous transfer mode{=ATM},异步传送模；非同步传送模,,2023-01-17
20279402,asynchronous transmission,异步传输；非同步传输,,2023-01-17
20279403,asynchronous transmission mode{=ATM},异步传输模,,2023-01-17
20279404,asynchronous transmission output,异步传输输出,,2023-01-17
20279405,asynchronous trap,异步陷阱,,2023-01-17
20279406,asynchronous USB DAC,非同步随身碟数位类比转换器,,2023-01-17
20279407,asynchronous working,异步工作,,2023-01-17
20279408,asynchronously-generated signal,非同步产生信号,,2023-01-17
20279409,asyncLronous computer,异步电脑,,2023-01-17
20279410,AT attachment,AT附接,,2023-01-17
20279411,AT attachment packet interface,AT 附件封包介面；ATAPI 介面,,2023-01-17
20279412,AT bus,AT汇流排,,2023-01-17
20279413,AT bus architecture,AT 汇流排架构,,2023-01-17
20279414,At Command Set,ACS 语言,,2023-01-17
20279415,at end condition,终止条件；末端条件,,2023-01-17
20279416,AT form factor,AT 格式因子,,2023-01-17
20279417,at grade,地面,,2023-01-17
20279418,At Grade Section,平面段,,2023-01-17
20279419,at grade station,地面车站,,2023-01-17
20279420,AT keyboard,AT 键盘,,2023-01-17
20279421,at sign,@符号,,2023-01-17
20279422,at symbol,@符号,,2023-01-17
20279423,AT&T,美国电话电报公司（前身）,,2023-01-17
20279424,AT&T Bell Labs,美国电报电话公司贝尔实验室,,2023-01-17
20279425,AT&T global network services,AT&T 总体网路服务,,2023-01-17
20279426,AT&T Worldnet,AT&T世界网,,2023-01-17
20279427,ata Aggregate,资料聚合,,2023-01-17
20279428,ATA hard disk drive card,ATA硬碟驱动卡,,2023-01-17
20279429,ATA point,ATA 点,,2023-01-17
20279430,ATA/IDE hard disk drive,ATA/IDE硬磁碟驱动机,,2023-01-17
20279431,Atanasoff-Berry computer{=ABC},阿塔那索夫－贝理电脑,,2023-01-17
20279432,ATAPI,AT附件封包介面,,2023-01-17
20279433,Atari,Atari 公司,,2023-01-17
20279434,Atari ST,摩托罗拉 68000 处理器的外部 16 位元与内部 32 位元的汇流排,,2023-01-17
20279435,AT-bus interface,AT-bus 介面,,2023-01-17
20279436,ATC  circuit breaker,ATC 断路器；ATC  电路断路器,,2023-01-17
20279437,ATC fuse{=ATCF},ATC 保险丝,,2023-01-17
20279438,ATC radar,空管雷达；ATC 雷达,,2023-01-17
20279439,ATC relay 1,ATC 电驿 1；ATC  继电器 1,,2023-01-17
20279440,ATE,自动测试设备,,2023-01-17
20279441,Athens,雅典,,2023-01-17
20279442,Athlon,Athlon 处理器,,2023-01-17
20279443,Athlon 64,美国 AMD 公司的 64 位元微处理器型号之一,,2023-01-17
20279444,Athlon 64 X2,美国 AMD 公司的 64 位元微处理器型号之一,,2023-01-17
20279445,Athlon XP,美国 AMD 公司的 XP 作业系统,,2023-01-17
20279446,athwartship magnetization{=AM},横向磁化,,2023-01-17
20279447,Atlantic standard{=AST},大西洋标准,,2023-01-17
20279448,Atlas,Atlas 电脑；亚特拉斯电脑,,2023-01-17
20279449,Atlas Autocode,Atlas Autocode 语言,,2023-01-17
20279450,Atlas BASIC language{=ABL},亚特拉斯培基语言,,2023-01-17
20279451,ATM adaptation layer{=AAL},ATM 调适层,,2023-01-17
20279452,ATM adaption layer,ATM 配接层,,2023-01-17
20279453,ATM block transfer,ATM 区块转送,,2023-01-17
20279454,ATM cell header,ATM 细胞标头,,2023-01-17
20279455,ATM data exchange interface,ATM 资料交换介面,,2023-01-17
20279456,ATM data service unit,ATM 资料服务单元,,2023-01-17
20279457,ATM deterministic,确定性 ATM,,2023-01-17
20279458,ATM Forum,ATM 论坛,,2023-01-17
20279459,ATM interface processor,ATM 介面处理器,,2023-01-17
20279460,ATM inverse multiplexing,ATM 反向多工传输,,2023-01-17
20279461,ATM protocol data unit,ATM协定资料单元,,2023-01-17
20279462,ATM statistical,统计性 ATM,,2023-01-17
20279463,ATM transfer capability,ATM 转送能力,,2023-01-17
20279464,ATM voice multiplexer,ATM 语音多工器,,2023-01-17
20279465,atmosphere,周围环境,,2023-01-17
20279466,atmospheric absorption,大气吸收,,2023-01-17
20279467,atmospheric attenuation,大气衰减,,2023-01-17
20279468,atmospheric backscatter,大气反向散射,,2023-01-17
20279469,atmospheric clutter,大气杂波,,2023-01-17
20279470,atmospheric composition satellite,大气成份研究卫星,,2023-01-17
20279471,atmospheric dispersion modeling,大气扩散模式,,2023-01-17
20279472,atmospheric disturbance,大气扰动,,2023-01-17
20279473,atmospheric duct,大气波导,,2023-01-17
20279474,atmospheric emission,大气放射,,2023-01-17
20279475,atmospheric interference,大气干扰,,2023-01-17
20279476,atmospheric laser communication,大气雷射通讯,,2023-01-17
20279477,atmospheric loss,大气损耗,,2023-01-17
20279478,atmospheric noise,大气杂讯,,2023-01-17
20279479,atmospheric path loss,大气路径损耗,,2023-01-17
20279480,atmospheric pressure,大气压,,2023-01-17
20279481,ATO panel,自动列车操作面板,,2023-01-17
20279482,atob,a 转换成 b 公用程式,,2023-01-17
20279483,atom,原子；基元,,2023-01-17
20279484,atom syndication format,Atom 供稿格式,,2023-01-17
20279485,atomic,原子；基元,,2023-01-17
20279486,atomic action,基元动作,,2023-01-17
20279487,atomic action branch,基元〔不可分割〕动作分支,,2023-01-17
20279488,atomic action branch identifier,基元〔不可分割〕动作分支的识别符,,2023-01-17
20279489,atomic action data,基元〔不可分割〕动作资料,,2023-01-17
20279490,atomic action identifier,基元〔不可分割〕作业识别码,,2023-01-17
20279491,atomic action tree,基元〔不可分割〕动作树,,2023-01-17
20279492,atomic bomb,原子弹,,2023-01-17
20279493,atomic broadcasting,基元广播,,2023-01-17
20279494,atomic data element,基元资料元件,,2023-01-17
20279495,atomic energy commission,原子能委员会,,2023-01-17
20279496,atomic energy detection system{=AEDS},原子能检测系统,,2023-01-17
20279497,atomic flow object,基元流物件,,2023-01-17
20279498,atomic force microscope{=AFM},原子力显微镜,,2023-01-17
20279499,atomic force microscopy,原子力显微术,,2023-01-17
20279500,atomic formula,基元公式,,2023-01-17
20279501,atomic frequency standard,原子频率标准,,2023-01-17
20279502,atomic layer deposition,原子层沉积,,2023-01-17
20279503,atomic layer epitaxy{=ALE},原子层磊晶,,2023-01-17
20279504,atomic mass unit,原子质量单位,,2023-01-17
20279505,atomic number,原子数,,2023-01-17
20279506,atomic operation,原子作业,,2023-01-17
20279507,atomic symbols,原子符号,,2023-01-17
20279508,atomic time,原子时间,,2023-01-17
20279509,atomic type,原子类型,,2023-01-17
20279510,atomic unit,基元单元,,2023-01-17
20279511,atomic weight,原子量,,2023-01-17
20279512,atomicity,原子性,,2023-01-17
20279513,atomicity operation,原子性操作,,2023-01-17
20279514,"atomicity, consistency, isolation, and durability",单元性，一致性，独立性和耐用性,,2023-01-17
20279515,"atomicity, consistency, isolation, durability{=ACID}",原子性、一致性、独立性、耐久性,,2023-01-17
20279516,atomism,不可分割性,,2023-01-17
20279517,atomized,原子化,,2023-01-17
20279518,AtopNet Corporation,AtopNet 公司,,2023-01-17
20279519,ATP bypass switch{=ATBS},自动列车保护旁路开关,,2023-01-17
20279520,ATPG(Automatic Test Pattern Generation)system,自动测试形样产生系统,,2023-01-17
20279521,ATR tube,ATR 管；阻塞放电管,,2023-01-17
20279522,attach,附加；附接,,2023-01-17
20279523,attach EOT marker,附加EOT标记,,2023-01-17
20279524,attach file,附加档案,,2023-01-17
20279525,attach manufacturing,附加制造,,2023-01-17
20279526,attach record,附加记录,,2023-01-17
20279527,attach statement,附加叙述,,2023-01-17
20279528,attach system,附加系统,,2023-01-17
20279529,attach terminal,附加终端机,,2023-01-17
20279530,attached document,附加文件,,2023-01-17
20279531,attached file,附加档案；附加档,,2023-01-17
20279532,attached FORTRAN processor{=AFP},附加 FORTRAN 处理器,,2023-01-17
20279533,attached header,附加标头,,2023-01-17
20279534,attached identifier,附加识别符,,2023-01-17
20279535,Attached Processing,附加处理,,2023-01-17
20279536,attached processor{=AP},附加处理机,,2023-01-17
20279537,attached resource computer network,附加资源计算机网路,,2023-01-17
20279538,attached resource computer{=ARC},附加资源计算机,,2023-01-17
20279539,attached support ASP processor,附加辅助自动交换板的处理机,,2023-01-17
20279540,attached support computer,附加支援计算机,,2023-01-17
20279541,attached support process,附接支持处理机,,2023-01-17
20279542,attached support processor{=ASP},附加支援处理机,,2023-01-17
20279543,attached support program{=ASP},附加支援程式,,2023-01-17
20279544,attached task,附加任务,,2023-01-17
20279545,attaching device,附加装置,,2023-01-17
20279546,attaching point,附加点,,2023-01-17
20279547,attaching subtask,附加子任务,,2023-01-17
20279548,attaching task,附加任务,,2023-01-17
20279549,attaching unit,附加装置,,2023-01-17
20279550,attachment,附件；附属装置；附接,,2023-01-17
20279551,attachment area,附接区域,,2023-01-17
20279552,attachment disable switch,附属装置去能开关,,2023-01-17
20279553,attachment enable switch,附属装置赋能开关,,2023-01-17
20279554,attachment feature,附件特征,,2023-01-17
20279555,attachment plug,附件插头,,2023-01-17
20279556,attachment point,附接点,,2023-01-17
20279557,attachment port,附接埠,,2023-01-17
20279558,attachment table,附接表,,2023-01-17
20279559,"attachment unit interface, transceiver, or connecting cable",附接单元介面；收发器或连接缆线,,2023-01-17
20279560,attachment unit interface{=AUI},附接单元介面,,2023-01-17
20279561,attack,攻击,,2023-01-17
20279562,attack center switchboard,攻击中心交换机,,2023-01-17
20279563,attack potential,攻击潜在性,,2023-01-17
20279564,attack script,攻击脚本；剧本,,2023-01-17
20279565,attack sensing and warning{=AS&W},攻击感测及告警,,2023-01-17
20279566,attack signature,攻击签署,,2023-01-17
20279567,attack time,上升时间,,2023-01-17
20279568,attack time delay,上升时间延迟,,2023-01-17
20279569,attack vector,攻击向量,,2023-01-17
20279570,attacker,攻击者,,2023-01-17
20279571,attainable accuracy,可得精确度,,2023-01-17
20279572,atteded trail printer,值管尾端印表机,,2023-01-17
20279573,attempt,尝试连结,,2023-01-17
20279574,attempted call,试呼叫,,2023-01-17
20279575,attempts per circuit per hour,每小时每电路尝试,,2023-01-17
20279576,attendance,保养；出勤,,2023-01-17
20279577,attendance accounting subsystem{=AAS},出勤会计子系统,,2023-01-17
20279578,attendance accounting system,出勤会计系统,,2023-01-17
20279579,attendance reporting,出勤报告,,2023-01-17
20279580,attendant,值机人员,,2023-01-17
20279581,attendant board,值机台,,2023-01-17
20279582,attended frontier station,有人值守边境站,,2023-01-17
20279583,attended operation,值班作业,,2023-01-17
20279584,attended repeater,有人值班中继器,,2023-01-17
20279585,attended time,值班时间,,2023-01-17
20279586,Attended Trail Printer,值班存底列印机,,2023-01-17
20279587,Attending Doctor,主治医师,,2023-01-17
20279588,attention,警示；注意,,2023-01-17
20279589,attention command,警示命令,,2023-01-17
20279590,attention device,警示装置,,2023-01-17
20279591,attention dial pulse,警示拨号脉冲,,2023-01-17
20279592,attention dial tone,警示拨号音,,2023-01-17
20279593,attention exit routine,出口警示常式,,2023-01-17
20279594,attention field,警示栏,,2023-01-17
20279595,attention flag,警示旗标,,2023-01-17
20279596,attention focusing,注意聚焦,,2023-01-17
20279597,attention handling,警示处置,,2023-01-17
20279598,attention identification,警示识别,,2023-01-17
20279599,attention identification character,警示识别字元,,2023-01-17
20279600,attention identifier character{=AID},注意识别符字元,,2023-01-17
20279601,attention identifier{=AID},警示识别符,,2023-01-17
20279602,attention interrupt,警示中断,,2023-01-17
20279603,attention key,警示键,,2023-01-17
20279604,attention line,警示线,,2023-01-17
20279605,attention program,警示程式,,2023-01-17
20279606,attention scheduler,警示排程器,,2023-01-17
20279607,attention sign,警示记号,,2023-01-17
20279608,attention status bit,警示状态位元,,2023-01-17
20279609,attention switch,警示开关,,2023-01-17
20279610,attention symbol,警示符号,,2023-01-17
20279611,attention table,警示表,,2023-01-17
20279612,attenuate,衰减,,2023-01-17
20279613,attenuation,衰减,,2023-01-17
20279614,attenuation coefficient,衰减系数,,2023-01-17
20279615,attenuation compensation,衰减补偿,,2023-01-17
20279616,attenuation constant,衰减常数,,2023-01-17
20279617,attenuation cutoff wavelength,衰减截止波长,,2023-01-17
20279618,attenuation dead zone length,衰减盲区长度,,2023-01-17
20279619,attenuation distortion,衰减失真,,2023-01-17
20279620,attenuation drawing effect,衰减拉动效应,,2023-01-17
20279621,attenuation equalization,衰减均衡,,2023-01-17
20279622,attenuation factor{=AF},衰减因数,,2023-01-17
20279623,attenuation measurement of absorption loss in fiber,光纤吸收损失之衰减量测,,2023-01-17
20279624,attenuation of 1.55 μm transmission,1.55 微米传输衰减,,2023-01-17
20279625,attenuation of noise,杂讯衰减,,2023-01-17
20279626,attenuation of optical fiber,光纤衰减,,2023-01-17
20279627,attenuation pad,衰减垫,,2023-01-17
20279628,attenuation to crosstalk ratio,衰减对串音比,,2023-01-17
20279629,attenuator,衰减器,,2023-01-17
20279630,Atterberg limit,阿太堡限度,,2023-01-17
20279631,Attestation,证实,,2023-01-17
20279632,Attestation Date/Time,诊断日期／时间,,2023-01-17
20279633,Attested By,由谁证明,,2023-01-17
20279634,attitude,姿态,,2023-01-17
20279635,attitude and orbit control electronics,姿态及轨道控制电子,,2023-01-17
20279636,attitude control,姿态控制,,2023-01-17
20279637,attitude control error,高度控制误差,,2023-01-17
20279638,attitude flight control system{=AFCS},飞行姿态控制系统,,2023-01-17
20279639,attitude of user,使用者态度,,2023-01-17
20279640,attitude reference system{=ARS},姿态参考系统,,2023-01-17
20279641,attitude study,态度研究,,2023-01-17
20279642,atto,阿托,,2023-01-17
20279643,attoparsec,阿托光秒距；百亿亿分之一光秒距,,2023-01-17
20279644,attosecond,阿托秒,,2023-01-17
20279645,attractive quality,魅力品质,,2023-01-17
20279646,attribute,属性,,2023-01-17
20279647,attribute access,属性存取,,2023-01-17
20279648,attribute assignment,属性指定,,2023-01-17
20279649,attribute authority,定属性机构；属性授权机构,,2023-01-17
20279650,attribute based,属性为本的；属性式,,2023-01-17
20279651,attribute byte,属性位元组,,2023-01-17
20279652,attribute certificate,属性凭证,,2023-01-17
20279653,attribute character,属性字元,,2023-01-17
20279654,attribute class,属性类别,,2023-01-17
20279655,attribute closure,属性闭包,,2023-01-17
20279656,attribute condition,属性条件,,2023-01-17
20279657,attribute data,属性资料,,2023-01-17
20279658,attribute data element,属性资料元件,,2023-01-17
20279659,attribute definition,属性定义,,2023-01-17
20279660,attribute definition list declaration,属性定义表列宣告,,2023-01-17
20279661,attribute delimiter,属性定界符,,2023-01-17
20279662,attribute description,属性描述,,2023-01-17
20279663,attribute directory,属性目录,,2023-01-17
20279664,attribute distributed tree{=ADT},属性分散树,,2023-01-17
20279665,attribute domain,属性定义域,,2023-01-17
20279666,attribute enquiry,属性询问,,2023-01-17
20279667,attribute error,属性错误,,2023-01-17
20279668,attribute evaluation rule,属性评估规则,,2023-01-17
20279669,attribute evaluator,属性评估器,,2023-01-17
20279670,attribute facet,属性小平面,,2023-01-17
20279671,attribute grammar,属性文法,,2023-01-17
20279672,attribute group,属性群,,2023-01-17
20279673,attribute group template,属性群模板,,2023-01-17
20279674,attribute ID,属性识别符；属性 C436ID,,2023-01-17
20279675,attribute indicator,属性指标,,2023-01-17
20279676,attribute label,属性标号,,2023-01-17
20279677,attribute list,属性表,,2023-01-17
20279678,attribute list declaration,属性表列宣告,,2023-01-17
20279679,attribute macro call,相关属性巨集呼叫,,2023-01-17
20279680,attribute metadata,属性元数据,,2023-01-17
20279681,attribute migration,属性迁移,,2023-01-17
20279682,attribute name,属性名,,2023-01-17
20279683,attribute name value pair,属性名值对,,2023-01-17
20279684,attribute occurrence,属性出现,,2023-01-17
20279685,attribute of an element,元件的属性；元素的属性,,2023-01-17
20279686,attribute of Chinese character,中文字元属性,,2023-01-17
20279687,attribute of discrete type,离散类型的属性,,2023-01-17
20279688,attribute of entry,分录的属性,,2023-01-17
20279689,attribute of fixed point type,定点类型的属性,,2023-01-17
20279690,attribute of floating point type,浮点类型的属性,,2023-01-17
20279691,attribute record,属性记录,,2023-01-17
20279692,attribute relationship,属性关联,,2023-01-17
20279693,attribute request,属性请求,,2023-01-17
20279694,attribute retrieval,属性检索,,2023-01-17
20279695,attribute section,属性区段,,2023-01-17
20279696,attribute selection,属性选择,,2023-01-17
20279697,attribute set,属性集,,2023-01-17
20279698,attribute shape grammar,属性形状文法,,2023-01-17
20279699,attribute simulation,属性模拟,,2023-01-17
20279700,attribute specification,属性规格,,2023-01-17
20279701,attribute specification list,属性规格表列,,2023-01-17
20279702,attribute structure,属性结构,,2023-01-17
20279703,attribute support,属性支援,,2023-01-17
20279704,attribute syntax,属性语法,,2023-01-17
20279705,attribute tag,属性标签,,2023-01-17
20279706,attribute template,属性模板,,2023-01-17
20279707,attribute translation grammar,属性翻译文法,,2023-01-17
20279708,attribute translation system{=ATS},属性翻译系统,,2023-01-17
20279709,attribute triplets,属性三件组,,2023-01-17
20279710,attribute type,属性类型,,2023-01-17
20279711,attribute value assertion,属性值判定,,2023-01-17
20279712,attribute value list,属性值列表,,2023-01-17
20279713,attribute value literal,属性值文句；属性值文字,,2023-01-17
20279714,attribute value relationship,属性值关系,,2023-01-17
20279715,attribute value ring,属性值环,,2023-01-17
20279716,attribute value set,属性值集,,2023-01-17
20279717,attribute value{=AV},属性值,,2023-01-17
20279718,attribute word,属性字,,2023-01-17
20279719,Attributed File System,属性档案系统,,2023-01-17
20279720,attributed grammar,属性文法,,2023-01-17
20279721,attributed translation,属性翻译,,2023-01-17
20279722,attribute-executable,可执行属性,,2023-01-17
20279723,attribute-readable,可读属性,,2023-01-17
20279724,attribute-savable,可存属性,,2023-01-17
20279725,atuomated assembly,自动装配,,2023-01-17
20279726,ATX form factor,ATX 形状因数,,2023-01-17
20279727,ATX12V,ATX12V 形状因数,,2023-01-17
20279728,A-type address constant,A 型位址常数,,2023-01-17
20279729,AU group,管理单元群,,2023-01-17
20279730,aubergine,秘词,,2023-01-17
20279731,Auctioneering Device,拍卖装置,,2023-01-17
20279732,audibility,可闻度,,2023-01-17
20279733,audible alarm,音响警报,,2023-01-17
20279734,audible beat,可听节拍,,2023-01-17
20279735,audible busy signal,可听忙线信号,,2023-01-17
20279736,audible call,可听呼叫,,2023-01-17
20279737,audible ring,可听见铃响,,2023-01-17
20279738,audible tone,可听音调,,2023-01-17
20279739,audible visual local alarm,可听可视区域告警,,2023-01-17
20279740,audibleness,可闻性,,2023-01-17
20279741,audience,观众,,2023-01-17
20279742,audience accumulation,观众累计,,2023-01-17
20279743,audience composition,观众组成,,2023-01-17
20279744,audience duplication,观众重复,,2023-01-17
20279745,audience flow,观众流,,2023-01-17
20279746,audience format,观众格式,,2023-01-17
20279747,audience holding index,观众保持指标,,2023-01-17
20279748,audience member,观众成员,,2023-01-17
20279749,audience turnover,观众更换率,,2023-01-17
20279750,audio,音讯；音频；声讯；声频,,2023-01-17
20279751,audio / video,音讯／视讯,,2023-01-17
20279752,audio adapter,声频配接器,,2023-01-17
20279753,audio amplifier,音频放大器；声频放大器,,2023-01-17
20279754,audio analyzer,音讯分析仪,,2023-01-17
20279755,audio and video control,视听控制（数位家庭）,,2023-01-17
20279756,audio bandwidth{=AB},声频带宽,,2023-01-17
20279757,audio billboard,节目开头插播 ( 介绍演员或其他内容 ),,2023-01-17
20279758,audio blog,声频部落格,,2023-01-17
20279759,audio board,声频板,,2023-01-17
20279760,audio board 1{=AB1},语音板 1,,2023-01-17
20279761,audio board 2{=AB2},语音板 2,,2023-01-17
20279762,audio caption/subtitle,音讯字幕/副标题,,2023-01-17
20279763,audio card,声频卡,,2023-01-17
20279764,audio cassette,卡匣式录音带,,2023-01-17
20279765,audio cassette interface,卡匣式录音带介面,,2023-01-17
20279766,audio cassette record interface,卡匣式录音带介面,,2023-01-17
20279767,audio cassette recorder interface{=ACRI},卡式录音机介面,,2023-01-17
20279768,audio cassette recorder{=ACR},卡式录音机,,2023-01-17
20279769,audio CD,声频光碟,,2023-01-17
20279770,audio codec{=AC},音讯编解码,,2023-01-17
20279771,Audio Coding 3,音响编码第三代；多声道音讯解码技术,,2023-01-17
20279772,audio coding{=AC},音讯编码,,2023-01-17
20279773,audio command equalize,等化音讯命令,,2023-01-17
20279774,audio command zero-delay,零延迟音讯命令,,2023-01-17
20279775,audio comments,音讯意见,,2023-01-17
20279776,audio communication,声频通信,,2023-01-17
20279777,audio communication device,声频通信装置,,2023-01-17
20279778,audio communication line,声频通信线路,,2023-01-17
20279779,audio compression,声频压缩,,2023-01-17
20279780,audio compressors,音讯压缩器,,2023-01-17
20279781,audio conference,音讯会议；声频会议,,2023-01-17
20279782,audio conferencing,声频会议,,2023-01-17
20279783,audio controller system unit{=ACSU},语音控制系统单元,,2023-01-17
20279784,Audio Data,声频资料,,2023-01-17
20279785,audio database,声频资料库,,2023-01-17
20279786,audio describer,口述影像器；口述影像软体,,2023-01-17
20279787,audio description,口述影像,,2023-01-17
20279788,audio disc,声频磁碟,,2023-01-17
20279789,audio distribution amplifier{=ADA},音讯分配放大器,,2023-01-17
20279790,audio distribution system{=ADS},声频分配系统,,2023-01-17
20279791,audio dithering,声讯颤化,,2023-01-17
20279792,audio dub,声频配音；加配的声音,,2023-01-17
20279793,audio engineers society/European broadcasting union,声频工程师协会/欧洲广播联盟,,2023-01-17
20279794,audio equipment,音响设备,,2023-01-17
20279795,audio event,音讯事件,,2023-01-17
20279796,audio extraction,音讯撷取,,2023-01-17
20279797,audio file,音讯档,,2023-01-17
20279798,audio follow video{=AFV},声讯跟随视讯,,2023-01-17
20279799,audio format,音讯格式,,2023-01-17
20279800,audio frequency amplifier{=AFA},音频放大器；声频放大器,,2023-01-17
20279801,audio frequency apparatus{=AFA},声频仪器；声频装置,,2023-01-17
20279802,audio frequency change{=AFC},声频改变,,2023-01-17
20279803,audio frequency circuit,声频电路,,2023-01-17
20279804,audio frequency coder{=AFC},声频编码器,,2023-01-17
20279805,audio frequency generator{=AFG},声频产生器,,2023-01-17
20279806,audio frequency modulation,声频调变,,2023-01-17
20279807,audio frequency oscillator,音频振荡器；声频振荡器,,2023-01-17
20279808,audio frequency shift keying{=AFSK},声频移位键,,2023-01-17
20279809,audio frequency track circuit{=AFTC},音频轨道电路,,2023-01-17
20279810,audio frequency transformer{=AFT},声频变换器,,2023-01-17
20279811,audio frequency wave,声频波,,2023-01-17
20279812,audio frequency{=AF},声频,,2023-01-17
20279813,audio head,声频磁头,,2023-01-17
20279814,audio helper,助听器,,2023-01-17
20279815,audio home recording act,声讯家庭录音法案,,2023-01-17
20279816,audio IFF,声频 IFF 格式,,2023-01-17
20279817,audio index,声频索引,,2023-01-17
20279818,audio indicate active,有效音讯指示；音讯启动指示,,2023-01-17
20279819,audio indicate muted,音讯静音指示；静音音讯指示,,2023-01-17
20279820,audio input device,声频输入装置,,2023-01-17
20279821,audio inquiry,声频询问,,2023-01-17
20279822,audio insert,声频插入,,2023-01-17
20279823,audio instant messaging,音讯即时消息,,2023-01-17
20279824,audio interchange file format,声频交换档案格式,,2023-01-17
20279825,audio interchange file format file{=AIFF file},声频交换档案格式档案；音讯交换档案格式档,,2023-01-17
20279826,audio interface,音讯介面,,2023-01-17
20279827,audio introduction,声音介绍,,2023-01-17
20279828,audio jack,音讯插孔；声频插孔,,2023-01-17
20279829,audio level,声频位准,,2023-01-17
20279830,audio level control,声频位准控制,,2023-01-17
20279831,audio limiter,声频限制器,,2023-01-17
20279832,audio line,声频线路,,2023-01-17
20279833,audio media,音讯媒体；声频介质,,2023-01-17
20279834,audio memory,声频记忆体,,2023-01-17
20279835,audio meter,声频仪表,,2023-01-17
20279836,audio mix unit,语音混合设备,,2023-01-17
20279837,audio mixer,混音器,,2023-01-17
20279838,audio mixing,声讯混合,,2023-01-17
20279839,audio modality,声频模态,,2023-01-17
20279840,audio modem riser,声频数据机升级器,,2023-01-17
20279841,audio monitor,声频监视器,,2023-01-17
20279842,audio news release,媒体新闻发布,,2023-01-17
20279843,audio noise,声频杂讯,,2023-01-17
20279844,audio on demand,音讯点播；声频随选,,2023-01-17
20279845,audio operator,声频操作员,,2023-01-17
20279846,audio output,声频输出,,2023-01-17
20279847,audio output device,声频输出装置,,2023-01-17
20279848,audio output port,声频输出埠,,2023-01-17
20279849,audio over IP,通过 IP 的音讯；网际网路协定上的声频,,2023-01-17
20279850,audio patch cord,声频插线电线,,2023-01-17
20279851,audio port,音讯埠；声频埠,,2023-01-17
20279852,audio power amplifier,声频功率放大器,,2023-01-17
20279853,audio presentation,音讯呈现,,2023-01-17
20279854,audio processing units,音讯处理单元,,2023-01-17
20279855,audio queue,声频伫列,,2023-01-17
20279856,audio receive only,仅接收声频,,2023-01-17
20279857,audio receiver,声频接收机；声频接收器,,2023-01-17
20279858,audio response,声频回应,,2023-01-17
20279859,audio response calculator,声频回应计算器,,2023-01-17
20279860,audio response control{=ARC},声频回应控制,,2023-01-17
20279861,audio response message,声频回应讯息,,2023-01-17
20279862,audio response system{=ARS},声频回应系统,,2023-01-17
20279863,audio response terminal,声频回应终端机,,2023-01-17
20279864,audio response time-shared system{=ARTS},声频响应分时系统,,2023-01-17
20279865,audio response time-sharing system{=ARTS},声频响应分时系统,,2023-01-17
20279866,audio response unit ARU),声频回应单元,,2023-01-17
20279867,audio response unit{=ARU},声频回应单元,,2023-01-17
20279868,audio return channel,音讯返回通道；声频回复通道,,2023-01-17
20279869,audio ripper,音讯转档；声频转档,,2023-01-17
20279870,audio sample data,音讯样本资料,,2023-01-17
20279871,audio sample format,音讯样本格式,,2023-01-17
20279872,audio scrubbing,声频快刷；音频快速浏览编辑；音讯时间轴快拖,,2024-06-21
20279873,audio selector,声频选择器,,2023-01-17
20279874,audio server,声频伺服器,,2023-01-17
20279875,audio signal,声讯信号；音讯信号,,2023-01-17
20279876,audio socket,声频插座,,2023-01-17
20279877,audio splicing tape,声频编接磁带,,2023-01-17
20279878,audio stream,声频流,,2023-01-17
20279879,audio stream format,音讯资料流格式,,2023-01-17
20279880,audio stream input/output,声频流输入输出,,2023-01-17
20279881,audio streaming,声频串流,,2023-01-17
20279882,audio subtitle,声频字幕,,2023-01-17
20279883,audio switching matrix{=ASM},语音开关矩阵,,2023-01-17
20279884,audio synthesis,声频合成,,2023-01-17
20279885,Audio System,声频系统,,2023-01-17
20279886,audio tag,声频标签,,2023-01-17
20279887,audio tag editor,声频标签编辑器,,2023-01-17
20279888,audio tagging,声频加标,,2023-01-17
20279889,audio tape,录音带,,2023-01-17
20279890,audio tape recorder,声频带记录器；声频磁带录音机,,2023-01-17
20279891,audio telecommunication line,音讯电信线路,,2023-01-17
20279892,audio telecommunication lint,声频电信线,,2023-01-17
20279893,audio termial,声频终端机；声响终端机；可间终端机,,2023-01-17
20279894,audio terminal,声频终端机,,2023-01-17
20279895,audio tone decoder{=ATD},音调解码器,,2023-01-17
20279896,audio track,声频磁轨； 音轨,,2023-01-17
20279897,audio transmission system 2M bits/sec,语音传输系统,,2023-01-17
20279898,audio type,音讯型式,,2023-01-17
20279899,audio upsampling,声频上取样,,2023-01-17
20279900,audio video cable,音讯视讯缆线,,2023-01-17
20279901,audio video connector,视听连接器,,2023-01-17
20279902,audio video container,声视讯号容器,,2023-01-17
20279903,audio video interleave{=AVI},声视讯号交插,,2023-01-17
20279904,audio video interleaved{=AVI},音讯视讯交错,,2023-01-17
20279905,audio video speech recognition,声视讯号语音辨识,,2023-01-17
20279906,audio video{=AV},声视讯号,,2023-01-17
20279907,audio visual ports,声频视觉阜,,2023-01-17
20279908,audio visual{=AV},视听,,2023-01-17
20279909,audio watermark,声频浮水印,,2023-01-17
20279910,Audio／Modem Riser (,声频数据机升级器,,2023-01-17
20279911,audio/video data,声频 / 视讯资料,,2023-01-17
20279912,audio/video interleaved file,声讯/视讯号交插档,,2023-01-17
20279913,audio/video receiver,音讯／视讯接收器,,2023-01-17
20279914,audiobook,有声读物；有声书,,2023-01-17
20279915,audiocast,音讯播出,,2023-01-17
20279916,audiographic,音讯图形,,2023-01-17
20279917,audiographic conferencing,视听会议,,2023-01-17
20279918,audiographic tele conference{=AGT},视听式电传会议；视讯会议,,2023-01-17
20279919,audiographic teleconferencing,音图电传会议,,2023-01-17
20279920,audiographics,声频图学,,2023-01-17
20279921,audiology,听力学,,2023-01-17
20279922,audiometer,听力计,,2023-01-17
20279923,audiometric room,听力测试室,,2023-01-17
20279924,AudioOne,AudioOne 工具,,2023-01-17
20279925,audiophile,高保真音响爱好者,,2023-01-17
20279926,audiophile DAC,高保真音响爱好者 DAC,,2023-01-17
20279927,audioscrobbler,录音笔,,2023-01-17
20279928,Audiotape Storage Unit,声频储存单元,,2023-01-17
20279929,audiotex,声讯,,2023-01-17
20279930,audiotext,音讯文字,,2023-01-17
20279931,audiovisual,视听,,2023-01-17
20279932,audiovisual content,视听内容,,2023-01-17
20279933,audiovisual information,视听资讯,,2023-01-17
20279934,audiovisual material,视听材料,,2023-01-17
20279935,audiovisual services,视听服务,,2023-01-17
20279936,audit,审计；稽核；查帐,,2023-01-17
20279937,audit  scheme,稽核方案,,2023-01-17
20279938,audit area selection,审计区域选择,,2023-01-17
20279939,audit command language,稽核命令语言,,2023-01-17
20279940,audit computer,审计用计算机,,2023-01-17
20279941,audit control information,稽核控制资讯,,2023-01-17
20279942,audit criteria,稽核准则,,2023-01-17
20279943,audit entry language{=AEL},稽核项目语言,,2023-01-17
20279944,audit entry{=AE},稽核项,,2023-01-17
20279945,audit evidence,稽核证据；审计证据,,2023-01-17
20279946,audit exception list,审计异常列表,,2023-01-17
20279947,audit function,审计功能,,2023-01-17
20279948,Audit In Depth,深入审计,,2023-01-17
20279949,audit journal file,审计日志档案,,2023-01-17
20279950,audit list,审计清册,,2023-01-17
20279951,audit log,稽核日志,,2023-01-17
20279952,audit plan,稽核计划,,2023-01-17
20279953,audit program,审计程式,,2023-01-17
20279954,audit programming,审计程式设计,,2023-01-17
20279955,audit recorder function,稽核记录器函数,,2023-01-17
20279956,audit requester,稽核请求者；审计请求者,,2023-01-17
20279957,audit review file,审计档,,2023-01-17
20279958,audit server,审计伺服器,,2023-01-17
20279959,audit service,稽核服务,,2023-01-17
20279960,audit software,审计软体,,2023-01-17
20279961,audit standard,稽核标准,,2023-01-17
20279962,audit trail,审计存底；审计追踪；审计轨迹,,2023-01-17
20279963,audit trail attribute,审计存底属性,,2023-01-17
20279964,audit trail file,审计存底档案,,2023-01-17
20279965,audit trail tape,审计存底带,,2023-01-17
20279966,audit window,审计视窗,,2023-01-17
20279967,auditability,可稽核性,,2023-01-17
20279968,Auditing,稽查,,2023-01-17
20279969,auditing and monitoring,审计和监视,,2023-01-17
20279970,auditing around computer,环绕电脑稽核,,2023-01-17
20279971,auditing automatic data processing system,审计自动资料处理系统,,2023-01-17
20279972,auditing routine,审计常式,,2023-01-17
20279973,auditing system,审计系统,,2023-01-17
20279974,auditing through computer,运用电脑稽核,,2023-01-17
20279975,audition,视听,,2023-01-17
20279976,auditor,审计员,,2023-01-17
20279977,auditory feedback,听觉回馈,,2023-01-17
20279978,auditory information display{=AID},审计资讯显示；听觉资讯显示,,2023-01-17
20279979,auditory masking,听觉遮蔽,,2023-01-17
20279980,auditory masking threshold,听觉遮蔽临界,,2023-01-17
20279981,auditory modality,语音模态；听觉模态,,2023-01-17
20279982,auditory notification,语音提示,,2023-01-17
20279983,auditory presentation,语音呈现,,2023-01-17
20279984,augend,被加数,,2023-01-17
20279985,augend in gate,被加数输入闸,,2023-01-17
20279986,augend register,被加数暂存器,,2023-01-17
20279987,Auger electron spectroscopy{=AES},俄歇电子能谱[学],,2023-01-17
20279988,augment,增加；添加；扩充,,2023-01-17
20279989,augment digit,扩充数位,,2023-01-17
20279990,augment link,扩充链,,2023-01-17
20279991,augmentability,扩充性,,2023-01-17
20279992,augmental interval,增量间隔,,2023-01-17
20279993,augmentation system,扩增系统,,2023-01-17
20279994,augmented Backus-Naur form,扩充巴科斯－诺尔形式,,2023-01-17
20279995,augmented code,扩充码,,2023-01-17
20279996,augmented data manipulator,扩充数据调处器,,2023-01-17
20279997,augmented feature vector,扩充特征向量,,2023-01-17
20279998,augmented grammar,扩充文法,,2023-01-17
20279999,augmented matrix,扩充矩阵,,2023-01-17
20280000,augmented operation code,扩充操作码,,2023-01-17
20280001,augmented pattern,扩充型样,,2023-01-17
20280002,augmented reality,扩增实境,,2023-01-17
20280003,augmented transition network grammar,增加变迁网路文法,,2023-01-17
20280004,augmented transition network{=ATN},扩充变迁网路,,2023-01-17
20280005,augmented virtuality,扩增虚拟性,,2023-01-17
20280006,augmentel,增加量,,2023-01-17
20280007,augmenter,增量器,,2023-01-17
20280008,augmenting path,扩充路径,,2023-01-17
20280009,Auntie,英国广播公司(BBC),,2023-01-17
20280010,aural acoustics impedance/admittance instrument,人耳声阻抗/导纳仪,,2023-01-17
20280011,auro 3D,立体环绕声,,2023-01-17
20280012,aurora,曙光,,2023-01-17
20280013,aurora yellow,曙光黄,,2023-01-17
20280014,auscultatory method sphygmomanometer,听诊法血压计,,2023-01-17
20280015,ausgleichsprinzip oder System der verlustgemeinschaft,平等主义,,2023-01-17
20280016,Austin Computer,奥斯丁电脑公司,,2023-01-17
20280017,Austin Kyoto Common Lisp,AKCL 语言；奥斯汀和京都共用 LISP 语言,,2023-01-17
20280018,Australian broadcasting companies inc.{=ABC},澳大利亚广播公司,,2023-01-17
20280019,autarky,自给自足,,2023-01-17
20280020,authentic,认证,,2023-01-17
20280021,authentic copy,鉴别复本,,2023-01-17
20280022,authentic signature,鉴别签章,,2023-01-17
20280023,authenticate,鉴别,,2023-01-17
20280024,authenticated,已鉴别,,2023-01-17
20280025,authenticated firewall traversal,鉴别防火墙遍历,,2023-01-17
20280026,authenticated turn,已鉴别转信,,2023-01-17
20280027,authenticating,鉴别中,,2023-01-17
20280028,authentication,鉴别；鉴定；鉴认,,2023-01-17
20280029,authentication algorithm,鉴别演算法,,2023-01-17
20280030,authentication authorization and accounting server{=AAA server},认证、授权及帐号管理伺服器,,2023-01-17
20280031,authentication center,鉴别中心,,2023-01-17
20280032,authentication centre,鉴别中心,,2023-01-17
20280033,authentication code,鉴别码,,2023-01-17
20280034,authentication data,鉴别资料,,2023-01-17
20280035,authentication device,鉴别装置,,2023-01-17
20280036,authentication exchange,鉴别交换,,2023-01-17
20280037,authentication function,鉴别功能,,2023-01-17
20280038,authentication header,鉴别标头,,2023-01-17
20280039,authentication header ID,鉴别标头识别码,,2023-01-17
20280040,authentication information,鉴别资讯,,2023-01-17
20280041,authentication initiator,鉴别启始者,,2023-01-17
20280042,authentication key,鉴别金键,,2023-01-17
20280043,authentication mechanism,鉴别机制,,2023-01-17
20280044,"Authentication Person, Time Stamp",鉴定人，时间戳记,,2023-01-17
20280045,authentication protocol,鉴别协定,,2023-01-17
20280046,authentication responder,鉴别回应者,,2023-01-17
20280047,authentication scheme,鉴别方案,,2023-01-17
20280048,authentication server{=AS},鉴认伺服器,,2023-01-17
20280049,authentication service,鉴别服务,,2023-01-17
20280050,authentication system,认证系统；鉴定系统,,2023-01-17
20280051,authentication token,鉴别符记,,2023-01-17
20280052,authentication value,鉴别值,,2023-01-17
20280053,"authentication, authorization , and accounting server",鉴别授权和帐务伺服器,,2023-01-17
20280054,"authentication, authorization and accounting",鉴别授权及归责,,2023-01-17
20280055,"authentication, authorization, accounting",鉴别、授权、会计,,2023-01-17
20280056,authenticator,鉴别器；鉴别者,,2023-01-17
20280057,authenticity,鉴别,,2023-01-17
20280058,Authenticode,授权码,,2023-01-17
20280059,authentification,鉴别,,2023-01-17
20280060,author,著者校样,,2023-01-17
20280061,author and key word in context{=AKWIC},上下文关键词及作者索引,,2023-01-17
20280062,author group,作者群,,2023-01-17
20280063,author language,写作语言,,2023-01-17
20280064,author`s telecast,作者播放,,2023-01-17
20280065,author-defined link,作者定义链接,,2023-01-17
20280066,author-defined path,作者定义路径,,2023-01-17
20280067,authoring,创作,,2023-01-17
20280068,authoring language,制作语言,,2023-01-17
20280069,authoring of personal computer instructional system,个人计算机教授系统之编写,,2023-01-17
20280070,authoring program,著作程式,,2023-01-17
20280071,authoring system,制作系统,,2023-01-17
20280072,authoring tool,创作工具,,2023-01-17
20280073,authorisation,授权；认可,,2023-01-17
20280074,authoritative server,授权伺服器,,2023-01-17
20280075,authoritative source,权威来源,,2023-01-17
20280076,authoritative statement,权威叙述,,2023-01-17
20280077,authority,权限；权力,,2023-01-17
20280078,authority and format identifier,授权格式识别符；权力及格式识别符,,2023-01-17
20280079,authority certificate,权力凭证；权限凭证,,2023-01-17
20280080,authority file,权限档案,,2023-01-17
20280081,authority format identifier,当局格式识别符,,2023-01-17
20280082,authority frame identifier,权限框识别符,,2023-01-17
20280083,authority information access,授权资讯存取,,2023-01-17
20280084,authority list,权限列表,,2023-01-17
20280085,authority matrix,授权矩阵,,2023-01-17
20280086,authority revocation list,权限注销列表,,2023-01-17
20280087,authority server,授权伺服器,,2023-01-17
20280088,authority table{=AT},权限表,,2023-01-17
20280089,authorization,授权,,2023-01-17
20280090,authorization certificate,授权凭证,,2023-01-17
20280091,authorization code,授权码,,2023-01-17
20280092,authorization constraint,授权限制条件；授权约束,,2023-01-17
20280093,authorization data set,特许资料集,,2023-01-17
20280094,Authorization Effective Date,授权有效日期,,2023-01-17
20280095,Authorization Expiration Date,授权截止日期,,2023-01-17
20280096,authorization file,授权档案,,2023-01-17
20280097,Authorization Identifier,授权识别符,,2023-01-17
20280098,authorization information,授权资讯,,2023-01-17
20280099,authorization list,授权表,,2023-01-17
20280100,authorization mechanism,授权机制（数位家庭）,,2023-01-17
20280101,authorization modification,授权修改,,2023-01-17
20280102,authorization number,授权码,,2023-01-17
20280103,authorization PP,推进电力授权讯号,,2023-01-17
20280104,authorization role,授权角色,,2023-01-17
20280105,authorization service plug in,授权服务外挂程式,,2023-01-17
20280106,authorization table,授权表,,2023-01-17
20280107,authorization to copy{=ATC},授权复制,,2023-01-17
20280108,authorize,授权,,2023-01-17
20280109,authorized,授权,,2023-01-17
20280110,authorized access,特许存取,,2023-01-17
20280111,authorized data list{=ADL},特许资料列表,,2023-01-17
20280112,authorized data set,特许资料集,,2023-01-17
20280113,authorized entity,授权实体,,2023-01-17
20280114,authorized entry,合法登录,,2023-01-17
20280115,authorized frequency,特许频率,,2023-01-17
20280116,Authorized Library,授权馆,,2023-01-17
20280117,Authorized Number of Treatments,授权治疗次数,,2023-01-17
20280118,authorized operator,授权操作员,,2023-01-17
20280119,authorized program,特许程式,,2023-01-17
20280120,authorized program analysis report{=APAR},特许程式分析报告,,2023-01-17
20280121,authorized program facility{=APF},特许程式设施,,2023-01-17
20280122,authorized receiver,授权接收者,,2023-01-17
20280123,authorized representative of engineer{=ARE},工程师授权代表,,2023-01-17
20280124,authorized state,特许状态,,2023-01-17
20280125,Authorized Stated,授权状态,,2023-01-17
20280126,"Authorizing Payor, Company ID",授权给付者及公司ID,,2023-01-17
20280127,"Authorizing Payor, Company Name",授权给付者及公司名称,,2023-01-17
20280128,"Authorizing Payor, Plan ID",授权给付者及保险计划ID,,2023-01-17
20280129,author's affiliation,作者所属组织,,2023-01-17
20280130,author's alteration,作者修改,,2023-01-17
20280131,Authorware,Authorware 多媒体软体,,2023-01-17
20280132,AuthXML,AuthXML 语言,,2023-01-17
20280133,Auto – Dilution Factor,自动稀释系数,,2023-01-17
20280134,Auto – Dilution Factor Default,预设自动稀释系数,,2023-01-17
20280135,auto 3D,自动 3D,,2023-01-17
20280136,auto abstract,自动摘要,,2023-01-17
20280137,Auto Accident State,汽车事故状态,,2023-01-17
20280138,auto action,自动动作,,2023-01-17
20280139,auto adaptive inventory management system{=AIMS},自动适应库存管理系统,,2023-01-17
20280140,auto alarm,自动报警器,,2023-01-17
20280141,auto answer,自动回答,,2023-01-17
20280142,auto answer back,自动回答,,2023-01-17
20280143,auto answer file,自动回答档案,,2023-01-17
20280144,auto answer mode,自动回答模式,,2023-01-17
20280145,auto answer modem,自动回答数据机,,2023-01-17
20280146,auto associative learning,自动结合学习,,2023-01-17
20280147,auto attendant,自动助理；自动总机,,2023-01-17
20280148,auto baud detect,自动鲍率检测,,2023-01-17
20280149,auto baud detect function,自动鲍率检测功能,,2023-01-17
20280150,auto bauding,自动鲍率调整,,2023-01-17
20280151,Auto Bypass,自动略过,,2023-01-17
20280152,auto call,自动呼叫,,2023-01-17
20280153,auto call unit,自动呼叫装置,,2023-01-17
20280154,auto centering,自动调中,,2023-01-17
20280155,auto change,自动变更,,2023-01-17
20280156,auto changeover unit,自动转换装置,,2023-01-17
20280157,auto chart,自动图表；自动画流程图,,2023-01-17
20280158,auto chart program,自动图表程式,,2023-01-17
20280159,auto code,自动码；自动编码,,2023-01-17
20280160,auto code instruction,自动编码指令,,2023-01-17
20280161,auto code list processing{=ALP},自动编码列表处理,,2023-01-17
20280162,auto code system,自动编码系统,,2023-01-17
20280163,auto coder{=AC},自动编码器,,2023-01-17
20280164,auto coding,自动编码,,2023-01-17
20280165,auto compensation,自动补偿,,2023-01-17
20280166,auto correct,自动校正,,2023-01-17
20280167,auto correction,自动校正,,2023-01-17
20280168,auto correlation,自动相关,,2023-01-17
20280169,auto correlation analysis,自动相关分析,,2023-01-17
20280170,auto correlation coefficient,自动相关系数,,2023-01-17
20280171,auto correlation command receiver,自动相关命令接收器,,2023-01-17
20280172,auto correlation function,自动相关函数,,2023-01-17
20280173,auto correlation matrix,自动相关矩阵,,2023-01-17
20280174,auto correlation sequence,自动相关序列,,2023-01-17
20280175,auto correlative matrix,自动相关矩阵,,2023-01-17
20280176,auto correlator,自动相关器,,2023-01-17
20280177,auto correlogram,自动相关图,,2023-01-17
20280178,auto correlogram computer,自动相关图式计算机,,2023-01-17
20280179,Auto Coupler,自动联结器；自动耦合器,,2023-01-17
20280180,auto covariance matrix,自动协方差矩阵；自相关矩阵,,2023-01-17
20280181,auto covariance method,自动协方差法,,2023-01-17
20280182,auto create,自动产生,,2023-01-17
20280183,auto crop,自动剪裁,,2023-01-17
20280184,auto cut off,自动断路,,2023-01-17
20280185,auto cycle,自动循环,,2023-01-17
20280186,auto data gather,自动资料收集器,,2023-01-17
20280187,auto data tips,自动资料提示,,2023-01-17
20280188,auto decrement,自动减量；自动递减,,2023-01-17
20280189,auto decrement address,自动递减位址,,2023-01-17
20280190,auto decrement addressing,自动递减定址,,2023-01-17
20280191,auto decrement code,自动递减代码,,2023-01-17
20280192,auto decrement deferred index,自动递减延缓索引,,2023-01-17
20280193,auto decrement deferred mode,自动递减延缓模式,,2023-01-17
20280194,auto decrement flag,自动递减旗标,,2023-01-17
20280195,auto decrement index mode,自动递减索引模式,,2023-01-17
20280196,auto decrement indicator,自动递减指示符,,2023-01-17
20280197,auto decrement mode,自动递减模,,2023-01-17
20280198,auto design,自动设计,,2023-01-17
20280199,auto dial,自动拨号,,2023-01-17
20280200,auto dial modem,自动拨号数据机,,2023-01-17
20280201,auto dialler,自动拨号器,,2023-01-17
20280202,auto difference,自动差异化,,2023-01-17
20280203,auto dispatch,自动调度,,2023-01-17
20280204,auto dispatch gate,自动调度闸,,2023-01-17
20280205,Auto Document Feeder,自动送纸机,,2023-01-17
20280206,Auto doping,自动渗入,,2023-01-17
20280207,auto draft,自动草图,,2023-01-17
20280208,auto drafting,自动制图,,2023-01-17
20280209,auto drain valve,自动排水阀,,2023-01-17
20280210,auto dup/skip{=ADS},自动复制／跨越,,2023-01-17
20280211,auto duplication feature,自动复制特征,,2023-01-17
20280212,auto duplication indicator,自动复制指示器,,2023-01-17
20280213,auto excitation,自激,,2023-01-17
20280214,auto execution,自动执行,,2023-01-17
20280215,auto fade,自动衰褪,,2023-01-17
20280216,auto file,自动档案,,2023-01-17
20280217,auto flow,自动流程,,2023-01-17
20280218,auto font generator,自动字型产生器,,2023-01-17
20280219,auto forecast,自动预测,,2023-01-17
20280220,auto forward,自动向前；自动转送,,2023-01-17
20280221,auto frequency tuning{=AFT},自动频率微调,,2023-01-17
20280222,Auto Gain Controller{=AGC},自动增益控制器,,2023-01-17
20280223,auto hop,自动跳过,,2023-01-17
20280224,auto hub,自动集线器,,2023-01-17
20280225,auto idle,自动闲置,,2023-01-17
20280226,auto increment,自动增量；自动递增,,2023-01-17
20280227,auto increment address,自动递增位址,,2023-01-17
20280228,auto increment addressing,自动递增定址,,2023-01-17
20280229,auto increment addressing mode,自动增量定址模式,,2023-01-17
20280230,auto increment code,自动递增代码,,2023-01-17
20280231,auto increment deferred indexed mode,自动递增延缓索引模式,,2023-01-17
20280232,auto increment deferred mode,自动递增延缓模式,,2023-01-17
20280233,auto increment indexed mode,自动递增索引模式,,2023-01-17
20280234,auto increment mode,自动递增模,,2023-01-17
20280235,auto indent,自动内缩,,2023-01-17
20280236,auto index,自动索引,,2023-01-17
20280237,auto index register,自动索引暂存器,,2023-01-17
20280238,auto index system,自动索引系统,,2023-01-17
20280239,auto indexing,自动索引,,2023-01-17
20280240,auto inhibited{=AI},禁止自动,,2023-01-17
20280241,Auto Ins. Expires,机构员工驾驶执照失效,,2023-01-17
20280242,auto insert notification,自动插入通知,,2023-01-17
20280243,auto instruction device,自动教学装置,,2023-01-17
20280244,auto job startup,自动工件起动,,2023-01-17
20280245,auto kern,自动微调,,2023-01-17
20280246,auto leaders,自动加引点,,2023-01-17
20280247,auto leveling,自动水平,,2023-01-17
20280248,auto line feed,自动换行,,2023-01-17
20280249,auto link,自动链接,,2023-01-17
20280250,auto list members,自动列出成员,,2023-01-17
20280251,auto load,自动载入,,2023-01-17
20280252,auto load vector,自动载入向量,,2023-01-17
20280253,auto loader,自动载入器,,2023-01-17
20280254,auto loading head arm,自动载入磁头臂,,2023-01-17
20280255,auto log line,自动记录行,,2023-01-17
20280256,auto login,自动登入,,2023-01-17
20280257,auto logon,自动登入,,2023-01-17
20280258,auto manual,半自动,,2023-01-17
20280259,auto manual system,半自动系统,,2023-01-17
20280260,auto negotiate,自动协商,,2023-01-17
20280261,auto negotiation,自动协商,,2023-01-17
20280262,auto operation,自动操作,,2023-01-17
20280263,auto oscillation,自振,,2023-01-17
20280264,auto partitioning,自动分区,,2023-01-17
20280265,auto patch system,自动插接系统,,2023-01-17
20280266,auto patching,自动插接,,2023-01-17
20280267,auto plotter,自动绘图机,,2023-01-17
20280268,auto polling,自动轮询,,2023-01-17
20280269,auto preview,自动预视,,2023-01-17
20280270,auto programming,自动程式设计,,2023-01-17
20280271,auto prompting,自动提示,,2023-01-17
20280272,auto ranging,自动距离修正,,2023-01-17
20280273,auto recorder,自动记录器,,2023-01-17
20280274,auto recovery,自动回复,,2023-01-17
20280275,auto redial,自动重新拨号,,2023-01-17
20280276,auto refresh,自动再新,,2023-01-17
20280277,auto registration,自动登记,,2023-01-17
20280278,auto regression,自动回归,,2023-01-17
20280279,auto regression model,自动回归模型,,2023-01-17
20280280,auto regressive,自动回归,,2023-01-17
20280281,auto reliable,自动可靠的,,2023-01-17
20280282,auto removal,自动移去,,2023-01-17
20280283,auto repeat,自动重复,,2023-01-17
20280284,auto reply,自动答复,,2023-01-17
20280285,auto responder,自动回应机,,2023-01-17
20280286,auto restart,自动再起动,,2023-01-17
20280287,auto restart mechanism,自动再起动机构,,2023-01-17
20280288,auto resume,自动回复,,2023-01-17
20280289,auto rotation,自转,,2023-01-17
20280290,auto route inhibit,禁止自动路径,,2023-01-17
20280291,auto route operation,自动路径操作,,2023-01-17
20280292,auto routing,自动选路,,2023-01-17
20280293,auto save,自动保存,,2023-01-17
20280294,auto scaling,自动调整比率尺,,2023-01-17
20280295,auto score,自动划线器,,2023-01-17
20280296,auto screen blank,自动萤幕消除,,2023-01-17
20280297,auto scroll,自动卷动,,2023-01-17
20280298,auto shift,自动移位,,2023-01-17
20280299,auto skip,自动跳过,,2023-01-17
20280300,auto skip option,自动跳越选项,,2023-01-17
20280301,auto sorter,自动分类机；自动排序机,,2023-01-17
20280302,auto spectral density,自频谱密度,,2023-01-17
20280303,auto start job entry,自动起动工件入口,,2023-01-17
20280304,auto start monitor{=ASM},自动起动监视器,,2023-01-17
20280305,auto stop,自动停机,,2023-01-17
20280306,auto swap mode,自动交换模式,,2023-01-17
20280307,auto swap off,自动交换停止,,2023-01-17
20280308,auto synchronous,自动同步,,2023-01-17
20280309,auto synchronous code,自动同步代码,,2023-01-17
20280310,auto tab,自动跳栏,,2023-01-17
20280311,auto termination unit,自动终止装置,,2023-01-17
20280312,auto test,自动测试,,2023-01-17
20280313,auto threading tape,自动引带,,2023-01-17
20280314,auto threading tape mechanism,自动引带机构,,2023-01-17
20280315,auto timer,自动计时器,,2023-01-17
20280316,auto tracking,自动追踪,,2023-01-17
20280317,auto tracking white balance{=ATW},自动追踪白平衡,,2023-01-17
20280318,Auto Transfer Switch,自动切换开关,,2023-01-17
20280319,auto transformer{=ATR},自耦变压器,,2023-01-17
20280320,auto variable threshold,自动可变定限,,2023-01-17
20280321,auto variance,自动方差,,2023-01-17
20280322,auto verify,自动检验,,2023-01-17
20280323,auto white balance{=AWB},自动白平衡,,2023-01-17
20280324,auto wraparound,自动环绕,,2023-01-17
20280325,auto writer,自动写入机,,2023-01-17
20280326,auto XOFF,自动XOFF,,2023-01-17
20280327,auto XON,自动XON,,2023-01-17
20280328,auto zeroing,自动归零,,2023-01-17
20280329,auto-answer modem acoustic coupler,自动回答数据机声响耦合器,,2023-01-17
20280330,auto-attendant,自动仆人,,2023-01-17
20280331,autobaud,自动鲍,,2023-01-17
20280332,autobaud rate,自动鲍率,,2023-01-17
20280333,AutoCAD,AutoCAD软体,,2023-01-17
20280334,autocar radio installation,汽车无线电装备,,2023-01-17
20280335,autocasting,自动浇铸,,2023-01-17
20280336,autocatalysis,自动催化,,2023-01-17
20280337,autochanger,自动变换器,,2023-01-17
20280338,Autocode,自动编码,,2023-01-17
20280339,AUTOCODER,自动编码器,,2023-01-17
20280340,autocollimation principle,自准直原理,,2023-01-17
20280341,autocollimator,自动视准仪,,2023-01-17
20280342,auto-compensation,自动补偿,,2023-01-17
20280343,autocomplete,自动完成,,2023-01-17
20280344,autoconfiguration,自动设定组态,,2023-01-17
20280345,autoconfiguration addressing,自动组态定址,,2023-01-17
20280346,autoconfiguration ip address,自动组态 IP 位址,,2023-01-17
20280347,auto-convergence,自动收敛,,2023-01-17
20280348,autocorrect,自动更正,,2023-01-17
20280349,autocorrelation,自动关联,,2023-01-17
20280350,autocorrelation function,自动关联函数,,2023-01-17
20280351,autocorrelation of noise,杂讯自动关联,,2023-01-17
20280352,autocovariance function,自变异函数,,2023-01-17
20280353,autodegauss,自动消磁,,2023-01-17
20280354,Autodesk,美国欧特克股份有限公司,,2023-01-17
20280355,autodial,自动拨号,,2023-01-17
20280356,autodoping,自动掺杂,,2023-01-17
20280357,autodyne receiver,自差接收机,,2023-01-17
20280358,autodyne reception,自差接收,,2023-01-17
20280359,autofax,自动传真,,2023-01-17
20280360,autofill,自动填充,,2023-01-17
20280361,autoflow,自动流程,,2023-01-17
20280362,autofocus,自动对焦,,2023-01-17
20280363,auto-focus,自动对焦,,2023-01-17
20280364,autofocus point,自动焦点,,2023-01-17
20280365,AutoFont support,自动字型支援,,2023-01-17
20280366,autogenous pressurization system,机载加压力系统,,2023-01-17
20280367,autohide,自动隐藏,,2023-01-17
20280368,auto-hide,自动隐藏,,2023-01-17
20280369,auto-ID center,自动识别中心,,2023-01-17
20280370,auto-ID lab,自动识别实验室,,2023-01-17
20280371,autoignition,自燃,,2023-01-17
20280372,auto-indexed addressing,自动索引定址,,2023-01-17
20280373,auto-kerning,自动字距调整,,2023-01-17
20280374,Autokey,自动键,,2023-01-17
20280375,autokey cipher,自动键钥密码,,2023-01-17
20280376,autoletics,自我驱动,,2023-01-17
20280377,Autolisp,Autolisp 程式语言,,2023-01-17
20280378,autoloader,自动装带器,,2023-01-17
20280379,autologon,自动登入,,2023-01-17
20280380,automagically,自动化简答,,2023-01-17
20280381,auto-man,自动－手控转换开关,,2023-01-17
20280382,automat,自动机,,2023-01-17
20280383,automat and automatic control{=AAC},自动机与自动控制,,2023-01-17
20280384,automata,自动机,,2023-01-17
20280385,automata and formal language,自动机与形式语言,,2023-01-17
20280386,automata causality,自动机因果律,,2023-01-17
20280387,automata classification,自动机分类,,2023-01-17
20280388,automata model,自动机模型,,2023-01-17
20280389,automata representation,自动机表示,,2023-01-17
20280390,automata size,自动机大小,,2023-01-17
20280391,automata theory,自动机理论,,2023-01-17
20280392,automate,自动；自动化,,2023-01-17
20280393,automated,自动化,,2023-01-17
20280394,automated administration,自动化管理,,2023-01-17
20280395,automated analysis,自动化分析,,2023-01-17
20280396,automated assembly,自动化组合,,2023-01-17
20280397,automated assistant,自动化辅助,,2023-01-17
20280398,automated attendant,自动化仆人,,2023-01-17
20280399,automated Audit,自动稽核,,2023-01-17
20280400,automated bibliography{=AB},自动化书目,,2023-01-17
20280401,automated call distribution,自动化呼叫分配,,2023-01-17
20280402,automated checkout,自动化结帐,,2023-01-17
20280403,automated clearing house,自动化票据交换所,,2023-01-17
20280404,automated clearing service,自动票据交换服务,,2023-01-17
20280405,automated command system,自动化指挥系统,,2023-01-17
20280406,automated data,自动化资料,,2023-01-17
20280407,Automated Data Capture,自动化资料撷取,,2023-01-17
20280408,automated data management information system{=ADMIS},自动化资料管理资讯系统,,2023-01-17
20280409,automated data management{=ADM},自动化资料管理,,2023-01-17
20280410,automated data medium,自动化资料媒体,,2023-01-17
20280411,automated data processing,自动化资料处理,,2023-01-17
20280412,automated data processing system{=ADPS},自动化资料处理系统,,2023-01-17
20280413,automated data system{=ADS},自动化资料系统,,2023-01-17
20280414,automated data wiring{=ADW},自动化资料布线,,2023-01-17
20280415,Automated Date Collection,自动化日期收集,,2023-01-17
20280416,automated decision system,自动化决策系统,,2023-01-17
20280417,automated design engineering,自动化设计工程,,2023-01-17
20280418,automated design tool,自动化设计工具,,2023-01-17
20280419,automated design{=AD},自动化设计,,2023-01-17
20280420,automated dictionary,自动化字典,,2023-01-17
20280421,automated digital weather communication program{=ADWCP},自动化数位气象通信程式,,2023-01-17
20280422,automated document management system{=ADMS},自动化文件管理系统,,2023-01-17
20280423,automated documentation,自动化文件制作,,2023-01-17
20280424,automated drafting,自动化制图,,2023-01-17
20280425,automated driving,自动驾驶,,2023-01-17
20280426,automated engineering design{=AED},自动化工程设计,,2023-01-17
20280427,automated environment,自动化环境,,2023-01-17
20280428,automated financial information system{=AFIS},自动化财务资讯系统,,2023-01-17
20280429,automated fingerprint identification system,自动化指纹识别系统,,2023-01-17
20280430,automated funds transfer,自动化资金转帐,,2023-01-17
20280431,automated funds transfer system{=AFTS},自动化资金转帐系统,,2023-01-17
20280432,automated glossary,自动化字汇表,,2023-01-17
20280433,automated graphic technology{=AGT},自动化图形技术,,2023-01-17
20280434,automated graphics interface,自动化图形介面,,2023-01-17
20280435,AUTOmated GRouPing system,自动化分组系统,,2023-01-17
20280436,Automated Guided Transit{=AGT},自动导引运输系统,,2023-01-17
20280437,automated guided vehicles system{=AGVS},自导车辆系统,,2023-01-17
20280438,automated home,自动回主页；自动化家庭,,2023-01-17
20280439,automated image processing,自动化影像处理,,2023-01-17
20280440,automated imagery processing{=AIP},自动成像处理,,2023-01-17
20280441,automated implementation support,自动化实施支援,,2023-01-17
20280442,automated industrial management system{=AIMS},自动化工业管理系统,,2023-01-17
20280443,automated information,自动化资讯,,2023-01-17
20280444,automated information directory update system{=AIDUS},自动化资讯目录更新系统,,2023-01-17
20280445,automated information dissemination system{=AIDS},自动化资讯配送系统,,2023-01-17
20280446,automated information management system{=AIMS},自动化资讯管理系统,,2023-01-17
20280447,automated information management{=AIM},自动化资讯管理,,2023-01-17
20280448,automated information resource,自动化资讯资源,,2023-01-17
20280449,automated information resource system{=AIRES},自动化资讯资源系统,,2023-01-17
20280450,automated information system,自动化资讯系统,,2023-01-17
20280451,automated input and directory update system{=AIDUS},自动化输入与目录更新系统,,2023-01-17
20280452,automated input and document update system{=AIDUS},自动化输入与文件更新系统,,2023-01-17
20280453,automated inquiry system,自动化询问系统,,2023-01-17
20280454,automated instruction fetch unit{=AIFU},自动化指令提取单元,,2023-01-17
20280455,automated integrated manufacturing{=AIM},自动化整合制造,,2023-01-17
20280456,automated intelligence file{=AIF},自动化智慧档案,,2023-01-17
20280457,automated intelligence system,自动化智慧系统,,2023-01-17
20280458,automated inventory management{=AIM},自动化库存管理,,2023-01-17
20280459,automated investing,自动化投资,,2023-01-17
20280460,automated job,自动化工件,,2023-01-17
20280461,automated key distribution,自动金钥分配,,2023-01-17
20280462,automated language processing{=ALP},自动化语言处理,,2023-01-17
20280463,automated layout program,自动化布局程式,,2023-01-17
20280464,Automated Lexicon,自动化辞汇,,2023-01-17
20280465,automated lip reading,自动唇读,,2023-01-17
20280466,automated logic,自动化逻辑,,2023-01-17
20280467,automated logic diagram{=ALD},自动化逻辑图,,2023-01-17
20280468,automated logic inference,自动逻辑推理,,2023-01-17
20280469,automated logic mapping system{=ALMS},自动化逻辑映像系统,,2023-01-17
20280470,automated maintenance system{=AMS},自动化维护系统,,2023-01-17
20280471,Automated Management,自动化管理,,2023-01-17
20280472,automated mapping/geofacility,自动图资/地理设施,,2023-01-17
20280473,automated material-handling system,自动化材料处置系统,,2023-01-17
20280474,automated meter reading{=AMR},自动读表,,2023-01-17
20280475,automated microfilm aperture card update system{=AMACUS},自动化微缩胶卷孔径卡更新系统,,2023-01-17
20280476,automated multimedia terminal{=AMMT},自动化多媒体终端机,,2023-01-17
20280477,automated office,自动化办公室,,2023-01-17
20280478,automated operations network,自动化作业网路,,2023-01-17
20280479,automated operator exit routine,自动化操作员退出常式,,2023-01-17
20280480,automated operator interface{=AOI},自动化运算子介面,,2023-01-17
20280481,automated operator user-exit routine,自动操作者退出使用者常式,,2023-01-17
20280482,automated operator{=AO},自动化运算子,,2023-01-17
20280483,automated process,自动化处理,,2023-01-17
20280484,automated process planning system,自动化过程规划系统,,2023-01-17
20280485,automated processing information file{=APIF},自动化处理资讯档案,,2023-01-17
20280486,automated production management,自动化生产管理,,2023-01-17
20280487,automated program,自动化程式,,2023-01-17
20280488,automated program support system{=APSS},自动化程式支援系统,,2023-01-17
20280489,automated program verifier,自动化程式验证器,,2023-01-17
20280490,automated programming,自动化程式设计,,2023-01-17
20280491,automated proof,自动化证明,,2023-01-17
20280492,automated provisioning,自动化供应,,2023-01-17
20280493,automated publishing system,自动化出版系统,,2023-01-17
20280494,automated real time system,自动化即时系统,,2023-01-17
20280495,automated reasoning,自动推理,,2023-01-17
20280496,automated reproduction and collating system{=ARCS},自动化再制与对照系统,,2023-01-17
20280497,automated response,自动化回应,,2023-01-17
20280498,automated retroactive minimal moderation{=ARMM},自动??追溯,,2023-01-17
20280499,automated search service,自动搜寻服务,,2023-01-17
20280500,automated security monitor,自动保全监视器,,2023-01-17
20280501,automated simulation tool,自动化模拟工具,,2023-01-17
20280502,automated software engineering,自动化软体工程,,2023-01-17
20280503,automated speech recognition,自动化语音辨识,,2023-01-17
20280504,automated spelling check,自动拼字检查,,2023-01-17
20280505,automated spooling priority{=ASP},自动化排存优先,,2023-01-17
20280506,automated stock control,自动化库存控制,,2023-01-17
20280507,automated support environment,自动化支援环境,,2023-01-17
20280508,automated switchboard,自动化交换机,,2023-01-17
20280509,automated system initialization{=ASI},自动化系统初始化,,2023-01-17
20280510,automated system recovery,自动化系统复原,,2023-01-17
20280511,automated tape library{=ATL},自动化磁带馆,,2023-01-17
20280512,automated target recognition{=ATR},自动化目标辨识,,2023-01-17
20280513,automated task,自动化任务,,2023-01-17
20280514,automated teller machine,自动柜员机,,2023-01-17
20280515,automated test case,自动化测试案例,,2023-01-17
20280516,automated test case generator,自动测试案例产生器,,2023-01-17
20280517,automated test data generator,自动测试资料产生器,,2023-01-17
20280518,automated test equipment,自动化测试设备,,2023-01-17
20280519,automated test generator,自动化测试产生器,,2023-01-17
20280520,automated testing,自动化测试,,2023-01-17
20280521,automated thesaurus,自动化词库,,2023-01-17
20280522,automated tool,自动化工具,,2023-01-17
20280523,automated traffic,自动化交通,,2023-01-17
20280524,automated traffic lights,自动化交通号志,,2023-01-17
20280525,automated translation,自动化翻译,,2023-01-17
20280526,automated transmission system{=ATS},自动化传输系统,,2023-01-17
20280527,automated unit test,自动化单元测试,,2023-01-17
20280528,automated verification system{=AVS},自动化验证系统,,2023-01-17
20280529,automated verification tool,自动验证工具,,2023-01-17
20280530,automated waste,自动化浪费,,2023-01-17
20280531,automated x-ray inspection,自动 X 射线检验,,2023-01-17
20280532,AUTOMATH,AUTOMATH 程式语言,,2023-01-17
20280533,automatic,自动,,2023-01-17
20280534,automatic abstract,自动摘要,,2023-01-17
20280535,automatic abstracting,自动节略文摘,,2023-01-17
20280536,automatic acceleration,自动加速,,2023-01-17
20280537,automatic accounting system,自动会计系统,,2023-01-17
20280538,automatic address modification,自动位址修改,,2023-01-17
20280539,automatic address recognition subsystem{=AARS},自动位址识别子系统,,2023-01-17
20280540,automatic address recognition system,自动位址识别系统,,2023-01-17
20280541,automatic addressing,自动定址,,2023-01-17
20280542,automatic addressing system{=AAS},自动定址系统,,2023-01-17
20280543,automatic air defense information system{=AADIS},自动防空资讯系统,,2023-01-17
20280544,automatic air-ground communication system,自动空中地面通信系统,,2023-01-17
20280545,automatic alarm,自动警报,,2023-01-17
20280546,automatic alarm receiver,自动警报接收机,,2023-01-17
20280547,automatic alarm signal keying device,自动警报信号键控装置,,2023-01-17
20280548,automatic alignment,自动对准,,2023-01-17
20280549,automatic allocation,自动分配,,2023-01-17
20280550,automatic alternate route,自动交替路由；自动迂回路由,,2023-01-17
20280551,automatic alternate voice/data,自动交替语音/资料,,2023-01-17
20280552,automatic alternative routing,自动替代选路,,2023-01-17
20280553,automatic amplitude control{=AAC},自动振幅控制,,2023-01-17
20280554,automatic announcement subsystem / telecom,自动发布子系统 / 电信,,2023-01-17
20280555,automatic answer back code exchange,自动回答码交换,,2023-01-17
20280556,automatic answer back unit,自动回应单元,,2023-01-17
20280557,automatic answer trunk,自动回应中继线,,2023-01-17
20280558,automatic answering,自动回应,,2023-01-17
20280559,automatic answering unit,自动应答装置,,2023-01-17
20280560,automatic antenna tuner,自动天线调谐器,,2023-01-17
20280561,automatic antijam circuit,自动抗干扰电路,,2023-01-17
20280562,automatic area control system{=AACS},自动区域控制系统,,2023-01-17
20280563,automatic area control{=AAC},自动区域控制,,2023-01-17
20280564,automatic assembly,自动组合,,2023-01-17
20280565,automatic assembly equipment,自动组合设备,,2023-01-17
20280566,automatic assembly system,自动组合系统,,2023-01-17
20280567,automatic audio switching system{=AASS},自动音讯交换系统,,2023-01-17
20280568,automatic audio switching{=AAS},自动声频交换,,2023-01-17
20280569,automatic backup,自动备份,,2023-01-17
20280570,automatic balancing,自动平衡,,2023-01-17
20280571,automatic bandwidth control,自动频宽控制,,2023-01-17
20280572,automatic bank deposits,自动银行存款,,2023-01-17
20280573,automatic bass compensation,自动低音补偿,,2023-01-17
20280574,"automatic baud rate detection{=ABR, autobaud}",自动鲍率检测,,2023-01-17
20280575,automatic baud recognition{=ABR},自动鲍辨识,,2023-01-17
20280576,automatic beacon resolution,自动信标分解,,2023-01-17
20280577,automatic bias,自动偏压,,2023-01-17
20280578,automatic bias compensation{=ABC},自动偏压补偿,,2023-01-17
20280579,automatic bias control{=ABC},自动偏压控制,,2023-01-17
20280580,automatic binary data link,自动二进制资料链接,,2023-01-17
20280581,Automatic Block,自动闭塞,,2023-01-17
20280582,automatic block system,自动闭塞系统,,2023-01-17
20280583,automatic bootstrap,自动自举,,2023-01-17
20280584,Automatic Bootstrap Loader,自动靴带式载入器,,2023-01-17
20280585,automatic bracketing control,自动定标试验控制,,2023-01-17
20280586,automatic branch exchange,自动交换分机,,2023-01-17
20280587,automatic branching,自动分支,,2023-01-17
20280588,automatic brightness control,自动亮度控制,,2023-01-17
20280589,automatic broadcast controller,自动广播控制器,,2023-01-17
20280590,automatic built-in subroutine,自动内建次常式,,2023-01-17
20280591,automatic bypass,自动旁通,,2023-01-17
20280592,automatic calculation,自动计算,,2023-01-17
20280593,automatic calculator,自动计算器,,2023-01-17
20280594,automatic call,自动呼叫,,2023-01-17
20280595,automatic call distribution,自动呼叫分配,,2023-01-17
20280596,automatic call distributor,自动呼叫分配器,,2023-01-17
20280597,automatic call library,自动呼叫程式馆,,2023-01-17
20280598,automatic call simulator,自动呼叫模拟器,,2023-01-17
20280599,automatic call unit,自动呼叫单元,,2023-01-17
20280600,automatic callback,自动回叫,,2023-01-17
20280601,automatic calling,自动呼叫,,2023-01-17
20280602,automatic calling (in a data network),自动呼叫（在数据网路中）,,2023-01-17
20280603,automatic calling and answering equipment,自动呼叫应答设备,,2023-01-17
20280604,automatic calling equipment,自动呼叫设备,,2023-01-17
20280605,automatic calling unit{=ACU},自动呼叫单元,,2023-01-17
20280606,automatic call-recording equipment{=ACRE},自动呼叫记录设备,,2023-01-17
20280607,automatic camera,自动摄影机,,2023-01-17
20280608,automatic car,自动车,,2023-01-17
20280609,automatic carriage,自动托架,,2023-01-17
20280610,automatic carriagt,自动输送架,,2023-01-17
20280611,automatic carry,自动进位,,2023-01-17
20280612,automatic cartography,自动制图法,,2023-01-17
20280613,automatic cash depositor{=AD},自动存款机,,2023-01-17
20280614,automatic cassette changer,自动卡式变换器,,2023-01-17
20280615,automatic catch weighing instrument　　,自动分重衡器,,2023-01-17
20280616,automatic central alarm system{=ACAS},自动中央警报系统,,2023-01-17
20280617,Automatic Character generation,自动字元产生,,2023-01-17
20280618,automatic character recognition,自动字元识别,,2023-01-17
20280619,automatic charge indication,自动充电指示,,2023-01-17
20280620,automatic charting,自动制图,,2023-01-17
20280621,automatic check interrupt,自动检查中断,,2023-01-17
20280622,automatic check{=AC},自动检查,,2023-01-17
20280623,automatic checker,自动核对器,,2023-01-17
20280624,automatic checking,自动检查,,2023-01-17
20280625,automatic checkout,自动检验,,2023-01-17
20280626,automatic checkout system,自动检测系统,,2023-01-17
20280627,automatic Chinese word segmentation,自动中文断词,,2023-01-17
20280628,automatic circuit,自动电路,,2023-01-17
20280629,automatic circuit breaker{=ACB},自动电路断路器,,2023-01-17
20280630,automatic circuit exchange,自动电路交换,,2023-01-17
20280631,automatic circuit layout,自动电路布局,,2023-01-17
20280632,automatic circuit tester,自动电路测试器,,2023-01-17
20280633,automatic classifier,自动分类器,,2023-01-17
20280634,automatic clearing apparatus,自动清除仪器,,2023-01-17
20280635,automatic clearing indicator,自动清除指示器,,2023-01-17
20280636,automatic clearing key,自动清除键,,2023-01-17
20280637,automatic clocking circuit,自动计时电路,,2023-01-17
20280638,automatic code,自动码,,2023-01-17
20280639,automatic code machine,自动编码机,,2023-01-17
20280640,automatic code translation,自动译码,,2023-01-17
20280641,automatic coding,自动编码,,2023-01-17
20280642,automatic coding language,自动编码语言,,2023-01-17
20280643,automatic coding system,自动编码系统,,2023-01-17
20280644,automatic coin telephone system,自动投币电话系统,,2023-01-17
20280645,automatic collision avoidance system{=ACAS},自动碰撞避免系统,,2023-01-17
20280646,automatic colour control{=ACC},自动色彩控制,,2023-01-17
20280647,automatic command,自动指令,,2023-01-17
20280648,automatic communication,自动通信,,2023-01-17
20280649,automatic communication monitor,自动通讯监视器,,2023-01-17
20280650,automatic compilation,自动编译,,2023-01-17
20280651,automatic component assembly,自动组件组合,,2023-01-17
20280652,automatic computer telex service,自动电脑电报服务,,2023-01-17
20280653,automatic computer telex system,计算机自动控制的用户电报系统,,2023-01-17
20280654,automatic computer{=AC},自动计算机,,2023-01-17
20280655,automatic computerized transverse axial scanner,自动电脑化横向轴扫描器,,2023-01-17
20280656,automatic concentrator,自动集中器,,2023-01-17
20280657,automatic configuration{=AC},自动组态,,2023-01-17
20280658,automatic congestion level,自动壅塞程度；自动壅塞等级,,2023-01-17
20280659,Automatic Constant,自动常数,,2023-01-17
20280660,automatic constant function,自动常数功能,,2023-01-17
20280661,automatic continuous tape relay switching,自动连续带继电器交换,,2023-01-17
20280662,automatic control,自动控制,,2023-01-17
20280663,automatic control engineering{=AC},自动控制工程,,2023-01-17
20280664,automatic control evaluation system,自动控制评估系统,,2023-01-17
20280665,automatic control panel,自动控制面板,,2023-01-17
20280666,automatic control system,自动控制系统,,2023-01-17
20280667,automatic control theory,自动控制理论,,2023-01-17
20280668,automatic controller,自动控制器,,2023-01-17
20280669,automatic controller program,自动控制器程式,,2023-01-17
20280670,automatic conversion,自动转换,,2023-01-17
20280671,automatic correction,自动校正,,2023-01-17
20280672,automatic coupler,自动耦合器；自动联结器,,2023-01-17
20280673,automatic current regulator{=ACR},自动电流调节器,,2023-01-17
20280674,automatic data acquisition{=ADA},自动资料获取,,2023-01-17
20280675,automatic data conversion,自动资料转换,,2023-01-17
20280676,automatic data digitizing system{=ADDS},自动资料数位化系统,,2023-01-17
20280677,automatic data entry unit{=ADEU},自动资料登录单元,,2023-01-17
20280678,automatic data exchange system{=ADXS},自动资料交换系统,,2023-01-17
20280679,automatic data handling system{=ADHS},自动资料处置系统,,2023-01-17
20280680,automatic data interchange system,自动资料交换系统,,2023-01-17
20280681,automatic data link,自动资料链接,,2023-01-17
20280682,automatic data medium,自动资料媒体,,2023-01-17
20280683,automatic data migration,自动资料迁移,,2023-01-17
20280684,automatic data plotter{=ADP},自动资料绘图器,,2023-01-17
20280685,automatic data processing center{=ADPC},自动资料处理中心,,2023-01-17
20280686,automatic data processing engineering{=ADPE},自动资料处理工程,,2023-01-17
20280687,automatic data processing equipment/software{=ADPE/S},自动资料处理设备软体,,2023-01-17
20280688,automatic data processing equipment{=ADPE},自动资料处理设备,,2023-01-17
20280689,automatic data processing inc.{=ADP},自动资料处理公司,,2023-01-17
20280690,automatic data processing machine{=ADPM},自动资料处理机,,2023-01-17
20280691,automatic data processing program reporting system{=ADPPRS},自动资料处理程式报告系统,,2023-01-17
20280692,automatic data processing program{=ADPP},自动资料处理程式,,2023-01-17
20280693,automatic data processing resource,自动资料处理资源,,2023-01-17
20280694,automatic data processing service center{=ADPSC},自动资料处理服务中心,,2023-01-17
20280695,automatic data processing software,自动资料处理软体,,2023-01-17
20280696,automatic data processing system{=ADPS},自动资料处理系统,,2023-01-17
20280697,automatic data processing unit{=ADPU},自动资料处理单元；自动资料处理装置,,2023-01-17
20280698,automatic data processing{=ADP},自动资料处理,,2023-01-17
20280699,automatic data processor{=ADP},自动资料处理机,,2023-01-17
20280700,automatic data protection,自动资料保护,,2023-01-17
20280701,automatic data rate changer{=ADRC},自动数据率变换器,,2023-01-17
20280702,automatic data recovery restart operation,自动资料恢复再启动作业,,2023-01-17
20280703,automatic data reducer,自动资料缩减器,,2023-01-17
20280704,automatic data reduction,自动资料缩减,,2023-01-17
20280705,automatic data reduction equipment,自动资料缩减设备,,2023-01-17
20280706,automatic data routing group{=ADRG},自动资料选路群,,2023-01-17
20280707,automatic data service center{=ADSC},自动资料服务中心,,2023-01-17
20280708,automatic data set editing program{=ADSEP},自动资料集编辑程式,,2023-01-17
20280709,automatic data set{=ADS},自动资料集；自动数传机,,2023-01-17
20280710,Automatic Data Switching,自动资料交换,,2023-01-17
20280711,automatic data switching center,自动资料交换中心,,2023-01-17
20280712,automatic data switching system{=ADSS},自动资料交换系统,,2023-01-17
20280713,automatic data system uniform practices{=ADSUP},自动资料处理系统统一作法,,2023-01-17
20280714,automatic data test line{=ADTS},自动资料测试线,,2023-01-17
20280715,automatic data test unit{=ADTU},自动资料测试单元；自动资料测试装置,,2023-01-17
20280716,automatic data transfer{=ADT},自动资料传送,,2023-01-17
20280717,automatic data translator{=ADT},自动资料翻译器,,2023-01-17
20280718,automatic data unit{=ADU},自动资料单元；自动资料装置,,2023-01-17
20280719,automatic date-and-time indication,自动日期与时间指示,,2023-01-17
20280720,automatic debugging,自动除错,,2023-01-17
20280721,automatic deceleration,自动减速,,2023-01-17
20280722,Automatic Decimal Alignment,自动小数点调正,,2023-01-17
20280723,automatic decimal point computer,自动小数点定位计算机,,2023-01-17
20280724,automatic decision making,自动决策制定,,2023-01-17
20280725,automatic deduction,自动演绎,,2023-01-17
20280726,automatic depth of field,现场自动深度,,2023-01-17
20280727,automatic design optimization,自动设计最佳化,,2023-01-17
20280728,automatic desk computer,自动桌上电脑,,2023-01-17
20280729,automatic destruct program,自动破坏程式,,2023-01-17
20280730,automatic detection{=ADT},自动检测,,2023-01-17
20280731,automatic detector,自动侦测器,,2023-01-17
20280732,automatic diagnosis,自动诊断,,2023-01-17
20280733,automatic diagnostic program{=ADP},自动诊断程式,,2023-01-17
20280734,automatic diagnostics,自动诊断,,2023-01-17
20280735,automatic dial order wire{=ADOW},自动拨号次序线,,2023-01-17
20280736,automatic dial switching network{=ADSN},自动拨号交换网路,,2023-01-17
20280737,automatic dialer,自动拨号器,,2023-01-17
20280738,automatic dialing unit{=ADU},自动拨号单元,,2023-01-17
20280739,automatic dialogue replacement,自动对话替换,,2023-01-17
20280740,automatic dictionary,自动字典,,2023-01-17
20280741,automatic die positioner{=ADP},自动铸模定位器,,2023-01-17
20280742,automatic digital accumulator{=ADA},自动数位累加器,,2023-01-17
20280743,automatic digital calculator,自动数位计算器,,2023-01-17
20280744,automatic digital computer,自动数位电脑,,2023-01-17
20280745,automatic digital data acquisition and recording,自动数位资料获取与记录,,2023-01-17
20280746,automatic digital data error recorder{=ADDER},自动数位式资料误差记录器,,2023-01-17
20280747,automatic digital encoding system,自动数位编码系统,,2023-01-17
20280748,automatic digital message switch{=ADMS},自动数位讯息交换,,2023-01-17
20280749,automatic digital message switching center{=ADMSC},自动数位讯息交换中心,,2023-01-17
20280750,automatic digital network,自动数位网路,,2023-01-17
20280751,automatic digital on line instruments system{=ADOLIS},自动数位连线仪器系统,,2023-01-17
20280752,automatic digital recording and control{=ADRAC},自动数位记录与控制,,2023-01-17
20280753,automatic digital relay center{=ADRC},自动数位电驿中心,,2023-01-17
20280754,automatic digital switch{=ADS},自动数位开关,,2023-01-17
20280755,automatic digital switching,自动数位交换,,2023-01-17
20280756,automatic digital switching center{=ADSC},自动数位交换中心,,2023-01-17
20280757,automatic digital tracking analyzer computer{=ADTAC},自动数位追踪分析计算机,,2023-01-17
20280758,automatic digital tracking{=ADT},自动数位追踪,,2023-01-17
20280759,automatic digital weather switch{=ADWS},自动数位气象交换,,2023-01-17
20280760,automatic dimensioning,自动标注尺寸,,2023-01-17
20280761,automatic direct connection system,自动直接连接系统,,2023-01-17
20280762,automatic direction finding system{=ADFS},自动方向找寻系统；自动测向系统,,2023-01-17
20280763,automatic direction finding{=ADF},自动测向,,2023-01-17
20280764,automatic direction indicator{=ADI},自动方向指示器,,2023-01-17
20280765,automatic diskette eject mechanism,自动磁片弹出制,,2023-01-17
20280766,automatic dispatch system,自动调度系统,,2023-01-17
20280767,automatic display and plotting system{=ADPS},自动显示与绘图系统,,2023-01-17
20280768,automatic display system,自动显示系统,,2023-01-17
20280769,automatic display{=AD},自动显示,,2023-01-17
20280770,automatic dissemination,自动配送,,2023-01-17
20280771,automatic docket-printing facility,自动电话记录摘要列印设备,,2023-01-17
20280772,automatic document classification,自动文件分类,,2023-01-17
20280773,automatic document clustering,自动文件聚类,,2023-01-17
20280774,automatic document control system,自动文件控制系统,,2023-01-17
20280775,automatic document request service{=ADRS},自动文件请求服务,,2023-01-17
20280776,automatic document retrieval system,自动文件检索系统,,2023-01-17
20280777,automatic document storage and retrieval{=ADSTAR},自动文件储存与检索,,2023-01-17
20280778,automatic dot keyer,自动点键控制,,2023-01-17
20280779,automatic drafting machine,自动制图机,,2023-01-17
20280780,automatic drafting system{=ADS},自动制图系统,,2023-01-17
20280781,automatic drain valve; twin tower air dryer,自动排水阀,,2023-01-17
20280782,automatic driving mode,自动驾驶模式　,,2023-01-17
20280783,automatic drum filler,自动鼓式装填机,,2023-01-17
20280784,automatic duration indication,自动历时指示,,2023-01-17
20280785,automatic dynamic response analyzer{=ADRA},自动动态回应分析器,,2023-01-17
20280786,automatic editing,自动编辑,,2023-01-17
20280787,automatic electric co.{=AE},自动电气公司,,2023-01-17
20280788,automatic electronic computer,自动电子计算机,,2023-01-17
20280789,automatic electronic data switching center,自动电子资料交换中心,,2023-01-17
20280790,automatic electronic exchange{=AEX},自动电子交换,,2023-01-17
20280791,automatic electronic switching center{=AESC},自动电子交换中心,,2023-01-17
20280792,automatic emergency braking,自动紧急煞车,,2023-01-17
20280793,automatic engineering design system{=AEDS},自动工程设计系统,,2023-01-17
20280794,automatic entrance unit{=AEU},自动入口装置,,2023-01-17
20280795,Automatic Equalization,自动等化,,2023-01-17
20280796,automatic equalizer,自动等化器,,2023-01-17
20280797,automatic equipment,自动设备,,2023-01-17
20280798,automatic equipment identification{=AEI},自动设备识别,,2023-01-17
20280799,automatic error correcting code,自动改错码,,2023-01-17
20280800,automatic error correction device,自动错误校正装置,,2023-01-17
20280801,automatic error correction system,自动错误校正系统,,2023-01-17
20280802,automatic error correction/detection{=AECD},自动错误校正／检测,,2023-01-17
20280803,automatic error correction{=AEC},自动错误校正；自动改错,,2023-01-17
20280804,automatic error dection,自动错误检测,,2023-01-17
20280805,automatic error detection,自动错误检测,,2023-01-17
20280806,automatic error detection and retransmission,自动侦错与重传,,2023-01-17
20280807,automatic error indication,自动错误指示,,2023-01-17
20280808,automatic error request equipment{=ARQ},自动错误请求设备,,2023-01-17
20280809,automatic error request{=ARQ},自动检错请求,,2023-01-17
20280810,automatic error-correcting code,自动错误更正码,,2023-01-17
20280811,automatic exchange,自动交换,,2023-01-17
20280812,automatic exchange operation,自动交换操作,,2023-01-17
20280813,automatic exposure,自动曝光,,2023-01-17
20280814,automatic exposure bracketing,自动定标曝光；自动包围曝光；自动括弧式曝光,,2023-01-17
20280815,automatic extraction,自动萃取,,2023-01-17
20280816,automatic fare collection equipment{=AFCE},自动收费设备,,2023-01-17
20280817,Automatic Fare Collection Gate{=AFC gate},自动收费闸门,,2023-01-17
20280818,Automatic Fare Collection System{=AFC System},自动收费系统,,2023-01-17
20280819,automatic fault detection{=AFDET},自动故障检测,,2023-01-17
20280820,automatic fault finding,自动故障找寻,,2023-01-17
20280821,automatic fault finding and maintenance,自动故障找寻与维护,,2023-01-17
20280822,automatic fault isolation test{=AFIT},自动故障隔离测试,,2023-01-17
20280823,automatic fault isolation tester{=AFIT},自动故障隔离测试器,,2023-01-17
20280824,automatic fault isolation{=AFI},自动故障隔离,,2023-01-17
20280825,automatic fault location{=AFL},自动错失位置,,2023-01-17
20280826,automatic feature negotiation,自动功能协商,,2023-01-17
20280827,automatic feed,自馈,,2023-01-17
20280828,automatic feed mechanism,自动馈送机制,,2023-01-17
20280829,automatic feed punch,自动送卡打孔；自馈打孔（机）,,2023-01-17
20280830,automatic feed water control{=AFWC},自动馈水控制,,2023-01-17
20280831,automatic feeder,自动馈送器,,2023-01-17
20280832,automatic fidelity control{=AFC},自动保真度控制,,2023-01-17
20280833,automatic field analog computer{=AFAC},自动现场类比计算机,,2023-01-17
20280834,automatic field duplication,自动栏位复制,,2023-01-17
20280835,automatic field format recognition{=AFR},自动栏位格式辨识,,2023-01-17
20280836,automatic file control and documentation{=AFCAD},自动档案控制与文件制作,,2023-01-17
20280837,automatic fine control{=AFC},自动微控；自动微控制,,2023-01-17
20280838,automatic fine tuning{=AFT},自动微调,,2023-01-17
20280839,automatic fingerprint identification,自动指纹识别,,2023-01-17
20280840,automatic fire extinguishing system,自动气体灭火系统,,2023-01-17
20280841,automatic flash unit,自动闪光装置,,2023-01-17
20280842,automatic floating point{=AFP},自动浮点,,2023-01-17
20280843,automatic flowcharting,流程图制作,,2023-01-17
20280844,automatic focus,自动聚焦,,2023-01-17
20280845,automatic following control{=AFC},自动跟随控制,,2023-01-17
20280846,automatic following{=AF},自动跟随,,2023-01-17
20280847,automatic footnote tie in,自动注脚联系,,2023-01-17
20280848,automatic for storage and retrieval of information{=AFSARI},资讯储存与检索自动化,,2023-01-17
20280849,automatic formatting,自动格式化,,2023-01-17
20280850,automatic frequency and phase control{=AFPC},自动频率与相位控制,,2023-01-17
20280851,automatic frequency control system,自动频率控制系统,,2023-01-17
20280852,automatic frequency control{=AFC},自动频率控制,,2023-01-17
20280853,automatic frequency correction,自动频率校正,,2023-01-17
20280854,automatic frequency stabilization{=AFS},自动频率稳定,,2023-01-17
20280855,automatic frequency tuner,自动频率调谐器,,2023-01-17
20280856,automatic function,自动功能,,2023-01-17
20280857,automatic gain control{=AGC},自动增益控制,,2023-01-17
20280858,automatic gain stabilization{=AGS},自动增益稳定,,2023-01-17
20280859,automatic gain-controlled bipolar amplifier,自动增益控制双极性放大器,,2023-01-17
20280860,automatic gas flooding system,自动气体灭火系统,,2023-01-17
20280861,automatic gate,自动闸门,,2023-01-17
20280862,automatic general information learning equipment{=AGILE},自动通用资讯学习设备,,2023-01-17
20280863,automatic generation,自动产生,,2023-01-17
20280864,automatic generation control{=AGC},自动数码产生控制,,2023-01-17
20280865,automatic gimbaled antenna vectoring equipment,自动转向天线定向设备,,2023-01-17
20280866,automatic graphics switching,自动图形切换,,2023-01-17
20280867,automatic gravimetric filling weighing instrument,重力式自动填装衡器,,2023-01-17
20280868,automatic ground receiver terminal{=AGRT},自动地面接收终端机；自动地面接收机终端,,2023-01-17
20280869,automatic group-busying facility,自动群忙设备,,2023-01-17
20280870,automatic handling system,自动处理系统,,2023-01-17
20280871,automatic hardware dump,自动硬体倾印,,2023-01-17
20280872,automatic hierarchy,自动阶层,,2023-01-17
20280873,Automatic Hold,自动保留,,2023-01-17
20280874,automatic holding,自动保持,,2023-01-17
20280875,automatic hunting,自动寻线,,2023-01-17
20280876,automatic hyphenation,自动断字,,2023-01-17
20280877,automatic identification,自动识别,,2023-01-17
20280878,automatic identification and data capture,自动识别及资料撷取,,2023-01-17
20280879,automatic identification data collection,自动识别资料收集,,2023-01-17
20280880,automatic identification system,自动识别系统,,2023-01-17
20280881,automatic illustrated documentation system{=AIDS},自动图解文件系统；自动图解文件制作系统,,2023-01-17
20280882,automatic image data extraction system{=AIDES},自动影像资料萃取系统,,2023-01-17
20280883,automatic image retrieval system{=AIRS},自动影像检索系统,,2023-01-17
20280884,automatic in circuit tester,自动内电路测试器,,2023-01-17
20280885,automatic indentation,自动内缩,,2023-01-17
20280886,automatic indexing,自动索引,,2023-01-17
20280887,automatic indicator,自动指示器,,2023-01-17
20280888,automatic information,自动资讯,,2023-01-17
20280889,automatic information display equipment{=AIDE},自动资讯显示设备,,2023-01-17
20280890,automatic information display system{=AIDS},自动资讯显示系统,,2023-01-17
20280891,automatic information processing{=AIP},自动资讯处理,,2023-01-17
20280892,automatic information retrieval,自动资讯检索,,2023-01-17
20280893,automatic information system{=AIST},自动资讯系统,,2023-01-17
20280894,automatic information tester{=AIT},自动资讯测试器,,2023-01-17
20280895,automatic input{=AI},自动输入,,2023-01-17
20280896,automatic inspection data accumulator{=AIDA},自动检验资料累加器,,2023-01-17
20280897,automatic inspection{=AI},自动检验,,2023-01-17
20280898,automatic instance naming,自动实例命名,,2023-01-17
20280899,automatic instruction retry module,自动指令再试模组,,2023-01-17
20280900,automatic instruments for weighing road vehicles in motion,动态路行车辆自动衡器,,2023-01-17
20280901,automatic integrated circuit tester{=AICT},自动积体电路测试器,,2023-01-17
20280902,automatic integrating debugging system{=AIDS},自动整合除错系统,,2023-01-17
20280903,automatic integrator,自动积分器,,2023-01-17
20280904,automatic intelligence data system{=AIDS},自动智慧型资料系统,,2023-01-17
20280905,automatic interactive debugging system{=AIDS},自动交互除错系统,,2023-01-17
20280906,automatic interactive driver,自动交互驱动器,,2023-01-17
20280907,automatic intercept,自动拦截,,2023-01-17
20280908,automatic intercept center,自动截取中心,,2023-01-17
20280909,automatic intercept system,自动截取系统,,2023-01-17
20280910,automatic interlock,自动互锁,,2023-01-17
20280911,automatic internal diagnosis{=AID},自动内部诊断,,2023-01-17
20280912,automatic international dialing service,国际自动拨号服务,,2023-01-17
20280913,automatic international exchange,自动国际交换局；自动国际交换台,,2023-01-17
20280914,automatic interrogation distorted{=AID},自动询问失真,,2023-01-17
20280915,automatic interrupt,自动中断,,2023-01-17
20280916,automatic iris,自动光瞳,,2023-01-17
20280917,automatic job scheduling,自动工件排程,,2023-01-17
20280918,automatic job stream generator{=AJG},自动工件流产生器,,2023-01-17
20280919,automatic job to job transition,自动工件到工件变迁,,2023-01-17
20280920,automatic journal entries,自动日志项,,2023-01-17
20280921,automatic key,自动键,,2023-01-17
20280922,automatic key management{=AKM},自动键管理,,2023-01-17
20280923,automatic key transliteration,自动键换字,,2023-01-17
20280924,automatic knowledge,自动知识,,2023-01-17
20280925,automatic knowledge acquisition,自动知识获取,,2023-01-17
20280926,automatic label control,自动标号控制,,2023-01-17
20280927,automatic lader diagnostic,自动载入诊断,,2023-01-17
20280928,automatic landing,自动著陆,,2023-01-17
20280929,automatic language data processing{=ALDP},自动语言资料处理,,2023-01-17
20280930,automatic language processing,自动语言处理,,2023-01-17
20280931,automatic language translation,自动语言翻译,,2023-01-17
20280932,automatic language translator,自动语言翻译器,,2023-01-17
20280933,automatic laser encoder{=ALE},自动雷射编码器,,2023-01-17
20280934,automatic level compensation{=ALC},自动位准补偿,,2023-01-17
20280935,automatic level control{=ALC},自动位准控制,,2023-01-17
20280936,automatic level recorder{=ALR},自动位准记录器；自动电平记录仪,,2023-01-17
20280937,automatic level setting{=ALS},自动位准设定,,2023-01-17
20280938,automatic lexical code,自动词汇码,,2023-01-17
20280939,automatic lexical coding,自动词汇编码,,2023-01-17
20280940,automatic library call,自动程式馆呼叫,,2023-01-17
20280941,automatic library update,自动程式馆更新,,2023-01-17
20280942,automatic license plate recognition,自动牌照识别,,2023-01-17
20280943,automatic line adjust,自动行调整,,2023-01-17
20280944,automatic line feed{=ALF},自动换行,,2023-01-17
20280945,automatic line reconnect,自动线路再连接,,2023-01-17
20280946,automatic line switching,自动线路交换,,2023-01-17
20280947,automatic line test{=ALT},自动线路测试,,2023-01-17
20280948,automatic lip reading,自动唇读,,2023-01-17
20280949,automatic load and drive control{=ALDC},自动载入与驱动控制,,2023-01-17
20280950,automatic load balancing device{=ALBD},自动负载平衡装置,,2023-01-17
20280951,automatic load regulator{=ALR},自动负载调整器,,2023-01-17
20280952,automatic loadel,自动馈入器；自动载入器,,2023-01-17
20280953,automatic loader,自动载入器,,2023-01-17
20280954,automatic loader diagnostic,自动载入器诊断,,2023-01-17
20280955,automatic loader switch,自动载入器开关,,2023-01-17
20280956,automatic local frequency control{=ALFC},自动本地频率控制,,2023-01-17
20280957,automatic location device{=ALD},自动定位装置,,2023-01-17
20280958,automatic location identification{=ALI},自动位置识别,,2023-01-17
20280959,automatic lock,自动锁,,2023-01-17
20280960,automatic locking,自动锁定,,2023-01-17
20280961,automatic locking circuit{=ALC},自动锁定电路,,2023-01-17
20280962,automatic logic nesting,自动逻辑巢套,,2023-01-17
20280963,automatic logon,自动登入,,2023-01-17
20280964,automatic low data rate input,自动低资料速率输入,,2023-01-17
20280965,automatic magnetic tape dissemination{=AMTD},自动磁带配送,,2023-01-17
20280966,automatic malfunction analysis{=AMA},自动失灵分析,,2023-01-17
20280967,automatic manual{=AM},自动手册,,2023-01-17
20280968,automatic map display{=AMD},自动映射显示器,,2023-01-17
20280969,automatic map{=AUTOMAP},自动映射,,2023-01-17
20280970,automatic marker,自动标志,,2023-01-17
20280971,automatic mathematical translation,自动数学变换,,2023-01-17
20280972,automatic measure device{=AMD},自动量测装置,,2023-01-17
20280973,automatic measurement technology,自动测量技术,,2023-01-17
20280974,automatic measurement{=AUTMEAS},自动测量,,2023-01-17
20280975,automatic measuring system,自动量测系统,,2023-01-17
20280976,automatic member,自动成员,,2023-01-17
20280977,automatic membership class,自动隶属类,,2023-01-17
20280978,automatic memory,自动记忆,,2023-01-17
20280979,automatic message,自动讯息,,2023-01-17
20280980,automatic message accounting,自动讯息帐务,,2023-01-17
20280981,automatic message address routing system,自动讯息定址路由系统,,2023-01-17
20280982,automatic message distribution system{=AMDS},自动讯息分配系统,,2023-01-17
20280983,automatic message exchange system,自动讯息交换系统,,2023-01-17
20280984,automatic message exchange{=AUTOMEX},自动讯息交换,,2023-01-17
20280985,automatic message handling system{=AMHS},自动讯息处置系统,,2023-01-17
20280986,automatic message processing center,自动讯息处理中心,,2023-01-17
20280987,automatic message processing system{=AMPS},自动讯息处理系统,,2023-01-17
20280988,automatic message recording{=AMR},自动讯息记录,,2023-01-17
20280989,automatic message registering{=AMR},自动讯息登记,,2023-01-17
20280990,automatic message routing,自动讯息选路,,2023-01-17
20280991,automatic message switching,自动讯息交换,,2023-01-17
20280992,automatic message switching center,自动讯息交换中心,,2023-01-17
20280993,automatic message switching network,自动讯息交换网路,,2023-01-17
20280994,automatic message switching system,自动讯息交换系统,,2023-01-17
20280995,automatic message-switching system,自动讯息交换系统,,2023-01-17
20280996,automatic meter reading system{=ARMS},自动读表系统,,2023-01-17
20280997,automatic microfilm editor{=AME},自动微缩胶卷编辑器,,2023-01-17
20280998,automatic microfilm information system{=AMFIS},自动微缩胶卷资讯系统,,2026-05-04
20280999,automatic mode,自动模式,,2023-01-17
20281000,automatic mode authorization,自动控制授权讯号,,2023-01-17
20281001,automatic model acquisition,自动模型获取,,2023-01-17
20281002,automatic modulation control{=AMC},自动调变控制,,2023-01-17
20281003,automatic monitor,自动监视器,,2023-01-17
20281004,automatic monitor and control device{=AMC},自动监控装置,,2023-01-17
20281005,automatic monitor system for vehicles speeding of motor car,机动车速度自动监测系统,,2023-01-17
20281006,automatic monitored control system,自动监控系统,,2023-01-17
20281007,automatic monitoring,自动监视,,2023-01-17
20281008,automatic monitoring system{=AMS},自动监视系统,,2023-01-17
20281009,automatic Morse code operation,自动摩斯码操作,,2023-01-17
20281010,automatic Morse{=AM},自动摩尔斯,,2023-01-17
20281011,automatic multicycle,自动多循环,,2023-01-17
20281012,automatic multilevel precedence,自动多级在先,,2023-01-17
20281013,automatic multimedia exchange,自动多媒体交换,,2023-01-17
20281014,automatic multiple address relay system{=AMARS},自动多址电驿系统,,2023-01-17
20281015,automatic national trunk network,自动国家干线网路,,2023-01-17
20281016,automatic network,自动网路,,2023-01-17
20281017,automatic network analyzer{=ANA},自动网路分析仪,,2023-01-17
20281018,automatic network dial{=AND},自动网路拨号,,2023-01-17
20281019,automatic network routing{=ANR},自动网路选路,,2023-01-17
20281020,automatic new line{=ANL},自动新行,,2023-01-17
20281021,automatic noise suppressor{=ANS},自动杂讯抑制器,,2023-01-17
20281022,automatic number analysis{=ANA},自动数字分析,,2023-01-17
20281023,automatic number identification equipment,自动号码识别设备,,2023-01-17
20281024,automatic number identification{=ANI},自动号码识别,,2023-01-17
20281025,automatic number key,自动号码键,,2023-01-17
20281026,automatic number machine{=ANM},自动号码机,,2023-01-17
20281027,automatic number normalization,自动号码正规化,,2023-01-17
20281028,automatic number plate identification,自动号码牌识别,,2023-01-17
20281029,automatic numbering equipment,自动编号设备,,2023-01-17
20281030,automatic numbering machine,自动编号机,,2023-01-17
20281031,automatic numbering transmitter,自动编号传输器,,2023-01-17
20281032,automatic numerical control,自动数值控制,,2023-01-17
20281033,automatic numerical decision{=AND},自动数值决策,,2023-01-17
20281034,automatic object,自动物件,,2023-01-17
20281035,automatic open loop control,自动开回路控制,,2023-01-17
20281036,automatic operating and scheduling program{=AOSP},自动操作与排程程式,,2023-01-17
20281037,automatic operation,自动运算,,2023-01-17
20281038,automatic operation system{=AUTOOSY},自动作业系统,,2023-01-17
20281039,automatic operations control{=AOC},自动化操作控制,,2023-01-17
20281040,automatic origination,自动发端,,2023-01-17
20281041,automatic outgoing international equipment,国际自动去话设备,,2023-01-17
20281042,automatic output control{=AOC},自动输出控制,,2023-01-17
20281043,automatic overlaying,自动重叠,,2023-01-17
20281044,automatic overload,自动超载,,2023-01-17
20281045,automatic overload control,自动超载控制,,2023-01-17
20281046,automatic page numbering,自动页编号功能,,2023-01-17
20281047,automatic pagination,自动编页；自动标定页数,,2023-01-17
20281048,automatic paging,自动调页,,2023-01-17
20281049,automatic paper carriage,自动送纸滚筒,,2023-01-17
20281050,automatic paragraph numbering,自动段编号,,2023-01-17
20281051,automatic parallelization,自动并行化,,2023-01-17
20281052,automatic parser,自动剖析器,,2023-01-17
20281053,automatic parser generator,自动剖析器产生器,,2023-01-17
20281054,automatic parsing algorithm,自动剖析演算法,,2023-01-17
20281055,automatic parts programming system,自动零件规划系统,,2023-01-17
20281056,automatic patching system,自动修补系统,,2023-01-17
20281057,automatic peripheral control{=APC},自动周边控制,,2023-01-17
20281058,automatic phase control system,自动相位控制系统,,2023-01-17
20281059,automatic phase control{=APC},自动相位控制,,2023-01-17
20281060,automatic phase lock{=APL},自动锁相,,2023-01-17
20281061,automatic phase synchronization,自动相位同步,,2023-01-17
20281062,automatic photomapping equipment{=APE},自动光电绘图设备,,2023-01-17
20281063,automatic picture sharpness control{=APSC},自动图象清晰度控制,,2023-01-17
20281064,automatic picture transmission system{=APTS},自动图象传输系统,,2023-01-17
20281065,automatic picture transmission{=APT},自动图象传输,,2023-01-17
20281066,automatic placement,自动布局,,2023-01-17
20281067,automatic placement and routing,自动布局布线,,2023-01-17
20281068,automatic plexicoder{=AUTOPLX},自动丛编码器,,2023-01-17
20281069,automatic plotter,自动绘图器,,2023-01-17
20281070,automatic plotting,自动绘图,,2023-01-17
20281071,automatic poll,自动轮询,,2023-01-17
20281072,automatic polling,自动轮询,,2023-01-17
20281073,automatic position,自动位置,,2023-01-17
20281074,automatic position reference system{=APRS},自动位置参考系统,,2023-01-17
20281075,automatic positioning equipment{=APE},自动定位设备,,2023-01-17
20281076,automatic power control,自动电力控制,,2023-01-17
20281077,automatic power factor regulator,自动功率因数调整器,,2023-01-17
20281078,automatic power off{=APO},自动断电,,2023-01-17
20281079,automatic power plant checker{=APPC},电厂自动检对器,,2023-01-17
20281080,automatic predictive maintenance{=APM},自动预测性维护,,2023-01-17
20281081,automatic preemption,自动占先,,2023-01-17
20281082,automatic printer,自动列印机,,2023-01-17
20281083,automatic printing,自动列印,,2023-01-17
20281084,automatic priority group{=APG},自动优先组,,2023-01-17
20281085,automatic priority interrupt{=API},自动优先中断,,2023-01-17
20281086,automatic private IP addressing,自动专用 IP 定址,,2023-01-17
20281087,automatic product test,自动产品测试,,2023-01-17
20281088,automatic program certification,自动程式认证,,2023-01-17
20281089,automatic program control{=APC},自动程式控制,,2023-01-17
20281090,automatic program execution,自动程式执行,,2023-01-17
20281091,automatic program generation,自动程式产生,,2023-01-17
20281092,automatic program generator{=APG},自动程式产生器,,2023-01-17
20281093,automatic program interrupt{=API},自动程式中断,,2023-01-17
20281094,automatic program interruption,自动程式中断,,2023-01-17
20281095,automatic program language,自动程式语言,,2023-01-17
20281096,automatic program load{=APL},自动程式载入,,2023-01-17
20281097,automatic program loading unit{=APLU},自动程式载入装置,,2023-01-17
20281098,automatic program optimization,自动程式最佳化,,2023-01-17
20281099,automatic program segmentation,自动程式分段,,2023-01-17
20281100,automatic program synthesis,自动程式合成,,2023-01-17
20281101,automatic program system{=APS},自动程式系统,,2023-01-17
20281102,automatic program verification,自动程式验证,,2023-01-17
20281103,automatic program verification system,自动程式验证系统,,2023-01-17
20281104,automatic programmer,自动程式设计器,,2023-01-17
20281105,automatic programming approach,自动程式设计方式,,2023-01-17
20281106,automatic programming language,自动程式设计语言,,2023-01-17
20281107,automatic programming system,自动程式设计系统,,2023-01-17
20281108,automatic programming tool{=APT},自动程式设计工具,,2023-01-17
20281109,automatic programming unit,自动程式设计装置,,2023-01-17
20281110,automatic programming{=AP},自动程式设计,,2023-01-17
20281111,automatic protection switch,自动保护切换,,2023-01-17
20281112,automatic protection switching,自动保护切换,,2023-01-17
20281113,automatic provisioning,自动供应,,2023-01-17
20281114,automatic punch,自动打孔机,,2023-01-17
20281115,automatic quality control,自动品质控制,,2023-01-17
20281116,automatic question modification,自动问题修改,,2023-01-17
20281117,automatic radio direction finding system,自动无线电定向系统,,2023-01-17
20281118,automatic ragged right justification,自动右边未对齐调整,,2023-01-17
20281119,automatic rail weighbridge,自动轨道地秤,,2023-01-17
20281120,automatic random access transport{=ARAT},自动随机存取传送,,2023-01-17
20281121,automatic range control{=ARC},自动范围控制；自动值域控制,,2023-01-17
20281122,automatic range tracking unit{=ARTU},自动范围追踪装置；自动距离追踪装置,,2023-01-17
20281123,automatic range unit{=ARU},自动测距单元,,2023-01-17
20281124,automatic ratio control{=ARC},自动比率控制,,2023-01-17
20281125,automatic reactivation,自动重活化；自动再启动,,2026-05-04
20281126,automatic read notification,自动读通知,,2023-01-17
20281127,automatic read receipts,自动读取回执,,2023-01-17
20281128,automatic reader{=AUTOREAD},自动阅读机,,2023-01-17
20281129,automatic reading,自动阅读,,2023-01-17
20281130,automatic reading machine,自动阅读机,,2023-01-17
20281131,automatic recalculation,自动重算,,2023-01-17
20281132,automatic receiver,自动接收机,,2023-01-17
20281133,automatic receiver program{=ARP},自动接收器程式,,2023-01-17
20281134,automatic reclosing{=AUTORECL},自动再次接通,,2023-01-17
20281135,automatic record analysis language{=ARAL},自动记录分析语言,,2023-01-17
20281136,automatic record locking,自动记录锁定,,2023-01-17
20281137,automatic record selection/deletion,自动记录选择／删除,,2023-01-17
20281138,automatic recorder,自动记录器,,2023-01-17
20281139,automatic recording,自动记录,,2023-01-17
20281140,automatic recording calculating machine,自动记录式计算机,,2023-01-17
20281141,automatic recover program,自动恢复程式,,2023-01-17
20281142,automatic recovery,自动恢复,,2023-01-17
20281143,automatic recovery program,自动恢复程式,,2023-01-17
20281144,automatic recovery quotient,自动恢复商数,,2023-01-17
20281145,automatic reel hub,自动卷盘集线器,,2023-01-17
20281146,Automatic Reflex Allowed,允许自动反射,,2023-01-17
20281147,automatic refreshing,自动再新,,2023-01-17
20281148,automatic regulation,自动调节,,2023-01-17
20281149,automatic relay computer,自动继电器计算机,,2023-01-17
20281150,automatic relay equipment,自动中继设备,,2023-01-17
20281151,automatic reorganization,自动重组,,2023-01-17
20281152,Automatic Repeat Allowed,允许自动反射,,2023-01-17
20281153,automatic repeat attempt,自动重复尝试,,2023-01-17
20281154,automatic repeat request,自动重复请求,,2023-01-17
20281155,automatic repetition,自动重复,,2023-01-17
20281156,automatic repetition of error{=ARE},自动重复错误,,2023-01-17
20281157,automatic repetition system,自动重复系统,,2023-01-17
20281158,automatic report feature{=ARF},自动报告特征,,2023-01-17
20281159,automatic reporting,自动陈报,,2023-01-17
20281160,automatic request,自动请求,,2023-01-17
20281161,automatic request for repetition,自动重复请求,,2023-01-17
20281162,automatic request repeat,自动请求重复,,2023-01-17
20281163,automatic request system,自动请求系统,,2023-01-17
20281164,automatic request terminal,自动请求终端机,,2023-01-17
20281165,automatic re-routing,自动重选路,,2023-01-17
20281166,Automatic Rerun Allowed,允许自动反射,,2023-01-17
20281167,automatic research compiler,自动研究编译器,,2023-01-17
20281168,automatic research computer,自动研究电脑,,2023-01-17
20281169,automatic reset,自动重置,,2023-01-17
20281170,automatic reset counter{=ARC},自动重置计数器,,2023-01-17
20281171,automatic reset relay,自动重置继电器,,2023-01-17
20281172,automatic reset thermal cutout,自动重置型热动断路器,,2023-01-17
20281173,automatic resolution control{=ARC},自动解析度控制,,2023-01-17
20281174,automatic response,自动回应,,2023-01-17
20281175,automatic response file,自动回应档案,,2023-01-17
20281176,automatic response query{=ARQ},自动回应查询,,2023-01-17
20281177,automatic restart circuit{=ARC},自动再启动电路,,2023-01-17
20281178,automatic restart error code,自动再启动错误码,,2023-01-17
20281179,automatic restart{=AR},自动再启动,,2023-01-17
20281180,automatic restore procedure,自动复原程序,,2023-01-17
20281181,automatic retransmission,自动再传输,,2023-01-17
20281182,automatic retransmission exchange{=ARX},自动再传输交换,,2023-01-17
20281183,automatic retrieval,自动检索,,2023-01-17
20281184,automatic retrieval system{=ARS},自动检索系统,,2023-01-17
20281185,automatic return,自动回复,,2023-01-17
20281186,automatic reusability technique,自动再用技术,,2023-01-17
20281187,Automatic Ringdown,自动响铃,,2023-01-17
20281188,automatic ringing,自动振铃,,2023-01-17
20281189,automatic rolling filter{=ARF},自转式过滤器,,2023-01-17
20281190,automatic route management{=ARM},自动路线管理,,2023-01-17
20281191,automatic route release,路径锁定自动解除,,2023-01-17
20281192,automatic route selection{=ARS},自动路线选择,,2023-01-17
20281193,automatic routine,自动常式,,2023-01-17
20281194,automatic routing,自动选路,,2023-01-17
20281195,automatic sample processor{=ASP},自动样本处理机,,2023-01-17
20281196,automatic scale,自动标度,,2023-01-17
20281197,automatic scale command,自动标度命令,,2023-01-17
20281198,automatic scan,自动扫描,,2023-01-17
20281199,automatic scan counter{=ASC},自动扫描计数器,,2023-01-17
20281200,automatic scanner,自动扫描器,,2023-01-17
20281201,automatic scanning control unit{=ASCU},自动扫描控制单元,,2023-01-17
20281202,automatic schedule procedures{=ASP},自动排程程序,,2023-01-17
20281203,automatic scheduling,自动排程,,2023-01-17
20281204,automatic scheduling and operation program{=ASOP},自动排程与操作程式,,2023-01-17
20281205,automatic schema translation,自动概要翻译,,2023-01-17
20281206,automatic seat reservation system{=ASRS},自动订位系统,,2023-01-17
20281207,automatic secure voice communication,自动保全语音通信,,2023-01-17
20281208,automatic segmentation,自动分段,,2023-01-17
20281209,automatic segmentation and control,自动分段与控制,,2023-01-17
20281210,automatic segmentation of Chinese words,自动中文断词,,2023-01-17
20281211,automatic segmentation of words,自动断词,,2023-01-17
20281212,automatic selection control{=ASC},自动选择控制,,2023-01-17
20281213,automatic selection{=AS},自动选择,,2023-01-17
20281214,automatic selectivity control{=ASC},自动选择性控制,,2023-01-17
20281215,automatic self verification{=ASV},自动自查证,,2023-01-17
20281216,automatic self-acting,自动自我作用,,2023-01-17
20281217,automatic send and receive{=ASR},自动收发机,,2023-01-17
20281218,automatic send receive{=ASR},自动送收,,2023-01-17
20281219,automatic send/receive,自动发送／接收,,2023-01-17
20281220,automatic send/receive set{=ASR},自动收发机；自动收发装置,,2023-01-17
20281221,automatic sender{=AUTSEND},自动发送器,,2023-01-17
20281222,automatic sender-receiver,自动收发设备；自动收发报机,,2023-01-17
20281223,automatic sending,自动发送,,2023-01-17
20281224,automatic sending hopper,自动送纸投入口,,2023-01-17
20281225,automatic send-receiver{=ASR},自动发送接收机,,2023-01-17
20281226,automatic sensibility control{=ASC},自动感测度控制,,2023-01-17
20281227,automatic sensing,自动感测,,2023-01-17
20281228,automatic sensing display flag,自动感测显示旗标,,2023-01-17
20281229,automatic sensitivity control,自动灵敏度控制,,2023-01-17
20281230,automatic sensor calibration{=ASC},自动感测器校准,,2023-01-17
20281231,automatic sequence,自动顺序,,2023-01-17
20281232,automatic sequence computer,自动序列计算机,,2023-01-17
20281233,automatic sequence control{=ASC},自动顺序控制,,2023-01-17
20281234,automatic sequence controlled calculator{=ASCC},自动顺序控制计算器,,2023-01-17
20281235,automatic sequence controlled computer,自动顺序控制计算机,,2023-01-17
20281236,automatic sequencer,自动定序器,,2023-01-17
20281237,automatic sequencing,自动定序,,2023-01-17
20281238,automatic sequential connection,自动顺序连接,,2023-01-17
20281239,automatic sequential operation,自动顺序运算,,2023-01-17
20281240,automatic server plotter{=ASP},自动伺服绘图机,,2023-01-17
20281241,automatic service,自动服务,,2023-01-17
20281242,automatic service profile identifier,自动服务设定档识别符,,2023-01-17
20281243,automatic service requirement,自动服务需求,,2023-01-17
20281244,automatic servo plotter,自动伺服绘图器,,2023-01-17
20281245,automatic set membership,自动集合隶属,,2023-01-17
20281246,automatic sharding,自动分片,,2023-01-17
20281247,automatic sheet feeder,自动表单馈送器,,2023-01-17
20281248,automatic shift position data encoder{=ASPDE},自动移位数据编码器,,2023-01-17
20281249,automatic shutdown,自动关机,,2023-01-17
20281250,automatic shutter,自动快门,,2023-01-17
20281251,automatic signal recognition unit{=ASRU},自动信号识别装置,,2023-01-17
20281252,automatic signaling{=AUTSIGN},自动发信号,,2023-01-17
20281253,automatic signature verification system{=ASVS},自动签署验证系统,,2023-01-17
20281254,automatic single path error correction{=AUTOSPEC},自动单程改错,,2023-01-17
20281255,automatic skip,自动跨越,,2023-01-17
20281256,automatic skip driver agent,自动略过驱动程式代理程式,,2023-01-17
20281257,automatic sorter,自动排序机,,2023-01-17
20281258,automatic sorting machine,自动排序机,,2023-01-17
20281259,automatic space extension,自动空间延伸,,2023-01-17
20281260,automatic speech processing,自动语音处理,,2023-01-17
20281261,automatic speech recognition{=ASR},自动语音识别,,2023-01-17
20281262,automatic speech verification{=ASV},自动语音验证,,2023-01-17
20281263,automatic speed control{=ASC},自动速率控制,,2023-01-17
20281264,automatic spelling correction,自动拼字校正,,2023-01-17
20281265,automatic SPOOL,自动排存,,2023-01-17
20281266,automatic spooling program,自动排存程式,,2023-01-17
20281267,automatic sprinkle system,自动撒水系统,,2023-01-17
20281268,automatic stabilization equipment{=ASE},自动稳定设备,,2023-01-17
20281269,automatic stacking,自动堆叠,,2023-01-17
20281270,automatic starter,自动起动器,,2023-01-17
20281271,automatic starting,自动起动,,2023-01-17
20281272,automatic starting control,自动起动控制,,2023-01-17
20281273,automatic starting device,自动起动装置,,2023-01-17
20281274,automatic startup,自动起动,,2023-01-17
20281275,automatic station,自动站,,2023-01-17
20281276,automatic station identification device,自动电台识别装置,,2023-01-17
20281277,automatic station keeping system,自动电台跟踪系统,,2023-01-17
20281278,automatic step adjustment,自动步调整,,2023-01-17
20281279,automatic step integration method,自动步进积分法,,2023-01-17
20281280,automatic stepping,自动步进,,2023-01-17
20281281,automatic stop,自动停止,,2023-01-17
20281282,automatic stop arrangement,自动停止安排,,2023-01-17
20281283,automatic storage,自动储存,,2023-01-17
20281284,automatic storage allocation,自动储存配置,,2023-01-17
20281285,automatic storage and retransmission equipment,自动储存与重传设备,,2023-01-17
20281286,automatic storage and retrieval system{=ASRS},自动储存与检索系统,,2023-01-17
20281287,automatic storage area,自动储存区,,2023-01-17
20281288,automatic storage class,自动储存类别,,2023-01-17
20281289,automatic storage duration,自动储存期间,,2023-01-17
20281290,automatic storage equipment,自动储存设备,,2023-01-17
20281291,automatic subprogram timing measurement system,自动次程式计时测量系统,,2023-01-17
20281292,automatic subschema generation,自动子纲目产生,,2023-01-17
20281293,automatic subscriber line test equipment{=ASLTE},用户线自动测试设备,,2023-01-17
20281294,automatic subscriber line testing equipment,用户线自动测试设备,,2023-01-17
20281295,automatic supervisory control,自动监督控制,,2023-01-17
20281296,automatic switch center{=ASC},自动交换中心,,2023-01-17
20281297,automatic switched channel,自动交换通道,,2023-01-17
20281298,automatic switching,自动交换,,2023-01-17
20281299,automatic switching center,自动交换中心,,2023-01-17
20281300,automatic switching equipment,自动交换设备,,2023-01-17
20281301,automatic switching network,自动交换网路,,2023-01-17
20281302,automatic switching of telegraph,自动电报交换,,2023-01-17
20281303,automatic switching panel{=ASP},自动交换面板,,2023-01-17
20281304,automatic switching recorder{=ASR},自动交换记录器,,2023-01-17
20281305,automatic switching service,自动交换服务,,2023-01-17
20281306,automatic switching system,自动交换系统,,2023-01-17
20281307,automatic switchover,自动转接,,2023-01-17
20281308,automatic synchronized control{=ASC},自动同步控制,,2023-01-17
20281309,automatic synchronizer{=AS},自动同步器,,2023-01-17
20281310,automatic synchronizing system,自动同步系统,,2023-01-17
20281311,automatic syntax method,自动语法方法,,2023-01-17
20281312,automatic syntax recognition,自动语法识别,,2023-01-17
20281313,automatic synthesis,自动合成,,2023-01-17
20281314,automatic system,自动系统,,2023-01-17
20281315,automatic system analysis{=ASA},自动系统分析,,2023-01-17
20281316,automatic system checkout program{=ASCP},自动系统检测程式,,2023-01-17
20281317,automatic system control{=ASC},自动系统控制,,2023-01-17
20281318,automatic system generation,自动系统产生,,2023-01-17
20281319,automatic system reconfiguration{=ASR},自动系统重组态,,2023-01-17
20281320,automatic system self test{=ASST},自动系统自试验,,2023-01-17
20281321,automatic system trouble analysis{=ASTA},自动系统故障分析,,2023-01-17
20281322,automatic tabulating machine,自动制表机,,2023-01-17
20281323,automatic tally order,自动结算命令,,2023-01-17
20281324,automatic tandem networking,自动汇接连网,,2023-01-17
20281325,automatic tape dispenser{=ATD},自动磁带分配器,,2023-01-17
20281326,automatic tape handler{=ATH},自动磁带处置器,,2023-01-17
20281327,automatic tape library,自动磁带馆,,2023-01-17
20281328,automatic tape punch,自动打带机,,2023-01-17
20281329,automatic tape reader{=ATR},自动读带机,,2023-01-17
20281330,automatic tape relay,自动磁带中继,,2023-01-17
20281331,automatic tape transmitter,自动送带机,,2023-01-17
20281332,automatic tape winder{=ATW},自动卷带器,,2023-01-17
20281333,automatic target detection,自动目标侦测,,2023-01-17
20281334,automatic target tracking{=ATT},自动目标追踪,,2023-01-17
20281335,automatic telephone set{=ATS},自动电话机,,2023-01-17
20281336,automatic telephone translation system,自动电话翻译系统,,2023-01-17
20281337,automatic telephone{=AT},自动电话,,2023-01-17
20281338,automatic teleprinter exchange service,自动式电传列印机交换服务,,2023-01-17
20281339,automatic teller machine{=ATM},自动柜员机,,2023-01-17
20281340,automatic telling{=ATL},自动出纳,,2023-01-17
20281341,automatic temperature compensation,自动温度补偿,,2023-01-17
20281342,automatic terminal disconnection,自动终端切断,,2023-01-17
20281343,automatic terminal station{=ATS},自动终端站,,2023-01-17
20281344,automatic termination,自动终止,,2023-01-17
20281345,automatic test,自动测试,,2023-01-17
20281346,automatic test capability,自动测试能力,,2023-01-17
20281347,automatic test data generator,自动测试资料产生器,,2023-01-17
20281348,automatic test equipment{=ATE},自动测试设备,,2023-01-17
20281349,automatic test generation,自动测试产生,,2023-01-17
20281350,automatic test generation system,自动测试产生系统,,2023-01-17
20281351,automatic test generator{=ATG},自动测试产生器,,2023-01-17
20281352,automatic test line{=ATL},自动测试线,,2023-01-17
20281353,automatic test pattern,自动测试型样,,2023-01-17
20281354,automatic test pattern generation,自动测试型样产出,,2023-01-17
20281355,automatic test pattern generation system{=ATPG},自动测试型样产生系统,,2023-01-17
20281356,automatic test phrase transmitter,自动试验用语发射机,,2023-01-17
20281357,automatic test system{=ATS},自动测试系统,,2023-01-17
20281358,automatic testing,自动测试,,2023-01-17
20281359,automatic texting,自动电文处理,,2023-01-17
20281360,automatic theorem proving,自动定理证明,,2023-01-17
20281361,automatic threading and rewind,自动穿带与回卷,,2023-01-17
20281362,automatic threading tape drive,自动穿带驱动机,,2023-01-17
20281363,automatic threshold control{=ATC},自动定限值控制,,2023-01-17
20281364,Automatic Ticket Issuing Machine{=ATIM},自动售票机,,2023-01-17
20281365,automatic ticketing{=AT},自动订票,,2023-01-17
20281366,automatic time element compensator,自动延时补偿器,,2023-01-17
20281367,automatic timed recall,自动限时撤回,,2023-01-17
20281368,automatic timing control{=ATC},自动计时控制,,2023-01-17
20281369,automatic timing corrector{=ATC},自动计时校正器,,2023-01-17
20281370,automatic tint control{=ATC},自动色调控制,,2023-01-17
20281371,automatic tone correction,自动音调校正,,2023-01-17
20281372,automatic tool changer{=ATC},自动工具变换器,,2023-01-17
20281373,automatic track while scanning{=ATWS},扫描时自动追踪,,2023-01-17
20281374,automatic tracking,自动追踪,,2023-01-17
20281375,automatic traffic control{=ATC},自动交通控制,,2023-01-17
20281376,automatic traffic distributor,话务自动分配器；流量自动分配器,,2023-01-17
20281377,automatic traffic overload protection,自动交通超载保护,,2023-01-17
20281378,Automatic Train Control Dynamic Acceptance Tests,自动列车控制动态验收测试,,2023-01-17
20281379,automatic train control{=ATC},列车自动控制,,2023-01-17
20281380,automatic train operation fault{=ATOFLT},自动列车操作故障,,2023-01-17
20281381,automatic train operation panel{=ATO Panel},自动列车操作面板,,2023-01-17
20281382,automatic train operation release{=ATO REL},自动列车操作释放,,2023-01-17
20281383,automatic train operation stop{=ATO STOP},自动列车操作停止,,2023-01-17
20281384,automatic train operation{=ATO},列车自动操作,,2023-01-17
20281385,automatic train protection fault,自动列车保护故障,,2023-01-17
20281386,Automatic Train Protection Speed Limit,自动列车保护速限,,2023-01-17
20281387,Automatic Train Protection{=ATP},自动列车保护,,2023-01-17
20281388,automatic train scheduling,自动列车排程,,2023-01-17
20281389,automatic train supervision fault,自动列车监视故障,,2023-01-17
20281390,Automatic Train Supervision{=ATS},自动列车监督,,2023-01-17
20281391,automatic transaction queue,自动异动伫列,,2023-01-17
20281392,Automatic Transaction Recorder,自动交易记录器,,2023-01-17
20281393,automatic transducor,自动换能器,,2023-01-17
20281394,automatic transfer switch,自动切换开关,,2023-01-17
20281395,automatic translation{=AUTOTRAN},自动翻译,,2023-01-17
20281396,automatic transmitter,自动传输器,,2023-01-17
20281397,automatic trim system{=ATS},自动调正系统；自动微调系统,,2023-01-17
20281398,automatic trouble diagnosis,自动障碍诊断,,2023-01-17
20281399,automatic trouble locating arrangement,自动障碍定位安排,,2023-01-17
20281400,automatic tuning,自动调谐,,2023-01-17
20281401,automatic typesetting,自动排版,,2023-01-17
20281402,automatic typewriter{=AT},自动打字机,,2023-01-17
20281403,automatic update,自动更新,,2023-01-17
20281404,automatic updating,自动更新,,2023-01-17
20281405,automatic utility translator{=AUTRAN},自动公用程式翻译器,,2023-01-17
20281406,automatic variable,自动变数,,2023-01-17
20281407,automatic vectorization procedure,自动向量化程序,,2023-01-17
20281408,automatic vehicle identification,自动车辆辨识,,2023-01-17
20281409,automatic vehicle location,自动化车辆定位,,2023-01-17
20281410,automatic vehicle locator,自动载具定位器,,2023-01-17
20281411,automatic vehicle parking,自动停车,,2023-01-17
20281412,automatic verification system,自动验证系统,,2023-01-17
20281413,automatic verifier,自动验证器,,2023-01-17
20281414,Automatic Voice Recognition,自动语音辨识,,2023-01-17
20281415,automatic voltage digitizer{=AVD},自动电压数化器,,2023-01-17
20281416,automatic voltage margin{=AVM},自动电压容限,,2023-01-17
20281417,automatic voltage regulation{=AVR},自动电压调整,,2023-01-17
20281418,automatic voltage regulator{=AVR},自动电压调整器,,2023-01-17
20281419,automatic volume control{=AVC},自动音量控制,,2023-01-17
20281420,automatic volume recognition{=AVR},自动卷名识别,,2023-01-17
20281421,automatic volume sensing{=AVS},自动档案卷感测,,2023-01-17
20281422,automatic volume switching,自动卷切换,,2023-01-17
20281423,automatic wafer testing machine,自动圆片测试机,,2023-01-17
20281424,automatic weighing instrument,自动衡器,,2023-01-17
20281425,automatic white balance,自动白色平衡,,2023-01-17
20281426,automatic width control one shot,自动脉宽控制单稳电路,,2023-01-17
20281427,automatic word transfer,自动文字传送；自动文字转移,,2023-01-17
20281428,automatic word{=AW},自动字码,,2023-01-17
20281429,automatic working,自动工作,,2023-01-17
20281430,automatic writing machine{=AWM},自动写入机,,2023-01-17
20281431,automatic zero resetting,自动归零,,2023-01-17
