ID,英文名稱,中文名稱,圖片,更新日期
9357260,model scale,模型缩尺,,2020-08-25
9357261,model ship correlation allowance,模型实船相关裕度,,2020-08-25
9357262,model test,模型试验,,2020-08-25
9357263,modelling,模拟；建立模型；模型制造；仿装；靠模加工,,2020-08-25
9357264,model-milling machine,模型加工铣床,,2020-08-25
9357265,model-profiling machine,靠模工具机；仿形工具机,,2020-08-25
9357266,model-ship correlation line,船模-实船相关线,,2020-08-25
9357267,moderate breeze,和风；四级风{风速11~16节},,2020-08-25
9357268,moderate gale,疾风；七级风{风速28~33节},,2020-08-25
9357269,moderate sea,中浪{三级浪},,2020-08-25
9357270,modified zigzag test,变舵角Z型操纵试验,,2020-08-25
9357271,MODP {mobile offshore drilling platform},移动式近海钻探平台,,2020-08-25
9357272,MODR {mobile offshore drilling rig},移动式近海钻探平台；移动式近海钻探装置,,2020-08-25
9357273,MODU CODE {Code for the Construction and Equipment of Mobile Offshore Drilling Units},移动式近海钻探装置建造及设备章程,,2020-08-25
9357274,modular deck,模组甲板,,2020-08-25
9357275,modular unit,模组单元；可互换标准件,,2020-08-25
9357276,modularity,模组化,,2020-08-25
9357277,modulating frequency,调变频率,,2020-08-25
9357278,modulation,调变,,2020-08-25
9357279,modulator,调变器；调幅器,,2020-08-25
9357280,modulator-demodulator,调制解调制装置,,2020-08-25
9357281,module,模组；模件,,2020-08-25
9357282,module design,模组设计,,2020-08-25
9357283,modulus,模数；模量；系数；模,,2020-08-25
9357284,modulus of dilatation,膨胀模数,,2020-08-25
9357285,modulus of elasticity,弹性系数；弹性模数,,2020-08-25
9357286,modulus of inelastic buckling,非弹性挫曲模数,,2020-08-25
9357287,modulus of rigidity,刚性模数；剪切模数；刚性系数,,2020-08-25
9357288,modulus of rupture,断裂模量；折断模数,,2020-08-25
9357289,moist steam,湿蒸汽,,2020-08-25
9357290,moisture,水分；湿度,,2020-08-25
9357291,moisture catcher,脱水器；干燥剂；吸湿器,,2020-08-25
9357292,moisture indicator,湿度指示器,,2020-08-25
9357293,moisture proof,防潮；防湿,,2020-08-25
9357294,moisture resistant insulating material,抗湿绝缘材料,,2020-08-25
9357295,moisture trap,除湿机,,2020-08-25
9357296,molasses boat,糖蜜船,,2020-08-25
9357297,molasses tanker,糖蜜船,,2020-08-25
9357298,mold,模；铸模,,2020-08-25
9357299,mold capacity,型容积,,2020-08-25
9357300,mold loft,放样间,,2020-08-25
9357301,mold loft batten,放样木条,,2020-08-25
9357302,mold loft floor,放样台,,2020-08-25
9357303,mold loft on reduced scale,缩尺放样,,2020-08-25
9357304,mold loft work,放样工作,,2020-08-25
9357305,mold plan,型图{放样},,2020-08-25
9357306,molded body,型体,,2020-08-25
9357307,molded breadth,模宽；型宽,,2020-08-25
9357308,molded centerline,型中心线；理论中心线,,2020-08-25
9357309,molded depth,模深；型深,,2020-08-25
9357310,molded dimension,模尺寸；型尺寸,,2020-08-25
9357311,molded displacement,模排水量；型排水量,,2020-08-25
9357312,molded draft,模吃水；型吃水量,,2020-08-25
9357313,molded draught,模吃水；型吃水,,2020-08-25
9357314,molded hull surface,船[体]型面,,2020-08-25
9357315,molded line,模线；型线,,2020-08-25
9357316,molded volume,型排水体积,,2020-08-25
9357317,molder,铸工；翻砂工,,2020-08-25
9357318,molding,缘材；造模翻砂；成型；塑模；模造；模制品；模造物,,2020-08-25
9357319,molding machine,造模机；塑造机,,2020-08-25
9357320,Mollier diagram,蒸汽线图,,2020-08-25
9357321,molten metal,熔态金属,,2020-08-25
9357322,molten pool,熔[化]池{銲接},,2020-08-25
9357323,molten slag,熔渣,,2020-08-25
9357324,molten sulphur carrier,熔硫运输船,,2020-08-25
9357325,moment,力矩,,2020-08-25
9357326,moment distribution method,力矩分配法,,2020-08-25
9357327,moment of area,面积矩,,2020-08-25
9357328,moment of couple,力偶矩,,2020-08-25
9357329,moment of force,力矩,,2020-08-25
9357330,moment of inertia,惯性矩,,2020-08-25
9357331,moment of mass,质量矩,,2020-08-25
9357332,moment of momentum,动量矩,,2020-08-25
9357333,moment of spectrum,谱矩,,2020-08-25
9357334,moment to change trim one cm {=MTC},每公分俯仰差力矩,,2020-08-25
9357335,moment to change trim one inch {=MTI},每吋俯仰差力矩,,2020-08-25
9357336,momentum,动量,,2020-08-25
9357337,momentum theory,动量理论,,2020-08-25
9357338,momentum thickness,动量厚度,,2020-08-25
9357339,Monel clad steel,蒙钠护面纲,,2020-08-25
9357340,Monel cladding,蒙纳合金包层,,2020-08-25
9357341,Monel metal,蒙纳合金{镍铜合金},,2020-08-25
9357342,monitor,监视器；侦测器；喷射器,,2020-08-25
9357343,monitor valve,监控阀,,2020-08-25
9357344,monitoring,监视；监听；监测,,2020-08-25
9357345,monitoring circuit,监控电路,,2020-08-25
9357346,monitoring panel,监测屏；监测盘,,2020-08-25
9357347,monkey,落锤头,,2020-08-25
9357348,monkey block,单轮转环小滑车,,2020-08-25
9357349,monkey boat,坞内工作小艇；平底小河船；半甲板艇,,2020-08-25
9357350,monkey bridge,纵向天桥,,2020-08-25
9357351,monkey forecastle,[后端开敞之]短[低]艏艛,,2020-08-25
9357352,monkey poop,高艉主甲板上之甲板室,,2020-08-25
9357353,monkey spanner,活动扳手,,2020-08-25
9357354,monkey wrench,活动扳钳,,2020-08-25
9357355,mono hull,单船体,,2020-08-25
9357356,mono hull ship,单体船,,2020-08-25
9357357,mono rail hoist,单轨吊车,,2020-08-25
9357358,monobloc unit,整装机组,,2020-08-25
9357359,monoblock casting,整体铸件,,2020-08-25
9357360,monobuoy,单[点系泊]浮筒；整体浮标,,2020-08-25
9357361,monochromatic wave,单频波,,2020-08-25
9357362,monocline,单斜层；单斜折皱,,2020-08-25
9357363,monocoque,硬壳[结构],,2020-08-25
9357364,mono-fracture mode,单调断口模式,,2020-08-25
9357365,monohedron,单面体；可展成平面的壳体,,2020-08-25
9357366,monohedron boat,单向可展外板光【舟必】艇,,2020-08-25
9357367,monohedron lines,单曲面线型,,2020-08-25
9357368,mono-hull,单[胴]体船,,2020-08-25
9357369,monohull craft,单体船,,2020-08-25
9357370,monolithic ship,单体结构船,,2020-08-25
9357371,monomoy surf boat,[美国海岸防卫队]救生及一般用小艇,,2020-08-25
9357372,monopod type unit,单柱式平台,,2020-08-25
9357373,monopole,单极,,2020-08-25
9357374,monorail chain block,单轨链滑车,,2020-08-25
9357375,monosoon,季[节]风；贸易风,,2020-08-25
9357376,mono-tube type boiler,单盘管式锅炉,,2020-08-25
9357377,moonpool,通海井；月池,,2020-08-25
9357378,moonraker,顶桅轻帆,,2020-08-25
9357379,moonsail,顶桅轻帆,,2020-08-25
9357380,moored condition,系泊状态,,2020-08-25
9357381,moored mine,系留水雷,,2020-08-25
9357382,mooring,系泊；锚泊；锚泊法,,2020-08-25
9357383,mooring anchor,系泊锚；碇泊锚,,2020-08-25
9357384,mooring arrangement,系泊装置,,2020-08-25
9357385,mooring arrangement test,系泊装置试验,,2020-08-25
9357386,mooring bitt,系缆柱；系船桩,,2020-08-25
9357387,mooring block,系泊锚,,2020-08-25
9357388,mooring boat,带缆船,,2020-08-25
9357389,mooring bollard,系缆桩,,2020-08-25
9357390,mooring bracket,系泊托架,,2020-08-25
9357391,mooring bridle,固定锚锚炼；系船索；系船短缆,,2020-08-25
9357392,mooring buoy,系泊浮筒,,2020-08-25
9357393,mooring cable,系泊索；系泊链,,2020-08-25
9357394,mooring capacity,系泊能力,,2020-08-25
9357395,mooring capstan,系泊绞盘,,2020-08-25
9357396,mooring chafing chain,系泊防擦链,,2020-08-25
9357397,mooring chain,系船链,,2020-08-25
9357398,mooring chock,系泊导索器,,2020-08-25
9357399,mooring cleat,带缆羊角,,2020-08-25
9357400,mooring equipment,系泊设备,,2020-08-25
9357401,mooring fittings,系缆具,,2020-08-25
9357402,mooring force,系泊力,,2020-08-25
9357403,mooring hawser,系船大索,,2020-08-25
9357404,mooring hole,系船孔,,2020-08-25
9357405,mooring leg,系泊脚,,2020-08-25
9357406,mooring lighter,锚船,,2020-08-25
9357407,mooring line,系泊索,,2020-08-25
9357408,mooring mat,缆索防泥垫,,2020-08-25
9357409,mooring pipe,[系船]导索管,,2020-08-25
9357410,mooring post,系船柱,,2020-08-25
9357411,mooring rope,系船索,,2020-08-25
9357412,mooring shackle,系船接环,,2020-08-25
9357413,mooring swivel,系船转环,,2020-08-25
9357414,mooring trial,系泊试伡,,2020-08-25
9357415,mooring winch,系泊绞车；系船绞车,,2020-08-25
9357416,mooring wire,系泊钢缆,,2020-08-25
9357417,moorings,系船具,,2020-08-25
9357418,Moorsom tonnage,莫尔森吨位,,2020-08-25
9357419,Moorson Rules,莫森船舶吨位丈量法则,,2020-08-25
9357420,mop,拖把,,2020-08-25
9357421,Morse signal,莫氏信号,,2020-08-25
9357422,Morse signal lamp,莫尔斯信号灯,,2020-08-25
9357423,Morse signal light,莫氏信号灯,,2020-08-25
9357424,Mortar,泥浆；迫击砲,,2020-08-25
9357425,mortar jetting method,喷浆法,,2020-08-25
9357426,mortar mixer,砂浆搅拌机,,2020-08-25
9357427,mortice,榫眼,,2020-08-25
9357428,mortice block,木滑车；榫眼滑车,,2020-08-25
9357429,mortice wheel,木齿轮；镶齿轮,,2020-08-25
9357430,mortising machine,榫眼机,,2020-08-25
9357431,mosaic tiling,素面小瓷砖；马赛克小瓷砖,,2020-08-25
9357432,mosaic work,镶嵌细工；马赛克作业,,2020-08-25
9357433,moses boat,[西印度群岛]船岸间载大桶糖之敞划船,,2020-08-25
9357434,mosquito boat,蚊式快艇；鱼雷快艇,,2020-08-25
9357435,mosquito-craft,鱼雷快艇,,2020-08-25
9357436,mosquito-fleet,鱼雷快艇队,,2020-08-25
9357437,most probable value,最可能值,,2020-08-25
9357438,MOTBF {mean operating time between failures},故障平均操作时间,,2020-08-25
9357439,mother metal,母合金,,2020-08-25
9357440,mother ship,母船,,2020-08-25
9357441,motion,运动,,2020-08-25
9357442,motion compensation equipment,运动补偿设备,,2020-08-25
9357443,motional impedance,动生阻抗；振动阻抗,,2020-08-25
9357444,motive power,原动力,,2020-08-25
9357445,motor,马达；电动机；发动机,,2020-08-25
9357446,motor antisubmarine boat,反潜快艇,,2020-08-25
9357447,motor boat,机动艇；汽艇；马达艇,,2020-08-25
9357448,motor body,引擎体；发动机壳体,,2020-08-25
9357449,motor car carrier,汽车渡船,,2020-08-25
9357450,motor cargo boat,动力货船,,2020-08-25
9357451,motor controller,马达控制器,,2020-08-25
9357452,motor fan,马达风扇,,2020-08-25
9357453,motor generator,电动发电机；马达发电机,,2020-08-25
9357454,motor gun boat,动力砲艇,,2020-08-25
9357455,motor launch,马达艇,,2020-08-25
9357456,motor life boat,动力救生艇；马达救生艇,,2020-08-25
9357457,motor operated valve,电动阀,,2020-08-25
9357458,motor sailer,机帆船,,2020-08-25
9357459,motor ship {=MS},内燃机船,,2020-08-25
9357460,motor siren,马达汽笛；电动汽笛,,2020-08-25
9357461,motor starter,马达起动器,,2020-08-25
9357462,motor tanker {=MT},内燃机油轮,,2020-08-25
9357463,motor torpedo boat {=MTB},鱼雷[快]艇,,2020-08-25
9357464,motor vessel {=MV},内燃机船,,2020-08-25
9357465,motor yacht,动力游艇；机动游艇,,2020-08-25
9357466,mould,模；铸模；型板；样板；模板,,2020-08-25
9357467,mould breadth,模宽；型宽,,2020-08-25
9357468,mould cavity,阴模,,2020-08-25
9357469,mould clamp,样板固定夹,,2020-08-25
9357470,mould depth,模深；型深,,2020-08-25
9357471,mould displacement,模排水量；型排水量,,2020-08-25
9357472,mould draft,模吃水；型吃水,,2020-08-25
9357473,mould line,型线；模线；型线图,,2020-08-25
9357474,mould loft,放样间,,2020-08-25
9357475,moulded breadth,型宽；模宽,,2020-08-25
9357476,moulded depth,模深；型深,,2020-08-25
9357477,moulded dimension,型尺寸,,2020-08-25
9357478,moulded displacement,模排水量；型排水量,,2020-08-25
9357479,moulded draught,模吃水,,2020-08-25
9357480,moulded heat insulating material,成形绝热材,,2020-08-25
9357481,moulded section,型剖面,,2020-08-25
9357482,moulded volume,型容积；型排水体积,,2020-08-25
9357483,moulding,缘饰；造模翻砂；塑模；模造；模造物,,2020-08-25
9357484,moulding bed,胎架,,2020-08-25
9357485,mount,架；座；装置,,2020-08-25
9357486,mountainous sea,怒涛{波高大于40呎},,2020-08-25
9357487,mounting,装置；座；架；安装；装配,,2020-08-25
9357488,mouse hole,塔底接管孔{钻油台},,2020-08-25
9357489,mouth piece,送话口；泵吸口；封口件,,2020-08-25
9357490,movable bilge block,活动边墩,,2020-08-25
9357491,movable block,动滑车；活动墩,,2020-08-25
9357492,movable bulwark,可拆舷墙,,2020-08-25
9357493,movable collar bearing,活动环轴承,,2020-08-25
9357494,movable compression chamber,移动式加压舱,,2020-08-25
9357495,movable foot bridge,活动引桥,,2020-08-25
9357496,moving blade,[转]动叶片,,2020-08-25
9357497,moving blading,转动叶系,,2020-08-25
9357498,moving block,动滑车,,2020-08-25
9357499,moving bridge,[试验水槽]拖架,,2020-08-25
9357500,moving contact,滑动接触,,2020-08-25
9357501,moving load,移动负荷,,2020-08-25
9357502,moving load stress,移动负荷应力,,2020-08-25
9357503,moving vane,[转]动叶片,,2020-08-25
9357504,moving-weight stabilizer,移重式稳定器,,2020-08-25
9357505,MPC {multi-purpose cargo ship},多用途货船,,2020-08-25
9357506,MS {mild steel},软钢,,2020-08-25
9357507,MSC {maritime safety committee},海事安全委员会,,2020-08-25
9357508,MSCO {maximum service continuous output},最大常用连续出力,,2020-08-25
9357509,MSL  { mean sea level},平均水位,,2020-08-25
9357510,MT {magnetic particle testing},磁粉探伤检查,,2020-08-25
9357511,MTBF {mean time between failures},故障平均间隔,,2020-08-25
9357512,MTFF {mean time to first failure},首次故障平均时间,,2020-08-25
9357513,MTTR {mean time to repair},修复平均时间,,2020-08-25
9357514,M-type boiler,M型锅炉,,2020-08-25
9357515,mud agitator,清泥搅拌器{钻油台},,2020-08-25
9357516,mud boat,泥船,,2020-08-25
9357517,mud box,泥箱；清泥器{锅炉},,2020-08-25
9357518,mud breaker,碎泥刀,,2020-08-25
9357519,mud bucket,泥斗,,2020-08-25
9357520,mud carrier,运泥船,,2020-08-25
9357521,mud ditch,泥槽{钻油台},,2020-08-25
9357522,mud hole,泥孔；出泥孔{锅炉},,2020-08-25
9357523,mud line,[海底]淤泥线；泥浆管线,,2020-08-25
9357524,mud mat,泥垫；防泥板,,2020-08-25
9357525,mud pit,泥浆池,,2020-08-25
9357526,mud pump,泥浆泵,,2020-08-25
9357527,mud rake,泥耙,,2020-08-25
9357528,mud valve,底部吹泄阀；出泥阀,,2020-08-25
9357529,muff coupling,套筒联结器；筒形联结器,,2020-08-25
9357530,muffler,消声器,,2020-08-25
9357531,muilti-drum boiler,多筒锅炉,,2020-08-25
9357532,mullet boat,[墨西哥湾]捕乌鱼船,,2020-08-25
9357533,multi cable transit,多管穿线板,,2020-08-25
9357534,multi channel,多频道,,2020-08-25
9357535,multi collar type,多轴环式,,2020-08-25
9357536,multi disc valve,多盘阀,,2020-08-25
9357537,multi narrow beam sonar,多窄波束舵声纳,,2020-08-25
9357538,multi-blade rudder,多叶舵,,2020-08-25
9357539,multi-break switch,多断开关,,2020-08-25
9357540,multi-buoy mooring system,多浮筒系泊系统,,2020-08-25
9357541,multi-coil feed heater,多盘管给水加热器,,2020-08-25
9357542,multi-conductor cable,多线电缆；多芯电缆,,2020-08-25
9357543,multi-core cable,多芯电缆,,2020-08-25
9357544,multicoupler,多路偶合器,,2020-08-25
9357545,multi-deck ship,多甲板船,,2020-08-25
9357546,multi-diesel propulsion,多柴油机推进,,2020-08-25
9357547,multidirectional wave,多向波,,2020-08-25
9357548,multi-flame torch,多焰气炬,,2020-08-25
9357549,multi-flow heater,多流加热器,,2020-08-25
9357550,multi-fuel engine,多种燃料引擎,,2020-08-25
9357551,multi-function support vessel,多功能支援船,,2020-08-25
9357552,multihead automatic welding machine,多头自动焊机,,2020-08-25
9357553,multi-hull craft,多体船,,2020-08-25
9357554,multi-hulled vessel,多体船,,2020-08-25
9357555,multi-layer field winding,多层磁场绕组,,2020-08-25
9357556,multi-layer welding,多层銲法,,2020-08-25
9357557,multi-pass welding,多道銲法,,2020-08-25
9357558,multi-pintle rudder,多舵针舵,,2020-08-25
9357559,multi-pipe keel,多管式龙骨,,2020-08-25
9357560,multi-plane joint,多面接头,,2020-08-25
9357561,multi-plate clutch,多板离合器,,2020-08-25
9357562,multiple centrifugal fan,多段离心风扇,,2020-08-25
9357563,multiple cylinder,多缸式,,2020-08-25
9357564,multiple drill,多轴钻床,,2020-08-25
9357565,multiple effect evaporator,多[重]效[用]蒸发器,,2020-08-25
9357566,multiple effect refrigerator,多效冷冻器,,2020-08-25
9357567,multiple electrode spot welding,多极点銲机,,2020-08-25
9357568,multiple electrode spot welding machine,多极点焊机,,2020-08-25
9357569,multiple exhaust,多歧排气,,2020-08-25
9357570,multiple expansion engine,多胀汽机；多级膨胀引擎,,2020-08-25
9357571,multiple expansion turbine,多次膨胀涡轮机,,2020-08-25
9357572,multiple layer process,层积銲法；堆銲法；层积法,,2020-08-25
9357573,multiple leaf valve,多片翼阀,,2020-08-25
9357574,multiple lever testing machine,多杆材料试验机,,2020-08-25
9357575,multiple operator welding machine,多人用銲接机,,2020-08-25
9357576,multiple orbit bombardment system,多弹头分道轰炸系统,,2020-08-25
9357577,multiple punch,复式冲床,,2020-08-25
9357578,multiple punching machine,复式街床,,2020-08-25
9357579,multiple resistance welding,复式电阻銲,,2020-08-25
9357580,multiple screw ship,多螺桨船；多轴船,,2020-08-25
9357581,multiple sheave block,多轮滑车,,2020-08-25
9357582,multiple stage,多级式；多段式,,2020-08-25
9357583,multiple valve,多通道阀；复合[电子]管,,2020-08-25
9357584,multiple-buoy moorings,多浮简系泊设施,,2020-08-25
9357585,multiple-drum boiler,多筒锅炉,,2020-08-25
9357586,multiple-pile driver tower,多能打桩架,,2020-08-25
9357587,multiple-screw vessel,多[螺]桨船,,2020-08-25
9357588,multiple-skeg stern,多鳍艉,,2020-08-25
9357589,multiplex modulator,多工调变器,,2020-08-25
9357590,multiplex safety glass,多层安全玻璃,,2020-08-25
9357591,multiplier,扩效器；乘算器,,2020-08-25
9357592,multi-point mooring,多点系泊；多点系泊设施,,2020-08-25
9357593,multi-pressure turbine,多压涡轮机,,2020-08-25
9357594,multipurpose bulk carrier,多用途散装货船,,2020-08-25
9357595,multi-purpose cargo ship  {=MPC},多用途货船,,2020-08-25
9357596,multi-purpose ship,多用途船,,2020-08-25
9357597,multi-purpose towing ship,多用途拖船,,2020-08-25
9357598,multipurpose vessel,多用途[货]船,,2020-08-25
9357599,multi-stage,多级式；多段式,,2020-08-25
9357600,multistage blower,多级式压气机,,2020-08-25
9357601,multi-stage compressor,多段压缩机,,2020-08-25
9357602,multi-stage feed heating,多级预热给水,,2020-08-25
9357603,multi-stage pump,多段泵,,2020-08-25
9357604,multistage turbine,多级涡轮机,,2020-08-25
9357605,multi-stage-construction,[船体]多阶段建造法,,2020-08-25
9357606,multi-starting point building system,多点建造法,,2020-08-25
9357607,multistep boat,多阶底快艇,,2020-08-25
9357608,multistep planing boat,多阶底滑航艇,,2020-08-25
9357609,multi-stylus fish finder,多笔记录式鱼探机,,2020-08-25
9357610,multi-torch flame planer,多点平行切断机,,2020-08-25
9357611,multitubular boiler,多管锅炉,,2020-08-25
9357612,multi-vane diffuser,多叶扩散器；多叶升压器,,2020-08-25
9357613,Munk moment,孟克力矩,,2020-08-25
9357614,Muntz-metal,孟滋合金{锌铜合金},,2020-08-25
9357615,mushroom anchor,蕈形锚,,2020-08-25
9357616,mushroom head rivet,蕈头铆钉,,2020-08-25
9357617,mushroom valve,蕈形阀,,2020-08-25
9357618,mushroom vent,蕈形通风筒,,2020-08-25
9357619,mushroom ventilator,蕈形通风筒,,2020-08-25
9357620,muster station,召集站,,2020-08-25
9357621,mutual induction,互[相]感应,,2020-08-25
9357622,mutual radiation impedance,[交]互辐射阻抗,,2020-08-25
9357623,muzzle door control valve,盖操纵阀,,2020-08-25
9357624,MV  {= motor vessel},内燃机船,,2020-08-25
9357625,mystery boat,伪装艇,,2020-08-25
9357626,nail puller,钉拔,,2020-08-25
9357627,naked cable,裸电缆；无绝缘电缆,,2020-08-25
9357628,naked displacement,裸排水量,,2020-08-25
9357629,naked hull,裸船壳,,2020-08-25
9357630,naked hull resistance,裸船阻力,,2020-08-25
9357631,name plate,铭牌,,2020-08-25
9357632,nanosecond,奈秒；十亿分之一秒,,2020-08-25
9357633,napped rudder,襟翼舵,,2020-08-25
9357634,narrow gap one-side automatic welding,窄缝单面自动电孤銲,,2020-08-25
9357635,narrow gap welding,窄缝銲法,,2020-08-25
9357636,narrow waters,狭窄水域；狭窄水道,,2020-08-25
9357637,narrow-band directprinted telegraph equipment  {=NBDP},窄频带直接印字电报设备,,2020-08-25
9357638,narrow-band emission,窄频带发射,,2020-08-25
9357639,narrow-band interference,窄频带干扰,,2020-08-25
9357640,narrow-band process,窄频过程,,2020-08-25
9357641,narrow-tipped blade,窄梢螺叶,,2020-08-25
9357642,national flag,国旗,,2020-08-25
9357643,natrium brine,盐水；卤水,,2020-08-25
9357644,natural block,自然分段,,2020-08-25
9357645,natural cavity,自然空泡,,2020-08-25
9357646,natural circulation,自然环流；自然循环,,2020-08-25
9357647,natural circulation boiler,自然循环锅炉,,2020-08-25
9357648,natural convector,自然对流放热器,,2020-08-25
9357649,natural crook timber,天然曲材,,2020-08-25
9357650,natural damping,自然衰减,,2020-08-25
9357651,natural draught,自然通风,,2020-08-25
9357652,natural frequency,自然频率；固有频率,,2020-08-25
9357653,natural humidity,自然湿度,,2020-08-25
9357654,natural illumination,采光；日光照明,,2020-08-25
9357655,natural lighting,采光；日光照明,,2020-08-25
9357656,natural mode,自然模态；固有模态,,2020-08-25
9357657,natural period,自然周期；固有周期,,2020-08-25
9357658,natural process,天然过程,,2020-08-25
9357659,natural rolling,自然横摇,,2020-08-25
9357660,natural seasoning,自然干燥；自然季化,,2020-08-25
9357661,natural velocity,固有速度,,2020-08-25
9357662,natural ventilation,自然通风；自然换气,,2020-08-25
9357663,natural vibration,自然振动,,2020-08-25
9357664,nautical almanac,航海历,,2020-08-25
9357665,nautical chart,海图,,2020-08-25
9357666,nautical instrument,航海仪器,,2020-08-25
9357667,nautical inventory,航海用品目录；航海用备品,,2020-08-25
9357668,nautical mile,浬；国际海里{=6080呎=1852公尺},,2020-08-25
9357669,nautical scale,海图比例尺,,2020-08-25
9357670,naval architect,造船工程师；造船技师,,2020-08-25
9357671,naval architecture,造船学,,2020-08-25
9357672,naval brass,海军[黄]铜,,2020-08-25
9357673,naval bronze,船用青铜,,2020-08-25
9357674,naval constructor,海军造船官,,2020-08-25
9357675,naval dockyard,海军造船厂,,2020-08-25
9357676,naval engineer,海军轮机官；海军轮机员,,2020-08-25
9357677,naval gun mounting,舰砲装置,,2020-08-25
9357678,naval pipe,锚链管,,2020-08-25
9357679,naval ship,军舰,,2020-08-25
9357680,naval stores,海军军需品；油脂涂料,,2020-08-25
9357681,naval transport,海军运输舰,,2020-08-25
9357682,naval yard,海军造船厂,,2020-08-25
9357683,navigable condition,可航状态,,2020-08-25
9357684,navigable waters,可航水域,,2020-08-25
9357685,navigating mark,[导]航标[志],,2020-08-25
9357686,navigation,航海,,2020-08-25
9357687,navigation area,航海区域,,2020-08-25
9357688,navigation bridge,驾驶台,,2020-08-25
9357689,navigation deck,航海甲板,,2020-08-25
9357690,navigation lamp,航行灯,,2020-08-25
9357691,navigation law,航海法,,2020-08-25
9357692,navigation light indicator,航行灯指示器,,2020-08-25
9357693,navigation lights,航行灯,,2020-08-25
9357694,navigation lights board,航行灯控制板,,2020-08-25
9357695,navigation lights sentinel,航行灯灭熄警报器,,2020-08-25
9357696,navigation parameter,导航参数,,2020-08-25
9357697,navigation radius,续航距离；续航力,,2020-08-25
9357698,navigation signal equipment,航行信号设备,,2020-08-25
9357699,navigation sonar,导航声纳,,2020-08-25
9357700,navigation zone,航区,,2020-08-25
9357701,navigational aid,助航设备,,2020-08-25
9357702,navigational draft,外型吃水,,2020-08-25
9357703,navigational satellite,导航卫星,,2020-08-25
9357704,NAVTEX receiver,航行警告电传接收机,,2020-08-25
9357705,navy,海军,,2020-08-25
9357706,navy boat,海军舰艇,,2020-08-25
9357707,navy navigation satellite system  {=NNSS},海军卫星导航系统,,2020-08-25
9357708,NBC {nuclear-biological-chemical} protection,核生化防护,,2020-08-25
9357709,NBDP {narrow-band direct-printing telegraph equipment},窄频带直接印字电报设备,,2020-08-25
9357710,NC {numerical control},数值控制,,2020-08-25
9357711,NDE {non-destructive evaluation},非破坏评估,,2020-08-25
9357712,NDT {nil-ductility transition temperature},无延性转变温度,,2020-08-25
9357713,NDT {non-destructive testing},非破坏试验,,2020-08-25
9357714,nearest land,最近陆地,,2020-08-25
9357715,nearshore waters,近岸水域；近海水域,,2020-08-25
9357716,near-shore wave,近岸波,,2020-08-25
9357717,neck bearing,下舵承,,2020-08-25
9357718,neck bush,轴颈套,,2020-08-25
9357719,necking-down process,[筒体截面]锻缩程序；缩颈[砂心]程序,,2020-08-25
9357720,needle,针,,2020-08-25
9357721,needle measuring valve,针形流量测定闸阀,,2020-08-25
9357722,needle mine,磁针水雷,,2020-08-25
9357723,needle roller,[轴承润滑用]滚针,,2020-08-25
9357724,needle valve,针阀,,2020-08-25
9357725,negative buoyancy,负浮力；下沈力,,2020-08-25
9357726,negative buoyancy tank,负浮力舱{潜艇},,2020-08-25
9357727,negative camber,负拱高,,2020-08-25
9357728,negative charge,负电荷,,2020-08-25
9357729,negative hull return DC single system,直流单线船体负极回路系统,,2020-08-25
9357730,negative pressure protection system,负压防护装置,,2020-08-25
9357731,negative slip,负滑流,,2020-08-25
9357732,negative stability,负稳度,,2020-08-25
9357733,negative tank,负浮力舱{潜艇},,2020-08-25
9357734,negative tank inboard vent,速潜水舱艇内排气阀,,2020-08-25
9357735,negative transom stern,后斜平板艉,,2020-08-25
9357736,neoprene,新平橡胶,,2020-08-25
9357737,nested boats,叠置小艇组,,2020-08-25
9357738,nesting,排料{电算},,2020-08-25
9357739,net boom,网栅,,2020-08-25
9357740,net capacity,净容量；净容积,,2020-08-25
9357741,net carrying pipe,送网管,,2020-08-25
9357742,net chute,拖网滑道,,2020-08-25
9357743,net drum,卷网机,,2020-08-25
9357744,net hauler,起网机,,2020-08-25
9357745,net hauling system,起网系统,,2020-08-25
9357746,net heat,净热,,2020-08-25
9357747,net horsepower,净马力,,2020-08-25
9357748,net layer,布网舰；布网船,,2020-08-25
9357749,net line,障碍网线；刺网线；张网线；定量网线,,2020-08-25
9357750,net load,净载重；净负荷,,2020-08-25
9357751,net positive suction head  {=NPSH},净有效吸水头,,2020-08-25
9357752,net rack,网架,,2020-08-25
9357753,net ramp,拖网斜道,,2020-08-25
9357754,net roller,滚网机,,2020-08-25
9357755,net shifter,理网机,,2020-08-25
9357756,net steel weight,净钢料重量,,2020-08-25
9357757,net tonnage,净吨位,,2020-08-25
9357758,net tonnage  {=NT},净吨位,,2020-08-25
9357759,net weight,净重,,2020-08-25
9357760,net-laying cargo ship,布网货船,,2020-08-25
9357761,net-laying ship,[港口]布网船,,2020-08-25
9357762,net-laying vessel,布网船,,2020-08-25
9357763,net-sounder,网深仪,,2020-08-25
9357764,network,网路,,2020-08-25
9357765,network analysis,网路分析,,2020-08-25
9357766,network computing system  {=NCS},网路计算系统,,2020-08-25
9357767,network file system  {=NFS},网路档案系统,,2020-08-25
9357768,neuclear propulsion,核能推进,,2020-08-25
9357769,neutral axis,中性轴,,2020-08-25
9357770,neutral buoyancy,中性浮力；零浮力,,2020-08-25
9357771,neutral buoyancy condition,中性浮力状态{潜艇},,2020-08-25
9357772,neutral equilibrium,中性平衡；随遇平衡,,2020-08-25
9357773,neutral flame,中性火焰,,2020-08-25
9357774,neutral lead,中[性]线,,2020-08-25
9357775,neutral line,中性线；中立轴线,,2020-08-25
9357776,neutral material,中性材料,,2020-08-25
9357777,neutral over-current relay,中性超流替续器,,2020-08-25
9357778,neutral positon,空档位置；中立位置,,2020-08-25
9357779,neutral ship,中立国船舶,,2020-08-25
9357780,neutral stability,中性稳度,,2020-08-25
9357781,neutralization value,中和值,,2020-08-25
9357782,neutralizer,抵消器{振动},,2020-08-25
9357783,new ship,新船,,2020-08-25
9357784,new strip method  {=NSM},新截片法,,2020-08-25
9357785,Newtonian fluid,牛顿流体,,2020-08-25
9357786,NFR  {nuclear fusion reactor},核融合炉,,2020-08-25
9357787,NHP {nominal horsepower},标称马力,,2020-08-25
9357788,nib strake,木船两端排水沟内板,,2020-08-25
9357789,nibbling machine,切片机,,2020-08-25
9357790,nick and bend test,往复折断试验,,2020-08-25
9357791,nick bend test,凹痕弯折试验；刻痕弯曲试验,,2020-08-25
9357792,nickel,镍,,2020-08-25
9357793,nickel bronze,镍青铜,,2020-08-25
9357794,nickel chrome bronze,镍铬青铜,,2020-08-25
9357795,nickel chrome steel,镍铬钢,,2020-08-25
9357796,nickel clad steel,镍护面钢,,2020-08-25
9357797,nickel steel,镍钢,,2020-08-25
9357798,nickle-cadmium cell,镍镉电池,,2020-08-25
9357799,nigger head,绞机辅卷筒,,2020-08-25
9357800,night glasses,夜间望远镜,,2020-08-25
9357801,night vision,夜视,,2020-08-25
9357802,night vision sextant,夜视六分仪,,2020-08-25
9357803,nil-ductility transition temperature  {=NDT},无延性转变温度,,2020-08-25
9357804,nippers,钳；电缆剪钳,,2020-08-25
9357805,nipple,螺纹接管；乳头；短管头,,2020-08-25
9357806,nipple bent piece,直角接头,,2020-08-25
9357807,nipple joint,短管接合；螺纹接管接头,,2020-08-25
9357808,nitrogen sea,氮封,,2020-08-25
9357809,nitrogen vaporizer,氮气化器,,2020-08-25
9357810,NNSS  { navy navigation satellite system},海军卫星导航系统,,2020-08-25
9357811,noble metal,贵金属,,2020-08-25
9357812,nodal displacement,节点位移,,2020-08-25
9357813,nodal line,节线,,2020-08-25
9357814,nodal point,节点,,2020-08-25
9357815,node,节点；结点；波节；交会点,,2020-08-25
9357816,noise,噪音；杂讯,,2020-08-25
9357817,noise exposure level,噪音忍受位准,,2020-08-25
9357818,noise generator,杂讯产生器,,2020-08-25
9357819,noise isolation mount,隔音支座,,2020-08-25
9357820,noise level,噪音位准,,2020-08-25
9357821,noise masking level,噪音掩蔽位准,,2020-08-25
9357822,noise source,噪音源,,2020-08-25
9357823,noise-measuring boat,噪音测量艇,,2020-08-25
9357824,no-load characteristic,无载特性,,2020-08-25
9357825,no-load running,无负荷运转,,2020-08-25
9357826,no-load test,空载试验；无负载试验,,2020-08-25
9357827,noload voltage,无载电压,,2020-08-25
9357828,no-load voltage,无负载电压,,2020-08-25
9357829,nominal diameter,标称直径,,2020-08-25
9357830,nominal horsepower  {=NHP},标称马力；公称马力,,2020-08-25
9357831,nominal MCR,主机额定最大连续出力,,2020-08-25
9357832,nominal slip,标称滑流,,2020-08-25
9357833,nominal strian,公称应变,,2020-08-25
9357834,nominal value,标称值,,2020-08-25
9357835,nominal wake,标称迹流；名义迹流,,2020-08-25
9357836,non-absorbent material,不吸收材料,,2020-08-25
9357837,non-air cure type resin,非空气硬化性树脂,,2020-08-25
9357838,non-bracket system,无腋板系统,,2020-08-25
9357839,non-combustible material,不燃材料,,2020-08-25
9357840,non-condensing engine,无冷凝器[动力]机；不凝结机；无凝结[动力]机,,2020-08-25
9357841,non-conducting material,非导性材料,,2020-08-25
9357842,non-conductor,非导体,,2020-08-25
9357843,non-contact mine,非触发水雷,,2020-08-25
9357844,non-continuous liner,不连续衬垫；非整体衬垫,,2020-08-25
9357845,non-corrosive material,非腐蚀材料,,2020-08-25
9357846,non-corrosive metal,耐蚀金属,,2020-08-25
9357847,non-crank pump,无曲柄泵,,2020-08-25
9357848,non-destructive evaluation  {=NDE},非破坏评估,,2020-08-25
9357849,non-destructive testing  {=NDT},非破坏试验,,2020-08-25
9357850,non-dimensional peak frequency,无因次峰频,,2020-08-25
9357851,non-dimensional value,无因次量,,2020-08-25
9357852,non-displacement condition,非全排水状态{高速船艇},,2020-08-25
9357853,non-displacement mode,非排水状态,,2020-08-25
9357854,non-displacement ship,非排水型船,,2020-08-25
9357855,non-elastic buckling,非弹性挫曲,,2020-08-25
9357856,non-exclusive surveyor,额外[委托]验船师,,2020-08-25
9357857,non-expansive engine,不胀汽机,,2020-08-25
9357858,non-ferrous material,非铁材料,,2020-08-25
9357859,non-ferrous metal,非铁金属,,2020-08-25
9357860,non-fitted bolt,非紧配螺栓,,2020-08-25
9357861,non-flammable paint,防火漆,,2020-08-25
9357862,non-freezing mixture,不冻结混合物,,2020-08-25
9357863,non-gas shielded arc welding,无气[体]遮蔽电弧銲,,2020-08-25
9357864,non-governmental organizations,非政府间组织,,2020-08-25
9357865,non-linear buckling,非线性挫曲,,2020-08-25
9357866,nonlinear damping,非线性阻尼,,2020-08-25
9357867,nonlinear fracture mechanics,非线性破坏力学,,2020-08-25
9357868,nonlinear programming,非线性规划,,2020-08-25
9357869,nonlinear vibration,非线性振动,,2020-08-25
9357870,non-magnetic material,非磁性材料,,2020-08-25
9357871,non-magnetic steel,非磁性钢,,2020-08-25
9357872,nonmagnetic vessel,无磁性船地磁探测船,,2020-08-25
9357873,non-metallic inclusion,非金属夹杂物,,2020-08-25
9357874,non-metallic material,非金属材料,,2020-08-25
9357875,non-Newtonian fluid,非牛顿流体,,2020-08-25
9357876,nonocoque boat,硬壳艇,,2020-08-25
9357877,non-passenger ship,非[旅]客船,,2020-08-25
9357878,non-powered ship,无动力船,,2020-08-25
9357879,nonpowered vessel,无动力船,,2020-08-25
9357880,non-pressure welding,不加压銲接,,2020-08-25
9357881,non-propagating crack,非传播裂痕,,2020-08-25
9357882,non-return valve,止回阀,,2020-08-25
9357883,non-reversible engine,单向机；不可逆机；单向引擎；不可逆引擎,,2020-08-25
9357884,non-self-propelled vessel,非自航船,,2020-08-25
9357885,non-skid finish,止滑表面处理,,2020-08-25
9357886,non-skid material,止滑材料,,2020-08-25
9357887,non-slip deck matting,防滑甲板垫,,2020-08-25
9357888,non-slip material,止滑材料,,2020-08-25
9357889,nonslip safety walk,防滑安全走道,,2020-08-25
9357890,non-slipping chock,防滑块,,2020-08-25
9357891,non-stationary cavity,不稳定空泡,,2020-08-25
9357892,non-steady cavitation,不稳定空化,,2020-08-25
9357893,non-steady cavity,不稳定空泡,,2020-08-25
9357894,non-stiffened spherical tank,无骨球形舱柜,,2020-08-25
9357895,non-structural bulkhead,非结构舱壁；屏壁,,2020-08-25
9357896,non-structural core,非结构用芯材,,2020-08-25
9357897,non-structural member,非结构部材,,2020-08-25
9357898,nontight bulkhead,非封密舱壁,,2020-08-25
9357899,nontight structural bulkhead,非密结构舱壁,,2020-08-25
9357900,nontoppling block,防倾滑车,,2020-08-25
9357901,non-uniform circulation,不均匀环流,,2020-08-25
9357902,non-uniform circulation distribution,不均匀环流分布,,2020-08-25
9357903,nonuniform flow,非均匀流,,2020-08-25
9357904,non-uniform pitch propeller,非均等节距螺桨,,2020-08-25
9357905,non-uniform wake,不均匀迹流,,2020-08-25
9357906,non-watertight bulkhead,非水密舱壁,,2020-08-25
9357907,non-watertight door,非水密门,,2020-08-25
9357908,non-woven fabric,不织布,,2020-08-25
9357909,norm,标准；规范；定额,,2020-08-25
9357910,normal charging,正常充电,,2020-08-25
9357911,normal condition,常载船况；正常状况,,2020-08-25
9357912,normal force,法向力；法线力,,2020-08-25
9357913,normal horsepower,常用马力,,2020-08-25
9357914,normal mode,正规化模态,,2020-08-25
9357915,normal output,常用出力；常用输出量,,2020-08-25
9357916,normal pitch,法节,,2020-08-25
9357917,normal process,常态过程；高斯过程,,2020-08-25
9357918,normal revolution,常用转速；正常转速,,2020-08-25
9357919,normal slide valve,正滑阀,,2020-08-25
9357920,normal speed,常用船速；常用速[率],,2020-08-25
9357921,normal starting sequence,正常起动程序,,2020-08-25
9357922,normal strain,法向应变；垂直应变,,2020-08-25
9357923,normal stress,法向应力,,2020-08-25
9357924,normal thrust,正常推力,,2020-08-25
9357925,normal velocity,法向速度,,2020-08-25
9357926,normalized and tempered steel,正常化回火钢,,2020-08-25
9357927,normalized frequency,化一频率；正规化频率；正常化频率,,2020-08-25
9357928,normalized value,正常化值；规格化值,,2020-08-25
9357929,normalized velocity,正规化速度,,2020-08-25
9357930,normalizing,正常化,,2020-08-25
9357931,normally aspirated engine,无过给引擎,,2020-08-25
9357932,nominal load,标称负荷,,2020-08-25
9357933,nominal pressure,标称压力,,2020-08-25
9357934,nominal size,标称尺寸,,2020-08-25
9357935,nominal strain,标称应变,,2020-08-25
9357936,nominal stress,公称应力；标称应力,,2020-08-25
9357937,nominal wake,标称迹流,,2020-08-25
9357938,Northill anchor,可折锚；骆式锚,,2020-08-25
9357939,nose,艏鼻；艏鼻护材；根面,,2020-08-25
9357940,nose keyway,鼻头键槽,,2020-08-25
9357941,nose plate,艏鼻板,,2020-08-25
9357942,nose radius,导缘半径,,2020-08-25
9357943,nose-tail line,艏艉线；弦基线；鼻尾线,,2020-08-25
9357944,nosing,缘饰；护舷材,,2020-08-25
9357945,not under command light,故障灯；[船]操纵失灵号灯,,2020-08-25
9357946,notch,凹口；缺口；凹痕,,2020-08-25
9357947,notch block,缺口滑车,,2020-08-25
9357948,notch brittleness,缺口脆性,,2020-08-25
9357949,notch impact strength,切口冲击强度,,2020-08-25
9357950,notch number,缺口系数,,2020-08-25
9357951,notch root,缺口底,,2020-08-25
9357952,notch sensibility,缺口敏感度,,2020-08-25
9357953,notch tough steel,缺口韧性钢,,2020-08-25
9357954,notch toughness,缺口韧性,,2020-08-25
9357955,notch wire filter,钢丝网过滤器,,2020-08-25
9357956,notch-bend test,缺口弯曲试验,,2020-08-25
9357957,notched bar test,缺口銲[件]试验,,2020-08-25
9357958,notched test,缺口试验,,2020-08-25
9357959,note frequency,声频,,2020-08-25
9357960,note sea,暴涛,,2020-08-25
9357961,notice,通知；通知书；布告；警告,,2020-08-25
9357962,notice of acceptance,验收通知单,,2020-08-25
9357963,notice of claim,索赔通知书,,2020-08-25
9357964,notice of damage,海损通知书,,2020-08-25
9357965,novel type of craft,新型[特征]船舶,,2020-08-25
9357966,no-volt alarm,无电压警报,,2020-08-25
9357967,nozzle,喷嘴；喷口,,2020-08-25
9357968,nozzle angle,喷嘴角,,2020-08-25
9357969,nozzle area coefficient,喷嘴面积系数,,2020-08-25
9357970,nozzle blade,喷嘴叶[片]；喷嘴叶[件],,2020-08-25
9357971,nozzle block,喷嘴块,,2020-08-25
9357972,nozzle bore,喷嘴内径,,2020-08-25
9357973,nozzle box,喷嘴箱,,2020-08-25
9357974,nozzle chamber,喷嘴室,,2020-08-25
9357975,nozzle control governing,喷嘴[加减]调速,,2020-08-25
9357976,nozzle efficiency,喷嘴效率,,2020-08-25
9357977,nozzle loss,喷嘴损失,,2020-08-25
9357978,nozzle propeller,喷嘴螺桨,,2020-08-25
9357979,nozzle rudder,[转动]导流管舵,,2020-08-25
9357980,nozzle throat,喷嘴喉,,2020-08-25
9357981,nozzle tip,喷嘴尖口,,2020-08-25
9357982,nozzle value,喷嘴阀,,2020-08-25
9357983,nozzle velocity,喷嘴[喷]射速[度],,2020-08-25
9357984,NPSH {net positive suction head},净有效吸水头,,2020-08-25
9357985,NSM  {new strip method},新截片法,,2020-08-25
9357986,NT  { net tonnage},净吨位,,2020-08-25
9357987,NT {normalized and tempered} steel,正常化回火钢,,2020-08-25
9357988,nuclear boiler,核能锅炉,,2020-08-25
9357989,nuclear cargo ship safety certificate,核能货船安全证书,,2020-08-25
9357990,nuclear fusion reactor {=NFR},核融合反应炉,,2020-08-25
9357991,nuclear magnetic resonance magnetometer,核磁共振磁强计,,2020-08-25
9357992,nuclear merchant ship,核能商船,,2020-08-25
9357993,nuclear passenger ship safety certificate,核能客船安全证书,,2020-08-25
9357994,nuclear power vessel,核能动力船,,2020-08-25
9357995,nuclear powered turbine,核动力涡轮机,,2020-08-25
9357996,nuclear propulsion,核能[动力]推进,,2020-08-25
9357997,nuclear shielding material,核屏蔽材料,,2020-08-25
9357998,nuclear ship  {=NS},核子动力船；核能动力船,,2020-08-25
9357999,nuclear submarine,核子潜艇,,2020-08-25
9358000,nuclear-biological-chemical protection,核生化防护,,2020-08-25
9358001,nuclear-fuelled boiler,核能锅炉,,2020-08-25
9358002,nuclear-warhead missile,核弹头飞弹,,2020-08-25
9358003,nucleate boiling,核状沸腾,,2020-08-25
9358004,nugget,銲块,,2020-08-25
9358005,number,数目；号数,,2020-08-25
9358006,number of blades,叶数,,2020-08-25
9358007,number of revolution,转数,,2020-08-25
9358008,number of stroke,冲程数,,2020-08-25
9358009,number one oiler,加油长,,2020-08-25
9358010,numeral pennant,数字旒,,2020-08-25
9358011,numerical analysis method,数值分析法,,2020-08-25
9358012,numerical contouring control {=NCC},数值外形控制,,2020-08-25
9358013,numerical control {=N/C} machine,数值控制机,,2020-08-25
9358014,numerical control {=NC},数值控制,,2020-08-25
9358015,numerical control {=NC}machine,数控机,,2020-08-25
9358016,numerical control flame cutting,数值控制焰割,,2020-08-25
9358017,numerical controlled marking,数[值]控[制]落样,,2020-08-25
9358018,numerical fairing,数值整顺,,2020-08-25
9358019,numerical integrating method,数值积分法,,2020-08-25
9358020,numerical interpolation,数值内插法,,2020-08-25
9358021,numerical loft,数值放样,,2020-08-25
9358022,numerical model,数值模型,,2020-08-25
9358023,numerical mold loft,数值放样,,2020-08-25
9358024,numerical pendant,数字旗,,2020-08-25
9358025,numerical positioning control {=NPC},数值定位控制,,2020-08-25
9358026,numerical tape controlled machine,数值带控制机,,2020-08-25
9358027,nun buoy,菱形浮标,,2020-08-25
9358028,nut,螺帽,,2020-08-25
9358029,nut and bolt gauge,螺帽螺栓规,,2020-08-25
9358030,nut facing machine,螺帽刮面机,,2020-08-25
9358031,nut forming machine,螺帽成形机,,2020-08-25
9358032,nutation,章动,,2020-08-25
9358033,nutation frequency,盘旋频率；章动频宰,,2020-08-25
9358034,nylon hawser,尼龙缆绳,,2020-08-25
9358035,nylon rope,尼龙绳；尼龙缆,,2020-08-25
9358036,Nyquist frequency,耐氏频率,,2020-08-25
9358037,OA {office automation},办公室自动化,,2020-08-25
9358038,oak,橡木,,2020-08-25
9358039,oakum,麻絮,,2020-08-25
9358040,oar,桨,,2020-08-25
9358041,oar blade,手划桨叶,,2020-08-25
9358042,oarlock,桨架,,2020-08-25
9358043,oarlock block,桨架加强材,,2020-08-25
9358044,object function,目标函数,,2020-08-25
9358045,object program,目标程武,,2020-08-25
9358046,objective magnification,物镜放大率,,2020-08-25
9358047,oblique fillet,斜内圆角；斜填角,,2020-08-25
9358048,oblique inflow,斜向进流,,2020-08-25
9358049,oblique sea,斜[向]浪,,2020-08-25
9358050,oblique test,斜航试验,,2020-08-25
9358051,oblique wave,斜[向]波；斜浪,,2020-08-25
9358052,obliquity rod,斜[度]杆{柴油机},,2020-08-25
9358053,OBO {ore/bulk/oil} carrier,矿砂散装货与油兼用船,,2020-08-25
9358054,obscure glass,毛玻璃,,2020-08-25
9358055,observation,观测；观察,,2020-08-25
9358056,observation boat,观测船,,2020-08-25
9358057,observation tank,观测油柜,,2020-08-25
9358058,observation window,观察窗,,2020-08-25
9358059,observed value,观察值,,2020-08-25
9358060,obstacle avoidance sonar,避碰声纳,,2020-08-25
9358061,obstruction buoy,障碍浮筒,,2020-08-25
9358062,occasional line,不定期航线,,2020-08-25
9358063,occasional survey,临时检验,,2020-08-25
9358064,occurrence frequency,出现率；发生率,,2020-08-25
9358065,ocean carrier,远洋船,,2020-08-25
9358066,ocean going steamer,远洋轮船,,2020-08-25
9358067,ocean going vessel,远洋船舶,,2020-08-25
9358068,ocean research buoy  {=ORB},海洋研究浮筒,,2020-08-25
9358069,ocean salvage vessel,远洋救难船,,2020-08-25
9358070,ocean service,远洋航行,,2020-08-25
9358071,ocean thermal energy conversion  {=OTEC},海洋温差发电,,2020-08-25
9358072,ocean tug,远洋拖船,,2020-08-25
9358073,ocean wave,海洋波,,2020-08-25
9358074,ocean wave spectrum,海洋波谱,,2020-08-25
9358075,ocean weather ship,海洋测候船,,2020-08-25
9358076,ocean-going passenger vessel,远洋客船,,2020-08-25
9358077,oceanographic research vessel,海洋调查研究船,,2020-08-25
9358078,oceanographic vessel,海洋调查船,,2020-08-25
9358079,oceanography research ship,海洋研究船,,2020-08-25
9358080,oceanography survey ship,海洋调查船,,2020-08-25
9358081,OCR {optical character recognition},光学文字辨识,,2020-08-25
9358082,octahedral normal stress,八面体法应力,,2020-08-25
9358083,octave,倍频带；八音度,,2020-08-25
9358084,octave band power level,八音带功率位率,,2020-08-25
9358085,octave bend pressure level,八音带声压位准,,2020-08-25
9358086,Oertz rudder,奥式舵,,2020-08-25
9358087,off center,偏心,,2020-08-25
9358088,off the wind,顺风,,2020-08-25
9358089,offal boat,垃圾船,,2020-08-25
9358090,off-center arrangement,偏心配置,,2020-08-25
9358091,off-centered dipole,偏心偶极[子],,2020-08-25
9358092,offering letter,报价单,,2020-08-25
9358093,office automation  {=OA},办公室自动化,,2020-08-25
9358094,officer,甲级船员,,2020-08-25
9358095,officer's mess,甲级船员餐室；军官餐室,,2020-08-25
9358096,officer's room,官厅；办公室,,2020-08-25
9358097,officers' wardroom,[舰上]军官集会室,,2020-08-25
9358098,official log book,公务记事簿,,2020-08-25
9358099,official number,船舶[登记]号数,,2020-08-25
9358100,official trial,公试,,2020-08-25
9358101,off-line,离线；驶离航线,,2020-08-25
9358102,off-line mode,离线作业方式{电算},,2020-08-25
9358103,off-line processing,离线处理,,2020-08-25
9358104,off-position,脱离位置；断电位置,,2020-08-25
9358105,offset,偏位；支距,,2020-08-25
9358106,offset alignment,偏位轴线校准；偏位轴线,,2020-08-25
9358107,offset bulb,偏位球缘,,2020-08-25
9358108,offset rudder,偏置舵；侧舵,,2020-08-25
9358109,offset waveguide,偏移波导管,,2020-08-25
9358110,offset yield strength,偏位降伏强度,,2020-08-25
9358111,offsets,船线座标,,2020-08-25
9358112,offsets table,船线座标表,,2020-08-25
9358113,offshore,近海；离岸,,2020-08-25
9358114,offshore crane,近海起重机,,2020-08-25
9358115,offshore drilling unit,近海钻探平台,,2020-08-25
9358116,offshore exploration,近海探勘,,2020-08-25
9358117,offshore fisheries,远洋渔业,,2020-08-25
9358118,offshore patrol vessel  {= OPV},近岸巡防舰,,2020-08-25
9358119,offshore platform,海域平台,,2020-08-25
9358120,offshore rig,近海钻油平台,,2020-08-25
9358121,offshore structure,近海结构物,,2020-08-25
9358122,offshore supply vessel,近海供应船,,2020-08-25
9358123,offshore trawler,远洋拖网渔船,,2020-08-25
9358124,offshore vessel,近海船,,2020-08-25
9358125,offshore waters,近海水域；大陆棚海面,,2020-08-25
9358126,offshore-fishing boat,近海渔船,,2020-08-25
9358127,off-steam pipe line,备用蒸汽管路,,2020-08-25
9358128,ogee clipper bow,双曲飞剪型艏,,2020-08-25
9358129,ogival section,圆拱形断面,,2020-08-25
9358130,Ohm's law,欧姆定律,,2020-08-25
9358131,oil,油,,2020-08-25
9358132,oil and bulk  {=OB} carrier,油与散装货两用船,,2020-08-25
9358133,oil and bulk carrier,石油散装货兼用船,,2020-08-25
9358134,oil bag,[海锚]油袋,,2020-08-25
9358135,oil bath type stern tube bearing,油浴艉轴管轴承,,2020-08-25
9358136,oil boom,栏油索,,2020-08-25
9358137,oil booster pump,增压油泵,,2020-08-25
9358138,oil box,油箱,,2020-08-25
9358139,oil brake,油[压]煞伡,,2020-08-25
9358140,oil buffer,油缓冲器；油减震器,,2020-08-25
9358141,oil bulk and ore  {=OBO}carrier,油/散装货/矿砂船,,2020-08-25
9358142,oil bunker,燃油柜；燃油器,,2020-08-25
9358143,oil burning arrangement,燃油装置,,2020-08-25
9358144,oil burning boiler,燃油锅炉,,2020-08-25
9358145,oil burning vessel,燃油船,,2020-08-25
9358146,oil can,油罐；油壶,,2020-08-25
9358147,oil cap,油盖；油壶,,2020-08-25
9358148,oil cargo,油货,,2020-08-25
9358149,oil carrier,油轮,,2020-08-25
9358150,oil catcher,集油盘；盛油器；浮油回收船；捞油船,,2020-08-25
9358151,oil circuit,油[管]路,,2020-08-25
9358152,oil circulation,油循环,,2020-08-25
9358153,oil cistern,油箱；油杯,,2020-08-25
9358154,oil cloth,油布,,2020-08-25
9358155,oil consumption,耗油量,,2020-08-25
9358156,oil containment boom,拦油栅,,2020-08-25
9358157,oil content meter,油含量计,,2020-08-25
9358158,oil cooled piston,油冷活塞,,2020-08-25
9358159,oil cooler,油冷[却]器,,2020-08-25
9358160,oil cooler pump,油冷却泵,,2020-08-25
9358161,oil cooling,油冷；油冷法,,2020-08-25
9358162,oil cooling pump,冷却油泵,,2020-08-25
9358163,oil cooling tank,冷却油柜,,2020-08-25
9358164,oil cup,油盅；油杯,,2020-08-25
9358165,oil cut off valve,断油阀；停油阀,,2020-08-25
9358166,oil cylinder,油压缸,,2020-08-25
9358167,oil damping,油阻尼,,2020-08-25
9358168,oil discharge monitoring and control system,泄油监控系统,,2020-08-25
9358169,oil drain tank,泄油柜,,2020-08-25
9358170,oil drip pan,滴油盘,,2020-08-25
9358171,oil engine,油机,,2020-08-25
9358172,oil exploration,石油探勘,,2020-08-25
9358173,oil extractor,油水分离器,,2020-08-25
9358174,oil feeder,给油器,,2020-08-25
9358175,oil fence,拦油索；溢油围栏,,2020-08-25
9358176,oil filler,加油器；加油口,,2020-08-25
9358177,oil filler cap,注油孔盖,,2020-08-25
9358178,oil filling pipe,加油管,,2020-08-25
9358179,oil filling port,加油孔,,2020-08-25
9358180,oil film,油膜,,2020-08-25
9358181,oil film thickness,油膜厚度,,2020-08-25
9358182,oil film whirl,油膜漩涡,,2020-08-25
9358183,oil filter,滤油器,,2020-08-25
9358184,oil filtering equipment,滤油设备,,2020-08-25
9358185,oil filtering system,滤油系统,,2020-08-25
9358186,oil firing boiler,燃油锅炉,,2020-08-25
9358187,oil fuel tank,燃油舱；燃油柜,,2020-08-25
9358188,oil fuel unit,燃油装备组,,2020-08-25
9358189,oil gallery,油沟；回油路,,2020-08-25
9358190,oil gauge,油量计,,2020-08-25
9358191,oil gravity tank,重力油柜,,2020-08-25
9358192,oil groove,油沟,,2020-08-25
9358193,oil head tank,重力油柜,,2020-08-25
9358194,oil heater,油加热器；热油器,,2020-08-25
9358195,oil hole,油孔,,2020-08-25
9358196,oil hose,货油软管,,2020-08-25
9358197,oil in bulk,散装油,,2020-08-25
9358198,oil level,油位,,2020-08-25
9358199,oil lighter,油驳[船],,2020-08-25
9358200,oil line,油路{输油管路},,2020-08-25
9358201,oil lubricated stern tube bearing,油润式艉轴管轴承,,2020-08-25
9358202,oil meter,油表油量计；油量计,,2020-08-25
9358203,oil mist detector,油雾侦测器,,2020-08-25
9358204,oil oven,油炉；油烤炉,,2020-08-25
9358205,oil paint,油性漆,,2020-08-25
9358206,oil pan,承油盘,,2020-08-25
9358207,oil pipe,油管,,2020-08-25
9358208,oil pollution,油污染,,2020-08-25
9358209,oil pollution control vessel,油污染控制船,,2020-08-25
9358210,oil pressure adjusting valve,油压调整阀,,2020-08-25
9358211,oil pressure relief valve,油压泄放阀,,2020-08-25
9358212,oil product carrier,油品船,,2020-08-25
9358213,oil pump,油泵,,2020-08-25
9358214,oil pump regulating valve,油泵调节阀,,2020-08-25
9358215,oil pump washer,油泵垫圈,,2020-08-25
9358216,oil purifier,净油机,,2020-08-25
9358217,oil quenching,油淬火,,2020-08-25
9358218,oil radiator,油散热器,,2020-08-25
9358219,oil record book,油料纪录簿,,2020-08-25
9358220,oil recovery ship,油回收船,,2020-08-25
9358221,oil recovery system,油回收系统,,2020-08-25
9358222,oil recovery vessel,浮油回收船,,2020-08-25
9358223,oil refiner,净油器,,2020-08-25
9358224,oil residue,油性残留物,,2020-08-25
9358225,oil rig supply vessel,钻油平台供应船,,2020-08-25
9358226,oil ring,油环,,2020-08-25
9358227,oil scraping ring,刮油环,,2020-08-25
9358228,oil seal,油封,,2020-08-25
9358229,oil seal ring,挡油环；油封环,,2020-08-25
9358230,oil separator,油水分离器,,2020-08-25
9358231,oil skimmer,捞油船；撇油器,,2020-08-25
9358232,oil sludge,油泥,,2020-08-25
9358233,oil spill recovery vessel,漏油回收船；溢油回收船,,2020-08-25
9358234,oil sprayer,喷油器,,2020-08-25
9358235,oil stone,油[磨]石,,2020-08-25
9358236,oil storage tanker,储油船,,2020-08-25
9358237,oil strainer,滤油器,,2020-08-25
9358238,oil sump,油池；油槽,,2020-08-25
9358239,oil switch,油开关,,2020-08-25
9358240,oil syringe,注油器,,2020-08-25
9358241,oil tank,油舱；油柜,,2020-08-25
9358242,oil tank pump,油柜泵,,2020-08-25
9358243,oil tank vent,油柜通气管,,2020-08-25
9358244,oil tanker,油轮,,2020-08-25
9358245,oil terminal,输油站,,2020-08-25
9358246,oil test,验油；油验,,2020-08-25
9358247,oil tester,验油器,,2020-08-25
9358248,oil thrower,抛油环；油雾喷嘴,,2020-08-25
9358249,oil tight joint,油密接合,,2020-08-25
9358250,oil tight work,油密工作,,2020-08-25
9358251,oil tightness,油密性,,2020-08-25
9358252,oil toughening,油中韧化,,2020-08-25
9358253,oil vapor,油气,,2020-08-25
9358254,oil-bulk-ore carrier  {= OBO},石油/散装货/矿砂兼用船,,2020-08-25
9358255,oilengine,油机,,2020-08-25
9358256,oiler,油船；加油工,,2020-08-25
9358257,oil-filled pressure compensated container,油封均压容器,,2020-08-25
9358258,oil-fired/exhaust gas boiler,燃油废气两用锅炉,,2020-08-25
9358259,oil-firing boiler,燃油锅炉,,2020-08-25
9358260,oil-immersed transformer,油浸变压器,,2020-08-25
9358261,oil-proof,耐油；防油,,2020-08-25
9358262,oilskin,油布；防水衣；雨衣,,2020-08-25
9358263,oilskin locker,甲板部更[雨]衣室,,2020-08-25
9358264,oiltight bulkhead,油密舱壁,,2020-08-25
9358265,oiltight hatch cover,油密舱口盖,,2020-08-25
9358266,oiltight joint,油密接合；油密接头,,2020-08-25
9358267,oiltight pitch,油密节距{铆接},,2020-08-25
9358268,oiltight test,油密试验,,2020-08-25
9358269,oil-water interface detector,油水界面计,,2020-08-25
9358270,oil-water mixture,油水混合物,,2020-08-25
9358271,oilway,油路；加油孔,,2020-08-25
9358272,oily bilge collecting tank,油污水汇集柜,,2020-08-25
9358273,oily bilge water,含油【舟必】水,,2020-08-25
9358274,oily mixture,含油混合物,,2020-08-25
9358275,oily rags,含油破布,,2020-08-25
9358276,oily water,[含]油污水,,2020-08-25
9358277,oily water disposal boat,油污水处理船,,2020-08-25
9358278,oily water separator,油水分离器,,2020-08-25
9358279,oily-water separating equipment,油水分离装置,,2020-08-25
9358280,OLP {overload protector},过负荷防止装置,,2020-08-25
9358281,Omega navigator,亚米茄航海仪,,2020-08-25
9358282,Omega type hull,亚米茄型船体,,2020-08-25
9358283,omni-directional propulsion unit,全向推进装置,,2020-08-25
9358284,omni-directional radio beacon,万向无线电示标,,2020-08-25
9358285,on board,在船上,,2020-08-25
9358286,on deck cargo,甲板货,,2020-08-25
9358287,onboard outfit,船上舣装,,2020-08-25
9358288,onboard test,船上试验,,2020-08-25
9358289,once-through boiler,直流锅炉；单流锅炉,,2020-08-25
9358290,once-through type boiler,直流锅炉；单流锅炉,,2020-08-25
9358291,on-coming sea,迎浪,,2020-08-25
9358292,on-condition maintenance,视情况维修,,2020-08-25
9358293,on-deck girder,甲板上纵梁,,2020-08-25
9358294,ondometer,频率计,,2020-08-25
9358295,one point mooring,单点系泊,,2020-08-25
9358296,one side automatic welding,单面自动銲接,,2020-08-25
9358297,one side welding,单面銲接,,2020-08-25
9358298,one side welding process,单面銲接法,,2020-08-25
9358299,one sided automatic welding,单面自动銲[接],,2020-08-25
9358300,one-compartment ship,[容许]设一舱[区]浸水船,,2020-08-25
9358301,one-compartment vessel,一舱进水[不沉]船,,2020-08-25
9358302,one-decker,单甲板船,,2020-08-25
9358303,one-piece casting,整体铸件,,2020-08-25
9358304,one-side electro gas arc welding,单面电热气体电弧銲,,2020-08-25
9358305,one-third highest wave,三分之一最高[平均]波；有义波,,2020-08-25
9358306,one-through boiler,直流锅炉,,2020-08-25
9358307,one-way valve,单向阀,,2020-08-25
9358308,on-line,联线；线上,,2020-08-25
9358309,on-line operation,线上作业,,2020-08-25
9358310,on-load washing,带负荷清洗,,2020-08-25
9358311,on-off control action,开关动作,,2020-08-25
9358312,on-off valve,双位阀；转换阀,,2020-08-25
9358313,on-position,联动位置；通电位置,,2020-08-25
9358314,on-shore maintenance,基地维修,,2020-08-25
9358315,on-site maintenance,现场维修,,2020-08-25
9358316,opaque glass,不透明玻璃；磨砂玻璃,,2020-08-25
9358317,open air condenser,大气式冷凝器,,2020-08-25
9358318,open air outfitting,露天舣装,,2020-08-25
9358319,open bevel,开斜角,,2020-08-25
9358320,open boat,敞船,,2020-08-25
9358321,open bridge,露天桥艛,,2020-08-25
9358322,open bridge house,两端开敞驾驶室,,2020-08-25
9358323,open ceiling,舱壁垫材,,2020-08-25
9358324,open chamber,开式燃烧室,,2020-08-25
9358325,open channel,明渠,,2020-08-25
9358326,open chock,开口导案器,,2020-08-25
9358327,open circuit,断路；开路,,2020-08-25
9358328,open circuit underwater breathing apparatus,开式潜水呼吸器,,2020-08-25
9358329,open circuit voltage,开路电压,,2020-08-25
9358330,open container,敞式货柜,,2020-08-25
9358331,open cycle,开口循环,,2020-08-25
9358332,open deck vessel,大开口甲板船,,2020-08-25
9358333,open delta connection,V形接法,,2020-08-25
9358334,open end wrench,开口扳钳,,2020-08-25
9358335,open exhaust,开式排气；直接排气,,2020-08-25
9358336,open feed system,开式给水系统,,2020-08-25
9358337,open feed system boiler,开式给水系统锅炉,,2020-08-25
9358338,open floor,空架肋板,,2020-08-25
9358339,open hatch bulk carrier,敞舱口散装货船,,2020-08-25
9358340,open hatch vessel,大舱口船,,2020-08-25
9358341,open hearth furnace,平炉,,2020-08-25
9358342,open hearth steel,平炉钢,,2020-08-25
9358343,open joint,开口接头,,2020-08-25
9358344,open lifeboat,敞式救生艇,,2020-08-25
9358345,open mold method,敞模法,,2020-08-25
9358346,open rail,栏杆；扶手,,2020-08-25
9358347,open reversible lifecraft,两面用敞式救生筏,,2020-08-25
9358348,open roller chock,开口滚子导索器,,2020-08-25
9358349,open sea,开阔海域,,2020-08-25
9358350,open space,免丈[量]空间,,2020-08-25
9358351,open stern,开式艉,,2020-08-25
9358352,open stern frame,无艉跟材艉架,,2020-08-25
9358353,open superstructure,敞船艛,,2020-08-25
9358354,open type bearing,敞[开式]轴承敞轴承,,2020-08-25
9358355,open type bulk carrier,敞舱口散装货船,,2020-08-25
9358356,open type Frahm tank,开式U型减摇水舱,,2020-08-25
9358357,open type fuel valve,开式燃油阀；敞式燃油阀,,2020-08-25
9358358,open type thrust bearing,敞式推力「轴」承,,2020-08-25
9358359,open vessel,敞船,,2020-08-25
9358360,open water,开阔水域,,2020-08-25
9358361,open water characteristics,螺桨单独性能[曲线],,2020-08-25
9358362,open water propeller efficiency,螺桨单独效率,,2020-08-25
9358363,open water test,单独试验{螺桨},,2020-08-25
9358364,open waters,开阔水域面宽,,2020-08-25
9358365,open wiring,明线,,2020-08-25
9358366,open-arc welding,裸弧銲[接],,2020-08-25
9358367,open-bottom vessel,开底船,,2020-08-25
9358368,opening,开口；通路；开启度,,2020-08-25
9358369,opening and closing speed,开闭速度,,2020-08-25
9358370,open-link chain,无档环链,,2020-08-25
9358371,open-loop maneuver,开路操纵,,2020-08-25
9358372,open-water propeller test,螺桨单独试验,,2020-08-25
9358373,operability index,操作性指标,,2020-08-25
9358374,operating characteristic,操作性能,,2020-08-25
9358375,operating condition,运转情况；操作情况；运行条件；营运情况,,2020-08-25
9358376,operating current voltage,工作电压,,2020-08-25
9358377,operating frequency,工作频率；操作频率；运用频率,,2020-08-25
9358378,operating load,工作载荷；操作负载；运转负荷,,2020-08-25
9358379,operating mode,使用模式；工作状态；作业状况,,2020-08-25
9358380,operating oil,作动油,,2020-08-25
9358381,operating oil pump,作动油泵,,2020-08-25
9358382,operating range,巡航续航力{指舰艇}；营运续航力{指商船},,2020-08-25
9358383,operating repair,日常维修,,2020-08-25
9358384,operating rod,操作杆,,2020-08-25
9358385,operating system  {=OS},作业系统,,2020-08-25
9358386,operating valve,操作阀,,2020-08-25
9358387,operation manaul,操作说明书；操作手册,,2020-08-25
9358388,operation research  {=OR},作业研究,,2020-08-25
9358389,operational efficiency,操作效率,,2020-08-25
9358390,operator,操作员；报务员,,2020-08-25
9358391,opposed piston engine,对冲活塞引擎,,2020-08-25
9358392,optical character reader  {=OCR},光学文字读取装置,,2020-08-25
9358393,optical fiber,光纤,,2020-08-25
9358394,optical laying,光学瞄准,,2020-08-25
9358395,optical loft,光学放样,,2020-08-25
9358396,optical log,光学计程仪,,2020-08-25
9358397,optical marking,光学落样,,2020-08-25
9358398,optical maser,光脉射,,2020-08-25
9358399,optical pump magnetometer,光泵磁强计,,2020-08-25
9358400,optical search mode,光学搜索状态,,2020-08-25
9358401,optical shop,光仪工场,,2020-08-25
9358402,optically controlled flame cutting machine,光控焰割机,,2020-08-25
9358403,optimal circulation distribution,最佳环流分布,,2020-08-25
9358404,optimal control,最佳控制,,2020-08-25
9358405,optimal value,最佳值,,2020-08-25
9358406,optimization,最适化,,2020-08-25
9358407,optimum capacity,最佳能量；最佳容量,,2020-08-25
9358408,optimum design,最佳设计,,2020-08-25
9358409,optimum load sharing,最佳负载分配,,2020-08-25
9358410,optimum revolution,最佳转速,,2020-08-25
9358411,optimum traffic frequency  {=FOT},最佳通讯频率,,2020-08-25
9358412,optimum working frequency  {=FOW},最佳工作频率,,2020-08-25
9358413,OPV {offshore patrol vessel},近岸巡防舰,,2020-08-25
9358414,orbital motion,轨道运动,,2020-08-25
9358415,orbital velocity,[波浪水分子]轨道速度,,2020-08-25
9358416,order rudder angle,指令舵角,,2020-08-25
9358417,orderly sea,平静海况,,2020-08-25
9358418,ordinary frame,普通肋骨,,2020-08-25
9358419,ordinary lay,普通搓撚,,2020-08-25
9358420,ordinary seaman  {=OS},普通水手,,2020-08-25
9358421,ordinary strip method  {=OSM},普通截片法,,2020-08-25
9358422,ordinate,纵座标,,2020-08-25
9358423,ordinate value,纵座标值,,2020-08-25
9358424,ordinates,[船长]等分线,,2020-08-25
9358425,ordnance shop,军械工场,,2020-08-25
9358426,ordnance storeroom,武器弹药储藏室,,2020-08-25
9358427,ore boat,矿砂船,,2020-08-25
9358428,ore carrier,矿砂船,,2020-08-25
9358429,ore carrying vessel,矿砂船,,2020-08-25
9358430,ore hold,矿砂舱,,2020-08-25
9358431,ore/bulk/oil  {= OBO} carrier,矿砂散装货与油兼用船,,2020-08-25
9358432,ore/oil  {=OO} carrier,矿砂与油兼用船,,2020-08-25
9358433,oregon pine,洋松,,2020-08-25
9358434,orifice,孔口,,2020-08-25
9358435,orlop deck,最下甲板,,2020-08-25
9358436,orlop deck,最下层甲板{四层甲板以上船}；下甲板下之部分甲板,,2020-08-25
9358437,orthophthalic type resin,普通型树脂；G型树脂；邻苯二甲酸型树脂,,2020-08-25
9358438,orthotropic material,正交异方性材,,2020-08-25
9358439,ortotropy,正交异方性,,2020-08-25
9358440,OS {operating system},作业系统,,2020-08-25
9358441,OS {ordinary seaman},普通水手,,2020-08-25
9358442,oscillating cylinder,摆动缸,,2020-08-25
9358443,oscillating engine,摆动机,,2020-08-25
9358444,oscillating fan,摆动风扇,,2020-08-25
9358445,oscillating of ship,船摇摆,,2020-08-25
9358446,oscillation damping,振荡阻尼,,2020-08-25
9358447,oscillation frequency,振荡频率,,2020-08-25
9358448,oscillator,摆动器；振荡器,,2020-08-25
9358449,oscillatory characteristic,摇簪S性,,2020-08-25
9358450,oscillatory wave,振荡波,,2020-08-25
9358451,oscillograph,示波图,,2020-08-25
9358452,oscilloscope,示波器,,2020-08-25
9358453,OSM {ordinary strip method},普通截片法,,2020-08-25
9358454,osmotic membrane,渗透隔膜,,2020-08-25
9358455,Ostward type viscosimeter,奥氏毛细管黏度计,,2020-08-25
9358456,OTEC  {ocean thermal energy conversion},海洋温差发电,,2020-08-25
9358457,otter board,网板；导板{拖网渔船},,2020-08-25
9358458,otter bridle,网板支索,,2020-08-25
9358459,otter trawl,网板拖网；单拖网,,2020-08-25
9358460,otter trawler,单拖网渔船,,2020-08-25
9358461,Otto cycle,鄂图循环,,2020-08-25
9358462,out of command light,操纵失灵灯,,2020-08-25
9358463,out of step,失步,,2020-08-25
9358464,out of trim,不当俯仰差,,2020-08-25
9358465,out wash,刷净；清除,,2020-08-25
9358466,outboard,舷外,,2020-08-25
9358467,outboard boom,舷外吊杆,,2020-08-25
9358468,outboard cabin,外侧客舱,,2020-08-25
9358469,outboard drive unit,舷外机组,,2020-08-25
9358470,outboard engine,舷外机,,2020-08-25
9358471,outboard engine boat,舷外机艇,,2020-08-25
9358472,outboard exhaust valve,舷外排泄阀,,2020-08-25
9358473,outboard hole,舷孔,,2020-08-25
9358474,outboard motor,船外机；舷外机,,2020-08-25
9358475,outboard motor boat,舷外机艇,,2020-08-25
9358476,outboard profile,船体外侧面图,,2020-08-25
9358477,outboard screw,外侧螺桨{指四螺桨船远离中线面的两个螺桨},,2020-08-25
9358478,outboard shaft,船外轴,,2020-08-25
9358479,outboard turning,外旋,,2020-08-25
9358480,outboard valve,船外阀,,2020-08-25
9358481,outboard ventilation exhaust valve,船外排风阀,,2020-08-25
9358482,outboard work,舷外作业,,2020-08-25
9358483,outboard-rotating screw,外旋螺桨,,2020-08-25
9358484,outdoor boiler,露天锅炉,,2020-08-25
9358485,outer bottom,外底,,2020-08-25
9358486,outer casing,[锅炉]外壳,,2020-08-25
9358487,outer hull,外壳,,2020-08-25
9358488,outer jib,外艏帆,,2020-08-25
9358489,outer plating,外层板列,,2020-08-25
9358490,outer shaft,外侧轴,,2020-08-25
9358491,outer strake,外板列,,2020-08-25
9358492,outer wale,舷沿列板,,2020-08-25
9358493,outer waterway,舷侧排水道外侧材,,2020-08-25
9358494,outfit,舣装[品],,2020-08-25
9358495,outfitting,舣装工作,,2020-08-25
9358496,outfitting afloat,码头边蚁装；水上舣装,,2020-08-25
9358497,outfitting quay,舣装码头,,2020-08-25
9358498,outfitting yard,舣装工厂,,2020-08-25
9358499,outflow velocity,出流速度,,2020-08-25
9358500,outhaul,[向舷]外拉索,,2020-08-25
9358501,outhaul line,外牵索,,2020-08-25
9358502,outhaul whip,外牵索,,2020-08-25
9358503,outhaul winch,拉出绞机,,2020-08-25
9358504,outlet,出口；出路,,2020-08-25
9358505,outlet air angle,空气出口角,,2020-08-25
9358506,outlet blade angle,轮叶出口角,,2020-08-25
9358507,outlet box,出线盒,,2020-08-25
9358508,outlet line,引出线,,2020-08-25
9358509,outlet noise,出口噪音,,2020-08-25
9358510,outlet vacuum,出口真空度,,2020-08-25
9358511,outlet valve,排出阀,,2020-08-25
9358512,outlet velocity,出口速度,,2020-08-25
9358513,outlet volute,出口蜗壳,,2020-08-25
9358514,outline,外形；轮廓；大纲,,2020-08-25
9358515,outline chart,略图,,2020-08-25
9358516,outline specification,简要规范书,,2020-08-25
9358517,outmost load bearing padeye,外缘负荷支撑眼板,,2020-08-25
9358518,out-of-plane loading,面外荷重,,2020-08-25
9358519,out-plane loading,面外负荷；贯层负荷,,2020-08-25
9358520,output,输出；输出量；产量,,2020-08-25
9358521,output characteristic,输出特性[曲线],,2020-08-25
9358522,output circuit,输出电路,,2020-08-25
9358523,output data,输出资料；输出数据,,2020-08-25
9358524,output voltage,输出电压,,2020-08-25
9358525,outreach,伸出舷外距离；伸出距离,,2020-08-25
9358526,outrigged boat,舷外伸出浮体艇；舷外桨叉赛艇,,2020-08-25
9358527,outrigger,叉架；舷外撑架；舷外防倾浮体；桅上固定具,,2020-08-25
9358528,outrigger boom,舷外伸出杆,,2020-08-25
9358529,outrigger torpedo boat,外装鱼雷艇,,2020-08-25
9358530,outside brace,外支架,,2020-08-25
9358531,outside bulge,船外腹；舷外凸出部,,2020-08-25
9358532,outside butt strap,外搭板,,2020-08-25
9358533,outside cabin,外侧舱房,,2020-08-25
9358534,outside caliper,外卡[钳],,2020-08-25
9358535,outside condenser,外冷凝器,,2020-08-25
9358536,outside diameter,外[直]径,,2020-08-25
9358537,outside machine shop,外钳场,,2020-08-25
9358538,outside manufacturing,外包订制,,2020-08-25
9358539,outside planking,外板{木船},,2020-08-25
9358540,outside staging,外板搭架,,2020-08-25
9358541,outward buckling,外凸挫曲,,2020-08-25
9358542,outward flow,外向流,,2020-08-25
9358543,outward heeling,外倾,,2020-08-25
9358544,outward turning,外旋,,2020-08-25
9358545,outward turning propeller,外旋螺桨,,2020-08-25
9358546,oval boiler,椭圆锅炉,,2020-08-25
9358547,oven,炉；烤炉,,2020-08-25
9358548,over charging switch,转换开关,,2020-08-25
9358549,over current,过[量]电流,,2020-08-25
9358550,over current relay,过流继电器,,2020-08-25
9358551,over current trip,过流跳脱,,2020-08-25
9358552,over current tripping device,过流跳脱装置,,2020-08-25
9358553,over discharge,过量放电,,2020-08-25
9358554,over expansion,过度膨胀；过[量]膨胀,,2020-08-25
9358555,over load protector  {=OLP},过负荷防止装置,,2020-08-25
9358556,overall breadth,全宽,,2020-08-25
9358557,overall character,综合特性,,2020-08-25
9358558,overall characteristic,极限特性；综合特性；整体特性,,2020-08-25
9358559,overall dimensions,全尺寸,,2020-08-25
9358560,overall efficiency,全效率,,2020-08-25
9358561,overall length,全长,,2020-08-25
9358562,overall loading,全满载,,2020-08-25
9358563,overall stability,全稳度,,2020-08-25
9358564,overall temperature rise,总温度上升,,2020-08-25
9358565,overall value,全幅值；总值,,2020-08-25
9358566,overbalance,过度均衡,,2020-08-25
9358567,overboard,舷外；船外；人员落水,,2020-08-25
9358568,overboard discharge pipe,舷侧排泄管,,2020-08-25
9358569,overboard discharge valve,船外排泄阀；舷侧排泄阀,,2020-08-25
9358570,overboard fall,舷外吊索,,2020-08-25
9358571,overboard scupper,舷侧排水孔,,2020-08-25
9358572,overcharge,过充电,,2020-08-25
9358573,overflow blowdown,溢流排污,,2020-08-25
9358574,overflow lip,溢[流]口,,2020-08-25
9358575,overflow pipe,溢流管,,2020-08-25
9358576,overflow valve,溢流阀,,2020-08-25
9358577,overflow weir,溢流挡板{挖泥船}；溢流口；溢流堰板,,2020-08-25
9358578,overhang,悬伸,,2020-08-25
9358579,overhanging bow,悬伸艏,,2020-08-25
9358580,overhanging stern,悬伸艉,,2020-08-25
9358581,overhaul,翻修；大修,,2020-08-25
9358582,overhaul inspection,大修检查,,2020-08-25
9358583,overhaul life,大修期限；两次大修间的使用期,,2020-08-25
9358584,overhaul manaul,检修手册,,2020-08-25
9358585,overhead lifting beam,架空吊梁,,2020-08-25
9358586,overhead position,仰姿,,2020-08-25
9358587,overhead travelling crane,架空吊车；高架移动起重机,,2020-08-25
9358588,overhead valve,顶[置]阀,,2020-08-25
9358589,overhead welding,仰銲[法],,2020-08-25
9358590,overheat,过热,,2020-08-25
9358591,overheated zone,过热区,,2020-08-25
9358592,overlap,重叠；搭接,,2020-08-25
9358593,overlapped joint,搭接接头,,2020-08-25
9358594,overlapping propeller,重叠[型]螺桨,,2020-08-25
9358595,over-lay up,覆盖积层,,2020-08-25
9358596,overload,超载；过载；过[量]负荷,,2020-08-25
9358597,overload breaker,过载断路器,,2020-08-25
9358598,overload capacity,过载容量；超负载容量,,2020-08-25
9358599,overload characteristic,超载特性[曲线],,2020-08-25
9358600,overload output,过载出力,,2020-08-25
9358601,overload protection device,过载保护设施,,2020-08-25
9358602,overload relay,超载替续器,,2020-08-25
9358603,overload relief valve,超载释放阀,,2020-08-25
9358604,overload test,超载试验；过负荷试验,,2020-08-25
9358605,overload trip,过载跳脱,,2020-08-25
9358606,overpressure prevention means,过压防止措施,,2020-08-25
9358607,overrigged vessel,超装备船,,2020-08-25
9358608,overshoot,过冲；过调量；超限；过头,,2020-08-25
9358609,overshoot angle,过冲角,,2020-08-25
9358610,overspeed,超速,,2020-08-25
9358611,overspeed governor,超速调节器,,2020-08-25
9358612,overspeed limit,超速限界,,2020-08-25
9358613,overspeed protection device,超速保护设施,,2020-08-25
9358614,overspeed test,超速试验,,2020-08-25
9358615,overtaking sea,[艉]追浪{舷角165°~195°；浪速超过船速},,2020-08-25
9358616,overtorque protection device,超扭[矩]保护设施,,2020-08-25
9358617,overturning,倾覆,,2020-08-25
9358618,overturning moment,翻覆力矩,,2020-08-25
9358619,owner's inspector,船东监造员,,2020-08-25
9358620,owner's room,船东室,,2020-08-25
9358621,owner's trial,船东试航,,2020-08-25
9358622,own-ship noise,本船噪音,,2020-08-25
9358623,oxidation inhibitor,氧化抑制剂,,2020-08-25
9358624,oxide layer,氧化层；氧化膜,,2020-08-25
9358625,oxide paint,金属氧化物油漆,,2020-08-25
9358626,oxiding flame,氧化焰,,2020-08-25
9358627,oxidizing flame,氧化焰,,2020-08-25
9358628,oxidizing medium,氧化剂,,2020-08-25
9358629,oxter plate,艉柱上部船壳板,,2020-08-25
9358630,oxy-accetylene,氧乙炔,,2020-08-25
9358631,oxy-accetylene blow pipe,氧乙炔吹管,,2020-08-25
9358632,oxy-accetylene cutting,氧乙炔切割,,2020-08-25
9358633,oxy-accetylene flame,氧乙炔焰,,2020-08-25
9358634,oxy-accetylene hose,氧乙炔[气]管,,2020-08-25
9358635,oxy-accetylene torch,氧乙炔[气]矩,,2020-08-25
9358636,oxy-accetylene welding,氧乙炔銲接,,2020-08-25
9358637,oxy-acetylene cutting machine,氧炔截剖机,,2020-08-25
9358638,oxy-acetylene welding,氧乙炔銲,,2020-08-25
9358639,oxy-arc cutting,氧气电弧切割,,2020-08-25
9358640,oxygen analyzer,测氧仪,,2020-08-25
9358641,oxygen bottle,氧气瓶,,2020-08-25
9358642,oxygen cutter,氧割器,,2020-08-25
9358643,oxygen gouging,氧挖削,,2020-08-25
9358644,oxygen lance,氧吹管,,2020-08-25
9358645,oxygen lance cutting,氧吹管切割,,2020-08-25
9358646,oxygen lancing,氧吹管焰割,,2020-08-25
9358647,oxygen plasma cutting,氧超弧割切,,2020-08-25
9358648,oxygen-breathing apparatus,氧气呼吸器,,2020-08-25
9358649,oxy-hydrogen cutting,氢氧切割,,2020-08-25
9358650,oxyhydrogen welding,氢氧銲[接],,2020-08-25
9358651,oxy-hydrogen welding,氢氧銲接,,2020-08-25
9358652,oyster boat,采蚵艇,,2020-08-25
9358653,oyster canoe,采蚵舟,,2020-08-25
9358654,ozone generator,臭氧产生器,,2020-08-25
9358655,ozone resistant rubber,抗臭氧橡胶,,2020-08-25
9358656,package,包装件；套装程试,,2020-08-25
9358657,package boiler,整装锅炉；袖珍锅炉,,2020-08-25
9358658,package deal,整批处理；整批包供,,2020-08-25
9358659,package supply,整批包供,,2020-08-25
9358660,packaged boiler,组合锅炉,,2020-08-25
9358661,packaged lumber carrier,捆装木材[运输]船,,2020-08-25
9358662,packet boat,邮船；定期船,,2020-08-25
9358663,packing,填料；衬垫；迫紧；包装；装箱,,2020-08-25
9358664,packing block,填块,,2020-08-25
9358665,packing bolt,衬垫螺栓,,2020-08-25
9358666,packing box,填料函,,2020-08-25
9358667,packing gland,迫紧压盖；填料压盖,,2020-08-25
9358668,packing hook,起迫紧钩,,2020-08-25
9358669,packing hook,起迫紧钩,,2020-08-25
9358670,packing lashing,下水托架拉紧链,,2020-08-25
9358671,packing leather,衬垫皮,,2020-08-25
9358672,packing material,充填材料,,2020-08-25
9358673,packing piece,填[隙]片,,2020-08-25
9358674,packing ring,迫紧圈；垫圈；垫环,,2020-08-25
9358675,packing stick,迫紧杆,,2020-08-25
9358676,packing unit,封装元件,,2020-08-25
9358677,packing washer,填料垫圈,,2020-08-25
9358678,pad,缓冲器；衬垫,,2020-08-25
9358679,pad eye,眼板,,2020-08-25
9358680,pad supported jack-ups,垫支撑式钻油台,,2020-08-25
9358681,padding,加强銲料,,2020-08-25
9358682,paddle,明轮叶；桨,,2020-08-25
9358683,paddle blade,[明轮]轮叶,,2020-08-25
9358684,paddle board,明轮轮叶,,2020-08-25
9358685,paddle boat,明轮船,,2020-08-25
9358686,paddle box,明轮壳,,2020-08-25
9358687,paddle case,明轮罩,,2020-08-25
9358688,paddle steamer,明轮船,,2020-08-25
9358689,paddle walk,明轮舷台,,2020-08-25
9358690,paddle wavemaker,摇板式造波机,,2020-08-25
9358691,paddle wheel,明轮,,2020-08-25
9358692,paddle wheel float,明轮叶片,,2020-08-25
9358693,paddle wheel vessel,明轮船,,2020-08-25
9358694,paddle wheeler,明轮船,,2020-08-25
9358695,paddle-wheel box,明轮壳,,2020-08-25
9358696,padlock,挂锁,,2020-08-25
9358697,paint,油漆；涂料,,2020-08-25
9358698,paint and varnish remover,除漆剂,,2020-08-25
9358699,paint blister,涂膜膨胀,,2020-08-25
9358700,paint blower,喷漆器,,2020-08-25
9358701,paint brush,[油]漆刷,,2020-08-25
9358702,paint film,涂膜,,2020-08-25
9358703,paint film defect,涂膜缺陷,,2020-08-25
9358704,paint gun,喷漆枪,,2020-08-25
9358705,paint line,水线漆上界线,,2020-08-25
9358706,paint locker,油漆库,,2020-08-25
9358707,paint roughness,油漆粗糙度,,2020-08-25
9358708,paint scraper,刮漆器,,2020-08-25
9358709,paint sprayer,喷漆器,,2020-08-25
9358710,paint store,油漆库,,2020-08-25
9358711,paint strake,舷侧厚板列,,2020-08-25
9358712,painter,油漆工；艇首索；小索,,2020-08-25
9358713,painting,涂刷；涂装；涂漆,,2020-08-25
9358714,painting robot,喷漆机器人；喷漆机器手,,2020-08-25
9358715,painting shop,涂装工场,,2020-08-25
9358716,paint-spraying machine,喷漆枪；喷漆机,,2020-08-25
9358717,pallet,配列；托[货]板,,2020-08-25
9358718,pallet board,托[货]板,,2020-08-25
9358719,pallet carrier,托板[货]运输船,,2020-08-25
9358720,pallet conveyor,托板输送带,,2020-08-25
9358721,pallet loader,托板装载机,,2020-08-25
9358722,pallet number,分批编号,,2020-08-25
9358723,pallet ship,托板货船；拖板货船,,2020-08-25
9358724,pallet trailer,托板拖车,,2020-08-25
9358725,pallet unit,托板单元,,2020-08-25
9358726,palletized general cargo,托板装杂货,,2020-08-25
9358727,palletized-cargo carrier,托板[货]运输船,,2020-08-25
9358728,palm,锚掌；柱掌；棕榈,,2020-08-25
9358729,palm plate,掌板,,2020-08-25
9358730,palm rope,棕榈绳,,2020-08-25
9358731,palm stay,掌形螺撑,,2020-08-25
9358732,pan diffuser,盘式扩散器,,2020-08-25
9358733,pan head and swell neck rivet,截锥头粗颈铆钉,,2020-08-25
9358734,pan head rivet,盘头铆钉；截锥头铆钉,,2020-08-25
9358735,pan head with parallel neck rivet,截锥头直颈铆钉,,2020-08-25
9358736,Panama Canal Regulation,巴拿马运河[吨位丈量]规则,,2020-08-25
9358737,Panama Canal Tonnage,巴拿马运河吨位,,2020-08-25
9358738,Panama Canal Tonnage certificate,巴拿马运河吨位证书,,2020-08-25
9358739,Panama chock,巴拿马运河导索器,,2020-08-25
9358740,Panama fairlead,巴拿马导索孔,,2020-08-25
9358741,Panama lead,巴拿马运河导索器,,2020-08-25
9358742,Panamax,巴拿马极限型,,2020-08-25
9358743,Panamax bulk carrier,巴拿马型散装货船,,2020-08-25
9358744,Panamax carrier,巴拿马型船,,2020-08-25
9358745,panel,片；盘；嵌板；船段构片,,2020-08-25
9358746,panel assembly line,小组合生产线,,2020-08-25
9358747,panel board,仪表板,,2020-08-25
9358748,panel box,配电箱；控制箱,,2020-08-25
9358749,panel breaker,盘用断路器；分电盘断路器,,2020-08-25
9358750,panel construction,嵌板结构,,2020-08-25
9358751,panel room,配电盘室,,2020-08-25
9358752,panel subcode,构片小组合代码,,2020-08-25
9358753,panel vibration,嵌板振动,,2020-08-25
9358754,panel work,嵌板工作；嵌板结构；仪表板上施工；嵌板施工；构架工作,,2020-08-25
9358755,paneled bulkhead,嵌板舱壁,,2020-08-25
9358756,pan-headed bolt,盘头螺栓,,2020-08-25
9358757,panoramic frequency display,全景频率显示器,,2020-08-25
9358758,panoramic window,全景窗；环视窗,,2020-08-25
9358759,panting,拍击,,2020-08-25
9358760,panting action,拍击作用,,2020-08-25
9358761,panting arrangement,抗拍结构布置；抗拍结构,,2020-08-25
9358762,panting beam,抗拍梁,,2020-08-25
9358763,panting frame,抗拍肋骨,,2020-08-25
9358764,panting strake,抗拍板列,,2020-08-25
9358765,panting stringer,抗拍纵肋；抗拍水平加强肋,,2020-08-25
9358766,pantograph,缩放[绘图]仪,,2020-08-25
9358767,pantry,配膳室,,2020-08-25
9358768,paper boat,小吨位船,,2020-08-25
9358769,paper insulated cable,纸绝缘电缆,,2020-08-25
9358770,parabolic camber,抛物线拱形,,2020-08-25
9358771,parabolic-reflector microphone,抛物面反射式听声器,,2020-08-25
9358772,parachute carrier life boat,空投充气救生艇,,2020-08-25
9358773,parachute signal,降落伞信号弹,,2020-08-25
9358774,paraffin,石蜡,,2020-08-25
9358775,paraffin engine,石油引擎；石油机,,2020-08-25
9358776,parallel body,平行舯体,,2020-08-25
9358777,parallel circuit,并联电路,,2020-08-25
9358778,parallel flow heat exchanger,并流热交换器,,2020-08-25
9358779,parallel flow turbine,并流涡轮机,,2020-08-25
9358780,parallel immersion,平行下沉,,2020-08-25
9358781,parallel lay-up,平行铺敷；平行搁置系泊,,2020-08-25
9358782,parallel midbody,平行舯体,,2020-08-25
9358783,parallel middle body,平行舯体,,2020-08-25
9358784,parallel misalignment,中心线平行错位,,2020-08-25
9358785,parallel operation,并联运转{电}；并列操作,,2020-08-25
9358786,parallel planing machine,平行刨床,,2020-08-25
9358787,parallel processing,平行处理,,2020-08-25
9358788,parallel ruler,平行尺,,2020-08-25
9358789,parallel running,并联运转{电}；并列运转,,2020-08-25
9358790,parallel shift maneuver,平移操纵,,2020-08-25
9358791,parallel sided blade,直叶片,,2020-08-25
9358792,parallel sinkage,平行下沉,,2020-08-25
9358793,parallel strand roving,平股纱束,,2020-08-25
9358794,parallel welding,平行銲接,,2020-08-25
9358795,parallel-jaw vice,平口虎钳,,2020-08-25
9358796,paramagnetic material,顺磁性材料,,2020-08-25
9358797,parameter,参数,,2020-08-25
9358798,parasol web,[气垫船]围裙伞式腹膜,,2020-08-25
9358799,paravane,破雷卫；扫雷器,,2020-08-25
9358800,paravane boom,扫雷具吊柱,,2020-08-25
9358801,parcel vessel,小宗散装货船,,2020-08-25
9358802,parchment paper,羊皮纸,,2020-08-25
9358803,parent form,母型,,2020-08-25
9358804,parent form variation method,[母船]线形变移法,,2020-08-25
9358805,parent metal,本体金属；母材,,2020-08-25
9358806,parent model,母型模,,2020-08-25
9358807,parent ship,母型船,,2020-08-25
9358808,Park Avenue boom,[一种比赛游艇之]帆桁,,2020-08-25
9358809,parkerising,磷酸盐处理,,2020-08-25
9358810,Parson's turbine,派生式涡轮机,,2020-08-25
9358811,part code,零件代码,,2020-08-25
9358812,part sectioned view,局部剖面图,,2020-08-25
9358813,partial awning deck vessel,部分遮盖甲板船,,2020-08-25
9358814,partial bulkhead,部分舱壁,,2020-08-25
9358815,partial cavitation,部分空化,,2020-08-25
9358816,partial cavity,部分空泡,,2020-08-25
9358817,partial double bottom,部分[二]重底,,2020-08-25
9358818,partial double hull boat,局部双层船壳船,,2020-08-25
9358819,partial load,部分负荷,,2020-08-25
9358820,partial superstructure,部分船艘,,2020-08-25
9358821,partial vacuum,部分真空；局部真空,,2020-08-25
9358822,partially cavitating hydrofoil,局部空化水翼,,2020-08-25
9358823,partially enclosed life boat,部分围蔽救生艇,,2020-08-25
9358824,partially protected poop front bulkhead,艉楼端部分防护舱壁；艉艛前端部分防护舱壁,,2020-08-25
9358825,partially submerged propeller,部份浸水螺桨；穿水式螺桨,,2020-08-25
9358826,partially underhung rudder,半悬舵,,2020-08-25
9358827,particle velocity,质点速度,,2020-08-25
9358828,particular sheet,要目表,,2020-08-25
9358829,parting agent,脱模剂,,2020-08-25
9358830,partition board,隔板,,2020-08-25
9358831,partition bulkhead,隔间舱壁,,2020-08-25
9358832,partition plate,隔板,,2020-08-25
9358833,partition wall,[分]隔壁,,2020-08-25
9358834,partly filled compartment,部分装载舱,,2020-08-25
9358835,partner,支桅强板,,2020-08-25
9358836,parts,零件,,2020-08-25
9358837,parts list,零组件明细表,,2020-08-25
9358838,parts per million {=ppm},百万分之容量比,,2020-08-25
9358839,party fishing boat,游乐渔船,,2020-08-25
9358840,pass,銲道；通路,,2020-08-25
9358841,pass key,总钥,,2020-08-25
9358842,pass sequence,銲道顺序,,2020-08-25
9358843,pass valve,直通阀,,2020-08-25
9358844,passage,通道,,2020-08-25
9358845,passage boat,渡船；班船,,2020-08-25
9358846,Passaree boom,[一种横帆船]帆桁,,2020-08-25
9358847,passenger,旅客；乘客,,2020-08-25
9358848,passenger accommodation,旅客起居设备,,2020-08-25
9358849,passenger boat,客船,,2020-08-25
9358850,passenger cabin,客舱,,2020-08-25
9358851,passenger capacity,载客量,,2020-08-25
9358852,passenger cargo boat,客货船,,2020-08-25
9358853,passenger cargo ship,客货轮,,2020-08-25
9358854,passenger cargo vessel,客货船,,2020-08-25
9358855,passenger carrier,客船,,2020-08-25
9358856,passenger ferry,旅客渡船,,2020-08-25
9358857,passenger hovercraft,气垫客船,,2020-08-25
9358858,passenger liner,定期客轮；邮轮,,2020-08-25
9358859,passenger ship,客船,,2020-08-25
9358860,Passenger Ship Safety Certificate,客船安全证书,,2020-08-25
9358861,passenger space,客舱空间,,2020-08-25
9358862,passenger steamer,[蒸气]客轮,,2020-08-25
9358863,passenger vessel,客船,,2020-08-25
9358864,passing tongs,送铆钉钳,,2020-08-25
9358865,passive circuit,无功电路,,2020-08-25
9358866,passive-guide missile,被动导引飞弹,,2020-08-25
9358867,patch,贴补；补缀；补绽；面片,,2020-08-25
9358868,patch board,补缀板；堵漏板,,2020-08-25
9358869,patch bolt,补缀螺栓,,2020-08-25
9358870,patch box,堵漏盒,,2020-08-25
9358871,patching material,堵漏材料,,2020-08-25
9358872,patent notice,专利[权]通告,,2020-08-25
9358873,Patriot missile,爱国者飞弹,,2020-08-25
9358874,patrol boat,巡逻艇,,2020-08-25
9358875,patrol boat,巡逻艇,,2020-08-25
9358876,patrol craft large {=PCL},大型巡逻艇,,2020-08-25
9358877,patrol torpedo {=PT} boat,鱼雷快艇,,2020-08-25
9358878,patrol torpedo boat,鱼雷[巡逻]快艇,,2020-08-25
9358879,patrol vessel,巡逻船,,2020-08-25
9358880,pattern,模型；式样,,2020-08-25
9358881,pattern milling machine,模型铣床,,2020-08-25
9358882,patterner,模型工,,2020-08-25
9358883,paunch mat,帆具防擦垫,,2020-08-25
9358884,pawl,爪；掣子,,2020-08-25
9358885,pawl bitt,小船绞盘轴；带缆桩,,2020-08-25
9358886,pay load,有效负载；酬载,,2020-08-25
9358887,payload,酬载,,2020-08-25
9358888,payload capability,酬载能力,,2020-08-25
9358889,payload capacity,净载货量；酬载容量,,2020-08-25
9358890,payload volume,酬载容积,,2020-08-25
9358891,PBT  {= pure ballast tank},压载专用舱,,2020-08-25
9358892,PCC  { pure car carrier},汽车专用[运输]船,,2020-08-25
9358893,PCD  {pitch circle diameter},节圆直径,,2020-08-25
9358894,PCL {patrol craft large},大型巡逻艇,,2020-08-25
9358895,peak,尖端；尖峰；纵帆后上角,,2020-08-25
9358896,peak board,帆顶加固件,,2020-08-25
9358897,peak bulkhead,尖舱壁,,2020-08-25
9358898,peak cringle,纵帆后上角索孔,,2020-08-25
9358899,peak frame,尖舱肋骨,,2020-08-25
9358900,peak hatch,尖舱舱口,,2020-08-25
9358901,peak level,峰值位准,,2020-08-25
9358902,peak line,斜桁后端收放索；斜桁旗绳,,2020-08-25
9358903,peak load,最高载重；尖峰负荷,,2020-08-25
9358904,peak pendant,斜桁顶旒旗,,2020-08-25
9358905,peak power limitation,峰值功率限制,,2020-08-25
9358906,peak tank,尖舱,,2020-08-25
9358907,peak tye,斜桁顶索,,2020-08-25
9358908,peak value,峰值；最大值；尖峰值,,2020-08-25
9358909,peak voltage,[尖]峰[电]压,,2020-08-25
9358910,peak-to-peak value,峰间值,,2020-08-25
9358911,peaky sea,三角浪；尖峰浪,,2020-08-25
9358912,pear shape,梨形,,2020-08-25
9358913,pearl boat,采[珍]珠船,,2020-08-25
9358914,pearlite,波来铁；波来体,,2020-08-25
9358915,peat,泥煤,,2020-08-25
9358916,peceived noise level,感觉噪音位准,,2020-08-25
9358917,pedal,踏板,,2020-08-25
9358918,pedestal,托架；轴架,,2020-08-25
9358919,pedestal fairlead roller,台式导滚子,,2020-08-25
9358920,pedestal mount,托架底座；轴架底座,,2020-08-25
9358921,pedestal roller,台式滚轮,,2020-08-25
9358922,pedestal socket,凸轮套座,,2020-08-25
9358923,peel strength,剥离强度,,2020-08-25
9358924,peening,剥离轻锤{去内应力}；锤平；锤板缘,,2020-08-25
9358925,peening hammer,扁头锤,,2020-08-25
9358926,peening tool,轻锤工具,,2020-08-25
9358927,peep hole,窥孔,,2020-08-25
9358928,peep window,窥窗,,2020-08-25
9358929,pegamoid,假皮；人造皮,,2020-08-25
9358930,pelagic trawl,深海拖网,,2020-08-25
9358931,pelicam hook,快释钩；速脱钩,,2020-08-25
9358932,pelorus,哑罗经,,2020-08-25
9358933,pendant,短索；吊索,,2020-08-25
9358934,pendulm test,摆锤冲击试验,,2020-08-25
9358935,pendulum impact testing machine,摆锤冲击试验机,,2020-08-25
9358936,pendulum viscosimeter,摆式黏度计,,2020-08-25
9358937,penetrant test {=PT},渗透[剂]试验,,2020-08-25
9358938,penetrating piece,贯穿件,,2020-08-25
9358939,penetration,贯穿；渗透,,2020-08-25
9358940,penetrometer,针穿度计,,2020-08-25
9358941,pennant,长旒,,2020-08-25
9358942,pennant lamp,旒旗灯,,2020-08-25
9358943,Pensacola oyster boat,[美国佛州西北朋沙科拉湾]尖艏方艉平底采蚵船,,2020-08-25
9358944,Pensacola pilot boat,[美国佛州西北朋沙科拉湾]捕鱼用无甲板小帆船,,2020-08-25
9358945,pepper blister,表层微小气泡,,2020-08-25
9358946,perceived level,感觉位准,,2020-08-25
9358947,percent shear,剪断剖面率,,2020-08-25
9358948,percussion riveting machine,冲击[式]铆[接]机,,2020-08-25
9358949,percussion test,冲击试验,,2020-08-25
9358950,percussion welding,储能撞击銲；撞击銲接,,2020-08-25
9358951,percussion-welding machine,冲击[式]銲机,,2020-08-25
9358952,percussive test,坠落试验,,2020-08-25
9358953,perfect fluid,理想流体,,2020-08-25
9358954,perfect gas,理想气体,,2020-08-25
9358955,perfect scavening,完全驱气,,2020-08-25
9358956,perforated acoustic board,多孔吸音板,,2020-08-25
9358957,perforated board,多孔板,,2020-08-25
9358958,perforated plate,多孔板,,2020-08-25
9358959,perforated ring,多孔环,,2020-08-25
9358960,perforated washer,有孔垫圈,,2020-08-25
9358961,performance curve,性能曲线,,2020-08-25
9358962,performance requirement,性能要求,,2020-08-25
9358963,performance test,性能试验,,2020-08-25
9358964,performance value,性能值,,2020-08-25
9358965,period,周期；期间,,2020-08-25
9358966,periodic damping,周期性衰减；振荡性衰减,,2020-08-25
9358967,periodic wave,周期性波,,2020-08-25
9358968,periodical inspection,定期检查,,2020-08-25
9358969,periodical maintenance,定期保养；定期维护,,2020-08-25
9358970,periodical survey,定期检验,,2020-08-25
9358971,periodical wave,周期波,,2020-08-25
9358972,peripheral equipment,周边设备；辅助设备,,2020-08-25
9358973,peripheral jet hovercraft,周围喷射式气垫船,,2020-08-25
9358974,peripheral velocity,周速度；圆周速度,,2020-08-25
9358975,periscope,潜望镜,,2020-08-25
9358976,periscope condition,潜望浮态{潜艇},,2020-08-25
9358977,periscope magnification,潜望镜放大率,,2020-08-25
9358978,periscope mast well,潜望镜桅围井,,2020-08-25
9358979,periscope sextant,潜望六分仪,,2020-08-25
9358980,periscope wake,潜望镜航迹,,2020-08-25
9358981,periscopic vision,潜望镜观察,,2020-08-25
9358982,perishable cargo boat,鲜货船,,2020-08-25
9358983,perishable carrier,鲜货船,,2020-08-25
9358984,permanent ballast,固定压载；永久压载,,2020-08-25
9358985,permanent buckling,永久挫曲,,2020-08-25
9358986,permanent bunker,固定燃料舱,,2020-08-25
9358987,permanent coal bunker,永久煤舱,,2020-08-25
9358988,permanent fender,固定护舷材,,2020-08-25
9358989,permanent magnet,永久磁铁,,2020-08-25
9358990,permanent moorings,永久系船设施,,2020-08-25
9358991,permanent repair,彻底检修,,2020-08-25
9358992,permanent set,永久变形,,2020-08-25
9358993,permanent stores,常备品,,2020-08-25
9358994,permanent strain,永久应变,,2020-08-25
9358995,permanent wave,保存波,,2020-08-25
9358996,permeability,浸透性；导磁性；浸水率,,2020-08-25
9358997,permeable material,可渗透性材料,,2020-08-25
9358998,permissible error,容许误差,,2020-08-25
9358999,permissible length,许可长度,,2020-08-25
9359000,permissible limit,容许限度,,2020-08-25
9359001,permissible load,容许载荷；容许负载,,2020-08-25
9359002,permissible radiation level,放射性辐射；容许剂量[位准],,2020-08-25
9359003,permissible temperature,容许温度,,2020-08-25
9359004,Permit to operate high speed craft,高速船营运许可证,,2020-08-25
9359005,perpendicular,垂标,,2020-08-25
9359006,personal computer  {=PC},个人电脑,,2020-08-25
9359007,personal water craft  {=PWC},水上摩托车,,2020-08-25
9359008,personnel boat,人员交通艇,,2020-08-25
9359009,personnel transfer capsule,潜水员工载具,,2020-08-25
9359010,personnel transportation capsule  {=PTC},人员转移舱,,2020-08-25
9359011,perspective drawing,透视图,,2020-08-25
9359012,PERT {program evaluation and review technique},计划评核术,,2020-08-25
9359013,perturbation method,微扰法,,2020-08-25
9359014,perturbation velocity,扰动速度,,2020-08-25
9359015,perturbation wave,扰动波,,2020-08-25
9359016,pet cock,小旋塞,,2020-08-25
9359017,pet valve,小[测验]阀,,2020-08-25
9359018,petrol,汽油,,2020-08-25
9359019,petrol carrier,汽油运输船,,2020-08-25
9359020,petrol engine,汽油机,,2020-08-25
9359021,petroleum,石油,,2020-08-25
9359022,petroleum cargo,油品货,,2020-08-25
9359023,petroleum tank,石油柜,,2020-08-25
9359024,petroleum vapour,石油[挥发]气,,2020-08-25
9359025,petty officer,资深乙级船员；士官,,2020-08-25
9359026,petty officer's mess,士官餐室,,2020-08-25
9359027,Pferdstaerke {=PS},公制马力,,2020-08-25
9359028,pH {= power of hydrogen} value,酸碱值；氢离子浓度值；[离＋巠]标值,,2020-08-25
9359029,PH {= pressure hull},压力壳,,2020-08-25
9359030,pH {=power of hydrogen},酸碱度；氢离子度,,2020-08-25
9359031,phase,相；相位,,2020-08-25
9359032,phase advancer,进相机{电},,2020-08-25
9359033,phase angle,相[位]角；相位差,,2020-08-25
9359034,phase converter,变相机{电},,2020-08-25
9359035,phase difference,相差,,2020-08-25
9359036,phase distorsion,相位畸变,,2020-08-25
9359037,phase indicator,相位指示器,,2020-08-25
9359038,phase lag,相位落后；相位延滞,,2020-08-25
9359039,phase lead,相位超前；领相；越相,,2020-08-25
9359040,phase meter,相位计,,2020-08-25
9359041,phase sequence,相序,,2020-08-25
9359042,phase shift,相移,,2020-08-25
9359043,phase shifting device,移相器,,2020-08-25
9359044,phase velocity,相位速度,,2020-08-25
9359045,phase voltage,相电压,,2020-08-25
9359046,phenol paint,酚树脂油漆,,2020-08-25
9359047,phenol resin,酚树脂,,2020-08-25
9359048,phenolic composition block,[尾轴承]苯酚合成密封圈,,2020-08-25
9359049,phenolic resin paint,酚树脂涂料,,2020-08-25
9359050,phenolics,酚树脂,,2020-08-25
9359051,phenominal sea,骇浪,,2020-08-25
9359052,phone,声；电话,,2020-08-25
9359053,phone and distance line,标[示]距[离]电话机,,2020-08-25
9359054,phosphate ore carrier,磷酸矿石运输船,,2020-08-25
9359055,phosphor bronze,磷青铜,,2020-08-25
9359056,photo eye tracer,光眼描图机,,2020-08-25
9359057,photoeffect,光电效应,,2020-08-25
9359058,photoelastic test,偏光弹性试验,,2020-08-25
9359059,photoelastic-coating method,光弹涂层法,,2020-08-25
9359060,photoelasticity,光弹性；偏光弹性学,,2020-08-25
9359061,photoelectric cell,光电管；光电池,,2020-08-25
9359062,photo-electric cell,光电池,,2020-08-25
9359063,photoelectric flue gas detector,电烟道气侦测器,,2020-08-25
9359064,photo-electric linefollowing gas cutting machine,光电跟线气割机,,2020-08-25
9359065,photoelectric threshold,光电阈；光电效应界限,,2020-08-25
9359066,photo-marking,显影落样,,2020-08-25
9359067,photovoltaic material,光电材料,,2020-08-25
9359068,PHV {propeller-hull vortex},螺桨船体涡空泡,,2020-08-25
9359069,pick test,拔出试验,,2020-08-25
9359070,pick up boat,[落水者]捞救艇,,2020-08-25
9359071,picker,突杆；冲杆,,2020-08-25
9359072,picket boat,哨艇,,2020-08-25
9359073,pickling,浸洗；酸洗,,2020-08-25
9359074,pickling tank,酸洗槽,,2020-08-25
9359075,pick-up boat,收鱼船,,2020-08-25
9359076,pick-up dipole,接收偶极[子],,2020-08-25
9359077,picquet boat,哨艇,,2020-08-25
9359078,piece code,构件代码,,2020-08-25
9359079,piece drawing,分件图,,2020-08-25
9359080,piece table,构件表,,2020-08-25
9359081,piece work,[计]件工[作]；工件,,2020-08-25
9359082,piece work job,[计]件工[作],,2020-08-25
9359083,piece-by-piece distribution method,依件配材法,,2020-08-25
9359084,pier,码头,,2020-08-25
9359085,piercing,穿孔；冲孔,,2020-08-25
9359086,piercing machine,穿孔机,,2020-08-25
9359087,Pierson-Moskowitz spectrum,皮莫二氏波谱,,2020-08-25
9359088,piezoelectric gauge,压电表；压电仪,,2020-08-25
9359089,piezoelectric indicator,压电式压力计,,2020-08-25
9359090,piezoelectric microphone,压电式听声器,,2020-08-25
9359091,pig boat,潜艇,,2020-08-25
9359092,pig iron,生铁,,2020-08-25
9359093,pigboat,潜水艇,,2020-08-25
9359094,pigging valve,清扫管道阀；刮管器注入阀,,2020-08-25
9359095,piggyback pilot valve,阀载向导阀,,2020-08-25
9359096,pigment,颜料,,2020-08-25
9359097,pigmental resin,颜料树脂,,2020-08-25
9359098,pigsty bulwark,[木船]栅形舷墙,,2020-08-25
9359099,pigtail,猪尾式接头,,2020-08-25
9359100,pilaster,壁柱,,2020-08-25
9359101,pile cap,桩帽,,2020-08-25
9359102,pile capacity,桩承载量,,2020-08-25
9359103,pile driving vessel,打桩船,,2020-08-25
9359104,pile-supported offshore platform,桩支式外海平台,,2020-08-25
9359105,piling sheet bar,钢板桩,,2020-08-25
9359106,pillar,支柱,,2020-08-25
9359107,pillar bolt,拉条螺栓；螺撑,,2020-08-25
9359108,pillar bulkhead,支承舱壁,,2020-08-25
9359109,pillar buoy,柱形浮筒；柱形浮标,,2020-08-25
9359110,pillar ladder,[货舱]柱梯,,2020-08-25
9359111,pillar plan,支柱[布置]图,,2020-08-25
9359112,pillow,枕；轴衬,,2020-08-25
9359113,pillow block,轴道轴承,,2020-08-25
9359114,pillow block bearing,轴承,,2020-08-25
9359115,pilot,引水人；导杆,,2020-08-25
9359116,pilot boat,引水船,,2020-08-25
9359117,pilot bridge,引水台；引水船桥,,2020-08-25
9359118,pilot chart,引水图,,2020-08-25
9359119,pilot cutter,引水[人接送]船,,2020-08-25
9359120,pilot flag,引水旗,,2020-08-25
9359121,pilot flame burner,[液化气体船]引火燃烧器,,2020-08-25
9359122,pilot frequency,引示频[率],,2020-08-25
9359123,pilot gyroscope,导航陀螺仪,,2020-08-25
9359124,pilot hoist,引水人升降机,,2020-08-25
9359125,pilot house,操舵室,,2020-08-25
9359126,pilot ignition,引导点火；前导点火,,2020-08-25
9359127,pilot jack,引水旗,,2020-08-25
9359128,pilot ladder,引水[人]梯,,2020-08-25
9359129,pilot lamp,引水灯；指示灯,,2020-08-25
9359130,pilot lightship,引水站灯船；领航站灯船,,2020-08-25
9359131,pilot room,引水人室,,2020-08-25
9359132,pilot station,港口引水人室,,2020-08-25
9359133,pilot transfer arrangement,引水人换乘装置,,2020-08-25
9359134,pilot valve,向导阀；导阀,,2020-08-25
9359135,pilot vessel,引水船,,2020-08-25
9359136,pilot wheel,导轮,,2020-08-25
9359137,pilotage,驾驶室{小船},,2020-08-25
9359138,pilotage regulation,引水规则,,2020-08-25
9359139,pilot-joint inspection boat,引水兼联检船,,2020-08-25
9359140,pilot's cabin,驾驶室；引水人室,,2020-08-25
9359141,pilot-type safety valve,向导式安全阀,,2020-08-25
9359142,pin,针；销,,2020-08-25
9359143,pin block,楔墩；组合[龙骨]墩,,2020-08-25
9359144,pin boss,活塞销毂,,2020-08-25
9359145,pin hole,针孔；气孔,,2020-08-25
9359146,pin joint,销接合,,2020-08-25
9359147,pin tube type heat exchanger,销管式热交换器,,2020-08-25
9359148,pin valve,针阀,,2020-08-25
9359149,pinger,自动音波发讯器,,2020-08-25
9359150,pinhole,针孔；销孔,,2020-08-25
9359151,pinion,小齿轮,,2020-08-25
9359152,pinion mate,啮合小齿轮,,2020-08-25
9359153,pinion shaft,小齿轮轴,,2020-08-25
9359154,pink noise,粉红噪音；粉红杂讯,,2020-08-25
9359155,pink stern,尖狭艉,,2020-08-25
9359156,pintle,心销；舵针,,2020-08-25
9359157,pintle bearing,舵针承,,2020-08-25
9359158,pintle boss,舵钮,,2020-08-25
9359159,pintle valve,针阀；销形阀,,2020-08-25
9359160,pintle-type injection,针栓式喷射,,2020-08-25
9359161,pin-type automatic linkage,插销式自动连接装置,,2020-08-25
9359162,pipe,管；哨笛,,2020-08-25
9359163,pipe arrangement,管路装置；管路装置图；管路布置[图],,2020-08-25
9359164,pipe band,管夹；管固定带,,2020-08-25
9359165,pipe bender,弯管机[器],,2020-08-25
9359166,pipe bore,管内径,,2020-08-25
9359167,pipe bridge,管吊架,,2020-08-25
9359168,pipe carrier,管承；管架,,2020-08-25
9359169,pipe casing,护管箱道；管套,,2020-08-25
9359170,pipe chair,管承；管座,,2020-08-25
9359171,pipe clamp,管夹,,2020-08-25
9359172,pipe conduit,管道；导管,,2020-08-25
9359173,pipe fitter,装管工,,2020-08-25
9359174,pipe fittings,管配件,,2020-08-25
9359175,pipe frame keel,管肋龙骨,,2020-08-25
9359176,pipe grid,管格架,,2020-08-25
9359177,pipe hanger,管吊架,,2020-08-25
9359178,pipe holder,管托；管支撑,,2020-08-25
9359179,pipe joint piece,管接合件,,2020-08-25
9359180,pipe line,管路,,2020-08-25
9359181,pipe passage,管路通道,,2020-08-25
9359182,pipe rack,管架,,2020-08-25
9359183,pipe reamer,管绞刀,,2020-08-25
9359184,pipe recess,[凹沟]管道,,2020-08-25
9359185,pipe saddle,管架,,2020-08-25
9359186,pipe screw cutting machine,管[螺]纹机,,2020-08-25
9359187,pipe support,管[支]架,,2020-08-25
9359188,pipe tensioner,[布管船的]拉管机,,2020-08-25
9359189,pipe thread,管螺纹,,2020-08-25
9359190,pipe threading machine,管螺纹机,,2020-08-25
9359191,pipe tongs,管钳,,2020-08-25
9359192,pipe tower,管塔,,2020-08-25
9359193,pipe trunk,[垂向]管道,,2020-08-25
9359194,pipe tunnel,[纵向]管道,,2020-08-25
9359195,pipe turnbuckle,套筒松紧螺旋扣,,2020-08-25
9359196,pipe unit assembling,管件组合,,2020-08-25
9359197,pipe work,管工,,2020-08-25
9359198,pipe wrench,管扳钳,,2020-08-25
9359199,pipe-bending machine,弯管机,,2020-08-25
9359200,pipe-cutting machine,截管机；锯管机,,2020-08-25
9359201,pipe-expanding machine,扩管机,,2020-08-25
9359202,pipelayer,布管船,,2020-08-25
9359203,pipelaying vessel,布管船,,2020-08-25
9359204,pipeline impedance,管道阻抗,,2020-08-25
9359205,pipeline layer,布管船,,2020-08-25
9359206,pipe-threading machine,管螺纹车床,,2020-08-25
9359207,pipe-welding machine,銲管机,,2020-08-25
9359208,piping,管路；配管,,2020-08-25
9359209,piping arrangement,管路布置[图],,2020-08-25
9359210,piping color,管路色标,,2020-08-25
9359211,piping diagram,管路图,,2020-08-25
9359212,piping plan,管路图,,2020-08-25
9359213,piping work,配管工作,,2020-08-25
9359214,piston,活塞,,2020-08-25
9359215,piston boss,活塞销毂,,2020-08-25
9359216,piston bush,活塞衬套,,2020-08-25
9359217,piston cooling oil pump,活塞冷却油泵,,2020-08-25
9359218,piston cooling pump,活塞冷却泵,,2020-08-25
9359219,piston cooling water pump,活塞冷却水泵,,2020-08-25
9359220,piston crown ablation,活塞顶烧蚀,,2020-08-25
9359221,piston displacement,活塞排气量,,2020-08-25
9359222,piston pin,活塞销,,2020-08-25
9359223,piston pin cap,活塞销锁盖,,2020-08-25
9359224,piston pump,活塞式泵,,2020-08-25
9359225,piston ring,活塞[胀]圈；活塞环,,2020-08-25
9359226,piston ring gap,活塞环开口间隙,,2020-08-25
9359227,piston ring gap elearance,活塞圈接口间隙,,2020-08-25
9359228,piston ring groove,活塞环槽,,2020-08-25
9359229,piston ring sticking,活塞圈胶著,,2020-08-25
9359230,piston rod,活塞杆,,2020-08-25
9359231,piston rod stuffing box,活塞杆填料函,,2020-08-25
9359232,piston scizing,活塞热滞,,2020-08-25
9359233,piston scraping,活塞刮削,,2020-08-25
9359234,piston scuffing,活塞拖磨,,2020-08-25
9359235,piston skirt,活塞裙,,2020-08-25
9359236,piston slide valve,活塞式滑阀,,2020-08-25
9359237,piston speed,活塞速率,,2020-08-25
9359238,piston spring,活塞弹簧,,2020-08-25
9359239,piston stroke,活塞冲程,,2020-08-25
9359240,piston underside pump scavenging,活塞底泵驱气,,2020-08-25
9359241,piston underside pumping  {=PUP},活塞下部泵作用,,2020-08-25
9359242,piston valve,活塞阀,,2020-08-25
9359243,pistonhead,活塞头；活塞冠；活塞顶,,2020-08-25
9359244,pistonphone,活塞式发声器,,2020-08-25
9359245,pitch,节；节距；螺距；纵摇；沥青,,2020-08-25
9359246,pitch and roll buoy,纵横摇观测浮标,,2020-08-25
9359247,pitch angle,螺距角；节距角；纵摇角,,2020-08-25
9359248,pitch attitude,纵摇姿态,,2020-08-25
9359249,pitch chord ratio,节弦比,,2020-08-25
9359250,pitch circle,节圆,,2020-08-25
9359251,pitch circle diameter  {= PCD},节圆直径,,2020-08-25
9359252,pitch connection moment,[双体船]纵摇扭矩,,2020-08-25
9359253,pitch control link,螺距控制杆,,2020-08-25
9359254,pitch control rod,螺距控制杆,,2020-08-25
9359255,pitch damping,纵摇阻尼,,2020-08-25
9359256,pitch frequency,纵摇频率,,2020-08-25
9359257,pitch gauge,螺距规,,2020-08-25
9359258,pitch line,节线,,2020-08-25
9359259,pitch natural frequency,纵摇自然频率,,2020-08-25
9359260,pitch ratio,节圆直径比,,2020-08-25
9359261,pitch speed,节距速[率]{螺桨},,2020-08-25
9359262,pitch surface,螺距面,,2020-08-25
9359263,pitch template,螺距板模,,2020-08-25
9359264,pitch-control box,螺距控制箱,,2020-08-25
9359265,pitching,纵摇,,2020-08-25
9359266,pitching angle,纵摇角,,2020-08-25
9359267,pitching moment,纵摇力矩,,2020-08-25
9359268,pitching motion,纵摇运动,,2020-08-25
9359269,pitching period,纵摇周期,,2020-08-25
9359270,pitching rate,纵摇角速率,,2020-08-25
9359271,pitching velocity,纵摇速度,,2020-08-25
9359272,pitchometer,螺距计,,2020-08-25
9359273,pitometer log,水压计程仪,,2020-08-25
9359274,Pitot tube,皮托管,,2020-08-25
9359275,pitting,斑蚀；孔蚀,,2020-08-25
9359276,pitting corrosion,斑蚀,,2020-08-25
9359277,pivot,枢；枢轴,,2020-08-25
9359278,pivot bearing,枢轴承,,2020-08-25
9359279,pivot center,枢心,,2020-08-25
9359280,pivot gib crane,臂轴起重机,,2020-08-25
9359281,pivoted bolt,枢[轴]栓,,2020-08-25
9359282,pivoting,艉浮扬{下水},,2020-08-25
9359283,pivoting block,转环滑车,,2020-08-25
9359284,pivoting load,艉浮扬负荷,,2020-08-25
9359285,pivoting point,转向轴心,,2020-08-25
9359286,pivoting pressure,艉浮扬[前拖架]压力{下水},,2020-08-25
9359287,place of refuge,避难地,,2020-08-25
9359288,Placery boom,[一种横帆船]帆桁,,2020-08-25
9359289,plain bracket,平腋板,,2020-08-25
9359290,plain hook,平钩,,2020-08-25
9359291,plain hook,平钩,,2020-08-25
9359292,plain open chock,开口无滚子导索器,,2020-08-25
9359293,plain tripple valve,简单三通阀,,2020-08-25
9359294,plain weave,平织,,2020-08-25
9359295,plan,平面图；计划,,2020-08-25
9359296,plan furnace,平行炉膛,,2020-08-25
9359297,plan view,平面图,,2020-08-25
9359298,planar motion,平面运动,,2020-08-25
9359299,planar motion mechanism,平面运动机构,,2020-08-25
9359300,planar motion mechanism  {=PMM} test,平面运动机构试验,,2020-08-25
9359301,planar motion test,平面运动试验,,2020-08-25
9359302,plane bulkhead,平面舱壁,,2020-08-25
9359303,plane carrier,航空母舰,,2020-08-25
9359304,plane doublet,二维偶极[子],,2020-08-25
9359305,plane personnel boat,水上飞机人员交通艇,,2020-08-25
9359306,plane position indicator  {=PPI},平面位置指示器,,2020-08-25
9359307,plane rearming boat,水上飞机弹药补给艇,,2020-08-25
9359308,plane rigging valve,水平舵操纵阀,,2020-08-25
9359309,plane scarf,平面嵌接,,2020-08-25
9359310,plane service boat,水上飞机服务艇,,2020-08-25
9359311,plane strain,平面应变,,2020-08-25
9359312,plane stress,平面应力,,2020-08-25
9359313,plane turntable,水平舵转台,,2020-08-25
9359314,plane wave,平面波,,2020-08-25
9359315,planetary gear,行星齿轮,,2020-08-25
9359316,planetary type motor,行星式马达,,2020-08-25
9359317,planetary wheel,行星齿轮,,2020-08-25
9359318,planimeter,面积仪,,2020-08-25
9359319,planing,滑航,,2020-08-25
9359320,planing boat,滑航艇,,2020-08-25
9359321,planing bottom,滑航艇底,,2020-08-25
9359322,planing hull,滑航船体；滑航式船体；滑航艇,,2020-08-25
9359323,planing machine,龙门刨床,,2020-08-25
9359324,planished plate,辗平板,,2020-08-25
9359325,plank,木板；板,,2020-08-25
9359326,plank frictional resistance,平板摩擦阻力,,2020-08-25
9359327,plank sheer board,舷缘板{木船},,2020-08-25
9359328,planking butt block,[木船]外板对接衬垫,,2020-08-25
9359329,plant,厂；工场；机具设备,,2020-08-25
9359330,plant management,工厂管理,,2020-08-25
9359331,plasma arc welding,电桨弧銲[接],,2020-08-25
9359332,plasma welding,等离子銲,,2020-08-25
9359333,plaster,灰泥；石膏,,2020-08-25
9359334,plastic boat,塑胶艇,,2020-08-25
9359335,plastic buckling,塑性挫曲,,2020-08-25
9359336,plastic cable,塑胶绝缘电缆,,2020-08-25
9359337,plastic deformation,塑性变形,,2020-08-25
9359338,plastic flagstone,塑胶板,,2020-08-25
9359339,plastic grating,塑胶格子,,2020-08-25
9359340,plastic hinge moment,塑性铰弯矩,,2020-08-25
9359341,plastic limit,塑性界限,,2020-08-25
9359342,plastic material,塑性材料,,2020-08-25
9359343,plastic modulus,塑性模数,,2020-08-25
9359344,plastic state,塑性状态,,2020-08-25
9359345,plastic strain,塑性应变,,2020-08-25
9359346,plastic yield,塑性降伏,,2020-08-25
9359347,plasticity,塑性,,2020-08-25
9359348,plastics foam,塑胶发泡材；泡沫塑胶,,2020-08-25
9359349,plasto-elasticity,塑弹性,,2020-08-25
9359350,plate,板；片,,2020-08-25
9359351,plate behind armor,装甲背板,,2020-08-25
9359352,plate bending roll,卷板机；弯板轧机,,2020-08-25
9359353,plate bracket,平腋板,,2020-08-25
9359354,plate chain,平链；链条,,2020-08-25
9359355,plate circuit,屏[极电]路,,2020-08-25
9359356,plate clamp,钢板夹持器,,2020-08-25
9359357,plate collar,开口补板,,2020-08-25
9359358,plate door,舱壁开口盖,,2020-08-25
9359359,plate edge beveling machine,钢板刨边机,,2020-08-25
9359360,plate edge preparation,板缘加工{电銲},,2020-08-25
9359361,plate floor,实心肋板,,2020-08-25
9359362,plate guard,护板,,2020-08-25
9359363,plate handling bridge,桥式吊钢板机,,2020-08-25
9359364,plate keel,平板龙骨,,2020-08-25
9359365,plate leveller,钢板整平机,,2020-08-25
9359366,plate mangle,钢板矫平机,,2020-08-25
9359367,plate mill,轧[钢]扳机；轧[钢]板厂,,2020-08-25
9359368,plate rack,厨具架；厨房用架,,2020-08-25
9359369,plate regenerator,板式再生器,,2020-08-25
9359370,plate roughness,表面粗糙度,,2020-08-25
9359371,plate saw,平锯,,2020-08-25
9359372,plate shop,冷作工场,,2020-08-25
9359373,plate stem,板艏材,,2020-08-25
9359374,plate straightening roll,钢板矫平辊,,2020-08-25
9359375,plate valve,板阀,,2020-08-25
9359376,plate vibrator,平扳振动器,,2020-08-25
9359377,plate-bending machine,弯板机,,2020-08-25
9359378,plate-cleaning machine,清板机,,2020-08-25
9359379,plate-cutting machine,剪扳机；切扳机,,2020-08-25
9359380,plated bulwark,装板舷墙,,2020-08-25
9359381,plated mast,板制桅柱,,2020-08-25
9359382,plate-edge miller,铣边机,,2020-08-25
9359383,plate-leveling machine,平板机；钢板矫平机,,2020-08-25
9359384,plate-link chain,平板链,,2020-08-25
9359385,plate-punching machine,冲板机,,2020-08-25
9359386,plater,铁板工,,2020-08-25
9359387,plate-shearing machine,剪扳机,,2020-08-25
9359388,plate-straightening machine,平板机；钢板矫平机,,2020-08-25
9359389,platform container,平台货柜,,2020-08-25
9359390,platform deck,台甲板,,2020-08-25
9359391,platform length,平台长度,,2020-08-25
9359392,platforming mode,凌波平航状态,,2020-08-25
9359393,plating,板列；电镀,,2020-08-25
9359394,pleasure boat,游艇,,2020-08-25
9359395,pleasure cruise boat,游览船,,2020-08-25
9359396,pleasure yacht,游乐艇游艇,,2020-08-25
9359397,plenum chamber hovercraft,增压室式气垫船,,2020-08-25
9359398,plenum discharge velocity,气室射气速度,,2020-08-25
9359399,plenum gauge,充气压力计,,2020-08-25
9359400,plenum pressure relief valve,充气室释压阀,,2020-08-25
9359401,plenum system,给气通风系统,,2020-08-25
9359402,plenum ventilation,压力通风,,2020-08-25
9359403,plenum-exhaust ventilation,压力排风,,2020-08-25
9359404,pliers,剪钳；钢丝钳,,2020-08-25
9359405,Plimsoll's mark,普林索式载重标志,,2020-08-25
9359406,plotting board,测绘板；标定图板,,2020-08-25
9359407,plough in,艏潜；埋艏,,2020-08-25
9359408,plow steel,犁钢,,2020-08-25
9359409,plowing,艏突部,,2020-08-25
9359410,plug,塞；插头；舷窗外盖,,2020-08-25
9359411,plug and socket,插头及插座,,2020-08-25
9359412,plug gauge,塞规,,2020-08-25
9359413,plug hatch,气密舱盖{冷冻舱},,2020-08-25
9359414,plug hole,塞孔,,2020-08-25
9359415,plug valve,塞阀,,2020-08-25
9359416,plug weld,塞孔銲,,2020-08-25
9359417,plug welding,塞孔銲接,,2020-08-25
9359418,plug-in mounting,插入式安装,,2020-08-25
9359419,plumb bob,[倾倒试验用]铅锤,,2020-08-25
9359420,plumb bow,垂直柱艏,,2020-08-25
9359421,plumb line,船锤线；铅锤线,,2020-08-25
9359422,plumb stem,垂直艏柱；垂直艉,,2020-08-25
9359423,plumber,管工,,2020-08-25
9359424,plumber block,中间轴台；中间轴承,,2020-08-25
9359425,plumber shop,管工场,,2020-08-25
9359426,plumber work,配管工作,,2020-08-25
9359427,plumbing drain,卫生排水,,2020-08-25
9359428,plumbing equipment,卫生设备,,2020-08-25
9359429,plumbing fixture,卫生器具,,2020-08-25
9359430,plumbing work,水管工作,,2020-08-25
9359431,plummer block,中间轴承,,2020-08-25
9359432,plummer shop,管工场,,2020-08-25
9359433,plummet,铅锤线,,2020-08-25
9359434,plunge,艏潜,,2020-08-25
9359435,plunger,柱塞,,2020-08-25
9359436,plunger guide cap,柱塞导向套,,2020-08-25
9359437,plunger hydraulic motor,柱塞式液压马达,,2020-08-25
9359438,plunger pump,柱塞泵,,2020-08-25
9359439,plunger pump ram,柱塞泵撞锤,,2020-08-25
9359440,plunger ram,柱塞式撞槌,,2020-08-25
9359441,plunger spring,柱塞弹簧,,2020-08-25
9359442,plunger valve,柱塞阀,,2020-08-25
9359443,plunger wavemaker,柱塞式造波机,,2020-08-25
9359444,plunging wave,卷波,,2020-08-25
9359445,ply,层,,2020-08-25
9359446,plywood,合板,,2020-08-25
9359447,pneumacator,气压测深仪,,2020-08-25
9359448,pneumatic block,气动墩,,2020-08-25
9359449,pneumatic boat,充气艇,,2020-08-25
9359450,pneumatic brake,气煞,,2020-08-25
9359451,pneumatic caulking tool,气力捻缝工具,,2020-08-25
9359452,pneumatic chisel,气凿,,2020-08-25
9359453,pneumatic clutch,气力离合器,,2020-08-25
9359454,pneumatic compliance,气垫柔度,,2020-08-25
9359455,pneumatic control element,气力控制元件,,2020-08-25
9359456,pneumatic flapper valve,气动瓣阀；气动止回阀,,2020-08-25
9359457,pneumatic hammer,气锤,,2020-08-25
9359458,pneumatic jack,气力千斤顶,,2020-08-25
9359459,pneumatic motor,气动马达,,2020-08-25
9359460,pneumatic oil stop,气动油压制动器,,2020-08-25
9359461,pneumatic paint brush,喷[漆]枪,,2020-08-25
9359462,pneumatic plant,气力设备,,2020-08-25
9359463,pneumatic ram,气力撞锤；气力溜块,,2020-08-25
9359464,pneumatic regulator,气力调整器,,2020-08-25
9359465,pneumatic riveter,气力铆机,,2020-08-25
9359466,pneumatic riveting machine,气力铆[接]机,,2020-08-25
9359467,pneumatic spring tensioner,气弹簧张力器,,2020-08-25
9359468,pneumatic starting valve,空气起动阀；气力起动阀,,2020-08-25
9359469,pneumatic tube fire alarm system,空气管式火警系统,,2020-08-25
9359470,pneumatic valve valve,气动阀,,2020-08-25
9359471,pneumatic wavemaker,气动式造波机,,2020-08-25
9359472,pneumatically operated cargo valve,气动货油阀,,2020-08-25
9359473,pneumatically released pilot valve,气释向导阀,,2020-08-25
9359474,pocket bunker,小燃料舱,,2020-08-25
9359475,podded propulsion system,机桨一体推进系统,,2020-08-25
9359476,podded propulsor,机桨一体推进器,,2020-08-25
9359477,point corrosion,点蚀,,2020-08-25
9359478,point impedance,点阻抗,,2020-08-25
9359479,point mobility,点动性,,2020-08-25
9359480,point of release,排气点；释放点,,2020-08-25
9359481,point source,点[声]源,,2020-08-25
9359482,point vortex,点涡,,2020-08-25
9359483,poise,泊{黏度单位},,2020-08-25
9359484,poise weight,砝码,,2020-08-25
9359485,Poisson process,蒲松过程,,2020-08-25
9359486,Poisson's ratio,纵横应变比；蒲松氏比,,2020-08-25
9359487,poke welding,手推銲接,,2020-08-25
9359488,poker gauge,游隙规,,2020-08-25
9359489,poker vibrator,插入式振捣器,,2020-08-25
9359490,POL {problem oriented language},问题导向语言,,2020-08-25
9359491,polar coordinate,极座标,,2020-08-25
9359492,polar moment of inertia,极惯性矩,,2020-08-25
9359493,Polaris submarine,北极星飞弹潜艇,,2020-08-25
9359494,polarity of ground,接地极性,,2020-08-25
9359495,polarization,极化,,2020-08-25
9359496,pole,柱；极；桅顶部,,2020-08-25
9359497,pole and line fishing boat,竿钓渔船,,2020-08-25
9359498,pole changing switch,油开关；变极开关,,2020-08-25
9359499,pole compass,高架罗经,,2020-08-25
9359500,pole mast,桅顶柱；柱形桅；独桅,,2020-08-25
9359501,pole piece,磁极片,,2020-08-25
9359502,pole shoe,磁极屐,,2020-08-25
9359503,pole-changing motor,换极马达,,2020-08-25
9359504,police boat,警艇,,2020-08-25
9359505,police patrol boat,警察巡逻艇,,2020-08-25
9359506,polishing machine,抛光机,,2020-08-25
9359507,polycore cable,多芯电缆,,2020-08-25
9359508,polyester filler,聚脂填料,,2020-08-25
9359509,polyester resin,聚酯树脂,,2020-08-25
9359510,polyethylene {=PE},聚乙烯,,2020-08-25
9359511,polymerization inhibitor,聚合抑制剂,,2020-08-25
9359512,polyphase,多相,,2020-08-25
9359513,polystyrene {=PS} foam,聚苯乙烯发泡材,,2020-08-25
9359514,polytropic efficiency,多变效率{气涡轮机},,2020-08-25
9359515,polytropic process,多变过程,,2020-08-25
9359516,polyurethane {=PU},聚胺甲酸酯；保利生,,2020-08-25
9359517,polyurethane {=PU} foam,聚胺甲酸酯发泡材,,2020-08-25
9359518,polyurethane paint,沥青环氧漆,,2020-08-25
9359519,polyvinyl,聚乙烯,,2020-08-25
9359520,polyvinyl alchol {=PVA},聚乙烯醇,,2020-08-25
9359521,polyvinyl chloride {=PVC},聚氯乙烯,,2020-08-25
9359522,pontoon,浮箱；趸船,,2020-08-25
9359523,pontoon boat,驳船；平台船；浮箱,,2020-08-25
9359524,pontoon bridge,浮桥,,2020-08-25
9359525,pontoon causeway,浮箱栈桥,,2020-08-25
9359526,pontoon crane,起重船,,2020-08-25
9359527,pontoon hatch cover,箱型舱口盖；箱形舱盖,,2020-08-25
9359528,pontoon raft,箱筏,,2020-08-25
9359529,pontoon swing bridge,开合浮桥,,2020-08-25
9359530,poop,艉艛,,2020-08-25
9359531,poop bulkhead,艉艛前端壁,,2020-08-25
9359532,poop deck,艉艛甲板,,2020-08-25
9359533,poop front bulkhead,艉艛前端壁,,2020-08-25
9359534,poop ladder,艉艛梯,,2020-08-25
9359535,poop lantern,艉灯,,2020-08-25
9359536,poop rail,艉艛栏杆,,2020-08-25
9359537,poop staff,艉旗杆,,2020-08-25
9359538,poop stringer,艉艛边板,,2020-08-25
9359539,pooping sea,淹艉浪{冲上艉部的浪},,2020-08-25
9359540,pop safety valve,急泄安全阀,,2020-08-25
9359541,poppet,艏艉托架,,2020-08-25
9359542,poppet board,[下水]拖架座板,,2020-08-25
9359543,poppet discharge valve,提动排泄阀,,2020-08-25
9359544,poppet pressure,托架压力{下水},,2020-08-25
9359545,poppet valve,提动阀,,2020-08-25
9359546,poppet valve operating unit,提动阀操作机构；无泡鱼雷发射阀控制机构,,2020-08-25
9359547,popping,艉潜,,2020-08-25
9359548,popping pressure,泄气压力{安全阀},,2020-08-25
9359549,porcelain bowl,瓷便器,,2020-08-25
9359550,porcelain insulator,瓷绝缘体,,2020-08-25
9359551,porcelain tube,瓷管,,2020-08-25
9359552,porosity,多孔性；气孔,,2020-08-25
9359553,porosity level,多孔性水平,,2020-08-25
9359554,porous deposit,多孔熔接金属,,2020-08-25
9359555,porous material,多孔材料,,2020-08-25
9359556,porpoising,跃水；鱼跃现象,,2020-08-25
9359557,porpoising instability,跃水不稳定性；海豚式运动不稳定性,,2020-08-25
9359558,porpours wall,多孔壁,,2020-08-25
9359559,port,口；汽口门；左舷；港；舷窗；装货口,,2020-08-25
9359560,port boiler,左舷锅炉,,2020-08-25
9359561,port bow,艏左舷,,2020-08-25
9359562,port bower,左舷锚,,2020-08-25
9359563,port brow,舷窗楣板；舷窗簷板,,2020-08-25
9359564,port buckler,舷门；舷窗盖,,2020-08-25
9359565,port flap,排水口盖,,2020-08-25
9359566,port lantern,左舷灯,,2020-08-25
9359567,port lid,排水口盖,,2020-08-25
9359568,port light,舷窗；舷窗厚玻璃板；港口小灯塔；码头端小灯塔；左舷灯,,2020-08-25
9359569,port lip,排水口止回板,,2020-08-25
9359570,port of registry,船籍港,,2020-08-25
9359571,port rubber,舷窗橡胶,,2020-08-25
9359572,port sash,舷墙排水口盖,,2020-08-25
9359573,port security boat,港内警艇,,2020-08-25
9359574,port side,左舷,,2020-08-25
9359575,port speed,港内航速,,2020-08-25
9359576,port state control {=PSC},港口国管制,,2020-08-25
9359577,port timber,艉纵翼材{木船},,2020-08-25
9359578,portable ballast,可移[固体]压载,,2020-08-25
9359579,portable capstan,轻便绞盘,,2020-08-25
9359580,portable deck,活动[栅形]甲板,,2020-08-25
9359581,portable fire extinguisher,轻便灭火器,,2020-08-25
9359582,portable fittings,活动装具,,2020-08-25
9359583,portable forge,轻便锻炉,,2020-08-25
9359584,portable frame squeezer,轻便肋骨压曲器,,2020-08-25
9359585,portable ladder,移动式梯,,2020-08-25
9359586,portable lamp,手提灯,,2020-08-25
9359587,portable pillar,活动柱,,2020-08-25
9359588,portable pump,移动式泵,,2020-08-25
9359589,portable radio apparatus,轻便无线电设备,,2020-08-25
9359590,portable welding booth,可移动焊接棚,,2020-08-25
9359591,portable welding machine,移动式銲机,,2020-08-25
9359592,portainer,码头货柜起重机,,2020-08-25
9359593,portal,门形柱[上横]梁,,2020-08-25
9359594,portal beam welding machine,门式銲机,,2020-08-25
9359595,portal crane,龙门起重机,,2020-08-25
9359596,porthole,舷窗,,2020-08-25
9359597,Portland cement,波特兰水泥,,2020-08-25
9359598,portlight,舷窗,,2020-08-25
9359599,Poseidon submarine,海神式飞弹潜艇,,2020-08-25
9359600,position finder,测位仪,,2020-08-25
9359601,position plotter,船位标绘仪,,2020-08-25
9359602,positioner,定位器,,2020-08-25
9359603,positioning of cylinder block,缸体定位,,2020-08-25
9359604,positive,正；阳,,2020-08-25
9359605,positive blower,压力通风机,,2020-08-25
9359606,positive buoyancy,正浮力,,2020-08-25
9359607,positive camber,正拱高,,2020-08-25
9359608,positive charge,正电荷,,2020-08-25
9359609,positive displacement,正排量式,,2020-08-25
9359610,positive driven type supercharger,齿轮传动式增压机,,2020-08-25
9359611,positive stability,正稳度,,2020-08-25
9359612,positive-action valve,确动阀,,2020-08-25
9359613,post heating,后热{銲接},,2020-08-25
9359614,post portal,门形柱梁,,2020-08-25
9359615,post weld heat treatment {=PWHT},銲接后热处理,,2020-08-25
9359616,pot life,可使用时间,,2020-08-25
9359617,potable water,饮用水,,2020-08-25
9359618,potential difference,位差,,2020-08-25
9359619,potential drop,位降,,2020-08-25
9359620,potential energy,位能；势能,,2020-08-25
9359621,potential field,势场,,2020-08-25
9359622,potential flow,势流,,2020-08-25
9359623,potential head,势水头,,2020-08-25
9359624,potential horsepower,燃料马力,,2020-08-25
9359625,potential meter,电位计；分压计,,2020-08-25
9359626,potential transformer,比压器；电压互感器,,2020-08-25
9359627,potential vortex,势涡,,2020-08-25
9359628,potential wake,流线迹流；势迹流,,2020-08-25
9359629,pound board,拦鱼板,,2020-08-25
9359630,pounding,拍底,,2020-08-25
9359631,pounding stress,拍底应力,,2020-08-25
9359632,pour point,流[动]点,,2020-08-25
9359633,pourable material,可浇注材料,,2020-08-25
9359634,powder coal,粉煤,,2020-08-25
9359635,powder plug arc {=PPA} welding,銲剂填入电銲,,2020-08-25
9359636,powdered-coal burner,煤粉燃烧器,,2020-08-25
9359637,power,动力；功率；幂次,,2020-08-25
9359638,power armoured target boat,动力装甲靶艇,,2020-08-25
9359639,power augmentation mode,动力增升状态,,2020-08-25
9359640,power block,动力滑车,,2020-08-25
9359641,power boat,动力船,,2020-08-25
9359642,power brake,动力煞,,2020-08-25
9359643,power cable,电力电缆,,2020-08-25
9359644,power capacity,动力能量,,2020-08-25
9359645,power capstan,动力绞盘,,2020-08-25
9359646,power circuit,电力电路,,2020-08-25
9359647,power dissipation,功率消散,,2020-08-25
9359648,power distribution board,配电板,,2020-08-25
9359649,power distribution box,动力配电板,,2020-08-25
9359650,power driven vessel,机动船；动力船,,2020-08-25
9359651,power estimation,动力估算,,2020-08-25
9359652,power factor,功率因素；出力系数,,2020-08-25
9359653,power frequency,电源频率,,2020-08-25
9359654,power house,动力间,,2020-08-25
9359655,power input,功率输入,,2020-08-25
9359656,power lead,电源线；餽电线,,2020-08-25
9359657,power level,功率位准,,2020-08-25
9359658,power plant,动力设备；发电厂,,2020-08-25
9359659,power plant,动力设备；发电厂,,2020-08-25
9359660,power pump,动力泵,,2020-08-25
9359661,power rating,功率定额,,2020-08-25
9359662,power source,动力源；电源,,2020-08-25
9359663,power steering gear,动力操舵装置,,2020-08-25
9359664,power stroke,动力冲程,,2020-08-25
9359665,power supply boat,供电船,,2020-08-25
9359666,power take off unit,辅助功率输出装置,,2020-08-25
9359667,power transformer,电源变压器；电力变压器；功率变换器,,2020-08-25
9359668,power transmission line,动力输送线；输电线,,2020-08-25
9359669,power unit,动力单位；电源设备；动力组,,2020-08-25
9359670,power ventilation,动力通风,,2020-08-25
9359671,power winch,动力绞车,,2020-08-25
9359672,power-augment ram wing,动力助升冲翼,,2020-08-25
9359673,powerboat,动力艇,,2020-08-25
9359674,power-operated sliding door,动力操纵滑动门,,2020-08-25
9359675,power-take-in {=PTI},辅助功率输入装置,,2020-08-25
9359676,power-take-off {=PTO},辅助功率输出装置,,2020-08-25
9359677,power-transmission chain,传力链,,2020-08-25
9359678,PPI {plan position indicator} scanning unit,平面位置指示器扫瞄器,,2020-08-25
9359679,PPI {plane position indicator},平面位置指示器,,2020-08-25
9359680,ppm {parts per million},百万分之一容积比,,2020-08-25
9359681,PR,波兰验船协会,,2020-08-25
9359682,practice,常规；惯例,,2020-08-25
9359683,prairie air system,[螺桨减噪]喷气系统,,2020-08-25
9359684,pram bow,前倾平艏,,2020-08-25
9359685,pram dinghy,平艏小艇,,2020-08-25
9359686,preassembling,预组,,2020-08-25
9359687,precast block,预铸块,,2020-08-25
9359688,precession,旋进；进动,,2020-08-25
9359689,precipitation test,沉淀试验,,2020-08-25
9359690,precipitous sea,怒涛{八级浪},,2020-08-25
9359691,precise level,精密水平仪,,2020-08-25
9359692,precision cast,精密铸造,,2020-08-25
9359693,precombustion chamber,预燃室,,2020-08-25
9359694,precooler,预冷器,,2020-08-25
9359695,predeformation,预变形,,2020-08-25
9359696,predicted value,预计值；预报值,,2020-08-25
9359697,pre-erection,预造,,2020-08-25
9359698,prefabricated section,预制[船体]分段,,2020-08-25
9359699,prefabricated unit,预组单元,,2020-08-25
9359700,prefabrication,预制,,2020-08-25
9359701,pre-fitting,预装,,2020-08-25
9359702,preform,预型法；预铸；预塑；预组,,2020-08-25
9359703,preheater,预热器,,2020-08-25
9359704,preheating,预热,,2020-08-25
9359705,preignition,先期点火,,2020-08-25
9359706,preimpregnated,预浸,,2020-08-25
9359707,pre-installation,预安装,,2020-08-25
9359708,preliminary design,初步设计,,2020-08-25
9359709,preliminary trial,[船厂]初步试[由],,2020-08-25
9359710,premature ignition,先期点火,,2020-08-25
9359711,premissible level,容许位准,,2020-08-25
9359712,preoutfitting,预舣装,,2020-08-25
9359713,pre-planing,预滑航,,2020-08-25
9359714,pre-rotation vane,预旋叶片,,2020-08-25
9359715,prescribed number of passenger,旅客定额,,2020-08-25
9359716,preservative,防腐剂,,2020-08-25
9359717,press,压机,,2020-08-25
9359718,press button,按钮,,2020-08-25
9359719,pressure,压力,,2020-08-25
9359720,pressure air pump,压力空气泵,,2020-08-25
9359721,pressure and vacuum breaker,压力真空切断阀,,2020-08-25
9359722,pressure angle,压力角,,2020-08-25
9359723,pressure bag method,袋压法,,2020-08-25
9359724,pressure bearing layer,承压层,,2020-08-25
9359725,pressure blocking valve,压力阻断阀,,2020-08-25
9359726,pressure blower,增压器,,2020-08-25
9359727,pressure bulkhead,[潜艇]耐压舱壁,,2020-08-25
9359728,pressure cabin,加压舱；压力舱,,2020-08-25
9359729,pressure capsule,高压舱；压力传感器,,2020-08-25
9359730,pressure casing,[增压锅炉]耐压外壳压铸法；压铸件,,2020-08-25
9359731,pressure center,压力中心,,2020-08-25
9359732,pressure chamber,蓄压室；压力室,,2020-08-25
9359733,pressure circulation,压力循环,,2020-08-25
9359734,pressure coefficient,压力系数,,2020-08-25
9359735,pressure combustion boiler,增压燃烧锅炉,,2020-08-25
9359736,pressure compounded turbine,复压涡轮机,,2020-08-25
9359737,pressure container,压力容器,,2020-08-25
9359738,pressure control circuit,压力控制回路,,2020-08-25
9359739,pressure control valve,压力控制阀,,2020-08-25
9359740,pressure curve,压力曲线,,2020-08-25
9359741,pressure drop,压力降,,2020-08-25
9359742,pressure equalization chamber,[潜艇]压力平衡室；减压室,,2020-08-25
9359743,pressure field,压力场,,2020-08-25
9359744,pressure filter,[加]压[过]滤器,,2020-08-25
9359745,pressure gauge,压力计；压力表,,2020-08-25
9359746,pressure gradient,压力梯度,,2020-08-25
9359747,pressure head,压力落差；压[力水]头,,2020-08-25
9359748,pressure hull,压力壳{潜艇},,2020-08-25
9359749,pressure impulse,压力脉冲,,2020-08-25
9359750,pressure level,压力位准,,2020-08-25
9359751,pressure line,压力管路；压力线,,2020-08-25
9359752,pressure log,压力计程仪,,2020-08-25
9359753,pressure loss coefficient,压力损失系数,,2020-08-25
9359754,pressure lubricator,压力润滑器,,2020-08-25
9359755,pressure mapping,压力场测绘,,2020-08-25
9359756,pressure microphone,声压式听声器,,2020-08-25
9359757,pressure override valve,超压阀,,2020-08-25
9359758,pressure pump,压力泵,,2020-08-25
9359759,pressure ratio,压力比,,2020-08-25
9359760,pressure reducing valve,减压阀,,2020-08-25
9359761,pressure regulating valve,调压阀,,2020-08-25
9359762,pressure regulator valve,调压阀,,2020-08-25
9359763,pressure release device,释压装置,,2020-08-25
9359764,pressure relief valve,泄压阀,,2020-08-25
9359765,pressure resistance,压差阻力,,2020-08-25
9359766,pressure spectrum level,压谱位准,,2020-08-25
9359767,pressure switch,压力开关,,2020-08-25
9359768,pressure tank,压力水柜,,2020-08-25
9359769,pressure test,压力试验,,2020-08-25
9359770,pressure thermit welding,压力发热銲接,,2020-08-25
9359771,pressure transducer,压力换能器,,2020-08-25
9359772,pressure vacuum relief valve,呼吸阀压力；真空释放阀,,2020-08-25
9359773,pressure valve,压力阀,,2020-08-25
9359774,pressure velocity compound turbine,压速复武涡轮机,,2020-08-25
9359775,pressure ventilation,压力通风,,2020-08-25
9359776,pressure vessel,压力容器,,2020-08-25
9359777,pressure wave,压力波,,2020-08-25
9359778,pressure welding,压接；压銲,,2020-08-25
9359779,pressure-enthalpy diagram,压焓图,,2020-08-25
9359780,pressure-fired boiler,增压燃烧锅炉,,2020-08-25
9359781,pressure-operated valve,压力操作阀,,2020-08-25
9359782,pressure-time  {=P-T} diagram,压[力]时[间]图；压力历程图,,2020-08-25
9359783,pressure-time diagram,压[力]时[间]图；压力历程图,,2020-08-25
9359784,pressure-volume  {=P-V} diagram,压容图,,2020-08-25
9359785,pressure-volume diagram,压容图,,2020-08-25
9359786,pressurized gas carrier,加压气体船,,2020-08-25
9359787,pressurized vapour burner,高压液化气燃烧器,,2020-08-25
9359788,pressurized water reactor  {=PWR},压水式反应器,,2020-08-25
9359789,prestressing,预力,,2020-08-25
9359790,pretention,预[拉]力,,2020-08-25
9359791,pre-turning vane,前导流翼,,2020-08-25
9359792,prevailing wind,恒风；盛行风,,2020-08-25
9359793,preventer,防动索；固定索,,2020-08-25
9359794,preventer backstay,艉后拉索,,2020-08-25
9359795,preventer guy,制动控索,,2020-08-25
9359796,pre-whirl vane,预旋叶片,,2020-08-25
9359797,pricker,帆锥；索针；火叉,,2020-08-25
9359798,pricker bar,火叉,,2020-08-25
9359799,priestman dredger,抓斗挖泥船,,2020-08-25
9359800,primary air,主空气；初级空气,,2020-08-25
9359801,primary barrier,主防壁{LNG船},,2020-08-25
9359802,primary buckling,主挫曲；固有挫曲,,2020-08-25
9359803,primary cavitation,原始空化；主空化,,2020-08-25
9359804,primary cell,一次电池；原电池,,2020-08-25
9359805,primary circuit,一次电路,,2020-08-25
9359806,primary combustion zone,一次燃烧区域,,2020-08-25
9359807,primary coolant,初冷却剂,,2020-08-25
9359808,primary insulation,内层绝缘,,2020-08-25
9359809,primary member,主构件,,2020-08-25
9359810,primary pinion,初级齿轮,,2020-08-25
9359811,primary source,主电源,,2020-08-25
9359812,primary stress,主应力,,2020-08-25
9359813,primary voltage,一次电压,,2020-08-25
9359814,primary wheel,初级转轮,,2020-08-25
9359815,primary winding,一次绕组；初级绕组,,2020-08-25
9359816,primary zone,初次燃烧区,,2020-08-25
9359817,prime mover,原动机,,2020-08-25
9359818,primer,底漆；起动注给器,,2020-08-25
9359819,priming,初给；起动注给；汽水共腾；刷底漆；引火,,2020-08-25
9359820,priming chamber,灌注室,,2020-08-25
9359821,priming pump,起动注给泵,,2020-08-25
9359822,priming valve,起动注给阀,,2020-08-25
9359823,principal axis,主轴[线],,2020-08-25
9359824,principal dimension,主要尺寸,,2020-08-25
9359825,principal particulars,主要项目；主要特性,,2020-08-25
9359826,principal strain,主应变,,2020-08-25
9359827,principal stress,主应力,,2020-08-25
9359828,principal value,主值,,2020-08-25
9359829,principle of superposition,叠加原理,,2020-08-25
9359830,principle of virtual work,虚功原理,,2020-08-25
9359831,printed circuit,印刷电路,,2020-08-25
9359832,printed electronic circuit,印刷电子电路,,2020-08-25
9359833,prismatic coefficient,[纵向]棱块系数；棱形系数,,2020-08-25
9359834,prismatic curve,横剖面积比曲线,,2020-08-25
9359835,prismatic middle body,舯平部；平行舯体,,2020-08-25
9359836,prize,缉捕船,,2020-08-25
9359837,probabilistic damaged stability regulation,破损稳度机率计算规则,,2020-08-25
9359838,probabilistic method,机率法,,2020-08-25
9359839,probabilistic model,机率模型,,2020-08-25
9359840,probability level,机率度,,2020-08-25
9359841,probable value,概率值,,2020-08-25
9359842,problem oriented language {=POL},问题导向语言,,2020-08-25
9359843,procedure,程序,,2020-08-25
9359844,process,方法；程序；过程；处理,,2020-08-25
9359845,process control,程序控制,,2020-08-25
9359846,processor,处理机；处理程式,,2020-08-25
9359847,product carrier,油品船,,2020-08-25
9359848,production control,生产控制,,2020-08-25
9359849,production line,生产线；加工线；产油管线；采油管道,,2020-08-25
9359850,production management,生产管理,,2020-08-25
9359851,production module,生产模组,,2020-08-25
9359852,production process,生产过程,,2020-08-25
9359853,product-oil-bulk-ore {=PROBO} carrier,油品/原油/散装货/矿砂兼载船,,2020-08-25
9359854,profile,船体侧面[图],,2020-08-25
9359855,profile board,剖面模板；样板,,2020-08-25
9359856,profile coefficient,侧面系数,,2020-08-25
9359857,profile cutter by tracing device,模描切割机,,2020-08-25
9359858,profile drag,形状曳力,,2020-08-25
9359859,profiling machine,靠模机,,2020-08-25
9359860,program control,程式控制,,2020-08-25
9359861,program evaluation and review technique {=PERT},计划评核术,,2020-08-25
9359862,program loading test,定程序负荷试验,,2020-08-25
9359863,program package,套装程式,,2020-08-25
9359864,programmed load,定程序负荷,,2020-08-25
9359865,programmed maneuver,程序操纵,,2020-08-25
9359866,programmer,程式设计员{电算},,2020-08-25
9359867,progressive block method,级进分段銲接法,,2020-08-25
9359868,progressive block welding method,级进分段銲接法,,2020-08-25
9359869,progressive block welding sequence,级进分段銲接顺序,,2020-08-25
9359870,progressive buckling,递增挫曲,,2020-08-25
9359871,progressive speed trial,递增速率试验,,2020-08-25
9359872,progressive spot welding,级进点銲,,2020-08-25
9359873,progressive wave,前进波；,,2020-08-25
9359874,project lamp,投光灯,,2020-08-25
9359875,project management,计划管理；专案计划管理,,2020-08-25
9359876,projected area,投影面积,,2020-08-25
9359877,projected area ratio,投影面积比,,2020-08-25
9359878,projected plan,投影图,,2020-08-25
9359879,projectile magazine,弹药库,,2020-08-25
9359880,projection,投影；凸起,,2020-08-25
9359881,projection welding,凸出銲接；浮凸銲[接],,2020-08-25
9359882,projector,投光灯；投影机,,2020-08-25
9359883,projector compass,反射式磁罗经,,2020-08-25
9359884,promenade deck,散步甲板,,2020-08-25
9359885,promotor,促进剂,,2020-08-25
9359886,Prony brake,普洛尼式测功器,,2020-08-25
9359887,proof load,保证负荷；验证负荷,,2020-08-25
9359888,proof mark,合格标记,,2020-08-25
9359889,proof stress,保证应力；安全限应力,,2020-08-25
9359890,proof test,保证试验；安全限试验,,2020-08-25
9359891,proof-coil chain,试验环链,,2020-08-25
9359892,proofing unit,检测装置；校正装置,,2020-08-25
9359893,propagation velocity,传播速度,,2020-08-25
9359894,propelled ascent mine,推进上浮水雷,,2020-08-25
9359895,propeller,推进器；螺桨,,2020-08-25
9359896,propeller aperture,螺桨拱,,2020-08-25
9359897,propeller area ratio,螺桨面积比,,2020-08-25
9359898,propeller back,螺桨背部,,2020-08-25
9359899,propeller blade,螺[桨]叶；伡叶,,2020-08-25
9359900,propeller blade chord,螺叶剖面弦,,2020-08-25
9359901,propeller blade frequency,桨叶频率,,2020-08-25
9359902,propeller blocking,矫正螺桨；修正螺桨,,2020-08-25
9359903,propeller blower,螺桨鼓风机,,2020-08-25
9359904,propeller boss,螺[桨]毂,,2020-08-25
9359905,propeller bracket,艉轴架,,2020-08-25
9359906,propeller cap,螺桨帽,,2020-08-25
9359907,propeller cavitation,螺桨空化,,2020-08-25
9359908,propeller center,螺桨中心,,2020-08-25
9359909,propeller characteristic,螺桨特性,,2020-08-25
9359910,propeller chart,螺桨特性曲线,,2020-08-25
9359911,propeller efficiency,螺桨效率,,2020-08-25
9359912,propeller emergence,螺桨出水,,2020-08-25
9359913,propeller experiment behind model,螺桨随模试验；螺桨自推试验,,2020-08-25
9359914,propeller experiment in open water,螺桨单独试验,,2020-08-25
9359915,propeller face,螺桨正面,,2020-08-25
9359916,propeller fan,螺桨风扇,,2020-08-25
9359917,propeller filler,螺桨填料,,2020-08-25
9359918,propeller fitting force,安装螺桨压挤力,,2020-08-25
9359919,propeller horsepower {=PHP},螺桨马力,,2020-08-25
9359920,propeller hub,螺桨毂,,2020-08-25
9359921,propeller immersion,螺桨没水深度,,2020-08-25
9359922,propeller law,螺桨定律,,2020-08-25
9359923,propeller loading test,螺桨负荷试验,,2020-08-25
9359924,propeller lock nut,螺桨锁帽,,2020-08-25
9359925,propeller noise,螺桨噪音,,2020-08-25
9359926,propeller nut,螺桨锁帽,,2020-08-25
9359927,propeller pitch,螺[桨节]距,,2020-08-25
9359928,propeller plane,螺桨平面,,2020-08-25
9359929,propeller post,螺桨柱,,2020-08-25
9359930,propeller post boss,艉膨出部,,2020-08-25
9359931,propeller post bossing,艉膨出部,,2020-08-25
9359932,propeller pressure side,螺桨压力面,,2020-08-25
9359933,propeller pull-up distance,安装螺桨压挤量,,2020-08-25
9359934,propeller race,螺桨尾流,,2020-08-25
9359935,propeller racing,螺桨空伡；飞伡,,2020-08-25
9359936,propeller rudder,导管螺旋桨舵,,2020-08-25
9359937,propeller series,螺桨系列,,2020-08-25
9359938,propeller shaft,艉轴,,2020-08-25
9359939,propeller shaft bossing,轴包架；轴包套,,2020-08-25
9359940,propeller shaft bracket,艉轴架,,2020-08-25
9359941,propeller shaft lining,艉轴衬,,2020-08-25
9359942,propeller singing,螺桨鸣音,,2020-08-25
9359943,propeller speed,螺桨转速,,2020-08-25
9359944,propeller strut,螺桨支架,,2020-08-25
9359945,propeller suction side,螺桨吸力面,,2020-08-25
9359946,propeller surface,螺桨表面,,2020-08-25
9359947,propeller thrust,螺桨推力,,2020-08-25
9359948,propeller turbine,旋叶涡轮机,,2020-08-25
9359949,propeller wake,螺桨迹流,,2020-08-25
9359950,propeller wash back,螺桨背倾,,2020-08-25
9359951,propeller well,螺桨拱,,2020-08-25
9359952,propeller-hull vortex,桨体间涡,,2020-08-25
9359953,propeller-hull vortex  {=PHV},螺桨船体涡,,2020-08-25
9359954,propeller-hull vortex  {=PHV} cavitation,船桨间涡空化,,2020-08-25
9359955,propeller-regulating mechanism,推进器调节机构,,2020-08-25
9359956,propelling motor,推进马达,,2020-08-25
9359957,propelling unit,推进装置,,2020-08-25
9359958,propelling/steering unit,推进器-舵组合,,2020-08-25
9359959,proportional band,比例频带,,2020-08-25
9359960,proportional compasses,比例分规,,2020-08-25
9359961,proportional control,比例控制,,2020-08-25
9359962,proportional dividers,比例分规,,2020-08-25
9359963,proportional limit,比例[极]限,,2020-08-25
9359964,proportional regulation,比例调节,,2020-08-25
9359965,proportional-differential control,比例一微分控制,,2020-08-25
9359966,proportioner,比例尺,,2020-08-25
9359967,propping,横梁{货柜},,2020-08-25
9359968,propulsion,推进,,2020-08-25
9359969,propulsion boiler,主锅炉；推进用锅炉,,2020-08-25
9359970,propulsion bulb,推进导管,,2020-08-25
9359971,propulsion control board,推进装置控制板,,2020-08-25
9359972,propulsion efficiency,推进效率,,2020-08-25
9359973,propulsion equipment,推进设备,,2020-08-25
9359974,propulsion machinery,推进机械,,2020-08-25
9359975,propulsion unit,推进装置,,2020-08-25
9359976,propulsive coefficient,推进效率,,2020-08-25
9359977,propulsive efficiency,推进效率,,2020-08-25
9359978,propulsive fan,推进风机,,2020-08-25
9359979,propulsor,推进器,,2020-08-25
9359980,protected bulkhead,防护舱壁,,2020-08-25
9359981,protected front bulkhead,防护前端壁,,2020-08-25
9359982,protected waters,保护水域,,2020-08-25
9359983,protection current density,保护电流密度,,2020-08-25
9359984,protection valve,安全阀,,2020-08-25
9359985,protective booth,焊接用防护棚；防护室,,2020-08-25
9359986,protective bulkhead,防护舱壁,,2020-08-25
9359987,protective casing,防护罩,,2020-08-25
9359988,protective circuit,保护电路,,2020-08-25
9359989,protective clothing,防护衣,,2020-08-25
9359990,protective coating,保护涂层,,2020-08-25
9359991,protective cover,护罩,,2020-08-25
9359992,protective covering,保护被覆,,2020-08-25
9359993,protective deck,防护甲板,,2020-08-25
9359994,protective plate,防蚀板,,2020-08-25
9359995,protective potential,保护电位,,2020-08-25
9359996,protective ware,防护衣具,,2020-08-25
9359997,protocol,议定书,,2020-08-25
9359998,prototype,原型,,2020-08-25
9359999,protractor,量角器,,2020-08-25
9360000,protrude angle,凸角,,2020-08-25
9360001,protruding bow warining,球艏警示,,2020-08-25
9360002,proving lever,校准杆,,2020-08-25
9360003,provision,给养,,2020-08-25
9360004,provision crane,粮食吊车,,2020-08-25
9360005,provision room,粮食库,,2020-08-25
9360006,provision store,粮食库；给养库,,2020-08-25
9360007,provision storeroom,食品储藏库,,2020-08-25
9360008,provisional certificate,临时证书,,2020-08-25
9360009,provisional design,临时设计,,2020-08-25
9360010,proximity limit switch,极限开关,,2020-08-25
9360011,PRR  {pulse recurrence rate},脉动复现率,,2020-08-25
9360012,prying moment,翘动力矩；[双体船]横跨甲板纵剖面内之弯矩,,2020-08-25
9360013,PSC {port state confrol},港口国管制,,2020-08-25
9360014,PT {penetrating testing},穿透试验,,2020-08-25
9360015,PTC {personnel transportation capsule},人员转移舱,,2020-08-25
9360016,public room,公用室,,2020-08-25
9360017,public space,公用空间,,2020-08-25
9360018,public vessel,公用船；公共交通船；公务船,,2020-08-25
9360019,puchase order specification {=POS},采购规范书,,2020-08-25
9360020,puddled iron,搅炼铁,,2020-08-25
9360021,puddling process,搅炼法；搅拌法,,2020-08-25
9360022,pull box,拉线盒,,2020-08-25
9360023,pull out maneuver,回舵操纵,,2020-08-25
9360024,pull out test,回直试验；拉出试验,,2020-08-25
9360025,pulley,滑车；滑轮；带轮,,2020-08-25
9360026,pulley block,滑车组,,2020-08-25
9360027,pull-in torque,同步转矩,,2020-08-25
9360028,pulling speed,牵引速率拉伸速度{材料试验},,2020-08-25
9360029,pull-out torque,失步转矩,,2020-08-25
9360030,pulp carrier,纸浆[运输]船,,2020-08-25
9360031,pulsating cavitation,脉动空化,,2020-08-25
9360032,pulsating cavity,脉动空泡,,2020-08-25
9360033,pulsating source,脉冲源,,2020-08-25
9360034,pulsation welding,脉冲銲接,,2020-08-25
9360035,pulse arc welding,脉冲电弧銲,,2020-08-25
9360036,pulse carrier,脉冲载波,,2020-08-25
9360037,pulse converter,脉波变换器,,2020-08-25
9360038,pulse frequency,脉[波]频[率],,2020-08-25
9360039,pulse recurrence frequency,脉波重复频率,,2020-08-25
9360040,pulse recurrence rate  {=PRR},脉冲回复率,,2020-08-25
9360041,pulse repetition frequency,脉冲复现频率,,2020-08-25
9360042,pulse scavenging,脉动驱气,,2020-08-25
9360043,pulse system turbocharging,脉动式涡轮增压,,2020-08-25
9360044,pulse transformer,脉波变量器,,2020-08-25
9360045,pulse turbo charging system,脉冲涡轮增压系统,,2020-08-25
9360046,pulse wave,脉冲波,,2020-08-25
9360047,pulsed cavitation,脉动空化,,2020-08-25
9360048,pulse-jet propeller,脉冲喷射推进器,,2020-08-25
9360049,pulverised coal,粉煤,,2020-08-25
9360050,pulverized coal feeder,煤粉输送机,,2020-08-25
9360051,pulverized-coal burner,煤粉燃烧器,,2020-08-25
9360052,pulverized-coal fired boiler,粉煤锅炉,,2020-08-25
9360053,pulverizer,磨粉机,,2020-08-25
9360054,pulverizing ring,多孔环,,2020-08-25
9360055,pump,泵,,2020-08-25
9360056,pump barrel,泵胴,,2020-08-25
9360057,pump body,泵体,,2020-08-25
9360058,pump bucket,泵叶斗,,2020-08-25
9360059,pump capacity,泵能量,,2020-08-25
9360060,pump case,泵壳体,,2020-08-25
9360061,pump cavitation,泵空化,,2020-08-25
9360062,pump chamber,泵体,,2020-08-25
9360063,pump discharge head,泵排出水头,,2020-08-25
9360064,pump displacement,泵排量；泵工作容量,,2020-08-25
9360065,pump dredger,泵吸挖泥船,,2020-08-25
9360066,pump engine,泵引擎,,2020-08-25
9360067,pump frequency,泵频[率],,2020-08-25
9360068,pump head,泵扬程；泵水头；泵压水头,,2020-08-25
9360069,pump jet,泵喷,,2020-08-25
9360070,pump lever,泵杆,,2020-08-25
9360071,pump room,泵室,,2020-08-25
9360072,pump valve,泵阀,,2020-08-25
9360073,pump well,手摇【舟必】泵井,,2020-08-25
9360074,pumping and drainage plan,抽排水布置图,,2020-08-25
9360075,pumping capacity,泵能量；泵输出量；泵流量,,2020-08-25
9360076,pumping plan,泵送图,,2020-08-25
9360077,pump-jet turbine,泵喷涡轮机,,2020-08-25
9360078,punch,冲床；冲孔机；冲头,,2020-08-25
9360079,punch table,冲孔台,,2020-08-25
9360080,punching and shearing machine,冲剪机,,2020-08-25
9360081,punching machine,冲床；冲孔机,,2020-08-25
9360082,punching shear,冲剪,,2020-08-25
9360083,punching template,冲压模板,,2020-08-25
9360084,punching test,冲穿试验；冲孔试验,,2020-08-25
9360085,puncturing machine,冲孔机；打孔机,,2020-08-25
9360086,punkah louver,乳头通风口,,2020-08-25
9360087,PUP {piston underside pumping},活塞下部泵作用,,2020-08-25
9360088,puppet valve,跳动阀,,2020-08-25
9360089,purchase,扩力装置；复滑车组,,2020-08-25
9360090,purchase block,复滑车；超重滑车,,2020-08-25
9360091,purchase cable,滑车索,,2020-08-25
9360092,pure ballast tank  {=PBT},压载专用舱,,2020-08-25
9360093,pure car carrier  {=PCC},汽车专用[运输]船,,2020-08-25
9360094,purging,驱气；冲洗；排气,,2020-08-25
9360095,purified oil tank,净油柜,,2020-08-25
9360096,purifier,净油机；净化器；净化剂,,2020-08-25
9360097,purifying box,净化箱,,2020-08-25
9360098,purse boat,围网渔船,,2020-08-25
9360099,purse seine gallows,围网绞架,,2020-08-25
9360100,purser department,事务部,,2020-08-25
9360101,purse-seine netter,巾著网渔船；围网渔船,,2020-08-25
9360102,purse-seiner,围网渔船；巾著网渔船,,2020-08-25
9360103,push block,[下水装置之液力预推器]止动块,,2020-08-25
9360104,push boat,推[型拖]船,,2020-08-25
9360105,push button,按钮,,2020-08-25
9360106,push fit,推入配合,,2020-08-25
9360107,push rod,推杆；挺杆{柴油机},,2020-08-25
9360108,push tug boat,推顶船,,2020-08-25
9360109,push valve,推动阀{柴油机},,2020-08-25
9360110,push/pull cable,推拉索,,2020-08-25
9360111,push-button switch,按钮开关；变极开关,,2020-08-25
9360112,pusher,推[型拖]船,,2020-08-25
9360113,pusher barge,推驳船,,2020-08-25
9360114,pusher bow,推驳艏,,2020-08-25
9360115,pusher mast,[六桅以上船]第六根桅,,2020-08-25
9360116,pushing,推,,2020-08-25
9360117,pushing building system,推出式建造法,,2020-08-25
9360118,pushing-barge unit,推驳船组,,2020-08-25
9360119,putty,油灰；补土,,2020-08-25
9360120,putty gun,油灰枪,,2020-08-25
9360121,putty pump,油灰泵,,2020-08-25
9360122,PV {= pressure volume} diagram,压力容积线图,,2020-08-25
9360123,PWC { personal water craft},水上摩托车,,2020-08-25
9360124,PWHT {post weld heat treatment},銲接后热处理,,2020-08-25
9360125,PWR {pressurized water reactor},压水式反应器,,2020-08-25
9360126,pyramical sea,三角浪,,2020-08-25
9360127,pyramidal valve,棱锥形泥舱门,,2020-08-25
9360128,pyrometer,高温计,,2020-08-25
9360129,pyrotechnic light,烟火；烟火信号,,2020-08-25
9360130,Q boat,神秘船,,2020-08-25
9360131,Q tank,快潜舱,,2020-08-25
9360132,QT {quenched and tempered},淬火及回火,,2020-08-25
9360133,quadrant,舵柄弧；象限；象限仪,,2020-08-25
9360134,quadrant bracket,扇形肘板,,2020-08-25
9360135,quadrant davit,弧脚吊架,,2020-08-25
9360136,quadrant gear,扇形齿轮,,2020-08-25
9360137,quadrant tiller,扇形舵柄,,2020-08-25
9360138,quadruped mast,四脚桅,,2020-08-25
9360139,quadruple block,四轮滑车,,2020-08-25
9360140,quadruple expansion engine,四级膨胀机,,2020-08-25
9360141,quadruple riveting,四行铆接,,2020-08-25
9360142,quadruple screw ship,四螺桨船,,2020-08-25
9360143,quadruple screw vessel,四螺桨船,,2020-08-25
9360144,quadruple-berthed cabin,四人舱,,2020-08-25
9360145,quadruple-expansion engine,四胀汽机,,2020-08-25
9360146,quadruple-screw vessel,四螺桨船,,2020-08-25
9360147,quadrupole,四极子；双偶极,,2020-08-25
9360148,qualification test,资格鉴定试验,,2020-08-25
9360149,qualitative analysis,定性分析,,2020-08-25
9360150,qualitative analysis,定性分析,,2020-08-25
9360151,qualitative governing,变质调整,,2020-08-25
9360152,quality check,品质检验,,2020-08-25
9360153,quality control {= QC},品[质]管[制],,2020-08-25
9360154,quality factor,品质因素,,2020-08-25
9360155,quality minima,消音幅度{方探},,2020-08-25
9360156,quality of fit,配合等级,,2020-08-25
9360157,quality of steam,蒸汽干度,,2020-08-25
9360158,quantitative analysis,定量分析,,2020-08-25
9360159,quarantine,检疫,,2020-08-25
9360160,quarantine anchorage,检疫泊地,,2020-08-25
9360161,quarantine boat,检疫艇,,2020-08-25
9360162,quarantine flag,检疫旗,,2020-08-25
9360163,quarantine vessel,检疫船,,2020-08-25
9360164,quardrant tiller,扇形舵柄,,2020-08-25
9360165,quart,夸{四分之一加仑},,2020-08-25
9360166,quarter,船室；住舱；艉部；四分之一,,2020-08-25
9360167,quarter bend,直角弯管,,2020-08-25
9360168,quarter bitt,艉系缆柱,,2020-08-25
9360169,quarter block,直角导向滑车,,2020-08-25
9360170,quarter board,艉舷墙板,,2020-08-25
9360171,quarter boat,艉悬艇,,2020-08-25
9360172,quarter boom,艉吊艇杆,,2020-08-25
9360173,quarter breast,艉横缆；后腰缆,,2020-08-25
9360174,quarter deck,艉主甲板,,2020-08-25
9360175,quarter hatch,后甲板舱口,,2020-08-25
9360176,quarter head sea,艏斜浪{舷角15°~75°和285°~345°},,2020-08-25
9360177,quarter master,舵工,,2020-08-25
9360178,quarter mooring,艉横缆,,2020-08-25
9360179,quarter pillar,侧梁柱,,2020-08-25
9360180,quarter rail,艉栏杆{杆},,2020-08-25
9360181,quarter ramp,艉斜坡；艉斜跳板,,2020-08-25
9360182,quarter rudder,侧舵,,2020-08-25
9360183,quarter sea,艉侧浪,,2020-08-25
9360184,quarter wheeler,船艉[后]明轮船,,2020-08-25
9360185,quartering sea,艉斜浪{舷角105°~165°和195°~255°},,2020-08-25
9360186,quarter-turn butterfly valve,直角回转蝶阀,,2020-08-25
9360187,quarter-wave antenna,四分之一波长天线,,2020-08-25
9360188,quasi arc welding,准弧銲接,,2020-08-25
9360189,quasi propulsive efficiency,准推进效率,,2020-08-25
9360190,quasi-steady cavity,准稳定空泡,,2020-08-25
9360191,quench circuit,灭弧电路,,2020-08-25
9360192,quench-bend test,急冷弯曲试验,,2020-08-25
9360193,quenched and tempered  {= QT},淬火及回火,,2020-08-25
9360194,quenched and tempered steel,淬火回火钢；调质钢,,2020-08-25
9360195,quenching,淬火；灭弧；急冷；缓冲；减振,,2020-08-25
9360196,quenching crack,淬火裂痕,,2020-08-25
9360197,quenching liquid,淬火液,,2020-08-25
9360198,quenching oil,淬火油,,2020-08-25
9360199,quenching strain,淬火应变,,2020-08-25
9360200,quenching stress,淬火应力,,2020-08-25
9360201,quenching temperature,淬火温度,,2020-08-25
9360202,quick acting door,快速关闭门,,2020-08-25
9360203,quick acting hatch cover,快速开闭舱盖,,2020-08-25
9360204,quick action valve,速动阀,,2020-08-25
9360205,quick break switch,速断开关；按钮开关,,2020-08-25
9360206,quick breaker,快速断路器,,2020-08-25
9360207,quick closing emergency valve,应急快闭阀；速闭应急阀,,2020-08-25
9360208,quick coupling,速接头,,2020-08-25
9360209,quick diving,紧急下潜,,2020-08-25
9360210,quick freezing,快速冷冻,,2020-08-25
9360211,quick make and break type switch,高速断续开关,,2020-08-25
9360212,quick reaction capability,快速反应能力,,2020-08-25
9360213,quick release,快速释放,,2020-08-25
9360214,quick tank,快潜舱,,2020-08-25
9360215,quick working punch,高速冲床,,2020-08-25
9360216,quick-acting mechanism,速动机构,,2020-08-25
9360217,quick-acting self-closing gate valve,速动自闭闸阀,,2020-08-25
9360218,quick-closing emergency valve,速闭应急阀,,2020-08-25
9360219,quick-closing stop valve,速闭停止阀,,2020-08-25
9360220,quick-closing valve,速闭阀；快关阀,,2020-08-25
9360221,quick-drying varnish,快干清漆,,2020-08-25
9360222,quick-hardening cement,快硬水泥；快凝水泥,,2020-08-25
9360223,quick-release mechanism,速释机构,,2020-08-25
9360224,quick-return mechanism,急回机构,,2020-08-25
9360225,quick-steaming boiler,快速升汽锅炉,,2020-08-25
9360226,quill shaft,管形轴,,2020-08-25
9360227,quilting rivet,缀合铆钉,,2020-08-25
9360228,quintuple riveting,五行铆接,,2020-08-25
9360229,rabbet,槽；嵌槽,,2020-08-25
9360230,rabbet draft,模吃水{木船},,2020-08-25
9360231,rabbet line,嵌槽线,,2020-08-25
9360232,racing,空转,,2020-08-25
9360233,racing boat,竞赛艇,,2020-08-25
9360234,racing certificate,赛艇证书,,2020-08-25
9360235,racing sailboat,帆赛艇,,2020-08-25
9360236,racing yacht,赛艇,,2020-08-25
9360237,rack,齿条；架,,2020-08-25
9360238,rack and pinion gearing,齿条与齿轮联动,,2020-08-25
9360239,rack and pinion steering gear,齿条齿轮操舵装置,,2020-08-25
9360240,rack block,多轮滑车架,,2020-08-25
9360241,rack soot blower,齿轨式吹灰器,,2020-08-25
9360242,racking,[横向]歪变,,2020-08-25
9360243,racking force,[横向]歪变力,,2020-08-25
9360244,racking load,横向歪变负荷,,2020-08-25
9360245,racking stopper,紧索器,,2020-08-25
9360246,racking strain,[横向]歪应变,,2020-08-25
9360247,racking stress,[横向]歪变应力,,2020-08-25
9360248,racon,雷[达示]标,,2020-08-25
9360249,radar,雷达,,2020-08-25
9360250,radar aerial,雷达天线,,2020-08-25
9360251,radar automatic tracking mode,雷达自动追踪状态,,2020-08-25
9360252,radar beacon,雷[达示]标,,2020-08-25
9360253,radar chart,雷达图,,2020-08-25
9360254,radar cross section {=RCS},雷达截面积,,2020-08-25
9360255,radar fence,雷达网,,2020-08-25
9360256,radar frequency,雷达频率,,2020-08-25
9360257,radar laying,雷达瞄准,,2020-08-25
9360258,radar link,雷达链,,2020-08-25
9360259,radar mast,雷达桅,,2020-08-25
9360260,radar mast well,雷达桅围井,,2020-08-25
9360261,radar plotting board,雷达测绘图板,,2020-08-25
9360262,radar reflector,雷达反射器,,2020-08-25
9360263,radar scanner,雷达扫描器,,2020-08-25
9360264,radar screen,雷达萤[光]幕,,2020-08-25
9360265,radar transponder,雷达询答器,,2020-08-25
9360266,radar view,雷达视界,,2020-08-25
9360267,radar wave guide,雷达导波管,,2020-08-25
9360268,radial acceleration,径向加速度,,2020-08-25
9360269,radial axle,径向轴,,2020-08-25
9360270,radial bearing,径向轴承,,2020-08-25
9360271,radial blade clearance,径向叶隙,,2020-08-25
9360272,radial clearance,径向间隙,,2020-08-25
9360273,radial cylinder,星形气缸,,2020-08-25
9360274,radial davit,旋臂吊架,,2020-08-25
9360275,radial drill,旋臂钻床,,2020-08-25
9360276,radial drilling machine,旋臂钻床,,2020-08-25
9360277,radial dummy ring,径向暂置环圈,,2020-08-25
9360278,radial engine,星形引擎,,2020-08-25
9360279,radial fin type,星型,,2020-08-25
9360280,radial flow turbine,径向流涡轮机,,2020-08-25
9360281,radial impeller,径向叶轮,,2020-08-25
9360282,radial load,径向负荷,,2020-08-25
9360283,radial motion,径向运动,,2020-08-25
9360284,radial paddle wheel,星形明轮,,2020-08-25
9360285,radial piston pump,星形活塞泵,,2020-08-25
9360286,radial stress,径向应力,,2020-08-25
9360287,radial valve gear,弧臂阀动机构,,2020-08-25
9360288,radial vane,幅射叶片,,2020-08-25
9360289,radial velocity,径向速度,,2020-08-25
9360290,radial wake,径向伴流,,2020-08-25
9360291,radial-axial turbine,径向－轴流涡轮机,,2020-08-25
9360292,radial-clearance blading,径向余隙叶系,,2020-08-25
9360293,radial-flow blower,径向流增压器；径向流鼓风机,,2020-08-25
9360294,radial-piston hydraulic motor,星形活塞液力马达,,2020-08-25
9360295,radian,弧度；弪,,2020-08-25
9360296,radiant boiler,辐射[热]锅炉,,2020-08-25
9360297,radiant heat,辐射热,,2020-08-25
9360298,radiant-heat boiler,辐射[热]锅炉,,2020-08-25
9360299,radiate frequency,辐射频率,,2020-08-25
9360300,radiated noise,辐射噪音,,2020-08-25
9360301,radiating surface,辐射面,,2020-08-25
9360302,radiation,辐射,,2020-08-25
9360303,radiation boiler,辐射式锅炉,,2020-08-25
9360304,radiation impedance,辐射阻抗,,2020-08-25
9360305,radiation level,辐射位准；辐射强度,,2020-08-25
9360306,radiation loss,辐射损失,,2020-08-25
9360307,radiation pyrometer,辐射高温计,,2020-08-25
9360308,radiation superheater,辐射过热器,,2020-08-25
9360309,radiation value,辐射值,,2020-08-25
9360310,radiation wave,散射波；辐射波,,2020-08-25
9360311,radiational damping,辐射阻尼,,2020-08-25
9360312,radiation-resistant material,抗辐射材料,,2020-08-25
9360313,radiation-type boiler,辐射式锅炉,,2020-08-25
9360314,radiator,散热器；暖气炉,,2020-08-25
9360315,radiator blind,散热片,,2020-08-25
9360316,radio,无线电,,2020-08-25
9360317,radio beacon,无线电示标,,2020-08-25
9360318,radio buoy,无线电浮标,,2020-08-25
9360319,radio cabin,无线电室,,2020-08-25
9360320,radio celestial navigation,无线电天文导航,,2020-08-25
9360321,radio channel,无线电频道,,2020-08-25
9360322,radio compass,无线电测向仪；电子罗经,,2020-08-25
9360323,radio controlled target boat,无线电遥控靶艇,,2020-08-25
9360324,radio detecting and ranging {=radar},雷达,,2020-08-25
9360325,radio direction finder,无线电测向仪；方探,,2020-08-25
9360326,radio facsimile,无线电传真,,2020-08-25
9360327,radio frequency {=RF},射频；无线电频率,,2020-08-25
9360328,radio frequency interference {=RFI},无线电频率干扰,,2020-08-25
9360329,radio homing device,无线电归航设施,,2020-08-25
9360330,radio interference,无线电干扰,,2020-08-25
9360331,radio link,无线电链,,2020-08-25
9360332,radio log,无线电测速仪；报房日志,,2020-08-25
9360333,radio navigation,无线电导航,,2020-08-25
9360334,radio navigation satellite service,卫星无线电助航业务,,2020-08-25
9360335,radio noise,无线电杂讯,,2020-08-25
9360336,radio officer,通信官；报务员,,2020-08-25
9360337,radio operator,报务员,,2020-08-25
9360338,Radio Regulation,无线电规则,,2020-08-25
9360339,radio room,无线电室,,2020-08-25
9360340,radio station,无线电台,,2020-08-25
9360341,radioactive waste,放射性废料,,2020-08-25
9360342,radio-communication frequency,无线电通信频率,,2020-08-25
9360343,radio-controlled target boat,无线电遥控靶艇,,2020-08-25
9360344,radio-frequency carrier,射频载波,,2020-08-25
9360345,radiograph,放射线照相,,2020-08-25
9360346,radiographic inspection,射线照相探伤,,2020-08-25
9360347,radiographic search of weld,放射线銲接检验,,2020-08-25
9360348,radiographic test,放射线试验,,2020-08-25
9360349,radiographic testing {=RT},放射线透过检查,,2020-08-25
9360350,radioisotope-powered boiler,放射性同位素锅炉,,2020-08-25
9360351,radiotelegraph,无线电报,,2020-08-25
9360352,radiotelephone,无线电话,,2020-08-25
9360353,radio-telephone distress frequency,无线电话遇险呼救频率,,2020-08-25
9360354,radiotelephone distress frequency watch receiver,无线电话遇险频率守值接收机,,2020-08-25
9360355,radio-telephone frequency,无线电话频率,,2020-08-25
9360356,radius,半径,,2020-08-25
9360357,radius of action,作用半径；活动半径,,2020-08-25
9360358,radius of curvature,曲率半径,,2020-08-25
9360359,radius of gyration,回转半径,,2020-08-25
9360360,radome,天线罩；雷堂,,2020-08-25
9360361,raft,筏,,2020-08-25
9360362,raft body,筏体；舯平部；平行舯体,,2020-08-25
9360363,rag bolt,棘螺栓,,2020-08-25
9360364,rail,栏杆；轨道；舷墙上缘盖木；紧索栓座,,2020-08-25
9360365,rail stanchion,栏杆支柱,,2020-08-25
9360366,railway ferry,火车渡船,,2020-08-25
9360367,raised and sunken system,内外叠接法,,2020-08-25
9360368,raised deck,低艉甲板；阶式甲板；低艛甲板,,2020-08-25
9360369,raised manhole,升高人孔,,2020-08-25
9360370,raised quarter deck,高艉主甲板,,2020-08-25
9360371,raised quarter-deck vessel,高艉甲板船,,2020-08-25
9360372,raised-deck boat,高艉甲板船,,2020-08-25
9360373,raising pipe,提升管,,2020-08-25
9360374,rake,斜度；耙；后倾{螺叶},,2020-08-25
9360375,rake angle,斜度角；后倾角{螺桨},,2020-08-25
9360376,rake of blade,螺叶后倾,,2020-08-25
9360377,rake ratio,斜度率；后倾率{螺桨},,2020-08-25
9360378,raked blade,后倾桨叶,,2020-08-25
9360379,raked bow,斜艏,,2020-08-25
9360380,raked stem,斜艏柱,,2020-08-25
9360381,raking stem,斜艏[柱],,2020-08-25
9360382,raking transom,倾斜艉板,,2020-08-25
9360383,ram,撞锤；舰艏撞角；柱塞,,2020-08-25
9360384,RAM {random access memory},随机存取记忆体,,2020-08-25
9360385,ram block,舰艏撞角,,2020-08-25
9360386,ram bow,[水线上向]内弯艏；冲击艏,,2020-08-25
9360387,ram bulb,撞角球鼻,,2020-08-25
9360388,ram impact testing machine,撞锤冲击试验机,,2020-08-25
9360389,ram ratio,冲击比,,2020-08-25
9360390,ram stem,冲击艏柱,,2020-08-25
9360391,ram tensioner,柱塞张力机,,2020-08-25
9360392,ram wing,冲翼,,2020-08-25
9360393,ram wing boat,气翼艇,,2020-08-25
9360394,ram-jet,冲压喷射引擎,,2020-08-25
9360395,ramjet powered missile,冲压式引擎飞弹,,2020-08-25
9360396,ramming stay,冲击牵条；冲击扣,,2020-08-25
9360397,ramp,跳板；著陆板；艉斜道,,2020-08-25
9360398,ramp bow,坡道艏,,2020-08-25
9360399,ramp stern,滑道型艉,,2020-08-25
9360400,ramp way,坡道,,2020-08-25
9360401,ramp-door,登陆跳板；登陆舌门,,2020-08-25
9360402,ramped lighter,跳板驳船,,2020-08-25
9360403,ram-shaped bow,冲击艏,,2020-08-25
9360404,ram-wing craft,冲翼船,,2020-08-25
9360405,ran,绳段{英美制绳索长度单位；20码=18.288公尺},,2020-08-25
9360406,RANAD {radio navigation device},无线电导航设备,,2020-08-25
9360407,randan,划桨游艇,,2020-08-25
9360408,random access method,随机存取法,,2020-08-25
9360409,random inspection,随机性检查,,2020-08-25
9360410,random load,随机负荷,,2020-08-25
9360411,random noise,随机杂讯,,2020-08-25
9360412,random process,随机过程,,2020-08-25
9360413,random sampling test,随机取样试验,,2020-08-25
9360414,random sea,不规则海面；随机海浪,,2020-08-25
9360415,range,航程；灶；射程；范围,,2020-08-25
9360416,range board,距离修正板,,2020-08-25
9360417,range error,距离误差,,2020-08-25
9360418,range light,后艉灯,,2020-08-25
9360419,range of stability,稳度范围,,2020-08-25
9360420,range of visibility,视线范围,,2020-08-25
9360421,range of water level,水位变幅,,2020-08-25
9360422,range unit,测距装置,,2020-08-25
9360423,rangefinder,测距仪,,2020-08-25
9360424,Rankine cycle,郎肯循环,,2020-08-25
9360425,Rankine vortex,郎肯涡,,2020-08-25
9360426,rap,管道绝缘材料,,2020-08-25
9360427,rape oil,菜油,,2020-08-25
9360428,rapeseed oil,菜子油,,2020-08-25
9360429,rare metal,稀有金属,,2020-08-25
9360430,rasing knife,画线针,,2020-08-25
9360431,rat guard,防鼠板,,2020-08-25
9360432,rat proof,防鼠,,2020-08-25
9360433,rat proof construction,防鼠构造,,2020-08-25
9360434,ratched wheel,棘轮,,2020-08-25
9360435,ratchet and pawl,棘轮与爪,,2020-08-25
9360436,ratchet brace,棘轮摇钻,,2020-08-25
9360437,ratchet drill,棘轮摇钻,,2020-08-25
9360438,ratchet gear,棘轮装置,,2020-08-25
9360439,ratchet wheel,棘轮,,2020-08-25
9360440,ratchet windlass,手动锚机,,2020-08-25
9360441,rate,率；价格,,2020-08-25
9360442,rate of burning,燃烧率,,2020-08-25
9360443,rate of expansion,膨胀率,,2020-08-25
9360444,rate of flooding,浸水速率,,2020-08-25
9360445,rate of fouling,污底速率,,2020-08-25
9360446,rate of fuel consumption,燃料消耗率,,2020-08-25
9360447,rate of penetration {=ROP},穿透率,,2020-08-25
9360448,rate of turn indicator,回转速率指示计,,2020-08-25
9360449,rate of weight loss,重量损失率,,2020-08-25
9360450,rated breaking capacity,额定断开容量,,2020-08-25
9360451,rated capacity,额定容量；额定功率,,2020-08-25
9360452,rated horsepower,额定马力,,2020-08-25
9360453,rated output,额定出力,,2020-08-25
9360454,rated power,额定功率,,2020-08-25
9360455,rated revolution,额定转速,,2020-08-25
9360456,rated torque,额定转矩,,2020-08-25
9360457,rated value,额定值；评定值,,2020-08-25
9360458,rated voltage,额定电压,,2020-08-25
9360459,rating,定额[出力]；船员等级,,2020-08-25
9360460,rating life,额定寿命,,2020-08-25
9360461,ratio,比；比率；比值,,2020-08-25
9360462,ratlines,桅[牵]索梯；梯级绳,,2020-08-25
9360463,rattan fender,籐碰垫,,2020-08-25
9360464,raw material,原料,,2020-08-25
9360465,Rayleigh wave,雷利波,,2020-08-25
9360466,reach,[可达]距离；范围；射程；工作半径；伸距；横风行驶；惯性滑移；回转重心纵距；回复期,,2020-08-25
9360467,reach of crane,起重机臂伸距,,2020-08-25
9360468,reaching,舷侧迎风,,2020-08-25
9360469,reactance capacity,电抗容量,,2020-08-25
9360470,reaction,反作用；反动；反应；反锁,,2020-08-25
9360471,reaction blade,反动轮叶,,2020-08-25
9360472,reaction blading,反动叶系,,2020-08-25
9360473,reaction rudder,反动式舵,,2020-08-25
9360474,reaction stage,反动级,,2020-08-25
9360475,reaction stress,反作用应力,,2020-08-25
9360476,reaction turbine,反动涡轮机,,2020-08-25
9360477,reaction wheel,反动轮,,2020-08-25
9360478,reactive force,反作用力,,2020-08-25
9360479,reactive power,无效功率；无孕功率,,2020-08-25
9360480,reactor,核子反应炉；电抗器；反应器,,2020-08-25
9360481,reactor room,[核子]反应炉舱,,2020-08-25
9360482,ready boat,备便艇,,2020-08-25
9360483,real pitch,真螺距,,2020-08-25
9360484,real slip,真滑流,,2020-08-25
9360485,real slip ratio,真滑流率,,2020-08-25
9360486,real velocity,真[实]速[度],,2020-08-25
9360487,real-time operation,即时作业,,2020-08-25
9360488,reamer,绞刀,,2020-08-25
9360489,reamer bolt,绞孔螺栓,,2020-08-25
9360490,reaming iron,绞孔凿,,2020-08-25
9360491,reaming machine,绞孔机,,2020-08-25
9360492,rear view,后视图,,2020-08-25
9360493,reasonable value,合理值,,2020-08-25
9360494,reattachment,再附著,,2020-08-25
9360495,Reaumur thermometer,列氏温度计,,2020-08-25
9360496,reboiler,锅炉换新,,2020-08-25
9360497,recalescence point,再辉点{热处理},,2020-08-25
9360498,receiver,接收机；接受器；听筒,,2020-08-25
9360499,receiver circuit,接收[器]电路,,2020-08-25
9360500,receiving antenna,接收天线,,2020-08-25
9360501,receiving antenna multicoupler,接收天线多偶器,,2020-08-25
9360502,receiving ship,受补船,,2020-08-25
9360503,receptacle,容器；插座,,2020-08-25
9360504,receptance,动态柔度；敏纳,,2020-08-25
9360505,recess,凹[入]部,,2020-08-25
9360506,recess bulkhead,凹入舱壁,,2020-08-25
9360507,recessed mooring bitt,凹入之系缆柱,,2020-08-25
9360508,rechargeable cell,可充电电池,,2020-08-25
9360509,reciprocal value,倒数；互易值,,2020-08-25
9360510,reciprocating blower,往复式鼓风机,,2020-08-25
9360511,reciprocating engine,往复机；往复引擎,,2020-08-25
9360512,reciprocating motion,往复运动,,2020-08-25
9360513,reciprocating positive displacement pump,往复[确]排量泵,,2020-08-25
9360514,reciprocating pump,往复泵,,2020-08-25
9360515,reciprocity theorem,交替定理,,2020-08-25
9360516,recirculating line,再循环管路,,2020-08-25
9360517,reckoning,推算船位,,2020-08-25
9360518,reclassification,重新入[船]级,,2020-08-25
9360519,recoating,重新油漆,,2020-08-25
9360520,recoil motion,后座[运动],,2020-08-25
9360521,recoil stopper,后座制动器,,2020-08-25
9360522,recommendation,建议案,,2020-08-25
9360523,recompression chamber,再压缩室,,2020-08-25
9360524,reconditioning,修整；再处理,,2020-08-25
9360525,reconnaissance boat,侦察艇；搜索艇,,2020-08-25
9360526,recorder,记录器,,2020-08-25
9360527,recoverability,复元性,,2020-08-25
9360528,recreation room,康乐室；娱乐室,,2020-08-25
9360529,recreation ship,游乐船,,2020-08-25
9360530,recreational-sailing boat,游乐帆船,,2020-08-25
9360531,rectangular boiler,长方形锅炉,,2020-08-25
9360532,rectangular wave guide,矩形导波管,,2020-08-25
9360533,rectifier,整流器；袪水器；校正器,,2020-08-25
9360534,rectifying circuit,整流电路,,2020-08-25
9360535,rectilinear motion,直线运动,,2020-08-25
9360536,recuperative gas turbine,复热式燃气涡轮机,,2020-08-25
9360537,recuperative heat exchanger,复热式热交换器,,2020-08-25
9360538,recuperator,复热器,,2020-08-25
9360539,recycle valve,再循环阀,,2020-08-25
9360540,red flare,红光信号,,2020-08-25
9360541,red globe lamp,红球灯,,2020-08-25
9360542,red lead,红丹；铅丹,,2020-08-25
9360543,red lead injector,红丹喷射器,,2020-08-25
9360544,red lead paint,红丹漆,,2020-08-25
9360545,red lead powder,红丹粉,,2020-08-25
9360546,red magnetism,红磁性{指北针端},,2020-08-25
9360547,red side light,左舷[红]灯；红灯,,2020-08-25
9360548,redirecting bucket,[喷水推进]导向戽；[涡轮机]导向叶片,,2020-08-25
9360549,reduced buckling length,缩减挫曲长度,,2020-08-25
9360550,reduced frequency,换算频率,,2020-08-25
9360551,reduced power running,减速运转,,2020-08-25
9360552,reduced requced,减速,,2020-08-25
9360553,reduced-voltage starting,降压起动,,2020-08-25
9360554,reducing flame,还原焰,,2020-08-25
9360555,reducing pipe,渐缩管,,2020-08-25
9360556,reducing valve,减压阀,,2020-08-25
9360557,reduction gear,减速装置,,2020-08-25
9360558,reduction of area,断面收缩,,2020-08-25
9360559,reduction ratio,减速比；减缩比,,2020-08-25
9360560,redundant force,赘力,,2020-08-25
9360561,redundant reaction,赘余反力；冗余反力,,2020-08-25
9360562,redundant system,备用系统,,2020-08-25
9360563,Redwood second,雷氏秒{黏度单位},,2020-08-25
9360564,Redwood viscosimeter,雷氏黏度计,,2020-08-25
9360565,Redwood viscosity,雷氏黏度,,2020-08-25
9360566,reef band,卷帆带,,2020-08-25
9360567,reef cringle,卷帆索圈,,2020-08-25
9360568,reef line,收帆索,,2020-08-25
9360569,reef point,缩帆索,,2020-08-25
9360570,reef tackle patch,帆角补钉,,2020-08-25
9360571,reefer,冷藏船；冷冻船；冷藏库,,2020-08-25
9360572,reefer cargo,冷藏货[物]；冷冻货物,,2020-08-25
9360573,reefer container,冷藏货柜；冷冻货柜,,2020-08-25
9360574,reefer space,冷藏空间；冷冻空间,,2020-08-25
9360575,reefer vessel,冷藏船；冷冻船,,2020-08-25
9360576,reefing bowsprit,伸缩式艏斜桅,,2020-08-25
9360577,reel,卷盘,,2020-08-25
9360578,reel barge,卷盘驳船{海洋工程},,2020-08-25
9360579,reeled rivet,交错铆接,,2020-08-25
9360580,reelship,卷筒式布管船,,2020-08-25
9360581,re-engine,主机换装,,2020-08-25
9360582,re-engineering,再造工程,,2020-08-25
9360583,reeving bowsprit,可拆艏斜桅,,2020-08-25
9360584,reeving line,船底索,,2020-08-25
9360585,reference ambient temperature,周围参考温度,,2020-08-25
9360586,reference frequency,参考频率,,2020-08-25
9360587,reference input,基准输入,,2020-08-25
9360588,reference level,参考位准,,2020-08-25
9360589,reference line,基准线；参考线,,2020-08-25
9360590,reference potential,基准电位；参考电位,,2020-08-25
9360591,reference velocity,参考速度,,2020-08-25
9360592,referent ship,参考船,,2020-08-25
9360593,refined oil,精炼油,,2020-08-25
9360594,refined product carrier,精炼油品船,,2020-08-25
9360595,refined steel,精炼钢,,2020-08-25
9360596,refined zone,微细化区,,2020-08-25
9360597,refiner,精制机；重炼器；净化器,,2020-08-25
9360598,reflected wave,反射波,,2020-08-25
9360599,reflection coefficient,反射系数,,2020-08-25
9360600,reflector,反光镜；反射器；灯罩,,2020-08-25
9360601,reflectoscope,油漆光泽测定仪；反射系数测定仪,,2020-08-25
9360602,refraction coefficient,折射系数,,2020-08-25
9360603,refractoriness,耐火性；耐火度,,2020-08-25
9360604,refractory brick,耐火砖,,2020-08-25
9360605,refractory liner,耐火衬垫,,2020-08-25
9360606,refractory lining,耐火衬层,,2020-08-25
9360607,refractory material,耐火材料；耐热材料,,2020-08-25
9360608,refractory metal,耐火金属,,2020-08-25
9360609,refractory mortar,耐火泥浆,,2020-08-25
9360610,refrigerant,冷冻剂；冷煤,,2020-08-25
9360611,refrigerated cabinet,冷藏柜,,2020-08-25
9360612,refrigerated cargo hold,冷藏货舱,,2020-08-25
9360613,refrigerated cargo vessel,冷冻货船,,2020-08-25
9360614,refrigerated carrier,冷冻船；冷藏船,,2020-08-25
9360615,refrigerated container vessel,冷冻货柜船,,2020-08-25
9360616,refrigerated storeroom,冷藏库,,2020-08-25
9360617,refrigerating capacity,冷冻能力；冷冻量,,2020-08-25
9360618,refrigerating cargo boat,冷冻货船,,2020-08-25
9360619,refrigerating chamber,冷藏库；冷冻库,,2020-08-25
9360620,refrigerating cycle,冷冻循环,,2020-08-25
9360621,refrigerating installation classification certificate,冷藏设备船级证书,,2020-08-25
9360622,refrigerating machine,冰机；冷冻机,,2020-08-25
9360623,refrigerating medium,冷冻剂,,2020-08-25
9360624,refrigerating medium pump,冷煤泵,,2020-08-25
9360625,refrigerating plant,冷冻设备；冷冻厂,,2020-08-25
9360626,refrigerating ton,冷冻吨,,2020-08-25
9360627,refrigeration,冷冻；冷冻学,,2020-08-25
9360628,refrigeration agent,冷冻剂；冷煤,,2020-08-25
9360629,refrigeration container,冷冻货柜；冷藏货柜,,2020-08-25
9360630,refrigeration cycle,冷冻循环,,2020-08-25
9360631,refrigerator,冷冻机；冰箱,,2020-08-25
9360632,refrigerator ship,冷藏船,,2020-08-25
9360633,refueler,加油艇；加油器,,2020-08-25
9360634,refuelling boat,加油艇,,2020-08-25
9360635,refuse incinerating ship,废弃物焚化船,,2020-08-25
9360636,refuse treatment ship,废弃物处理船,,2020-08-25
9360637,refuse-removal vessel,垃圾[废料]搬运船,,2020-08-25
9360638,regatta,赛船,,2020-08-25
9360639,regenerating heat exchanger,再生式热交换器,,2020-08-25
9360640,regenerative air heater,再生式空气加热器,,2020-08-25
9360641,regenerative reheater,再生式再热器,,2020-08-25
9360642,regenerative turbine,再生式涡轮机,,2020-08-25
9360643,regenerator,再生器,,2020-08-25
9360644,register,自动纪录仪；调气器；节气门；船籍登记簿；船名录；登记；注册,,2020-08-25
9360645,register book,船名录；登记簿,,2020-08-25
9360646,register breadth,登记宽度,,2020-08-25
9360647,register of shipping,船级机构；验船协会；验船机构,,2020-08-25
9360648,register tonnage,登记吨位,,2020-08-25
9360649,registered gross tonnage,登记总吨位,,2020-08-25
9360650,registered horsepower,注册马力；登记马力,,2020-08-25
9360651,registered net tonnage,登记净吨位,,2020-08-25
9360652,Registro Italians {=RI},意大利验船协会,,2020-08-25
9360653,regression analysis,回归分析,,2020-08-25
9360654,regular boat,定期船,,2020-08-25
9360655,regular check,定期检查,,2020-08-25
9360656,regular maintenance,定期维修,,2020-08-25
9360657,regular wave,规则波,,2020-08-25
9360658,regulating mechanism of buoyancy,浮力调节机构,,2020-08-25
9360659,regulating rheostat,调节变阻器,,2020-08-25
9360660,regulating rod,调整杆,,2020-08-25
9360661,regulating valve,调整阀,,2020-08-25
9360662,regulation,调节；调整；规则；条例,,2020-08-25
9360663,regulator,调整器,,2020-08-25
9360664,reheat,再热,,2020-08-25
9360665,reheat boiler,再热锅炉,,2020-08-25
9360666,reheat chamber,再热室,,2020-08-25
9360667,reheat cycle,再热循环,,2020-08-25
9360668,reheat factor,再热因数,,2020-08-25
9360669,reheater,再热器,,2020-08-25
9360670,reheating furnace,再热炉；重热炉,,2020-08-25
9360671,reheating turbine,再热式涡轮机,,2020-08-25
9360672,reinforced cement,钢筋水泥,,2020-08-25
9360673,reinforced concrete vessel,[钢筋]混凝土船,,2020-08-25
9360674,reinforced hole,加强孔,,2020-08-25
9360675,reinforced keel block,加强龙骨墩,,2020-08-25
9360676,reinforced plastic boat,强化塑胶船,,2020-08-25
9360677,reinforced plastics,强化塑胶,,2020-08-25
9360678,reinforced resin {=RR}lay-up,增强树脂积层；玻璃纤维积层,,2020-08-25
9360679,reinforced rib,加强肋,,2020-08-25
9360680,reinforcement,加强；加强材；增援；銲缝凸量,,2020-08-25
9360681,reinforcement of weld,銲冠,,2020-08-25
9360682,rejected material,退料；不合格材料；废弃品,,2020-08-25
9360683,relative driving frequency,相对驱动频率；相对激励频率,,2020-08-25
9360684,relative frequency,相对频率,,2020-08-25
9360685,relative humidity,相对湿度,,2020-08-25
9360686,relative motion,相对运动,,2020-08-25
9360687,relative motion radar,相对运动雷达,,2020-08-25
9360688,relative rolling,相对横摇,,2020-08-25
9360689,relative rotative efficiency,[相]对转[动]效率；[相]对[旋]转效率,,2020-08-25
9360690,relative speed,相对速率,,2020-08-25
9360691,relative value,相对值,,2020-08-25
9360692,relative velocity,相对速度,,2020-08-25
9360693,relative viscosity,相对黏度,,2020-08-25
9360694,relative wave elevation,相对波形高,,2020-08-25
9360695,relaxation process,松弛法,,2020-08-25
9360696,relay,替续器；继电器,,2020-08-25
9360697,relay board,继电器盘,,2020-08-25
9360698,relay box,继电器箱；电驿箱,,2020-08-25
9360699,relay circuit,继电器电路；中继电路,,2020-08-25
9360700,relay governor,替续器调速器,,2020-08-25
9360701,release,放泄；释放,,2020-08-25
9360702,release cock,放泄旋塞,,2020-08-25
9360703,release film,脱模片,,2020-08-25
9360704,release line,放泄管路,,2020-08-25
9360705,release mechanism,释放机构,,2020-08-25
9360706,release pressure,释放压力,,2020-08-25
9360707,release track,施放轨,,2020-08-25
9360708,release valve,释放阀；放泄阀,,2020-08-25
9360709,releasing device,释放装置,,2020-08-25
9360710,reliability,可靠性,,2020-08-25
9360711,relief cock,泄压旋塞,,2020-08-25
9360712,relief frame,调压环,,2020-08-25
9360713,relief ring,释压环；调压环,,2020-08-25
9360714,relief valve,泄压阀,,2020-08-25
9360715,relief welding,浮凸銲[接],,2020-08-25
9360716,relieve frame,调压环,,2020-08-25
9360717,relieving board,舱底垫板,,2020-08-25
9360718,relieving lamp,备用灯,,2020-08-25
9360719,relieving tackle,应急舵具；应急舵滑车组,,2020-08-25
9360720,reliquefaction plant,再液化装置,,2020-08-25
9360721,reluctance,磁阻,,2020-08-25
9360722,remainder,余料,,2020-08-25
9360723,remained water,余水,,2020-08-25
9360724,remanent magnetisation,剩余磁化,,2020-08-25
9360725,remanent magnetism,剩磁,,2020-08-25
9360726,remcon {remote control},遥控,,2020-08-25
9360727,remote batch processing,远隔批次作业,,2020-08-25
9360728,remote control,遥控,,2020-08-25
9360729,remote control board,遥控台,,2020-08-25
9360730,remote control laying,遥控瞄准；遥控布雷,,2020-08-25
9360731,remote control manipulator,遥控自动操控机；摇控机械手,,2020-08-25
9360732,remote control target boat,遥控靶船,,2020-08-25
9360733,remote level indicator,液面遥示器,,2020-08-25
9360734,remote operated valve,遥控阀,,2020-08-25
9360735,remote operated vehicle {=ROV},遥控载具,,2020-08-25
9360736,remote water level gauge,遥控水位计,,2020-08-25
9360737,remote-control under-water manipulator,遥控水下机械手；遥控水下自动操控机,,2020-08-25
9360738,remote-controlled bilge block,遥控[活动]边墩,,2020-08-25
9360739,remote-controlled boiler,遥控锅炉,,2020-08-25
9360740,remote-controlled mine,遥控水雷,,2020-08-25
9360741,remote-controlled model,遥控模型,,2020-08-25
9360742,remotely operated vehicle {=ROV},遥控水下载具,,2020-08-25
9360743,remote-operated valve,遥控阀,,2020-08-25
9360744,removable ballast,可移压载,,2020-08-25
9360745,removal,移除；除去；拆卸,,2020-08-25
9360746,removal of marine growth,海洋附生物清除,,2020-08-25
9360747,rend,裂口；裂隙,,2020-08-25
9360748,renewal survey,换证检验,,2020-08-25
9360749,renovating tank,澄清柜；沉淀柜,,2020-08-25
9360750,renovation,改装,,2020-08-25
9360751,repair,修理,,2020-08-25
9360752,repair dock,修船坞,,2020-08-25
9360753,repair kit,修理包,,2020-08-25
9360754,repair ship,修理舰；工作船,,2020-08-25
9360755,repair specification,修理规范,,2020-08-25
9360756,repair vessel,修理[工作]船,,2020-08-25
9360757,repair welding,补銲,,2020-08-25
9360758,repeated load,反复负荷；重复负荷,,2020-08-25
9360759,repeated stress,反复应力,,2020-08-25
9360760,repeater,子罗经；复示器；重发器,,2020-08-25
9360761,repetition frequency,重复频,,2020-08-25
9360762,replacement,换件；换置；换装；补充,,2020-08-25
9360763,replenishing valve,补给阀,,2020-08-25
9360764,replenishment station,整补站,,2020-08-25
9360765,replenishment winch,海上补给绞车,,2020-08-25
9360766,replenishment-at-sea {=RAS},海上整补,,2020-08-25
9360767,report,报告；报表,,2020-08-25
9360768,representative doublet,典型偶极[子],,2020-08-25
9360769,requirement,要求；需要量；必要条件,,2020-08-25
9360770,rescue boat,救难艇；救助艇,,2020-08-25
9360771,rescue breathing apparatus,救生呼吸器,,2020-08-25
9360772,rescue chamber,[潜艇]救生室；救生钟,,2020-08-25
9360773,rescue mission,救助任务,,2020-08-25
9360774,rescue motor launch,马达救难艇,,2020-08-25
9360775,rescue rig,救生设备,,2020-08-25
9360776,rescue signal light,救难信号灯；救难信号,,2020-08-25
9360777,rescue vessel,救难船,,2020-08-25
9360778,research ship,研究船,,2020-08-25
9360779,research submarine,潜水调查船,,2020-08-25
9360780,research submersible,研究潜水船,,2020-08-25
9360781,research vessel,研究船,,2020-08-25
9360782,reserve bunker,备用燃料舱,,2020-08-25
9360783,reserve buoyancy,预[留]浮力,,2020-08-25
9360784,reserve buoyancy ratio,预[留]浮力比,,2020-08-25
9360785,reserve buoyancy volume,预留浮力体积,,2020-08-25
9360786,reserve circuit,备用电路,,2020-08-25
9360787,reserve coal bunker,备用煤舱,,2020-08-25
9360788,reserve feed,备用给水,,2020-08-25
9360789,reserve feed water tank,备用给水柜,,2020-08-25
9360790,reserve feedwater,备用给水,,2020-08-25
9360791,reserve oil bunker,备用油柜；备用燃油舱,,2020-08-25
9360792,reserve radiotelegraph installation,辅助无线电信设备,,2020-08-25
9360793,reserve receiver,备用接收机,,2020-08-25
9360794,reserve transmitter,备用发射机,,2020-08-25
9360795,reserve trim tank,备用俯仰调整舱,,2020-08-25
9360796,reservoir,贮器,,2020-08-25
9360797,reset,重置；复归,,2020-08-25
9360798,resident supervisor,常驻监造代表,,2020-08-25
9360799,residual buoyancy,剩余浮力,,2020-08-25
9360800,residual cavity,剩余空泡,,2020-08-25
9360801,residual list,剩余侧倾,,2020-08-25
9360802,residual magnetism,剩磁,,2020-08-25
9360803,residual oil,残存油,,2020-08-25
9360804,residual oil,残存油,,2020-08-25
9360805,residual oil standard discharge connection,残油排泄标准接头,,2020-08-25
9360806,residual strain,残留应变,,2020-08-25
9360807,residual stress,残留应力,,2020-08-25
9360808,residual viscosity,剩余黏度,,2020-08-25
9360809,residuary resistance,剩余阻力,,2020-08-25
9360810,residue fuel,残剩油,,2020-08-25
9360811,resilience,弹性能,,2020-08-25
9360812,resilient mounting,减振器；弹性座,,2020-08-25
9360813,resin,树脂,,2020-08-25
9360814,resin content,树脂含量,,2020-08-25
9360815,resin paint,树脂漆,,2020-08-25
9360816,resistance,阻力；电阻,,2020-08-25
9360817,resistance alloy,电阻合金,,2020-08-25
9360818,resistance box,电阻箱,,2020-08-25
9360819,resistance brazing,电阻硬銲,,2020-08-25
9360820,resistance bridge,电阻电桥,,2020-08-25
9360821,resistance butt welding,电阻对銲,,2020-08-25
9360822,resistance coefficient,阻力系数,,2020-08-25
9360823,resistance dynamometer,阻力仪,,2020-08-25
9360824,resistance flash butt welding,闪弧对接电阻銲,,2020-08-25
9360825,resistance heater,电热器,,2020-08-25
9360826,resistance pyrometer,电阻高温计,,2020-08-25
9360827,resistance regulator,电阻调整器,,2020-08-25
9360828,resistance stud welding,螺柱电阻銲[接],,2020-08-25
9360829,resistance switch,电阻开关；急断开关,,2020-08-25
9360830,resistance test,阻力试验,,2020-08-25
9360831,resistance test in waves,波浪中阻力试验,,2020-08-25
9360832,resistance thermometer,电阻温度计,,2020-08-25
9360833,resistance valve,阻流阀；扼流阀,,2020-08-25
9360834,resistance welding,电阻銲[接],,2020-08-25
9360835,resistance welding machine,电阻銲机,,2020-08-25
9360836,resistance wire strain gauge,电阻丝应变计,,2020-08-25
9360837,resistance-welding process,电阻銲法,,2020-08-25
9360838,resisted rolling,有阻横摇,,2020-08-25
9360839,resistor,电阻器,,2020-08-25
9360840,resolution,分解；解析度,,2020-08-25
9360841,resolution threshold,分辨阈,,2020-08-25
9360842,resolutions,决议案,,2020-08-25
9360843,resonance,共振,,2020-08-25
9360844,resonance absorption,共振吸收,,2020-08-25
9360845,resonance characteristic,共振特性,,2020-08-25
9360846,resonance curve,共振曲线,,2020-08-25
9360847,resonance frequency,共振频率；谐振频率,,2020-08-25
9360848,resonance level,共振位准,,2020-08-25
9360849,resonance speed,共振转速,,2020-08-25
9360850,resonance splitting,谐振分裂；共振分裂,,2020-08-25
9360851,resonance zone,谐振区；共振区,,2020-08-25
9360852,resonant cavity,共振腔,,2020-08-25
9360853,resonant frequency,共振频率；谐振频率,,2020-08-25
9360854,resources management,资源管理,,2020-08-25
9360855,response amplitude operator {=RAO},反应振幅运算子,,2020-08-25
9360856,response spectrum,反应[波]谱,,2020-08-25
9360857,restoring circuit,复原电路,,2020-08-25
9360858,restoring moment,复原力矩；回复力矩,,2020-08-25
9360859,restrained packing ring,缚扎垫圈,,2020-08-25
9360860,restricted draft vessel,限制吃水船,,2020-08-25
9360861,restricted maneuver light,操纵限制灯,,2020-08-25
9360862,restricted water,限制水域,,2020-08-25
9360863,restricted water effect,局限水域效应,,2020-08-25
9360864,restriction valve,调节阀；扼流阀,,2020-08-25
9360865,restriking voltage,复弧电压,,2020-08-25
9360866,resultant,合量；合力,,2020-08-25
9360867,resultant velocity,合速度,,2020-08-25
9360868,retaining valve,止回阀,,2020-08-25
9360869,retarded inflow,减速入流,,2020-08-25
9360870,retarded velocity,减速度,,2020-08-25
9360871,retarder,减速器,,2020-08-25
9360872,retarding agent,阻碍药剂,,2020-08-25
9360873,reted load,额定载荷；额定负载,,2020-08-25
9360874,retractable blower,伸缩式吹灰器,,2020-08-25
9360875,retractable bollard,可收缩系缆桩,,2020-08-25
9360876,retractable drive unit,伸缩式推进装置,,2020-08-25
9360877,retractable mast,升降桅,,2020-08-25
9360878,retracting anchor,退滩[船艉]锚{登陆舰},,2020-08-25
9360879,retraction capability,[水翼船]收缩能力,,2020-08-25
9360880,retriever,回收船；回收器,,2020-08-25
9360881,retro-reflective material,反光材料,,2020-08-25
9360882,retum-flue boiler,回焰锅炉,,2020-08-25
9360883,return action engine,逆转机,,2020-08-25
9360884,return air quantity,循环空气量,,2020-08-25
9360885,return bend,回弯管,,2020-08-25
9360886,return bent pipe,回弯管,,2020-08-25
9360887,return block,有盖开口滑车,,2020-08-25
9360888,return circuit,回[流电]路,,2020-08-25
9360889,return connecting rod engine,回引连杆[动力]机,,2020-08-25
9360890,return fire-tube boiler,回焰式火管锅炉,,2020-08-25
9360891,return flame boiler,回焰锅炉；回管锅炉,,2020-08-25
9360892,return flow exhaust gas boiler,回焰废气锅炉,,2020-08-25
9360893,return gear,回行机构；回行齿轮,,2020-08-25
9360894,return line,回流管路,,2020-08-25
9360895,return pipe,回[流]管,,2020-08-25
9360896,return seating valve,复位型阀,,2020-08-25
9360897,return stroke,回行冲程,,2020-08-25
9360898,return type burner,回流式燃烧器,,2020-08-25
9360899,return valve,回流阀,,2020-08-25
9360900,return-bend vent,回弯透气管,,2020-08-25
9360901,revenue cruiser,海关巡逻船,,2020-08-25
9360902,revenue cutter,缉私艇；缉私船,,2020-08-25
9360903,revenue vessel,海关巡逻艇,,2020-08-25
9360904,reverberant chamber,回响室,,2020-08-25
9360905,reverberation chamber,回响室,,2020-08-25
9360906,reverberation level,回响位准,,2020-08-25
9360907,reverberation masking level,混响掩蔽位准,,2020-08-25
9360908,reverberation strength,回响强度；残响强度,,2020-08-25
9360909,reverberatory furnace,反射炉,,2020-08-25
9360910,reverse and reduction gear,倒伡及减速装置,,2020-08-25
9360911,reverse circulation,反循环,,2020-08-25
9360912,reverse eye hook,转眼钩,,2020-08-25
9360913,reverse function,逆行功能,,2020-08-25
9360914,reverse osmosis device,逆渗透[海水淡化]装置,,2020-08-25
9360915,reverse power protection,逆功率保护,,2020-08-25
9360916,reverse power relay,反向功率继电器,,2020-08-25
9360917,reverse power test,逆功率试验,,2020-08-25
9360918,reverse starting sequence,换向起动程序,,2020-08-25
9360919,reverse tiller,反向舵柄,,2020-08-25
9360920,reverse valve,回动阀；可逆阀,,2020-08-25
9360921,reversed angle bar,反向角材,,2020-08-25
9360922,reversed frame,副肋骨,,2020-08-25
9360923,reversed longitudinal,副纵材,,2020-08-25
9360924,reversed polarity,反极性{电銲},,2020-08-25
9360925,reversed scavenge,反向驱气,,2020-08-25
9360926,reversed screw steering gear,逆螺纹操舵装置,,2020-08-25
9360927,reversed turning,反向回转；逆转,,2020-08-25
9360928,reversed-flow type combustion chamber,回流式燃烧室,,2020-08-25
9360929,reversibility,可逆性,,2020-08-25
9360930,reversible capstan,可逆绞盘,,2020-08-25
9360931,reversible engine,可逆转[式]引擎,,2020-08-25
9360932,reversible process,可逆过程,,2020-08-25
9360933,reversible pump,可逆泵,,2020-08-25
9360934,reversible turbine,可逆转涡轮机,,2020-08-25
9360935,reversing arm,逆转臂,,2020-08-25
9360936,reversing arrangement,逆转装置,,2020-08-25
9360937,reversing chamber,[回流式汽轮机]换向室,,2020-08-25
9360938,reversing clutch,逆转离合器；回动离合器,,2020-08-25
9360939,reversing engine,逆转引擎,,2020-08-25
9360940,reversing gear,逆转装置；倒伡装置；回动装置,,2020-08-25
9360941,reversing gear box,逆转齿轮箱；倒伡齿轮箱,,2020-08-25
9360942,reversing hand wheel,逆转手轮,,2020-08-25
9360943,reversing index,逆转指示,,2020-08-25
9360944,reversing lever,逆转杠杆,,2020-08-25
9360945,reversing mechanism,回动机构,,2020-08-25
9360946,reversing servomotor,回动伺服马达,,2020-08-25
9360947,reversing shaft,逆转轴；倒伡轴,,2020-08-25
9360948,reversing switch,换向开关；电阻开关,,2020-08-25
9360949,reversing test,逆转试验,,2020-08-25
9360950,reversing time,换向时间,,2020-08-25
9360951,reversing turbine,倒伡涡轮机,,2020-08-25
9360952,revised plan,修正图,,2020-08-25
9360953,revolution,回转；回转数,,2020-08-25
9360954,revolution counter,转数计,,2020-08-25
9360955,revolution indicator,转数指示器；转数表,,2020-08-25
9360956,revolution per minute {=RPM},每分钟转数,,2020-08-25
9360957,revolution per minute {=rpm},每分钟转数,,2020-08-25
9360958,revolution per second {=RPS},每秒钟转数,,2020-08-25
9360959,revolution per second {=rps},每秒钟转数,,2020-08-25
9360960,revolution telegraph,转数传送器；转速传送器,,2020-08-25
9360961,revolving field,旋转磁场,,2020-08-25
9360962,revolving valve,转阀,,2020-08-25
9360963,Reynolds number,雷诺数,,2020-08-25
9360964,Reynolds stress,雷诺应力,,2020-08-25
9360965,RFI {radio frequency interference},无线电干扰,,2020-08-25
9360966,rheostat,变阻器,,2020-08-25
9360967,rhumb,等方位线；罗经方位；航程,,2020-08-25
9360968,rhumb card,菱形卡；罗牌,,2020-08-25
9360969,rhumb line,罗盘方位线,,2020-08-25
9360970,rib,肋,,2020-08-25
9360971,ribband,支材,,2020-08-25
9360972,ribbed bottom,加肋式船底；加肋艇底,,2020-08-25
9360973,ribbed rubber deckmatting,棱纹甲板橡皮垫,,2020-08-25
9360974,rice boiler,煮饭汽锅；饭锅,,2020-08-25
9360975,rice store,米仓,,2020-08-25
9360976,riddled condition,浸水船况{军舰},,2020-08-25
9360977,ride control system,凌波控制设备,,2020-08-25
9360978,rider frame,骑肋骨,,2020-08-25
9360979,rider keel,骑龙骨{木船},,2020-08-25
9360980,rider keelson,骑内龙骨,,2020-08-25
9360981,rider plate,骑板,,2020-08-25
9360982,ridge line,脊线,,2020-08-25
9360983,ridge pole,天遮杆,,2020-08-25
9360984,ridge rope,天遮索,,2020-08-25
9360985,ridge support,天遮支柱,,2020-08-25
9360986,riding,锚泊,,2020-08-25
9360987,riding anchor,著力锚,,2020-08-25
9360988,riding bitts,艏艉缆桩；艏艉缆柱,,2020-08-25
9360989,riding boom,系艇杆,,2020-08-25
9360990,riding buckler,开口锚链孔盖,,2020-08-25
9360991,riding chain,受力链；系链,,2020-08-25
9360992,riding chock,[甲板]锚链掣,,2020-08-25
9360993,riding leader,超前；导前；引导；指导,,2020-08-25
9360994,riding light,碇泊灯；锚泊灯,,2020-08-25
9360995,riding stopper,锚泊止链器,,2020-08-25
9360996,rifle stand,枪架,,2020-08-25
9360997,rig,装置；设备；钻油台,,2020-08-25
9360998,rig boom,钻探机臂杆,,2020-08-25
9360999,rig supply vessel,钻探平台补给船,,2020-08-25
9361000,rigger,索具工；坞工,,2020-08-25
9361001,rigging,索具,,2020-08-25
9361002,rigging and sail work,帆缆工作,,2020-08-25
9361003,rigging cutter,索具切断器,,2020-08-25
9361004,rigging end fitting,索具端装具,,2020-08-25
9361005,rigging interlock switch,换向开关,,2020-08-25
9361006,rigging line,吊索；拉索,,2020-08-25
9361007,rigging loft,帆缆工作台；索具工,,2020-08-25
9361008,rigging plan,船帆装具图；帆索图,,2020-08-25
9361009,rigging screw,紧索螺钉,,2020-08-25
9361010,rigging shop,帆缆工场,,2020-08-25
9361011,rigging support,桅索支座,,2020-08-25
9361012,right hand engine,右旋引擎,,2020-08-25
9361013,right hand lay,右搓索；右撚索,,2020-08-25
9361014,right hand model,右开式,,2020-08-25
9361015,right hand propeller,右旋螺桨,,2020-08-25
9361016,right hand screw,右旋螺桨；右旋螺钉,,2020-08-25
9361017,right handed thread,右旋螺纹,,2020-08-25
9361018,right-hand turning,右旋,,2020-08-25
9361019,righting arm,复原[力]臂；扶正[力]臂,,2020-08-25
9361020,righting capacity,[船舶]扶正能力,,2020-08-25
9361021,righting couple,扶正力偶,,2020-08-25
9361022,righting lever,扶正力臂,,2020-08-25
9361023,righting moment,扶正力矩,,2020-08-25
9361024,righting tank,扶正液舱；复原液舱,,2020-08-25
9361025,rightward heeling,右倾,,2020-08-25
9361026,rigid body,刚体,,2020-08-25
9361027,rigid body mode,刚体运动模态,,2020-08-25
9361028,rigid frame,刚[构]架,,2020-08-25
9361029,rigid guide vane,刚性导流叶片,,2020-08-25
9361030,rigid inflatable boat,硬式充气艇,,2020-08-25
9361031,rigid life raft,硬式救生筏,,2020-08-25
9361032,rigid sidewall craft,硬式侧壳艇,,2020-08-25
9361033,rigid-body motion,刚体运动,,2020-08-25
9361034,rigidity,刚性；刚度,,2020-08-25
9361035,rim,轮缘,,2020-08-25
9361036,rim stress,轮缘应力,,2020-08-25
9361037,rimed steel,未净钢,,2020-08-25
9361038,rimer,绞刀,,2020-08-25
9361039,rimer bolt,绞孔螺栓,,2020-08-25
9361040,ring,环；圈,,2020-08-25
9361041,ring bolt,带环螺栓,,2020-08-25
9361042,ring bulkhead,环形舱壁,,2020-08-25
9361043,ring channel,环形槽,,2020-08-25
9361044,ring circuit,环形电路,,2020-08-25
9361045,ring frame,环状肋骨,,2020-08-25
9361046,ring gauge,环规,,2020-08-25
9361047,ring joint,环缘接合,,2020-08-25
9361048,ring life buoy,救生圈,,2020-08-25
9361049,ring lubrication,环润滑,,2020-08-25
9361050,ring lubrication bearing,环润滑轴承,,2020-08-25
9361051,ring lubricator,润滑油环,,2020-08-25
9361052,ring main,环形总管,,2020-08-25
9361053,ring plate,环板,,2020-08-25
9361054,ring propeller,环式螺桨；带环片螺桨；具端片螺桨,,2020-08-25
9361055,ring seal,环封,,2020-08-25
9361056,ring source,环源,,2020-08-25
9361057,ring spigot,环插口,,2020-08-25
9361058,ring stopper,锚杆固定链,,2020-08-25
9361059,ring valve,环[形]阀,,2020-08-25
9361060,ring vortex,环形涡；涡环,,2020-08-25
9361061,ring web,环形肋板,,2020-08-25
9361062,ringbolt,带环螺栓,,2020-08-25
9361063,Ringelmann chart,林格曼烟色[浓度]图,,2020-08-25
9361064,rip line,力网；加强索,,2020-08-25
9361065,ripper line,带饵钓线,,2020-08-25
9361066,ripple frequency,纹波频率；涟[波]频率,,2020-08-25
9361067,rippled sea,涟波；微浪,,2020-08-25
9361068,rise of floor,[舯]横斜高,,2020-08-25
9361069,riser,冒口{铸造}；升导管；敞船座板纵承材；木船甲板纵承材；副龙骨翼板,,2020-08-25
9361070,riser leg,升导管柱,,2020-08-25
9361071,riser pipe,升导管,,2020-08-25
9361072,riser tensioner,升导管张力器张力装置,,2020-08-25
9361073,rising fire main,竖消防主管,,2020-08-25
9361074,rising wood,上缘部{木龙骨},,2020-08-25
9361075,risk level,风险度,,2020-08-25
9361076,river boat,内河船,,2020-08-25
9361077,river gunboat,内河砲艇,,2020-08-25
9361078,river minelayer,江河布雷艇,,2020-08-25
9361079,river patrol boat,内河巡逻艇,,2020-08-25
9361080,river steamer,内河汽船；内河轮船,,2020-08-25
9361081,river-marine vessel,河海两用船,,2020-08-25
9361082,rivet,铆钉,,2020-08-25
9361083,rivet bar,铆钉条材,,2020-08-25
9361084,rivet bonding,铆接,,2020-08-25
9361085,rivet buster,铆钉铲,,2020-08-25
9361086,rivet clipper,铆钉夹,,2020-08-25
9361087,rivet connection,铆[钉]接[合],,2020-08-25
9361088,rivet cutter,截铆钉器,,2020-08-25
9361089,rivet forge,铆钉炉,,2020-08-25
9361090,rivet head,铆钉头,,2020-08-25
9361091,rivet header,铆钉锻头机,,2020-08-25
9361092,rivet heater,铆钉加热炉；铆钉炉,,2020-08-25
9361093,rivet hole,铆钉孔,,2020-08-25
9361094,rivet iron,铆钉铁,,2020-08-25
9361095,rivet joint,铆接,,2020-08-25
9361096,rivet machine,铆钉机,,2020-08-25
9361097,rivet pitch,铆钉节距,,2020-08-25
9361098,rivet point,铆钉尾；铆端,,2020-08-25
9361099,rivet seam,铆缝,,2020-08-25
9361100,rivet shank,铆钉柄,,2020-08-25
9361101,rivet snap,铆钉头模,,2020-08-25
9361102,rivet spacing,铆钉间距,,2020-08-25
9361103,rivet steel,铆钉钢,,2020-08-25
9361104,rivet tongs,铆钉钳,,2020-08-25
9361105,rivet tool,铆钉工具,,2020-08-25
9361106,rivet work,铆钉工作,,2020-08-25
9361107,riveted flange,铆接凸缘,,2020-08-25
9361108,riveted pipe,铆接管,,2020-08-25
9361109,riveted structure,铆接结构,,2020-08-25
9361110,riveted tube,铆接管,,2020-08-25
9361111,riveter,铆工；铆机,,2020-08-25
9361112,riveting,铆接,,2020-08-25
9361113,riveting hammer,铆接锤,,2020-08-25
9361114,riveting in groups,组铆法,,2020-08-25
9361115,riveting machine,铆接机,,2020-08-25
9361116,riveting pressure,铆接压力,,2020-08-25
9361117,riveting set,铆钉工具组,,2020-08-25
9361118,RO/RO {roll-on/roll-off}ship,驶上驶下船；滚装船；辘辘船,,2020-08-25
9361119,RO/RO access equipment,滚装通道设备,,2020-08-25
9361120,roaring,咆哮,,2020-08-25
9361121,roband,系帆[绳]索,,2020-08-25
9361122,robot,机器人；机器手,,2020-08-25
9361123,robot manipulator,机器人操作手,,2020-08-25
9361124,rock cutter,碎石船；碎石机；凿石器,,2020-08-25
9361125,rock wool,岩绵,,2020-08-25
9361126,rocker,摇杆,,2020-08-25
9361127,rocker arm,摇臂,,2020-08-25
9361128,rocker fulcrum shaft,摇杆支点轴,,2020-08-25
9361129,rocker keel,摇篮型木船龙骨,,2020-08-25
9361130,rocker keel line,纵挠龙骨线；弧形龙骨线,,2020-08-25
9361131,rocker mechanism,摇杆机构,,2020-08-25
9361132,rocker shaft,摇杆轴,,2020-08-25
9361133,rocker type boat,摇篮型船,,2020-08-25
9361134,rocker valve,摇杆阀,,2020-08-25
9361135,rocket apparatus,救生火箭设备,,2020-08-25
9361136,rocket launcher,火箭发射器；火箭发射装置,,2020-08-25
9361137,rocket line,[救生]火箭索；火箭[尾]索,,2020-08-25
9361138,rocket line box,救生索箱,,2020-08-25
9361139,rocket mount,火箭发射架,,2020-08-25
9361140,rocket parachute flare,火箭式降落伞照明弹,,2020-08-25
9361141,rocket signal,火箭信号,,2020-08-25
9361142,rocket socket,火箭信号弹发射座,,2020-08-25
9361143,rocking bar,摇杆,,2020-08-25
9361144,rocking lever,摇杆,,2020-08-25
9361145,rocking lever shaft,摇杆轴,,2020-08-25
9361146,rocking shaft,摇轴,,2020-08-25
9361147,Rockwell hardness test,洛氏硬度试验,,2020-08-25
9361148,rod,杆；棒,,2020-08-25
9361149,rod bolt,两头螺纹螺栓,,2020-08-25
9361150,rodent,鼠害,,2020-08-25
9361151,roll,横摇；轧辊；卷,,2020-08-25
9361152,roll attitude,横摇姿态,,2020-08-25
9361153,roll bar,轧条,,2020-08-25
9361154,roll damping,横摇阻尼,,2020-08-25
9361155,roll fender,圆碰垫,,2020-08-25
9361156,roll forming,辊压型成,,2020-08-25
9361157,roll frequency,横摇频率,,2020-08-25
9361158,roll hatch cover,卷动[式]舱口盖,,2020-08-25
9361159,roll natural frequency,横摇自然频率,,2020-08-25
9361160,roll number,轧钢号码；辊轧号数,,2020-08-25
9361161,roll set,肋线模板,,2020-08-25
9361162,roll stowing hatch cover,滚动收放式舱盖,,2020-08-25
9361163,roll template,肋线模板,,2020-08-25
9361164,roll welding,滚动焊接,,2020-08-25
9361165,roll-damping fin,减横摇鳍,,2020-08-25
9361166,rolled iron,轧铁,,2020-08-25
9361167,rolled material,辊轧材料,,2020-08-25
9361168,rolled steel,轧钢,,2020-08-25
9361169,rolled tube,轧管,,2020-08-25
9361170,roller,滚子；辊子；转轴,,2020-08-25
9361171,roller bearing,滚子轴承,,2020-08-25
9361172,roller bitt,滚子系桩；滚子系柱,,2020-08-25
9361173,roller bracket,滚子支架,,2020-08-25
9361174,roller cam,滚子凸轮,,2020-08-25
9361175,roller chain,滚子链,,2020-08-25
9361176,roller chock,滚子导素器,,2020-08-25
9361177,roller clearance,滚子间隙,,2020-08-25
9361178,roller conveyer,滚子输送机,,2020-08-25
9361179,roller fair-leader,滚子导索器,,2020-08-25
9361180,roller launching,滚子下水,,2020-08-25
9361181,roller painting,滚轮式涂漆,,2020-08-25
9361182,roller path,滚道,,2020-08-25
9361183,roller plate,滚板,,2020-08-25
9361184,roller seat,滚子座,,2020-08-25
9361185,roller stand,滚子架,,2020-08-25
9361186,roller tube expander,滚子扩管器,,2020-08-25
9361187,rolling,[船身]横摇；轧,,2020-08-25
9361188,rolling angle,横摇角,,2020-08-25
9361189,rolling bearing,滚动轴承,,2020-08-25
9361190,rolling bridge,滚动式门形起重机架,,2020-08-25
9361191,rolling caisson,滚动坞门,,2020-08-25
9361192,rolling cargo,滚装货,,2020-08-25
9361193,rolling center,横摇中心,,2020-08-25
9361194,rolling chock,【舟必】龙骨；防动撑座,,2020-08-25
9361195,rolling cone,滚锥,,2020-08-25
9361196,rolling damping,横摇阻尼,,2020-08-25
9361197,rolling experiment,横摇试验,,2020-08-25
9361198,rolling hatch cover,滚动[式]舱口盖,,2020-08-25
9361199,rolling indicator,横摇指示器,,2020-08-25
9361200,rolling load,滚动载荷；横摇载荷,,2020-08-25
9361201,rolling machine,辊轧机,,2020-08-25
9361202,rolling mill,辊轧厂；辊轧机,,2020-08-25
9361203,rolling moment,横摇力矩,,2020-08-25
9361204,rolling motion,横摇运动；滚动,,2020-08-25
9361205,rolling period,横摇周期,,2020-08-25
9361206,rolling rate,横摇角速率,,2020-08-25
9361207,rolling recorder,横摇记录器,,2020-08-25
9361208,rolling resistance,横摇阻力；滚动阻力,,2020-08-25
9361209,rolling sea,长浪；滚浪,,2020-08-25
9361210,rolling stay,抗摇支撑；止动牵条{锅炉},,2020-08-25
9361211,rolling velocity,横摇速度,,2020-08-25
9361212,roll-on/roll-off ferry,驶上驶下渡船,,2020-08-25
9361213,roll-on/roll-off ship,驶上驶下船；滚装船；辘辘船,,2020-08-25
9361214,roll-on/roll-off vessel,滚装船；驶上驶下船,,2020-08-25
9361215,roll-up,卷起；卷叠；滚上；累积,,2020-08-25
9361216,ROM {read only memory},唯读记忆体,,2020-08-25
9361217,roof bow,[货柜]顶梁,,2020-08-25
9361218,room,房间；舱；室；库,,2020-08-25
9361219,rooster-tail,艉急流；咆哮艉流{快艇螺桨激起的浪花},,2020-08-25
9361220,root,根,,2020-08-25
9361221,root bend,根[缝]弯[曲],,2020-08-25
9361222,root bend test,根弯试验,,2020-08-25
9361223,root bracket,根部肘板,,2020-08-25
9361224,root cavitation,根部空蚀；根部空泡；叶根空化,,2020-08-25
9361225,root chord,根弦,,2020-08-25
9361226,root crack,根部龟裂,,2020-08-25
9361227,root edge,根缘{銲接}；齿根缘,,2020-08-25
9361228,root face,根面{銲接}；齿根面,,2020-08-25
9361229,root gap,根隙{銲接}；齿根隙,,2020-08-25
9361230,root mean square value,均方根值,,2020-08-25
9361231,root mean square velocity,均方根速度,,2020-08-25
9361232,root pass,初层銲道,,2020-08-25
9361233,root peneration,根[部]深透,,2020-08-25
9361234,root radius,根[部]半径,,2020-08-25
9361235,root running,背面銲接,,2020-08-25
9361236,root thickness,叶根厚度,,2020-08-25
9361237,root ventilation,叶根充气,,2020-08-25
9361238,root vortex,叶根涡漩；叶根涡；桨毂涡,,2020-08-25
9361239,root-cooled blade,根[部]冷[却]叶片,,2020-08-25
9361240,Roots blower,鲁氏鼓风机,,2020-08-25
9361241,Roots pump,鲁氏泵,,2020-08-25
9361242,ROP {rate of penetration},穿透率,,2020-08-25
9361243,rope,索；绳；缆,,2020-08-25
9361244,rope belt,索带,,2020-08-25
9361245,rope chute,[绞车]缆索槽,,2020-08-25
9361246,rope clamp,索夹,,2020-08-25
9361247,rope clip,索夹,,2020-08-25
9361248,rope fender,绳碰垫,,2020-08-25
9361249,rope guard,护索设施,,2020-08-25
9361250,rope ladder,绳梯；软梯,,2020-08-25
9361251,rope maker,索工,,2020-08-25
9361252,rope maker's winch,制索机；制绳机,,2020-08-25
9361253,rope packing,绳迫紧；绳索填料,,2020-08-25
9361254,rope reel,绳索卷盘；卷索盘,,2020-08-25
9361255,rope roller,导索滚子,,2020-08-25
9361256,rope sheave,绳槽轮,,2020-08-25
9361257,rope socket,索接头；接索件,,2020-08-25
9361258,rope stop,制索器,,2020-08-25
9361259,rope stopper,制索器,,2020-08-25
9361260,rope storage reel,缆索卷车,,2020-08-25
9361261,ropeless linkage,无缆系结装置,,2020-08-25
9361262,ro-ro/trailer vessel,滚装/拖车船,,2020-08-25
9361263,rose,[吸水管末端的]滤器；莲蓬头；[罗经的]刻度盘；玫瑰图,,2020-08-25
9361264,rose box,眼板箱；【舟必】水过滤箱,,2020-08-25
9361265,rot,腐朽{木材},,2020-08-25
9361266,rotameter,浮沉流量计,,2020-08-25
9361267,rotary air pump,旋转式空气泵；回转空气泵,,2020-08-25
9361268,rotary blower,回转式通风机；回转式增压器,,2020-08-25
9361269,rotary burner,旋转式燃烧器,,2020-08-25
9361270,rotary compressor,旋转式压缩机,,2020-08-25
9361271,rotary converter,旋转[式]换流机；旋转式输送机；带式输送机,,2020-08-25
9361272,rotary cut veneer,旋制薄木片；旋制层板,,2020-08-25
9361273,rotary engine,旋缸引擎；旋转[式]引擎,,2020-08-25
9361274,rotary heel block,转动尾墩,,2020-08-25
9361275,rotary loop antenna,旋转环形天线,,2020-08-25
9361276,rotary pump,旋转式泵,,2020-08-25
9361277,rotary scavenging valve,旋转式驱气阀；转动驱气阀,,2020-08-25
9361278,rotary sheeve valve,转筒阀,,2020-08-25
9361279,rotary transformer,旋转变压器；同步变压器,,2020-08-25
9361280,rotary valve,转阀,,2020-08-25
9361281,rotary vane,转叶,,2020-08-25
9361282,rotary vane pump,转叶泵,,2020-08-25
9361283,rotary vane steering gear,转翼式操舵装置,,2020-08-25
9361284,rotary-cup burner,旋杯式燃烧器,,2020-08-25
9361285,rotary-drum regenerator,转筒式再生热交换器,,2020-08-25
9361286,rotating arm basin,旋臂水槽,,2020-08-25
9361287,rotating arm test,[船模]强制回旋；试验回旋臂试验,,2020-08-25
9361288,rotating bending fatigue machine,旋转弯曲疲劳试验机,,2020-08-25
9361289,rotating blade,转动叶片,,2020-08-25
9361290,rotating cap,旋转盖,,2020-08-25
9361291,rotating cylinder rudder,转柱舵,,2020-08-25
9361292,rotating field,旋转磁场,,2020-08-25
9361293,rotating guide vane,转动导流叶片,,2020-08-25
9361294,rotating mass,转动质量,,2020-08-25
9361295,rotating velocity,[回]转速[度]；旋转速度,,2020-08-25
9361296,rotation value,转值,,2020-08-25
9361297,rotational viscosimeter,旋转式黏度计,,2020-08-25
9361298,rotor,转子,,2020-08-25
9361299,rotor blade,转子叶片,,2020-08-25
9361300,rotor bollard,转柱系缆桩；转子系缆桩,,2020-08-25
9361301,rotor drum,转子筒{涡轮机},,2020-08-25
9361302,rotor shaft,转子轴,,2020-08-25
9361303,rotor ship,转筒[风力]船,,2020-08-25
9361304,rotor spindle,转子轴,,2020-08-25
9361305,rotor vane,转子叶片,,2020-08-25
9361306,rotor wheel,转子轮,,2020-08-25
9361307,rotor winding,转子绕组,,2020-08-25
9361308,rough arrangement,概略布置图,,2020-08-25
9361309,rough material,毛料；粗制材料,,2020-08-25
9361310,rough sea,狂浪；大浪{四级浪},,2020-08-25
9361311,rough water,汹涛海面,,2020-08-25
9361312,rough water resistance,汹涛阻力,,2020-08-25
9361313,roughened surface,粗化表面,,2020-08-25
9361314,roughness,粗糙度,,2020-08-25
9361315,roughness allowance,粗糙裕度,,2020-08-25
9361316,roughness coefficient,粗糙[度]系数,,2020-08-25
9361317,roughness height,粗糙度值,,2020-08-25
9361318,roughness resistance,粗面阻力,,2020-08-25
9361319,rough-tree rail,舷墙顶栏杆,,2020-08-25
9361320,rough-turn inspection,粗车检查,,2020-08-25
9361321,round bar,圆杆；圆条,,2020-08-25
9361322,round bar davit,圆柱吊架,,2020-08-25
9361323,round bilge,圆【舟必】,,2020-08-25
9361324,round bilge hull,圆【舟必】型船体,,2020-08-25
9361325,round boiler,筒形锅炉,,2020-08-25
9361326,round bottom,圆[船]底,,2020-08-25
9361327,round file,圆锉,,2020-08-25
9361328,round gunnel,圆形舷缘,,2020-08-25
9361329,round head grooved bolt,圆头槽螺栓,,2020-08-25
9361330,round of beam,梁拱高；梁弧高,,2020-08-25
9361331,round of bilge,【舟必】圆部,,2020-08-25
9361332,round stern,圆形艉,,2020-08-25
9361333,round-bilge boat,圆[屳]船,,2020-08-25
9361334,round-bottom boat,圆底船,,2020-08-25
9361335,rounded chine,圆【舟必】,,2020-08-25
9361336,rounded gunwale,弧形舷缘；圆弧舷缘,,2020-08-25
9361337,roundhaul netter,围网渔船,,2020-08-25
9361338,roundhouse,后甲板室；艏上甲板厕所,,2020-08-25
9361339,rounding off,舍入{数值}；修缘,,2020-08-25
9361340,round-tuck stern,圆底平艉,,2020-08-25
9361341,round-up of beam,梁弧高；梁拱高,,2020-08-25
9361342,route indicator,航向指示器,,2020-08-25
9361343,route of escape,逃生路径,,2020-08-25
9361344,routine check,日常检查；例行检查,,2020-08-25
9361345,rove,垫片,,2020-08-25
9361346,roving,纱束,,2020-08-25
9361347,roving cloth,纱束布,,2020-08-25
9361348,row,列；划[船],,2020-08-25
9361349,row boat,划桨船,,2020-08-25
9361350,row of rivet,铆钉行；铆钉排,,2020-08-25
9361351,rowboat,划桨船,,2020-08-25
9361352,rowing regatta,划艇比赛,,2020-08-25
9361353,rowing vessel,划船,,2020-08-25
9361354,rowlock,桨架,,2020-08-25
9361355,rowlock bolster,小艇舷缘支持制水板之小木块；桨架支承,,2020-08-25
9361356,rowlock cheek,桨叉座,,2020-08-25
9361357,rowlock chock,桨架座,,2020-08-25
9361358,royal backstay,顶桅支索,,2020-08-25
9361359,royal clew line,顶桅绞帆,,2020-08-25
9361360,royal lift,顶桅帆桁吊索；顶帆吊扬索,,2020-08-25
9361361,royal mast,顶桅,,2020-08-25
9361362,royal sail,顶桅帆,,2020-08-25
9361363,royal stay,顶桅支索,,2020-08-25
9361364,royal studding-sail boom,顶桅翼帆驶帆杆,,2020-08-25
9361365,royal yard,顶桅帆桁；最上桅桁,,2020-08-25
9361366,RPM {= revolution per minute},每分钟转数,,2020-08-25
9361367,rpm indicator,转速计,,2020-08-25
9361368,RT {radiographic testing},放射线透过检查,,2020-08-25
9361369,rubber,橡皮；橡胶,,2020-08-25
9361370,rubber boat,橡皮艇,,2020-08-25
9361371,rubber buffer,橡胶缓冲器,,2020-08-25
9361372,rubber bumper,橡胶缓冲器；橡胶减震器,,2020-08-25
9361373,rubber dinghy,橡皮舟,,2020-08-25
9361374,rubber fender,橡皮碰垫,,2020-08-25
9361375,rubber hose,橡皮软管,,2020-08-25
9361376,rubber insulated cable,橡胶绝缘电缆,,2020-08-25
9361377,rubber lining shaft,衬橡胶轴,,2020-08-25
9361378,rubber mat,橡皮垫,,2020-08-25
9361379,rubber mount,橡胶减振座,,2020-08-25
9361380,rubber packing,橡皮迫紧,,2020-08-25
9361381,rubber strake,橡皮护舷带；气垫船之橡皮导流带,,2020-08-25
9361382,rubber tile,橡皮地砖,,2020-08-25
9361383,rubber tube,橡皮管,,2020-08-25
9361384,rubber washer,橡皮垫圈,,2020-08-25
9361385,rubber-covered wire,胶皮线；橡胶绝缘线,,2020-08-25
9361386,rubber-in-shear mounting,抗剪橡胶减振座,,2020-08-25
9361387,rubberized dredge pump,胶衬泥泵,,2020-08-25
9361388,rubbing keel,龙骨耐摩护板,,2020-08-25
9361389,rubbing strake,防擦板；耐摩板,,2020-08-25
9361390,rubbish chute,垃圾滑槽,,2020-08-25
9361391,rubbish shoot,垃圾斜槽,,2020-08-25
9361392,rudder,舵,,2020-08-25
9361393,rudder angle,舵角,,2020-08-25
9361394,rudder angle indicator,舵角指示器,,2020-08-25
9361395,rudder angle repeater,舵角复示器,,2020-08-25
9361396,rudder area,舵面积,,2020-08-25
9361397,rudder area ratio,舵面积比,,2020-08-25
9361398,rudder arm,舵臂；舵肋,,2020-08-25
9361399,rudder aspect ratio,舵展弦比,,2020-08-25
9361400,rudder axle,舵轴,,2020-08-25
9361401,rudder balance area ratio,舵平衡面积比,,2020-08-25
9361402,rudder band,舵臂；舵肋,,2020-08-25
9361403,rudder bearing,舵轴承,,2020-08-25
9361404,rudder blade,舵叶,,2020-08-25
9361405,rudder body,舵叶；舵板,,2020-08-25
9361406,rudder brace,舵承,,2020-08-25
9361407,rudder bracing wire,舵拉索,,2020-08-25
9361408,rudder bracket,甲板舵止器,,2020-08-25
9361409,rudder brake,舵韧；舵制动器；制舵器,,2020-08-25
9361410,rudder bush,舵承钮衬套,,2020-08-25
9361411,rudder cap,舵帽,,2020-08-25
9361412,rudder carrier,舵承,,2020-08-25
9361413,rudder case,舵杆围箱道,,2020-08-25
9361414,rudder casing,舵杆箱道,,2020-08-25
9361415,rudder cavitation,舵空化,,2020-08-25
9361416,rudder chain,舵链,,2020-08-25
9361417,rudder chock,甲板舵止器,,2020-08-25
9361418,rudder coupling,舵颈接头,,2020-08-25
9361419,rudder cross-head,舵十字头,,2020-08-25
9361420,rudder effect,舵效,,2020-08-25
9361421,rudder effectiveness test,舵效试验,,2020-08-25
9361422,rudder eye,舵杆环首螺栓,,2020-08-25
9361423,rudder fin,舵翅,,2020-08-25
9361424,rudder force,舵力,,2020-08-25
9361425,rudder force character,舵力特性,,2020-08-25
9361426,rudder frame,舵肋,,2020-08-25
9361427,rudder gear,舵装置,,2020-08-25
9361428,rudder gudgeon,舵针承；轴承,,2020-08-25
9361429,rudder head,上部舵杆；舵头材,,2020-08-25
9361430,rudder hinge,舵合叶,,2020-08-25
9361431,rudder horn,半悬舵承架,,2020-08-25
9361432,rudder lock pintle,止舵针,,2020-08-25
9361433,rudder lower stock,下部舵杆,,2020-08-25
9361434,rudder main piece,舵叶主构体,,2020-08-25
9361435,rudder offsets,舵型座标,,2020-08-25
9361436,rudder pendant,栓舵链短钢索,,2020-08-25
9361437,rudder pendant chain,应急舵链,,2020-08-25
9361438,rudder pintle,舵针,,2020-08-25
9361439,rudder pintle strap,舵针衬条,,2020-08-25
9361440,rudder pit,舵坑,,2020-08-25
9361441,rudder plan,舵图,,2020-08-25
9361442,rudder plate,舵板,,2020-08-25
9361443,rudder post,舵柱,,2020-08-25
9361444,rudder pressure,舵压,,2020-08-25
9361445,rudder pressure center,舵压力中心,,2020-08-25
9361446,rudder propeller,导罩舵螺桨,,2020-08-25
9361447,rudder quadrant,扇形舵柄,,2020-08-25
9361448,rudder skeg,舵式艉鳍,,2020-08-25
9361449,rudder stay,舵臂；舵肋,,2020-08-25
9361450,rudder stock,舵杆,,2020-08-25
9361451,rudder stock liner,舵杆衬套,,2020-08-25
9361452,rudder stopper,舵止器；制舵器；制舵止器,,2020-08-25
9361453,rudder strut,舵板支柱,,2020-08-25
9361454,rudder stuffing box,舵填料函,,2020-08-25
9361455,rudder telltale,舵角指示器,,2020-08-25
9361456,rudder tiller,舵柄,,2020-08-25
9361457,rudder torque,舵转矩,,2020-08-25
9361458,rudder trunk,舵杆箱道,,2020-08-25
9361459,rudder trunk collar,舵颈圈,,2020-08-25
9361460,rudder upper stock,上部舵杆；舵头材,,2020-08-25
9361461,rudder vang,应急舵链,,2020-08-25
9361462,rudder well,舵坑{干坞}舵坑围井{船坞},,2020-08-25
9361463,rudder wheel,舵轮,,2020-08-25
9361464,rudder yoke,舵轭；横舵柄,,2020-08-25
9361465,rudder-post stop,舵柱止舵器,,2020-08-25
9361466,rule in force,现行规范,,2020-08-25
9361467,rule of thumb,经验概估法,,2020-08-25
9361468,ruled surface,直纹曲面,,2020-08-25
9361469,rules,规则；规范,,2020-08-25
9361470,run,艉出水段；航行；航程；銲道,,2020-08-25
9361471,run out,偏转；溢流,,2020-08-25
9361472,run terminal value,出流段端点切线比值,,2020-08-25
9361473,runabout,小型马达艇,,2020-08-25
9361474,rung,梯级,,2020-08-25
9361475,runner,转子；导轮；叶轮；快速船；滑车动索,,2020-08-25
9361476,runner boat,赛艇,,2020-08-25
9361477,running,运转,,2020-08-25
9361478,running balance test,运转中平衡试验,,2020-08-25
9361479,running block,动滑车,,2020-08-25
9361480,running board,布线板,,2020-08-25
9361481,running boat,联络艇,,2020-08-25
9361482,running bowsprit,[活套]伸缩式艏斜桅,,2020-08-25
9361483,running cost,运航成本,,2020-08-25
9361484,running fit,运转配合；可动配合,,2020-08-25
9361485,running in,适配运转；并入运转,,2020-08-25
9361486,running light,航行灯,,2020-08-25
9361487,running line,盘卷外送缆,,2020-08-25
9361488,running mooring,前进一字双锚泊,,2020-08-25
9361489,running repair,坞外修理；岸边修理；一般修理,,2020-08-25
9361490,running rigging,动索,,2020-08-25
9361491,running stores,消耗品；航行消耗品,,2020-08-25
9361492,running survey,舵行中检验,,2020-08-25
9361493,running trial,运转试验,,2020-08-25
9361494,running trim,航行俯仰,,2020-08-25
9361495,running wheel,传动轮,,2020-08-25
9361496,running wire,动[索]钢索,,2020-08-25
9361497,running-in bowsprit,[插入式]伸缩艏斜桅,,2020-08-25
9361498,run-off,流出量,,2020-08-25
9361499,run-through change gear,级进变速装置,,2020-08-25
9361500,rupture test,破裂试验,,2020-08-25
9361501,rust,锈,,2020-08-25
9361502,rust blister,锈泡,,2020-08-25
9361503,rust joint,锈接合；锈接头,,2020-08-25
9361504,rust preventive oil,防锈油,,2020-08-25
9361505,rustic joint,粗接,,2020-08-25
9361506,rustless steel,不锈钢,,2020-08-25
9361507,rustproof,防锈,,2020-08-25
9361508,rustproof graduated drinking vessel,有刻度防锈饮器,,2020-08-25
9361509,Sabathe cycle,定压定容混式循环{柴油机}；沙巴得循环,,2020-08-25
9361510,sack storage,袋货储存区{钻油船},,2020-08-25
9361511,sacrificial anode,阳极耗蚀,,2020-08-25
9361512,saddle,护管铁[电缆]；鞍台；支架；支座,,2020-08-25
9361513,saddle back,煤舱口下中线斜板,,2020-08-25
9361514,saddle chamber,鞍型舱,,2020-08-25
9361515,saddle hatchway,鞍型舱口,,2020-08-25
9361516,saddle pendant,鞍座垂索,,2020-08-25
9361517,saddle preventer,鞍座辅索,,2020-08-25
9361518,saddle strap,鞍型托板{下水}；散装货,,2020-08-25
9361519,saddle tank,鞍型舱,,2020-08-25
9361520,saddle trolley,鞍座滑车,,2020-08-25
9361521,saddle winch,鞍座绞机,,2020-08-25
9361522,safe voltage,安全电压,,2020-08-25
9361523,safe water level,安全水位,,2020-08-25
9361524,safe working load,安全使用负荷,,2020-08-25
9361525,safety alarm,安全警报器,,2020-08-25
9361526,safety and healthy control,安全卫生管制,,2020-08-25
9361527,safety bolt,安全螺栓；防松螺栓,,2020-08-25
9361528,safety buoyancy,安全浮力；预留浮力,,2020-08-25
9361529,safety cap,安全盖,,2020-08-25
9361530,safety certificate,安全证书,,2020-08-25
9361531,safety chain,安全链；备用链,,2020-08-25
9361532,safety collar,安全圈,,2020-08-25
9361533,safety construction certificate,安全构造证书,,2020-08-25
9361534,safety current,安全电流,,2020-08-25
9361535,safety cutout circuit,安全断开电路,,2020-08-25
9361536,safety device,安全装置,,2020-08-25
9361537,safety equipment certificate,安全设备证书,,2020-08-25
9361538,safety factor,安全系数,,2020-08-25
9361539,safety flap,安全瓣；安全挡板,,2020-08-25
9361540,safety gap,安全间隙,,2020-08-25
9361541,safety glass,安全玻璃,,2020-08-25
9361542,safety hardener,安全固化剂,,2020-08-25
9361543,safety hook,安全钩,,2020-08-25
9361544,safety lamp,安全灯,,2020-08-25
9361545,safety line,安全索,,2020-08-25
9361546,safety load,安全载重；安全负荷,,2020-08-25
9361547,Safety Management Certificate {=SMC},安全管理证书,,2020-08-25
9361548,safety management system,安全管理系统,,2020-08-25
9361549,safety margin,安全余裕,,2020-08-25
9361550,safety measure,安全措施,,2020-08-25
9361551,safety NET,安全通信网,,2020-08-25
9361552,safety pin,安全销,,2020-08-25
9361553,safety plug,安全插头,,2020-08-25
9361554,safety precaution,安全防护；安全守则,,2020-08-25
9361555,safety radio certificate,安全无线电证书,,2020-08-25
9361556,safety radiotelegraphy certificate,安全无线电报证书,,2020-08-25
9361557,safety radiotelephone certificate,安全无线电话证书,,2020-08-25
9361558,safety signal,安全信号,,2020-08-25
9361559,safety stay,安全牵条,,2020-08-25
9361560,safety stop,安全止挡,,2020-08-25
9361561,safety switch,安全开关,,2020-08-25
9361562,safety tank,安全水柜；调压柜{潜艇},,2020-08-25
9361563,safety trip,安全断路器,,2020-08-25
9361564,safety trip level,保安断路水准；事故防护安全限度,,2020-08-25
9361565,safety valve,安全阀,,2020-08-25
9361566,safety valve easing gear,安全阀手动开启装置,,2020-08-25
9361567,safety valve setting,安全阀设定,,2020-08-25
9361568,safety working load {=SWL},安全工作负荷,,2020-08-25
9361569,sagging,舯垂[现象],,2020-08-25
9361570,sagging condition,舯垂船况,,2020-08-25
9361571,sagging stress,舯垂应力,,2020-08-25
9361572,sagregated ballast tanker,专用压载舱,,2020-08-25
9361573,sail,帆；[潜艇]指挥室围壳,,2020-08-25
9361574,sail area,帆面积,,2020-08-25
9361575,sail boat,帆船,,2020-08-25
9361576,sail boom,[风帆]驶帆杆,,2020-08-25
9361577,sail cabin,帆具舱,,2020-08-25
9361578,sail locker,帆缆库,,2020-08-25
9361579,sail plan,帆图,,2020-08-25
9361580,sail tracks,滑道,,2020-08-25
9361581,sail training brig,训练帆船,,2020-08-25
9361582,sail yard,帆横桁,,2020-08-25
9361583,sailer,帆船；快速船,,2020-08-25
9361584,sailers chest,内务箱；衣箱,,2020-08-25
9361585,sail-hoop,帆环；桅环,,2020-08-25
9361586,sailing,[扬帆]航行,,2020-08-25
9361587,sailing boat,帆船,,2020-08-25
9361588,sailing canoe,附帆舟,,2020-08-25
9361589,sailing conditions,航行条件,,2020-08-25
9361590,sailing in ballast,压载航行,,2020-08-25
9361591,sailing permit,出航许可,,2020-08-25
9361592,sailing regatta,驶帆竞赛；快艇比赛,,2020-08-25
9361593,sailing ship,帆船,,2020-08-25
9361594,sailing thwart,敞船纵向桅座板,,2020-08-25
9361595,sailing vessel,帆船,,2020-08-25
9361596,sailing yacht,帆游艇,,2020-08-25
9361597,sailing yawl,小帆艇,,2020-08-25
9361598,sailing-motor yacht,机帆游艇,,2020-08-25
9361599,sailing-raft,帆筏,,2020-08-25
9361600,sailless sailing boat,无帆驶风船,,2020-08-25
9361601,sailmaker's palm,[帆缆工]顶针掌,,2020-08-25
9361602,sailor,水手；海员,,2020-08-25
9361603,sailor's chest,内务箱；衣箱,,2020-08-25
9361604,sailor's mess,餐室,,2020-08-25
9361605,SAL log,沙尔测程仪,,2020-08-25
9361606,salamander stove,烤箱,,2020-08-25
9361607,salinity indicator,盐度指示器,,2020-08-25
9361608,salinity-temperature-depth {=STD},盐度─水温─水深,,2020-08-25
9361609,salinometer,盐度计,,2020-08-25
9361610,salinometer cock,盐份计旋塞；盐度计旋塞,,2020-08-25
9361611,salmon boat,捕鲑渔船,,2020-08-25
9361612,salmon drifter,鲑流网渔船,,2020-08-25
9361613,saloon,大餐厅；客厅,,2020-08-25
9361614,salt brine,卤水；盐水,,2020-08-25
9361615,salt carrier,运盐船,,2020-08-25
9361616,salt water,盐[垢]水；海水,,2020-08-25
9361617,salting carrier,盐藏运搬船{木船},,2020-08-25
9361618,salvage,救难,,2020-08-25
9361619,salvage air valve,救难空气阀,,2020-08-25
9361620,salvage anchor,救助锚,,2020-08-25
9361621,salvage boat,救难船；救难艇,,2020-08-25
9361622,salvage lifting vessel,救捞船,,2020-08-25
9361623,salvage pump,救难泵,,2020-08-25
9361624,salvage ship,救难船,,2020-08-25
9361625,salvage vessel,救难船,,2020-08-25
9361626,salvage work,救难工作,,2020-08-25
9361627,sampan,舢板,,2020-08-25
9361628,sampling,抽样；取样,,2020-08-25
9361629,sampling frquency,抽样频率,,2020-08-25
9361630,sampling inspection,抽样检验,,2020-08-25
9361631,sampling line,取样管路,,2020-08-25
9361632,sampling platform,取样平台,,2020-08-25
9361633,samson post,吊杆柱,,2020-08-25
9361634,sand ballast,砂压载,,2020-08-25
9361635,sand blast,喷砂[除锈],,2020-08-25
9361636,sand blasting,喷砂,,2020-08-25
9361637,sand blasting process,喷砂除锈法,,2020-08-25
9361638,sand block,砂垫,,2020-08-25
9361639,sand blower,喷砂机；喷砂器,,2020-08-25
9361640,sand box,砂箱,,2020-08-25
9361641,sand carrier,砂石船,,2020-08-25
9361642,sand casting,砂模铸造,,2020-08-25
9361643,sand erosion,砂蚀,,2020-08-25
9361644,sand glass,砂时计；砂漏,,2020-08-25
9361645,sand molding,砂模造,,2020-08-25
9361646,sand pump dredger,[泵式]抽砂船,,2020-08-25
9361647,sand roughness,砂粒粗糙度,,2020-08-25
9361648,sand strake,龙骨翼板列,,2020-08-25
9361649,sand strip,砂带型激紊片,,2020-08-25
9361650,sand sucker,吸泥机；吸泥船,,2020-08-25
9361651,sand trap,砂阱{钻油船},,2020-08-25
9361652,sandalwood,檀[香]木,,2020-08-25
9361653,sandblasting machine,喷砂[除锈]机,,2020-08-25
9361654,sandblasting robot,喷砂机器手,,2020-08-25
9361655,sanding,砂磨打光,,2020-08-25
9361656,sand-jetting,喷砂[清洗法],,2020-08-25
9361657,sand-sucker,吸扬式挖砂船；砂泵,,2020-08-25
9361658,sandwich,夹芯结构,,2020-08-25
9361659,sandwich bulkhead,夹芯舱壁；三明治舱壁,,2020-08-25
9361660,sandwich construction,三明治结构；夹芯结构,,2020-08-25
9361661,sandwich molding,夹芯模制造,,2020-08-25
9361662,sanitary fixture,卫生设备,,2020-08-25
9361663,sanitary outfit,卫生舣装[品],,2020-08-25
9361664,sanitary pipe,卫生水管,,2020-08-25
9361665,sanitary pressure tank,压力卫生水柜,,2020-08-25
9361666,sanitary pump,卫生水泵,,2020-08-25
9361667,Sanitary Regulation,卫生规则,,2020-08-25
9361668,sanitary system,卫生系统,,2020-08-25
9361669,sanitary tank,卫生水柜,,2020-08-25
9361670,sanitary unit,卫生单元,,2020-08-25
9361671,sanitary water,卫生水,,2020-08-25
9361672,sanitary work,卫生工作,,2020-08-25
9361673,sapphire cap,[罗经]蓝宝石轴帽,,2020-08-25
9361674,sapwood,白质木；边材,,2020-08-25
9361675,SAR {= search and rescue},搜[索与]救[援],,2020-08-25
9361676,sash,窗框,,2020-08-25
9361677,sash door,滑门,,2020-08-25
9361678,sash window,上下滑窗,,2020-08-25
9361679,sate working load,安全使用负荷,,2020-08-25
9361680,satellite communication,卫星通信,,2020-08-25
9361681,satellite navigation,卫星航法,,2020-08-25
9361682,satellite navigation system,卫星导航系统,,2020-08-25
9361683,satin weave,缎织,,2020-08-25
9361684,saturate steam pressure,饱和蒸气压,,2020-08-25
9361685,saturated air,饱和空气,,2020-08-25
9361686,saturated steam,饱和蒸汽,,2020-08-25
9361687,saturated vapor,饱和蒸汽,,2020-08-25
9361688,saturation chamber,饱和潜水舱,,2020-08-25
9361689,saturation magnetisation,饱和磁化强度,,2020-08-25
9361690,saturation pressure,饱和压力,,2020-08-25
9361691,saturation remanent level,饱和剩余磁位准,,2020-08-25
9361692,saturation temperature,饱和温度,,2020-08-25
9361693,save oil pan,滴油盘,,2020-08-25
9361694,saw,锯,,2020-08-25
9361695,SAW {submerged arc welding},潜弧銲,,2020-08-25
9361696,saw dust,锯屑,,2020-08-25
9361697,saw mill,锯木场；锯工场,,2020-08-25
9361698,saw sharpener,锐锯机,,2020-08-25
9361699,Saybolt Furol Viscosimeter,赛波弗氏黏度计,,2020-08-25
9361700,Saybolt universal second {=SUS},赛波秒{黏度单位},,2020-08-25
9361701,Saybolt universal viscosimeter,赛波广用黏度计,,2020-08-25
9361702,Saybolt universal viscosity,赛氏通用黏度,,2020-08-25
9361703,SBM {single bouy mooring system},单点浮筒系泊系统,,2020-08-25
9361704,SBT {segregated ballast tank},隔离压载水舱,,2020-08-25
9361705,scaffie yawl,苏格兰单桅帆艇,,2020-08-25
9361706,scaffold,台架,,2020-08-25
9361707,scalar processor,纯量处理器,,2020-08-25
9361708,scale,水垢；锈皮；标尺；刻度；比例尺；秤,,2020-08-25
9361709,scale effect,尺度效应,,2020-08-25
9361710,scale plate,刻度板,,2020-08-25
9361711,scale ratio,尺度比,,2020-08-25
9361712,scale removal,除垢,,2020-08-25
9361713,scale-effect investigation,尺度效应研究,,2020-08-25
9361714,scaler,除鳞机,,2020-08-25
9361715,scaling bar,除锈棒,,2020-08-25
9361716,scaling hammer,除锈锤,,2020-08-25
9361717,scaling rate,锈蚀率,,2020-08-25
9361718,scallop,开孔,,2020-08-25
9361719,scallop boat,采扇贝艇,,2020-08-25
9361720,scalloped wheel,扇形轮,,2020-08-25
9361721,scanner,扫描器,,2020-08-25
9361722,scanning,扫描,,2020-08-25
9361723,scanning antenna,扫描天线,,2020-08-25
9361724,scanning circuit,扫描电路,,2020-08-25
9361725,scanning electron microscope  {=SEM},扫描电子显微镜,,2020-08-25
9361726,scanning frequency,扫描频[率],,2020-08-25
9361727,scanning sonar,扫瞄声纳,,2020-08-25
9361728,scanning velocity,扫描速度,,2020-08-25
9361729,scantling,船材尺寸；寸法,,2020-08-25
9361730,scantling draft,强度[计算]吃水,,2020-08-25
9361731,scantling draught,强度[计算]吃水,,2020-08-25
9361732,scantling length,[计算]船材尺寸船长,,2020-08-25
9361733,scantling number,寸法常数,,2020-08-25
9361734,scarf coupling,斜面联结器,,2020-08-25
9361735,scarf hook scarf,嵌接；嵌形；嵌口钩形嵌接,,2020-08-25
9361736,scarf joint,嵌接接头,,2020-08-25
9361737,scarf weld,嵌合锻接,,2020-08-25
9361738,scarfed butt,端嵌接；针对接,,2020-08-25
9361739,scarfing machine,嵌接机,,2020-08-25
9361740,scarph coupling,斜面联结器,,2020-08-25
9361741,scarphing machine,嵌接机,,2020-08-25
9361742,scattering wave,散射波,,2020-08-25
9361743,scavenge,驱气；扫气,,2020-08-25
9361744,scavenging,驱气；扫气,,2020-08-25
9361745,scavenging air belt,驱气道,,2020-08-25
9361746,scavenging air box,驱气箱,,2020-08-25
9361747,scavenging air manifold,驱气歧管,,2020-08-25
9361748,scavenging air port,驱气孔,,2020-08-25
9361749,scavenging air pump,驱气泵,,2020-08-25
9361750,scavenging air receiver,驱气箱；驱气接收器,,2020-08-25
9361751,scavenging blower,扫气鼓风机；驱气鼓风机,,2020-08-25
9361752,scavenging efficiency,驱气效率,,2020-08-25
9361753,scavenging port,驱气孔,,2020-08-25
9361754,scavenging pump,驱气泵,,2020-08-25
9361755,scavenging stroke,驱气冲程,,2020-08-25
9361756,scavenging valve,驱气阀,,2020-08-25
9361757,scavenging-compression stroke,驱气—压缩行程,,2020-08-25
9361758,SCC {stress corrosion cracking},应力腐蚀龟裂,,2020-08-25
9361759,scend,船体[为波]浪掀；波浪推力,,2020-08-25
9361760,scheduled repair,定期修理,,2020-08-25
9361761,schematic diagram,示意图,,2020-08-25
9361762,schematic drawing,示意图；略图,,2020-08-25
9361763,Schnorkel,潜艇通风筒；斯诺克,,2020-08-25
9361764,schoolship,训练船,,2020-08-25
9361765,schooner,双桅纵帆船,,2020-08-25
9361766,schooner brig,纵帆式双桅帆船,,2020-08-25
9361767,schooner guy,双吊杆顶间控索,,2020-08-25
9361768,schooner mast,纵帆船桅,,2020-08-25
9361769,schooner stay,双吊杆顶间牵索,,2020-08-25
9361770,schooner yacht,纵帆游艇,,2020-08-25
9361771,schooner yawl,双桅纵帆船,,2020-08-25
9361772,scoop,杓；铲,,2020-08-25
9361773,scoop circulating water system,自然式循环水系统,,2020-08-25
9361774,scoop shoe,[招]风斗,,2020-08-25
9361775,scoop valve,铲阀,,2020-08-25
9361776,scoop vane,通风斗[导向]翼；泥斗叶,,2020-08-25
9361777,scooter,平底赛船；滑航快艇；冰上水中两用帆船,,2020-08-25
9361778,scooter boat chesapeake,帆船；驶帆冰撬,,2020-08-25
9361779,scotch boiler,火管锅炉；苏格兰锅炉,,2020-08-25
9361780,scour coaming,挡泥堰墙{钻油船},,2020-08-25
9361781,scouring,海泥流失{钻油井},,2020-08-25
9361782,scout,侦察机；侦察舰,,2020-08-25
9361783,scow,平底船；渡船,,2020-08-25
9361784,scow bow,前倾平艏,,2020-08-25
9361785,scrap,废料,,2020-08-25
9361786,scrap iron,屑铁；废铁,,2020-08-25
9361787,scrap steel,废钢,,2020-08-25
9361788,scrape and touch up,刮锈补漆,,2020-08-25
9361789,scrape boat,[美国乞沙比克湾]捕蟹帆船,,2020-08-25
9361790,scraper,刮刀,,2020-08-25
9361791,scraper ring,刮油涨圈,,2020-08-25
9361792,scrapped ship,解体船,,2020-08-25
9361793,scrapped vessel,解体船,,2020-08-25
9361794,scrapping of bearing,轴承刮削,,2020-08-25
9361795,scrapping of propeller boss,螺毂孔研配,,2020-08-25
9361796,scrapping yard,拆船场；拆船厂,,2020-08-25
9361797,scrapyard,拆船场；废船解体厂；废料场,,2020-08-25
9361798,scratch,刮痕；划痕,,2020-08-25
9361799,scratch wire brush,钢丝刷,,2020-08-25
9361800,screen,帘幕；隔板；隔屏；筛,,2020-08-25
9361801,screen board,屏板；遮光板{舷灯},,2020-08-25
9361802,screen bulkhead,屏隔舱壁,,2020-08-25
9361803,screw,螺桨；螺钉；螺旋,,2020-08-25
9361804,screw aperture,螺桨拱,,2020-08-25
9361805,screw blade,螺叶,,2020-08-25
9361806,screw boat,螺桨船,,2020-08-25
9361807,screw bolt,螺栓,,2020-08-25
9361808,screw boss,螺[桨]毂,,2020-08-25
9361809,screw clamp,螺丝夹,,2020-08-25
9361810,screw conveyer,螺旋输送机,,2020-08-25
9361811,screw current,螺桨流,,2020-08-25
9361812,screw cutting machine,螺纹[切削]机,,2020-08-25
9361813,screw driver,螺丝起子,,2020-08-25
9361814,screw gear,螺旋齿轮,,2020-08-25
9361815,screw guard,螺桨护架,,2020-08-25
9361816,screw jack,螺旋千斤顶,,2020-08-25
9361817,screw log,转轮计程仪,,2020-08-25
9361818,screw machine,螺钉机；压螺纹机,,2020-08-25
9361819,screw pitch,螺桨节距；螺距,,2020-08-25
9361820,screw plug,螺旋塞,,2020-08-25
9361821,screw press,螺[旋]压机,,2020-08-25
9361822,screw propeller,螺[旋]桨,,2020-08-25
9361823,screw pump,螺[旋]泵,,2020-08-25
9361824,screw rudder,桨舵；转向螺桨,,2020-08-25
9361825,screw shaft,艉轴,,2020-08-25
9361826,screw ship,螺桨船,,2020-08-25
9361827,screw spanner,螺钉扳手,,2020-08-25
9361828,screw stay,螺旋牵条,,2020-08-25
9361829,screw stay bolt,螺旋拉条螺栓,,2020-08-25
9361830,screw steering gear,螺杆操舵装置,,2020-08-25
9361831,screw stopper,螺旋式制动器{锚炼}紧锚链扣,,2020-08-25
9361832,screw stud,无头螺桩,,2020-08-25
9361833,screw turn,螺丝刀；螺丝起子,,2020-08-25
9361834,screw valve,螺旋阀,,2020-08-25
9361835,screw vessel,螺桨[推进]船,,2020-08-25
9361836,screw vice,螺旋虎钳,,2020-08-25
9361837,screw wrench,活动扳手；螺钉扳手,,2020-08-25
9361838,screw-down non-return valve,螺旋止回阀,,2020-08-25
9361839,screw-down valve,螺旋关闭阀,,2020-08-25
9361840,screw-driven boat,螺桨推进船,,2020-08-25
9361841,screwed stay,螺旋牵条,,2020-08-25
9361842,screwed union,螺纹活管套节,,2020-08-25
9361843,screw-lift valve,螺旋提升阀,,2020-08-25
9361844,screw-type ventilator,轴流风机；螺桨式风机,,2020-08-25
9361845,scribe board,船体线图刻画台,,2020-08-25
9361846,scriber,划线针,,2020-08-25
9361847,scrieve board,船体线图刻画台,,2020-08-25
9361848,scrive knife,划线刀,,2020-08-25
9361849,scrubber,清除器；洗气器,,2020-08-25
9361850,scrubbing brush,甲板刷,,2020-08-25
9361851,SCUBA {self-contained underwater breathing apparatus},水肺,,2020-08-25
9361852,Scud missile,飞毛腿飞弹,,2020-08-25
9361853,scuffing,[气缸]拖磨,,2020-08-25
9361854,scull,单人桨艇；短桨；橹,,2020-08-25
9361855,scullery,洗涤槽,,2020-08-25
9361856,sculling boat,单人桨艇；摇橹船,,2020-08-25
9361857,sculling notch,橹座,,2020-08-25
9361858,sculptured surface,形雕面,,2020-08-25
9361859,scum blow off cock,浮滓吹泄旋塞,,2020-08-25
9361860,scum blow off valve,浮渣吹泄阀,,2020-08-25
9361861,scum dish,浮渣皿,,2020-08-25
9361862,scum pan,浮渣盆,,2020-08-25
9361863,scum valve,浮渣吹泄阀；锅炉上部排污[吹泄]阀,,2020-08-25
9361864,scupper,排水孔,,2020-08-25
9361865,scupper leather,排水孔挡皮,,2020-08-25
9361866,scupper pipe,排水管,,2020-08-25
9361867,scupper valve,排水阀,,2020-08-25
9361868,scuttle,舷窗；有盖孔,,2020-08-25
9361869,scuttle butt,饮水器,,2020-08-25
9361870,scuttle hatch cover,孔盖,,2020-08-25
9361871,scuttle washer,舷窗橡皮圈,,2020-08-25
9361872,SDC {submersible decompression chamber},潜水减压室,,2020-08-25
9361873,sea,海；浪,,2020-08-25
9361874,sea anchor,海锚；帆布制袋形锚,,2020-08-25
9361875,sea boat,应急救生艇,,2020-08-25
9361876,sea cabin,航行用住舱；备用舱,,2020-08-25
9361877,sea chest,海底门,,2020-08-25
9361878,sea chest cleaning valve,海底门清除阀,,2020-08-25
9361879,sea cock,海底旋塞；海底门,,2020-08-25
9361880,sea condition,海况；海面状态,,2020-08-25
9361881,sea connections,通海装置,,2020-08-25
9361882,sea data,海况资料,,2020-08-25
9361883,sea direction,浪向,,2020-08-25
9361884,sea labs,海上实验室{研究船},,2020-08-25
9361885,sea launching missile,海上发射[巡弋]飞弹,,2020-08-25
9361886,sea level,海平面,,2020-08-25
9361887,sea load,波浪负荷,,2020-08-25
9361888,sea margin {=SM},马力余裕,,2020-08-25
9361889,sea mile,海里；浬,,2020-08-25
9361890,sea mollusc,船蛆,,2020-08-25
9361891,sea protest,海难报告书,,2020-08-25
9361892,sea screen,舷护遮,,2020-08-25
9361893,sea scution,海水吸人口,,2020-08-25
9361894,sea scution valve,海水吸入阀；通海阀,,2020-08-25
9361895,sea speed,航海船速；营运船速,,2020-08-25
9361896,sea state,海况,,2020-08-25
9361897,sea stock,航海备品,,2020-08-25
9361898,sea stores,航海备品,,2020-08-25
9361899,sea suction,海水吸入口,,2020-08-25
9361900,sea suction valve,海水吸入阀；海底阀,,2020-08-25
9361901,sea surface bubble layer,海面气泡层,,2020-08-25
9361902,sea trial,[海上]试航；[海上]试伡,,2020-08-25
9361903,sea valve,海水阀,,2020-08-25
9361904,sea water,海水,,2020-08-25
9361905,sea water circulating pump,海水循环泵,,2020-08-25
9361906,sea water control valve,海水控制阀,,2020-08-25
9361907,sea water desalting plant,海水淡化装置,,2020-08-25
9361908,sea water distillate plant,海水蒸馏装置,,2020-08-25
9361909,sea water evaporator,海水蒸发器,,2020-08-25
9361910,sea water filter,海水滤器,,2020-08-25
9361911,sea water inlet,海水入口,,2020-08-25
9361912,sea water lubricated stern tube bearing,海水润滑艉轴管轴承,,2020-08-25
9361913,sea water pump,海水泵,,2020-08-25
9361914,sea water service system,海水系统,,2020-08-25
9361915,sea worm,船蛆,,2020-08-25
9361916,seabed,海床,,2020-08-25
9361917,seabed operation vessel,海底作业船,,2020-08-25
9361918,sea-born debris collecting ship,垃圾收集船,,2020-08-25
9361919,sea-diving boat,海上潜水工作船,,2020-08-25
9361920,seadrome,水上机场,,2020-08-25
9361921,seagoing capability,适航性能,,2020-08-25
9361922,seagoing capacity,适航性,,2020-08-25
9361923,seagoing qualities,航海性能,,2020-08-25
9361924,sea-going sailer,航海帆船,,2020-08-25
9361925,seagoing ship,海船；海轮；远洋船,,2020-08-25
9361926,seagoing tug,远洋拖船,,2020-08-25
9361927,seagoing vessel,远洋船；海船；海船；海轮,,2020-08-25
9361928,seakeeping,耐海性,,2020-08-25
9361929,seakeeping capability,耐波性；适航性能,,2020-08-25
9361930,seakeeping capacity,耐波性；适航性,,2020-08-25
9361931,seakeeping characteristics,[船舶]耐波性能,,2020-08-25
9361932,seakeeping operating envelope {=SOE},耐海性操作包络线,,2020-08-25
9361933,seakeeping performance,耐波性能,,2020-08-25
9361934,seakeeping performance criteria,耐海性能基准,,2020-08-25
9361935,seakeeping performance index {=SPI},耐海性能指标,,2020-08-25
9361936,seakeeping polar diagram,耐海性能极座标图,,2020-08-25
9361937,seakeeping quality,耐海性,,2020-08-25
9361938,seakeeping tank,耐海性试验水槽；耐波性试验水槽,,2020-08-25
9361939,seakeeping test,耐海性试验,,2020-08-25
9361940,seakindliness,凌波性,,2020-08-25
9361941,seal,封；封件,,2020-08-25
9361942,seal catcher,猎海豹船,,2020-08-25
9361943,seal leakage,封口泄漏,,2020-08-25
9361944,seal washer,密封垫圈,,2020-08-25
9361945,seal weld,防漏銲,,2020-08-25
9361946,sealed cabin,贵重货舱,,2020-08-25
9361947,sealed cell,密封电池,,2020-08-25
9361948,sealer,捕海豹船,,2020-08-25
9361949,seal-hunting boat,猎海豹船,,2020-08-25
9361950,sealift,海运,,2020-08-25
9361951,sealing,封闭,,2020-08-25
9361952,sealing adhesion,封闭粘剂,,2020-08-25
9361953,sealing bead,封口銲珠；封闭銲珠,,2020-08-25
9361954,sealing chamber,密封室；电缆终端套管,,2020-08-25
9361955,sealing compound,封闭剂,,2020-08-25
9361956,sealing steam system,汽封系统,,2020-08-25
9361957,sealing tape,封闭带,,2020-08-25
9361958,sealing water system,水封系统,,2020-08-25
9361959,seam,纵缘；缝,,2020-08-25
9361960,seam jig,接缝模具,,2020-08-25
9361961,seam welding,纵缝銲接,,2020-08-25
9361962,seam welding machine,缝銲机,,2020-08-25
9361963,seaman,海员；船员,,2020-08-25
9361964,seaman's head,船员厕所,,2020-08-25
9361965,seamanship,船艺,,2020-08-25
9361966,seaming,缝帆法,,2020-08-25
9361967,seamless boat,无缝结构艇,,2020-08-25
9361968,seamless tube,无缝管,,2020-08-25
9361969,seaplane,水上飞机,,2020-08-25
9361970,seaplane barge,飞机驳船,,2020-08-25
9361971,seaplane carrier,水上飞机基地；水上飞机母舰,,2020-08-25
9361972,seaplane tender,水上飞机勤务船,,2020-08-25
9361973,search and rescue boat,搜索救助艇,,2020-08-25
9361974,search and rescue radar transponder,搜救雷达询答机,,2020-08-25
9361975,search and rescue satellite system,搜救卫星系统,,2020-08-25
9361976,search and rescue vessel,搜救船,,2020-08-25
9361977,search boat,搜救艇,,2020-08-25
9361978,search circuit,搜索电路；探测电路,,2020-08-25
9361979,search coil,探索线圈,,2020-08-25
9361980,search light,探照灯,,2020-08-25
9361981,search vessel,搜索船,,2020-08-25
9361982,searcher,厚薄规；测隙规,,2020-08-25
9361983,searchlight,探照灯,,2020-08-25
9361984,season crack,干裂；季裂,,2020-08-25
9361985,seasonal tropical area,季节热带区,,2020-08-25
9361986,seasonal winter zone,季节冬期带,,2020-08-25
9361987,seasonal zone,季节区域；季节载重线区,,2020-08-25
9361988,seasoned timber,风干木材,,2020-08-25
9361989,seasoned wood,风干木材,,2020-08-25
9361990,seasoning,风干；季化；干燥,,2020-08-25
9361991,seat,底座；座位,,2020-08-25
9361992,seat ring,座环,,2020-08-25
9361993,seating,座,,2020-08-25
9361994,seating ring,座环,,2020-08-25
9361995,seaward defence boat,小型反潜艇；海防艇,,2020-08-25
9361996,seawater cell,海水电池,,2020-08-25
9361997,seaway,航路；航道；波浪航行,,2020-08-25
9361998,seaweed-harvesting vessel,海藻收捞船,,2020-08-25
9361999,seaworthiness,适航性,,2020-08-25
9362000,seaworthiness certificate,适航证书,,2020-08-25
9362001,seaworthy certificate,适航证书,,2020-08-25
9362002,secant modulus,正割模数,,2020-08-25
9362003,second,秒,,2020-08-25
9362004,second bower,左舷[大]锚,,2020-08-25
9362005,second deck,第二[层]甲板,,2020-08-25
9362006,second engineer,二管轮,,2020-08-25
9362007,second mate,二副,,2020-08-25
9362008,second operator,二等报务员,,2020-08-25
9362009,second saloon passenger,二等舱乘客,,2020-08-25
9362010,secondary barrier,次防壁{LNG船},,2020-08-25
9362011,secondary battery,蓄电池；二次电池,,2020-08-25
9362012,secondary boiler,备用锅炉；副锅炉,,2020-08-25
9362013,secondary bond,二次接著,,2020-08-25
9362014,secondary caviation,次生空化,,2020-08-25
9362015,secondary cell,蓄电池；二次电池,,2020-08-25
9362016,secondary circuit,二次电路,,2020-08-25
9362017,secondary cooling air,二次冷却空气,,2020-08-25
9362018,secondary distribution,二次配电,,2020-08-25
9362019,secondary flow,二次流,,2020-08-25
9362020,secondary insulation,外层绝热,,2020-08-25
9362021,secondary loss,次级损失,,2020-08-25
9362022,secondary member,次[要]构件,,2020-08-25
9362023,secondary pinion,二次小齿轮,,2020-08-25
9362024,secondary signal bridge,备用信号台,,2020-08-25
9362025,secondary source,次电源,,2020-08-25
9362026,secondary stress,次应力,,2020-08-25
9362027,secondary voltage,二次电压,,2020-08-25
9362028,secondary winding,二次绕组；次级绕组,,2020-08-25
9362029,second-class cabin,二等[客]舱,,2020-08-25
9362030,secret agent boat,特务船,,2020-08-25
9362031,secret block,暗滑车,,2020-08-25
9362032,section,剖面；截面；型材,,2020-08-25
9362033,section area curve,[横]剖面积曲线,,2020-08-25
9362034,section assembly,分段装配,,2020-08-25
9362035,section board,分电盘；分段配电板,,2020-08-25
9362036,section boiler,分节[式]锅炉,,2020-08-25
9362037,section box,分电箱,,2020-08-25
9362038,section header,组合管集箱；组合管头箱,,2020-08-25
9362039,section line,横剖面型线；横剖面型线图,,2020-08-25
9362040,section modulus,剖面模数,,2020-08-25
9362041,section steel,型钢,,2020-08-25
9362042,section switch,分段开关,,2020-08-25
9362043,sectional area,剖面积；截面积,,2020-08-25
9362044,sectional boiler,分节式锅炉,,2020-08-25
9362045,sectional floating drydock,分段浮坞,,2020-08-25
9362046,sectional iron,型铁；型钢,,2020-08-25
9362047,sectional method of hull construction,分段建造法,,2020-08-25
9362048,sectional view,剖视图；断面图,,2020-08-25
9362049,sectional-header boiler,分节管集箱锅炉,,2020-08-25
9362050,sector of light,号灯光弧,,2020-08-25
9362051,secure hand,扶手,,2020-08-25
9362052,securing arrangement,锁固装置,,2020-08-25
9362053,securing fitting,固定装具,,2020-08-25
9362054,sediment box,沉淀箱,,2020-08-25
9362055,sediment chamber,沉淀柜,,2020-08-25
9362056,seger cone,熔锥{高温计},,2020-08-25
9362057,segmental pivoted block,弓形支点推力轴承块,,2020-08-25
9362058,segregated ballast,隔离压舱水,,2020-08-25
9362059,segregated ballast tank  {=SBT},隔离压载水舱,,2020-08-25
9362060,segregated ballest,隔离压舱水,,2020-08-25
9362061,segregation,隔离；隔离舱组{油轮},,2020-08-25
9362062,seine boat,围网渔船,,2020-08-25
9362063,seine roller,围网绞收滚筒,,2020-08-25
9362064,seine-net fishing boat,围网渔船,,2020-08-25
9362065,seiner,围网渔船；巾著网渔船,,2020-08-25
9362066,seizing,熔执；扎缚；刮痕,,2020-08-25
9362067,seizing line,结扎索,,2020-08-25
9362068,seizing rope,扎用麻绳,,2020-08-25
9362069,seizing wire,扎用钢丝,,2020-08-25
9362070,selectable superheat boiler,可调过热蒸汽锅炉,,2020-08-25
9362071,selective corrosion,选择腐蚀,,2020-08-25
9362072,selective switch,选择开关,,2020-08-25
9362073,selector valve,选择阀,,2020-08-25
9362074,selenium rectifier,硒整流器,,2020-08-25
9362075,self elevating platform  {=SEP},升降式平台,,2020-08-25
9362076,self elevation drilling unit,自动升降式钻油台,,2020-08-25
9362077,self elevation platform,自动升降式平台,,2020-08-25
9362078,self inspection,自行检查,,2020-08-25
9362079,self noise,本身噪音,,2020-08-25
9362080,self seal coupling,自封联结器,,2020-08-25
9362081,self trimming collier,自动均载煤船；自动调平煤船,,2020-08-25
9362082,self venting,自通气,,2020-08-25
9362083,self-acting lubricator,自动润滑器,,2020-08-25
9362084,self-acting valve,自动阀,,2020-08-25
9362085,self-activating smoke signal,自动[发]烟[信]号,,2020-08-25
9362086,self-aligning ball bearing,自动对位滚珠轴承,,2020-08-25
9362087,self-balanced flat slide valve,自动平衡平滑阀,,2020-08-25
9362088,self-balanced flat valve,自动平衡平座阀,,2020-08-25
9362089,self-baling boat,自排水救生艇,,2020-08-25
9362090,self-checking function,自校功能,,2020-08-25
9362091,self-cleaning type oil purifier,自动式净油机,,2020-08-25
9362092,self-closing cock,自闭旋塞,,2020-08-25
9362093,self-closing stop valve,自闭停止阀；自锁闭阀,,2020-08-25
9362094,self-closing valve,自闭阀,,2020-08-25
9362095,self-contained air support system,自供空气[支援]系统,,2020-08-25
9362096,self-contained boiler,自备全套锅炉,,2020-08-25
9362097,self-contained breathing apparatus,自给式呼吸器,,2020-08-25
9362098,self-contained compressed air-operated breathing apparatus,自给式压缩空气操作呼吸器,,2020-08-25
9362099,self-contained turbogenerator,自足式涡轮发电机,,2020-08-25
9362100,self-contained underwater breathing apparatus {=SCUBA},水肺,,2020-08-25
9362101,self-cooling vane,自冷叶片,,2020-08-25
9362102,self-defence ship,自卫舰,,2020-08-25
9362103,self-discharge bulk carrier,自卸式散装货船,,2020-08-25
9362104,self-docking dock,[可]分段[进本坞]浮坞,,2020-08-25
9362105,self-draining cockpit,自动泄水艇艉凹舱,,2020-08-25
9362106,self-elevating boat,自升式工作船,,2020-08-25
9362107,self-elevating unit,自升式平台,,2020-08-25
9362108,self-emptying installation,抽舱排泥装置,,2020-08-25
9362109,self-excited circuit,自激电路,,2020-08-25
9362110,self-excited generator,自激式发电机,,2020-08-25
9362111,self-extinguishing resin,自熄性树脂,,2020-08-25
9362112,self-ignition engine,压燃式引擎,,2020-08-25
9362113,self-ignition light,自燃信号灯,,2020-08-25
9362114,self-induced velocity,自诱导速度,,2020-08-25
9362115,self-inflating life raft,自动膨胀救生筏,,2020-08-25
9362116,self-igniting buoy light,[救生圈]自燃灯,,2021-10-30
9362117,self-lighting type,自动照明型,,2020-08-25
9362118,self-lubricating bearing,自润轴承,,2020-08-25
9362119,self-operated control,自力控制,,2020-08-25
9362120,self-pitch propeller,自调螺距螺桨,,2020-08-25
9362121,self-polishing anti-fouling paint,自磨光防污漆,,2020-08-25
9362122,self-polishing copolymer {=SPC} anti-fouling paint,自抛光防污漆；自磨型防污漆,,2020-08-25
9362123,self-priming,自动注入,,2020-08-25
9362124,self-priming pump,自注泵,,2020-08-25
9362125,self-propelled barge,自航驳船,,2020-08-25
9362126,self-propelled model,自航模型,,2020-08-25
9362127,self-propelled unit,自航[式]装置,,2020-08-25
9362128,self-propelled vessel,自航船,,2020-08-25
9362129,self-propelling dredger,自航式挖泥船,,2020-08-25
9362130,self-propulsion factor,自推因子,,2020-08-25
9362131,self-propulsion test,自推试验{船模试验},,2020-08-25
9362132,self-propusion point,自航点；自推进点,,2020-08-25
9362133,self-radiation impedance,自辐射阻抗,,2020-08-25
9362134,self-regulation,自动调节,,2020-08-25
9362135,self-right partially enclosed life boat,自动扶正部分围蔽救生艇,,2020-08-25
9362136,self-righter,自动扶正船,,2020-08-25
9362137,self-righting boat,自动扶正艇,,2020-08-25
9362138,self-righting type,自动扶正型,,2020-08-25
9362139,self-shielding fluxcored electrode welding,自遮护包药电极銲[接],,2020-08-25
9362140,self-stabilization,自动稳定,,2020-08-25
9362141,self-starter,自动起动器,,2020-08-25
9362142,self-stripping device,自动收舱装置,,2020-08-25
9362143,self-supplying capacity,自供力,,2020-08-25
9362144,self-supporting system,自支系统；自供系统,,2020-08-25
9362145,self-synchronous motor,自动同步马达,,2020-08-25
9362146,self-tapping screw,自攻螺钉,,2020-08-25
9362147,self-trimming collier,自动调平煤船,,2020-08-25
9362148,self-trimming vessel,自动调平[散装货]船；自动平舱船；自动匀货船,,2020-08-25
9362149,self-trimmming tank,自平衡液舱,,2020-08-25
9362150,self-unloader,自动卸载机,,2020-08-25
9362151,self-unloading bulk carrier,自卸式散装货船,,2020-08-25
9362152,self-unloading vessel,自卸载船,,2020-08-25
9362153,SEM {scanning electron microscope},扫描电子显微镜,,2020-08-25
9362154,semi built-up crank shaft,半组合曲柄轴,,2020-08-25
9362155,semi built-up type,半组立式,,2020-08-25
9362156,semi-automatic linkage,半自动连接装置,,2020-08-25
9362157,semi-automatic welding,半自动銲接,,2020-08-25
9362158,semi-balanced rudder,半平衡舵,,2020-08-25
9362159,semi-bituminous coal,半烟煤,,2020-08-25
9362160,semi-box beam,半箱型梁,,2020-08-25
9362161,semi-cargo boat,货客船,,2020-08-25
9362162,semi-closed cycle,半闭式循环,,2020-08-25
9362163,semi-closed feed water system,半闭式给水系统,,2020-08-25
9362164,semiconductor integrated circuit,半导体积体电路,,2020-08-25
9362165,semi-container ship,半货柜船,,2020-08-25
9362166,semi-cylindrical bow,半柱形艏,,2020-08-25
9362167,semi-diesel engine,半柴油引擎,,2020-08-25
9362168,semi-displacement type,半排水量型,,2020-08-25
9362169,semi-dock building berth,半坞式船台,,2020-08-25
9362170,semi-dry dock,半干坞,,2020-08-25
9362171,semi-integrated circuit,半积体电路,,2020-08-25
9362172,semi-killed steel,半净钢,,2020-08-25
9362173,semi-membrane tank,半薄膜槽,,2020-08-25
9362174,semi-metallic packing,半金属迫紧,,2020-08-25
9362175,semi-planing,半滑航,,2020-08-25
9362176,semi-planing hull,半滑航船体,,2020-08-25
9362177,semi-portable fire extinguisher,半移动式灭火器,,2020-08-25
9362178,semi-portal crane,半门型起重机,,2020-08-25
9362179,semi-rigid type of joint,半刚性接合,,2020-08-25
9362180,semi-steel,钢性铸铁,,2020-08-25
9362181,semi-submarine ice-breaking tanker {=SSIT},半潜式破冰液货船,,2020-08-25
9362182,semi-submerged catamaram {=SSC},半潜[式]双[胴]体船,,2020-08-25
9362183,semi-submerged foil,半浸式水翼,,2020-08-25
9362184,semi-submerged ship,半潜式船,,2020-08-25
9362185,semi-submerged shipway,半干坞,,2020-08-25
9362186,semi-submersible,半潜式钻油台；半潜式,,2020-08-25
9362187,semi-submersible crane vessel,半潜式起重船,,2020-08-25
9362188,semi-submersible drilling platform,半潜式钻探平台,,2020-08-25
9362189,semi-submersible drilling rig,半潜式钻探平台,,2020-08-25
9362190,semi-submersible drilling unit,半潜式钻探平台,,2020-08-25
9362191,semi-submersible vessel,半潜式浮体；半潜船；半潜平台,,2020-08-25
9362192,semi-tandem building system,半串列建造法,,2020-08-25
9362193,semi-wing blade,半翼叶片,,2020-08-25
9362194,send,船体[为波]浪掀；波浪推力,,2020-08-25
9362195,sending set,发送装置,,2020-08-25
9362196,senhouse slip,鹈嘴形滑钩；速脱钩；滑脱钩,,2020-08-25
9362197,senior engineer,高级工程师；高级轮机员,,2020-08-25
9362198,senior officer,高级船员,,2020-08-25
9362199,sennit line,编索；花线；包线,,2020-08-25
9362200,sensation level,感觉位准,,2020-08-25
9362201,sensibility,灵敏度；灵敏性,,2020-08-25
9362202,sensible heat,显热,,2020-08-25
9362203,sensing device,感测装置,,2020-08-25
9362204,sensitive hydrometer,精密比重计,,2020-08-25
9362205,sensitive paper,感光纸,,2020-08-25
9362206,sensitiveness,敏感,,2020-08-25
9362207,sensitivity,灵敏度；敏感度,,2020-08-25
9362208,sensitivity control,灵敏度控制,,2020-08-25
9362209,sensitivity test,灵敏度试验,,2020-08-25
9362210,sensor,感测器,,2020-08-25
9362211,sentinel,哨；看守；压链锤；锚链砣；标志,,2020-08-25
9362212,sentinel relief valve,警戒泄压阀,,2020-08-25
9362213,sentinel valve,保护阀；警戒阀,,2020-08-25
9362214,SEP  {self elevating platform},升降式平台,,2020-08-25
9362215,separable blade,可装卸螺叶,,2020-08-25
9362216,separate circuit,分离电路,,2020-08-25
9362217,separate lubrication,个别润滑,,2020-08-25
9362218,separated cavity,分离空泡,,2020-08-25
9362219,separately excited generator,他激式发电机,,2020-08-25
9362220,separating film,分离膜,,2020-08-25
9362221,separation,剥离；分离,,2020-08-25
9362222,separation agent,离膜剂,,2020-08-25
9362223,separation drag,流离阻力,,2020-08-25
9362224,separation resistance,剥离阻力；流离阻力,,2020-08-25
9362225,separation vortex,剥离涡流,,2020-08-25
9362226,separation wake,剥离迹流,,2020-08-25
9362227,separator,分离器；净油机；隔片,,2020-08-25
9362228,sequence,顺序,,2020-08-25
9362229,sequence of crank,曲柄顺序,,2020-08-25
9362230,sequence of erection,安装顺序,,2020-08-25
9362231,sequence of welding,銲接顺序,,2020-08-25
9362232,sequence switch,顺序开关,,2020-08-25
9362233,sequence valve,顺序阀,,2020-08-25
9362234,sequential analysis,逐项分析,,2020-08-25
9362235,sequential monitoring,程序监测,,2020-08-25
9362236,serial vessel,成批建造船；系列船,,2020-08-25
9362237,series,系[列]；串联；级数,,2020-08-25
9362238,series chart,系列图表,,2020-08-25
9362239,series circuit,串联电路,,2020-08-25
9362240,series coil,串联线圈,,2020-08-25
9362241,series flow turbine,串流型涡轮机,,2020-08-25
9362242,series load,串联负载,,2020-08-25
9362243,series model,系列模型,,2020-08-25
9362244,series parallel starter,串并联起动器,,2020-08-25
9362245,series resistance,串联电阻,,2020-08-25
9362246,series resonance,串联共振,,2020-08-25
9362247,series system,串联系统,,2020-08-25
9362248,series welding,串联銲接,,2020-08-25
9362249,series wound dynamo,串绕发电机,,2020-08-25
9362250,series wound motor,串激马达,,2020-08-25
9362251,series-parallel turbine,串并联涡轮机,,2020-08-25
9362252,serration,锯形缺口,,2020-08-25
9362253,service area,有效区域,,2020-08-25
9362254,service boat,服务艇；港勤艇,,2020-08-25
9362255,service bolt,定位螺栓；暂用螺栓,,2020-08-25
9362256,service capsule,服务舱,,2020-08-25
9362257,service condition,航行船况；使用状况,,2020-08-25
9362258,service cycle,使用周期,,2020-08-25
9362259,service line,日用管路；工作管路,,2020-08-25
9362260,service manaul,使用说明书；使用手册,,2020-08-25
9362261,service notation,营运注解,,2020-08-25
9362262,service pump,常用泵；杂用水泵,,2020-08-25
9362263,service space,服务空间,,2020-08-25
9362264,service speed,航海船速；营运船速,,2020-08-25
9362265,service tank,常用柜,,2020-08-25
9362266,service velocity,运行速度；弹丸表定速度,,2020-08-25
9362267,service water,生活用水,,2020-08-25
9362268,serviceabilily,维修性；耐用性,,2020-08-25
9362269,serving mallet,卷扎[用]木锤,,2020-08-25
9362270,servo,伺服机,,2020-08-25
9362271,servo actuated control,伺服驱动控制,,2020-08-25
9362272,servo control box,伺服控制箱,,2020-08-25
9362273,servo link,伺服链,,2020-08-25
9362274,servo motor,伺服马达,,2020-08-25
9362275,servo piston,伺服活塞,,2020-08-25
9362276,servo plane,伺服板,,2020-08-25
9362277,servo system,伺服系统,,2020-08-25
9362278,servo unit,伺服机构,,2020-08-25
9362279,servo valve,伺服阀,,2020-08-25
9362280,servo-actuator,伺服致动器,,2020-08-25
9362281,servoamp,伺服放大器,,2020-08-25
9362282,servo-control unit,伺服控制系统,,2020-08-25
9362283,servo-mechanism,伺服机构,,2020-08-25
9362284,servo-motor,伺服马达,,2020-08-25
9362285,servo-operated valve,伺服操作阀,,2020-08-25
9362286,set bolt,定位螺栓；固定螺栓,,2020-08-25
9362287,set hammer,型锤；锻缩锤,,2020-08-25
9362288,set iron,铁样板；型铁,,2020-08-25
9362289,set point,设定值,,2020-08-25
9362290,set screw,固定螺钉,,2020-08-25
9362291,setback,[螺叶]后倾,,2020-08-25
9362292,set-in bridge,嵌入式桥艛,,2020-08-25
9362293,settee,[地中海]大三角帆船,,2020-08-25
9362294,setting pressure,设定压力,,2020-08-25
9362295,setting time,设定时间,,2020-08-25
9362296,setting tool,定位工具,,2020-08-25
9362297,setting value,调定值,,2020-08-25
9362298,settling chamber,沉淀柜,,2020-08-25
9362299,settling tank,沉淀柜,,2020-08-25
9362300,sewage,秽水；[生活]污水,,2020-08-25
9362301,sewage boat,垃圾船；秽水回收船,,2020-08-25
9362302,sewage collecting tank,秽水收集柜,,2020-08-25
9362303,sewage disposer,化粪池,,2020-08-25
9362304,sewage holding tank,生活污水储存柜,,2020-08-25
9362305,sewage pump,秽水泵；污水泵,,2020-08-25
9362306,sewage tank,秽水柜；污水柜,,2020-08-25
9362307,sewage treatment plant,秽水处理装置,,2020-08-25
9362308,sextant,六分仪,,2020-08-25
9362309,sextant mirror,六分仪镜,,2020-08-25
9362310,sextant telescope,六分仪望远镜,,2020-08-25
9362311,SF {stowage factor},积载因数,,2020-08-25
9362312,SFC {specific fuel consumption},单位耗油量,,2020-08-25
9362313,SFP {structure fire protection time},结构防火时间,,2020-08-25
9362314,SG {steam generator},蒸气发生器,,2020-08-25
9362315,SGM {shaft generator motor},轴发电机马达,,2020-08-25
9362316,SGS  {shaft generator system},轴发电机系统,,2020-08-25
9362317,SGS {shaft generator system},轴发电机系统,,2020-08-25
9362318,shackle,接环；卸扣；锚链一节,,2020-08-25
9362319,shackle block,附接环滑车,,2020-08-25
9362320,shackle bolt,接环螺栓；带钩螺栓,,2020-08-25
9362321,shackle bolt pin,接环栓销,,2020-08-25
9362322,shacklemeter,锚链计数器,,2020-08-25
9362323,shade,灯罩；遮蔽；色镜,,2020-08-25
9362324,shade deck,遮阳甲板,,2020-08-25
9362325,shade rudder,吊式舵,,2020-08-25
9362326,shade-deck vessel,遮阳甲板船,,2020-08-25
9362327,shadow pin,[太阳]方位投影针,,2020-08-25
9362328,shadow zone,声影区；盲区；静区,,2020-08-25
9362329,shaffle,鹅颈销承,,2020-08-25
9362330,shaft,轴,,2020-08-25
9362331,shaft alignment,轴线校准；轴线校中,,2020-08-25
9362332,shaft alley,轴道,,2020-08-25
9362333,shaft alley recess,轴道室,,2020-08-25
9362334,shaft angle,轴倾角,,2020-08-25
9362335,shaft bearing,轴承,,2020-08-25
9362336,shaft block,轴承座,,2020-08-25
9362337,shaft box,轴胴材{木船},,2020-08-25
9362338,shaft bracket,艉轴架；轴架,,2020-08-25
9362339,shaft bush,轴衬,,2020-08-25
9362340,shaft coupling,联轴节；轴联结器,,2020-08-25
9362341,shaft coupling bolt,轴联结器螺栓,,2020-08-25
9362342,shaft cut off test,减轴运转试验,,2020-08-25
9362343,shaft driven pump,轴驱动泵,,2020-08-25
9362344,shaft force,轴力,,2020-08-25
9362345,shaft gauge,量轴规,,2020-08-25
9362346,shaft generator motor  {=SGM},轴发电机马达,,2020-08-25
9362347,shaft generator system  {=SGS},轴发电机系统,,2020-08-25
9362348,shaft governor,轴装调速器,,2020-08-25
9362349,shaft grounding device,轴接地装置,,2020-08-25
9362350,shaft hanger,吊式轴承,,2020-08-25
9362351,shaft horsepower  {=SHP},轴马力,,2020-08-25
9362352,shaft housing,轴箱,,2020-08-25
9362353,shaft inclination,轴倾角,,2020-08-25
9362354,shaft indicator,轴转速指示器,,2020-08-25
9362355,shaft journal,轴颈,,2020-08-25
9362356,shaft lever,轴杠杆,,2020-08-25
9362357,shaft line,轴线,,2020-08-25
9362358,shaft liner,轴套；轴衬,,2020-08-25
9362359,shaft locking device,轴游转防止装置,,2020-08-25
9362360,shaft log,轴胴材{木船},,2020-08-25
9362361,shaft passage,轴道,,2020-08-25
9362362,shaft rake,轴倾度,,2020-08-25
9362363,shaft seal,轴封,,2020-08-25
9362364,shaft sleeve,轴套筒,,2020-08-25
9362365,shaft stool,轴承台,,2020-08-25
9362366,shaft strut,艉轴支架,,2020-08-25
9362367,shaft trunk,轴隧,,2020-08-25
9362368,shaft tube,艉轴管；艉轴套,,2020-08-25
9362369,shaft tunnel,轴道,,2020-08-25
9362370,shafting,轴系,,2020-08-25
9362371,shafting arrangement,轴系布置,,2020-08-25
9362372,shafting brake,轴系制动器,,2020-08-25
9362373,shafting efficiency,轴系效率,,2020-08-25
9362374,shake,裂纹{木材}；振动；摇动,,2020-08-25
9362375,shakedown,新船试航,,2020-08-25
9362376,shaker,激振机；筛,,2020-08-25
9362377,shaker test,振动试验,,2020-08-25
9362378,shale oil,岩油,,2020-08-25
9362379,shallow draught vessel,浅水[吃]船,,2020-08-25
9362380,shallow floor,浅底肋板,,2020-08-25
9362381,shallow water effect,浅水效应,,2020-08-25
9362382,shallow water maneuverability,潜水操纵性,,2020-08-25
9362383,shallow water wave,浅水波,,2020-08-25
9362384,shallow waters,浅水水域,,2020-08-25
9362385,shank,锚杆,,2020-08-25
9362386,shank painter chain,锚床系链,,2020-08-25
9362387,shanty,甲板棚室,,2020-08-25
9362388,shantyboat,水上船屋,,2020-08-25
9362389,shape,型材；形状,,2020-08-25
9362390,shape factor,形状因数,,2020-08-25
9362391,shape function,形状函数,,2020-08-25
9362392,shape iron,型铁；型钢,,2020-08-25
9362393,shaping machine,牛头刨床；成形机,,2020-08-25
9362394,sharp bulge,小圆【舟必】,,2020-08-25
9362395,sharp chine,锐棱【舟必】[线],,2020-08-25
9362396,sharp stern,尖艉,,2020-08-25
9362397,sharp turn of bilge,尖【舟必】,,2020-08-25
9362398,sharpening machine,磨锐机；锉锐机,,2020-08-25
9362399,sharpie,平底附垂板龙骨帆船,,2020-08-25
9362400,sharping,切斜角；切斜面,,2020-08-25
9362401,sharp-sterned boat,尖艉小艇,,2020-08-25
9362402,shavings,刨花,,2020-08-25
9362403,shear,剪；剪切；剪[切]机,,2020-08-25
9362404,shear beam,剪力梁,,2020-08-25
9362405,shear buckling,剪切挫曲,,2020-08-25
9362406,shear center,剪[力中]心,,2020-08-25
9362407,shear deflection,剪切挠度,,2020-08-25
9362408,shear deformation,剪切变形,,2020-08-25
9362409,shear flow,剪[力]流,,2020-08-25
9362410,shear fracture,剪切破坏,,2020-08-25
9362411,shear lag,剪滞,,2020-08-25
9362412,shear legs crane,人字吊臂起重机,,2020-08-25
9362413,shear modulus,剪切模数,,2020-08-25
9362414,shear stiffness,抗剪劲度,,2020-08-25
9362415,shear velocity,剪切速度,,2020-08-25
9362416,shear wave,剪切波,,2020-08-25
9362417,shear web,抗剪腹板,,2020-08-25
9362418,shearing force,剪力,,2020-08-25
9362419,shearing machine,剪机,,2020-08-25
9362420,shearing strain,剪应变,,2020-08-25
9362421,shearing strength,抗剪强度,,2020-08-25
9362422,shearing stress,剪应力,,2020-08-25
9362423,shear-type rubber mount,抗剪型橡胶减振座,,2020-08-25
9362424,sheath,护皮；覆套；鞘,,2020-08-25
9362425,sheath voltage,护皮电压,,2020-08-25
9362426,sheathed deck,覆板甲板；包板甲板；被覆甲板,,2020-08-25
9362427,sheathed deck vessel,包板甲板船,,2020-08-25
9362428,sheathed ship,包板船,,2020-08-25
9362429,sheathed vessel,包板船{木船},,2020-08-25
9362430,sheathed wire,护套电线；铠装电线,,2020-08-25
9362431,sheathing,包板；被覆,,2020-08-25
9362432,sheave,槽轮,,2020-08-25
9362433,sheave boss,滑轮毂,,2020-08-25
9362434,shed,脱落；风雨棚,,2020-08-25
9362435,shed cavitation,流泻空化,,2020-08-25
9362436,shed vortex,泄涡,,2020-08-25
9362437,shed wake,滑泻迹流,,2020-08-25
9362438,shed wake vortex,脱落涡,,2020-08-25
9362439,shedding,流泄,,2020-08-25
9362440,shedding frequency,散发频率；放射频率,,2020-08-25
9362441,sheer,舷弧高；舷弧,,2020-08-25
9362442,sheer aft,艉舷弧,,2020-08-25
9362443,sheer cap,艇缘,,2020-08-25
9362444,sheer clamp,[木船]支梁材,,2020-08-25
9362445,sheer curve,舷弧曲线,,2020-08-25
9362446,sheer draught,线图,,2020-08-25
9362447,sheer drawing,线图,,2020-08-25
9362448,sheer forward,艏舷弧,,2020-08-25
9362449,sheer line,舷弧线,,2020-08-25
9362450,sheer molding,舷孤缘材,,2020-08-25
9362451,sheer plan,侧面线图,,2020-08-25
9362452,sheer plank,舷侧厚板,,2020-08-25
9362453,sheer strake,舷侧厚板列,,2020-08-25
9362454,sheerlegs,人字吊臂起重机,,2020-08-25
9362455,sheet,片；张；[1/8吋以下 ]薄板；图表；帆；帆脚索；床单,,2020-08-25
9362456,sheet anchor,副锚；备用锚,,2020-08-25
9362457,sheet bitt,绕索桩；系帆索桩,,2020-08-25
9362458,sheet brass,黄铜薄板；黄铜皮；黄铜片,,2020-08-25
9362459,sheet cavitation,片状空化,,2020-08-25
9362460,sheet cavity,片状空泡,,2020-08-25
9362461,sheet copper,薄铜板；铜皮,,2020-08-25
9362462,sheet iron,薄铁板；铁皮,,2020-08-25
9362463,sheet lead,铅皮,,2020-08-25
9362464,sheet leveller,薄板整平机,,2020-08-25
9362465,sheet metal,金属片；板金；金属薄板,,2020-08-25
9362466,sheet metal gauge,金属片号规,,2020-08-25
9362467,sheet metal shop,板金工场,,2020-08-25
9362468,sheet metal work,钣金工作,,2020-08-25
9362469,sheet metal worker,板金工,,2020-08-25
9362470,sheet mill,轧薄板机,,2020-08-25
9362471,sheet rubber,橡皮片,,2020-08-25
9362472,sheet steel,薄钢板；钢皮；钢片,,2020-08-25
9362473,sheet traveler,帆滑车滑环,,2020-08-25
9362474,sheet winch,手动帆脚索绞机,,2020-08-25
9362475,sheet zinc,薄锌板；锌皮,,2020-08-25
9362476,shelf,承梁材；架,,2020-08-25
9362477,shell,船壳[板]；船[壳]；滑车外壳；弹壳,,2020-08-25
9362478,shell and tube heat exchanger,壳管式热交换器,,2020-08-25
9362479,shell boiler,筒形锅炉,,2020-08-25
9362480,shell bolster,外板锚炼孔[防摩]唇口,,2020-08-25
9362481,shell bossing,轴包架；轴包套；艉膨出部壳板,,2020-08-25
9362482,shell buckling,壳挫曲,,2020-08-25
9362483,shell door,舷门,,2020-08-25
9362484,shell expansion plan,外板展开图,,2020-08-25
9362485,shell flange,外板[铆接凸]缘材,,2020-08-25
9362486,shell landing,肋骨与壳板缘交点,,2020-08-25
9362487,shell lug,连接用短材{外板}；板吊耳,,2020-08-25
9362488,shell plate,船壳板；外板,,2020-08-25
9362489,shell plate development,外板展开,,2020-08-25
9362490,shell plating,船壳板列,,2020-08-25
9362491,shell room,砲弹库；弹药库,,2020-08-25
9362492,shell stowage,砲弹舱,,2020-08-25
9362493,shell type boiler,筒形锅炉,,2020-08-25
9362494,shellac,虫胶；充漆,,2020-08-25
9362495,shellac varnish,虫胶清漆,,2020-08-25
9362496,shelter,人工渔礁,,2020-08-25
9362497,shelter deck,遮蔽甲板,,2020-08-25
9362498,shelter deck vessel,遮蔽甲板船,,2020-08-25
9362499,shelter-deck vessel,遮蔽甲板船,,2020-08-25
9362500,shelter-decker,遮蔽甲板船,,2020-08-25
9362501,sheltered waters,遮蔽水域,,2020-08-25
9362502,sheradizing,渗锌,,2020-08-25
9362503,shield,护板；盖板；[下水用]艉护木；屏障；罩,,2020-08-25
9362504,shield arc electrode,被复电弧銲条,,2020-08-25
9362505,shield enclosed mount,装甲封闭式装置,,2020-08-25
9362506,shield metal arc welding  {=SMAW},金属被复电弧銲,,2020-08-25
9362507,shield plate,罩板；护板,,2020-08-25
9362508,shielded arc welding,被复电弧銲,,2020-08-25
9362509,shielded walkway,屏蔽通道,,2020-08-25
9362510,shielded wire,隔离线,,2020-08-25
9362511,shielding case,防护罩,,2020-08-25
9362512,shielding gas,遮护气体,,2020-08-25
9362513,shielding material,遮蔽材,,2020-08-25
9362514,shift of butts,横[向接]缝错开,,2020-08-25
9362515,shift winch,移动绞机,,2020-08-25
9362516,shifting ballast,可移压载,,2020-08-25
9362517,shifting beam,舱口活动梁,,2020-08-25
9362518,shifting board,移动板{壁板}；防动板,,2020-08-25
9362519,shifting board stanchion,移动板柱；防动板柱,,2020-08-25
9362520,shifting bulkhead,防动壁,,2020-08-25
9362521,shifting chock,铰接式艇垫木,,2020-08-25
9362522,shifting guy system,双吊杆联合作业系统；双吊杆合吊系统,,2020-08-25
9362523,shifting iron,防动板固定具,,2020-08-25
9362524,shifting pump,移送泵,,2020-08-25
9362525,shifting spanner,活动扳手,,2020-08-25
9362526,shifting stage,活动跳板,,2020-08-25
9362527,shift-over valve,转换阀,,2020-08-25
9362528,shim,填隙片；薄垫片,,2020-08-25
9362529,shim liner,薄垫片；垫形垫片,,2020-08-25
9362530,shingle,滑航艇艉板,,2020-08-25
9362531,shingle ballast,砂石压载,,2020-08-25
9362532,ship,船；舰,,2020-08-25
9362533,ship angle and range,船舶方位角与距离,,2020-08-25
9362534,ship attitude,船舶航态,,2020-08-25
9362535,ship biscuit,船用口粮,,2020-08-25
9362536,ship block method,船[体分]段銲接法；船体分段建造法,,2020-08-25
9362537,ship bottom coating,船底涂料,,2020-08-25
9362538,ship bottom paint,船底漆,,2020-08-25
9362539,ship breaker,拆船厂；拆船者,,2020-08-25
9362540,ship builder,造船厂；造船者,,2020-08-25
9362541,ship building,造船；造船业,,2020-08-25
9362542,ship chandler,船具商,,2020-08-25
9362543,ship characteristics,船舶性能,,2020-08-25
9362544,ship classification,船级,,2020-08-25
9362545,ship conversion,船舶改装,,2020-08-25
9362546,ship dunnage,货舱垫材,,2020-08-25
9362547,ship elevator,升船机,,2020-08-25
9362548,ship form,船形,,2020-08-25
9362549,ship handling,船舶操纵,,2020-08-25
9362550,ship holder,船东,,2020-08-25
9362551,ship inspection certificate,船舶检查证书,,2020-08-25
9362552,ship jack,艏旗,,2020-08-25
9362553,ship lift,升船机,,2020-08-25
9362554,ship light,船灯,,2020-08-25
9362555,ship manoeuvrability,船舶操纵性,,2020-08-25
9362556,ship master,船长,,2020-08-25
9362557,ship model,船模,,2020-08-25
9362558,ship noise,船舶噪音,,2020-08-25
9362559,ship number,[造]船[编]号,,2020-08-25
9362560,ship oscillation,船舶摇荡,,2020-08-25
9362561,ship proportion,船型比例,,2020-08-25
9362562,ship propulsion,船舶推进,,2020-08-25
9362563,ship protection,舰体防护,,2020-08-25
9362564,ship resistance,船舶阻力,,2020-08-25
9362565,ship satellite navigation receiver,船舶卫星导航接收机,,2020-08-25
9362566,ship service air reservoir,[船上]杂用储气柜,,2020-08-25
9362567,ship side pipe,船舷接管,,2020-08-25
9362568,ship side valve,舷侧阀,,2020-08-25
9362569,ship speed,航速,,2020-08-25
9362570,ship standard piece,船用标准件,,2020-08-25
9362571,ship steel,船用钢材,,2020-08-25
9362572,ship steel plate,船用钢板,,2020-08-25
9362573,ship stores,船舶备品,,2020-08-25
9362574,ship synthesis mathematical model,船型综合设计数学模式,,2020-08-25
9362575,ship trajectory,航迹；船行轨迹,,2020-08-25
9362576,ship type,船型,,2020-08-25
9362577,ship vibration,船体振动,,2020-08-25
9362578,ship yard,造船厂,,2020-08-25
9362579,ship-assembly yard,船舶装配厂,,2020-08-25
9362580,shipboard artillery,舰砲,,2020-08-25
9362581,shipboard automation system,船上自动化系统,,2020-08-25
9362582,shipboard low smoke toxicfree calbe,船用低烟无毒电缆,,2020-08-25
9362583,shipboard missile,舰载飞弹；舰射飞弹舰对空飞弹,,2020-08-25
9362584,shipboard pairtwisted telephone cable,船用对绞式电话电缆,,2020-08-25
9362585,shipboard radio frequency cable,船用射频电缆,,2020-08-25
9362586,shipboard repair,船上修理,,2020-08-25
9362587,shipborad flexible coaxial cable,船用[挠性]同轴电缆,,2020-08-25
9362588,shipborad power cable,船用电力电缆,,2020-08-25
9362589,shipborad telecommunication cable,船用通信电缆,,2020-08-25
9362590,shipbuilder,造船者,,2020-08-25
9362591,shipbuilding,造船,,2020-08-25
9362592,shipbuilding electrode,船用銲条,,2020-08-25
9362593,shipbuilding period,造船周期,,2020-08-25
9362594,shipbuilding specification,造船规范书,,2020-08-25
9362595,shipbuilding yard,造船厂,,2020-08-25
9362596,ship-chandlery,船具,,2020-08-25
9362597,ship-directional quay,引船驳岸,,2020-08-25
9362598,shipentine,四桅帆船,,2020-08-25
9362599,shipfitter,船舶装配工,,2020-08-25
9362600,shipment,装载；船货,,2020-08-25
9362601,shipowner,船东；船舶所有人,,2020-08-25
9362602,shipping,海运；装船,,2020-08-25
9362603,shipping capacity,装货容量；货运能力,,2020-08-25
9362604,shipping law,航业法规,,2020-08-25
9362605,shipping register,船舶入级,,2020-08-25
9362606,ship's acoustic navigation system,船用音响导航系统,,2020-08-25
9362607,ship's boat,船载小艇,,2020-08-25
9362608,ship's boiler,船用锅炉,,2020-08-25
9362609,ship's fittings,船舶装具,,2020-08-25
9362610,ship's habitability,船舶适居性,,2020-08-25
9362611,ship's induced magnetism,船舶[感]应磁[性],,2020-08-25
9362612,ship's inertia navigation system {=SINS},船用惯性航海系统,,2020-08-25
9362613,ship's inventory,船用品清册；船用备品,,2020-08-25
9362614,ship's light,号灯,,2020-08-25
9362615,ship's log book,航海日志,,2020-08-25
9362616,ship's magnetism,船[舶]磁[场],,2020-08-25
9362617,ship's number,信号符字,,2020-08-25
9362618,ship's register,船名录；船舶登记簿,,2020-08-25
9362619,ship's register book,船名录；船舶登记簿,,2020-08-25
9362620,ship's supply hull valve,全艇通风系统舷侧进气阀,,2020-08-25
9362621,ship's tackle,吊货索具,,2020-08-25
9362622,ship-wave interaction,船波交互作用,,2020-08-25
9362623,shipway,船台,,2020-08-25
9362624,shipworm,蛀船虫,,2020-08-25
9362625,shipwreck,遇难船,,2020-08-25
9362626,shipwright,船台木工；木船工,,2020-08-25
9362627,shipwright's yard,造船木工厂,,2020-08-25
9362628,shipyard,造船厂,,2020-08-25
9362629,shniaka,白海渔帆船；俄式圆艏尖艉船舷内倾小艇,,2020-08-25
9362630,shock,爆震,,2020-08-25
9362631,shock absorber,减震器,,2020-08-25
9362632,shock absorber rubber,减震器橡胶,,2020-08-25
9362633,shock attenuating mount,减震架；抗冲击机座,,2020-08-25
9362634,shock cell,万向减振器,,2020-08-25
9362635,shock mine,机械触发水雷,,2020-08-25
9362636,shock mount,减震架,,2020-08-25
9362637,shock mounting,减震架；防震架,,2020-08-25
9362638,shock resistance,耐震强度；抗爆震性,,2020-08-25
9362639,shock strength,抗震强度,,2020-08-25
9362640,shock wave,冲击波,,2020-08-25
9362641,shockproof mount,减震座；防震座,,2020-08-25
9362642,shock-simulating machine,陡震模拟试验机,,2020-08-25
9362643,shock-testing machine,陡震试验机,,2020-08-25
9362644,shockwave,爆震波,,2020-08-25
9362645,shoe,破浪艏材蹄铁；环箍,,2020-08-25
9362646,shoe block,双轮正交滑车,,2020-08-25
9362647,shoe piece,舵跟材,,2020-08-25
9362648,shoe plate,龙骨艉刨,,2020-08-25
9362649,shole,撑柱垫材,,2020-08-25
9362650,shoot,卸泄槽,,2020-08-25
9362651,shop,工场,,2020-08-25
9362652,shop layout,工场布置,,2020-08-25
9362653,shop primer,防锈底漆,,2020-08-25
9362654,shop test,场内试验,,2020-08-25
9362655,shop trial,场[内]试[伡],,2020-08-25
9362656,shore,撑柱；岸,,2020-08-25
9362657,shore boat,沿岸小艇,,2020-08-25
9362658,shore connecting cable,岸电电缆,,2020-08-25
9362659,shore connecting plant,排泥管接岸装置,,2020-08-25
9362660,shore connection,通岸接头,,2020-08-25
9362661,shore connection box,岸电接线盒,,2020-08-25
9362662,shore connection cables,岸电电缆,,2020-08-25
9362663,shore feedwater,岸上给水,,2020-08-25
9362664,shore gangway,舷桥；码头跳板,,2020-08-25
9362665,Shore hardness,萧氏硬度,,2020-08-25
9362666,shore power connection box,岸电接线盒,,2020-08-25
9362667,Shore scleroscope,萧氏反跳硬度计,,2020-08-25
9362668,shore-based maintenance,海上维修,,2020-08-25
9362669,shoring,支撑,,2020-08-25
9362670,short blade,短叶片,,2020-08-25
9362671,short bossing,短轴包架；短轴包套,,2020-08-25
9362672,short bridge,短桥艛,,2020-08-25
9362673,short circuit,短路,,2020-08-25
9362674,short circuit current,短路电流,,2020-08-25
9362675,short circuit switch,短路开关,,2020-08-25
9362676,short crested wave,短峰波,,2020-08-25
9362677,short forecastle,短艏艛,,2020-08-25
9362678,short international voyage,短程国际航程,,2020-08-25
9362679,short link,短链环,,2020-08-25
9362680,short link chain,短环链,,2020-08-25
9362681,short sea,碎浪海面,,2020-08-25
9362682,short stay,短支索,,2020-08-25
9362683,short ton,短吨{2000磅},,2020-08-25
9362684,short water,水位过低；缺水,,2020-08-25
9362685,short-circuit turn,短路线匝,,2020-08-25
9362686,short-crested wave,短蜂波,,2020-08-25
9362687,short-driven bolt,木材[用]螺钉,,2020-08-25
9362688,short-floor frame,短底肋材,,2020-08-25
9362689,short-link chain,短环链,,2020-08-25
9362690,short-wave communication,短波通信,,2020-08-25
9362691,shot,90呎{长度单位},,2020-08-25
9362692,shot blast,喷[射钢]珠除锈；珠[粒喷]击,,2020-08-25
9362693,shot blasting,喷[射纲]珠除锈,,2020-08-25
9362694,shot blasting process,喷珠除锈剂,,2020-08-25
9362695,shot line,抛射索,,2020-08-25
9362696,shot line return bag,射索回收袋,,2020-08-25
9362697,shot of chain,锚链一节{通常15㖊}{90呎或25公尺},,2020-08-25
9362698,shotblaster,喷珠除锈机,,2020-08-25
9362699,shotblasting machine,珠击[除锈]机,,2020-08-25
9362700,shoulder,水线肩部；根面,,2020-08-25
9362701,shoulder block,凸肩滑车,,2020-08-25
9362702,shoulder pipe,艏系缆管,,2020-08-25
9362703,shoulder tank,肩舱,,2020-08-25
9362704,shovel bow,匙形艏,,2020-08-25
9362705,shower,淋浴器,,2020-08-25
9362706,shower head,莲蓬头,,2020-08-25
9362707,SHP {shaft horsepower},轴马力,,2020-08-25
9362708,shrimp boat,捕虾艇,,2020-08-25
9362709,shrimp vessel,捕虾船,,2020-08-25
9362710,shrinkage,收缩；收缩量,,2020-08-25
9362711,shrinkage allowance,收缩裕度,,2020-08-25
9362712,shrinkage cavity,缩孔,,2020-08-25
9362713,shrinkage crack,[收]缩裂[痕],,2020-08-25
9362714,shrinkage fit,收缩配合；红套,,2020-08-25
9362715,shrinkage rule,收缩尺；铸造尺,,2020-08-25
9362716,shrinkage scale,收缩尺；铸造尺,,2020-08-25
9362717,shrinkage stress,收缩应力,,2020-08-25
9362718,shrinking,套合,,2020-08-25
9362719,shroud,桅牵索；覆盖物,,2020-08-25
9362720,shroud cap,桅侧支索箍,,2020-08-25
9362721,shroud chord,导管弦,,2020-08-25
9362722,shroud laid rope,四股索,,2020-08-25
9362723,shroud plating,[导流管的]内侧围板,,2020-08-25
9362724,shroud stay,烟囱牵索,,2020-08-25
9362725,shroud stopper,桅侧牵索夹头,,2020-08-25
9362726,shrouded blade,覆缘叶片；罩筒叶片,,2020-08-25
9362727,shrouded propeller,罩筒螺桨,,2020-08-25
9362728,shrouded wheel,封闭式叶轮；套壳式轮,,2020-08-25
9362729,shrouding,护套{汽机}；围板,,2020-08-25
9362730,shrouding ring,押环{汽旋机},,2020-08-25
9362731,shroud-laid rope,四股索,,2020-08-25
9362732,shroudless mast,无横牵索桅,,2020-08-25
9362733,shroulded propeller,导罩螺桨,,2020-08-25
9362734,shrunk welded crank shaft,热套曲[柄]轴；热套銲接曲轴,,2020-08-25
9362735,SHT {solution heat treatment},溶液热处理,,2020-08-25
9362736,shunt,分流；分路；分流器,,2020-08-25
9362737,shunt circuit,分流电路,,2020-08-25
9362738,shunt coil,分激线圈,,2020-08-25
9362739,shunt field,分路磁场；分激磁场,,2020-08-25
9362740,shunt regulator,分路调整器,,2020-08-25
9362741,shunt wound dynamo,分绕发电机,,2020-08-25
9362742,shunt wound generator,分绕发电机,,2020-08-25
9362743,shut down,关闭,,2020-08-25
9362744,shut-off valve,关断阀,,2020-08-25
9362745,shutter strake,木船封底列板,,2020-08-25
9362746,shuttle carrier,[短程]穿梭船；转运船,,2020-08-25
9362747,shuttle tanker,穿梭油轮；短程往返油轮,,2020-08-25
9362748,shuttle valve,梭阀,,2020-08-25
9362749,sibidsibiran,菲律宾双舷外浮体小渔船,,2020-08-25
9362750,sick bay,医务室；病房,,2020-08-25
9362751,side arm,侧臂,,2020-08-25
9362752,side armour,舷边装甲,,2020-08-25
9362753,side awning,舷遮,,2020-08-25
9362754,side bar keel,侧条龙骨,,2020-08-25
9362755,side bend,侧[向]弯[曲],,2020-08-25
9362756,side bitt,舷边系缆柱,,2020-08-25
9362757,side blister,侧瞭望窗,,2020-08-25
9362758,side block,边墩,,2020-08-25
9362759,side board,[木船]边披水板,,2020-08-25
9362760,side bulkhead,边舱壁,,2020-08-25
9362761,side bunker,侧燃料舱,,2020-08-25
9362762,side ceiling,舷侧垫材；舱侧衬材,,2020-08-25
9362763,side chock,侧塞块,,2020-08-25
9362764,side chute,舷侧出灰口,,2020-08-25
9362765,side coaming,侧缘围,,2020-08-25
9362766,side condenser,船底复水器,,2020-08-25
9362767,side damage,船侧破损,,2020-08-25
9362768,side discharge installation,侧泄装置,,2020-08-25
9362769,side elevation,侧视图,,2020-08-25
9362770,side fillet weld,侧面填角銲道,,2020-08-25
9362771,side frame,舷肋骨；侧肋骨,,2020-08-25
9362772,side girder,侧纵梁,,2020-08-25
9362773,side hopper barge,侧漏斗型驳船,,2020-08-25
9362774,side house,侧甲板室,,2020-08-25
9362775,side keel block,边墩,,2020-08-25
9362776,side keelson,侧内龙骨,,2020-08-25
9362777,side lamp,舷灯,,2020-08-25
9362778,side launching,横向下水,,2020-08-25
9362779,side light,舷灯；舷窗,,2020-08-25
9362780,side light screen,舷灯遮光板,,2020-08-25
9362781,side lights,舷灯,,2020-08-25
9362782,side lobe level,旁波瓣位准,,2020-08-25
9362783,side longitudinal,舷侧纵材,,2020-08-25
9362784,side opening,舷侧口,,2020-08-25
9362785,side plate,舷板；侧板,,2020-08-25
9362786,side plating,船侧外板列,,2020-08-25
9362787,side port,舷侧舱口,,2020-08-25
9362788,side porter,舷门外高架起重机,,2020-08-25
9362789,side power roller,舷侧动力滚子,,2020-08-25
9362790,side rolling hatch cover,侧移式舱口盖；侧向滚动[式]舱口盖,,2020-08-25
9362791,side scan sonar,水平扫描声纳,,2020-08-25
9362792,side scuttle,舷窗,,2020-08-25
9362793,side scuttle,舷[侧圆]窗,,2020-08-25
9362794,side scuttle blind,舷窗内盖,,2020-08-25
9362795,side scuttle plug,舷窗外盖,,2020-08-25
9362796,side shafting,侧轴系,,2020-08-25
9362797,side shifter,舷侧起卸货机,,2020-08-25
9362798,side shore,边撑柱,,2020-08-25
9362799,side slipway,横向滑道,,2020-08-25
9362800,side sparring,舱侧[间距]条护板,,2020-08-25
9362801,side strake,舷[侧外]板列,,2020-08-25
9362802,side stringer,侧加强肋,,2020-08-25
9362803,side tank,舷侧压载舱,,2020-08-25
9362804,side thrust device,侧推装置,,2020-08-25
9362805,side thruster,侧推器,,2020-08-25
9362806,side thruster turning maneuver,侧推器回转操纵,,2020-08-25
9362807,side transverse,侧深横肋,,2020-08-25
9362808,side view,侧视图,,2020-08-25
9362809,side wall,坞侧壁；浮坞墙；侧壁,,2020-08-25
9362810,side waller,侧壁式气垫船,,2020-08-25
9362811,side water course,舷侧污水道,,2020-08-25
9362812,side wheel,舷明轮,,2020-08-25
9362813,side wheel steamer,侧明轮船,,2020-08-25
9362814,side wind,横风,,2020-08-25
9362815,side-bend test,侧弯试验,,2020-08-25
9362816,side-fired boiler,侧烧[水管]锅炉,,2020-08-25
9362817,sidehull resistance,片体阻力；侧体阻力,,2020-08-25
9362818,side-launching ways,横向下水滑道,,2020-08-25
9362819,side-light plug,舷窗外盖,,2020-08-25
9362820,side-light screen,舷灯遮光板,,2020-08-25
9362821,side-loader,侧向装卸机{货柜船},,2020-08-25
9362822,side-looking sonar,旁视声纳,,2020-08-25
9362823,side-plate rudder,复板舵,,2020-08-25
9362824,sideslip,侧滑,,2020-08-25
9362825,sidewall hovercraft,侧壁室气垫船,,2020-08-25
9362826,sidewall vessel,侧壁式气垫船,,2020-08-25
9362827,sideway launching,横向下水,,2020-08-25
9362828,siding,角材侧视宽；侧线,,2020-08-25
9362829,sieve,筛；漏杓,,2020-08-25
9362830,sight chamber,观测室,,2020-08-25
9362831,sight edge,鱼鳞板上缘；瞄准器,,2020-08-25
9362832,sight feed lubricator,显给润滑器,,2020-08-25
9362833,sight hole,窥孔,,2020-08-25
9362834,sight letter of credit,即期信用状,,2020-08-25
9362835,sight vane,[罗经]方位标,,2020-08-25
9362836,sightseeing ferry,游览渡船,,2020-08-25
9362837,sigificant wave,有义波,,2020-08-25
9362838,SIGMA welding,金属惰气电弧銲,,2020-08-25
9362839,signal,信号,,2020-08-25
9362840,signal bell,信号钟,,2020-08-25
9362841,signal blue light,蓝光信号,,2020-08-25
9362842,signal bridge,信号台,,2020-08-25
9362843,signal chest,信号旗箱,,2020-08-25
9362844,signal code book,信号代码书,,2020-08-25
9362845,signal equipment,信号设备,,2020-08-25
9362846,signal flag,信号旗,,2020-08-25
9362847,signal frequency,信号频宰,,2020-08-25
9362848,signal impulse,信号脉冲,,2020-08-25
9362849,signal lamp,信号灯,,2020-08-25
9362850,signal lantern,信号灯；手提信号灯,,2020-08-25
9362851,signal letter,呼号；代号；信号符字,,2020-08-25
9362852,signal level,信号位准,,2020-08-25
9362853,signal light,信号灯,,2020-08-25
9362854,signal line,信号绳,,2020-08-25
9362855,signal mast,信号桅,,2020-08-25
9362856,signal pistol,信号枪,,2020-08-25
9362857,signal red light,红光信号,,2020-08-25
9362858,signal rocket,火箭信号弹,,2020-08-25
9362859,signal threshold,信号可辨阈,,2020-08-25
9362860,signal valve,[应急]信号阀,,2020-08-25
9362861,signal yard,信号旗桁；信号横杆,,2020-08-25
9362862,signaling mirror,[日光]信号镜,,2020-08-25
9362863,signal-noise ratio,信噪比,,2020-08-25
9362864,signature,讯迹,,2020-08-25
9362865,significant value,有义值；有效值,,2020-08-25
9362866,significant wave height,有义波高,,2020-08-25
9362867,significant wave period,有义波周期,,2020-08-25
9362868,silencer,消音器,,2020-08-25
9362869,silencer boiler,[废气]消音锅炉,,2020-08-25
9362870,silent blow off valve,无声吹泄阀；消音吹泄阀,,2020-08-25
9362871,silent blow-off valve,消音吹泄阀,,2020-08-25
9362872,silent ventilator,低噪[声]风机,,2020-08-25
9362873,silent zone,静区；盲区,,2020-08-25
9362874,silicate cotton,炉渣绵,,2020-08-25
9362875,silicate cotton wool,炉渣绵,,2020-08-25
9362876,silicon rectifier,矽[控]整流器,,2020-08-25
9362877,silicon solar cell,矽太阳能电池,,2020-08-25
9362878,silicon steel,矽钢,,2020-08-25
9362879,silk room,贵重品室,,2020-08-25
9362880,sill,门槛,,2020-08-25
9362881,silo,[散装货]储舱,,2020-08-25
9362882,silt,淤泥,,2020-08-25
9362883,silver solder,银銲料,,2020-08-25
9362884,silver soldering,银銲,,2020-08-25
9362885,silver-alloy brazing,银合金硬銲,,2020-08-25
9362886,similar model,相似模型船,,2020-08-25
9362887,similarity,相似性,,2020-08-25
9362888,Simla rule,辛姆拉[客船]规则,,2020-08-25
9362889,simple engine,单式引擎,,2020-08-25
9362890,simple expansion engine,单涨汽机；单涨式机,,2020-08-25
9362891,simple gas-turbine cycle,单涡轮循环,,2020-08-25
9362892,simple pump,单缸泵,,2020-08-25
9362893,simplex method,单体法,,2020-08-25
9362894,simplex nozzle atomizer,单嘴喷雾器,,2020-08-25
9362895,simplex rudder,[舵]轴兼[舵]柱型,,2020-08-25
9362896,simply supported edge,简支缘,,2020-08-25
9362897,simply supported grillage,简支格架,,2020-08-25
9362898,Simpson's rule,辛普生法则,,2020-08-25
9362899,simulated voyage,模拟航行,,2020-08-25
9362900,simulation,模拟,,2020-08-25
9362901,simulative corrosion test,模拟腐蚀试验,,2020-08-25
9362902,simultaneous disengaging gear,联动脱钩装置,,2020-08-25
9362903,singing propeller,鸣音螺桨,,2020-08-25
9362904,single acting,单动式,,2020-08-25
9362905,single acting engine,单动引擎,,2020-08-25
9362906,single acting pump,单动泵,,2020-08-25
9362907,single anchor leg mooring,单脚锚泊,,2020-08-25
9362908,single banked boat,单排桨艇；单坐划艇,,2020-08-25
9362909,single bar link,单臂连杆,,2020-08-25
9362910,single berth,单人铺,,2020-08-25
9362911,single berth cabin,单人房舱,,2020-08-25
9362912,single bevel groove weld,单斜槽銲；单边V型槽銲道,,2020-08-25
9362913,single block,单轮滑车,,2020-08-25
9362914,single bottom,单底,,2020-08-25
9362915,single bottom vessel,单底船,,2020-08-25
9362916,single buoy mooring system {=SBM},单浮筒系泊系统,,2020-08-25
9362917,single burton,单滑车组,,2020-08-25
9362918,single collar type,单轴环式,,2020-08-25
9362919,single conductor earth system,单线接地系统,,2020-08-25
9362920,single cylinder engine,单缸机,,2020-08-25
9362921,single end windlass,单侧起锚机,,2020-08-25
9362922,single engine,单引擎,,2020-08-25
9362923,single expansion engine,单胀式机,,2020-08-25
9362924,single face telegraph,单面伡钟,,2020-08-25
9362925,single fastening,单钉法,,2020-08-25
9362926,single flow,单流,,2020-08-25
9362927,single frame,单材肋骨,,2020-08-25
9362928,single gate caisson,单扇坞门,,2020-08-25
9362929,single gear,单级齿轮,,2020-08-25
9362930,single helical gear,单线螺旋齿轮,,2020-08-25
9362931,single hull,单层船壳,,2020-08-25
9362932,single leg unit,单腿式平台,,2020-08-25
9362933,single mount,单层[防振]座,,2020-08-25
9362934,single operater welding machine,单人操作电銲机,,2020-08-25
9362935,single pass welding,单道銲接,,2020-08-25
9362936,single pedestal desk,单脚书桌,,2020-08-25
9362937,single phase,单相,,2020-08-25
9362938,single phase alternating current,单相交流电,,2020-08-25
9362939,single plate rudder,单板舵；平板舵,,2020-08-25
9362940,single point mooring,单点系泊[法],,2020-08-25
9362941,single point mooring buoy,单点系泊浮筒,,2020-08-25
9362942,single point mooring system {=SPM},单点系泊系统,,2020-08-25
9362943,single pole switch,单刀开关；单极开关,,2020-08-25
9362944,single probe,单油头,,2020-08-25
9362945,single pull hatch cover,单拉[式]舱口盖,,2020-08-25
9362946,single purchase winch,单索绞机,,2020-08-25
9362947,single reduction gear,单级减速齿轮,,2020-08-25
9362948,single reduction geared turbine,单级减速齿轮涡轮机,,2020-08-25
9362949,single riveted joint,单行铆接,,2020-08-25
9362950,single riveting,单列[铆]接,,2020-08-25
9362951,single sail,单帆,,2020-08-25
9362952,single screw ship,单螺桨船,,2020-08-25
9362953,single screw vessel,单螺桨船,,2020-08-25
9362954,single shear,单面剪,,2020-08-25
9362955,single shrouded impeller,单侧板式叶轮,,2020-08-25
9362956,single shrouded wheel,半闭式叶轮,,2020-08-25
9362957,single side-band {=SSB} transmission,单边[频]带发送,,2020-08-25
9362958,single skin type,单壳式,,2020-08-25
9362959,single stage,单级,,2020-08-25
9362960,single stage compressor,单级压缩机,,2020-08-25
9362961,single stage pump,单级泵,,2020-08-25
9362962,single suction pump,单吸[口]泵,,2020-08-25
9362963,single swinging boom,单吊杆作业,,2020-08-25
9362964,single throw crank shaft,单拐曲轴,,2020-08-25
9362965,single vortex,单涡,,2020-08-25
9362966,single whip,单滑车索；绞帆索,,2020-08-25
9362967,single wire system,单线系统,,2020-08-25
9362968,single-acting engine,单动引擎,,2020-08-25
9362969,single-arm tiller,单臂舵柄,,2020-08-25
9362970,single-banked boat,单坐划艇,,2020-08-25
9362971,single-bottom vessel,单底船,,2020-08-25
9362972,single-collar thrust block,单轴环止推轴承,,2020-08-25
9362973,single-core cable,单芯电缆,,2020-08-25
9362974,single-cylinder engine,单缸机,,2020-08-25
9362975,single-deck vessel,单[层]甲板船,,2020-08-25
9362976,single-drum boiler,单筒锅炉,,2020-08-25
9362977,single-ended boiler,单头锅炉,,2020-08-25
9362978,single-fluid cell,单液电池,,2020-08-25
9362979,single-furnace boiler,单炉膛锅炉,,2020-08-25
9362980,single-header boiler,单鼓筒锅炉,,2020-08-25
9362981,single-hose rigs,单管设备,,2020-08-25
9362982,single-J groove,单丁形[銲]槽,,2020-08-25
9362983,single-J groove weld,单面J型槽銲道,,2020-08-25
9362984,single-layer field winding,单层磁场绕组,,2020-08-25
9362985,single-leg propeller strut,单脚螺桨架,,2020-08-25
9362986,single-outrigger canoe,单舷平衡体舟,,2020-08-25
9362987,single-pass boiler,单烟道锅炉,,2020-08-25
9362988,single-pass welding,单道銲法,,2020-08-25
9362989,single-pole double-throw switch,单刀双投开关；单极双投开关,,2020-08-25
9362990,single-pole single-throw switch,单刀双投开关；单极单投开关,,2020-08-25
9362991,single-ported slide valve,单口滑阀,,2020-08-25
9362992,single-sheave block,单轮滑车,,2020-08-25
9362993,single-sided impeller,单侧吸式叶轮,,2020-08-25
9362994,single-skey stern,单鳍艉,,2020-08-25
9362995,single-skin construction,单板结构,,2020-08-25
9362996,single-step boat,单阶底快艇,,2020-08-25
9362997,single-step planing boat,单阶底滑航艇,,2020-08-25
9362998,single-U groove,单U形[銲]槽,,2020-08-25
9362999,singnal whistle,[信]号笛,,2020-08-25
9363000,sini,[玻里尼西亚]单舷外浮木独木舟,,2020-08-25
9363001,sink,水槽；缩流；汇流,,2020-08-25
9363002,sinkage,下沉,,2020-08-25
9363003,sinking and floating hose,浮沉式软管,,2020-08-25
9363004,sinking pump,潜水泵；沉水泵,,2020-08-25
9363005,sinking speed,下沉速[率],,2020-08-25
9363006,sinking valve,浸水阀；泛水阀,,2020-08-25
9363007,sinusoidal wave,正弦波,,2020-08-25
9363008,siporter,舷门装卸机,,2020-08-25
9363009,siren,汽笛；气笛,,2020-08-25
9363010,siroccozone system,臭氧系统,,2020-08-25
9363011,sisal rope,琼麻绳,,2020-08-25
9363012,sister hook,叠钩；姊妹钩,,2020-08-25
9363013,sister keelson,副内龙骨,,2020-08-25
9363014,sister ship,姊妹船；同型船,,2020-08-25
9363015,site welding,现场銲接；安装銲接；工地銲接,,2020-08-25
9363016,sixaern,谢德兰群岛渔帆艇,,2020-08-25
9363017,six-oar boat,六桨划艇,,2020-08-25
9363018,size of fillet weld,填角銲尺寸,,2020-08-25
9363019,size table,尺寸表{放样},,2020-08-25
9363020,size-weight ratio,负荷比{滑航艇},,2020-08-25
9363021,skaffie,苏格兰梯形帆船,,2020-08-25
9363022,skate launching system,滑架下水系统,,2020-08-25
9363023,skeg,艉鳍,,2020-08-25
9363024,skeg shore,止滑木,,2020-08-25
9363025,skekta,冰岛敞式划桨帆船,,2020-08-25
9363026,skeleton,骨架,,2020-08-25
9363027,skeleton diagram,骨架图,,2020-08-25
9363028,skeleton displacement,裸排水量,,2020-08-25
9363029,skeleton drawing,骨架图,,2020-08-25
9363030,skeleton floor,空架底肋板,,2020-08-25
9363031,skeleton spanner,薄扳手,,2020-08-25
9363032,skeleton wheel,大车轮,,2020-08-25
9363033,skelp,有缝管用板条,,2020-08-25
9363034,sketch drawing,草图,,2020-08-25
9363035,sketch plate,草图板,,2020-08-25
9363036,skew,歪斜；掠曲,,2020-08-25
9363037,skew angle,[螺叶]歪斜角度,,2020-08-25
9363038,skew bevel gear,歪斜齿轮,,2020-08-25
9363039,skewback,[螺]叶歪斜,,2020-08-25
9363040,skewed propeller,掠曲螺桨；歪斜螺桨,,2020-08-25
9363041,ski-boat,滑水艇,,2020-08-25
9363042,skid beam,露梁,,2020-08-25
9363043,skid deck,滑道甲板{渔船}无板甲板,,2020-08-25
9363044,skids,防护[船侧]垫木,,2020-08-25
9363045,skiff,平底浅吃水艇；轻舟,,2020-08-25
9363046,ski-jump,航空母舰助飞斜坡,,2020-08-25
9363047,skilled labor,熟练工,,2020-08-25
9363048,skimmer,掠行艇；撇油器,,2020-08-25
9363049,skimming dish boat,有中插板浅水帆船；[美国]单桅帆船,,2020-08-25
9363050,skimming-dish,平底轻舟,,2020-08-25
9363051,skin,外板；船壳；蒙皮,,2020-08-25
9363052,skin boat,兽皮艇；树皮艇,,2020-08-25
9363053,skin canoe,皮囊舟,,2020-08-25
9363054,skin friction,表面摩擦,,2020-08-25
9363055,skin friction resistance,[表面]摩擦阻力,,2020-08-25
9363056,skin resistance,表面阻力,,2020-08-25
9363057,skip method,间越顺序銲接法,,2020-08-25
9363058,skip welding,间越顺序銲接；跳銲法,,2020-08-25
9363059,skipjack,V型底帆船,,2020-08-25
9363060,skipjack fishing vessel,鲔钓渔船,,2020-08-25
9363061,skipjack pole and liner,鲔延绳钓船,,2020-08-25
9363062,skipper,艏{渔船}；[小船]船长,,2020-08-25
9363063,skirt,气裙；围裙,,2020-08-25
9363064,skirt box,[气垫船]围裙箱,,2020-08-25
9363065,skirt plate,裙板,,2020-08-25
9363066,skirt system,气裙系统,,2020-08-25
9363067,skirting,边缘；壁脚板,,2020-08-25
9363068,skirting board,壁脚板,,2020-08-25
9363069,skirting rise,气裙升高度,,2020-08-25
9363070,skjegte,挪威无甲板渔帆船,,2020-08-25
9363071,skoite,挪威有甲板帆船,,2020-08-25
9363072,skylight,天窗,,2020-08-25
9363073,skylight cover,天窗盖,,2020-08-25
9363074,skylight grating,天窗格栅,,2020-08-25
9363075,skylight quadrant,天窗扇形齿轮,,2020-08-25
9363076,skylight sash,天窗框架,,2020-08-25
9363077,skysail,天帆；顶桅以上小方帆,,2020-08-25
9363078,skysail lift,天帆吊索,,2020-08-25
9363079,skysail mast,天桅,,2020-08-25
9363080,skysail stay,天帆支索,,2020-08-25
9363081,slab,平台；板条,,2020-08-25
9363082,slab cork,软木板,,2020-08-25
9363083,slab insulant,板状绝热材料,,2020-08-25
9363084,slab keel,假龙骨,,2020-08-25
9363085,slab longitudinal,板条纵材,,2020-08-25
9363086,slack bulge,圆【舟必】,,2020-08-25
9363087,slack coal,碎煤；屑煤,,2020-08-25
9363088,slack meter,电缆松紧计,,2020-08-25
9363089,slack mooring,松弛系泊；松缆,,2020-08-25
9363090,slack tank,半载舱,,2020-08-25
9363091,slag,溶渣,,2020-08-25
9363092,slag cement,矿渣水泥；高炉水泥,,2020-08-25
9363093,slag hammer,除[銲]渣锤,,2020-08-25
9363094,slag wool,矿渣绵,,2020-08-25
9363095,slagging combustion chamber,排渣燃烧室,,2020-08-25
9363096,slamming,波击,,2020-08-25
9363097,slamming damage,波击损伤,,2020-08-25
9363098,slamming load,波击负荷,,2020-08-25
9363099,slamming pressure,波击压力,,2020-08-25
9363100,slamming stresses,波击应力,,2020-08-25
9363101,slapping,故障杂音,,2020-08-25
9363102,slave station,副站,,2020-08-25
9363103,slave unit,从动机构；随动机构,,2020-08-25
9363104,SLBM {Submarine-Launched Ballistic Missile},潜艇发射之弹道飞弹,,2020-08-25
9363105,sledge,大锤,,2020-08-25
9363106,sledge hammer,大锤,,2020-08-25
9363107,sled-type bow,橇形艏,,2020-08-25
9363108,sled-type stern,雪橇型艉,,2020-08-25
9363109,sleeper,枕木,,2020-08-25
9363110,sleeping accommodation,寝具,,2020-08-25
9363111,sleeve,套筒,,2020-08-25
9363112,sleeve coupling,套筒联结器,,2020-08-25
9363113,sleeve joint,套筒接合,,2020-08-25
9363114,sleeve joint box,套筒接合箱,,2020-08-25
9363115,sleeve valve,套筒阀,,2020-08-25
9363116,slender body,细长体,,2020-08-25
9363117,slender body theory,细长体理论,,2020-08-25
9363118,slenderness ratio,细长比,,2020-08-25
9363119,slew line,回旋控索,,2020-08-25
9363120,slewing angle,吊杆旋角,,2020-08-25
9363121,slewing derrick,旋转式吊杆,,2020-08-25
9363122,slewing guy,旋转控索,,2020-08-25
9363123,slewing jib crane,旋臂吊车,,2020-08-25
9363124,slewing winch,[吊杆]回旋绞车,,2020-08-25
9363125,slice bar,通火棒,,2020-08-25
9363126,sliced veneer,切制薄板,,2020-08-25
9363127,slide block,滑块,,2020-08-25
9363128,slide bolt,滑闩,,2020-08-25
9363129,slide bridge,滑动电桥,,2020-08-25
9363130,slide fit,滑动配合,,2020-08-25
9363131,slide joint,滑动接合,,2020-08-25
9363132,slide platform,滑动平台,,2020-08-25
9363133,slide rheostat,滑触变阻器；滑触电位计,,2020-08-25
9363134,slide rule,计算尺,,2020-08-25
9363135,slide valve,滑阀,,2020-08-25
9363136,slide valve box,滑阀箱,,2020-08-25
9363137,slide valve buckle,滑阀套,,2020-08-25
9363138,slide valve casing,滑阀箱,,2020-08-25
9363139,slide valve chest,滑阀箱,,2020-08-25
9363140,slide valve rod,滑阀杆,,2020-08-25
9363141,slide valve spindle,滑阀杆,,2020-08-25
9363142,slide-valve chest,滑阀室,,2020-08-25
9363143,slide-valve link,滑阀连杆,,2020-08-25
9363144,slidewire bridge,滑动电桥,,2020-08-25
9363145,sliding block,滑块；活动墩,,2020-08-25
9363146,sliding bowsprit,[滑动]伸缩式艏斜桅,,2020-08-25
9363147,sliding brush,滑动电刷,,2020-08-25
9363148,sliding caisson,滑动坞门,,2020-08-25
9363149,sliding cam shaft system,滑动式凸轮系统,,2020-08-25
9363150,sliding contact,滑[动接]触,,2020-08-25
9363151,sliding cylinder double acting engine,滑缸双动式引擎,,2020-08-25
9363152,sliding door,滑门,,2020-08-25
9363153,sliding feet,滑动脚座,,2020-08-25
9363154,sliding frame,滑动框架{泵},,2020-08-25
9363155,sliding gate measuring valve,测流滑闸阀,,2020-08-25
9363156,sliding guide,滑导,,2020-08-25
9363157,sliding gunter mast,天帆滑动顶桅,,2020-08-25
9363158,sliding hatch cover,滑动[式]舱口盖,,2020-08-25
9363159,sliding joint,滑动接合,,2020-08-25
9363160,sliding keel,[帆船]滑动龙骨,,2020-08-25
9363161,sliding layer,滑动层,,2020-08-25
9363162,sliding seat boat,划座艇,,2020-08-25
9363163,sliding throttle valve,滑动节流阀,,2020-08-25
9363164,sliding value,游值；滑动值；滑动阀,,2020-08-25
9363165,sliding ways,滑台,,2020-08-25
9363166,slight sea,小浪{二级浪},,2020-08-25
9363167,sling,吊索；吊链,,2020-08-25
9363168,sling bolt,吊索套环,,2020-08-25
9363169,sling chain,吊链,,2020-08-25
9363170,sling-dog,索端挂钩,,2020-08-25
9363171,slip,滑流；导槽；转差；打滑,,2020-08-25
9363172,slip angle,滑流角[度],,2020-08-25
9363173,slip back,逆流,,2020-08-25
9363174,slip bolt,滑动螺栓；滑闩,,2020-08-25
9363175,slip clamp,滑动夹,,2020-08-25
9363176,slip factor,滑流因数,,2020-08-25
9363177,slip frequency,转差频率,,2020-08-25
9363178,slip hook,滑钩,,2020-08-25
9363179,slip ratio,滑流比,,2020-08-25
9363180,slip ring,滑环；集电环,,2020-08-25
9363181,slip stopper,止滑器,,2020-08-25
9363182,slipknot,活结；滑结,,2020-08-25
9363183,slipper,滑块；游标,,2020-08-25
9363184,slipper stern,斜形艉,,2020-08-25
9363185,slips,钻管夹持器{钻油船},,2020-08-25
9363186,slipstream,[螺桨]艉流,,2020-08-25
9363187,slipway,船台；滑轨,,2020-08-25
9363188,slipway cradle,滑道托架,,2020-08-25
9363189,slipway turntable,滑道转盘,,2020-08-25
9363190,slit,槽缝；裂缝,,2020-08-25
9363191,slitting machine,开槽机；裁片机,,2020-08-25
9363192,sloep,荷兰钩绳渔船,,2020-08-25
9363193,sloop,单桅纵帆船,,2020-08-25
9363194,sloop boat,[美国]单桅小渔船,,2020-08-25
9363195,sloop rig,单桅纵帆船,,2020-08-25
9363196,sloop rigged,砲舰；单桅纵帆船,,2020-08-25
9363197,slop disposal capacity,废油处理能力,,2020-08-25
9363198,slop tank,污油[水]柜,,2020-08-25
9363199,slope board,坡板,,2020-08-25
9363200,slope chute,污水斜槽,,2020-08-25
9363201,slope deflection method,斜率挠度法,,2020-08-25
9363202,slope of wave surface,波面斜率；波面倾角,,2020-08-25
9363203,slope of ways,船台斜度,,2020-08-25
9363204,sloping bow,斜[柱]艏,,2020-08-25
9363205,sloping bulkhead,斜舱壁,,2020-08-25
9363206,sloshing,冲激,,2020-08-25
9363207,sloshing load,冲激负荷,,2020-08-25
9363208,slot,槽,,2020-08-25
9363209,slot link,槽孔滑环；有槽连杆,,2020-08-25
9363210,slot weld,槽銲,,2020-08-25
9363211,slotted girder,槽嵌纵梁,,2020-08-25
9363212,slotted web,槽嵌深横肋；槽孔腹板,,2020-08-25
9363213,slotting machine,插床；竖刨床,,2020-08-25
9363214,slow speed,低转速；低速[率],,2020-08-25
9363215,slower,舱内装卸工；堆装工,,2020-08-25
9363216,slow-setting cement,慢凝水泥,,2020-08-25
9363217,sludge,油泥；污物；淤渣,,2020-08-25
9363218,sludge boat,运泥船；污物运输船,,2020-08-25
9363219,sludge breaker,油污清除剂,,2020-08-25
9363220,sludge carrier,运泥船；垃圾船,,2020-08-25
9363221,sludge hole,出渣孔,,2020-08-25
9363222,sludge pump,污油泵,,2020-08-25
9363223,sludge tank,污油[泥]柜；污物柜,,2020-08-25
9363224,sludge vessel,泥驳；运泥船,,2020-08-25
9363225,sludge well,油渣泥槽,,2020-08-25
9363226,slue,[船艏]突然转向,,2020-08-25
9363227,slugging,填料銲接,,2020-08-25
9363228,sluice board,闸板,,2020-08-25
9363229,sluice door,水门,,2020-08-25
9363230,sluice valve,闸阀,,2020-08-25
9363231,slurry,泥浆,,2020-08-25
9363232,slurry carrier,矿浆船,,2020-08-25
9363233,SM {sea margin},航海余裕,,2020-08-25
9363234,smack,有甲板小帆船,,2020-08-25
9363235,smack boat,单桅渔船,,2020-08-25
9363236,smackerel,鲭鱼渔船,,2020-08-25
9363237,small bitt,绕索桩,,2020-08-25
9363238,small bower,左舷艏锚,,2020-08-25
9363239,small scale yielding,微量降伏,,2020-08-25
9363240,small stay,短牵条{锅炉},,2020-08-25
9363241,small stuff,船用小绳索,,2020-08-25
9363242,small tube boiler,小管径锅炉；细管锅炉,,2020-08-25
9363243,small waterplane area twin hull {=SWATH},小水线面双体船,,2020-08-25
9363244,SMAW {shield metal arc welding},金属被复电弧銲,,2020-08-25
9363245,smiter,风暴帆,,2020-08-25
9363246,Smith correction,史密斯修正波效应,,2020-08-25
9363247,Smith effect,史密斯效应,,2020-08-25
9363248,smith work,铁工；锻工,,2020-08-25
9363249,smoke boat,烟幕施放艇,,2020-08-25
9363250,smoke box,烟箱,,2020-08-25
9363251,smoke box door,烟箱门,,2020-08-25
9363252,smoke chart,鉴烟表；烟色图,,2020-08-25
9363253,smoke detector,探烟器,,2020-08-25
9363254,smoke helmet,防烟头盔,,2020-08-25
9363255,smoke indicator,烟浓度计,,2020-08-25
9363256,smoke mask,防烟面具,,2020-08-25
9363257,smoke meter,排烟浓度计,,2020-08-25
9363258,smoke nuisance test model,烟害试验模型,,2020-08-25
9363259,smoke observation device,观烟设施,,2020-08-25
9363260,smoke pipe fire alarm system,烟管火警警报系统,,2020-08-25
9363261,smoke screen,烟幕,,2020-08-25
9363262,smoke signal,烟[雾信]号,,2020-08-25
9363263,smoke stack,烟囱,,2020-08-25
9363264,smoke tight,烟密,,2020-08-25
9363265,smoke tube,烟管,,2020-08-25
9363266,smoke tube boiler,烟管锅炉,,2020-08-25
9363267,smoke tube fire alarm system,烟管火警警报装置,,2020-08-25
9363268,smoke uptake,烟喉,,2020-08-25
9363269,smoke wake,烟迹,,2020-08-25
9363270,smoke-detecting cabinet,测烟柜,,2020-08-25
9363271,smoking room,吸烟室,,2020-08-25
9363272,smooth body,光滑体,,2020-08-25
9363273,smooth sea,微浪{一级浪},,2020-08-25
9363274,smooth surface,平滑面,,2020-08-25
9363275,smooth water area,平水区域,,2020-08-25
9363276,smooth water service vessel,平水区域[航行]船,,2020-08-25
9363277,smothered arc welding,潜弧銲接,,2020-08-25
9363278,smothering arrangement,窒火装置,,2020-08-25
9363279,S-N diagram,S-N线图{疲劳试验},,2020-08-25
9363280,snag boat,清障船,,2020-08-25
9363281,snake-motion wavemaker,蛇动式造波机,,2020-08-25
9363282,snap buckling,突然挫曲,,2020-08-25
9363283,snap gauge,卡规,,2020-08-25
9363284,snap head grooved bolt,圆头槽螺栓,,2020-08-25
9363285,snap head rivet,圆头铆钉,,2020-08-25
9363286,snap ring,扣环,,2020-08-25
9363287,snap roll,突然横摇,,2020-08-25
9363288,snap switch,按捺开关,,2020-08-25
9363289,snap-in-place rubbing strip,钮扣型防磨材,,2020-08-25
9363290,snatch block,开口滑车,,2020-08-25
9363291,snatch cheek,[开口滑车]扣盖,,2020-08-25
9363292,snifting valve,泄汽阀；泄气阀,,2020-08-25
9363293,snip,[型钢]切角,,2020-08-25
9363294,snip bow,切底型艏,,2020-08-25
9363295,snip end,切角端,,2020-08-25
9363296,snipped bow,切底型艏,,2020-08-25
9363297,snore,通气孔；泵进水管,,2020-08-25
9363298,snorkel,[潜艇]通气管装置,,2020-08-25
9363299,snorkel exhaust valve,[潜艇]通气管排气阀,,2020-08-25
9363300,snorkel float valve,[潜艇]浮阀,,2020-08-25
9363301,snorkel induction valve,[潜艇]通气管进气阀,,2020-08-25
9363302,snorkel mast,[潜艇]通气管升降桅,,2020-08-25
9363303,snorkel stock,柴油机通气管工作装置围阱,,2020-08-25
9363304,snorkel wake,[潜艇柴油机]通气管航迹,,2020-08-25
9363305,snorkeling,[潜艇内燃机]通气管状态航行,,2020-08-25
9363306,snorkeling condition,通气管浮态{潜艇},,2020-08-25
9363307,snorkeling speed,[潜艇]通气管航速,,2020-08-25
9363308,snort,[潜艇]通气管装置,,2020-08-25
9363309,snort condition,通气管浮态{潜艇},,2020-08-25
9363310,snorter,双环单套绳；两端带眼环吊货索,,2020-08-25
9363311,snorting,[潜艇内燃机]通气管状态航行,,2020-08-25
9363312,snotter,斜桁下端圈套；桅桁杆附索,,2020-08-25
9363313,snout,船艏撞角；喷口,,2020-08-25
9363314,snout bow,鼻型艏,,2020-08-25
9363315,snow,二桅方帆船；横帆帆船,,2020-08-25
9363316,SNR {signal to noise ratio},讯号杂音比,,2020-08-25
9363317,snub,紧急制动；抛锚制动,,2020-08-25
9363318,snubber,减振器；缓冲器；消音器；锚链制止器,,2020-08-25
9363319,snubbing line,急煞索；急煞链,,2020-08-25
9363320,soakage,浸渍；吸渍量,,2020-08-25
9363321,soap test,皂沬试漏,,2020-08-25
9363322,social hall,交谊室,,2020-08-25
9363323,socket,插座；承座；灯座,,2020-08-25
9363324,socket and ball joint,球窝接合；球窝关节,,2020-08-25
9363325,socket joint,套节接头,,2020-08-25
9363326,socket ratchet wrench,套筒棘轮扳手,,2020-08-25
9363327,socket spanner,套筒扳手,,2020-08-25
9363328,socket wrench,套筒扳钳,,2020-08-25
9363329,soda cock,苏打旋塞,,2020-08-25
9363330,sofa bed,沙发床,,2020-08-25
9363331,SOFAR {=sound fixing and ranging},声纳定位仪,,2020-08-25
9363332,soft bow,弯板艏；组合艏,,2020-08-25
9363333,soft chine,圆【舟必】,,2020-08-25
9363334,soft iron,软铁,,2020-08-25
9363335,soft packing,软迫紧；软填料,,2020-08-25
9363336,soft patch,软补,,2020-08-25
9363337,soft solder,软銲料,,2020-08-25
9363338,soft soldering,软銲,,2020-08-25
9363339,soft steel,软钢,,2020-08-25
9363340,soft tank,非耐压液舱{潜},,2020-08-25
9363341,soft water,软水,,2020-08-25
9363342,software,软体,,2020-08-25
9363343,softwood,软木；针叶木材,,2020-08-25
9363344,sognebaad,挪威内海小渔船,,2020-08-25
9363345,soil discharging facility,排泥设施；排秽水设施,,2020-08-25
9363346,soil discharging nozzle,喷嘴,,2020-08-25
9363347,soil pipe,污物管；秽水管,,2020-08-25
9363348,soil pipe elbow,秽水管弯头,,2020-08-25
9363349,soima,苏联二短桅敞渔船,,2020-08-25
9363350,sokai-bune,日本沿海捕鲸船,,2020-08-25
9363351,solar cell,太阳能电池,,2020-08-25
9363352,SOLAS,海上人命安全国际公约,,2020-08-25
9363353,solder,软焊料；焊锡,,2020-08-25
9363354,solder metal,软銲料金属,,2020-08-25
9363355,soldering,软焊,,2020-08-25
9363356,soldering acid,焊酸{软焊用},,2020-08-25
9363357,soldering bit,烙铁头,,2020-08-25
9363358,soldering copper,烙铁铜头,,2020-08-25
9363359,soldering fluid,焊液{软焊用},,2020-08-25
9363360,soldering flux,软焊剂,,2020-08-25
9363361,soldering iron,銲铁；烙铁,,2020-08-25
9363362,soldering set,焊具,,2020-08-25
9363363,solderless terminal,压接型接头,,2020-08-25
9363364,sole piece,舵跟材,,2020-08-25
9363365,sole plate,底板；座板,,2020-08-25
9363366,solenoid brake,电磁煞,,2020-08-25
9363367,solenoid valve,电磁阀,,2020-08-25
9363368,solenoid-operated valve,电磁操作阀,,2020-08-25
9363369,solid ballast,固体压载,,2020-08-25
9363370,solid bearing,整体轴承,,2020-08-25
9363371,solid buoyancy material,固体浮材,,2020-08-25
9363372,solid cam,立体凸轮,,2020-08-25
9363373,solid cargo station,干货整补站,,2020-08-25
9363374,solid casting,整体铸件,,2020-08-25
9363375,solid cement,密实水泥；厚水泥,,2020-08-25
9363376,solid core,实心,,2020-08-25
9363377,solid crank,整体曲柄,,2020-08-25
9363378,solid crank shaft,实心曲柄轴,,2020-08-25
9363379,solid curve,立体曲线,,2020-08-25
9363380,solid dielectric cable,实芯绝缘电缆,,2020-08-25
9363381,solid drawn tube,拉制管,,2020-08-25
9363382,solid floor,实体肋板,,2020-08-25
9363383,solid forging,实[心]锻件,,2020-08-25
9363384,solid fuel,固体燃料,,2020-08-25
9363385,solid injection,无[空]气喷射,,2020-08-25
9363386,solid log bulkhead,厚木舱壁,,2020-08-25
9363387,solid model,实体模型,,2020-08-25
9363388,solid pillar,实心柱,,2020-08-25
9363389,solid pintle,整体舵针,,2020-08-25
9363390,solid piston,实心活塞,,2020-08-25
9363391,solid plate frame,整体肋板,,2020-08-25
9363392,solid propellant missile,固体燃料飞弹,,2020-08-25
9363393,solid propeller,整体螺桨,,2020-08-25
9363394,solid rudder frame,整体舵肋,,2020-08-25
9363395,solid shaft,实心轴,,2020-08-25
9363396,solid shaft rotor,实心轴转子,,2020-08-25
9363397,solid wall,刚性侧壁；实心壁,,2020-08-25
9363398,solid waste,固体废弃物,,2020-08-25
9363399,solid waste shredder,固体废料粉碎机,,2020-08-25
9363400,solidification point,凝固点,,2020-08-25
9363401,solidity,弦周比；固性,,2020-08-25
9363402,solidity ratio,盘面积比；占空系数；满实此,,2020-08-25
9363403,solitary wave,孤立波,,2020-08-25
9363404,soluble washer,可溶解塞,,2020-08-25
9363405,solution heat treatment {=SHT},溶液热处理,,2020-08-25
9363406,solvent,溶剂,,2020-08-25
9363407,solvents carrier,溶剂[运输]船,,2020-08-25
9363408,sonar  { sound navigation and ranging},声纳,,2020-08-25
9363409,sonar array,声纳阵列,,2020-08-25
9363410,sonar blind zone,声纳盲区,,2020-08-25
9363411,sonar bulb,声纳球艏；声纳罩,,2020-08-25
9363412,sonar cable,声纳电缆,,2020-08-25
9363413,sonar cable winch,声纳电缆绞车,,2020-08-25
9363414,sonar dome,声纳音鼓；声纳罩,,2020-08-25
9363415,sonar dome coating,声纳罩涂料,,2020-08-25
9363416,sonar operating frequency,声纳工作频率,,2020-08-25
9363417,sonar optimum frequency,声纳最佳频率,,2020-08-25
9363418,sonar parameter,声纳参数,,2020-08-25
9363419,sonar receiver,声纳接收机,,2020-08-25
9363420,sonar repeater,声纳复示器,,2020-08-25
9363421,sonar transducer,声纳讯号转换器；声纳换能器,,2020-08-25
9363422,sonar transmitter,声纳发射机,,2020-08-25
9363423,sonic frequency,声频,,2020-08-25
9363424,sonic scattering layer,声散射层；伪底层,,2020-08-25
9363425,soniscope,声测仪；[脉冲式]超音波探伤仪,,2020-08-25
9363426,sonobuoy,声纳浮标,,2020-08-25
9363427,soot,烟灰,,2020-08-25
9363428,soot blower,吹灰器,,2020-08-25
9363429,soot door,烟门,,2020-08-25
9363430,SOPEP {shipboard oil pollution emergency plan},船上油污染应急计划,,2020-08-25
9363431,sound absorbent lining,吸音衬层,,2020-08-25
9363432,sound attenuating chamber,消音室；减音室,,2020-08-25
9363433,sound attenuation and air volume control box,消音兼风量控制箱,,2020-08-25
9363434,sound booth,[潜艇]声纳室,,2020-08-25
9363435,sound detector,测音器,,2020-08-25
9363436,sound emission microphone,声发射听声器,,2020-08-25
9363437,sound fixing and ranging {=SOFAR},声纳定位仪,,2020-08-25
9363438,sound frequency,声频,,2020-08-25
9363439,sound insulation construction,隔音构造,,2020-08-25
9363440,sound insulation door,隔音门,,2020-08-25
9363441,sound insulation material,隔音材,,2020-08-25
9363442,sound intensity level,声强位准,,2020-08-25
9363443,sound lead,测深锤,,2020-08-25
9363444,sound level,声音位准,,2020-08-25
9363445,sound level meter,声位仪,,2020-08-25
9363446,sound navigation and ranging  {=sonar},声纳,,2020-08-25
9363447,sound power level,声功率位准,,2020-08-25
9363448,sound pressure,声压,,2020-08-25
9363449,sound pressure level,声压位准,,2020-08-25
9363450,sound signal,音响信号,,2020-08-25
9363451,sound signal instrument,音响信号器具,,2020-08-25
9363452,sound source,声源,,2020-08-25
9363453,sound source level,声源位准,,2020-08-25
9363454,sound spectrum level,声谱位准,,2020-08-25
9363455,sound speed,音速,,2020-08-25
9363456,sound velocimeter,音速仪,,2020-08-25
9363457,sound vibrograph,声响示振仪,,2020-08-25
9363458,sound wave,声波,,2020-08-25
9363459,sound-absorbing material,吸音材料,,2020-08-25
9363460,sound-attenuating mounting,降噪音座,,2020-08-25
9363461,sounder,测深器,,2020-08-25
9363462,sounding,测深,,2020-08-25
9363463,sounding board,共鸣板；测深[记录]板,,2020-08-25
9363464,sounding boat,测深艇,,2020-08-25
9363465,sounding boom,机械测深器吊杆,,2020-08-25
9363466,sounding bridge,[挖泥船]测深桥艛,,2020-08-25
9363467,sounding diagram,测深图表,,2020-08-25
9363468,sounding lead,测深[铅]锤,,2020-08-25
9363469,sounding lead line,水砣绳；测深锤索,,2020-08-25
9363470,sounding line,测深[锤]绳；测深[锤]索,,2020-08-25
9363471,sounding machine,测深机,,2020-08-25
9363472,sounding pipe,测深管,,2020-08-25
9363473,sounding rod,测深杆,,2020-08-25
9363474,sounding scale,测深标尺,,2020-08-25
9363475,sounding table,测深表,,2020-08-25
9363476,sounding tube,测深管,,2020-08-25
9363477,sound-power telephone,声力电话,,2020-08-25
9363478,soundproof chamber,隔音室,,2020-08-25
9363479,soundproof door,防音门,,2020-08-25
9363480,soundproof material,防音材料,,2020-08-25
9363481,sound-ranging,声波测距,,2020-08-25
9363482,source,涌点；源流；源,,2020-08-25
9363483,source box,电源开关箱,,2020-08-25
9363484,source intensity,源流强度,,2020-08-25
9363485,source program,原始程式,,2020-08-25
9363486,space,舱室；空间；间隔,,2020-08-25
9363487,space doublet,三维偶极[子]；空间偶极[子],,2020-08-25
9363488,space period,空间周期；波长,,2020-08-25
9363489,space washer,间隔垫圈；定为垫圈,,2020-08-25
9363490,spacer,隔片；间隔件,,2020-08-25
9363491,spacing,间距；间隔,,2020-08-25
9363492,spacing for insulation,绝缘距离,,2020-08-25
9363493,spade rudder,铲形舵；吊舵,,2020-08-25
9363494,span,跨距；翼展；跨[数],,2020-08-25
9363495,span block,跨索滑车,,2020-08-25
9363496,span bridge,[军舰输弹用]对接导轨桥,,2020-08-25
9363497,span chain,顶牵链,,2020-08-25
9363498,span guy,双吊杆顶间牵索,,2020-08-25
9363499,span point,跨距点,,2020-08-25
9363500,span rigging,跨索具,,2020-08-25
9363501,span rope,跨索,,2020-08-25
9363502,span tackle block,俯仰顶索滑车,,2020-08-25
9363503,span winch,跨索绞机,,2020-08-25
9363504,spandrel,上下层窗空间,,2020-08-25
9363505,Spanish burton,西班牙式单滑车组,,2020-08-25
9363506,spanker,[三桅船之]后纵帆,,2020-08-25
9363507,spanker boom,后桅斜桁帆驶帆杆；后纵帆桁,,2020-08-25
9363508,spanker gaff,后纵帆斜桁,,2020-08-25
9363509,spanker mast,[三桅船]最后桅；四桅纵帆船艉桅,,2020-08-25
9363510,spanker sheet,艉斜桁帆帆脚索,,2020-08-25
9363511,spanner,扳手,,2020-08-25
9363512,spanner guard,扳手制动器{吹泄旋塞},,2020-08-25
9363513,spanner stay,主柱间横拉索,,2020-08-25
9363514,spanner wrench,转动扳钳,,2020-08-25
9363515,spanwire stowage padeye,跨索储放眼板,,2020-08-25
9363516,spanwire winch,跨索绞机,,2020-08-25
9363517,spanwise lift,展开升力,,2020-08-25
9363518,spar,圆材；梁,,2020-08-25
9363519,spar and boom gear,双吊杆联合作业装置,,2020-08-25
9363520,spar ceiling,间距垫材；间距保护条,,2020-08-25
9363521,spar deck,[主甲板上方]轻[结]构甲板,,2020-08-25
9363522,spar deck vessel,轻甲板船,,2020-08-25
9363523,spar fender,舷边碰垫,,2020-08-25
9363524,spar type drilling ring,浮圆柱型钻油船,,2020-08-25
9363525,spar varnish,慢干性清漆,,2020-08-25
9363526,spar-deck vessel,轻甲板船,,2020-08-25
9363527,spare anchor,备用锚,,2020-08-25
9363528,spare bunker,煤货兼用舱,,2020-08-25
9363529,spare cabin,备用舱室,,2020-08-25
9363530,spare coal bunker,备用煤舱,,2020-08-25
9363531,spare gear,备品；备用配件{机舱},,2020-08-25
9363532,spare machine,备用机器,,2020-08-25
9363533,spare oil bunker,备用油柜,,2020-08-25
9363534,spare parts,备品,,2020-08-25
9363535,spares,备品,,2020-08-25
9363536,spargine,蒸汽清舱,,2020-08-25
9363537,spark,火花；火星,,2020-08-25
9363538,spark arrester,火花防止器,,2020-08-25
9363539,spark catcher,火花防止器,,2020-08-25
9363540,spark distributor,点火分配器,,2020-08-25
9363541,spark gap,火花[间]隙,,2020-08-25
9363542,spark igniter,火花点火器,,2020-08-25
9363543,spark ignition {=Sl} engine,引燃机,,2020-08-25
9363544,spark plung,火花塞；火星塞,,2020-08-25
9363545,sparkover test,飞火花试验,,2020-08-25
9363546,sparred seat,板条椅,,2020-08-25
9363547,sparring,夹条板；保护条,,2020-08-25
9363548,spatial mode,空间分布[模],,2020-08-25
9363549,spatter,銲溅物,,2020-08-25
9363550,spatter loss,銲溅损失,,2020-08-25
9363551,spattering percentage,銲溅率,,2020-08-25
9363552,speaking trumpet,传声器；麦克风,,2020-08-25
9363553,speaking tube,传话筒；传声管,,2020-08-25
9363554,special area,特别海域,,2020-08-25
9363555,special category space,特种空间,,2020-08-25
9363556,special flexible wire rope,特别柔软钢索,,2020-08-25
9363557,special purpose ship safety certificate,特种船舶安全证书,,2020-08-25
9363558,special purpose vessel,专用船,,2020-08-25
9363559,special steel,特种钢,,2020-08-25
9363560,special survey,特别检验,,2020-08-25
9363561,special trade passenger ship,特殊贸易客船,,2020-08-25
9363562,specialized carrier,特种货船,,2020-08-25
9363563,specific acoustic impedance,声阻抗率,,2020-08-25
9363564,specific air consumption,空气消耗率；单位耗[空]气量,,2020-08-25
9363565,specific capacity,比容,,2020-08-25
9363566,specific force,比力,,2020-08-25
9363567,specific fuel consumption {=SFC},单位耗油量,,2020-08-25
9363568,specific gravity,比重,,2020-08-25
9363569,specific heat,比热,,2020-08-25
9363570,specific heat at constant pressure,定压比热,,2020-08-25
9363571,specific heat at constant volume,定容比热,,2020-08-25
9363572,specific humidity,单位湿度；比湿度,,2020-08-25
9363573,specific lubricating oil consumption,滑油消耗率；单位耗滑油量,,2020-08-25
9363574,specific mass,比质量,,2020-08-25
9363575,specific payload volume,比酬载容积,,2020-08-25
9363576,specific power,比马力；比功率,,2020-08-25
9363577,specific resistance,比阻力,,2020-08-25
9363578,specific speed,比转数,,2020-08-25
9363579,specific thrust,比推力,,2020-08-25
9363580,specific torque,比转矩,,2020-08-25
9363581,specific viscosity,比黏度,,2020-08-25
9363582,specific volume,比容,,2020-08-25
9363583,specific weight,比重,,2020-08-25
9363584,specification,规范；规格；说明书,,2020-08-25
9363585,specified MCR,主机降额最大连续出力,,2020-08-25
9363586,specimen,样品；试样；试件,,2020-08-25
9363587,spectacle blank flange,眼镜型盲凸缘,,2020-08-25
9363588,spectacle bossing,眼镜型毂架,,2020-08-25
9363589,spectacle stern frame,眼镜型艉架；双环艉架,,2020-08-25
9363590,spectacle type shaft bracket,眼镜型艉轴架；眼镜型轴托架,,2020-08-25
9363591,spectral analysis,频谱分析,,2020-08-25
9363592,spectral shape,频谱形状,,2020-08-25
9363593,spectro-photometer,分光光度计,,2020-08-25
9363594,spectrum,频谱；光谱；波谱,,2020-08-25
9363595,spectrum band width,谱带宽,,2020-08-25
9363596,spectrum level,频谱位准,,2020-08-25
9363597,spectrum of sea state,海况波谱,,2020-08-25
9363598,spectrum window,谱窗,,2020-08-25
9363599,speech interference level,谈话干扰位准,,2020-08-25
9363600,speed,速率；船速；[主机]转速,,2020-08-25
9363601,speed adjusting rheostat,调速变阻器,,2020-08-25
9363602,speed and power characteristic,速率马力特性,,2020-08-25
9363603,speed boat,高速艇；快艇,,2020-08-25
9363604,speed change gear,变速装置；变速齿轮,,2020-08-25
9363605,speed changer,变速器,,2020-08-25
9363606,speed characteristic,速率特性,,2020-08-25
9363607,speed coefficient,速率系数,,2020-08-25
9363608,speed cone,变速圆锥；塔轮；船速指标,,2020-08-25
9363609,speed control,速率控制,,2020-08-25
9363610,speed controller,速度控制器,,2020-08-25
9363611,speed exchanger,变速器,,2020-08-25
9363612,speed governor,调速器,,2020-08-25
9363613,speed increaser,增速器,,2020-08-25
9363614,speed indicator,速率指示器,,2020-08-25
9363615,speed lantern,速率信号灯,,2020-08-25
9363616,speed length ratio,速长比,,2020-08-25
9363617,speed limiting device,限速装置,,2020-08-25
9363618,speed lose,速降,,2020-08-25
9363619,speed margin,速度余裕,,2020-08-25
9363620,speed of approach,接近速率,,2020-08-25
9363621,speed over the ground,对地速度,,2020-08-25
9363622,speed over the ground log,绝对计程仪,,2020-08-25
9363623,speed ratio,速率比,,2020-08-25
9363624,speed reduction,减速,,2020-08-25
9363625,speed regulating characteristic,调速特性,,2020-08-25
9363626,speed regulating valve,调速阀,,2020-08-25
9363627,speed repeater,航速复示器,,2020-08-25
9363628,speed telegraph,车速表；车钟,,2020-08-25
9363629,speed through the water,对水速度,,2020-08-25
9363630,speed through the water log,相对计程仪,,2020-08-25
9363631,speed trial,速率试伡,,2020-08-25
9363632,speed-change box,变速器箱,,2020-08-25
9363633,speed-limiting brake,速限制动器,,2020-08-25
9363634,speedometer,速率计,,2020-08-25
9363635,speed-power margin,航速及功率余裕,,2020-08-25
9363636,speed-regulating valve,调速阀,,2020-08-25
9363637,spelter,粗制锌,,2020-08-25
9363638,spelter solder,铜锌硬焊料,,2020-08-25
9363639,spencer,横帆船前桅纵帆,,2020-08-25
9363640,spent neuclear fuel carrier,核废料搬运船,,2020-08-25
9363641,sperm oil,鲸油；鲸脑油,,2020-08-25
9363642,spherical bearing,球面轴承,,2020-08-25
9363643,spherical bulkhead,[潜艇]球面舱壁,,2020-08-25
9363644,spherical cap,球冠,,2020-08-25
9363645,spherical containment tank,球形容载柜{LNG船},,2020-08-25
9363646,spherical gasfilled cavity,球形充气空穴,,2020-08-25
9363647,spherical linkage,球型铰链,,2020-08-25
9363648,spherical mount,球形支座,,2020-08-25
9363649,spherical valve,球形阀,,2020-08-25
9363650,spherical wave,球面波,,2020-08-25
9363651,spider,舷外转动角架{固定滑车用}；十字轴架；三脚座；轮辐,,2020-08-25
9363652,spider hood,钢桅下部五金{用为止索栓插口},,2020-08-25
9363653,spiegeleisen,镜铁,,2020-08-25
9363654,spigot,插口；插承；栓；塞；[自来水]龙头,,2020-08-25
9363655,spigot joint,插承接合；管口接合,,2020-08-25
9363656,spigot of side scuttle,舷窗插承,,2020-08-25
9363657,spike,大钉；道钉,,2020-08-25
9363658,spike bowsprit,短艏斜桅,,2020-08-25
9363659,spike iron,捻缝工具,,2020-08-25
9363660,spile,栓；塞；椿,,2020-08-25
9363661,spill burner atomizer,溢油式雾化器,,2020-08-25
9363662,spill loss,溢损{涡轮机},,2020-08-25
9363663,spill pipe,[甲板]锚链管,,2020-08-25
9363664,spill strip,溢制{涡轮机},,2020-08-25
9363665,spill tank,溢流柜,,2020-08-25
9363666,spill valve,溢流阀{柴油机燃料泵},,2020-08-25
9363667,spilling breaker,溢型碎波器,,2020-08-25
9363668,spilling breasing wave,崩波,,2020-08-25
9363669,spilling line,泄风索,,2020-08-25
9363670,spinder band,桅箍,,2020-08-25
9363671,spinder deck,窖层甲板{钻油船},,2020-08-25
9363672,spindle,心轴；心杆,,2020-08-25
9363673,spindle oil,心轴油,,2020-08-25
9363674,spindle torque,转轴扭矩,,2020-08-25
9363675,spindle wheel,转子圆盘,,2020-08-25
9363676,spinnaker,大三角软帆,,2020-08-25
9363677,spinnaker boom,大三角帆驶帆杆,,2020-08-25
9363678,spinnaker topsail,[大三角帆顶部挂的]大顶帆,,2020-08-25
9363679,spiral,蜗线；螺旋；蜗旋,,2020-08-25
9363680,spiral bevel gear,蜗线斜齿轮,,2020-08-25
9363681,spiral blade,螺旋面叶片,,2020-08-25
9363682,spiral duct,螺旋风管；螺旋导管,,2020-08-25
9363683,spiral line,螺旋线；蜗线,,2020-08-25
9363684,spiral propeller,蜗旋螺桨,,2020-08-25
9363685,spiral spring,蜗旋弹簧,,2020-08-25
9363686,spiral test,蜗旋试验,,2020-08-25
9363687,spiral vortex,螺旋涡,,2020-08-25
9363688,spirit compass,酒精罗经,,2020-08-25
9363689,spirit lamp,酒精灯,,2020-08-25
9363690,spirit level,酒精水平仪；气泡水平仪,,2020-08-25
9363691,spirit room,酒库,,2020-08-25
9363692,spirketting plate,内部腰板{木船}；艏小舷墙板,,2020-08-25
9363693,spirunara,西西里岛小渔船,,2020-08-25
9363694,splash board,防溅板,,2020-08-25
9363695,splash lubrication,飞溅润滑,,2020-08-25
9363696,splash proof,防溅{海浪},,2020-08-25
9363697,splash zone,激浪区；溅射区,,2020-08-25
9363698,splash zone corrosion,飞溅区腐蚀,,2020-08-25
9363699,splash-proof machine,防溅型电机,,2020-08-25
9363700,splay,倾斜；延展,,2020-08-25
9363701,splice,[编]结绳[索],,2020-08-25
9363702,splicing vice,绳缆接头钳,,2020-08-25
9363703,spline,软木条；栓槽,,2020-08-25
9363704,spline curve,木条曲线,,2020-08-25
9363705,spline shaft,栓槽轴,,2020-08-25
9363706,splinter bulkhead,防弹舱壁,,2020-08-25
9363707,splinter deck,防弹甲板,,2020-08-25
9363708,splinter net,防弹网,,2020-08-25
9363709,splinter screen,防弹幕,,2020-08-25
9363710,splinter shield,防弹护板,,2020-08-25
9363711,split bolt,开口螺栓；带开口销螺栓,,2020-08-25
9363712,split bush,拼合轴衬,,2020-08-25
9363713,split casing,拼合壳,,2020-08-25
9363714,split cotton pin,开口销,,2020-08-25
9363715,split heating,分离式暖气,,2020-08-25
9363716,split hull,开体船,,2020-08-25
9363717,split ring,开口环；拼合环,,2020-08-25
9363718,split-drum winch,分筒绞车,,2020-08-25
9363719,splitter vane,分流片,,2020-08-25
9363720,splitting,分裂；裂开；蜕变,,2020-08-25
9363721,splitting moment,扳裂腕扭矩；[双体船]横跨甲板纵剖面扳裂扭矩,,2020-08-25
9363722,splitting out,[下水时]移除龙骨墩及支柱,,2020-08-25
9363723,splittrail,对开式耙吸船,,2020-08-25
9363724,SPM {single point mooring system},单点系泊系统,,2020-08-25
9363725,spoil chute,溜泥槽,,2020-08-25
9363726,spoke,轮辐,,2020-08-25
9363727,spoke wheel,辐轮,,2020-08-25
9363728,spoked wheel,有辐轮,,2020-08-25
9363729,sponge,海绵,,2020-08-25
9363730,sponge boat,采海绵船,,2020-08-25
9363731,sponson,舷侧凸体；舷外平台,,2020-08-25
9363732,sponson beam,船舷突[出]梁,,2020-08-25
9363733,sponson deck,伸出甲板；张出甲板；舷外平台,,2020-08-25
9363734,spontaneous combustion,自燃,,2020-08-25
9363735,spontaneous ignition,自然发火,,2020-08-25
9363736,spool piece,短管段,,2020-08-25
9363737,spool valve,短管阀,,2020-08-25
9363738,spooling winch,自排缆绞车,,2020-08-25
9363739,spoon bow,匙形艏,,2020-08-25
9363740,spoon oar,匙形桨,,2020-08-25
9363741,spoon stern,匙形艉,,2020-08-25
9363742,sporadic process,分散性处理,,2020-08-25
9363743,sport cabin,健身房,,2020-08-25
9363744,sport-fishing boat,游乐渔船,,2020-08-25
9363745,sports boat,游乐船艇,,2020-08-25
9363746,sport-tourists boat,游乐船艇,,2020-08-25
9363747,spot cavitation,斑状空化,,2020-08-25
9363748,spot check,抽验；抽查,,2020-08-25
9363749,spot cooling,定点空调,,2020-08-25
9363750,spot frequency,标定频率,,2020-08-25
9363751,spot inspection,现场检查；摘取检查,,2020-08-25
9363752,spot light,聚光灯,,2020-08-25
9363753,spot shrinkage,局部收缩,,2020-08-25
9363754,spot welding,[电阻]点銲[接],,2020-08-25
9363755,spot welding machine,点銲机,,2020-08-25
9363756,spotlight,聚光灯；探照灯,,2020-08-25
9363757,spouter,捕鲸船,,2020-08-25
9363758,spray,溅水；飞沬；喷雾,,2020-08-25
9363759,spray barrier,障浪板{气垫船},,2020-08-25
9363760,spray burner,喷雾燃烧器,,2020-08-25
9363761,spray chamber,喷室,,2020-08-25
9363762,spray characteristic,飞溅特性,,2020-08-25
9363763,spray chine,防溅棱【舟必】,,2020-08-25
9363764,spray coating,喷布被覆,,2020-08-25
9363765,spray gun,喷鎗,,2020-08-25
9363766,spray method,喷法,,2020-08-25
9363767,spray painting,喷漆,,2020-08-25
9363768,spray proof,防溅,,2020-08-25
9363769,spray pump,喷水泵,,2020-08-25
9363770,spray resistance,溅水阻力,,2020-08-25
9363771,spray root,溅流根部{滑航艇于水面激起溅流未离船底的部分},,2020-08-25
9363772,spray strake,挡浪板,,2020-08-25
9363773,spray strip,挡浪条,,2020-08-25
9363774,spray transfer,喷洒状传递,,2020-08-25
9363775,spray up method,喷布法,,2020-08-25
9363776,spray valve,喷阀,,2020-08-25
9363777,spray washer,喷射式清洗机,,2020-08-25
9363778,spray water,喷淋水；雾状水,,2020-08-25
9363779,sprayer,喷雾器,,2020-08-25
9363780,spraying tip,喷雾头,,2020-08-25
9363781,spraying tube,洒水短管,,2020-08-25
9363782,spray-nozzle burner,喷嘴式燃烧器,,2020-08-25
9363783,spray-up molding,喷布成型,,2020-08-25
9363784,spread anchoring system,分散锚泊,,2020-08-25
9363785,spread moored drilling ship,分散系泊定位钻探船,,2020-08-25
9363786,spread shore,横止滑木{下水台},,2020-08-25
9363787,spreader,货柜吊具,,2020-08-25
9363788,spreader stoker,扩散加煤机,,2020-08-25
9363789,spreader stoker fired water-tube boiler,播散加煤机水管锅炉,,2020-08-25
9363790,spreading wave,扩展波,,2020-08-25
9363791,spring,弹簧；倒缆,,2020-08-25
9363792,spring back,弹回,,2020-08-25
9363793,spring bearing,弹簧轴承,,2020-08-25
9363794,spring buckle,弹簧箍,,2020-08-25
9363795,spring buffer,弹簧缓冲器,,2020-08-25
9363796,spring capacity,弹簧能量,,2020-08-25
9363797,spring governor,弹簧调速器,,2020-08-25
9363798,spring line,倒缆,,2020-08-25
9363799,spring mattress,弹簧床垫,,2020-08-25
9363800,spring mounting,弹簧减振座,,2020-08-25
9363801,spring plate,弹簧板,,2020-08-25
9363802,spring safety valve,弹簧[式]安全阀,,2020-08-25
9363803,spring shock absorber,弹簧减震器,,2020-08-25
9363804,spring stay,桅间横牵索,,2020-08-25
9363805,spring steel,弹簧钢,,2020-08-25
9363806,spring tape,钢卷带{放样},,2020-08-25
9363807,spring tiller,弹簧减振舵柄,,2020-08-25
9363808,spring valve,弹簧阀,,2020-08-25
9363809,spring washer,弹性垫圈；弹簧垫圈,,2020-08-25
9363810,springing,船体波振,,2020-08-25
9363811,sprinkler,喷洒装置；撒布器,,2020-08-25
9363812,sprinkler head,喷水头,,2020-08-25
9363813,sprinkler magazine valve,弹药舱喷水器阀,,2020-08-25
9363814,sprinkler system,喷水系统,,2020-08-25
9363815,sprinkler valve,喷水器阀,,2020-08-25
9363816,sprit,[撑帆]斜杆,,2020-08-25
9363817,sprit rig,斜杆帆装置,,2020-08-25
9363818,sprit topsail,四角斜桁帆,,2020-08-25
9363819,spritsail,斜杆帆,,2020-08-25
9363820,spritsail sailing barge,斜杆帆驳船,,2020-08-25
9363821,sprocket,链轮,,2020-08-25
9363822,sprocket wheel,链轮,,2020-08-25
9363823,spruce,云杉,,2020-08-25
9363824,sprung mass,跳动质量,,2020-08-25
9363825,SPS {subsea production system},海底石油生产系统,,2020-08-25
9363826,spud,柱锚{挖泥船},,2020-08-25
9363827,spud can,铲形罐{钻油台},,2020-08-25
9363828,spud can base,铲形罐座,,2020-08-25
9363829,spud carriage,定位桩台车,,2020-08-25
9363830,spud driving and pulling condition,插拔桩状态,,2020-08-25
9363831,spud for antislip,抗滑桩,,2020-08-25
9363832,spud gantry,定位桩架,,2020-08-25
9363833,spud leg,桩腿,,2020-08-25
9363834,spud well,[挖泥船]定位桩槽；桩腿通孔,,2020-08-25
9363835,spud-stabilized type drilling rig,棒锚稳定型钻油船,,2020-08-25
9363836,spun glass,玻璃纤维,,2020-08-25
9363837,spun line,细绳；线绳,,2020-08-25
9363838,spun roving,纱织丝束{FRP},,2020-08-25
9363839,spun yarn packing,麻丝迫紧；绵纱迫紧纱线迫紧；纱线填料,,2020-08-25
9363840,spur beam,船舷突出斜梁,,2020-08-25
9363841,spur gear,正齿轮,,2020-08-25
9363842,spur shore,靠岸撑柱,,2020-08-25
9363843,spur wheel,正齿轮,,2020-08-25
9363844,spurious frequency,混附频率,,2020-08-25
9363845,spurling line,桅前支索跨接导线；舵位显示索；舵位显示链,,2020-08-25
9363846,spurn water,挡浪板；舷侧导水板；舷侧防浪板,,2020-08-25
9363847,spurn water board,挡浪板,,2020-08-25
9363848,spy boat,间谍船；侦察艇,,2020-08-25
9363849,square,角尺；正方形；锚干顶锚杆穿过部,,2020-08-25
9363850,square body,舯平部；平行[船]体,,2020-08-25
9363851,square butt,平头对接,,2020-08-25
9363852,square flag,方形旗,,2020-08-25
9363853,square frame,平行舯体肋骨,,2020-08-25
9363854,square grooved weld,方槽銲接,,2020-08-25
9363855,square head bolt,方头螺栓,,2020-08-25
9363856,square netter,敷网渔船,,2020-08-25
9363857,square rig,横帆装置,,2020-08-25
9363858,square rigged vessel,横帆船,,2020-08-25
9363859,square rigger,横帆船,,2020-08-25
9363860,square sail,横帆；方帆,,2020-08-25
9363861,square station,[船长]等分线,,2020-08-25
9363862,square stem,方形艏柱,,2020-08-25
9363863,square stern,方形艉,,2020-08-25
9363864,square thread,方螺纹,,2020-08-25
9363865,square wave,矩形波,,2020-08-25
9363866,square-groove weld,I型槽銲道,,2020-08-25
9363867,square-rigged vessel,横帆船,,2020-08-25
9363868,square-rigger,横帆船,,2020-08-25
9363869,square-sterned boat,方艉艇,,2020-08-25
9363870,squat board,防艉坐板,,2020-08-25
9363871,squatting,艉坐,,2020-08-25
9363872,squeeze-film damping plate,挤压膜阻尼板,,2020-08-25
9363873,squeezer,压挤机,,2020-08-25
9363874,squid angling boat,鱿[鱼]钓船,,2020-08-25
9363875,squid angling machine,鱿鱼钓机,,2020-08-25
9363876,squid boat,捕鱿鱼船,,2020-08-25
9363877,squid pole and line fishing boat,鱿竿钓渔船,,2020-08-25
9363878,squirral cage induction motor,鼠笼式感应马达,,2020-08-25
9363879,squirrel-cage winding,鼠笼绕组,,2020-08-25
9363880,SR { stress relieving},应力缓和,,2020-08-25
9363881,St. Lawrence seaway signal light,圣劳伦斯航道信号灯,,2020-08-25
9363882,stabbing board,接套管工作台,,2020-08-25
9363883,stability,稳度,,2020-08-25
9363884,stability against sliding,抗滑稳定性,,2020-08-25
9363885,stability board,止移板,,2020-08-25
9363886,stability booklet,稳度手册,,2020-08-25
9363887,stability column,稳定柱{钻油船},,2020-08-25
9363888,stability criteria,稳度基准,,2020-08-25
9363889,stability curve,稳度曲线,,2020-08-25
9363890,stability derivatives,稳定性导数,,2020-08-25
9363891,stability margin,稳度余裕,,2020-08-25
9363892,stability value,稳度值,,2020-08-25
9363893,stabilization by air entry,空气进入稳定法,,2020-08-25
9363894,stabilization by immersion depth effect,潜水深度效应稳定法,,2020-08-25
9363895,stabilization by incidence control,投射角控制稳定法,,2020-08-25
9363896,stabilization by variable surface,可变翼面稳定法,,2020-08-25
9363897,stabilization of roll,摇滚稳定,,2020-08-25
9363898,stabilized gyrocompass,平台罗经,,2020-08-25
9363899,stabilizer,稳定器；安定剂,,2020-08-25
9363900,stabilizer control gear,稳度器控制装置,,2020-08-25
9363901,stabilizer fin,稳定鳍,,2020-08-25
9363902,stabilizer vane,稳定叶片；稳定翼,,2020-08-25
9363903,stabilizing baffle,安定挡板；防焰板,,2020-08-25
9363904,stabilizing bulge,减摇船腹,,2020-08-25
9363905,stabilizing fin,稳定鳍；稳定翼；舷侧可控鳍,,2020-08-25
9363906,stabilizing moment,稳定力矩,,2020-08-25
9363907,stabilizing pontoom type drilling rig,稳定浮箱型钻油船,,2020-08-25
9363908,stable arc welding,安定电弧銲,,2020-08-25
9363909,stable equilibrium,稳定平衡,,2020-08-25
9363910,stack,烟囱；叠,,2020-08-25
9363911,stack air casing,烟囱空气隔层,,2020-08-25
9363912,stack cover,烟囱盖板,,2020-08-25
9363913,stack cutting,叠合割切,,2020-08-25
9363914,stack load,堆积负荷{货柜},,2020-08-25
9363915,stack mast,烟囱桅,,2020-08-25
9363916,stack mold,叠模{铸造},,2020-08-25
9363917,stack wash,烟囱洗流,,2020-08-25
9363918,stacker,承接座,,2020-08-25
9363919,stacking cone,承接锥,,2020-08-25
9363920,staff,旗竿；棒,,2020-08-25
9363921,stage,台；浮码头；级；外舷踏板,,2020-08-25
9363922,stage board,踏脚板,,2020-08-25
9363923,stage boat,邮件船,,2020-08-25
9363924,stage diagram efficiency,级图解效率,,2020-08-25
9363925,stage efficiency,级效率{涡轮机},,2020-08-25
9363926,stage internal efficiency,级内[部]效率,,2020-08-25
9363927,stage plank,舷外工作跳板；舷外踏板,,2020-08-25
9363928,stage pole,船台鹰架柱,,2020-08-25
9363929,stage pressure,级压力,,2020-08-25
9363930,stage temperature,级温[度],,2020-08-25
9363931,stage turbine,分级涡轮机,,2020-08-25
9363932,stage valve,级阀,,2020-08-25
9363933,stagger arrangement,交错排列,,2020-08-25
9363934,staggered intermittent filler weld,交错间断式填角銲,,2020-08-25
9363935,staggered intermittent weld,交错断续銲道,,2020-08-25
9363936,staggered riveting,交错铆接,,2020-08-25
9363937,staggered tube layout,交错管配置,,2020-08-25
9363938,staghorn bollard,十字形系缆桩,,2020-08-25
9363939,staging,搭架；台架；分级法,,2020-08-25
9363940,staging plan,搭架计划图,,2020-08-25
9363941,staging upright,搭架立柱；鹰架立柱,,2020-08-25
9363942,stagnation point,停滞点,,2020-08-25
9363943,stagnation pressure,停滞压力,,2020-08-25
9363944,stained glass,有色玻璃,,2020-08-25
9363945,stainless clad steel,不锈护面钢,,2020-08-25
9363946,stainless steel,不锈钢,,2020-08-25
9363947,stair case,楼梯；楼梯间,,2020-08-25
9363948,staircase,阶梯；楼梯间,,2020-08-25
9363949,stairs,梯,,2020-08-25
9363950,stairway,梯道,,2020-08-25
9363951,stairway and passage way arrangement,梯道与通道布置,,2020-08-25
9363952,stake boat,[划船赛]标艇,,2020-08-25
9363953,stall,失速,,2020-08-25
9363954,stall flutter,失速颤振,,2020-08-25
9363955,stall zone,失速区,,2020-08-25
9363956,stalling characteristic,失速特性；分离特性；不稳定特性,,2020-08-25
9363957,stalling rudder angle,临界舵角,,2020-08-25
9363958,stamp forging,冲锻；模锻,,2020-08-25
9363959,stanchion,支柱,,2020-08-25
9363960,stand,台；架；钻管组段{钻油船},,2020-08-25
9363961,stand by,备便；备用,,2020-08-25
9363962,stand column,立柱,,2020-08-25
9363963,stand pipe,[液面计]管柱；立管；给水管,,2020-08-25
9363964,standard,标准,,2020-08-25
9363965,standard cell,标准电池,,2020-08-25
9363966,standard compass,标准罗经,,2020-08-25
9363967,standard condition,标准船况；标准状况,,2020-08-25
9363968,standard discharge connection,标准排泄接头,,2020-08-25
9363969,standard displacement,标准排水量{军舰},,2020-08-25
9363970,standard fire test,标准耐火试验,,2020-08-25
9363971,standard frequency,标准频率,,2020-08-25
9363972,standard gauge,标准规,,2020-08-25
9363973,standard pillar,标准柱,,2020-08-25
9363974,standard pressure,标准压力,,2020-08-25
9363975,standard rudder,标准舵,,2020-08-25
9363976,standard section,标准型材,,2020-08-25
9363977,standard sheer,标准舷弧,,2020-08-25
9363978,standard ship,标准船,,2020-08-25
9363979,standard speed,标准速率,,2020-08-25
9363980,standard temperature,标准温度,,2020-08-25
9363981,standard tensioned replenishment alongside method {=STREAM},标准张力并肩整补法,,2020-08-25
9363982,standard type,标准型,,2020-08-25
9363983,standard voltage system,标准电压系统,,2020-08-25
9363984,standard wave,标准波型,,2020-08-25
9363985,standardization,标准化,,2020-08-25
9363986,standardization trial,标准化试伡,,2020-08-25
9363987,standardizing box,检定器{试验机},,2020-08-25
9363988,stand-by boat,待命艇,,2020-08-25
9363989,standby emergency mode,紧急备用状态,,2020-08-25
9363990,stand-by generating set,备用发电机组,,2020-08-25
9363991,standby machinery,备用机械,,2020-08-25
9363992,stand-by pump,备用泵,,2020-08-25
9363993,standing block,定滑车,,2020-08-25
9363994,standing bowsprit,固定艏斜桅,,2020-08-25
9363995,standing combustion chamber,立式燃烧室,,2020-08-25
9363996,standing flange,竖凸缘,,2020-08-25
9363997,standing line,固定索,,2020-08-25
9363998,standing mooring,普通一字双锚泊,,2020-08-25
9363999,standing rigging,静索,,2020-08-25
9364000,standing topsail,斜桁帆,,2020-08-25
9364001,standing vice,固定老虎钳,,2020-08-25
9364002,standing wave,驻波,,2020-08-25
9364003,standing way,固定[下水]船台,,2020-08-25
9364004,standing wire,固定索；静索,,2020-08-25
9364005,standing yard,固定横桁,,2020-08-25
9364006,stand-on vessel,权利船；被让路船；直航船,,2020-08-25
9364007,staple,肘钉,,2020-08-25
9364008,stapling,环套角型材,,2020-08-25
9364009,star boat,星级竞赛用帆船,,2020-08-25
9364010,star chain,星形链,,2020-08-25
9364011,star connection,星[形连]接,,2020-08-25
9364012,star shake,星形裂纹,,2020-08-25
9364013,star zigzag connection,星曲折接法,,2020-08-25
9364014,starboard,右舷,,2020-08-25
9364015,starboard boiler,右舷锅炉,,2020-08-25
9364016,starboard bow,艏右舷,,2020-08-25
9364017,starboard bower,右舷大锚,,2020-08-25
9364018,starboard hand buoy,右舷浮标,,2020-08-25
9364019,starboard lantern,右舷灯,,2020-08-25
9364020,starboard light,右舷灯,,2020-08-25
9364021,star-delta connection,星角接法,,2020-08-25
9364022,start button,起动按钮,,2020-08-25
9364023,start failure alarm,起始故障警报,,2020-08-25
9364024,starter,起动器,,2020-08-25
9364025,starter board,起动控制板,,2020-08-25
9364026,starter motor,起动马达；马达起动器,,2020-08-25
9364027,starting aids,起动辅助装置,,2020-08-25
9364028,starting air,起动空气,,2020-08-25
9364029,starting air bottle,起动空气瓶,,2020-08-25
9364030,starting air compressor,起动空[气]压[缩]机,,2020-08-25
9364031,starting air distributor,起动空气分配器,,2020-08-25
9364032,starting air receiver,起动空气瓶；起动气瓶,,2020-08-25
9364033,starting air reservoir,起动气瓶,,2020-08-25
9364034,starting air system,起动空气系统,,2020-08-25
9364035,starting air timing valve,起动空气定时阀；定时起动空气阀,,2020-08-25
9364036,starting air valve,起动空气阀,,2020-08-25
9364037,starting arrangement,起动装置,,2020-08-25
9364038,starting bottle,起动空气瓶,,2020-08-25
9364039,starting box,起动器,,2020-08-25
9364040,starting capacity,起动能力,,2020-08-25
9364041,starting characteristics,起动特性[曲线],,2020-08-25
9364042,starting compensator,起动补偿器,,2020-08-25
9364043,starting current,起动电流,,2020-08-25
9364044,starting device,起动设施,,2020-08-25
9364045,starting engine,起动机；起动引擎,,2020-08-25
9364046,starting gear,起动装置,,2020-08-25
9364047,starting interlock,起动联锁,,2020-08-25
9364048,starting platform,起动台,,2020-08-25
9364049,starting pressure,起动压力,,2020-08-25
9364050,starting programme unit,起动程序装置,,2020-08-25
9364051,starting ram,起动撞锤{下水},,2020-08-25
9364052,starting servo motor,起动伺服马达,,2020-08-25
9364053,starting servo-motor,起动伺服马达,,2020-08-25
9364054,starting shaft,起动轴,,2020-08-25
9364055,starting switch,起动开关,,2020-08-25
9364056,starting system,起动系统,,2020-08-25
9364057,starting test,起动试验,,2020-08-25
9364058,starting torque,起动转矩；起动扭矩,,2020-08-25
9364059,starting transformer,起动变压器,,2020-08-25
9364060,starting turbine,起动涡轮机,,2020-08-25
9364061,starting value,初值；起始值；起动阀,,2020-08-25
9364062,starting voltage,起动电压,,2020-08-25
9364063,starting vortex,起动涡流；起始涡,,2020-08-25
9364064,starting winding,起动绕组,,2020-08-25
9364065,start-stop characteristics,超停特性,,2020-08-25
9364066,state cabin,特等客舱,,2020-08-25
9364067,state line,物态线,,2020-08-25
9364068,state point,物态点,,2020-08-25
9364069,stateroom,特别房舱,,2020-08-25
9364070,stateroom bulkhead,特等舱隔壁,,2020-08-25
9364071,state-room suite,特等客舱套房,,2020-08-25
9364072,static balance test,静平衡试验,,2020-08-25
9364073,static buoyancy,静浮力,,2020-08-25
9364074,static characteristic,静力特性[曲线],,2020-08-25
9364075,static force,静力,,2020-08-25
9364076,static fuel consumption,静燃料消耗量{涡轮机},,2020-08-25
9364077,static head,静落差；静力水头；静压头,,2020-08-25
9364078,static launching,浮扬下水法,,2020-08-25
9364079,static load,静负荷,,2020-08-25
9364080,static pressure,静压力,,2020-08-25
9364081,static stability curve,静稳度曲线,,2020-08-25
9364082,static stiffness,静态劲度,,2020-08-25
9364083,static test,静[力]试验；,,2020-08-25
9364084,static vent,静压孔,,2020-08-25
9364085,static weight,静重,,2020-08-25
9364086,statical balancing,静平衡,,2020-08-25
9364087,statical stability,静稳度,,2020-08-25
9364088,statical stability curve,静稳度曲线,,2020-08-25
9364089,statically indeterminate system,静不定系统,,2020-08-25
9364090,station,站,,2020-08-25
9364091,station jig,分段固定器,,2020-08-25
9364092,station line,分段线,,2020-08-25
9364093,station marker light box,信号箱,,2020-08-25
9364094,station section,等分线剖面,,2020-08-25
9364095,stationary blade,固定叶片,,2020-08-25
9364096,stationary cavitation,稳定空化,,2020-08-25
9364097,stationary engine,固定引擎,,2020-08-25
9364098,stationary level,稳定级；定常级,,2020-08-25
9364099,stationary process,平稳过程；恒定程序,,2020-08-25
9364100,stationary vane,固定叶,,2020-08-25
9364101,stationary wave,驻波,,2020-08-25
9364102,stationary welding machine,定量电銲机,,2020-08-25
9364103,stations,[船长]等分线,,2020-08-25
9364104,statistical analysis,统计分析,,2020-08-25
9364105,statistical identification,统计鉴定；概率鉴定,,2020-08-25
9364106,statistical model,统计模型,,2020-08-25
9364107,stator,定子,,2020-08-25
9364108,stator blade,定子叶片；定子轮叶,,2020-08-25
9364109,stator vane,静子叶片,,2020-08-25
9364110,stator winding,定子绕组,,2020-08-25
9364111,statute mile,[法定]哩{5280呎},,2020-08-25
9364112,statutory deck line,法定甲板线,,2020-08-25
9364113,statutory freeboard,法定干舷,,2020-08-25
9364114,statutory survey,法定检验,,2020-08-25
9364115,stay,牵索；拉索；撑杆；支柱,,2020-08-25
9364116,stay bolt,拉条螺栓；螺撑,,2020-08-25
9364117,stay connection,支索接头,,2020-08-25
9364118,stay light,碇泊灯,,2020-08-25
9364119,stay sail,支索帆,,2020-08-25
9364120,stay tube,撑管；拉管,,2020-08-25
9364121,staysail,支索帆,,2020-08-25
9364122,STC {steam temperature control},蒸气温度控制,,2020-08-25
9364123,STD {salinity-temperature-depth},盐分─水温─深度,,2020-08-25
9364124,steady cavities,稳定空泡,,2020-08-25
9364125,steady cavity,稳定空泡,,2020-08-25
9364126,steady course,稳定航向,,2020-08-25
9364127,steady flow,定常流；稳[定流],,2020-08-25
9364128,steady line,固定索；稳定索,,2020-08-25
9364129,steady pipe,[液面计]管柱,,2020-08-25
9364130,steady state,稳态,,2020-08-25
9364131,steady turn,稳定回旋,,2020-08-25
9364132,steady turning,稳定回旋,,2020-08-25
9364133,steady turning diameter,稳定回旋直径,,2020-08-25
9364134,steady turning period,稳定回旋阶段,,2020-08-25
9364135,steady vessel,稳定船,,2020-08-25
9364136,steady wind,稳风,,2020-08-25
9364137,steadying lines,稳定索,,2020-08-25
9364138,steady-state cavitation,稳态空化,,2020-08-25
9364139,steady-state creep,稳态潜变,,2020-08-25
9364140,steady-state vibration,稳态振动,,2020-08-25
9364141,stealer plate,窃板,,2020-08-25
9364142,stealth,匿迹；隐形,,2020-08-25
9364143,stealthiness,隐匿性,,2020-08-25
9364144,steam,蒸汽,,2020-08-25
9364145,steam accumulator,蒸汽蓄压器,,2020-08-25
9364146,steam annealing,蒸气退火,,2020-08-25
9364147,steam atomizing burner,汽雾化燃烧器,,2020-08-25
9364148,steam blast,蒸汽喷吹,,2020-08-25
9364149,steam bleeding,抽汽；分汽,,2020-08-25
9364150,steam boat,蒸汽机船,,2020-08-25
9364151,steam boiler,蒸气锅炉,,2020-08-25
9364152,steam box,蒸汽阀箱；滑阀箱,,2020-08-25
9364153,steam brake,蒸汽煞；蒸汽轫,,2020-08-25
9364154,steam calorimeter,蒸汽热量计,,2020-08-25
9364155,steam capstan,蒸汽绞盘；汽力绞盘,,2020-08-25
9364156,steam cargo winch,蒸汽吊货绞车,,2020-08-25
9364157,steam chamber,汽室,,2020-08-25
9364158,steam chest,汽柜,,2020-08-25
9364159,steam coal,汽煤{锅炉用},,2020-08-25
9364160,steam cock,蒸汽旋塞,,2020-08-25
9364161,steam collector,集汽器,,2020-08-25
9364162,steam consumption,蒸汽消耗量,,2020-08-25
9364163,steam cooling,蒸汽冷却法,,2020-08-25
9364164,steam cooling system,蒸汽冷却系统,,2020-08-25
9364165,steam cut-off valve,停汽阀,,2020-08-25
9364166,steam cycle,蒸汽循环,,2020-08-25
9364167,steam cylinder,汽缸,,2020-08-25
9364168,steam distributing valve,配汽阀,,2020-08-25
9364169,steam distribution device,配汽机构,,2020-08-25
9364170,steam dome,汽包,,2020-08-25
9364171,steam drive,汽力驱动,,2020-08-25
9364172,steam driven vessel,汽力推动船,,2020-08-25
9364173,steam drum,汽鼓,,2020-08-25
9364174,steam ejector,蒸汽喷射器,,2020-08-25
9364175,steam engine,蒸汽机,,2020-08-25
9364176,steam exhaust,排汽,,2020-08-25
9364177,steam expansion,蒸汽膨胀,,2020-08-25
9364178,steam extraction,抽汽,,2020-08-25
9364179,steam gage board,蒸汽表板,,2020-08-25
9364180,steam gauge,[蒸]汽压计,,2020-08-25
9364181,steam generating rate,产汽率,,2020-08-25
9364182,steam generator,蒸汽产生器,,2020-08-25
9364183,steam generator  {=SG},蒸汽产生器,,2020-08-25
9364184,steam gland,蒸汽压盖,,2020-08-25
9364185,steam hammer,汽锤,,2020-08-25
9364186,steam heater,蒸汽加热器；蒸汽暖炉,,2020-08-25
9364187,steam heating,蒸汽加热,,2020-08-25
9364188,steam heating coil,蒸汽加热盘管,,2020-08-25
9364189,steam heating pipe,蒸汽加热管；暖气管,,2020-08-25
9364190,steam horn,汽笛,,2020-08-25
9364191,steam humidity,蒸汽湿度,,2020-08-25
9364192,steam impingement,蒸汽冲击,,2020-08-25
9364193,steam injection,蒸汽喷射,,2020-08-25
9364194,steam injector,蒸汽抽射器,,2020-08-25
9364195,steam jacket,汽套,,2020-08-25
9364196,steam jet blower,喷汽鼓风机；喷汽压气机,,2020-08-25
9364197,steam kettle,汽锅,,2020-08-25
9364198,steam lap,蒸汽余面,,2020-08-25
9364199,steam launch,汽艇,,2020-08-25
9364200,steam launch,汽艇,,2020-08-25
9364201,steam line,蒸汽管路；蒸汽管线,,2020-08-25
9364202,steam load,蒸汽负荷,,2020-08-25
9364203,steam lubrication,蒸汽润滑,,2020-08-25
9364204,steam main,蒸汽总管,,2020-08-25
9364205,steam meter,[蒸]汽[流]量计,,2020-08-25
9364206,steam mooring winch,蒸汽系泊绞车,,2020-08-25
9364207,steam nozzle,蒸汽喷嘴,,2020-08-25
9364208,steam oven,蒸汽灶,,2020-08-25
9364209,steam packet boat,蒸汽机班船,,2020-08-25
9364210,steam phone,汽笛,,2020-08-25
9364211,steam pipe,蒸汽管,,2020-08-25
9364212,steam port,汽门,,2020-08-25
9364213,steam power,蒸汽动力,,2020-08-25
9364214,steam power drop,汽压落差,,2020-08-25
9364215,steam power plant,蒸汽动力装置,,2020-08-25
9364216,steam pressure,[蒸]汽压[力],,2020-08-25
9364217,steam pressure gauge,汽压计,,2020-08-25
9364218,steam pressure regulator,汽压调整器,,2020-08-25
9364219,steam propulsion,蒸汽推进,,2020-08-25
9364220,steam radiator,蒸汽散热器,,2020-08-25
9364221,steam rate,耗汽率,,2020-08-25
9364222,steam receiver,容汽器,,2020-08-25
9364223,steam reheater,蒸汽[加热式]再热器,,2020-08-25
9364224,steam reheater,蒸汽再热器,,2020-08-25
9364225,steam reservoir,贮汽器,,2020-08-25
9364226,steam sand blower,蒸汽喷砂器,,2020-08-25
9364227,steam schooner,[美国太平洋岸]运木船,,2020-08-25
9364228,steam seal,汽封,,2020-08-25
9364229,steam sealing gland,汽封函盖,,2020-08-25
9364230,steam seasoning,蒸汽干燥,,2020-08-25
9364231,steam separator,汽水分离器,,2020-08-25
9364232,steam ship,汽船；轮船,,2020-08-25
9364233,steam siren,汽笛,,2020-08-25
9364234,steam smothering system,蒸汽窒火系统,,2020-08-25
9364235,steam space,容汽空间{锅炉},,2020-08-25
9364236,steam steering gear,蒸汽操舵装置,,2020-08-25
9364237,steam stop valve,停汽阀,,2020-08-25
9364238,steam strainer,滤汽器,,2020-08-25
9364239,steam superheater,蒸气过热器,,2020-08-25
9364240,steam supply valve,供汽阀,,2020-08-25
9364241,steam table,蒸汽表,,2020-08-25
9364242,steam temperature control {=STC},汽温控制,,2020-08-25
9364243,steam test,蒸汽试验,,2020-08-25
9364244,steam tight joint,汽密接合,,2020-08-25
9364245,steam tightness,汽密性,,2020-08-25
9364246,steam tiller,蒸汽操舵柄,,2020-08-25
9364247,steam trap,蒸汽祛水器,,2020-08-25
9364248,steam turbine,蒸汽涡轮机,,2020-08-25
9364249,steam turbocompressor,[蒸]汽[涡]轮压缩机,,2020-08-25
9364250,steam turbogenerator,蒸汽涡轮发电机,,2020-08-25
9364251,steam valve,蒸汽阀,,2020-08-25
9364252,steam vessel,[蒸]汽[机]船,,2020-08-25
9364253,steam whistle,汽笛,,2020-08-25
9364254,steam winch,汽动绞机,,2020-08-25
9364255,steam windlass,蒸汽锚机,,2020-08-25
9364256,steamer,汽船；轮船,,2020-08-25
9364257,steaming,蒸汽洗涤；蒸,,2020-08-25
9364258,steaming light,桅灯,,2020-08-25
9364259,steaming range,巡航半径,,2020-08-25
9364260,steaming test,产汽试验,,2020-08-25
9364261,steaming-out line,蒸汽窒火管路,,2020-08-25
9364262,steam-return line,蒸汽回路,,2020-08-25
9364263,steam-smothering line,蒸汽窒火管路,,2020-08-25
9364264,steam-stuffing box,汽密填料函,,2020-08-25
9364265,steam-tight joint,汽密接合,,2020-08-25
9364266,stechschwertboot,波罗地海的渔帆船,,2020-08-25
9364267,steel,钢,,2020-08-25
9364268,steel armour,钢[装]甲,,2020-08-25
9364269,steel bar,钢条,,2020-08-25
9364270,steel bay,钢料储存场,,2020-08-25
9364271,steel block,钢滑车,,2020-08-25
9364272,steel bracket,钢制肘板,,2020-08-25
9364273,steel cable,钢索,,2020-08-25
9364274,steel casting,钢铸件,,2020-08-25
9364275,steel deck,钢甲板,,2020-08-25
9364276,steel deck house,钢制甲板室,,2020-08-25
9364277,steel grating,钢踏格,,2020-08-25
9364278,steel hatch cover,钢质舱口盖,,2020-08-25
9364279,steel hawser,大纲丝索,,2020-08-25
9364280,steel ingot,钢锭,,2020-08-25
9364281,steel pipe,钢管,,2020-08-25
9364282,steel plate,钢板,,2020-08-25
9364283,steel product carrier,钢品船,,2020-08-25
9364284,steel ship,钢[壳]船,,2020-08-25
9364285,steel stock yard,钢材堆场,,2020-08-25
9364286,steel strand,钢丝股,,2020-08-25
9364287,steel tape,钢卷尺,,2020-08-25
9364288,steel vessel,钢船,,2020-08-25
9364289,steel wire,钢丝,,2020-08-25
9364290,steel wire rope,钢索；钢缆,,2020-08-25
9364291,steel wool,钢绵,,2020-08-25
9364292,steel worker,铁板工；冷作工,,2020-08-25
9364293,steel works,钢厂,,2020-08-25
9364294,steel yard,钢材集散场,,2020-08-25
9364295,steel yarn,钢丝,,2020-08-25
9364296,steepness,陡度；倾斜度{波浪},,2020-08-25
9364297,steerability,舵效,,2020-08-25
9364298,steerage,统舱；舵效,,2020-08-25
9364299,steerage passenger,统舱乘客,,2020-08-25
9364300,steerage passenger room,统舱,,2020-08-25
9364301,steerageway,舵效航速,,2020-08-25
9364302,steering,操舵,,2020-08-25
9364303,steering apparatus,操舵装置,,2020-08-25
9364304,steering arrangement,操舵装置,,2020-08-25
9364305,steering box,操舵箱,,2020-08-25
9364306,steering brace,艉桨架；艉橹架,,2020-08-25
9364307,steering bridge,驾驶桥艛,,2020-08-25
9364308,steering chain,舵链,,2020-08-25
9364309,steering characteristics,操纵性能[曲线]；操舵特性,,2020-08-25
9364310,steering column,舵轮柱,,2020-08-25
9364311,steering compass,驾驶罗经；操舵罗经,,2020-08-25
9364312,steering crutch,橹架{救生艇},,2020-08-25
9364313,steering cutout manifold,操舵截止歧管,,2020-08-25
9364314,steering engine,舵机引擎,,2020-08-25
9364315,steering engine room,舵机舱,,2020-08-25
9364316,steering engine valve,舵机滑阀,,2020-08-25
9364317,steering gear,操舵装置,,2020-08-25
9364318,steering gear machinery,[操]舵机[械],,2020-08-25
9364319,steering gear room,舵机房,,2020-08-25
9364320,steering gear test,操舵装置试验,,2020-08-25
9364321,steering hurting gear,舵机追逐机构,,2020-08-25
9364322,steering index,舵角指示器,,2020-08-25
9364323,steering leads,操舵传动索具,,2020-08-25
9364324,steering light,拖航灯,,2020-08-25
9364325,steering line,[操]舵索,,2020-08-25
9364326,steering motor,操舵马达,,2020-08-25
9364327,steering oar,橹,,2020-08-25
9364328,steering oar brace,艉桨架；艉橹架,,2020-08-25
9364329,steering pedestal,操舵台,,2020-08-25
9364330,steering pin,大王销,,2020-08-25
9364331,steering quadrant,舵柄弧,,2020-08-25
9364332,steering repeater,操舵[罗经]复示器,,2020-08-25
9364333,steering rod,操舵杆,,2020-08-25
9364334,steering room,操舵室；驾驶室,,2020-08-25
9364335,steering rudder,纵舵；垂直舵{潜艇},,2020-08-25
9364336,steering shaft,操舵轴,,2020-08-25
9364337,steering stand,操舵台,,2020-08-25
9364338,steering system change valve,操舵系统转换阀,,2020-08-25
9364339,steering telegraph,操舵传令器；操舵传达器,,2020-08-25
9364340,steering telemotor,操舵遥控传动装置,,2020-08-25
9364341,steering test,操舵试验,,2020-08-25
9364342,steering tiller,舵柄,,2020-08-25
9364343,steering well,艉操舵座厢,,2020-08-25
9364344,steering wheel,舵轮,,2020-08-25
9364345,steering wire,操舵钢索,,2020-08-25
9364346,steering-wheel sprocket,舵机链轮,,2020-08-25
9364347,steeve,舱内理货吊杆；艏斜桅仰角,,2020-08-25
9364348,stellite-faced valve,镶钴铬钨合金阀,,2020-08-25
9364349,stem,艏材；艏柱；艏,,2020-08-25
9364350,stem band,艏鼻护材,,2020-08-25
9364351,stem board,艉板,,2020-08-25
9364352,stem casting,艏柱铸件,,2020-08-25
9364353,stem chock,艏导索孔；艏导索器,,2020-08-25
9364354,stem dinghy,尖艏小艇,,2020-08-25
9364355,stem fender,艏护舷材；艏碰垫,,2020-08-25
9364356,stem foot,艏踵部,,2020-08-25
9364357,stem post,艏柱,,2020-08-25
9364358,stem shoe,艏包板,,2020-08-25
9364359,stem-loading buoy boat,艉起吊设标船,,2020-08-25
9364360,stemson,副艏柱,,2020-08-25
9364361,step,踏板,,2020-08-25
9364362,step back welding,分段后退銲法,,2020-08-25
9364363,step by step procedure,逐次逼近法,,2020-08-25
9364364,step charging,阶段充电,,2020-08-25
9364365,step down transformer,降压变压器,,2020-08-25
9364366,step guide,活塞杆导件,,2020-08-25
9364367,step piston,塔形活塞；阶段活塞,,2020-08-25
9364368,step stanchion,附梯舱口柱,,2020-08-25
9364369,step up transformer,升压变压器,,2020-08-25
9364370,step-back welding,分段后退銲接,,2020-08-25
9364371,step-by-step process,逐步法；步进法,,2020-08-25
9364372,step-down transformer,降[压]变压器,,2020-08-25
9364373,Stephenson's valve gear,司蒂芬逊阀动机构,,2020-08-25
9364374,stepless hull,无阶式艇壳{滑航艇},,2020-08-25
9364375,stepless planing boat,无阶底滑航艇,,2020-08-25
9364376,stepped bottom,阶式艇底{滑航艇},,2020-08-25
9364377,stepped breadth,阶式底宽度,,2020-08-25
9364378,stepped bulkhead,阶式舱壁,,2020-08-25
9364379,stepped drum,级轮；塔轮；塔筒,,2020-08-25
9364380,stepped hull,阶式艇壳{滑航艇},,2020-08-25
9364381,stepped hydroplane ship,阶式滑航艇,,2020-08-25
9364382,stepped planing boat,阶底滑航艇,,2020-08-25
9364383,stepped point,腮线,,2020-08-25
9364384,stepping motor,步进马达,,2020-08-25
9364385,step-up transformer,升[压]变压器,,2020-08-25
9364386,step-up-gear,增速齿轮,,2020-08-25
9364387,sterilizing switch,自爆开关{鱼雷},,2020-08-25
9364388,stern,艉,,2020-08-25
9364389,stern anchor,艉锚,,2020-08-25
9364390,stern anchor windlass,艉锚机,,2020-08-25
9364391,stern barrel,艉滚筒,,2020-08-25
9364392,stern bearing,艉轴承,,2020-08-25
9364393,stern boss,艉膨出部,,2020-08-25
9364394,stern bossing,艉膨出部,,2020-08-25
9364395,stern box,艉胴材；[木船]轴套管,,2020-08-25
9364396,stern bulb,球[形]艉,,2020-08-25
9364397,stern bulkhead,艉舱壁,,2020-08-25
9364398,stern bush,艉轴[管衬]套,,2020-08-25
9364399,stern casting,艉柱铸件,,2020-08-25
9364400,stern chock,艉导索孔；艉导索器,,2020-08-25
9364401,stern chute,艉滑道,,2020-08-25
9364402,stern construction,艉段结构,,2020-08-25
9364403,stern fender,艉护舷材；艉碰垫,,2020-08-25
9364404,stern fin,艉平舵,,2020-08-25
9364405,stern flap,艉翼板,,2020-08-25
9364406,stern frame,艉材；艉架,,2020-08-25
9364407,stern frame casting,艉柱铸件,,2020-08-25
9364408,stern gate,艉坞门；折叠式艉版,,2020-08-25
9364409,stern gland,艉轴套压盖,,2020-08-25
9364410,stern hook,艉肘板,,2020-08-25
9364411,stern knee,艉柱下肘材,,2020-08-25
9364412,stern light,艉灯,,2020-08-25
9364413,stern line,艉缆,,2020-08-25
9364414,stern moulding,艉缘饰材；艉缘饰,,2020-08-25
9364415,stern pipe,艉导索器,,2020-08-25
9364416,stern position winch,艉锚绞车,,2020-08-25
9364417,stern post bossing,艉膨出部,,2020-08-25
9364418,stern rake,艉柱斜度,,2020-08-25
9364419,stern ramp,艉滑道；艉跳板；艉门跳板；艉斜道；艉坡道,,2020-08-25
9364420,stern roll,艉滚筒,,2020-08-25
9364421,stern rope,艉缆,,2020-08-25
9364422,stern sea,艉浪{舷角165°~195°},,2020-08-25
9364423,stern shaft,艉轴,,2020-08-25
9364424,stern sheave,艉槽轮{布缆船},,2020-08-25
9364425,stern sheet,船艉凹舱地板,,2020-08-25
9364426,stern thruster,艉推推器；艉侧推器,,2020-08-25
9364427,stern transom plate,艉封板；艉横板,,2020-08-25
9364428,stern tube,艉轴管；艉轴套,,2020-08-25
9364429,stern tube bearing,艉轴套轴承,,2020-08-25
9364430,stern tube bearing strips,艉轴套条材,,2020-08-25
9364431,stern tube bushing,艉轴管衬套,,2020-08-25
9364432,stern tube end plate,艉轴套迫紧端板,,2020-08-25
9364433,stern tube gland,艉[轴]管压盖,,2020-08-25
9364434,stern tube nut,艉轴管环首螺帽,,2020-08-25
9364435,stern tube packing gland,艉轴套压盖,,2020-08-25
9364436,stern tube sealing,艉轴管轴封,,2020-08-25
9364437,stern tube shaft,艉管轴,,2020-08-25
9364438,stern tube stuffing box,艉轴管填料函,,2020-08-25
9364439,stern tunnel,艉隧,,2020-08-25
9364440,stern wake,艉迹流,,2020-08-25
9364441,stern walk,艉望台；艉游廊,,2020-08-25
9364442,stern wave,艉波,,2020-08-25
9364443,stern wheel,船艉明轮,,2020-08-25
9364444,stern wheel steamer,艉外明轮船,,2020-08-25
9364445,stern-chaser,舰艉炮,,2020-08-25
9364446,stern-end bulb,球形艉端,,2020-08-25
9364447,stern-engined ship,艉机型船,,2020-08-25
9364448,stern-fast,艉缆,,2020-08-25
9364449,sternpost,艉柱,,2020-08-25
9364450,sternpost knee,艉柱肘材,,2020-08-25
9364451,sternson,艉柱上肘材,,2020-08-25
9364452,stern-trawler,艉拖网渔船,,2020-08-25
9364453,sterntrawler stern,滑道型艉,,2020-08-25
9364454,stern-tube bulkhead,艉轴管舱壁,,2020-08-25
9364455,steward,服务生,,2020-08-25
9364456,stick,杆；棒；桅桁用材；潜望镜,,2020-08-25
9364457,stick gage,油尺,,2020-08-25
9364458,stick mast,圆木桅,,2020-08-25
9364459,stick-held dip net fishing boat,棒受网渔船,,2020-08-25
9364460,stiff ship,高稳渡船,,2020-08-25
9364461,stiff vessel,高稳度船,,2020-08-25
9364462,stiffened bulkhead,加防挠材舱壁,,2020-08-25
9364463,stiffener,加强材；防挠材,,2020-08-25
9364464,stiffening,加强；补强,,2020-08-25
9364465,stiffening bar,加强材；防挠材,,2020-08-25
9364466,stiffening side,加强侧,,2020-08-25
9364467,stiffness,刚性；抗挠性；劲度,,2020-08-25
9364468,stiffness matrix,劲度矩阵,,2020-08-25
9364469,stiffness method,劲度法,,2020-08-25
9364470,still,蒸馏器,,2020-08-25
9364471,still water,静水,,2020-08-25
9364472,still water bending moment,静水弯矩,,2020-08-25
9364473,still water resistance,静水阻力,,2020-08-25
9364474,stilling chamber,缓冲室；调压室,,2020-08-25
9364475,still-water level,静水水位,,2020-08-25
9364476,stimulator,激励器,,2020-08-25
9364477,stinger,艉托架{布管船},,2020-08-25
9364478,Stirling engine,史特灵引擎；外燃机,,2020-08-25
9364479,stirrup,镫索；箍筋,,2020-08-25
9364480,stitch welding machine,缀缝銲机,,2020-08-25
9364481,stitched boat,缝合艇,,2020-08-25
9364482,stochastic function,随机函数,,2020-08-25
9364483,stochastic method,随机性法,,2020-08-25
9364484,stochastic model,随机模型,,2020-08-25
9364485,stochastic process,序率过程；随机过程,,2020-08-25
9364486,stock,库存；锚杆；杆；钢板余缘,,2020-08-25
9364487,stock anchor,普通锚；有杆锚,,2020-08-25
9364488,stock boat,补给船,,2020-08-25
9364489,stocked anchor,有杆锚,,2020-08-25
9364490,stocker-fired boiler,机械加煤锅炉,,2020-08-25
9364491,stocking yard,堆料场；成品仓库,,2020-08-25
9364492,stockless anchor,山字锚；无杆锚,,2020-08-25
9364493,stocks,船底墩,,2020-08-25
9364494,stock-stabilizer,有杆锚的稳定杆；横杆,,2020-08-25
9364495,stockyard,仓库；堆积场,,2020-08-25
9364496,stoke,生火；加煤；司炉,,2020-08-25
9364497,stoke hold,锅炉舱,,2020-08-25
9364498,stokehold,锅炉舱；生火间,,2020-08-25
9364499,stoker,生火；加煤机,,2020-08-25
9364500,Stokes fifth-order wave,斯托克斯五阶波,,2020-08-25
9364501,Stokes law,史托克斯[黏性流]定律,,2020-08-25
9364502,Stokes wave,史托克波,,2020-08-25
9364503,stoking indicator,炉火指示器,,2020-08-25
9364504,stone color paint,灰色漆,,2020-08-25
9364505,stool,抽水马桶；凳形座；平台,,2020-08-25
9364506,stop,触止；停止；止档；限制器,,2020-08-25
9364507,stop bolt,制动闩,,2020-08-25
9364508,stop button,停止按钮,,2020-08-25
9364509,stop check valve,止回阀；截流止回阀,,2020-08-25
9364510,stop cock,停止旋塞,,2020-08-25
9364511,stop hole,止裂小孔,,2020-08-25
9364512,stop plug,止栓,,2020-08-25
9364513,stop valve,停止合；停止阀,,2020-08-25
9364514,stop-all button,应急按钮；全断路按钮,,2020-08-25
9364515,stop-check valve,截流止回阀,,2020-08-25
9364516,stopcock,活栓；旋阀；水龙头,,2020-08-25
9364517,stopper,停止器；栓；塞,,2020-08-25
9364518,stopper bolt,止动螺栓,,2020-08-25
9364519,stopper-knot,绳端结,,2020-08-25
9364520,stopping distance,停止距离,,2020-08-25
9364521,stopping maneuver,停伡操纵,,2020-08-25
9364522,stopping test,停船性能试验,,2020-08-25
9364523,stops,卷帆短索；卷帆帆布带,,2020-08-25
9364524,stopwater,阻水结构{铆接船}；阻水梢{木船}；阻水孔{水柜},,2020-08-25
9364525,stopway,停伡滑行距离；惯性航距,,2020-08-25
9364526,storage,贮藏室；仓库；储存{电算},,2020-08-25
9364527,storage barge,贮物驳船,,2020-08-25
9364528,storage battery,蓄电池；电瓶,,2020-08-25
9364529,storage management,存储管理,,2020-08-25
9364530,storage production vessel,储油生产船,,2020-08-25
9364531,storage space,储存室,,2020-08-25
9364532,storage tank,贮藏柜,,2020-08-25
9364533,storage vessel,水上仓库,,2020-08-25
9364534,store,仓库,,2020-08-25
9364535,store boat,补给船,,2020-08-25
9364536,store carrier,补给船,,2020-08-25
9364537,store management,库房管理,,2020-08-25
9364538,storehouse,货栈；仓库,,2020-08-25
9364539,storeroom,储藏室,,2020-08-25
9364540,stores,库存；备品,,2020-08-25
9364541,storeship,补给运输船；仓库船,,2020-08-25
9364542,storm,暴风十一级风{风速56~64节},,2020-08-25
9364543,storm board,风暴板,,2020-08-25
9364544,storm cover,[锅炉舱开口]风暴盖,,2020-08-25
9364545,storm oil,镇浪油,,2020-08-25
9364546,storm rail,风暴扶手,,2020-08-25
9364547,storm rail bracket,风暴扶手托架,,2020-08-25
9364548,storm sail,风暴帆,,2020-08-25
9364549,storm scupper,风浪排水孔,,2020-08-25
9364550,storm sea,风暴浪；风暴海况,,2020-08-25
9364551,storm valve,止浪阀,,2020-08-25
9364552,stormlamp,防风灯,,2020-08-25
9364553,stormograph,气压记录器,,2020-08-25
9364554,stove,炉,,2020-08-25
9364555,stowage,装载；储藏,,2020-08-25
9364556,stowage capacity,装载容量,,2020-08-25
9364557,stowage chock,艇垫木,,2020-08-25
9364558,stowage factor,积载因数,,2020-08-25
9364559,stowage plan,货物装载图,,2020-08-25
9364560,stowage reel,储放卷盘,,2020-08-25
9364561,stowage survey,装载检查,,2020-08-25
9364562,stowing anchor,备用锚,,2020-08-25
9364563,stowrack,存货架,,2020-08-25
9364564,straddle carrier,[货柜]跨提搬运车,,2020-08-25
9364565,straddle truck,跨载车{货柜运输},,2020-08-25
9364566,straddler,双体载驳船,,2020-08-25
9364567,straight ahead motion,向前直航运动,,2020-08-25
9364568,straight blade,直叶片,,2020-08-25
9364569,straight bow,直艏[柱],,2020-08-25
9364570,straight camber,直线拱形,,2020-08-25
9364571,straight compound,直流复合式{涡轮机},,2020-08-25
9364572,straight deck,前后平行木甲板,,2020-08-25
9364573,straight edge,直尺；直规；直缘,,2020-08-25
9364574,straight flow heater,直通加热器,,2020-08-25
9364575,straight lined vessel,直线单元[线型]船,,2020-08-25
9364576,straight pin,平行销,,2020-08-25
9364577,straight polarity,正极性,,2020-08-25
9364578,straight stem,直艏柱,,2020-08-25
9364579,straight through combustion chamber,直通燃烧室,,2020-08-25
9364580,straight timber,直[木]材,,2020-08-25
9364581,straight type engine,直列型引擎,,2020-08-25
9364582,straight vee bow,直V形艏,,2020-08-25
9364583,straight way valve,直通阀,,2020-08-25
9364584,straightener blade,整流器[风机]叶片,,2020-08-25
9364585,straightening,矫直,,2020-08-25
9364586,straightening roll,轧平机,,2020-08-25
9364587,straightening roller,校直滚筒,,2020-08-25
9364588,straightening roller,校直滚筒；轧平机,,2020-08-25
9364589,straightening vane,整流叶片,,2020-08-25
9364590,straighter,矫直器,,2020-08-25
9364591,straight-framed boat,V型底艇,,2020-08-25
9364592,straight-neck rivet,直颈铆钉,,2020-08-25
9364593,straight-shank rivet,直颈铆钉,,2020-08-25
9364594,straight-stemmer,直艏柱船,,2020-08-25
9364595,straight-through boiler,单流锅炉,,2020-08-25
9364596,straight-through combustion chamber,单流燃烧室；直接燃烧室,,2020-08-25
9364597,straight-tube boiler,直管锅炉,,2020-08-25
9364598,strain,应变,,2020-08-25
9364599,strain aging,应变老化,,2020-08-25
9364600,strain concentration factor,应变集中因数,,2020-08-25
9364601,strain energy,应变能,,2020-08-25
9364602,strain energy method,应变能量法,,2020-08-25
9364603,strain gage,应变计,,2020-08-25
9364604,strain gauge,应变计；应变片,,2020-08-25
9364605,strain hardening,应变硬化,,2020-08-25
9364606,strain increment,应变增量,,2020-08-25
9364607,strain insulator,耐拉绝缘体,,2020-08-25
9364608,strain level,应变位准,,2020-08-25
9364609,strain rate,应变速率,,2020-08-25
9364610,strain ratio,应变比,,2020-08-25
9364611,strain test,应变试验,,2020-08-25
9364612,strained glass,强化玻璃,,2020-08-25
9364613,strainer,[过]滤器；拉线器；松紧螺旋机,,2020-08-25
9364614,strainer box,【舟必】水过滤箱,,2020-08-25
9364615,strain-measuring bridge,应变量测电桥,,2020-08-25
9364616,strainmeter,应变计；应变仪,,2020-08-25
9364617,strake,列板；板列；纵通材{木船},,2020-08-25
9364618,strake below sheer strake,副舷侧厚板列,,2020-08-25
9364619,strand,索股；搁浅,,2020-08-25
9364620,stranded wire,绞线[索],,2020-08-25
9364621,stranding,触礁,,2020-08-25
9364622,strap,搭板条；带料,,2020-08-25
9364623,strap bolt,扁头栓,,2020-08-25
9364624,strap brake,带煞,,2020-08-25
9364625,strap joint,搭板接合；搭板接头,,2020-08-25
9364626,strap-board block,封闭滑车；防污滑车,,2020-08-25
9364627,strap-down mode,固装式,,2020-08-25
9364628,strap-iron bridle,扁铁短拉条,,2020-08-25
9364629,strapped butt,搭板对接,,2020-08-25
9364630,strapped weld,背衬銲道,,2020-08-25
9364631,strategic missile,战略飞弹,,2020-08-25
9364632,stratified erection system,层式建造法,,2020-08-25
9364633,straw mattress,稻草床垫,,2020-08-25
9364634,stray current corrosion,迷走电流腐蚀,,2020-08-25
9364635,streak cavitation,条纹空化,,2020-08-25
9364636,streak line,[流]迹线,,2020-08-25
9364637,stream anchor,流锚；中锚,,2020-08-25
9364638,stream cable,流锚索,,2020-08-25
9364639,stream chain,艉锚链,,2020-08-25
9364640,stream function,流[线]函数,,2020-08-25
9364641,stream line,流线；中锚索,,2020-08-25
9364642,stream transfer rig,标准张力法输送设备,,2020-08-25
9364643,stream velocity,流速,,2020-08-25
9364644,streamline,流线,,2020-08-25
9364645,streamline body,流线型体,,2020-08-25
9364646,streamline rudder,流线型舵,,2020-08-25
9364647,streamline shape,流线形,,2020-08-25
9364648,streamline tracing method,流线追迹法,,2020-08-25
9364649,streamline wake,流线迹流,,2020-08-25
9364650,streamlined bridge,流线型桥艛,,2020-08-25
9364651,strength,强度,,2020-08-25
9364652,strength beam,加强梁；强力梁,,2020-08-25
9364653,strength bulkhead,强度舱壁；结构舱壁,,2020-08-25
9364654,strength calculation,强度计算,,2020-08-25
9364655,strength curve,强度曲线,,2020-08-25
9364656,strength deck,强度甲板,,2020-08-25
9364657,strength draft,强度吃水,,2020-08-25
9364658,strength freeboard,强度干舷,,2020-08-25
9364659,strength member,强度构件,,2020-08-25
9364660,strength test,强度试验,,2020-08-25
9364661,strength testing machine,强度试验机,,2020-08-25
9364662,strengthening,加强；补强,,2020-08-25
9364663,strengthening ring,加强环,,2020-08-25
9364664,strength-weight ratio,强度重量比,,2020-08-25
9364665,stress,应力,,2020-08-25
9364666,stress concentration,应力集中,,2020-08-25
9364667,stress corrosion,应力腐蚀,,2020-08-25
9364668,stress corrosion cracking {= SCC},应力腐蚀龟裂,,2020-08-25
9364669,stress curve,应力曲线,,2020-08-25
9364670,stress fatigue,应力疲劳,,2020-08-25
9364671,stress function,应力函数,,2020-08-25
9364672,stress increment,应力增量,,2020-08-25
9364673,stress index,应力指标,,2020-08-25
9364674,stress intensity factor,应力增强系数,,2020-08-25
9364675,stress level,应力位准,,2020-08-25
9364676,stress range,应力变化范围,,2020-08-25
9364677,stress ratio,应力比,,2020-08-25
9364678,stress relaxation,应力松弛,,2020-08-25
9364679,stress relief heat treatment,应力消除热处理,,2020-08-25
9364680,stress relieving  {=SR},应力缓和；应力消除,,2020-08-25
9364681,stress tensor,应力张量,,2020-08-25
9364682,stress wave,应力波,,2020-08-25
9364683,stresscoating,应力[显影]涂剂,,2020-08-25
9364684,stress-strain diagram,应力应变图,,2020-08-25
9364685,stretcher,脚踏板{舢板}；担架；悬臂短梁,,2020-08-25
9364686,stretcher board,脚踏板,,2020-08-25
9364687,stretching screw,调整螺丝钉,,2020-08-25
9364688,stretching stress,伸张应力；拉张应力,,2020-08-25
9364689,stretching test,拉伸试验,,2020-08-25
9364690,striation,条纹；辉纹；擦纹,,2020-08-25
9364691,strickling board,括[模]板,,2020-08-25
9364692,strickling line,刮线,,2020-08-25
9364693,strike,打击；铸造；降下；取下,,2020-08-25
9364694,strike mast,可倒桅,,2020-08-25
9364695,striker,大锤；杆；长柄漆刷,,2020-08-25
9364696,striker boat,赶鱼艇{捕鲜鱼辅助艇}；赶鱼舟,,2020-08-25
9364697,striking voltage,引弧电压,,2020-08-25
9364698,string,细绳；弦；底层延绳钓的测量单位；管柱；套管,,2020-08-25
9364699,string bead,直线銲珠；串珠{銲接},,2020-08-25
9364700,stringer,水平纵向加强肋；水平加强肋,,2020-08-25
9364701,stringer angle,舷缘角材,,2020-08-25
9364702,stringer plate,甲板缘[厚]板,,2020-08-25
9364703,stringer strake,甲板边板,,2020-08-25
9364704,strip,条；带；剥伤；拆除舣装[索具],,2020-08-25
9364705,strip method,裁片法,,2020-08-25
9364706,strip theory,截片理论,,2020-08-25
9364707,stripe,条纹；镶条；镶边；划线,,2020-08-25
9364708,stripping,收舱,,2020-08-25
9364709,stripping eductor,残油抽射器,,2020-08-25
9364710,stripping line,收舱管路；残油管路,,2020-08-25
9364711,stripping pump,残油泵；收舱泵,,2020-08-25
9364712,stripping valve,[油轮]收舱阀；残油阀,,2020-08-25
9364713,stripping work,清舱工作,,2020-08-25
9364714,stroboscope,闪频仪,,2020-08-25
9364715,strobphonometer,爆震测声仪{发电机},,2020-08-25
9364716,stroke,冲程；艉桨手,,2020-08-25
9364717,stroke capacity,冲程容积,,2020-08-25
9364718,stroke thruster,桨手坐板,,2020-08-25
9364719,stroke volume,冲程容积,,2020-08-25
9364720,stroke-bore ratio,冲程缸径比,,2020-08-25
9364721,strong beam,加强梁；强力梁,,2020-08-25
9364722,strong breeze,强风；六级风{风速22~27节},,2020-08-25
9364723,strong gale,烈风；九级风{风速43~47节},,2020-08-25
9364724,strong room,贵重品库,,2020-08-25
9364725,strong wind,强风,,2020-08-25
9364726,strongback,强力背材；装货舷门闩；活动艇盖梁,,2020-08-25
9364727,strongback piece,强力背托材；固定件{銲接},,2020-08-25
9364728,strop,滑车带索；磨刀皮条,,2020-08-25
9364729,structural alignment,结构校准,,2020-08-25
9364730,structural analysis,结构分析,,2020-08-25
9364731,structural break,结构断裂,,2020-08-25
9364732,structural bulkhead,结构舱壁,,2020-08-25
9364733,structural column type drilling rig,结构柱型钻油船,,2020-08-25
9364734,structural component,结构组件,,2020-08-25
9364735,structural continuity,结构连续性,,2020-08-25
9364736,structural core,结构用芯材,,2020-08-25
9364737,structural damage,结构损伤；船体损伤,,2020-08-25
9364738,structural damping,结构阻尼,,2020-08-25
9364739,structural design,结构设计,,2020-08-25
9364740,structural detailing criteria,结构详化基准,,2020-08-25
9364741,structural fire protection time {=SFP},结构防火时间,,2020-08-25
9364742,structural member,结构购件,,2020-08-25
9364743,structural model,结构模型,,2020-08-25
9364744,structural sea chest,结构性海底门,,2020-08-25
9364745,structural shapes,结构用型材,,2020-08-25
9364746,structural strength,结构强度,,2020-08-25
9364747,structure,结构；构造；组织,,2020-08-25
9364748,structure shop,冷作工场；结构工场,,2020-08-25
9364749,structure test,结构试验,,2020-08-25
9364750,structure-borne noise,结构噪音,,2020-08-25
9364751,structure-home noise,结构传递噪音,,2020-08-25
9364752,strum box,眼板箱；过滤箱,,2020-08-25
9364753,strum plate,眼孔板,,2020-08-25
9364754,strut,抗压构件；支杆；支柱；支架,,2020-08-25
9364755,strut bearing,艉轴支架轴承,,2020-08-25
9364756,strut boss,支架毂,,2020-08-25
9364757,stub,短柱；柱墩；短线；短棒；短管,,2020-08-25
9364758,stud,环栓{锚链}；螺桩,,2020-08-25
9364759,stud bolt,螺桩；无头螺栓,,2020-08-25
9364760,stud chain,日字链,,2020-08-25
9364761,stud link anchor chain,日字锚链,,2020-08-25
9364762,stud link chain cable,日字炼；栓环链,,2020-08-25
9364763,stud welding,柱銲；嵌柱銲接；螺柱銲[接],,2020-08-25
9364764,studding boom,补助帆驶帆杆；翼帆张帆杆,,2020-08-25
9364765,studding sail,补助帆；翼帆,,2020-08-25
9364766,studding sail boom,补助帆驶帆杆；翼帆张帆杆,,2020-08-25
9364767,studding sail yard,翼帆横桁,,2020-08-25
9364768,studless chain,无档环链,,2020-08-25
9364769,studtube wall,桩式管壁,,2020-08-25
9364770,stud-tube wall,销钉管水冷壁,,2020-08-25
9364771,stuff,[木船]板材用油脂；纤物,,2020-08-25
9364772,stuffing box,填料函,,2020-08-25
9364773,stuffing box bulkhead,填函舱壁,,2020-08-25
9364774,stuffing box chamber,填料函箱壳,,2020-08-25
9364775,stuffing box gland,填函压盖,,2020-08-25
9364776,stuffing box recess,填料函龛,,2020-08-25
9364777,stuffing bulkhead,艉舱壁,,2020-08-25
9364778,stuffing-box bulkhead,艉舱壁；填函舱壁,,2020-08-25
9364779,stuffing-box casing,填料函外壳,,2020-08-25
9364780,stump mast,短单杆桅,,2020-08-25
9364781,stunsail,辅助帆；翼帆,,2020-08-25
9364782,styrene monomer {=SM},苯乙烯单体,,2020-08-25
9364783,styrofoam,聚苯乙烯发泡塑料；保丽龙,,2020-08-25
9364784,sub plan,小组合施工图,,2020-08-25
9364785,subarine trench,海沟；潜艇试航道,,2020-08-25
9364786,subassembly,小组合,,2020-08-25
9364787,subassembly unit,小组合单元,,2020-08-25
9364788,sub-audio frequency {=SAF},音下频{3~30赫},,2020-08-25
9364789,subcarrier wave,副载波,,2020-08-25
9364790,subcavitating hydrofoil boat,次空化水翼船,,2020-08-25
9364791,subcavitating propeller,次空化螺桨,,2020-08-25
9364792,sub-cavitation,次空化；低空化,,2020-08-25
9364793,subcavitation propeller,次空化螺桨,,2020-08-25
9364794,subchaser,驱潜艇,,2020-08-25
9364795,sub-circuit,分歧回路,,2020-08-25
9364796,sub-code,小组合代码,,2020-08-25
9364797,subcontractor,小包商,,2020-08-25
9364798,subcritical velocity,次临界速度,,2020-08-25
9364799,subdivision,舱区划分；舱区,,2020-08-25
9364800,subdivision bulkhead,舱区划分舱壁,,2020-08-25
9364801,subdivision characteristics,舱区划分特性[曲线],,2020-08-25
9364802,subdivision draft,舱区划分吃水,,2020-08-25
9364803,subdivision load waterline,舱间划分载重水线,,2020-08-25
9364804,subdivision loadline,舱区划分载重线,,2020-08-25
9364805,subduer,消波器,,2020-08-25
9364806,sublaunched missile,潜艇发射飞弹,,2020-08-25
9364807,sublayer,次层,,2020-08-25
9364808,submarine,潜[水]艇；潜舰,,2020-08-25
9364809,submarine boat,潜[水]艇,,2020-08-25
9364810,submarine cable,海底电缆,,2020-08-25
9364811,submarine cargo carrier,潜水货船,,2020-08-25
9364812,submarine chaser,猎潜艇；驱潜艇,,2020-08-25
9364813,submarine coastal boat,沿海潜艇,,2020-08-25
9364814,submarine depot boat,潜艇母舰,,2020-08-25
9364815,submarine depot ship,潜艇母舰,,2020-08-25
9364816,submarine marker buoy,潜艇标示浮标,,2020-08-25
9364817,submarine merchant ship,潜航商船,,2020-08-25
9364818,submarine mine,潜艇水雷,,2020-08-25
9364819,submarine ocean-going boat,远洋潜艇,,2020-08-25
9364820,submarine oil carrier,潜水油轮,,2020-08-25
9364821,submarine overhaul yard,潜艇检修厂,,2020-08-25
9364822,submarine pipe,海底油管,,2020-08-25
9364823,submarine rescue vessel,潜艇救难舰,,2020-08-25
9364824,submarine sea-going boat,近海潜艇,,2020-08-25
9364825,submarine signal,水中信号,,2020-08-25
9364826,submarine tender,潜艇勤务舰,,2020-08-25
9364827,submarine-launched missile,潜艇发射飞弹,,2020-08-25
9364828,submarine-plotting board,反潜图示板；潜艇运动标示板,,2020-08-25
9364829,submerged arc welding {= SAW},潜弧銲[接]；潜熔銲,,2020-08-25
9364830,submerged arc welding machine,潜孤銲机,,2020-08-25
9364831,submerged barge type drilling rig,潜驳型钻油船,,2020-08-25
9364832,submerged body,水线下船体；潜水体；潜体,,2020-08-25
9364833,submerged chamber,[计程仪]浸水室,,2020-08-25
9364834,submerged coil condenser,潜浸盘管冷凝器,,2020-08-25
9364835,submerged compression chamber,潜水型加压舱；下潜式加压舱,,2020-08-25
9364836,submerged condition,潜航状态,,2020-08-25
9364837,submerged decompression chamber,潜水减压室,,2020-08-25
9364838,submerged endurance,水下续航力,,2020-08-25
9364839,submerged hull,没水[部分]船体,,2020-08-25
9364840,submerged intact buoyancy,浸水完整浮力,,2020-08-25
9364841,submerged lamp,水下作业灯,,2020-08-25
9364842,submerged launcher,水下发射装置,,2020-08-25
9364843,submerged maneuverability,水下操纵性,,2020-08-25
9364844,submerged melt arc welding,潜弧銲；潜熔銲,,2020-08-25
9364845,submerged pump,潜水泵；潜入式泵,,2020-08-25
9364846,submerged range,[潜艇]水下续航力,,2020-08-25
9364847,submerged speed,[潜艇]水下航速,,2020-08-25
9364848,submerged type,潜水型,,2020-08-25
9364849,submergence control,空泡控制,,2020-08-25
9364850,submergence ratio,浸深比,,2020-08-25
9364851,submersible,潜水器,,2020-08-25
9364852,submersible boat,可潜小艇；潜水载具,,2020-08-25
9364853,submersible compression chamber,潜水载具加压室,,2020-08-25
9364854,submersible decompression chamber {=SDC},潜水[载具]减压室,,2020-08-25
9364855,submersible diving chamber,潜水载具,,2020-08-25
9364856,submersible drilling platform,坐底式钻油平台,,2020-08-25
9364857,submersible habitat,水下工作室；水下居住室,,2020-08-25
9364858,submersible motor,潜水马达；沉水马达,,2020-08-25
9364859,submersible pump,潜水泵,,2020-08-25
9364860,submersible test unit,水下试验装置,,2020-08-25
9364861,submersible type,可潜式,,2020-08-25
9364862,submersible vehicle,潜水载具,,2020-08-25
9364863,submersible work chamber,潜水作业舱,,2020-08-25
9364864,subsea annulus valve,水下环形阀,,2020-08-25
9364865,subsea completion,地层钻具安置法{钻油井},,2020-08-25
9364866,subsea manifold,海底集油歧管,,2020-08-25
9364867,subsea production system {=SPS},海底石油生产系统,,2020-08-25
9364868,subsea work chamber,海底工作舱,,2020-08-25
9364869,subsequent survey,后续检验,,2020-08-25
9364870,subsonic velocity,次音速,,2020-08-25
9364871,subsonic wave,次音波,,2020-08-25
9364872,substructure,下层台架{钻油船},,2020-08-25
9364873,subsurface,次表面,,2020-08-25
9364874,subsurface defect,面下缺陷,,2020-08-25
9364875,subsurface wave,次表面波,,2020-08-25
9364876,subtransient impedance,次暂态阻抗,,2020-08-25
9364877,sucker,吸嘴；抽吸器,,2020-08-25
9364878,suction,吸取；吸力,,2020-08-25
9364879,suction blower,抽风机,,2020-08-25
9364880,suction box,吸入箱,,2020-08-25
9364881,suction cap,吸入管帽,,2020-08-25
9364882,suction chamber,吸入室,,2020-08-25
9364883,suction draft,吸入送风,,2020-08-25
9364884,suction dredger,吸取挖泥船；吸管式挖泥船,,2020-08-25
9364885,suction filter,吸入滤器,,2020-08-25
9364886,suction gas engine,吸入式燃气引擎,,2020-08-25
9364887,suction gas producer,吸入式燃气产生器,,2020-08-25
9364888,suction head,吸引水头,,2020-08-25
9364889,suction hose,吸引软管,,2020-08-25
9364890,suction inlet,吸入口,,2020-08-25
9364891,suction lift,吸引升力,,2020-08-25
9364892,suction line,吸入管路,,2020-08-25
9364893,suction maifold,吸入歧管,,2020-08-25
9364894,suction pipe,吸入管,,2020-08-25
9364895,suction pressure,吸入压力,,2020-08-25
9364896,suction pump,吸入泵,,2020-08-25
9364897,suction stroke,吸气冲程；吸入冲程,,2020-08-25
9364898,suction valve,吸入阀,,2020-08-25
9364899,suction velocity,吸入速度,,2020-08-25
9364900,suction vortex,吸入涡,,2020-08-25
9364901,suction-clack,吸取瓣,,2020-08-25
9364902,Suez Canal lantern,苏伊士运河灯,,2020-08-25
9364903,Suez Canal Regulation,苏伊士运河[吨位丈量]规则,,2020-08-25
9364904,Suez Canal rudder,苏彝士运河舵,,2020-08-25
9364905,Suez Canal searchlight,苏彝士运河探照灯,,2020-08-25
9364906,Suez Canal tonnage,苏彝士运河吨位,,2020-08-25
9364907,Suez Canal tonnage certificate,苏彝士运河吨位证书,,2020-08-25
9364908,sugar carrier,粗糖[运输]船,,2020-08-25
9364909,sugarloaf sea,三角浪,,2020-08-25
9364910,suit room,套房,,2020-08-25
9364911,suite,套；套房,,2020-08-25
9364912,sulphate-resistant cement,抗硫水泥,,2020-08-25
9364913,sulphur carrier,运硫船,,2020-08-25
9364914,sulphur crack,硫脆裂,,2020-08-25
9364915,sulphuric acid carrier,硫酸[运输]船,,2020-08-25
9364916,summer draft mark,夏期吃水标,,2020-08-25
9364917,summer freeboard mark,夏期干舷标志,,2020-08-25
9364918,summer load line,夏期载重线,,2020-08-25
9364919,summer pipe,夏期油舱管,,2020-08-25
9364920,summer tank,夏期油舱,,2020-08-25
9364921,summer timber load line,夏期木材载重线,,2020-08-25
9364922,summer waterline,夏期载重水线,,2020-08-25
9364923,summer zone,夏期区域；夏期载重线区,,2020-08-25
9364924,sump,水坑；集油池,,2020-08-25
9364925,sump tank,集油柜,,2020-08-25
9364926,sun cap,遮阳罩,,2020-08-25
9364927,sun deck,阳光甲板；日光甲板,,2020-08-25
9364928,sun screen,日光屏,,2020-08-25
9364929,sundry space,杂物室,,2020-08-25
9364930,sundry store,杂物室,,2020-08-25
9364931,sunken forecastle,低艏艛,,2020-08-25
9364932,sunken forecastle deck,低艏艛甲板,,2020-08-25
9364933,sunken forecastle vessel,低艏艛[甲板]船,,2020-08-25
9364934,sunken manhole,下沉人孔,,2020-08-25
9364935,sunken mine,沉雷,,2020-08-25
9364936,sunken poop,低艉艛,,2020-08-25
9364937,sunken quarter deck,低艉主甲板,,2020-08-25
9364938,sunken strake,搭接内列板,,2020-08-25
9364939,super cavitaiton,超空化,,2020-08-25
9364940,super conducting homopolar DC machine,超导同极直流电机,,2020-08-25
9364941,super high pressure boiler,超高压锅炉,,2020-08-25
9364942,supercavitating foil,超空化水翼,,2020-08-25
9364943,supercavitating hydrofoil,超空化水翼,,2020-08-25
9364944,supercavitating hydrofoil boat,超空化水翼船,,2020-08-25
9364945,supercavitating propeller,超空化螺桨,,2020-08-25
9364946,super-charge,增压,,2020-08-25
9364947,supercharge turboblower,涡轮增压鼓风机,,2020-08-25
9364948,supercharged boiler,增压锅炉,,2020-08-25
9364949,supercharged engine,增压引擎,,2020-08-25
9364950,supercharger,增压机,,2020-08-25
9364951,supercharger cut off test,增压器截断试验,,2020-08-25
9364952,supercharging blower,增压鼓风机,,2020-08-25
9364953,supercharging pump,增压泵,,2020-08-25
9364954,superconducting machine,超导单极电机,,2020-08-25
9364955,superconducting magnet,超导磁体,,2020-08-25
9364956,superconducting motor,超导马达,,2020-08-25
9364957,superconduction electric machine,超导电机,,2020-08-25
9364958,superconductor,超导[电]体,,2020-08-25
9364959,supercooler,过冷器,,2020-08-25
9364960,supercooling,过冷,,2020-08-25
9364961,supercritical boiler,超临界压力锅炉,,2020-08-25
9364962,supercritical operation,超临界运转,,2020-08-25
9364963,supercritical pressure boiler,超临界压力锅炉,,2020-08-25
9364964,supercritical velocity,超临界速度,,2020-08-25
9364965,superdreadnought,超级巨舰,,2020-08-25
9364966,superfacial caulking,表面捻缝,,2020-08-25
9364967,superfinishing,超[级]光[制],,2020-08-25
9364968,superheat control boiler,可调过热蒸汽锅炉,,2020-08-25
9364969,superheated steam,过热蒸汽,,2020-08-25
9364970,superheated steam boiler,过热蒸汽锅炉,,2020-08-25
9364971,superheated vapor,过热蒸汽,,2020-08-25
9364972,superheater,过热器,,2020-08-25
9364973,super-high frequency {=SHF},极高频{；~；0吉赫},,2020-08-25
9364974,superposed turbine,叠置式涡轮机,,2020-08-25
9364975,superposition method,叠加法,,2020-08-25
9364976,superposition principle,叠加原理,,2020-08-25
9364977,superpressure boiler,[超]高压锅炉,,2020-08-25
9364978,supersaturated steam,过饱和蒸汽,,2020-08-25
9364979,supersonic detector,超音波探测器,,2020-08-25
9364980,supersonic echo sounder,超音波回声测深仪,,2020-08-25
9364981,supersonic velocity,超音速,,2020-08-25
9364982,supersonic wave,超音波,,2020-08-25
9364983,superstructure,船艛建筑；上层建筑,,2020-08-25
9364984,superstructure deck,船艛甲板,,2020-08-25
9364985,superstructure end,艛端,,2020-08-25
9364986,supersurface-craft,掠水艇,,2020-08-25
9364987,supertanker,超级油轮,,2020-08-25
9364988,superventilated hydrofoil,超通气水翼,,2020-08-25
9364989,super-ventilating propeller,超充气螺桨,,2020-08-25
9364990,supervisor,管理人；监督人；监工,,2020-08-25
9364991,supervisor of shipbuilding,造船监造代表,,2020-08-25
9364992,supplemental buoyancy,附加浮力,,2020-08-25
9364993,supplementary air,补助空气,,2020-08-25
9364994,supplementary air valve,补充空气阀,,2020-08-25
9364995,supplementary feed,补助给水,,2020-08-25
9364996,supplementary feed valve,补充[给水]阀,,2020-08-25
9364997,supplementary valve,补助阀,,2020-08-25
9364998,supplementary water,补加水,,2020-08-25
9364999,supply blower,送风机,,2020-08-25
9365000,supply chain,供应链,,2020-08-25
9365001,supply circuit,供电电路,,2020-08-25
9365002,supply frequency,电源频率,,2020-08-25
9365003,supply lead,电源线；餽电线,,2020-08-25
9365004,supply pipe,供给管；给水管,,2020-08-25
9365005,supply ship,补给船,,2020-08-25
9365006,supply system,供给系统；给气通风,,2020-08-25
9365007,supply tank,日用柜；给水柜,,2020-08-25
9365008,supply valve,供给阀；供水阀,,2020-08-25
9365009,supply ventilating fan,送风机,,2020-08-25
9365010,supply ventilation,进气通风,,2020-08-25
9365011,supply vessel,供应船；补给船,,2020-08-25
9365012,supply voltage,供电电压,,2020-08-25
9365013,supply-exhaust ventilation,进排气[混合式]通风,,2020-08-25
9365014,support column,撑柱,,2020-08-25
9365015,support vessel,支援船,,2020-08-25
9365016,supportability,支援性,,2020-08-25
9365017,supporting carrier,[涡轮机]导向片夹箍,,2020-08-25
9365018,surf board,风浪板,,2020-08-25
9365019,surf boat,海滨小艇,,2020-08-25
9365020,surface,面；表面；翼面,,2020-08-25
9365021,surface ballistic missile launcher,水面舰艇飞弹发射装置,,2020-08-25
9365022,surface blow,表面吹泄,,2020-08-25
9365023,surface blow off cock,液面吹泄旋塞；浮渣吹泄旋塞,,2020-08-25
9365024,surface blow off valve,液面吹泄阀,,2020-08-25
9365025,surface blowdown,表面排污；上排污,,2020-08-25
9365026,surface blow-off cock,浮渣吹泄旋塞,,2020-08-25
9365027,surface blow-off valve,水面吹泄阀,,2020-08-25
9365028,surface boat,水面小艇,,2020-08-25
9365029,surface boiling,表面沸腾,,2020-08-25
9365030,surface casing,表层套管,,2020-08-25
9365031,surface cavitaiton,表面空化,,2020-08-25
9365032,surface condenser,面式冷凝器；表面冷凝器,,2020-08-25
9365033,surface condition waterline,水面航行状态水线,,2020-08-25
9365034,surface cooler,表面冷却器,,2020-08-25
9365035,surface crack,表面龟裂；表面裂痕,,2020-08-25
9365036,surface craft,水面舰艇,,2020-08-25
9365037,surface defect,表面缺陷；表面瑕疵,,2020-08-25
9365038,surface drive,穿水式螺桨驱动,,2020-08-25
9365039,surface effect catamaran,表面效应双体船,,2020-08-25
9365040,surface effect ship {=SES},表面效应船,,2020-08-25
9365041,surface effect vehicle,表面效应艇,,2020-08-25
9365042,surface endurance,水面续航力,,2020-08-25
9365043,surface floating body,水面浮体,,2020-08-25
9365044,surface force,表面力,,2020-08-25
9365045,surface friction,表面摩擦,,2020-08-25
9365046,surface gauge,划针盘；平面规,,2020-08-25
9365047,surface grinder,平面磨床,,2020-08-25
9365048,surface heat transmission,表面热传导,,2020-08-25
9365049,surface ignition,表面点火,,2020-08-25
9365050,surface inspection,表面检查,,2020-08-25
9365051,surface layer,水面布雷艇,,2020-08-25
9365052,surface mat,表面毡,,2020-08-25
9365053,surface model,表面模型,,2020-08-25
9365054,surface moisture,表面湿度,,2020-08-25
9365055,surface monitor,表面污染侦察器,,2020-08-25
9365056,surface patch,面片,,2020-08-25
9365057,surface piercing foil,穿水式水翼,,2020-08-25
9365058,surface piercing hydrofoil,穿水式水翼,,2020-08-25
9365059,surface piercing propeller,穿水式螺桨,,2020-08-25
9365060,surface plate,平板,,2020-08-25
9365061,surface preparation,表面初步处理,,2020-08-25
9365062,surface propelling unit,水面推进装置,,2020-08-25
9365063,surface range,[潜艇]水面续航力,,2020-08-25
9365064,surface ratio,面积比,,2020-08-25
9365065,surface roughness,表面粗糙度,,2020-08-25
9365066,surface ship,水面船,,2020-08-25
9365067,surface shrinkage,表面收缩,,2020-08-25
9365068,surface skimmer,水面滑行艇,,2020-08-25
9365069,surface speed,[潜艇]水面航速；水面速[率],,2020-08-25
9365070,surface table,平板,,2020-08-25
9365071,surface taut mooring,水面拉紧系泊,,2020-08-25
9365072,surface tension wave,表面张力波,,2020-08-25
9365073,surface treatment,表面处理,,2020-08-25
9365074,surface unsinkabiliy,水上抗沉性,,2020-08-25
9365075,surface veneer,表面薄层,,2020-08-25
9365076,surface viscosity,表面黏度,,2020-08-25
9365077,surface wash,船舶运动波浪,,2020-08-25
9365078,surface wave,表面波,,2020-08-25
9365079,surface wiring,明线,,2020-08-25
9365080,surface-effect vessel,表面效应船,,2020-08-25
9365081,surface-to-air missile {=SAM},面对空[防空]飞弹,,2020-08-25
9365082,surface-to-surface missile {=SSM},[水]面[舰艇]对[水]面[舰艇]飞弹,,2020-08-25
9365083,surface-to-underwater missile {=SUM},[水]面[舰艇]对潜飞弹,,2020-08-25
9365084,surfacing,上浮；镀面；堆銲；表面处理；表面加工；表面切削,,2020-08-25
9365085,surfacing mat {=SM},表面毡,,2020-08-25
9365086,surfboard,直纹面；滑水板；凌波板；冲浪板,,2020-08-25
9365087,surge,突波；纵移；波振,,2020-08-25
9365088,surge absorber,波振吸收器,,2020-08-25
9365089,surge chamber,调压室,,2020-08-25
9365090,surge impedance,突波阻抗,,2020-08-25
9365091,surge motion,纵移运动,,2020-08-25
9365092,surge tank,缓冲柜；补偿水柜；调整水柜；调节箱；搅拌箱；减震筒,,2020-08-25
9365093,surge thrust,纵移推力,,2020-08-25
9365094,surge velocity,纵移速度,,2020-08-25
9365095,surgeline,颤动线；喘振线,,2020-08-25
9365096,surgeon,船医,,2020-08-25
9365097,surging,纵移；气压急变,,2020-08-25
9365098,surging sea,汹涌澎湃海面,,2020-08-25
9365099,surging wave,涌波,,2020-08-25
9365100,surplus buoyancy,剩余浮力；预留浮力,,2020-08-25
9365101,surplus value,剩余价值；溢流阀,,2020-08-25
9365102,surrvival craft,求生艇筏,,2020-08-25
9365103,SURTASS {Surveillance Towed Array Sensor System},拖曳阵列探测器监视系统,,2020-08-25
9365104,survey,检验,,2020-08-25
9365105,survey interval,检验间隔时间,,2020-08-25
9365106,survey motor boat,动力[水道]测量艇,,2020-08-25
9365107,survey on completion,完工检验,,2020-08-25
9365108,survey report,检验报告,,2020-08-25
9365109,surveying motor boat,动力[水道]测量艇,,2020-08-25
9365110,surveying ship,测量船,,2020-08-25
9365111,surveying vessel,测量船,,2020-08-25
9365112,surveyor,验船师,,2020-08-25
9365113,survivability,存活性,,2020-08-25
9365114,survival boat,救生艇[筏],,2020-08-25
9365115,survival capsule,救生舱,,2020-08-25
9365116,survival condition,残存状态；生存条件；残存条件,,2020-08-25
9365117,survival craft,救生筏艇,,2020-08-25
9365118,survival requirement,存活条件,,2020-08-25
9365119,SUS {Special Use Stainless},特殊用途不锈钢,,2020-08-25
9365120,susceptibility,易感受性；敏感性；被发现性；被击中性；磁化性,,2020-08-25
9365121,suspended cargo,悬吊货,,2020-08-25
9365122,suspended ceiling,悬吊天花板,,2020-08-25
9365123,suspension arm,吊臂,,2020-08-25
9365124,suspension center,支悬中心；悬挂点,,2020-08-25
9365125,suspension insulator,悬吊碍子,,2020-08-25
9365126,suspension line,吊索；拉索,,2020-08-25
9365127,suspension rod,悬杆,,2020-08-25
9365128,suspension valve,悬吊阀；悬线{电罗经},,2020-08-25
9365129,sustained speed,航海船速；营运船速,,2020-08-25
9365130,sustaining force,持续力,,2020-08-25
9365131,SWAACS {Small Waterplane Area Air Cushion Ship},小水线面气垫船,,2020-08-25
9365132,swab,甲板拖把；砲帚,,2020-08-25
9365133,swab valve,收舱阀,,2020-08-25
9365134,swage block,型铁砧；花砧,,2020-08-25
9365135,swallow,绳孔；导缆孔,,2020-08-25
9365136,swamp boat,沼泽船,,2020-08-25
9365137,swan bow,飞剪形艏；鹅头形艏,,2020-08-25
9365138,swan neck ventilator,鹅颈通风筒,,2020-08-25
9365139,swan socket,曲颈插座,,2020-08-25
9365140,swan stem,飞剪式艏柱,,2020-08-25
9365141,swash bulkhead,制水舱壁,,2020-08-25
9365142,swash plate,制水板,,2020-08-25
9365143,SWATH {Small Waterplane Area Twin Hull Ship},小水线面双体船,,2020-08-25
9365144,sway,横移,,2020-08-25
9365145,sway brace,管防振器,,2020-08-25
9365146,swaying motion,横移运动,,2020-08-25
9365147,sweat board,[床铺顶]防[冷凝]水滴板,,2020-08-25
9365148,sweat boat,防凝水滴板,,2020-08-25
9365149,swedged bulkhead,压模舱壁；压筋舱壁,,2020-08-25
9365150,sweep,扫；掠；扫瞄；扫雷具；小艇舵桨；橹,,2020-08-25
9365151,sweep frequency,拂掠频[率],,2020-08-25
9365152,sweep vessel,扫海具；扫海船；拖网船,,2020-08-25
9365153,sweeper,扫雷艇；清除机；清除器；清管器,,2020-08-25
9365154,sweeping cable,扫雷索,,2020-08-25
9365155,sweeping-net,捞网；大网,,2020-08-25
9365156,sweep-seine,围网,,2020-08-25
9365157,swell,涌；长浪,,2020-08-25
9365158,swell compensator,波浪补偿器,,2020-08-25
9365159,swell scale,波浪等级,,2020-08-25
9365160,swelling,膨润；涌；艉膨出部,,2020-08-25
9365161,swept volume,[汽缸]容积排量；换气容积；工作容量,,2020-08-25
9365162,swept-back vane,后掠式叶片,,2020-08-25
9365163,swim bow,[驳船]斜底方形艏；平头前倾船艏,,2020-08-25
9365164,swimming pool,游泳池,,2020-08-25
9365165,swim-out,[鱼雷]自滑发射,,2020-08-25
9365166,swing bolt,活节螺栓,,2020-08-25
9365167,swing boom system,回旋式单吊杆系统,,2020-08-25
9365168,swing check valve,摆动止回阀,,2020-08-25
9365169,swinging boom,吊艇杆；下辅助帆驶帆杆；系艇桁,,2020-08-25
9365170,swinging stagging,简易工作架,,2020-08-25
9365171,swinging-fluke anchor,无杆锚；山字锚,,2020-08-25
9365172,swirl chamber,漩涡室,,2020-08-25
9365173,swirl combustion chamber,漩涡式燃烧室,,2020-08-25
9365174,swirl injection,漩涡式喷射,,2020-08-25
9365175,swirl type atomizer,回旋型雾化器,,2020-08-25
9365176,swirl vane,回旋叶片；旋流叶片,,2020-08-25
9365177,swirl-core cavitation,涡心空化,,2020-08-25
9365178,swirler,旋流器；回旋式喷嘴,,2020-08-25
9365179,switch,开关,,2020-08-25
9365180,switch board,配电板；配电盘,,2020-08-25
9365181,switch box,配电箱,,2020-08-25
9365182,switch cock,开关旋塞；切换旋塞,,2020-08-25
9365183,switch off,切断,,2020-08-25
9365184,switch on,接通,,2020-08-25
9365185,switch out,扳脱,,2020-08-25
9365186,switchboard,配电盘,,2020-08-25
9365187,switchgear,开关装置,,2020-08-25
9365188,switching box,配电箱,,2020-08-25
9365189,switching circuit,交换电路,,2020-08-25
9365190,swivel,转环,,2020-08-25
9365191,swivel block,转环滑车；旋转块,,2020-08-25
9365192,swivel hook,转环钩,,2020-08-25
9365193,swivel joint,转节,,2020-08-25
9365194,swivel piece,转环,,2020-08-25
9365195,swivel-turret,旋转台,,2020-08-25
9365196,sworder,旗鱼渔船,,2020-08-25
9365197,sword-fishing boat,捕剑旗鱼渔船,,2020-08-25
9365198,symmetric method,对称法,,2020-08-25
9365199,symmetrical blading,对称式翼列,,2020-08-25
9365200,symmetrical buckling,对称挫曲,,2020-08-25
9365201,symmetrical engine,对称引擎,,2020-08-25
9365202,symmetrical joint,对称接合,,2020-08-25
9365203,symmetry,对称,,2020-08-25
9365204,synchro,同步器；同位器,,2020-08-25
9365205,synchro differential motor,同步差动马达,,2020-08-25
9365206,synchro motor,同步马达,,2020-08-25
9365207,synchro transformer,同步变压器,,2020-08-25
9365208,synchrolift,同步升降船台,,2020-08-25
9365209,synchronising linkage,同步连杆组,,2020-08-25
9365210,synchronism,同步；整步,,2020-08-25
9365211,synchronization,同调；同步,,2020-08-25
9365212,synchronizing propeller,同步推进器,,2020-08-25
9365213,synchronoscope,同步仪,,2020-08-25
9365214,synchronous circuit,同步电路,,2020-08-25
9365215,synchronous generator,同步发电机,,2020-08-25
9365216,synchronous machine,同步[电]机,,2020-08-25
9365217,synchronous motor,同步马达,,2020-08-25
9365218,synchronous pitching,同步纵摇,,2020-08-25
9365219,synchronous rolling,共振横摇；同步横摇,,2020-08-25
9365220,synchronous speed,同步转速,,2020-08-25
9365221,synchronous vibrator,同步振动器,,2020-08-25
9365222,synchronous wave,同步波,,2020-08-25
9365223,synthesizer,频率合成器,,2020-08-25
9365224,synthetic fiber,合成纤维,,2020-08-25
9365225,synthetic fiber rope,合成纤维索,,2020-08-25
9365226,synthetic foam,合成发泡材,,2020-08-25
9365227,synthetic fuel,合成燃料,,2020-08-25
9365228,synthetic hawser,合成纤维缆绳,,2020-08-25
9365229,synthetic method,综合法,,2020-08-25
9365230,synthetic resin,合成树脂,,2020-08-25
9365231,synthetic rubber,合成橡胶,,2020-08-25
9365232,synthetic wave,合成波,,2020-08-25
9365233,syphon lubricator,虹吸式润滑器,,2020-08-25
9365234,syren,汽笛；气笛；号笛,,2020-08-25
9365235,syringe,注射器；注油器,,2020-08-25
9365236,system,系统；制[度],,2020-08-25
9365237,system analysis,系统分析,,2020-08-25
9365238,system design,系统设计,,2020-08-25
9365239,system deviation,系统偏差,,2020-08-25
9365240,system diagram,系统图,,2020-08-25
9365241,system engineering,系统工程,,2020-08-25
9365242,system failure,系统故障,,2020-08-25
9365243,system identification,系统鉴定,,2020-08-25
9365244,system integration,系统整合,,2020-08-25
9365245,system management,系统管理,,2020-08-25
9365246,system oil,系统油,,2020-08-25
9365247,system operability test {=SOT},系统操作测试,,2020-08-25
9365248,system program,系统程式,,2020-08-25
9365249,system safety,系统安全,,2020-08-25
9365250,system science,系统科学,,2020-08-25
9365251,systematic model series,船模系列,,2020-08-25
9365252,systematic propeller series,系列螺桨,,2020-08-25
9365253,T aerial,T形天线,,2020-08-25
9365254,T bar,T型材,,2020-08-25
9365255,T bulb,球缘T型材,,2020-08-25
9365256,T connection,T形联接,,2020-08-25
9365257,T head,T形头,,2020-08-25
9365258,T joint,T形接头；三通管接,,2020-08-25
9365259,T piece,T形件,,2020-08-25
9365260,T square,丁字尺,,2020-08-25
9365261,T/G {turbo generator},涡轮发电机,,2020-08-25
9365262,tab,耳片{銲接}；标签,,2020-08-25
9365263,tab washer,带耳止动垫圈；带矢垫圈,,2020-08-25
9365264,table,台；桌；表,,2020-08-25
9365265,table felt,桌毡,,2020-08-25
9365266,tachograph,转速记录仪,,2020-08-25
9365267,tachometer,转速计,,2020-08-25
9365268,tack,平头钉；缚帆索；纵帆前下角,,2020-08-25
9365269,tack bolt,定位螺栓,,2020-08-25
9365270,tack cringle,纵帆前下角索孔,,2020-08-25
9365271,tack hole,平头钉孔,,2020-08-25
9365272,tack rivet,缀合铆钉；定位铆钉,,2020-08-25
9365273,tack trice,收帆索；缩帆索,,2020-08-25
9365274,tack weld,暂銲；定位銲点,,2020-08-25
9365275,tack welding,定位銲[接],,2020-08-25
9365276,tack-fall,复滑车组绳索,,2020-08-25
9365277,tacking,定位；[定位]点銲；纵帆前下角索,,2020-08-25
9365278,tackle,滑车组；装具,,2020-08-25
9365279,tackle burton,三轮滑车组,,2020-08-25
9365280,tactical diameter,回旋直径,,2020-08-25
9365281,tactical missile,战术飞弹,,2020-08-25
9365282,tactical trial,回旋试航,,2020-08-25
9365283,tafferel,艉栏杆；木船艉上部,,2020-08-25
9365284,taffrail,艉栏杆；木船艉上部,,2020-08-25
9365285,tagging,贴标签；漆饰,,2020-08-25
9365286,tail block,索尾滑车,,2020-08-25
9365287,tail cap,尾罩,,2020-08-25
9365288,tail lamp,艉灯,,2020-08-25
9365289,tail pipe,吸入管；艉筒,,2020-08-25
9365290,tail rod,[活塞]尾杆,,2020-08-25
9365291,tail shaft,艉轴,,2020-08-25
9365292,tail shaft packing,艉轴迫紧,,2020-08-25
9365293,tail spindle,尾心轴,,2020-08-25
9365294,tail valve,泄气阀；尾阀,,2020-08-25
9365295,tail vane,尾鳍,,2020-08-25
9365296,tailbuoy,拖标,,2020-08-25
9365297,tailfin,艉鳍；副翼,,2020-08-25
9365298,tailgate,[船闸]下游闸门,,2020-08-25
9365299,tailhook,舰载飞机的尾钩；制动钩,,2020-08-25
9365300,take-home boiler,应急返航锅炉,,2020-08-25
9365301,takeoff condition,起飞状态；起飞条件{气垫船；水翼船},,2020-08-25
9365302,take-off weight,起飞重量,,2020-08-25
9365303,tallow,兽脂；牛脂,,2020-08-25
9365304,tally office,理货员办公室,,2020-08-25
9365305,tandem articulated type reduction gear,串列联结式减速齿轮,,2020-08-25
9365306,tandem compound,串列复合[引擎],,2020-08-25
9365307,tandem engine,串列机；串列引擎,,2020-08-25
9365308,tandem launching,纵列下水,,2020-08-25
9365309,tandem motor,汇接马达,,2020-08-25
9365310,tandem propeller,重叠螺桨,,2020-08-25
9365311,tandem rudder,串列舵,,2020-08-25
9365312,tangent modulus,切线[弹性]模数,,2020-08-25
9365313,tangent shearing stress,切线应力,,2020-08-25
9365314,tangential coordinate,切线座标,,2020-08-25
9365315,tangential development method,切线展开法,,2020-08-25
9365316,tangential flow turbine,切向流涡轮机,,2020-08-25
9365317,tangential force,切向力；切线力,,2020-08-25
9365318,tangential resistance,切向阻力,,2020-08-25
9365319,tangential velocity,切线速度,,2020-08-25
9365320,tank,箱；柜；舱；槽,,2020-08-25
9365321,tank barge,液货驳船,,2020-08-25
9365322,tank bulkhead,液舱壁,,2020-08-25
9365323,tank capacity,舱柜容积,,2020-08-25
9365324,tank cleaning pump,洗舱泵,,2020-08-25
9365325,tank container,槽[货]柜,,2020-08-25
9365326,tank dome,舱柜圆顶,,2020-08-25
9365327,tank experiment,水槽试验；船模试验,,2020-08-25
9365328,tank heating line,油舱加热管路,,2020-08-25
9365329,tank landing ship  {=LST},坦克登陆艇,,2020-08-25
9365330,tank lighter,坦克[登陆]驳船；油驳[船],,2020-08-25
9365331,tank manhole,液舱人孔,,2020-08-25
9365332,tank side bracket,二重底外侧腋板,,2020-08-25
9365333,tank side frame,舱侧肋骨,,2020-08-25
9365334,tank skirt,槽围,,2020-08-25
9365335,tank test,船模试验；船舱试压,,2020-08-25
9365336,tank top ceiling,双层底顶面铺板,,2020-08-25
9365337,tank top plate,二重底顶板；柜舱顶板,,2020-08-25
9365338,tank type stabilizer,柜型稳定器,,2020-08-25
9365339,tank venting,液舱排气,,2020-08-25
9365340,tank vessel,油轮；液货船,,2020-08-25
9365341,tank volume,液舱容量,,2020-08-25
9365342,tank washing,洗舱,,2020-08-25
9365343,tank washing machine,洗舱机,,2020-08-25
9365344,tank washing opening,洗舱开孔,,2020-08-25
9365345,tank-cleaning machine,洗[油]舱机,,2020-08-25
9365346,tank-cleaning vessel,清舱船；洗舱船,,2020-08-25
9365347,tanker,油轮；液货船,,2020-08-25
9365348,tank-washing line,洗舱管路,,2020-08-25
9365349,tank-washing machine,洗[油]舱机,,2020-08-25
9365350,tap,螺丝攻；分接；分接头,,2020-08-25
9365351,tap bolt,带头螺栓；自攻螺栓,,2020-08-25
9365352,tap rivet,螺栓铆钉,,2020-08-25
9365353,tap wrench,螺丝攻扳钳；螺丝攻扳手,,2020-08-25
9365354,tape,卷尺；带,,2020-08-25
9365355,tape meassure,卷尺,,2020-08-25
9365356,taper,楔形；推拔,,2020-08-25
9365357,taper bolt,推拔螺栓；锥形螺栓,,2020-08-25
9365358,taper bracket,过渡肘板；推拔肘板,,2020-08-25
9365359,taper gauge,斜度计；斜度规；量斜规；推拔规,,2020-08-25
9365360,taper liner,推拔衬垫,,2020-08-25
9365361,taper pin,楔形销；推拔销,,2020-08-25
9365362,taper ratio,推拔比,,2020-08-25
9365363,taper seat valve,锥座阀,,2020-08-25
9365364,tapered blade,楔形叶片,,2020-08-25
9365365,tapered bolt,推拔螺栓；锥形螺栓,,2020-08-25
9365366,tapered drum,锥形筒；锥形鼓轮,,2020-08-25
9365367,tapered lip,斜缘唇台,,2020-08-25
9365368,tapered planking,[木船]舷板下减薄外板列,,2020-08-25
9365369,tapered stiffener,楔形加强肋,,2020-08-25
9365370,tapered-neck rivet,推拔颈铆钉,,2020-08-25
9365371,tappet gear,配汽机构,,2020-08-25
9365372,tappet rod,挺杆,,2020-08-25
9365373,tappet valve,挺杆阀,,2020-08-25
9365374,tapping machine,攻螺丝机；攻牙机,,2020-08-25
9365375,tar,焦油；塔,,2020-08-25
9365376,tar cement,焦油水泥；焦油环氧树脂{漆},,2020-08-25
9365377,tare weight,空重；皮重,,2020-08-25
9365378,target boat,靶艇,,2020-08-25
9365379,target designation mode,目标指示方式,,2020-08-25
9365380,target identification,目标鉴定,,2020-08-25
9365381,target noise,目标杂讯,,2020-08-25
9365382,target ship,靶船；目标船,,2020-08-25
9365383,target vessel,靶船,,2020-08-25
9365384,target vulnerability,目标要害,,2020-08-25
9365385,target-towing boat,拖靶艇,,2020-08-25
9365386,target-towing vessel,拖靶船,,2020-08-25
9365387,tarpaulin,油帆布,,2020-08-25
9365388,tarred line,柏油绳,,2020-08-25
9365389,tarred rope,柏油绳,,2020-08-25
9365390,task control block,任务控制块,,2020-08-25
9365391,task light,[整补]作业灯,,2020-08-25
9365392,task management,任务管理,,2020-08-25
9365393,TAT {turn-around time},回转时间,,2020-08-25
9365394,tave,[英]探鱼网；侦察鱼群网,,2020-08-25
9365395,Taylor vortex,泰勒涡,,2020-08-25
9365396,TBD {torpedo-boat destroyer},[英]鱼雷快艇驱逐舰,,2020-08-25
9365397,TBO {time between overhaul},大修间隔时间,,2020-08-25
9365398,TBO {time-between-overhall}life,大修间隔期,,2020-08-25
9365399,TBP {tethered buoyant platform},张力脚式平台,,2020-08-25
9365400,T-bulb iron,T型球缘型钢,,2020-08-25
9365401,TCG {transverse center of gravity},横向重心,,2020-08-25
9365402,Tchebycheffs rule,齐柏琪夫氏规则,,2020-08-25
9365403,TCPA {time to closest point of approach},最接近点时间,,2020-08-25
9365404,TCV {tank-cleaning vessel},洗[油]舱船,,2020-08-25
9365405,TDC {top dead center},上死点,,2020-08-25
9365406,teak,柚木,,2020-08-25
9365407,tear test,撕裂试验,,2020-08-25
9365408,tearing modulus,裂开模数,,2020-08-25
9365409,technical manaul,技术手册,,2020-08-25
9365410,technical roughness,工艺粗糙度,,2020-08-25
9365411,tee bar,T型材,,2020-08-25
9365412,tee bulb,球缘T型材,,2020-08-25
9365413,tee wave guide,T形导波管,,2020-08-25
9365414,teledepth,气压测深仪,,2020-08-25
9365415,telegoniometer,方向计；遥距侧角计,,2020-08-25
9365416,telegraph,传令器；电报机,,2020-08-25
9365417,telemanipulator system,遥控系统,,2020-08-25
9365418,telemeter,遥测仪,,2020-08-25
9365419,telemetry mast,遥测桅,,2020-08-25
9365420,telemometer,遥测计；遥测式荷重计,,2020-08-25
9365421,telemotor,液压遥控装置,,2020-08-25
9365422,telephone buoy,电话浮筒,,2020-08-25
9365423,telescope,望远镜,,2020-08-25
9365424,telescoped bulkhead,伸缩式舱壁,,2020-08-25
9365425,telescopic funnel,[套筒]伸缩烟囱,,2020-08-25
9365426,telescopic joint,[套筒]伸缩接合,,2020-08-25
9365427,telescopic leg,伸缩柱,,2020-08-25
9365428,telescopic mast,伸缩桅,,2020-08-25
9365429,telescopic mounting,套管式装配；伸缩式固定,,2020-08-25
9365430,telescopic pipe,[套筒]伸缩管,,2020-08-25
9365431,telescopic shaft,[套筒]伸缩轴,,2020-08-25
9365432,telescopic spreader,伸缩吊柜架,,2020-08-25
9365433,telescopic top mast,[套筒]伸缩顶桅,,2020-08-25
9365434,telescopic vent,[套筒]伸缩通气管,,2020-08-25
9365435,telesounder,鱼群遥测计,,2020-08-25
9365436,teletachometer,遥测转速计,,2020-08-25
9365437,telethermometer,远隔温度计,,2020-08-25
9365438,telex,电传打字,,2020-08-25
9365439,telltale,显示器；示警器,,2020-08-25
9365440,telltale compass,悬吊罗经,,2020-08-25
9365441,telltale lamp,示警灯,,2020-08-25
9365442,telstar,通信卫星,,2020-08-25
9365443,TEM  {transmission electron microscope},透过电子显微镜,,2020-08-25
9365444,temper bending test,回火弯曲试验,,2020-08-25
9365445,temper brittleness,回火脆性,,2020-08-25
9365446,temper colour,回火色,,2020-08-25
9365447,temperature,温度,,2020-08-25
9365448,temperature correction,温度校正,,2020-08-25
9365449,temperature field,温度场,,2020-08-25
9365450,temperature gauge,温度计,,2020-08-25
9365451,temperature gradient,温度梯度；温度差,,2020-08-25
9365452,temperature rating,温度定额,,2020-08-25
9365453,temperature relay,温控替续器,,2020-08-25
9365454,temperature rise coefficient,温度上升系数,,2020-08-25
9365455,temperature warping,温度翘曲,,2020-08-25
9365456,temperature-entropy diagram,温[度]熵[线]图,,2020-08-25
9365457,temperature-rise ratio,温度上升比,,2020-08-25
9365458,tempered air,预热空气,,2020-08-25
9365459,tempered glass,强化玻璃,,2020-08-25
9365460,tempering,回火,,2020-08-25
9365461,template,型板；样板；模板,,2020-08-25
9365462,template loft,模板放样,,2020-08-25
9365463,templet molding,样板模造；刮板模造,,2020-08-25
9365464,temporary bulkhead,临时隔舱[壁],,2020-08-25
9365465,temporary repair,临时修理,,2020-08-25
9365466,temporary rudder,应急舵,,2020-08-25
9365467,tenacity,韧度；黏著度,,2020-08-25
9365468,tender,勤务船；补给船,,2020-08-25
9365469,tender vessel,低稳度船,,2020-08-25
9365470,tending vessel,供应船；潜水工作船,,2020-08-25
9365471,tenon and mortise,榫臼,,2020-08-25
9365472,tenon joint,榫接头,,2020-08-25
9365473,tensile force,张力；拉力,,2020-08-25
9365474,tensile member,抗拉构件,,2020-08-25
9365475,tensile strain,拉[伸]应变,,2020-08-25
9365476,tensile strength,抗拉强度；拉伸强度,,2020-08-25
9365477,tensile stress,拉应力,,2020-08-25
9365478,tensile test,拉伸试验；抗拉试验,,2020-08-25
9365479,tensile testing machine,拉伸试验机,,2020-08-25
9365480,tension,张力；拉力,,2020-08-25
9365481,tension brace,牵条；撑杆,,2020-08-25
9365482,tension bracing,拉条,,2020-08-25
9365483,tension control assembly,张力控制器,,2020-08-25
9365484,tension leg,张力脚,,2020-08-25
9365485,tension leg platform {=TLP},张力脚式钻油台,,2020-08-25
9365486,tension rupture test,拉伸断裂试验,,2020-08-25
9365487,tension test,拉伸试验,,2020-08-25
9365488,tension transducer,张力传讯器,,2020-08-25
9365489,tension winch,张索绞机,,2020-08-25
9365490,tensioner,张力器,,2020-08-25
9365491,tensioner sprocket,松紧装置链轮,,2020-08-25
9365492,tensor,张量,,2020-08-25
9365493,tensor field,张量场,,2020-08-25
9365494,tent,天遮,,2020-08-25
9365495,tentative rule,临时规则,,2020-08-25
9365496,tentative specification,暂定规范,,2020-08-25
9365497,tentative value,暂定值,,2020-08-25
9365498,teredo,蛀船虫,,2020-08-25
9365499,terminal,终点；端；货柜码头；线端；终端机{电算},,2020-08-25
9365500,terminal block,接线板；接线盘,,2020-08-25
9365501,terminal board,接线板,,2020-08-25
9365502,terminal box,接线盒,,2020-08-25
9365503,terminal pressure,终[点]压[力],,2020-08-25
9365504,terminal valve,管端阀,,2020-08-25
9365505,terminal voltage,端电压,,2020-08-25
9365506,terrestrial magnetism,地磁,,2020-08-25
9365507,Terry turbine,特里涡轮机,,2020-08-25
9365508,tertiary circuit,三次电路,,2020-08-25
9365509,tertiary stress,第三应力,,2020-08-25
9365510,test,试验,,2020-08-25
9365511,test bed boat,引擎试验船,,2020-08-25
9365512,test block,试验台,,2020-08-25
9365513,test board,测试台；试验板,,2020-08-25
9365514,test cell,试验台,,2020-08-25
9365515,test circuit,测试电路,,2020-08-25
9365516,test cock,试验旋塞,,2020-08-25
9365517,test for flame retardance,阻火试验,,2020-08-25
9365518,test hammer,试锤,,2020-08-25
9365519,test head,试验水头,,2020-08-25
9365520,test hole,试验孔,,2020-08-25
9365521,test load,试验载重；试验负荷,,2020-08-25
9365522,test paper,试纸,,2020-08-25
9365523,test piece,试片；试件,,2020-08-25
9365524,test pressure,试验压力,,2020-08-25
9365525,test run,试航；试验运行；试伡,,2020-08-25
9365526,test sample,试样,,2020-08-25
9365527,test section,试验段；工作段,,2020-08-25
9365528,test section velocity,试验段流速,,2020-08-25
9365529,test specimen,试样；试件,,2020-08-25
9365530,test stand,试验台,,2020-08-25
9365531,test tank,试验柜,,2020-08-25
9365532,test tube,试管,,2020-08-25
9365533,testing machine,试验机,,2020-08-25
9365534,testing-bed test,试验台试验,,2020-08-25
9365535,tether line,系绳,,2020-08-25
9365536,tethered buoyant platform  {= TBP},浮拉式平台,,2020-08-25
9365537,TEU  {twenty feet equivalent unit},二十呎货柜当量,,2020-08-25
9365538,thawing room,融冰室,,2020-08-25
9365539,theodolite,经纬仪,,2020-08-25
9365540,theoretical throat,理论喉深,,2020-08-25
9365541,theoretical wave,理论波,,2020-08-25
9365542,thermal accumulator,蓄热器,,2020-08-25
9365543,thermal buckling,热挫曲,,2020-08-25
9365544,thermal capacity,热容量,,2020-08-25
9365545,thermal circulation,热循环,,2020-08-25
9365546,thermal conductivity,传热性；传热度,,2020-08-25
9365547,thermal curve,热力曲线,,2020-08-25
9365548,thermal detector,温度探测器,,2020-08-25
9365549,thermal efficiency,热效率,,2020-08-25
9365550,thermal emf,热电势,,2020-08-25
9365551,thermal equivalent,热当量,,2020-08-25
9365552,thermal expansion,热膨胀,,2020-08-25
9365553,thermal fatigue,热疲劳,,2020-08-25
9365554,thermal insulant,绝热材料,,2020-08-25
9365555,thermal insulation construction,绝热构造,,2020-08-25
9365556,thermal noise,热杂讯,,2020-08-25
9365557,thermal protective aids,保温具,,2020-08-25
9365558,thermal ratio,温度比,,2020-08-25
9365559,thermal receiver,蓄热器；废气收集器,,2020-08-25
9365560,thermal resistance,热阻,,2020-08-25
9365561,thermal shock,热冲击,,2020-08-25
9365562,thermal spray coating process,热喷涂层法,,2020-08-25
9365563,thermal strain,热应变,,2020-08-25
9365564,thermal stress,热应力,,2020-08-25
9365565,thermal test,热试验,,2020-08-25
9365566,thermal threshold,热限,,2020-08-25
9365567,thermal value,热值,,2020-08-25
9365568,thermal-conduction manometer,热传导压力计,,2020-08-25
9365569,thermistor,热阻[半导]体,,2020-08-25
9365570,thermit,铝热剂；发热銲接剂,,2020-08-25
9365571,thermit welding,铝热銲接；发热銲接,,2020-08-25
9365572,thermobarometer,沸点气压计；温度气压计,,2020-08-25
9365573,thermocouple,热电偶,,2020-08-25
9365574,thermo-couple,热偶,,2020-08-25
9365575,thermocouple thermometer,热电偶温度计,,2020-08-25
9365576,thermodynamic process,热力过程,,2020-08-25
9365577,thermodynamics,热力学,,2020-08-25
9365578,thermoelectric current,热电流,,2020-08-25
9365579,thermofan,热媒柜送风机,,2020-08-25
9365580,thermogram,自动记录温度图,,2020-08-25
9365581,thermograph,自动记录温度计,,2020-08-25
9365582,thermo-hydraulic feed water regulator,温度液压给水调节器,,2020-08-25
9365583,thermometer,温度计,,2020-08-25
9365584,thermometry,温度测定,,2020-08-25
9365585,thermoplastic insulated cable,热塑性绝缘电缆,,2020-08-25
9365586,thermoplastic material,热塑性材料,,2020-08-25
9365587,thermoplastics type,热塑型,,2020-08-25
9365588,thermoregulator,温度调节器,,2020-08-25
9365589,thermosetting material,热固性材料,,2020-08-25
9365590,thermosetting type,热固型,,2020-08-25
9365591,thermostat,恒温器；温度调节器,,2020-08-25
9365592,thermostat controller,恒温控制器,,2020-08-25
9365593,thermostat regulator,恒温调节器,,2020-08-25
9365594,thermostatic chamber,恒温室,,2020-08-25
9365595,thermostatic control valve,恒温控制阀,,2020-08-25
9365596,thermostatic expansion valve,恒温膨胀阀,,2020-08-25
9365597,thermostatic thermometer,热电温度计,,2020-08-25
9365598,thermostatic valve,调温阀,,2020-08-25
9365599,thermo-syphon,热虹吸,,2020-08-25
9365600,thermotank,保温柜,,2020-08-25
9365601,thick and thin block,异厚双轮滑车,,2020-08-25
9365602,thick waterway,舷侧排水道外侧材,,2020-08-25
9365603,thickness,厚度,,2020-08-25
9365604,thickness gauge,厚度规；测隙规,,2020-08-25
9365605,thickness measurer,测厚仪,,2020-08-25
9365606,thickness-chord ratio,厚弦比,,2020-08-25
9365607,thief sampler,量水舱尺,,2020-08-25
9365608,thimble,牛眼圈；缆索嵌环,,2020-08-25
9365609,thimble tube,套管,,2020-08-25
9365610,thimble tube boiler,套管式锅炉,,2020-08-25
9365611,thimble-headed trysail,三角斜帆,,2020-08-25
9365612,thin body,薄体,,2020-08-25
9365613,thin shell effect,薄壳效应,,2020-08-25
9365614,thin waterway,副梁压材{木船}；舷侧排水道内侧材,,2020-08-25
9365615,thinner,稀释剂,,2020-08-25
9365616,thin-walled structure,薄壁结构,,2020-08-25
9365617,third deck,第三层甲板,,2020-08-25
9365618,third engineer,三管轮,,2020-08-25
9365619,third officer,三副,,2020-08-25
9365620,thixotropic index,摇变度,,2020-08-25
9365621,thixotropy,摇变性,,2020-08-25
9365622,thoft,舢板之横座板,,2020-08-25
9365623,thole,桨脚；桨座,,2020-08-25
9365624,thole board,桨座板,,2020-08-25
9365625,thole-pin,桨座销,,2020-08-25
9365626,thowl,桨脚；桨座,,2020-08-25
9365627,THP {thrust horsepower},推力马力,,2020-08-25
9365628,thread,螺纹；线；纤维；细线,,2020-08-25
9365629,thread cutter,螺纹车刀,,2020-08-25
9365630,thread forming,压纹,,2020-08-25
9365631,thread gauge,螺纹规,,2020-08-25
9365632,threader,切螺纹机；穿线机,,2020-08-25
9365633,threading machine,螺纹机,,2020-08-25
9365634,three bearing pinion,三轴承小齿轮,,2020-08-25
9365635,three deck vessel,三层甲板船,,2020-08-25
9365636,three dimensional block,立体分段,,2020-08-25
9365637,three elements feed water regulator,三元给水调节器,,2020-08-25
9365638,three fold block,三轮滑车,,2020-08-25
9365639,three island ship,三岛型船,,2020-08-25
9365640,three island vessel,三岛型船,,2020-08-25
9365641,three islander,三岛型船,,2020-08-25
9365642,three phase,三相,,2020-08-25
9365643,three ply wood,三夹板,,2020-08-25
9365644,three speed gear,三段变速齿轮,,2020-08-25
9365645,three stage air compressor,三段空[气]压[缩]机,,2020-08-25
9365646,three stranded rope,三股索,,2020-08-25
9365647,three throw crank-shaft,三连曲柄轴,,2020-08-25
9365648,three way cock,三通旋塞,,2020-08-25
9365649,three way pipe,三通管,,2020-08-25
9365650,three way valve,三通阀,,2020-08-25
9365651,three wire system,三线系统,,2020-08-25
9365652,three-compartment ship,[容许]三舱区浸水船,,2020-08-25
9365653,three-core cable,三心电缆,,2020-08-25
9365654,three-dimensional strength calculation,三维强度计算,,2020-08-25
9365655,three-dimensional wave,三维波；短峰波,,2020-08-25
9365656,three-drum boiler,三筒式锅炉,,2020-08-25
9365657,three-masted craft,三桅船,,2020-08-25
9365658,three-master,三桅帆船,,2020-08-25
9365659,three-phase circuit,三相电路,,2020-08-25
9365660,three-phase machine,三相电机,,2020-08-25
9365661,three-phase motor,三相马达,,2020-08-25
9365662,three-ply wood,三夹板,,2020-08-25
9365663,three-pole switch,三极开关,,2020-08-25
9365664,three-roll bending machine,三辊弯板机,,2020-08-25
9365665,three-stage compressor,三级压缩机,,2020-08-25
9365666,three-way cock,三通旋塞,,2020-08-25
9365667,three-way switch,三路开关,,2020-08-25
9365668,three-way valve,三通阀,,2020-08-25
9365669,three-way valve manifold,三路歧管,,2020-08-25
9365670,threshold,阈值；界限；灵敏限；开始,,2020-08-25
9365671,threshold limit value {=TLV},低限值,,2020-08-25
9365672,threshold pressure,阈值压力,,2020-08-25
9365673,threshold value,阈值；界限值,,2020-08-25
9365674,threshold velocity,阈速度；临界速度,,2020-08-25
9365675,throat,纵帆前上角；狭窄通路,,2020-08-25
9365676,throat bolt,咽喉螺栓,,2020-08-25
9365677,throat depth,喉深{銲接},,2020-08-25
9365678,throat halyard,帆前上角帆索,,2020-08-25
9365679,throat microphone,喉式话筒,,2020-08-25
9365680,throat thickness,喉厚{銲接},,2020-08-25
9365681,throat-dingle,纵帆前上角索孔,,2020-08-25
9365682,throttle,节流；节流阀,,2020-08-25
9365683,throttle butterfly valve,节流蝶阀,,2020-08-25
9365684,throttle control,节流操纵,,2020-08-25
9365685,throttle gate,节流门,,2020-08-25
9365686,throttle link,节流连杆,,2020-08-25
9365687,throttle operating mechanism,节流阀控制机构,,2020-08-25
9365688,throttle valve,节流阀,,2020-08-25
9365689,throttling calorimeter,节流式热量计,,2020-08-25
9365690,throttling governing,节流调速,,2020-08-25
9365691,throttling turbine,节流涡轮机,,2020-08-25
9365692,through beam,通梁；全通梁,,2020-08-25
9365693,through bolt,贯穿螺栓,,2020-08-25
9365694,through bracket,全通腋板；贯通托架,,2020-08-25
9365695,through cock,直旋塞,,2020-08-25
9365696,through coupling,直接联结,,2020-08-25
9365697,through plate,连通板,,2020-08-25
9365698,through plate center keelson,连通内龙骨,,2020-08-25
9365699,through strake,直通板列,,2020-08-25
9365700,through way valve,直通阀,,2020-08-25
9365701,throw,动移；曲柄轴,,2020-08-25
9365702,throw of crank shaft,曲柄半径,,2020-08-25
9365703,throw of eccentric,偏心距,,2020-08-25
9365704,throw of governer,调速器行程,,2020-08-25
9365705,throw of piston,活塞行程,,2020-08-25
9365706,thrower,发射装置；投掷器；喷射器,,2020-08-25
9365707,throwing,投掷；投掷量,,2020-08-25
9365708,throwing of elevator,水平舵摆动量,,2020-08-25
9365709,throwing of rudder,[垂直]舵摆动量,,2020-08-25
9365710,thrust,推力,,2020-08-25
9365711,thrust ball bearing,止推滚珠轴承,,2020-08-25
9365712,thrust bearing,推力[轴]承；止推[轴]承,,2020-08-25
9365713,thrust block,推力[轴]承；止推[轴]承,,2020-08-25
9365714,thrust block plate,推力[轴]承底板,,2020-08-25
9365715,thrust block recess,推力轴承龛,,2020-08-25
9365716,thrust block ring,推力[轴]承环,,2020-08-25
9365717,thrust block seating,推力[轴]承座,,2020-08-25
9365718,thrust box,推力[轴]承箱,,2020-08-25
9365719,thrust break-down,推力突降,,2020-08-25
9365720,thrust center,推力中心,,2020-08-25
9365721,thrust characteristic,推力特性,,2020-08-25
9365722,thrust coefficient,推力系数,,2020-08-25
9365723,thrust collar,推力[轴]环,,2020-08-25
9365724,thrust constant,推力常数,,2020-08-25
9365725,thrust deduction coefficient,推力减少率,,2020-08-25
9365726,thrust deduction factor,推减因数；推减因子,,2020-08-25
9365727,thrust deduction fraction,推[力]减[少]因数,,2020-08-25
9365728,thrust horsepower  {=THP},推力马力,,2020-08-25
9365729,thrust increment,推力增量,,2020-08-25
9365730,thrust load coefficient,推力负荷系数,,2020-08-25
9365731,thrust meter,推力计,,2020-08-25
9365732,thrust of duct,导管推力,,2020-08-25
9365733,thrust of impeller,叶轮推力,,2020-08-25
9365734,thrust pad,推力垫；止推垫,,2020-08-25
9365735,thrust shaft,推力轴,,2020-08-25
9365736,thrust shaft collar,止推轴环,,2020-08-25
9365737,thrust shoe,推力履片,,2020-08-25
9365738,thrust washer,止推垫圈,,2020-08-25
9365739,thrust-deduction fraction,推减系数,,2020-08-25
9365740,thruster,推力装置,,2020-08-25
9365741,thruster tunnel,推力器管道,,2020-08-25
9365742,thumb nut,指捻螺帽；蝶形螺帽；元宝螺帽,,2020-08-25
9365743,thumb screw,蝶形螺钉,,2020-08-25
9365744,thumper source,电磁声源,,2020-08-25
9365745,thunder arrester,避雷针,,2020-08-25
9365746,thwart,桨手座；艇座；[艇中]坐板,,2020-08-25
9365747,thwart stanchion,横座板支柱,,2020-08-25
9365748,thwartman,桨手,,2020-08-25
9365749,thwartship,[船的]横向,,2020-08-25
9365750,thwartship bracing plank,坐板支材{小艇},,2020-08-25
9365751,thwartships bulkhead,横[向]舱壁,,2020-08-25
9365752,thyratron,闸流管,,2020-08-25
9365753,thyristor-Leonard system,闸流体一连纳德系统,,2020-08-25
9365754,ticker,断流器；蜂鸣器,,2020-08-25
9365755,tidal boat,满潮开航船,,2020-08-25
9365756,tidal valve,[坞闸]潮阀,,2020-08-25
9365757,tide table,潮汐表,,2020-08-25
9365758,tideborne,气垫船排水状态,,2020-08-25
9365759,tie angle bar,带角材；牵拉角型材,,2020-08-25
9365760,tie bar,系杆；牵杆；拉杆,,2020-08-25
9365761,tie beam,系梁,,2020-08-25
9365762,tie block,顶帆升降索单轮钢滑车,,2020-08-25
9365763,tie bolt,系紧螺栓,,2020-08-25
9365764,tie insert,金属扣合,,2020-08-25
9365765,tie plate,系板,,2020-08-25
9365766,tie rod,系杆；牵杆,,2020-08-25
9365767,tie welding,搭板銲接,,2020-08-25
9365768,tiedown chain,系缚锚,,2020-08-25
9365769,tier,层,,2020-08-25
9365770,tier of beams,梁层,,2020-08-25
9365771,TIG {tungsten-inert-gas} welding,气体遮蔽钨弧銲；惰性气体遮护钨极电孤銲[接],,2020-08-25
9365772,tight butt,紧密对接,,2020-08-25
9365773,tight fit,紧配合,,2020-08-25
9365774,tight weld,耐密銲接,,2020-08-25
9365775,tightness,紧密性,,2020-08-25
9365776,tile,瓷砖,,2020-08-25
9365777,tile work,瓷砖工作,,2020-08-25
9365778,tiller,舵柄,,2020-08-25
9365779,tiller chain,[操]舵链,,2020-08-25
9365780,tiller line,[操]舵索；舵链,,2020-08-25
9365781,tiller rope,舵索,,2020-08-25
9365782,tiller tie-bar,舵柄连杆,,2020-08-25
9365783,tilt,小艇帆布天遮,,2020-08-25
9365784,tilting manometer,倾斜压力计,,2020-08-25
9365785,tilting moment,倾斜力矩,,2020-08-25
9365786,timber,木材；木料,,2020-08-25
9365787,timber cargo,木材货,,2020-08-25
9365788,timber carrier,木材船；运木船,,2020-08-25
9365789,timber deck cargo,木材甲板货；甲板积载木材,,2020-08-25
9365790,timber freeboard mark,木材干舷标志,,2020-08-25
9365791,timber grapple,木材抓钩,,2020-08-25
9365792,timber head,肋顶延长部{木船},,2020-08-25
9365793,timber hitch,木材套结,,2020-08-25
9365794,timber loadline,[装]载木[材]载重线,,2020-08-25
9365795,timber spacing,肋材心距{木船},,2020-08-25
9365796,timber wedge,楔木,,2020-08-25
9365797,timber-carrying vessel,木材[运输]船,,2020-08-25
9365798,timber-room,木船肋距,,2020-08-25
9365799,time adjusting device,调时装置,,2020-08-25
9365800,time between overhaul {=TBO},大修间隔时间,,2020-08-25
9365801,time delay relay,延时继电器,,2020-08-25
9365802,time delayed mechanism,延时机构,,2020-08-25
9365803,time firing indicator,生火报时器,,2020-08-25
9365804,time lag,时间延迟；时滞,,2020-08-25
9365805,time of oscillation,摆动时间,,2020-08-25
9365806,time period,时间周期,,2020-08-25
9365807,time relay,时控替续器；时控继电器,,2020-08-25
9365808,time switch,定时开关；时控开关,,2020-08-25
9365809,time to closest point of approach  {= TCPA},最接近点时间,,2020-08-25
9365810,timed fuel pump,定时燃油泵,,2020-08-25
9365811,timed valve system,定时阀系统,,2020-08-25
9365812,time-delay circuit,延时电路,,2020-08-25
9365813,timer,定时器,,2020-08-25
9365814,timer circuit,定时器电路,,2020-08-25
9365815,timing circuit,计时电路；定时电路,,2020-08-25
9365816,timing device,定时装置,,2020-08-25
9365817,timing gear,定时齿轮,,2020-08-25
9365818,timing mark,定时记号,,2020-08-25
9365819,timing minedestruction,定时灭雷,,2020-08-25
9365820,timing valve,定时阀,,2020-08-25
9365821,Timoshenko beam,提氏梁,,2020-08-25
9365822,tin solder,锡焊料,,2020-08-25
9365823,tinmen's shear,铁皮剪刀,,2020-08-25
9365824,tinning,镀锡,,2020-08-25
9365825,tip,端；梢；尖；倾斜；倾卸；焊嘴,,2020-08-25
9365826,tip bucket,自倾料斗,,2020-08-25
9365827,tip cavitation,叶尖空化,,2020-08-25
9365828,tip chord,翼尖弦；翼端弦,,2020-08-25
9365829,tip clearance,叶尖间隙；叶尖余隙,,2020-08-25
9365830,tip clearance leakage loss,叶尖泄漏损失,,2020-08-25
9365831,tip leak,叶端泄漏；叶尖泄漏{涡轮机},,2020-08-25
9365832,tip leakage,叶尖漏泄,,2020-08-25
9365833,tip speed,叶端速,,2020-08-25
9365834,tip velocity,叶尖速度,,2020-08-25
9365835,tip vortex,端涡,,2020-08-25
9365836,tip vortex cavitation,叶尖涡空化,,2020-08-25
9365837,tip vortex cavitation noise,叶尖涡空化噪音,,2020-08-25
9365838,tipper,倾斜装置；倾卸装置,,2020-08-25
9365839,tipping,艉骤降,,2020-08-25
9365840,tipping center,[下水时]艉骤降中心,,2020-08-25
9365841,tipping moment,骤降力矩,,2020-08-25
9365842,tip-vortex-free {=TVF} propeller,无[叶]尖涡螺桨,,2020-08-25
9365843,tjalk,荷兰平底货船,,2020-08-25
9365844,TLC {tank landing craft},坦克登陆艇,,2020-08-25
9365845,TLP {tension leg platform},张力脚式钻油台,,2020-08-25
9365846,Tobin bronze,陶氏青铜,,2020-08-25
9365847,toe,趾；斜钉,,2020-08-25
9365848,toe crack,趾裂痕{銲接},,2020-08-25
9365849,toe of weld,銲接缝突趾,,2020-08-25
9365850,toggle,肘节；接根；套环,,2020-08-25
9365851,toggle bolt,肘节螺栓,,2020-08-25
9365852,toggle pin,肋节销；倒头销,,2020-08-25
9365853,toggle switch,肘节开关；捺跳开关,,2020-08-25
9365854,toilet,盥洗室,,2020-08-25
9365855,toilet rack,梳妆架,,2020-08-25
9365856,tolerance,公差,,2020-08-25
9365857,tolerance frequency,容许频率,,2020-08-25
9365858,tomahawk,平面捻缝锤,,2020-08-25
9365859,tompion,锚链孔塞,,2020-08-25
9365860,ton,吨,,2020-08-25
9365861,tong boat,[北卡罗来纳]采蚵船,,2020-08-25
9365862,tongkang,马来西亚运木驳帆船,,2020-08-25
9365863,tongs,钳；𫓧；货柜夹架,,2020-08-25
9365864,tongue,榫；舌,,2020-08-25
9365865,tongue and groove joint,槽榫接合,,2020-08-25
9365866,tongue weld,嵌合锻接,,2020-08-25
9365867,toni,孟买独木舟型渔艇,,2020-08-25
9365868,tonnage,吨位,,2020-08-25
9365869,tonnage board,减吨开口关闭板,,2020-08-25
9365870,tonnage breadth,丈量宽度；量吨宽度,,2020-08-25
9365871,tonnage capacity,吨位容量,,2020-08-25
9365872,tonnage certificate,吨位证书,,2020-08-25
9365873,tonnage deck,量吨甲板；吨位甲板,,2020-08-25
9365874,tonnage hatch,减吨舱口,,2020-08-25
9365875,tonnage mark,吨位标志,,2020-08-25
9365876,tonnage measurement,吨位丈量,,2020-08-25
9365877,Tonnage Measurement Regulation,船舶吨位丈量规则,,2020-08-25
9365878,tonnage mesurement,吨位丈量,,2020-08-25
9365879,tonnage opening,减吨开口,,2020-08-25
9365880,tonnage reduction bulkhead,减吨舱壁,,2020-08-25
9365881,tons per centimeter immersion,每公分吃水吨数,,2020-08-25
9365882,tons per inch immersion,每吋吃水吨数,,2020-08-25
9365883,tool,工具；刀具,,2020-08-25
9365884,tool box,工具箱,,2020-08-25
9365885,tool gauge,工具规,,2020-08-25
9365886,tool holder,工具架；刀把,,2020-08-25
9365887,tool kit,工具套件；工具箱,,2020-08-25
9365888,tool maker shop,工具工场,,2020-08-25
9365889,tool post,夹刀柱,,2020-08-25
9365890,tool shop,工具工场,,2020-08-25
9365891,tool steel,工具钢,,2020-08-25
9365892,tool tester,工具试验器,,2020-08-25
9365893,toothed wheel,齿轮,,2020-08-25
9365894,top,下桅肩处平台；桅楼；桅台,,2020-08-25
9365895,top brass,顶部轴衬,,2020-08-25
9365896,top breadth,上甲板宽度,,2020-08-25
9365897,top bridge,上[层]桥艛,,2020-08-25
9365898,top burton,顶滑车组,,2020-08-25
9365899,top ceiling,天花板,,2020-08-25
9365900,top coat,表涂层,,2020-08-25
9365901,top corner fitting,顶部柜角装具{货柜},,2020-08-25
9365902,top dead center  {=TDC},[往复机]上死点,,2020-08-25
9365903,top gallant mast,上桅,,2020-08-25
9365904,top gear,高速齿轮,,2020-08-25
9365905,top hat frames,顶帽形肋骨,,2020-08-25
9365906,top hat section,顶帽型材,,2020-08-25
9365907,top heavy,低稳度,,2020-08-25
9365908,top heavy vessel,上重船；低稳度船,,2020-08-25
9365909,top lantern,桅顶灯,,2020-08-25
9365910,top lift,最高升程,,2020-08-25
9365911,top lift cradle,顶吊架,,2020-08-25
9365912,top lifting device,顶吊装置,,2020-08-25
9365913,top light,顶灯,,2020-08-25
9365914,top member,上部用材,,2020-08-25
9365915,top open yacht,长顶游艇,,2020-08-25
9365916,top plating,上部壳板,,2020-08-25
9365917,top rail,扶手栏杆,,2020-08-25
9365918,top sail schooner,顶帆船,,2020-08-25
9365919,top speed,最高速[率],,2020-08-25
9365920,top tank,日用水柜；日用油柜；顶油箱；顶柜,,2020-08-25
9365921,top timber,上部用材{木船},,2020-08-25
9365922,top tumbler,上导轮,,2020-08-25
9365923,top view,俯视图,,2020-08-25
9365924,top-fired boiler,顶部燃烧锅炉,,2020-08-25
9365925,topgalent yard,上桅桁,,2020-08-25
9365926,topgallant bulwark,上桅舷墙{帆船},,2020-08-25
9365927,topgallant forecastle,[最上前]艏艛,,2020-08-25
9365928,topgallant lift,上桅帆桁吊索,,2020-08-25
9365929,topgallant mast,上桅,,2020-08-25
9365930,topgallant sail,上桅帆,,2020-08-25
9365931,topgallant staysail,上桅支索帆,,2020-08-25
9365932,topgallant yard,上桅桁,,2020-08-25
9365933,topmast,中桅{由下向上第二节桅},,2020-08-25
9365934,topmast backstay,中桅支索,,2020-08-25
9365935,topmast band,中桅箍,,2020-08-25
9365936,topmast staysail,中桅支索帆,,2020-08-25
9365937,topological method,拓朴法,,2020-08-25
9365938,topping bracket,[桅顶]俯仰滑车座,,2020-08-25
9365939,topping lift,俯仰顶索{吊杆},,2020-08-25
9365940,topping lift block,俯仰顶索滑车,,2020-08-25
9365941,topping lift chain,俯仰顶索链,,2020-08-25
9365942,topping lift eye bracket,俯仰顶索穿孔肘板,,2020-08-25
9365943,topping lift winch,[吊杆]顶索绞车,,2020-08-25
9365944,topping swivel,俯仰顶索转动座{吊杆},,2020-08-25
9365945,topping up,充气；[电池]加液,,2020-08-25
9365946,topping up air compressor,辅助空气压缩机,,2020-08-25
9365947,topping winch,俯仰绞机{吊杆},,2020-08-25
9365948,topping wire,吊杆顶索,,2020-08-25
9365949,topsail,中桅帆,,2020-08-25
9365950,topsail brig,双桅横帆小帆船,,2020-08-25
9365951,topsail lift,中桅帆桁吊索,,2020-08-25
9365952,topsail schooner,[前桅]顶帆[式帆]船,,2020-08-25
9365953,topsail yard,中桅桁,,2020-08-25
9365954,topside,上舷侧,,2020-08-25
9365955,topside black,上舷侧黑漆,,2020-08-25
9365956,topside paint,外舷部油漆,,2020-08-25
9365957,topside planking,舷侧厚板{木船},,2020-08-25
9365958,topside plating,上舷侧外板{钢船},,2020-08-25
9365959,topside tank,[翼]肩舱,,2020-08-25
9365960,topside waterline,干舷水线,,2020-08-25
9365961,top-strake,木船舷侧厚板,,2020-08-25
9365962,torch,吹把；火炬；喷灯；手电筒,,2020-08-25
9365963,torch welding,气[炬]銲[接],,2020-08-25
9365964,toroidal combustion chamber,环形燃烧室,,2020-08-25
9365965,toroidal pressure vessel,环形压力容器,,2020-08-25
9365966,torpedo,鱼雷,,2020-08-25
9365967,torpedo boat,鱼雷[快]艇,,2020-08-25
9365968,torpedo boat destroyer,反鱼雷艇驱逐舰,,2020-08-25
9365969,torpedo bulkhead,防鱼雷舱壁,,2020-08-25
9365970,torpedo capture boat,捕鱼雷艇,,2020-08-25
9365971,torpedo catcher,猎鱼雷舰；鱼雷捕捉网,,2020-08-25
9365972,torpedo defense bulkhead,防鱼雷舱壁,,2020-08-25
9365973,torpedo depot boat,鱼雷补给船,,2020-08-25
9365974,torpedo depot ship,鱼雷母舰,,2020-08-25
9365975,torpedo mine,鱼雷式水雷；主动式水雷,,2020-08-25
9365976,torpedo motor boat,鱼雷[快]艇,,2020-08-25
9365977,torpedo motorboat,鱼雷艇,,2020-08-25
9365978,torpedo net boom,反鱼雷网吊杆；防雷网桁,,2020-08-25
9365979,torpedo operating tank {=TOT},鱼雷操作舱{潜艇},,2020-08-25
9365980,torpedo recovering search boat,鱼雷回收搜索艇,,2020-08-25
9365981,torpedo recovery boat,鱼雷打捞回收艇,,2020-08-25
9365982,torpedo recovery vessel,[回]捞[鱼]雷艇,,2020-08-25
9365983,torpedo retriever,捞雷船,,2020-08-25
9365984,torpedo stop,鱼雷制动器,,2020-08-25
9365985,torpedo storage,鱼雷库；备用鱼雷舱,,2020-08-25
9365986,torpedo tail stop,鱼雷发射管后盖缓冲器,,2020-08-25
9365987,torpedo tank,鱼雷舱；鱼雷柜,,2020-08-25
9365988,torpedo tube,鱼雷[发射]管,,2020-08-25
9365989,torpedo tube cap,鱼雷发射管盖,,2020-08-25
9365990,torpedo tube drain stop valve,鱼雷发射管泄水阀,,2020-08-25
9365991,torpedo tube mount,鱼雷发射管装置,,2020-08-25
9365992,torpedo-firing valve,鱼雷发射阀,,2020-08-25
9365993,torpedo-loading gear storeroom,鱼雷运装设备储藏室,,2020-08-25
9365994,torque,扭矩；转矩,,2020-08-25
9365995,torque coefficient,转矩系数,,2020-08-25
9365996,torque constant,转矩常数,,2020-08-25
9365997,torque converter,转矩变换器{液力传动装置},,2020-08-25
9365998,torque limitation,转矩限制,,2020-08-25
9365999,torque limiter,扭矩限制器,,2020-08-25
9366000,torque rich,过转矩,,2020-08-25
9366001,torque wrench,扭矩扳手,,2020-08-25
9366002,torquemeter,转矩计,,2020-08-25
9366003,torquer,扭矩发送器；加扭器,,2020-08-25
9366004,torsiograph,扭振记录器,,2020-08-25
9366005,torsion,扭转；扭力,,2020-08-25
9366006,torsion balance,扭力秤,,2020-08-25
9366007,torsion box,抗扭箱形结构,,2020-08-25
9366008,torsion buckling,扭力挫曲,,2020-08-25
9366009,torsion constant,扭转常数,,2020-08-25
9366010,torsion indicator,扭矩指示器,,2020-08-25
9366011,torsion meter,扭力计；扭矩计；[扭转]马力计,,2020-08-25
9366012,torsion tester,扭力试验机,,2020-08-25
9366013,torsional buckling,扭转挫曲,,2020-08-25
9366014,torsional couple,扭力偶,,2020-08-25
9366015,torsional critical speed,扭转临界转速,,2020-08-25
9366016,torsional deflection,扭转角度位,,2020-08-25
9366017,torsional flexibility,扭转柔度,,2020-08-25
9366018,torsional flutter,扭转颤振,,2020-08-25
9366019,torsional frequency,扭振频率,,2020-08-25
9366020,torsional mode,扭转模态,,2020-08-25
9366021,torsional moment,扭矩,,2020-08-25
9366022,torsional moment of inertia,扭转惯性矩,,2020-08-25
9366023,torsional rigidity,抗扭刚度,,2020-08-25
9366024,torsional stiffness,抗扭劲度,,2020-08-25
9366025,torsional strain,扭应变,,2020-08-25
9366026,torsional vibration,扭转振动,,2020-08-25
9366027,torsional warping,扭转翘曲,,2020-08-25
9366028,torsional wave,扭转波,,2020-08-25
9366029,torsiongraph,转矩记录计,,2020-08-25
9366030,tosher,英国西岸杆钓鱼艇,,2020-08-25
9366031,total displacement,总排水量,,2020-08-25
9366032,total head,总落差；总水头；总压头,,2020-08-25
9366033,total heat,总热量,,2020-08-25
9366034,total heat entropy diagram,总热熵图,,2020-08-25
9366035,total pressure,总压力,,2020-08-25
9366036,total resistance,总阻力；总电阻,,2020-08-25
9366037,totally enclosed lifeboat,全围蔽救生艇,,2020-08-25
9366038,totally enclosed portable type cargo light,全封闭可携式货灯,,2020-08-25
9366039,totally enclosed-fan-cooled motor,全[封]闭式扇冷马达,,2020-08-25
9366040,touch up,补漆；修整,,2020-08-25
9366041,toughening treatment,韧化处理,,2020-08-25
9366042,toughness,韧度；韧性,,2020-08-25
9366043,toughness test,冲击韧性试验,,2020-08-25
9366044,toughness tester,韧性试验机,,2020-08-25
9366045,tourist boat,游览船,,2020-08-25
9366046,tourist class,二等舱；经济舱,,2020-08-25
9366047,tourist-class cabin,二等舱,,2020-08-25
9366048,tow boat,拖船,,2020-08-25
9366049,tow cable,拖缆；拖索,,2020-08-25
9366050,tow fish,拖曳式声纳换能器,,2020-08-25
9366051,tow hook,拖曳钩,,2020-08-25
9366052,tow rope,拖索；拖缆,,2020-08-25
9366053,tow rope horsepower,拖缆马力,,2020-08-25
9366054,tow rope resistance,拖缆阻力,,2020-08-25
9366055,tow steering light,曳航灯,,2020-08-25
9366056,towboat,拖船,,2020-08-25
9366057,towed mine,拖带水雷,,2020-08-25
9366058,towed underwater vehicle,拖曳式水下载具,,2020-08-25
9366059,towed vessel,被拖船,,2020-08-25
9366060,tower,舰塔,,2020-08-25
9366061,tower bridge,塔形桥艛,,2020-08-25
9366062,tower crane,塔型起重机,,2020-08-25
9366063,towfish,拖曳式声纳,,2020-08-25
9366064,towing,拖曳,,2020-08-25
9366065,towing arch,拖缆拱架,,2020-08-25
9366066,towing beam,拖索承梁,,2020-08-25
9366067,towing bitt,拖缆柱；拖缆桩,,2020-08-25
9366068,towing block,拖曳滑车,,2020-08-25
9366069,towing boat,拖船,,2020-08-25
9366070,towing bollard,拖缆桩,,2020-08-25
9366071,towing bracket,拖架,,2020-08-25
9366072,towing bridge,拖带桥艛,,2020-08-25
9366073,towing bridle,拖索；短链,,2020-08-25
9366074,towing capability,拖航能力,,2020-08-25
9366075,towing capstan,拖缆绞盘；牵引绞盘,,2020-08-25
9366076,towing chain,拖链,,2020-08-25
9366077,towing channel,[船模]拖曳水槽,,2020-08-25
9366078,towing condition,拖航条件；拖航状态,,2020-08-25
9366079,towing force,拖力,,2020-08-25
9366080,towing gear,拖曳设备；拖曳装置,,2020-08-25
9366081,towing hawser,拖缆缆绳,,2020-08-25
9366082,towing hook,拖[缆]钩,,2020-08-25
9366083,towing light,拖航灯,,2020-08-25
9366084,towing limitation,拖航限制,,2020-08-25
9366085,towing line,拖曳连杆；拖缆,,2020-08-25
9366086,towing log,拖曳式计程仪,,2020-08-25
9366087,towing pendant,拖缆短索,,2020-08-25
9366088,towing posts,拖缆桩,,2020-08-25
9366089,towing power,拖航力,,2020-08-25
9366090,towing resistance,拖曳阻力,,2020-08-25
9366091,towing speed,拖曳船速,,2020-08-25
9366092,towing tank,拖曳试验水槽；船模试验槽,,2020-08-25
9366093,towing tank test,拖曳水槽试验,,2020-08-25
9366094,towing vessel,拖船,,2020-08-25
9366095,towing warp,拖索,,2020-08-25
9366096,towing winch,拖缆绞机；拖曳绞车,,2020-08-25
9366097,towing wire,拖航钢索；拖缆,,2020-08-25
9366098,towline,拖索；拖缆,,2020-08-25
9366099,towlines certificate,拖缆[合格]证书,,2020-08-25
9366100,towrope,拖索；拖缆,,2020-08-25
9366101,towrope horsepower,拖缆马力,,2020-08-25
9366102,towrope resistance,拖缆阻力,,2020-08-25
9366103,toxic fume,有毒烟雾,,2020-08-25
9366104,tracer material,追迹剂,,2020-08-25
9366105,tracing,描绘；描迹,,2020-08-25
9366106,tracing cloth,描图布,,2020-08-25
9366107,tracing paper,描图纸,,2020-08-25
9366108,tracing plan,描图,,2020-08-25
9366109,track,轨道；航迹,,2020-08-25
9366110,track chart,航迹图,,2020-08-25
9366111,track reach,停船迹程,,2020-08-25
9366112,tracking unit,追踪装置,,2020-08-25
9366113,traction,牵引,,2020-08-25
9366114,tractor,拉型拖船,,2020-08-25
9366115,tractor-trailer combination,拖曳车组,,2020-08-25
9366116,trade-off,取舍；权衡得失；综合分析；比较评定,,2020-08-25
9366117,traffic boat,交通艇,,2020-08-25
9366118,traffic-ship,交通船；联络船,,2020-08-25
9366119,trail board,[斜帆]艏板；木船艏装饰板；艏[两侧]栏杆；连结板,,2020-08-25
9366120,trailer,拖车,,2020-08-25
9366121,trailer lashing units,拖车拉系元件,,2020-08-25
9366122,trailerable boat,[可]车拖小艇,,2020-08-25
9366123,trailership,附[滚动式]拖运架装卸货船,,2020-08-25
9366124,trailgate ramp,艉门跳板,,2020-08-25
9366125,trailing cavity,艉流空泡,,2020-08-25
9366126,trailing edge,殿缘；后缘{螺桨},,2020-08-25
9366127,trailing edge noise,殿缘噪音,,2020-08-25
9366128,trailing edge radius,殿缘半径,,2020-08-25
9366129,trailing edge ventilation,殿缘充气,,2020-08-25
9366130,trailing edge vortex,殿缘涡,,2020-08-25
9366131,trailing line,系桨绳,,2020-08-25
9366132,trailing vortex,尾涡,,2020-08-25
9366133,trailing vortex cavitation,尾涡空化,,2020-08-25
9366134,trailing wake,尾迹流,,2020-08-25
9366135,trail-net,拖网,,2020-08-25
9366136,train carrier,火车渡船,,2020-08-25
9366137,train ferry,火车渡船,,2020-08-25
9366138,train stop buffer,转角限制器之减震器,,2020-08-25
9366139,trainable tube mount,回转式鱼雷发射管装置,,2020-08-25
9366140,training boat,训练艇,,2020-08-25
9366141,training bridge,实习桥艛,,2020-08-25
9366142,training ship,训练船；实习船,,2020-08-25
9366143,training vessel,训练船,,2020-08-25
9366144,trajectory,弹道；轨迹；轨线,,2020-08-25
9366145,trammels,梁规,,2020-08-25
9366146,tramp boat,不定期船,,2020-08-25
9366147,tramp steamer,不定期轮船,,2020-08-25
9366148,tramper,不定期船,,2020-08-25
9366149,tramper-liner,定期不定期两用船；定航线不定航线两用船,,2020-08-25
9366150,transceiver,收发报机,,2020-08-25
9366151,transducer,换能器；传感器；变频器；转换器；转讯器,,2020-08-25
9366152,transducer equivalent spectrum level,换能器等效频谱位准,,2020-08-25
9366153,transfer,回旋横距；传递,,2020-08-25
9366154,transfer capsule,水中升降机,,2020-08-25
9366155,transfer characteristic,传输特性,,2020-08-25
9366156,transfer function,转移函数,,2020-08-25
9366157,transfer head,高传滑车,,2020-08-25
9366158,transfer impedance,传递阻抗,,2020-08-25
9366159,transfer mobility,传递动性,,2020-08-25
9366160,transfer pump,输送泵,,2020-08-25
9366161,transfer switch,换接开关,,2020-08-25
9366162,transfer tank,平衡水舱{潜},,2020-08-25
9366163,transfer valve,输送阀,,2020-08-25
9366164,transfer whip,[航行中]传[送]货[物用]滑车,,2020-08-25
9366165,transform,转换；变换,,2020-08-25
9366166,transformation,变换；转换；变化；变态,,2020-08-25
9366167,transformer,变压器；变量器,,2020-08-25
9366168,transforming valve,转换阀,,2020-08-25
9366169,transient buckling,暂态挫曲,,2020-08-25
9366170,transient cavitation,暂态空化,,2020-08-25
9366171,transient cavity,暂态空泡,,2020-08-25
9366172,transient characteristic,暂态特性,,2020-08-25
9366173,transient current,暂态电流,,2020-08-25
9366174,transient deviation,瞬间偏差,,2020-08-25
9366175,transient doublet,瞬时偶极[子],,2020-08-25
9366176,transient impedance,暂态阻抗,,2020-08-25
9366177,transient mode,过渡状态,,2020-08-25
9366178,transient overload capacity,瞬时过载容量,,2020-08-25
9366179,transient process,暂态过程；瞬变过程,,2020-08-25
9366180,transient response,暂态波反应,,2020-08-25
9366181,transient source,瞬时源,,2020-08-25
9366182,transient state,暂态；过渡状态,,2020-08-25
9366183,transient test technique,暂态反应测试技术,,2020-08-25
9366184,transient vortex,瞬时涡,,2020-08-25
9366185,transient wave,暂态波,,2020-08-25
9366186,transient wave test,暂态试验,,2020-08-25
9366187,transim,船用卫星导航装置,,2020-08-25
9366188,transistor circuit,电晶体电路,,2020-08-25
9366189,transit,经纬仪；子午仪,,2020-08-25
9366190,transit time index,运输时间指标,,2020-08-25
9366191,transition boundary layer,过渡边界层,,2020-08-25
9366192,transition point,转变点,,2020-08-25
9366193,transition stability,转变稳度,,2020-08-25
9366194,transition temperature,转脆温度,,2020-08-25
9366195,transition zone,过渡区；过渡带,,2020-08-25
9366196,transitional flow,变迁流动,,2020-08-25
9366197,translational velocity,移动速度,,2020-08-25
9366198,translator,译码器；翻译器；中继器,,2020-08-25
9366199,translatory wave,移动波,,2020-08-25
9366200,transmission,传动；传递；输送,,2020-08-25
9366201,transmission efficiency,传动效率,,2020-08-25
9366202,transmission electron microscope  {=TEM},透过电子显微镜,,2020-08-25
9366203,transmission gear,传动齿轮；传动机构；传动装置,,2020-08-25
9366204,transmission level,传输位准,,2020-08-25
9366205,transmission loss,穿透损失；传动损失,,2020-08-25
9366206,transmission mechanism,传动机构,,2020-08-25
9366207,transmission medium,传递介质,,2020-08-25
9366208,transmission of heat,热传递,,2020-08-25
9366209,transmission shaft,传动轴,,2020-08-25
9366210,transmitter,发射机；发信器；发报机；发话机,,2020-08-25
9366211,transmitting antenna exchanger,发射天线交换器,,2020-08-25
9366212,transmitting frequency,发射频率,,2020-08-25
9366213,transmitting transducer,发射换能器,,2020-08-25
9366214,transmitting wave,发射波；发送波；传递波,,2020-08-25
9366215,transom,艉横板；艉横材；艉构架,,2020-08-25
9366216,transom beam,艉梁,,2020-08-25
9366217,transom bow,斜平艏,,2020-08-25
9366218,transom floor,艉肋板,,2020-08-25
9366219,transom stern,平[板]艉,,2020-08-25
9366220,transom stern vessel,方艉船,,2020-08-25
9366221,transom stiffener,艉横板防挠材,,2020-08-25
9366222,transonic velocity,穿音速,,2020-08-25
9366223,transponder,声转发器；发射机询答器,,2020-08-25
9366224,transport,运输舰,,2020-08-25
9366225,transporter,传送机；传送带；运输者,,2020-08-25
9366226,transport-ship,运输船,,2020-08-25
9366227,transtainer,移动桥式货柜起重机,,2020-08-25
9366228,transversal wave,船行横波,,2020-08-25
9366229,transverse bending moment,[双体船]横向扭矩,,2020-08-25
9366230,transverse bracket,[机座]横肘板,,2020-08-25
9366231,transverse bulkhead,横[向]舱壁,,2020-08-25
9366232,transverse bunker,横燃料舱,,2020-08-25
9366233,transverse center,横向中心,,2020-08-25
9366234,transverse forced oscillation device,横向强制摇摆装置,,2020-08-25
9366235,transverse frame,横肋骨,,2020-08-25
9366236,transverse frame system,横肋系统,,2020-08-25
9366237,transverse framed ship,横肋[结构]船,,2020-08-25
9366238,transverse joint,横向接头,,2020-08-25
9366239,transverse member,横向构件,,2020-08-25
9366240,transverse metacenter,横定倾中心,,2020-08-25
9366241,transverse metacentric height,横向定倾[中心]高,,2020-08-25
9366242,transverse planing machine,横式刨床；滑枕水平进给式牛头刨床,,2020-08-25
9366243,transverse ring,横向环肋,,2020-08-25
9366244,transverse sea,横浪,,2020-08-25
9366245,transverse section,横剖面,,2020-08-25
9366246,transverse stability,横向稳度,,2020-08-25
9366247,transverse strength,横向强度,,2020-08-25
9366248,transverse system,横向构系,,2020-08-25
9366249,transverse velocity,横向[线性]速度,,2020-08-25
9366250,transverse wave,横波,,2020-08-25
9366251,transversely framed vessel,横向肋系船,,2020-08-25
9366252,transversely-framed bottom,横肋结构船底,,2020-08-25
9366253,trap,阱；祛水器,,2020-08-25
9366254,trap-door,活板门；通气门；天窗；气窗,,2020-08-25
9366255,trapezoidal rule,梯形定则；梯形积分法,,2020-08-25
9366256,trapping turn,系索圈；扎圈,,2020-08-25
9366257,trash chute,垃圾滑槽,,2020-08-25
9366258,travel,行程,,2020-08-25
9366259,travel of piston,活塞行程,,2020-08-25
9366260,travel of slide valve,滑阀行程,,2020-08-25
9366261,travel of valve,阀行程,,2020-08-25
9366262,traveling lizard,护艇索；系艇索,,2020-08-25
9366263,traveller,滑环,,2020-08-25
9366264,travelling block,移动滑车,,2020-08-25
9366265,travelling bridge,桥式起重机,,2020-08-25
9366266,travelling caviation,游移空化,,2020-08-25
9366267,travelling crane,移动式起重机,,2020-08-25
9366268,travelling gantry,移动门型起重机,,2020-08-25
9366269,travelling rack,移动齿杆,,2020-08-25
9366270,travelling wave,行进波,,2020-08-25
9366271,travelling winch,移动绞车,,2020-08-25
9366272,traverse,宽横；横梁；横过；Z字型航路,,2020-08-25
9366273,traversing caisson,通道坞门,,2020-08-25
9366274,trawl,拖网,,2020-08-25
9366275,trawl board,[渔船]网板,,2020-08-25
9366276,trawl boat,拖网渔船,,2020-08-25
9366277,trawl bridle,拖网支索,,2020-08-25
9366278,trawl gallow,网板架,,2020-08-25
9366279,trawl net,拖网{渔网},,2020-08-25
9366280,trawl ramp,拖网滑道,,2020-08-25
9366281,trawl roller,起[拖]网滚筒；拖网滚筒,,2020-08-25
9366282,trawl warp,渔网拖索,,2020-08-25
9366283,trawl winch,拖网绞车,,2020-08-25
9366284,trawldeck,上网甲板,,2020-08-25
9366285,trawler,拖网渔船,,2020-08-25
9366286,trawler boat,拖网渔船,,2020-08-25
9366287,trawline,曳[渔]网索,,2020-08-25
9366288,trawling,拖网渔法；拖网作业,,2020-08-25
9366289,trawling cable,拖网索,,2020-08-25
9366290,trawlink,网位仪,,2020-08-25
9366291,tread,龙骨长；梯踏板；轮距,,2020-08-25
9366292,treasure room,贵重物品室,,2020-08-25
9366293,treble block,三轮滑车,,2020-08-25
9366294,treble ported slide valve,三孔滑阀,,2020-08-25
9366295,treble riveting,三行铆接,,2020-08-25
9366296,treble-ported slide valve,三通滑阀,,2020-08-25
9366297,treenail,大木钉,,2020-08-25
9366298,trembler coil,电铃线圈；电振板线圈,,2020-08-25
9366299,trembling bell,电铃,,2020-08-25
9366300,trench,沟；海沟；货舱间通风道,,2020-08-25
9366301,trench curve,曲线板,,2020-08-25
9366302,trend display,趋向显示,,2020-08-25
9366303,trepanning test,钻孔试验,,2020-08-25
9366304,trestle,樯头纵材；架柱；架台；叉架；支架,,2020-08-25
9366305,trestle tree,樯头支架,,2020-08-25
9366306,trestle type column,架柱,,2020-08-25
9366307,trial,试伡；试航,,2020-08-25
9366308,trial and error method,试误法,,2020-08-25
9366309,trial at anchor,系泊试伡,,2020-08-25
9366310,trial condition,试伡船况；试航船况,,2020-08-25
9366311,trial speed,试航船速,,2020-08-25
9366312,triangular plate,三角眼板,,2020-08-25
9366313,triatic stay,桅间水平牵索；信号索,,2020-08-25
9366314,triaxial compression test,三轴[向]压缩试验,,2020-08-25
9366315,trice,收帆索；吊索,,2020-08-25
9366316,tricing line,吊索；吊帆索,,2020-08-25
9366317,tricing pendants for davit,吊杆吊索,,2020-08-25
9366318,tricing stay,导帆索,,2020-08-25
9366319,trickle charging,微电流充电,,2020-08-25
9366320,tricolored light,三色灯,,2020-08-25
9366321,Trident submarine,三叉戟飞弹核子潜艇,,2020-08-25
9366322,trigger,扳机；触发器,,2020-08-25
9366323,trigger bar,抛锚扳杆,,2020-08-25
9366324,trigger button,触发按钮,,2020-08-25
9366325,trigger circuit,触发电路,,2020-08-25
9366326,trigger mechanism,触发装置；扳机机构,,2020-08-25
9366327,trigger valve,触发阀；起动阀,,2020-08-25
9366328,trigger voltage,触发电压；启动电压,,2020-08-25
9366329,trim,俯仰；俯仰差,,2020-08-25
9366330,trim angle,俯仰角,,2020-08-25
9366331,trim by bow,艏俯,,2020-08-25
9366332,trim by stern,艉俯,,2020-08-25
9366333,trim condition,俯仰船况,,2020-08-25
9366334,trim correction,俯仰效应修正,,2020-08-25
9366335,trim flap,艉翼,,2020-08-25
9366336,trim interceptor,艉流阻,,2020-08-25
9366337,trim tab,艉翼,,2020-08-25
9366338,trim water,平衡水{潜艇},,2020-08-25
9366339,trim wedge,艉楔,,2020-08-25
9366340,trimaran,三[胴]体船,,2020-08-25
9366341,trimdock,平衡坞,,2020-08-25
9366342,trimmed waterline,纵倾水线,,2020-08-25
9366343,trimming,整平{散装货}；修整,,2020-08-25
9366344,trimming condition,俯仰船况,,2020-08-25
9366345,trimming down,艏俯下航{潜艇},,2020-08-25
9366346,trimming hatch,调平舱口,,2020-08-25
9366347,trimming moment,俯仰力矩；均衡力矩,,2020-08-25
9366348,trimming pump,俯仰水泵,,2020-08-25
9366349,trimming table,俯仰表,,2020-08-25
9366350,trimming tank,俯仰平衡柜{潜艇},,2020-08-25
9366351,trip,航程；跳脱；脱扣,,2020-08-25
9366352,trip circuit,跳脱电路,,2020-08-25
9366353,trip coil,跳脱线圈；脱扣线圈,,2020-08-25
9366354,trip free,自由跳脱,,2020-08-25
9366355,trip gear,跳脱装置；跳动装置,,2020-08-25
9366356,trip level,断路电位准,,2020-08-25
9366357,trip mechanism,跳脱机构,,2020-08-25
9366358,trip valve,跳脱阀,,2020-08-25
9366359,trip wire,激紊线{阻力试验},,2020-08-25
9366360,triple bottom,三层底,,2020-08-25
9366361,triple expansion engine,三胀汽机；三段膨胀引擎,,2020-08-25
9366362,triple hull vessel,三体船,,2020-08-25
9366363,triple screw ship,三螺桨船,,2020-08-25
9366364,triple screw vessel,三[螺]桨船,,2020-08-25
9366365,triple valve,三通阀,,2020-08-25
9366366,triple-drum boiler,三鼓筒锅炉,,2020-08-25
9366367,triple-expansion engine,三段膨胀引擎,,2020-08-25
9366368,triple-headed capstan,三卷筒绞盘,,2020-08-25
9366369,triple-header boiler,三鼓筒锅炉,,2020-08-25
9366370,triple-pass boiler,三烟道锅炉,,2020-08-25
9366371,triple-purpose carrier,三用载货船；三用途货轮,,2020-08-25
9366372,triple-sheaved block,三轮滑车,,2020-08-25
9366373,triplex cable,三芯电缆,,2020-08-25
9366374,triplex pump,三缸泵,,2020-08-25
9366375,triplex safety glass,三夹层安全玻璃,,2020-08-25
9366376,tripod mast,三脚桅,,2020-08-25
9366377,tripping bolster,松锚架,,2020-08-25
9366378,tripping bracket,防挠肘板,,2020-08-25
9366379,tripping buckling,跳凸挫曲,,2020-08-25
9366380,tripping gear,抛锚扳杆,,2020-08-25
9366381,tripping line,海锚顶索；锚顶脱钩索；帆桁拉索；上部桅拉索,,2020-08-25
9366382,tripping test,跳脱试验,,2020-08-25
9366383,tripping wedge,激紊楔,,2020-08-25
9366384,trochoid,转迹线；摆线,,2020-08-25
9366385,trochoid motion,摆线运动,,2020-08-25
9366386,trochoid pump,摆动泵,,2020-08-25
9366387,trochoidal wave,摆线波,,2020-08-25
9366388,troller,曳绳钓渔船,,2020-08-25
9366389,trolley,高架吊运车,,2020-08-25
9366390,trolley hoist,手动举重机,,2020-08-25
9366391,trolley wire,滑接馈线,,2020-08-25
9366392,trolling,拖钓作业,,2020-08-25
9366393,trolling boat,曳绳钓渔船,,2020-08-25
9366394,trolling gurdy,延绳钓起绳机,,2020-08-25
9366395,trolling line,带铒钓线,,2020-08-25
9366396,troop boat,运兵船,,2020-08-25
9366397,troop carrier,运兵船,,2020-08-25
9366398,troop ship,运兵船,,2020-08-25
9366399,troop transport,运兵船,,2020-08-25
9366400,troop-landing vessel,部队登陆舰艇,,2020-08-25
9366401,troopship,运兵船,,2020-08-25
9366402,tropical freeboard,热带干舷,,2020-08-25
9366403,tropical freeborad mark,热带干舷标志,,2020-08-25
9366404,tropical fresh water loadline,热带淡水载重线,,2020-08-25
9366405,tropical load line,热带载重线,,2020-08-25
9366406,tropical loadline,热带载重线,,2020-08-25
9366407,tropical zone,热带载重线区；热带,,2020-08-25
9366408,trot line,流钓线,,2020-08-25
9366409,trot-line boat,尖艏方艉平底捕蟹帆船,,2020-08-25
9366410,trough,波谷；集水槽{窗框}；水沟,,2020-08-25
9366411,trough velocity,波谷水质点速度,,2020-08-25
9366412,troughed bulkhead,槽形舱壁,,2020-08-25
9366413,truck,桅顶；卡车,,2020-08-25
9366414,truck light,桅顶信号灯；[接近受补船]艏灯,,2020-08-25
9366415,truck type circuit breaker,抽橱式断路器,,2020-08-25
9366416,truck-type switch board,抽屉式配电板,,2020-08-25
9366417,true bearing,真方位,,2020-08-25
9366418,true slip,真滑流,,2020-08-25
9366419,true strain,真应变；实际应变,,2020-08-25
9366420,true stress,真应力,,2020-08-25
9366421,true value,真值,,2020-08-25
9366422,true velocity,真[实]速[度],,2020-08-25
9366423,true wind direction,绝对风向,,2020-08-25
9366424,true wind velocity,绝对风速,,2020-08-25
9366425,trumpet,号角；喇叭筒,,2020-08-25
9366426,trunk,肋材之长脚；导管；筒；箱道；箱舱,,2020-08-25
9366427,trunk bulkhead,箱舱围壁；围壁,,2020-08-25
9366428,trunk cabin,半露舱室,,2020-08-25
9366429,trunk deck,围堰甲板；箱舱甲板,,2020-08-25
9366430,trunk deck vessel,箱舱甲板船,,2020-08-25
9366431,trunk decker,箱舱甲板船,,2020-08-25
9366432,trunk engine,筒塞机{柴油机},,2020-08-25
9366433,trunk hatchway,围壁舱口；箱型舱口,,2020-08-25
9366434,trunk hole,小艇底部通索孔,,2020-08-25
9366435,trunk line,干线；运输干线；管道干线,,2020-08-25
9366436,trunk piston,筒状活塞,,2020-08-25
9366437,trunk ventilator,箱道通风筒；干道通风筒,,2020-08-25
9366438,trunk vessel,箱舱甲板船,,2020-08-25
9366439,trunnion,耳轴；砲耳；空枢,,2020-08-25
9366440,trunnion mount,枢座；耳轴安装架,,2020-08-25
9366441,truss,桁架；桅桁连接具,,2020-08-25
9366442,truss bolt,构架螺栓,,2020-08-25
9366443,truss framed leg,桁架式桩脚,,2020-08-25
9366444,truss girder,桁架梁,,2020-08-25
9366445,truss yoke,桁箍,,2020-08-25
9366446,trysail,斜桁纵帆,,2020-08-25
9366447,tsunami,海啸,,2020-08-25
9366448,tub,槽座；桶；浴盆,,2020-08-25
9366449,tube,管,,2020-08-25
9366450,tube brush,管刷,,2020-08-25
9366451,tube cleaner,净管器,,2020-08-25
9366452,tube cutter,截管器,,2020-08-25
9366453,tube drain valve,发射管泄水阀,,2020-08-25
9366454,tube drift,管塞,,2020-08-25
9366455,tube expander,扩管器,,2020-08-25
9366456,tube ferrule,管箍,,2020-08-25
9366457,tube insert,管插件{热交换器},,2020-08-25
9366458,tube pillar,管柱,,2020-08-25
9366459,tube plate,管板,,2020-08-25
9366460,tube scaler,刷管器,,2020-08-25
9366461,tube scraper,刮管刀；刮管器,,2020-08-25
9366462,tube shaft,艉[管]轴,,2020-08-25
9366463,tube stay,管撑,,2020-08-25
9366464,tube stopper,管塞,,2020-08-25
9366465,tube vent valve,发射管排气阀,,2020-08-25
9366466,tube vice,管钳,,2020-08-25
9366467,tube wrench,管扳钳,,2020-08-25
9366468,tube-bending machine,弯管机,,2020-08-25
9366469,tube-welding machine,銲管机,,2020-08-25
9366470,tubing safety valve,管系安全阀,,2020-08-25
9366471,tubular boiler,管式锅炉；水管锅炉；火管锅炉,,2020-08-25
9366472,tubular combustion chamber,管形燃烧室,,2020-08-25
9366473,tubular derrick,管形吊杆,,2020-08-25
9366474,tubular joint,管接头,,2020-08-25
9366475,tubular mast,管桅,,2020-08-25
9366476,tubular pillar,圆管柱,,2020-08-25
9366477,tubulous boiler,水管锅炉,,2020-08-25
9366478,tuck,艉凸部下方；船底后端,,2020-08-25
9366479,tuck boat,追逐网渔船,,2020-08-25
9366480,tuck net boat,追逐网渔船,,2020-08-25
9366481,tuck plate,剑形艉壳板,,2020-08-25
9366482,tucking,波状变形,,2020-08-25
9366483,tuck-under,塞入水下{气垫船},,2020-08-25
9366484,tug,拖船,,2020-08-25
9366485,tug boat,拖船,,2020-08-25
9366486,tug-barge,拖驳,,2020-08-25
9366487,tugboat,拖船,,2020-08-25
9366488,tugee,被拖带的船,,2020-08-25
9366489,tug-supply boat,三用拖船,,2020-08-25
9366490,tug-tender,拖曳驳渡船,,2020-08-25
9366491,tukang,马六甲海峡渔帆艇,,2020-08-25
9366492,tumbilung,印尼独木舟,,2020-08-25
9366493,tumble home,船舷内倾,,2020-08-25
9366494,tumble-home bow,[水线上向]内弯艏,,2020-08-25
9366495,tumble-home bulwark,内倾舷墙,,2020-08-25
9366496,tumbler,抛锚扳杆；齿轮换向器；颠动筒；滚筒,,2020-08-25
9366497,tumbler bolt,松紧螺栓,,2020-08-25
9366498,tumbler switch,倒扳开关,,2020-08-25
9366499,tumbling-in,船舷内倾,,2020-08-25
9366500,tuna boat,鲔钓船,,2020-08-25
9366501,tuna clipper,鲔[延绳]钓渔船,,2020-08-25
9366502,tuna long liner,鲔[延绳]钓渔船,,2020-08-25
9366503,tuna mothership,鲔钓母船,,2020-08-25
9366504,tuned circuit,调谐回路,,2020-08-25
9366505,tuner,调谐器；调音器,,2020-08-25
9366506,tung oil,桐油,,2020-08-25
9366507,tungsten,钨,,2020-08-25
9366508,tungsten arc inert gas welding {=TIG},气体遮蔽钨弧銲,,2020-08-25
9366509,tungsten electrode,钨銲条,,2020-08-25
9366510,tungsten inert gas arc welding {=TIG},气体遮蔽钨弧銲,,2020-08-25
9366511,tungsten inert-gas welding {=TIG},钨极惰性气体[保护]銲,,2020-08-25
9366512,tungsten steel,钨钢,,2020-08-25
9366513,Tunkway,箱道,,2020-08-25
9366514,tunnel,烟囱；轴道；管道,,2020-08-25
9366515,tunnel boat,隧道船；艉隧船,,2020-08-25
9366516,tunnel body,筒体；机体；壳体,,2020-08-25
9366517,tunnel bottom container,槽道底盘货柜,,2020-08-25
9366518,tunnel escape,逃生通道,,2020-08-25
9366519,tunnel flat,轴道甲板,,2020-08-25
9366520,tunnel recess,轴道凹部,,2020-08-25
9366521,tunnel recess bracket,轴道凹部肘板,,2020-08-25
9366522,tunnel shaft,中间轴,,2020-08-25
9366523,tunnel shaft bearing,[中间]轴承,,2020-08-25
9366524,tunnel stern,隧道形艉；隧[道]艉,,2020-08-25
9366525,tunnel stool,轴道支座,,2020-08-25
9366526,tunnel top line,隧[道]顶线,,2020-08-25
9366527,tunnel velocity,风洞流速；水洞流速,,2020-08-25
9366528,tunnel well,轴道污水井,,2020-08-25
9366529,tunnel-screw boat,隧道螺桨船；艉隧螺桨船,,2020-08-25
9366530,tunning factor,调谐因子,,2020-08-25
9366531,tunny boat,鲔钓船,,2020-08-25
9366532,turbidity,[混]浊度,,2020-08-25
9366533,turbine,涡轮机,,2020-08-25
9366534,turbine blade,涡轮机叶片,,2020-08-25
9366535,turbine blading,涡轮机叶系,,2020-08-25
9366536,turbine casing,涡轮机壳,,2020-08-25
9366537,turbine cylinder,涡轮机壳,,2020-08-25
9366538,turbine dummy,涡轮机消压轮,,2020-08-25
9366539,turbine efficiency,涡轮效率,,2020-08-25
9366540,turbine pump,涡轮泵,,2020-08-25
9366541,turbine reduction gear,涡轮机减速齿轮,,2020-08-25
9366542,turbine rotor,涡轮机转子,,2020-08-25
9366543,turbine ship {=TS},涡轮机船,,2020-08-25
9366544,turbine steam seal system,涡轮汽封系统,,2020-08-25
9366545,turbine steamer {=TS},涡轮机轮船；蒸汽涡轮机船,,2020-08-25
9366546,turbine vessel,涡轮机[驱动]船,,2020-08-25
9366547,turbine wheel,涡轮机叶轮,,2020-08-25
9366548,turbo blower,涡轮鼓风机,,2020-08-25
9366549,turbo circulator,涡轮循环泵,,2020-08-25
9366550,turbo electric propulsion,涡轮[机]电力推进,,2020-08-25
9366551,turbo fan,涡流风扇,,2020-08-25
9366552,turbo generator,涡轮发电机,,2020-08-25
9366553,turbo-alternator,涡轮交流发电机,,2020-08-25
9366554,turbo-blower,涡轮鼓风机,,2020-08-25
9366555,turbo-catapult,涡轮喷气弹射器,,2020-08-25
9366556,turbo-charger,涡轮增压机,,2020-08-25
9366557,turbocharging,涡轮增压,,2020-08-25
9366558,turbo-compressor,涡轮压缩机,,2020-08-25
9366559,turbodrill,涡轮钻,,2020-08-25
9366560,turbo-driven turbo-compressor,涡轮驱动涡轮压缩机,,2020-08-25
9366561,turbo-dynamo,涡轮直流发电机,,2020-08-25
9366562,turbo-electric drive,涡轮电力驱动,,2020-08-25
9366563,turbo-electric propelling machinery,涡轮电力推进装置,,2020-08-25
9366564,turbo-electric propulsion,涡轮电力推进,,2020-08-25
9366565,turbo-fan,涡轮送风机,,2020-08-25
9366566,turbogenerator {=T/G},涡轮发电机,,2020-08-25
9366567,turbojet,涡轮喷射发动机,,2020-08-25
9366568,turbo-jet engine,涡轮喷射引擎,,2020-08-25
9366569,turbomachine,涡轮机,,2020-08-25
9366570,turbomachinery,涡轮机械,,2020-08-25
9366571,turboprop,涡轮螺桨发动机,,2020-08-25
9366572,turbopump,涡轮泵,,2020-08-25
9366573,turbosail,转筒式风帆,,2020-08-25
9366574,turbo-scavenging blower,涡轮驱气鼓风机,,2020-08-25
9366575,turbosupercharger,[废气]涡轮增压器,,2020-08-25
9366576,turbosupercharging,[废气]涡轮增压,,2020-08-25
9366577,turbovessel,涡轮[机]船,,2020-08-25
9366578,turbulence,紊流,,2020-08-25
9366579,turbulence chamber,扰流式燃烧室,,2020-08-25
9366580,turbulence detector,紊流探测器,,2020-08-25
9366581,turbulence intensity,紊流强度,,2020-08-25
9366582,turbulence stimulator,激紊器；激紊装置,,2020-08-25
9366583,turbulent boundary layer,紊流边界层,,2020-08-25
9366584,turbulent burner,紊流式燃烧器,,2020-08-25
9366585,turbulent flow,紊流；扰流,,2020-08-25
9366586,turbulent motion,紊流运动,,2020-08-25
9366587,turbulent sea,激浪；三角浪,,2020-08-25
9366588,turbulent velocity,紊流速度,,2020-08-25
9366589,turbulent wake,紊流迹流,,2020-08-25
9366590,turbulization,紊流化,,2020-08-25
9366591,Turk Loydu,土耳其船级社,,2020-08-25
9366592,turn,匝；圈；转数；回转；回旋；旋转,,2020-08-25
9366593,turn down ratio,产汽量变化比{锅炉},,2020-08-25
9366594,turn of bilge,【舟必】弯部,,2020-08-25
9366595,turn ratio,匝比,,2020-08-25
9366596,turn switch,捻转开关,,2020-08-25
9366597,turn-around time {=TAT},回转时间,,2020-08-25
9366598,turnbuckle,[松紧]螺旋扣,,2020-08-25
9366599,turner,调整片；修边机,,2020-08-25
9366600,turnery,车工工艺；车削工作,,2020-08-25
9366601,turning,旋转；回转；旋回；车削,,2020-08-25
9366602,turning ability,回旋能力,,2020-08-25
9366603,turning characteristics,回旋特性[曲线],,2020-08-25
9366604,turning circle,回旋圈,,2020-08-25
9366605,turning circle radius,回旋圈半径,,2020-08-25
9366606,turning circle test,回旋圈试验,,2020-08-25
9366607,turning diameter,回旋直径,,2020-08-25
9366608,turning engine,盘伡机；转轴机,,2020-08-25
9366609,turning force,转力；旋转力,,2020-08-25
9366610,turning gear,回转装置；盘伡装置,,2020-08-25
9366611,turning moment,转矩,,2020-08-25
9366612,turning path,回旋迹线,,2020-08-25
9366613,turning period,回旋周期,,2020-08-25
9366614,turning radius,回旋半径,,2020-08-25
9366615,turning speed,回旋速[率],,2020-08-25
9366616,turning trial,回旋试验,,2020-08-25
9366617,turning valve,转阀,,2020-08-25
9366618,turning wheel,转轮,,2020-08-25
9366619,turnnion center,枢轴中心,,2020-08-25
9366620,turntable,转盘；转台,,2020-08-25
9366621,turntable of dipper machine,铲斗转盘,,2020-08-25
9366622,turpentine,松节油,,2020-08-25
9366623,turret,转塔；转台；砲塔；转刀架,,2020-08-25
9366624,turret booth,砲塔指挥室,,2020-08-25
9366625,turret deck,塔顶甲板,,2020-08-25
9366626,turret lathe,六角车床；多角车床,,2020-08-25
9366627,turret moored drilling ship,中心系泊定位钻探船,,2020-08-25
9366628,turret mount,砲塔装置,,2020-08-25
9366629,turret vessel,圆舷甲板船,,2020-08-25
9366630,turtle back deck,龟背甲板,,2020-08-25
9366631,turtle back vessel,龟背甲板船,,2020-08-25
9366632,turtleback,龟背甲板,,2020-08-25
9366633,tusk,榫眼；凹榫,,2020-08-25
9366634,tween deck,甲板间；中甲板,,2020-08-25
9366635,tween deck bulkhead,甲板间舱壁,,2020-08-25
9366636,tween deck bunker,甲板间燃料舱,,2020-08-25
9366637,tween deck cargo space,甲板间舱,,2020-08-25
9366638,tween deck ceiling,甲板间内衬板；甲板间垫材,,2020-08-25
9366639,tween deck frame,甲板间肋骨,,2020-08-25
9366640,tween deck height,甲板间高,,2020-08-25
9366641,tween deck ladder,甲板间梯,,2020-08-25
9366642,tween decks,甲板间,,2020-08-25
9366643,tween-deck hatch,甲板间舱口,,2020-08-25
9366644,tweendecker,双层甲板[货]船,,2020-08-25
9366645,tweezer,镊子；钳子,,2020-08-25
9366646,twenty feet equivalent unit  {= TEU},二十呎货柜当量,,2020-08-25
9366647,twill weave,斜纹织,,2020-08-25
9366648,twill-canvas,斜纹帆布,,2020-08-25
9366649,twin cable,双绞电缆,,2020-08-25
9366650,twin cam shaft type,双凸轮轴型{反转装置},,2020-08-25
9366651,twin core cable,双芯电缆,,2020-08-25
9366652,twin deck vessel,双层甲板船,,2020-08-25
9366653,twin hull,双[胴]船体,,2020-08-25
9366654,twin hull vessel,双体船,,2020-08-25
9366655,twin longitudinal bulkhead,双列纵舱壁,,2020-08-25
9366656,twin roller type,双滚子型[反转装置],,2020-08-25
9366657,twin rudder,双舵,,2020-08-25
9366658,twin rudder vessel,双舵船,,2020-08-25
9366659,twin screw ship,双螺桨船,,2020-08-25
9366660,twin screw vessel,双螺桨船,,2020-08-25
9366661,twin tendem fillet welding {=TTF},前后顺序填角潜弧銲,,2020-08-25
9366662,twin twisted,双绞,,2020-08-25
9366663,twin-bulkhead tanker,双纵舱壁油轮,,2020-08-25
9366664,twin-core cable,双芯电缆,,2020-08-25
9366665,twine,帆布线,,2020-08-25
9366666,twin-hull boat,双[胴]体船,,2020-08-25
9366667,twinhull craft,双体船,,2020-08-25
9366668,twin-lift spreader,双拼吊柜架{货柜},,2020-08-25
9366669,twin-mast,双桅；龙门桅；A字型轻便钻探架,,2020-08-25
9366670,twin-propeller,双推进器,,2020-08-25
9366671,twin-skeg,双艉鳍,,2020-08-25
9366672,twin-skeg stem,鱼雷型艉,,2020-08-25
9366673,twist,扭转；缠绕；搓；捻；扭曲,,2020-08-25
9366674,twist lock,扭转锁定器,,2020-08-25
9366675,twist of the jet,喷射偏转；射转扭转,,2020-08-25
9366676,twist wave guide,扭转导波管,,2020-08-25
9366677,twist-buckling,扭转挫曲,,2020-08-25
9366678,twist-drill,麻花钻；螺纹钻；扳钻,,2020-08-25
9366679,twisted blade,扭曲叶片,,2020-08-25
9366680,twister,撚搓器；绞扭器,,2020-08-25
9366681,twisting moment,扭矩,,2020-08-25
9366682,twisting strain,扭应变,,2020-08-25
9366683,twisting test,扭曲试验,,2020-08-25
9366684,twist-type rubber mount,扭转型橡胶减振座,,2020-08-25
9366685,two bladed propeller,双叶螺桨,,2020-08-25
9366686,two boat trawler,双拖[网]渔船,,2020-08-25
9366687,two circuit feeding,双路供电,,2020-08-25
9366688,two compartment chamber,双室减压舱,,2020-08-25
9366689,two cycle engine,二冲程[动力]机,,2020-08-25
9366690,two fold purchase,双重复滑车组,,2020-08-25
9366691,two phase,二相,,2020-08-25
9366692,two pitch propeller,二[段螺]距螺桨,,2020-08-25
9366693,two position action type,二位置动作型,,2020-08-25
9366694,two rated points pump,双额定点泵,,2020-08-25
9366695,two ship way building system,二船台建造方武,,2020-08-25
9366696,two speed pump,二速泵,,2020-08-25
9366697,two stage compression,两级压缩,,2020-08-25
9366698,two stroke engine,二冲程引擎,,2020-08-25
9366699,two stroke oil engine,二冲程油机,,2020-08-25
9366700,two throw crank-shaft,双拐曲柄轴,,2020-08-25
9366701,two wire system,双线系统,,2020-08-25
9366702,two-compartment ship,[容许]二舱区浸水船,,2020-08-25
9366703,two-compartment vessel,两舱[进水不沉]船,,2020-08-25
9366704,two-deck bridge,双层甲板桥艛,,2020-08-25
9366705,two-decker,双层甲板船,,2020-08-25
9366706,two-dimensional wave,二维波；长峰波,,2020-08-25
9366707,two-direction truss,双向桁架,,2020-08-25
9366708,two-drum boiler,双筒式锅炉,,2020-08-25
9366709,two-furnace boiler,双炉膛锅炉,,2020-08-25
9366710,two-gate caisson,人字式坞门,,2020-08-25
9366711,two-leg propeller strut,双脚螺桨支架,,2020-08-25
9366712,two-lobe blower,双叶[转子]鼓风机,,2020-08-25
9366713,two-masted craft,二桅船,,2020-08-25
9366714,two-masted vessel,双桅船,,2020-08-25
9366715,two-master,双桅船,,2020-08-25
9366716,two-node vibration,二节点振动,,2020-08-25
9366717,two-oar,双人双桨小艇,,2020-08-25
9366718,two-part hull construction,两船段建造法,,2020-08-25
9366719,two-pass superheater,双流程[蒸汽]过热器,,2020-08-25
9366720,two-seater boat,双座艇,,2020-08-25
9366721,two-side welding,双面銲法,,2020-08-25
9366722,two-speed valve,双速阀,,2020-08-25
9366723,two-stage supercharger,二级增压机,,2020-08-25
9366724,two-sticker,双桅帆船,,2020-08-25
9366725,two-stroke cycle,二冲程循环,,2020-08-25
9366726,two-tier bridge,双层桥艛,,2020-08-25
9366727,two-way cock,双通旋塞,,2020-08-25
9366728,two-way radiotelephone apparatus,双向无线电话设备,,2020-08-25
9366729,two-way valve,双通阀,,2020-08-25
9366730,T-Y joint,T－Y型接头,,2020-08-25
9366731,tye,上横桁升降索具,,2020-08-25
9366732,tye block,顶帆升降索单轮钢滑车,,2020-08-25
9366733,tyfon,气笛,,2020-08-25
9366734,type,型；式；级,,2020-08-25
9366735,type approval,型式认可,,2020-08-25
9366736,type ship,基型船,,2020-08-25
9366737,U bend,U形弯管；U形管,,2020-08-25
9366738,U boat,潜[水]艇,,2020-08-25
9366739,U bow,U形艏,,2020-08-25
9366740,U.S. gallon,美加仑{=3.78541公升},,2020-08-25
9366741,U-bend,U形管,,2020-08-25
9366742,U-boat,潜水艇,,2020-08-25
9366743,U-bolt,U形螺栓,,2020-08-25
9366744,U-clamp,U形夹,,2020-08-25
9366745,ullage,液面上距[离],,2020-08-25
9366746,ullage board,液舱液面标尺；液面测距板,,2020-08-25
9366747,ullage hole,液面孔,,2020-08-25
9366748,ullage plug,液面[测距]孔塞,,2020-08-25
9366749,ullage port,液面测距孔,,2020-08-25
9366750,ullage scale,液面计,,2020-08-25
9366751,ullage stick,液面计,,2020-08-25
9366752,ullage table,液面深度容积表,,2020-08-25
9366753,ultimate bearing capacity,轴承极限能力,,2020-08-25
9366754,ultimate bending moment,极限弯[曲力]矩,,2020-08-25
9366755,ultimate limit state,极限状态,,2020-08-25
9366756,ultimate strain,极限应变,,2020-08-25
9366757,ultimate strength,极限强度,,2020-08-25
9366758,ultimate strength method,极限强度法,,2020-08-25
9366759,ultimate stress,极限应力,,2020-08-25
9366760,ultimate tensile strength,极限抗拉强度,,2020-08-25
9366761,ultimate wet strength,极限浸水强度,,2020-08-25
9366762,ultra large crude oil carrier  {=ULCC},超级油轮,,2020-08-25
9366763,ultra large crude-oil carrier  {=ULCC},超级油轮,,2020-08-25
9366764,ultra shallow draught vessel  {=USDV},超浅吃水船,,2020-08-25
9366765,ultra-high frequency  {=UHF},超高频{0.3~3吉赫},,2020-08-25
9366766,ultra-low frequency  {=ULF},超低频,,2020-08-25
9366767,ultralumin,硬铝,,2020-08-25
9366768,ultrared,红外[线],,2020-08-25
9366769,ultra-short wave,超短波,,2020-08-25
9366770,ultrasonic,超音波,,2020-08-25
9366771,ultrasonic cavitation,超音波[诱导]空化,,2020-08-25
9366772,ultrasonic detector,超音波探伤器,,2020-08-25
9366773,ultrasonic fuel oil treatment unit,超音波燃油处理装置,,2020-08-25
9366774,ultrasonic inspection,超音波检查,,2020-08-25
9366775,ultrasonic testing  {=UT},超音波[探伤]试验,,2020-08-25
9366776,ultrasonic thickness indicator,超音波测厚器,,2020-08-25
9366777,ultrasonic wave,超音波,,2020-08-25
9366778,ultrasonic welding,超音波銲[接],,2020-08-25
9366779,ultrasonically-induced cavitation,超音波[诱导]空化,,2020-08-25
9366780,ultrasonics,超音学,,2020-08-25
9366781,ultraviolet,紫外线,,2020-08-25
9366782,umbilical,[潜水具]供应连系管；脐索,,2020-08-25
9366783,umbilical cable,脐索,,2020-08-25
9366784,umbrella,烟囱[顶]罩；罩；伞；通风帽,,2020-08-25
9366785,umbrella antenna,伞形天线,,2020-08-25
9366786,umiak,爱斯基摩皮筏,,2020-08-25
9366787,una boat,单帆小艇,,2020-08-25
9366788,unaffected zone,[銲接]原质区,,2020-08-25
9366789,unattended boiler,自动化锅炉,,2020-08-25
9366790,unattended engine room,无人[当值]机舱,,2020-08-25
9366791,unattended machinery space,无人[当值]班机器空间,,2020-08-25
9366792,unbalance,不平衡[性]；失衡；失配,,2020-08-25
9366793,unbalanced force,不均衡力,,2020-08-25
9366794,unbalanced moment,不均衡[力]矩,,2020-08-25
9366795,unbalanced rudder,不平衡舵,,2020-08-25
9366796,unballast,卸压载,,2020-08-25
9366797,unbroken bulkhead,完整舱壁,,2020-08-25
9366798,unbuilding,破坏；消磁,,2020-08-25
9366799,unburden,卸货,,2020-08-25
9366800,unburied pipeline,裸置管路,,2020-08-25
9366801,uncertainty,不确定性；不精确性,,2020-08-25
9366802,uncontrolled superheat boiler,不可调过热蒸汽锅炉,,2020-08-25
9366803,unctuosity,油性；润滑性,,2020-08-25
9366804,undamped frequency,无阻尼[振动]频率,,2020-08-25
9366805,undamped natural frequency,无阻尼自然频率,,2020-08-25
9366806,undamped oscillation,无阻尼摆动；无阻尼振荡,,2020-08-25
9366807,undamped vibration,无阻尼振动,,2020-08-25
9366808,undamped wave,无阻尼波；等幅波,,2020-08-25
9366809,undecked boat,无甲板船；敞船,,2020-08-25
9366810,undecked skeletal semitrailer,网架尾拖车{货柜},,2020-08-25
9366811,undecked vessel,无甲板船,,2020-08-25
9366812,under beam girder,梁下纵材；梁下纵梁,,2020-08-25
9366813,under deck girder,甲板下纵梁；甲板下大梁,,2020-08-25
9366814,under deck tonnage,甲板下吨位,,2020-08-25
9366815,under expansion,不足膨胀,,2020-08-25
9366816,under upper deck capacity,上甲板下容积,,2020-08-25
9366817,under upper deck tonnage,上甲板以下吨位,,2020-08-25
9366818,under voltage relay,低电压电驿,,2020-08-25
9366819,under water fittings,水下装具,,2020-08-25
9366820,under water log,水下计程仪,,2020-08-25
9366821,underbead,銲珠底,,2020-08-25
9366822,underbead crack,銲珠底龟裂,,2020-08-25
9366823,underbed,底座,,2020-08-25
9366824,underbody,水下船体,,2020-08-25
9366825,undercanvas,张帆面积不足,,2020-08-25
9366826,undercharging,充电不足；非饱和充电,,2020-08-25
9366827,undercoat,底涂层；加敷底涂层,,2020-08-25
9366828,under-cooled steam,过饱和蒸汽,,2020-08-25
9366829,undercooling,过[度]冷[却],,2020-08-25
9366830,undercure,固化不足,,2020-08-25
9366831,undercurrent,底流；潜流,,2020-08-25
9366832,undercut,过熔低陷{銲接}；过切[齿轮]部,,2020-08-25
9366833,undercutting,[轮齿]过切,,2020-08-25
9366834,underdamped navigation mode,无阻尼导航状态,,2020-08-25
9366835,underdeck capacity,甲板下容积,,2020-08-25
9366836,underdeck cargo,舱内货,,2020-08-25
9366837,underdeck passage,甲板下通路,,2020-08-25
9366838,underdesign,欠安全设计,,2020-08-25
9366839,underframe,底架；底框,,2020-08-25
9366840,undergauge,短尺；尺寸不足,,2020-08-25
9366841,underground cavity,油井口隔水水套,,2020-08-25
9366842,underhung balanced rudder,悬吊平衡舵,,2020-08-25
9366843,underkeel,龙骨下的,,2020-08-25
9366844,underlay,垫衬；垫层；衬底；铺底层,,2020-08-25
9366845,underpressure,低压力；真空压力；负压力,,2020-08-25
9366846,underquenching,淬火不足,,2020-08-25
9366847,underream,扩孔不足；[套]管下扩[井]眼,,2020-08-25
9366848,underreamer,管眼扩大器,,2020-08-25
9366849,undersea boat,潜[水]艇,,2020-08-25
9366850,undersea boatman,潜水艇员,,2020-08-25
9366851,undersea research vehicle,海底研究船；水下研究艇,,2020-08-25
9366852,underseal,底封,,2020-08-25
9366853,underset,潜流；下层逆流,,2020-08-25
9366854,underside handholds,【舟必】部扶手,,2020-08-25
9366855,undersize,尺寸过小；负公差尺寸,,2020-08-25
9366856,undersluice,底部闸门,,2020-08-25
9366857,understructure,下部结构；基础；底座结构,,2020-08-25
9366858,undersuit,潜水服,,2020-08-25
9366859,under-supply,供应不足,,2020-08-25
9366860,underswing,负脉冲[信号]；负尖峰[信号]；[摆动]幅度不足,,2020-08-25
9366861,undertow,下层逆流；水下反流；退浪；回头浪,,2020-08-25
9366862,underwater acoustic absorption material,水下吸音材,,2020-08-25
9366863,underwater acoustic positioning system,水下音响定位系统,,2020-08-25
9366864,underwater acoustic reflection material,水下反音材,,2020-08-25
9366865,underwater acoustic transmission material,水下透音材,,2020-08-25
9366866,underwater acoustic transponder,水下声响询答器,,2020-08-25
9366867,underwater acoustics,水下声学,,2020-08-25
9366868,underwater adhesion,水下黏合,,2020-08-25
9366869,underwater adhesive,水下胶黏剂,,2020-08-25
9366870,underwater blasting,水下爆破[工程],,2020-08-25
9366871,under-water body,水线下船体,,2020-08-25
9366872,underwater breathing tube,水下通气管,,2020-08-25
9366873,underwater brushable coating,水下施工涂料,,2020-08-25
9366874,underwater cable,海底电缆,,2020-08-25
9366875,underwater completion,水下完成井{钻油},,2020-08-25
9366876,underwater container,水下容器,,2020-08-25
9366877,underwater craft,潜水舰,,2020-08-25
9366878,underwater cutting,水中切割,,2020-08-25
9366879,underwater cutting process,水下切割法,,2020-08-25
9366880,underwater damage,[船体]水下部分损伤,,2020-08-25
9366881,underwater explosion tank,水下爆炸试验水槽,,2020-08-25
9366882,underwater fittings,水下装具,,2020-08-25
9366883,underwater habitat,水下居住舱,,2020-08-25
9366884,underwater inspection,水下检查,,2020-08-25
9366885,underwater laser surveying system,水下雷射检验系统,,2020-08-25
9366886,underwater lateral area,水下侧面积,,2020-08-25
9366887,underwater launcher,水下发射装置,,2020-08-25
9366888,underwater launching way,水下下水台；水下滑道,,2020-08-25
9366889,underwater light source,水下照明光源,,2020-08-25
9366890,underwater manifold center,水下歧管中心,,2020-08-25
9366891,underwater mobot,水下机器人,,2020-08-25
9366892,underwater monitoring station,水下监测站,,2020-08-25
9366893,underwater observation boat,水下观察艇,,2020-08-25
9366894,underwater operating machine,水下作业机械,,2020-08-25
9366895,underwater ordnance research boat,水下武器研究艇,,2020-08-25
9366896,underwater pipeline,海底管路,,2020-08-25
9366897,underwater protection,水下防护,,2020-08-25
9366898,underwater recovery vehicle,水下回收器；救捞潜水器,,2020-08-25
9366899,underwater research vehicle,水下研究艇,,2020-08-25
9366900,underwater resistance,潜航阻力,,2020-08-25
9366901,underwater rest station,水下休息站,,2020-08-25
9366902,underwater scooter,潜水[人员用]推进器,,2020-08-25
9366903,underwater ship,全潜船,,2020-08-25
9366904,underwater sightseening boat,水下游览船,,2020-08-25
9366905,underwater technology,水下技术,,2020-08-25
9366906,underwater to underwater missile  {=UUM},潜对潜飞弹飞弹,,2020-08-25
9366907,underwater trajectory,水下弹道,,2020-08-25
9366908,underwater vehicle,水下载具,,2020-08-25
9366909,underwater video converter,水下电视摄影[系统],,2020-08-25
9366910,underwater video recorder,水下录影机,,2020-08-25
9366911,underwater welding,水下銲[接],,2020-08-25
9366912,underwater working station,水下工作站,,2020-08-25
9366913,underwater-to surface missile  {=USM},潜对面飞弹,,2020-08-25
9366914,underwater-to-air missile  {=UAM},潜对空飞弹,,2020-08-25
9366915,underway,航行,,2020-08-25
9366916,underway lamp,航行灯,,2020-08-25
9366917,underway replenishment ship,航行补给船,,2020-08-25
9366918,underway trial,海上试航,,2020-08-25
9366919,undock,出坞,,2020-08-25
9366920,undog,松开夹扣；松开压具,,2020-08-25
9366921,undulating current,波纹电流,,2020-08-25
9366922,undulation,水面波动；起伏；波纹；不平度,,2020-08-25
9366923,undulator,波纹[印码]机,,2020-08-25
9366924,unfairness,不顺整,,2020-08-25
9366925,unicellular foam,独立细孔泡沫胶,,2020-08-25
9366926,unicellular foamed plastic core,泡沫塑胶芯材,,2020-08-25
9366927,unidirectional antenna,单向天线,,2020-08-25
9366928,unidirectional filament,同向长纤维{制造玻璃纤维艇用},,2020-08-25
9366929,unidirectional roving,单向纱束,,2020-08-25
9366930,unidirectional turbine,单向涡轮机；不可逆转涡轮机,,2020-08-25
9366931,unified coarse  {=UNC} threaded bolt,英美统一制粗螺纹螺栓,,2020-08-25
9366932,unified fine {=UNF} threaded bolt,英美统一制细螺纹螺栓,,2020-08-25
9366933,uniflow,直流；单流,,2020-08-25
9366934,uniflow boiler,单流式锅炉；单烟道锅炉,,2020-08-25
9366935,uniflow engine,单向引擎,,2020-08-25
9366936,uniflow scavenge,单流驱气,,2020-08-25
9366937,uniflow scavenging,直流驱气,,2020-08-25
9366938,uniflux condenser,整流冷凝器,,2020-08-25
9366939,uniform flow,均匀流；等速流动,,2020-08-25
9366940,uniform load,匀布负荷,,2020-08-25
9366941,uniform strength,均匀强度,,2020-08-25
9366942,uniform velocity,等速度；均匀速度,,2020-08-25
9366943,uniform wake,均匀迹流,,2020-08-25
9366944,uniformity,均匀性；一致性,,2020-08-25
9366945,union,活管套节,,2020-08-25
9366946,union bonnet,管接头套,,2020-08-25
9366947,union joint,活管套接头,,2020-08-25
9366948,union melt welding,潜弧銲接,,2020-08-25
9366949,union nut,接合螺帽,,2020-08-25
9366950,union piece,活管套节件,,2020-08-25
9366951,union purchase system,双吊杆作业系统,,2020-08-25
9366952,unislip propeller,等滑流螺桨,,2020-08-25
9366953,unit,单位；单元；分段；部分；装置；设备；组；组合件,,2020-08-25
9366954,unit assembly,单元组合；小组合,,2020-08-25
9366955,unit assembly and installation of auxiliary,辅机单元组合安装,,2020-08-25
9366956,unit feed system,个别给水系统,,2020-08-25
9366957,unit pump,单柱塞喷射泵,,2020-08-25
9366958,United States Coast Guard,美国海岸防卫队,,2020-08-25
9366959,universal and socket joint,万向窝座关节,,2020-08-25
9366960,universal bulk carrier,通用散装货轮,,2020-08-25
9366961,universal chock,万向导缆孔,,2020-08-25
9366962,universal coupling,万向联结器,,2020-08-25
9366963,universal fairlead,万向导索器,,2020-08-25
9366964,universal fatigue machine,通用疲劳试验机,,2020-08-25
9366965,universal gravitation,万有引力,,2020-08-25
9366966,universal incinerator,通用焚化炉,,2020-08-25
9366967,universal joint,万向接头,,2020-08-25
9366968,universal milling machine,万能铣床,,2020-08-25
9366969,universal mooring chock,通用导索器,,2020-08-25
9366970,universal Schilling rudder,西林舵,,2020-08-25
9366971,universal screw wrench,万能螺旋扳手,,2020-08-25
9366972,universal testing machine,通用[材料]试验机,,2020-08-25
9366973,universal underwater mobot,通用水下机器人,,2020-08-25
9366974,universal valve,通用阀,,2020-08-25
9366975,universal vibrograph,万用示振仪,,2020-08-25
9366976,universal viscosimeter,万用黏度计,,2020-08-25
9366977,unloader,卸货装置；抑压器{压缩机},,2020-08-25
9366978,unloading hatch,卸货舱口,,2020-08-25
9366979,unloading valve,卸载阀,,2020-08-25
9366980,unmanned boat,无人驾驶艇,,2020-08-25
9366981,unmanned engine room,无人[当值]机舱,,2020-08-25
9366982,unmanned machinery space,无人当值机舱,,2020-08-25
9366983,unmanned submersible,无人潜水器,,2020-08-25
9366984,unmanned underwater vehicle,无人水下潜水器,,2020-08-25
9366985,unmanned vehicle,无人载具；无人水下载具,,2020-08-25
9366986,unmodulated carrier,非调谐载波,,2020-08-25
9366987,unpermeability,不透水性,,2020-08-25
9366988,unpierced bulkhead,完整舱壁,,2020-08-25
9366989,unprotected front bulkhead,无防护前端壁,,2020-08-25
9366990,unresisted rolling,无阻横摇；自由横摇,,2020-08-25
9366991,unrighting analysis,扶正分析,,2020-08-25
9366992,unsaturated polyester resin,不饱和聚酯树脂,,2020-08-25
9366993,unseaworthiness,不适航性,,2020-08-25
9366994,unsheathed deck,裸甲板,,2020-08-25
9366995,unshielded arc welding,无遮护电弧銲,,2020-08-25
9366996,unsinkability,抗沉性；不沉性,,2020-08-25
9366997,unsolder,脱焊；焊开；拆焊,,2020-08-25
9366998,unsplit casing,整体壳,,2020-08-25
9366999,unsprung mass,非跳动质量,,2020-08-25
9367000,unstable equilibrium,不稳定平衡,,2020-08-25
9367001,unsteady cavities,不稳定空泡,,2020-08-25
9367002,unsteady flow,非定常流；不稳定流,,2020-08-25
9367003,unsteady wave,不稳定波,,2020-08-25
9367004,unstepped planing boat,无阶底滑航艇,,2020-08-25
9367005,unstudded cable,无档锚链,,2020-08-25
9367006,unstuded short-link chain,无档短环链,,2020-08-25
9367007,unsymmetrical flooding,不对称浸水,,2020-08-25
9367008,unsymmetrical intact buoyancy,不对称完整浮力,,2020-08-25
9367009,untarred rope,白麻绳,,2020-08-25
9367010,untethered remotely operated vehicle,无缆遥控潜水器,,2020-08-25
9367011,untethered vehicle,无缆水下潜水器,,2020-08-25
9367012,up cast header,升流管集箱；升流管头箱,,2020-08-25
9367013,up stroke,向上冲程,,2020-08-25
9367014,up wash,上洗,,2020-08-25
9367015,upcast ventilator,排气通风筒；抽风机,,2020-08-25
9367016,upcrossing,向上交越,,2020-08-25
9367017,upholstery,室内装饰；铺垫,,2020-08-25
9367018,U-pipe,U形管,,2020-08-25
9367019,upkeep,保养；维护；保养费,,2020-08-25
9367020,uplift,提高；使向上；升力；上举力；隆起,,2020-08-25
9367021,upper bearer,舵承上部,,2020-08-25
9367022,upper bridge,上[层]桥艛,,2020-08-25
9367023,upper bunk,上铺,,2020-08-25
9367024,upper cut-off frequency,上截止频率；通带上限,,2020-08-25
9367025,upper dead center,[往复机]上死点,,2020-08-25
9367026,upper deck,上甲板,,2020-08-25
9367027,upper deck tonnage,上甲板吨位,,2020-08-25
9367028,upper fore topsail,[横帆船]前桅上帆,,2020-08-25
9367029,upper hatch,上甲板舱口,,2020-08-25
9367030,upper hoist block,上部起重滑车,,2020-08-25
9367031,upper lateral bracing,上横支撑,,2020-08-25
9367032,upper mizzen topsail,[横帆船]后桅上帆,,2020-08-25
9367033,upper side-band,上单边带,,2020-08-25
9367034,upper stock,舵头材,,2020-08-25
9367035,upper topgallant sail,上上桅帆,,2020-08-25
9367036,upper topsail,上中桅帆,,2020-08-25
9367037,upper turn of bilge,【舟必】弯部上缘,,2020-08-25
9367038,upper tween deck,上甲板间[空间]；上中甲板,,2020-08-25
9367039,upper works,水线上船体,,2020-08-25
9367040,uppermost continuous deck,最上层全通甲板,,2020-08-25
9367041,upright,立柱；直立；正浮,,2020-08-25
9367042,upright condition,正浮状态,,2020-08-25
9367043,upright drill,直立钻床；立式钻床,,2020-08-25
9367044,upright position,正浮位置,,2020-08-25
9367045,upright stem,直立艏柱,,2020-08-25
9367046,upright tubular boiler,直立管式锅炉,,2020-08-25
9367047,uprise,竖管；立杆；升起；涌高,,2020-08-25
9367048,upset,倾覆；端压；锻粗,,2020-08-25
9367049,upset butt welding,端压对头銲接；端压[电阻]銲[接],,2020-08-25
9367050,upset welding,端压銲接；端压熔銲,,2020-08-25
9367051,upsetter,镦锻机；杆端锻粗机,,2020-08-25
9367052,upsetting,镦锻；锻粗；顶锻；倾覆；端压,,2020-08-25
9367053,upsetting angle,倾覆角,,2020-08-25
9367054,upsetting arm,倾覆力臂,,2020-08-25
9367055,upsetting machine,杆端锻粗机,,2020-08-25
9367056,upsetting moment,倾覆力矩,,2020-08-25
9367057,upsetting point,倾覆点,,2020-08-25
9367058,upsidedown,颠倒；翻转,,2020-08-25
9367059,upstream design,上游设计,,2020-08-25
9367060,upswell,涌升流,,2020-08-25
9367061,uptake,烟道；烟喉；排气通风筒,,2020-08-25
9367062,uptake casing,烟道外罩,,2020-08-25
9367063,uptake ventilator,烟道通风筒,,2020-08-25
9367064,up-top,[潜体]水面状态,,2020-08-25
9367065,upward ventilation,向上通风,,2020-08-25
9367066,upward welding,向上銲接,,2020-08-25
9367067,upward zero-crossing,向上零交越；零下切,,2020-08-25
9367068,upwash,上洗；上洗流；上洗区,,2020-08-25
9367069,urea carrier,尿素船,,2020-08-25
9367070,urea resin paint,月尿树脂油漆,,2020-08-25
9367071,urinal,小便池,,2020-08-25
9367072,urn,咖啡壶,,2020-08-25
9367073,usability test,使用性能试验,,2020-08-25
9367074,usance letter of credit,远期信用状,,2020-08-25
9367075,USDV {ultra shallow draught vessel},超浅吃水船,,2020-08-25
9367076,U-section,U型剖面,,2020-08-25
9367077,useful capacity,可用能量；有效容量,,2020-08-25
9367078,useful dead weight,载货吨,,2020-08-25
9367079,useful life,有效寿命,,2020-08-25
9367080,U-shaped section,U形剖面,,2020-08-25
9367081,UT {ultrasonic testing},超音波试验,,2020-08-25
9367082,utensil,器具,,2020-08-25
9367083,utility boat,工作艇,,2020-08-25
9367084,utility circuit,生活用电电路,,2020-08-25
9367085,utility pram,通用驳船,,2020-08-25
9367086,utility test,使用试验,,2020-08-25
9367087,utiliztion coefficient for sacrificial anode,牺牲阳极利用效率,,2020-08-25
9367088,U-tube,U形管,,2020-08-25
9367089,U-tube heater,U形管式加热器,,2020-08-25
9367090,U-tube pressure gauge,U形管压力计,,2020-08-25
9367091,U-tube tank,U型管减摇水舱,,2020-08-25
9367092,V bow,V形艏,,2020-08-25
9367093,V stern,V型艉,,2020-08-25
9367094,vacation,撤离；空出,,2020-08-25
9367095,vacuometer,真空计；低气压计,,2020-08-25
9367096,vacuum,真空,,2020-08-25
9367097,vacuum augmentor,真空增进器,,2020-08-25
9367098,vacuum brake,真空煞,,2020-08-25
9367099,vacuum breaker,真空断路器；真空破除器,,2020-08-25
9367100,vacuum breaker valve,真空破除阀,,2020-08-25
9367101,vacuum chamber,真空室,,2020-08-25
9367102,vacuum cleaner,真空吸尘器,,2020-08-25
9367103,vacuum condenser,真空冷凝器,,2020-08-25
9367104,vacuum diffusion welding,真空扩散銲,,2020-08-25
9367105,vacuum drier,真空干燥器,,2020-08-25
9367106,vacuum evaporator,真空蒸发器,,2020-08-25
9367107,vacuum fan,抽气扇,,2020-08-25
9367108,vacuum feed,真空进给,,2020-08-25
9367109,vacuum filter,真空过滤器,,2020-08-25
9367110,vacuum fishpump,真空吸鱼泵,,2020-08-25
9367111,vacuum gauge,真空计,,2020-08-25
9367112,vacuum line,真空管路,,2020-08-25
9367113,vacuum manometer,真空压力计,,2020-08-25
9367114,vacuum operated clutch,真空[作用]离合器,,2020-08-25
9367115,vacuum pump,真空泵,,2020-08-25
9367116,vacuum pump air removal system,真空泵抽气系统,,2020-08-25
9367117,vacuum relief valve,真空泄压阀,,2020-08-25
9367118,vacuum servo brake,真空伺服煞,,2020-08-25
9367119,vacuum tank,真空柜,,2020-08-25
9367120,vacuum test,真空试验,,2020-08-25
9367121,vacuum tube,真空管,,2020-08-25
9367122,vacuum valve,真空管,,2020-08-25
9367123,vacuum vessel,真空容器,,2020-08-25
9367124,valid certificate,有效证书,,2020-08-25
9367125,validation,验证,,2020-08-25
9367126,valuation,估价；定价；评价；计算,,2020-08-25
9367127,value,数值；价值；估价；评价,,2020-08-25
9367128,valve,阀,,2020-08-25
9367129,valve body,阀体,,2020-08-25
9367130,valve bonnet,阀盖,,2020-08-25
9367131,valve box,阀箱；阀室；阀柜,,2020-08-25
9367132,valve bronze,阀[用]青铜,,2020-08-25
9367133,valve bucket,阀门活塞,,2020-08-25
9367134,valve bush,阀衬,,2020-08-25
9367135,valve cap,阀盖,,2020-08-25
9367136,valve case,阀体,,2020-08-25
9367137,valve casing,阀体；阀壳,,2020-08-25
9367138,valve chamber,阀箱；阀室,,2020-08-25
9367139,valve chest,阀箱；阀室；阀柜,,2020-08-25
9367140,valve circle,阀动圆,,2020-08-25
9367141,valve clack,阀舌；阀瓣,,2020-08-25
9367142,valve control stand,控阀台,,2020-08-25
9367143,valve diagram,阀动图,,2020-08-25
9367144,valve face,阀面,,2020-08-25
9367145,valve gauge,阀规,,2020-08-25
9367146,valve gear,阀动装置,,2020-08-25
9367147,valve guard,阀程限制片,,2020-08-25
9367148,valve guide,阀导；导阀,,2020-08-25
9367149,valve lapping,阀面研磨,,2020-08-25
9367150,valve lever,阀杠杆,,2020-08-25
9367151,valve lever clearance,阀杆间隙,,2020-08-25
9367152,valve lever fulcrum shaft,阀杆支架轴,,2020-08-25
9367153,valve lever support shaft,阀杆支轴,,2020-08-25
9367154,valve lift,阀升程,,2020-08-25
9367155,valve lift adjusting gear,阀升程调整装置,,2020-08-25
9367156,valve liner,阀衬,,2020-08-25
9367157,valve manifold,阀箱,,2020-08-25
9367158,valve noise,真空管杂音,,2020-08-25
9367159,valve plate,阀盘,,2020-08-25
9367160,valve pocket,阀囊,,2020-08-25
9367161,valve position,阀位,,2020-08-25
9367162,valve positioner,阀定位器,,2020-08-25
9367163,valve push rod,阀推杆,,2020-08-25
9367164,valve recess,阀龛；阀箱室,,2020-08-25
9367165,valve remote control mechanism,阀门遥控机构,,2020-08-25
9367166,valve remote emergency shut-off device,遥控紧急阀门关断装置,,2020-08-25
9367167,valve reseater,阀座修整器,,2020-08-25
9367168,valve rocker,阀摇杆,,2020-08-25
9367169,valve rod,阀杆,,2020-08-25
9367170,valve rod guide,阀杆导路,,2020-08-25
9367171,valve scavenging,阀驱气,,2020-08-25
9367172,valve seat,阀座,,2020-08-25
9367173,valve seat bore,阀座内径,,2020-08-25
9367174,valve setting,阀定位,,2020-08-25
9367175,valve spindle,阀杆,,2020-08-25
9367176,valve spring,阀弹簧,,2020-08-25
9367177,valve steel,阀用钢,,2020-08-25
9367178,valve sticking,阀胶著,,2020-08-25
9367179,valve stroke,阀冲程,,2020-08-25
9367180,valve timing,阀动定时,,2020-08-25
9367181,valve travel,阀动行程,,2020-08-25
9367182,valve washer,阀座垫圈,,2020-08-25
9367183,valve yoke,阀轭,,2020-08-25
9367184,valve-cock,旋塞,,2020-08-25
9367185,valve-in-head scavenging,缸顶阀驱气,,2020-08-25
9367186,vanadium steel,钒钢,,2020-08-25
9367187,vane,叶片；轮叶；桨叶；翼；[罗经]瞄准器；风向标,,2020-08-25
9367188,vane diffuser,叶片扩散器,,2020-08-25
9367189,vane pump,轮叶泵,,2020-08-25
9367190,vane retaining ring,轮叶缘环,,2020-08-25
9367191,vane test,轮叶试验,,2020-08-25
9367192,vane wheel,半浸叶轮；叶轮,,2020-08-25
9367193,vane wheel boat,叶轮船,,2020-08-25
9367194,vane-board,叶板；翼标,,2020-08-25
9367195,vane-screw propeller,半浸叶轮,,2020-08-25
9367196,vang,斜桁支索；牵索；控索,,2020-08-25
9367197,vang block,斜桁支索滑车,,2020-08-25
9367198,vang reel,拉索卷盘,,2020-08-25
9367199,vanishing point of stability,稳度消失角,,2020-08-25
9367200,vapor,挥发气；蒸汽,,2020-08-25
9367201,vapor and water mixing heater,混合式水汽加热器,,2020-08-25
9367202,vapor compressing distillation plant,蒸汽压缩蒸馏装置,,2020-08-25
9367203,vapor lock,汽锁；汽封,,2020-08-25
9367204,vapor pocket,汽袋；汽穴,,2020-08-25
9367205,vapor pressure,水汽压{空化},,2020-08-25
9367206,vapor tight,汽密；气密,,2020-08-25
9367207,vaporization,气化；蒸发；挥发,,2020-08-25
9367208,vaporization rate,蒸发率；汽化率,,2020-08-25
9367209,vaporized corrosion inhibitor,汽化腐蚀抑制剂,,2020-08-25
9367210,vaporizer,汽化器；气化器；蒸发器,,2020-08-25
9367211,vaporizing chamber,气化室；蒸发室,,2020-08-25
9367212,vaporizing combustion chamber,气化式燃烧室,,2020-08-25
9367213,vaporizing oil range,汽化油灶,,2020-08-25
9367214,vapor-proof,防气,,2020-08-25
9367215,vapour cavity,蒸汽空泡；汽化空泡,,2020-08-25
9367216,vapourizing chamber,汽化室,,2020-08-25
9367217,var hour meter,无功时记；乏时计,,2020-08-25
9367218,varactor,变容器；变容体,,2020-08-25
9367219,variable area nozzle,可变截面喷管,,2020-08-25
9367220,variable ballast system,可变压载装置,,2020-08-25
9367221,variable ballast tank,可变压载舱,,2020-08-25
9367222,variable condenser,可变电容器,,2020-08-25
9367223,variable expansion valve,可变膨胀阀,,2020-08-25
9367224,variable injection timing {=VIT},变更喷油时间装置；可变喷射定时,,2020-08-25
9367225,variable load,变动负荷；变动负载,,2020-08-25
9367226,variable pitch,可变节距；可变螺距,,2020-08-25
9367227,variable pitch propeller,[径向]变距螺桨,,2020-08-25
9367228,variable pitch screw,变螺距螺桨,,2020-08-25
9367229,variable ratio regulator,可变比率调整器,,2020-08-25
9367230,variable resistor,变阻器；[可]变[电]阻器,,2020-08-25
9367231,variable speed,可变速[率],,2020-08-25
9367232,variable speed governor,可变调速器,,2020-08-25
9367233,variable speed pump,可变速泵,,2020-08-25
9367234,variable stator blade,可变定子叶片,,2020-08-25
9367235,variable stroke injection pump,可变冲程喷射泵,,2020-08-25
9367236,variable stroke pump,可变冲程泵,,2020-08-25
9367237,variable valve control,变动阀控制,,2020-08-25
9367238,variable voltage,可变电压,,2020-08-25
9367239,variable voltage welding machine,可变电压电銲机,,2020-08-25
9367240,variable-ballast water,可变压载水,,2020-08-25
9367241,variac,调定变压器,,2020-08-25
9367242,variational method,变分法,,2020-08-25
9367243,variocoupler,可变耦合器,,2020-08-25
9367244,variplotter,自动绘图仪；自动曲线绘制器,,2020-08-25
9367245,varistor,变阻器；变阻体,,2020-08-25
9367246,varmeter,乏计；无功伏安计,,2020-08-25
9367247,varnish,凡立水；清漆,,2020-08-25
9367248,varnished cambric insulated cable,漆布绝缘电缆,,2020-08-25
9367249,varnished cambric insulation,漆布绝缘,,2020-08-25
9367250,varnishing,涂清漆；喷清漆,,2020-08-25
9367251,varrinho,葡萄牙平底敞渔船,,2020-08-25
9367252,varying pitch propeller,[径向]变距螺桨,,2020-08-25
9367253,vascello,义大利无动力鱼驳,,2020-08-25
9367254,vaseline,凡士林,,2020-08-25
9367255,V-belt,三角皮带,,2020-08-25
9367256,V-block,V槽块,,2020-08-25
9367257,V-bottom boat,V型底小艇；V形底艇,,2020-08-25
9367258,V-driver,V型驱动轴系,,2020-08-25
9367259,vector,向量,,2020-08-25
